Meta_analysis_reference,ES_ID,Study_ID,pos,Num_ID,Include,Notes...7,Author,Link,Year,Title,Country,Site,Ecosystem,Ecosystem_category,Ecosystem_type,Biota_Group,Broad_subgroup,Group,Species,Latitude,Longitude,Treatment,Old_Treatment,Duration,Replication unit,N_C,N_T,Other moderators,C_value_CO2,C_value_Temp,T_value_CO2,T_value_Temp,delta_CO2,delta_T,Rechecked?,C/T Values,Notes...38,Common_id,CO2_LOG,T_ambient,Response_Biota,Response_category,Response_direction,Old_Biota_Group,Trophic_Level,Biota_C,Biota_C_sd,Biota_T,Biota_T_sd,Data source,Ref_ei,Ref_vei,ei,vei,Notes...56,...57,Hedges d,Correction factor J,Hedges g,Hedges' g > 10?,Hedges' g < -10?,Duplicate,row_id_first,Meta_analysis_reference_chr,author_key,species_key,response_key,treatment_key,Biota_C_key,Biota_T_key,Biota_C_sd_key,Biota_T_sd_key,N_C_key,N_T_key,strict_match_key,dup_id_match,row_id_alter,Alter_Metric,Alter_Metric_Type,Alter_Unit,Alter_Old_Response_category,Alter_LifeStage,Alter_Response_Biota,Alter_ES_ID,Alter_Author,Alter_Year,Alter_Species,Alter_Treatment,Alter_Biota_C,Alter_Biota_T,Alter_Biota_C_sd,Alter_Biota_T_sd,Alter_N_C,Alter_N_T,Match_status,match_stage,moderate_match_key
Alter et al. 2024,525_AltersInvert,36,NA,NA,Yes,NA,"Anlauf H, DÂ´Croz L, O`Dea A",NA,2011,NA,NA,NA,NA,Marine,NA,Zooplankton,Meroplankton,Cnidaria,Porites panamensis,NA,NA,pH,NA,NA,NA,5,5,NA,487,28.4,861,28.4,374,0,NA,NA,NA,36_Porites_panamensis_LARVA_CO2487.00_pH8.08_T28.4,2.9350031510000001,28.4,Settlement,Development,NA,NA,NA,46.7,13.64001466,32.9,14.53444185,NA,FALSE,TRUE,-0.35027150699999998,5.6095109999999997E-2,NA,NA,-0.97911747500000001,0.903225806,-0.88436417099999998,No,No,NA,41,Alter et al. 2024,anlauf h d croz l o dea a,porites panamensis,settlement,ph,46.7,32.9,13.640015,14.534442,5,5,NA,NA,NA,NA,NA,NA,NA,NA,NA,NA,NA,NA,NA,NA,NA,NA,NA,NA,NA,NA,not_matched_in_alter_sheet,NA,NA
Alter et al. 2024,528_AltersInvert,36,NA,NA,Yes,NA,"Anlauf H, DÂ´Croz L, O`Dea A",NA,2011,NA,NA,NA,NA,Marine,NA,Zooplankton,Meroplankton,Cnidaria,Porites panamensis,NA,NA,pH,NA,NA,NA,27,5,NA,546,28.9,926,28.9,380,0,NA,NA,NA,36_Porites_panamensis_POSTLARVA_CO2546.00_pH8.08_T28.9,2.9666109870000001,28.9,Weight,Growth,NA,NA,NA,18.6,9.353074361,14.6,5.366563146,NA,FALSE,TRUE,-0.24214005199999999,3.6387200000000001E-2,NA,NA,-0.44817821699999999,0.974789916,-0.43687960599999998,No,No,NA,42,Alter et al. 2024,anlauf h d croz l o dea a,porites panamensis,weight,ph,18.6,14.6,9.353074,5.366563,27,5,NA,NA,NA,NA,NA,NA,NA,NA,NA,NA,NA,NA,NA,NA,NA,NA,NA,NA,NA,NA,not_matched_in_alter_sheet,NA,NA
Alter et al. 2024,529_AltersInvert,36,NA,NA,Yes,NA,"Anlauf H, DÂ´Croz L, O`Dea A",NA,2010,NA,NA,NA,NA,Marine,NA,Zooplankton,Meroplankton,Cnidaria,Porites panamensis,NA,NA,pH,NA,NA,NA,5,5,NA,487,28.4,861,28.4,374,0,NA,NA,NA,36_Porites_panamensis_LARVA_CO2487.00_pH8.08_T28.4,2.9350031510000001,28.4,Survival,Survival,NA,NA,NA,45.9,10.95673309,56,41.81447118,NA,FALSE,FALSE,0.19888657400000001,0.122904667,NA,NA,0.33043787499999999,0.903225806,0.29846001599999999,No,No,NA,43,Alter et al. 2024,anlauf h d croz l o dea a,porites panamensis,survival,ph,45.9,56,10.956733,41.814471,5,5,NA,NA,NA,NA,NA,NA,NA,NA,NA,NA,NA,NA,NA,NA,NA,NA,NA,NA,NA,NA,not_matched_in_alter_sheet,NA,NA
Alter et al. 2024,530_AltersInvert,36,NA,NA,Yes,NA,"Anlauf H, DÂ´Croz L, O`Dea A",NA,2010,NA,NA,NA,NA,Marine,NA,Zooplankton,Meroplankton,Cnidaria,Porites panamensis,NA,NA,pH,NA,NA,NA,27,5,NA,546,28.9,926,28.9,380,0,NA,NA,NA,36_Porites_panamensis_POSTLARVA_CO2546.00_pH8.08_T28.9,2.9666109870000001,28.9,skeletal mass,Growth,NA,NA,NA,79,35.33383647,72.1,18.33575742,NA,TRUE,TRUE,-9.1393808000000007E-2,2.0343792999999999E-2,NA,NA,-0.20554998499999999,0.974789916,-0.20036805299999999,No,No,NA,44,Alter et al. 2024,anlauf h d croz l o dea a,porites panamensis,skeletal mass,ph,79,72.1,35.333836,18.335757,27,5,NA,NA,NA,NA,NA,NA,NA,NA,NA,NA,NA,NA,NA,NA,NA,NA,NA,NA,NA,NA,not_matched_in_alter_sheet,NA,NA
Alter et al. 2024,527_AltersInvert,36,NA,NA,Yes,NA,"Anlauf H, DÂ´Croz L, O`Dea A",NA,2011,NA,NA,NA,NA,Marine,NA,Zooplankton,Meroplankton,Cnidaria,Porites panamensis,NA,NA,T,NA,NA,NA,27,5,NA,546,28.9,540,29.9,-6,1,NA,NA,NA,36_Porites_panamensis_POSTLARVA_CO2546.00_pH8.08_T28.9,2.7323937599999999,28.9,Weight,Growth,NA,NA,NA,18.6,9.353074361,14,2.236067977,NA,FALSE,TRUE,-0.28410425099999997,1.4467285E-2,NA,NA,-0.52598858699999995,0.974789916,-0.51272837000000004,No,No,NA,45,Alter et al. 2024,anlauf h d croz l o dea a,porites panamensis,weight,t,18.6,14,9.353074,2.236068,27,5,NA,NA,NA,NA,NA,NA,NA,NA,NA,NA,NA,NA,NA,NA,NA,NA,NA,NA,NA,NA,not_matched_in_alter_sheet,NA,NA
Alter et al. 2024,532_AltersInvert,36,NA,NA,Yes,NA,"Anlauf H, DÂ´Croz L, O`Dea A",NA,2010,NA,NA,NA,NA,Marine,NA,Zooplankton,Meroplankton,Cnidaria,Porites panamensis,NA,NA,T,NA,NA,NA,27,5,NA,546,28.9,540,29.9,-6,1,NA,NA,NA,36_Porites_panamensis_POSTLARVA_CO2546.00_pH8.08_T28.9,2.7323937599999999,28.9,skeletal mass,Growth,NA,NA,NA,79,35.33383647,85.8,20.1246118,NA,TRUE,TRUE,8.2571153999999994E-2,1.8412052000000002E-2,NA,NA,0.20175146099999999,0.974789916,0.19666528999999999,No,No,NA,46,Alter et al. 2024,anlauf h d croz l o dea a,porites panamensis,skeletal mass,t,79,85.8,35.333836,20.124612,27,5,NA,NA,NA,NA,NA,NA,NA,NA,NA,NA,NA,NA,NA,NA,NA,NA,NA,NA,NA,NA,not_matched_in_alter_sheet,NA,NA
Alter et al. 2024,524_AltersInvert,36,NA,NA,Yes,NA,"Anlauf H, DÂ´Croz L, O`Dea A",NA,2011,NA,NA,NA,NA,Marine,NA,Zooplankton,Meroplankton,Cnidaria,Porites panamensis,NA,NA,T,NA,NA,NA,5,5,NA,487,28.4,493,29.6,6,1.2000000000000028,NA,NA,NA,36_Porites_panamensis_LARVA_CO2487.00_pH8.08_T28.4,2.692846919,28.4,Settlement,Development,NA,NA,NA,46.7,13.64001466,30.5,25.26756815,NA,FALSE,FALSE,-0.42601748099999998,0.15432601800000001,NA,NA,-0.797874678,0.903225806,-0.720661,No,No,NA,47,Alter et al. 2024,anlauf h d croz l o dea a,porites panamensis,settlement,t,46.7,30.5,13.640015,25.267568,5,5,NA,NA,NA,NA,NA,NA,NA,NA,NA,NA,NA,NA,NA,NA,NA,NA,NA,NA,NA,NA,not_matched_in_alter_sheet,NA,NA
Alter et al. 2024,526_AltersInvert,36,NA,NA,Yes,NA,"Anlauf H, DÂ´Croz L, O`Dea A",NA,2011,NA,NA,NA,NA,Marine,NA,Zooplankton,Meroplankton,Cnidaria,Porites panamensis,NA,NA,T,NA,NA,NA,5,5,NA,487,28.4,493,29.6,6,1.2000000000000028,NA,NA,NA,36_Porites_panamensis_LARVA_CO2487.00_pH8.08_T28.4,2.692846919,28.4,Survival,Survival,NA,NA,NA,45.9,10.95673309,61.3,29.9633109,NA,FALSE,FALSE,0.28931472600000002,5.9181052999999997E-2,NA,NA,0.68264329400000001,0.903225806,0.61658104000000002,No,No,NA,48,Alter et al. 2024,anlauf h d croz l o dea a,porites panamensis,survival,t,45.9,61.3,10.956733,29.963311,5,5,NA,NA,NA,NA,NA,NA,NA,NA,NA,NA,NA,NA,NA,NA,NA,NA,NA,NA,NA,NA,not_matched_in_alter_sheet,NA,NA
Alter et al. 2024,369_AltersInvert,36,NA,NA,Yes,NA,"Anlauf H, DÂ´Croz L, O`Dea A",NA,2011,NA,NA,NA,NA,Marine,NA,Zooplankton,Meroplankton,Cnidaria,Porites panamensis,NA,NA,TpH,NA,NA,NA,27,5,NA,546,28.9,1006,29.9,460,1,NA,NA,NA,36_Porites_panamensis_POSTLARVA_CO2546.00_pH8.08_T28.9,3.0025979810000001,28.9,Weight,Growth,NA,NA,NA,18.6,9.353074361,10.2,3.130495168,NA,FALSE,TRUE,-0.60077385999999999,2.8204152999999999E-2,NA,NA,-0.95650725199999997,0.974789916,-0.93239362400000003,No,No,NA,49,Alter et al. 2024,anlauf h d croz l o dea a,porites panamensis,weight,tph,18.6,10.2,9.353074,3.130495,27,5,NA,NA,NA,NA,NA,NA,NA,NA,NA,NA,NA,NA,NA,NA,NA,NA,NA,NA,NA,NA,not_matched_in_alter_sheet,NA,NA
Alter et al. 2024,370_AltersInvert,36,NA,NA,Yes,NA,"Anlauf H, DÂ´Croz L, O`Dea A",NA,2011,NA,NA,NA,NA,Marine,NA,Zooplankton,Meroplankton,Cnidaria,Porites panamensis,NA,NA,TpH,NA,NA,NA,27,5,NA,546,28.9,1006,29.9,460,1,NA,NA,NA,36_Porites_panamensis_POSTLARVA_CO2546.00_pH8.08_T28.9,3.0025979810000001,28.9,skeletal mass,Growth,NA,NA,NA,79,35.33383647,49.4,13.86362146,NA,FALSE,TRUE,-0.46949742799999999,2.3160843E-2,NA,NA,-0.88938924399999997,0.974789916,-0.86696766599999997,No,No,NA,50,Alter et al. 2024,anlauf h d croz l o dea a,porites panamensis,skeletal mass,tph,79,49.4,35.333836,13.863621,27,5,NA,NA,NA,NA,NA,NA,NA,NA,NA,NA,NA,NA,NA,NA,NA,NA,NA,NA,NA,NA,not_matched_in_alter_sheet,NA,NA
Alter et al. 2024,531_AltersInvert,36,NA,NA,Yes,NA,"Anlauf H, DÂ´Croz L, O`Dea A",NA,2010,NA,NA,NA,NA,Marine,NA,Zooplankton,Meroplankton,Cnidaria,Porites panamensis,NA,NA,TpH,NA,NA,NA,5,4,NA,487,28.4,950,29.5,463,1.1000000000000014,NA,NA,NA,36_Porites_panamensis_LARVA_CO2487.00_pH8.08_T28.4,2.977723605,28.4,Settlement,Development,NA,NA,NA,46.7,13.64001466,45.9,25.2,NA,TRUE,TRUE,-1.7279048000000002E-2,9.2417473999999999E-2,NA,NA,-4.1121770000000002E-2,0.888888889,-3.6552684000000002E-2,No,No,NA,51,Alter et al. 2024,anlauf h d croz l o dea a,porites panamensis,settlement,tph,46.7,45.9,13.640015,25.2,5,4,NA,NA,NA,NA,NA,NA,NA,NA,NA,NA,NA,NA,NA,NA,NA,NA,NA,NA,NA,NA,not_matched_in_alter_sheet,NA,NA
Alter et al. 2024,533_AltersInvert,36,NA,NA,Yes,NA,"Anlauf H, DÂ´Croz L, O`Dea A",NA,2010,NA,NA,NA,NA,Marine,NA,Zooplankton,Meroplankton,Cnidaria,Porites panamensis,NA,NA,TpH,NA,NA,NA,5,4,NA,487,28.4,950,29.5,463,1.1000000000000014,NA,NA,NA,36_Porites_panamensis_LARVA_CO2487.00_pH8.08_T28.4,2.977723605,28.4,Survival,Survival,NA,NA,NA,45.9,10.95673309,39,24.4,NA,FALSE,TRUE,-0.16290347099999999,0.10925305,NA,NA,-0.38347877200000002,0.888888889,-0.34087001900000002,No,No,NA,52,Alter et al. 2024,anlauf h d croz l o dea a,porites panamensis,survival,tph,45.9,39,10.956733,24.4,5,4,NA,NA,NA,NA,NA,NA,NA,NA,NA,NA,NA,NA,NA,NA,NA,NA,NA,NA,NA,NA,not_matched_in_alter_sheet,NA,NA
Alter et al. 2024,1346_AltersInvert,224,NA,NA,Yes,NA,"Armstrong, Allen, Beltrand, Dubousquet, Stillman, Mills",NA,2010,NA,NA,NA,NA,Marine,NA,Zooplankton,Meroplankton,Mollusca,Stylocheilus striatus,NA,NA,pH,NA,NA,NA,440,440,NA,420,27,1113,27,693,0,NA,NA,NA,224_Stylocheilus_striatus_LARVA_CO2420.00_pH0.00_T27.,3.046495164,27,Length,Growth,NA,NA,NA,106.8775852,34.40093022,85.27043668,74.04590468,NA,FALSE,TRUE,-0.22585630200000001,1.9492279999999999E-3,NA,NA,-0.374259328,0.999145543,-0.37393954000000001,No,No,NA,53,Alter et al. 2024,armstrong allen beltrand dubousquet stillman mills,stylocheilus striatus,length,ph,106.877585,85.270437,34.40093,74.045905,440,440,NA,NA,NA,NA,NA,NA,NA,NA,NA,NA,NA,NA,NA,NA,NA,NA,NA,NA,NA,NA,not_matched_in_alter_sheet,NA,NA
Alter et al. 2024,2236_AltersInvert,224,NA,NA,Yes,NA,"Armstrong, Allen, Beltrand, Dubousquet, Stillman, Mills",NA,2017,NA,NA,NA,NA,Marine,NA,Zooplankton,Meroplankton,Mollusca,Stylocheilus striatus,NA,NA,pH,NA,NA,NA,20,20,NA,420,27,1113,27,693,0,NA,NA,NA,224_Stylocheilus_striatus_EMBRYO_CO2420.00_pH0.00_T27.,3.046495164,27,growth rate,Growth,NA,NA,NA,1.535,21.7793021,3.661,26.47504485,NA,FALSE,TRUE,0.86920595300000003,12.68046764,NA,NA,8.7702136E-2,0.98013245,8.5959709999999995E-2,No,No,NA,54,Alter et al. 2024,armstrong allen beltrand dubousquet stillman mills,stylocheilus striatus,growth rate,ph,1.535,3.661,21.779302,26.475045,20,20,NA,NA,NA,NA,NA,NA,NA,NA,NA,NA,NA,NA,NA,NA,NA,NA,NA,NA,NA,NA,not_matched_in_alter_sheet,NA,NA
Alter et al. 2024,2269_AltersInvert,224,NA,NA,Yes,NA,"Armstrong, Allen, Beltrand, Dubousquet, Stillman, Mills",NA,2010,NA,NA,NA,NA,Marine,NA,Zooplankton,Meroplankton,Mollusca,Stylocheilus striatus,NA,NA,pH,NA,NA,NA,44,44,NA,420,27,1113,27,693,0,NA,NA,NA,224_Stylocheilus_striatus_EMBRYO_CO2420.00_pH0.00_T27.,3.046495164,27,developmental success,Development,NA,NA,NA,93.8,7.42923953,74.64,30.24761809,NA,FALSE,TRUE,-0.22848829900000001,3.8749560000000001E-3,NA,NA,-0.86996055999999999,0.991253644,-0.86235157600000001,No,No,NA,55,Alter et al. 2024,armstrong allen beltrand dubousquet stillman mills,stylocheilus striatus,developmental success,ph,93.8,74.64,7.42924,30.247618,44,44,NA,NA,NA,NA,NA,NA,NA,NA,NA,NA,NA,NA,NA,NA,NA,NA,NA,NA,NA,NA,not_matched_in_alter_sheet,NA,NA
Alter et al. 2024,1347_AltersInvert,224,NA,NA,Yes,NA,"Armstrong, Allen, Beltrand, Dubousquet, Stillman, Mills",NA,2010,NA,NA,NA,NA,Marine,NA,Zooplankton,Meroplankton,Mollusca,Stylocheilus striatus,NA,NA,T,NA,NA,NA,440,440,NA,420,27,420,31,0,4,NA,NA,NA,224_Stylocheilus_striatus_LARVA_CO2420.00_pH0.00_T27.,2.62324929,27,Length,Growth,NA,NA,NA,106.8775852,34.40093022,85.76931578,50.13306294,NA,FALSE,TRUE,-0.22002279799999999,1.0119409999999999E-3,NA,NA,-0.49097310599999999,0.999145543,-0.49055358999999998,No,No,NA,56,Alter et al. 2024,armstrong allen beltrand dubousquet stillman mills,stylocheilus striatus,length,t,106.877585,85.769316,34.40093,50.133063,440,440,NA,NA,NA,NA,NA,NA,NA,NA,NA,NA,NA,NA,NA,NA,NA,NA,NA,NA,NA,NA,not_matched_in_alter_sheet,NA,NA
Alter et al. 2024,2238_AltersInvert,224,NA,NA,Yes,NA,"Armstrong, Allen, Beltrand, Dubousquet, Stillman, Mills",NA,2010,NA,NA,NA,NA,Marine,NA,Zooplankton,Meroplankton,Mollusca,Stylocheilus striatus,NA,NA,T,NA,NA,NA,20,20,NA,420,27,420,31,0,4,NA,NA,NA,224_Stylocheilus_striatus_EMBRYO_CO2420.00_pH0.00_T27.,2.62324929,27,growth rate,Growth,NA,NA,NA,1.535,21.7793021,11.844,29.47137594,NA,TRUE,TRUE,2.0432910290000001,10.37521546,NA,NA,0.39784114900000001,0.98013245,0.38993702000000002,No,No,NA,57,Alter et al. 2024,armstrong allen beltrand dubousquet stillman mills,stylocheilus striatus,growth rate,t,1.535,11.844,21.779302,29.471376,20,20,NA,NA,NA,NA,NA,NA,NA,NA,NA,NA,NA,NA,NA,NA,NA,NA,NA,NA,NA,NA,not_matched_in_alter_sheet,NA,NA
Alter et al. 2024,2241_AltersInvert,224,NA,NA,Yes,NA,"Armstrong, Allen, Beltrand, Dubousquet, Stillman, Mills",NA,2010,NA,NA,NA,NA,Marine,NA,Zooplankton,Meroplankton,Mollusca,Stylocheilus striatus,NA,NA,T,NA,NA,NA,44,44,NA,420,27,420,31,0,4,NA,NA,NA,224_Stylocheilus_striatus_EMBRYO_CO2420.00_pH0.00_T27.,2.62324929,27,developmental success,Development,NA,NA,NA,93.8,7.42923953,39.42,18.50676633,NA,FALSE,TRUE,-0.86689155399999995,5.151849E-3,NA,NA,-3.8563787550000002,0.991253644,-3.8226494949999998,No,No,NA,58,Alter et al. 2024,armstrong allen beltrand dubousquet stillman mills,stylocheilus striatus,developmental success,t,93.8,39.42,7.42924,18.506766,44,44,NA,NA,NA,NA,NA,NA,NA,NA,NA,NA,NA,NA,NA,NA,NA,NA,NA,NA,NA,NA,not_matched_in_alter_sheet,NA,NA
Alter et al. 2024,1345_AltersInvert,224,NA,NA,Yes,NA,"Armstrong, Allen, Beltrand, Dubousquet, Stillman, Mills",NA,2010,NA,NA,NA,NA,Marine,NA,Zooplankton,Meroplankton,Mollusca,Stylocheilus striatus,NA,NA,TpH,NA,NA,NA,440,440,NA,420,27,1113,31,693,4,NA,NA,NA,224_Stylocheilus_striatus_LARVA_CO2420.00_pH0.00_T27.,3.046495164,27,Length,Growth,NA,NA,NA,106.8775852,34.40093022,71.7798617,191.5124957,NA,FALSE,TRUE,-0.39808015699999999,1.6413886999999999E-2,NA,NA,-0.25509444599999997,0.999145543,-0.25487647899999999,No,No,NA,59,Alter et al. 2024,armstrong allen beltrand dubousquet stillman mills,stylocheilus striatus,length,tph,106.877585,71.779862,34.40093,191.512496,440,440,NA,NA,NA,NA,NA,NA,NA,NA,NA,NA,NA,NA,NA,NA,NA,NA,NA,NA,NA,NA,not_matched_in_alter_sheet,NA,NA
Alter et al. 2024,2237_AltersInvert,224,NA,NA,Yes,NA,"Armstrong, Allen, Beltrand, Dubousquet, Stillman, Mills",NA,2010,NA,NA,NA,NA,Marine,NA,Zooplankton,Meroplankton,Mollusca,Stylocheilus striatus,NA,NA,TpH,NA,NA,NA,20,20,NA,420,27,1113,31,693,4,NA,NA,NA,224_Stylocheilus_striatus_EMBRYO_CO2420.00_pH0.00_T27.,3.046495164,27,growth rate,Growth,NA,NA,NA,1.535,21.7793021,8.576,19.85628364,NA,TRUE,TRUE,1.720437223,10.33367267,NA,NA,0.33786011799999999,0.98013245,0.33114766600000001,No,No,NA,60,Alter et al. 2024,armstrong allen beltrand dubousquet stillman mills,stylocheilus striatus,growth rate,tph,1.535,8.576,21.779302,19.856284,20,20,NA,NA,NA,NA,NA,NA,NA,NA,NA,NA,NA,NA,NA,NA,NA,NA,NA,NA,NA,NA,not_matched_in_alter_sheet,NA,NA
Alter et al. 2024,2239_AltersInvert,224,NA,NA,Yes,NA,"Armstrong, Allen, Beltrand, Dubousquet, Stillman, Mills",NA,2010,NA,NA,NA,NA,Marine,NA,Zooplankton,Meroplankton,Mollusca,Stylocheilus striatus,NA,NA,TpH,NA,NA,NA,44,44,NA,420,27,1113,31,693,4,NA,NA,NA,224_Stylocheilus_striatus_EMBRYO_CO2420.00_pH0.00_T27.,3.046495164,27,developmental success,Development,NA,NA,NA,93.8,7.42923953,25.91,25.93600586,NA,TRUE,TRUE,-1.2865358609999999,2.2915489000000001E-2,NA,NA,-3.5587206349999998,0.991253644,-3.5275947990000001,No,No,NA,61,Alter et al. 2024,armstrong allen beltrand dubousquet stillman mills,stylocheilus striatus,developmental success,tph,93.8,25.91,7.42924,25.936006,44,44,NA,NA,NA,NA,NA,NA,NA,NA,NA,NA,NA,NA,NA,NA,NA,NA,NA,NA,NA,NA,not_matched_in_alter_sheet,NA,NA
Alter et al. 2024,1044_AltersInvert,191,NA,NA,Yes,NA,"Arnberg M, Calosi P, Spicer JI, Tandberg AHS, Nilsen M, Westerlund S, Bechmann RK",NA,2013,NA,NA,NA,NA,Marine,NA,Zooplankton,Meroplankton,Arthropoda,Pandalus Borealis,NA,NA,pH,NA,NA,NA,33,21,NA,406,6.7,1238,6.7,832,0,NA,NA,NA,191_Pandalus_Borealis_LARVA_CO2406.00_pH8.11_T6.7,3.092720645,6.7,Life-stage,Development,NA,NA,NA,63.51,28.49303073,14.86,43.35116607,NA,TRUE,FALSE,-1.4525243350000001,0.41136947200000001,NA,NA,-1.3914669289999999,0.985507246,-1.3713007420000001,No,No,NA,62,Alter et al. 2024,arnberg m calosi p spicer ji tandberg ahs nilsen m westerlund s bechmann rk,pandalus borealis,life stage,ph,63.51,14.86,28.493031,43.351166,33,21,NA,NA,NA,NA,NA,NA,NA,NA,NA,NA,NA,NA,NA,NA,NA,NA,NA,NA,NA,NA,not_matched_in_alter_sheet,NA,NA
Alter et al. 2024,1056_AltersInvert,191,NA,NA,Yes,NA,"Arnberg M, Calosi P, Spicer JI, Tandberg AHS, Nilsen M, Westerlund S, Bechmann RK",NA,2013,NA,NA,NA,NA,Marine,NA,Zooplankton,Meroplankton,Arthropoda,Pandalus Borealis,NA,NA,pH,NA,NA,NA,74,74,NA,406,6.7,1238,6.7,832,0,NA,NA,NA,191_Pandalus_Borealis_LARVA_CO2406.00_pH8.11_T6.7,3.092720645,6.7,Developmental time,Development,NA,NA,NA,17.82,9.806650804,16.3,12.21530188,NA,TRUE,TRUE,-8.9156314E-2,1.1681848999999999E-2,NA,NA,-0.137225703,0.994854202,-0.13651956800000001,No,No,NA,63,Alter et al. 2024,arnberg m calosi p spicer ji tandberg ahs nilsen m westerlund s bechmann rk,pandalus borealis,developmental time,ph,17.82,16.3,9.806651,12.215302,74,74,NA,NA,NA,NA,NA,NA,NA,NA,NA,NA,NA,NA,NA,NA,NA,NA,NA,NA,NA,NA,not_matched_in_alter_sheet,NA,NA
Alter et al. 2024,1057_AltersInvert,191,NA,NA,Yes,NA,"Arnberg M, Calosi P, Spicer JI, Tandberg AHS, Nilsen M, Westerlund S, Bechmann RK",NA,2013,NA,NA,NA,NA,Marine,NA,Zooplankton,Meroplankton,Arthropoda,Pandalus Borealis,NA,NA,pH,NA,NA,NA,9,7,NA,406,6.7,1238,6.7,832,0,NA,NA,NA,191_Pandalus_Borealis_LARVA_CO2406.00_pH8.11_T6.7,3.092720645,6.7,Oxygen consumption rate,Physiology,NA,NA,NA,50.09,6.48,48.28,8.598691761,NA,TRUE,TRUE,-3.6803991000000001E-2,6.3909379999999997E-3,NA,NA,-0.24256107399999999,0.945454545,-0.22933047000000001,No,No,NA,64,Alter et al. 2024,arnberg m calosi p spicer ji tandberg ahs nilsen m westerlund s bechmann rk,pandalus borealis,oxygen consumption rate,ph,50.09,48.28,6.48,8.598692,9,7,NA,NA,NA,NA,NA,NA,NA,NA,NA,NA,NA,NA,NA,NA,NA,NA,NA,NA,NA,NA,not_matched_in_alter_sheet,NA,NA
Alter et al. 2024,1060_AltersInvert,191,NA,NA,Yes,NA,"Arnberg M, Calosi P, Spicer JI, Tandberg AHS, Nilsen M, Westerlund S, Bechmann RK",NA,2013,NA,NA,NA,NA,Marine,NA,Zooplankton,Meroplankton,Arthropoda,Pandalus Borealis,NA,NA,pH,NA,NA,NA,23,23,NA,406,6.7,1238,6.7,832,0,NA,NA,NA,191_Pandalus_Borealis_LARVA_CO2406.00_pH8.11_T6.7,3.092720645,6.7,developmental success,Development,NA,NA,NA,98.74,4.460123317,98.7,1.438749457,NA,FALSE,TRUE,-4.0518599999999998E-4,9.7999999999999997E-5,NA,NA,-1.2070691E-2,0.982857143,-1.1863765E-2,No,No,NA,65,Alter et al. 2024,arnberg m calosi p spicer ji tandberg ahs nilsen m westerlund s bechmann rk,pandalus borealis,developmental success,ph,98.74,98.7,4.460123,1.438749,23,23,NA,NA,NA,NA,NA,NA,NA,NA,NA,NA,NA,NA,NA,NA,NA,NA,NA,NA,NA,NA,not_matched_in_alter_sheet,NA,NA
Alter et al. 2024,1065_AltersInvert,191,NA,NA,Yes,NA,"Arnberg M, Calosi P, Spicer JI, Tandberg AHS, Nilsen M, Westerlund S, Bechmann RK",NA,2015,NA,NA,NA,NA,Marine,NA,Zooplankton,Meroplankton,Arthropoda,Pandalus Borealis,NA,NA,pH,NA,NA,NA,33,21,NA,406,6.7,1238,6.7,832,0,NA,NA,NA,191_Pandalus_Borealis_LARVA_CO2406.00_pH8.11_T6.7,3.092720645,6.7,Feeding,Behaviour,NA,NA,NA,2.78,1.723368794,3.25,1.374772708,NA,FALSE,TRUE,0.156204069,2.0166070000000001E-2,NA,NA,0.29405942000000002,0.985507246,0.28979768900000002,No,No,NA,66,Alter et al. 2024,arnberg m calosi p spicer ji tandberg ahs nilsen m westerlund s bechmann rk,pandalus borealis,feeding,ph,2.78,3.25,1.723369,1.374773,33,21,NA,NA,NA,NA,NA,NA,NA,NA,NA,NA,NA,NA,NA,NA,NA,NA,NA,NA,NA,NA,not_matched_in_alter_sheet,NA,NA
Alter et al. 2024,1045_AltersInvert,191,NA,NA,Yes,NA,"Arnberg M, Calosi P, Spicer JI, Tandberg AHS, Nilsen M, Westerlund S, Bechmann RK",NA,2013,NA,NA,NA,NA,Marine,NA,Zooplankton,Meroplankton,Arthropoda,Pandalus Borealis,NA,NA,T,NA,NA,NA,74,74,NA,406,6.7,443,9.5,37,2.8,NA,NA,NA,191_Pandalus_Borealis_LARVA_CO2406.00_pH8.11_T6.7,2.646403726,6.7,Developmental time,Development,NA,NA,NA,17.82,9.806650804,14.5,8.172209004,NA,FALSE,TRUE,-0.206172773,8.3850620000000004E-3,NA,NA,-0.36780591000000001,0.994854202,-0.36591325499999999,No,No,NA,67,Alter et al. 2024,arnberg m calosi p spicer ji tandberg ahs nilsen m westerlund s bechmann rk,pandalus borealis,developmental time,t,17.82,14.5,9.806651,8.172209,74,74,NA,NA,NA,NA,NA,NA,NA,NA,NA,NA,NA,NA,NA,NA,NA,NA,NA,NA,NA,NA,not_matched_in_alter_sheet,NA,NA
Alter et al. 2024,1059_AltersInvert,191,NA,NA,Yes,NA,"Arnberg M, Calosi P, Spicer JI, Tandberg AHS, Nilsen M, Westerlund S, Bechmann RK",NA,2013,NA,NA,NA,NA,Marine,NA,Zooplankton,Meroplankton,Arthropoda,Pandalus Borealis,NA,NA,T,NA,NA,NA,23,23,NA,406,6.7,443,9.5,37,2.8,NA,NA,NA,191_Pandalus_Borealis_LARVA_CO2406.00_pH8.11_T6.7,2.646403726,6.7,developmental success,Development,NA,NA,NA,98.74,4.460123317,97,4.651956578,NA,TRUE,TRUE,-1.7779153999999998E-2,1.8871099999999999E-4,NA,NA,-0.38182600500000002,0.982857143,-0.37528041699999998,No,No,NA,68,Alter et al. 2024,arnberg m calosi p spicer ji tandberg ahs nilsen m westerlund s bechmann rk,pandalus borealis,developmental success,t,98.74,97,4.460123,4.651957,23,23,NA,NA,NA,NA,NA,NA,NA,NA,NA,NA,NA,NA,NA,NA,NA,NA,NA,NA,NA,NA,not_matched_in_alter_sheet,NA,NA
Alter et al. 2024,1063_AltersInvert,191,NA,NA,Yes,NA,"Arnberg M, Calosi P, Spicer JI, Tandberg AHS, Nilsen M, Westerlund S, Bechmann RK",NA,2015,NA,NA,NA,NA,Marine,NA,Zooplankton,Meroplankton,Arthropoda,Pandalus Borealis,NA,NA,T,NA,NA,NA,33,27,NA,406,6.7,443,9.5,37,2.8,NA,NA,NA,191_Pandalus_Borealis_LARVA_CO2406.00_pH8.11_T6.7,2.646403726,6.7,Life-stage,Development,NA,NA,NA,63.51,28.49303073,72.92,25.98076211,NA,FALSE,TRUE,0.13816557600000001,1.0800898999999999E-2,NA,NA,0.34348899700000002,0.987012987,0.33902810100000003,No,No,NA,69,Alter et al. 2024,arnberg m calosi p spicer ji tandberg ahs nilsen m westerlund s bechmann rk,pandalus borealis,life stage,t,63.51,72.92,28.493031,25.980762,33,27,NA,NA,NA,NA,NA,NA,NA,NA,NA,NA,NA,NA,NA,NA,NA,NA,NA,NA,NA,NA,not_matched_in_alter_sheet,NA,NA
Alter et al. 2024,1064_AltersInvert,191,NA,NA,Yes,NA,"Arnberg M, Calosi P, Spicer JI, Tandberg AHS, Nilsen M, Westerlund S, Bechmann RK",NA,2015,NA,NA,NA,NA,Marine,NA,Zooplankton,Meroplankton,Arthropoda,Pandalus Borealis,NA,NA,T,NA,NA,NA,9,9,NA,406,6.7,443,9.5,37,2.8,NA,NA,NA,191_Pandalus_Borealis_LARVA_CO2406.00_pH8.11_T6.7,2.646403726,6.7,Oxygen consumption rate,Physiology,NA,NA,NA,50.09,6.48,58.37,12.99,NA,FALSE,TRUE,0.15298067200000001,7.3625000000000001E-3,NA,NA,0.80664349499999999,0.952380952,0.76823189999999997,No,No,NA,70,Alter et al. 2024,arnberg m calosi p spicer ji tandberg ahs nilsen m westerlund s bechmann rk,pandalus borealis,oxygen consumption rate,t,50.09,58.37,6.48,12.99,9,9,NA,NA,NA,NA,NA,NA,NA,NA,NA,NA,NA,NA,NA,NA,NA,NA,NA,NA,NA,NA,not_matched_in_alter_sheet,NA,NA
Alter et al. 2024,1066_AltersInvert,191,NA,NA,Yes,NA,"Arnberg M, Calosi P, Spicer JI, Tandberg AHS, Nilsen M, Westerlund S, Bechmann RK",NA,2015,NA,NA,NA,NA,Marine,NA,Zooplankton,Meroplankton,Arthropoda,Pandalus Borealis,NA,NA,T,NA,NA,NA,33,27,NA,406,6.7,443,9.5,37,2.8,NA,NA,NA,191_Pandalus_Borealis_LARVA_CO2406.00_pH8.11_T6.7,2.646403726,6.7,Feeding,Behaviour,NA,NA,NA,2.78,1.723368794,3.68,1.299038106,NA,FALSE,TRUE,0.28046182400000003,1.6260495E-2,NA,NA,0.58154313700000004,0.987012987,0.573990628,No,No,NA,71,Alter et al. 2024,arnberg m calosi p spicer ji tandberg ahs nilsen m westerlund s bechmann rk,pandalus borealis,feeding,t,2.78,3.68,1.723369,1.299038,33,27,NA,NA,NA,NA,NA,NA,NA,NA,NA,NA,NA,NA,NA,NA,NA,NA,NA,NA,NA,NA,not_matched_in_alter_sheet,NA,NA
Alter et al. 2024,1055_AltersInvert,191,NA,NA,Yes,NA,"Arnberg M, Calosi P, Spicer JI, Tandberg AHS, Nilsen M, Westerlund S, Bechmann RK",NA,2013,NA,NA,NA,NA,Marine,NA,Zooplankton,Meroplankton,Arthropoda,Pandalus Borealis,NA,NA,TpH,NA,NA,NA,74,74,NA,406,6.7,1449,9.5,1043,2.8,NA,NA,NA,191_Pandalus_Borealis_LARVA_CO2406.00_pH8.11_T6.7,3.1610683850000001,6.7,Developmental time,Development,NA,NA,NA,17.82,9.806650804,14.5,8.172209004,NA,FALSE,TRUE,-0.206172773,8.3850620000000004E-3,NA,NA,-0.36780591000000001,0.994854202,-0.36591325499999999,No,No,NA,72,Alter et al. 2024,arnberg m calosi p spicer ji tandberg ahs nilsen m westerlund s bechmann rk,pandalus borealis,developmental time,tph,17.82,14.5,9.806651,8.172209,74,74,NA,NA,NA,NA,NA,NA,NA,NA,NA,NA,NA,NA,NA,NA,NA,NA,NA,NA,NA,NA,not_matched_in_alter_sheet,NA,NA
Alter et al. 2024,1058_AltersInvert,191,NA,NA,Yes,NA,"Arnberg M, Calosi P, Spicer JI, Tandberg AHS, Nilsen M, Westerlund S, Bechmann RK",NA,2013,NA,NA,NA,NA,Marine,NA,Zooplankton,Meroplankton,Arthropoda,Pandalus Borealis,NA,NA,TpH,NA,NA,NA,23,23,NA,406,6.7,1449,9.5,1043,2.8,NA,NA,NA,191_Pandalus_Borealis_LARVA_CO2406.00_pH8.11_T6.7,3.1610683850000001,6.7,developmental success,Development,NA,NA,NA,98.74,4.460123317,95.2,4.795831523,NA,TRUE,TRUE,-3.6510190999999997E-2,1.9904999999999999E-4,NA,NA,-0.76441036500000004,0.982857143,-0.75130618800000004,No,No,NA,73,Alter et al. 2024,arnberg m calosi p spicer ji tandberg ahs nilsen m westerlund s bechmann rk,pandalus borealis,developmental success,tph,98.74,95.2,4.460123,4.795832,23,23,NA,NA,NA,NA,NA,NA,NA,NA,NA,NA,NA,NA,NA,NA,NA,NA,NA,NA,NA,NA,not_matched_in_alter_sheet,NA,NA
Alter et al. 2024,1061_AltersInvert,191,NA,NA,Yes,NA,"Arnberg M, Calosi P, Spicer JI, Tandberg AHS, Nilsen M, Westerlund S, Bechmann RK",NA,2013,NA,NA,NA,NA,Marine,NA,Zooplankton,Meroplankton,Arthropoda,Pandalus Borealis,NA,NA,TpH,NA,NA,NA,33,24,NA,406,6.7,1449,9.5,1043,2.8,NA,NA,NA,191_Pandalus_Borealis_LARVA_CO2406.00_pH8.11_T6.7,3.1610683850000001,6.7,Life-stage,Development,NA,NA,NA,63.51,28.49303073,63.96,48.5488867,NA,TRUE,TRUE,7.0605140000000004E-3,3.0105874000000001E-2,NA,NA,1.1785100999999999E-2,0.98630137,1.1623661E-2,No,No,NA,74,Alter et al. 2024,arnberg m calosi p spicer ji tandberg ahs nilsen m westerlund s bechmann rk,pandalus borealis,life stage,tph,63.51,63.96,28.493031,48.548887,33,24,NA,NA,NA,NA,NA,NA,NA,NA,NA,NA,NA,NA,NA,NA,NA,NA,NA,NA,NA,NA,not_matched_in_alter_sheet,NA,NA
Alter et al. 2024,1062_AltersInvert,191,NA,NA,Yes,NA,"Arnberg M, Calosi P, Spicer JI, Tandberg AHS, Nilsen M, Westerlund S, Bechmann RK",NA,2013,NA,NA,NA,NA,Marine,NA,Zooplankton,Meroplankton,Arthropoda,Pandalus Borealis,NA,NA,TpH,NA,NA,NA,9,7,NA,406,6.7,1449,9.5,1043,2.8,NA,NA,NA,191_Pandalus_Borealis_LARVA_CO2406.00_pH8.11_T6.7,3.1610683850000001,6.7,Oxygen consumption rate,Physiology,NA,NA,NA,50.09,6.48,55.85,16.05971046,NA,FALSE,TRUE,0.108848138,1.3671746E-2,NA,NA,0.49660853599999999,0.945454545,0.46952079800000002,No,No,NA,75,Alter et al. 2024,arnberg m calosi p spicer ji tandberg ahs nilsen m westerlund s bechmann rk,pandalus borealis,oxygen consumption rate,tph,50.09,55.85,6.48,16.05971,9,7,NA,NA,NA,NA,NA,NA,NA,NA,NA,NA,NA,NA,NA,NA,NA,NA,NA,NA,NA,NA,not_matched_in_alter_sheet,NA,NA
Alter et al. 2024,1067_AltersInvert,191,NA,NA,Yes,NA,"Arnberg M, Calosi P, Spicer JI, Tandberg AHS, Nilsen M, Westerlund S, Bechmann RK",NA,2015,NA,NA,NA,NA,Marine,NA,Zooplankton,Meroplankton,Arthropoda,Pandalus Borealis,NA,NA,TpH,NA,NA,NA,33,24,NA,406,6.7,1449,9.5,1043,2.8,NA,NA,NA,191_Pandalus_Borealis_LARVA_CO2406.00_pH8.11_T6.7,3.1610683850000001,6.7,Feeding,Behaviour,NA,NA,NA,2.78,1.723368794,4.06,4.262112152,NA,FALSE,TRUE,0.37873204599999999,5.7563727000000002E-2,NA,NA,0.41917622500000001,0.98630137,0.41343408500000001,No,No,NA,76,Alter et al. 2024,arnberg m calosi p spicer ji tandberg ahs nilsen m westerlund s bechmann rk,pandalus borealis,feeding,tph,2.78,4.06,1.723369,4.262112,33,24,NA,NA,NA,NA,NA,NA,NA,NA,NA,NA,NA,NA,NA,NA,NA,NA,NA,NA,NA,NA,not_matched_in_alter_sheet,NA,NA
Alter et al. 2024,1073_AltersInvert,192,NA,NA,Yes,NA,"Baragi LV, Anil AC",NA,2015,NA,NA,NA,NA,Marine,NA,Zooplankton,Meroplankton,Arthropoda,Balanus amphitrite,NA,NA,pH,NA,NA,NA,3,3,NA,416,29.8,784,29.8,368,0,NA,NA,NA,192_Balanus_amphitrite_LARVA_CO2416.00_pHNA_T29.8,2.8943160630000002,29.8,Survival,Survival,NA,NA,NA,20.17,7.551741521,34.03,6.30466494,NA,FALSE,TRUE,0.52304613700000002,5.8167668999999998E-2,NA,NA,1.9924654719999999,0.8,1.5939723779999999,No,No,NA,77,Alter et al. 2024,baragi lv anil ac,balanus amphitrite,survival,ph,20.17,34.03,7.551742,6.304665,3,3,NA,NA,NA,NA,NA,NA,NA,NA,NA,NA,NA,NA,NA,NA,NA,NA,NA,NA,NA,NA,not_matched_in_alter_sheet,NA,NA
Alter et al. 2024,1076_AltersInvert,192,NA,NA,Yes,NA,"Baragi LV, Anil AC",NA,2015,NA,NA,NA,NA,Marine,NA,Zooplankton,Meroplankton,Arthropoda,Balanus amphitrite,NA,NA,pH,NA,NA,NA,3,3,NA,416,29.8,784,29.8,368,0,NA,NA,NA,192_Balanus_amphitrite_LARVA_CO2416.00_pHNA_T29.8,2.8943160630000002,29.8,Metamorphosis,Development,NA,NA,NA,54.85,6.30466494,50.65,11.01584314,NA,FALSE,TRUE,-7.9662955999999993E-2,2.0171250000000002E-2,NA,NA,-0.46797187499999998,0.8,-0.37437749999999997,No,No,NA,78,Alter et al. 2024,baragi lv anil ac,balanus amphitrite,metamorphosis,ph,54.85,50.65,6.304665,11.015843,3,3,NA,NA,NA,NA,NA,NA,NA,NA,NA,NA,NA,NA,NA,NA,NA,NA,NA,NA,NA,NA,not_matched_in_alter_sheet,NA,NA
Alter et al. 2024,1095_AltersInvert,192,NA,NA,Yes,NA,"Baragi LV, Anil AC",NA,2014,NA,NA,NA,NA,Marine,NA,Zooplankton,Meroplankton,Arthropoda,Balanus amphitrite,NA,NA,pH,NA,NA,NA,3,3,NA,416,29.8,784,29.8,368,0,NA,NA,NA,192_Balanus_amphitrite_LARVA_CO2416.00_pHNA_T29.8,2.8943160630000002,29.8,Length,Growth,NA,NA,NA,490.45,8.417766925,471.91,15.17276507,NA,TRUE,TRUE,-3.8535048000000002E-2,4.4277299999999998E-4,NA,NA,-1.511088263,0.8,-1.208870611,No,No,NA,79,Alter et al. 2024,baragi lv anil ac,balanus amphitrite,length,ph,490.45,471.91,8.417767,15.172765,3,3,NA,NA,NA,NA,NA,NA,NA,NA,NA,NA,NA,NA,NA,NA,NA,NA,NA,NA,NA,NA,not_matched_in_alter_sheet,NA,NA
Alter et al. 2024,1096_AltersInvert,192,NA,NA,Yes,NA,"Baragi LV, Anil AC",NA,2014,NA,NA,NA,NA,Marine,NA,Zooplankton,Meroplankton,Arthropoda,Balanus amphitrite,NA,NA,pH,NA,NA,NA,3,3,NA,416,29.8,784,29.8,368,0,NA,NA,NA,192_Balanus_amphitrite_LARVA_CO2416.00_pHNA_T29.8,2.8943160630000002,29.8,RNA/DNA ratio,Physiology,NA,NA,NA,1.27,0.034641016,1.23,0.069282032,NA,TRUE,TRUE,-3.2002731E-2,1.3055720000000001E-3,NA,NA,-0.73029674300000003,0.8,-0.58423739500000005,No,No,NA,80,Alter et al. 2024,baragi lv anil ac,balanus amphitrite,rna dna ratio,ph,1.27,1.23,0.034641,0.069282,3,3,NA,NA,NA,NA,NA,NA,NA,NA,NA,NA,NA,NA,NA,NA,NA,NA,NA,NA,NA,NA,not_matched_in_alter_sheet,NA,NA
Alter et al. 2024,1098_AltersInvert,192,NA,NA,Yes,NA,"Baragi LV, Anil AC",NA,2014,NA,NA,NA,NA,Marine,NA,Zooplankton,Meroplankton,Arthropoda,Balanus amphitrite,NA,NA,pH,NA,NA,NA,3,3,NA,416,29.8,784,29.8,368,0,NA,NA,NA,192_Balanus_amphitrite_LARVA_CO2416.00_pHNA_T29.8,2.8943160630000002,29.8,Developmental time,Development,NA,NA,NA,4.66,0.571576766,4.66,0.571576766,NA,FALSE,FALSE,0,1.0029656E-2,NA,NA,0,0.8,0,No,No,NA,81,Alter et al. 2024,baragi lv anil ac,balanus amphitrite,developmental time,ph,4.66,4.66,0.571577,0.571577,3,3,NA,NA,NA,NA,NA,NA,NA,NA,NA,NA,NA,NA,NA,NA,NA,NA,NA,NA,NA,NA,not_matched_in_alter_sheet,NA,NA
Alter et al. 2024,1069_AltersInvert,192,NA,NA,Yes,NA,"Baragi LV, Anil AC",NA,2015,NA,NA,NA,NA,Marine,NA,Zooplankton,Meroplankton,Arthropoda,Balanus amphitrite,NA,NA,T,NA,NA,NA,3,3,NA,416,29.8,412,33.9,-4,4.099999999999998,NA,NA,NA,192_Balanus_amphitrite_LARVA_CO2416.00_pHNA_T29.8,2.6148972160000001,29.8,Survival,Survival,NA,NA,NA,20.17,7.551741521,59.66,9.249151312,NA,FALSE,TRUE,1.084465427,5.4737818000000001E-2,NA,NA,4.6771309309999998,0.8,3.7417047440000002,No,No,NA,82,Alter et al. 2024,baragi lv anil ac,balanus amphitrite,survival,t,20.17,59.66,7.551742,9.249151,3,3,NA,NA,NA,NA,NA,NA,NA,NA,NA,NA,NA,NA,NA,NA,NA,NA,NA,NA,NA,NA,not_matched_in_alter_sheet,NA,NA
Alter et al. 2024,1071_AltersInvert,192,NA,NA,Yes,NA,"Baragi LV, Anil AC",NA,2015,NA,NA,NA,NA,Marine,NA,Zooplankton,Meroplankton,Arthropoda,Balanus amphitrite,NA,NA,T,NA,NA,NA,3,3,NA,416,29.8,412,33.9,-4,4.099999999999998,NA,NA,NA,192_Balanus_amphitrite_LARVA_CO2416.00_pHNA_T29.8,2.6148972160000001,29.8,Metamorphosis,Development,NA,NA,NA,54.85,6.30466494,43.04,9.197189788,NA,FALSE,TRUE,-0.24247227099999999,1.9625068999999998E-2,NA,NA,-1.497836911,0.8,-1.1982695290000001,No,No,NA,83,Alter et al. 2024,baragi lv anil ac,balanus amphitrite,metamorphosis,t,54.85,43.04,6.304665,9.19719,3,3,NA,NA,NA,NA,NA,NA,NA,NA,NA,NA,NA,NA,NA,NA,NA,NA,NA,NA,NA,NA,not_matched_in_alter_sheet,NA,NA
Alter et al. 2024,1075_AltersInvert,192,NA,NA,Yes,NA,"Baragi LV, Anil AC",NA,2015,NA,NA,NA,NA,Marine,NA,Zooplankton,Meroplankton,Arthropoda,Balanus amphitrite,NA,NA,T,NA,NA,NA,3,3,NA,416,29.8,412,33.9,-4,4.099999999999998,NA,NA,NA,192_Balanus_amphitrite_LARVA_CO2416.00_pHNA_T29.8,2.6148972160000001,29.8,Length,Growth,NA,NA,NA,490.45,8.417766925,438.2,15.17276507,NA,FALSE,TRUE,-0.11264791,4.9782899999999998E-4,NA,NA,-4.2585955640000002,0.8,-3.406876451,No,No,NA,84,Alter et al. 2024,baragi lv anil ac,balanus amphitrite,length,t,490.45,438.2,8.417767,15.172765,3,3,NA,NA,NA,NA,NA,NA,NA,NA,NA,NA,NA,NA,NA,NA,NA,NA,NA,NA,NA,NA,not_matched_in_alter_sheet,NA,NA
Alter et al. 2024,1093_AltersInvert,192,NA,NA,Yes,NA,"Baragi LV, Anil AC",NA,2015,NA,NA,NA,NA,Marine,NA,Zooplankton,Meroplankton,Arthropoda,Balanus amphitrite,NA,NA,T,NA,NA,NA,3,3,NA,416,29.8,412,33.9,-4,4.099999999999998,NA,NA,NA,192_Balanus_amphitrite_LARVA_CO2416.00_pHNA_T29.8,2.6148972160000001,29.8,Developmental time,Development,NA,NA,NA,4.66,0.571576766,4.33,0.571576766,NA,TRUE,TRUE,-7.3447905999999993E-2,1.0823169000000001E-2,NA,NA,-0.57735026899999997,0.8,-0.46188021499999998,No,No,NA,85,Alter et al. 2024,baragi lv anil ac,balanus amphitrite,developmental time,t,4.66,4.33,0.571577,0.571577,3,3,NA,NA,NA,NA,NA,NA,NA,NA,NA,NA,NA,NA,NA,NA,NA,NA,NA,NA,NA,NA,not_matched_in_alter_sheet,NA,NA
Alter et al. 2024,1094_AltersInvert,192,NA,NA,Yes,NA,"Baragi LV, Anil AC",NA,2014,NA,NA,NA,NA,Marine,NA,Zooplankton,Meroplankton,Arthropoda,Balanus amphitrite,NA,NA,T,NA,NA,NA,3,3,NA,416,29.8,412,33.9,-4,4.099999999999998,NA,NA,NA,192_Balanus_amphitrite_LARVA_CO2416.00_pHNA_T29.8,2.6148972160000001,29.8,RNA/DNA ratio,Physiology,NA,NA,NA,1.27,0.034641016,1.19,0.034641016,NA,TRUE,TRUE,-6.5063593000000003E-2,5.3046600000000005E-4,NA,NA,-2.309401077,0.8,-1.847520861,No,No,NA,86,Alter et al. 2024,baragi lv anil ac,balanus amphitrite,rna dna ratio,t,1.27,1.19,0.034641,0.034641,3,3,NA,NA,NA,NA,NA,NA,NA,NA,NA,NA,NA,NA,NA,NA,NA,NA,NA,NA,NA,NA,not_matched_in_alter_sheet,NA,NA
Alter et al. 2024,1068_AltersInvert,192,NA,NA,Yes,NA,"Baragi LV, Anil AC",NA,2015,NA,NA,NA,NA,Marine,NA,Zooplankton,Meroplankton,Arthropoda,Balanus amphitrite,NA,NA,TpH,NA,NA,NA,3,3,NA,416,29.8,781,33.9,365,4.099999999999998,NA,NA,NA,192_Balanus_amphitrite_LARVA_CO2416.00_pHNA_T29.8,2.892651034,29.8,Survival,Survival,NA,NA,NA,20.17,7.551741521,79.83,5.455960044,NA,TRUE,TRUE,1.3757030219999999,4.8283277999999999E-2,NA,NA,9.056234109,0.8,7.2449872869999998,No,No,NA,87,Alter et al. 2024,baragi lv anil ac,balanus amphitrite,survival,tph,20.17,79.83,7.551742,5.45596,3,3,NA,NA,NA,NA,NA,NA,NA,NA,NA,NA,NA,NA,NA,NA,NA,NA,NA,NA,NA,NA,not_matched_in_alter_sheet,NA,NA
Alter et al. 2024,1070_AltersInvert,192,NA,NA,Yes,NA,"Baragi LV, Anil AC",NA,2015,NA,NA,NA,NA,Marine,NA,Zooplankton,Meroplankton,Arthropoda,Balanus amphitrite,NA,NA,TpH,NA,NA,NA,3,3,NA,416,29.8,781,33.9,365,4.099999999999998,NA,NA,NA,192_Balanus_amphitrite_LARVA_CO2416.00_pHNA_T29.8,2.892651034,29.8,Metamorphosis,Development,NA,NA,NA,54.85,6.30466494,37.01,9.456997409,NA,FALSE,TRUE,-0.39341404000000002,2.6168443E-2,NA,NA,-2.2197606909999998,0.8,-1.7758085530000001,No,No,NA,88,Alter et al. 2024,baragi lv anil ac,balanus amphitrite,metamorphosis,tph,54.85,37.01,6.304665,9.456997,3,3,NA,NA,NA,NA,NA,NA,NA,NA,NA,NA,NA,NA,NA,NA,NA,NA,NA,NA,NA,NA,not_matched_in_alter_sheet,NA,NA
Alter et al. 2024,1072_AltersInvert,192,NA,NA,Yes,NA,"Baragi LV, Anil AC",NA,2015,NA,NA,NA,NA,Marine,NA,Zooplankton,Meroplankton,Arthropoda,Balanus amphitrite,NA,NA,TpH,NA,NA,NA,3,3,NA,416,29.8,781,33.9,365,4.099999999999998,NA,NA,NA,192_Balanus_amphitrite_LARVA_CO2416.00_pHNA_T29.8,2.892651034,29.8,RNA/DNA ratio,Physiology,NA,NA,NA,1.27,0.034641016,1.01,0.034641016,NA,FALSE,TRUE,-0.22906657,6.4011899999999997E-4,NA,NA,-7.5055534990000004,0.8,-6.0044427999999996,No,No,NA,89,Alter et al. 2024,baragi lv anil ac,balanus amphitrite,rna dna ratio,tph,1.27,1.01,0.034641,0.034641,3,3,NA,NA,NA,NA,NA,NA,NA,NA,NA,NA,NA,NA,NA,NA,NA,NA,NA,NA,NA,NA,not_matched_in_alter_sheet,NA,NA
Alter et al. 2024,1074_AltersInvert,192,NA,NA,Yes,NA,"Baragi LV, Anil AC",NA,2015,NA,NA,NA,NA,Marine,NA,Zooplankton,Meroplankton,Arthropoda,Balanus amphitrite,NA,NA,TpH,NA,NA,NA,3,3,NA,416,29.8,781,33.9,365,4.099999999999998,NA,NA,NA,192_Balanus_amphitrite_LARVA_CO2416.00_pHNA_T29.8,2.892651034,29.8,Developmental time,Development,NA,NA,NA,4.66,0.571576766,4,0.034641016,NA,FALSE,TRUE,-0.15272108700000001,5.0398279999999997E-3,NA,NA,-1.6300023290000001,0.8,-1.304001864,No,No,NA,90,Alter et al. 2024,baragi lv anil ac,balanus amphitrite,developmental time,tph,4.66,4,0.571577,0.034641,3,3,NA,NA,NA,NA,NA,NA,NA,NA,NA,NA,NA,NA,NA,NA,NA,NA,NA,NA,NA,NA,not_matched_in_alter_sheet,NA,NA
Alter et al. 2024,1097_AltersInvert,192,NA,NA,Yes,NA,"Baragi LV, Anil AC",NA,2014,NA,NA,NA,NA,Marine,NA,Zooplankton,Meroplankton,Arthropoda,Balanus amphitrite,NA,NA,TpH,NA,NA,NA,3,3,NA,416,29.8,781,33.9,365,4.099999999999998,NA,NA,NA,192_Balanus_amphitrite_LARVA_CO2416.00_pHNA_T29.8,2.892651034,29.8,Length,Growth,NA,NA,NA,490.45,8.417766925,490.45,5.057588358,NA,FALSE,TRUE,0,1.3364E-4,NA,NA,0,0.8,0,No,No,NA,91,Alter et al. 2024,baragi lv anil ac,balanus amphitrite,length,tph,490.45,490.45,8.417767,5.057588,3,3,NA,NA,NA,NA,NA,NA,NA,NA,NA,NA,NA,NA,NA,NA,NA,NA,NA,NA,NA,NA,not_matched_in_alter_sheet,NA,NA
Alter et al. 2024,1133_AltersInvert,208,NA,NA,Yes,NA,"Baria MVB, Kurihara H, Harii S",NA,2015,NA,NA,NA,NA,Marine,NA,Zooplankton,Meroplankton,Cnidaria,Fungia fungites,NA,NA,pH,NA,NA,NA,3,3,NA,420,28.1,1746,28.1,1326,0,NA,NA,NA,208_Fungia_fungites_LARVA_CO2420.00_pH8.17_T28.1,3.2420442390000002,28.1,Survival,Survival,NA,NA,NA,68.77,19.91858429,57.46,14.47994475,NA,FALSE,TRUE,-0.17967854999999999,4.9131965E-2,NA,NA,-0.64951812499999995,0.8,-0.51961449999999998,No,No,NA,92,Alter et al. 2024,baria mvb kurihara h harii s,fungia fungites,survival,ph,68.77,57.46,19.918584,14.479945,3,3,NA,NA,NA,NA,NA,NA,NA,NA,NA,NA,NA,NA,NA,NA,NA,NA,NA,NA,NA,NA,not_matched_in_alter_sheet,NA,NA
Alter et al. 2024,1136_AltersInvert,208,NA,NA,Yes,NA,"Baria MVB, Kurihara H, Harii S",NA,2015,NA,NA,NA,NA,Marine,NA,Zooplankton,Meroplankton,Cnidaria,Fungia fungites,NA,NA,pH,NA,NA,NA,3,3,NA,420,28.1,1056,28.1,636,0,NA,NA,NA,208_Fungia_fungites_LARVA_CO2420.00_pH8.17_T28.1,3.023663918,28.1,Survival,Survival,NA,NA,NA,68.77,19.91858429,61.53,5.438639536,NA,FALSE,TRUE,-0.11124274300000001,3.056816E-2,NA,NA,-0.495885293,0.8,-0.39670823399999999,No,No,NA,93,Alter et al. 2024,baria mvb kurihara h harii s,fungia fungites,survival,ph,68.77,61.53,19.918584,5.43864,3,3,NA,NA,NA,NA,NA,NA,NA,NA,NA,NA,NA,NA,NA,NA,NA,NA,NA,NA,NA,NA,not_matched_in_alter_sheet,NA,NA
Alter et al. 2024,1139_AltersInvert,208,NA,NA,Yes,NA,"Baria MVB, Kurihara H, Harii S",NA,2011,NA,NA,NA,NA,Marine,NA,Zooplankton,Meroplankton,Cnidaria,Lithophyllon repanda,NA,NA,pH,NA,NA,NA,3,3,NA,419,28.1,1054,28.1,635,0,NA,NA,NA,208_Lithophyllon_repanda_LARVA_CO2419.00_pH8.17_T28.1,3.0228406109999999,28.1,Survival,Survival,NA,NA,NA,59.72,6.789639166,55.65,14.02961154,NA,TRUE,TRUE,-7.0584894999999995E-2,2.5494111999999999E-2,NA,NA,-0.3692917,0.8,-0.29543335999999998,No,No,NA,94,Alter et al. 2024,baria mvb kurihara h harii s,lithophyllon repanda,survival,ph,59.72,55.65,6.789639,14.029612,3,3,NA,NA,NA,NA,NA,NA,NA,NA,NA,NA,NA,NA,NA,NA,NA,NA,NA,NA,NA,NA,not_matched_in_alter_sheet,NA,NA
Alter et al. 2024,1140_AltersInvert,208,NA,NA,Yes,NA,"Baria MVB, Kurihara H, Harii S",NA,2011,NA,NA,NA,NA,Marine,NA,Zooplankton,Meroplankton,Cnidaria,Lithophyllon repanda,NA,NA,pH,NA,NA,NA,3,3,NA,419,28.1,1758,28.1,1339,0,NA,NA,NA,208_Lithophyllon_repanda_LARVA_CO2419.00_pH8.17_T28.1,3.2450188710000001,28.1,Survival,Survival,NA,NA,NA,59.72,6.789639166,57.01,6.321985448,NA,TRUE,TRUE,-4.6440281999999999E-2,8.4076180000000004E-3,NA,NA,-0.41311095599999997,0.8,-0.33048876500000002,No,No,NA,95,Alter et al. 2024,baria mvb kurihara h harii s,lithophyllon repanda,survival,ph,59.72,57.01,6.789639,6.321985,3,3,NA,NA,NA,NA,NA,NA,NA,NA,NA,NA,NA,NA,NA,NA,NA,NA,NA,NA,NA,NA,not_matched_in_alter_sheet,NA,NA
Alter et al. 2024,1144_AltersInvert,208,NA,NA,Yes,NA,"Baria MVB, Kurihara H, Harii S",NA,2011,NA,NA,NA,NA,Marine,NA,Zooplankton,Meroplankton,Cnidaria,Lithophyllon repanda,NA,NA,T,NA,NA,NA,3,3,NA,419,28.1,473,31,54,2.8999999999999986,NA,NA,NA,208_Lithophyllon_repanda_LARVA_CO2419.00_pH8.17_T28.1,2.6748611410000001,28.1,Survival,Survival,NA,NA,NA,59.72,6.789639166,63.8,4.070319398,NA,TRUE,TRUE,6.6086218000000002E-2,5.6652969999999997E-3,NA,NA,0.72888119900000004,0.8,0.58310495900000003,No,No,NA,96,Alter et al. 2024,baria mvb kurihara h harii s,lithophyllon repanda,survival,t,59.72,63.8,6.789639,4.070319,3,3,NA,NA,NA,NA,NA,NA,NA,NA,NA,NA,NA,NA,NA,NA,NA,NA,NA,NA,NA,NA,not_matched_in_alter_sheet,NA,NA
Alter et al. 2024,1141_AltersInvert,208,NA,NA,Yes,NA,"Baria MVB, Kurihara H, Harii S",NA,2018,NA,NA,NA,NA,Marine,NA,Zooplankton,Meroplankton,Cnidaria,Fungia fungites,NA,NA,T,NA,NA,NA,3,3,NA,420,28.1,474,31.2,54,3.099999999999998,NA,NA,NA,208_Fungia_fungites_LARVA_CO2420.00_pH8.17_T28.1,2.6757783420000001,28.1,Survival,Survival,NA,NA,NA,68.77,19.91858429,66.96,8.608292514,NA,TRUE,TRUE,-2.6672176999999998E-2,3.3473008999999998E-2,NA,NA,-0.117964421,0.8,-9.4371537000000005E-2,No,No,NA,97,Alter et al. 2024,baria mvb kurihara h harii s,fungia fungites,survival,t,68.77,66.96,19.918584,8.608293,3,3,NA,NA,NA,NA,NA,NA,NA,NA,NA,NA,NA,NA,NA,NA,NA,NA,NA,NA,NA,NA,not_matched_in_alter_sheet,NA,NA
Alter et al. 2024,1135_AltersInvert,208,NA,NA,Yes,NA,"Baria MVB, Kurihara H, Harii S",NA,2015,NA,NA,NA,NA,Marine,NA,Zooplankton,Meroplankton,Cnidaria,Fungia fungites,NA,NA,T,NA,NA,NA,3,3,NA,420,28.1,527,34.1,107,6,NA,NA,NA,208_Fungia_fungites_LARVA_CO2420.00_pH8.17_T28.1,2.7218106149999999,28.1,Survival,Survival,NA,NA,NA,68.77,19.91858429,61.08,22.17025034,NA,FALSE,TRUE,-0.118583123,7.1879803000000006E-2,NA,NA,-0.36489578,0.8,-0.29191662400000001,No,No,NA,98,Alter et al. 2024,baria mvb kurihara h harii s,fungia fungites,survival,t,68.77,61.08,19.918584,22.17025,3,3,NA,NA,NA,NA,NA,NA,NA,NA,NA,NA,NA,NA,NA,NA,NA,NA,NA,NA,NA,NA,not_matched_in_alter_sheet,NA,NA
Alter et al. 2024,1131_AltersInvert,208,NA,NA,Yes,NA,"Baria MVB, Kurihara H, Harii S",NA,2015,NA,NA,NA,NA,Marine,NA,Zooplankton,Meroplankton,Cnidaria,Fungia fungites,NA,NA,TpH,NA,NA,NA,3,3,NA,420,28.1,1968,31.2,1548,3.099999999999998,NA,NA,NA,208_Fungia_fungites_LARVA_CO2420.00_pH8.17_T28.1,3.2940250940000002,28.1,Survival,Survival,NA,NA,NA,68.77,19.91858429,51.58,7.239972376,NA,FALSE,TRUE,-0.28763360300000002,3.4531238999999998E-2,NA,NA,-1.147061906,0.8,-0.91764952499999997,No,No,NA,99,Alter et al. 2024,baria mvb kurihara h harii s,fungia fungites,survival,tph,68.77,51.58,19.918584,7.239972,3,3,NA,NA,NA,NA,NA,NA,NA,NA,NA,NA,NA,NA,NA,NA,NA,NA,NA,NA,NA,NA,not_matched_in_alter_sheet,NA,NA
Alter et al. 2024,1132_AltersInvert,208,NA,NA,Yes,NA,"Baria MVB, Kurihara H, Harii S",NA,2015,NA,NA,NA,NA,Marine,NA,Zooplankton,Meroplankton,Cnidaria,Fungia fungites,NA,NA,TpH,NA,NA,NA,3,3,NA,420,28.1,1191,31.2,771,3.099999999999998,NA,NA,NA,208_Fungia_fungites_LARVA_CO2420.00_pH8.17_T28.1,3.075911761,28.1,Survival,Survival,NA,NA,NA,68.77,19.91858429,56.11,17.19926452,NA,FALSE,TRUE,-0.20345355400000001,5.9283619000000003E-2,NA,NA,-0.68032828499999998,0.8,-0.54426262800000003,No,No,NA,100,Alter et al. 2024,baria mvb kurihara h harii s,fungia fungites,survival,tph,68.77,56.11,19.918584,17.199265,3,3,NA,NA,NA,NA,NA,NA,NA,NA,NA,NA,NA,NA,NA,NA,NA,NA,NA,NA,NA,NA,not_matched_in_alter_sheet,NA,NA
Alter et al. 2024,1134_AltersInvert,208,NA,NA,Yes,NA,"Baria MVB, Kurihara H, Harii S",NA,2015,NA,NA,NA,NA,Marine,NA,Zooplankton,Meroplankton,Cnidaria,Fungia fungites,NA,NA,TpH,NA,NA,NA,3,3,NA,420,28.1,2189,34.1,1769,6,NA,NA,NA,208_Fungia_fungites_LARVA_CO2420.00_pH8.17_T28.1,3.3402457619999999,28.1,Survival,Survival,NA,NA,NA,68.77,19.91858429,60.63,24.42191639,NA,FALSE,TRUE,-0.12597778300000001,8.2047180999999997E-2,NA,NA,-0.36527960100000001,0.8,-0.29222368100000001,No,No,NA,101,Alter et al. 2024,baria mvb kurihara h harii s,fungia fungites,survival,tph,68.77,60.63,19.918584,24.421916,3,3,NA,NA,NA,NA,NA,NA,NA,NA,NA,NA,NA,NA,NA,NA,NA,NA,NA,NA,NA,NA,not_matched_in_alter_sheet,NA,NA
Alter et al. 2024,1137_AltersInvert,208,NA,NA,Yes,NA,"Baria MVB, Kurihara H, Harii S",NA,2015,NA,NA,NA,NA,Marine,NA,Zooplankton,Meroplankton,Cnidaria,Fungia fungites,NA,NA,TpH,NA,NA,NA,3,3,NA,420,28.1,1325,34.1,905,6,NA,NA,NA,208_Fungia_fungites_LARVA_CO2420.00_pH8.17_T28.1,3.122215878,28.1,Survival,Survival,NA,NA,NA,68.77,19.91858429,61.99,17.63227722,NA,FALSE,TRUE,-0.103794522,5.4932112999999998E-2,NA,NA,-0.36044275100000001,0.8,-0.28835420099999998,No,No,NA,102,Alter et al. 2024,baria mvb kurihara h harii s,fungia fungites,survival,tph,68.77,61.99,19.918584,17.632277,3,3,NA,NA,NA,NA,NA,NA,NA,NA,NA,NA,NA,NA,NA,NA,NA,NA,NA,NA,NA,NA,not_matched_in_alter_sheet,NA,NA
Alter et al. 2024,1138_AltersInvert,208,NA,NA,Yes,NA,"Baria MVB, Kurihara H, Harii S",NA,2015,NA,NA,NA,NA,Marine,NA,Zooplankton,Meroplankton,Cnidaria,Lithophyllon repanda,NA,NA,TpH,NA,NA,NA,3,3,NA,419,28.1,1981,31,1562,2.8999999999999986,NA,NA,NA,208_Lithophyllon_repanda_LARVA_CO2419.00_pH8.17_T28.1,3.2968844759999998,28.1,Survival,Survival,NA,NA,NA,59.72,6.789639166,54.29,14.02961154,NA,TRUE,TRUE,-9.5326925000000007E-2,2.6568830000000002E-2,NA,NA,-0.49269138400000001,0.8,-0.394153107,No,No,NA,103,Alter et al. 2024,baria mvb kurihara h harii s,lithophyllon repanda,survival,tph,59.72,54.29,6.789639,14.029612,3,3,NA,NA,NA,NA,NA,NA,NA,NA,NA,NA,NA,NA,NA,NA,NA,NA,NA,NA,NA,NA,not_matched_in_alter_sheet,NA,NA
Alter et al. 2024,1142_AltersInvert,208,NA,NA,Yes,NA,"Baria MVB, Kurihara H, Harii S",NA,2018,NA,NA,NA,NA,Marine,NA,Zooplankton,Meroplankton,Cnidaria,Lithophyllon repanda,NA,NA,TpH,NA,NA,NA,3,3,NA,419,28.1,1188,31,769,2.8999999999999986,NA,NA,NA,208_Lithophyllon_repanda_LARVA_CO2419.00_pH8.17_T28.1,3.0748164409999998,28.1,Survival,Survival,NA,NA,NA,59.72,6.789639166,61.08,8.157959304,NA,TRUE,TRUE,2.2517507999999999E-2,1.0254822E-2,NA,NA,0.18121135899999999,0.8,0.144969087,No,No,NA,104,Alter et al. 2024,baria mvb kurihara h harii s,lithophyllon repanda,survival,tph,59.72,61.08,6.789639,8.157959,3,3,NA,NA,NA,NA,NA,NA,NA,NA,NA,NA,NA,NA,NA,NA,NA,NA,NA,NA,NA,NA,not_matched_in_alter_sheet,NA,NA
Alter et al. 2024,772_AltersInvert,75,NA,NA,Yes,NA,"Bylenga CH, Cummings VJ, Ryan KG",NA,2017,NA,NA,NA,NA,Marine,NA,Zooplankton,Meroplankton,Mollusca,Laternula elliptica,NA,NA,pH,NA,NA,NA,3,3,NA,458,-1.6,1045,-1.6,587,0,NA,NA,NA,75_Laternula_elliptica_LARVA_CO2458.00_pH7.97_T-1.6,3.0191162899999999,-1.6,growth rate,Growth,NA,NA,NA,5.98,0.242487113,2.97,3.706588728,NA,FALSE,FALSE,-0.69985861500000002,0.51972414,NA,NA,-1.1459870720000001,0.8,-0.91678965700000004,No,No,NA,114,Alter et al. 2024,bylenga ch cummings vj ryan kg,laternula elliptica,growth rate,ph,5.98,2.97,0.242487,3.706589,3,3,NA,NA,NA,NA,NA,NA,NA,NA,NA,NA,NA,NA,NA,NA,NA,NA,NA,NA,NA,NA,not_matched_in_alter_sheet,NA,NA
Alter et al. 2024,773_AltersInvert,75,NA,NA,Yes,NA,"Bylenga CH, Cummings VJ, Ryan KG",NA,2017,NA,NA,NA,NA,Marine,NA,Zooplankton,Meroplankton,Mollusca,Laternula elliptica,NA,NA,pH,NA,NA,NA,3,3,NA,458,-1.6,1045,-1.6,587,0,NA,NA,NA,75_Laternula_elliptica_LARVA_CO2458.00_pH7.97_T-1.6,3.0191162899999999,-1.6,Normal,Development,NA,NA,NA,29.04,7.430497964,56.57,34.1040804,NA,FALSE,FALSE,0.66680461899999999,0.142972135,NA,NA,1.115434262,0.8,0.89234740899999998,No,No,NA,115,Alter et al. 2024,bylenga ch cummings vj ryan kg,laternula elliptica,normal,ph,29.04,56.57,7.430498,34.10408,3,3,NA,NA,NA,NA,NA,NA,NA,NA,NA,NA,NA,NA,NA,NA,NA,NA,NA,NA,NA,NA,not_matched_in_alter_sheet,NA,NA
Alter et al. 2024,775_AltersInvert,75,NA,NA,Yes,NA,"Bylenga CH, Cummings VJ, Ryan KG",NA,2017,NA,NA,NA,NA,Marine,NA,Zooplankton,Meroplankton,Mollusca,Laternula elliptica,NA,NA,pH,NA,NA,NA,3,3,NA,458,-1.6,714,-1.6,256,0,NA,NA,NA,75_Laternula_elliptica_LARVA_CO2458.00_pH7.97_T-1.6,2.8536982119999998,-1.6,Normal,Development,NA,NA,NA,29.04,7.430497964,51.77,15.74434184,NA,FALSE,TRUE,0.57813664099999995,5.2653198999999998E-2,NA,NA,1.8463919639999999,0.8,1.4771135710000001,No,No,NA,116,Alter et al. 2024,bylenga ch cummings vj ryan kg,laternula elliptica,normal,ph,29.04,51.77,7.430498,15.744342,3,3,NA,NA,NA,NA,NA,NA,NA,NA,NA,NA,NA,NA,NA,NA,NA,NA,NA,NA,NA,NA,not_matched_in_alter_sheet,NA,NA
Alter et al. 2024,783_AltersInvert,75,NA,NA,Yes,NA,"Bylenga CH, Cummings VJ, Ryan KG",NA,2017,NA,NA,NA,NA,Marine,NA,Zooplankton,Meroplankton,Mollusca,Laternula elliptica,NA,NA,pH,NA,NA,NA,3,3,NA,458,-1.6,714,-1.6,256,0,NA,NA,NA,75_Laternula_elliptica_LARVA_CO2458.00_pH7.97_T-1.6,2.8536982119999998,-1.6,Shell damage,Physiology,NA,NA,NA,3.43,0.571576766,7.11,0.848704896,NA,TRUE,TRUE,0.72894198300000002,1.4005903E-2,NA,NA,5.0861536479999998,0.8,4.0689229180000002,No,No,NA,117,Alter et al. 2024,bylenga ch cummings vj ryan kg,laternula elliptica,shell damage,ph,3.43,7.11,0.571577,0.848705,3,3,NA,NA,NA,NA,NA,NA,NA,NA,NA,NA,NA,NA,NA,NA,NA,NA,NA,NA,NA,NA,not_matched_in_alter_sheet,NA,NA
Alter et al. 2024,848_AltersInvert,75,NA,NA,Yes,NA,"Bylenga CH, Cummings VJ, Ryan KG",NA,2017,NA,NA,NA,NA,Marine,NA,Zooplankton,Meroplankton,Mollusca,Laternula elliptica,NA,NA,pH,NA,NA,NA,3,3,NA,458,-1.6,1045,-1.6,587,0,NA,NA,NA,75_Laternula_elliptica_LARVA_CO2458.00_pH7.97_T-1.6,3.0191162899999999,-1.6,Shell damage,Physiology,NA,NA,NA,3.43,0.571576766,12.32,2.113101985,NA,TRUE,TRUE,1.278663697,1.9062491000000001E-2,NA,NA,5.743318296,0.8,4.5946546359999996,No,No,NA,118,Alter et al. 2024,bylenga ch cummings vj ryan kg,laternula elliptica,shell damage,ph,3.43,12.32,0.571577,2.113102,3,3,NA,NA,NA,NA,NA,NA,NA,NA,NA,NA,NA,NA,NA,NA,NA,NA,NA,NA,NA,NA,not_matched_in_alter_sheet,NA,NA
Alter et al. 2024,849_AltersInvert,75,NA,NA,Yes,NA,"Bylenga CH, Cummings VJ, Ryan KG",NA,2011,NA,NA,NA,NA,Marine,NA,Zooplankton,Meroplankton,Mollusca,Laternula elliptica,NA,NA,pH,NA,NA,NA,3,3,NA,458,-1.6,714,-1.6,256,0,NA,NA,NA,75_Laternula_elliptica_LARVA_CO2458.00_pH7.97_T-1.6,2.8536982119999998,-1.6,growth rate,Growth,NA,NA,NA,5.98,0.242487113,6.59,0.744781847,NA,TRUE,TRUE,9.7132781000000001E-2,4.8057040000000001E-3,NA,NA,1.1013809219999999,0.8,0.88110473700000003,No,No,NA,119,Alter et al. 2024,bylenga ch cummings vj ryan kg,laternula elliptica,growth rate,ph,5.98,6.59,0.242487,0.744782,3,3,NA,NA,NA,NA,NA,NA,NA,NA,NA,NA,NA,NA,NA,NA,NA,NA,NA,NA,NA,NA,not_matched_in_alter_sheet,NA,NA
Alter et al. 2024,1117_AltersInvert,200,NA,NA,Yes,NA,"Bylenga CH, Cummings VJ, Ryan KG",NA,2015,NA,NA,NA,NA,Marine,NA,Zooplankton,Meroplankton,Mollusca,Laternula elliptica,NA,NA,pH,NA,NA,NA,6,6,NA,350,-1.6,554,-1.6,204,0,NA,NA,NA,200_Laternula_elliptica_LARVA_CO2350.00_pH7.99_T-1.6,2.7435097650000002,-1.6,Normal,Development,NA,NA,NA,61.38,7.495438613,67.22,8.156800843,NA,FALSE,TRUE,9.0886773000000004E-2,4.9394540000000002E-3,NA,NA,0.74555385299999999,0.923076923,0.68820355700000002,No,No,NA,120,Alter et al. 2024,bylenga ch cummings vj ryan kg,laternula elliptica,normal,ph,61.38,67.22,7.495439,8.156801,6,6,NA,NA,NA,NA,NA,NA,NA,NA,NA,NA,NA,NA,NA,NA,NA,NA,NA,NA,NA,NA,not_matched_in_alter_sheet,NA,NA
Alter et al. 2024,1118_AltersInvert,200,NA,NA,Yes,NA,"Bylenga CH, Cummings VJ, Ryan KG",NA,2015,NA,NA,NA,NA,Marine,NA,Zooplankton,Meroplankton,Mollusca,Laternula elliptica,NA,NA,pH,NA,NA,NA,6,6,NA,350,-1.6,823,-1.6,473,0,NA,NA,NA,200_Laternula_elliptica_LARVA_CO2350.00_pH7.99_T-1.6,2.9153998350000001,-1.6,Normal,Development,NA,NA,NA,61.38,7.495438613,64.72,10.87573446,NA,FALSE,TRUE,5.2986223999999998E-2,7.1917600000000002E-3,NA,NA,0.35760991199999997,0.923076923,0.33010145699999999,No,No,NA,121,Alter et al. 2024,bylenga ch cummings vj ryan kg,laternula elliptica,normal,ph,61.38,64.72,7.495439,10.875734,6,6,NA,NA,NA,NA,NA,NA,NA,NA,NA,NA,NA,NA,NA,NA,NA,NA,NA,NA,NA,NA,not_matched_in_alter_sheet,NA,NA
Alter et al. 2024,1124_AltersInvert,200,NA,NA,Yes,NA,"Bylenga CH, Cummings VJ, Ryan KG",NA,2015,NA,NA,NA,NA,Marine,NA,Zooplankton,Meroplankton,Mollusca,Laternula elliptica,NA,NA,pH,NA,NA,NA,6,6,NA,350,-1.6,554,-1.6,204,0,NA,NA,NA,200_Laternula_elliptica_LARVA_CO2350.00_pH7.99_T-1.6,2.7435097650000002,-1.6,Life-stage,Development,NA,NA,NA,13.25,7.421953921,19.31,11.14517833,NA,FALSE,FALSE,0.37662554399999998,0.10781532100000001,NA,NA,0.64002508000000002,0.923076923,0.59079238199999995,No,No,NA,122,Alter et al. 2024,bylenga ch cummings vj ryan kg,laternula elliptica,life stage,ph,13.25,19.31,7.421954,11.145178,6,6,NA,NA,NA,NA,NA,NA,NA,NA,NA,NA,NA,NA,NA,NA,NA,NA,NA,NA,NA,NA,not_matched_in_alter_sheet,NA,NA
Alter et al. 2024,1125_AltersInvert,200,NA,NA,Yes,NA,"Bylenga CH, Cummings VJ, Ryan KG",NA,2015,NA,NA,NA,NA,Marine,NA,Zooplankton,Meroplankton,Mollusca,Laternula elliptica,NA,NA,pH,NA,NA,NA,6,6,NA,350,-1.6,823,-1.6,473,0,NA,NA,NA,200_Laternula_elliptica_LARVA_CO2350.00_pH7.99_T-1.6,2.9153998350000001,-1.6,Life-stage,Development,NA,NA,NA,13.25,7.421953921,25.75,9.283566125,NA,FALSE,TRUE,0.66443707500000004,7.3957464000000001E-2,NA,NA,1.487305001,0.923076923,1.372896924,No,No,NA,123,Alter et al. 2024,bylenga ch cummings vj ryan kg,laternula elliptica,life stage,ph,13.25,25.75,7.421954,9.283566,6,6,NA,NA,NA,NA,NA,NA,NA,NA,NA,NA,NA,NA,NA,NA,NA,NA,NA,NA,NA,NA,not_matched_in_alter_sheet,NA,NA
Alter et al. 2024,2097_AltersInvert,200,NA,NA,Yes,NA,"Bylenga CH, Cummings VJ, Ryan KG",NA,2010,NA,NA,NA,NA,Marine,NA,Zooplankton,Meroplankton,Mollusca,Laternula elliptica,NA,NA,pH,NA,NA,NA,6,6,NA,350,-1.6,823,-1.6,473,0,NA,NA,NA,200_Laternula_elliptica_EMBRYO_CO2350.00_pH7.99_T-1.6,2.9153998350000001,-1.6,Fertilization,Reproduction,NA,NA,NA,84.13,2.302520358,84.84,3.453780537,NA,TRUE,TRUE,8.4039079999999999E-3,4.0104799999999999E-4,NA,NA,0.24189572200000001,0.923076923,0.22328835799999999,No,No,NA,124,Alter et al. 2024,bylenga ch cummings vj ryan kg,laternula elliptica,fertilization,ph,84.13,84.84,2.30252,3.453781,6,6,NA,NA,NA,NA,NA,NA,NA,NA,NA,NA,NA,NA,NA,NA,NA,NA,NA,NA,NA,NA,not_matched_in_alter_sheet,NA,NA
Alter et al. 2024,2106_AltersInvert,200,NA,NA,Yes,NA,"Bylenga CH, Cummings VJ, Ryan KG",NA,2010,NA,NA,NA,NA,Marine,NA,Zooplankton,Meroplankton,Mollusca,Laternula elliptica,NA,NA,pH,NA,NA,NA,6,6,NA,350,-1.6,554,-1.6,204,0,NA,NA,NA,200_Laternula_elliptica_EMBRYO_CO2350.00_pH7.99_T-1.6,2.7435097650000002,-1.6,Fertilization,Reproduction,NA,NA,NA,84.13,2.302520358,85.55,5.192918255,NA,TRUE,TRUE,1.6737779000000001E-2,7.3892999999999995E-4,NA,NA,0.35352271000000002,0.923076923,0.32632865599999999,No,No,NA,125,Alter et al. 2024,bylenga ch cummings vj ryan kg,laternula elliptica,fertilization,ph,84.13,85.55,2.30252,5.192918,6,6,NA,NA,NA,NA,NA,NA,NA,NA,NA,NA,NA,NA,NA,NA,NA,NA,NA,NA,NA,NA,not_matched_in_alter_sheet,NA,NA
Alter et al. 2024,779_AltersInvert,75,NA,NA,Yes,NA,"Bylenga CH, Cummings VJ, Ryan KG",NA,2017,NA,NA,NA,NA,Marine,NA,Zooplankton,Meroplankton,Mollusca,Laternula elliptica,NA,NA,T,NA,NA,NA,3,3,NA,458,-1.6,460,-0.5,2,1.1,NA,NA,NA,75_Laternula_elliptica_LARVA_CO2458.00_pH7.97_T-1.6,2.662757832,-1.6,Shell damage,Physiology,NA,NA,NA,3.43,0.571576766,3.27,1.26439709,NA,TRUE,TRUE,-4.7770276E-2,5.9093155000000001E-2,NA,NA,-0.16307015999999999,0.8,-0.130456128,No,No,NA,126,Alter et al. 2024,bylenga ch cummings vj ryan kg,laternula elliptica,shell damage,t,3.43,3.27,0.571577,1.264397,3,3,NA,NA,NA,NA,NA,NA,NA,NA,NA,NA,NA,NA,NA,NA,NA,NA,NA,NA,NA,NA,not_matched_in_alter_sheet,NA,NA
Alter et al. 2024,847_AltersInvert,75,NA,NA,Yes,NA,"Bylenga CH, Cummings VJ, Ryan KG",NA,2017,NA,NA,NA,NA,Marine,NA,Zooplankton,Meroplankton,Mollusca,Laternula elliptica,NA,NA,T,NA,NA,NA,3,3,NA,458,-1.6,460,-0.5,2,1.1,NA,NA,NA,75_Laternula_elliptica_LARVA_CO2458.00_pH7.97_T-1.6,2.662757832,-1.6,Normal,Development,NA,NA,NA,29.04,7.430497964,22.8,2.494153163,NA,TRUE,TRUE,-0.24191365400000001,2.5812267E-2,NA,NA,-1.1258962480000001,0.8,-0.90071699900000002,No,No,NA,127,Alter et al. 2024,bylenga ch cummings vj ryan kg,laternula elliptica,normal,t,29.04,22.8,7.430498,2.494153,3,3,NA,NA,NA,NA,NA,NA,NA,NA,NA,NA,NA,NA,NA,NA,NA,NA,NA,NA,NA,NA,not_matched_in_alter_sheet,NA,NA
Alter et al. 2024,850_AltersInvert,75,NA,NA,Yes,NA,"Bylenga CH, Cummings VJ, Ryan KG",NA,2011,NA,NA,NA,NA,Marine,NA,Zooplankton,Meroplankton,Mollusca,Laternula elliptica,NA,NA,T,NA,NA,NA,3,3,NA,458,-1.6,460,-0.5,2,1.1,NA,NA,NA,75_Laternula_elliptica_LARVA_CO2458.00_pH7.97_T-1.6,2.662757832,-1.6,growth rate,Growth,NA,NA,NA,5.98,0.242487113,7.64,1.073871501,NA,FALSE,TRUE,0.24497703500000001,7.1337120000000004E-3,NA,NA,2.132415231,0.8,1.705932185,No,No,NA,128,Alter et al. 2024,bylenga ch cummings vj ryan kg,laternula elliptica,growth rate,t,5.98,7.64,0.242487,1.073872,3,3,NA,NA,NA,NA,NA,NA,NA,NA,NA,NA,NA,NA,NA,NA,NA,NA,NA,NA,NA,NA,not_matched_in_alter_sheet,NA,NA
Alter et al. 2024,1123_AltersInvert,200,NA,NA,Yes,NA,"Bylenga CH, Cummings VJ, Ryan KG",NA,2015,NA,NA,NA,NA,Marine,NA,Zooplankton,Meroplankton,Mollusca,Laternula elliptica,NA,NA,T,NA,NA,NA,6,6,NA,350,-1.6,367,-0.5,17,1.1,NA,NA,NA,200_Laternula_elliptica_LARVA_CO2350.00_pH7.99_T-1.6,2.5646660639999999,-1.6,Normal,Development,NA,NA,NA,61.38,7.495438613,50.83,6.809581485,NA,FALSE,TRUE,-0.18859731800000001,5.4765860000000003E-3,NA,NA,-1.4733142530000001,0.923076923,-1.3599823870000001,No,No,NA,129,Alter et al. 2024,bylenga ch cummings vj ryan kg,laternula elliptica,normal,t,61.38,50.83,7.495439,6.809581,6,6,NA,NA,NA,NA,NA,NA,NA,NA,NA,NA,NA,NA,NA,NA,NA,NA,NA,NA,NA,NA,not_matched_in_alter_sheet,NA,NA
Alter et al. 2024,1129_AltersInvert,200,NA,NA,Yes,NA,"Bylenga CH, Cummings VJ, Ryan KG",NA,2015,NA,NA,NA,NA,Marine,NA,Zooplankton,Meroplankton,Mollusca,Laternula elliptica,NA,NA,T,NA,NA,NA,6,6,NA,350,-1.6,367,-0.5,17,1.1,NA,NA,NA,200_Laternula_elliptica_LARVA_CO2350.00_pH7.99_T-1.6,2.5646660639999999,-1.6,Life-stage,Development,NA,NA,NA,13.25,7.421953921,95.07,6.491147818,NA,TRUE,TRUE,1.97061591,5.3071168000000002E-2,NA,NA,11.735342559999999,0.923076923,10.8326239,Yes,No,NA,130,Alter et al. 2024,bylenga ch cummings vj ryan kg,laternula elliptica,life stage,t,13.25,95.07,7.421954,6.491148,6,6,NA,NA,NA,NA,NA,NA,NA,NA,NA,NA,NA,NA,NA,NA,NA,NA,NA,NA,NA,NA,not_matched_in_alter_sheet,NA,NA
Alter et al. 2024,2084_AltersInvert,200,NA,NA,Yes,NA,"Bylenga CH, Cummings VJ, Ryan KG",NA,2010,NA,NA,NA,NA,Marine,NA,Zooplankton,Meroplankton,Mollusca,Laternula elliptica,NA,NA,T,NA,NA,NA,6,6,NA,350,-1.6,367,-0.5,17,1.1,NA,NA,NA,200_Laternula_elliptica_EMBRYO_CO2350.00_pH7.99_T-1.6,2.5646660639999999,-1.6,Fertilization,Reproduction,NA,NA,NA,84.13,2.302520358,81.77,4.041658076,NA,TRUE,TRUE,-2.8452793000000001E-2,5.3201400000000003E-4,NA,NA,-0.71751749099999995,0.923076923,-0.66232383800000005,No,No,NA,131,Alter et al. 2024,bylenga ch cummings vj ryan kg,laternula elliptica,fertilization,t,84.13,81.77,2.30252,4.041658,6,6,NA,NA,NA,NA,NA,NA,NA,NA,NA,NA,NA,NA,NA,NA,NA,NA,NA,NA,NA,NA,not_matched_in_alter_sheet,NA,NA
Alter et al. 2024,778_AltersInvert,75,NA,NA,Yes,NA,"Bylenga CH, Cummings VJ, Ryan KG",NA,2017,NA,NA,NA,NA,Marine,NA,Zooplankton,Meroplankton,Mollusca,Laternula elliptica,NA,NA,T,NA,NA,NA,3,3,NA,458,-1.6,462,0.4,4,2,NA,NA,NA,75_Laternula_elliptica_LARVA_CO2458.00_pH7.97_T-1.6,2.664641976,-1.6,Normal,Development,NA,NA,NA,29.04,7.430497964,36.11,7.880831174,NA,FALSE,TRUE,0.217895645,3.7700324E-2,NA,NA,0.92310000800000003,0.8,0.73848000599999997,No,No,NA,132,Alter et al. 2024,bylenga ch cummings vj ryan kg,laternula elliptica,normal,t,29.04,36.11,7.430498,7.880831,3,3,NA,NA,NA,NA,NA,NA,NA,NA,NA,NA,NA,NA,NA,NA,NA,NA,NA,NA,NA,NA,not_matched_in_alter_sheet,NA,NA
Alter et al. 2024,780_AltersInvert,75,NA,NA,Yes,NA,"Bylenga CH, Cummings VJ, Ryan KG",NA,2017,NA,NA,NA,NA,Marine,NA,Zooplankton,Meroplankton,Mollusca,Laternula elliptica,NA,NA,T,NA,NA,NA,3,3,NA,458,-1.6,462,0.4,4,2,NA,NA,NA,75_Laternula_elliptica_LARVA_CO2458.00_pH7.97_T-1.6,2.664641976,-1.6,Shell damage,Physiology,NA,NA,NA,3.43,0.571576766,4.65,2.234345542,NA,TRUE,TRUE,0.30430695800000002,8.6217846000000001E-2,NA,NA,0.74810030800000005,0.8,0.59848024600000005,No,No,NA,133,Alter et al. 2024,bylenga ch cummings vj ryan kg,laternula elliptica,shell damage,t,3.43,4.65,0.571577,2.234346,3,3,NA,NA,NA,NA,NA,NA,NA,NA,NA,NA,NA,NA,NA,NA,NA,NA,NA,NA,NA,NA,not_matched_in_alter_sheet,NA,NA
Alter et al. 2024,851_AltersInvert,75,NA,NA,Yes,NA,"Bylenga CH, Cummings VJ, Ryan KG",NA,2011,NA,NA,NA,NA,Marine,NA,Zooplankton,Meroplankton,Mollusca,Laternula elliptica,NA,NA,T,NA,NA,NA,3,3,NA,458,-1.6,462,0.4,4,2,NA,NA,NA,75_Laternula_elliptica_LARVA_CO2458.00_pH7.97_T-1.6,2.664641976,-1.6,growth rate,Growth,NA,NA,NA,5.98,0.242487113,7.97,0.571576766,NA,FALSE,TRUE,0.28726392499999998,2.2624889999999999E-3,NA,NA,4.5326885939999997,0.8,3.626150875,No,No,NA,134,Alter et al. 2024,bylenga ch cummings vj ryan kg,laternula elliptica,growth rate,t,5.98,7.97,0.242487,0.571577,3,3,NA,NA,NA,NA,NA,NA,NA,NA,NA,NA,NA,NA,NA,NA,NA,NA,NA,NA,NA,NA,not_matched_in_alter_sheet,NA,NA
Alter et al. 2024,1120_AltersInvert,200,NA,NA,Yes,NA,"Bylenga CH, Cummings VJ, Ryan KG",NA,2015,NA,NA,NA,NA,Marine,NA,Zooplankton,Meroplankton,Mollusca,Laternula elliptica,NA,NA,T,NA,NA,NA,6,6,NA,350,-1.6,393,0.4,43,2,NA,NA,NA,200_Laternula_elliptica_LARVA_CO2350.00_pH7.99_T-1.6,2.5943925499999998,-1.6,Normal,Development,NA,NA,NA,61.38,7.495438613,56.11,6.123724357,NA,FALSE,TRUE,-8.9769999000000003E-2,4.4705370000000001E-3,NA,NA,-0.77001372000000001,0.923076923,-0.710781895,No,No,NA,135,Alter et al. 2024,bylenga ch cummings vj ryan kg,laternula elliptica,normal,t,61.38,56.11,7.495439,6.123724,6,6,NA,NA,NA,NA,NA,NA,NA,NA,NA,NA,NA,NA,NA,NA,NA,NA,NA,NA,NA,NA,not_matched_in_alter_sheet,NA,NA
Alter et al. 2024,1127_AltersInvert,200,NA,NA,Yes,NA,"Bylenga CH, Cummings VJ, Ryan KG",NA,2015,NA,NA,NA,NA,Marine,NA,Zooplankton,Meroplankton,Mollusca,Laternula elliptica,NA,NA,T,NA,NA,NA,6,6,NA,350,-1.6,393,0.4,43,2,NA,NA,NA,200_Laternula_elliptica_LARVA_CO2350.00_pH7.99_T-1.6,2.5943925499999998,-1.6,Life-stage,Development,NA,NA,NA,13.25,7.421953921,93.18,5.560341716,NA,TRUE,TRUE,1.950535554,5.2887678E-2,NA,NA,12.1890123,0.923076923,11.251395970000001,Yes,No,NA,136,Alter et al. 2024,bylenga ch cummings vj ryan kg,laternula elliptica,life stage,t,13.25,93.18,7.421954,5.560342,6,6,NA,NA,NA,NA,NA,NA,NA,NA,NA,NA,NA,NA,NA,NA,NA,NA,NA,NA,NA,NA,not_matched_in_alter_sheet,NA,NA
Alter et al. 2024,2083_AltersInvert,200,NA,NA,Yes,NA,"Bylenga CH, Cummings VJ, Ryan KG",NA,2015,NA,NA,NA,NA,Marine,NA,Zooplankton,Meroplankton,Mollusca,Laternula elliptica,NA,NA,T,NA,NA,NA,6,6,NA,350,-1.6,393,0.4,43,2,NA,NA,NA,200_Laternula_elliptica_EMBRYO_CO2350.00_pH7.99_T-1.6,2.5943925499999998,-1.6,Fertilization,Reproduction,NA,NA,NA,84.13,2.302520358,81.53,6.95655087,NA,TRUE,TRUE,-3.1392171000000003E-2,1.338234E-3,NA,NA,-0.50178839600000003,0.923076923,-0.46318928799999998,No,No,NA,137,Alter et al. 2024,bylenga ch cummings vj ryan kg,laternula elliptica,fertilization,t,84.13,81.53,2.30252,6.956551,6,6,NA,NA,NA,NA,NA,NA,NA,NA,NA,NA,NA,NA,NA,NA,NA,NA,NA,NA,NA,NA,not_matched_in_alter_sheet,NA,NA
Alter et al. 2024,774_AltersInvert,75,NA,NA,Yes,NA,"Bylenga CH, Cummings VJ, Ryan KG",NA,2017,NA,NA,NA,NA,Marine,NA,Zooplankton,Meroplankton,Mollusca,Laternula elliptica,NA,NA,TpH,NA,NA,NA,3,3,NA,458,-1.6,1052,0.4,594,2,NA,NA,NA,75_Laternula_elliptica_LARVA_CO2458.00_pH7.97_T-1.6,3.0220157400000001,-1.6,Normal,Development,NA,NA,NA,29.04,7.430497964,54.8,2.615396719,NA,FALSE,TRUE,0.63501600400000002,2.2582610999999999E-2,NA,NA,4.6246712399999996,0.8,3.6997369920000001,No,No,NA,138,Alter et al. 2024,bylenga ch cummings vj ryan kg,laternula elliptica,normal,tph,29.04,54.8,7.430498,2.615397,3,3,NA,NA,NA,NA,NA,NA,NA,NA,NA,NA,NA,NA,NA,NA,NA,NA,NA,NA,NA,NA,not_matched_in_alter_sheet,NA,NA
Alter et al. 2024,776_AltersInvert,75,NA,NA,Yes,NA,"Bylenga CH, Cummings VJ, Ryan KG",NA,2017,NA,NA,NA,NA,Marine,NA,Zooplankton,Meroplankton,Mollusca,Laternula elliptica,NA,NA,TpH,NA,NA,NA,3,3,NA,458,-1.6,1021,-0.5,563,1.1,NA,NA,NA,75_Laternula_elliptica_LARVA_CO2458.00_pH7.97_T-1.6,3.0090257419999999,-1.6,Normal,Development,NA,NA,NA,29.04,7.430497964,49.24,23.62517302,NA,FALSE,TRUE,0.52803211100000003,9.8558198E-2,NA,NA,1.153475177,0.8,0.92278014100000005,No,No,NA,139,Alter et al. 2024,bylenga ch cummings vj ryan kg,laternula elliptica,normal,tph,29.04,49.24,7.430498,23.625173,3,3,NA,NA,NA,NA,NA,NA,NA,NA,NA,NA,NA,NA,NA,NA,NA,NA,NA,NA,NA,NA,not_matched_in_alter_sheet,NA,NA
Alter et al. 2024,777_AltersInvert,75,NA,NA,Yes,NA,"Bylenga CH, Cummings VJ, Ryan KG",NA,2017,NA,NA,NA,NA,Marine,NA,Zooplankton,Meroplankton,Mollusca,Laternula elliptica,NA,NA,TpH,NA,NA,NA,3,3,NA,458,-1.6,704,-0.5,246,1.1,NA,NA,NA,75_Laternula_elliptica_LARVA_CO2458.00_pH7.97_T-1.6,2.8475726589999999,-1.6,Normal,Development,NA,NA,NA,29.04,7.430497964,48.74,11.3622533,NA,FALSE,FALSE,0.51782585800000003,3.9938276000000002E-2,NA,NA,2.0521217439999999,0.8,1.641697395,No,No,NA,140,Alter et al. 2024,bylenga ch cummings vj ryan kg,laternula elliptica,normal,tph,29.04,48.74,7.430498,11.362253,3,3,NA,NA,NA,NA,NA,NA,NA,NA,NA,NA,NA,NA,NA,NA,NA,NA,NA,NA,NA,NA,not_matched_in_alter_sheet,NA,NA
Alter et al. 2024,781_AltersInvert,75,NA,NA,Yes,NA,"Bylenga CH, Cummings VJ, Ryan KG",NA,2017,NA,NA,NA,NA,Marine,NA,Zooplankton,Meroplankton,Mollusca,Laternula elliptica,NA,NA,TpH,NA,NA,NA,3,3,NA,458,-1.6,704,-0.5,246,1.1,NA,NA,NA,75_Laternula_elliptica_LARVA_CO2458.00_pH7.97_T-1.6,2.8475726589999999,-1.6,Shell damage,Physiology,NA,NA,NA,3.43,0.571576766,5.17,1.472243186,NA,TRUE,TRUE,0.41031242699999998,3.6287013999999999E-2,NA,NA,1.558111772,0.8,1.246489417,No,No,NA,141,Alter et al. 2024,bylenga ch cummings vj ryan kg,laternula elliptica,shell damage,tph,3.43,5.17,0.571577,1.472243,3,3,NA,NA,NA,NA,NA,NA,NA,NA,NA,NA,NA,NA,NA,NA,NA,NA,NA,NA,NA,NA,not_matched_in_alter_sheet,NA,NA
Alter et al. 2024,782_AltersInvert,75,NA,NA,Yes,NA,"Bylenga CH, Cummings VJ, Ryan KG",NA,2017,NA,NA,NA,NA,Marine,NA,Zooplankton,Meroplankton,Mollusca,Laternula elliptica,NA,NA,TpH,NA,NA,NA,3,3,NA,458,-1.6,704,-0.5,246,1.1,NA,NA,NA,75_Laternula_elliptica_LARVA_CO2458.00_pH7.97_T-1.6,2.8475726589999999,-1.6,growth rate,Growth,NA,NA,NA,5.98,0.242487113,6.16,0.190525589,NA,FALSE,TRUE,2.9656209999999999E-2,8.6697E-4,NA,NA,0.82546230200000004,0.8,0.66036984200000004,No,No,NA,142,Alter et al. 2024,bylenga ch cummings vj ryan kg,laternula elliptica,growth rate,tph,5.98,6.16,0.242487,0.190526,3,3,NA,NA,NA,NA,NA,NA,NA,NA,NA,NA,NA,NA,NA,NA,NA,NA,NA,NA,NA,NA,not_matched_in_alter_sheet,NA,NA
Alter et al. 2024,845_AltersInvert,75,NA,NA,Yes,NA,"Bylenga CH, Cummings VJ, Ryan KG",NA,2017,NA,NA,NA,NA,Marine,NA,Zooplankton,Meroplankton,Mollusca,Laternula elliptica,NA,NA,TpH,NA,NA,NA,3,3,NA,458,-1.6,1052,0.4,594,2,NA,NA,NA,75_Laternula_elliptica_LARVA_CO2458.00_pH7.97_T-1.6,3.0220157400000001,-1.6,Shell damage,Physiology,NA,NA,NA,3.43,0.571576766,7.6,1.108512517,NA,TRUE,TRUE,0.79558798600000002,1.6347759999999999E-2,NA,NA,4.7284199940000002,0.8,3.7827359949999999,No,No,NA,143,Alter et al. 2024,bylenga ch cummings vj ryan kg,laternula elliptica,shell damage,tph,3.43,7.6,0.571577,1.108513,3,3,NA,NA,NA,NA,NA,NA,NA,NA,NA,NA,NA,NA,NA,NA,NA,NA,NA,NA,NA,NA,not_matched_in_alter_sheet,NA,NA
Alter et al. 2024,846_AltersInvert,75,NA,NA,Yes,NA,"Bylenga CH, Cummings VJ, Ryan KG",NA,2017,NA,NA,NA,NA,Marine,NA,Zooplankton,Meroplankton,Mollusca,Laternula elliptica,NA,NA,TpH,NA,NA,NA,3,3,NA,458,-1.6,1021,-0.5,563,1.1,NA,NA,NA,75_Laternula_elliptica_LARVA_CO2458.00_pH7.97_T-1.6,3.0090257419999999,-1.6,Shell damage,Physiology,NA,NA,NA,3.43,0.571576766,9.62,1.316358614,NA,TRUE,TRUE,1.0312840029999999,1.5497676E-2,NA,NA,6.0999285590000003,0.8,4.8799428469999997,No,No,NA,144,Alter et al. 2024,bylenga ch cummings vj ryan kg,laternula elliptica,shell damage,tph,3.43,9.62,0.571577,1.316359,3,3,NA,NA,NA,NA,NA,NA,NA,NA,NA,NA,NA,NA,NA,NA,NA,NA,NA,NA,NA,NA,not_matched_in_alter_sheet,NA,NA
Alter et al. 2024,852_AltersInvert,75,NA,NA,Yes,NA,"Bylenga CH, Cummings VJ, Ryan KG",NA,2011,NA,NA,NA,NA,Marine,NA,Zooplankton,Meroplankton,Mollusca,Laternula elliptica,NA,NA,TpH,NA,NA,NA,3,3,NA,458,-1.6,1021,-0.5,563,1.1,NA,NA,NA,75_Laternula_elliptica_LARVA_CO2458.00_pH7.97_T-1.6,3.0090257419999999,-1.6,growth rate,Growth,NA,NA,NA,5.98,0.242487113,8.94,1.004589468,NA,FALSE,TRUE,0.40211502100000002,4.757112E-3,NA,NA,4.0506160810000003,0.8,3.2404928649999998,No,No,NA,145,Alter et al. 2024,bylenga ch cummings vj ryan kg,laternula elliptica,growth rate,tph,5.98,8.94,0.242487,1.004589,3,3,NA,NA,NA,NA,NA,NA,NA,NA,NA,NA,NA,NA,NA,NA,NA,NA,NA,NA,NA,NA,not_matched_in_alter_sheet,NA,NA
Alter et al. 2024,853_AltersInvert,75,NA,NA,Yes,NA,"Bylenga CH, Cummings VJ, Ryan KG",NA,2011,NA,NA,NA,NA,Marine,NA,Zooplankton,Meroplankton,Mollusca,Laternula elliptica,NA,NA,TpH,NA,NA,NA,3,3,NA,458,-1.6,1052,0.4,594,2,NA,NA,NA,75_Laternula_elliptica_LARVA_CO2458.00_pH7.97_T-1.6,3.0220157400000001,-1.6,growth rate,Growth,NA,NA,NA,5.98,0.242487113,10.14,2.320948082,NA,FALSE,TRUE,0.52806743,1.8011689000000001E-2,NA,NA,2.5210732230000001,0.8,2.0168585779999999,No,No,NA,146,Alter et al. 2024,bylenga ch cummings vj ryan kg,laternula elliptica,growth rate,tph,5.98,10.14,0.242487,2.320948,3,3,NA,NA,NA,NA,NA,NA,NA,NA,NA,NA,NA,NA,NA,NA,NA,NA,NA,NA,NA,NA,not_matched_in_alter_sheet,NA,NA
Alter et al. 2024,1119_AltersInvert,200,NA,NA,Yes,NA,"Bylenga CH, Cummings VJ, Ryan KG",NA,2015,NA,NA,NA,NA,Marine,NA,Zooplankton,Meroplankton,Mollusca,Laternula elliptica,NA,NA,TpH,NA,NA,NA,6,6,NA,350,-1.6,893,0.4,543,2,NA,NA,NA,200_Laternula_elliptica_LARVA_CO2350.00_pH7.99_T-1.6,2.9508514589999999,-1.6,Normal,Development,NA,NA,NA,61.38,7.495438613,61.38,3.404790742,NA,FALSE,TRUE,0,2.9981919999999998E-3,NA,NA,0,0.923076923,0,No,No,NA,147,Alter et al. 2024,bylenga ch cummings vj ryan kg,laternula elliptica,normal,tph,61.38,61.38,7.495439,3.404791,6,6,NA,NA,NA,NA,NA,NA,NA,NA,NA,NA,NA,NA,NA,NA,NA,NA,NA,NA,NA,NA,not_matched_in_alter_sheet,NA,NA
Alter et al. 2024,1121_AltersInvert,200,NA,NA,Yes,NA,"Bylenga CH, Cummings VJ, Ryan KG",NA,2015,NA,NA,NA,NA,Marine,NA,Zooplankton,Meroplankton,Mollusca,Laternula elliptica,NA,NA,TpH,NA,NA,NA,6,6,NA,350,-1.6,569,-0.5,219,1.1,NA,NA,NA,200_Laternula_elliptica_LARVA_CO2350.00_pH7.99_T-1.6,2.7551122659999998,-1.6,Normal,Development,NA,NA,NA,61.38,7.495438613,55.83,8.156800843,NA,FALSE,TRUE,-9.4772690000000007E-2,6.042927E-3,NA,NA,-0.70853148700000002,0.923076923,-0.65402906500000002,No,No,NA,148,Alter et al. 2024,bylenga ch cummings vj ryan kg,laternula elliptica,normal,tph,61.38,55.83,7.495439,8.156801,6,6,NA,NA,NA,NA,NA,NA,NA,NA,NA,NA,NA,NA,NA,NA,NA,NA,NA,NA,NA,NA,not_matched_in_alter_sheet,NA,NA
Alter et al. 2024,1122_AltersInvert,200,NA,NA,Yes,NA,"Bylenga CH, Cummings VJ, Ryan KG",NA,2015,NA,NA,NA,NA,Marine,NA,Zooplankton,Meroplankton,Mollusca,Laternula elliptica,NA,NA,TpH,NA,NA,NA,6,6,NA,350,-1.6,835,-0.5,485,1.1,NA,NA,NA,200_Laternula_elliptica_LARVA_CO2350.00_pH7.99_T-1.6,2.921686475,-1.6,Normal,Development,NA,NA,NA,61.38,7.495438613,54.44,10.87573446,NA,FALSE,TRUE,-0.11998487100000001,9.1370140000000006E-3,NA,NA,-0.743057721,0.923076923,-0.68589943499999995,No,No,NA,149,Alter et al. 2024,bylenga ch cummings vj ryan kg,laternula elliptica,normal,tph,61.38,54.44,7.495439,10.875734,6,6,NA,NA,NA,NA,NA,NA,NA,NA,NA,NA,NA,NA,NA,NA,NA,NA,NA,NA,NA,NA,not_matched_in_alter_sheet,NA,NA
Alter et al. 2024,1126_AltersInvert,200,NA,NA,Yes,NA,"Bylenga CH, Cummings VJ, Ryan KG",NA,2015,NA,NA,NA,NA,Marine,NA,Zooplankton,Meroplankton,Mollusca,Laternula elliptica,NA,NA,TpH,NA,NA,NA,6,6,NA,350,-1.6,893,0.4,543,2,NA,NA,NA,200_Laternula_elliptica_LARVA_CO2350.00_pH7.99_T-1.6,2.9508514589999999,-1.6,Life-stage,Development,NA,NA,NA,13.25,7.421953921,89.01,7.421953921,NA,TRUE,TRUE,1.904751171,5.3452995000000003E-2,NA,NA,10.20755462,0.923076923,9.4223581070000009,No,No,NA,150,Alter et al. 2024,bylenga ch cummings vj ryan kg,laternula elliptica,life stage,tph,13.25,89.01,7.421954,7.421954,6,6,NA,NA,NA,NA,NA,NA,NA,NA,NA,NA,NA,NA,NA,NA,NA,NA,NA,NA,NA,NA,not_matched_in_alter_sheet,NA,NA
Alter et al. 2024,1128_AltersInvert,200,NA,NA,Yes,NA,"Bylenga CH, Cummings VJ, Ryan KG",NA,2015,NA,NA,NA,NA,Marine,NA,Zooplankton,Meroplankton,Mollusca,Laternula elliptica,NA,NA,TpH,NA,NA,NA,6,6,NA,350,-1.6,569,-0.5,219,1.1,NA,NA,NA,200_Laternula_elliptica_LARVA_CO2350.00_pH7.99_T-1.6,2.7551122659999998,-1.6,Life-stage,Development,NA,NA,NA,13.25,7.421953921,93.56,5.560341716,NA,TRUE,TRUE,1.9546053889999999,5.2882866000000001E-2,NA,NA,12.24696082,0.923076923,11.30488691,Yes,No,NA,151,Alter et al. 2024,bylenga ch cummings vj ryan kg,laternula elliptica,life stage,tph,13.25,93.56,7.421954,5.560342,6,6,NA,NA,NA,NA,NA,NA,NA,NA,NA,NA,NA,NA,NA,NA,NA,NA,NA,NA,NA,NA,not_matched_in_alter_sheet,NA,NA
Alter et al. 2024,1130_AltersInvert,200,NA,NA,Yes,NA,"Bylenga CH, Cummings VJ, Ryan KG",NA,2015,NA,NA,NA,NA,Marine,NA,Zooplankton,Meroplankton,Mollusca,Laternula elliptica,NA,NA,TpH,NA,NA,NA,6,6,NA,350,-1.6,835,-0.5,485,1.1,NA,NA,NA,200_Laternula_elliptica_LARVA_CO2350.00_pH7.99_T-1.6,2.921686475,-1.6,Life-stage,Development,NA,NA,NA,13.25,7.421953921,95.83,4.629535614,NA,TRUE,TRUE,1.9785782359999999,5.2683171000000001E-2,NA,NA,13.350824019999999,0.923076923,12.32383755,Yes,No,NA,152,Alter et al. 2024,bylenga ch cummings vj ryan kg,laternula elliptica,life stage,tph,13.25,95.83,7.421954,4.629536,6,6,NA,NA,NA,NA,NA,NA,NA,NA,NA,NA,NA,NA,NA,NA,NA,NA,NA,NA,NA,NA,not_matched_in_alter_sheet,NA,NA
Alter et al. 2024,2081_AltersInvert,200,NA,NA,Yes,NA,"Bylenga CH, Cummings VJ, Ryan KG",NA,2015,NA,NA,NA,NA,Marine,NA,Zooplankton,Meroplankton,Mollusca,Laternula elliptica,NA,NA,TpH,NA,NA,NA,6,6,NA,350,-1.6,569,-0.5,219,1.1,NA,NA,NA,200_Laternula_elliptica_EMBRYO_CO2350.00_pH7.99_T-1.6,2.7551122659999998,-1.6,Fertilization,Reproduction,NA,NA,NA,84.13,2.302520358,80.59,4.041658076,NA,TRUE,TRUE,-4.2988648999999997E-2,5.4402499999999996E-4,NA,NA,-1.0762762370000001,0.923076923,-0.99348575699999997,No,No,NA,153,Alter et al. 2024,bylenga ch cummings vj ryan kg,laternula elliptica,fertilization,tph,84.13,80.59,2.30252,4.041658,6,6,NA,NA,NA,NA,NA,NA,NA,NA,NA,NA,NA,NA,NA,NA,NA,NA,NA,NA,NA,NA,not_matched_in_alter_sheet,NA,NA
Alter et al. 2024,2091_AltersInvert,200,NA,NA,Yes,NA,"Bylenga CH, Cummings VJ, Ryan KG",NA,2010,NA,NA,NA,NA,Marine,NA,Zooplankton,Meroplankton,Mollusca,Laternula elliptica,NA,NA,TpH,NA,NA,NA,6,6,NA,350,-1.6,893,0.4,543,2,NA,NA,NA,200_Laternula_elliptica_EMBRYO_CO2350.00_pH7.99_T-1.6,2.9508514589999999,-1.6,Fertilization,Reproduction,NA,NA,NA,84.13,2.302520358,81.77,5.780795793,NA,TRUE,TRUE,-2.8452793000000001E-2,9.5782300000000001E-4,NA,NA,-0.53636917699999997,0.923076923,-0.49511000999999999,No,No,NA,154,Alter et al. 2024,bylenga ch cummings vj ryan kg,laternula elliptica,fertilization,tph,84.13,81.77,2.30252,5.780796,6,6,NA,NA,NA,NA,NA,NA,NA,NA,NA,NA,NA,NA,NA,NA,NA,NA,NA,NA,NA,NA,not_matched_in_alter_sheet,NA,NA
Alter et al. 2024,2108_AltersInvert,200,NA,NA,Yes,NA,"Bylenga CH, Cummings VJ, Ryan KG",NA,2010,NA,NA,NA,NA,Marine,NA,Zooplankton,Meroplankton,Mollusca,Laternula elliptica,NA,NA,TpH,NA,NA,NA,6,6,NA,350,-1.6,835,-0.5,485,1.1,NA,NA,NA,200_Laternula_elliptica_EMBRYO_CO2350.00_pH7.99_T-1.6,2.921686475,-1.6,Fertilization,Reproduction,NA,NA,NA,84.13,2.302520358,86.02,4.041658076,NA,TRUE,TRUE,2.2216606E-2,4.9277299999999995E-4,NA,NA,0.57462205899999996,0.923076923,0.53042036199999998,No,No,NA,155,Alter et al. 2024,bylenga ch cummings vj ryan kg,laternula elliptica,fertilization,tph,84.13,86.02,2.30252,4.041658,6,6,NA,NA,NA,NA,NA,NA,NA,NA,NA,NA,NA,NA,NA,NA,NA,NA,NA,NA,NA,NA,not_matched_in_alter_sheet,NA,NA
Alter et al. 2024,705_AltersInvert,63,NA,NA,Yes,NA,"Byrne M, Foo S, Soars NA, Wolfe KDL, Nguyen HD, Hardy N, Dworjanyn SA",NA,2013,NA,NA,NA,NA,Marine,NA,Zooplankton,Meroplankton,Echinoderm,Heliocidaris tuberculata,NA,NA,pH,NA,NA,NA,8,8,NA,338,20,1257,20,919,0,NA,NA,NA,63_Heliocidaris_tuberculata_LARVA_CO2338.00_pH8.08_T20.,3.0993352779999999,20,Normal,Development,NA,NA,NA,13.29,2.177888886,18.93,5.656854249,NA,FALSE,TRUE,0.353736092,1.4519277000000001E-2,NA,NA,1.315847663,0.945454545,1.244074154,No,No,NA,156,Alter et al. 2024,byrne m foo s soars na wolfe kdl nguyen hd hardy n dworjanyn sa,heliocidaris tuberculata,normal,ph,13.29,18.93,2.177889,5.656854,8,8,NA,NA,NA,NA,NA,NA,NA,NA,NA,NA,NA,NA,NA,NA,NA,NA,NA,NA,NA,NA,not_matched_in_alter_sheet,NA,NA
Alter et al. 2024,706_AltersInvert,63,NA,NA,Yes,NA,"Byrne M, Foo S, Soars NA, Wolfe KDL, Nguyen HD, Hardy N, Dworjanyn SA",NA,2013,NA,NA,NA,NA,Marine,NA,Zooplankton,Meroplankton,Echinoderm,Heliocidaris tuberculata,NA,NA,pH,NA,NA,NA,8,8,NA,338,20,2054,20,1716,0,NA,NA,NA,63_Heliocidaris_tuberculata_LARVA_CO2338.00_pH8.08_T20.,3.3126004390000001,20,Normal,Development,NA,NA,NA,13.29,2.177888886,17.72,4.07293506,NA,FALSE,FALSE,0.28768207200000001,9.9607020000000001E-3,NA,NA,1.3564473349999999,0.945454545,1.282459298,No,No,NA,157,Alter et al. 2024,byrne m foo s soars na wolfe kdl nguyen hd hardy n dworjanyn sa,heliocidaris tuberculata,normal,ph,13.29,17.72,2.177889,4.072935,8,8,NA,NA,NA,NA,NA,NA,NA,NA,NA,NA,NA,NA,NA,NA,NA,NA,NA,NA,NA,NA,not_matched_in_alter_sheet,NA,NA
Alter et al. 2024,707_AltersInvert,63,NA,NA,Yes,NA,"Byrne M, Foo S, Soars NA, Wolfe KDL, Nguyen HD, Hardy N, Dworjanyn SA",NA,2013,NA,NA,NA,NA,Marine,NA,Zooplankton,Meroplankton,Echinoderm,Heliocidaris tuberculata,NA,NA,pH,NA,NA,NA,8,8,NA,338,20,2054,20,1716,0,NA,NA,NA,63_Heliocidaris_tuberculata_LARVA_CO2338.00_pH8.08_T20.,3.3126004390000001,20,growth rate,Growth,NA,NA,NA,377.16,44.60429576,289.25,31.25411973,NA,FALSE,TRUE,-0.26537813500000001,3.2076959999999999E-3,NA,NA,-2.2826594060000001,0.945454545,-2.1581507110000002,No,No,NA,158,Alter et al. 2024,byrne m foo s soars na wolfe kdl nguyen hd hardy n dworjanyn sa,heliocidaris tuberculata,growth rate,ph,377.16,289.25,44.604296,31.25412,8,8,NA,NA,NA,NA,NA,NA,NA,NA,NA,NA,NA,NA,NA,NA,NA,NA,NA,NA,NA,NA,not_matched_in_alter_sheet,NA,NA
Alter et al. 2024,708_AltersInvert,63,NA,NA,Yes,NA,"Byrne M, Foo S, Soars NA, Wolfe KDL, Nguyen HD, Hardy N, Dworjanyn SA",NA,2013,NA,NA,NA,NA,Marine,NA,Zooplankton,Meroplankton,Echinoderm,Heliocidaris tuberculata,NA,NA,pH,NA,NA,NA,8,8,NA,338,20,757,20,419,0,NA,NA,NA,63_Heliocidaris_tuberculata_LARVA_CO2338.00_pH8.08_T20.,2.8790958799999999,20,Normal,Development,NA,NA,NA,13.29,2.177888886,16.61,4.07293506,NA,FALSE,TRUE,0.222993051,1.0872827999999999E-2,NA,NA,1.0165700120000001,0.945454545,0.96112073799999997,No,No,NA,159,Alter et al. 2024,byrne m foo s soars na wolfe kdl nguyen hd hardy n dworjanyn sa,heliocidaris tuberculata,normal,ph,13.29,16.61,2.177889,4.072935,8,8,NA,NA,NA,NA,NA,NA,NA,NA,NA,NA,NA,NA,NA,NA,NA,NA,NA,NA,NA,NA,not_matched_in_alter_sheet,NA,NA
Alter et al. 2024,709_AltersInvert,63,NA,NA,Yes,NA,"Byrne M, Foo S, Soars NA, Wolfe KDL, Nguyen HD, Hardy N, Dworjanyn SA",NA,2013,NA,NA,NA,NA,Marine,NA,Zooplankton,Meroplankton,Echinoderm,Heliocidaris tuberculata,NA,NA,pH,NA,NA,NA,8,8,NA,338,20,1257,20,919,0,NA,NA,NA,63_Heliocidaris_tuberculata_LARVA_CO2338.00_pH8.08_T20.,3.0993352779999999,20,growth rate,Growth,NA,NA,NA,377.16,44.60429576,325.39,26.78520487,NA,FALSE,TRUE,-0.14764503800000001,2.5953E-3,NA,NA,-1.4071804889999999,0.945454545,-1.3304251899999999,No,No,NA,160,Alter et al. 2024,byrne m foo s soars na wolfe kdl nguyen hd hardy n dworjanyn sa,heliocidaris tuberculata,growth rate,ph,377.16,325.39,44.604296,26.785205,8,8,NA,NA,NA,NA,NA,NA,NA,NA,NA,NA,NA,NA,NA,NA,NA,NA,NA,NA,NA,NA,not_matched_in_alter_sheet,NA,NA
Alter et al. 2024,710_AltersInvert,63,NA,NA,Yes,NA,"Byrne M, Foo S, Soars NA, Wolfe KDL, Nguyen HD, Hardy N, Dworjanyn SA",NA,2009,NA,NA,NA,NA,Marine,NA,Zooplankton,Meroplankton,Echinoderm,Heliocidaris tuberculata,NA,NA,pH,NA,NA,NA,8,8,NA,338,20,757,20,419,0,NA,NA,NA,63_Heliocidaris_tuberculata_LARVA_CO2338.00_pH8.08_T20.,2.8790958799999999,20,growth rate,Growth,NA,NA,NA,377.16,44.60429576,352.06,31.25411973,NA,TRUE,TRUE,-6.8867885000000004E-2,2.733409E-3,NA,NA,-0.65174327300000001,0.945454545,-0.61619363900000002,No,No,NA,161,Alter et al. 2024,byrne m foo s soars na wolfe kdl nguyen hd hardy n dworjanyn sa,heliocidaris tuberculata,growth rate,ph,377.16,352.06,44.604296,31.25412,8,8,NA,NA,NA,NA,NA,NA,NA,NA,NA,NA,NA,NA,NA,NA,NA,NA,NA,NA,NA,NA,not_matched_in_alter_sheet,NA,NA
Alter et al. 2024,1714_AltersInvert,63,NA,NA,Yes,NA,"Byrne M, Foo S, Soars NA, Wolfe KDL, Nguyen HD, Hardy N, Dworjanyn SA",NA,2020,NA,NA,NA,NA,Marine,NA,Zooplankton,Meroplankton,Echinoderm,Heliocidaris tuberculata,NA,NA,pH,NA,NA,NA,8,8,NA,338,20,1257,20,919,0,NA,NA,NA,63_Heliocidaris_tuberculata_EMBRYO_CO2338.00_pH8.13_T20.,3.0993352779999999,20,Normal,Reproduction,NA,NA,NA,95.25,3.563818177,82.91,15.21693793,NA,FALSE,TRUE,-0.138749332,4.3856540000000001E-3,NA,NA,-1.116625489,0.945454545,-1.0557186439999999,No,No,NA,162,Alter et al. 2024,byrne m foo s soars na wolfe kdl nguyen hd hardy n dworjanyn sa,heliocidaris tuberculata,normal,ph,95.25,82.91,3.563818,15.216938,8,8,NA,NA,NA,NA,NA,NA,NA,NA,NA,NA,NA,NA,NA,NA,NA,NA,NA,NA,NA,NA,not_matched_in_alter_sheet,NA,NA
Alter et al. 2024,1715_AltersInvert,63,NA,NA,Yes,NA,"Byrne M, Foo S, Soars NA, Wolfe KDL, Nguyen HD, Hardy N, Dworjanyn SA",NA,2020,NA,NA,NA,NA,Marine,NA,Zooplankton,Meroplankton,Echinoderm,Heliocidaris tuberculata,NA,NA,pH,NA,NA,NA,8,8,NA,338,20,2054,20,1716,0,NA,NA,NA,63_Heliocidaris_tuberculata_EMBRYO_CO2338.00_pH8.13_T20.,3.3126004390000001,20,Normal,Reproduction,NA,NA,NA,95.25,3.563818177,84.49,12.52993216,NA,FALSE,TRUE,-0.11987183,2.9241290000000001E-3,NA,NA,-1.16811701,0.945454545,-1.1044015359999999,No,No,NA,163,Alter et al. 2024,byrne m foo s soars na wolfe kdl nguyen hd hardy n dworjanyn sa,heliocidaris tuberculata,normal,ph,95.25,84.49,3.563818,12.529932,8,8,NA,NA,NA,NA,NA,NA,NA,NA,NA,NA,NA,NA,NA,NA,NA,NA,NA,NA,NA,NA,not_matched_in_alter_sheet,NA,NA
Alter et al. 2024,1718_AltersInvert,63,NA,NA,Yes,NA,"Byrne M, Foo S, Soars NA, Wolfe KDL, Nguyen HD, Hardy N, Dworjanyn SA",NA,2020,NA,NA,NA,NA,Marine,NA,Zooplankton,Meroplankton,Echinoderm,Heliocidaris tuberculata,NA,NA,pH,NA,NA,NA,8,8,NA,338,20,757,20,419,0,NA,NA,NA,63_Heliocidaris_tuberculata_EMBRYO_CO2338.00_pH8.13_T20.,2.8790958799999999,20,Normal,Reproduction,NA,NA,NA,95.25,3.563818177,89.55,8.061017306,NA,TRUE,TRUE,-6.1707886000000003E-2,1.1878699999999999E-3,NA,NA,-0.91460381499999999,0.945454545,-0.864716335,No,No,NA,164,Alter et al. 2024,byrne m foo s soars na wolfe kdl nguyen hd hardy n dworjanyn sa,heliocidaris tuberculata,normal,ph,95.25,89.55,3.563818,8.061017,8,8,NA,NA,NA,NA,NA,NA,NA,NA,NA,NA,NA,NA,NA,NA,NA,NA,NA,NA,NA,NA,not_matched_in_alter_sheet,NA,NA
Alter et al. 2024,704_AltersInvert,63,NA,NA,Yes,NA,"Byrne M, Foo S, Soars NA, Wolfe KDL, Nguyen HD, Hardy N, Dworjanyn SA",NA,2013,NA,NA,NA,NA,Marine,NA,Zooplankton,Meroplankton,Echinoderm,Heliocidaris tuberculata,NA,NA,T,NA,NA,NA,8,8,NA,338,20,335,24,-3,4,NA,NA,NA,63_Heliocidaris_tuberculata_LARVA_CO2338.00_pH8.08_T20.,2.525044807,20,Normal,Development,NA,NA,NA,13.29,2.177888886,22.59,5.628569978,NA,FALSE,TRUE,0.53049545799999998,1.111706E-2,NA,NA,2.179235313,0.945454545,2.0603679320000001,No,No,NA,165,Alter et al. 2024,byrne m foo s soars na wolfe kdl nguyen hd hardy n dworjanyn sa,heliocidaris tuberculata,normal,t,13.29,22.59,2.177889,5.62857,8,8,NA,NA,NA,NA,NA,NA,NA,NA,NA,NA,NA,NA,NA,NA,NA,NA,NA,NA,NA,NA,not_matched_in_alter_sheet,NA,NA
Alter et al. 2024,714_AltersInvert,63,NA,NA,Yes,NA,"Byrne M, Foo S, Soars NA, Wolfe KDL, Nguyen HD, Hardy N, Dworjanyn SA",NA,2009,NA,NA,NA,NA,Marine,NA,Zooplankton,Meroplankton,Echinoderm,Heliocidaris tuberculata,NA,NA,T,NA,NA,NA,8,8,NA,338,20,335,24,-3,4,NA,NA,NA,63_Heliocidaris_tuberculata_LARVA_CO2338.00_pH8.08_T20.,2.525044807,20,growth rate,Growth,NA,NA,NA,377.16,44.60429576,475.74,17.84737516,NA,FALSE,TRUE,0.232201986,1.9242059999999999E-3,NA,NA,2.9018779029999999,0.945454545,2.743593653,No,No,NA,166,Alter et al. 2024,byrne m foo s soars na wolfe kdl nguyen hd hardy n dworjanyn sa,heliocidaris tuberculata,growth rate,t,377.16,475.74,44.604296,17.847375,8,8,NA,NA,NA,NA,NA,NA,NA,NA,NA,NA,NA,NA,NA,NA,NA,NA,NA,NA,NA,NA,not_matched_in_alter_sheet,NA,NA
Alter et al. 2024,1716_AltersInvert,63,NA,NA,Yes,NA,"Byrne M, Foo S, Soars NA, Wolfe KDL, Nguyen HD, Hardy N, Dworjanyn SA",NA,2020,NA,NA,NA,NA,Marine,NA,Zooplankton,Meroplankton,Echinoderm,Heliocidaris tuberculata,NA,NA,T,NA,NA,NA,8,8,NA,338,20,335,24,-3,4,NA,NA,NA,63_Heliocidaris_tuberculata_EMBRYO_CO2338.00_pH8.13_T20.,2.525044807,20,Normal,Reproduction,NA,NA,NA,95.25,3.563818177,87.02,9.842926394,NA,FALSE,TRUE,-9.0367036999999997E-2,1.7742540000000001E-3,NA,NA,-1.1118373479999999,0.945454545,-1.0511916750000001,No,No,NA,167,Alter et al. 2024,byrne m foo s soars na wolfe kdl nguyen hd hardy n dworjanyn sa,heliocidaris tuberculata,normal,t,95.25,87.02,3.563818,9.842926,8,8,NA,NA,NA,NA,NA,NA,NA,NA,NA,NA,NA,NA,NA,NA,NA,NA,NA,NA,NA,NA,not_matched_in_alter_sheet,NA,NA
Alter et al. 2024,701_AltersInvert,63,NA,NA,Yes,NA,"Byrne M, Foo S, Soars NA, Wolfe KDL, Nguyen HD, Hardy N, Dworjanyn SA",NA,2013,NA,NA,NA,NA,Marine,NA,Zooplankton,Meroplankton,Echinoderm,Heliocidaris tuberculata,NA,NA,TpH,NA,NA,NA,8,8,NA,338,20,1274,24,936,4,NA,NA,NA,63_Heliocidaris_tuberculata_LARVA_CO2338.00_pH8.08_T20.,3.105169428,20,Normal,Development,NA,NA,NA,13.29,2.177888886,31.01,5.939696962,NA,FALSE,TRUE,0.84729785999999996,7.9428569999999993E-3,NA,NA,3.9611638849999999,0.945454545,3.7451004000000001,No,No,NA,168,Alter et al. 2024,byrne m foo s soars na wolfe kdl nguyen hd hardy n dworjanyn sa,heliocidaris tuberculata,normal,tph,13.29,31.01,2.177889,5.939697,8,8,NA,NA,NA,NA,NA,NA,NA,NA,NA,NA,NA,NA,NA,NA,NA,NA,NA,NA,NA,NA,not_matched_in_alter_sheet,NA,NA
Alter et al. 2024,702_AltersInvert,63,NA,NA,Yes,NA,"Byrne M, Foo S, Soars NA, Wolfe KDL, Nguyen HD, Hardy N, Dworjanyn SA",NA,2013,NA,NA,NA,NA,Marine,NA,Zooplankton,Meroplankton,Echinoderm,Heliocidaris tuberculata,NA,NA,TpH,NA,NA,NA,8,8,NA,338,20,2092,24,1754,4,NA,NA,NA,63_Heliocidaris_tuberculata_LARVA_CO2338.00_pH8.08_T20.,3.32056168,20,Normal,Development,NA,NA,NA,13.29,2.177888886,28.9,6.590235201,NA,FALSE,TRUE,0.776829722,9.8568879999999994E-3,NA,NA,3.1806050469999998,0.945454545,3.007117499,No,No,NA,169,Alter et al. 2024,byrne m foo s soars na wolfe kdl nguyen hd hardy n dworjanyn sa,heliocidaris tuberculata,normal,tph,13.29,28.9,2.177889,6.590235,8,8,NA,NA,NA,NA,NA,NA,NA,NA,NA,NA,NA,NA,NA,NA,NA,NA,NA,NA,NA,NA,not_matched_in_alter_sheet,NA,NA
Alter et al. 2024,703_AltersInvert,63,NA,NA,Yes,NA,"Byrne M, Foo S, Soars NA, Wolfe KDL, Nguyen HD, Hardy N, Dworjanyn SA",NA,2013,NA,NA,NA,NA,Marine,NA,Zooplankton,Meroplankton,Echinoderm,Heliocidaris tuberculata,NA,NA,TpH,NA,NA,NA,8,8,NA,338,20,762,24,424,4,NA,NA,NA,63_Heliocidaris_tuberculata_LARVA_CO2338.00_pH8.08_T20.,2.8819549709999999,20,Normal,Development,NA,NA,NA,13.29,2.177888886,26.13,6.590235201,NA,FALSE,TRUE,0.67607220700000004,1.1308053E-2,NA,NA,2.6162055610000001,0.945454545,2.4735034389999999,No,No,NA,170,Alter et al. 2024,byrne m foo s soars na wolfe kdl nguyen hd hardy n dworjanyn sa,heliocidaris tuberculata,normal,tph,13.29,26.13,2.177889,6.590235,8,8,NA,NA,NA,NA,NA,NA,NA,NA,NA,NA,NA,NA,NA,NA,NA,NA,NA,NA,NA,NA,not_matched_in_alter_sheet,NA,NA
Alter et al. 2024,711_AltersInvert,63,NA,NA,Yes,NA,"Byrne M, Foo S, Soars NA, Wolfe KDL, Nguyen HD, Hardy N, Dworjanyn SA",NA,2009,NA,NA,NA,NA,Marine,NA,Zooplankton,Meroplankton,Echinoderm,Heliocidaris tuberculata,NA,NA,TpH,NA,NA,NA,8,8,NA,338,20,1274,24,936,4,NA,NA,NA,63_Heliocidaris_tuberculata_LARVA_CO2338.00_pH8.08_T20.,3.105169428,20,growth rate,Growth,NA,NA,NA,377.16,44.60429576,439.74,26.7569206,NA,FALSE,TRUE,0.15351414299999999,2.2110810000000002E-3,NA,NA,1.7014873079999999,0.945454545,1.608678909,No,No,NA,171,Alter et al. 2024,byrne m foo s soars na wolfe kdl nguyen hd hardy n dworjanyn sa,heliocidaris tuberculata,growth rate,tph,377.16,439.74,44.604296,26.756921,8,8,NA,NA,NA,NA,NA,NA,NA,NA,NA,NA,NA,NA,NA,NA,NA,NA,NA,NA,NA,NA,not_matched_in_alter_sheet,NA,NA
Alter et al. 2024,712_AltersInvert,63,NA,NA,Yes,NA,"Byrne M, Foo S, Soars NA, Wolfe KDL, Nguyen HD, Hardy N, Dworjanyn SA",NA,2009,NA,NA,NA,NA,Marine,NA,Zooplankton,Meroplankton,Echinoderm,Heliocidaris tuberculata,NA,NA,TpH,NA,NA,NA,8,8,NA,338,20,2092,24,1754,4,NA,NA,NA,63_Heliocidaris_tuberculata_LARVA_CO2338.00_pH8.08_T20.,3.32056168,20,growth rate,Growth,NA,NA,NA,377.16,44.60429576,439.89,44.60429576,NA,FALSE,TRUE,0.153855195,3.0334979999999999E-3,NA,NA,1.4063667849999999,0.945454545,1.329655869,No,No,NA,172,Alter et al. 2024,byrne m foo s soars na wolfe kdl nguyen hd hardy n dworjanyn sa,heliocidaris tuberculata,growth rate,tph,377.16,439.89,44.604296,44.604296,8,8,NA,NA,NA,NA,NA,NA,NA,NA,NA,NA,NA,NA,NA,NA,NA,NA,NA,NA,NA,NA,not_matched_in_alter_sheet,NA,NA
Alter et al. 2024,713_AltersInvert,63,NA,NA,Yes,NA,"Byrne M, Foo S, Soars NA, Wolfe KDL, Nguyen HD, Hardy N, Dworjanyn SA",NA,2009,NA,NA,NA,NA,Marine,NA,Zooplankton,Meroplankton,Echinoderm,Heliocidaris tuberculata,NA,NA,TpH,NA,NA,NA,8,8,NA,338,20,762,24,424,4,NA,NA,NA,63_Heliocidaris_tuberculata_LARVA_CO2338.00_pH8.08_T20.,2.8819549709999999,20,growth rate,Growth,NA,NA,NA,377.16,44.60429576,460.1,35.69475031,NA,FALSE,TRUE,0.19877435700000001,2.5006249999999998E-3,NA,NA,2.0531783730000002,0.945454545,1.9411868249999999,No,No,NA,173,Alter et al. 2024,byrne m foo s soars na wolfe kdl nguyen hd hardy n dworjanyn sa,heliocidaris tuberculata,growth rate,tph,377.16,460.1,44.604296,35.69475,8,8,NA,NA,NA,NA,NA,NA,NA,NA,NA,NA,NA,NA,NA,NA,NA,NA,NA,NA,NA,NA,not_matched_in_alter_sheet,NA,NA
Alter et al. 2024,1712_AltersInvert,63,NA,NA,Yes,NA,"Byrne M, Foo S, Soars NA, Wolfe KDL, Nguyen HD, Hardy N, Dworjanyn SA",NA,2013,NA,NA,NA,NA,Marine,NA,Zooplankton,Meroplankton,Echinoderm,Heliocidaris tuberculata,NA,NA,TpH,NA,NA,NA,8,8,NA,338,20,2092,24,1754,4,NA,NA,NA,63_Heliocidaris_tuberculata_EMBRYO_CO2338.00_pH8.13_T20.,3.32056168,20,Normal,Reproduction,NA,NA,NA,95.25,3.563818177,72.78,7.155920626,NA,FALSE,TRUE,-0.26906382200000001,1.383406E-3,NA,NA,-3.9750304239999998,0.945454545,-3.7582105829999999,No,No,NA,174,Alter et al. 2024,byrne m foo s soars na wolfe kdl nguyen hd hardy n dworjanyn sa,heliocidaris tuberculata,normal,tph,95.25,72.78,3.563818,7.155921,8,8,NA,NA,NA,NA,NA,NA,NA,NA,NA,NA,NA,NA,NA,NA,NA,NA,NA,NA,NA,NA,not_matched_in_alter_sheet,NA,NA
Alter et al. 2024,1713_AltersInvert,63,NA,NA,Yes,NA,"Byrne M, Foo S, Soars NA, Wolfe KDL, Nguyen HD, Hardy N, Dworjanyn SA",NA,2013,NA,NA,NA,NA,Marine,NA,Zooplankton,Meroplankton,Echinoderm,Heliocidaris tuberculata,NA,NA,TpH,NA,NA,NA,8,8,NA,338,20,1274,24,936,4,NA,NA,NA,63_Heliocidaris_tuberculata_EMBRYO_CO2338.00_pH8.13_T20.,3.105169428,20,Normal,Reproduction,NA,NA,NA,95.25,3.563818177,76.89,12.52993216,NA,FALSE,TRUE,-0.214129185,3.494451E-3,NA,NA,-1.993181069,0.945454545,-1.884462101,No,No,NA,175,Alter et al. 2024,byrne m foo s soars na wolfe kdl nguyen hd hardy n dworjanyn sa,heliocidaris tuberculata,normal,tph,95.25,76.89,3.563818,12.529932,8,8,NA,NA,NA,NA,NA,NA,NA,NA,NA,NA,NA,NA,NA,NA,NA,NA,NA,NA,NA,NA,not_matched_in_alter_sheet,NA,NA
Alter et al. 2024,1717_AltersInvert,63,NA,NA,Yes,NA,"Byrne M, Foo S, Soars NA, Wolfe KDL, Nguyen HD, Hardy N, Dworjanyn SA",NA,2020,NA,NA,NA,NA,Marine,NA,Zooplankton,Meroplankton,Echinoderm,Heliocidaris tuberculata,NA,NA,TpH,NA,NA,NA,8,8,NA,338,20,762,24,424,4,NA,NA,NA,63_Heliocidaris_tuberculata_EMBRYO_CO2338.00_pH8.13_T20.,2.8819549709999999,20,Normal,Reproduction,NA,NA,NA,95.25,3.563818177,88.29,6.250823946,NA,TRUE,TRUE,-7.5878162999999998E-2,8.01547E-4,NA,NA,-1.3679494699999999,0.945454545,-1.2933340440000001,No,No,NA,176,Alter et al. 2024,byrne m foo s soars na wolfe kdl nguyen hd hardy n dworjanyn sa,heliocidaris tuberculata,normal,tph,95.25,88.29,3.563818,6.250824,8,8,NA,NA,NA,NA,NA,NA,NA,NA,NA,NA,NA,NA,NA,NA,NA,NA,NA,NA,NA,NA,not_matched_in_alter_sheet,NA,NA
Alter et al. 2024,696_AltersInvert,62,NA,NA,Yes,NA,"Byrne M, Gonzalez-Bernat M, Doo S, Foo S, Soars N, Lamare M",NA,2013,NA,NA,NA,NA,Marine,NA,Zooplankton,Meroplankton,Echinoderm,Patiriella regularis,NA,NA,pH,NA,NA,NA,7,7,NA,423,19,1738,19,1315,0,NA,NA,NA,62_Patiriella_regularis_LARVA_CO2423.00_pH8.15_T19.,3.2400497719999999,19,Length,Growth,NA,NA,NA,402.31,15.60993274,384.63,51.2482029,NA,TRUE,TRUE,-4.4941101999999997E-2,2.75121E-3,NA,NA,-0.46671596399999998,0.936170213,-0.43692558300000001,No,No,NA,177,Alter et al. 2024,byrne m gonzalez bernat m doo s foo s soars n lamare m,patiriella regularis,length,ph,402.31,384.63,15.609933,51.248203,7,7,NA,NA,NA,NA,NA,NA,NA,NA,NA,NA,NA,NA,NA,NA,NA,NA,NA,NA,NA,NA,not_matched_in_alter_sheet,NA,NA
Alter et al. 2024,698_AltersInvert,62,NA,NA,Yes,NA,"Byrne M, Gonzalez-Bernat M, Doo S, Foo S, Soars N, Lamare M",NA,2013,NA,NA,NA,NA,Marine,NA,Zooplankton,Meroplankton,Echinoderm,Patiriella regularis,NA,NA,pH,NA,NA,NA,7,7,NA,423,19,1738,19,1315,0,NA,NA,NA,62_Patiriella_regularis_LARVA_CO2423.00_pH8.15_T19.,3.2400497719999999,19,Normal,Development,NA,NA,NA,96.05,5.317960135,94.62,7.56684875,NA,TRUE,TRUE,-1.5000019E-2,1.3515440000000001E-3,NA,NA,-0.218661208,0.936170213,-0.20470410999999999,No,No,NA,178,Alter et al. 2024,byrne m gonzalez bernat m doo s foo s soars n lamare m,patiriella regularis,normal,ph,96.05,94.62,5.31796,7.566849,7,7,NA,NA,NA,NA,NA,NA,NA,NA,NA,NA,NA,NA,NA,NA,NA,NA,NA,NA,NA,NA,not_matched_in_alter_sheet,NA,NA
Alter et al. 2024,699_AltersInvert,62,NA,NA,Yes,NA,"Byrne M, Gonzalez-Bernat M, Doo S, Foo S, Soars N, Lamare M",NA,2013,NA,NA,NA,NA,Marine,NA,Zooplankton,Meroplankton,Echinoderm,Patiriella regularis,NA,NA,pH,NA,NA,NA,7,7,NA,423,19,1058,19,635,0,NA,NA,NA,62_Patiriella_regularis_LARVA_CO2423.00_pH8.15_T19.,3.0244856680000001,19,Length,Growth,NA,NA,NA,402.31,15.60993274,399.78,34.55351212,NA,TRUE,TRUE,-6.3085399999999996E-3,1.2822669999999999E-3,NA,NA,-9.4365704999999994E-2,0.936170213,-8.8342362999999993E-2,No,No,NA,179,Alter et al. 2024,byrne m gonzalez bernat m doo s foo s soars n lamare m,patiriella regularis,length,ph,402.31,399.78,15.609933,34.553512,7,7,NA,NA,NA,NA,NA,NA,NA,NA,NA,NA,NA,NA,NA,NA,NA,NA,NA,NA,NA,NA,not_matched_in_alter_sheet,NA,NA
Alter et al. 2024,700_AltersInvert,62,NA,NA,Yes,NA,"Byrne M, Gonzalez-Bernat M, Doo S, Foo S, Soars N, Lamare M",NA,2013,NA,NA,NA,NA,Marine,NA,Zooplankton,Meroplankton,Echinoderm,Patiriella regularis,NA,NA,pH,NA,NA,NA,7,7,NA,423,19,1058,19,635,0,NA,NA,NA,62_Patiriella_regularis_LARVA_CO2423.00_pH8.15_T19.,3.0244856680000001,19,Normal,Development,NA,NA,NA,96.05,5.317960135,95.79,11.13861302,NA,TRUE,TRUE,-2.7105940000000002E-3,2.369552E-3,NA,NA,-2.9789825999999998E-2,0.936170213,-2.7888348E-2,No,No,NA,180,Alter et al. 2024,byrne m gonzalez bernat m doo s foo s soars n lamare m,patiriella regularis,normal,ph,96.05,95.79,5.31796,11.138613,7,7,NA,NA,NA,NA,NA,NA,NA,NA,NA,NA,NA,NA,NA,NA,NA,NA,NA,NA,NA,NA,not_matched_in_alter_sheet,NA,NA
Alter et al. 2024,1707_AltersInvert,62,NA,NA,Yes,NA,"Byrne M, Gonzalez-Bernat M, Doo S, Foo S, Soars N, Lamare M",NA,2013,NA,NA,NA,NA,Marine,NA,Zooplankton,Meroplankton,Echinoderm,Patiriella regularis,NA,NA,pH,NA,NA,NA,9,9,NA,423,19,1738,19,1315,0,NA,NA,NA,62_Patiriella_regularis_EMBRYO_CO2423.00_pH8.15_T19.,3.2400497719999999,19,Survival,Reproduction,NA,NA,NA,35.13,3.75,62.66,9.54,NA,FALSE,TRUE,0.57866781899999997,3.841658E-3,NA,NA,3.7981609980000002,0.952380952,3.6172961880000001,No,No,NA,181,Alter et al. 2024,byrne m gonzalez bernat m doo s foo s soars n lamare m,patiriella regularis,survival,ph,35.13,62.66,3.75,9.54,9,9,NA,NA,NA,NA,NA,NA,NA,NA,NA,NA,NA,NA,NA,NA,NA,NA,NA,NA,NA,NA,not_matched_in_alter_sheet,NA,NA
Alter et al. 2024,686_AltersInvert,62,NA,NA,Yes,NA,"Byrne M, Gonzalez-Bernat M, Doo S, Foo S, Soars N, Lamare M",NA,2013,NA,NA,NA,NA,Marine,NA,Zooplankton,Meroplankton,Echinoderm,Patiriella regularis,NA,NA,T,NA,NA,NA,7,7,NA,423,19,427,21,4,2,NA,NA,NA,62_Patiriella_regularis_LARVA_CO2423.00_pH8.15_T19.,2.6304278750000001,19,Normal,Development,NA,NA,NA,96.05,5.317960135,83.02,12.01171095,NA,FALSE,TRUE,-0.14578734700000001,3.4284390000000001E-3,NA,NA,-1.402771574,0.936170213,-1.3132329629999999,No,No,NA,182,Alter et al. 2024,byrne m gonzalez bernat m doo s foo s soars n lamare m,patiriella regularis,normal,t,96.05,83.02,5.31796,12.011711,7,7,NA,NA,NA,NA,NA,NA,NA,NA,NA,NA,NA,NA,NA,NA,NA,NA,NA,NA,NA,NA,not_matched_in_alter_sheet,NA,NA
Alter et al. 2024,695_AltersInvert,62,NA,NA,Yes,NA,"Byrne M, Gonzalez-Bernat M, Doo S, Foo S, Soars N, Lamare M",NA,2013,NA,NA,NA,NA,Marine,NA,Zooplankton,Meroplankton,Echinoderm,Patiriella regularis,NA,NA,T,NA,NA,NA,7,7,NA,423,19,427,21,4,2,NA,NA,NA,62_Patiriella_regularis_LARVA_CO2423.00_pH8.15_T19.,2.6304278750000001,19,Length,Growth,NA,NA,NA,402.31,15.60993274,376.21,34.52705461,NA,TRUE,TRUE,-6.7075438000000001E-2,1.418334E-3,NA,NA,-0.97411542699999998,0.936170213,-0.91193784600000005,No,No,NA,183,Alter et al. 2024,byrne m gonzalez bernat m doo s foo s soars n lamare m,patiriella regularis,length,t,402.31,376.21,15.609933,34.527055,7,7,NA,NA,NA,NA,NA,NA,NA,NA,NA,NA,NA,NA,NA,NA,NA,NA,NA,NA,NA,NA,not_matched_in_alter_sheet,NA,NA
Alter et al. 2024,685_AltersInvert,62,NA,NA,Yes,NA,"Byrne M, Gonzalez-Bernat M, Doo S, Foo S, Soars N, Lamare M",NA,2013,NA,NA,NA,NA,Marine,NA,Zooplankton,Meroplankton,Echinoderm,Patiriella regularis,NA,NA,T,NA,NA,NA,7,7,NA,423,19,432,23,9,4,NA,NA,NA,62_Patiriella_regularis_LARVA_CO2423.00_pH8.15_T19.,2.6354837469999999,19,Normal,Development,NA,NA,NA,96.05,5.317960135,77.47,18.46734415,NA,FALSE,TRUE,-0.21497812499999999,8.5558230000000006E-3,NA,NA,-1.3672792920000001,0.936170213,-1.280006145,No,No,NA,184,Alter et al. 2024,byrne m gonzalez bernat m doo s foo s soars n lamare m,patiriella regularis,normal,t,96.05,77.47,5.31796,18.467344,7,7,NA,NA,NA,NA,NA,NA,NA,NA,NA,NA,NA,NA,NA,NA,NA,NA,NA,NA,NA,NA,not_matched_in_alter_sheet,NA,NA
Alter et al. 2024,687_AltersInvert,62,NA,NA,Yes,NA,"Byrne M, Gonzalez-Bernat M, Doo S, Foo S, Soars N, Lamare M",NA,2013,NA,NA,NA,NA,Marine,NA,Zooplankton,Meroplankton,Echinoderm,Patiriella regularis,NA,NA,T,NA,NA,NA,7,7,NA,423,19,432,23,9,4,NA,NA,NA,62_Patiriella_regularis_LARVA_CO2423.00_pH8.15_T19.,2.6354837469999999,19,Length,Growth,NA,NA,NA,402.31,15.60993274,353.47,30.08219241,NA,FALSE,TRUE,-0.12942432000000001,1.2497739999999999E-3,NA,NA,-2.0380023380000001,0.936170213,-1.9079170830000001,No,No,NA,185,Alter et al. 2024,byrne m gonzalez bernat m doo s foo s soars n lamare m,patiriella regularis,length,t,402.31,353.47,15.609933,30.082192,7,7,NA,NA,NA,NA,NA,NA,NA,NA,NA,NA,NA,NA,NA,NA,NA,NA,NA,NA,NA,NA,not_matched_in_alter_sheet,NA,NA
Alter et al. 2024,1711_AltersInvert,62,NA,NA,Yes,NA,"Byrne M, Gonzalez-Bernat M, Doo S, Foo S, Soars N, Lamare M",NA,2013,NA,NA,NA,NA,Marine,NA,Zooplankton,Meroplankton,Echinoderm,Patiriella regularis,NA,NA,T,NA,NA,NA,9,9,NA,423,19,432,23,9,4,NA,NA,NA,62_Patiriella_regularis_EMBRYO_CO2423.00_pH8.15_T19.,2.6354837469999999,19,Survival,Reproduction,NA,NA,NA,35.13,3.75,48.83,8.7,NA,FALSE,TRUE,0.329289412,4.7932260000000003E-3,NA,NA,2.0450893529999998,0.952380952,1.947704146,No,No,NA,186,Alter et al. 2024,byrne m gonzalez bernat m doo s foo s soars n lamare m,patiriella regularis,survival,t,35.13,48.83,3.75,8.7,9,9,NA,NA,NA,NA,NA,NA,NA,NA,NA,NA,NA,NA,NA,NA,NA,NA,NA,NA,NA,NA,not_matched_in_alter_sheet,NA,NA
Alter et al. 2024,688_AltersInvert,62,NA,NA,Yes,NA,"Byrne M, Gonzalez-Bernat M, Doo S, Foo S, Soars N, Lamare M",NA,2013,NA,NA,NA,NA,Marine,NA,Zooplankton,Meroplankton,Echinoderm,Patiriella regularis,NA,NA,TpH,NA,NA,NA,7,7,NA,423,19,1805,23,1382,4,NA,NA,NA,62_Patiriella_regularis_LARVA_CO2423.00_pH8.15_T19.,3.256477206,19,Length,Growth,NA,NA,NA,402.31,15.60993274,353.89,46.77688318,NA,FALSE,TRUE,-0.12823680500000001,2.7109759999999999E-3,NA,NA,-1.3886110169999999,0.936170213,-1.299976271,No,No,NA,187,Alter et al. 2024,byrne m gonzalez bernat m doo s foo s soars n lamare m,patiriella regularis,length,tph,402.31,353.89,15.609933,46.776883,7,7,NA,NA,NA,NA,NA,NA,NA,NA,NA,NA,NA,NA,NA,NA,NA,NA,NA,NA,NA,NA,not_matched_in_alter_sheet,NA,NA
Alter et al. 2024,689_AltersInvert,62,NA,NA,Yes,NA,"Byrne M, Gonzalez-Bernat M, Doo S, Foo S, Soars N, Lamare M",NA,2013,NA,NA,NA,NA,Marine,NA,Zooplankton,Meroplankton,Echinoderm,Patiriella regularis,NA,NA,TpH,NA,NA,NA,7,7,NA,423,19,1076,21,653,2,NA,NA,NA,62_Patiriella_regularis_LARVA_CO2423.00_pH8.15_T19.,3.0318122710000002,19,Normal,Development,NA,NA,NA,96.05,5.317960135,84.87,9.789279851,NA,FALSE,TRUE,-0.12374821499999999,2.3385419999999999E-3,NA,NA,-1.4192280589999999,0.936170213,-1.3286390340000001,No,No,NA,188,Alter et al. 2024,byrne m gonzalez bernat m doo s foo s soars n lamare m,patiriella regularis,normal,tph,96.05,84.87,5.31796,9.78928,7,7,NA,NA,NA,NA,NA,NA,NA,NA,NA,NA,NA,NA,NA,NA,NA,NA,NA,NA,NA,NA,not_matched_in_alter_sheet,NA,NA
Alter et al. 2024,690_AltersInvert,62,NA,NA,Yes,NA,"Byrne M, Gonzalez-Bernat M, Doo S, Foo S, Soars N, Lamare M",NA,2013,NA,NA,NA,NA,Marine,NA,Zooplankton,Meroplankton,Echinoderm,Patiriella regularis,NA,NA,TpH,NA,NA,NA,7,7,NA,423,19,1094,23,671,4,NA,NA,NA,62_Patiriella_regularis_LARVA_CO2423.00_pH8.15_T19.,3.0390173219999999,19,Length,Growth,NA,NA,NA,402.31,15.60993274,358.1,45.66566763,NA,FALSE,TRUE,-0.116410659,2.5381980000000002E-3,NA,NA,-1.2955333739999999,0.936170213,-1.2128397550000001,No,No,NA,189,Alter et al. 2024,byrne m gonzalez bernat m doo s foo s soars n lamare m,patiriella regularis,length,tph,402.31,358.1,15.609933,45.665668,7,7,NA,NA,NA,NA,NA,NA,NA,NA,NA,NA,NA,NA,NA,NA,NA,NA,NA,NA,NA,NA,not_matched_in_alter_sheet,NA,NA
Alter et al. 2024,691_AltersInvert,62,NA,NA,Yes,NA,"Byrne M, Gonzalez-Bernat M, Doo S, Foo S, Soars N, Lamare M",NA,2013,NA,NA,NA,NA,Marine,NA,Zooplankton,Meroplankton,Echinoderm,Patiriella regularis,NA,NA,TpH,NA,NA,NA,7,7,NA,423,19,1094,23,671,4,NA,NA,NA,62_Patiriella_regularis_LARVA_CO2423.00_pH8.15_T19.,3.0390173219999999,19,Normal,Development,NA,NA,NA,96.05,5.317960135,85.79,12.64669127,NA,FALSE,TRUE,-0.11296644,3.5423569999999999E-3,NA,NA,-1.0576209640000001,0.936170213,-0.99011324300000003,No,No,NA,190,Alter et al. 2024,byrne m gonzalez bernat m doo s foo s soars n lamare m,patiriella regularis,normal,tph,96.05,85.79,5.31796,12.646691,7,7,NA,NA,NA,NA,NA,NA,NA,NA,NA,NA,NA,NA,NA,NA,NA,NA,NA,NA,NA,NA,not_matched_in_alter_sheet,NA,NA
Alter et al. 2024,692_AltersInvert,62,NA,NA,Yes,NA,"Byrne M, Gonzalez-Bernat M, Doo S, Foo S, Soars N, Lamare M",NA,2013,NA,NA,NA,NA,Marine,NA,Zooplankton,Meroplankton,Echinoderm,Patiriella regularis,NA,NA,TpH,NA,NA,NA,7,7,NA,423,19,1076,21,653,2,NA,NA,NA,62_Patiriella_regularis_LARVA_CO2423.00_pH8.15_T19.,3.0318122710000002,19,Length,Growth,NA,NA,NA,402.31,15.60993274,367.78,18.94357939,NA,FALSE,TRUE,-8.9738001999999997E-2,5.9408099999999999E-4,NA,NA,-1.9894018929999999,0.936170213,-1.862418793,No,No,NA,191,Alter et al. 2024,byrne m gonzalez bernat m doo s foo s soars n lamare m,patiriella regularis,length,tph,402.31,367.78,15.609933,18.943579,7,7,NA,NA,NA,NA,NA,NA,NA,NA,NA,NA,NA,NA,NA,NA,NA,NA,NA,NA,NA,NA,not_matched_in_alter_sheet,NA,NA
Alter et al. 2024,693_AltersInvert,62,NA,NA,Yes,NA,"Byrne M, Gonzalez-Bernat M, Doo S, Foo S, Soars N, Lamare M",NA,2013,NA,NA,NA,NA,Marine,NA,Zooplankton,Meroplankton,Echinoderm,Patiriella regularis,NA,NA,TpH,NA,NA,NA,7,7,NA,423,19,1772,21,1349,2,NA,NA,NA,62_Patiriella_regularis_LARVA_CO2423.00_pH8.15_T19.,3.248463718,19,Length,Growth,NA,NA,NA,402.31,15.60993274,368.21,48.99931428,NA,TRUE,TRUE,-8.8569508000000005E-2,2.744898E-3,NA,NA,-0.93775448500000003,0.936170213,-0.87789781600000005,No,No,NA,192,Alter et al. 2024,byrne m gonzalez bernat m doo s foo s soars n lamare m,patiriella regularis,length,tph,402.31,368.21,15.609933,48.999314,7,7,NA,NA,NA,NA,NA,NA,NA,NA,NA,NA,NA,NA,NA,NA,NA,NA,NA,NA,NA,NA,not_matched_in_alter_sheet,NA,NA
Alter et al. 2024,694_AltersInvert,62,NA,NA,Yes,NA,"Byrne M, Gonzalez-Bernat M, Doo S, Foo S, Soars N, Lamare M",NA,2013,NA,NA,NA,NA,Marine,NA,Zooplankton,Meroplankton,Echinoderm,Patiriella regularis,NA,NA,TpH,NA,NA,NA,7,7,NA,423,19,1772,21,1349,2,NA,NA,NA,62_Patiriella_regularis_LARVA_CO2423.00_pH8.15_T19.,3.248463718,19,Normal,Development,NA,NA,NA,96.05,5.317960135,88.4,10.9004954,NA,TRUE,TRUE,-8.2996920000000002E-2,2.6100730000000001E-3,NA,NA,-0.89200621899999999,0.936170213,-0.83506965200000005,No,No,NA,193,Alter et al. 2024,byrne m gonzalez bernat m doo s foo s soars n lamare m,patiriella regularis,normal,tph,96.05,88.4,5.31796,10.900495,7,7,NA,NA,NA,NA,NA,NA,NA,NA,NA,NA,NA,NA,NA,NA,NA,NA,NA,NA,NA,NA,not_matched_in_alter_sheet,NA,NA
Alter et al. 2024,697_AltersInvert,62,NA,NA,Yes,NA,"Byrne M, Gonzalez-Bernat M, Doo S, Foo S, Soars N, Lamare M",NA,2013,NA,NA,NA,NA,Marine,NA,Zooplankton,Meroplankton,Echinoderm,Patiriella regularis,NA,NA,TpH,NA,NA,NA,7,7,NA,423,19,1805,23,1382,4,NA,NA,NA,62_Patiriella_regularis_LARVA_CO2423.00_pH8.15_T19.,3.256477206,19,Normal,Development,NA,NA,NA,96.05,5.317960135,93.86,3.333646652,NA,TRUE,TRUE,-2.3064579000000002E-2,6.1813299999999999E-4,NA,NA,-0.49345167099999998,0.936170213,-0.46195475499999999,No,No,NA,194,Alter et al. 2024,byrne m gonzalez bernat m doo s foo s soars n lamare m,patiriella regularis,normal,tph,96.05,93.86,5.31796,3.333647,7,7,NA,NA,NA,NA,NA,NA,NA,NA,NA,NA,NA,NA,NA,NA,NA,NA,NA,NA,NA,NA,not_matched_in_alter_sheet,NA,NA
Alter et al. 2024,1708_AltersInvert,62,NA,NA,Yes,NA,"Byrne M, Gonzalez-Bernat M, Doo S, Foo S, Soars N, Lamare M",NA,2013,NA,NA,NA,NA,Marine,NA,Zooplankton,Meroplankton,Echinoderm,Patiriella regularis,NA,NA,TpH,NA,NA,NA,9,9,NA,423,19,1772,21,1349,2,NA,NA,NA,62_Patiriella_regularis_EMBRYO_CO2423.00_pH8.15_T19.,3.248463718,19,Survival,Reproduction,NA,NA,NA,35.13,3.75,62.39,9.96,NA,FALSE,TRUE,0.57434954000000005,4.097781E-3,NA,NA,3.6223858619999998,0.952380952,3.4498912970000002,No,No,NA,195,Alter et al. 2024,byrne m gonzalez bernat m doo s foo s soars n lamare m,patiriella regularis,survival,tph,35.13,62.39,3.75,9.96,9,9,NA,NA,NA,NA,NA,NA,NA,NA,NA,NA,NA,NA,NA,NA,NA,NA,NA,NA,NA,NA,not_matched_in_alter_sheet,NA,NA
Alter et al. 2024,1709_AltersInvert,62,NA,NA,Yes,NA,"Byrne M, Gonzalez-Bernat M, Doo S, Foo S, Soars N, Lamare M",NA,2013,NA,NA,NA,NA,Marine,NA,Zooplankton,Meroplankton,Echinoderm,Patiriella regularis,NA,NA,TpH,NA,NA,NA,9,9,NA,423,19,1805,23,1382,4,NA,NA,NA,62_Patiriella_regularis_EMBRYO_CO2423.00_pH8.15_T19.,3.256477206,19,Survival,Reproduction,NA,NA,NA,35.13,3.75,60.31,9.54,NA,FALSE,TRUE,0.54044246100000004,4.0462850000000002E-3,NA,NA,3.4739445670000002,0.952380952,3.308518635,No,No,NA,196,Alter et al. 2024,byrne m gonzalez bernat m doo s foo s soars n lamare m,patiriella regularis,survival,tph,35.13,60.31,3.75,9.54,9,9,NA,NA,NA,NA,NA,NA,NA,NA,NA,NA,NA,NA,NA,NA,NA,NA,NA,NA,NA,NA,not_matched_in_alter_sheet,NA,NA
Alter et al. 2024,1710_AltersInvert,62,NA,NA,Yes,NA,"Byrne M, Gonzalez-Bernat M, Doo S, Foo S, Soars N, Lamare M",NA,2013,NA,NA,NA,NA,Marine,NA,Zooplankton,Meroplankton,Echinoderm,Patiriella regularis,NA,NA,TpH,NA,NA,NA,9,9,NA,423,19,1094,23,671,4,NA,NA,NA,62_Patiriella_regularis_EMBRYO_CO2423.00_pH8.15_T19.,3.0390173219999999,19,Survival,Reproduction,NA,NA,NA,35.13,3.75,51.87,10.8,NA,FALSE,TRUE,0.38968512199999999,6.0830420000000003E-3,NA,NA,2.0707539769999999,0.952380952,1.972146645,No,No,NA,197,Alter et al. 2024,byrne m gonzalez bernat m doo s foo s soars n lamare m,patiriella regularis,survival,tph,35.13,51.87,3.75,10.8,9,9,NA,NA,NA,NA,NA,NA,NA,NA,NA,NA,NA,NA,NA,NA,NA,NA,NA,NA,NA,NA,not_matched_in_alter_sheet,NA,NA
Alter et al. 2024,859_AltersInvert,76,NA,NA,Yes,NA,"Byrne M, Ho M, Wong E, Soars NA, Selvakumaraswamy P, Shepard-Brennand H, Dworjanyn SA, Davis AR",NA,2020,NA,NA,NA,NA,Marine,NA,Zooplankton,Meroplankton,Mollusca,Haliotis coccoradiata,NA,NA,pH,NA,NA,NA,10,10,NA,342,20,1783,20,1441,0,NA,NA,NA,76_Haliotis_coccoradiata_LARVA_CO2342.00_pH8.20_T20.,3.2511513430000001,20,Normal,Physiology,NA,NA,NA,59.7,31.30654884,23,22.76839915,NA,FALSE,FALSE,-0.95383780399999996,0.125495525,NA,NA,-1.3407650739999999,0.957746479,-1.284113029,No,No,NA,198,Alter et al. 2024,byrne m ho m wong e soars na selvakumaraswamy p shepard brennand h dworjanyn sa davis ar,haliotis coccoradiata,normal,ph,59.7,23,31.306549,22.768399,10,10,NA,NA,NA,NA,NA,NA,NA,NA,NA,NA,NA,NA,NA,NA,NA,NA,NA,NA,NA,NA,not_matched_in_alter_sheet,NA,NA
Alter et al. 2024,860_AltersInvert,76,NA,NA,Yes,NA,"Byrne M, Ho M, Wong E, Soars NA, Selvakumaraswamy P, Shepard-Brennand H, Dworjanyn SA, Davis AR",NA,2020,NA,NA,NA,NA,Marine,NA,Zooplankton,Meroplankton,Mollusca,Haliotis coccoradiata,NA,NA,pH,NA,NA,NA,10,10,NA,342,20,1084,20,742,0,NA,NA,NA,76_Haliotis_coccoradiata_LARVA_CO2342.00_pH8.20_T20.,3.035029282,20,Normal,Physiology,NA,NA,NA,59.7,31.30654884,28.2,27.82804341,NA,FALSE,FALSE,-0.75001004199999999,0.124878713,NA,NA,-1.0635278459999999,0.957746479,-1.01859005,No,No,NA,199,Alter et al. 2024,byrne m ho m wong e soars na selvakumaraswamy p shepard brennand h dworjanyn sa davis ar,haliotis coccoradiata,normal,ph,59.7,28.2,31.306549,27.828043,10,10,NA,NA,NA,NA,NA,NA,NA,NA,NA,NA,NA,NA,NA,NA,NA,NA,NA,NA,NA,NA,not_matched_in_alter_sheet,NA,NA
Alter et al. 2024,861_AltersInvert,76,NA,NA,Yes,NA,"Byrne M, Ho M, Wong E, Soars NA, Selvakumaraswamy P, Shepard-Brennand H, Dworjanyn SA, Davis AR",NA,2020,NA,NA,NA,NA,Marine,NA,Zooplankton,Meroplankton,Mollusca,Haliotis coccoradiata,NA,NA,T,NA,NA,NA,10,10,NA,342,20,342,22,0,2,NA,NA,NA,76_Haliotis_coccoradiata_LARVA_CO2342.00_pH8.20_T20.,2.5340261059999998,20,Normal,Physiology,NA,NA,NA,59.7,31.30654884,37,22.45217139,NA,FALSE,TRUE,-0.478414108,6.4321803999999996E-2,NA,NA,-0.83328706699999999,0.957746479,-0.79807775400000003,No,No,NA,200,Alter et al. 2024,byrne m ho m wong e soars na selvakumaraswamy p shepard brennand h dworjanyn sa davis ar,haliotis coccoradiata,normal,t,59.7,37,31.306549,22.452171,10,10,NA,NA,NA,NA,NA,NA,NA,NA,NA,NA,NA,NA,NA,NA,NA,NA,NA,NA,NA,NA,not_matched_in_alter_sheet,NA,NA
Alter et al. 2024,858_AltersInvert,76,NA,NA,Yes,NA,"Byrne M, Ho M, Wong E, Soars NA, Selvakumaraswamy P, Shepard-Brennand H, Dworjanyn SA, Davis AR",NA,2020,NA,NA,NA,NA,Marine,NA,Zooplankton,Meroplankton,Mollusca,Haliotis coccoradiata,NA,NA,T,NA,NA,NA,10,10,NA,342,20,342,24,0,4,NA,NA,NA,76_Haliotis_coccoradiata_LARVA_CO2342.00_pH8.20_T20.,2.5340261059999998,20,Normal,Physiology,NA,NA,NA,59.7,31.30654884,22.6,34.15259873,NA,FALSE,FALSE,-0.97138211399999996,0.25586487800000002,NA,NA,-1.132461538,0.957746479,-1.084611051,No,No,NA,201,Alter et al. 2024,byrne m ho m wong e soars na selvakumaraswamy p shepard brennand h dworjanyn sa davis ar,haliotis coccoradiata,normal,t,59.7,22.6,31.306549,34.152599,10,10,NA,NA,NA,NA,NA,NA,NA,NA,NA,NA,NA,NA,NA,NA,NA,NA,NA,NA,NA,NA,not_matched_in_alter_sheet,NA,NA
Alter et al. 2024,854_AltersInvert,76,NA,NA,Yes,NA,"Byrne M, Ho M, Wong E, Soars NA, Selvakumaraswamy P, Shepard-Brennand H, Dworjanyn SA, Davis AR",NA,2011,NA,NA,NA,NA,Marine,NA,Zooplankton,Meroplankton,Mollusca,Haliotis coccoradiata,NA,NA,TpH,NA,NA,NA,10,10,NA,342,20,1817,22,1475,2,NA,NA,NA,76_Haliotis_coccoradiata_LARVA_CO2342.00_pH8.20_T20.,3.259354927,20,Normal,Physiology,NA,NA,NA,59.7,31.30654884,0.4,2.213594362,NA,TRUE,TRUE,-5.0056227519999998,3.0899993060000002,NA,NA,-2.6720930410000001,0.957746479,-2.5591877009999999,No,No,NA,202,Alter et al. 2024,byrne m ho m wong e soars na selvakumaraswamy p shepard brennand h dworjanyn sa davis ar,haliotis coccoradiata,normal,tph,59.7,0.4,31.306549,2.213594,10,10,NA,NA,NA,NA,NA,NA,NA,NA,NA,NA,NA,NA,NA,NA,NA,NA,NA,NA,NA,NA,not_matched_in_alter_sheet,NA,NA
Alter et al. 2024,855_AltersInvert,76,NA,NA,Yes,NA,"Byrne M, Ho M, Wong E, Soars NA, Selvakumaraswamy P, Shepard-Brennand H, Dworjanyn SA, Davis AR",NA,2011,NA,NA,NA,NA,Marine,NA,Zooplankton,Meroplankton,Mollusca,Haliotis coccoradiata,NA,NA,TpH,NA,NA,NA,10,10,NA,342,20,1851,24,1509,4,NA,NA,NA,76_Haliotis_coccoradiata_LARVA_CO2342.00_pH8.20_T20.,3.2674064189999998,20,Normal,Physiology,NA,NA,NA,59.7,31.30654884,1.1,1.264911064,NA,TRUE,FALSE,-3.9940218409999999,0.159730711,NA,NA,-2.64498503,0.957746479,-2.533225099,No,No,NA,203,Alter et al. 2024,byrne m ho m wong e soars na selvakumaraswamy p shepard brennand h dworjanyn sa davis ar,haliotis coccoradiata,normal,tph,59.7,1.1,31.306549,1.264911,10,10,NA,NA,NA,NA,NA,NA,NA,NA,NA,NA,NA,NA,NA,NA,NA,NA,NA,NA,NA,NA,not_matched_in_alter_sheet,NA,NA
Alter et al. 2024,856_AltersInvert,76,NA,NA,Yes,NA,"Byrne M, Ho M, Wong E, Soars NA, Selvakumaraswamy P, Shepard-Brennand H, Dworjanyn SA, Davis AR",NA,2011,NA,NA,NA,NA,Marine,NA,Zooplankton,Meroplankton,Mollusca,Haliotis coccoradiata,NA,NA,TpH,NA,NA,NA,10,10,NA,342,20,1121,24,779,4,NA,NA,NA,76_Haliotis_coccoradiata_LARVA_CO2342.00_pH8.20_T20.,3.0496056130000002,20,Normal,Physiology,NA,NA,NA,59.7,31.30654884,5.9,10.11928851,NA,TRUE,FALSE,-2.314379669,0.32166764799999997,NA,NA,-2.312508411,0.957746479,-2.2147967880000001,No,No,NA,204,Alter et al. 2024,byrne m ho m wong e soars na selvakumaraswamy p shepard brennand h dworjanyn sa davis ar,haliotis coccoradiata,normal,tph,59.7,5.9,31.306549,10.119289,10,10,NA,NA,NA,NA,NA,NA,NA,NA,NA,NA,NA,NA,NA,NA,NA,NA,NA,NA,NA,NA,not_matched_in_alter_sheet,NA,NA
Alter et al. 2024,857_AltersInvert,76,NA,NA,Yes,NA,"Byrne M, Ho M, Wong E, Soars NA, Selvakumaraswamy P, Shepard-Brennand H, Dworjanyn SA, Davis AR",NA,2020,NA,NA,NA,NA,Marine,NA,Zooplankton,Meroplankton,Mollusca,Haliotis coccoradiata,NA,NA,TpH,NA,NA,NA,10,10,NA,342,20,1102,22,760,2,NA,NA,NA,76_Haliotis_coccoradiata_LARVA_CO2342.00_pH8.20_T20.,3.0421815950000002,20,Normal,Physiology,NA,NA,NA,59.7,31.30654884,16.3,22.45217139,NA,TRUE,FALSE,-1.298166913,0.2172317,NA,NA,-1.5931567710000001,0.957746479,-1.5258402879999999,No,No,NA,205,Alter et al. 2024,byrne m ho m wong e soars na selvakumaraswamy p shepard brennand h dworjanyn sa davis ar,haliotis coccoradiata,normal,tph,59.7,16.3,31.306549,22.452171,10,10,NA,NA,NA,NA,NA,NA,NA,NA,NA,NA,NA,NA,NA,NA,NA,NA,NA,NA,NA,NA,not_matched_in_alter_sheet,NA,NA
Alter et al. 2024,979_AltersInvert,111,NA,NA,Yes,NA,"Byrne M, Ho MA, Koleits L, Price C, King CK, Virtue P, Tilbrook B, Lamare M",NA,2014,NA,NA,NA,NA,Marine,NA,Zooplankton,Meroplankton,Echinoderm,Sterechinus neumayeri,NA,NA,pH,NA,NA,NA,32,32,NA,437,-0.9,1399,-0.9,962,0,NA,NA,NA,111_Sterechinus_neumayeri_LARVA_CO2437.00_pH7.99_T-0.9,3.1458177140000001,-0.9,Normal,Development,NA,NA,NA,0.01,0,0.02,0,NA,FALSE,TRUE,0.69314718099999995,0,NA,NA,NA,0.987854251,NA,NA,NA,NA,206,Alter et al. 2024,byrne m ho ma koleits l price c king ck virtue p tilbrook b lamare m,sterechinus neumayeri,normal,ph,0.01,0.02,0,0,32,32,NA,NA,NA,NA,NA,NA,NA,NA,NA,NA,NA,NA,NA,NA,NA,NA,NA,NA,NA,NA,not_matched_in_alter_sheet,NA,NA
Alter et al. 2024,981_AltersInvert,111,NA,NA,Yes,NA,"Byrne M, Ho MA, Koleits L, Price C, King CK, Virtue P, Tilbrook B, Lamare M",NA,2014,NA,NA,NA,NA,Marine,NA,Zooplankton,Meroplankton,Echinoderm,Sterechinus neumayeri,NA,NA,pH,NA,NA,NA,32,32,NA,437,-0.9,897,-1,460,-0.09999999999999998,NA,NA,NA,111_Sterechinus_neumayeri_LARVA_CO2437.00_pH7.99_T-0.9,2.9527924429999999,-0.9,Normal,Development,NA,NA,NA,0.01,0,0.01,0,NA,FALSE,TRUE,0,0,NA,NA,NA,0.987854251,NA,NA,NA,NA,207,Alter et al. 2024,byrne m ho ma koleits l price c king ck virtue p tilbrook b lamare m,sterechinus neumayeri,normal,ph,0.01,0.01,0,0,32,32,NA,NA,NA,NA,NA,NA,NA,NA,NA,NA,NA,NA,NA,NA,NA,NA,NA,NA,NA,NA,not_matched_in_alter_sheet,NA,NA
Alter et al. 2024,983_AltersInvert,111,NA,NA,Yes,NA,"Byrne M, Ho MA, Koleits L, Price C, King CK, Virtue P, Tilbrook B, Lamare M",NA,2014,NA,NA,NA,NA,Marine,NA,Zooplankton,Meroplankton,Echinoderm,Sterechinus neumayeri,NA,NA,T,NA,NA,NA,32,32,NA,437,-0.9,416,0.9,-21,1.8,NA,NA,NA,111_Sterechinus_neumayeri_LARVA_CO2437.00_pH7.99_T-0.9,2.6190933310000002,-0.9,Normal,Development,NA,NA,NA,0.01,0,0.01,0,NA,TRUE,TRUE,0,0,NA,NA,NA,0.987854251,NA,NA,NA,NA,208,Alter et al. 2024,byrne m ho ma koleits l price c king ck virtue p tilbrook b lamare m,sterechinus neumayeri,normal,t,0.01,0.01,0,0,32,32,NA,NA,NA,NA,NA,NA,NA,NA,NA,NA,NA,NA,NA,NA,NA,NA,NA,NA,NA,NA,not_matched_in_alter_sheet,NA,NA
Alter et al. 2024,978_AltersInvert,111,NA,NA,Yes,NA,"Byrne M, Ho MA, Koleits L, Price C, King CK, Virtue P, Tilbrook B, Lamare M",NA,2014,NA,NA,NA,NA,Marine,NA,Zooplankton,Meroplankton,Echinoderm,Sterechinus neumayeri,NA,NA,TpH,NA,NA,NA,32,32,NA,437,-0.9,1355,1,918,1.9,NA,NA,NA,111_Sterechinus_neumayeri_LARVA_CO2437.00_pH7.99_T-0.9,3.131939295,-0.9,Normal,Development,NA,NA,NA,0.01,0,0.02,0,NA,FALSE,TRUE,0.69314718099999995,0,NA,NA,NA,0.987854251,NA,NA,NA,NA,209,Alter et al. 2024,byrne m ho ma koleits l price c king ck virtue p tilbrook b lamare m,sterechinus neumayeri,normal,tph,0.01,0.02,0,0,32,32,NA,NA,NA,NA,NA,NA,NA,NA,NA,NA,NA,NA,NA,NA,NA,NA,NA,NA,NA,NA,not_matched_in_alter_sheet,NA,NA
Alter et al. 2024,980_AltersInvert,111,NA,NA,Yes,NA,"Byrne M, Ho MA, Koleits L, Price C, King CK, Virtue P, Tilbrook B, Lamare M",NA,2014,NA,NA,NA,NA,Marine,NA,Zooplankton,Meroplankton,Echinoderm,Sterechinus neumayeri,NA,NA,TpH,NA,NA,NA,32,32,NA,437,-0.9,839,1.1,402,2,NA,NA,NA,111_Sterechinus_neumayeri_LARVA_CO2437.00_pH7.99_T-0.9,2.9237619609999999,-0.9,Normal,Development,NA,NA,NA,0.01,0,0.01,0,NA,FALSE,TRUE,0,0,NA,NA,NA,0.987854251,NA,NA,NA,NA,210,Alter et al. 2024,byrne m ho ma koleits l price c king ck virtue p tilbrook b lamare m,sterechinus neumayeri,normal,tph,0.01,0.01,0,0,32,32,NA,NA,NA,NA,NA,NA,NA,NA,NA,NA,NA,NA,NA,NA,NA,NA,NA,NA,NA,NA,not_matched_in_alter_sheet,NA,NA
Alter et al. 2024,1361_AltersInvert,43,NA,NA,Yes,NA,"Byrne M, Soars N, Selvykumaraswamy P, Dworjanyn SA, Davis AR",NA,2018,NA,NA,NA,NA,Marine,NA,Zooplankton,Meroplankton,Echinoderm,Heliocidaris erythrogramma,NA,NA,pH,NA,NA,NA,12,12,NA,367,22,1105,22,738,0,NA,NA,NA,43_Heliocidaris_erythrogramma_EMBRYO_CO2367.00_pH8.17_T22.,3.043362278,22,Fertilization,Reproduction,NA,NA,NA,74.53,5.40399852,73.44,2.771281292,NA,TRUE,TRUE,-1.4732983E-2,5.5677700000000005E-4,NA,NA,-0.25382079400000002,0.965517241,-0.24506835299999999,No,No,NA,211,Alter et al. 2024,byrne m soars n selvykumaraswamy p dworjanyn sa davis ar,heliocidaris erythrogramma,fertilization,ph,74.53,73.44,5.403999,2.771281,12,12,NA,NA,NA,NA,NA,NA,NA,NA,NA,NA,NA,NA,NA,NA,NA,NA,NA,NA,NA,NA,not_matched_in_alter_sheet,NA,NA
Alter et al. 2024,1362_AltersInvert,43,NA,NA,Yes,NA,"Byrne M, Soars N, Selvykumaraswamy P, Dworjanyn SA, Davis AR",NA,2018,NA,NA,NA,NA,Marine,NA,Zooplankton,Meroplankton,Echinoderm,Heliocidaris erythrogramma,NA,NA,pH,NA,NA,NA,12,12,NA,367,22,1823,22,1456,0,NA,NA,NA,43_Heliocidaris_erythrogramma_EMBRYO_CO2367.00_pH8.17_T22.,3.2607866689999998,22,Fertilization,Reproduction,NA,NA,NA,74.53,5.40399852,73.78,3.360178567,NA,FALSE,TRUE,-1.0114036999999999E-2,6.1096299999999996E-4,NA,NA,-0.16667901399999999,0.965517241,-0.160931462,No,No,NA,212,Alter et al. 2024,byrne m soars n selvykumaraswamy p dworjanyn sa davis ar,heliocidaris erythrogramma,fertilization,ph,74.53,73.78,5.403999,3.360179,12,12,NA,NA,NA,NA,NA,NA,NA,NA,NA,NA,NA,NA,NA,NA,NA,NA,NA,NA,NA,NA,not_matched_in_alter_sheet,NA,NA
Alter et al. 2024,1359_AltersInvert,43,NA,NA,Yes,NA,"Byrne M, Soars N, Selvykumaraswamy P, Dworjanyn SA, Davis AR",NA,2018,NA,NA,NA,NA,Marine,NA,Zooplankton,Meroplankton,Echinoderm,Heliocidaris erythrogramma,NA,NA,T,NA,NA,NA,12,12,NA,367,22,370,24,3,2,NA,NA,NA,43_Heliocidaris_erythrogramma_EMBRYO_CO2367.00_pH8.17_T22.,2.5682017240000001,22,Fertilization,Reproduction,NA,NA,NA,74.53,5.40399852,72.52,4.919024293,NA,TRUE,TRUE,-2.7339342999999999E-2,8.2152199999999999E-4,NA,NA,-0.38899178200000001,0.965517241,-0.37557827300000002,No,No,NA,213,Alter et al. 2024,byrne m soars n selvykumaraswamy p dworjanyn sa davis ar,heliocidaris erythrogramma,fertilization,t,74.53,72.52,5.403999,4.919024,12,12,NA,NA,NA,NA,NA,NA,NA,NA,NA,NA,NA,NA,NA,NA,NA,NA,NA,NA,NA,NA,not_matched_in_alter_sheet,NA,NA
Alter et al. 2024,1363_AltersInvert,43,NA,NA,Yes,NA,"Byrne M, Soars N, Selvykumaraswamy P, Dworjanyn SA, Davis AR",NA,2018,NA,NA,NA,NA,Marine,NA,Zooplankton,Meroplankton,Echinoderm,Heliocidaris erythrogramma,NA,NA,T,NA,NA,NA,12,12,NA,367,22,373,26,6,4,NA,NA,NA,43_Heliocidaris_erythrogramma_EMBRYO_CO2367.00_pH8.17_T22.,2.5717088320000001,22,Fertilization,Reproduction,NA,NA,NA,74.53,5.40399852,74.28,4.364768035,NA,TRUE,TRUE,-3.359992E-3,7.2585200000000003E-4,NA,NA,-5.0896338999999999E-2,0.965517241,-4.9141293000000003E-2,No,No,NA,214,Alter et al. 2024,byrne m soars n selvykumaraswamy p dworjanyn sa davis ar,heliocidaris erythrogramma,fertilization,t,74.53,74.28,5.403999,4.364768,12,12,NA,NA,NA,NA,NA,NA,NA,NA,NA,NA,NA,NA,NA,NA,NA,NA,NA,NA,NA,NA,not_matched_in_alter_sheet,NA,NA
Alter et al. 2024,1356_AltersInvert,43,NA,NA,Yes,NA,"Byrne M, Soars N, Selvykumaraswamy P, Dworjanyn SA, Davis AR",NA,2010,NA,NA,NA,NA,Marine,NA,Zooplankton,Meroplankton,Echinoderm,Heliocidaris erythrogramma,NA,NA,TpH,NA,NA,NA,12,12,NA,367,22,1142,26,775,4,NA,NA,NA,43_Heliocidaris_erythrogramma_EMBRYO_CO2367.00_pH8.17_T22.,3.0576661039999999,22,Fertilization,Reproduction,NA,NA,NA,74.53,5.40399852,69.07,4.67653718,NA,TRUE,TRUE,-7.6081246000000005E-2,8.2013599999999996E-4,NA,NA,-1.0804660020000001,0.965517241,-1.0432085529999999,No,No,NA,215,Alter et al. 2024,byrne m soars n selvykumaraswamy p dworjanyn sa davis ar,heliocidaris erythrogramma,fertilization,tph,74.53,69.07,5.403999,4.676537,12,12,NA,NA,NA,NA,NA,NA,NA,NA,NA,NA,NA,NA,NA,NA,NA,NA,NA,NA,NA,NA,not_matched_in_alter_sheet,NA,NA
Alter et al. 2024,1357_AltersInvert,43,NA,NA,Yes,NA,"Byrne M, Soars N, Selvykumaraswamy P, Dworjanyn SA, Davis AR",NA,2010,NA,NA,NA,NA,Marine,NA,Zooplankton,Meroplankton,Echinoderm,Heliocidaris erythrogramma,NA,NA,TpH,NA,NA,NA,12,12,NA,367,22,1124,24,757,2,NA,NA,NA,43_Heliocidaris_erythrogramma_EMBRYO_CO2367.00_pH8.17_T22.,3.0507663109999998,22,Fertilization,Reproduction,NA,NA,NA,74.53,5.40399852,69.97,3.637306696,NA,TRUE,TRUE,-6.3135150000000001E-2,6.6330700000000002E-4,NA,NA,-0.98998120199999995,0.965517241,-0.95584391999999996,No,No,NA,216,Alter et al. 2024,byrne m soars n selvykumaraswamy p dworjanyn sa davis ar,heliocidaris erythrogramma,fertilization,tph,74.53,69.97,5.403999,3.637307,12,12,NA,NA,NA,NA,NA,NA,NA,NA,NA,NA,NA,NA,NA,NA,NA,NA,NA,NA,NA,NA,not_matched_in_alter_sheet,NA,NA
Alter et al. 2024,1358_AltersInvert,43,NA,NA,Yes,NA,"Byrne M, Soars N, Selvykumaraswamy P, Dworjanyn SA, Davis AR",NA,2010,NA,NA,NA,NA,Marine,NA,Zooplankton,Meroplankton,Echinoderm,Heliocidaris erythrogramma,NA,NA,TpH,NA,NA,NA,12,12,NA,367,22,1858,24,1491,2,NA,NA,NA,43_Heliocidaris_erythrogramma_EMBRYO_CO2367.00_pH8.17_T22.,3.2690457099999999,22,Fertilization,Reproduction,NA,NA,NA,74.53,5.40399852,70.48,5.750408681,NA,TRUE,TRUE,-5.5872747E-2,9.9284700000000004E-4,NA,NA,-0.72582043799999996,0.965517241,-0.70079214700000003,No,No,NA,217,Alter et al. 2024,byrne m soars n selvykumaraswamy p dworjanyn sa davis ar,heliocidaris erythrogramma,fertilization,tph,74.53,70.48,5.403999,5.750409,12,12,NA,NA,NA,NA,NA,NA,NA,NA,NA,NA,NA,NA,NA,NA,NA,NA,NA,NA,NA,NA,not_matched_in_alter_sheet,NA,NA
Alter et al. 2024,1360_AltersInvert,43,NA,NA,Yes,NA,"Byrne M, Soars N, Selvykumaraswamy P, Dworjanyn SA, Davis AR",NA,2018,NA,NA,NA,NA,Marine,NA,Zooplankton,Meroplankton,Echinoderm,Heliocidaris erythrogramma,NA,NA,TpH,NA,NA,NA,12,12,NA,367,22,1892,26,1525,4,NA,NA,NA,43_Heliocidaris_erythrogramma_EMBRYO_CO2367.00_pH8.17_T22.,3.276921132,22,Fertilization,Reproduction,NA,NA,NA,74.53,5.40399852,72.63,4.260844987,NA,TRUE,TRUE,-2.5823669E-2,7.2491299999999999E-4,NA,NA,-0.39045583900000003,0.965517241,-0.37699184499999999,No,No,NA,218,Alter et al. 2024,byrne m soars n selvykumaraswamy p dworjanyn sa davis ar,heliocidaris erythrogramma,fertilization,tph,74.53,72.63,5.403999,4.260845,12,12,NA,NA,NA,NA,NA,NA,NA,NA,NA,NA,NA,NA,NA,NA,NA,NA,NA,NA,NA,NA,not_matched_in_alter_sheet,NA,NA
Alter et al. 2024,2126_AltersInvert,201,NA,NA,Yes,NA,"Byrne M, Soars NA, Ho MA, Wong E, McElroy D, Selvakumaraswamy P, Dworjanyn SA, Davis AR",NA,2010,NA,NA,NA,NA,Marine,NA,Zooplankton,Meroplankton,Echinoderm,Centrostephanus rodgersii,NA,NA,pH,NA,NA,NA,3,3,NA,324,18,1695,18,1371,0,NA,NA,NA,201_Centrostephanus_rodgersii_EMBRYO_CO2324.00_pH8.25_T18.,3.2291697030000002,18,Fertilization,Reproduction,NA,NA,NA,96.12,5.213472931,87.88,9.387715377,NA,FALSE,TRUE,-8.9625162999999994E-2,4.7844380000000002E-3,NA,NA,-1.0851997,0.8,-0.86815975999999995,No,No,NA,219,Alter et al. 2024,byrne m soars na ho ma wong e mcelroy d selvakumaraswamy p dworjanyn sa davis ar,centrostephanus rodgersii,fertilization,ph,96.12,87.88,5.213473,9.387715,3,3,NA,NA,NA,NA,NA,NA,NA,NA,NA,NA,NA,NA,NA,NA,NA,NA,NA,NA,NA,NA,not_matched_in_alter_sheet,NA,NA
Alter et al. 2024,2136_AltersInvert,201,NA,NA,Yes,NA,"Byrne M, Soars NA, Ho MA, Wong E, McElroy D, Selvakumaraswamy P, Dworjanyn SA, Davis AR",NA,2010,NA,NA,NA,NA,Marine,NA,Zooplankton,Meroplankton,Echinoderm,Tripneustes gratilla,NA,NA,pH,NA,NA,NA,3,3,NA,327,20,1051,20,724,0,NA,NA,NA,201_Tripneustes_gratilla_EMBRYO_CO2327.00_pH8.25_T20.,3.0216027159999999,20,Fertilization,Reproduction,NA,NA,NA,87.97,12.52272734,83.29,15.6577393,NA,TRUE,TRUE,-5.4667353000000002E-2,1.853488E-2,NA,NA,-0.33010852299999999,0.8,-0.264086818,No,No,NA,220,Alter et al. 2024,byrne m soars na ho ma wong e mcelroy d selvakumaraswamy p dworjanyn sa davis ar,tripneustes gratilla,fertilization,ph,87.97,83.29,12.522727,15.657739,3,3,NA,NA,NA,NA,NA,NA,NA,NA,NA,NA,NA,NA,NA,NA,NA,NA,NA,NA,NA,NA,not_matched_in_alter_sheet,NA,NA
Alter et al. 2024,2140_AltersInvert,201,NA,NA,Yes,NA,"Byrne M, Soars NA, Ho MA, Wong E, McElroy D, Selvakumaraswamy P, Dworjanyn SA, Davis AR",NA,2010,NA,NA,NA,NA,Marine,NA,Zooplankton,Meroplankton,Echinoderm,Heliocidaris tuberculata,NA,NA,pH,NA,NA,NA,3,3,NA,327,20,1051,20,724,0,NA,NA,NA,201_Heliocidaris_tuberculata_EMBRYO_CO2327.00_pH8.25_T20.,3.0216027159999999,20,Fertilization,Reproduction,NA,NA,NA,95.9,5.092229374,92.52,8.140638796,NA,TRUE,TRUE,-3.5881145000000003E-2,3.5204699999999999E-3,NA,NA,-0.497810845,0.8,-0.39824867600000002,No,No,NA,221,Alter et al. 2024,byrne m soars na ho ma wong e mcelroy d selvakumaraswamy p dworjanyn sa davis ar,heliocidaris tuberculata,fertilization,ph,95.9,92.52,5.092229,8.140639,3,3,NA,NA,NA,NA,NA,NA,NA,NA,NA,NA,NA,NA,NA,NA,NA,NA,NA,NA,NA,NA,not_matched_in_alter_sheet,NA,NA
Alter et al. 2024,2155_AltersInvert,201,NA,NA,Yes,NA,"Byrne M, Soars NA, Ho MA, Wong E, McElroy D, Selvakumaraswamy P, Dworjanyn SA, Davis AR",NA,2010,NA,NA,NA,NA,Marine,NA,Zooplankton,Meroplankton,Echinoderm,Heliocidaris tuberculata,NA,NA,pH,NA,NA,NA,3,3,NA,327,20,1729,20,1402,0,NA,NA,NA,201_Heliocidaris_tuberculata_EMBRYO_CO2327.00_pH8.25_T20.,3.2377949930000001,20,Fertilization,Reproduction,NA,NA,NA,95.9,5.092229374,93.17,9.17986928,NA,TRUE,TRUE,-2.8880200000000002E-2,4.1757809999999999E-3,NA,NA,-0.36777759700000001,0.8,-0.294222078,No,No,NA,222,Alter et al. 2024,byrne m soars na ho ma wong e mcelroy d selvakumaraswamy p dworjanyn sa davis ar,heliocidaris tuberculata,fertilization,ph,95.9,93.17,5.092229,9.179869,3,3,NA,NA,NA,NA,NA,NA,NA,NA,NA,NA,NA,NA,NA,NA,NA,NA,NA,NA,NA,NA,not_matched_in_alter_sheet,NA,NA
Alter et al. 2024,2171_AltersInvert,201,NA,NA,Yes,NA,"Byrne M, Soars NA, Ho MA, Wong E, McElroy D, Selvakumaraswamy P, Dworjanyn SA, Davis AR",NA,2010,NA,NA,NA,NA,Marine,NA,Zooplankton,Meroplankton,Echinoderm,Patiriella regularis,NA,NA,pH,NA,NA,NA,3,3,NA,330,22,1069,22,739,0,NA,NA,NA,201_Patiriella_regularis_EMBRYO_CO2330.00_pH8.25_T22.,3.028977705,22,Fertilization,Reproduction,NA,NA,NA,89.93,8.556330989,88.81,13.90836798,NA,TRUE,TRUE,-1.2532333999999999E-2,1.1192851E-2,NA,NA,-9.6997239999999998E-2,0.8,-7.7597791999999999E-2,No,No,NA,223,Alter et al. 2024,byrne m soars na ho ma wong e mcelroy d selvakumaraswamy p dworjanyn sa davis ar,patiriella regularis,fertilization,ph,89.93,88.81,8.556331,13.908368,3,3,NA,NA,NA,NA,NA,NA,NA,NA,NA,NA,NA,NA,NA,NA,NA,NA,NA,NA,NA,NA,not_matched_in_alter_sheet,NA,NA
Alter et al. 2024,2178_AltersInvert,201,NA,NA,Yes,NA,"Byrne M, Soars NA, Ho MA, Wong E, McElroy D, Selvakumaraswamy P, Dworjanyn SA, Davis AR",NA,2010,NA,NA,NA,NA,Marine,NA,Zooplankton,Meroplankton,Echinoderm,Heliocidaris erythrogramma,NA,NA,pH,NA,NA,NA,3,3,NA,330,22,1069,22,739,0,NA,NA,NA,201_Heliocidaris_erythrogramma_EMBRYO_CO2330.00_pH8.25_T22.,3.028977705,22,Fertilization,Reproduction,NA,NA,NA,90.33,8.157959304,89.25,9.17986928,NA,TRUE,TRUE,-1.2028211E-2,6.2452339999999997E-3,NA,NA,-0.12436723299999999,0.8,-9.9493787E-2,No,No,NA,224,Alter et al. 2024,byrne m soars na ho ma wong e mcelroy d selvakumaraswamy p dworjanyn sa davis ar,heliocidaris erythrogramma,fertilization,ph,90.33,89.25,8.157959,9.179869,3,3,NA,NA,NA,NA,NA,NA,NA,NA,NA,NA,NA,NA,NA,NA,NA,NA,NA,NA,NA,NA,not_matched_in_alter_sheet,NA,NA
Alter et al. 2024,2192_AltersInvert,201,NA,NA,Yes,NA,"Byrne M, Soars NA, Ho MA, Wong E, McElroy D, Selvakumaraswamy P, Dworjanyn SA, Davis AR",NA,2010,NA,NA,NA,NA,Marine,NA,Zooplankton,Meroplankton,Echinoderm,Heliocidaris tuberculata,NA,NA,pH,NA,NA,NA,3,3,NA,327,20,814,20,487,0,NA,NA,NA,201_Heliocidaris_tuberculata_EMBRYO_CO2327.00_pH8.25_T20.,2.9106244050000001,20,Fertilization,Reproduction,NA,NA,NA,95.9,5.092229374,95.38,5.092229374,NA,TRUE,TRUE,-5.4370690000000001E-3,1.8899710000000001E-3,NA,NA,-0.102116374,0.8,-8.1693099000000005E-2,No,No,NA,225,Alter et al. 2024,byrne m soars na ho ma wong e mcelroy d selvakumaraswamy p dworjanyn sa davis ar,heliocidaris tuberculata,fertilization,ph,95.9,95.38,5.092229,5.092229,3,3,NA,NA,NA,NA,NA,NA,NA,NA,NA,NA,NA,NA,NA,NA,NA,NA,NA,NA,NA,NA,not_matched_in_alter_sheet,NA,NA
Alter et al. 2024,2201_AltersInvert,201,NA,NA,Yes,NA,"Byrne M, Soars NA, Ho MA, Wong E, McElroy D, Selvakumaraswamy P, Dworjanyn SA, Davis AR",NA,2010,NA,NA,NA,NA,Marine,NA,Zooplankton,Meroplankton,Echinoderm,Patiriella regularis,NA,NA,pH,NA,NA,NA,3,3,NA,330,22,1762,22,1432,0,NA,NA,NA,201_Patiriella_regularis_EMBRYO_CO2330.00_pH8.25_T22.,3.246005904,22,Fertilization,Reproduction,NA,NA,NA,89.93,8.556330989,90.16,9.63020249,NA,TRUE,TRUE,2.5542799999999999E-3,6.8204420000000003E-3,NA,NA,2.5249461000000001E-2,0.8,2.0199569000000001E-2,No,No,NA,226,Alter et al. 2024,byrne m soars na ho ma wong e mcelroy d selvakumaraswamy p dworjanyn sa davis ar,patiriella regularis,fertilization,ph,89.93,90.16,8.556331,9.630202,3,3,NA,NA,NA,NA,NA,NA,NA,NA,NA,NA,NA,NA,NA,NA,NA,NA,NA,NA,NA,NA,not_matched_in_alter_sheet,NA,NA
Alter et al. 2024,2205_AltersInvert,201,NA,NA,Yes,NA,"Byrne M, Soars NA, Ho MA, Wong E, McElroy D, Selvakumaraswamy P, Dworjanyn SA, Davis AR",NA,2010,NA,NA,NA,NA,Marine,NA,Zooplankton,Meroplankton,Echinoderm,Tripneustes gratilla,NA,NA,pH,NA,NA,NA,3,3,NA,327,20,814,20,487,0,NA,NA,NA,201_Tripneustes_gratilla_EMBRYO_CO2327.00_pH8.25_T20.,2.9106244050000001,20,Fertilization,Reproduction,NA,NA,NA,87.97,12.52272734,89.24,13.56195782,NA,TRUE,TRUE,1.4333522E-2,1.4453191000000001E-2,NA,NA,9.7297956000000005E-2,0.8,7.7838365000000007E-2,No,No,NA,227,Alter et al. 2024,byrne m soars na ho ma wong e mcelroy d selvakumaraswamy p dworjanyn sa davis ar,tripneustes gratilla,fertilization,ph,87.97,89.24,12.522727,13.561958,3,3,NA,NA,NA,NA,NA,NA,NA,NA,NA,NA,NA,NA,NA,NA,NA,NA,NA,NA,NA,NA,not_matched_in_alter_sheet,NA,NA
Alter et al. 2024,2209_AltersInvert,201,NA,NA,Yes,NA,"Byrne M, Soars NA, Ho MA, Wong E, McElroy D, Selvakumaraswamy P, Dworjanyn SA, Davis AR",NA,2010,NA,NA,NA,NA,Marine,NA,Zooplankton,Meroplankton,Echinoderm,Centrostephanus rodgersii,NA,NA,pH,NA,NA,NA,3,3,NA,324,18,1033,18,709,0,NA,NA,NA,201_Centrostephanus_rodgersii_EMBRYO_CO2324.00_pH8.25_T18.,3.014100322,18,Fertilization,Reproduction,NA,NA,NA,96.12,5.213472931,98.02,2.095781477,NA,FALSE,TRUE,1.9574128999999999E-2,1.133015E-3,NA,NA,0.47820424299999997,0.8,0.382563394,No,No,NA,228,Alter et al. 2024,byrne m soars na ho ma wong e mcelroy d selvakumaraswamy p dworjanyn sa davis ar,centrostephanus rodgersii,fertilization,ph,96.12,98.02,5.213473,2.095781,3,3,NA,NA,NA,NA,NA,NA,NA,NA,NA,NA,NA,NA,NA,NA,NA,NA,NA,NA,NA,NA,not_matched_in_alter_sheet,NA,NA
Alter et al. 2024,2210_AltersInvert,201,NA,NA,Yes,NA,"Byrne M, Soars NA, Ho MA, Wong E, McElroy D, Selvakumaraswamy P, Dworjanyn SA, Davis AR",NA,2010,NA,NA,NA,NA,Marine,NA,Zooplankton,Meroplankton,Mollusca,Haliotis coccoradiata,NA,NA,pH,NA,NA,NA,3,3,NA,327,20,814,20,487,0,NA,NA,NA,201_Haliotis_coccoradiata_EMBRYO_CO2327.00_pH8.25_T20.,2.9106244050000001,20,Fertilization,Reproduction,NA,NA,NA,97.55,3.204293994,99.49,1.056550993,NA,FALSE,TRUE,1.9692069999999999E-2,3.9724999999999998E-4,NA,NA,0.813154555,0.8,0.65052364399999996,No,No,NA,229,Alter et al. 2024,byrne m soars na ho ma wong e mcelroy d selvakumaraswamy p dworjanyn sa davis ar,haliotis coccoradiata,fertilization,ph,97.55,99.49,3.204294,1.056551,3,3,NA,NA,NA,NA,NA,NA,NA,NA,NA,NA,NA,NA,NA,NA,NA,NA,NA,NA,NA,NA,not_matched_in_alter_sheet,NA,NA
Alter et al. 2024,2215_AltersInvert,201,NA,NA,Yes,NA,"Byrne M, Soars NA, Ho MA, Wong E, McElroy D, Selvakumaraswamy P, Dworjanyn SA, Davis AR",NA,2010,NA,NA,NA,NA,Marine,NA,Zooplankton,Meroplankton,Mollusca,Haliotis coccoradiata,NA,NA,pH,NA,NA,NA,3,3,NA,327,20,1051,20,724,0,NA,NA,NA,201_Haliotis_coccoradiata_EMBRYO_CO2327.00_pH8.25_T20.,3.0216027159999999,20,Fertilization,Reproduction,NA,NA,NA,97.55,3.204293994,99.58,1.073871501,NA,TRUE,TRUE,2.0596274000000001E-2,3.98422E-4,NA,NA,0.84950252500000001,0.8,0.67960202000000003,No,No,NA,230,Alter et al. 2024,byrne m soars na ho ma wong e mcelroy d selvakumaraswamy p dworjanyn sa davis ar,haliotis coccoradiata,fertilization,ph,97.55,99.58,3.204294,1.073872,3,3,NA,NA,NA,NA,NA,NA,NA,NA,NA,NA,NA,NA,NA,NA,NA,NA,NA,NA,NA,NA,not_matched_in_alter_sheet,NA,NA
Alter et al. 2024,2218_AltersInvert,201,NA,NA,Yes,NA,"Byrne M, Soars NA, Ho MA, Wong E, McElroy D, Selvakumaraswamy P, Dworjanyn SA, Davis AR",NA,2010,NA,NA,NA,NA,Marine,NA,Zooplankton,Meroplankton,Echinoderm,Heliocidaris erythrogramma,NA,NA,pH,NA,NA,NA,3,3,NA,330,22,1762,22,1432,0,NA,NA,NA,201_Heliocidaris_erythrogramma_EMBRYO_CO2330.00_pH8.25_T22.,3.246005904,22,Fertilization,Reproduction,NA,NA,NA,90.33,8.157959304,92.29,7.136049327,NA,TRUE,TRUE,2.1466162E-2,4.7117019999999999E-3,NA,NA,0.25573926800000002,0.8,0.204591415,No,No,NA,231,Alter et al. 2024,byrne m soars na ho ma wong e mcelroy d selvakumaraswamy p dworjanyn sa davis ar,heliocidaris erythrogramma,fertilization,ph,90.33,92.29,8.157959,7.136049,3,3,NA,NA,NA,NA,NA,NA,NA,NA,NA,NA,NA,NA,NA,NA,NA,NA,NA,NA,NA,NA,not_matched_in_alter_sheet,NA,NA
Alter et al. 2024,2219_AltersInvert,201,NA,NA,Yes,NA,"Byrne M, Soars NA, Ho MA, Wong E, McElroy D, Selvakumaraswamy P, Dworjanyn SA, Davis AR",NA,2010,NA,NA,NA,NA,Marine,NA,Zooplankton,Meroplankton,Mollusca,Haliotis coccoradiata,NA,NA,pH,NA,NA,NA,3,3,NA,327,20,1729,20,1402,0,NA,NA,NA,201_Haliotis_coccoradiata_EMBRYO_CO2327.00_pH8.25_T20.,3.2377949930000001,20,Fertilization,Reproduction,NA,NA,NA,97.55,3.204293994,99.67,1.091192009,NA,TRUE,TRUE,2.1499661999999999E-2,3.9961100000000002E-4,NA,NA,0.88571226700000005,0.8,0.70856981299999999,No,No,NA,232,Alter et al. 2024,byrne m soars na ho ma wong e mcelroy d selvakumaraswamy p dworjanyn sa davis ar,haliotis coccoradiata,fertilization,ph,97.55,99.67,3.204294,1.091192,3,3,NA,NA,NA,NA,NA,NA,NA,NA,NA,NA,NA,NA,NA,NA,NA,NA,NA,NA,NA,NA,not_matched_in_alter_sheet,NA,NA
Alter et al. 2024,2228_AltersInvert,201,NA,NA,Yes,NA,"Byrne M, Soars NA, Ho MA, Wong E, McElroy D, Selvakumaraswamy P, Dworjanyn SA, Davis AR",NA,2016,NA,NA,NA,NA,Marine,NA,Zooplankton,Meroplankton,Echinoderm,Tripneustes gratilla,NA,NA,pH,NA,NA,NA,3,3,NA,327,20,1729,20,1402,0,NA,NA,NA,201_Tripneustes_gratilla_EMBRYO_CO2327.00_pH8.25_T20.,3.2377949930000001,20,Fertilization,Reproduction,NA,NA,NA,87.97,12.52272734,93.61,9.387715377,NA,TRUE,TRUE,6.2141368000000002E-2,1.0107107000000001E-2,NA,NA,0.50963264799999997,0.8,0.40770611800000001,No,No,NA,233,Alter et al. 2024,byrne m soars na ho ma wong e mcelroy d selvakumaraswamy p dworjanyn sa davis ar,tripneustes gratilla,fertilization,ph,87.97,93.61,12.522727,9.387715,3,3,NA,NA,NA,NA,NA,NA,NA,NA,NA,NA,NA,NA,NA,NA,NA,NA,NA,NA,NA,NA,not_matched_in_alter_sheet,NA,NA
Alter et al. 2024,2139_AltersInvert,201,NA,NA,Yes,NA,"Byrne M, Soars NA, Ho MA, Wong E, McElroy D, Selvakumaraswamy P, Dworjanyn SA, Davis AR",NA,2010,NA,NA,NA,NA,Marine,NA,Zooplankton,Meroplankton,Echinoderm,Heliocidaris erythrogramma,NA,NA,T,NA,NA,NA,3,3,NA,330,22,332,24,2,2,NA,NA,NA,201_Heliocidaris_erythrogramma_EMBRYO_CO2330.00_pH8.25_T22.,2.5211380839999999,22,Fertilization,Reproduction,NA,NA,NA,90.33,8.157959304,86.82,10.20177926,NA,FALSE,TRUE,-3.9632621E-2,7.321274E-3,NA,NA,-0.38001102799999997,0.8,-0.30400882299999998,No,No,NA,234,Alter et al. 2024,byrne m soars na ho ma wong e mcelroy d selvakumaraswamy p dworjanyn sa davis ar,heliocidaris erythrogramma,fertilization,t,90.33,86.82,8.157959,10.201779,3,3,NA,NA,NA,NA,NA,NA,NA,NA,NA,NA,NA,NA,NA,NA,NA,NA,NA,NA,NA,NA,not_matched_in_alter_sheet,NA,NA
Alter et al. 2024,2208_AltersInvert,201,NA,NA,Yes,NA,"Byrne M, Soars NA, Ho MA, Wong E, McElroy D, Selvakumaraswamy P, Dworjanyn SA, Davis AR",NA,2010,NA,NA,NA,NA,Marine,NA,Zooplankton,Meroplankton,Mollusca,Haliotis coccoradiata,NA,NA,T,NA,NA,NA,3,3,NA,327,20,330,22,3,2,NA,NA,NA,201_Haliotis_coccoradiata_EMBRYO_CO2327.00_pH8.25_T20.,2.5185139400000001,20,Fertilization,Reproduction,NA,NA,NA,97.55,3.204293994,99.42,1.073871501,NA,TRUE,TRUE,1.8988234E-2,3.9854700000000002E-4,NA,NA,0.78254666100000003,0.8,0.62603732899999998,No,No,NA,235,Alter et al. 2024,byrne m soars na ho ma wong e mcelroy d selvakumaraswamy p dworjanyn sa davis ar,haliotis coccoradiata,fertilization,t,97.55,99.42,3.204294,1.073872,3,3,NA,NA,NA,NA,NA,NA,NA,NA,NA,NA,NA,NA,NA,NA,NA,NA,NA,NA,NA,NA,not_matched_in_alter_sheet,NA,NA
Alter et al. 2024,2221_AltersInvert,201,NA,NA,Yes,NA,"Byrne M, Soars NA, Ho MA, Wong E, McElroy D, Selvakumaraswamy P, Dworjanyn SA, Davis AR",NA,2010,NA,NA,NA,NA,Marine,NA,Zooplankton,Meroplankton,Echinoderm,Patiriella regularis,NA,NA,T,NA,NA,NA,3,3,NA,330,22,332,24,2,2,NA,NA,NA,201_Patiriella_regularis_EMBRYO_CO2330.00_pH8.25_T22.,2.5211380839999999,22,Fertilization,Reproduction,NA,NA,NA,89.93,8.556330989,93.66,10.68675348,NA,TRUE,TRUE,4.0639613999999998E-2,7.3572050000000003E-3,NA,NA,0.385317523,0.8,0.30825401800000002,No,No,NA,236,Alter et al. 2024,byrne m soars na ho ma wong e mcelroy d selvakumaraswamy p dworjanyn sa davis ar,patiriella regularis,fertilization,t,89.93,93.66,8.556331,10.686753,3,3,NA,NA,NA,NA,NA,NA,NA,NA,NA,NA,NA,NA,NA,NA,NA,NA,NA,NA,NA,NA,not_matched_in_alter_sheet,NA,NA
Alter et al. 2024,2194_AltersInvert,201,NA,NA,Yes,NA,"Byrne M, Soars NA, Ho MA, Wong E, McElroy D, Selvakumaraswamy P, Dworjanyn SA, Davis AR",NA,2010,NA,NA,NA,NA,Marine,NA,Zooplankton,Meroplankton,Echinoderm,Centrostephanus rodgersii,NA,NA,T,NA,NA,NA,3,3,NA,324,18,330,22,6,4,NA,NA,NA,201_Centrostephanus_rodgersii_EMBRYO_CO2324.00_pH8.25_T18.,2.5185139400000001,18,Fertilization,Reproduction,NA,NA,NA,96.12,5.213472931,96.14,5.213472931,NA,FALSE,TRUE,2.0805199999999999E-4,1.9608529999999998E-3,NA,NA,3.8362140000000001E-3,0.8,3.0689720000000001E-3,No,No,NA,237,Alter et al. 2024,byrne m soars na ho ma wong e mcelroy d selvakumaraswamy p dworjanyn sa davis ar,centrostephanus rodgersii,fertilization,t,96.12,96.14,5.213473,5.213473,3,3,NA,NA,NA,NA,NA,NA,NA,NA,NA,NA,NA,NA,NA,NA,NA,NA,NA,NA,NA,NA,not_matched_in_alter_sheet,NA,NA
Alter et al. 2024,2203_AltersInvert,201,NA,NA,Yes,NA,"Byrne M, Soars NA, Ho MA, Wong E, McElroy D, Selvakumaraswamy P, Dworjanyn SA, Davis AR",NA,2010,NA,NA,NA,NA,Marine,NA,Zooplankton,Meroplankton,Echinoderm,Heliocidaris tuberculata,NA,NA,T,NA,NA,NA,3,3,NA,327,20,332,24,5,4,NA,NA,NA,201_Heliocidaris_tuberculata_EMBRYO_CO2327.00_pH8.25_T20.,2.5211380839999999,20,Fertilization,Reproduction,NA,NA,NA,95.9,5.092229374,96.5,3.065729929,NA,TRUE,TRUE,6.2370259999999997E-3,1.2762749999999999E-3,NA,NA,0.14275703000000001,0.8,0.11420562400000001,No,No,NA,238,Alter et al. 2024,byrne m soars na ho ma wong e mcelroy d selvakumaraswamy p dworjanyn sa davis ar,heliocidaris tuberculata,fertilization,t,95.9,96.5,5.092229,3.06573,3,3,NA,NA,NA,NA,NA,NA,NA,NA,NA,NA,NA,NA,NA,NA,NA,NA,NA,NA,NA,NA,not_matched_in_alter_sheet,NA,NA
Alter et al. 2024,2204_AltersInvert,201,NA,NA,Yes,NA,"Byrne M, Soars NA, Ho MA, Wong E, McElroy D, Selvakumaraswamy P, Dworjanyn SA, Davis AR",NA,2010,NA,NA,NA,NA,Marine,NA,Zooplankton,Meroplankton,Echinoderm,Heliocidaris erythrogramma,NA,NA,T,NA,NA,NA,3,3,NA,330,22,335,26,5,4,NA,NA,NA,201_Heliocidaris_erythrogramma_EMBRYO_CO2330.00_pH8.25_T22.,2.525044807,22,Fertilization,Reproduction,NA,NA,NA,90.33,8.157959304,90.97,9.162548772,NA,TRUE,TRUE,7.0601509999999998E-3,6.1003469999999999E-3,NA,NA,7.3776845999999993E-2,0.8,5.9021477000000003E-2,No,No,NA,239,Alter et al. 2024,byrne m soars na ho ma wong e mcelroy d selvakumaraswamy p dworjanyn sa davis ar,heliocidaris erythrogramma,fertilization,t,90.33,90.97,8.157959,9.162549,3,3,NA,NA,NA,NA,NA,NA,NA,NA,NA,NA,NA,NA,NA,NA,NA,NA,NA,NA,NA,NA,not_matched_in_alter_sheet,NA,NA
Alter et al. 2024,2214_AltersInvert,201,NA,NA,Yes,NA,"Byrne M, Soars NA, Ho MA, Wong E, McElroy D, Selvakumaraswamy P, Dworjanyn SA, Davis AR",NA,2010,NA,NA,NA,NA,Marine,NA,Zooplankton,Meroplankton,Echinoderm,Tripneustes gratilla,NA,NA,T,NA,NA,NA,3,3,NA,327,20,332,24,5,4,NA,NA,NA,201_Tripneustes_gratilla_EMBRYO_CO2327.00_pH8.25_T20.,2.5211380839999999,20,Fertilization,Reproduction,NA,NA,NA,87.97,12.52272734,89.79,13.56195782,NA,FALSE,TRUE,2.0477763E-2,1.4359167000000001E-2,NA,NA,0.13943486599999999,0.8,0.111547893,No,No,NA,240,Alter et al. 2024,byrne m soars na ho ma wong e mcelroy d selvakumaraswamy p dworjanyn sa davis ar,tripneustes gratilla,fertilization,t,87.97,89.79,12.522727,13.561958,3,3,NA,NA,NA,NA,NA,NA,NA,NA,NA,NA,NA,NA,NA,NA,NA,NA,NA,NA,NA,NA,not_matched_in_alter_sheet,NA,NA
Alter et al. 2024,2216_AltersInvert,201,NA,NA,Yes,NA,"Byrne M, Soars NA, Ho MA, Wong E, McElroy D, Selvakumaraswamy P, Dworjanyn SA, Davis AR",NA,2010,NA,NA,NA,NA,Marine,NA,Zooplankton,Meroplankton,Echinoderm,Patiriella regularis,NA,NA,T,NA,NA,NA,3,3,NA,330,22,335,26,5,4,NA,NA,NA,201_Patiriella_regularis_EMBRYO_CO2330.00_pH8.25_T22.,2.525044807,22,Fertilization,Reproduction,NA,NA,NA,89.93,8.556330989,91.84,6.408587988,NA,TRUE,TRUE,2.1016343E-2,4.6405609999999996E-3,NA,NA,0.25267468300000001,0.8,0.20213974600000001,No,No,NA,241,Alter et al. 2024,byrne m soars na ho ma wong e mcelroy d selvakumaraswamy p dworjanyn sa davis ar,patiriella regularis,fertilization,t,89.93,91.84,8.556331,6.408588,3,3,NA,NA,NA,NA,NA,NA,NA,NA,NA,NA,NA,NA,NA,NA,NA,NA,NA,NA,NA,NA,not_matched_in_alter_sheet,NA,NA
Alter et al. 2024,2154_AltersInvert,201,NA,NA,Yes,NA,"Byrne M, Soars NA, Ho MA, Wong E, McElroy D, Selvakumaraswamy P, Dworjanyn SA, Davis AR",NA,2010,NA,NA,NA,NA,Marine,NA,Zooplankton,Meroplankton,Echinoderm,Heliocidaris tuberculata,NA,NA,T,NA,NA,NA,3,3,NA,327,20,335,26,8,6,NA,NA,NA,201_Heliocidaris_tuberculata_EMBRYO_CO2327.00_pH8.25_T20.,2.525044807,20,Fertilization,Reproduction,NA,NA,NA,95.9,5.092229374,92.99,8.140638796,NA,TRUE,TRUE,-3.0814021E-2,3.4944490000000002E-3,NA,NA,-0.428588627,0.8,-0.34287090100000001,No,No,NA,242,Alter et al. 2024,byrne m soars na ho ma wong e mcelroy d selvakumaraswamy p dworjanyn sa davis ar,heliocidaris tuberculata,fertilization,t,95.9,92.99,5.092229,8.140639,3,3,NA,NA,NA,NA,NA,NA,NA,NA,NA,NA,NA,NA,NA,NA,NA,NA,NA,NA,NA,NA,not_matched_in_alter_sheet,NA,NA
Alter et al. 2024,2175_AltersInvert,201,NA,NA,Yes,NA,"Byrne M, Soars NA, Ho MA, Wong E, McElroy D, Selvakumaraswamy P, Dworjanyn SA, Davis AR",NA,2010,NA,NA,NA,NA,Marine,NA,Zooplankton,Meroplankton,Echinoderm,Centrostephanus rodgersii,NA,NA,T,NA,NA,NA,3,3,NA,324,18,332,24,8,6,NA,NA,NA,201_Centrostephanus_rodgersii_EMBRYO_CO2324.00_pH8.25_T18.,2.5211380839999999,18,Fertilization,Reproduction,NA,NA,NA,96.12,5.213472931,94.96,5.213472931,NA,TRUE,TRUE,-1.2141661E-2,1.9853660000000001E-3,NA,NA,-0.222500436,0.8,-0.178000349,No,No,NA,243,Alter et al. 2024,byrne m soars na ho ma wong e mcelroy d selvakumaraswamy p dworjanyn sa davis ar,centrostephanus rodgersii,fertilization,t,96.12,94.96,5.213473,5.213473,3,3,NA,NA,NA,NA,NA,NA,NA,NA,NA,NA,NA,NA,NA,NA,NA,NA,NA,NA,NA,NA,not_matched_in_alter_sheet,NA,NA
Alter et al. 2024,2196_AltersInvert,201,NA,NA,Yes,NA,"Byrne M, Soars NA, Ho MA, Wong E, McElroy D, Selvakumaraswamy P, Dworjanyn SA, Davis AR",NA,2010,NA,NA,NA,NA,Marine,NA,Zooplankton,Meroplankton,Echinoderm,Tripneustes gratilla,NA,NA,T,NA,NA,NA,3,3,NA,327,20,335,26,8,6,NA,NA,NA,201_Tripneustes_gratilla_EMBRYO_CO2327.00_pH8.25_T20.,2.525044807,20,Fertilization,Reproduction,NA,NA,NA,87.97,12.52272734,88,15.64041879,NA,FALSE,TRUE,3.4096700000000002E-4,1.7284279E-2,NA,NA,2.1175090000000001E-3,0.8,1.694007E-3,No,No,NA,244,Alter et al. 2024,byrne m soars na ho ma wong e mcelroy d selvakumaraswamy p dworjanyn sa davis ar,tripneustes gratilla,fertilization,t,87.97,88,12.522727,15.640419,3,3,NA,NA,NA,NA,NA,NA,NA,NA,NA,NA,NA,NA,NA,NA,NA,NA,NA,NA,NA,NA,not_matched_in_alter_sheet,NA,NA
Alter et al. 2024,2198_AltersInvert,201,NA,NA,Yes,NA,"Byrne M, Soars NA, Ho MA, Wong E, McElroy D, Selvakumaraswamy P, Dworjanyn SA, Davis AR",NA,2010,NA,NA,NA,NA,Marine,NA,Zooplankton,Meroplankton,Mollusca,Haliotis coccoradiata,NA,NA,T,NA,NA,NA,3,3,NA,327,20,335,26,8,6,NA,NA,NA,201_Haliotis_coccoradiata_EMBRYO_CO2327.00_pH8.25_T20.,2.525044807,20,Fertilization,Reproduction,NA,NA,NA,97.55,3.204293994,97.59,3.204293994,NA,FALSE,TRUE,4.0996199999999999E-4,7.1902000000000001E-4,NA,NA,1.2483249E-2,0.8,9.9865990000000005E-3,No,No,NA,245,Alter et al. 2024,byrne m soars na ho ma wong e mcelroy d selvakumaraswamy p dworjanyn sa davis ar,haliotis coccoradiata,fertilization,t,97.55,97.59,3.204294,3.204294,3,3,NA,NA,NA,NA,NA,NA,NA,NA,NA,NA,NA,NA,NA,NA,NA,NA,NA,NA,NA,NA,not_matched_in_alter_sheet,NA,NA
Alter et al. 2024,2110_AltersInvert,201,NA,NA,Yes,NA,"Byrne M, Soars NA, Ho MA, Wong E, McElroy D, Selvakumaraswamy P, Dworjanyn SA, Davis AR",NA,2010,NA,NA,NA,NA,Marine,NA,Zooplankton,Meroplankton,Echinoderm,Heliocidaris tuberculata,NA,NA,TpH,NA,NA,NA,3,3,NA,327,20,1828,26,1501,6,NA,NA,NA,201_Heliocidaris_tuberculata_EMBRYO_CO2327.00_pH8.25_T20.,3.261976191,20,Fertilization,Reproduction,NA,NA,NA,95.9,5.092229374,83.21,15.27668812,NA,FALSE,TRUE,-0.14193844899999999,1.2175185E-2,NA,NA,-1.114470718,0.8,-0.89157657400000001,No,No,NA,246,Alter et al. 2024,byrne m soars na ho ma wong e mcelroy d selvakumaraswamy p dworjanyn sa davis ar,heliocidaris tuberculata,fertilization,tph,95.9,83.21,5.092229,15.276688,3,3,NA,NA,NA,NA,NA,NA,NA,NA,NA,NA,NA,NA,NA,NA,NA,NA,NA,NA,NA,NA,not_matched_in_alter_sheet,NA,NA
Alter et al. 2024,2119_AltersInvert,201,NA,NA,Yes,NA,"Byrne M, Soars NA, Ho MA, Wong E, McElroy D, Selvakumaraswamy P, Dworjanyn SA, Davis AR",NA,2010,NA,NA,NA,NA,Marine,NA,Zooplankton,Meroplankton,Echinoderm,Patiriella regularis,NA,NA,TpH,NA,NA,NA,3,3,NA,330,22,1795,24,1465,2,NA,NA,NA,201_Patiriella_regularis_EMBRYO_CO2330.00_pH8.25_T22.,3.2540644529999998,22,Fertilization,Reproduction,NA,NA,NA,89.93,8.556330989,79.09,18.16921297,NA,FALSE,TRUE,-0.12844514500000001,2.0609183E-2,NA,NA,-0.763331922,0.8,-0.61066553800000001,No,No,NA,247,Alter et al. 2024,byrne m soars na ho ma wong e mcelroy d selvakumaraswamy p dworjanyn sa davis ar,patiriella regularis,fertilization,tph,89.93,79.09,8.556331,18.169213,3,3,NA,NA,NA,NA,NA,NA,NA,NA,NA,NA,NA,NA,NA,NA,NA,NA,NA,NA,NA,NA,not_matched_in_alter_sheet,NA,NA
Alter et al. 2024,2124_AltersInvert,201,NA,NA,Yes,NA,"Byrne M, Soars NA, Ho MA, Wong E, McElroy D, Selvakumaraswamy P, Dworjanyn SA, Davis AR",NA,2010,NA,NA,NA,NA,Marine,NA,Zooplankton,Meroplankton,Echinoderm,Heliocidaris tuberculata,NA,NA,TpH,NA,NA,NA,3,3,NA,327,20,1104,26,777,6,NA,NA,NA,201_Heliocidaris_tuberculata_EMBRYO_CO2327.00_pH8.25_T20.,3.0429690730000001,20,Fertilization,Reproduction,NA,NA,NA,95.9,5.092229374,87.26,13.25018868,NA,TRUE,TRUE,-9.4413813999999999E-2,8.6257069999999998E-3,NA,NA,-0.86078174299999999,0.8,-0.688625394,No,No,NA,248,Alter et al. 2024,byrne m soars na ho ma wong e mcelroy d selvakumaraswamy p dworjanyn sa davis ar,heliocidaris tuberculata,fertilization,tph,95.9,87.26,5.092229,13.250189,3,3,NA,NA,NA,NA,NA,NA,NA,NA,NA,NA,NA,NA,NA,NA,NA,NA,NA,NA,NA,NA,not_matched_in_alter_sheet,NA,NA
Alter et al. 2024,2127_AltersInvert,201,NA,NA,Yes,NA,"Byrne M, Soars NA, Ho MA, Wong E, McElroy D, Selvakumaraswamy P, Dworjanyn SA, Davis AR",NA,2010,NA,NA,NA,NA,Marine,NA,Zooplankton,Meroplankton,Echinoderm,Heliocidaris tuberculata,NA,NA,TpH,NA,NA,NA,3,3,NA,327,20,851,26,524,6,NA,NA,NA,201_Heliocidaris_tuberculata_EMBRYO_CO2327.00_pH8.25_T20.,2.9299295600000002,20,Fertilization,Reproduction,NA,NA,NA,95.9,5.092229374,90.12,12.2282787,NA,TRUE,TRUE,-6.2163865999999998E-2,7.0770019999999998E-3,NA,NA,-0.61709466800000001,0.8,-0.49367573399999998,No,No,NA,249,Alter et al. 2024,byrne m soars na ho ma wong e mcelroy d selvakumaraswamy p dworjanyn sa davis ar,heliocidaris tuberculata,fertilization,tph,95.9,90.12,5.092229,12.228279,3,3,NA,NA,NA,NA,NA,NA,NA,NA,NA,NA,NA,NA,NA,NA,NA,NA,NA,NA,NA,NA,not_matched_in_alter_sheet,NA,NA
Alter et al. 2024,2133_AltersInvert,201,NA,NA,Yes,NA,"Byrne M, Soars NA, Ho MA, Wong E, McElroy D, Selvakumaraswamy P, Dworjanyn SA, Davis AR",NA,2010,NA,NA,NA,NA,Marine,NA,Zooplankton,Meroplankton,Echinoderm,Heliocidaris erythrogramma,NA,NA,TpH,NA,NA,NA,3,3,NA,330,22,1828,26,1498,4,NA,NA,NA,201_Heliocidaris_erythrogramma_EMBRYO_CO2330.00_pH8.25_T22.,3.261976191,22,Fertilization,Reproduction,NA,NA,NA,90.33,8.157959304,85.28,12.2282787,NA,TRUE,TRUE,-5.7529670999999998E-2,9.572344E-3,NA,NA,-0.48584302800000001,0.8,-0.38867442299999999,No,No,NA,250,Alter et al. 2024,byrne m soars na ho ma wong e mcelroy d selvakumaraswamy p dworjanyn sa davis ar,heliocidaris erythrogramma,fertilization,tph,90.33,85.28,8.157959,12.228279,3,3,NA,NA,NA,NA,NA,NA,NA,NA,NA,NA,NA,NA,NA,NA,NA,NA,NA,NA,NA,NA,not_matched_in_alter_sheet,NA,NA
Alter et al. 2024,2137_AltersInvert,201,NA,NA,Yes,NA,"Byrne M, Soars NA, Ho MA, Wong E, McElroy D, Selvakumaraswamy P, Dworjanyn SA, Davis AR",NA,2010,NA,NA,NA,NA,Marine,NA,Zooplankton,Meroplankton,Echinoderm,Heliocidaris erythrogramma,NA,NA,TpH,NA,NA,NA,3,3,NA,330,22,1104,26,774,4,NA,NA,NA,201_Heliocidaris_erythrogramma_EMBRYO_CO2330.00_pH8.25_T22.,3.0429690730000001,22,Fertilization,Reproduction,NA,NA,NA,90.33,8.157959304,85.77,11.20636872,NA,TRUE,TRUE,-5.1800336000000002E-2,8.4091370000000006E-3,NA,NA,-0.46523951899999999,0.8,-0.37219161499999998,No,No,NA,251,Alter et al. 2024,byrne m soars na ho ma wong e mcelroy d selvakumaraswamy p dworjanyn sa davis ar,heliocidaris erythrogramma,fertilization,tph,90.33,85.77,8.157959,11.206369,3,3,NA,NA,NA,NA,NA,NA,NA,NA,NA,NA,NA,NA,NA,NA,NA,NA,NA,NA,NA,NA,not_matched_in_alter_sheet,NA,NA
Alter et al. 2024,2142_AltersInvert,201,NA,NA,Yes,NA,"Byrne M, Soars NA, Ho MA, Wong E, McElroy D, Selvakumaraswamy P, Dworjanyn SA, Davis AR",NA,2010,NA,NA,NA,NA,Marine,NA,Zooplankton,Meroplankton,Echinoderm,Heliocidaris tuberculata,NA,NA,TpH,NA,NA,NA,3,3,NA,327,20,1795,24,1468,4,NA,NA,NA,201_Heliocidaris_tuberculata_EMBRYO_CO2327.00_pH8.25_T20.,3.2540644529999998,20,Fertilization,Reproduction,NA,NA,NA,95.9,5.092229374,92.61,10.18445875,NA,TRUE,TRUE,-3.4908855000000003E-2,4.9710900000000001E-3,NA,NA,-0.40861841599999998,0.8,-0.32689473299999999,No,No,NA,252,Alter et al. 2024,byrne m soars na ho ma wong e mcelroy d selvakumaraswamy p dworjanyn sa davis ar,heliocidaris tuberculata,fertilization,tph,95.9,92.61,5.092229,10.184459,3,3,NA,NA,NA,NA,NA,NA,NA,NA,NA,NA,NA,NA,NA,NA,NA,NA,NA,NA,NA,NA,not_matched_in_alter_sheet,NA,NA
Alter et al. 2024,2149_AltersInvert,201,NA,NA,Yes,NA,"Byrne M, Soars NA, Ho MA, Wong E, McElroy D, Selvakumaraswamy P, Dworjanyn SA, Davis AR",NA,2010,NA,NA,NA,NA,Marine,NA,Zooplankton,Meroplankton,Echinoderm,Patiriella regularis,NA,NA,TpH,NA,NA,NA,3,3,NA,330,22,1087,24,757,2,NA,NA,NA,201_Patiriella_regularis_EMBRYO_CO2330.00_pH8.25_T22.,3.0362295439999998,22,Fertilization,Reproduction,NA,NA,NA,89.93,8.556330989,86.99,12.81717598,NA,TRUE,TRUE,-3.3238419999999998E-2,1.0253919E-2,NA,NA,-0.269798129,0.8,-0.21583850299999999,No,No,NA,253,Alter et al. 2024,byrne m soars na ho ma wong e mcelroy d selvakumaraswamy p dworjanyn sa davis ar,patiriella regularis,fertilization,tph,89.93,86.99,8.556331,12.817176,3,3,NA,NA,NA,NA,NA,NA,NA,NA,NA,NA,NA,NA,NA,NA,NA,NA,NA,NA,NA,NA,not_matched_in_alter_sheet,NA,NA
Alter et al. 2024,2157_AltersInvert,201,NA,NA,Yes,NA,"Byrne M, Soars NA, Ho MA, Wong E, McElroy D, Selvakumaraswamy P, Dworjanyn SA, Davis AR",NA,2010,NA,NA,NA,NA,Marine,NA,Zooplankton,Meroplankton,Echinoderm,Heliocidaris tuberculata,NA,NA,TpH,NA,NA,NA,3,3,NA,327,20,839,24,512,4,NA,NA,NA,201_Heliocidaris_tuberculata_EMBRYO_CO2327.00_pH8.25_T20.,2.9237619609999999,20,Fertilization,Reproduction,NA,NA,NA,95.9,5.092229374,94.22,8.157959304,NA,TRUE,TRUE,-1.7673509E-2,3.4387860000000001E-3,NA,NA,-0.247054683,0.8,-0.19764374600000001,No,No,NA,254,Alter et al. 2024,byrne m soars na ho ma wong e mcelroy d selvakumaraswamy p dworjanyn sa davis ar,heliocidaris tuberculata,fertilization,tph,95.9,94.22,5.092229,8.157959,3,3,NA,NA,NA,NA,NA,NA,NA,NA,NA,NA,NA,NA,NA,NA,NA,NA,NA,NA,NA,NA,not_matched_in_alter_sheet,NA,NA
Alter et al. 2024,2165_AltersInvert,201,NA,NA,Yes,NA,"Byrne M, Soars NA, Ho MA, Wong E, McElroy D, Selvakumaraswamy P, Dworjanyn SA, Davis AR",NA,2010,NA,NA,NA,NA,Marine,NA,Zooplankton,Meroplankton,Echinoderm,Heliocidaris erythrogramma,NA,NA,TpH,NA,NA,NA,3,3,NA,330,22,1795,24,1465,2,NA,NA,NA,201_Heliocidaris_erythrogramma_EMBRYO_CO2330.00_pH8.25_T22.,3.2540644529999998,22,Fertilization,Reproduction,NA,NA,NA,90.33,8.157959304,88.79,10.18445875,NA,TRUE,TRUE,-1.7195599999999998E-2,7.1043779999999997E-3,NA,NA,-0.16690126799999999,0.8,-0.13352101499999999,No,No,NA,255,Alter et al. 2024,byrne m soars na ho ma wong e mcelroy d selvakumaraswamy p dworjanyn sa davis ar,heliocidaris erythrogramma,fertilization,tph,90.33,88.79,8.157959,10.184459,3,3,NA,NA,NA,NA,NA,NA,NA,NA,NA,NA,NA,NA,NA,NA,NA,NA,NA,NA,NA,NA,not_matched_in_alter_sheet,NA,NA
Alter et al. 2024,2168_AltersInvert,201,NA,NA,Yes,NA,"Byrne M, Soars NA, Ho MA, Wong E, McElroy D, Selvakumaraswamy P, Dworjanyn SA, Davis AR",NA,2010,NA,NA,NA,NA,Marine,NA,Zooplankton,Meroplankton,Echinoderm,Centrostephanus rodgersii,NA,NA,TpH,NA,NA,NA,3,3,NA,324,18,1795,24,1471,6,NA,NA,NA,201_Centrostephanus_rodgersii_EMBRYO_CO2324.00_pH8.25_T18.,3.2540644529999998,18,Fertilization,Reproduction,NA,NA,NA,96.12,5.213472931,94.55,6.270023923,NA,TRUE,TRUE,-1.6468615999999998E-2,2.4464959999999998E-3,NA,NA,-0.272285838,0.8,-0.21782867,No,No,NA,256,Alter et al. 2024,byrne m soars na ho ma wong e mcelroy d selvakumaraswamy p dworjanyn sa davis ar,centrostephanus rodgersii,fertilization,tph,96.12,94.55,5.213473,6.270024,3,3,NA,NA,NA,NA,NA,NA,NA,NA,NA,NA,NA,NA,NA,NA,NA,NA,NA,NA,NA,NA,not_matched_in_alter_sheet,NA,NA
Alter et al. 2024,2183_AltersInvert,201,NA,NA,Yes,NA,"Byrne M, Soars NA, Ho MA, Wong E, McElroy D, Selvakumaraswamy P, Dworjanyn SA, Davis AR",NA,2010,NA,NA,NA,NA,Marine,NA,Zooplankton,Meroplankton,Echinoderm,Heliocidaris erythrogramma,NA,NA,TpH,NA,NA,NA,3,3,NA,330,22,1087,24,757,2,NA,NA,NA,201_Heliocidaris_erythrogramma_EMBRYO_CO2330.00_pH8.25_T22.,3.0362295439999998,22,Fertilization,Reproduction,NA,NA,NA,90.33,8.157959304,89.28,9.162548772,NA,TRUE,TRUE,-1.1692133E-2,6.2295780000000004E-3,NA,NA,-0.12104013800000001,0.8,-9.6832109999999999E-2,No,No,NA,257,Alter et al. 2024,byrne m soars na ho ma wong e mcelroy d selvakumaraswamy p dworjanyn sa davis ar,heliocidaris erythrogramma,fertilization,tph,90.33,89.28,8.157959,9.162549,3,3,NA,NA,NA,NA,NA,NA,NA,NA,NA,NA,NA,NA,NA,NA,NA,NA,NA,NA,NA,NA,not_matched_in_alter_sheet,NA,NA
Alter et al. 2024,2186_AltersInvert,201,NA,NA,Yes,NA,"Byrne M, Soars NA, Ho MA, Wong E, McElroy D, Selvakumaraswamy P, Dworjanyn SA, Davis AR",NA,2010,NA,NA,NA,NA,Marine,NA,Zooplankton,Meroplankton,Echinoderm,Centrostephanus rodgersii,NA,NA,TpH,NA,NA,NA,3,3,NA,324,18,1069,22,745,4,NA,NA,NA,201_Centrostephanus_rodgersii_EMBRYO_CO2324.00_pH8.25_T18.,3.028977705,18,Fertilization,Reproduction,NA,NA,NA,96.12,5.213472931,95.04,6.252703415,NA,TRUE,TRUE,-1.1299554999999999E-2,2.4234149999999999E-3,NA,NA,-0.187611149,0.8,-0.15008891899999999,No,No,NA,258,Alter et al. 2024,byrne m soars na ho ma wong e mcelroy d selvakumaraswamy p dworjanyn sa davis ar,centrostephanus rodgersii,fertilization,tph,96.12,95.04,5.213473,6.252703,3,3,NA,NA,NA,NA,NA,NA,NA,NA,NA,NA,NA,NA,NA,NA,NA,NA,NA,NA,NA,NA,not_matched_in_alter_sheet,NA,NA
Alter et al. 2024,2190_AltersInvert,201,NA,NA,Yes,NA,"Byrne M, Soars NA, Ho MA, Wong E, McElroy D, Selvakumaraswamy P, Dworjanyn SA, Davis AR",NA,2010,NA,NA,NA,NA,Marine,NA,Zooplankton,Meroplankton,Echinoderm,Centrostephanus rodgersii,NA,NA,TpH,NA,NA,NA,3,3,NA,324,18,1087,24,763,6,NA,NA,NA,201_Centrostephanus_rodgersii_EMBRYO_CO2324.00_pH8.25_T18.,3.0362295439999998,18,Fertilization,Reproduction,NA,NA,NA,96.12,5.213472931,95.05,6.270023923,NA,TRUE,TRUE,-1.1194341999999999E-2,2.4311150000000002E-3,NA,NA,-0.185570603,0.8,-0.148456482,No,No,NA,259,Alter et al. 2024,byrne m soars na ho ma wong e mcelroy d selvakumaraswamy p dworjanyn sa davis ar,centrostephanus rodgersii,fertilization,tph,96.12,95.05,5.213473,6.270024,3,3,NA,NA,NA,NA,NA,NA,NA,NA,NA,NA,NA,NA,NA,NA,NA,NA,NA,NA,NA,NA,not_matched_in_alter_sheet,NA,NA
Alter et al. 2024,2191_AltersInvert,201,NA,NA,Yes,NA,"Byrne M, Soars NA, Ho MA, Wong E, McElroy D, Selvakumaraswamy P, Dworjanyn SA, Davis AR",NA,2010,NA,NA,NA,NA,Marine,NA,Zooplankton,Meroplankton,Echinoderm,Centrostephanus rodgersii,NA,NA,TpH,NA,NA,NA,3,3,NA,324,18,1762,22,1438,4,NA,NA,NA,201_Centrostephanus_rodgersii_EMBRYO_CO2324.00_pH8.25_T18.,3.246005904,18,Fertilization,Reproduction,NA,NA,NA,96.12,5.213472931,95.13,6.270023923,NA,FALSE,TRUE,-1.0353034000000001E-2,2.4286759999999998E-3,NA,NA,-0.17169616500000001,0.8,-0.13735693199999999,No,No,NA,260,Alter et al. 2024,byrne m soars na ho ma wong e mcelroy d selvakumaraswamy p dworjanyn sa davis ar,centrostephanus rodgersii,fertilization,tph,96.12,95.13,5.213473,6.270024,3,3,NA,NA,NA,NA,NA,NA,NA,NA,NA,NA,NA,NA,NA,NA,NA,NA,NA,NA,NA,NA,not_matched_in_alter_sheet,NA,NA
Alter et al. 2024,2193_AltersInvert,201,NA,NA,Yes,NA,"Byrne M, Soars NA, Ho MA, Wong E, McElroy D, Selvakumaraswamy P, Dworjanyn SA, Davis AR",NA,2010,NA,NA,NA,NA,Marine,NA,Zooplankton,Meroplankton,Echinoderm,Patiriella regularis,NA,NA,TpH,NA,NA,NA,3,3,NA,330,22,1828,26,1498,4,NA,NA,NA,201_Patiriella_regularis_EMBRYO_CO2330.00_pH8.25_T22.,3.261976191,22,Fertilization,Reproduction,NA,NA,NA,89.93,8.556330989,89.61,8.539010481,NA,TRUE,TRUE,-3.5646689999999999E-3,6.0442619999999999E-3,NA,NA,-3.7437079999999998E-2,0.8,-2.9949664000000001E-2,No,No,NA,261,Alter et al. 2024,byrne m soars na ho ma wong e mcelroy d selvakumaraswamy p dworjanyn sa davis ar,patiriella regularis,fertilization,tph,89.93,89.61,8.556331,8.53901,3,3,NA,NA,NA,NA,NA,NA,NA,NA,NA,NA,NA,NA,NA,NA,NA,NA,NA,NA,NA,NA,not_matched_in_alter_sheet,NA,NA
Alter et al. 2024,2199_AltersInvert,201,NA,NA,Yes,NA,"Byrne M, Soars NA, Ho MA, Wong E, McElroy D, Selvakumaraswamy P, Dworjanyn SA, Davis AR",NA,2010,NA,NA,NA,NA,Marine,NA,Zooplankton,Meroplankton,Echinoderm,Heliocidaris tuberculata,NA,NA,TpH,NA,NA,NA,3,3,NA,327,20,1087,24,760,4,NA,NA,NA,201_Heliocidaris_tuberculata_EMBRYO_CO2327.00_pH8.25_T20.,3.0362295439999998,20,Fertilization,Reproduction,NA,NA,NA,95.9,5.092229374,96.07,5.092229374,NA,TRUE,TRUE,1.7711109999999999E-3,1.8763720000000001E-3,NA,NA,3.3384199000000003E-2,0.8,2.6707359E-2,No,No,NA,262,Alter et al. 2024,byrne m soars na ho ma wong e mcelroy d selvakumaraswamy p dworjanyn sa davis ar,heliocidaris tuberculata,fertilization,tph,95.9,96.07,5.092229,5.092229,3,3,NA,NA,NA,NA,NA,NA,NA,NA,NA,NA,NA,NA,NA,NA,NA,NA,NA,NA,NA,NA,not_matched_in_alter_sheet,NA,NA
Alter et al. 2024,2200_AltersInvert,201,NA,NA,Yes,NA,"Byrne M, Soars NA, Ho MA, Wong E, McElroy D, Selvakumaraswamy P, Dworjanyn SA, Davis AR",NA,2010,NA,NA,NA,NA,Marine,NA,Zooplankton,Meroplankton,Mollusca,Haliotis coccoradiata,NA,NA,TpH,NA,NA,NA,3,3,NA,327,20,1104,26,777,6,NA,NA,NA,201_Haliotis_coccoradiata_EMBRYO_CO2327.00_pH8.25_T20.,3.0429690730000001,20,Fertilization,Reproduction,NA,NA,NA,97.55,3.204293994,97.77,3.169652978,NA,TRUE,TRUE,2.2527139999999998E-3,7.0999799999999999E-4,NA,NA,6.9029990999999999E-2,0.8,5.5223992999999999E-2,No,No,NA,263,Alter et al. 2024,byrne m soars na ho ma wong e mcelroy d selvakumaraswamy p dworjanyn sa davis ar,haliotis coccoradiata,fertilization,tph,97.55,97.77,3.204294,3.169653,3,3,NA,NA,NA,NA,NA,NA,NA,NA,NA,NA,NA,NA,NA,NA,NA,NA,NA,NA,NA,NA,not_matched_in_alter_sheet,NA,NA
Alter et al. 2024,2202_AltersInvert,201,NA,NA,Yes,NA,"Byrne M, Soars NA, Ho MA, Wong E, McElroy D, Selvakumaraswamy P, Dworjanyn SA, Davis AR",NA,2010,NA,NA,NA,NA,Marine,NA,Zooplankton,Meroplankton,Mollusca,Haliotis coccoradiata,NA,NA,TpH,NA,NA,NA,3,3,NA,327,20,1828,26,1501,6,NA,NA,NA,201_Haliotis_coccoradiata_EMBRYO_CO2327.00_pH8.25_T20.,3.261976191,20,Fertilization,Reproduction,NA,NA,NA,97.55,3.204293994,97.85,3.221614502,NA,TRUE,TRUE,3.0706269999999998E-3,7.2098699999999997E-4,NA,NA,9.3371672000000003E-2,0.8,7.4697338000000002E-2,No,No,NA,264,Alter et al. 2024,byrne m soars na ho ma wong e mcelroy d selvakumaraswamy p dworjanyn sa davis ar,haliotis coccoradiata,fertilization,tph,97.55,97.85,3.204294,3.221615,3,3,NA,NA,NA,NA,NA,NA,NA,NA,NA,NA,NA,NA,NA,NA,NA,NA,NA,NA,NA,NA,not_matched_in_alter_sheet,NA,NA
Alter et al. 2024,2206_AltersInvert,201,NA,NA,Yes,NA,"Byrne M, Soars NA, Ho MA, Wong E, McElroy D, Selvakumaraswamy P, Dworjanyn SA, Davis AR",NA,2010,NA,NA,NA,NA,Marine,NA,Zooplankton,Meroplankton,Mollusca,Haliotis coccoradiata,NA,NA,TpH,NA,NA,NA,3,3,NA,327,20,1069,22,742,2,NA,NA,NA,201_Haliotis_coccoradiata_EMBRYO_CO2327.00_pH8.25_T20.,3.028977705,20,Fertilization,Reproduction,NA,NA,NA,97.55,3.204293994,98.98,1.073871501,NA,TRUE,TRUE,1.4552742E-2,3.9889400000000001E-4,NA,NA,0.59841803500000001,0.8,0.47873442799999999,No,No,NA,265,Alter et al. 2024,byrne m soars na ho ma wong e mcelroy d selvakumaraswamy p dworjanyn sa davis ar,haliotis coccoradiata,fertilization,tph,97.55,98.98,3.204294,1.073872,3,3,NA,NA,NA,NA,NA,NA,NA,NA,NA,NA,NA,NA,NA,NA,NA,NA,NA,NA,NA,NA,not_matched_in_alter_sheet,NA,NA
Alter et al. 2024,2207_AltersInvert,201,NA,NA,Yes,NA,"Byrne M, Soars NA, Ho MA, Wong E, McElroy D, Selvakumaraswamy P, Dworjanyn SA, Davis AR",NA,2010,NA,NA,NA,NA,Marine,NA,Zooplankton,Meroplankton,Mollusca,Haliotis coccoradiata,NA,NA,TpH,NA,NA,NA,3,3,NA,327,20,1762,22,1435,2,NA,NA,NA,201_Haliotis_coccoradiata_EMBRYO_CO2327.00_pH8.25_T20.,3.246005904,20,Fertilization,Reproduction,NA,NA,NA,97.55,3.204293994,99.07,2.130422493,NA,TRUE,TRUE,1.5461604E-2,5.1380100000000004E-4,NA,NA,0.55864611099999995,0.8,0.44691688899999998,No,No,NA,266,Alter et al. 2024,byrne m soars na ho ma wong e mcelroy d selvakumaraswamy p dworjanyn sa davis ar,haliotis coccoradiata,fertilization,tph,97.55,99.07,3.204294,2.130422,3,3,NA,NA,NA,NA,NA,NA,NA,NA,NA,NA,NA,NA,NA,NA,NA,NA,NA,NA,NA,NA,not_matched_in_alter_sheet,NA,NA
Alter et al. 2024,2211_AltersInvert,201,NA,NA,Yes,NA,"Byrne M, Soars NA, Ho MA, Wong E, McElroy D, Selvakumaraswamy P, Dworjanyn SA, Davis AR",NA,2010,NA,NA,NA,NA,Marine,NA,Zooplankton,Meroplankton,Mollusca,Haliotis coccoradiata,NA,NA,TpH,NA,NA,NA,3,3,NA,327,20,827,22,500,2,NA,NA,NA,201_Haliotis_coccoradiata_EMBRYO_CO2327.00_pH8.25_T20.,2.9175055099999998,20,Fertilization,Reproduction,NA,NA,NA,97.55,3.204293994,99.51,1.021909976,NA,FALSE,TRUE,1.9893075E-2,3.9481100000000001E-4,NA,NA,0.82414800200000005,0.8,0.65931840200000003,No,No,NA,267,Alter et al. 2024,byrne m soars na ho ma wong e mcelroy d selvakumaraswamy p dworjanyn sa davis ar,haliotis coccoradiata,fertilization,tph,97.55,99.51,3.204294,1.02191,3,3,NA,NA,NA,NA,NA,NA,NA,NA,NA,NA,NA,NA,NA,NA,NA,NA,NA,NA,NA,NA,not_matched_in_alter_sheet,NA,NA
Alter et al. 2024,2213_AltersInvert,201,NA,NA,Yes,NA,"Byrne M, Soars NA, Ho MA, Wong E, McElroy D, Selvakumaraswamy P, Dworjanyn SA, Davis AR",NA,2010,NA,NA,NA,NA,Marine,NA,Zooplankton,Meroplankton,Mollusca,Haliotis coccoradiata,NA,NA,TpH,NA,NA,NA,3,3,NA,327,20,851,26,524,6,NA,NA,NA,201_Haliotis_coccoradiata_EMBRYO_CO2327.00_pH8.25_T20.,2.9299295600000002,20,Fertilization,Reproduction,NA,NA,NA,97.55,3.204293994,99.53,0.98726896,NA,FALSE,TRUE,2.0094039000000001E-2,3.92455E-4,NA,NA,0.835130865,0.8,0.668104692,No,No,NA,268,Alter et al. 2024,byrne m soars na ho ma wong e mcelroy d selvakumaraswamy p dworjanyn sa davis ar,haliotis coccoradiata,fertilization,tph,97.55,99.53,3.204294,0.987269,3,3,NA,NA,NA,NA,NA,NA,NA,NA,NA,NA,NA,NA,NA,NA,NA,NA,NA,NA,NA,NA,not_matched_in_alter_sheet,NA,NA
Alter et al. 2024,2220_AltersInvert,201,NA,NA,Yes,NA,"Byrne M, Soars NA, Ho MA, Wong E, McElroy D, Selvakumaraswamy P, Dworjanyn SA, Davis AR",NA,2010,NA,NA,NA,NA,Marine,NA,Zooplankton,Meroplankton,Echinoderm,Tripneustes gratilla,NA,NA,TpH,NA,NA,NA,3,3,NA,327,20,1104,26,777,6,NA,NA,NA,201_Tripneustes_gratilla_EMBRYO_CO2327.00_pH8.25_T20.,3.0429690730000001,20,Fertilization,Reproduction,NA,NA,NA,87.97,12.52272734,89.95,11.48349685,NA,TRUE,TRUE,2.2258113E-2,1.2187533E-2,NA,NA,0.16480286899999999,0.8,0.131842296,No,No,NA,269,Alter et al. 2024,byrne m soars na ho ma wong e mcelroy d selvakumaraswamy p dworjanyn sa davis ar,tripneustes gratilla,fertilization,tph,87.97,89.95,12.522727,11.483497,3,3,NA,NA,NA,NA,NA,NA,NA,NA,NA,NA,NA,NA,NA,NA,NA,NA,NA,NA,NA,NA,not_matched_in_alter_sheet,NA,NA
Alter et al. 2024,2222_AltersInvert,201,NA,NA,Yes,NA,"Byrne M, Soars NA, Ho MA, Wong E, McElroy D, Selvakumaraswamy P, Dworjanyn SA, Davis AR",NA,2010,NA,NA,NA,NA,Marine,NA,Zooplankton,Meroplankton,Echinoderm,Patiriella regularis,NA,NA,TpH,NA,NA,NA,3,3,NA,330,22,1104,26,774,4,NA,NA,NA,201_Patiriella_regularis_EMBRYO_CO2330.00_pH8.25_T22.,3.0429690730000001,22,Fertilization,Reproduction,NA,NA,NA,89.93,8.556330989,93.8,5.352036995,NA,TRUE,TRUE,4.2133266000000003E-2,4.1026860000000004E-3,NA,NA,0.54229371699999995,0.8,0.43383497399999998,No,No,NA,270,Alter et al. 2024,byrne m soars na ho ma wong e mcelroy d selvakumaraswamy p dworjanyn sa davis ar,patiriella regularis,fertilization,tph,89.93,93.8,8.556331,5.352037,3,3,NA,NA,NA,NA,NA,NA,NA,NA,NA,NA,NA,NA,NA,NA,NA,NA,NA,NA,NA,NA,not_matched_in_alter_sheet,NA,NA
Alter et al. 2024,2223_AltersInvert,201,NA,NA,Yes,NA,"Byrne M, Soars NA, Ho MA, Wong E, McElroy D, Selvakumaraswamy P, Dworjanyn SA, Davis AR",NA,2010,NA,NA,NA,NA,Marine,NA,Zooplankton,Meroplankton,Echinoderm,Tripneustes gratilla,NA,NA,TpH,NA,NA,NA,3,3,NA,327,20,1087,24,760,4,NA,NA,NA,201_Tripneustes_gratilla_EMBRYO_CO2327.00_pH8.25_T20.,3.0362295439999998,20,Fertilization,Reproduction,NA,NA,NA,87.97,12.52272734,92.35,10.42694586,NA,TRUE,TRUE,4.8589858999999999E-2,1.1004038000000001E-2,NA,NA,0.38012305800000001,0.8,0.30409844699999999,No,No,NA,271,Alter et al. 2024,byrne m soars na ho ma wong e mcelroy d selvakumaraswamy p dworjanyn sa davis ar,tripneustes gratilla,fertilization,tph,87.97,92.35,12.522727,10.426946,3,3,NA,NA,NA,NA,NA,NA,NA,NA,NA,NA,NA,NA,NA,NA,NA,NA,NA,NA,NA,NA,not_matched_in_alter_sheet,NA,NA
Alter et al. 2024,2224_AltersInvert,201,NA,NA,Yes,NA,"Byrne M, Soars NA, Ho MA, Wong E, McElroy D, Selvakumaraswamy P, Dworjanyn SA, Davis AR",NA,2021,NA,NA,NA,NA,Marine,NA,Zooplankton,Meroplankton,Echinoderm,Tripneustes gratilla,NA,NA,TpH,NA,NA,NA,3,3,NA,327,20,839,24,512,4,NA,NA,NA,201_Tripneustes_gratilla_EMBRYO_CO2327.00_pH8.25_T20.,2.9237619609999999,20,Fertilization,Reproduction,NA,NA,NA,87.97,12.52272734,92.88,10.42694586,NA,TRUE,TRUE,5.4312489999999998E-2,1.0955681E-2,NA,NA,0.426119684,0.8,0.34089574700000003,No,No,NA,272,Alter et al. 2024,byrne m soars na ho ma wong e mcelroy d selvakumaraswamy p dworjanyn sa davis ar,tripneustes gratilla,fertilization,tph,87.97,92.88,12.522727,10.426946,3,3,NA,NA,NA,NA,NA,NA,NA,NA,NA,NA,NA,NA,NA,NA,NA,NA,NA,NA,NA,NA,not_matched_in_alter_sheet,NA,NA
Alter et al. 2024,2225_AltersInvert,201,NA,NA,Yes,NA,"Byrne M, Soars NA, Ho MA, Wong E, McElroy D, Selvakumaraswamy P, Dworjanyn SA, Davis AR",NA,2021,NA,NA,NA,NA,Marine,NA,Zooplankton,Meroplankton,Echinoderm,Tripneustes gratilla,NA,NA,TpH,NA,NA,NA,3,3,NA,327,20,851,26,524,6,NA,NA,NA,201_Tripneustes_gratilla_EMBRYO_CO2327.00_pH8.25_T20.,2.9299295600000002,20,Fertilization,Reproduction,NA,NA,NA,87.97,12.52272734,92.89,9.387715377,NA,TRUE,TRUE,5.442015E-2,1.0159278000000001E-2,NA,NA,0.44457316099999999,0.8,0.355658529,No,No,NA,273,Alter et al. 2024,byrne m soars na ho ma wong e mcelroy d selvakumaraswamy p dworjanyn sa davis ar,tripneustes gratilla,fertilization,tph,87.97,92.89,12.522727,9.387715,3,3,NA,NA,NA,NA,NA,NA,NA,NA,NA,NA,NA,NA,NA,NA,NA,NA,NA,NA,NA,NA,not_matched_in_alter_sheet,NA,NA
Alter et al. 2024,2226_AltersInvert,201,NA,NA,Yes,NA,"Byrne M, Soars NA, Ho MA, Wong E, McElroy D, Selvakumaraswamy P, Dworjanyn SA, Davis AR",NA,2021,NA,NA,NA,NA,Marine,NA,Zooplankton,Meroplankton,Echinoderm,Tripneustes gratilla,NA,NA,TpH,NA,NA,NA,3,3,NA,327,20,1828,26,1501,6,NA,NA,NA,201_Tripneustes_gratilla_EMBRYO_CO2327.00_pH8.25_T20.,3.261976191,20,Fertilization,Reproduction,NA,NA,NA,87.97,12.52272734,93.04,9.387715377,NA,TRUE,TRUE,5.6033660999999998E-2,1.0148308999999999E-2,NA,NA,0.45812722,0.8,0.366501776,No,No,NA,274,Alter et al. 2024,byrne m soars na ho ma wong e mcelroy d selvakumaraswamy p dworjanyn sa davis ar,tripneustes gratilla,fertilization,tph,87.97,93.04,12.522727,9.387715,3,3,NA,NA,NA,NA,NA,NA,NA,NA,NA,NA,NA,NA,NA,NA,NA,NA,NA,NA,NA,NA,not_matched_in_alter_sheet,NA,NA
Alter et al. 2024,2229_AltersInvert,201,NA,NA,Yes,NA,"Byrne M, Soars NA, Ho MA, Wong E, McElroy D, Selvakumaraswamy P, Dworjanyn SA, Davis AR",NA,2016,NA,NA,NA,NA,Marine,NA,Zooplankton,Meroplankton,Echinoderm,Tripneustes gratilla,NA,NA,TpH,NA,NA,NA,3,3,NA,327,20,1795,24,1468,4,NA,NA,NA,201_Tripneustes_gratilla_EMBRYO_CO2327.00_pH8.25_T20.,3.2540644529999998,20,Fertilization,Reproduction,NA,NA,NA,87.97,12.52272734,93.62,9.405035885,NA,TRUE,TRUE,6.2248189000000002E-2,1.0118769999999999E-2,NA,NA,0.51019737499999995,0.8,0.40815790000000002,No,No,NA,275,Alter et al. 2024,byrne m soars na ho ma wong e mcelroy d selvakumaraswamy p dworjanyn sa davis ar,tripneustes gratilla,fertilization,tph,87.97,93.62,12.522727,9.405036,3,3,NA,NA,NA,NA,NA,NA,NA,NA,NA,NA,NA,NA,NA,NA,NA,NA,NA,NA,NA,NA,not_matched_in_alter_sheet,NA,NA
Alter et al. 2024,2234_AltersInvert,220,NA,NA,Yes,NA,"Chakravarti, Jarrold, Gibbin, Christen, Massamba-N'Siala, Blier, Calosi",NA,2017,NA,NA,NA,NA,Marine,NA,Zooplankton,Meroplankton,Annelida,Ophryotrocha labronica,NA,NA,pH,NA,NA,NA,12,12,NA,386,27,1248,26.9,862,-0.10000000000000142,NA,NA,NA,220_Ophryotrocha_labronica_EMBRYO_CO2386.00_pH0.00_T27.,3.0962145849999998,27,growth rate,Growth,NA,NA,NA,0.62,0.034641016,0.5521,0.034641016,NA,FALSE,TRUE,-0.115990289,5.8821399999999999E-4,NA,NA,-1.9601041640000001,0.965517241,-1.892514365,No,No,NA,276,Alter et al. 2024,chakravarti jarrold gibbin christen massamba n siala blier calosi,ophryotrocha labronica,growth rate,ph,0.62,0.5521,0.034641,0.034641,12,12,NA,NA,NA,NA,NA,NA,NA,NA,NA,NA,NA,NA,NA,NA,NA,NA,NA,NA,NA,NA,not_matched_in_alter_sheet,NA,NA
Alter et al. 2024,2233_AltersInvert,220,NA,NA,Yes,NA,"Chakravarti, Jarrold, Gibbin, Christen, Massamba-N'Siala, Blier, Calosi",NA,2017,NA,NA,NA,NA,Marine,NA,Zooplankton,Meroplankton,Annelida,Ophryotrocha labronica,NA,NA,T,NA,NA,NA,12,12,NA,386,27,402,29.9,16,2.8999999999999986,NA,NA,NA,220_Ophryotrocha_labronica_EMBRYO_CO2386.00_pH0.00_T27.,2.6042260530000001,27,growth rate,Growth,NA,NA,NA,0.62,0.034641016,0.5438,0.034641016,NA,FALSE,TRUE,-0.13113794600000001,5.9830500000000004E-4,NA,NA,-2.1997045260000001,0.965517241,-2.1238526449999999,No,No,NA,277,Alter et al. 2024,chakravarti jarrold gibbin christen massamba n siala blier calosi,ophryotrocha labronica,growth rate,t,0.62,0.5438,0.034641,0.034641,12,12,NA,NA,NA,NA,NA,NA,NA,NA,NA,NA,NA,NA,NA,NA,NA,NA,NA,NA,NA,NA,not_matched_in_alter_sheet,NA,NA
Alter et al. 2024,2235_AltersInvert,220,NA,NA,Yes,NA,"Chakravarti, Jarrold, Gibbin, Christen, Massamba-N'Siala, Blier, Calosi",NA,2010,NA,NA,NA,NA,Marine,NA,Zooplankton,Meroplankton,Annelida,Ophryotrocha labronica,NA,NA,TpH,NA,NA,NA,12,12,NA,386,27,1222,29.8,836,2.8000000000000007,NA,NA,NA,220_Ophryotrocha_labronica_EMBRYO_CO2386.00_pH0.00_T27.,3.0870712060000001,27,growth rate,Growth,NA,NA,NA,0.62,0.034641016,0.6199,0.069282032,NA,TRUE,TRUE,-1.6130300000000001E-4,1.301064E-3,NA,NA,-1.825742E-3,0.965517241,-1.762785E-3,No,No,NA,278,Alter et al. 2024,chakravarti jarrold gibbin christen massamba n siala blier calosi,ophryotrocha labronica,growth rate,tph,0.62,0.6199,0.034641,0.069282,12,12,NA,NA,NA,NA,NA,NA,NA,NA,NA,NA,NA,NA,NA,NA,NA,NA,NA,NA,NA,NA,not_matched_in_alter_sheet,NA,NA
Alter et al. 2024,997_AltersInvert,114,NA,NA,Yes,NA,"Chua CM, Leggat W, Moya A, Baird AH",NA,2012,NA,NA,NA,NA,Marine,NA,Zooplankton,Meroplankton,Cnidaria,Acropora millepora,NA,NA,pH,NA,NA,NA,270,270,NA,474,26.5,699,26.7,225,0.1999999999999993,NA,NA,NA,114_Acropora_millepora_LARVA_CO2474.00_pH8.12_T26.5,2.8444771759999998,26.5,Metamorphosis,Development,NA,NA,NA,55.7,76.57161354,54.92,63.91922246,NA,TRUE,TRUE,-1.4102566E-2,1.2016341E-2,NA,NA,-1.105917E-2,0.9986053,-1.1043746E-2,No,No,NA,279,Alter et al. 2024,chua cm leggat w moya a baird ah,acropora millepora,metamorphosis,ph,55.7,54.92,76.571614,63.919222,270,270,NA,NA,NA,NA,NA,NA,NA,NA,NA,NA,NA,NA,NA,NA,NA,NA,NA,NA,NA,NA,not_matched_in_alter_sheet,NA,NA
Alter et al. 2024,998_AltersInvert,114,NA,NA,Yes,NA,"Chua CM, Leggat W, Moya A, Baird AH",NA,2012,NA,NA,NA,NA,Marine,NA,Zooplankton,Meroplankton,Cnidaria,Acropora tenuis,NA,NA,pH,NA,NA,NA,270,270,NA,421,25.7,655,25.6,234,-0.09999999999999787,NA,NA,NA,114_Acropora_tenuis_LARVA_CO2421.00_pH8.17_T25.7,2.8162413000000002,25.7,Metamorphosis,Development,NA,NA,NA,52.59,131.9463641,58.55,55.37475056,NA,FALSE,TRUE,0.10735510199999999,2.6627308999999998E-2,NA,NA,5.8902877999999999E-2,0.9986053,5.8820725999999997E-2,No,No,NA,280,Alter et al. 2024,chua cm leggat w moya a baird ah,acropora tenuis,metamorphosis,ph,52.59,58.55,131.946364,55.374751,270,270,NA,NA,NA,NA,NA,NA,NA,NA,NA,NA,NA,NA,NA,NA,NA,NA,NA,NA,NA,NA,not_matched_in_alter_sheet,NA,NA
Alter et al. 2024,1889_AltersInvert,114,NA,NA,Yes,NA,"Chua CM, Leggat W, Moya A, Baird AH",NA,2013,NA,NA,NA,NA,Marine,NA,Zooplankton,Meroplankton,Cnidaria,Acropora millepora,NA,NA,pH,NA,NA,NA,9,9,NA,456,26.2,684,26.3,228,0.10000000000000142,NA,NA,NA,114_Acropora_millepora_EMBRYO_CO2456.00_pH8.14_T26.2,2.8350561019999998,26.2,Developmental time,Reproduction,NA,NA,NA,65.94,2.04,59.44,2.1,NA,FALSE,TRUE,-0.103777837,2.4503399999999999E-4,NA,NA,-3.1397668969999999,0.952380952,-2.9902541880000002,No,No,NA,281,Alter et al. 2024,chua cm leggat w moya a baird ah,acropora millepora,developmental time,ph,65.94,59.44,2.04,2.1,9,9,NA,NA,NA,NA,NA,NA,NA,NA,NA,NA,NA,NA,NA,NA,NA,NA,NA,NA,NA,NA,not_matched_in_alter_sheet,NA,NA
Alter et al. 2024,1891_AltersInvert,114,NA,NA,Yes,NA,"Chua CM, Leggat W, Moya A, Baird AH",NA,2013,NA,NA,NA,NA,Marine,NA,Zooplankton,Meroplankton,Cnidaria,Acropora millepora,NA,NA,pH,NA,NA,NA,9,9,NA,439,25.97,670,26,231,0.030000000000001137,NA,NA,NA,114_Acropora_millepora_EMBRYO_CO2439.00_pH8.15_T25.97,2.826074803,25.97,Fertilization,Reproduction,NA,NA,NA,91.15,3.3,87.86,2.76,NA,TRUE,TRUE,-3.6761862999999999E-2,2.5528299999999997E-4,NA,NA,-1.081523209,0.952380952,-1.0300221030000001,No,No,NA,282,Alter et al. 2024,chua cm leggat w moya a baird ah,acropora millepora,fertilization,ph,91.15,87.86,3.3,2.76,9,9,NA,NA,NA,NA,NA,NA,NA,NA,NA,NA,NA,NA,NA,NA,NA,NA,NA,NA,NA,NA,not_matched_in_alter_sheet,NA,NA
Alter et al. 2024,1894_AltersInvert,114,NA,NA,Yes,NA,"Chua CM, Leggat W, Moya A, Baird AH",NA,2012,NA,NA,NA,NA,Marine,NA,Zooplankton,Meroplankton,Cnidaria,Acropora tenuis,NA,NA,pH,NA,NA,NA,3,3,NA,421,25.7,655,25.6,234,-0.09999999999999787,NA,NA,NA,114_Acropora_tenuis_EMBRYO_CO2421.00_pH8.17_T25.7,2.8162413000000002,25.7,Fertilization,Reproduction,NA,NA,NA,90.12,4.278165495,92.59,5.352036995,NA,TRUE,TRUE,2.7039028999999999E-2,1.8649459999999999E-3,NA,NA,0.50980962299999999,0.8,0.40784769799999998,No,No,NA,283,Alter et al. 2024,chua cm leggat w moya a baird ah,acropora tenuis,fertilization,ph,90.12,92.59,4.278165,5.352037,3,3,NA,NA,NA,NA,NA,NA,NA,NA,NA,NA,NA,NA,NA,NA,NA,NA,NA,NA,NA,NA,not_matched_in_alter_sheet,NA,NA
Alter et al. 2024,1981_AltersInvert,114,NA,NA,Yes,NA,"Chua CM, Leggat W, Moya A, Baird AH",NA,2012,NA,NA,NA,NA,Marine,NA,Zooplankton,Meroplankton,Cnidaria,Acropora tenuis,NA,NA,pH,NA,NA,NA,3,3,NA,421,25.7,655,25.6,234,-0.09999999999999787,NA,NA,NA,114_Acropora_tenuis_EMBRYO_CO2421.00_pH8.17_T25.7,2.8162413000000002,25.7,Developmental time,Survival,NA,NA,NA,81.28,3.827832285,90.48,2.546114687,NA,FALSE,TRUE,0.107228848,1.0032489999999999E-3,NA,NA,2.8300994639999999,0.8,2.2640795709999999,No,No,NA,284,Alter et al. 2024,chua cm leggat w moya a baird ah,acropora tenuis,developmental time,ph,81.28,90.48,3.827832,2.546115,3,3,NA,NA,NA,NA,NA,NA,NA,NA,NA,NA,NA,NA,NA,NA,NA,NA,NA,NA,NA,NA,not_matched_in_alter_sheet,NA,NA
Alter et al. 2024,995_AltersInvert,114,NA,NA,Yes,NA,"Chua CM, Leggat W, Moya A, Baird AH",NA,2013,NA,NA,NA,NA,Marine,NA,Zooplankton,Meroplankton,Cnidaria,Acropora millepora,NA,NA,T,NA,NA,NA,270,270,NA,474,26.5,521,28.9,47,2.3999999999999986,NA,NA,NA,114_Acropora_millepora_LARVA_CO2474.00_pH8.12_T26.5,2.7168377229999998,26.5,Metamorphosis,Development,NA,NA,NA,55.7,76.57161354,28.76,114.8574203,NA,FALSE,TRUE,-0.66099461400000004,6.6070718000000001E-2,NA,NA,-0.27599620499999999,0.9986053,-0.27561127299999999,No,No,NA,285,Alter et al. 2024,chua cm leggat w moya a baird ah,acropora millepora,metamorphosis,t,55.7,28.76,76.571614,114.85742,270,270,NA,NA,NA,NA,NA,NA,NA,NA,NA,NA,NA,NA,NA,NA,NA,NA,NA,NA,NA,NA,not_matched_in_alter_sheet,NA,NA
Alter et al. 2024,1888_AltersInvert,114,NA,NA,Yes,NA,"Chua CM, Leggat W, Moya A, Baird AH",NA,2013,NA,NA,NA,NA,Marine,NA,Zooplankton,Meroplankton,Cnidaria,Acropora millepora,NA,NA,T,NA,NA,NA,9,9,NA,456,26.2,514,28.8,58,2.6000000000000014,NA,NA,NA,114_Acropora_millepora_EMBRYO_CO2456.00_pH8.14_T26.2,2.7109631190000001,26.2,Developmental time,Reproduction,NA,NA,NA,65.94,2.04,57.72,3.15,NA,FALSE,TRUE,-0.13314150399999999,4.3726799999999999E-4,NA,NA,-3.0975781019999999,0.952380952,-2.9500743819999999,No,No,NA,286,Alter et al. 2024,chua cm leggat w moya a baird ah,acropora millepora,developmental time,t,65.94,57.72,2.04,3.15,9,9,NA,NA,NA,NA,NA,NA,NA,NA,NA,NA,NA,NA,NA,NA,NA,NA,NA,NA,NA,NA,not_matched_in_alter_sheet,NA,NA
Alter et al. 2024,1893_AltersInvert,114,NA,NA,Yes,NA,"Chua CM, Leggat W, Moya A, Baird AH",NA,2012,NA,NA,NA,NA,Marine,NA,Zooplankton,Meroplankton,Cnidaria,Acropora millepora,NA,NA,T,NA,NA,NA,9,9,NA,439,25.97,506,28.6,67,2.6300000000000026,NA,NA,NA,114_Acropora_millepora_EMBRYO_CO2439.00_pH8.15_T25.97,2.704150517,25.97,Fertilization,Reproduction,NA,NA,NA,91.15,3.3,93.62,1.53,NA,TRUE,TRUE,2.6737535E-2,1.7531299999999999E-4,NA,NA,0.96032283900000004,0.952380952,0.91459318000000001,No,No,NA,287,Alter et al. 2024,chua cm leggat w moya a baird ah,acropora millepora,fertilization,t,91.15,93.62,3.3,1.53,9,9,NA,NA,NA,NA,NA,NA,NA,NA,NA,NA,NA,NA,NA,NA,NA,NA,NA,NA,NA,NA,not_matched_in_alter_sheet,NA,NA
Alter et al. 2024,999_AltersInvert,114,NA,NA,Yes,NA,"Chua CM, Leggat W, Moya A, Baird AH",NA,2012,NA,NA,NA,NA,Marine,NA,Zooplankton,Meroplankton,Cnidaria,Acropora tenuis,NA,NA,T,NA,NA,NA,270,270,NA,421,25.7,499,28.5,78,2.8000000000000007,NA,NA,NA,114_Acropora_tenuis_LARVA_CO2421.00_pH8.17_T25.7,2.698100546,25.7,Metamorphosis,Development,NA,NA,NA,52.59,131.9463641,69.95,63.91922246,NA,FALSE,TRUE,0.28525471400000002,2.6407027E-2,NA,NA,0.167452194,0.9986053,0.167218648,No,No,NA,288,Alter et al. 2024,chua cm leggat w moya a baird ah,acropora tenuis,metamorphosis,t,52.59,69.95,131.946364,63.919222,270,270,NA,NA,NA,NA,NA,NA,NA,NA,NA,NA,NA,NA,NA,NA,NA,NA,NA,NA,NA,NA,not_matched_in_alter_sheet,NA,NA
Alter et al. 2024,1886_AltersInvert,114,NA,NA,Yes,NA,"Chua CM, Leggat W, Moya A, Baird AH",NA,2013,NA,NA,NA,NA,Marine,NA,Zooplankton,Meroplankton,Cnidaria,Acropora tenuis,NA,NA,T,NA,NA,NA,3,3,NA,421,25.7,499,28.5,78,2.8000000000000007,NA,NA,NA,114_Acropora_tenuis_EMBRYO_CO2421.00_pH8.17_T25.7,2.698100546,25.7,Developmental time,Reproduction,NA,NA,NA,81.28,3.827832285,62.5,3.186973486,NA,FALSE,TRUE,-0.26273342700000002,1.6060079999999999E-3,NA,NA,-5.3321834299999997,0.8,-4.2657467440000003,No,No,NA,289,Alter et al. 2024,chua cm leggat w moya a baird ah,acropora tenuis,developmental time,t,81.28,62.5,3.827832,3.186973,3,3,NA,NA,NA,NA,NA,NA,NA,NA,NA,NA,NA,NA,NA,NA,NA,NA,NA,NA,NA,NA,not_matched_in_alter_sheet,NA,NA
Alter et al. 2024,1895_AltersInvert,114,NA,NA,Yes,NA,"Chua CM, Leggat W, Moya A, Baird AH",NA,2012,NA,NA,NA,NA,Marine,NA,Zooplankton,Meroplankton,Cnidaria,Acropora tenuis,NA,NA,T,NA,NA,NA,3,3,NA,421,25.7,499,28.5,78,2.8000000000000007,NA,NA,NA,114_Acropora_tenuis_EMBRYO_CO2421.00_pH8.17_T25.7,2.698100546,25.7,Fertilization,Reproduction,NA,NA,NA,90.12,4.278165495,93.83,7.482459489,NA,FALSE,TRUE,4.0342519E-2,2.8709400000000002E-3,NA,NA,0.60872904000000005,0.8,0.48698323199999999,No,No,NA,290,Alter et al. 2024,chua cm leggat w moya a baird ah,acropora tenuis,fertilization,t,90.12,93.83,4.278165,7.482459,3,3,NA,NA,NA,NA,NA,NA,NA,NA,NA,NA,NA,NA,NA,NA,NA,NA,NA,NA,NA,NA,not_matched_in_alter_sheet,NA,NA
Alter et al. 2024,996_AltersInvert,114,NA,NA,Yes,NA,"Chua CM, Leggat W, Moya A, Baird AH",NA,2012,NA,NA,NA,NA,Marine,NA,Zooplankton,Meroplankton,Cnidaria,Acropora millepora,NA,NA,TpH,NA,NA,NA,270,270,NA,474,26.5,759,29.2,285,2.6999999999999993,NA,NA,NA,114_Acropora_millepora_LARVA_CO2474.00_pH8.12_T26.5,2.8802417760000001,26.5,Metamorphosis,Development,NA,NA,NA,55.7,76.57161354,46.63,102.2050292,NA,FALSE,TRUE,-0.17773603599999999,2.4792440999999998E-2,NA,NA,-0.100440196,0.9986053,-0.100300112,No,No,NA,291,Alter et al. 2024,chua cm leggat w moya a baird ah,acropora millepora,metamorphosis,tph,55.7,46.63,76.571614,102.205029,270,270,NA,NA,NA,NA,NA,NA,NA,NA,NA,NA,NA,NA,NA,NA,NA,NA,NA,NA,NA,NA,not_matched_in_alter_sheet,NA,NA
Alter et al. 2024,1000_AltersInvert,114,NA,NA,Yes,NA,"Chua CM, Leggat W, Moya A, Baird AH",NA,2012,NA,NA,NA,NA,Marine,NA,Zooplankton,Meroplankton,Cnidaria,Acropora tenuis,NA,NA,TpH,NA,NA,NA,270,270,NA,421,25.7,663,28.9,242,3.1999999999999993,NA,NA,NA,114_Acropora_tenuis_LARVA_CO2421.00_pH8.17_T25.7,2.8215135280000001,25.7,Metamorphosis,Development,NA,NA,NA,52.59,131.9463641,71.24,42.55804272,NA,FALSE,TRUE,0.30352847100000002,2.4636183999999998E-2,NA,NA,0.19024160700000001,0.9986053,0.189976277,No,No,NA,292,Alter et al. 2024,chua cm leggat w moya a baird ah,acropora tenuis,metamorphosis,tph,52.59,71.24,131.946364,42.558043,270,270,NA,NA,NA,NA,NA,NA,NA,NA,NA,NA,NA,NA,NA,NA,NA,NA,NA,NA,NA,NA,not_matched_in_alter_sheet,NA,NA
Alter et al. 2024,1885_AltersInvert,114,NA,NA,Yes,NA,"Chua CM, Leggat W, Moya A, Baird AH",NA,2013,NA,NA,NA,NA,Marine,NA,Zooplankton,Meroplankton,Cnidaria,Acropora tenuis,NA,NA,TpH,NA,NA,NA,3,3,NA,421,25.7,663,28.9,242,3.1999999999999993,NA,NA,NA,114_Acropora_tenuis_EMBRYO_CO2421.00_pH8.17_T25.7,2.8215135280000001,25.7,Developmental time,Reproduction,NA,NA,NA,81.28,3.827832285,50.72,2.546114687,NA,FALSE,TRUE,-0.471579674,1.5792880000000001E-3,NA,NA,-9.4008521330000008,0.8,-7.5206817060000004,No,No,NA,293,Alter et al. 2024,chua cm leggat w moya a baird ah,acropora tenuis,developmental time,tph,81.28,50.72,3.827832,2.546115,3,3,NA,NA,NA,NA,NA,NA,NA,NA,NA,NA,NA,NA,NA,NA,NA,NA,NA,NA,NA,NA,not_matched_in_alter_sheet,NA,NA
Alter et al. 2024,1887_AltersInvert,114,NA,NA,Yes,NA,"Chua CM, Leggat W, Moya A, Baird AH",NA,2013,NA,NA,NA,NA,Marine,NA,Zooplankton,Meroplankton,Cnidaria,Acropora millepora,NA,NA,TpH,NA,NA,NA,9,9,NA,456,26.2,727,29.1,271,2.900000000000002,NA,NA,NA,114_Acropora_millepora_EMBRYO_CO2456.00_pH8.14_T26.2,2.8615344110000001,26.2,Developmental time,Reproduction,NA,NA,NA,65.94,2.04,52.81,1.35,NA,FALSE,TRUE,-0.222044671,1.7895500000000001E-4,NA,NA,-7.5906733490000002,0.952380952,-7.2292127129999999,No,No,NA,294,Alter et al. 2024,chua cm leggat w moya a baird ah,acropora millepora,developmental time,tph,65.94,52.81,2.04,1.35,9,9,NA,NA,NA,NA,NA,NA,NA,NA,NA,NA,NA,NA,NA,NA,NA,NA,NA,NA,NA,NA,not_matched_in_alter_sheet,NA,NA
Alter et al. 2024,1890_AltersInvert,114,NA,NA,Yes,NA,"Chua CM, Leggat W, Moya A, Baird AH",NA,2013,NA,NA,NA,NA,Marine,NA,Zooplankton,Meroplankton,Cnidaria,Acropora millepora,NA,NA,TpH,NA,NA,NA,9,9,NA,439,25.97,695,29,256,3.030000000000001,NA,NA,NA,114_Acropora_millepora_EMBRYO_CO2439.00_pH8.15_T25.97,2.8419848050000001,25.97,Fertilization,Reproduction,NA,NA,NA,91.15,3.3,87.04,3.21,NA,TRUE,TRUE,-4.6138718000000002E-2,2.9676000000000003E-4,NA,NA,-1.2625521630000001,0.952380952,-1.2024306309999999,No,No,NA,295,Alter et al. 2024,chua cm leggat w moya a baird ah,acropora millepora,fertilization,tph,91.15,87.04,3.3,3.21,9,9,NA,NA,NA,NA,NA,NA,NA,NA,NA,NA,NA,NA,NA,NA,NA,NA,NA,NA,NA,NA,not_matched_in_alter_sheet,NA,NA
Alter et al. 2024,1892_AltersInvert,114,NA,NA,Yes,NA,"Chua CM, Leggat W, Moya A, Baird AH",NA,2012,NA,NA,NA,NA,Marine,NA,Zooplankton,Meroplankton,Cnidaria,Acropora tenuis,NA,NA,TpH,NA,NA,NA,3,3,NA,421,25.7,663,28.9,242,3.1999999999999993,NA,NA,NA,114_Acropora_tenuis_EMBRYO_CO2421.00_pH8.17_T25.7,2.8215135280000001,25.7,Fertilization,Reproduction,NA,NA,NA,90.12,4.278165495,90.12,7.482459489,NA,FALSE,TRUE,0,3.049061E-3,NA,NA,0,0.8,0,No,No,NA,296,Alter et al. 2024,chua cm leggat w moya a baird ah,acropora tenuis,fertilization,tph,90.12,90.12,4.278165,7.482459,3,3,NA,NA,NA,NA,NA,NA,NA,NA,NA,NA,NA,NA,NA,NA,NA,NA,NA,NA,NA,NA,not_matched_in_alter_sheet,NA,NA
Alter et al. 2024,7_AltersInvert,2,NA,NA,Yes,NA,"Cole VJ, Parker LM, O'Connor SJ, O'Connor WA, Scanes E, Byrne M, Ross PM",NA,2016,NA,NA,NA,NA,Marine,NA,Zooplankton,Meroplankton,Mollusca,Ostrea angasi,NA,NA,pH,NA,NA,NA,3,3,NA,388,26,1158,26,770,0,NA,NA,NA,2_Ostrea_angasi_LARVA_CO2388.00_pH8.20_T26.,3.0637085590000002,26,Feeding,Behaviour,NA,NA,NA,26308.2,6586.400324,6023.97,2641.464084,NA,TRUE,TRUE,-1.4741341670000001,8.4984425000000002E-2,NA,NA,-4.0423999510000002,0.8,-3.2339199600000001,No,No,NA,297,Alter et al. 2024,cole vj parker lm o connor sj o connor wa scanes e byrne m ross pm,ostrea angasi,feeding,ph,26308.2,6023.97,6586.400324,2641.464084,3,3,NA,NA,NA,NA,NA,NA,NA,NA,NA,NA,NA,NA,NA,NA,NA,NA,NA,NA,NA,NA,not_matched_in_alter_sheet,NA,NA
Alter et al. 2024,12_AltersInvert,2,NA,NA,Yes,NA,"Cole VJ, Parker LM, O'Connor SJ, O'Connor WA, Scanes E, Byrne M, Ross PM",NA,2016,NA,NA,NA,NA,Marine,NA,Zooplankton,Meroplankton,Mollusca,Ostrea angasi,NA,NA,pH,NA,NA,NA,90,90,NA,388,26,1158,26,770,0,NA,NA,NA,2_Ostrea_angasi_LARVA_CO2388.00_pH8.20_T26.,3.0637085590000002,26,Length,Growth,NA,NA,NA,292.33,52.46218638,275.68,45.44192998,NA,TRUE,TRUE,-5.8642527999999999E-2,6.5974999999999996E-4,NA,NA,-0.339257645,0.995780591,-0.33782617799999998,No,No,NA,298,Alter et al. 2024,cole vj parker lm o connor sj o connor wa scanes e byrne m ross pm,ostrea angasi,length,ph,292.33,275.68,52.462186,45.44193,90,90,NA,NA,NA,NA,NA,NA,NA,NA,NA,NA,NA,NA,NA,NA,NA,NA,NA,NA,NA,NA,not_matched_in_alter_sheet,NA,NA
Alter et al. 2024,13_AltersInvert,2,NA,NA,Yes,NA,"Cole VJ, Parker LM, O'Connor SJ, O'Connor WA, Scanes E, Byrne M, Ross PM",NA,2015,NA,NA,NA,NA,Marine,NA,Zooplankton,Meroplankton,Mollusca,Ostrea angasi,NA,NA,pH,NA,NA,NA,3,3,NA,388,26,1158,26,770,0,NA,NA,NA,2_Ostrea_angasi_LARVA_CO2388.00_pH8.20_T26.,3.0637085590000002,26,survival,Survival,NA,NA,NA,4.19,6.84160069,6.82,11.41421482,NA,TRUE,TRUE,0.48715873799999998,1.822411089,NA,NA,0.27949337600000002,0.8,0.22359470100000001,No,No,NA,299,Alter et al. 2024,cole vj parker lm o connor sj o connor wa scanes e byrne m ross pm,ostrea angasi,survival,ph,4.19,6.82,6.841601,11.414215,3,3,NA,NA,NA,NA,NA,NA,NA,NA,NA,NA,NA,NA,NA,NA,NA,NA,NA,NA,NA,NA,not_matched_in_alter_sheet,NA,NA
Alter et al. 2024,15_AltersInvert,2,NA,NA,Yes,NA,"Cole VJ, Parker LM, O'Connor SJ, O'Connor WA, Scanes E, Byrne M, Ross PM",NA,2015,NA,NA,NA,NA,Marine,NA,Zooplankton,Meroplankton,Mollusca,Ostrea angasi,NA,NA,pH,NA,NA,NA,3,3,NA,388,26,1158,26,770,0,NA,NA,NA,2_Ostrea_angasi_LARVA_CO2388.00_pH8.20_T26.,3.0637085590000002,26,Normal,Development,NA,NA,NA,0,0,1.43,2.286307066,NA,TRUE,TRUE,NA,NA,NA,NA,0.88453796299999998,0.8,0.70763036999999995,No,No,NA,300,Alter et al. 2024,cole vj parker lm o connor sj o connor wa scanes e byrne m ross pm,ostrea angasi,normal,ph,0,1.43,0,2.286307,3,3,NA,NA,NA,NA,NA,NA,NA,NA,NA,NA,NA,NA,NA,NA,NA,NA,NA,NA,NA,NA,not_matched_in_alter_sheet,NA,NA
Alter et al. 2024,8_AltersInvert,2,NA,NA,Yes,NA,"Cole VJ, Parker LM, O'Connor SJ, O'Connor WA, Scanes E, Byrne M, Ross PM",NA,2016,NA,NA,NA,NA,Marine,NA,Zooplankton,Meroplankton,Mollusca,Ostrea angasi,NA,NA,T,NA,NA,NA,3,3,NA,388,26,394,30,6,4,NA,NA,NA,2_Ostrea_angasi_LARVA_CO2388.00_pH8.20_T26.,2.595496222,26,Feeding,Behaviour,NA,NA,NA,26308.2,6586.400324,6441.24,1478.582492,NA,TRUE,TRUE,-1.407159609,3.8456913000000002E-2,NA,NA,-4.1621889369999998,0.8,-3.3297511489999998,No,No,NA,301,Alter et al. 2024,cole vj parker lm o connor sj o connor wa scanes e byrne m ross pm,ostrea angasi,feeding,t,26308.2,6441.24,6586.400324,1478.582492,3,3,NA,NA,NA,NA,NA,NA,NA,NA,NA,NA,NA,NA,NA,NA,NA,NA,NA,NA,NA,NA,not_matched_in_alter_sheet,NA,NA
Alter et al. 2024,9_AltersInvert,2,NA,NA,Yes,NA,"Cole VJ, Parker LM, O'Connor SJ, O'Connor WA, Scanes E, Byrne M, Ross PM",NA,2016,NA,NA,NA,NA,Marine,NA,Zooplankton,Meroplankton,Mollusca,Ostrea angasi,NA,NA,T,NA,NA,NA,3,3,NA,388,26,394,30,6,4,NA,NA,NA,2_Ostrea_angasi_LARVA_CO2388.00_pH8.20_T26.,2.595496222,26,survival,Survival,NA,NA,NA,4.19,6.84160069,17.67,22.96699371,NA,FALSE,TRUE,1.439167552,1.4518592910000001,NA,NA,0.79549810499999996,0.8,0.63639848399999999,No,No,NA,302,Alter et al. 2024,cole vj parker lm o connor sj o connor wa scanes e byrne m ross pm,ostrea angasi,survival,t,4.19,17.67,6.841601,22.966994,3,3,NA,NA,NA,NA,NA,NA,NA,NA,NA,NA,NA,NA,NA,NA,NA,NA,NA,NA,NA,NA,not_matched_in_alter_sheet,NA,NA
Alter et al. 2024,16_AltersInvert,2,NA,NA,Yes,NA,"Cole VJ, Parker LM, O'Connor SJ, O'Connor WA, Scanes E, Byrne M, Ross PM",NA,2013,NA,NA,NA,NA,Marine,NA,Zooplankton,Meroplankton,Mollusca,Ostrea angasi,NA,NA,T,NA,NA,NA,3,3,NA,388,26,394,30,6,4,NA,NA,NA,2_Ostrea_angasi_LARVA_CO2388.00_pH8.20_T26.,2.595496222,26,Normal,Development,NA,NA,NA,0,0,1.39,2.213214522,NA,TRUE,TRUE,NA,NA,NA,NA,0.88819083399999998,0.8,0.71055266699999997,No,No,NA,303,Alter et al. 2024,cole vj parker lm o connor sj o connor wa scanes e byrne m ross pm,ostrea angasi,normal,t,0,1.39,0,2.213215,3,3,NA,NA,NA,NA,NA,NA,NA,NA,NA,NA,NA,NA,NA,NA,NA,NA,NA,NA,NA,NA,not_matched_in_alter_sheet,NA,NA
Alter et al. 2024,17_AltersInvert,2,NA,NA,Yes,NA,"Cole VJ, Parker LM, O'Connor SJ, O'Connor WA, Scanes E, Byrne M, Ross PM",NA,2013,NA,NA,NA,NA,Marine,NA,Zooplankton,Meroplankton,Mollusca,Ostrea angasi,NA,NA,T,NA,NA,NA,90,90,NA,388,26,394,30,6,4,NA,NA,NA,2_Ostrea_angasi_LARVA_CO2388.00_pH8.20_T26.,2.595496222,26,Length,Growth,NA,NA,NA,292.33,52.46218638,292.33,59.95678444,NA,FALSE,TRUE,0,8.2525100000000004E-4,NA,NA,0,0.995780591,0,No,No,NA,304,Alter et al. 2024,cole vj parker lm o connor sj o connor wa scanes e byrne m ross pm,ostrea angasi,length,t,292.33,292.33,52.462186,59.956784,90,90,NA,NA,NA,NA,NA,NA,NA,NA,NA,NA,NA,NA,NA,NA,NA,NA,NA,NA,NA,NA,not_matched_in_alter_sheet,NA,NA
Alter et al. 2024,6_AltersInvert,2,NA,NA,Yes,NA,"Cole VJ, Parker LM, O'Connor SJ, O'Connor WA, Scanes E, Byrne M, Ross PM",NA,2016,NA,NA,NA,NA,Marine,NA,Zooplankton,Meroplankton,Mollusca,Ostrea angasi,NA,NA,TpH,NA,NA,NA,3,3,NA,388,26,1194,30,806,4,NA,NA,NA,2_Ostrea_angasi_LARVA_CO2388.00_pH8.20_T26.,3.077004327,26,Feeding,Behaviour,NA,NA,NA,26308.2,6586.400324,2287.58,1981.102393,NA,TRUE,FALSE,-2.4423861869999999,0.27089261100000001,NA,NA,-4.9390529970000001,0.8,-3.9512423980000002,No,No,NA,305,Alter et al. 2024,cole vj parker lm o connor sj o connor wa scanes e byrne m ross pm,ostrea angasi,feeding,tph,26308.2,2287.58,6586.400324,1981.102393,3,3,NA,NA,NA,NA,NA,NA,NA,NA,NA,NA,NA,NA,NA,NA,NA,NA,NA,NA,NA,NA,not_matched_in_alter_sheet,NA,NA
Alter et al. 2024,10_AltersInvert,2,NA,NA,Yes,NA,"Cole VJ, Parker LM, O'Connor SJ, O'Connor WA, Scanes E, Byrne M, Ross PM",NA,2016,NA,NA,NA,NA,Marine,NA,Zooplankton,Meroplankton,Mollusca,Ostrea angasi,NA,NA,TpH,NA,NA,NA,3,3,NA,388,26,1194,30,806,4,NA,NA,NA,2_Ostrea_angasi_LARVA_CO2388.00_pH8.20_T26.,3.077004327,26,Normal,Development,NA,NA,NA,0,0,13.38,4.558064905,NA,FALSE,TRUE,NA,NA,NA,NA,4.1513620050000002,0.8,3.321089604,No,No,NA,306,Alter et al. 2024,cole vj parker lm o connor sj o connor wa scanes e byrne m ross pm,ostrea angasi,normal,tph,0,13.38,0,4.558065,3,3,NA,NA,NA,NA,NA,NA,NA,NA,NA,NA,NA,NA,NA,NA,NA,NA,NA,NA,NA,NA,not_matched_in_alter_sheet,NA,NA
Alter et al. 2024,11_AltersInvert,2,NA,NA,Yes,NA,"Cole VJ, Parker LM, O'Connor SJ, O'Connor WA, Scanes E, Byrne M, Ross PM",NA,2016,NA,NA,NA,NA,Marine,NA,Zooplankton,Meroplankton,Mollusca,Ostrea angasi,NA,NA,TpH,NA,NA,NA,3,3,NA,388,26,1194,30,806,4,NA,NA,NA,2_Ostrea_angasi_LARVA_CO2388.00_pH8.20_T26.,3.077004327,26,survival,Survival,NA,NA,NA,4.19,6.84160069,10.91,1.974537921,NA,TRUE,TRUE,0.95697906600000004,0.89964086899999995,NA,NA,1.3346067290000001,0.8,1.0676853829999999,No,No,NA,307,Alter et al. 2024,cole vj parker lm o connor sj o connor wa scanes e byrne m ross pm,ostrea angasi,survival,tph,4.19,10.91,6.841601,1.974538,3,3,NA,NA,NA,NA,NA,NA,NA,NA,NA,NA,NA,NA,NA,NA,NA,NA,NA,NA,NA,NA,not_matched_in_alter_sheet,NA,NA
Alter et al. 2024,14_AltersInvert,2,NA,NA,Yes,NA,"Cole VJ, Parker LM, O'Connor SJ, O'Connor WA, Scanes E, Byrne M, Ross PM",NA,2015,NA,NA,NA,NA,Marine,NA,Zooplankton,Meroplankton,Mollusca,Ostrea angasi,NA,NA,TpH,NA,NA,NA,90,90,NA,388,26,1194,30,806,4,NA,NA,NA,2_Ostrea_angasi_LARVA_CO2388.00_pH8.20_T26.,3.077004327,26,Length,Growth,NA,NA,NA,292.33,52.46218638,286.07,22.76839915,NA,TRUE,TRUE,-2.1646764999999998E-2,4.2823699999999999E-4,NA,NA,-0.15479974399999999,0.995780591,-0.15414658000000001,No,No,NA,308,Alter et al. 2024,cole vj parker lm o connor sj o connor wa scanes e byrne m ross pm,ostrea angasi,length,tph,292.33,286.07,52.462186,22.768399,90,90,NA,NA,NA,NA,NA,NA,NA,NA,NA,NA,NA,NA,NA,NA,NA,NA,NA,NA,NA,NA,not_matched_in_alter_sheet,NA,NA
Alter et al. 2024,1154_AltersInvert,232,NA,NA,Yes,NA,"Dong, Sun",NA,2011,NA,NA,NA,NA,Marine,NA,Zooplankton,Meroplankton,Cnidaria,Aurelia coerulea,NA,NA,pH,NA,NA,NA,4,4,NA,375,24,2789,24,2414,0,NA,NA,NA,232_Aurelia_coerulea_LARVA_CO2375.00_pH0.00_T24.,3.4454485140000002,24,growth rate,Growth,NA,NA,NA,2.60609347,1.5,1.745689127,1.06,NA,FALSE,FALSE,-0.400702952,0.17499741099999999,NA,NA,-0.66247698899999996,0.869565217,-0.57606694700000005,No,No,NA,335,Alter et al. 2024,dong sun,aurelia coerulea,growth rate,ph,2.606093,1.745689,1.5,1.06,4,4,NA,NA,NA,NA,NA,NA,NA,NA,NA,NA,NA,NA,NA,NA,NA,NA,NA,NA,NA,NA,not_matched_in_alter_sheet,NA,NA
Alter et al. 2024,1177_AltersInvert,232,NA,NA,Yes,NA,"Dong, Sun",NA,2011,NA,NA,NA,NA,Marine,NA,Zooplankton,Meroplankton,Cnidaria,Aurelia coerulea,NA,NA,pH,NA,NA,NA,4,4,NA,375,24,1032,24,657,0,NA,NA,NA,232_Aurelia_coerulea_LARVA_CO2375.00_pH0.00_T24.,3.0136796970000002,24,growth rate,Growth,NA,NA,NA,2.60609347,1.5,2.044338405,0.94,NA,FALSE,FALSE,-0.24277812600000001,0.13567689099999999,NA,NA,-0.44878694499999999,0.869565217,-0.39024951800000002,No,No,NA,336,Alter et al. 2024,dong sun,aurelia coerulea,growth rate,ph,2.606093,2.044338,1.5,0.94,4,4,NA,NA,NA,NA,NA,NA,NA,NA,NA,NA,NA,NA,NA,NA,NA,NA,NA,NA,NA,NA,not_matched_in_alter_sheet,NA,NA
Alter et al. 2024,1193_AltersInvert,232,NA,NA,Yes,NA,"Dong, Sun",NA,2018,NA,NA,NA,NA,Marine,NA,Zooplankton,Meroplankton,Cnidaria,Aurelia coerulea,NA,NA,pH,NA,NA,NA,5,5,NA,375,24,2789,24,2414,0,NA,NA,NA,232_Aurelia_coerulea_LARVA_CO2375.00_pH0.00_T24.,3.4454485140000002,24,Activity,Behaviour,NA,NA,NA,20.37934259,20.66632925,6.403924421,11.04617581,NA,TRUE,FALSE,-1.1576107760000001,0.80073357499999998,NA,NA,-0.84342814799999999,0.903225806,-0.76180606900000003,No,No,NA,337,Alter et al. 2024,dong sun,aurelia coerulea,activity,ph,20.379343,6.403924,20.666329,11.046176,5,5,NA,NA,NA,NA,NA,NA,NA,NA,NA,NA,NA,NA,NA,NA,NA,NA,NA,NA,NA,NA,not_matched_in_alter_sheet,NA,NA
Alter et al. 2024,1196_AltersInvert,232,NA,NA,Yes,NA,"Dong, Sun",NA,2018,NA,NA,NA,NA,Marine,NA,Zooplankton,Meroplankton,Cnidaria,Aurelia coerulea,NA,NA,pH,NA,NA,NA,4,4,NA,375,24,2789,24,2414,0,NA,NA,NA,232_Aurelia_coerulea_LARVA_CO2375.00_pH0.00_T24.,3.4454485140000002,24,Survival,Survival,NA,NA,NA,13.61698077,24.839248,13.7661297,14.74,NA,TRUE,TRUE,1.0893606E-2,1.1184927360000001,NA,NA,7.3027350000000003E-3,0.869565217,6.3502039999999999E-3,No,No,NA,338,Alter et al. 2024,dong sun,aurelia coerulea,survival,ph,13.616981,13.76613,24.839248,14.74,4,4,NA,NA,NA,NA,NA,NA,NA,NA,NA,NA,NA,NA,NA,NA,NA,NA,NA,NA,NA,NA,not_matched_in_alter_sheet,NA,NA
Alter et al. 2024,1198_AltersInvert,232,NA,NA,Yes,NA,"Dong, Sun",NA,2018,NA,NA,NA,NA,Marine,NA,Zooplankton,Meroplankton,Cnidaria,Aurelia coerulea,NA,NA,pH,NA,NA,NA,5,5,NA,375,24,1032,24,657,0,NA,NA,NA,232_Aurelia_coerulea_LARVA_CO2375.00_pH0.00_T24.,3.0136796970000002,24,Activity,Behaviour,NA,NA,NA,20.37934259,20.66632925,18.09118135,20.66126811,NA,FALSE,FALSE,-0.119097168,0.466534116,NA,NA,-0.110732845,0.903225806,-0.10001676399999999,No,No,NA,339,Alter et al. 2024,dong sun,aurelia coerulea,activity,ph,20.379343,18.091181,20.666329,20.661268,5,5,NA,NA,NA,NA,NA,NA,NA,NA,NA,NA,NA,NA,NA,NA,NA,NA,NA,NA,NA,NA,not_matched_in_alter_sheet,NA,NA
Alter et al. 2024,1202_AltersInvert,232,NA,NA,Yes,NA,"Dong, Sun",NA,2018,NA,NA,NA,NA,Marine,NA,Zooplankton,Meroplankton,Cnidaria,Aurelia coerulea,NA,NA,pH,NA,NA,NA,4,4,NA,375,24,1032,24,657,0,NA,NA,NA,232_Aurelia_coerulea_LARVA_CO2375.00_pH0.00_T24.,3.0136796970000002,24,Survival,Survival,NA,NA,NA,13.61698077,24.839248,23.86799526,15.38,NA,FALSE,FALSE,0.56122085099999997,0.93567519099999996,NA,NA,0.49621715900000002,0.869565217,0.43149318199999998,No,No,NA,340,Alter et al. 2024,dong sun,aurelia coerulea,survival,ph,13.616981,23.867995,24.839248,15.38,4,4,NA,NA,NA,NA,NA,NA,NA,NA,NA,NA,NA,NA,NA,NA,NA,NA,NA,NA,NA,NA,not_matched_in_alter_sheet,NA,NA
Alter et al. 2024,1289_AltersInvert,232,NA,NA,Yes,NA,"Dong, Sun",NA,2018,NA,NA,NA,NA,Marine,NA,Zooplankton,Meroplankton,Cnidaria,Aurelia coerulea,NA,NA,pH,NA,NA,NA,4,4,NA,375,24,1032,24,657,0,NA,NA,NA,232_Aurelia_coerulea_LARVA_CO2375.00_pH0.00_T24.,3.0136796970000002,24,Settlement,Development,NA,NA,NA,46.04796521,25.54,37.30121753,13.44,NA,FALSE,FALSE,-0.210657608,0.10936193700000001,NA,NA,-0.42860634399999997,0.869565217,-0.372701169,No,No,NA,341,Alter et al. 2024,dong sun,aurelia coerulea,settlement,ph,46.047965,37.301218,25.54,13.44,4,4,NA,NA,NA,NA,NA,NA,NA,NA,NA,NA,NA,NA,NA,NA,NA,NA,NA,NA,NA,NA,not_matched_in_alter_sheet,NA,NA
Alter et al. 2024,1344_AltersInvert,232,NA,NA,Yes,NA,"Dong, Sun",NA,2010,NA,NA,NA,NA,Marine,NA,Zooplankton,Meroplankton,Cnidaria,Aurelia coerulea,NA,NA,pH,NA,NA,NA,4,4,NA,375,24,2789,24,2414,0,NA,NA,NA,232_Aurelia_coerulea_LARVA_CO2375.00_pH0.00_T24.,3.4454485140000002,24,Settlement,Development,NA,NA,NA,46.04796521,25.54,70.23608177,16.14,NA,FALSE,TRUE,0.42217858899999999,9.0107719000000003E-2,NA,NA,1.13222132,0.869565217,0.98454027799999999,No,No,NA,342,Alter et al. 2024,dong sun,aurelia coerulea,settlement,ph,46.047965,70.236082,25.54,16.14,4,4,NA,NA,NA,NA,NA,NA,NA,NA,NA,NA,NA,NA,NA,NA,NA,NA,NA,NA,NA,NA,not_matched_in_alter_sheet,NA,NA
Alter et al. 2024,1175_AltersInvert,232,NA,NA,Yes,NA,"Dong, Sun",NA,2011,NA,NA,NA,NA,Marine,NA,Zooplankton,Meroplankton,Cnidaria,Aurelia coerulea,NA,NA,T,NA,NA,NA,4,4,NA,375,24,368,27,-7,3,NA,NA,NA,232_Aurelia_coerulea_LARVA_CO2375.00_pH0.00_T24.,2.565847819,24,growth rate,Growth,NA,NA,NA,2.60609347,1.5,1.897518603,0.98,NA,FALSE,FALSE,-0.31730531099999998,0.149505156,NA,NA,-0.55926954200000001,0.869565217,-0.48632134100000002,No,No,NA,343,Alter et al. 2024,dong sun,aurelia coerulea,growth rate,t,2.606093,1.897519,1.5,0.98,4,4,NA,NA,NA,NA,NA,NA,NA,NA,NA,NA,NA,NA,NA,NA,NA,NA,NA,NA,NA,NA,not_matched_in_alter_sheet,NA,NA
Alter et al. 2024,1203_AltersInvert,232,NA,NA,Yes,NA,"Dong, Sun",NA,2018,NA,NA,NA,NA,Marine,NA,Zooplankton,Meroplankton,Cnidaria,Aurelia coerulea,NA,NA,T,NA,NA,NA,5,5,NA,375,24,368,27,-7,3,NA,NA,NA,232_Aurelia_coerulea_LARVA_CO2375.00_pH0.00_T24.,2.565847819,24,Activity,Behaviour,NA,NA,NA,20.37934259,20.66632925,25.61587836,20.30349724,NA,FALSE,FALSE,0.228690638,0.33131986400000002,NA,NA,0.25561887300000002,0.903225806,0.23088156200000001,No,No,NA,344,Alter et al. 2024,dong sun,aurelia coerulea,activity,t,20.379343,25.615878,20.666329,20.303497,5,5,NA,NA,NA,NA,NA,NA,NA,NA,NA,NA,NA,NA,NA,NA,NA,NA,NA,NA,NA,NA,not_matched_in_alter_sheet,NA,NA
Alter et al. 2024,1281_AltersInvert,232,NA,NA,Yes,NA,"Dong, Sun",NA,2010,NA,NA,NA,NA,Marine,NA,Zooplankton,Meroplankton,Cnidaria,Aurelia coerulea,NA,NA,T,NA,NA,NA,4,4,NA,375,24,368,27,-7,3,NA,NA,NA,232_Aurelia_coerulea_LARVA_CO2375.00_pH0.00_T24.,2.565847819,24,Settlement,Development,NA,NA,NA,46.04796521,25.54,31.25865601,13.1,NA,FALSE,FALSE,-0.38738724499999999,0.120813953,NA,NA,-0.72866047700000003,0.869565217,-0.63361780599999995,No,No,NA,345,Alter et al. 2024,dong sun,aurelia coerulea,settlement,t,46.047965,31.258656,25.54,13.1,4,4,NA,NA,NA,NA,NA,NA,NA,NA,NA,NA,NA,NA,NA,NA,NA,NA,NA,NA,NA,NA,not_matched_in_alter_sheet,NA,NA
Alter et al. 2024,1282_AltersInvert,232,NA,NA,Yes,NA,"Dong, Sun",NA,2010,NA,NA,NA,NA,Marine,NA,Zooplankton,Meroplankton,Cnidaria,Aurelia coerulea,NA,NA,T,NA,NA,NA,4,4,NA,375,24,368,27,-7,3,NA,NA,NA,232_Aurelia_coerulea_LARVA_CO2375.00_pH0.00_T24.,2.565847819,24,Survival,Survival,NA,NA,NA,13.61698077,24.839248,31.64555707,13.3,NA,FALSE,FALSE,0.843280162,0.87602844300000005,NA,NA,0.90489769200000003,0.869565217,0.78686755799999997,No,No,NA,346,Alter et al. 2024,dong sun,aurelia coerulea,survival,t,13.616981,31.645557,24.839248,13.3,4,4,NA,NA,NA,NA,NA,NA,NA,NA,NA,NA,NA,NA,NA,NA,NA,NA,NA,NA,NA,NA,not_matched_in_alter_sheet,NA,NA
Alter et al. 2024,1152_AltersInvert,232,NA,NA,Yes,NA,"Dong, Sun",NA,2018,NA,NA,NA,NA,Marine,NA,Zooplankton,Meroplankton,Cnidaria,Aurelia coerulea,NA,NA,TpH,NA,NA,NA,4,4,NA,375,24,2980,27,2605,3,NA,NA,NA,232_Aurelia_coerulea_LARVA_CO2375.00_pH0.00_T24.,3.4742162639999998,24,growth rate,Growth,NA,NA,NA,2.60609347,1.5,1.656774428,1.88,NA,FALSE,FALSE,-0.45297974899999999,0.40472730099999998,NA,NA,-0.55821053899999995,0.869565217,-0.48540046799999997,No,No,NA,347,Alter et al. 2024,dong sun,aurelia coerulea,growth rate,tph,2.606093,1.656774,1.5,1.88,4,4,NA,NA,NA,NA,NA,NA,NA,NA,NA,NA,NA,NA,NA,NA,NA,NA,NA,NA,NA,NA,not_matched_in_alter_sheet,NA,NA
Alter et al. 2024,1176_AltersInvert,232,NA,NA,Yes,NA,"Dong, Sun",NA,2011,NA,NA,NA,NA,Marine,NA,Zooplankton,Meroplankton,Cnidaria,Aurelia coerulea,NA,NA,TpH,NA,NA,NA,4,4,NA,375,24,1077,27,702,3,NA,NA,NA,232_Aurelia_coerulea_LARVA_CO2375.00_pH0.00_T24.,3.0322157029999999,24,growth rate,Growth,NA,NA,NA,2.60609347,1.5,1.899141849,0.86,NA,FALSE,FALSE,-0.31645022,0.13408653200000001,NA,NA,-0.578226711,0.869565217,-0.50280583599999995,No,No,NA,348,Alter et al. 2024,dong sun,aurelia coerulea,growth rate,tph,2.606093,1.899142,1.5,0.86,4,4,NA,NA,NA,NA,NA,NA,NA,NA,NA,NA,NA,NA,NA,NA,NA,NA,NA,NA,NA,NA,not_matched_in_alter_sheet,NA,NA
Alter et al. 2024,1199_AltersInvert,232,NA,NA,Yes,NA,"Dong, Sun",NA,2010,NA,NA,NA,NA,Marine,NA,Zooplankton,Meroplankton,Cnidaria,Aurelia coerulea,NA,NA,TpH,NA,NA,NA,5,5,NA,375,24,1077,27,702,3,NA,NA,NA,232_Aurelia_coerulea_LARVA_CO2375.00_pH0.00_T24.,3.0322157029999999,24,Activity,Behaviour,NA,NA,NA,20.37934259,20.66632925,18.70658542,11.40394669,NA,TRUE,FALSE,-8.5646146000000006E-2,0.28000036,NA,NA,-0.10022196999999999,0.903225806,-9.0523069999999997E-2,No,No,NA,349,Alter et al. 2024,dong sun,aurelia coerulea,activity,tph,20.379343,18.706585,20.666329,11.403947,5,5,NA,NA,NA,NA,NA,NA,NA,NA,NA,NA,NA,NA,NA,NA,NA,NA,NA,NA,NA,NA,not_matched_in_alter_sheet,NA,NA
Alter et al. 2024,1200_AltersInvert,232,NA,NA,Yes,NA,"Dong, Sun",NA,2017,NA,NA,NA,NA,Marine,NA,Zooplankton,Meroplankton,Cnidaria,Aurelia coerulea,NA,NA,TpH,NA,NA,NA,4,4,NA,375,24,2980,27,2605,3,NA,NA,NA,232_Aurelia_coerulea_LARVA_CO2375.00_pH0.00_T24.,3.4742162639999998,24,Survival,Survival,NA,NA,NA,13.61698077,24.839248,22.74025474,26.76,NA,FALSE,TRUE,0.512819091,1.1780652140000001,NA,NA,0.35337568000000003,0.869565217,0.30728319999999998,No,No,NA,350,Alter et al. 2024,dong sun,aurelia coerulea,survival,tph,13.616981,22.740255,24.839248,26.76,4,4,NA,NA,NA,NA,NA,NA,NA,NA,NA,NA,NA,NA,NA,NA,NA,NA,NA,NA,NA,NA,not_matched_in_alter_sheet,NA,NA
Alter et al. 2024,1201_AltersInvert,232,NA,NA,Yes,NA,"Dong, Sun",NA,2010,NA,NA,NA,NA,Marine,NA,Zooplankton,Meroplankton,Cnidaria,Aurelia coerulea,NA,NA,TpH,NA,NA,NA,5,5,NA,375,24,2980,27,2605,3,NA,NA,NA,232_Aurelia_coerulea_LARVA_CO2375.00_pH0.00_T24.,3.4742162639999998,24,Activity,Behaviour,NA,NA,NA,20.37934259,20.66632925,23.27459651,7.490827725,NA,FALSE,FALSE,0.132840718,0.22638948,NA,NA,0.18626611200000001,0.903225806,0.16824036000000001,No,No,NA,351,Alter et al. 2024,dong sun,aurelia coerulea,activity,tph,20.379343,23.274597,20.666329,7.490828,5,5,NA,NA,NA,NA,NA,NA,NA,NA,NA,NA,NA,NA,NA,NA,NA,NA,NA,NA,NA,NA,not_matched_in_alter_sheet,NA,NA
Alter et al. 2024,1283_AltersInvert,232,NA,NA,Yes,NA,"Dong, Sun",NA,2010,NA,NA,NA,NA,Marine,NA,Zooplankton,Meroplankton,Cnidaria,Aurelia coerulea,NA,NA,TpH,NA,NA,NA,4,4,NA,375,24,1077,27,702,3,NA,NA,NA,232_Aurelia_coerulea_LARVA_CO2375.00_pH0.00_T24.,3.0322157029999999,24,Survival,Survival,NA,NA,NA,13.61698077,24.839248,32.84231863,23.24,NA,FALSE,FALSE,0.88040028599999998,0.95705238100000001,NA,NA,0.79929333000000002,0.869565217,0.69503767800000005,No,No,NA,352,Alter et al. 2024,dong sun,aurelia coerulea,survival,tph,13.616981,32.842319,24.839248,23.24,4,4,NA,NA,NA,NA,NA,NA,NA,NA,NA,NA,NA,NA,NA,NA,NA,NA,NA,NA,NA,NA,not_matched_in_alter_sheet,NA,NA
Alter et al. 2024,1294_AltersInvert,232,NA,NA,Yes,NA,"Dong, Sun",NA,2010,NA,NA,NA,NA,Marine,NA,Zooplankton,Meroplankton,Cnidaria,Aurelia coerulea,NA,NA,TpH,NA,NA,NA,4,4,NA,375,24,1077,27,702,3,NA,NA,NA,232_Aurelia_coerulea_LARVA_CO2375.00_pH0.00_T24.,3.0322157029999999,24,Settlement,Development,NA,NA,NA,46.04796521,25.54,45.03211367,46.38,NA,TRUE,FALSE,-2.2307703000000002E-2,0.34209593199999999,NA,NA,-2.7133325E-2,0.869565217,-2.3594196000000001E-2,No,No,NA,353,Alter et al. 2024,dong sun,aurelia coerulea,settlement,tph,46.047965,45.032114,25.54,46.38,4,4,NA,NA,NA,NA,NA,NA,NA,NA,NA,NA,NA,NA,NA,NA,NA,NA,NA,NA,NA,NA,not_matched_in_alter_sheet,NA,NA
Alter et al. 2024,1312_AltersInvert,232,NA,NA,Yes,NA,"Dong, Sun",NA,2017,NA,NA,NA,NA,Marine,NA,Zooplankton,Meroplankton,Cnidaria,Aurelia coerulea,NA,NA,TpH,NA,NA,NA,4,4,NA,375,24,2980,27,2605,3,NA,NA,NA,232_Aurelia_coerulea_LARVA_CO2375.00_pH0.00_T24.,3.4742162639999998,24,Settlement,Development,NA,NA,NA,46.04796521,25.54,62.84068257,39,NA,FALSE,FALSE,0.3109191,0.173197506,NA,NA,0.50942115399999999,0.869565217,0.44297491700000002,No,No,NA,354,Alter et al. 2024,dong sun,aurelia coerulea,settlement,tph,46.047965,62.840683,25.54,39,4,4,NA,NA,NA,NA,NA,NA,NA,NA,NA,NA,NA,NA,NA,NA,NA,NA,NA,NA,NA,NA,not_matched_in_alter_sheet,NA,NA
Alter et al. 2024,1987_AltersInvert,123,NA,NA,Yes,NA,"Ericson JA, Ho MA, Miskelly A, King CK, Virtue P, Tilbrook B, Byrne M",NA,2012,NA,NA,NA,NA,Marine,NA,Zooplankton,Meroplankton,Echinoderm,Sterechinus neumayeri,NA,NA,pH,NA,NA,NA,8,8,NA,450,-0.5,1370,-0.3,920,0.2,NA,NA,NA,123_Sterechinus_neumayeri_EMBRYO_CO2450.00_pH8.03_T-0.5,3.1367205669999998,-0.5,Normal,Survival,NA,NA,NA,99.28,0.509116882,96.01,3.592102448,NA,TRUE,TRUE,-3.3491788000000002E-2,1.78262E-4,NA,NA,-1.274662497,0.945454545,-1.2051354510000001,No,No,NA,355,Alter et al. 2024,ericson ja ho ma miskelly a king ck virtue p tilbrook b byrne m,sterechinus neumayeri,normal,ph,99.28,96.01,0.509117,3.592102,8,8,NA,NA,NA,NA,NA,NA,NA,NA,NA,NA,NA,NA,NA,NA,NA,NA,NA,NA,NA,NA,not_matched_in_alter_sheet,NA,NA
Alter et al. 2024,1991_AltersInvert,123,NA,NA,Yes,NA,"Ericson JA, Ho MA, Miskelly A, King CK, Virtue P, Tilbrook B, Byrne M",NA,2012,NA,NA,NA,NA,Marine,NA,Zooplankton,Meroplankton,Echinoderm,Sterechinus neumayeri,NA,NA,pH,NA,NA,NA,10,10,NA,450,-0.5,1370,-0.3,920,0.2,NA,NA,NA,123_Sterechinus_neumayeri_EMBRYO_CO2450.00_pH8.03_T-0.5,3.1367205669999998,-0.5,Fertilization,Reproduction,NA,NA,NA,96.99,2.972541001,95.86,4.174206511,NA,TRUE,TRUE,-1.1719087E-2,2.8354500000000001E-4,NA,NA,-0.311850238,0.957746479,-0.298673468,No,No,NA,356,Alter et al. 2024,ericson ja ho ma miskelly a king ck virtue p tilbrook b byrne m,sterechinus neumayeri,fertilization,ph,96.99,95.86,2.972541,4.174207,10,10,NA,NA,NA,NA,NA,NA,NA,NA,NA,NA,NA,NA,NA,NA,NA,NA,NA,NA,NA,NA,not_matched_in_alter_sheet,NA,NA
Alter et al. 2024,1993_AltersInvert,123,NA,NA,Yes,NA,"Ericson JA, Ho MA, Miskelly A, King CK, Virtue P, Tilbrook B, Byrne M",NA,2014,NA,NA,NA,NA,Marine,NA,Zooplankton,Meroplankton,Echinoderm,Sterechinus neumayeri,NA,NA,pH,NA,NA,NA,8,8,NA,450,-0.5,850,-0.5,400,0,NA,NA,NA,123_Sterechinus_neumayeri_EMBRYO_CO2450.00_pH8.03_T-0.5,2.9294189259999999,-0.5,Normal,Development,NA,NA,NA,99.28,0.509116882,98.55,0.509116882,NA,TRUE,TRUE,-7.3801070000000003E-3,6.6200000000000001E-6,NA,NA,-1.433855417,0.945454545,-1.3556451220000001,No,No,NA,357,Alter et al. 2024,ericson ja ho ma miskelly a king ck virtue p tilbrook b byrne m,sterechinus neumayeri,normal,ph,99.28,98.55,0.509117,0.509117,8,8,NA,NA,NA,NA,NA,NA,NA,NA,NA,NA,NA,NA,NA,NA,NA,NA,NA,NA,NA,NA,not_matched_in_alter_sheet,NA,NA
Alter et al. 2024,2004_AltersInvert,123,NA,NA,Yes,NA,"Ericson JA, Ho MA, Miskelly A, King CK, Virtue P, Tilbrook B, Byrne M",NA,2014,NA,NA,NA,NA,Marine,NA,Zooplankton,Meroplankton,Echinoderm,Sterechinus neumayeri,NA,NA,pH,NA,NA,NA,10,10,NA,450,-0.5,850,-0.5,400,0,NA,NA,NA,123_Sterechinus_neumayeri_EMBRYO_CO2450.00_pH8.03_T-0.5,2.9294189259999999,-0.5,Fertilization,Reproduction,NA,NA,NA,96.99,2.972541001,96.99,1.201665511,NA,FALSE,TRUE,0,1.0928E-4,NA,NA,0,0.957746479,0,No,No,NA,358,Alter et al. 2024,ericson ja ho ma miskelly a king ck virtue p tilbrook b byrne m,sterechinus neumayeri,fertilization,ph,96.99,96.99,2.972541,1.201666,10,10,NA,NA,NA,NA,NA,NA,NA,NA,NA,NA,NA,NA,NA,NA,NA,NA,NA,NA,NA,NA,not_matched_in_alter_sheet,NA,NA
Alter et al. 2024,1990_AltersInvert,123,NA,NA,Yes,NA,"Ericson JA, Ho MA, Miskelly A, King CK, Virtue P, Tilbrook B, Byrne M",NA,2012,NA,NA,NA,NA,Marine,NA,Zooplankton,Meroplankton,Echinoderm,Sterechinus neumayeri,NA,NA,T,NA,NA,NA,8,8,NA,450,-0.5,450,0.9,0,1.4,NA,NA,NA,123_Sterechinus_neumayeri_EMBRYO_CO2450.00_pH8.03_T-0.5,2.6532125139999998,-0.5,Normal,Development,NA,NA,NA,99.28,0.509116882,97.64,2.573868684,NA,TRUE,TRUE,-1.6656895000000001E-2,9.0099999999999995E-5,NA,NA,-0.88397180900000005,0.945454545,-0.83575516500000002,No,No,NA,359,Alter et al. 2024,ericson ja ho ma miskelly a king ck virtue p tilbrook b byrne m,sterechinus neumayeri,normal,t,99.28,97.64,0.509117,2.573869,8,8,NA,NA,NA,NA,NA,NA,NA,NA,NA,NA,NA,NA,NA,NA,NA,NA,NA,NA,NA,NA,not_matched_in_alter_sheet,NA,NA
Alter et al. 2024,2029_AltersInvert,123,NA,NA,Yes,NA,"Ericson JA, Ho MA, Miskelly A, King CK, Virtue P, Tilbrook B, Byrne M",NA,2014,NA,NA,NA,NA,Marine,NA,Zooplankton,Meroplankton,Echinoderm,Sterechinus neumayeri,NA,NA,T,NA,NA,NA,10,10,NA,450,-0.5,450,0.9,0,1.4,NA,NA,NA,123_Sterechinus_neumayeri_EMBRYO_CO2450.00_pH8.03_T-0.5,2.6532125139999998,-0.5,Fertilization,Reproduction,NA,NA,NA,96.99,2.972541001,98.87,1.201665511,NA,TRUE,TRUE,1.9197975999999999E-2,1.08701E-4,NA,NA,0.82923245199999995,0.957746479,0.79419446100000002,No,No,NA,360,Alter et al. 2024,ericson ja ho ma miskelly a king ck virtue p tilbrook b byrne m,sterechinus neumayeri,fertilization,t,96.99,98.87,2.972541,1.201666,10,10,NA,NA,NA,NA,NA,NA,NA,NA,NA,NA,NA,NA,NA,NA,NA,NA,NA,NA,NA,NA,not_matched_in_alter_sheet,NA,NA
Alter et al. 2024,1986_AltersInvert,123,NA,NA,Yes,NA,"Ericson JA, Ho MA, Miskelly A, King CK, Virtue P, Tilbrook B, Byrne M",NA,2012,NA,NA,NA,NA,Marine,NA,Zooplankton,Meroplankton,Echinoderm,Sterechinus neumayeri,NA,NA,T,NA,NA,NA,8,8,NA,450,-0.5,450,2.9,0,3.4,NA,NA,NA,123_Sterechinus_neumayeri_EMBRYO_CO2450.00_pH8.03_T-0.5,2.6532125139999998,-0.5,Normal,Reproduction,NA,NA,NA,99.28,0.509116882,88.95,9.220672427,NA,FALSE,TRUE,-0.109869727,1.3464950000000001E-3,NA,NA,-1.581946251,0.945454545,-1.4956582730000001,No,No,NA,361,Alter et al. 2024,ericson ja ho ma miskelly a king ck virtue p tilbrook b byrne m,sterechinus neumayeri,normal,t,99.28,88.95,0.509117,9.220672,8,8,NA,NA,NA,NA,NA,NA,NA,NA,NA,NA,NA,NA,NA,NA,NA,NA,NA,NA,NA,NA,not_matched_in_alter_sheet,NA,NA
Alter et al. 2024,2005_AltersInvert,123,NA,NA,Yes,NA,"Ericson JA, Ho MA, Miskelly A, King CK, Virtue P, Tilbrook B, Byrne M",NA,2014,NA,NA,NA,NA,Marine,NA,Zooplankton,Meroplankton,Echinoderm,Sterechinus neumayeri,NA,NA,T,NA,NA,NA,10,10,NA,450,-0.5,450,2.9,0,3.4,NA,NA,NA,123_Sterechinus_neumayeri_EMBRYO_CO2450.00_pH8.03_T-0.5,2.6532125139999998,-0.5,Fertilization,Reproduction,NA,NA,NA,96.99,2.972541001,96.99,2.972541001,NA,FALSE,TRUE,0,1.8785899999999999E-4,NA,NA,0,0.957746479,0,No,No,NA,362,Alter et al. 2024,ericson ja ho ma miskelly a king ck virtue p tilbrook b byrne m,sterechinus neumayeri,fertilization,t,96.99,96.99,2.972541,2.972541,10,10,NA,NA,NA,NA,NA,NA,NA,NA,NA,NA,NA,NA,NA,NA,NA,NA,NA,NA,NA,NA,not_matched_in_alter_sheet,NA,NA
Alter et al. 2024,1982_AltersInvert,123,NA,NA,Yes,NA,"Ericson JA, Ho MA, Miskelly A, King CK, Virtue P, Tilbrook B, Byrne M",NA,2012,NA,NA,NA,NA,Marine,NA,Zooplankton,Meroplankton,Echinoderm,Sterechinus neumayeri,NA,NA,TpH,NA,NA,NA,8,8,NA,450,-0.5,1370,3.4,920,3.9,NA,NA,NA,123_Sterechinus_neumayeri_EMBRYO_CO2450.00_pH8.03_T-0.5,3.1367205669999998,-0.5,Normal,Reproduction,NA,NA,NA,99.28,0.509116882,87.86,6.675088014,NA,FALSE,TRUE,-0.122199502,7.2479599999999999E-4,NA,NA,-2.4124846350000002,0.945454545,-2.280894564,No,No,NA,363,Alter et al. 2024,ericson ja ho ma miskelly a king ck virtue p tilbrook b byrne m,sterechinus neumayeri,normal,tph,99.28,87.86,0.509117,6.675088,8,8,NA,NA,NA,NA,NA,NA,NA,NA,NA,NA,NA,NA,NA,NA,NA,NA,NA,NA,NA,NA,not_matched_in_alter_sheet,NA,NA
Alter et al. 2024,1983_AltersInvert,123,NA,NA,Yes,NA,"Ericson JA, Ho MA, Miskelly A, King CK, Virtue P, Tilbrook B, Byrne M",NA,2012,NA,NA,NA,NA,Marine,NA,Zooplankton,Meroplankton,Echinoderm,Sterechinus neumayeri,NA,NA,TpH,NA,NA,NA,8,8,NA,450,-0.5,850,3,400,3.5,NA,NA,NA,123_Sterechinus_neumayeri_EMBRYO_CO2450.00_pH8.03_T-0.5,2.9294189259999999,-0.5,Normal,Reproduction,NA,NA,NA,99.28,0.509116882,88.41,6.675088014,NA,FALSE,TRUE,-0.11595905500000001,7.1584700000000003E-4,NA,NA,-2.2962966709999999,0.945454545,-2.1710441249999999,No,No,NA,364,Alter et al. 2024,ericson ja ho ma miskelly a king ck virtue p tilbrook b byrne m,sterechinus neumayeri,normal,tph,99.28,88.41,0.509117,6.675088,8,8,NA,NA,NA,NA,NA,NA,NA,NA,NA,NA,NA,NA,NA,NA,NA,NA,NA,NA,NA,NA,not_matched_in_alter_sheet,NA,NA
Alter et al. 2024,1984_AltersInvert,123,NA,NA,Yes,NA,"Ericson JA, Ho MA, Miskelly A, King CK, Virtue P, Tilbrook B, Byrne M",NA,2012,NA,NA,NA,NA,Marine,NA,Zooplankton,Meroplankton,Echinoderm,Sterechinus neumayeri,NA,NA,TpH,NA,NA,NA,10,10,NA,450,-0.5,1370,1.8,920,2.3,NA,NA,NA,123_Sterechinus_neumayeri_EMBRYO_CO2450.00_pH8.03_T-0.5,3.1367205669999998,-0.5,Fertilization,Survival,NA,NA,NA,96.99,2.972541001,86.65,7.715957491,NA,FALSE,TRUE,-0.112730864,8.8687300000000004E-4,NA,NA,-1.768464697,0.957746479,-1.693740837,No,No,NA,365,Alter et al. 2024,ericson ja ho ma miskelly a king ck virtue p tilbrook b byrne m,sterechinus neumayeri,fertilization,tph,96.99,86.65,2.972541,7.715957,10,10,NA,NA,NA,NA,NA,NA,NA,NA,NA,NA,NA,NA,NA,NA,NA,NA,NA,NA,NA,NA,not_matched_in_alter_sheet,NA,NA
Alter et al. 2024,1985_AltersInvert,123,NA,NA,Yes,NA,"Ericson JA, Ho MA, Miskelly A, King CK, Virtue P, Tilbrook B, Byrne M",NA,2012,NA,NA,NA,NA,Marine,NA,Zooplankton,Meroplankton,Echinoderm,Sterechinus neumayeri,NA,NA,TpH,NA,NA,NA,10,10,NA,450,-0.5,1370,3.4,920,3.9,NA,NA,NA,123_Sterechinus_neumayeri_EMBRYO_CO2450.00_pH8.03_T-0.5,3.1367205669999998,-0.5,Fertilization,Survival,NA,NA,NA,96.99,2.972541001,86.65,7.715957491,NA,FALSE,TRUE,-0.112730864,8.8687300000000004E-4,NA,NA,-1.768464697,0.957746479,-1.693740837,No,No,NA,366,Alter et al. 2024,ericson ja ho ma miskelly a king ck virtue p tilbrook b byrne m,sterechinus neumayeri,fertilization,tph,96.99,86.65,2.972541,7.715957,10,10,NA,NA,NA,NA,NA,NA,NA,NA,NA,NA,NA,NA,NA,NA,NA,NA,NA,NA,NA,NA,not_matched_in_alter_sheet,NA,NA
Alter et al. 2024,1988_AltersInvert,123,NA,NA,Yes,NA,"Ericson JA, Ho MA, Miskelly A, King CK, Virtue P, Tilbrook B, Byrne M",NA,2012,NA,NA,NA,NA,Marine,NA,Zooplankton,Meroplankton,Echinoderm,Sterechinus neumayeri,NA,NA,TpH,NA,NA,NA,8,8,NA,450,-0.5,1370,1.8,920,2.3,NA,NA,NA,123_Sterechinus_neumayeri_EMBRYO_CO2450.00_pH8.03_T-0.5,3.1367205669999998,-0.5,Normal,Reproduction,NA,NA,NA,99.28,0.509116882,97.28,3.592102448,NA,FALSE,TRUE,-2.0350723000000001E-2,1.73723E-4,NA,NA,-0.77961009000000003,0.945454545,-0.73708590299999999,No,No,NA,367,Alter et al. 2024,ericson ja ho ma miskelly a king ck virtue p tilbrook b byrne m,sterechinus neumayeri,normal,tph,99.28,97.28,0.509117,3.592102,8,8,NA,NA,NA,NA,NA,NA,NA,NA,NA,NA,NA,NA,NA,NA,NA,NA,NA,NA,NA,NA,not_matched_in_alter_sheet,NA,NA
Alter et al. 2024,1989_AltersInvert,123,NA,NA,Yes,NA,"Ericson JA, Ho MA, Miskelly A, King CK, Virtue P, Tilbrook B, Byrne M",NA,2012,NA,NA,NA,NA,Marine,NA,Zooplankton,Meroplankton,Echinoderm,Sterechinus neumayeri,NA,NA,TpH,NA,NA,NA,10,10,NA,450,-0.5,850,3,400,3.5,NA,NA,NA,123_Sterechinus_neumayeri_EMBRYO_CO2450.00_pH8.03_T-0.5,2.9294189259999999,-0.5,Fertilization,Reproduction,NA,NA,NA,96.99,2.972541001,95.11,4.74341649,NA,FALSE,TRUE,-1.9573764E-2,3.4266100000000002E-4,NA,NA,-0.47495347300000001,0.957746479,-0.454885017,No,No,NA,368,Alter et al. 2024,ericson ja ho ma miskelly a king ck virtue p tilbrook b byrne m,sterechinus neumayeri,fertilization,tph,96.99,95.11,2.972541,4.743416,10,10,NA,NA,NA,NA,NA,NA,NA,NA,NA,NA,NA,NA,NA,NA,NA,NA,NA,NA,NA,NA,not_matched_in_alter_sheet,NA,NA
Alter et al. 2024,1992_AltersInvert,123,NA,NA,Yes,NA,"Ericson JA, Ho MA, Miskelly A, King CK, Virtue P, Tilbrook B, Byrne M",NA,2012,NA,NA,NA,NA,Marine,NA,Zooplankton,Meroplankton,Echinoderm,Sterechinus neumayeri,NA,NA,TpH,NA,NA,NA,8,8,NA,450,-0.5,850,1.6,400,2.1,NA,NA,NA,123_Sterechinus_neumayeri_EMBRYO_CO2450.00_pH8.03_T-0.5,2.9294189259999999,-0.5,Normal,Development,NA,NA,NA,99.28,0.509116882,98.37,2.573868684,NA,TRUE,TRUE,-9.2082610000000006E-3,8.8900000000000006E-5,NA,NA,-0.490496553,0.945454545,-0.46374219500000002,No,No,NA,369,Alter et al. 2024,ericson ja ho ma miskelly a king ck virtue p tilbrook b byrne m,sterechinus neumayeri,normal,tph,99.28,98.37,0.509117,2.573869,8,8,NA,NA,NA,NA,NA,NA,NA,NA,NA,NA,NA,NA,NA,NA,NA,NA,NA,NA,NA,NA,not_matched_in_alter_sheet,NA,NA
Alter et al. 2024,2006_AltersInvert,123,NA,NA,Yes,NA,"Ericson JA, Ho MA, Miskelly A, King CK, Virtue P, Tilbrook B, Byrne M",NA,2014,NA,NA,NA,NA,Marine,NA,Zooplankton,Meroplankton,Echinoderm,Sterechinus neumayeri,NA,NA,TpH,NA,NA,NA,10,10,NA,450,-0.5,850,1.6,400,2.1,NA,NA,NA,123_Sterechinus_neumayeri_EMBRYO_CO2450.00_pH8.03_T-0.5,2.9294189259999999,-0.5,Fertilization,Reproduction,NA,NA,NA,96.99,2.972541001,97.56,1.201665511,NA,TRUE,TRUE,5.859693E-3,1.09101E-4,NA,NA,0.25141622200000002,0.957746479,0.24079300100000001,No,No,NA,370,Alter et al. 2024,ericson ja ho ma miskelly a king ck virtue p tilbrook b byrne m,sterechinus neumayeri,fertilization,tph,96.99,97.56,2.972541,1.201666,10,10,NA,NA,NA,NA,NA,NA,NA,NA,NA,NA,NA,NA,NA,NA,NA,NA,NA,NA,NA,NA,not_matched_in_alter_sheet,NA,NA
Alter et al. 2024,715_AltersInvert,67,NA,NA,Yes,NA,"Findlay HS, Kendall MA, Spicer JI, Widdicombe S",NA,2009,NA,NA,NA,NA,Marine,NA,Zooplankton,Meroplankton,Arthropoda,Semibalanus balanoides,NA,NA,pH,NA,NA,NA,5,5,NA,409,14.4,1132,14.7,723,0.29999999999999893,NA,NA,NA,67_Semibalanus_balanoides_LARVA_CO2409.00_pH8.05_T14.4,3.0538464269999999,14.4,growth rate,Growth,NA,NA,NA,14.35,8.429976275,2.94,1.94537914,NA,TRUE,FALSE,-1.5853403610000001,0.15658830700000001,NA,NA,-1.865123702,0.903225806,-1.6846278589999999,No,No,NA,371,Alter et al. 2024,findlay hs kendall ma spicer ji widdicombe s,semibalanus balanoides,growth rate,ph,14.35,2.94,8.429976,1.945379,5,5,NA,NA,NA,NA,NA,NA,NA,NA,NA,NA,NA,NA,NA,NA,NA,NA,NA,NA,NA,NA,not_matched_in_alter_sheet,NA,NA
Alter et al. 2024,721_AltersInvert,67,NA,NA,Yes,NA,"Findlay HS, Kendall MA, Spicer JI, Widdicombe S",NA,2009,NA,NA,NA,NA,Marine,NA,Zooplankton,Meroplankton,Arthropoda,Semibalanus balanoides,NA,NA,pH,NA,NA,NA,5,5,NA,409,14.4,1132,14.7,723,0.29999999999999893,NA,NA,NA,67_Semibalanus_balanoides_LARVA_CO2409.00_pH8.05_T14.4,3.0538464269999999,14.4,Calcification rate,Physiology,NA,NA,NA,0.03,0,0.02,0,NA,FALSE,TRUE,-0.40546510800000002,0,NA,NA,NA,0.903225806,NA,NA,NA,NA,372,Alter et al. 2024,findlay hs kendall ma spicer ji widdicombe s,semibalanus balanoides,calcification rate,ph,0.03,0.02,0,0,5,5,NA,NA,NA,NA,NA,NA,NA,NA,NA,NA,NA,NA,NA,NA,NA,NA,NA,NA,NA,NA,not_matched_in_alter_sheet,NA,NA
Alter et al. 2024,722_AltersInvert,67,NA,NA,Yes,NA,"Findlay HS, Kendall MA, Spicer JI, Widdicombe S",NA,2014,NA,NA,NA,NA,Marine,NA,Zooplankton,Meroplankton,Arthropoda,Elminius modestus,NA,NA,pH,NA,NA,NA,5,5,NA,413,14.7,1076,15,663,0.3000000000000007,NA,NA,NA,67_Elminius_modestus_LARVA_CO2413.00_pH7.96_T14.7,3.0318122710000002,14.7,growth rate,Growth,NA,NA,NA,6.14,1.609968944,4.92,1.073312629,NA,FALSE,TRUE,-0.22151621199999999,2.3268952999999998E-2,NA,NA,-0.89167565299999996,0.903225806,-0.80538446100000005,No,No,NA,373,Alter et al. 2024,findlay hs kendall ma spicer ji widdicombe s,elminius modestus,growth rate,ph,6.14,4.92,1.609969,1.073313,5,5,NA,NA,NA,NA,NA,NA,NA,NA,NA,NA,NA,NA,NA,NA,NA,NA,NA,NA,NA,NA,not_matched_in_alter_sheet,NA,NA
Alter et al. 2024,723_AltersInvert,67,NA,NA,Yes,NA,"Findlay HS, Kendall MA, Spicer JI, Widdicombe S",NA,2014,NA,NA,NA,NA,Marine,NA,Zooplankton,Meroplankton,Arthropoda,Elminius modestus,NA,NA,pH,NA,NA,NA,5,5,NA,413,14.7,1076,15,663,0.3000000000000007,NA,NA,NA,67_Elminius_modestus_LARVA_CO2413.00_pH7.96_T14.7,3.0318122710000002,14.7,Calcification rate,Physiology,NA,NA,NA,0.03,0,0.03,0,NA,TRUE,TRUE,0,0,NA,NA,NA,0.903225806,NA,NA,NA,NA,374,Alter et al. 2024,findlay hs kendall ma spicer ji widdicombe s,elminius modestus,calcification rate,ph,0.03,0.03,0,0,5,5,NA,NA,NA,NA,NA,NA,NA,NA,NA,NA,NA,NA,NA,NA,NA,NA,NA,NA,NA,NA,not_matched_in_alter_sheet,NA,NA
Alter et al. 2024,725_AltersInvert,67,NA,NA,Yes,NA,"Findlay HS, Kendall MA, Spicer JI, Widdicombe S",NA,2014,NA,NA,NA,NA,Marine,NA,Zooplankton,Meroplankton,Arthropoda,Elminius modestus,NA,NA,T,NA,NA,NA,5,5,NA,413,14.7,412,19.7,-1,5,NA,NA,NA,67_Elminius_modestus_LARVA_CO2413.00_pH7.96_T14.7,2.6148972160000001,14.7,growth rate,Growth,NA,NA,NA,6.14,1.609968944,6.68,1.00623059,NA,TRUE,TRUE,8.4293245000000003E-2,1.8288888999999999E-2,NA,NA,0.402240914,0.903225806,0.363314374,No,No,NA,375,Alter et al. 2024,findlay hs kendall ma spicer ji widdicombe s,elminius modestus,growth rate,t,6.14,6.68,1.609969,1.006231,5,5,NA,NA,NA,NA,NA,NA,NA,NA,NA,NA,NA,NA,NA,NA,NA,NA,NA,NA,NA,NA,not_matched_in_alter_sheet,NA,NA
Alter et al. 2024,726_AltersInvert,67,NA,NA,Yes,NA,"Findlay HS, Kendall MA, Spicer JI, Widdicombe S",NA,2014,NA,NA,NA,NA,Marine,NA,Zooplankton,Meroplankton,Arthropoda,Elminius modestus,NA,NA,T,NA,NA,NA,5,5,NA,413,14.7,412,19.7,-1,5,NA,NA,NA,67_Elminius_modestus_LARVA_CO2413.00_pH7.96_T14.7,2.6148972160000001,14.7,Calcification rate,Physiology,NA,NA,NA,0.03,0,0.04,0,NA,FALSE,TRUE,0.28768207200000001,0,NA,NA,NA,0.903225806,NA,NA,NA,NA,376,Alter et al. 2024,findlay hs kendall ma spicer ji widdicombe s,elminius modestus,calcification rate,t,0.03,0.04,0,0,5,5,NA,NA,NA,NA,NA,NA,NA,NA,NA,NA,NA,NA,NA,NA,NA,NA,NA,NA,NA,NA,not_matched_in_alter_sheet,NA,NA
Alter et al. 2024,716_AltersInvert,67,NA,NA,Yes,NA,"Findlay HS, Kendall MA, Spicer JI, Widdicombe S",NA,2009,NA,NA,NA,NA,Marine,NA,Zooplankton,Meroplankton,Arthropoda,Semibalanus balanoides,NA,NA,T,NA,NA,NA,5,5,NA,409,14.4,423,19.8,14,5.4,NA,NA,NA,67_Semibalanus_balanoides_LARVA_CO2409.00_pH8.05_T14.4,2.6263403670000001,14.4,growth rate,Growth,NA,NA,NA,14.35,8.429976275,4.39,5.500727225,NA,TRUE,FALSE,-1.1844207149999999,0.38302895999999997,NA,NA,-1.399334004,0.903225806,-1.263914585,No,No,NA,377,Alter et al. 2024,findlay hs kendall ma spicer ji widdicombe s,semibalanus balanoides,growth rate,t,14.35,4.39,8.429976,5.500727,5,5,NA,NA,NA,NA,NA,NA,NA,NA,NA,NA,NA,NA,NA,NA,NA,NA,NA,NA,NA,NA,not_matched_in_alter_sheet,NA,NA
Alter et al. 2024,720_AltersInvert,67,NA,NA,Yes,NA,"Findlay HS, Kendall MA, Spicer JI, Widdicombe S",NA,2009,NA,NA,NA,NA,Marine,NA,Zooplankton,Meroplankton,Arthropoda,Semibalanus balanoides,NA,NA,T,NA,NA,NA,5,5,NA,409,14.4,423,19.8,14,5.4,NA,NA,NA,67_Semibalanus_balanoides_LARVA_CO2409.00_pH8.05_T14.4,2.6263403670000001,14.4,Calcification rate,Physiology,NA,NA,NA,0.03,0,0.02,0,NA,FALSE,TRUE,-0.40546510800000002,0,NA,NA,NA,0.903225806,NA,NA,NA,NA,378,Alter et al. 2024,findlay hs kendall ma spicer ji widdicombe s,semibalanus balanoides,calcification rate,t,0.03,0.02,0,0,5,5,NA,NA,NA,NA,NA,NA,NA,NA,NA,NA,NA,NA,NA,NA,NA,NA,NA,NA,NA,NA,not_matched_in_alter_sheet,NA,NA
Alter et al. 2024,717_AltersInvert,67,NA,NA,Yes,NA,"Findlay HS, Kendall MA, Spicer JI, Widdicombe S",NA,2009,NA,NA,NA,NA,Marine,NA,Zooplankton,Meroplankton,Arthropoda,Semibalanus balanoides,NA,NA,TpH,NA,NA,NA,5,5,NA,409,14.4,1109,19.7,700,5.299999999999999,NA,NA,NA,67_Semibalanus_balanoides_LARVA_CO2409.00_pH8.05_T14.4,3.0449315459999999,14.4,growth rate,Growth,NA,NA,NA,14.35,8.429976275,6.23,2.839806331,NA,FALSE,FALSE,-0.83437360900000002,0.11057639800000001,NA,NA,-1.2909314709999999,0.903225806,-1.1660026189999999,No,No,NA,379,Alter et al. 2024,findlay hs kendall ma spicer ji widdicombe s,semibalanus balanoides,growth rate,tph,14.35,6.23,8.429976,2.839806,5,5,NA,NA,NA,NA,NA,NA,NA,NA,NA,NA,NA,NA,NA,NA,NA,NA,NA,NA,NA,NA,not_matched_in_alter_sheet,NA,NA
Alter et al. 2024,718_AltersInvert,67,NA,NA,Yes,NA,"Findlay HS, Kendall MA, Spicer JI, Widdicombe S",NA,2009,NA,NA,NA,NA,Marine,NA,Zooplankton,Meroplankton,Arthropoda,Elminius modestus,NA,NA,TpH,NA,NA,NA,5,5,NA,413,14.7,1075,20,662,5.300000000000001,NA,NA,NA,67_Elminius_modestus_LARVA_CO2413.00_pH7.96_T14.7,3.0314084640000001,14.7,growth rate,Growth,NA,NA,NA,6.14,1.609968944,3.64,0.402492236,NA,FALSE,TRUE,-0.52284106100000005,1.6196166000000001E-2,NA,NA,-2.1304583020000001,0.903225806,-1.9242849179999999,No,No,NA,380,Alter et al. 2024,findlay hs kendall ma spicer ji widdicombe s,elminius modestus,growth rate,tph,6.14,3.64,1.609969,0.402492,5,5,NA,NA,NA,NA,NA,NA,NA,NA,NA,NA,NA,NA,NA,NA,NA,NA,NA,NA,NA,NA,not_matched_in_alter_sheet,NA,NA
Alter et al. 2024,719_AltersInvert,67,NA,NA,Yes,NA,"Findlay HS, Kendall MA, Spicer JI, Widdicombe S",NA,2009,NA,NA,NA,NA,Marine,NA,Zooplankton,Meroplankton,Arthropoda,Semibalanus balanoides,NA,NA,TpH,NA,NA,NA,5,5,NA,409,14.4,1109,19.7,700,5.299999999999999,NA,NA,NA,67_Semibalanus_balanoides_LARVA_CO2409.00_pH8.05_T14.4,3.0449315459999999,14.4,Calcification rate,Physiology,NA,NA,NA,0.03,0,0.02,0,NA,FALSE,TRUE,-0.40546510800000002,0,NA,NA,NA,0.903225806,NA,NA,NA,NA,381,Alter et al. 2024,findlay hs kendall ma spicer ji widdicombe s,semibalanus balanoides,calcification rate,tph,0.03,0.02,0,0,5,5,NA,NA,NA,NA,NA,NA,NA,NA,NA,NA,NA,NA,NA,NA,NA,NA,NA,NA,NA,NA,not_matched_in_alter_sheet,NA,NA
Alter et al. 2024,724_AltersInvert,67,NA,NA,Yes,NA,"Findlay HS, Kendall MA, Spicer JI, Widdicombe S",NA,2014,NA,NA,NA,NA,Marine,NA,Zooplankton,Meroplankton,Arthropoda,Elminius modestus,NA,NA,TpH,NA,NA,NA,5,5,NA,413,14.7,1075,20,662,5.300000000000001,NA,NA,NA,67_Elminius_modestus_LARVA_CO2413.00_pH7.96_T14.7,3.0314084640000001,14.7,Calcification rate,Physiology,NA,NA,NA,0.03,0,0.03,0,NA,TRUE,TRUE,0,0,NA,NA,NA,0.903225806,NA,NA,NA,NA,382,Alter et al. 2024,findlay hs kendall ma spicer ji widdicombe s,elminius modestus,calcification rate,tph,0.03,0.03,0,0,5,5,NA,NA,NA,NA,NA,NA,NA,NA,NA,NA,NA,NA,NA,NA,NA,NA,NA,NA,NA,NA,not_matched_in_alter_sheet,NA,NA
Alter et al. 2024,337_AltersInvert,21,NA,NA,Yes,NA,"Fonseca JG, Laranjeiro F, Freitas DB, Oliveira IB, Rocha RJM, Machado J, Hinzmann M, Barroso CM, Galante-Oliveira S",NA,2015,NA,NA,NA,NA,Marine,NA,Zooplankton,Meroplankton,Mollusca,Tritia reticulata,NA,NA,pH,NA,NA,NA,24,24,NA,533,18.9,1511,18.8,978,-0.09999999999999787,NA,NA,NA,21_Tritia_reticulata_LARVA_CO2533.00_pH8.10_T18.9,3.1792644640000001,18.9,Activity,Behaviour,NA,NA,NA,26.1,6.368673331,30.8,4.898979486,NA,FALSE,TRUE,0.165579376,3.5350199999999998E-3,NA,NA,0.82723917899999999,0.983606557,0.81367788100000005,No,No,NA,387,Alter et al. 2024,fonseca jg laranjeiro f freitas db oliveira ib rocha rjm machado j hinzmann m barroso cm galante oliveira s,tritia reticulata,activity,ph,26.1,30.8,6.368673,4.898979,24,24,NA,NA,NA,NA,NA,NA,NA,NA,NA,NA,NA,NA,NA,NA,NA,NA,NA,NA,NA,NA,not_matched_in_alter_sheet,NA,NA
Alter et al. 2024,340_AltersInvert,21,NA,NA,Yes,NA,"Fonseca JG, Laranjeiro F, Freitas DB, Oliveira IB, Rocha RJM, Machado J, Hinzmann M, Barroso CM, Galante-Oliveira S",NA,2015,NA,NA,NA,NA,Marine,NA,Zooplankton,Meroplankton,Mollusca,Tritia reticulata,NA,NA,T,NA,NA,NA,24,24,NA,533,18.9,560,21,27,2.1000000000000014,NA,NA,NA,21_Tritia_reticulata_LARVA_CO2533.00_pH8.10_T18.9,2.7481880269999999,18.9,Activity,Behaviour,NA,NA,NA,26.1,6.368673331,42.4,4.898979486,NA,FALSE,TRUE,0.48521304799999998,3.0371270000000001E-3,NA,NA,2.8689358760000001,0.983606557,2.82190414,No,No,NA,388,Alter et al. 2024,fonseca jg laranjeiro f freitas db oliveira ib rocha rjm machado j hinzmann m barroso cm galante oliveira s,tritia reticulata,activity,t,26.1,42.4,6.368673,4.898979,24,24,NA,NA,NA,NA,NA,NA,NA,NA,NA,NA,NA,NA,NA,NA,NA,NA,NA,NA,NA,NA,not_matched_in_alter_sheet,NA,NA
Alter et al. 2024,339_AltersInvert,21,NA,NA,Yes,NA,"Fonseca JG, Laranjeiro F, Freitas DB, Oliveira IB, Rocha RJM, Machado J, Hinzmann M, Barroso CM, Galante-Oliveira S",NA,2015,NA,NA,NA,NA,Marine,NA,Zooplankton,Meroplankton,Mollusca,Tritia reticulata,NA,NA,T,NA,NA,NA,24,24,NA,533,18.9,541,21.7,8,2.8000000000000007,NA,NA,NA,21_Tritia_reticulata_LARVA_CO2533.00_pH8.10_T18.9,2.7331972649999998,18.9,Activity,Behaviour,NA,NA,NA,26.1,6.368673331,40.7,4.898979486,NA,FALSE,TRUE,0.444292778,3.084566E-3,NA,NA,2.5697217050000001,0.983606557,2.52759512,No,No,NA,389,Alter et al. 2024,fonseca jg laranjeiro f freitas db oliveira ib rocha rjm machado j hinzmann m barroso cm galante oliveira s,tritia reticulata,activity,t,26.1,40.7,6.368673,4.898979,24,24,NA,NA,NA,NA,NA,NA,NA,NA,NA,NA,NA,NA,NA,NA,NA,NA,NA,NA,NA,NA,not_matched_in_alter_sheet,NA,NA
Alter et al. 2024,336_AltersInvert,21,NA,NA,Yes,NA,"Fonseca JG, Laranjeiro F, Freitas DB, Oliveira IB, Rocha RJM, Machado J, Hinzmann M, Barroso CM, Galante-Oliveira S",NA,2015,NA,NA,NA,NA,Marine,NA,Zooplankton,Meroplankton,Mollusca,Tritia reticulata,NA,NA,TpH,NA,NA,NA,24,24,NA,533,18.9,1574,20.9,1041,2,NA,NA,NA,21_Tritia_reticulata_LARVA_CO2533.00_pH8.10_T18.9,3.197004728,18.9,Activity,Behaviour,NA,NA,NA,26.1,6.368673331,27.8,8.328265125,NA,TRUE,TRUE,6.3100706000000006E-2,6.2203340000000001E-3,NA,NA,0.229311354,0.983606557,0.22555215200000001,No,No,NA,390,Alter et al. 2024,fonseca jg laranjeiro f freitas db oliveira ib rocha rjm machado j hinzmann m barroso cm galante oliveira s,tritia reticulata,activity,tph,26.1,27.8,6.368673,8.328265,24,24,NA,NA,NA,NA,NA,NA,NA,NA,NA,NA,NA,NA,NA,NA,NA,NA,NA,NA,NA,NA,not_matched_in_alter_sheet,NA,NA
Alter et al. 2024,338_AltersInvert,21,NA,NA,Yes,NA,"Fonseca JG, Laranjeiro F, Freitas DB, Oliveira IB, Rocha RJM, Machado J, Hinzmann M, Barroso CM, Galante-Oliveira S",NA,2015,NA,NA,NA,NA,Marine,NA,Zooplankton,Meroplankton,Mollusca,Tritia reticulata,NA,NA,TpH,NA,NA,NA,24,24,NA,533,18.9,1559,21.5,1026,2.6000000000000014,NA,NA,NA,21_Tritia_reticulata_LARVA_CO2533.00_pH8.10_T18.9,3.192846115,18.9,Activity,Behaviour,NA,NA,NA,26.1,6.368673331,38.6,4.898979486,NA,FALSE,TRUE,0.39131696199999999,3.1520390000000001E-3,NA,NA,2.2001041990000001,0.983606557,2.1640369169999998,No,No,NA,391,Alter et al. 2024,fonseca jg laranjeiro f freitas db oliveira ib rocha rjm machado j hinzmann m barroso cm galante oliveira s,tritia reticulata,activity,tph,26.1,38.6,6.368673,4.898979,24,24,NA,NA,NA,NA,NA,NA,NA,NA,NA,NA,NA,NA,NA,NA,NA,NA,NA,NA,NA,NA,not_matched_in_alter_sheet,NA,NA
Alter et al. 2024,29_AltersInvert,5,NA,NA,Yes,NA,"Foster T, Gilmour JP, Chua CM, Falter J, Mccullouch M",NA,2013,NA,NA,NA,NA,Marine,NA,Zooplankton,Meroplankton,Cnidaria,Acropora spicifera,NA,NA,pH,NA,NA,NA,4,4,NA,242,24.4,872,24.1,630,-0.29999999999999716,NA,NA,NA,5_Acropora_spicifera_LARVA_CO2242.00_pH8.22_T24.4,2.9405164849999998,24.4,Settlement,Development,NA,NA,NA,33.54,5.54,37.14,10.92,NA,FALSE,TRUE,0.1019558,2.8433094999999999E-2,NA,NA,0.41577813000000002,0.869565217,0.36154619999999998,No,No,NA,392,Alter et al. 2024,foster t gilmour jp chua cm falter j mccullouch m,acropora spicifera,settlement,ph,33.54,37.14,5.54,10.92,4,4,NA,NA,NA,NA,NA,NA,NA,NA,NA,NA,NA,NA,NA,NA,NA,NA,NA,NA,NA,NA,not_matched_in_alter_sheet,NA,NA
Alter et al. 2024,27_AltersInvert,5,NA,NA,Yes,NA,"Foster T, Gilmour JP, Chua CM, Falter J, Mccullouch M",NA,2013,NA,NA,NA,NA,Marine,NA,Zooplankton,Meroplankton,Cnidaria,Acropora spicifera,NA,NA,T,NA,NA,NA,4,4,NA,242,24.4,275,27.6,33,3.200000000000003,NA,NA,NA,5_Acropora_spicifera_LARVA_CO2242.00_pH8.22_T24.4,2.439332694,24.4,Settlement,Development,NA,NA,NA,33.54,5.54,33.3,3.98,NA,TRUE,TRUE,-7.181359E-3,1.0391999000000001E-2,NA,NA,-4.9756564000000003E-2,0.869565217,-4.3266577000000001E-2,No,No,NA,393,Alter et al. 2024,foster t gilmour jp chua cm falter j mccullouch m,acropora spicifera,settlement,t,33.54,33.3,5.54,3.98,4,4,NA,NA,NA,NA,NA,NA,NA,NA,NA,NA,NA,NA,NA,NA,NA,NA,NA,NA,NA,NA,not_matched_in_alter_sheet,NA,NA
Alter et al. 2024,30_AltersInvert,5,NA,NA,Yes,NA,"Foster T, Gilmour JP, Chua CM, Falter J, Mccullouch M",NA,2013,NA,NA,NA,NA,Marine,NA,Zooplankton,Meroplankton,Cnidaria,Acropora spicifera,NA,NA,TpH,NA,NA,NA,4,4,NA,242,24.4,976,27.4,734,3,NA,NA,NA,5_Acropora_spicifera_LARVA_CO2242.00_pH8.22_T24.4,2.9894498180000002,24.4,Settlement,Development,NA,NA,NA,33.54,5.54,44.01,7.28,NA,FALSE,TRUE,0.27167812400000002,1.3661461999999999E-2,NA,NA,1.618545436,0.869565217,1.407430814,No,No,NA,394,Alter et al. 2024,foster t gilmour jp chua cm falter j mccullouch m,acropora spicifera,settlement,tph,33.54,44.01,5.54,7.28,4,4,NA,NA,NA,NA,NA,NA,NA,NA,NA,NA,NA,NA,NA,NA,NA,NA,NA,NA,NA,NA,not_matched_in_alter_sheet,NA,NA
Alter et al. 2024,352_AltersInvert,23,NA,NA,Yes,NA,"Garcia E, Clemente S, Hernandez JC",NA,2015,NA,NA,NA,NA,Marine,NA,Zooplankton,Meroplankton,Echinoderm,Paracentrotus lividus,NA,NA,pH,NA,NA,NA,5,5,NA,311,18.8,1850,18.8,1539,0,NA,NA,NA,23_Paracentrotus_lividus_LARVA_CO2311.00_pH8.10_T18.8,3.2671717280000001,18.8,Survival,Survival,NA,NA,NA,0.67,0.536656315,0.44,0.536656315,NA,FALSE,FALSE,-0.420502985,0.42583431700000002,NA,NA,-0.42857969600000001,0.903225806,-0.38710424100000002,No,No,NA,398,Alter et al. 2024,garcia e clemente s hernandez jc,paracentrotus lividus,survival,ph,0.67,0.44,0.536656,0.536656,5,5,NA,NA,NA,NA,NA,NA,NA,NA,NA,NA,NA,NA,NA,NA,NA,NA,NA,NA,NA,NA,not_matched_in_alter_sheet,NA,NA
Alter et al. 2024,354_AltersInvert,23,NA,NA,Yes,NA,"Garcia E, Clemente S, Hernandez JC",NA,2015,NA,NA,NA,NA,Marine,NA,Zooplankton,Meroplankton,Echinoderm,Paracentrotus lividus,NA,NA,pH,NA,NA,NA,135,135,NA,346,18.8,899,18.8,553,0,NA,NA,NA,23_Paracentrotus_lividus_LARVA_CO2346.00_pH8.06_T18.8,2.9537596920000002,18.8,Settlement,Development,NA,NA,NA,5.74,2.323790008,3.96,4.763769516,NA,FALSE,TRUE,-0.371215185,1.1933618E-2,NA,NA,-0.47493270300000001,0.99719888,-0.47360236,No,No,NA,399,Alter et al. 2024,garcia e clemente s hernandez jc,paracentrotus lividus,settlement,ph,5.74,3.96,2.32379,4.76377,135,135,NA,NA,NA,NA,NA,NA,NA,NA,NA,NA,NA,NA,NA,NA,NA,NA,NA,NA,NA,NA,not_matched_in_alter_sheet,NA,NA
Alter et al. 2024,356_AltersInvert,23,NA,NA,Yes,NA,"Garcia E, Clemente S, Hernandez JC",NA,2015,NA,NA,NA,NA,Marine,NA,Zooplankton,Meroplankton,Echinoderm,Paracentrotus lividus,NA,NA,pH,NA,NA,NA,15,15,NA,311,18.8,1850,18.8,1539,0,NA,NA,NA,23_Paracentrotus_lividus_LARVA_CO2311.00_pH8.10_T18.8,3.2671717280000001,18.8,growth rate,Growth,NA,NA,NA,0.48,0,0.35,0.038729833,NA,FALSE,TRUE,-0.31585294899999999,8.1632700000000005E-4,NA,NA,-4.746928832,0.972972973,-4.6186334579999997,No,No,NA,400,Alter et al. 2024,garcia e clemente s hernandez jc,paracentrotus lividus,growth rate,ph,0.48,0.35,0,0.03873,15,15,NA,NA,NA,NA,NA,NA,NA,NA,NA,NA,NA,NA,NA,NA,NA,NA,NA,NA,NA,NA,not_matched_in_alter_sheet,NA,NA
Alter et al. 2024,357_AltersInvert,23,NA,NA,Yes,NA,"Garcia E, Clemente S, Hernandez JC",NA,2015,NA,NA,NA,NA,Marine,NA,Zooplankton,Meroplankton,Echinoderm,Paracentrotus lividus,NA,NA,pH,NA,NA,NA,15,15,NA,311,18.8,885,18.8,574,0,NA,NA,NA,23_Paracentrotus_lividus_LARVA_CO2311.00_pH8.10_T18.8,2.9469432709999999,18.8,growth rate,Growth,NA,NA,NA,0.48,0,0.43,0.038729833,NA,FALSE,TRUE,-0.110000895,5.40833E-4,NA,NA,-1.825741858,0.972972973,-1.7763974840000001,No,No,NA,401,Alter et al. 2024,garcia e clemente s hernandez jc,paracentrotus lividus,growth rate,ph,0.48,0.43,0,0.03873,15,15,NA,NA,NA,NA,NA,NA,NA,NA,NA,NA,NA,NA,NA,NA,NA,NA,NA,NA,NA,NA,not_matched_in_alter_sheet,NA,NA
Alter et al. 2024,363_AltersInvert,23,NA,NA,Yes,NA,"Garcia E, Clemente S, Hernandez JC",NA,2015,NA,NA,NA,NA,Marine,NA,Zooplankton,Meroplankton,Echinoderm,Paracentrotus lividus,NA,NA,pH,NA,NA,NA,5,5,NA,311,18.8,885,18.8,574,0,NA,NA,NA,23_Paracentrotus_lividus_LARVA_CO2311.00_pH8.10_T18.8,2.9469432709999999,18.8,Survival,Survival,NA,NA,NA,0.67,0.536656315,0.7,0.536656315,NA,TRUE,FALSE,4.3802622999999999E-2,0.245864676,NA,NA,5.5901698999999999E-2,0.903225806,5.0491858000000001E-2,No,No,NA,402,Alter et al. 2024,garcia e clemente s hernandez jc,paracentrotus lividus,survival,ph,0.67,0.7,0.536656,0.536656,5,5,NA,NA,NA,NA,NA,NA,NA,NA,NA,NA,NA,NA,NA,NA,NA,NA,NA,NA,NA,NA,not_matched_in_alter_sheet,NA,NA
Alter et al. 2024,365_AltersInvert,23,NA,NA,Yes,NA,"Garcia E, Clemente S, Hernandez JC",NA,2011,NA,NA,NA,NA,Marine,NA,Zooplankton,Meroplankton,Echinoderm,Paracentrotus lividus,NA,NA,T,NA,NA,NA,135,135,NA,346,18.8,326,20.4,-20,1.5999999999999979,NA,NA,NA,23_Paracentrotus_lividus_LARVA_CO2346.00_pH8.06_T18.8,2.5132175999999999,18.8,Settlement,Development,NA,NA,NA,5.74,2.323790008,11.28,2.323790008,NA,FALSE,TRUE,0.67557203600000004,1.528419E-3,NA,NA,2.3840364150000002,0.99719888,2.3773584419999998,No,No,NA,403,Alter et al. 2024,garcia e clemente s hernandez jc,paracentrotus lividus,settlement,t,5.74,11.28,2.32379,2.32379,135,135,NA,NA,NA,NA,NA,NA,NA,NA,NA,NA,NA,NA,NA,NA,NA,NA,NA,NA,NA,NA,not_matched_in_alter_sheet,NA,NA
Alter et al. 2024,350_AltersInvert,23,NA,NA,Yes,NA,"Garcia E, Clemente S, Hernandez JC",NA,2015,NA,NA,NA,NA,Marine,NA,Zooplankton,Meroplankton,Echinoderm,Paracentrotus lividus,NA,NA,T,NA,NA,NA,5,5,NA,311,18.8,305,20.5,-6,1.6999999999999993,NA,NA,NA,23_Paracentrotus_lividus_LARVA_CO2311.00_pH8.10_T18.8,2.4842998390000002,18.8,Survival,Survival,NA,NA,NA,0.67,0.536656315,0.38,0.581377674,NA,FALSE,FALSE,-0.56710645999999998,0.59645769999999998,NA,NA,-0.51835325399999999,0.903225806,-0.46819003599999998,No,No,NA,404,Alter et al. 2024,garcia e clemente s hernandez jc,paracentrotus lividus,survival,t,0.67,0.38,0.536656,0.581378,5,5,NA,NA,NA,NA,NA,NA,NA,NA,NA,NA,NA,NA,NA,NA,NA,NA,NA,NA,NA,NA,not_matched_in_alter_sheet,NA,NA
Alter et al. 2024,362_AltersInvert,23,NA,NA,Yes,NA,"Garcia E, Clemente S, Hernandez JC",NA,2015,NA,NA,NA,NA,Marine,NA,Zooplankton,Meroplankton,Echinoderm,Paracentrotus lividus,NA,NA,T,NA,NA,NA,15,15,NA,311,18.8,305,20.5,-6,1.6999999999999993,NA,NA,NA,23_Paracentrotus_lividus_LARVA_CO2311.00_pH8.10_T18.8,2.4842998390000002,18.8,growth rate,Growth,NA,NA,NA,0.48,0,0.5,0,NA,TRUE,TRUE,4.0821995E-2,0,NA,NA,NA,0.972972973,NA,NA,NA,NA,405,Alter et al. 2024,garcia e clemente s hernandez jc,paracentrotus lividus,growth rate,t,0.48,0.5,0,0,15,15,NA,NA,NA,NA,NA,NA,NA,NA,NA,NA,NA,NA,NA,NA,NA,NA,NA,NA,NA,NA,not_matched_in_alter_sheet,NA,NA
Alter et al. 2024,355_AltersInvert,23,NA,NA,Yes,NA,"Garcia E, Clemente S, Hernandez JC",NA,2015,NA,NA,NA,NA,Marine,NA,Zooplankton,Meroplankton,Echinoderm,Paracentrotus lividus,NA,NA,T,NA,NA,NA,135,135,NA,346,18.8,340,22.4,-6,3.599999999999998,NA,NA,NA,23_Paracentrotus_lividus_LARVA_CO2346.00_pH8.06_T18.8,2.5314789169999998,18.8,Settlement,Development,NA,NA,NA,5.74,2.323790008,3.96,2.323790008,NA,FALSE,TRUE,-0.371215185,3.764809E-3,NA,NA,-0.76599004000000004,0.99719888,-0.76384440899999995,No,No,NA,406,Alter et al. 2024,garcia e clemente s hernandez jc,paracentrotus lividus,settlement,t,5.74,3.96,2.32379,2.32379,135,135,NA,NA,NA,NA,NA,NA,NA,NA,NA,NA,NA,NA,NA,NA,NA,NA,NA,NA,NA,NA,not_matched_in_alter_sheet,NA,NA
Alter et al. 2024,347_AltersInvert,23,NA,NA,Yes,NA,"Garcia E, Clemente S, Hernandez JC",NA,2015,NA,NA,NA,NA,Marine,NA,Zooplankton,Meroplankton,Echinoderm,Paracentrotus lividus,NA,NA,T,NA,NA,NA,5,5,NA,311,18.8,314,22.5,3,3.6999999999999993,NA,NA,NA,23_Paracentrotus_lividus_LARVA_CO2311.00_pH8.10_T18.8,2.4969296480000001,18.8,Survival,Survival,NA,NA,NA,0.67,0.536656315,0.1,0.626099034,NA,TRUE,TRUE,-1.902107526,7.9683136560000003,NA,NA,-0.97754193499999997,0.903225806,-0.88294110299999995,No,No,NA,407,Alter et al. 2024,garcia e clemente s hernandez jc,paracentrotus lividus,survival,t,0.67,0.1,0.536656,0.626099,5,5,NA,NA,NA,NA,NA,NA,NA,NA,NA,NA,NA,NA,NA,NA,NA,NA,NA,NA,NA,NA,not_matched_in_alter_sheet,NA,NA
Alter et al. 2024,364_AltersInvert,23,NA,NA,Yes,NA,"Garcia E, Clemente S, Hernandez JC",NA,2011,NA,NA,NA,NA,Marine,NA,Zooplankton,Meroplankton,Echinoderm,Paracentrotus lividus,NA,NA,T,NA,NA,NA,15,15,NA,311,18.8,314,22.5,3,3.6999999999999993,NA,NA,NA,23_Paracentrotus_lividus_LARVA_CO2311.00_pH8.10_T18.8,2.4969296480000001,18.8,growth rate,Growth,NA,NA,NA,0.48,0,0.52,0,NA,FALSE,TRUE,8.0042708000000004E-2,0,NA,NA,NA,0.972972973,NA,NA,NA,NA,408,Alter et al. 2024,garcia e clemente s hernandez jc,paracentrotus lividus,growth rate,t,0.48,0.52,0,0,15,15,NA,NA,NA,NA,NA,NA,NA,NA,NA,NA,NA,NA,NA,NA,NA,NA,NA,NA,NA,NA,not_matched_in_alter_sheet,NA,NA
Alter et al. 2024,348_AltersInvert,23,NA,NA,Yes,NA,"Garcia E, Clemente S, Hernandez JC",NA,2015,NA,NA,NA,NA,Marine,NA,Zooplankton,Meroplankton,Echinoderm,Paracentrotus lividus,NA,NA,TpH,NA,NA,NA,5,5,NA,311,18.8,916,22.5,605,3.6999999999999993,NA,NA,NA,23_Paracentrotus_lividus_LARVA_CO2311.00_pH8.10_T18.8,2.9618954739999999,18.8,Survival,Survival,NA,NA,NA,0.67,0.536656315,0.1,0.670820393,NA,TRUE,TRUE,-1.902107526,9.1283136559999996,NA,NA,-0.93834311699999995,0.903225806,-0.84753571800000005,No,No,NA,409,Alter et al. 2024,garcia e clemente s hernandez jc,paracentrotus lividus,survival,tph,0.67,0.1,0.536656,0.67082,5,5,NA,NA,NA,NA,NA,NA,NA,NA,NA,NA,NA,NA,NA,NA,NA,NA,NA,NA,NA,NA,not_matched_in_alter_sheet,NA,NA
Alter et al. 2024,349_AltersInvert,23,NA,NA,Yes,NA,"Garcia E, Clemente S, Hernandez JC",NA,2015,NA,NA,NA,NA,Marine,NA,Zooplankton,Meroplankton,Echinoderm,Paracentrotus lividus,NA,NA,TpH,NA,NA,NA,5,5,NA,311,18.8,1838,20.5,1527,1.6999999999999993,NA,NA,NA,23_Paracentrotus_lividus_LARVA_CO2311.00_pH8.10_T18.8,3.2643455069999998,18.8,Survival,Survival,NA,NA,NA,0.67,0.536656315,0.25,0.603738354,NA,FALSE,TRUE,-0.98581679499999997,1.2947136560000001,NA,NA,-0.73531602399999996,0.903225806,-0.66415640899999995,No,No,NA,410,Alter et al. 2024,garcia e clemente s hernandez jc,paracentrotus lividus,survival,tph,0.67,0.25,0.536656,0.603738,5,5,NA,NA,NA,NA,NA,NA,NA,NA,NA,NA,NA,NA,NA,NA,NA,NA,NA,NA,NA,NA,not_matched_in_alter_sheet,NA,NA
Alter et al. 2024,351_AltersInvert,23,NA,NA,Yes,NA,"Garcia E, Clemente S, Hernandez JC",NA,2015,NA,NA,NA,NA,Marine,NA,Zooplankton,Meroplankton,Echinoderm,Paracentrotus lividus,NA,NA,TpH,NA,NA,NA,5,5,NA,311,18.8,1898,22.5,1587,3.6999999999999993,NA,NA,NA,23_Paracentrotus_lividus_LARVA_CO2311.00_pH8.10_T18.8,3.278296208,18.8,Survival,Survival,NA,NA,NA,0.67,0.536656315,0.41,0.514295635,NA,FALSE,FALSE,-0.49112055300000002,0.44300729,NA,NA,-0.49467755400000002,0.903225806,-0.44680553299999998,No,No,NA,411,Alter et al. 2024,garcia e clemente s hernandez jc,paracentrotus lividus,survival,tph,0.67,0.41,0.536656,0.514296,5,5,NA,NA,NA,NA,NA,NA,NA,NA,NA,NA,NA,NA,NA,NA,NA,NA,NA,NA,NA,NA,not_matched_in_alter_sheet,NA,NA
Alter et al. 2024,353_AltersInvert,23,NA,NA,Yes,NA,"Garcia E, Clemente S, Hernandez JC",NA,2015,NA,NA,NA,NA,Marine,NA,Zooplankton,Meroplankton,Echinoderm,Paracentrotus lividus,NA,NA,TpH,NA,NA,NA,5,5,NA,311,18.8,884,20.5,573,1.6999999999999993,NA,NA,NA,23_Paracentrotus_lividus_LARVA_CO2311.00_pH8.10_T18.8,2.946452265,18.8,Survival,Survival,NA,NA,NA,0.67,0.536656315,0.44,0.536656315,NA,FALSE,FALSE,-0.420502985,0.42583431700000002,NA,NA,-0.42857969600000001,0.903225806,-0.38710424100000002,No,No,NA,412,Alter et al. 2024,garcia e clemente s hernandez jc,paracentrotus lividus,survival,tph,0.67,0.44,0.536656,0.536656,5,5,NA,NA,NA,NA,NA,NA,NA,NA,NA,NA,NA,NA,NA,NA,NA,NA,NA,NA,NA,NA,not_matched_in_alter_sheet,NA,NA
Alter et al. 2024,358_AltersInvert,23,NA,NA,Yes,NA,"Garcia E, Clemente S, Hernandez JC",NA,2015,NA,NA,NA,NA,Marine,NA,Zooplankton,Meroplankton,Echinoderm,Paracentrotus lividus,NA,NA,TpH,NA,NA,NA,15,15,NA,311,18.8,1838,20.5,1527,1.6999999999999993,NA,NA,NA,23_Paracentrotus_lividus_LARVA_CO2311.00_pH8.10_T18.8,3.2643455069999998,18.8,growth rate,Growth,NA,NA,NA,0.48,0,0.43,0.038729833,NA,FALSE,TRUE,-0.110000895,5.40833E-4,NA,NA,-1.825741858,0.972972973,-1.7763974840000001,No,No,NA,413,Alter et al. 2024,garcia e clemente s hernandez jc,paracentrotus lividus,growth rate,tph,0.48,0.43,0,0.03873,15,15,NA,NA,NA,NA,NA,NA,NA,NA,NA,NA,NA,NA,NA,NA,NA,NA,NA,NA,NA,NA,not_matched_in_alter_sheet,NA,NA
Alter et al. 2024,359_AltersInvert,23,NA,NA,Yes,NA,"Garcia E, Clemente S, Hernandez JC",NA,2015,NA,NA,NA,NA,Marine,NA,Zooplankton,Meroplankton,Echinoderm,Paracentrotus lividus,NA,NA,TpH,NA,NA,NA,15,15,NA,311,18.8,1898,22.5,1587,3.6999999999999993,NA,NA,NA,23_Paracentrotus_lividus_LARVA_CO2311.00_pH8.10_T18.8,3.278296208,18.8,growth rate,Growth,NA,NA,NA,0.48,0,0.45,0.038729833,NA,TRUE,TRUE,-6.4538521000000001E-2,4.9382699999999996E-4,NA,NA,-1.095445115,0.972972973,-1.06583849,No,No,NA,414,Alter et al. 2024,garcia e clemente s hernandez jc,paracentrotus lividus,growth rate,tph,0.48,0.45,0,0.03873,15,15,NA,NA,NA,NA,NA,NA,NA,NA,NA,NA,NA,NA,NA,NA,NA,NA,NA,NA,NA,NA,not_matched_in_alter_sheet,NA,NA
Alter et al. 2024,360_AltersInvert,23,NA,NA,Yes,NA,"Garcia E, Clemente S, Hernandez JC",NA,2015,NA,NA,NA,NA,Marine,NA,Zooplankton,Meroplankton,Echinoderm,Paracentrotus lividus,NA,NA,TpH,NA,NA,NA,15,15,NA,311,18.8,884,20.5,573,1.6999999999999993,NA,NA,NA,23_Paracentrotus_lividus_LARVA_CO2311.00_pH8.10_T18.8,2.946452265,18.8,growth rate,Growth,NA,NA,NA,0.48,0,0.47,0,NA,TRUE,TRUE,-2.1053408999999999E-2,0,NA,NA,NA,0.972972973,NA,NA,NA,NA,415,Alter et al. 2024,garcia e clemente s hernandez jc,paracentrotus lividus,growth rate,tph,0.48,0.47,0,0,15,15,NA,NA,NA,NA,NA,NA,NA,NA,NA,NA,NA,NA,NA,NA,NA,NA,NA,NA,NA,NA,not_matched_in_alter_sheet,NA,NA
Alter et al. 2024,361_AltersInvert,23,NA,NA,Yes,NA,"Garcia E, Clemente S, Hernandez JC",NA,2015,NA,NA,NA,NA,Marine,NA,Zooplankton,Meroplankton,Echinoderm,Paracentrotus lividus,NA,NA,TpH,NA,NA,NA,15,15,NA,311,18.8,916,22.5,605,3.6999999999999993,NA,NA,NA,23_Paracentrotus_lividus_LARVA_CO2311.00_pH8.10_T18.8,2.9618954739999999,18.8,growth rate,Growth,NA,NA,NA,0.48,0,0.48,0,NA,FALSE,TRUE,0,0,NA,NA,NA,0.972972973,NA,NA,NA,NA,416,Alter et al. 2024,garcia e clemente s hernandez jc,paracentrotus lividus,growth rate,tph,0.48,0.48,0,0,15,15,NA,NA,NA,NA,NA,NA,NA,NA,NA,NA,NA,NA,NA,NA,NA,NA,NA,NA,NA,NA,not_matched_in_alter_sheet,NA,NA
Alter et al. 2024,366_AltersInvert,23,NA,NA,Yes,NA,"Garcia E, Clemente S, Hernandez JC",NA,2011,NA,NA,NA,NA,Marine,NA,Zooplankton,Meroplankton,Echinoderm,Paracentrotus lividus,NA,NA,TpH,NA,NA,NA,135,135,NA,346,18.8,958,22.4,612,3.599999999999998,NA,NA,NA,23_Paracentrotus_lividus_LARVA_CO2346.00_pH8.06_T18.8,2.9813655090000002,18.8,Settlement,Development,NA,NA,NA,5.74,2.323790008,11.88,4.763769516,NA,FALSE,TRUE,0.72739710400000002,2.405112E-3,NA,NA,1.6382510109999999,0.99719888,1.633662073,No,No,NA,417,Alter et al. 2024,garcia e clemente s hernandez jc,paracentrotus lividus,settlement,tph,5.74,11.88,2.32379,4.76377,135,135,NA,NA,NA,NA,NA,NA,NA,NA,NA,NA,NA,NA,NA,NA,NA,NA,NA,NA,NA,NA,not_matched_in_alter_sheet,NA,NA
Alter et al. 2024,367_AltersInvert,23,NA,NA,Yes,NA,"Garcia E, Clemente S, Hernandez JC",NA,2011,NA,NA,NA,NA,Marine,NA,Zooplankton,Meroplankton,Echinoderm,Paracentrotus lividus,NA,NA,TpH,NA,NA,NA,135,135,NA,346,18.8,1850,20.5,1504,1.6999999999999993,NA,NA,NA,23_Paracentrotus_lividus_LARVA_CO2346.00_pH8.06_T18.8,3.2671717280000001,18.8,Settlement,Development,NA,NA,NA,5.74,2.323790008,17.02,5.693285519,NA,TRUE,TRUE,1.0869299130000001,2.0428930000000001E-3,NA,NA,2.5941832969999998,0.99719888,2.5869166780000001,No,No,NA,418,Alter et al. 2024,garcia e clemente s hernandez jc,paracentrotus lividus,settlement,tph,5.74,17.02,2.32379,5.693286,135,135,NA,NA,NA,NA,NA,NA,NA,NA,NA,NA,NA,NA,NA,NA,NA,NA,NA,NA,NA,NA,not_matched_in_alter_sheet,NA,NA
Alter et al. 2024,368_AltersInvert,23,NA,NA,Yes,NA,"Garcia E, Clemente S, Hernandez JC",NA,2011,NA,NA,NA,NA,Marine,NA,Zooplankton,Meroplankton,Echinoderm,Paracentrotus lividus,NA,NA,TpH,NA,NA,NA,135,135,NA,346,18.8,896,20.5,550,1.6999999999999993,NA,NA,NA,23_Paracentrotus_lividus_LARVA_CO2346.00_pH8.06_T18.8,2.9523080099999999,18.8,Settlement,Development,NA,NA,NA,5.74,2.323790008,20.19,4.996148517,NA,TRUE,TRUE,1.2577282219999999,1.66764E-3,NA,NA,3.7086959749999999,0.99719888,3.6983074710000001,No,No,NA,419,Alter et al. 2024,garcia e clemente s hernandez jc,paracentrotus lividus,settlement,tph,5.74,20.19,2.32379,4.996149,135,135,NA,NA,NA,NA,NA,NA,NA,NA,NA,NA,NA,NA,NA,NA,NA,NA,NA,NA,NA,NA,not_matched_in_alter_sheet,NA,NA
Alter et al. 2024,1789_AltersInvert,89,NA,NA,Yes,NA,"Garcia E, Hernandez JC, Clemente S",NA,2018,NA,NA,NA,NA,Marine,NA,Zooplankton,Meroplankton,Echinoderm,Arbacia lixula,NA,NA,pH,NA,NA,NA,3,3,NA,541,23,2919,23,2378,0,NA,NA,NA,89_Arbacia_lixula_EMBRYO_CO2541.00_pH8.08_T23.,3.465234095,23,Fertilization,Reproduction,NA,NA,NA,97.65,3.758550252,88.26,2.823242816,NA,FALSE,TRUE,-0.101102653,8.3489999999999997E-4,NA,NA,-2.8249450309999999,0.8,-2.2599560250000001,No,No,NA,420,Alter et al. 2024,garcia e hernandez jc clemente s,arbacia lixula,fertilization,ph,97.65,88.26,3.75855,2.823243,3,3,NA,NA,NA,NA,NA,NA,NA,NA,NA,NA,NA,NA,NA,NA,NA,NA,NA,NA,NA,NA,not_matched_in_alter_sheet,NA,NA
Alter et al. 2024,1791_AltersInvert,89,NA,NA,Yes,NA,"Garcia E, Hernandez JC, Clemente S",NA,2018,NA,NA,NA,NA,Marine,NA,Zooplankton,Meroplankton,Echinoderm,Arbacia lixula,NA,NA,pH,NA,NA,NA,3,3,NA,541,23,1484,22.9,943,-0.10000000000000142,NA,NA,NA,89_Arbacia_lixula_EMBRYO_CO2541.00_pH8.08_T23.,3.1714339009999999,23,Fertilization,Reproduction,NA,NA,NA,97.65,3.758550252,91.08,2.823242816,NA,TRUE,TRUE,-6.9651415999999994E-2,8.14107E-4,NA,NA,-1.9765589830000001,0.8,-1.5812471859999999,No,No,NA,421,Alter et al. 2024,garcia e hernandez jc clemente s,arbacia lixula,fertilization,ph,97.65,91.08,3.75855,2.823243,3,3,NA,NA,NA,NA,NA,NA,NA,NA,NA,NA,NA,NA,NA,NA,NA,NA,NA,NA,NA,NA,not_matched_in_alter_sheet,NA,NA
Alter et al. 2024,1793_AltersInvert,89,NA,NA,Yes,NA,"Garcia E, Hernandez JC, Clemente S",NA,2018,NA,NA,NA,NA,Marine,NA,Zooplankton,Meroplankton,Echinoderm,Paracentrotus lividus,NA,NA,pH,NA,NA,NA,3,3,NA,899,19.2,2583,19.3,1684,0.10000000000000142,NA,NA,NA,89_Paracentrotus_lividus_EMBRYO_CO2899.00_pH8.09_T19.2,3.4121244060000002,19.2,Fertilization,Reproduction,NA,NA,NA,100,0.001905256,95.45,0,NA,TRUE,TRUE,-4.6567636000000003E-2,1.21E-10,NA,NA,-3377.326767,0.8,-2701.8614130000001,No,Yes,NA,422,Alter et al. 2024,garcia e hernandez jc clemente s,paracentrotus lividus,fertilization,ph,100,95.45,0.001905,0,3,3,NA,NA,NA,NA,NA,NA,NA,NA,NA,NA,NA,NA,NA,NA,NA,NA,NA,NA,NA,NA,not_matched_in_alter_sheet,NA,NA
Alter et al. 2024,1824_AltersInvert,89,NA,NA,Yes,NA,"Garcia E, Hernandez JC, Clemente S",NA,2017,NA,NA,NA,NA,Marine,NA,Zooplankton,Meroplankton,Echinoderm,Paracentrotus lividus,NA,NA,pH,NA,NA,NA,3,3,NA,899,19.2,1591,19.3,692,0.10000000000000142,NA,NA,NA,89_Paracentrotus_lividus_EMBRYO_CO2899.00_pH8.09_T19.2,3.2016701799999998,19.2,Fertilization,Reproduction,NA,NA,NA,100,0.001905256,98.48,0,NA,TRUE,TRUE,-1.5316704E-2,1.21E-10,NA,NA,-1128.2498210000001,0.8,-902.59985670000003,No,Yes,NA,423,Alter et al. 2024,garcia e hernandez jc clemente s,paracentrotus lividus,fertilization,ph,100,98.48,0.001905,0,3,3,NA,NA,NA,NA,NA,NA,NA,NA,NA,NA,NA,NA,NA,NA,NA,NA,NA,NA,NA,NA,not_matched_in_alter_sheet,NA,NA
Alter et al. 2024,1825_AltersInvert,89,NA,NA,Yes,NA,"Garcia E, Hernandez JC, Clemente S",NA,2017,NA,NA,NA,NA,Marine,NA,Zooplankton,Meroplankton,Echinoderm,Sphaerechinus granularis,NA,NA,pH,NA,NA,NA,3,3,NA,489,19.3,1343,19.3,854,0,NA,NA,NA,89_Sphaerechinus_granularis_EMBRYO_CO2489.00_pH8.06_T19.3,3.1280760129999998,19.3,Fertilization,Reproduction,NA,NA,NA,98.48,7.101408311,97.46,6.096818843,NA,FALSE,TRUE,-1.0411444000000001E-2,3.0377569999999999E-3,NA,NA,-0.15412040499999999,0.8,-0.123296324,No,No,NA,424,Alter et al. 2024,garcia e hernandez jc clemente s,sphaerechinus granularis,fertilization,ph,98.48,97.46,7.101408,6.096819,3,3,NA,NA,NA,NA,NA,NA,NA,NA,NA,NA,NA,NA,NA,NA,NA,NA,NA,NA,NA,NA,not_matched_in_alter_sheet,NA,NA
Alter et al. 2024,1826_AltersInvert,89,NA,NA,Yes,NA,"Garcia E, Hernandez JC, Clemente S",NA,2017,NA,NA,NA,NA,Marine,NA,Zooplankton,Meroplankton,Echinoderm,Sphaerechinus granularis,NA,NA,pH,NA,NA,NA,3,3,NA,489,19.3,2755,19.3,2266,0,NA,NA,NA,89_Sphaerechinus_granularis_EMBRYO_CO2489.00_pH8.06_T19.3,3.4401216030000001,19.3,Fertilization,Development,NA,NA,NA,98.48,7.101408311,97.46,8.123318287,NA,FALSE,TRUE,-1.0411444000000001E-2,4.0490480000000004E-3,NA,NA,-0.13369173000000001,0.8,-0.106953384,No,No,NA,425,Alter et al. 2024,garcia e hernandez jc clemente s,sphaerechinus granularis,fertilization,ph,98.48,97.46,7.101408,8.123318,3,3,NA,NA,NA,NA,NA,NA,NA,NA,NA,NA,NA,NA,NA,NA,NA,NA,NA,NA,NA,NA,not_matched_in_alter_sheet,NA,NA
Alter et al. 2024,1827_AltersInvert,89,NA,NA,Yes,NA,"Garcia E, Hernandez JC, Clemente S",NA,2017,NA,NA,NA,NA,Marine,NA,Zooplankton,Meroplankton,Echinoderm,Sphaerechinus granularis,NA,NA,T,NA,NA,NA,3,3,NA,489,19.3,467,21.1,-22,1.8000000000000007,NA,NA,NA,89_Sphaerechinus_granularis_EMBRYO_CO2489.00_pH8.06_T19.3,2.6693168809999999,19.3,Fertilization,Reproduction,NA,NA,NA,98.48,7.101408311,97.46,7.621023553,NA,FALSE,TRUE,-1.0411444000000001E-2,3.7715190000000001E-3,NA,NA,-0.13847784199999999,0.8,-0.110782274,No,No,NA,426,Alter et al. 2024,garcia e hernandez jc clemente s,sphaerechinus granularis,fertilization,t,98.48,97.46,7.101408,7.621024,3,3,NA,NA,NA,NA,NA,NA,NA,NA,NA,NA,NA,NA,NA,NA,NA,NA,NA,NA,NA,NA,not_matched_in_alter_sheet,NA,NA
Alter et al. 2024,1822_AltersInvert,89,NA,NA,Yes,NA,"Garcia E, Hernandez JC, Clemente S",NA,2018,NA,NA,NA,NA,Marine,NA,Zooplankton,Meroplankton,Echinoderm,Paracentrotus lividus,NA,NA,T,NA,NA,NA,3,3,NA,899,19.2,963,21.2,64,2,NA,NA,NA,89_Paracentrotus_lividus_EMBRYO_CO2899.00_pH8.09_T19.2,2.9836262869999999,19.2,Fertilization,Development,NA,NA,NA,100,0,97.47,1.004589468,NA,TRUE,TRUE,-2.5625548000000001E-2,3.54E-5,NA,NA,-3.561614396,0.8,-2.8492915170000002,No,No,NA,427,Alter et al. 2024,garcia e hernandez jc clemente s,paracentrotus lividus,fertilization,t,100,97.47,0,1.004589,3,3,NA,NA,NA,NA,NA,NA,NA,NA,NA,NA,NA,NA,NA,NA,NA,NA,NA,NA,NA,NA,not_matched_in_alter_sheet,NA,NA
Alter et al. 2024,1792_AltersInvert,89,NA,NA,Yes,NA,"Garcia E, Hernandez JC, Clemente S",NA,2018,NA,NA,NA,NA,Marine,NA,Zooplankton,Meroplankton,Echinoderm,Arbacia lixula,NA,NA,T,NA,NA,NA,3,3,NA,541,23,561,25.1,20,2.1000000000000014,NA,NA,NA,89_Arbacia_lixula_EMBRYO_CO2541.00_pH8.08_T23.,2.7489628609999999,23,Fertilization,Reproduction,NA,NA,NA,97.65,3.758550252,92.02,3.290896534,NA,TRUE,TRUE,-5.9383712999999998E-2,9.2015399999999996E-4,NA,NA,-1.593785287,0.8,-1.27502823,No,No,NA,428,Alter et al. 2024,garcia e hernandez jc clemente s,arbacia lixula,fertilization,t,97.65,92.02,3.75855,3.290897,3,3,NA,NA,NA,NA,NA,NA,NA,NA,NA,NA,NA,NA,NA,NA,NA,NA,NA,NA,NA,NA,not_matched_in_alter_sheet,NA,NA
Alter et al. 2024,1828_AltersInvert,89,NA,NA,Yes,NA,"Garcia E, Hernandez JC, Clemente S",NA,2017,NA,NA,NA,NA,Marine,NA,Zooplankton,Meroplankton,Echinoderm,Diadema africanum,NA,NA,T,NA,NA,NA,3,3,NA,574,23,580,25.1,6,2.1000000000000014,NA,NA,NA,89_Diadema_africanum_EMBRYO_CO2574.00_pH8.06_T23.,2.7634279940000002,23,Fertilization,Reproduction,NA,NA,NA,15.97,1.247076581,19.31,1.247076581,NA,FALSE,TRUE,0.18991113400000001,3.4228890000000001E-3,NA,NA,2.6782637490000001,0.8,2.142610999,No,No,NA,429,Alter et al. 2024,garcia e hernandez jc clemente s,diadema africanum,fertilization,t,15.97,19.31,1.247077,1.247077,3,3,NA,NA,NA,NA,NA,NA,NA,NA,NA,NA,NA,NA,NA,NA,NA,NA,NA,NA,NA,NA,not_matched_in_alter_sheet,NA,NA
Alter et al. 2024,1818_AltersInvert,89,NA,NA,Yes,NA,"Garcia E, Hernandez JC, Clemente S",NA,2018,NA,NA,NA,NA,Marine,NA,Zooplankton,Meroplankton,Echinoderm,Paracentrotus lividus,NA,NA,T,NA,NA,NA,3,3,NA,899,19.2,1034,23,135,3.8000000000000007,NA,NA,NA,89_Paracentrotus_lividus_EMBRYO_CO2899.00_pH8.09_T19.2,3.0145205389999998,19.2,Fertilization,Development,NA,NA,NA,100,0,96.46,2.026499445,NA,TRUE,TRUE,-3.6041771E-2,1.4712199999999999E-4,NA,NA,-2.4704255530000001,0.8,-1.9763404419999999,No,No,NA,430,Alter et al. 2024,garcia e hernandez jc clemente s,paracentrotus lividus,fertilization,t,100,96.46,0,2.026499,3,3,NA,NA,NA,NA,NA,NA,NA,NA,NA,NA,NA,NA,NA,NA,NA,NA,NA,NA,NA,NA,not_matched_in_alter_sheet,NA,NA
Alter et al. 2024,1819_AltersInvert,89,NA,NA,Yes,NA,"Garcia E, Hernandez JC, Clemente S",NA,2018,NA,NA,NA,NA,Marine,NA,Zooplankton,Meroplankton,Echinoderm,Paracentrotus lividus,NA,NA,T,NA,NA,NA,3,3,NA,899,19.2,910,25.2,11,6,NA,NA,NA,89_Paracentrotus_lividus_EMBRYO_CO2899.00_pH8.09_T19.2,2.959041392,19.2,Fertilization,Reproduction,NA,NA,NA,100,0,96.46,2.528794179,NA,TRUE,TRUE,-3.6041771E-2,2.2909300000000001E-4,NA,NA,-1.979724587,0.8,-1.5837796689999999,No,No,NA,431,Alter et al. 2024,garcia e hernandez jc clemente s,paracentrotus lividus,fertilization,t,100,96.46,0,2.528794,3,3,NA,NA,NA,NA,NA,NA,NA,NA,NA,NA,NA,NA,NA,NA,NA,NA,NA,NA,NA,NA,not_matched_in_alter_sheet,NA,NA
Alter et al. 2024,1777_AltersInvert,89,NA,NA,Yes,NA,"Garcia E, Hernandez JC, Clemente S",NA,2018,NA,NA,NA,NA,Marine,NA,Zooplankton,Meroplankton,Echinoderm,Sphaerechinus granularis,NA,NA,TpH,NA,NA,NA,3,3,NA,489,19.3,2539,23,2050,3.6999999999999993,NA,NA,NA,89_Sphaerechinus_granularis_EMBRYO_CO2489.00_pH8.06_T19.3,3.4046627009999999,19.3,Fertilization,Reproduction,NA,NA,NA,98.48,7.101408311,70.56,6.599113577,NA,FALSE,TRUE,-0.33339006999999998,4.6489239999999996E-3,NA,NA,-4.0730207199999997,0.8,-3.2584165760000001,No,No,NA,432,Alter et al. 2024,garcia e hernandez jc clemente s,sphaerechinus granularis,fertilization,tph,98.48,70.56,7.101408,6.599114,3,3,NA,NA,NA,NA,NA,NA,NA,NA,NA,NA,NA,NA,NA,NA,NA,NA,NA,NA,NA,NA,not_matched_in_alter_sheet,NA,NA
Alter et al. 2024,1778_AltersInvert,89,NA,NA,Yes,NA,"Garcia E, Hernandez JC, Clemente S",NA,2018,NA,NA,NA,NA,Marine,NA,Zooplankton,Meroplankton,Echinoderm,Sphaerechinus granularis,NA,NA,TpH,NA,NA,NA,3,3,NA,489,19.3,1316,23,827,3.6999999999999993,NA,NA,NA,89_Sphaerechinus_granularis_EMBRYO_CO2489.00_pH8.06_T19.3,3.1192558890000002,19.3,Fertilization,Reproduction,NA,NA,NA,98.48,7.101408311,72.59,7.621023553,NA,FALSE,TRUE,-0.30502631099999999,5.4073979999999999E-3,NA,NA,-3.5148934669999998,0.8,-2.8119147739999999,No,No,NA,433,Alter et al. 2024,garcia e hernandez jc clemente s,sphaerechinus granularis,fertilization,tph,98.48,72.59,7.101408,7.621024,3,3,NA,NA,NA,NA,NA,NA,NA,NA,NA,NA,NA,NA,NA,NA,NA,NA,NA,NA,NA,NA,not_matched_in_alter_sheet,NA,NA
Alter et al. 2024,1779_AltersInvert,89,NA,NA,Yes,NA,"Garcia E, Hernandez JC, Clemente S",NA,2018,NA,NA,NA,NA,Marine,NA,Zooplankton,Meroplankton,Echinoderm,Sphaerechinus granularis,NA,NA,TpH,NA,NA,NA,3,3,NA,489,19.3,2813,21.2,2324,1.8999999999999986,NA,NA,NA,89_Sphaerechinus_granularis_EMBRYO_CO2489.00_pH8.06_T19.3,3.4491697320000001,19.3,Fertilization,Reproduction,NA,NA,NA,98.48,7.101408311,76.14,7.621023553,NA,FALSE,TRUE,-0.25727973100000001,5.0727769999999997E-3,NA,NA,-3.0329362710000001,0.8,-2.4263490170000002,No,No,NA,434,Alter et al. 2024,garcia e hernandez jc clemente s,sphaerechinus granularis,fertilization,tph,98.48,76.14,7.101408,7.621024,3,3,NA,NA,NA,NA,NA,NA,NA,NA,NA,NA,NA,NA,NA,NA,NA,NA,NA,NA,NA,NA,not_matched_in_alter_sheet,NA,NA
Alter et al. 2024,1788_AltersInvert,89,NA,NA,Yes,NA,"Garcia E, Hernandez JC, Clemente S",NA,2018,NA,NA,NA,NA,Marine,NA,Zooplankton,Meroplankton,Echinoderm,Arbacia lixula,NA,NA,TpH,NA,NA,NA,3,3,NA,541,23,2865,25.1,2324,2.1000000000000014,NA,NA,NA,89_Arbacia_lixula_EMBRYO_CO2541.00_pH8.08_T23.,3.4571246260000001,23,Fertilization,Reproduction,NA,NA,NA,97.65,3.758550252,86.85,3.290896534,NA,FALSE,TRUE,-0.117207165,9.7242100000000001E-4,NA,NA,-3.057350107,0.8,-2.4458800859999998,No,No,NA,435,Alter et al. 2024,garcia e hernandez jc clemente s,arbacia lixula,fertilization,tph,97.65,86.85,3.75855,3.290897,3,3,NA,NA,NA,NA,NA,NA,NA,NA,NA,NA,NA,NA,NA,NA,NA,NA,NA,NA,NA,NA,not_matched_in_alter_sheet,NA,NA
Alter et al. 2024,1790_AltersInvert,89,NA,NA,Yes,NA,"Garcia E, Hernandez JC, Clemente S",NA,2018,NA,NA,NA,NA,Marine,NA,Zooplankton,Meroplankton,Echinoderm,Arbacia lixula,NA,NA,TpH,NA,NA,NA,3,3,NA,541,23,1599,25.2,1058,2.1999999999999993,NA,NA,NA,89_Arbacia_lixula_EMBRYO_CO2541.00_pH8.08_T23.,3.203848464,23,Fertilization,Reproduction,NA,NA,NA,97.65,3.758550252,88.26,1.870614872,NA,FALSE,TRUE,-0.101102653,6.4356099999999996E-4,NA,NA,-3.1630418580000002,0.8,-2.5304334860000002,No,No,NA,436,Alter et al. 2024,garcia e hernandez jc clemente s,arbacia lixula,fertilization,tph,97.65,88.26,3.75855,1.870615,3,3,NA,NA,NA,NA,NA,NA,NA,NA,NA,NA,NA,NA,NA,NA,NA,NA,NA,NA,NA,NA,not_matched_in_alter_sheet,NA,NA
Alter et al. 2024,1794_AltersInvert,89,NA,NA,Yes,NA,"Garcia E, Hernandez JC, Clemente S",NA,2018,NA,NA,NA,NA,Marine,NA,Zooplankton,Meroplankton,Echinoderm,Paracentrotus lividus,NA,NA,TpH,NA,NA,NA,3,3,NA,899,19.2,1266,22.9,367,3.6999999999999993,NA,NA,NA,89_Paracentrotus_lividus_EMBRYO_CO2899.00_pH8.09_T19.2,3.1024337059999998,19.2,Fertilization,Reproduction,NA,NA,NA,100,0,95.96,1.506884203,NA,TRUE,TRUE,-4.1238747999999999E-2,8.2200000000000006E-5,NA,NA,-3.7915473409999998,0.8,-3.033237873,No,No,NA,437,Alter et al. 2024,garcia e hernandez jc clemente s,paracentrotus lividus,fertilization,tph,100,95.96,0,1.506884,3,3,NA,NA,NA,NA,NA,NA,NA,NA,NA,NA,NA,NA,NA,NA,NA,NA,NA,NA,NA,NA,not_matched_in_alter_sheet,NA,NA
Alter et al. 2024,1795_AltersInvert,89,NA,NA,Yes,NA,"Garcia E, Hernandez JC, Clemente S",NA,2018,NA,NA,NA,NA,Marine,NA,Zooplankton,Meroplankton,Echinoderm,Paracentrotus lividus,NA,NA,TpH,NA,NA,NA,3,3,NA,899,19.2,2489,23,1590,3.8000000000000007,NA,NA,NA,89_Paracentrotus_lividus_EMBRYO_CO2899.00_pH8.09_T19.2,3.3960248970000002,19.2,Fertilization,Reproduction,NA,NA,NA,100,0,95.96,1.506884203,NA,TRUE,TRUE,-4.1238747999999999E-2,8.2200000000000006E-5,NA,NA,-3.7915473409999998,0.8,-3.033237873,No,No,NA,438,Alter et al. 2024,garcia e hernandez jc clemente s,paracentrotus lividus,fertilization,tph,100,95.96,0,1.506884,3,3,NA,NA,NA,NA,NA,NA,NA,NA,NA,NA,NA,NA,NA,NA,NA,NA,NA,NA,NA,NA,not_matched_in_alter_sheet,NA,NA
Alter et al. 2024,1796_AltersInvert,89,NA,NA,Yes,NA,"Garcia E, Hernandez JC, Clemente S",NA,2018,NA,NA,NA,NA,Marine,NA,Zooplankton,Meroplankton,Echinoderm,Paracentrotus lividus,NA,NA,TpH,NA,NA,NA,3,3,NA,899,19.2,2379,25.1,1480,5.900000000000002,NA,NA,NA,89_Paracentrotus_lividus_EMBRYO_CO2899.00_pH8.09_T19.2,3.3763944420000001,19.2,Fertilization,Reproduction,NA,NA,NA,100,0.001905256,95.96,0,NA,TRUE,TRUE,-4.1238747999999999E-2,1.21E-10,NA,NA,-2998.7692609999999,0.8,-2399.0154090000001,No,Yes,NA,439,Alter et al. 2024,garcia e hernandez jc clemente s,paracentrotus lividus,fertilization,tph,100,95.96,0.001905,0,3,3,NA,NA,NA,NA,NA,NA,NA,NA,NA,NA,NA,NA,NA,NA,NA,NA,NA,NA,NA,NA,not_matched_in_alter_sheet,NA,NA
Alter et al. 2024,1797_AltersInvert,89,NA,NA,Yes,NA,"Garcia E, Hernandez JC, Clemente S",NA,2018,NA,NA,NA,NA,Marine,NA,Zooplankton,Meroplankton,Echinoderm,Paracentrotus lividus,NA,NA,TpH,NA,NA,NA,3,3,NA,899,19.2,2801,21.2,1902,2,NA,NA,NA,89_Paracentrotus_lividus_EMBRYO_CO2899.00_pH8.09_T19.2,3.447313109,19.2,Fertilization,Reproduction,NA,NA,NA,100,0,96.46,0.502294734,NA,TRUE,TRUE,-3.6041771E-2,9.0399999999999998E-6,NA,NA,-9.9668892979999999,0.8,-7.9735114390000001,No,No,NA,440,Alter et al. 2024,garcia e hernandez jc clemente s,paracentrotus lividus,fertilization,tph,100,96.46,0,0.502295,3,3,NA,NA,NA,NA,NA,NA,NA,NA,NA,NA,NA,NA,NA,NA,NA,NA,NA,NA,NA,NA,not_matched_in_alter_sheet,NA,NA
Alter et al. 2024,1820_AltersInvert,89,NA,NA,Yes,NA,"Garcia E, Hernandez JC, Clemente S",NA,2018,NA,NA,NA,NA,Marine,NA,Zooplankton,Meroplankton,Echinoderm,Paracentrotus lividus,NA,NA,TpH,NA,NA,NA,3,3,NA,899,19.2,1367,25.2,468,6,NA,NA,NA,89_Paracentrotus_lividus_EMBRYO_CO2899.00_pH8.09_T19.2,3.1357685150000001,19.2,Fertilization,Reproduction,NA,NA,NA,100,0.001905256,96.97,0,NA,TRUE,TRUE,-3.0768534E-2,1.21E-10,NA,NA,-2249.0769460000001,0.8,-1799.261557,No,Yes,NA,441,Alter et al. 2024,garcia e hernandez jc clemente s,paracentrotus lividus,fertilization,tph,100,96.97,0.001905,0,3,3,NA,NA,NA,NA,NA,NA,NA,NA,NA,NA,NA,NA,NA,NA,NA,NA,NA,NA,NA,NA,not_matched_in_alter_sheet,NA,NA
Alter et al. 2024,1821_AltersInvert,89,NA,NA,Yes,NA,"Garcia E, Hernandez JC, Clemente S",NA,2018,NA,NA,NA,NA,Marine,NA,Zooplankton,Meroplankton,Echinoderm,Sphaerechinus granularis,NA,NA,TpH,NA,NA,NA,3,3,NA,489,19.3,1433,21.2,944,1.8999999999999986,NA,NA,NA,89_Sphaerechinus_granularis_EMBRYO_CO2489.00_pH8.06_T19.3,3.1562461900000001,19.3,Fertilization,Reproduction,NA,NA,NA,98.48,7.101408311,95.94,7.621023553,NA,TRUE,TRUE,-2.6130486000000001E-2,3.8366139999999999E-3,NA,NA,-0.34483698000000002,0.8,-0.275869584,No,No,NA,442,Alter et al. 2024,garcia e hernandez jc clemente s,sphaerechinus granularis,fertilization,tph,98.48,95.94,7.101408,7.621024,3,3,NA,NA,NA,NA,NA,NA,NA,NA,NA,NA,NA,NA,NA,NA,NA,NA,NA,NA,NA,NA,not_matched_in_alter_sheet,NA,NA
Alter et al. 2024,1823_AltersInvert,89,NA,NA,Yes,NA,"Garcia E, Hernandez JC, Clemente S",NA,2018,NA,NA,NA,NA,Marine,NA,Zooplankton,Meroplankton,Echinoderm,Paracentrotus lividus,NA,NA,TpH,NA,NA,NA,3,3,NA,899,19.2,1293,21.3,394,2.1000000000000014,NA,NA,NA,89_Paracentrotus_lividus_EMBRYO_CO2899.00_pH8.09_T19.2,3.1115985249999998,19.2,Fertilization,Development,NA,NA,NA,100,0,97.98,1.004589468,NA,FALSE,TRUE,-2.0406810000000001E-2,3.4999999999999997E-5,NA,NA,-2.843660506,0.8,-2.2749284049999998,No,No,NA,443,Alter et al. 2024,garcia e hernandez jc clemente s,paracentrotus lividus,fertilization,tph,100,97.98,0,1.004589,3,3,NA,NA,NA,NA,NA,NA,NA,NA,NA,NA,NA,NA,NA,NA,NA,NA,NA,NA,NA,NA,not_matched_in_alter_sheet,NA,NA
Alter et al. 2024,2033_AltersInvert,197,NA,NA,Yes,NA,"Gianguzza P, Visconti G, Gianguzza F, Vizzini S, Sara G, Dupont S",NA,2015,NA,NA,NA,NA,Marine,NA,Zooplankton,Meroplankton,Echinoderm,Arbacia lixula,NA,NA,pH,NA,NA,NA,6,6,NA,498,20.4,1001,20.3,503,-0.09999999999999787,NA,NA,NA,197_Arbacia_lixula_EMBRYO_CO2498.00_pH8.16_T20.4,3.000434077,20.4,Survival,Survival,NA,NA,NA,11.14,20.64919853,58.73,44.26227965,NA,FALSE,FALSE,1.6624084349999999,0.66731056600000005,NA,NA,1.3779626949999999,0.923076923,1.2719655649999999,No,No,NA,444,Alter et al. 2024,gianguzza p visconti g gianguzza f vizzini s sara g dupont s,arbacia lixula,survival,ph,11.14,58.73,20.649199,44.26228,6,6,NA,NA,NA,NA,NA,NA,NA,NA,NA,NA,NA,NA,NA,NA,NA,NA,NA,NA,NA,NA,not_matched_in_alter_sheet,NA,NA
Alter et al. 2024,2070_AltersInvert,197,NA,NA,Yes,NA,"Gianguzza P, Visconti G, Gianguzza F, Vizzini S, Sara G, Dupont S",NA,2015,NA,NA,NA,NA,Marine,NA,Zooplankton,Meroplankton,Echinoderm,Arbacia lixula,NA,NA,T,NA,NA,NA,6,6,NA,498,20.4,509,26.1,11,5.700000000000003,NA,NA,NA,197_Arbacia_lixula_EMBRYO_CO2498.00_pH8.16_T20.4,2.7067177820000001,20.4,Fertilization,Reproduction,NA,NA,NA,85.86,13.47219359,52.87,55.79937634,NA,FALSE,FALSE,-0.48488199300000001,0.18975077500000001,NA,NA,-0.81276494600000004,0.923076923,-0.75024456500000003,No,No,NA,445,Alter et al. 2024,gianguzza p visconti g gianguzza f vizzini s sara g dupont s,arbacia lixula,fertilization,t,85.86,52.87,13.472194,55.799376,6,6,NA,NA,NA,NA,NA,NA,NA,NA,NA,NA,NA,NA,NA,NA,NA,NA,NA,NA,NA,NA,not_matched_in_alter_sheet,NA,NA
Alter et al. 2024,2030_AltersInvert,197,NA,NA,Yes,NA,"Gianguzza P, Visconti G, Gianguzza F, Vizzini S, Sara G, Dupont S",NA,2014,NA,NA,NA,NA,Marine,NA,Zooplankton,Meroplankton,Echinoderm,Arbacia lixula,NA,NA,T,NA,NA,NA,6,6,NA,498,20.4,544,26.9,46,6.5,NA,NA,NA,197_Arbacia_lixula_EMBRYO_CO2498.00_pH8.16_T20.4,2.7355988999999998,20.4,Fertilization,Reproduction,NA,NA,NA,85.86,13.47219359,1.83,3.919183588,NA,TRUE,FALSE,-3.848402096,0.76853350899999995,NA,NA,-8.4697505750000008,0.923076923,-7.8182312999999999,No,No,NA,446,Alter et al. 2024,gianguzza p visconti g gianguzza f vizzini s sara g dupont s,arbacia lixula,fertilization,t,85.86,1.83,13.472194,3.919184,6,6,NA,NA,NA,NA,NA,NA,NA,NA,NA,NA,NA,NA,NA,NA,NA,NA,NA,NA,NA,NA,not_matched_in_alter_sheet,NA,NA
Alter et al. 2024,2052_AltersInvert,197,NA,NA,Yes,NA,"Gianguzza P, Visconti G, Gianguzza F, Vizzini S, Sara G, Dupont S",NA,2015,NA,NA,NA,NA,Marine,NA,Zooplankton,Meroplankton,Echinoderm,Arbacia lixula,NA,NA,TpH,NA,NA,NA,6,6,NA,498,20.4,1166,24.5,668,4.100000000000001,NA,NA,NA,197_Arbacia_lixula_EMBRYO_CO2498.00_pH8.16_T20.4,3.0666985499999999,20.4,Survival,Survival,NA,NA,NA,11.14,20.64919853,50.3,39.09385629,NA,FALSE,FALSE,1.5074628430000001,0.67332096299999999,NA,NA,1.2526089600000001,0.923076923,1.1562544239999999,No,No,NA,447,Alter et al. 2024,gianguzza p visconti g gianguzza f vizzini s sara g dupont s,arbacia lixula,survival,tph,11.14,50.3,20.649199,39.093856,6,6,NA,NA,NA,NA,NA,NA,NA,NA,NA,NA,NA,NA,NA,NA,NA,NA,NA,NA,NA,NA,not_matched_in_alter_sheet,NA,NA
Alter et al. 2024,2074_AltersInvert,197,NA,NA,Yes,NA,"Gianguzza P, Visconti G, Gianguzza F, Vizzini S, Sara G, Dupont S",NA,2015,NA,NA,NA,NA,Marine,NA,Zooplankton,Meroplankton,Echinoderm,Arbacia lixula,NA,NA,TpH,NA,NA,NA,6,6,NA,498,20.4,895,26,397,5.600000000000001,NA,NA,NA,197_Arbacia_lixula_EMBRYO_CO2498.00_pH8.16_T20.4,2.9518230349999999,20.4,Fertilization,Reproduction,NA,NA,NA,85.86,13.47219359,55.75,50.01858055,NA,FALSE,FALSE,-0.43184065199999999,0.138262991,NA,NA,-0.82202762399999996,0.923076923,-0.75879472999999997,No,No,NA,448,Alter et al. 2024,gianguzza p visconti g gianguzza f vizzini s sara g dupont s,arbacia lixula,fertilization,tph,85.86,55.75,13.472194,50.018581,6,6,NA,NA,NA,NA,NA,NA,NA,NA,NA,NA,NA,NA,NA,NA,NA,NA,NA,NA,NA,NA,not_matched_in_alter_sheet,NA,NA
Alter et al. 2024,2078_AltersInvert,197,NA,NA,Yes,NA,"Gianguzza P, Visconti G, Gianguzza F, Vizzini S, Sara G, Dupont S",NA,2015,NA,NA,NA,NA,Marine,NA,Zooplankton,Meroplankton,Echinoderm,Arbacia lixula,NA,NA,TpH,NA,NA,NA,6,6,NA,498,20.4,895,26,397,5.600000000000001,NA,NA,NA,197_Arbacia_lixula_EMBRYO_CO2498.00_pH8.16_T20.4,2.9518230349999999,20.4,Survival,Survival,NA,NA,NA,11.14,20.64919853,41.56,36.88931553,NA,FALSE,TRUE,1.316595932,0.70395439199999998,NA,NA,1.0176215449999999,0.923076923,0.93934296399999995,No,No,NA,449,Alter et al. 2024,gianguzza p visconti g gianguzza f vizzini s sara g dupont s,arbacia lixula,survival,tph,11.14,41.56,20.649199,36.889316,6,6,NA,NA,NA,NA,NA,NA,NA,NA,NA,NA,NA,NA,NA,NA,NA,NA,NA,NA,NA,NA,not_matched_in_alter_sheet,NA,NA
Alter et al. 2024,883_AltersInvert,93,NA,NA,Yes,NA,"Gravinese PM, Enochs IC, Manzello DP, van Woesik R",NA,2019,NA,NA,NA,NA,Marine,NA,Zooplankton,Meroplankton,Arthropoda,Menippe mercenaria,NA,NA,pH,NA,NA,NA,8,8,NA,484,30.1,1149,30,665,-0.10000000000000142,NA,NA,NA,93_Menippe_mercenaria_LARVA_CO2484.00_pHNA_T30.1,3.0603200290000001,30.1,Molt stage duration Z5,Development,NA,NA,NA,5.71,0.395979797,6.5,0.339411255,NA,FALSE,TRUE,0.12958315300000001,9.4198000000000003E-4,NA,NA,2.1421882710000002,0.945454545,2.025341638,No,No,NA,462,Alter et al. 2024,gravinese pm enochs ic manzello dp van woesik r,menippe mercenaria,molt stage duration z5,ph,5.71,6.5,0.39598,0.339411,8,8,NA,NA,NA,NA,NA,NA,NA,NA,NA,NA,NA,NA,NA,NA,NA,NA,NA,NA,NA,NA,not_matched_in_alter_sheet,NA,NA
Alter et al. 2024,882_AltersInvert,93,NA,NA,Yes,NA,"Gravinese PM, Enochs IC, Manzello DP, van Woesik R",NA,2019,NA,NA,NA,NA,Marine,NA,Zooplankton,Meroplankton,Arthropoda,Menippe mercenaria,NA,NA,T,NA,NA,NA,8,8,NA,484,30.1,524,32,40,1.8999999999999986,NA,NA,NA,93_Menippe_mercenaria_LARVA_CO2484.00_pHNA_T30.1,2.7193312870000002,30.1,Molt stage duration Z5,Development,NA,NA,NA,5.71,0.395979797,5.25,0.424264069,NA,TRUE,TRUE,-8.3990946999999996E-2,1.417478E-3,NA,NA,-1.1209514110000001,0.945454545,-1.0598086069999999,No,No,NA,463,Alter et al. 2024,gravinese pm enochs ic manzello dp van woesik r,menippe mercenaria,molt stage duration z5,t,5.71,5.25,0.39598,0.424264,8,8,NA,NA,NA,NA,NA,NA,NA,NA,NA,NA,NA,NA,NA,NA,NA,NA,NA,NA,NA,NA,not_matched_in_alter_sheet,NA,NA
Alter et al. 2024,881_AltersInvert,93,NA,NA,Yes,NA,"Gravinese PM, Enochs IC, Manzello DP, van Woesik R",NA,2019,NA,NA,NA,NA,Marine,NA,Zooplankton,Meroplankton,Arthropoda,Menippe mercenaria,NA,NA,TpH,NA,NA,NA,8,8,NA,484,30.1,1199,32,715,1.8999999999999986,NA,NA,NA,93_Menippe_mercenaria_LARVA_CO2484.00_pHNA_T30.1,3.0788191829999998,30.1,Molt stage duration Z5,Development,NA,NA,NA,5.71,0.395979797,5.16,0.45254834,NA,FALSE,TRUE,-0.101282444,1.562632E-3,NA,NA,-1.293491194,0.945454545,-1.222937129,No,No,NA,464,Alter et al. 2024,gravinese pm enochs ic manzello dp van woesik r,menippe mercenaria,molt stage duration z5,tph,5.71,5.16,0.39598,0.452548,8,8,NA,NA,NA,NA,NA,NA,NA,NA,NA,NA,NA,NA,NA,NA,NA,NA,NA,NA,NA,NA,not_matched_in_alter_sheet,NA,NA
Alter et al. 2024,734_AltersInvert,69,NA,NA,Yes,NA,"Hardy NA,  Byrne M",NA,2014,NA,NA,NA,NA,Marine,NA,Zooplankton,Meroplankton,Echinoderm,Heliocidaris tuberculata,NA,NA,pH,NA,NA,NA,9,9,NA,291,20,2089,20,1798,0,NA,NA,NA,69_Heliocidaris_tuberculata_LARVA_CO2291.00_pH8.16_T20.,3.31993844,20,Normal,Development,NA,NA,NA,96.15,3.99,79.13,7.38,NA,FALSE,TRUE,-0.194817402,1.157808E-3,NA,NA,-2.8690362710000001,0.952380952,-2.7324154960000002,No,No,NA,465,Alter et al. 2024,hardy na byrne m,heliocidaris tuberculata,normal,ph,96.15,79.13,3.99,7.38,9,9,NA,NA,NA,NA,NA,NA,NA,NA,NA,NA,NA,NA,NA,NA,NA,NA,NA,NA,NA,NA,not_matched_in_alter_sheet,NA,NA
Alter et al. 2024,749_AltersInvert,69,NA,NA,Yes,NA,"Hardy NA,  Byrne M",NA,2014,NA,NA,NA,NA,Marine,NA,Zooplankton,Meroplankton,Echinoderm,Heliocidaris erythrogramma,NA,NA,pH,NA,NA,NA,9,9,NA,291,20,1274,20,983,0,NA,NA,NA,69_Heliocidaris_erythrogramma_LARVA_CO2291.00_pH8.16_T20.,3.105169428,20,Normal,Development,NA,NA,NA,88.6,6.9,78.9,11.64,NA,FALSE,TRUE,-0.11595063,3.0921849999999999E-3,NA,NA,-1.0137784009999999,0.952380952,-0.96550323900000001,No,No,NA,466,Alter et al. 2024,hardy na byrne m,heliocidaris erythrogramma,normal,ph,88.6,78.9,6.9,11.64,9,9,NA,NA,NA,NA,NA,NA,NA,NA,NA,NA,NA,NA,NA,NA,NA,NA,NA,NA,NA,NA,not_matched_in_alter_sheet,NA,NA
Alter et al. 2024,750_AltersInvert,69,NA,NA,Yes,NA,"Hardy NA,  Byrne M",NA,2014,NA,NA,NA,NA,Marine,NA,Zooplankton,Meroplankton,Echinoderm,Heliocidaris tuberculata,NA,NA,pH,NA,NA,NA,9,9,NA,291,20,1274,20,983,0,NA,NA,NA,69_Heliocidaris_tuberculata_LARVA_CO2291.00_pH8.16_T20.,3.105169428,20,Normal,Development,NA,NA,NA,96.15,3.99,85.75,7.95,NA,FALSE,TRUE,-0.114473386,1.1463840000000001E-3,NA,NA,-1.653476634,0.952380952,-1.5747396520000001,No,No,NA,467,Alter et al. 2024,hardy na byrne m,heliocidaris tuberculata,normal,ph,96.15,85.75,3.99,7.95,9,9,NA,NA,NA,NA,NA,NA,NA,NA,NA,NA,NA,NA,NA,NA,NA,NA,NA,NA,NA,NA,not_matched_in_alter_sheet,NA,NA
Alter et al. 2024,753_AltersInvert,69,NA,NA,Yes,NA,"Hardy NA,  Byrne M",NA,2014,NA,NA,NA,NA,Marine,NA,Zooplankton,Meroplankton,Echinoderm,Heliocidaris erythrogramma,NA,NA,pH,NA,NA,NA,9,9,NA,291,20,2089,20,1798,0,NA,NA,NA,69_Heliocidaris_erythrogramma_LARVA_CO2291.00_pH8.16_T20.,3.31993844,20,Normal,Development,NA,NA,NA,88.6,6.9,80.84,10.92,NA,TRUE,TRUE,-9.1659964999999996E-2,2.7013390000000001E-3,NA,NA,-0.84958196500000005,0.952380952,-0.80912568100000004,No,No,NA,468,Alter et al. 2024,hardy na byrne m,heliocidaris erythrogramma,normal,ph,88.6,80.84,6.9,10.92,9,9,NA,NA,NA,NA,NA,NA,NA,NA,NA,NA,NA,NA,NA,NA,NA,NA,NA,NA,NA,NA,not_matched_in_alter_sheet,NA,NA
Alter et al. 2024,755_AltersInvert,69,NA,NA,Yes,NA,"Hardy NA,  Byrne M",NA,2014,NA,NA,NA,NA,Marine,NA,Zooplankton,Meroplankton,Echinoderm,Heliocidaris tuberculata,NA,NA,pH,NA,NA,NA,9,9,NA,291,20,768,20,477,0,NA,NA,NA,69_Heliocidaris_tuberculata_LARVA_CO2291.00_pH8.16_T20.,2.8853612200000001,20,Normal,Development,NA,NA,NA,96.15,3.99,91.04,3.99,NA,TRUE,TRUE,-5.4610501999999998E-2,4.0476100000000001E-4,NA,NA,-1.2807017540000001,0.952380952,-1.219715957,No,No,NA,469,Alter et al. 2024,hardy na byrne m,heliocidaris tuberculata,normal,ph,96.15,91.04,3.99,3.99,9,9,NA,NA,NA,NA,NA,NA,NA,NA,NA,NA,NA,NA,NA,NA,NA,NA,NA,NA,NA,NA,not_matched_in_alter_sheet,NA,NA
Alter et al. 2024,757_AltersInvert,69,NA,NA,Yes,NA,"Hardy NA,  Byrne M",NA,2014,NA,NA,NA,NA,Marine,NA,Zooplankton,Meroplankton,Echinoderm,Heliocidaris erythrogramma,NA,NA,pH,NA,NA,NA,9,9,NA,291,20,768,20,477,0,NA,NA,NA,69_Heliocidaris_erythrogramma_LARVA_CO2291.00_pH8.16_T20.,2.8853612200000001,20,Normal,Development,NA,NA,NA,88.6,6.9,85.69,6.18,NA,TRUE,TRUE,-3.3395725000000001E-2,1.2518169999999999E-3,NA,NA,-0.44428153999999997,0.952380952,-0.42312527700000002,No,No,NA,470,Alter et al. 2024,hardy na byrne m,heliocidaris erythrogramma,normal,ph,88.6,85.69,6.9,6.18,9,9,NA,NA,NA,NA,NA,NA,NA,NA,NA,NA,NA,NA,NA,NA,NA,NA,NA,NA,NA,NA,not_matched_in_alter_sheet,NA,NA
Alter et al. 2024,748_AltersInvert,69,NA,NA,Yes,NA,"Hardy NA,  Byrne M",NA,2014,NA,NA,NA,NA,Marine,NA,Zooplankton,Meroplankton,Echinoderm,Heliocidaris erythrogramma,NA,NA,T,NA,NA,NA,9,9,NA,291,20,267,24,-24,4,NA,NA,NA,69_Heliocidaris_erythrogramma_LARVA_CO2291.00_pH8.16_T20.,2.4265112609999999,20,Normal,Development,NA,NA,NA,88.6,6.9,78.18,12.36,NA,FALSE,TRUE,-0.12511799700000001,3.4510629999999999E-3,NA,NA,-1.041012547,0.952380952,-0.99144052100000002,No,No,NA,471,Alter et al. 2024,hardy na byrne m,heliocidaris erythrogramma,normal,t,88.6,78.18,6.9,12.36,9,9,NA,NA,NA,NA,NA,NA,NA,NA,NA,NA,NA,NA,NA,NA,NA,NA,NA,NA,NA,NA,not_matched_in_alter_sheet,NA,NA
Alter et al. 2024,756_AltersInvert,69,NA,NA,Yes,NA,"Hardy NA,  Byrne M",NA,2014,NA,NA,NA,NA,Marine,NA,Zooplankton,Meroplankton,Echinoderm,Heliocidaris tuberculata,NA,NA,T,NA,NA,NA,9,9,NA,291,20,267,24,-24,4,NA,NA,NA,69_Heliocidaris_tuberculata_LARVA_CO2291.00_pH8.16_T20.,2.4265112609999999,20,Normal,Development,NA,NA,NA,96.15,3.99,91.44,9.09,NA,FALSE,TRUE,-5.0226452999999997E-2,1.2893659999999999E-3,NA,NA,-0.67098306200000002,0.952380952,-0.63903148700000001,No,No,NA,472,Alter et al. 2024,hardy na byrne m,heliocidaris tuberculata,normal,t,96.15,91.44,3.99,9.09,9,9,NA,NA,NA,NA,NA,NA,NA,NA,NA,NA,NA,NA,NA,NA,NA,NA,NA,NA,NA,NA,not_matched_in_alter_sheet,NA,NA
Alter et al. 2024,727_AltersInvert,69,NA,NA,Yes,NA,"Hardy NA,  Byrne M",NA,2014,NA,NA,NA,NA,Marine,NA,Zooplankton,Meroplankton,Echinoderm,Heliocidaris erythrogramma,NA,NA,T,NA,NA,NA,9,9,NA,291,20,260,26,-31,6,NA,NA,NA,69_Heliocidaris_erythrogramma_LARVA_CO2291.00_pH8.16_T20.,2.4149733480000002,20,Normal,Development,NA,NA,NA,88.6,6.9,45.09,11.61,NA,FALSE,TRUE,-0.67547136500000005,8.0403929999999998E-3,NA,NA,-4.5560571599999999,0.952380952,-4.3391020569999998,No,No,NA,473,Alter et al. 2024,hardy na byrne m,heliocidaris erythrogramma,normal,t,88.6,45.09,6.9,11.61,9,9,NA,NA,NA,NA,NA,NA,NA,NA,NA,NA,NA,NA,NA,NA,NA,NA,NA,NA,NA,NA,not_matched_in_alter_sheet,NA,NA
Alter et al. 2024,752_AltersInvert,69,NA,NA,Yes,NA,"Hardy NA,  Byrne M",NA,2014,NA,NA,NA,NA,Marine,NA,Zooplankton,Meroplankton,Echinoderm,Heliocidaris tuberculata,NA,NA,T,NA,NA,NA,9,9,NA,291,20,260,26,-31,6,NA,NA,NA,69_Heliocidaris_tuberculata_LARVA_CO2291.00_pH8.16_T20.,2.4149733480000002,20,Normal,Development,NA,NA,NA,96.15,3.99,87.3,10.2,NA,TRUE,TRUE,-9.6559009000000001E-2,1.7081430000000001E-3,NA,NA,-1.1427200799999999,0.952380952,-1.088304838,No,No,NA,474,Alter et al. 2024,hardy na byrne m,heliocidaris tuberculata,normal,t,96.15,87.3,3.99,10.2,9,9,NA,NA,NA,NA,NA,NA,NA,NA,NA,NA,NA,NA,NA,NA,NA,NA,NA,NA,NA,NA,not_matched_in_alter_sheet,NA,NA
Alter et al. 2024,728_AltersInvert,69,NA,NA,Yes,NA,"Hardy NA,  Byrne M",NA,2014,NA,NA,NA,NA,Marine,NA,Zooplankton,Meroplankton,Echinoderm,Heliocidaris erythrogramma,NA,NA,TpH,NA,NA,NA,9,9,NA,291,20,758,26,467,6,NA,NA,NA,69_Heliocidaris_erythrogramma_LARVA_CO2291.00_pH8.16_T20.,2.879669206,20,Normal,Development,NA,NA,NA,88.6,6.9,48.48,10.17,NA,FALSE,TRUE,-0.60298051600000002,5.5634980000000001E-3,NA,NA,-4.6166985199999999,0.952380952,-4.3968557329999998,No,No,NA,475,Alter et al. 2024,hardy na byrne m,heliocidaris erythrogramma,normal,tph,88.6,48.48,6.9,10.17,9,9,NA,NA,NA,NA,NA,NA,NA,NA,NA,NA,NA,NA,NA,NA,NA,NA,NA,NA,NA,NA,not_matched_in_alter_sheet,NA,NA
Alter et al. 2024,729_AltersInvert,69,NA,NA,Yes,NA,"Hardy NA,  Byrne M",NA,2014,NA,NA,NA,NA,Marine,NA,Zooplankton,Meroplankton,Echinoderm,Heliocidaris erythrogramma,NA,NA,TpH,NA,NA,NA,9,9,NA,291,20,1274,26,983,6,NA,NA,NA,69_Heliocidaris_erythrogramma_LARVA_CO2291.00_pH8.16_T20.,3.105169428,20,Normal,Development,NA,NA,NA,88.6,6.9,50.9,10.2,NA,FALSE,TRUE,-0.55426893399999999,5.1358139999999998E-3,NA,NA,-4.3294740479999998,0.952380952,-4.1233086170000002,No,No,NA,476,Alter et al. 2024,hardy na byrne m,heliocidaris erythrogramma,normal,tph,88.6,50.9,6.9,10.2,9,9,NA,NA,NA,NA,NA,NA,NA,NA,NA,NA,NA,NA,NA,NA,NA,NA,NA,NA,NA,NA,not_matched_in_alter_sheet,NA,NA
Alter et al. 2024,730_AltersInvert,69,NA,NA,Yes,NA,"Hardy NA,  Byrne M",NA,2014,NA,NA,NA,NA,Marine,NA,Zooplankton,Meroplankton,Echinoderm,Heliocidaris erythrogramma,NA,NA,TpH,NA,NA,NA,9,9,NA,291,20,2108,26,1817,6,NA,NA,NA,69_Heliocidaris_erythrogramma_LARVA_CO2291.00_pH8.16_T20.,3.3238706069999999,20,Normal,Development,NA,NA,NA,88.6,6.9,51.15,14.55,NA,FALSE,TRUE,-0.549369365,9.6645619999999998E-3,NA,NA,-3.2889335100000001,0.952380952,-3.1323176290000001,No,No,NA,477,Alter et al. 2024,hardy na byrne m,heliocidaris erythrogramma,normal,tph,88.6,51.15,6.9,14.55,9,9,NA,NA,NA,NA,NA,NA,NA,NA,NA,NA,NA,NA,NA,NA,NA,NA,NA,NA,NA,NA,not_matched_in_alter_sheet,NA,NA
Alter et al. 2024,731_AltersInvert,69,NA,NA,Yes,NA,"Hardy NA,  Byrne M",NA,2014,NA,NA,NA,NA,Marine,NA,Zooplankton,Meroplankton,Echinoderm,Heliocidaris erythrogramma,NA,NA,TpH,NA,NA,NA,9,9,NA,291,20,1261,24,970,4,NA,NA,NA,69_Heliocidaris_erythrogramma_LARVA_CO2291.00_pH8.16_T20.,3.1007150870000002,20,Normal,Development,NA,NA,NA,88.6,6.9,67.63,15.99,NA,FALSE,TRUE,-0.270080186,6.8850910000000003E-3,NA,NA,-1.702881044,0.952380952,-1.6217914710000001,No,No,NA,478,Alter et al. 2024,hardy na byrne m,heliocidaris erythrogramma,normal,tph,88.6,67.63,6.9,15.99,9,9,NA,NA,NA,NA,NA,NA,NA,NA,NA,NA,NA,NA,NA,NA,NA,NA,NA,NA,NA,NA,not_matched_in_alter_sheet,NA,NA
Alter et al. 2024,732_AltersInvert,69,NA,NA,Yes,NA,"Hardy NA,  Byrne M",NA,2014,NA,NA,NA,NA,Marine,NA,Zooplankton,Meroplankton,Echinoderm,Heliocidaris erythrogramma,NA,NA,TpH,NA,NA,NA,9,9,NA,291,20,2094,24,1803,4,NA,NA,NA,69_Heliocidaris_erythrogramma_LARVA_CO2291.00_pH8.16_T20.,3.320976677,20,Normal,Development,NA,NA,NA,88.6,6.9,70.18,11.55,NA,FALSE,TRUE,-0.23306848699999999,3.6833909999999998E-3,NA,NA,-1.936200556,0.952380952,-1.8440005290000001,No,No,NA,479,Alter et al. 2024,hardy na byrne m,heliocidaris erythrogramma,normal,tph,88.6,70.18,6.9,11.55,9,9,NA,NA,NA,NA,NA,NA,NA,NA,NA,NA,NA,NA,NA,NA,NA,NA,NA,NA,NA,NA,not_matched_in_alter_sheet,NA,NA
Alter et al. 2024,733_AltersInvert,69,NA,NA,Yes,NA,"Hardy NA,  Byrne M",NA,2014,NA,NA,NA,NA,Marine,NA,Zooplankton,Meroplankton,Echinoderm,Heliocidaris tuberculata,NA,NA,TpH,NA,NA,NA,9,9,NA,291,20,1274,26,983,6,NA,NA,NA,69_Heliocidaris_tuberculata_LARVA_CO2291.00_pH8.16_T20.,3.105169428,20,Normal,Development,NA,NA,NA,96.15,3.99,78.03,13.62,NA,FALSE,TRUE,-0.208816104,3.5765720000000001E-3,NA,NA,-1.805581283,0.952380952,-1.7196012220000001,No,No,NA,480,Alter et al. 2024,hardy na byrne m,heliocidaris tuberculata,normal,tph,96.15,78.03,3.99,13.62,9,9,NA,NA,NA,NA,NA,NA,NA,NA,NA,NA,NA,NA,NA,NA,NA,NA,NA,NA,NA,NA,not_matched_in_alter_sheet,NA,NA
Alter et al. 2024,735_AltersInvert,69,NA,NA,Yes,NA,"Hardy NA,  Byrne M",NA,2014,NA,NA,NA,NA,Marine,NA,Zooplankton,Meroplankton,Echinoderm,Heliocidaris tuberculata,NA,NA,TpH,NA,NA,NA,9,9,NA,291,20,2094,24,1803,4,NA,NA,NA,69_Heliocidaris_tuberculata_LARVA_CO2291.00_pH8.16_T20.,3.320976677,20,Normal,Development,NA,NA,NA,96.15,3.99,79.34,9.66,NA,FALSE,TRUE,-0.192167057,1.838468E-3,NA,NA,-2.2745757950000001,0.952380952,-2.1662626619999998,No,No,NA,481,Alter et al. 2024,hardy na byrne m,heliocidaris tuberculata,normal,tph,96.15,79.34,3.99,9.66,9,9,NA,NA,NA,NA,NA,NA,NA,NA,NA,NA,NA,NA,NA,NA,NA,NA,NA,NA,NA,NA,not_matched_in_alter_sheet,NA,NA
Alter et al. 2024,736_AltersInvert,69,NA,NA,Yes,NA,"Hardy NA,  Byrne M",NA,2014,NA,NA,NA,NA,Marine,NA,Zooplankton,Meroplankton,Echinoderm,Heliocidaris tuberculata,NA,NA,TpH,NA,NA,NA,9,9,NA,291,20,2108,26,1817,6,NA,NA,NA,69_Heliocidaris_tuberculata_LARVA_CO2291.00_pH8.16_T20.,3.3238706069999999,20,Normal,Development,NA,NA,NA,96.15,3.99,79.74,8.52,NA,FALSE,TRUE,-0.18713813000000001,1.459821E-3,NA,NA,-2.4667559350000001,0.952380952,-2.3492913670000002,No,No,NA,482,Alter et al. 2024,hardy na byrne m,heliocidaris tuberculata,normal,tph,96.15,79.74,3.99,8.52,9,9,NA,NA,NA,NA,NA,NA,NA,NA,NA,NA,NA,NA,NA,NA,NA,NA,NA,NA,NA,NA,not_matched_in_alter_sheet,NA,NA
Alter et al. 2024,737_AltersInvert,69,NA,NA,Yes,NA,"Hardy NA,  Byrne M",NA,2014,NA,NA,NA,NA,Marine,NA,Zooplankton,Meroplankton,Echinoderm,Heliocidaris tuberculata,NA,NA,TpH,NA,NA,NA,9,9,NA,291,20,758,26,467,6,NA,NA,NA,69_Heliocidaris_tuberculata_LARVA_CO2291.00_pH8.16_T20.,2.879669206,20,Normal,Development,NA,NA,NA,96.15,3.99,80.3,10.2,NA,FALSE,TRUE,-0.18013985099999999,1.984118E-3,NA,NA,-2.0465664710000002,0.952380952,-1.949110925,No,No,NA,483,Alter et al. 2024,hardy na byrne m,heliocidaris tuberculata,normal,tph,96.15,80.3,3.99,10.2,9,9,NA,NA,NA,NA,NA,NA,NA,NA,NA,NA,NA,NA,NA,NA,NA,NA,NA,NA,NA,NA,not_matched_in_alter_sheet,NA,NA
Alter et al. 2024,738_AltersInvert,69,NA,NA,Yes,NA,"Hardy NA,  Byrne M",NA,2014,NA,NA,NA,NA,Marine,NA,Zooplankton,Meroplankton,Echinoderm,Heliocidaris erythrogramma,NA,NA,TpH,NA,NA,NA,9,9,NA,291,20,752,24,461,4,NA,NA,NA,69_Heliocidaris_erythrogramma_LARVA_CO2291.00_pH8.16_T20.,2.8762178409999999,20,Normal,Development,NA,NA,NA,88.6,6.9,76.84,10.56,NA,FALSE,TRUE,-0.14240652000000001,2.7723969999999998E-3,NA,NA,-1.3184237620000001,0.952380952,-1.2556416779999999,No,No,NA,484,Alter et al. 2024,hardy na byrne m,heliocidaris erythrogramma,normal,tph,88.6,76.84,6.9,10.56,9,9,NA,NA,NA,NA,NA,NA,NA,NA,NA,NA,NA,NA,NA,NA,NA,NA,NA,NA,NA,NA,not_matched_in_alter_sheet,NA,NA
Alter et al. 2024,751_AltersInvert,69,NA,NA,Yes,NA,"Hardy NA,  Byrne M",NA,2014,NA,NA,NA,NA,Marine,NA,Zooplankton,Meroplankton,Echinoderm,Heliocidaris tuberculata,NA,NA,TpH,NA,NA,NA,9,9,NA,291,20,1261,24,970,4,NA,NA,NA,69_Heliocidaris_tuberculata_LARVA_CO2291.00_pH8.16_T20.,3.1007150870000002,20,Normal,Development,NA,NA,NA,96.15,3.99,86.15,6.24,NA,FALSE,TRUE,-0.109819509,7.7426899999999996E-4,NA,NA,-1.9093968429999999,0.952380952,-1.8184731839999999,No,No,NA,485,Alter et al. 2024,hardy na byrne m,heliocidaris tuberculata,normal,tph,96.15,86.15,3.99,6.24,9,9,NA,NA,NA,NA,NA,NA,NA,NA,NA,NA,NA,NA,NA,NA,NA,NA,NA,NA,NA,NA,not_matched_in_alter_sheet,NA,NA
Alter et al. 2024,754_AltersInvert,69,NA,NA,Yes,NA,"Hardy NA,  Byrne M",NA,2014,NA,NA,NA,NA,Marine,NA,Zooplankton,Meroplankton,Echinoderm,Heliocidaris tuberculata,NA,NA,TpH,NA,NA,NA,9,9,NA,291,20,752,24,461,4,NA,NA,NA,69_Heliocidaris_tuberculata_LARVA_CO2291.00_pH8.16_T20.,2.8762178409999999,20,Normal,Development,NA,NA,NA,96.15,3.99,90.88,7.95,NA,TRUE,TRUE,-5.6369517000000001E-2,1.041606E-3,NA,NA,-0.83786748700000002,0.952380952,-0.79796903500000005,No,No,NA,486,Alter et al. 2024,hardy na byrne m,heliocidaris tuberculata,normal,tph,96.15,90.88,3.99,7.95,9,9,NA,NA,NA,NA,NA,NA,NA,NA,NA,NA,NA,NA,NA,NA,NA,NA,NA,NA,NA,NA,not_matched_in_alter_sheet,NA,NA
Alter et al. 2024,1018_AltersInvert,186,NA,NA,Yes,NA,"Jiang L, Sun YF, Zhang YY, Tian Y, Lei XM, Zhou GW, Yuan T, Yuan XC, Liu S, Huang H",NA,2021,NA,NA,NA,NA,Marine,NA,Zooplankton,Meroplankton,Cnidaria,Pocillopora damicornis,NA,NA,pH,NA,NA,NA,4,4,NA,516,28.7,1044,28.7,528,0,NA,NA,NA,186_Pocillopora_damicornis_LARVA_CO2516.00_pH8.10_T28.7,3.0187004989999999,28.7,Oxidative stress marker,Physiology,NA,NA,NA,25.51,8.56,34.9,2.84,NA,FALSE,TRUE,0.31341629700000001,2.9804724000000001E-2,NA,NA,1.4724163859999999,0.869565217,1.2803620739999999,No,No,NA,487,Alter et al. 2024,jiang l sun yf zhang yy tian y lei xm zhou gw yuan t yuan xc liu s huang h,pocillopora damicornis,oxidative stress marker,ph,25.51,34.9,8.56,2.84,4,4,NA,NA,NA,NA,NA,NA,NA,NA,NA,NA,NA,NA,NA,NA,NA,NA,NA,NA,NA,NA,not_matched_in_alter_sheet,NA,NA
Alter et al. 2024,1037_AltersInvert,186,NA,NA,Yes,NA,"Jiang L, Sun YF, Zhang YY, Tian Y, Lei XM, Zhou GW, Yuan T, Yuan XC, Liu S, Huang H",NA,2021,NA,NA,NA,NA,Marine,NA,Zooplankton,Meroplankton,Cnidaria,Pocillopora damicornis,NA,NA,pH,NA,NA,NA,4,4,NA,516,28.7,1044,28.7,528,0,NA,NA,NA,186_Pocillopora_damicornis_LARVA_CO2516.00_pH8.10_T28.7,3.0187004989999999,28.7,Survival,Survival,NA,NA,NA,97.53,3.18,94.22,4.24,NA,TRUE,TRUE,-3.4527549999999997E-2,7.7205100000000005E-4,NA,NA,-0.88321639500000004,0.869565217,-0.76801425599999995,No,No,NA,488,Alter et al. 2024,jiang l sun yf zhang yy tian y lei xm zhou gw yuan t yuan xc liu s huang h,pocillopora damicornis,survival,ph,97.53,94.22,3.18,4.24,4,4,NA,NA,NA,NA,NA,NA,NA,NA,NA,NA,NA,NA,NA,NA,NA,NA,NA,NA,NA,NA,not_matched_in_alter_sheet,NA,NA
Alter et al. 2024,1017_AltersInvert,186,NA,NA,Yes,NA,"Jiang L, Sun YF, Zhang YY, Tian Y, Lei XM, Zhou GW, Yuan T, Yuan XC, Liu S, Huang H",NA,2021,NA,NA,NA,NA,Marine,NA,Zooplankton,Meroplankton,Cnidaria,Pocillopora damicornis,NA,NA,T,NA,NA,NA,4,4,NA,516,28.7,518,31.2,2,2.5,NA,NA,NA,186_Pocillopora_damicornis_LARVA_CO2516.00_pH8.10_T28.7,2.71432976,28.7,Oxidative stress marker,Physiology,NA,NA,NA,25.51,8.56,37.14,14.28,NA,FALSE,TRUE,0.375624024,6.5107591000000006E-2,NA,NA,0.98788039500000002,0.869565217,0.85902643000000001,No,No,NA,489,Alter et al. 2024,jiang l sun yf zhang yy tian y lei xm zhou gw yuan t yuan xc liu s huang h,pocillopora damicornis,oxidative stress marker,t,25.51,37.14,8.56,14.28,4,4,NA,NA,NA,NA,NA,NA,NA,NA,NA,NA,NA,NA,NA,NA,NA,NA,NA,NA,NA,NA,not_matched_in_alter_sheet,NA,NA
Alter et al. 2024,1043_AltersInvert,186,NA,NA,Yes,NA,"Jiang L, Sun YF, Zhang YY, Tian Y, Lei XM, Zhou GW, Yuan T, Yuan XC, Liu S, Huang H",NA,2013,NA,NA,NA,NA,Marine,NA,Zooplankton,Meroplankton,Cnidaria,Pocillopora damicornis,NA,NA,T,NA,NA,NA,4,4,NA,516,28.7,518,31.2,2,2.5,NA,NA,NA,186_Pocillopora_damicornis_LARVA_CO2516.00_pH8.10_T28.7,2.71432976,28.7,Survival,Survival,NA,NA,NA,97.53,3.18,98.51,1.86,NA,FALSE,TRUE,9.9980429999999999E-3,3.54903E-4,NA,NA,0.37620030900000001,0.869565217,0.32713070399999999,No,No,NA,490,Alter et al. 2024,jiang l sun yf zhang yy tian y lei xm zhou gw yuan t yuan xc liu s huang h,pocillopora damicornis,survival,t,97.53,98.51,3.18,1.86,4,4,NA,NA,NA,NA,NA,NA,NA,NA,NA,NA,NA,NA,NA,NA,NA,NA,NA,NA,NA,NA,not_matched_in_alter_sheet,NA,NA
Alter et al. 2024,1034_AltersInvert,186,NA,NA,Yes,NA,"Jiang L, Sun YF, Zhang YY, Tian Y, Lei XM, Zhou GW, Yuan T, Yuan XC, Liu S, Huang H",NA,2021,NA,NA,NA,NA,Marine,NA,Zooplankton,Meroplankton,Cnidaria,Pocillopora damicornis,NA,NA,T,NA,NA,NA,4,4,NA,516,28.7,524,31.8,8,3.1000000000000014,NA,NA,NA,186_Pocillopora_damicornis_LARVA_CO2516.00_pH8.10_T28.7,2.7193312870000002,28.7,Oxidative stress marker,Physiology,NA,NA,NA,25.51,8.56,32.85,6.94,NA,FALSE,TRUE,0.25288121299999999,3.9307283999999998E-2,NA,NA,0.94196590899999999,0.869565217,0.81910079000000002,No,No,NA,491,Alter et al. 2024,jiang l sun yf zhang yy tian y lei xm zhou gw yuan t yuan xc liu s huang h,pocillopora damicornis,oxidative stress marker,t,25.51,32.85,8.56,6.94,4,4,NA,NA,NA,NA,NA,NA,NA,NA,NA,NA,NA,NA,NA,NA,NA,NA,NA,NA,NA,NA,not_matched_in_alter_sheet,NA,NA
Alter et al. 2024,1041_AltersInvert,186,NA,NA,Yes,NA,"Jiang L, Sun YF, Zhang YY, Tian Y, Lei XM, Zhou GW, Yuan T, Yuan XC, Liu S, Huang H",NA,2013,NA,NA,NA,NA,Marine,NA,Zooplankton,Meroplankton,Cnidaria,Pocillopora damicornis,NA,NA,T,NA,NA,NA,4,4,NA,516,28.7,524,31.8,8,3.1000000000000014,NA,NA,NA,186_Pocillopora_damicornis_LARVA_CO2516.00_pH8.10_T28.7,2.7193312870000002,28.7,Survival,Survival,NA,NA,NA,97.53,3.18,96.41,0,NA,TRUE,TRUE,-1.1550092E-2,2.6577699999999997E-4,NA,NA,-0.49808779600000003,0.869565217,-0.43311982199999999,No,No,NA,492,Alter et al. 2024,jiang l sun yf zhang yy tian y lei xm zhou gw yuan t yuan xc liu s huang h,pocillopora damicornis,survival,t,97.53,96.41,3.18,0,4,4,NA,NA,NA,NA,NA,NA,NA,NA,NA,NA,NA,NA,NA,NA,NA,NA,NA,NA,NA,NA,not_matched_in_alter_sheet,NA,NA
Alter et al. 2024,1019_AltersInvert,186,NA,NA,Yes,NA,"Jiang L, Sun YF, Zhang YY, Tian Y, Lei XM, Zhou GW, Yuan T, Yuan XC, Liu S, Huang H",NA,2021,NA,NA,NA,NA,Marine,NA,Zooplankton,Meroplankton,Cnidaria,Pocillopora damicornis,NA,NA,T,NA,NA,NA,4,4,NA,516,28.7,553,32.8,37,4.099999999999998,NA,NA,NA,186_Pocillopora_damicornis_LARVA_CO2516.00_pH8.10_T28.7,2.7427251309999998,28.7,Oxidative stress marker,Physiology,NA,NA,NA,25.51,8.56,33.87,3.68,NA,FALSE,TRUE,0.28345913499999997,3.1100480999999999E-2,NA,NA,1.2688824460000001,0.869565217,1.1033760399999999,No,No,NA,493,Alter et al. 2024,jiang l sun yf zhang yy tian y lei xm zhou gw yuan t yuan xc liu s huang h,pocillopora damicornis,oxidative stress marker,t,25.51,33.87,8.56,3.68,4,4,NA,NA,NA,NA,NA,NA,NA,NA,NA,NA,NA,NA,NA,NA,NA,NA,NA,NA,NA,NA,not_matched_in_alter_sheet,NA,NA
Alter et al. 2024,1038_AltersInvert,186,NA,NA,Yes,NA,"Jiang L, Sun YF, Zhang YY, Tian Y, Lei XM, Zhou GW, Yuan T, Yuan XC, Liu S, Huang H",NA,2021,NA,NA,NA,NA,Marine,NA,Zooplankton,Meroplankton,Cnidaria,Pocillopora damicornis,NA,NA,T,NA,NA,NA,4,4,NA,516,28.7,553,32.8,37,4.099999999999998,NA,NA,NA,186_Pocillopora_damicornis_LARVA_CO2516.00_pH8.10_T28.7,2.7427251309999998,28.7,Survival,Survival,NA,NA,NA,97.53,3.18,94.31,7.42,NA,TRUE,TRUE,-3.3572794000000003E-2,1.813283E-3,NA,NA,-0.56409338600000003,0.869565217,-0.49051598800000001,No,No,NA,494,Alter et al. 2024,jiang l sun yf zhang yy tian y lei xm zhou gw yuan t yuan xc liu s huang h,pocillopora damicornis,survival,t,97.53,94.31,3.18,7.42,4,4,NA,NA,NA,NA,NA,NA,NA,NA,NA,NA,NA,NA,NA,NA,NA,NA,NA,NA,NA,NA,not_matched_in_alter_sheet,NA,NA
Alter et al. 2024,1016_AltersInvert,186,NA,NA,Yes,NA,"Jiang L, Sun YF, Zhang YY, Tian Y, Lei XM, Zhou GW, Yuan T, Yuan XC, Liu S, Huang H",NA,2021,NA,NA,NA,NA,Marine,NA,Zooplankton,Meroplankton,Cnidaria,Pocillopora damicornis,NA,NA,TpH,NA,NA,NA,4,4,NA,516,28.7,1014,31.8,498,3.1000000000000014,NA,NA,NA,186_Pocillopora_damicornis_LARVA_CO2516.00_pH8.10_T28.7,3.006037955,28.7,Oxidative stress marker,Physiology,NA,NA,NA,25.51,8.56,37.55,4.08,NA,FALSE,TRUE,0.386602846,3.1100721000000001E-2,NA,NA,1.795615459,0.869565217,1.5614047470000001,No,No,NA,495,Alter et al. 2024,jiang l sun yf zhang yy tian y lei xm zhou gw yuan t yuan xc liu s huang h,pocillopora damicornis,oxidative stress marker,tph,25.51,37.55,8.56,4.08,4,4,NA,NA,NA,NA,NA,NA,NA,NA,NA,NA,NA,NA,NA,NA,NA,NA,NA,NA,NA,NA,not_matched_in_alter_sheet,NA,NA
Alter et al. 2024,1035_AltersInvert,186,NA,NA,Yes,NA,"Jiang L, Sun YF, Zhang YY, Tian Y, Lei XM, Zhou GW, Yuan T, Yuan XC, Liu S, Huang H",NA,2021,NA,NA,NA,NA,Marine,NA,Zooplankton,Meroplankton,Cnidaria,Pocillopora damicornis,NA,NA,TpH,NA,NA,NA,4,4,NA,516,28.7,1010,32.9,494,4.199999999999999,NA,NA,NA,186_Pocillopora_damicornis_LARVA_CO2516.00_pH8.10_T28.7,3.0043213739999999,28.7,Oxidative stress marker,Physiology,NA,NA,NA,25.51,8.56,29.18,4.9,NA,FALSE,TRUE,0.134413011,3.5198790000000001E-2,NA,NA,0.52621260299999995,0.869565217,0.45757617699999997,No,No,NA,496,Alter et al. 2024,jiang l sun yf zhang yy tian y lei xm zhou gw yuan t yuan xc liu s huang h,pocillopora damicornis,oxidative stress marker,tph,25.51,29.18,8.56,4.9,4,4,NA,NA,NA,NA,NA,NA,NA,NA,NA,NA,NA,NA,NA,NA,NA,NA,NA,NA,NA,NA,not_matched_in_alter_sheet,NA,NA
Alter et al. 2024,1036_AltersInvert,186,NA,NA,Yes,NA,"Jiang L, Sun YF, Zhang YY, Tian Y, Lei XM, Zhou GW, Yuan T, Yuan XC, Liu S, Huang H",NA,2021,NA,NA,NA,NA,Marine,NA,Zooplankton,Meroplankton,Cnidaria,Pocillopora damicornis,NA,NA,TpH,NA,NA,NA,4,4,NA,516,28.7,1012,31.1,496,2.400000000000002,NA,NA,NA,186_Pocillopora_damicornis_LARVA_CO2516.00_pH8.10_T28.7,3.005180513,28.7,Oxidative stress marker,Physiology,NA,NA,NA,25.51,8.56,28.57,6.12,NA,FALSE,TRUE,0.113286684,3.9620794000000001E-2,NA,NA,0.41125169099999997,0.869565217,0.35761016600000001,No,No,NA,497,Alter et al. 2024,jiang l sun yf zhang yy tian y lei xm zhou gw yuan t yuan xc liu s huang h,pocillopora damicornis,oxidative stress marker,tph,25.51,28.57,8.56,6.12,4,4,NA,NA,NA,NA,NA,NA,NA,NA,NA,NA,NA,NA,NA,NA,NA,NA,NA,NA,NA,NA,not_matched_in_alter_sheet,NA,NA
Alter et al. 2024,1039_AltersInvert,186,NA,NA,Yes,NA,"Jiang L, Sun YF, Zhang YY, Tian Y, Lei XM, Zhou GW, Yuan T, Yuan XC, Liu S, Huang H",NA,2013,NA,NA,NA,NA,Marine,NA,Zooplankton,Meroplankton,Cnidaria,Pocillopora damicornis,NA,NA,TpH,NA,NA,NA,4,4,NA,516,28.7,1014,31.8,498,3.1000000000000014,NA,NA,NA,186_Pocillopora_damicornis_LARVA_CO2516.00_pH8.10_T28.7,3.006037955,28.7,Survival,Survival,NA,NA,NA,97.53,3.18,94.95,5.56,NA,TRUE,TRUE,-2.6809586E-2,1.1230120000000001E-3,NA,NA,-0.56964608400000005,0.869565217,-0.49534442099999998,No,No,NA,498,Alter et al. 2024,jiang l sun yf zhang yy tian y lei xm zhou gw yuan t yuan xc liu s huang h,pocillopora damicornis,survival,tph,97.53,94.95,3.18,5.56,4,4,NA,NA,NA,NA,NA,NA,NA,NA,NA,NA,NA,NA,NA,NA,NA,NA,NA,NA,NA,NA,not_matched_in_alter_sheet,NA,NA
Alter et al. 2024,1040_AltersInvert,186,NA,NA,Yes,NA,"Jiang L, Sun YF, Zhang YY, Tian Y, Lei XM, Zhou GW, Yuan T, Yuan XC, Liu S, Huang H",NA,2013,NA,NA,NA,NA,Marine,NA,Zooplankton,Meroplankton,Cnidaria,Pocillopora damicornis,NA,NA,TpH,NA,NA,NA,4,4,NA,516,28.7,1010,32.9,494,4.199999999999999,NA,NA,NA,186_Pocillopora_damicornis_LARVA_CO2516.00_pH8.10_T28.7,3.0043213739999999,28.7,Survival,Survival,NA,NA,NA,97.53,3.18,95.9,4.5,NA,TRUE,TRUE,-1.6854041E-2,8.1623999999999998E-4,NA,NA,-0.41834497199999998,0.869565217,-0.36377823599999998,No,No,NA,499,Alter et al. 2024,jiang l sun yf zhang yy tian y lei xm zhou gw yuan t yuan xc liu s huang h,pocillopora damicornis,survival,tph,97.53,95.9,3.18,4.5,4,4,NA,NA,NA,NA,NA,NA,NA,NA,NA,NA,NA,NA,NA,NA,NA,NA,NA,NA,NA,NA,not_matched_in_alter_sheet,NA,NA
Alter et al. 2024,1042_AltersInvert,186,NA,NA,Yes,NA,"Jiang L, Sun YF, Zhang YY, Tian Y, Lei XM, Zhou GW, Yuan T, Yuan XC, Liu S, Huang H",NA,2013,NA,NA,NA,NA,Marine,NA,Zooplankton,Meroplankton,Cnidaria,Pocillopora damicornis,NA,NA,TpH,NA,NA,NA,4,4,NA,516,28.7,1012,31.1,496,2.400000000000002,NA,NA,NA,186_Pocillopora_damicornis_LARVA_CO2516.00_pH8.10_T28.7,3.005180513,28.7,Survival,Survival,NA,NA,NA,97.53,3.18,96.79,2.92,NA,TRUE,TRUE,-7.6163400000000001E-3,4.9330999999999995E-4,NA,NA,-0.242402862,0.869565217,-0.210785098,No,No,NA,500,Alter et al. 2024,jiang l sun yf zhang yy tian y lei xm zhou gw yuan t yuan xc liu s huang h,pocillopora damicornis,survival,tph,97.53,96.79,3.18,2.92,4,4,NA,NA,NA,NA,NA,NA,NA,NA,NA,NA,NA,NA,NA,NA,NA,NA,NA,NA,NA,NA,not_matched_in_alter_sheet,NA,NA
Alter et al. 2024,1099_AltersInvert,198,NA,NA,Yes,NA,"Kamya PZ, Dworjanyn SA, Hardy N, Mos B, Uthicke S, Byrne M",NA,2014,NA,NA,NA,NA,Marine,NA,Zooplankton,Meroplankton,Echinoderm,Acanthaster planci,NA,NA,pH,NA,NA,NA,5,5,NA,477,26.3,1895,26.3,1418,0,NA,NA,NA,198_Acanthaster_planci_LARVA_CO2477.00_pH8.10_T26.3,3.2776092139999999,26.3,Normal,Development,NA,NA,NA,70.26,5.433645185,45.56,13.99778554,NA,FALSE,TRUE,-0.43317250800000001,2.0075276999999999E-2,NA,NA,-2.3263485909999999,0.903225806,-2.1012180819999999,No,No,NA,501,Alter et al. 2024,kamya pz dworjanyn sa hardy n mos b uthicke s byrne m,acanthaster planci,normal,ph,70.26,45.56,5.433645,13.997786,5,5,NA,NA,NA,NA,NA,NA,NA,NA,NA,NA,NA,NA,NA,NA,NA,NA,NA,NA,NA,NA,not_matched_in_alter_sheet,NA,NA
Alter et al. 2024,1101_AltersInvert,198,NA,NA,Yes,NA,"Kamya PZ, Dworjanyn SA, Hardy N, Mos B, Uthicke S, Byrne M",NA,2014,NA,NA,NA,NA,Marine,NA,Zooplankton,Meroplankton,Echinoderm,Acanthaster planci,NA,NA,pH,NA,NA,NA,5,5,NA,477,26.3,1060,26.3,583,0,NA,NA,NA,198_Acanthaster_planci_LARVA_CO2477.00_pH8.10_T26.3,3.025305865,26.3,Normal,Development,NA,NA,NA,70.26,5.433645185,57.39,4.651021393,NA,FALSE,TRUE,-0.20233257499999999,2.5097520000000001E-3,NA,NA,-2.5447383389999998,0.903225806,-2.2984733390000001,No,No,NA,502,Alter et al. 2024,kamya pz dworjanyn sa hardy n mos b uthicke s byrne m,acanthaster planci,normal,ph,70.26,57.39,5.433645,4.651021,5,5,NA,NA,NA,NA,NA,NA,NA,NA,NA,NA,NA,NA,NA,NA,NA,NA,NA,NA,NA,NA,not_matched_in_alter_sheet,NA,NA
Alter et al. 2024,1111_AltersInvert,198,NA,NA,Yes,NA,"Kamya PZ, Dworjanyn SA, Hardy N, Mos B, Uthicke S, Byrne M",NA,2014,NA,NA,NA,NA,Marine,NA,Zooplankton,Meroplankton,Echinoderm,Acanthaster planci,NA,NA,pH,NA,NA,NA,5,5,NA,477,26.3,1895,26.3,1418,0,NA,NA,NA,198_Acanthaster_planci_LARVA_CO2477.00_pH8.10_T26.3,3.2776092139999999,26.3,Length,Growth,NA,NA,NA,1.5,0.04472136,1.31,0.04472136,NA,FALSE,TRUE,-0.13543797099999999,4.1086399999999999E-4,NA,NA,-4.2485291570000001,0.903225806,-3.8373811739999999,No,No,NA,503,Alter et al. 2024,kamya pz dworjanyn sa hardy n mos b uthicke s byrne m,acanthaster planci,length,ph,1.5,1.31,0.044721,0.044721,5,5,NA,NA,NA,NA,NA,NA,NA,NA,NA,NA,NA,NA,NA,NA,NA,NA,NA,NA,NA,NA,not_matched_in_alter_sheet,NA,NA
Alter et al. 2024,1114_AltersInvert,198,NA,NA,Yes,NA,"Kamya PZ, Dworjanyn SA, Hardy N, Mos B, Uthicke S, Byrne M",NA,2015,NA,NA,NA,NA,Marine,NA,Zooplankton,Meroplankton,Echinoderm,Acanthaster planci,NA,NA,pH,NA,NA,NA,5,5,NA,477,26.3,1060,26.3,583,0,NA,NA,NA,198_Acanthaster_planci_LARVA_CO2477.00_pH8.10_T26.3,3.025305865,26.3,Length,Growth,NA,NA,NA,1.5,0.04472136,1.45,0.089442719,NA,TRUE,TRUE,-3.3901552000000001E-2,9.3877700000000001E-4,NA,NA,-0.70710678100000002,0.903225806,-0.63867709299999997,No,No,NA,504,Alter et al. 2024,kamya pz dworjanyn sa hardy n mos b uthicke s byrne m,acanthaster planci,length,ph,1.5,1.45,0.044721,0.089443,5,5,NA,NA,NA,NA,NA,NA,NA,NA,NA,NA,NA,NA,NA,NA,NA,NA,NA,NA,NA,NA,not_matched_in_alter_sheet,NA,NA
Alter et al. 2024,1115_AltersInvert,198,NA,NA,Yes,NA,"Kamya PZ, Dworjanyn SA, Hardy N, Mos B, Uthicke S, Byrne M",NA,2015,NA,NA,NA,NA,Marine,NA,Zooplankton,Meroplankton,Echinoderm,Acanthaster planci,NA,NA,T,NA,NA,NA,5,5,NA,477,26.3,480,27.8,3,1.5,NA,NA,NA,198_Acanthaster_planci_LARVA_CO2477.00_pH8.10_T26.3,2.6812412370000001,26.3,Length,Growth,NA,NA,NA,1.5,0.04472136,1.54,0.04472136,NA,TRUE,TRUE,2.6317308000000001E-2,3.4644E-4,NA,NA,0.89442719100000001,0.903225806,0.80786972099999999,No,No,NA,505,Alter et al. 2024,kamya pz dworjanyn sa hardy n mos b uthicke s byrne m,acanthaster planci,length,t,1.5,1.54,0.044721,0.044721,5,5,NA,NA,NA,NA,NA,NA,NA,NA,NA,NA,NA,NA,NA,NA,NA,NA,NA,NA,NA,NA,not_matched_in_alter_sheet,NA,NA
Alter et al. 2024,1116_AltersInvert,198,NA,NA,Yes,NA,"Kamya PZ, Dworjanyn SA, Hardy N, Mos B, Uthicke S, Byrne M",NA,2015,NA,NA,NA,NA,Marine,NA,Zooplankton,Meroplankton,Echinoderm,Acanthaster planci,NA,NA,T,NA,NA,NA,5,5,NA,477,26.3,480,27.8,3,1.5,NA,NA,NA,198_Acanthaster_planci_LARVA_CO2477.00_pH8.10_T26.3,2.6812412370000001,26.3,Normal,Development,NA,NA,NA,70.26,5.433645185,74.43,3.1081344889999998,NA,TRUE,TRUE,5.7656440000000003E-2,1.544945E-3,NA,NA,0.94208725199999999,0.903225806,0.85091751800000004,No,No,NA,506,Alter et al. 2024,kamya pz dworjanyn sa hardy n mos b uthicke s byrne m,acanthaster planci,normal,t,70.26,74.43,5.433645,3.108134,5,5,NA,NA,NA,NA,NA,NA,NA,NA,NA,NA,NA,NA,NA,NA,NA,NA,NA,NA,NA,NA,not_matched_in_alter_sheet,NA,NA
Alter et al. 2024,1100_AltersInvert,198,NA,NA,Yes,NA,"Kamya PZ, Dworjanyn SA, Hardy N, Mos B, Uthicke S, Byrne M",NA,2014,NA,NA,NA,NA,Marine,NA,Zooplankton,Meroplankton,Echinoderm,Acanthaster planci,NA,NA,TpH,NA,NA,NA,5,5,NA,477,26.3,1919,27.8,1442,1.5,NA,NA,NA,198_Acanthaster_planci_LARVA_CO2477.00_pH8.10_T26.3,3.2830749749999999,26.3,Normal,Development,NA,NA,NA,70.26,5.433645185,51.82,7.781516562,NA,FALSE,TRUE,-0.304426472,5.7060460000000002E-3,NA,NA,-2.7477053740000001,0.903225806,-2.4817984019999999,No,No,NA,507,Alter et al. 2024,kamya pz dworjanyn sa hardy n mos b uthicke s byrne m,acanthaster planci,normal,tph,70.26,51.82,5.433645,7.781517,5,5,NA,NA,NA,NA,NA,NA,NA,NA,NA,NA,NA,NA,NA,NA,NA,NA,NA,NA,NA,NA,not_matched_in_alter_sheet,NA,NA
Alter et al. 2024,1110_AltersInvert,198,NA,NA,Yes,NA,"Kamya PZ, Dworjanyn SA, Hardy N, Mos B, Uthicke S, Byrne M",NA,2014,NA,NA,NA,NA,Marine,NA,Zooplankton,Meroplankton,Echinoderm,Acanthaster planci,NA,NA,TpH,NA,NA,NA,5,5,NA,477,26.3,1919,27.8,1442,1.5,NA,NA,NA,198_Acanthaster_planci_LARVA_CO2477.00_pH8.10_T26.3,3.2830749749999999,26.3,Length,Growth,NA,NA,NA,1.5,0.04472136,1.25,0.04472136,NA,FALSE,TRUE,-0.182321557,4.3377800000000001E-4,NA,NA,-5.5901699440000003,0.903225806,-5.049185756,No,No,NA,508,Alter et al. 2024,kamya pz dworjanyn sa hardy n mos b uthicke s byrne m,acanthaster planci,length,tph,1.5,1.25,0.044721,0.044721,5,5,NA,NA,NA,NA,NA,NA,NA,NA,NA,NA,NA,NA,NA,NA,NA,NA,NA,NA,NA,NA,not_matched_in_alter_sheet,NA,NA
Alter et al. 2024,1112_AltersInvert,198,NA,NA,Yes,NA,"Kamya PZ, Dworjanyn SA, Hardy N, Mos B, Uthicke S, Byrne M",NA,2015,NA,NA,NA,NA,Marine,NA,Zooplankton,Meroplankton,Echinoderm,Acanthaster planci,NA,NA,TpH,NA,NA,NA,5,5,NA,477,26.3,1072,27.8,595,1.5,NA,NA,NA,198_Acanthaster_planci_LARVA_CO2477.00_pH8.10_T26.3,3.0301947849999999,26.3,Length,Growth,NA,NA,NA,1.5,0.04472136,1.35,0.067082039,NA,FALSE,TRUE,-0.105360516,6.7160500000000003E-4,NA,NA,-2.631174058,0.903225806,-2.3765443099999999,No,No,NA,509,Alter et al. 2024,kamya pz dworjanyn sa hardy n mos b uthicke s byrne m,acanthaster planci,length,tph,1.5,1.35,0.044721,0.067082,5,5,NA,NA,NA,NA,NA,NA,NA,NA,NA,NA,NA,NA,NA,NA,NA,NA,NA,NA,NA,NA,not_matched_in_alter_sheet,NA,NA
Alter et al. 2024,1113_AltersInvert,198,NA,NA,Yes,NA,"Kamya PZ, Dworjanyn SA, Hardy N, Mos B, Uthicke S, Byrne M",NA,2015,NA,NA,NA,NA,Marine,NA,Zooplankton,Meroplankton,Echinoderm,Acanthaster planci,NA,NA,TpH,NA,NA,NA,5,5,NA,477,26.3,1072,27.8,595,1.5,NA,NA,NA,198_Acanthaster_planci_LARVA_CO2477.00_pH8.10_T26.3,3.0301947849999999,26.3,Normal,Development,NA,NA,NA,70.26,5.433645185,66.08,6.216268977,NA,TRUE,TRUE,-6.1336518E-2,2.9660820000000001E-3,NA,NA,-0.71598806299999995,0.903225806,-0.64669889599999997,No,No,NA,510,Alter et al. 2024,kamya pz dworjanyn sa hardy n mos b uthicke s byrne m,acanthaster planci,normal,tph,70.26,66.08,5.433645,6.216269,5,5,NA,NA,NA,NA,NA,NA,NA,NA,NA,NA,NA,NA,NA,NA,NA,NA,NA,NA,NA,NA,not_matched_in_alter_sheet,NA,NA
Alter et al. 2024,1852_AltersInvert,104,NA,NA,Yes,NA,"Karelitz SE, Uthicke S, Foo SA, Barker MF, Byrne M, Pecorino D, Lamare MD",NA,2017,NA,NA,NA,NA,Marine,NA,Zooplankton,Meroplankton,Echinoderm,Odontaster validus,NA,NA,pH,NA,NA,NA,4,4,NA,413,-0.5,823,-0.5,410,0,NA,NA,NA,104_Odontaster_validus_EMBRYO_CO2413.00_pH8.09_T-0.5,2.9153998350000001,-0.5,Fertilization,Reproduction,NA,NA,NA,74.81,2.96,71.11,5.92,NA,TRUE,TRUE,-5.0723591999999998E-2,2.12408E-3,NA,NA,-0.790569415,0.869565217,-0.68745166499999999,No,No,NA,511,Alter et al. 2024,karelitz se uthicke s foo sa barker mf byrne m pecorino d lamare md,odontaster validus,fertilization,ph,74.81,71.11,2.96,5.92,4,4,NA,NA,NA,NA,NA,NA,NA,NA,NA,NA,NA,NA,NA,NA,NA,NA,NA,NA,NA,NA,not_matched_in_alter_sheet,NA,NA
Alter et al. 2024,1853_AltersInvert,104,NA,NA,Yes,NA,"Karelitz SE, Uthicke S, Foo SA, Barker MF, Byrne M, Pecorino D, Lamare MD",NA,2017,NA,NA,NA,NA,Marine,NA,Zooplankton,Meroplankton,Echinoderm,Fellaster zelandiae,NA,NA,pH,NA,NA,NA,4,4,NA,441,17.5,912,17.5,471,0,NA,NA,NA,104_Fellaster_zelandiae_EMBRYO_CO2441.00_pH8.12_T17.5,2.9599948380000001,17.5,Fertilization,Reproduction,NA,NA,NA,82.84,10.44,79.1,4.48,NA,TRUE,TRUE,-4.6198162000000001E-2,4.7725850000000002E-3,NA,NA,-0.46556898400000002,0.869565217,-0.404842594,No,No,NA,512,Alter et al. 2024,karelitz se uthicke s foo sa barker mf byrne m pecorino d lamare md,fellaster zelandiae,fertilization,ph,82.84,79.1,10.44,4.48,4,4,NA,NA,NA,NA,NA,NA,NA,NA,NA,NA,NA,NA,NA,NA,NA,NA,NA,NA,NA,NA,not_matched_in_alter_sheet,NA,NA
Alter et al. 2024,1854_AltersInvert,104,NA,NA,Yes,NA,"Karelitz SE, Uthicke S, Foo SA, Barker MF, Byrne M, Pecorino D, Lamare MD",NA,2017,NA,NA,NA,NA,Marine,NA,Zooplankton,Meroplankton,Echinoderm,Odontaster validus,NA,NA,pH,NA,NA,NA,4,4,NA,413,-0.5,823,-0.5,410,0,NA,NA,NA,104_Odontaster_validus_EMBRYO_CO2413.00_pH8.09_T-0.5,2.9153998350000001,-0.5,Normal,Reproduction,NA,NA,NA,96,1.34,92,5.34,NA,TRUE,TRUE,-4.2559614000000003E-2,8.9097000000000004E-4,NA,NA,-1.027480111,0.869565217,-0.89346096600000002,No,No,NA,513,Alter et al. 2024,karelitz se uthicke s foo sa barker mf byrne m pecorino d lamare md,odontaster validus,normal,ph,96,92,1.34,5.34,4,4,NA,NA,NA,NA,NA,NA,NA,NA,NA,NA,NA,NA,NA,NA,NA,NA,NA,NA,NA,NA,not_matched_in_alter_sheet,NA,NA
Alter et al. 2024,1856_AltersInvert,104,NA,NA,Yes,NA,"Karelitz SE, Uthicke S, Foo SA, Barker MF, Byrne M, Pecorino D, Lamare MD",NA,2017,NA,NA,NA,NA,Marine,NA,Zooplankton,Meroplankton,Echinoderm,Arachnoides placenta,NA,NA,pH,NA,NA,NA,4,4,NA,565,25.9,963,25.9,398,0,NA,NA,NA,104_Arachnoides_placenta_EMBRYO_CO2565.00_pH8.07_T25.9,2.9836262869999999,25.9,Normal,Reproduction,NA,NA,NA,97.68,3.08,94.59,6.94,NA,TRUE,TRUE,-3.2145067999999999E-2,1.594322E-3,NA,NA,-0.57553775900000004,0.869565217,-0.50046761699999998,No,No,NA,514,Alter et al. 2024,karelitz se uthicke s foo sa barker mf byrne m pecorino d lamare md,arachnoides placenta,normal,ph,97.68,94.59,3.08,6.94,4,4,NA,NA,NA,NA,NA,NA,NA,NA,NA,NA,NA,NA,NA,NA,NA,NA,NA,NA,NA,NA,not_matched_in_alter_sheet,NA,NA
Alter et al. 2024,1857_AltersInvert,104,NA,NA,Yes,NA,"Karelitz SE, Uthicke S, Foo SA, Barker MF, Byrne M, Pecorino D, Lamare MD",NA,2017,NA,NA,NA,NA,Marine,NA,Zooplankton,Meroplankton,Echinoderm,Sterechinus neumayeri,NA,NA,pH,NA,NA,NA,4,4,NA,454,-1.1,946,-1.1,492,0,NA,NA,NA,104_Sterechinus_neumayeri_EMBRYO_CO2454.00_pH8.07_T-1.1,2.975891136,-1.1,Fertilization,Reproduction,NA,NA,NA,90.48,3.18,88.1,4.76,NA,TRUE,TRUE,-2.6656299000000001E-2,1.038605E-3,NA,NA,-0.58796805900000004,0.869565217,-0.51127657299999996,No,No,NA,515,Alter et al. 2024,karelitz se uthicke s foo sa barker mf byrne m pecorino d lamare md,sterechinus neumayeri,fertilization,ph,90.48,88.1,3.18,4.76,4,4,NA,NA,NA,NA,NA,NA,NA,NA,NA,NA,NA,NA,NA,NA,NA,NA,NA,NA,NA,NA,not_matched_in_alter_sheet,NA,NA
Alter et al. 2024,1858_AltersInvert,104,NA,NA,Yes,NA,"Karelitz SE, Uthicke S, Foo SA, Barker MF, Byrne M, Pecorino D, Lamare MD",NA,2017,NA,NA,NA,NA,Marine,NA,Zooplankton,Meroplankton,Echinoderm,Patiriella regularis,NA,NA,pH,NA,NA,NA,4,4,NA,487,16,950,16,463,0,NA,NA,NA,104_Patiriella_regularis_EMBRYO_CO2487.00_pH8.08_T16.,2.977723605,16,Fertilization,Development,NA,NA,NA,72.59,2.96,71.11,1.48,NA,TRUE,TRUE,-2.0599197E-2,5.2398400000000002E-4,NA,NA,-0.63245553200000004,0.869565217,-0.54996133199999997,No,No,NA,516,Alter et al. 2024,karelitz se uthicke s foo sa barker mf byrne m pecorino d lamare md,patiriella regularis,fertilization,ph,72.59,71.11,2.96,1.48,4,4,NA,NA,NA,NA,NA,NA,NA,NA,NA,NA,NA,NA,NA,NA,NA,NA,NA,NA,NA,NA,not_matched_in_alter_sheet,NA,NA
Alter et al. 2024,1859_AltersInvert,104,NA,NA,Yes,NA,"Karelitz SE, Uthicke S, Foo SA, Barker MF, Byrne M, Pecorino D, Lamare MD",NA,2017,NA,NA,NA,NA,Marine,NA,Zooplankton,Meroplankton,Echinoderm,Arachnoides placenta,NA,NA,pH,NA,NA,NA,4,4,NA,565,25.9,963,25.9,398,0,NA,NA,NA,104_Arachnoides_placenta_EMBRYO_CO2565.00_pH8.07_T25.9,2.9836262869999999,25.9,Fertilization,Development,NA,NA,NA,91.11,4.44,89.63,4.44,NA,TRUE,TRUE,-1.6377481999999999E-2,1.2071880000000001E-3,NA,NA,-0.33333333300000001,0.869565217,-0.28985507199999999,No,No,NA,517,Alter et al. 2024,karelitz se uthicke s foo sa barker mf byrne m pecorino d lamare md,arachnoides placenta,fertilization,ph,91.11,89.63,4.44,4.44,4,4,NA,NA,NA,NA,NA,NA,NA,NA,NA,NA,NA,NA,NA,NA,NA,NA,NA,NA,NA,NA,not_matched_in_alter_sheet,NA,NA
Alter et al. 2024,1860_AltersInvert,104,NA,NA,Yes,NA,"Karelitz SE, Uthicke S, Foo SA, Barker MF, Byrne M, Pecorino D, Lamare MD",NA,2017,NA,NA,NA,NA,Marine,NA,Zooplankton,Meroplankton,Echinoderm,Sterechinus neumayeri,NA,NA,pH,NA,NA,NA,4,4,NA,454,-1.1,946,-1.1,492,0,NA,NA,NA,104_Sterechinus_neumayeri_EMBRYO_CO2454.00_pH8.07_T-1.1,2.975891136,-1.1,Normal,Development,NA,NA,NA,88.74,5.3,88.74,3.98,NA,FALSE,TRUE,0,1.394653E-3,NA,NA,0,0.869565217,0,No,No,NA,518,Alter et al. 2024,karelitz se uthicke s foo sa barker mf byrne m pecorino d lamare md,sterechinus neumayeri,normal,ph,88.74,88.74,5.3,3.98,4,4,NA,NA,NA,NA,NA,NA,NA,NA,NA,NA,NA,NA,NA,NA,NA,NA,NA,NA,NA,NA,not_matched_in_alter_sheet,NA,NA
Alter et al. 2024,1861_AltersInvert,104,NA,NA,Yes,NA,"Karelitz SE, Uthicke S, Foo SA, Barker MF, Byrne M, Pecorino D, Lamare MD",NA,2017,NA,NA,NA,NA,Marine,NA,Zooplankton,Meroplankton,Echinoderm,Patiriella regularis,NA,NA,pH,NA,NA,NA,4,4,NA,487,16,950,16,463,0,NA,NA,NA,104_Patiriella_regularis_EMBRYO_CO2487.00_pH8.08_T16.,2.977723605,16,Normal,Reproduction,NA,NA,NA,80.67,10.66,81.33,5.34,NA,TRUE,TRUE,8.1481929999999998E-3,5.4432200000000003E-3,NA,NA,7.8285921999999994E-2,0.869565217,6.8074713999999995E-2,No,No,NA,519,Alter et al. 2024,karelitz se uthicke s foo sa barker mf byrne m pecorino d lamare md,patiriella regularis,normal,ph,80.67,81.33,10.66,5.34,4,4,NA,NA,NA,NA,NA,NA,NA,NA,NA,NA,NA,NA,NA,NA,NA,NA,NA,NA,NA,NA,not_matched_in_alter_sheet,NA,NA
Alter et al. 2024,1864_AltersInvert,104,NA,NA,Yes,NA,"Karelitz SE, Uthicke S, Foo SA, Barker MF, Byrne M, Pecorino D, Lamare MD",NA,2014,NA,NA,NA,NA,Marine,NA,Zooplankton,Meroplankton,Echinoderm,Fellaster zelandiae,NA,NA,pH,NA,NA,NA,4,4,NA,441,17.5,912,17.5,471,0,NA,NA,NA,104_Fellaster_zelandiae_EMBRYO_CO2441.00_pH8.12_T17.5,2.9599948380000001,17.5,Normal,Development,NA,NA,NA,86.75,5.3,90.07,1.32,NA,TRUE,TRUE,3.7556726999999998E-2,9.868469999999999E-4,NA,NA,0.85962489600000003,0.869565217,0.74749991000000005,No,No,NA,520,Alter et al. 2024,karelitz se uthicke s foo sa barker mf byrne m pecorino d lamare md,fellaster zelandiae,normal,ph,86.75,90.07,5.3,1.32,4,4,NA,NA,NA,NA,NA,NA,NA,NA,NA,NA,NA,NA,NA,NA,NA,NA,NA,NA,NA,NA,not_matched_in_alter_sheet,NA,NA
Alter et al. 2024,1840_AltersInvert,104,NA,NA,Yes,NA,"Karelitz SE, Uthicke S, Foo SA, Barker MF, Byrne M, Pecorino D, Lamare MD",NA,2017,NA,NA,NA,NA,Marine,NA,Zooplankton,Meroplankton,Echinoderm,Sterechinus neumayeri,NA,NA,T,NA,NA,NA,4,4,NA,454,-1.1,454,3.3,0,4.4,NA,NA,NA,104_Sterechinus_neumayeri_EMBRYO_CO2454.00_pH8.07_T-1.1,2.6570558530000001,-1.1,Normal,Physiology,NA,NA,NA,88.74,5.3,9.93,3.98,NA,TRUE,TRUE,-2.190150268,4.1053060000000002E-2,NA,NA,-16.81565337,0.869565217,-14.622307279999999,No,Yes,NA,521,Alter et al. 2024,karelitz se uthicke s foo sa barker mf byrne m pecorino d lamare md,sterechinus neumayeri,normal,t,88.74,9.93,5.3,3.98,4,4,NA,NA,NA,NA,NA,NA,NA,NA,NA,NA,NA,NA,NA,NA,NA,NA,NA,NA,NA,NA,not_matched_in_alter_sheet,NA,NA
Alter et al. 2024,1855_AltersInvert,104,NA,NA,Yes,NA,"Karelitz SE, Uthicke S, Foo SA, Barker MF, Byrne M, Pecorino D, Lamare MD",NA,2017,NA,NA,NA,NA,Marine,NA,Zooplankton,Meroplankton,Echinoderm,Sterechinus neumayeri,NA,NA,T,NA,NA,NA,4,4,NA,454,-1.1,454,3.3,0,4.4,NA,NA,NA,104_Sterechinus_neumayeri_EMBRYO_CO2454.00_pH8.07_T-1.1,2.6570558530000001,-1.1,Fertilization,Reproduction,NA,NA,NA,90.48,3.18,87.3,11.12,NA,TRUE,TRUE,-3.5778368999999997E-2,4.3650249999999998E-3,NA,NA,-0.38883732700000001,0.869565217,-0.33811941499999998,No,No,NA,522,Alter et al. 2024,karelitz se uthicke s foo sa barker mf byrne m pecorino d lamare md,sterechinus neumayeri,fertilization,t,90.48,87.3,3.18,11.12,4,4,NA,NA,NA,NA,NA,NA,NA,NA,NA,NA,NA,NA,NA,NA,NA,NA,NA,NA,NA,NA,not_matched_in_alter_sheet,NA,NA
Alter et al. 2024,1846_AltersInvert,104,NA,NA,Yes,NA,"Karelitz SE, Uthicke S, Foo SA, Barker MF, Byrne M, Pecorino D, Lamare MD",NA,2017,NA,NA,NA,NA,Marine,NA,Zooplankton,Meroplankton,Echinoderm,Sterechinus neumayeri,NA,NA,T,NA,NA,NA,4,4,NA,454,-1.1,454,5.7,0,6.800000000000001,NA,NA,NA,104_Sterechinus_neumayeri_EMBRYO_CO2454.00_pH8.07_T-1.1,2.6570558530000001,-1.1,Fertilization,Physiology,NA,NA,NA,90.48,3.18,57.14,11.12,NA,FALSE,TRUE,-0.459624435,9.7770449999999998E-3,NA,NA,-4.0766781380000001,0.869565217,-3.5449375110000001,No,No,NA,523,Alter et al. 2024,karelitz se uthicke s foo sa barker mf byrne m pecorino d lamare md,sterechinus neumayeri,fertilization,t,90.48,57.14,3.18,11.12,4,4,NA,NA,NA,NA,NA,NA,NA,NA,NA,NA,NA,NA,NA,NA,NA,NA,NA,NA,NA,NA,not_matched_in_alter_sheet,NA,NA
Alter et al. 2024,1842_AltersInvert,104,NA,NA,Yes,NA,"Karelitz SE, Uthicke S, Foo SA, Barker MF, Byrne M, Pecorino D, Lamare MD",NA,2017,NA,NA,NA,NA,Marine,NA,Zooplankton,Meroplankton,Echinoderm,Odontaster validus,NA,NA,T,NA,NA,NA,4,4,NA,413,-0.5,413,7,0,7.5,NA,NA,NA,104_Odontaster_validus_EMBRYO_CO2413.00_pH8.09_T-0.5,2.6159500520000001,-0.5,Normal,Development,NA,NA,NA,96,1.34,36.67,4,NA,FALSE,TRUE,-0.96238920900000002,3.023375E-3,NA,NA,-19.889919639999999,0.869565217,-17.2955823,No,Yes,NA,524,Alter et al. 2024,karelitz se uthicke s foo sa barker mf byrne m pecorino d lamare md,odontaster validus,normal,t,96,36.67,1.34,4,4,4,NA,NA,NA,NA,NA,NA,NA,NA,NA,NA,NA,NA,NA,NA,NA,NA,NA,NA,NA,NA,not_matched_in_alter_sheet,NA,NA
Alter et al. 2024,1866_AltersInvert,104,NA,NA,Yes,NA,"Karelitz SE, Uthicke S, Foo SA, Barker MF, Byrne M, Pecorino D, Lamare MD",NA,2014,NA,NA,NA,NA,Marine,NA,Zooplankton,Meroplankton,Echinoderm,Odontaster validus,NA,NA,T,NA,NA,NA,4,4,NA,413,-0.5,413,7,0,7.5,NA,NA,NA,104_Odontaster_validus_EMBRYO_CO2413.00_pH8.09_T-0.5,2.6159500520000001,-0.5,Fertilization,Reproduction,NA,NA,NA,74.81,2.96,80.74,2.96,NA,TRUE,TRUE,7.6282550000000005E-2,7.2738999999999996E-4,NA,NA,2.0033783779999998,0.869565217,1.7420681549999999,No,No,NA,525,Alter et al. 2024,karelitz se uthicke s foo sa barker mf byrne m pecorino d lamare md,odontaster validus,fertilization,t,74.81,80.74,2.96,2.96,4,4,NA,NA,NA,NA,NA,NA,NA,NA,NA,NA,NA,NA,NA,NA,NA,NA,NA,NA,NA,NA,not_matched_in_alter_sheet,NA,NA
Alter et al. 2024,1850_AltersInvert,104,NA,NA,Yes,NA,"Karelitz SE, Uthicke S, Foo SA, Barker MF, Byrne M, Pecorino D, Lamare MD",NA,2017,NA,NA,NA,NA,Marine,NA,Zooplankton,Meroplankton,Echinoderm,Arachnoides placenta,NA,NA,T,NA,NA,NA,4,4,NA,565,25.9,565,34.8,0,8.899999999999999,NA,NA,NA,104_Arachnoides_placenta_EMBRYO_CO2565.00_pH8.07_T25.9,2.752048448,25.9,Fertilization,Development,NA,NA,NA,91.11,4.44,74.07,2.96,NA,FALSE,TRUE,-0.207056976,9.929540000000001E-4,NA,NA,-4.5159715440000001,0.869565217,-3.9269317780000002,No,No,NA,526,Alter et al. 2024,karelitz se uthicke s foo sa barker mf byrne m pecorino d lamare md,arachnoides placenta,fertilization,t,91.11,74.07,4.44,2.96,4,4,NA,NA,NA,NA,NA,NA,NA,NA,NA,NA,NA,NA,NA,NA,NA,NA,NA,NA,NA,NA,not_matched_in_alter_sheet,NA,NA
Alter et al. 2024,1849_AltersInvert,104,NA,NA,Yes,NA,"Karelitz SE, Uthicke S, Foo SA, Barker MF, Byrne M, Pecorino D, Lamare MD",NA,2017,NA,NA,NA,NA,Marine,NA,Zooplankton,Meroplankton,Echinoderm,Fellaster zelandiae,NA,NA,T,NA,NA,NA,4,4,NA,441,17.5,441,27,0,9.5,NA,NA,NA,104_Fellaster_zelandiae_EMBRYO_CO2441.00_pH8.12_T17.5,2.644438589,17.5,Fertilization,Development,NA,NA,NA,82.84,10.44,66.42,8.96,NA,FALSE,TRUE,-0.22091282100000001,8.5200859999999996E-3,NA,NA,-1.687878937,0.869565217,-1.4677208150000001,No,No,NA,527,Alter et al. 2024,karelitz se uthicke s foo sa barker mf byrne m pecorino d lamare md,fellaster zelandiae,fertilization,t,82.84,66.42,10.44,8.96,4,4,NA,NA,NA,NA,NA,NA,NA,NA,NA,NA,NA,NA,NA,NA,NA,NA,NA,NA,NA,NA,not_matched_in_alter_sheet,NA,NA
Alter et al. 2024,1865_AltersInvert,104,NA,NA,Yes,NA,"Karelitz SE, Uthicke S, Foo SA, Barker MF, Byrne M, Pecorino D, Lamare MD",NA,2014,NA,NA,NA,NA,Marine,NA,Zooplankton,Meroplankton,Echinoderm,Odontaster validus,NA,NA,T,NA,NA,NA,4,4,NA,413,-0.5,413,10.1,0,10.6,NA,NA,NA,104_Odontaster_validus_EMBRYO_CO2413.00_pH8.09_T-0.5,2.6159500520000001,-0.5,Fertilization,Development,NA,NA,NA,74.81,2.96,80,5.92,NA,TRUE,TRUE,6.7075069000000001E-2,1.7603849999999999E-3,NA,NA,1.1089338550000001,0.869565217,0.96429030900000001,No,No,NA,528,Alter et al. 2024,karelitz se uthicke s foo sa barker mf byrne m pecorino d lamare md,odontaster validus,fertilization,t,74.81,80,2.96,5.92,4,4,NA,NA,NA,NA,NA,NA,NA,NA,NA,NA,NA,NA,NA,NA,NA,NA,NA,NA,NA,NA,not_matched_in_alter_sheet,NA,NA
Alter et al. 2024,1841_AltersInvert,104,NA,NA,Yes,NA,"Karelitz SE, Uthicke S, Foo SA, Barker MF, Byrne M, Pecorino D, Lamare MD",NA,2017,NA,NA,NA,NA,Marine,NA,Zooplankton,Meroplankton,Echinoderm,Patiriella regularis,NA,NA,T,NA,NA,NA,4,4,NA,487,16,487,27.1,0,11.100000000000001,NA,NA,NA,104_Patiriella_regularis_EMBRYO_CO2487.00_pH8.08_T16.,2.6875289609999999,16,Fertilization,Growth,NA,NA,NA,72.59,2.96,22.96,5.92,NA,TRUE,TRUE,-1.1510735999999999,1.7036020999999998E-2,NA,NA,-10.604313530000001,0.869565217,-9.2211422019999993,No,No,NA,529,Alter et al. 2024,karelitz se uthicke s foo sa barker mf byrne m pecorino d lamare md,patiriella regularis,fertilization,t,72.59,22.96,2.96,5.92,4,4,NA,NA,NA,NA,NA,NA,NA,NA,NA,NA,NA,NA,NA,NA,NA,NA,NA,NA,NA,NA,not_matched_in_alter_sheet,NA,NA
Alter et al. 2024,1839_AltersInvert,104,NA,NA,Yes,NA,"Karelitz SE, Uthicke S, Foo SA, Barker MF, Byrne M, Pecorino D, Lamare MD",NA,2017,NA,NA,NA,NA,Marine,NA,Zooplankton,Meroplankton,Echinoderm,Sterechinus neumayeri,NA,NA,TpH,NA,NA,NA,4,4,NA,454,-1.1,946,3.3,492,4.4,NA,NA,NA,104_Sterechinus_neumayeri_EMBRYO_CO2454.00_pH8.07_T-1.1,2.975891136,-1.1,Normal,Physiology,NA,NA,NA,88.74,5.3,7.28,2.64,NA,TRUE,TRUE,-2.500579884,3.3768234000000001E-2,NA,NA,-19.45610606,0.869565217,-16.918353100000001,No,Yes,NA,530,Alter et al. 2024,karelitz se uthicke s foo sa barker mf byrne m pecorino d lamare md,sterechinus neumayeri,normal,tph,88.74,7.28,5.3,2.64,4,4,NA,NA,NA,NA,NA,NA,NA,NA,NA,NA,NA,NA,NA,NA,NA,NA,NA,NA,NA,NA,not_matched_in_alter_sheet,NA,NA
Alter et al. 2024,1843_AltersInvert,104,NA,NA,Yes,NA,"Karelitz SE, Uthicke S, Foo SA, Barker MF, Byrne M, Pecorino D, Lamare MD",NA,2017,NA,NA,NA,NA,Marine,NA,Zooplankton,Meroplankton,Echinoderm,Odontaster validus,NA,NA,TpH,NA,NA,NA,4,4,NA,413,-0.5,823,7,410,7.5,NA,NA,NA,104_Odontaster_validus_EMBRYO_CO2413.00_pH8.09_T-0.5,2.9153998350000001,-0.5,Normal,Physiology,NA,NA,NA,96,1.34,38,1.34,NA,FALSE,TRUE,-0.92676203199999996,3.5958099999999998E-4,NA,NA,-43.283582090000003,0.869565217,-37.637897469999999,No,Yes,NA,531,Alter et al. 2024,karelitz se uthicke s foo sa barker mf byrne m pecorino d lamare md,odontaster validus,normal,tph,96,38,1.34,1.34,4,4,NA,NA,NA,NA,NA,NA,NA,NA,NA,NA,NA,NA,NA,NA,NA,NA,NA,NA,NA,NA,not_matched_in_alter_sheet,NA,NA
Alter et al. 2024,1844_AltersInvert,104,NA,NA,Yes,NA,"Karelitz SE, Uthicke S, Foo SA, Barker MF, Byrne M, Pecorino D, Lamare MD",NA,2017,NA,NA,NA,NA,Marine,NA,Zooplankton,Meroplankton,Echinoderm,Patiriella regularis,NA,NA,TpH,NA,NA,NA,4,4,NA,487,16,950,27.1,463,11.100000000000001,NA,NA,NA,104_Patiriella_regularis_EMBRYO_CO2487.00_pH8.08_T16.,2.977723605,16,Fertilization,Development,NA,NA,NA,72.59,2.96,30.37,8.88,NA,FALSE,TRUE,-0.87137189199999998,2.1789224999999999E-2,NA,NA,-6.378837163,0.869565217,-5.5468149240000004,No,No,NA,532,Alter et al. 2024,karelitz se uthicke s foo sa barker mf byrne m pecorino d lamare md,patiriella regularis,fertilization,tph,72.59,30.37,2.96,8.88,4,4,NA,NA,NA,NA,NA,NA,NA,NA,NA,NA,NA,NA,NA,NA,NA,NA,NA,NA,NA,NA,not_matched_in_alter_sheet,NA,NA
Alter et al. 2024,1845_AltersInvert,104,NA,NA,Yes,NA,"Karelitz SE, Uthicke S, Foo SA, Barker MF, Byrne M, Pecorino D, Lamare MD",NA,2017,NA,NA,NA,NA,Marine,NA,Zooplankton,Meroplankton,Echinoderm,Sterechinus neumayeri,NA,NA,TpH,NA,NA,NA,4,4,NA,454,-1.1,946,5.7,492,6.800000000000001,NA,NA,NA,104_Sterechinus_neumayeri_EMBRYO_CO2454.00_pH8.07_T-1.1,2.975891136,-1.1,Fertilization,Physiology,NA,NA,NA,90.48,3.18,47.62,11.12,NA,FALSE,TRUE,-0.64187599100000003,1.3941161000000001E-2,NA,NA,-5.2407446010000003,0.869565217,-4.5571692180000003,No,No,NA,533,Alter et al. 2024,karelitz se uthicke s foo sa barker mf byrne m pecorino d lamare md,sterechinus neumayeri,fertilization,tph,90.48,47.62,3.18,11.12,4,4,NA,NA,NA,NA,NA,NA,NA,NA,NA,NA,NA,NA,NA,NA,NA,NA,NA,NA,NA,NA,not_matched_in_alter_sheet,NA,NA
Alter et al. 2024,1847_AltersInvert,104,NA,NA,Yes,NA,"Karelitz SE, Uthicke S, Foo SA, Barker MF, Byrne M, Pecorino D, Lamare MD",NA,2017,NA,NA,NA,NA,Marine,NA,Zooplankton,Meroplankton,Echinoderm,Fellaster zelandiae,NA,NA,TpH,NA,NA,NA,4,4,NA,441,17.5,912,27,471,9.5,NA,NA,NA,104_Fellaster_zelandiae_EMBRYO_CO2441.00_pH8.12_T17.5,2.9599948380000001,17.5,Fertilization,Development,NA,NA,NA,82.84,10.44,65.67,7.46,NA,FALSE,TRUE,-0.23226883600000001,7.1967860000000002E-3,NA,NA,-1.892390486,0.869565217,-1.645556944,No,No,NA,534,Alter et al. 2024,karelitz se uthicke s foo sa barker mf byrne m pecorino d lamare md,fellaster zelandiae,fertilization,tph,82.84,65.67,10.44,7.46,4,4,NA,NA,NA,NA,NA,NA,NA,NA,NA,NA,NA,NA,NA,NA,NA,NA,NA,NA,NA,NA,not_matched_in_alter_sheet,NA,NA
Alter et al. 2024,1848_AltersInvert,104,NA,NA,Yes,NA,"Karelitz SE, Uthicke S, Foo SA, Barker MF, Byrne M, Pecorino D, Lamare MD",NA,2017,NA,NA,NA,NA,Marine,NA,Zooplankton,Meroplankton,Echinoderm,Arachnoides placenta,NA,NA,TpH,NA,NA,NA,4,4,NA,565,25.9,963,34.8,398,8.899999999999999,NA,NA,NA,104_Arachnoides_placenta_EMBRYO_CO2565.00_pH8.07_T25.9,2.9836262869999999,25.9,Fertilization,Development,NA,NA,NA,91.11,4.44,72.59,11.86,NA,FALSE,TRUE,-0.22724039600000001,7.2672420000000001E-3,NA,NA,-2.0681883270000001,0.869565217,-1.798424633,No,No,NA,535,Alter et al. 2024,karelitz se uthicke s foo sa barker mf byrne m pecorino d lamare md,arachnoides placenta,fertilization,tph,91.11,72.59,4.44,11.86,4,4,NA,NA,NA,NA,NA,NA,NA,NA,NA,NA,NA,NA,NA,NA,NA,NA,NA,NA,NA,NA,not_matched_in_alter_sheet,NA,NA
Alter et al. 2024,1851_AltersInvert,104,NA,NA,Yes,NA,"Karelitz SE, Uthicke S, Foo SA, Barker MF, Byrne M, Pecorino D, Lamare MD",NA,2017,NA,NA,NA,NA,Marine,NA,Zooplankton,Meroplankton,Echinoderm,Sterechinus neumayeri,NA,NA,TpH,NA,NA,NA,4,4,NA,454,-1.1,946,3.3,492,4.4,NA,NA,NA,104_Sterechinus_neumayeri_EMBRYO_CO2454.00_pH8.07_T-1.1,2.975891136,-1.1,Fertilization,Development,NA,NA,NA,90.48,3.18,84.92,6.34,NA,TRUE,TRUE,-6.3419194999999998E-2,1.7022809999999999E-3,NA,NA,-1.1085907829999999,0.869565217,-0.96399198500000005,No,No,NA,536,Alter et al. 2024,karelitz se uthicke s foo sa barker mf byrne m pecorino d lamare md,sterechinus neumayeri,fertilization,tph,90.48,84.92,3.18,6.34,4,4,NA,NA,NA,NA,NA,NA,NA,NA,NA,NA,NA,NA,NA,NA,NA,NA,NA,NA,NA,NA,not_matched_in_alter_sheet,NA,NA
Alter et al. 2024,1862_AltersInvert,104,NA,NA,Yes,NA,"Karelitz SE, Uthicke S, Foo SA, Barker MF, Byrne M, Pecorino D, Lamare MD",NA,2014,NA,NA,NA,NA,Marine,NA,Zooplankton,Meroplankton,Echinoderm,Odontaster validus,NA,NA,TpH,NA,NA,NA,4,4,NA,413,-0.5,823,7,410,7.5,NA,NA,NA,104_Odontaster_validus_EMBRYO_CO2413.00_pH8.09_T-0.5,2.9153998350000001,-0.5,Fertilization,Reproduction,NA,NA,NA,74.81,2.96,76.3,2.96,NA,FALSE,TRUE,1.9721372000000001E-2,7.6763299999999999E-4,NA,NA,0.50337837799999996,0.869565217,0.43772032900000002,No,No,NA,537,Alter et al. 2024,karelitz se uthicke s foo sa barker mf byrne m pecorino d lamare md,odontaster validus,fertilization,tph,74.81,76.3,2.96,2.96,4,4,NA,NA,NA,NA,NA,NA,NA,NA,NA,NA,NA,NA,NA,NA,NA,NA,NA,NA,NA,NA,not_matched_in_alter_sheet,NA,NA
Alter et al. 2024,1863_AltersInvert,104,NA,NA,Yes,NA,"Karelitz SE, Uthicke S, Foo SA, Barker MF, Byrne M, Pecorino D, Lamare MD",NA,2014,NA,NA,NA,NA,Marine,NA,Zooplankton,Meroplankton,Echinoderm,Odontaster validus,NA,NA,TpH,NA,NA,NA,4,4,NA,413,-0.5,823,10.1,410,10.6,NA,NA,NA,104_Odontaster_validus_EMBRYO_CO2413.00_pH8.09_T-0.5,2.9153998350000001,-0.5,Fertilization,Development,NA,NA,NA,74.81,2.96,77.04,2.96,NA,TRUE,TRUE,2.9373202000000001E-2,7.6044000000000003E-4,NA,NA,0.75337837799999996,0.869565217,0.65511163299999997,No,No,NA,538,Alter et al. 2024,karelitz se uthicke s foo sa barker mf byrne m pecorino d lamare md,odontaster validus,fertilization,tph,74.81,77.04,2.96,2.96,4,4,NA,NA,NA,NA,NA,NA,NA,NA,NA,NA,NA,NA,NA,NA,NA,NA,NA,NA,NA,NA,not_matched_in_alter_sheet,NA,NA
Alter et al. 2024,759_AltersInvert,72,NA,NA,Yes,NA,"Ko GWK, Dineshram R, Campanati C, Chan VBS, Havenhand J, Thiyagarajan V",NA,2014,NA,NA,NA,NA,Marine,NA,Zooplankton,Meroplankton,Mollusca,Crassostrea gigas,NA,NA,pH,NA,NA,NA,4,4,NA,437,23.9,1848,24,1411,0.10000000000000142,NA,NA,NA,72_Crassostrea_gigas_LARVA_CO2437.00_pH8.07_T23.9,3.2667019669999999,23.9,Metamorphosis,Development,NA,NA,NA,27.5,3.26,19.5,3.5,NA,FALSE,TRUE,-0.34377153900000001,1.1567167999999999E-2,NA,NA,-2.365373645,0.869565217,-2.0568466480000001,No,No,NA,539,Alter et al. 2024,ko gwk dineshram r campanati c chan vbs havenhand j thiyagarajan v,crassostrea gigas,metamorphosis,ph,27.5,19.5,3.26,3.5,4,4,NA,NA,NA,NA,NA,NA,NA,NA,NA,NA,NA,NA,NA,NA,NA,NA,NA,NA,NA,NA,not_matched_in_alter_sheet,NA,NA
Alter et al. 2024,761_AltersInvert,72,NA,NA,Yes,NA,"Ko GWK, Dineshram R, Campanati C, Chan VBS, Havenhand J, Thiyagarajan V",NA,2014,NA,NA,NA,NA,Marine,NA,Zooplankton,Meroplankton,Mollusca,Crassostrea gigas,NA,NA,pH,NA,NA,NA,4,4,NA,519,23.9,2166,22.1,1647,-1.7999999999999972,NA,NA,NA,72_Crassostrea_gigas_LARVA_CO2519.00_pH8.04_T23.9,3.3356584520000001,23.9,growth rate,Growth,NA,NA,NA,2.79,0.16,2.1,0.08,NA,FALSE,TRUE,-0.28410425099999997,1.185001E-3,NA,NA,-5.4549289639999996,0.869565217,-4.7434164900000004,No,No,NA,540,Alter et al. 2024,ko gwk dineshram r campanati c chan vbs havenhand j thiyagarajan v,crassostrea gigas,growth rate,ph,2.79,2.1,0.16,0.08,4,4,NA,NA,NA,NA,NA,NA,NA,NA,NA,NA,NA,NA,NA,NA,NA,NA,NA,NA,NA,NA,not_matched_in_alter_sheet,NA,NA
Alter et al. 2024,762_AltersInvert,72,NA,NA,Yes,NA,"Ko GWK, Dineshram R, Campanati C, Chan VBS, Havenhand J, Thiyagarajan V",NA,2020,NA,NA,NA,NA,Marine,NA,Zooplankton,Meroplankton,Mollusca,Crassostrea gigas,NA,NA,pH,NA,NA,NA,4,4,NA,437,23.9,1848,24,1411,0.10000000000000142,NA,NA,NA,72_Crassostrea_gigas_LARVA_CO2437.00_pH8.07_T23.9,3.2667019669999999,23.9,Lipid index,Physiology,NA,NA,NA,0.1,0,0.09,0,NA,FALSE,TRUE,-0.105360516,0,NA,NA,NA,0.869565217,NA,NA,NA,NA,541,Alter et al. 2024,ko gwk dineshram r campanati c chan vbs havenhand j thiyagarajan v,crassostrea gigas,lipid index,ph,0.1,0.09,0,0,4,4,NA,NA,NA,NA,NA,NA,NA,NA,NA,NA,NA,NA,NA,NA,NA,NA,NA,NA,NA,NA,not_matched_in_alter_sheet,NA,NA
Alter et al. 2024,758_AltersInvert,72,NA,NA,Yes,NA,"Ko GWK, Dineshram R, Campanati C, Chan VBS, Havenhand J, Thiyagarajan V",NA,2014,NA,NA,NA,NA,Marine,NA,Zooplankton,Meroplankton,Mollusca,Crassostrea gigas,NA,NA,T,NA,NA,NA,4,4,NA,437,23.9,396,29.9,-41,6,NA,NA,NA,72_Crassostrea_gigas_LARVA_CO2437.00_pH8.07_T23.9,2.5976951860000002,23.9,Lipid index,Physiology,NA,NA,NA,0.1,0,0.06,0.02,NA,FALSE,TRUE,-0.51082562399999998,2.7777777999999999E-2,NA,NA,-2.8284271250000002,0.869565217,-2.4595018479999999,No,No,NA,542,Alter et al. 2024,ko gwk dineshram r campanati c chan vbs havenhand j thiyagarajan v,crassostrea gigas,lipid index,t,0.1,0.06,0,0.02,4,4,NA,NA,NA,NA,NA,NA,NA,NA,NA,NA,NA,NA,NA,NA,NA,NA,NA,NA,NA,NA,not_matched_in_alter_sheet,NA,NA
Alter et al. 2024,766_AltersInvert,72,NA,NA,Yes,NA,"Ko GWK, Dineshram R, Campanati C, Chan VBS, Havenhand J, Thiyagarajan V",NA,2020,NA,NA,NA,NA,Marine,NA,Zooplankton,Meroplankton,Mollusca,Crassostrea gigas,NA,NA,T,NA,NA,NA,4,4,NA,437,23.9,396,29.9,-41,6,NA,NA,NA,72_Crassostrea_gigas_LARVA_CO2437.00_pH8.07_T23.9,2.5976951860000002,23.9,Metamorphosis,Development,NA,NA,NA,27.5,3.26,49.25,7,NA,FALSE,TRUE,0.58272336300000005,8.5636310000000004E-3,NA,NA,3.9833695059999998,0.869565217,3.463799571,No,No,NA,543,Alter et al. 2024,ko gwk dineshram r campanati c chan vbs havenhand j thiyagarajan v,crassostrea gigas,metamorphosis,t,27.5,49.25,3.26,7,4,4,NA,NA,NA,NA,NA,NA,NA,NA,NA,NA,NA,NA,NA,NA,NA,NA,NA,NA,NA,NA,not_matched_in_alter_sheet,NA,NA
Alter et al. 2024,765_AltersInvert,72,NA,NA,Yes,NA,"Ko GWK, Dineshram R, Campanati C, Chan VBS, Havenhand J, Thiyagarajan V",NA,2020,NA,NA,NA,NA,Marine,NA,Zooplankton,Meroplankton,Mollusca,Crassostrea gigas,NA,NA,T,NA,NA,NA,4,4,NA,519,23.9,532,30.1,13,6.200000000000003,NA,NA,NA,72_Crassostrea_gigas_LARVA_CO2519.00_pH8.04_T23.9,2.7259116319999999,23.9,growth rate,Growth,NA,NA,NA,2.79,0.16,4.05,0.38,NA,FALSE,TRUE,0.37267528500000002,3.0230729999999998E-3,NA,NA,4.3217643460000001,0.869565217,3.7580559529999999,No,No,NA,544,Alter et al. 2024,ko gwk dineshram r campanati c chan vbs havenhand j thiyagarajan v,crassostrea gigas,growth rate,t,2.79,4.05,0.16,0.38,4,4,NA,NA,NA,NA,NA,NA,NA,NA,NA,NA,NA,NA,NA,NA,NA,NA,NA,NA,NA,NA,not_matched_in_alter_sheet,NA,NA
Alter et al. 2024,760_AltersInvert,72,NA,NA,Yes,NA,"Ko GWK, Dineshram R, Campanati C, Chan VBS, Havenhand J, Thiyagarajan V",NA,2014,NA,NA,NA,NA,Marine,NA,Zooplankton,Meroplankton,Mollusca,Crassostrea gigas,NA,NA,TpH,NA,NA,NA,4,4,NA,437,23.9,2024,29.8,1587,5.900000000000002,NA,NA,NA,72_Crassostrea_gigas_LARVA_CO2437.00_pH8.07_T23.9,3.3062105079999999,23.9,Metamorphosis,Development,NA,NA,NA,27.5,3.26,20.5,2.76,NA,FALSE,TRUE,-0.29376111900000001,8.0448450000000001E-3,NA,NA,-2.3176012890000002,0.869565217,-2.0153054680000002,No,No,NA,545,Alter et al. 2024,ko gwk dineshram r campanati c chan vbs havenhand j thiyagarajan v,crassostrea gigas,metamorphosis,tph,27.5,20.5,3.26,2.76,4,4,NA,NA,NA,NA,NA,NA,NA,NA,NA,NA,NA,NA,NA,NA,NA,NA,NA,NA,NA,NA,not_matched_in_alter_sheet,NA,NA
Alter et al. 2024,763_AltersInvert,72,NA,NA,Yes,NA,"Ko GWK, Dineshram R, Campanati C, Chan VBS, Havenhand J, Thiyagarajan V",NA,2020,NA,NA,NA,NA,Marine,NA,Zooplankton,Meroplankton,Mollusca,Crassostrea gigas,NA,NA,TpH,NA,NA,NA,4,4,NA,437,23.9,2024,29.8,1587,5.900000000000002,NA,NA,NA,72_Crassostrea_gigas_LARVA_CO2437.00_pH8.07_T23.9,3.3062105079999999,23.9,Lipid index,Physiology,NA,NA,NA,0.1,0,0.09,0.02,NA,FALSE,TRUE,-0.105360516,1.2345679E-2,NA,NA,-0.70710678100000002,0.869565217,-0.61487546199999998,No,No,NA,546,Alter et al. 2024,ko gwk dineshram r campanati c chan vbs havenhand j thiyagarajan v,crassostrea gigas,lipid index,tph,0.1,0.09,0,0.02,4,4,NA,NA,NA,NA,NA,NA,NA,NA,NA,NA,NA,NA,NA,NA,NA,NA,NA,NA,NA,NA,not_matched_in_alter_sheet,NA,NA
Alter et al. 2024,764_AltersInvert,72,NA,NA,Yes,NA,"Ko GWK, Dineshram R, Campanati C, Chan VBS, Havenhand J, Thiyagarajan V",NA,2020,NA,NA,NA,NA,Marine,NA,Zooplankton,Meroplankton,Mollusca,Crassostrea gigas,NA,NA,TpH,NA,NA,NA,4,4,NA,519,23.9,1566,30,1047,6.100000000000001,NA,NA,NA,72_Crassostrea_gigas_LARVA_CO2519.00_pH8.04_T23.9,3.194791758,23.9,growth rate,Growth,NA,NA,NA,2.79,0.16,3.91,0.2,NA,FALSE,TRUE,0.33749577800000002,1.4762919999999999E-3,NA,NA,6.18416546,0.869565217,5.377535183,No,No,NA,547,Alter et al. 2024,ko gwk dineshram r campanati c chan vbs havenhand j thiyagarajan v,crassostrea gigas,growth rate,tph,2.79,3.91,0.16,0.2,4,4,NA,NA,NA,NA,NA,NA,NA,NA,NA,NA,NA,NA,NA,NA,NA,NA,NA,NA,NA,NA,not_matched_in_alter_sheet,NA,NA
Alter et al. 2024,1730_AltersInvert,83,NA,NA,Yes,NA,"Leiva NV, Manriquez PH, Aguilera VM, Gonzalez MT",NA,2019,NA,NA,NA,NA,Marine,NA,Zooplankton,Meroplankton,Plathyelminthes,Echinostomatidae sp,NA,NA,pH,NA,NA,NA,3,3,NA,526,14.3,1193,14.4,667,0.09999999999999964,NA,NA,NA,83_Echinostomatidae_sp_LARVA_CO2526.00_pH7.78_T14.3,3.0766404440000001,14.3,Survival,Survival,NA,NA,NA,100,0.004849742,100,1.732050808,NA,FALSE,TRUE,0,1.0000099999999999E-4,NA,NA,0,0.8,0,No,No,NA,560,Alter et al. 2024,leiva nv manriquez ph aguilera vm gonzalez mt,echinostomatidae sp,survival,ph,100,100,0.00485,1.732051,3,3,NA,NA,NA,NA,NA,NA,NA,NA,NA,NA,NA,NA,NA,NA,NA,NA,NA,NA,NA,NA,not_matched_in_alter_sheet,NA,NA
Alter et al. 2024,1731_AltersInvert,83,NA,NA,Yes,NA,"Leiva NV, Manriquez PH, Aguilera VM, Gonzalez MT",NA,2019,NA,NA,NA,NA,Marine,NA,Zooplankton,Meroplankton,Plathyelminthes,Echinostomatidae sp,NA,NA,pH,NA,NA,NA,3,3,NA,504,13.9,1293,13.9,789,0,NA,NA,NA,83_Echinostomatidae_sp_LARVA_CO2504.00_pH7.79_T13.9,3.1115985249999998,13.9,Mean larval emergence,Reproduction,NA,NA,NA,0.26,0.467653718,0.45,0.53693575,NA,FALSE,TRUE,0.54856595200000002,1.5529702679999999,NA,NA,0.37736760800000002,0.8,0.30189408600000001,No,No,NA,561,Alter et al. 2024,leiva nv manriquez ph aguilera vm gonzalez mt,echinostomatidae sp,mean larval emergence,ph,0.26,0.45,0.467654,0.536936,3,3,NA,NA,NA,NA,NA,NA,NA,NA,NA,NA,NA,NA,NA,NA,NA,NA,NA,NA,NA,NA,not_matched_in_alter_sheet,NA,NA
Alter et al. 2024,1775_AltersInvert,83,NA,NA,Yes,NA,"Leiva NV, Manriquez PH, Aguilera VM, Gonzalez MT",NA,2018,NA,NA,NA,NA,Marine,NA,Zooplankton,Meroplankton,Plathyelminthes,Philophthalmidae sp,NA,NA,pH,NA,NA,NA,3,3,NA,504,13.9,1293,13.9,789,0,NA,NA,NA,83_Philophthalmidae_sp_LARVA_CO2504.00_pH7.79_T13.9,3.1115985249999998,13.9,Mean larval emergence,Development,NA,NA,NA,0,0,0.32,0.588897275,NA,TRUE,TRUE,NA,NA,NA,NA,0.76846736999999998,0.8,0.61477389599999999,No,No,NA,562,Alter et al. 2024,leiva nv manriquez ph aguilera vm gonzalez mt,philophthalmidae sp,mean larval emergence,ph,0,0.32,0,0.588897,3,3,NA,NA,NA,NA,NA,NA,NA,NA,NA,NA,NA,NA,NA,NA,NA,NA,NA,NA,NA,NA,not_matched_in_alter_sheet,NA,NA
Alter et al. 2024,1729_AltersInvert,83,NA,NA,Yes,NA,"Leiva NV, Manriquez PH, Aguilera VM, Gonzalez MT",NA,2019,NA,NA,NA,NA,Marine,NA,Zooplankton,Meroplankton,Plathyelminthes,Echinostomatidae sp,NA,NA,T,NA,NA,NA,3,3,NA,526,14.3,535,19.7,9,5.399999999999999,NA,NA,NA,83_Echinostomatidae_sp_LARVA_CO2526.00_pH7.78_T14.3,2.7283537820000001,14.3,Survival,Survival,NA,NA,NA,100,0,98.5,3.498742631,NA,TRUE,TRUE,-1.5113638E-2,4.2056199999999998E-4,NA,NA,-0.60630934199999997,0.8,-0.48504747399999998,No,No,NA,563,Alter et al. 2024,leiva nv manriquez ph aguilera vm gonzalez mt,echinostomatidae sp,survival,t,100,98.5,0,3.498743,3,3,NA,NA,NA,NA,NA,NA,NA,NA,NA,NA,NA,NA,NA,NA,NA,NA,NA,NA,NA,NA,not_matched_in_alter_sheet,NA,NA
Alter et al. 2024,1733_AltersInvert,83,NA,NA,Yes,NA,"Leiva NV, Manriquez PH, Aguilera VM, Gonzalez MT",NA,2018,NA,NA,NA,NA,Marine,NA,Zooplankton,Meroplankton,Plathyelminthes,Echinostomatidae sp,NA,NA,T,NA,NA,NA,3,3,NA,504,13.9,504,19.7,0,5.799999999999999,NA,NA,NA,83_Echinostomatidae_sp_LARVA_CO2504.00_pH7.79_T13.9,2.702430536,13.9,Mean larval emergence,Reproduction,NA,NA,NA,0.26,0.467653718,0.6,0.502294734,NA,FALSE,TRUE,0.83624802399999998,1.3120134779999999,NA,NA,0.70062150099999998,0.8,0.560497201,No,No,NA,564,Alter et al. 2024,leiva nv manriquez ph aguilera vm gonzalez mt,echinostomatidae sp,mean larval emergence,t,0.26,0.6,0.467654,0.502295,3,3,NA,NA,NA,NA,NA,NA,NA,NA,NA,NA,NA,NA,NA,NA,NA,NA,NA,NA,NA,NA,not_matched_in_alter_sheet,NA,NA
Alter et al. 2024,1776_AltersInvert,83,NA,NA,Yes,NA,"Leiva NV, Manriquez PH, Aguilera VM, Gonzalez MT",NA,2018,NA,NA,NA,NA,Marine,NA,Zooplankton,Meroplankton,Plathyelminthes,Philophthalmidae sp,NA,NA,T,NA,NA,NA,3,3,NA,504,13.9,504,19.7,0,5.799999999999999,NA,NA,NA,83_Philophthalmidae_sp_LARVA_CO2504.00_pH7.79_T13.9,2.702430536,13.9,Mean larval emergence,Development,NA,NA,NA,0,0,0.22,0.484974226,NA,TRUE,TRUE,NA,NA,NA,NA,0.64153302800000001,0.8,0.51322642200000002,No,No,NA,565,Alter et al. 2024,leiva nv manriquez ph aguilera vm gonzalez mt,philophthalmidae sp,mean larval emergence,t,0,0.22,0,0.484974,3,3,NA,NA,NA,NA,NA,NA,NA,NA,NA,NA,NA,NA,NA,NA,NA,NA,NA,NA,NA,NA,not_matched_in_alter_sheet,NA,NA
Alter et al. 2024,1728_AltersInvert,83,NA,NA,Yes,NA,"Leiva NV, Manriquez PH, Aguilera VM, Gonzalez MT",NA,2019,NA,NA,NA,NA,Marine,NA,Zooplankton,Meroplankton,Plathyelminthes,Echinostomatidae sp,NA,NA,TpH,NA,NA,NA,3,3,NA,526,14.3,1239,19.7,713,5.399999999999999,NA,NA,NA,83_Echinostomatidae_sp_LARVA_CO2526.00_pH7.78_T14.3,3.0930713060000001,14.3,Survival,Reproduction,NA,NA,NA,100,0,1.96,5.40399852,NA,TRUE,TRUE,-3.9322257129999998,2.5339441900000002,NA,NA,-25.656834870000001,0.8,-20.525467899999999,No,Yes,NA,566,Alter et al. 2024,leiva nv manriquez ph aguilera vm gonzalez mt,echinostomatidae sp,survival,tph,100,1.96,0,5.403999,3,3,NA,NA,NA,NA,NA,NA,NA,NA,NA,NA,NA,NA,NA,NA,NA,NA,NA,NA,NA,NA,not_matched_in_alter_sheet,NA,NA
Alter et al. 2024,1732_AltersInvert,83,NA,NA,Yes,NA,"Leiva NV, Manriquez PH, Aguilera VM, Gonzalez MT",NA,2018,NA,NA,NA,NA,Marine,NA,Zooplankton,Meroplankton,Plathyelminthes,Echinostomatidae sp,NA,NA,TpH,NA,NA,NA,3,3,NA,504,13.9,1357,19.5,853,5.6,NA,NA,NA,83_Echinostomatidae_sp_LARVA_CO2504.00_pH7.79_T13.9,3.1325798479999998,13.9,Mean larval emergence,Survival,NA,NA,NA,0.26,0.467653718,0.53,0.467653718,NA,FALSE,TRUE,0.71219537600000005,1.3379253289999999,NA,NA,0.57735026899999997,0.8,0.46188021499999998,No,No,NA,567,Alter et al. 2024,leiva nv manriquez ph aguilera vm gonzalez mt,echinostomatidae sp,mean larval emergence,tph,0.26,0.53,0.467654,0.467654,3,3,NA,NA,NA,NA,NA,NA,NA,NA,NA,NA,NA,NA,NA,NA,NA,NA,NA,NA,NA,NA,not_matched_in_alter_sheet,NA,NA
Alter et al. 2024,1774_AltersInvert,83,NA,NA,Yes,NA,"Leiva NV, Manriquez PH, Aguilera VM, Gonzalez MT",NA,2018,NA,NA,NA,NA,Marine,NA,Zooplankton,Meroplankton,Plathyelminthes,Philophthalmidae sp,NA,NA,TpH,NA,NA,NA,3,3,NA,504,13.9,1357,19.5,853,5.6,NA,NA,NA,83_Philophthalmidae_sp_LARVA_CO2504.00_pH7.79_T13.9,3.1325798479999998,13.9,Mean larval emergence,Development,NA,NA,NA,0,0,0.33,0.53693575,NA,TRUE,FALSE,NA,NA,NA,NA,0.86917378000000001,0.8,0.69533902400000003,No,No,NA,568,Alter et al. 2024,leiva nv manriquez ph aguilera vm gonzalez mt,philophthalmidae sp,mean larval emergence,tph,0,0.33,0,0.536936,3,3,NA,NA,NA,NA,NA,NA,NA,NA,NA,NA,NA,NA,NA,NA,NA,NA,NA,NA,NA,NA,not_matched_in_alter_sheet,NA,NA
Alter et al. 2024,888_AltersInvert,99,NA,NA,Yes,NA,"Mos B, Dworjanyn SA, Mamo LT, Kelaher BP",NA,2019,NA,NA,NA,NA,Marine,NA,Zooplankton,Meroplankton,Echinoderm,Tripneustes gratilla,NA,NA,pH,NA,NA,NA,5,5,NA,491,24.4,1583,24.5,1092,0.10000000000000142,NA,NA,NA,99_Tripneustes_gratilla_LARVA_CO2491.00_pH8.12_T24.4,3.1994809150000001,24.4,Size,Growth,NA,NA,NA,714.77,60.0384252,597.32,75.04244132,NA,FALSE,TRUE,-0.17950782900000001,4.5677679999999998E-3,NA,NA,-1.7283293909999999,0.903225806,-1.5610717080000001,No,No,NA,606,Alter et al. 2024,mos b dworjanyn sa mamo lt kelaher bp,tripneustes gratilla,size,ph,714.77,597.32,60.038425,75.042441,5,5,NA,NA,NA,NA,NA,NA,NA,NA,NA,NA,NA,NA,NA,NA,NA,NA,NA,NA,NA,NA,not_matched_in_alter_sheet,NA,NA
Alter et al. 2024,889_AltersInvert,99,NA,NA,Yes,NA,"Mos B, Dworjanyn SA, Mamo LT, Kelaher BP",NA,2019,NA,NA,NA,NA,Marine,NA,Zooplankton,Meroplankton,Echinoderm,Tripneustes gratilla,NA,NA,pH,NA,NA,NA,7,7,NA,491,24.4,1583,24.5,1092,0.10000000000000142,NA,NA,NA,99_Tripneustes_gratilla_LARVA_CO2491.00_pH8.12_T24.4,3.1994809150000001,24.4,Survival,Survival,NA,NA,NA,20.73,12.22337106,19.93,17.80590632,NA,TRUE,FALSE,-3.9355792000000001E-2,0.16369804900000001,NA,NA,-5.2383831999999998E-2,0.936170213,-4.9040184000000001E-2,No,No,NA,607,Alter et al. 2024,mos b dworjanyn sa mamo lt kelaher bp,tripneustes gratilla,survival,ph,20.73,19.93,12.223371,17.805906,7,7,NA,NA,NA,NA,NA,NA,NA,NA,NA,NA,NA,NA,NA,NA,NA,NA,NA,NA,NA,NA,not_matched_in_alter_sheet,NA,NA
Alter et al. 2024,890_AltersInvert,99,NA,NA,Yes,NA,"Mos B, Dworjanyn SA, Mamo LT, Kelaher BP",NA,2019,NA,NA,NA,NA,Marine,NA,Zooplankton,Meroplankton,Echinoderm,Tripneustes gratilla,NA,NA,pH,NA,NA,NA,5,5,NA,491,24.4,930,24.3,439,-0.09999999999999787,NA,NA,NA,99_Tripneustes_gratilla_LARVA_CO2491.00_pH8.12_T24.4,2.9684829490000002,24.4,Size,Growth,NA,NA,NA,714.77,60.0384252,691.28,45.01204839,NA,TRUE,TRUE,-3.3415860999999998E-2,2.259062E-3,NA,NA,-0.44270755699999997,0.903225806,-0.399864891,No,No,NA,608,Alter et al. 2024,mos b dworjanyn sa mamo lt kelaher bp,tripneustes gratilla,size,ph,714.77,691.28,60.038425,45.012048,5,5,NA,NA,NA,NA,NA,NA,NA,NA,NA,NA,NA,NA,NA,NA,NA,NA,NA,NA,NA,NA,not_matched_in_alter_sheet,NA,NA
Alter et al. 2024,892_AltersInvert,99,NA,NA,Yes,NA,"Mos B, Dworjanyn SA, Mamo LT, Kelaher BP",NA,2019,NA,NA,NA,NA,Marine,NA,Zooplankton,Meroplankton,Echinoderm,Tripneustes gratilla,NA,NA,pH,NA,NA,NA,7,7,NA,491,24.4,930,24.3,439,-0.09999999999999787,NA,NA,NA,99_Tripneustes_gratilla_LARVA_CO2491.00_pH8.12_T24.4,2.9684829490000002,24.4,Settlement,Development,NA,NA,NA,38.18,21.29829805,38.18,8.942639431,NA,FALSE,TRUE,0,5.2292139000000001E-2,NA,NA,0,0.936170213,0,No,No,NA,609,Alter et al. 2024,mos b dworjanyn sa mamo lt kelaher bp,tripneustes gratilla,settlement,ph,38.18,38.18,21.298298,8.942639,7,7,NA,NA,NA,NA,NA,NA,NA,NA,NA,NA,NA,NA,NA,NA,NA,NA,NA,NA,NA,NA,not_matched_in_alter_sheet,NA,NA
Alter et al. 2024,893_AltersInvert,99,NA,NA,Yes,NA,"Mos B, Dworjanyn SA, Mamo LT, Kelaher BP",NA,2019,NA,NA,NA,NA,Marine,NA,Zooplankton,Meroplankton,Echinoderm,Tripneustes gratilla,NA,NA,pH,NA,NA,NA,7,7,NA,491,24.4,1583,24.5,1092,0.10000000000000142,NA,NA,NA,99_Tripneustes_gratilla_LARVA_CO2491.00_pH8.12_T24.4,3.1994809150000001,24.4,Settlement,Development,NA,NA,NA,38.18,21.29829805,39.74,14.41934465,NA,FALSE,TRUE,4.0046419E-2,6.3262697000000007E-2,NA,NA,8.5775484999999999E-2,0.936170213,8.0300453999999993E-2,No,No,NA,610,Alter et al. 2024,mos b dworjanyn sa mamo lt kelaher bp,tripneustes gratilla,settlement,ph,38.18,39.74,21.298298,14.419345,7,7,NA,NA,NA,NA,NA,NA,NA,NA,NA,NA,NA,NA,NA,NA,NA,NA,NA,NA,NA,NA,not_matched_in_alter_sheet,NA,NA
Alter et al. 2024,895_AltersInvert,99,NA,NA,Yes,NA,"Mos B, Dworjanyn SA, Mamo LT, Kelaher BP",NA,2019,NA,NA,NA,NA,Marine,NA,Zooplankton,Meroplankton,Echinoderm,Tripneustes gratilla,NA,NA,pH,NA,NA,NA,7,7,NA,491,24.4,930,24.3,439,-0.09999999999999787,NA,NA,NA,99_Tripneustes_gratilla_LARVA_CO2491.00_pH8.12_T24.4,2.9684829490000002,24.4,Survival,Survival,NA,NA,NA,20.73,12.22337106,24.95,15.02786745,NA,FALSE,FALSE,0.18529189600000001,0.101495933,NA,NA,0.30808353399999999,0.936170213,0.28841862699999998,No,No,NA,611,Alter et al. 2024,mos b dworjanyn sa mamo lt kelaher bp,tripneustes gratilla,survival,ph,20.73,24.95,12.223371,15.027867,7,7,NA,NA,NA,NA,NA,NA,NA,NA,NA,NA,NA,NA,NA,NA,NA,NA,NA,NA,NA,NA,not_matched_in_alter_sheet,NA,NA
Alter et al. 2024,897_AltersInvert,99,NA,NA,Yes,NA,"Mos B, Dworjanyn SA, Mamo LT, Kelaher BP",NA,2019,NA,NA,NA,NA,Marine,NA,Zooplankton,Meroplankton,Echinoderm,Tripneustes gratilla,NA,NA,pH,NA,NA,NA,5,5,NA,491,24.4,1583,24.5,1092,0.10000000000000142,NA,NA,NA,99_Tripneustes_gratilla_LARVA_CO2491.00_pH8.12_T24.4,3.1994809150000001,24.4,Normal,Development,NA,NA,NA,55.27,20.81779287,43.35,96.93354682,NA,FALSE,FALSE,-0.24292356300000001,1.028373991,NA,NA,-0.17003005500000001,0.903225806,-0.15357553299999999,No,No,NA,612,Alter et al. 2024,mos b dworjanyn sa mamo lt kelaher bp,tripneustes gratilla,normal,ph,55.27,43.35,20.817793000000002,96.933547,5,5,NA,NA,NA,NA,NA,NA,NA,NA,NA,NA,NA,NA,NA,NA,NA,NA,NA,NA,NA,NA,not_matched_in_alter_sheet,NA,NA
Alter et al. 2024,899_AltersInvert,99,NA,NA,Yes,NA,"Mos B, Dworjanyn SA, Mamo LT, Kelaher BP",NA,2013,NA,NA,NA,NA,Marine,NA,Zooplankton,Meroplankton,Echinoderm,Tripneustes gratilla,NA,NA,pH,NA,NA,NA,5,5,NA,491,24.4,930,24.3,439,-0.09999999999999787,NA,NA,NA,99_Tripneustes_gratilla_LARVA_CO2491.00_pH8.12_T24.4,2.9684829490000002,24.4,Normal,Development,NA,NA,NA,55.27,20.81779287,38.98,87.16192976,NA,FALSE,FALSE,-0.349181572,1.028373991,NA,NA,-0.25707660599999999,0.903225806,-0.23219822500000001,No,No,NA,613,Alter et al. 2024,mos b dworjanyn sa mamo lt kelaher bp,tripneustes gratilla,normal,ph,55.27,38.98,20.817793000000002,87.16193,5,5,NA,NA,NA,NA,NA,NA,NA,NA,NA,NA,NA,NA,NA,NA,NA,NA,NA,NA,NA,NA,not_matched_in_alter_sheet,NA,NA
Alter et al. 2024,891_AltersInvert,99,NA,NA,Yes,NA,"Mos B, Dworjanyn SA, Mamo LT, Kelaher BP",NA,2019,NA,NA,NA,NA,Marine,NA,Zooplankton,Meroplankton,Echinoderm,Tripneustes gratilla,NA,NA,T,NA,NA,NA,7,7,NA,491,24.4,513,26.8,22,2.400000000000002,NA,NA,NA,99_Tripneustes_gratilla_LARVA_CO2491.00_pH8.12_T24.4,2.7101173649999999,24.4,Survival,Survival,NA,NA,NA,20.73,12.22337106,20.46,15.71576279,NA,TRUE,FALSE,-1.3110165999999999E-2,0.133956193,NA,NA,-1.9178477999999999E-2,0.936170213,-1.7954319E-2,No,No,NA,614,Alter et al. 2024,mos b dworjanyn sa mamo lt kelaher bp,tripneustes gratilla,survival,t,20.73,20.46,12.223371,15.715763,7,7,NA,NA,NA,NA,NA,NA,NA,NA,NA,NA,NA,NA,NA,NA,NA,NA,NA,NA,NA,NA,not_matched_in_alter_sheet,NA,NA
Alter et al. 2024,894_AltersInvert,99,NA,NA,Yes,NA,"Mos B, Dworjanyn SA, Mamo LT, Kelaher BP",NA,2019,NA,NA,NA,NA,Marine,NA,Zooplankton,Meroplankton,Echinoderm,Tripneustes gratilla,NA,NA,T,NA,NA,NA,5,5,NA,491,24.4,513,26.8,22,2.400000000000002,NA,NA,NA,99_Tripneustes_gratilla_LARVA_CO2491.00_pH8.12_T24.4,2.7101173649999999,24.4,Size,Growth,NA,NA,NA,714.77,60.0384252,761.74,127.5676781,NA,TRUE,TRUE,6.3644477000000005E-2,7.0202529999999997E-3,NA,NA,0.47113769100000003,0.903225806,0.42554372099999999,No,No,NA,615,Alter et al. 2024,mos b dworjanyn sa mamo lt kelaher bp,tripneustes gratilla,size,t,714.77,761.74,60.038425,127.567678,5,5,NA,NA,NA,NA,NA,NA,NA,NA,NA,NA,NA,NA,NA,NA,NA,NA,NA,NA,NA,NA,not_matched_in_alter_sheet,NA,NA
Alter et al. 2024,896_AltersInvert,99,NA,NA,Yes,NA,"Mos B, Dworjanyn SA, Mamo LT, Kelaher BP",NA,2019,NA,NA,NA,NA,Marine,NA,Zooplankton,Meroplankton,Echinoderm,Tripneustes gratilla,NA,NA,T,NA,NA,NA,7,7,NA,491,24.4,513,26.8,22,2.400000000000002,NA,NA,NA,99_Tripneustes_gratilla_LARVA_CO2491.00_pH8.12_T24.4,2.7101173649999999,24.4,Settlement,Development,NA,NA,NA,38.18,21.29829805,48.31,13.7314493,NA,FALSE,TRUE,0.23532676,5.5996385000000003E-2,NA,NA,0.56532653300000002,0.936170213,0.52924186100000004,No,No,NA,616,Alter et al. 2024,mos b dworjanyn sa mamo lt kelaher bp,tripneustes gratilla,settlement,t,38.18,48.31,21.298298,13.731449,7,7,NA,NA,NA,NA,NA,NA,NA,NA,NA,NA,NA,NA,NA,NA,NA,NA,NA,NA,NA,NA,not_matched_in_alter_sheet,NA,NA
Alter et al. 2024,975_AltersInvert,99,NA,NA,Yes,NA,"Mos B, Dworjanyn SA, Mamo LT, Kelaher BP",NA,2013,NA,NA,NA,NA,Marine,NA,Zooplankton,Meroplankton,Echinoderm,Tripneustes gratilla,NA,NA,T,NA,NA,NA,5,5,NA,491,24.4,513,26.8,22,2.400000000000002,NA,NA,NA,99_Tripneustes_gratilla_LARVA_CO2491.00_pH8.12_T24.4,2.7101173649999999,24.4,Normal,Development,NA,NA,NA,55.27,20.81779287,24.15,54.00104166,NA,FALSE,FALSE,-0.82794588599999996,1.028373991,NA,NA,-0.76044016800000003,0.903225806,-0.68684918399999995,No,No,NA,617,Alter et al. 2024,mos b dworjanyn sa mamo lt kelaher bp,tripneustes gratilla,normal,t,55.27,24.15,20.817793000000002,54.001042,5,5,NA,NA,NA,NA,NA,NA,NA,NA,NA,NA,NA,NA,NA,NA,NA,NA,NA,NA,NA,NA,not_matched_in_alter_sheet,NA,NA
Alter et al. 2024,884_AltersInvert,99,NA,NA,Yes,NA,"Mos B, Dworjanyn SA, Mamo LT, Kelaher BP",NA,2019,NA,NA,NA,NA,Marine,NA,Zooplankton,Meroplankton,Echinoderm,Tripneustes gratilla,NA,NA,TpH,NA,NA,NA,7,7,NA,491,24.4,1704,27,1213,2.6000000000000014,NA,NA,NA,99_Tripneustes_gratilla_LARVA_CO2491.00_pH8.12_T24.4,3.2314695900000001,24.4,Survival,Survival,NA,NA,NA,20.73,12.22337106,9.11,10.82112286,NA,FALSE,FALSE,-0.82220921499999999,0.25123155000000003,NA,NA,-1.0066219780000001,0.936170213,-0.94236951099999999,No,No,NA,618,Alter et al. 2024,mos b dworjanyn sa mamo lt kelaher bp,tripneustes gratilla,survival,tph,20.73,9.11,12.223371,10.821123,7,7,NA,NA,NA,NA,NA,NA,NA,NA,NA,NA,NA,NA,NA,NA,NA,NA,NA,NA,NA,NA,not_matched_in_alter_sheet,NA,NA
Alter et al. 2024,885_AltersInvert,99,NA,NA,Yes,NA,"Mos B, Dworjanyn SA, Mamo LT, Kelaher BP",NA,2019,NA,NA,NA,NA,Marine,NA,Zooplankton,Meroplankton,Echinoderm,Tripneustes gratilla,NA,NA,TpH,NA,NA,NA,7,7,NA,491,24.4,1006,26.7,515,2.3000000000000007,NA,NA,NA,99_Tripneustes_gratilla_LARVA_CO2491.00_pH8.12_T24.4,3.0025979810000001,24.4,Survival,Survival,NA,NA,NA,20.73,12.22337106,16.24,11.53547572,NA,FALSE,FALSE,-0.24410459200000001,0.121746694,NA,NA,-0.37780615099999998,0.936170213,-0.35369086500000002,No,No,NA,619,Alter et al. 2024,mos b dworjanyn sa mamo lt kelaher bp,tripneustes gratilla,survival,tph,20.73,16.24,12.223371,11.535476,7,7,NA,NA,NA,NA,NA,NA,NA,NA,NA,NA,NA,NA,NA,NA,NA,NA,NA,NA,NA,NA,not_matched_in_alter_sheet,NA,NA
Alter et al. 2024,886_AltersInvert,99,NA,NA,Yes,NA,"Mos B, Dworjanyn SA, Mamo LT, Kelaher BP",NA,2019,NA,NA,NA,NA,Marine,NA,Zooplankton,Meroplankton,Echinoderm,Tripneustes gratilla,NA,NA,TpH,NA,NA,NA,5,5,NA,491,24.4,1704,27,1213,2.6000000000000014,NA,NA,NA,99_Tripneustes_gratilla_LARVA_CO2491.00_pH8.12_T24.4,3.2314695900000001,24.4,Size,Growth,NA,NA,NA,714.77,60.0384252,577.18,22.51720453,NA,FALSE,TRUE,-0.21380663599999999,1.715488E-3,NA,NA,-3.0345513140000002,0.903225806,-2.7408850569999998,No,No,NA,620,Alter et al. 2024,mos b dworjanyn sa mamo lt kelaher bp,tripneustes gratilla,size,tph,714.77,577.18,60.038425,22.517205,5,5,NA,NA,NA,NA,NA,NA,NA,NA,NA,NA,NA,NA,NA,NA,NA,NA,NA,NA,NA,NA,not_matched_in_alter_sheet,NA,NA
Alter et al. 2024,887_AltersInvert,99,NA,NA,Yes,NA,"Mos B, Dworjanyn SA, Mamo LT, Kelaher BP",NA,2019,NA,NA,NA,NA,Marine,NA,Zooplankton,Meroplankton,Echinoderm,Tripneustes gratilla,NA,NA,TpH,NA,NA,NA,5,5,NA,491,24.4,1006,26.7,515,2.3000000000000007,NA,NA,NA,99_Tripneustes_gratilla_LARVA_CO2491.00_pH8.12_T24.4,3.0025979810000001,24.4,Size,Growth,NA,NA,NA,714.77,60.0384252,587.25,22.51720453,NA,FALSE,TRUE,-0.196510189,1.7051379999999999E-3,NA,NA,-2.8124571810000001,0.903225806,-2.5402839049999999,No,No,NA,621,Alter et al. 2024,mos b dworjanyn sa mamo lt kelaher bp,tripneustes gratilla,size,tph,714.77,587.25,60.038425,22.517205,5,5,NA,NA,NA,NA,NA,NA,NA,NA,NA,NA,NA,NA,NA,NA,NA,NA,NA,NA,NA,NA,not_matched_in_alter_sheet,NA,NA
Alter et al. 2024,898_AltersInvert,99,NA,NA,Yes,NA,"Mos B, Dworjanyn SA, Mamo LT, Kelaher BP",NA,2019,NA,NA,NA,NA,Marine,NA,Zooplankton,Meroplankton,Echinoderm,Tripneustes gratilla,NA,NA,TpH,NA,NA,NA,7,7,NA,491,24.4,1006,26.7,515,2.3000000000000007,NA,NA,NA,99_Tripneustes_gratilla_LARVA_CO2491.00_pH8.12_T24.4,3.0025979810000001,24.4,Settlement,Development,NA,NA,NA,38.18,21.29829805,49.61,17.17092601,NA,FALSE,TRUE,0.26188060800000001,6.1568905E-2,NA,NA,0.59085029,0.936170213,0.55313644100000003,No,No,NA,622,Alter et al. 2024,mos b dworjanyn sa mamo lt kelaher bp,tripneustes gratilla,settlement,tph,38.18,49.61,21.298298,17.170926,7,7,NA,NA,NA,NA,NA,NA,NA,NA,NA,NA,NA,NA,NA,NA,NA,NA,NA,NA,NA,NA,not_matched_in_alter_sheet,NA,NA
Alter et al. 2024,900_AltersInvert,99,NA,NA,Yes,NA,"Mos B, Dworjanyn SA, Mamo LT, Kelaher BP",NA,2013,NA,NA,NA,NA,Marine,NA,Zooplankton,Meroplankton,Echinoderm,Tripneustes gratilla,NA,NA,TpH,NA,NA,NA,7,7,NA,491,24.4,1704,27,1213,2.6000000000000014,NA,NA,NA,99_Tripneustes_gratilla_LARVA_CO2491.00_pH8.12_T24.4,3.2314695900000001,24.4,Settlement,Development,NA,NA,NA,38.18,21.29829805,61.3,17.17092601,NA,FALSE,TRUE,0.47346802500000001,5.5663969000000001E-2,NA,NA,1.1951407439999999,0.936170213,1.118855164,No,No,NA,623,Alter et al. 2024,mos b dworjanyn sa mamo lt kelaher bp,tripneustes gratilla,settlement,tph,38.18,61.3,21.298298,17.170926,7,7,NA,NA,NA,NA,NA,NA,NA,NA,NA,NA,NA,NA,NA,NA,NA,NA,NA,NA,NA,NA,not_matched_in_alter_sheet,NA,NA
Alter et al. 2024,976_AltersInvert,99,NA,NA,Yes,NA,"Mos B, Dworjanyn SA, Mamo LT, Kelaher BP",NA,2013,NA,NA,NA,NA,Marine,NA,Zooplankton,Meroplankton,Echinoderm,Tripneustes gratilla,NA,NA,TpH,NA,NA,NA,5,5,NA,491,24.4,1006,26.7,515,2.3000000000000007,NA,NA,NA,99_Tripneustes_gratilla_LARVA_CO2491.00_pH8.12_T24.4,3.0025979810000001,24.4,Normal,Development,NA,NA,NA,55.27,20.81779287,20.95,46.84562413,NA,FALSE,FALSE,-0.97009161899999996,1.028373991,NA,NA,-0.94680041100000001,0.903225806,-0.855174565,No,No,NA,624,Alter et al. 2024,mos b dworjanyn sa mamo lt kelaher bp,tripneustes gratilla,normal,tph,55.27,20.95,20.817793000000002,46.845624,5,5,NA,NA,NA,NA,NA,NA,NA,NA,NA,NA,NA,NA,NA,NA,NA,NA,NA,NA,NA,NA,not_matched_in_alter_sheet,NA,NA
Alter et al. 2024,977_AltersInvert,99,NA,NA,Yes,NA,"Mos B, Dworjanyn SA, Mamo LT, Kelaher BP",NA,2013,NA,NA,NA,NA,Marine,NA,Zooplankton,Meroplankton,Echinoderm,Tripneustes gratilla,NA,NA,TpH,NA,NA,NA,5,5,NA,491,24.4,1704,27,1213,2.6000000000000014,NA,NA,NA,99_Tripneustes_gratilla_LARVA_CO2491.00_pH8.12_T24.4,3.2314695900000001,24.4,Normal,Development,NA,NA,NA,55.27,20.81779287,20.07,44.87788431,NA,FALSE,FALSE,-1.0130041030000001,1.028373991,NA,NA,-1.0062473270000001,0.903225806,-0.908868554,No,No,NA,625,Alter et al. 2024,mos b dworjanyn sa mamo lt kelaher bp,tripneustes gratilla,normal,tph,55.27,20.07,20.817793000000002,44.877884,5,5,NA,NA,NA,NA,NA,NA,NA,NA,NA,NA,NA,NA,NA,NA,NA,NA,NA,NA,NA,NA,not_matched_in_alter_sheet,NA,NA
Alter et al. 2024,189_AltersInvert,8,NA,NA,Yes,NA,"Padilla-GamiÃ±o JL, Kelly MW, Evans TJ, Hofmann GE",NA,2013,NA,NA,NA,NA,Marine,NA,Zooplankton,Meroplankton,Echinoderm,Strongylocentrotus purpuratus,NA,NA,pH,NA,NA,NA,8,8,NA,397,13.6,1124,13.6,727,0,NA,NA,NA,8_Strongylocentrotus_purpuratus_LARVA_CO2397.00_pH8.02_T13.6,3.0507663109999998,13.6,Length,Growth,NA,NA,NA,0.32,0,0.29,0,NA,TRUE,TRUE,-9.8440073000000003E-2,0,NA,NA,NA,0.945454545,NA,NA,NA,NA,674,Alter et al. 2024,padilla gami o jl kelly mw evans tj hofmann ge,strongylocentrotus purpuratus,length,ph,0.32,0.29,0,0,8,8,NA,NA,NA,NA,NA,NA,NA,NA,NA,NA,NA,NA,NA,NA,NA,NA,NA,NA,NA,NA,not_matched_in_alter_sheet,NA,NA
Alter et al. 2024,190_AltersInvert,8,NA,NA,Yes,NA,"Padilla-GamiÃ±o JL, Kelly MW, Evans TJ, Hofmann GE",NA,2013,NA,NA,NA,NA,Marine,NA,Zooplankton,Meroplankton,Echinoderm,Strongylocentrotus purpuratus,NA,NA,pH,NA,NA,NA,6,6,NA,397,13.6,1124,13.6,727,0,NA,NA,NA,8_Strongylocentrotus_purpuratus_LARVA_CO2397.00_pH8.02_T13.6,3.0507663109999998,13.6,Oxygen consumption rate,Physiology,NA,NA,NA,8.23,1.347219359,7.92,1.102270384,NA,TRUE,TRUE,-3.8394809000000002E-2,7.694378E-3,NA,NA,-0.25185778399999997,0.923076923,-0.23248410799999999,No,No,NA,675,Alter et al. 2024,padilla gami o jl kelly mw evans tj hofmann ge,strongylocentrotus purpuratus,oxygen consumption rate,ph,8.23,7.92,1.347219,1.10227,6,6,NA,NA,NA,NA,NA,NA,NA,NA,NA,NA,NA,NA,NA,NA,NA,NA,NA,NA,NA,NA,not_matched_in_alter_sheet,NA,NA
Alter et al. 2024,191_AltersInvert,8,NA,NA,Yes,NA,"Padilla-GamiÃ±o JL, Kelly MW, Evans TJ, Hofmann GE",NA,2013,NA,NA,NA,NA,Marine,NA,Zooplankton,Meroplankton,Echinoderm,Strongylocentrotus purpuratus,NA,NA,T,NA,NA,NA,8,8,NA,397,13.6,398,18.4,1,4.799999999999999,NA,NA,NA,8_Strongylocentrotus_purpuratus_LARVA_CO2397.00_pH8.02_T13.6,2.5998830719999999,13.6,Length,Growth,NA,NA,NA,0.32,0,0.32,0.028284271,NA,TRUE,TRUE,0,9.7656299999999995E-4,NA,NA,0,0.945454545,0,No,No,NA,676,Alter et al. 2024,padilla gami o jl kelly mw evans tj hofmann ge,strongylocentrotus purpuratus,length,t,0.32,0.32,0,0.028284,8,8,NA,NA,NA,NA,NA,NA,NA,NA,NA,NA,NA,NA,NA,NA,NA,NA,NA,NA,NA,NA,not_matched_in_alter_sheet,NA,NA
Alter et al. 2024,193_AltersInvert,8,NA,NA,Yes,NA,"Padilla-GamiÃ±o JL, Kelly MW, Evans TJ, Hofmann GE",NA,2013,NA,NA,NA,NA,Marine,NA,Zooplankton,Meroplankton,Echinoderm,Strongylocentrotus purpuratus,NA,NA,T,NA,NA,NA,6,6,NA,397,13.6,398,18.4,1,4.799999999999999,NA,NA,NA,8_Strongylocentrotus_purpuratus_LARVA_CO2397.00_pH8.02_T13.6,2.5998830719999999,13.6,Oxygen consumption rate,Physiology,NA,NA,NA,8.23,1.347219359,12.86,2.351510153,NA,FALSE,FALSE,0.446335704,1.0038706E-2,NA,NA,2.4160833620000002,0.923076923,2.2302307959999998,No,No,NA,677,Alter et al. 2024,padilla gami o jl kelly mw evans tj hofmann ge,strongylocentrotus purpuratus,oxygen consumption rate,t,8.23,12.86,1.347219,2.35151,6,6,NA,NA,NA,NA,NA,NA,NA,NA,NA,NA,NA,NA,NA,NA,NA,NA,NA,NA,NA,NA,not_matched_in_alter_sheet,NA,NA
Alter et al. 2024,188_AltersInvert,8,NA,NA,Yes,NA,"Padilla-GamiÃ±o JL, Kelly MW, Evans TJ, Hofmann GE",NA,2013,NA,NA,NA,NA,Marine,NA,Zooplankton,Meroplankton,Echinoderm,Strongylocentrotus purpuratus,NA,NA,TpH,NA,NA,NA,8,8,NA,397,13.6,1181,18.4,784,4.799999999999999,NA,NA,NA,8_Strongylocentrotus_purpuratus_LARVA_CO2397.00_pH8.02_T13.6,3.0722498979999999,13.6,Length,Growth,NA,NA,NA,0.32,0,0.29,0,NA,FALSE,TRUE,-9.8440073000000003E-2,0,NA,NA,NA,0.945454545,NA,NA,NA,NA,678,Alter et al. 2024,padilla gami o jl kelly mw evans tj hofmann ge,strongylocentrotus purpuratus,length,tph,0.32,0.29,0,0,8,8,NA,NA,NA,NA,NA,NA,NA,NA,NA,NA,NA,NA,NA,NA,NA,NA,NA,NA,NA,NA,not_matched_in_alter_sheet,NA,NA
Alter et al. 2024,192_AltersInvert,8,NA,NA,Yes,NA,"Padilla-GamiÃ±o JL, Kelly MW, Evans TJ, Hofmann GE",NA,2013,NA,NA,NA,NA,Marine,NA,Zooplankton,Meroplankton,Echinoderm,Strongylocentrotus purpuratus,NA,NA,TpH,NA,NA,NA,6,6,NA,397,13.6,1181,18.4,784,4.799999999999999,NA,NA,NA,8_Strongylocentrotus_purpuratus_LARVA_CO2397.00_pH8.02_T13.6,3.0722498979999999,13.6,Oxygen consumption rate,Physiology,NA,NA,NA,8.23,1.347219359,9.8,2.106561179,NA,FALSE,TRUE,0.174596371,1.2167030000000001E-2,NA,NA,0.88794144500000005,0.923076923,0.81963825700000004,No,No,NA,679,Alter et al. 2024,padilla gami o jl kelly mw evans tj hofmann ge,strongylocentrotus purpuratus,oxygen consumption rate,tph,8.23,9.8,1.347219,2.106561,6,6,NA,NA,NA,NA,NA,NA,NA,NA,NA,NA,NA,NA,NA,NA,NA,NA,NA,NA,NA,NA,not_matched_in_alter_sheet,NA,NA
Alter et al. 2024,1009_AltersInvert,119,NA,NA,Yes,NA,"Pansch C, Nasrolahi A, Appelhans YS, Wahl M",NA,2012,NA,NA,NA,NA,Marine,NA,Zooplankton,Meroplankton,Arthropoda,Amphibalanus improvisus,NA,NA,pH,NA,NA,NA,6,6,NA,414,19.6,1282,19.6,868,0,NA,NA,NA,119_Amphibalanus_improvisus_LARVA_CO2414.00_pH8.11_T19.6,3.1078880249999998,19.6,Settlement,Development,NA,NA,NA,24.65,17.66082105,20.84,19.15500979,NA,FALSE,FALSE,-0.167902684,0.22635828299999999,NA,NA,-0.206805926,0.923076923,-0.19089777799999999,No,No,NA,680,Alter et al. 2024,pansch c nasrolahi a appelhans ys wahl m,amphibalanus improvisus,settlement,ph,24.65,20.84,17.660821,19.15501,6,6,NA,NA,NA,NA,NA,NA,NA,NA,NA,NA,NA,NA,NA,NA,NA,NA,NA,NA,NA,NA,not_matched_in_alter_sheet,NA,NA
Alter et al. 2024,1011_AltersInvert,119,NA,NA,Yes,NA,"Pansch C, Nasrolahi A, Appelhans YS, Wahl M",NA,2021,NA,NA,NA,NA,Marine,NA,Zooplankton,Meroplankton,Arthropoda,Amphibalanus improvisus,NA,NA,pH,NA,NA,NA,6,6,NA,414,19.6,1282,19.6,868,0,NA,NA,NA,119_Amphibalanus_improvisus_LARVA_CO2414.00_pH8.11_T19.6,3.1078880249999998,19.6,Survival,Survival,NA,NA,NA,54.22,13.76613235,50.8,20.64919853,NA,TRUE,TRUE,-6.5153488999999995E-2,3.8281397000000002E-2,NA,NA,-0.19488907,0.923076923,-0.17989760299999999,No,No,NA,681,Alter et al. 2024,pansch c nasrolahi a appelhans ys wahl m,amphibalanus improvisus,survival,ph,54.22,50.8,13.766132,20.649199,6,6,NA,NA,NA,NA,NA,NA,NA,NA,NA,NA,NA,NA,NA,NA,NA,NA,NA,NA,NA,NA,not_matched_in_alter_sheet,NA,NA
Alter et al. 2024,1012_AltersInvert,119,NA,NA,Yes,NA,"Pansch C, Nasrolahi A, Appelhans YS, Wahl M",NA,2021,NA,NA,NA,NA,Marine,NA,Zooplankton,Meroplankton,Arthropoda,Amphibalanus improvisus,NA,NA,pH,NA,NA,NA,6,6,NA,414,19.6,1282,19.6,868,0,NA,NA,NA,119_Amphibalanus_improvisus_LARVA_CO2414.00_pH8.11_T19.6,3.1078880249999998,19.6,Developmental time,Development,NA,NA,NA,17.62,4.237617255,18.43,4.507061127,NA,TRUE,TRUE,4.4945151000000003E-2,1.9607546E-2,NA,NA,0.18516764899999999,0.923076923,0.170923983,No,No,NA,682,Alter et al. 2024,pansch c nasrolahi a appelhans ys wahl m,amphibalanus improvisus,developmental time,ph,17.62,18.43,4.237617,4.507061,6,6,NA,NA,NA,NA,NA,NA,NA,NA,NA,NA,NA,NA,NA,NA,NA,NA,NA,NA,NA,NA,not_matched_in_alter_sheet,NA,NA
Alter et al. 2024,1013_AltersInvert,119,NA,NA,Yes,NA,"Pansch C, Nasrolahi A, Appelhans YS, Wahl M",NA,2021,NA,NA,NA,NA,Marine,NA,Zooplankton,Meroplankton,Arthropoda,Amphibalanus improvisus,NA,NA,pH,NA,NA,NA,6,6,NA,414,19.6,3278,19.6,2864,0,NA,NA,NA,119_Amphibalanus_improvisus_LARVA_CO2414.00_pH8.11_T19.6,3.5156089490000002,19.6,Developmental time,Development,NA,NA,NA,17.62,4.237617255,18.89,3.674234614,NA,TRUE,TRUE,6.9598061000000003E-2,1.5945561E-2,NA,NA,0.32022652800000001,0.923076923,0.29559371800000001,No,No,NA,683,Alter et al. 2024,pansch c nasrolahi a appelhans ys wahl m,amphibalanus improvisus,developmental time,ph,17.62,18.89,4.237617,3.674235,6,6,NA,NA,NA,NA,NA,NA,NA,NA,NA,NA,NA,NA,NA,NA,NA,NA,NA,NA,NA,NA,not_matched_in_alter_sheet,NA,NA
Alter et al. 2024,1014_AltersInvert,119,NA,NA,Yes,NA,"Pansch C, Nasrolahi A, Appelhans YS, Wahl M",NA,2021,NA,NA,NA,NA,Marine,NA,Zooplankton,Meroplankton,Arthropoda,Amphibalanus improvisus,NA,NA,pH,NA,NA,NA,6,6,NA,414,19.6,3278,19.6,2864,0,NA,NA,NA,119_Amphibalanus_improvisus_LARVA_CO2414.00_pH8.11_T19.6,3.5156089490000002,19.6,Survival,Survival,NA,NA,NA,54.22,13.76613235,74.1,17.70981084,NA,FALSE,TRUE,0.31236568799999997,2.0263764E-2,NA,NA,1.253387373,0.923076923,1.1569729600000001,No,No,NA,684,Alter et al. 2024,pansch c nasrolahi a appelhans ys wahl m,amphibalanus improvisus,survival,ph,54.22,74.1,13.766132,17.709811,6,6,NA,NA,NA,NA,NA,NA,NA,NA,NA,NA,NA,NA,NA,NA,NA,NA,NA,NA,NA,NA,not_matched_in_alter_sheet,NA,NA
Alter et al. 2024,1015_AltersInvert,119,NA,NA,Yes,NA,"Pansch C, Nasrolahi A, Appelhans YS, Wahl M",NA,2021,NA,NA,NA,NA,Marine,NA,Zooplankton,Meroplankton,Arthropoda,Amphibalanus improvisus,NA,NA,pH,NA,NA,NA,6,6,NA,414,19.6,3278,19.6,2864,0,NA,NA,NA,119_Amphibalanus_improvisus_LARVA_CO2414.00_pH8.11_T19.6,3.5156089490000002,19.6,Settlement,Development,NA,NA,NA,24.65,17.66082105,40.08,24.54388722,NA,FALSE,FALSE,0.48610055600000002,0.14805328300000001,NA,NA,0.72166376799999998,0.923076923,0.66615117000000001,No,No,NA,685,Alter et al. 2024,pansch c nasrolahi a appelhans ys wahl m,amphibalanus improvisus,settlement,ph,24.65,40.08,17.660821,24.543887,6,6,NA,NA,NA,NA,NA,NA,NA,NA,NA,NA,NA,NA,NA,NA,NA,NA,NA,NA,NA,NA,not_matched_in_alter_sheet,NA,NA
Alter et al. 2024,1001_AltersInvert,119,NA,NA,Yes,NA,"Pansch C, Nasrolahi A, Appelhans YS, Wahl M",NA,2012,NA,NA,NA,NA,Marine,NA,Zooplankton,Meroplankton,Arthropoda,Amphibalanus improvisus,NA,NA,T,NA,NA,NA,6,6,NA,414,19.6,378,26.9,-36,7.299999999999997,NA,NA,NA,119_Amphibalanus_improvisus_LARVA_CO2414.00_pH8.11_T19.6,2.5774918000000002,19.6,Survival,Survival,NA,NA,NA,54.22,13.76613235,19.88,12.78633646,NA,TRUE,TRUE,-1.003335643,7.9689562000000005E-2,NA,NA,-2.5848176139999999,0.923076923,-2.3859854899999999,No,No,NA,686,Alter et al. 2024,pansch c nasrolahi a appelhans ys wahl m,amphibalanus improvisus,survival,t,54.22,19.88,13.766132,12.786336,6,6,NA,NA,NA,NA,NA,NA,NA,NA,NA,NA,NA,NA,NA,NA,NA,NA,NA,NA,NA,NA,not_matched_in_alter_sheet,NA,NA
Alter et al. 2024,1002_AltersInvert,119,NA,NA,Yes,NA,"Pansch C, Nasrolahi A, Appelhans YS, Wahl M",NA,2012,NA,NA,NA,NA,Marine,NA,Zooplankton,Meroplankton,Arthropoda,Amphibalanus improvisus,NA,NA,T,NA,NA,NA,6,6,NA,414,19.6,378,26.9,-36,7.299999999999997,NA,NA,NA,119_Amphibalanus_improvisus_LARVA_CO2414.00_pH8.11_T19.6,2.5774918000000002,19.6,Developmental time,Development,NA,NA,NA,17.62,4.237617255,10.6,4.507061127,NA,FALSE,TRUE,-0.508180619,3.9771793999999999E-2,NA,NA,-1.6047862879999999,0.923076923,-1.4813411889999999,No,No,NA,687,Alter et al. 2024,pansch c nasrolahi a appelhans ys wahl m,amphibalanus improvisus,developmental time,t,17.62,10.6,4.237617,4.507061,6,6,NA,NA,NA,NA,NA,NA,NA,NA,NA,NA,NA,NA,NA,NA,NA,NA,NA,NA,NA,NA,not_matched_in_alter_sheet,NA,NA
Alter et al. 2024,1007_AltersInvert,119,NA,NA,Yes,NA,"Pansch C, Nasrolahi A, Appelhans YS, Wahl M",NA,2012,NA,NA,NA,NA,Marine,NA,Zooplankton,Meroplankton,Arthropoda,Amphibalanus improvisus,NA,NA,T,NA,NA,NA,6,6,NA,414,19.6,378,26.9,-36,7.299999999999997,NA,NA,NA,119_Amphibalanus_improvisus_LARVA_CO2414.00_pH8.11_T19.6,2.5774918000000002,19.6,Settlement,Development,NA,NA,NA,24.65,17.66082105,19.64,12.76184156,NA,FALSE,FALSE,-0.22720859800000001,0.15592408199999999,NA,NA,-0.32517073699999999,0.923076923,-0.300157603,No,No,NA,688,Alter et al. 2024,pansch c nasrolahi a appelhans ys wahl m,amphibalanus improvisus,settlement,t,24.65,19.64,17.660821,12.761842,6,6,NA,NA,NA,NA,NA,NA,NA,NA,NA,NA,NA,NA,NA,NA,NA,NA,NA,NA,NA,NA,not_matched_in_alter_sheet,NA,NA
Alter et al. 2024,1003_AltersInvert,119,NA,NA,Yes,NA,"Pansch C, Nasrolahi A, Appelhans YS, Wahl M",NA,2012,NA,NA,NA,NA,Marine,NA,Zooplankton,Meroplankton,Arthropoda,Amphibalanus improvisus,NA,NA,TpH,NA,NA,NA,6,6,NA,414,19.6,3110,26.9,2696,7.299999999999997,NA,NA,NA,119_Amphibalanus_improvisus_LARVA_CO2414.00_pH8.11_T19.6,3.4927603889999999,19.6,Survival,Survival,NA,NA,NA,54.22,13.76613235,32.93,12.78633646,NA,FALSE,TRUE,-0.49866574800000002,3.5871671000000001E-2,NA,NA,-1.6025267030000001,0.923076923,-1.479255419,No,No,NA,689,Alter et al. 2024,pansch c nasrolahi a appelhans ys wahl m,amphibalanus improvisus,survival,tph,54.22,32.93,13.766132,12.786336,6,6,NA,NA,NA,NA,NA,NA,NA,NA,NA,NA,NA,NA,NA,NA,NA,NA,NA,NA,NA,NA,not_matched_in_alter_sheet,NA,NA
Alter et al. 2024,1004_AltersInvert,119,NA,NA,Yes,NA,"Pansch C, Nasrolahi A, Appelhans YS, Wahl M",NA,2012,NA,NA,NA,NA,Marine,NA,Zooplankton,Meroplankton,Arthropoda,Amphibalanus improvisus,NA,NA,TpH,NA,NA,NA,6,6,NA,414,19.6,1186,26.9,772,7.299999999999997,NA,NA,NA,119_Amphibalanus_improvisus_LARVA_CO2414.00_pH8.11_T19.6,3.0740846890000002,19.6,Survival,Survival,NA,NA,NA,54.22,13.76613235,34.14,9.846948766,NA,FALSE,TRUE,-0.46258012700000001,2.4608859E-2,NA,NA,-1.6777994279999999,0.923076923,-1.548737933,No,No,NA,690,Alter et al. 2024,pansch c nasrolahi a appelhans ys wahl m,amphibalanus improvisus,survival,tph,54.22,34.14,13.766132,9.846949,6,6,NA,NA,NA,NA,NA,NA,NA,NA,NA,NA,NA,NA,NA,NA,NA,NA,NA,NA,NA,NA,not_matched_in_alter_sheet,NA,NA
Alter et al. 2024,1005_AltersInvert,119,NA,NA,Yes,NA,"Pansch C, Nasrolahi A, Appelhans YS, Wahl M",NA,2012,NA,NA,NA,NA,Marine,NA,Zooplankton,Meroplankton,Arthropoda,Amphibalanus improvisus,NA,NA,TpH,NA,NA,NA,6,6,NA,414,19.6,1186,26.9,772,7.299999999999997,NA,NA,NA,119_Amphibalanus_improvisus_LARVA_CO2414.00_pH8.11_T19.6,3.0740846890000002,19.6,Settlement,Development,NA,NA,NA,24.65,17.66082105,16.63,6.393168229,NA,FALSE,FALSE,-0.39356860700000001,0.11018510400000001,NA,NA,-0.60386396099999995,0.923076923,-0.55741288700000002,No,No,NA,691,Alter et al. 2024,pansch c nasrolahi a appelhans ys wahl m,amphibalanus improvisus,settlement,tph,24.65,16.63,17.660821,6.393168,6,6,NA,NA,NA,NA,NA,NA,NA,NA,NA,NA,NA,NA,NA,NA,NA,NA,NA,NA,NA,NA,not_matched_in_alter_sheet,NA,NA
Alter et al. 2024,1006_AltersInvert,119,NA,NA,Yes,NA,"Pansch C, Nasrolahi A, Appelhans YS, Wahl M",NA,2012,NA,NA,NA,NA,Marine,NA,Zooplankton,Meroplankton,Arthropoda,Amphibalanus improvisus,NA,NA,TpH,NA,NA,NA,6,6,NA,414,19.6,3110,26.9,2696,7.299999999999997,NA,NA,NA,119_Amphibalanus_improvisus_LARVA_CO2414.00_pH8.11_T19.6,3.4927603889999999,19.6,Developmental time,Development,NA,NA,NA,17.62,4.237617255,13.82,5.070443768,NA,FALSE,TRUE,-0.24291780199999999,3.2074999E-2,NA,NA,-0.81324782600000001,0.923076923,-0.750690301,No,No,NA,692,Alter et al. 2024,pansch c nasrolahi a appelhans ys wahl m,amphibalanus improvisus,developmental time,tph,17.62,13.82,4.237617,5.070444,6,6,NA,NA,NA,NA,NA,NA,NA,NA,NA,NA,NA,NA,NA,NA,NA,NA,NA,NA,NA,NA,not_matched_in_alter_sheet,NA,NA
Alter et al. 2024,1008_AltersInvert,119,NA,NA,Yes,NA,"Pansch C, Nasrolahi A, Appelhans YS, Wahl M",NA,2012,NA,NA,NA,NA,Marine,NA,Zooplankton,Meroplankton,Arthropoda,Amphibalanus improvisus,NA,NA,TpH,NA,NA,NA,6,6,NA,414,19.6,3110,26.9,2696,7.299999999999997,NA,NA,NA,119_Amphibalanus_improvisus_LARVA_CO2414.00_pH8.11_T19.6,3.4927603889999999,19.6,Settlement,Development,NA,NA,NA,24.65,17.66082105,19.64,16.68102515,NA,FALSE,FALSE,-0.22720859800000001,0.20578284299999999,NA,NA,-0.29165363700000002,0.923076923,-0.26921874200000001,No,No,NA,693,Alter et al. 2024,pansch c nasrolahi a appelhans ys wahl m,amphibalanus improvisus,settlement,tph,24.65,19.64,17.660821,16.681025,6,6,NA,NA,NA,NA,NA,NA,NA,NA,NA,NA,NA,NA,NA,NA,NA,NA,NA,NA,NA,NA,not_matched_in_alter_sheet,NA,NA
Alter et al. 2024,1010_AltersInvert,119,NA,NA,Yes,NA,"Pansch C, Nasrolahi A, Appelhans YS, Wahl M",NA,2012,NA,NA,NA,NA,Marine,NA,Zooplankton,Meroplankton,Arthropoda,Amphibalanus improvisus,NA,NA,TpH,NA,NA,NA,6,6,NA,414,19.6,1186,26.9,772,7.299999999999997,NA,NA,NA,119_Amphibalanus_improvisus_LARVA_CO2414.00_pH8.11_T19.6,3.0740846890000002,19.6,Developmental time,Development,NA,NA,NA,17.62,4.237617255,15.43,4.800999896,NA,FALSE,TRUE,-0.132720954,2.5775494999999999E-2,NA,NA,-0.48364879900000002,0.923076923,-0.44644504499999998,No,No,NA,694,Alter et al. 2024,pansch c nasrolahi a appelhans ys wahl m,amphibalanus improvisus,developmental time,tph,17.62,15.43,4.237617,4.801,6,6,NA,NA,NA,NA,NA,NA,NA,NA,NA,NA,NA,NA,NA,NA,NA,NA,NA,NA,NA,NA,not_matched_in_alter_sheet,NA,NA
Alter et al. 2024,2231_AltersInvert,240,NA,NA,Yes,NA,"Pardo, Costa",https://www.sciencedirect.com/science/article/pii/S0272771421001499,2021,NA,NA,NA,NA,Marine,NA,Zooplankton,Meroplankton,Arthropoda,Leptuca thayeri,NA,NA,pH,NA,NA,NA,26,26,NA,8271,26.1,41067,26.4,32796,0.29999999999999716,Yes,converted_or_back_calculated,"â€œPrimary paper manipulated temperature and pH, not explicitly reported treatment pCO2. Control was based on measured burrow conditions; experimental treatments used ~26 vs 30 Â°C and pH 6.9 vs 6.2. CO2 values in this database therefore appear to be converted/back-calculated from the reported pH-temperature treatment combinations rather than directly reported study values.â€",240_Leptuca_thayeri_EMBRYO_CO28271.00_pH0.00_T26.1,4.613492978,26.1,growth rate,Growth,higher_is_better,NA,NA,0.012857881,0,0.012692506,0,NA,TRUE,TRUE,-1.2945190000000001E-2,0,NA,NA,NA,0.984924623,NA,NA,NA,NA,695,Alter et al. 2024,pardo costa,leptuca thayeri,growth rate,ph,0.012858,0.012693,0,0,26,26,NA,NA,NA,NA,NA,NA,NA,NA,NA,NA,NA,NA,NA,NA,NA,NA,NA,NA,NA,NA,not_matched_in_alter_sheet,NA,NA
Alter et al. 2024,2273_AltersInvert,240,NA,NA,Yes,NA,"Pardo, Costa",https://www.sciencedirect.com/science/article/pii/S0272771421001499,2021,NA,NA,NA,NA,Marine,NA,Zooplankton,Meroplankton,Arthropoda,Leptuca thayeri,NA,NA,pH,NA,NA,NA,3,3,NA,8271,26.1,41067,26.4,32796,0.29999999999999716,Yes,converted_or_back_calculated,"â€œPrimary paper manipulated temperature and pH, not explicitly reported treatment pCO2. Control was based on measured burrow conditions; experimental treatments used ~26 vs 30 Â°C and pH 6.9 vs 6.2. CO2 values in this database therefore appear to be converted/back-calculated from the reported pH-temperature treatment combinations rather than directly reported study values.â€",240_Leptuca_thayeri_EMBRYO_CO28271.00_pH0.00_T26.1,4.613492978,26.1,Survival,Survival,higher_is_better,NA,NA,93.84,7.395856948,80.21327014,12.52272734,NA,FALSE,TRUE,-0.15690224,1.0194788E-2,NA,NA,-1.325054052,0.8,-1.0600432420000001,No,No,NA,696,Alter et al. 2024,pardo costa,leptuca thayeri,survival,ph,93.84,80.21327,7.395857,12.522727,3,3,NA,NA,NA,NA,NA,NA,NA,NA,NA,NA,NA,NA,NA,NA,NA,NA,NA,NA,NA,NA,not_matched_in_alter_sheet,NA,NA
Alter et al. 2024,2230_AltersInvert,240,NA,NA,Yes,NA,"Pardo, Costa",https://www.sciencedirect.com/science/article/pii/S0272771421001499,2021,NA,NA,NA,NA,Marine,NA,Zooplankton,Meroplankton,Arthropoda,Leptuca thayeri,NA,NA,T,NA,NA,NA,26,26,NA,8271,26.1,10190,29.9,1919,3.799999999999997,NA,NA,"â€œPrimary paper manipulated temperature and pH, not explicitly reported treatment pCO2. Control was based on measured burrow conditions; experimental treatments used ~26 vs 30 Â°C and pH 6.9 vs 6.2. CO2 values in this database therefore appear to be converted/back-calculated from the reported pH-temperature treatment combinations rather than directly reported study values.â€",240_Leptuca_thayeri_EMBRYO_CO28271.00_pH0.00_T26.1,4.0081741839999996,26.1,growth rate,Growth,NA,NA,NA,0.012857881,0,0.012113695,0,NA,FALSE,TRUE,-5.9620300000000001E-2,0,NA,NA,NA,0.984924623,NA,NA,NA,NA,697,Alter et al. 2024,pardo costa,leptuca thayeri,growth rate,t,0.012858,0.012114,0,0,26,26,NA,NA,NA,NA,NA,NA,NA,NA,NA,NA,NA,NA,NA,NA,NA,NA,NA,NA,NA,NA,not_matched_in_alter_sheet,NA,NA
Alter et al. 2024,2272_AltersInvert,240,NA,NA,Yes,NA,"Pardo, Costa",https://www.sciencedirect.com/science/article/pii/S0272771421001499,2021,NA,NA,NA,NA,Marine,NA,Zooplankton,Meroplankton,Arthropoda,Leptuca thayeri,NA,NA,T,NA,NA,NA,3,3,NA,8271,26.1,10190,29.9,1919,3.799999999999997,NA,NA,"â€œPrimary paper manipulated temperature and pH, not explicitly reported treatment pCO2. Control was based on measured burrow conditions; experimental treatments used ~26 vs 30 Â°C and pH 6.9 vs 6.2. CO2 values in this database therefore appear to be converted/back-calculated from the reported pH-temperature treatment combinations rather than directly reported study values.â€",240_Leptuca_thayeri_EMBRYO_CO28271.00_pH0.00_T26.1,4.0081741839999996,26.1,Survival,Survival,NA,NA,NA,93.84,7.395856948,75.11848341,25.85951856,NA,FALSE,TRUE,-0.22252455900000001,4.1573150000000003E-2,NA,NA,-0.98437993000000001,0.8,-0.78750394400000001,No,No,NA,698,Alter et al. 2024,pardo costa,leptuca thayeri,survival,t,93.84,75.118483,7.395857,25.859519,3,3,NA,NA,NA,NA,NA,NA,NA,NA,NA,NA,NA,NA,NA,NA,NA,NA,NA,NA,NA,NA,not_matched_in_alter_sheet,NA,NA
Alter et al. 2024,2232_AltersInvert,240,NA,NA,Yes,NA,"Pardo, Costa",https://www.sciencedirect.com/science/article/pii/S0272771421001499,2021,NA,NA,NA,NA,Marine,NA,Zooplankton,Meroplankton,Arthropoda,Leptuca thayeri,NA,NA,TpH,NA,NA,NA,26,26,NA,8271,26.1,48031,30,39760,3.8999999999999986,NA,NA,"â€œPrimary paper manipulated temperature and pH, not explicitly reported treatment pCO2. Control was based on measured burrow conditions; experimental treatments used ~26 vs 30 Â°C and pH 6.9 vs 6.2. CO2 values in this database therefore appear to be converted/back-calculated from the reported pH-temperature treatment combinations rather than directly reported study values.â€",240_Leptuca_thayeri_EMBRYO_CO28271.00_pH0.00_T26.1,4.6815216289999997,26.1,growth rate,Growth,NA,NA,NA,0.012857881,0,0.014098191,0,NA,TRUE,TRUE,9.2089561E-2,0,NA,NA,NA,0.984924623,NA,NA,NA,NA,699,Alter et al. 2024,pardo costa,leptuca thayeri,growth rate,tph,0.012858,0.014098,0,0,26,26,NA,NA,NA,NA,NA,NA,NA,NA,NA,NA,NA,NA,NA,NA,NA,NA,NA,NA,NA,NA,not_matched_in_alter_sheet,NA,NA
Alter et al. 2024,2276_AltersInvert,240,NA,NA,Yes,NA,"Pardo, Costa",https://www.sciencedirect.com/science/article/pii/S0272771421001499,2021,NA,NA,NA,NA,Marine,NA,Zooplankton,Meroplankton,Arthropoda,Leptuca thayeri,NA,NA,TpH,NA,NA,NA,3,3,NA,8271,26.1,48031,30,39760,3.8999999999999986,NA,NA,"â€œPrimary paper manipulated temperature and pH, not explicitly reported treatment pCO2. Control was based on measured burrow conditions; experimental treatments used ~26 vs 30 Â°C and pH 6.9 vs 6.2. CO2 values in this database therefore appear to be converted/back-calculated from the reported pH-temperature treatment combinations rather than directly reported study values.â€",240_Leptuca_thayeri_EMBRYO_CO28271.00_pH0.00_T26.1,4.6815216289999997,26.1,Survival,Survival,NA,NA,NA,93.84,7.395856948,89.57345972,3.481422123,NA,TRUE,TRUE,-4.6532137000000001E-2,2.5740609999999999E-3,NA,NA,-0.73814360599999995,0.8,-0.59051488500000004,No,No,NA,700,Alter et al. 2024,pardo costa,leptuca thayeri,survival,tph,93.84,89.57346,7.395857,3.481422,3,3,NA,NA,NA,NA,NA,NA,NA,NA,NA,NA,NA,NA,NA,NA,NA,NA,NA,NA,NA,NA,not_matched_in_alter_sheet,NA,NA
Alter et al. 2024,1287_AltersInvert,212,NA,NA,Yes,NA,"Parker, Ross, O'Connor",NA,2010,NA,NA,NA,NA,Marine,NA,Zooplankton,Meroplankton,Mollusca,Crassostrea gigas,NA,NA,pH,NA,NA,NA,3,3,NA,375,18,600,18,225,0,NA,NA,NA,212_Crassostrea_gigas_LARVA_CO2375.00_pH0.00_T18.,2.7781512500000001,18,Normal,Development,NA,NA,NA,22.01,4.95366531,36.02,4.451370575,NA,FALSE,TRUE,0.49257744399999998,2.1975361999999998E-2,NA,NA,2.975015172,0.8,2.3800121380000001,No,No,NA,701,Alter et al. 2024,parker ross o connor,crassostrea gigas,normal,ph,22.01,36.02,4.953665,4.451371,3,3,NA,NA,NA,NA,NA,NA,NA,NA,NA,NA,NA,NA,NA,NA,NA,NA,NA,NA,NA,NA,not_matched_in_alter_sheet,NA,NA
Alter et al. 2024,1296_AltersInvert,212,NA,NA,Yes,NA,"Parker, Ross, O'Connor",NA,2010,NA,NA,NA,NA,Marine,NA,Zooplankton,Meroplankton,Mollusca,Crassostrea gigas,NA,NA,pH,NA,NA,NA,3,3,NA,375,18,750,18,375,0,NA,NA,NA,212_Crassostrea_gigas_LARVA_CO2375.00_pH0.00_T18.,2.8750612630000001,18,Normal,Development,NA,NA,NA,22.01,4.95366531,45.47,2.961806881,NA,FALSE,TRUE,0.72555587200000005,1.8298948999999998E-2,NA,NA,5.7484203550000004,0.8,4.5987362840000001,No,No,NA,702,Alter et al. 2024,parker ross o connor,crassostrea gigas,normal,ph,22.01,45.47,4.953665,2.961807,3,3,NA,NA,NA,NA,NA,NA,NA,NA,NA,NA,NA,NA,NA,NA,NA,NA,NA,NA,NA,NA,not_matched_in_alter_sheet,NA,NA
Alter et al. 2024,1304_AltersInvert,212,NA,NA,Yes,NA,"Parker, Ross, O'Connor",NA,2017,NA,NA,NA,NA,Marine,NA,Zooplankton,Meroplankton,Mollusca,Crassostrea gigas,NA,NA,pH,NA,NA,NA,3,3,NA,375,18,1000,18,625,0,NA,NA,NA,212_Crassostrea_gigas_LARVA_CO2375.00_pH0.00_T18.,3,18,Normal,Development,NA,NA,NA,22.01,4.95366531,60.06,2.979127389,NA,FALSE,TRUE,1.003847167,1.7704784000000001E-2,NA,NA,9.3090513260000005,0.8,7.4472410609999997,No,No,NA,703,Alter et al. 2024,parker ross o connor,crassostrea gigas,normal,ph,22.01,60.06,4.953665,2.979127,3,3,NA,NA,NA,NA,NA,NA,NA,NA,NA,NA,NA,NA,NA,NA,NA,NA,NA,NA,NA,NA,not_matched_in_alter_sheet,NA,NA
Alter et al. 2024,1349_AltersInvert,212,NA,NA,Yes,NA,"Parker, Ross, O'Connor",NA,2010,NA,NA,NA,NA,Marine,NA,Zooplankton,Meroplankton,Mollusca,Saccostrea glomerata,NA,NA,pH,NA,NA,NA,3,3,NA,375,18,600,18,225,0,NA,NA,NA,212_Saccostrea_glomerata_LARVA_CO2375.00_pH0.00_T18.,2.7781512500000001,18,Normal,Development,NA,NA,NA,40.87,3.966396349,97.46,4.95366531,NA,TRUE,TRUE,0.86904574000000001,4.0006599999999996E-3,NA,NA,12.6112445,0.8,10.088995600000001,Yes,No,NA,704,Alter et al. 2024,parker ross o connor,saccostrea glomerata,normal,ph,40.87,97.46,3.966396,4.953665,3,3,NA,NA,NA,NA,NA,NA,NA,NA,NA,NA,NA,NA,NA,NA,NA,NA,NA,NA,NA,NA,not_matched_in_alter_sheet,NA,NA
Alter et al. 2024,1350_AltersInvert,212,NA,NA,Yes,NA,"Parker, Ross, O'Connor",NA,2010,NA,NA,NA,NA,Marine,NA,Zooplankton,Meroplankton,Mollusca,Saccostrea glomerata,NA,NA,pH,NA,NA,NA,3,3,NA,375,18,750,18,375,0,NA,NA,NA,212_Saccostrea_glomerata_LARVA_CO2375.00_pH0.00_T18.,2.8750612630000001,18,Normal,Development,NA,NA,NA,40.87,3.966396349,98.05,4.451370575,NA,TRUE,TRUE,0.875081255,3.8265310000000002E-3,NA,NA,13.56305965,0.8,10.85044772,Yes,No,NA,705,Alter et al. 2024,parker ross o connor,saccostrea glomerata,normal,ph,40.87,98.05,3.966396,4.451371,3,3,NA,NA,NA,NA,NA,NA,NA,NA,NA,NA,NA,NA,NA,NA,NA,NA,NA,NA,NA,NA,not_matched_in_alter_sheet,NA,NA
Alter et al. 2024,1353_AltersInvert,212,NA,NA,Yes,NA,"Parker, Ross, O'Connor",NA,2010,NA,NA,NA,NA,Marine,NA,Zooplankton,Meroplankton,Mollusca,Saccostrea glomerata,NA,NA,pH,NA,NA,NA,3,3,NA,375,18,1000,18,625,0,NA,NA,NA,212_Saccostrea_glomerata_LARVA_CO2375.00_pH0.00_T18.,3,18,Normal,Development,NA,NA,NA,40.87,3.959468146,100,0,NA,TRUE,TRUE,0.89477388800000002,3.1285509999999998E-3,NA,NA,21.11961629,0.8,16.89569303,Yes,No,NA,706,Alter et al. 2024,parker ross o connor,saccostrea glomerata,normal,ph,40.87,100,3.959468,0,3,3,NA,NA,NA,NA,NA,NA,NA,NA,NA,NA,NA,NA,NA,NA,NA,NA,NA,NA,NA,NA,not_matched_in_alter_sheet,NA,NA
Alter et al. 2024,2240_AltersInvert,212,NA,NA,Yes,NA,"Parker, Ross, O'Connor",NA,2010,NA,NA,NA,NA,Marine,NA,Zooplankton,Meroplankton,Mollusca,Saccostrea glomerata,NA,NA,pH,NA,NA,NA,3,3,NA,375,18,1000,18,625,0,NA,NA,NA,212_Saccostrea_glomerata_EMBRYO_CO2375.00_pH0.00_T18.,3,18,Fertilization,Reproduction,NA,NA,NA,55.2,3.897114317,39.37,7.811549142,NA,FALSE,TRUE,-0.33795884799999998,1.478412E-2,NA,NA,-2.5644616010000001,0.8,-2.0515692809999999,No,No,NA,707,Alter et al. 2024,parker ross o connor,saccostrea glomerata,fertilization,ph,55.2,39.37,3.897114,7.811549,3,3,NA,NA,NA,NA,NA,NA,NA,NA,NA,NA,NA,NA,NA,NA,NA,NA,NA,NA,NA,NA,not_matched_in_alter_sheet,NA,NA
Alter et al. 2024,2242_AltersInvert,212,NA,NA,Yes,NA,"Parker, Ross, O'Connor",NA,2010,NA,NA,NA,NA,Marine,NA,Zooplankton,Meroplankton,Mollusca,Saccostrea glomerata,NA,NA,pH,NA,NA,NA,3,3,NA,375,18,750,18,375,0,NA,NA,NA,212_Saccostrea_glomerata_EMBRYO_CO2375.00_pH0.00_T18.,2.8750612630000001,18,Fertilization,Reproduction,NA,NA,NA,55.2,3.897114317,43.9,1.454922678,NA,FALSE,TRUE,-0.229048633,2.0275739999999999E-3,NA,NA,-3.8416378660000001,0.8,-3.073310293,No,No,NA,708,Alter et al. 2024,parker ross o connor,saccostrea glomerata,fertilization,ph,55.2,43.9,3.897114,1.454923,3,3,NA,NA,NA,NA,NA,NA,NA,NA,NA,NA,NA,NA,NA,NA,NA,NA,NA,NA,NA,NA,not_matched_in_alter_sheet,NA,NA
Alter et al. 2024,2243_AltersInvert,212,NA,NA,Yes,NA,"Parker, Ross, O'Connor",NA,2010,NA,NA,NA,NA,Marine,NA,Zooplankton,Meroplankton,Mollusca,Saccostrea glomerata,NA,NA,pH,NA,NA,NA,3,3,NA,375,18,600,18,225,0,NA,NA,NA,212_Saccostrea_glomerata_EMBRYO_CO2375.00_pH0.00_T18.,2.7781512500000001,18,Fertilization,Reproduction,NA,NA,NA,55.2,3.897114317,45.32,2.927165865,NA,FALSE,TRUE,-0.19721451700000001,3.0520209999999998E-3,NA,NA,-2.8667321189999999,0.8,-2.293385695,No,No,NA,709,Alter et al. 2024,parker ross o connor,saccostrea glomerata,fertilization,ph,55.2,45.32,3.897114,2.927166,3,3,NA,NA,NA,NA,NA,NA,NA,NA,NA,NA,NA,NA,NA,NA,NA,NA,NA,NA,NA,NA,not_matched_in_alter_sheet,NA,NA
Alter et al. 2024,2261_AltersInvert,212,NA,NA,Yes,NA,"Parker, Ross, O'Connor",NA,2010,NA,NA,NA,NA,Marine,NA,Zooplankton,Meroplankton,Mollusca,Crassostrea gigas,NA,NA,pH,NA,NA,NA,3,3,NA,375,18,1000,18,625,0,NA,NA,NA,212_Crassostrea_gigas_EMBRYO_CO2375.00_pH0.00_T18.,3,18,Fertilization,Reproduction,NA,NA,NA,86.8,5.352036995,67.14,2.424871131,NA,FALSE,TRUE,-0.25682663,1.702098E-3,NA,NA,-4.7319055829999996,0.8,-3.785524466,No,No,NA,710,Alter et al. 2024,parker ross o connor,crassostrea gigas,fertilization,ph,86.8,67.14,5.352037,2.424871,3,3,NA,NA,NA,NA,NA,NA,NA,NA,NA,NA,NA,NA,NA,NA,NA,NA,NA,NA,NA,NA,not_matched_in_alter_sheet,NA,NA
Alter et al. 2024,2263_AltersInvert,212,NA,NA,Yes,NA,"Parker, Ross, O'Connor",NA,2017,NA,NA,NA,NA,Marine,NA,Zooplankton,Meroplankton,Mollusca,Crassostrea gigas,NA,NA,pH,NA,NA,NA,3,3,NA,375,18,750,18,375,0,NA,NA,NA,212_Crassostrea_gigas_EMBRYO_CO2375.00_pH0.00_T18.,2.8750612630000001,18,Fertilization,Reproduction,NA,NA,NA,86.8,5.352036995,68.54,0.969948452,NA,FALSE,TRUE,-0.23618910500000001,1.33405E-3,NA,NA,-4.7476560699999997,0.8,-3.7981248559999998,No,No,NA,711,Alter et al. 2024,parker ross o connor,crassostrea gigas,fertilization,ph,86.8,68.54,5.352037,0.969948,3,3,NA,NA,NA,NA,NA,NA,NA,NA,NA,NA,NA,NA,NA,NA,NA,NA,NA,NA,NA,NA,not_matched_in_alter_sheet,NA,NA
Alter et al. 2024,2265_AltersInvert,212,NA,NA,Yes,NA,"Parker, Ross, O'Connor",NA,2010,NA,NA,NA,NA,Marine,NA,Zooplankton,Meroplankton,Mollusca,Crassostrea gigas,NA,NA,pH,NA,NA,NA,3,3,NA,375,18,600,18,225,0,NA,NA,NA,212_Crassostrea_gigas_EMBRYO_CO2375.00_pH0.00_T18.,2.7781512500000001,18,Fertilization,Reproduction,NA,NA,NA,86.8,5.352036995,72.75,5.352036995,NA,FALSE,TRUE,-0.176577716,3.0713540000000001E-3,NA,NA,-2.6251687000000001,0.8,-2.1001349600000001,No,No,NA,712,Alter et al. 2024,parker ross o connor,crassostrea gigas,fertilization,ph,86.8,72.75,5.352037,5.352037,3,3,NA,NA,NA,NA,NA,NA,NA,NA,NA,NA,NA,NA,NA,NA,NA,NA,NA,NA,NA,NA,not_matched_in_alter_sheet,NA,NA
Alter et al. 2024,1192_AltersInvert,212,NA,NA,Yes,NA,"Parker, Ross, O'Connor",NA,2010,NA,NA,NA,NA,Marine,NA,Zooplankton,Meroplankton,Mollusca,Saccostrea glomerata,NA,NA,T,NA,NA,NA,3,3,NA,375,18,375,22,0,4,NA,NA,NA,212_Saccostrea_glomerata_LARVA_CO2375.00_pH0.00_T18.,2.5740312680000001,18,Normal,Development,NA,NA,NA,40.87,3.966396349,6.08,2.961806881,NA,FALSE,TRUE,-1.9053916019999999,8.2241070999999999E-2,NA,NA,-9.9390669890000005,0.8,-7.9512535910000004,No,No,NA,713,Alter et al. 2024,parker ross o connor,saccostrea glomerata,normal,t,40.87,6.08,3.966396,2.961807,3,3,NA,NA,NA,NA,NA,NA,NA,NA,NA,NA,NA,NA,NA,NA,NA,NA,NA,NA,NA,NA,not_matched_in_alter_sheet,NA,NA
Alter et al. 2024,1195_AltersInvert,212,NA,NA,Yes,NA,"Parker, Ross, O'Connor",NA,2018,NA,NA,NA,NA,Marine,NA,Zooplankton,Meroplankton,Mollusca,Crassostrea gigas,NA,NA,T,NA,NA,NA,3,3,NA,375,18,375,22,0,4,NA,NA,NA,212_Crassostrea_gigas_LARVA_CO2375.00_pH0.00_T18.,2.5740312680000001,18,Normal,Development,NA,NA,NA,22.01,4.95366531,9.51,1.489563695,NA,FALSE,TRUE,-0.83915301899999994,2.5062435000000001E-2,NA,NA,-3.4174442009999999,0.8,-2.733955361,No,No,NA,714,Alter et al. 2024,parker ross o connor,crassostrea gigas,normal,t,22.01,9.51,4.953665,1.489564,3,3,NA,NA,NA,NA,NA,NA,NA,NA,NA,NA,NA,NA,NA,NA,NA,NA,NA,NA,NA,NA,not_matched_in_alter_sheet,NA,NA
Alter et al. 2024,2262_AltersInvert,212,NA,NA,Yes,NA,"Parker, Ross, O'Connor",NA,2010,NA,NA,NA,NA,Marine,NA,Zooplankton,Meroplankton,Mollusca,Saccostrea glomerata,NA,NA,T,NA,NA,NA,3,3,NA,375,18,375,22,0,4,NA,NA,NA,212_Saccostrea_glomerata_EMBRYO_CO2375.00_pH0.00_T18.,2.5740312680000001,18,Fertilization,Reproduction,NA,NA,NA,55.2,3.897114317,67.81,7.811549142,NA,FALSE,TRUE,0.20574672299999999,6.0849440000000001E-3,NA,NA,2.0428212750000001,0.8,1.6342570199999999,No,No,NA,715,Alter et al. 2024,parker ross o connor,saccostrea glomerata,fertilization,t,55.2,67.81,3.897114,7.811549,3,3,NA,NA,NA,NA,NA,NA,NA,NA,NA,NA,NA,NA,NA,NA,NA,NA,NA,NA,NA,NA,not_matched_in_alter_sheet,NA,NA
Alter et al. 2024,2274_AltersInvert,212,NA,NA,Yes,NA,"Parker, Ross, O'Connor",NA,2015,NA,NA,NA,NA,Marine,NA,Zooplankton,Meroplankton,Mollusca,Crassostrea gigas,NA,NA,T,NA,NA,NA,3,3,NA,375,18,375,22,0,4,NA,NA,NA,212_Crassostrea_gigas_EMBRYO_CO2375.00_pH0.00_T18.,2.5740312680000001,18,Fertilization,Reproduction,NA,NA,NA,86.8,5.352036995,84.27,4.867062769,NA,FALSE,TRUE,-2.9580691999999999E-2,2.379197E-3,NA,NA,-0.494594592,0.8,-0.39567567300000001,No,No,NA,716,Alter et al. 2024,parker ross o connor,crassostrea gigas,fertilization,t,86.8,84.27,5.352037,4.867063,3,3,NA,NA,NA,NA,NA,NA,NA,NA,NA,NA,NA,NA,NA,NA,NA,NA,NA,NA,NA,NA,not_matched_in_alter_sheet,NA,NA
Alter et al. 2024,1191_AltersInvert,212,NA,NA,Yes,NA,"Parker, Ross, O'Connor",NA,2018,NA,NA,NA,NA,Marine,NA,Zooplankton,Meroplankton,Mollusca,Saccostrea glomerata,NA,NA,T,NA,NA,NA,3,3,NA,375,18,375,26,0,8,NA,NA,NA,212_Saccostrea_glomerata_LARVA_CO2375.00_pH0.00_T18.,2.5740312680000001,18,Normal,Development,NA,NA,NA,40.87,3.966396349,5.01,2.476832655,NA,FALSE,TRUE,-2.098960382,8.4609303999999996E-2,NA,NA,-10.84502807,0.8,-8.6760224590000004,No,No,NA,717,Alter et al. 2024,parker ross o connor,saccostrea glomerata,normal,t,40.87,5.01,3.966396,2.476833,3,3,NA,NA,NA,NA,NA,NA,NA,NA,NA,NA,NA,NA,NA,NA,NA,NA,NA,NA,NA,NA,not_matched_in_alter_sheet,NA,NA
Alter et al. 2024,1194_AltersInvert,212,NA,NA,Yes,NA,"Parker, Ross, O'Connor",NA,2018,NA,NA,NA,NA,Marine,NA,Zooplankton,Meroplankton,Mollusca,Crassostrea gigas,NA,NA,T,NA,NA,NA,3,3,NA,375,18,375,26,0,8,NA,NA,NA,212_Crassostrea_gigas_LARVA_CO2375.00_pH0.00_T18.,2.5740312680000001,18,Normal,Development,NA,NA,NA,22.01,4.95366531,6.72,2.961806881,NA,FALSE,TRUE,-1.1864087409999999,8.1636719999999996E-2,NA,NA,-3.7465194890000002,0.8,-2.9972155919999999,No,No,NA,718,Alter et al. 2024,parker ross o connor,crassostrea gigas,normal,t,22.01,6.72,4.953665,2.961807,3,3,NA,NA,NA,NA,NA,NA,NA,NA,NA,NA,NA,NA,NA,NA,NA,NA,NA,NA,NA,NA,not_matched_in_alter_sheet,NA,NA
Alter et al. 2024,2277_AltersInvert,212,NA,NA,Yes,NA,"Parker, Ross, O'Connor",NA,2014,NA,NA,NA,NA,Marine,NA,Zooplankton,Meroplankton,Mollusca,Saccostrea glomerata,NA,NA,T,NA,NA,NA,3,3,NA,375,18,375,26,0,8,NA,NA,NA,212_Saccostrea_glomerata_EMBRYO_CO2375.00_pH0.00_T18.,2.5740312680000001,18,Fertilization,Reproduction,NA,NA,NA,55.2,3.897114317,89.7,2.442191639,NA,FALSE,TRUE,0.48550781599999998,1.9085370000000001E-3,NA,NA,10.608657470000001,0.8,8.4869259760000002,No,No,NA,719,Alter et al. 2024,parker ross o connor,saccostrea glomerata,fertilization,t,55.2,89.7,3.897114,2.442192,3,3,NA,NA,NA,NA,NA,NA,NA,NA,NA,NA,NA,NA,NA,NA,NA,NA,NA,NA,NA,NA,not_matched_in_alter_sheet,NA,NA
Alter et al. 2024,2278_AltersInvert,212,NA,NA,Yes,NA,"Parker, Ross, O'Connor",NA,2014,NA,NA,NA,NA,Marine,NA,Zooplankton,Meroplankton,Mollusca,Crassostrea gigas,NA,NA,T,NA,NA,NA,3,3,NA,375,18,375,26,0,8,NA,NA,NA,212_Crassostrea_gigas_EMBRYO_CO2375.00_pH0.00_T18.,2.5740312680000001,18,Fertilization,Reproduction,NA,NA,NA,86.8,5.352036995,91.85,1.454922678,NA,TRUE,TRUE,5.655019E-2,1.350932E-3,NA,NA,1.287672572,0.8,1.0301380579999999,No,No,NA,720,Alter et al. 2024,parker ross o connor,crassostrea gigas,fertilization,t,86.8,91.85,5.352037,1.454923,3,3,NA,NA,NA,NA,NA,NA,NA,NA,NA,NA,NA,NA,NA,NA,NA,NA,NA,NA,NA,NA,not_matched_in_alter_sheet,NA,NA
Alter et al. 2024,1197_AltersInvert,212,NA,NA,Yes,NA,"Parker, Ross, O'Connor",NA,2018,NA,NA,NA,NA,Marine,NA,Zooplankton,Meroplankton,Mollusca,Crassostrea gigas,NA,NA,T,NA,NA,NA,3,3,NA,375,18,375,30,0,12,NA,NA,NA,212_Crassostrea_gigas_LARVA_CO2375.00_pH0.00_T18.,2.5740312680000001,18,Normal,Development,NA,NA,NA,22.01,4.95366531,15.36,1.974537921,NA,TRUE,TRUE,-0.35973016800000002,2.2393070000000001E-2,NA,NA,-1.7635597270000001,0.8,-1.410847781,No,No,NA,721,Alter et al. 2024,parker ross o connor,crassostrea gigas,normal,t,22.01,15.36,4.953665,1.974538,3,3,NA,NA,NA,NA,NA,NA,NA,NA,NA,NA,NA,NA,NA,NA,NA,NA,NA,NA,NA,NA,not_matched_in_alter_sheet,NA,NA
Alter et al. 2024,1204_AltersInvert,212,NA,NA,Yes,NA,"Parker, Ross, O'Connor",NA,2018,NA,NA,NA,NA,Marine,NA,Zooplankton,Meroplankton,Mollusca,Saccostrea glomerata,NA,NA,T,NA,NA,NA,3,3,NA,375,18,375,30,0,12,NA,NA,NA,212_Saccostrea_glomerata_LARVA_CO2375.00_pH0.00_T18.,2.5740312680000001,18,Normal,Development,NA,NA,NA,40.87,3.966396349,27.94,2.476832655,NA,FALSE,TRUE,-0.38033694400000001,5.7590139999999998E-3,NA,NA,-3.9103796150000001,0.8,-3.1283036919999998,No,No,NA,722,Alter et al. 2024,parker ross o connor,saccostrea glomerata,normal,t,40.87,27.94,3.966396,2.476833,3,3,NA,NA,NA,NA,NA,NA,NA,NA,NA,NA,NA,NA,NA,NA,NA,NA,NA,NA,NA,NA,not_matched_in_alter_sheet,NA,NA
Alter et al. 2024,2266_AltersInvert,212,NA,NA,Yes,NA,"Parker, Ross, O'Connor",NA,2021,NA,NA,NA,NA,Marine,NA,Zooplankton,Meroplankton,Mollusca,Saccostrea glomerata,NA,NA,T,NA,NA,NA,3,3,NA,375,18,375,30,0,12,NA,NA,NA,212_Saccostrea_glomerata_EMBRYO_CO2375.00_pH0.00_T18.,2.5740312680000001,18,Fertilization,Reproduction,NA,NA,NA,55.2,3.897114317,74.14,3.412140091,NA,FALSE,TRUE,0.29499224400000001,2.3674849999999999E-3,NA,NA,5.171100966,0.8,4.1368807729999997,No,No,NA,723,Alter et al. 2024,parker ross o connor,saccostrea glomerata,fertilization,t,55.2,74.14,3.897114,3.41214,3,3,NA,NA,NA,NA,NA,NA,NA,NA,NA,NA,NA,NA,NA,NA,NA,NA,NA,NA,NA,NA,not_matched_in_alter_sheet,NA,NA
Alter et al. 2024,2271_AltersInvert,212,NA,NA,Yes,NA,"Parker, Ross, O'Connor",NA,2010,NA,NA,NA,NA,Marine,NA,Zooplankton,Meroplankton,Mollusca,Crassostrea gigas,NA,NA,T,NA,NA,NA,3,3,NA,375,18,375,30,0,12,NA,NA,NA,212_Crassostrea_gigas_EMBRYO_CO2375.00_pH0.00_T18.,2.5740312680000001,18,Fertilization,Reproduction,NA,NA,NA,86.8,5.352036995,75,4.382088543,NA,FALSE,TRUE,-0.14611850800000001,2.4052320000000002E-3,NA,NA,-2.4125129250000001,0.8,-1.9300103399999999,No,No,NA,724,Alter et al. 2024,parker ross o connor,crassostrea gigas,fertilization,t,86.8,75,5.352037,4.382089,3,3,NA,NA,NA,NA,NA,NA,NA,NA,NA,NA,NA,NA,NA,NA,NA,NA,NA,NA,NA,NA,not_matched_in_alter_sheet,NA,NA
Alter et al. 2024,1206_AltersInvert,212,NA,NA,Yes,NA,"Parker, Ross, O'Connor",NA,2017,NA,NA,NA,NA,Marine,NA,Zooplankton,Meroplankton,Mollusca,Crassostrea gigas,NA,NA,TpH,NA,NA,NA,3,3,NA,375,18,600,22,225,4,NA,NA,NA,212_Crassostrea_gigas_LARVA_CO2375.00_pH0.00_T18.,2.7781512500000001,18,Normal,Development,NA,NA,NA,22.01,4.95366531,30.1,0.98726896,NA,FALSE,TRUE,0.31302827599999999,1.7243252000000001E-2,NA,NA,2.265053682,0.8,1.812042946,No,No,NA,725,Alter et al. 2024,parker ross o connor,crassostrea gigas,normal,tph,22.01,30.1,4.953665,0.987269,3,3,NA,NA,NA,NA,NA,NA,NA,NA,NA,NA,NA,NA,NA,NA,NA,NA,NA,NA,NA,NA,not_matched_in_alter_sheet,NA,NA
Alter et al. 2024,1284_AltersInvert,212,NA,NA,Yes,NA,"Parker, Ross, O'Connor",NA,2018,NA,NA,NA,NA,Marine,NA,Zooplankton,Meroplankton,Mollusca,Crassostrea gigas,NA,NA,TpH,NA,NA,NA,3,3,NA,375,18,750,26,375,8,NA,NA,NA,212_Crassostrea_gigas_LARVA_CO2375.00_pH0.00_T18.,2.8750612630000001,18,Normal,Development,NA,NA,NA,22.01,4.95366531,35.62,2.961806881,NA,FALSE,TRUE,0.48141038200000003,1.9189293999999999E-2,NA,NA,3.3348679040000002,0.8,2.6678943230000001,No,No,NA,726,Alter et al. 2024,parker ross o connor,crassostrea gigas,normal,tph,22.01,35.62,4.953665,2.961807,3,3,NA,NA,NA,NA,NA,NA,NA,NA,NA,NA,NA,NA,NA,NA,NA,NA,NA,NA,NA,NA,not_matched_in_alter_sheet,NA,NA
Alter et al. 2024,1286_AltersInvert,212,NA,NA,Yes,NA,"Parker, Ross, O'Connor",NA,2010,NA,NA,NA,NA,Marine,NA,Zooplankton,Meroplankton,Mollusca,Crassostrea gigas,NA,NA,TpH,NA,NA,NA,3,3,NA,375,18,600,26,225,8,NA,NA,NA,212_Crassostrea_gigas_LARVA_CO2375.00_pH0.00_T18.,2.7781512500000001,18,Normal,Development,NA,NA,NA,22.01,4.95366531,35.88,1.974537921,NA,FALSE,TRUE,0.48868314200000001,1.7894143000000001E-2,NA,NA,3.6782817159999999,0.8,2.9426253720000002,No,No,NA,727,Alter et al. 2024,parker ross o connor,crassostrea gigas,normal,tph,22.01,35.88,4.953665,1.974538,3,3,NA,NA,NA,NA,NA,NA,NA,NA,NA,NA,NA,NA,NA,NA,NA,NA,NA,NA,NA,NA,not_matched_in_alter_sheet,NA,NA
Alter et al. 2024,1288_AltersInvert,212,NA,NA,Yes,NA,"Parker, Ross, O'Connor",NA,2010,NA,NA,NA,NA,Marine,NA,Zooplankton,Meroplankton,Mollusca,Crassostrea gigas,NA,NA,TpH,NA,NA,NA,3,3,NA,375,18,600,30,225,12,NA,NA,NA,212_Crassostrea_gigas_LARVA_CO2375.00_pH0.00_T18.,2.7781512500000001,18,Normal,Development,NA,NA,NA,22.01,4.95366531,36.52,1.489563695,NA,FALSE,TRUE,0.50636316000000003,1.743919E-2,NA,NA,3.966969228,0.8,3.1735753830000002,No,No,NA,728,Alter et al. 2024,parker ross o connor,crassostrea gigas,normal,tph,22.01,36.52,4.953665,1.489564,3,3,NA,NA,NA,NA,NA,NA,NA,NA,NA,NA,NA,NA,NA,NA,NA,NA,NA,NA,NA,NA,not_matched_in_alter_sheet,NA,NA
Alter et al. 2024,1290_AltersInvert,212,NA,NA,Yes,NA,"Parker, Ross, O'Connor",NA,2010,NA,NA,NA,NA,Marine,NA,Zooplankton,Meroplankton,Mollusca,Crassostrea gigas,NA,NA,TpH,NA,NA,NA,3,3,NA,375,18,750,22,375,4,NA,NA,NA,212_Crassostrea_gigas_LARVA_CO2375.00_pH0.00_T18.,2.8750612630000001,18,Normal,Development,NA,NA,NA,22.01,4.95366531,37.54,3.966396349,NA,FALSE,TRUE,0.53391013600000004,2.0605841999999999E-2,NA,NA,3.4609052309999999,0.8,2.7687241849999999,No,No,NA,729,Alter et al. 2024,parker ross o connor,crassostrea gigas,normal,tph,22.01,37.54,4.953665,3.966396,3,3,NA,NA,NA,NA,NA,NA,NA,NA,NA,NA,NA,NA,NA,NA,NA,NA,NA,NA,NA,NA,not_matched_in_alter_sheet,NA,NA
Alter et al. 2024,1291_AltersInvert,212,NA,NA,Yes,NA,"Parker, Ross, O'Connor",NA,2010,NA,NA,NA,NA,Marine,NA,Zooplankton,Meroplankton,Mollusca,Saccostrea glomerata,NA,NA,TpH,NA,NA,NA,3,3,NA,375,18,600,26,225,8,NA,NA,NA,212_Saccostrea_glomerata_LARVA_CO2375.00_pH0.00_T18.,2.7781512500000001,18,Normal,Development,NA,NA,NA,40.87,3.966396349,41.03,1.974537921,NA,TRUE,TRUE,3.907209E-3,3.9114900000000001E-3,NA,NA,5.1069624000000001E-2,0.8,4.0855699000000002E-2,No,No,NA,730,Alter et al. 2024,parker ross o connor,saccostrea glomerata,normal,tph,40.87,41.03,3.966396,1.974538,3,3,NA,NA,NA,NA,NA,NA,NA,NA,NA,NA,NA,NA,NA,NA,NA,NA,NA,NA,NA,NA,not_matched_in_alter_sheet,NA,NA
Alter et al. 2024,1292_AltersInvert,212,NA,NA,Yes,NA,"Parker, Ross, O'Connor",NA,2010,NA,NA,NA,NA,Marine,NA,Zooplankton,Meroplankton,Mollusca,Crassostrea gigas,NA,NA,TpH,NA,NA,NA,3,3,NA,375,18,1000,26,625,8,NA,NA,NA,212_Crassostrea_gigas_LARVA_CO2375.00_pH0.00_T18.,3,18,Normal,Development,NA,NA,NA,22.01,4.95366531,41.92,0.502294734,NA,FALSE,TRUE,0.64426614400000004,1.6932505E-2,NA,NA,5.6550748720000001,0.8,4.524059898,No,No,NA,731,Alter et al. 2024,parker ross o connor,crassostrea gigas,normal,tph,22.01,41.92,4.953665,0.502295,3,3,NA,NA,NA,NA,NA,NA,NA,NA,NA,NA,NA,NA,NA,NA,NA,NA,NA,NA,NA,NA,not_matched_in_alter_sheet,NA,NA
Alter et al. 2024,1293_AltersInvert,212,NA,NA,Yes,NA,"Parker, Ross, O'Connor",NA,2010,NA,NA,NA,NA,Marine,NA,Zooplankton,Meroplankton,Mollusca,Crassostrea gigas,NA,NA,TpH,NA,NA,NA,3,3,NA,375,18,1000,22,625,4,NA,NA,NA,212_Crassostrea_gigas_LARVA_CO2375.00_pH0.00_T18.,3,18,Normal,Development,NA,NA,NA,22.01,4.95366531,44.42,3.464101615,NA,FALSE,TRUE,0.70219292300000002,1.8911876000000001E-2,NA,NA,5.242998268,0.8,4.1943986139999998,No,No,NA,732,Alter et al. 2024,parker ross o connor,crassostrea gigas,normal,tph,22.01,44.42,4.953665,3.464102,3,3,NA,NA,NA,NA,NA,NA,NA,NA,NA,NA,NA,NA,NA,NA,NA,NA,NA,NA,NA,NA,not_matched_in_alter_sheet,NA,NA
Alter et al. 2024,1295_AltersInvert,212,NA,NA,Yes,NA,"Parker, Ross, O'Connor",NA,2010,NA,NA,NA,NA,Marine,NA,Zooplankton,Meroplankton,Mollusca,Crassostrea gigas,NA,NA,TpH,NA,NA,NA,3,3,NA,375,18,750,30,375,12,NA,NA,NA,212_Crassostrea_gigas_LARVA_CO2375.00_pH0.00_T18.,2.8750612630000001,18,Normal,Development,NA,NA,NA,22.01,4.95366531,45.4,4.451370575,NA,FALSE,TRUE,0.72401521000000002,2.0089104999999999E-2,NA,NA,4.9668525969999999,0.8,3.973482078,No,No,NA,733,Alter et al. 2024,parker ross o connor,crassostrea gigas,normal,tph,22.01,45.4,4.953665,4.451371,3,3,NA,NA,NA,NA,NA,NA,NA,NA,NA,NA,NA,NA,NA,NA,NA,NA,NA,NA,NA,NA,not_matched_in_alter_sheet,NA,NA
Alter et al. 2024,1297_AltersInvert,212,NA,NA,Yes,NA,"Parker, Ross, O'Connor",NA,2017,NA,NA,NA,NA,Marine,NA,Zooplankton,Meroplankton,Mollusca,Saccostrea glomerata,NA,NA,TpH,NA,NA,NA,3,3,NA,375,18,600,22,225,4,NA,NA,NA,212_Saccostrea_glomerata_LARVA_CO2375.00_pH0.00_T18.,2.7781512500000001,18,Normal,Development,NA,NA,NA,40.87,3.966396349,46.67,3.464101615,NA,FALSE,TRUE,0.13270526199999999,4.975981E-3,NA,NA,1.5575788690000001,0.8,1.246063095,No,No,NA,734,Alter et al. 2024,parker ross o connor,saccostrea glomerata,normal,tph,40.87,46.67,3.966396,3.464102,3,3,NA,NA,NA,NA,NA,NA,NA,NA,NA,NA,NA,NA,NA,NA,NA,NA,NA,NA,NA,NA,not_matched_in_alter_sheet,NA,NA
Alter et al. 2024,1298_AltersInvert,212,NA,NA,Yes,NA,"Parker, Ross, O'Connor",NA,2017,NA,NA,NA,NA,Marine,NA,Zooplankton,Meroplankton,Mollusca,Saccostrea glomerata,NA,NA,TpH,NA,NA,NA,3,3,NA,375,18,600,30,225,12,NA,NA,NA,212_Saccostrea_glomerata_LARVA_CO2375.00_pH0.00_T18.,2.7781512500000001,18,Normal,Development,NA,NA,NA,40.87,3.966396349,48.24,6.92820323,NA,FALSE,TRUE,0.165792255,1.0015026E-2,NA,NA,1.305577599,0.8,1.0444620790000001,No,No,NA,735,Alter et al. 2024,parker ross o connor,saccostrea glomerata,normal,tph,40.87,48.24,3.966396,6.928203,3,3,NA,NA,NA,NA,NA,NA,NA,NA,NA,NA,NA,NA,NA,NA,NA,NA,NA,NA,NA,NA,not_matched_in_alter_sheet,NA,NA
Alter et al. 2024,1299_AltersInvert,212,NA,NA,Yes,NA,"Parker, Ross, O'Connor",NA,2010,NA,NA,NA,NA,Marine,NA,Zooplankton,Meroplankton,Mollusca,Crassostrea gigas,NA,NA,TpH,NA,NA,NA,3,3,NA,375,18,1000,30,625,12,NA,NA,NA,212_Crassostrea_gigas_LARVA_CO2375.00_pH0.00_T18.,3,18,Normal,Development,NA,NA,NA,22.01,4.95366531,55.13,1.489563695,NA,FALSE,TRUE,0.91819713700000005,1.7127990999999999E-2,NA,NA,9.0548601550000001,0.8,7.2438881239999997,No,No,NA,736,Alter et al. 2024,parker ross o connor,crassostrea gigas,normal,tph,22.01,55.13,4.953665,1.489564,3,3,NA,NA,NA,NA,NA,NA,NA,NA,NA,NA,NA,NA,NA,NA,NA,NA,NA,NA,NA,NA,not_matched_in_alter_sheet,NA,NA
Alter et al. 2024,1300_AltersInvert,212,NA,NA,Yes,NA,"Parker, Ross, O'Connor",NA,2010,NA,NA,NA,NA,Marine,NA,Zooplankton,Meroplankton,Mollusca,Saccostrea glomerata,NA,NA,TpH,NA,NA,NA,3,3,NA,375,18,750,22,375,4,NA,NA,NA,212_Saccostrea_glomerata_LARVA_CO2375.00_pH0.00_T18.,2.8750612630000001,18,Normal,Development,NA,NA,NA,40.87,3.966396349,55.83,2.476832655,NA,FALSE,TRUE,0.31191506200000002,3.795559E-3,NA,NA,4.5243061899999999,0.8,3.6194449519999998,No,No,NA,737,Alter et al. 2024,parker ross o connor,saccostrea glomerata,normal,tph,40.87,55.83,3.966396,2.476833,3,3,NA,NA,NA,NA,NA,NA,NA,NA,NA,NA,NA,NA,NA,NA,NA,NA,NA,NA,NA,NA,not_matched_in_alter_sheet,NA,NA
Alter et al. 2024,1301_AltersInvert,212,NA,NA,Yes,NA,"Parker, Ross, O'Connor",NA,2018,NA,NA,NA,NA,Marine,NA,Zooplankton,Meroplankton,Mollusca,Saccostrea glomerata,NA,NA,TpH,NA,NA,NA,3,3,NA,375,18,750,26,375,8,NA,NA,NA,212_Saccostrea_glomerata_LARVA_CO2375.00_pH0.00_T18.,2.8750612630000001,18,Normal,Development,NA,NA,NA,40.87,3.966396349,55.91,4.95366531,NA,FALSE,TRUE,0.31334695699999998,5.756204E-3,NA,NA,3.35170732,0.8,2.6813658560000002,No,No,NA,738,Alter et al. 2024,parker ross o connor,saccostrea glomerata,normal,tph,40.87,55.91,3.966396,4.953665,3,3,NA,NA,NA,NA,NA,NA,NA,NA,NA,NA,NA,NA,NA,NA,NA,NA,NA,NA,NA,NA,not_matched_in_alter_sheet,NA,NA
Alter et al. 2024,1311_AltersInvert,212,NA,NA,Yes,NA,"Parker, Ross, O'Connor",NA,2017,NA,NA,NA,NA,Marine,NA,Zooplankton,Meroplankton,Mollusca,Saccostrea glomerata,NA,NA,TpH,NA,NA,NA,3,3,NA,375,18,1000,26,625,8,NA,NA,NA,212_Saccostrea_glomerata_LARVA_CO2375.00_pH0.00_T18.,3,18,Normal,Development,NA,NA,NA,40.87,3.966396349,61.07,2.979127389,NA,FALSE,TRUE,0.40162445000000002,3.9327420000000004E-3,NA,NA,5.7588082800000002,0.8,4.6070466239999996,No,No,NA,739,Alter et al. 2024,parker ross o connor,saccostrea glomerata,normal,tph,40.87,61.07,3.966396,2.979127,3,3,NA,NA,NA,NA,NA,NA,NA,NA,NA,NA,NA,NA,NA,NA,NA,NA,NA,NA,NA,NA,not_matched_in_alter_sheet,NA,NA
Alter et al. 2024,1348_AltersInvert,212,NA,NA,Yes,NA,"Parker, Ross, O'Connor",NA,2010,NA,NA,NA,NA,Marine,NA,Zooplankton,Meroplankton,Mollusca,Saccostrea glomerata,NA,NA,TpH,NA,NA,NA,3,3,NA,375,18,1000,22,625,4,NA,NA,NA,212_Saccostrea_glomerata_LARVA_CO2375.00_pH0.00_T18.,3,18,Normal,Development,NA,NA,NA,40.87,3.966396349,91.57,7.430497964,NA,TRUE,FALSE,0.80670741000000001,5.3343749999999997E-3,NA,NA,8.5126207419999993,0.8,6.810096594,No,No,NA,740,Alter et al. 2024,parker ross o connor,saccostrea glomerata,normal,tph,40.87,91.57,3.966396,7.430498,3,3,NA,NA,NA,NA,NA,NA,NA,NA,NA,NA,NA,NA,NA,NA,NA,NA,NA,NA,NA,NA,not_matched_in_alter_sheet,NA,NA
Alter et al. 2024,1351_AltersInvert,212,NA,NA,Yes,NA,"Parker, Ross, O'Connor",NA,2010,NA,NA,NA,NA,Marine,NA,Zooplankton,Meroplankton,Mollusca,Saccostrea glomerata,NA,NA,TpH,NA,NA,NA,3,3,NA,375,18,1000,30,625,12,NA,NA,NA,212_Saccostrea_glomerata_LARVA_CO2375.00_pH0.00_T18.,3,18,Normal,Development,NA,NA,NA,40.87,3.966396349,99.71,1.489563695,NA,TRUE,TRUE,0.89186967500000003,3.2139E-3,NA,NA,19.640029179999999,0.8,15.712023350000001,Yes,No,NA,741,Alter et al. 2024,parker ross o connor,saccostrea glomerata,normal,tph,40.87,99.71,3.966396,1.489564,3,3,NA,NA,NA,NA,NA,NA,NA,NA,NA,NA,NA,NA,NA,NA,NA,NA,NA,NA,NA,NA,not_matched_in_alter_sheet,NA,NA
Alter et al. 2024,1352_AltersInvert,212,NA,NA,Yes,NA,"Parker, Ross, O'Connor",NA,2010,NA,NA,NA,NA,Marine,NA,Zooplankton,Meroplankton,Mollusca,Saccostrea glomerata,NA,NA,TpH,NA,NA,NA,3,3,NA,375,18,750,30,375,12,NA,NA,NA,212_Saccostrea_glomerata_LARVA_CO2375.00_pH0.00_T18.,2.8750612630000001,18,Normal,Development,NA,NA,NA,40.87,3.966396349,99.98,1.489563695,NA,TRUE,TRUE,0.89457386800000005,3.213498E-3,NA,NA,19.730151679999999,0.8,15.784121349999999,Yes,No,NA,742,Alter et al. 2024,parker ross o connor,saccostrea glomerata,normal,tph,40.87,99.98,3.966396,1.489564,3,3,NA,NA,NA,NA,NA,NA,NA,NA,NA,NA,NA,NA,NA,NA,NA,NA,NA,NA,NA,NA,not_matched_in_alter_sheet,NA,NA
Alter et al. 2024,2244_AltersInvert,212,NA,NA,Yes,NA,"Parker, Ross, O'Connor",NA,2010,NA,NA,NA,NA,Marine,NA,Zooplankton,Meroplankton,Mollusca,Saccostrea glomerata,NA,NA,TpH,NA,NA,NA,3,3,NA,375,18,1000,22,625,4,NA,NA,NA,212_Saccostrea_glomerata_EMBRYO_CO2375.00_pH0.00_T18.,3,18,Fertilization,Reproduction,NA,NA,NA,55.2,3.897114317,49.16,1.957217413,NA,FALSE,TRUE,-0.11588266899999999,2.1898120000000002E-3,NA,NA,-1.9586968789999999,0.8,-1.566957503,No,No,NA,743,Alter et al. 2024,parker ross o connor,saccostrea glomerata,fertilization,tph,55.2,49.16,3.897114,1.957217,3,3,NA,NA,NA,NA,NA,NA,NA,NA,NA,NA,NA,NA,NA,NA,NA,NA,NA,NA,NA,NA,not_matched_in_alter_sheet,NA,NA
Alter et al. 2024,2245_AltersInvert,212,NA,NA,Yes,NA,"Parker, Ross, O'Connor",NA,2010,NA,NA,NA,NA,Marine,NA,Zooplankton,Meroplankton,Mollusca,Saccostrea glomerata,NA,NA,TpH,NA,NA,NA,3,3,NA,375,18,1000,30,625,12,NA,NA,NA,212_Saccostrea_glomerata_EMBRYO_CO2375.00_pH0.00_T18.,3,18,Fertilization,Reproduction,NA,NA,NA,55.2,3.897114317,49.58,2.442191639,NA,FALSE,TRUE,-0.107375427,2.4702190000000001E-3,NA,NA,-1.7281349269999999,0.8,-1.3825079419999999,No,No,NA,744,Alter et al. 2024,parker ross o connor,saccostrea glomerata,fertilization,tph,55.2,49.58,3.897114,2.442192,3,3,NA,NA,NA,NA,NA,NA,NA,NA,NA,NA,NA,NA,NA,NA,NA,NA,NA,NA,NA,NA,not_matched_in_alter_sheet,NA,NA
Alter et al. 2024,2246_AltersInvert,212,NA,NA,Yes,NA,"Parker, Ross, O'Connor",NA,2010,NA,NA,NA,NA,Marine,NA,Zooplankton,Meroplankton,Mollusca,Saccostrea glomerata,NA,NA,TpH,NA,NA,NA,3,3,NA,375,18,750,22,375,4,NA,NA,NA,212_Saccostrea_glomerata_EMBRYO_CO2375.00_pH0.00_T18.,2.8750612630000001,18,Fertilization,Reproduction,NA,NA,NA,55.2,3.897114317,52.84,4.884383277,NA,TRUE,TRUE,-4.3694473999999997E-2,4.5096620000000002E-3,NA,NA,-0.53412875100000001,0.8,-0.42730300100000002,No,No,NA,745,Alter et al. 2024,parker ross o connor,saccostrea glomerata,fertilization,tph,55.2,52.84,3.897114,4.884383,3,3,NA,NA,NA,NA,NA,NA,NA,NA,NA,NA,NA,NA,NA,NA,NA,NA,NA,NA,NA,NA,not_matched_in_alter_sheet,NA,NA
Alter et al. 2024,2247_AltersInvert,212,NA,NA,Yes,NA,"Parker, Ross, O'Connor",NA,2010,NA,NA,NA,NA,Marine,NA,Zooplankton,Meroplankton,Mollusca,Saccostrea glomerata,NA,NA,TpH,NA,NA,NA,3,3,NA,375,18,600,22,225,4,NA,NA,NA,212_Saccostrea_glomerata_EMBRYO_CO2375.00_pH0.00_T18.,2.7781512500000001,18,Fertilization,Reproduction,NA,NA,NA,55.2,3.897114317,55.67,6.824280182,NA,TRUE,TRUE,8.4784490000000007E-3,6.6704370000000004E-3,NA,NA,8.4579514999999994E-2,0.8,6.7663611999999998E-2,No,No,NA,746,Alter et al. 2024,parker ross o connor,saccostrea glomerata,fertilization,tph,55.2,55.67,3.897114,6.82428,3,3,NA,NA,NA,NA,NA,NA,NA,NA,NA,NA,NA,NA,NA,NA,NA,NA,NA,NA,NA,NA,not_matched_in_alter_sheet,NA,NA
Alter et al. 2024,2248_AltersInvert,212,NA,NA,Yes,NA,"Parker, Ross, O'Connor",NA,2010,NA,NA,NA,NA,Marine,NA,Zooplankton,Meroplankton,Mollusca,Saccostrea glomerata,NA,NA,TpH,NA,NA,NA,3,3,NA,375,18,750,30,375,12,NA,NA,NA,212_Saccostrea_glomerata_EMBRYO_CO2375.00_pH0.00_T18.,2.8750612630000001,18,Fertilization,Reproduction,NA,NA,NA,55.2,3.897114317,57.77,1.454922678,NA,TRUE,TRUE,4.5506656999999999E-2,1.872872E-3,NA,NA,0.87371763899999999,0.8,0.69897411099999995,No,No,NA,747,Alter et al. 2024,parker ross o connor,saccostrea glomerata,fertilization,tph,55.2,57.77,3.897114,1.454923,3,3,NA,NA,NA,NA,NA,NA,NA,NA,NA,NA,NA,NA,NA,NA,NA,NA,NA,NA,NA,NA,not_matched_in_alter_sheet,NA,NA
Alter et al. 2024,2251_AltersInvert,212,NA,NA,Yes,NA,"Parker, Ross, O'Connor",NA,2010,NA,NA,NA,NA,Marine,NA,Zooplankton,Meroplankton,Mollusca,Crassostrea gigas,NA,NA,TpH,NA,NA,NA,3,3,NA,375,18,1000,26,625,8,NA,NA,NA,212_Crassostrea_gigas_EMBRYO_CO2375.00_pH0.00_T18.,3,18,Fertilization,Reproduction,NA,NA,NA,86.8,5.352036995,58.43,4.867062769,NA,FALSE,TRUE,-0.39577716499999999,3.5801090000000002E-3,NA,NA,-5.546106151,0.8,-4.4368849209999999,No,No,NA,748,Alter et al. 2024,parker ross o connor,crassostrea gigas,fertilization,tph,86.8,58.43,5.352037,4.867063,3,3,NA,NA,NA,NA,NA,NA,NA,NA,NA,NA,NA,NA,NA,NA,NA,NA,NA,NA,NA,NA,not_matched_in_alter_sheet,NA,NA
Alter et al. 2024,2252_AltersInvert,212,NA,NA,Yes,NA,"Parker, Ross, O'Connor",NA,2010,NA,NA,NA,NA,Marine,NA,Zooplankton,Meroplankton,Mollusca,Saccostrea glomerata,NA,NA,TpH,NA,NA,NA,3,3,NA,375,18,1000,26,625,8,NA,NA,NA,212_Saccostrea_glomerata_EMBRYO_CO2375.00_pH0.00_T18.,3,18,Fertilization,Reproduction,NA,NA,NA,55.2,3.897114317,60.36,3.412140091,NA,TRUE,TRUE,8.9363681E-2,2.7266550000000001E-3,NA,NA,1.408811034,0.8,1.1270488270000001,No,No,NA,749,Alter et al. 2024,parker ross o connor,saccostrea glomerata,fertilization,tph,55.2,60.36,3.897114,3.41214,3,3,NA,NA,NA,NA,NA,NA,NA,NA,NA,NA,NA,NA,NA,NA,NA,NA,NA,NA,NA,NA,not_matched_in_alter_sheet,NA,NA
Alter et al. 2024,2253_AltersInvert,212,NA,NA,Yes,NA,"Parker, Ross, O'Connor",NA,2010,NA,NA,NA,NA,Marine,NA,Zooplankton,Meroplankton,Mollusca,Saccostrea glomerata,NA,NA,TpH,NA,NA,NA,3,3,NA,375,18,600,30,225,12,NA,NA,NA,212_Saccostrea_glomerata_EMBRYO_CO2375.00_pH0.00_T18.,2.7781512500000001,18,Fertilization,Reproduction,NA,NA,NA,55.2,3.897114317,60.6,3.897114317,NA,TRUE,TRUE,9.3331940000000002E-2,3.0399899999999998E-3,NA,NA,1.3856406459999999,0.8,1.1085125170000001,No,No,NA,750,Alter et al. 2024,parker ross o connor,saccostrea glomerata,fertilization,tph,55.2,60.6,3.897114,3.897114,3,3,NA,NA,NA,NA,NA,NA,NA,NA,NA,NA,NA,NA,NA,NA,NA,NA,NA,NA,NA,NA,not_matched_in_alter_sheet,NA,NA
Alter et al. 2024,2254_AltersInvert,212,NA,NA,Yes,NA,"Parker, Ross, O'Connor",NA,2010,NA,NA,NA,NA,Marine,NA,Zooplankton,Meroplankton,Mollusca,Crassostrea gigas,NA,NA,TpH,NA,NA,NA,3,3,NA,375,18,1000,30,625,12,NA,NA,NA,212_Crassostrea_gigas_EMBRYO_CO2375.00_pH0.00_T18.,3,18,Fertilization,Reproduction,NA,NA,NA,86.8,5.352036995,61.24,6.321985448,NA,FALSE,TRUE,-0.34880605100000001,4.8196410000000004E-3,NA,NA,-4.3639165870000003,0.8,-3.4911332700000002,No,No,NA,751,Alter et al. 2024,parker ross o connor,crassostrea gigas,fertilization,tph,86.8,61.24,5.352037,6.321985,3,3,NA,NA,NA,NA,NA,NA,NA,NA,NA,NA,NA,NA,NA,NA,NA,NA,NA,NA,NA,NA,not_matched_in_alter_sheet,NA,NA
Alter et al. 2024,2255_AltersInvert,212,NA,NA,Yes,NA,"Parker, Ross, O'Connor",NA,2010,NA,NA,NA,NA,Marine,NA,Zooplankton,Meroplankton,Mollusca,Crassostrea gigas,NA,NA,TpH,NA,NA,NA,3,3,NA,375,18,1000,22,625,4,NA,NA,NA,212_Crassostrea_gigas_EMBRYO_CO2375.00_pH0.00_T18.,3,18,Fertilization,Reproduction,NA,NA,NA,86.8,5.352036995,61.8,7.776908126,NA,FALSE,TRUE,-0.33970325699999998,6.5458579999999999E-3,NA,NA,-3.7450378350000002,0.8,-2.9960302680000002,No,No,NA,752,Alter et al. 2024,parker ross o connor,crassostrea gigas,fertilization,tph,86.8,61.8,5.352037,7.776908,3,3,NA,NA,NA,NA,NA,NA,NA,NA,NA,NA,NA,NA,NA,NA,NA,NA,NA,NA,NA,NA,not_matched_in_alter_sheet,NA,NA
Alter et al. 2024,2256_AltersInvert,212,NA,NA,Yes,NA,"Parker, Ross, O'Connor",NA,2010,NA,NA,NA,NA,Marine,NA,Zooplankton,Meroplankton,Mollusca,Crassostrea gigas,NA,NA,TpH,NA,NA,NA,3,3,NA,375,18,750,30,375,12,NA,NA,NA,212_Crassostrea_gigas_EMBRYO_CO2375.00_pH0.00_T18.,2.8750612630000001,18,Fertilization,Reproduction,NA,NA,NA,86.8,5.352036995,62.64,3.897114317,NA,FALSE,TRUE,-0.32620257000000003,2.557508E-3,NA,NA,-5.1608029230000003,0.8,-4.1286423389999998,No,No,NA,753,Alter et al. 2024,parker ross o connor,crassostrea gigas,fertilization,tph,86.8,62.64,5.352037,3.897114,3,3,NA,NA,NA,NA,NA,NA,NA,NA,NA,NA,NA,NA,NA,NA,NA,NA,NA,NA,NA,NA,not_matched_in_alter_sheet,NA,NA
Alter et al. 2024,2257_AltersInvert,212,NA,NA,Yes,NA,"Parker, Ross, O'Connor",NA,2010,NA,NA,NA,NA,Marine,NA,Zooplankton,Meroplankton,Mollusca,Crassostrea gigas,NA,NA,TpH,NA,NA,NA,3,3,NA,375,18,750,22,375,4,NA,NA,NA,212_Crassostrea_gigas_EMBRYO_CO2375.00_pH0.00_T18.,2.8750612630000001,18,Fertilization,Reproduction,NA,NA,NA,86.8,5.352036995,63.2,5.837011222,NA,FALSE,TRUE,-0.317302321,4.1106140000000003E-3,NA,NA,-4.2144537040000003,0.8,-3.3715629640000002,No,No,NA,754,Alter et al. 2024,parker ross o connor,crassostrea gigas,fertilization,tph,86.8,63.2,5.352037,5.837011,3,3,NA,NA,NA,NA,NA,NA,NA,NA,NA,NA,NA,NA,NA,NA,NA,NA,NA,NA,NA,NA,not_matched_in_alter_sheet,NA,NA
Alter et al. 2024,2258_AltersInvert,212,NA,NA,Yes,NA,"Parker, Ross, O'Connor",NA,2010,NA,NA,NA,NA,Marine,NA,Zooplankton,Meroplankton,Mollusca,Crassostrea gigas,NA,NA,TpH,NA,NA,NA,3,3,NA,375,18,750,26,375,8,NA,NA,NA,212_Crassostrea_gigas_EMBRYO_CO2375.00_pH0.00_T18.,2.8750612630000001,18,Fertilization,Reproduction,NA,NA,NA,86.8,5.352036995,65.17,6.321985448,NA,FALSE,TRUE,-0.28660738099999999,4.4041189999999997E-3,NA,NA,-3.692938802,0.8,-2.9543510419999999,No,No,NA,755,Alter et al. 2024,parker ross o connor,crassostrea gigas,fertilization,tph,86.8,65.17,5.352037,6.321985,3,3,NA,NA,NA,NA,NA,NA,NA,NA,NA,NA,NA,NA,NA,NA,NA,NA,NA,NA,NA,NA,not_matched_in_alter_sheet,NA,NA
Alter et al. 2024,2259_AltersInvert,212,NA,NA,Yes,NA,"Parker, Ross, O'Connor",NA,2010,NA,NA,NA,NA,Marine,NA,Zooplankton,Meroplankton,Mollusca,Saccostrea glomerata,NA,NA,TpH,NA,NA,NA,3,3,NA,375,18,750,26,375,8,NA,NA,NA,212_Saccostrea_glomerata_EMBRYO_CO2375.00_pH0.00_T18.,2.8750612630000001,18,Fertilization,Reproduction,NA,NA,NA,55.2,3.897114317,65.73,2.927165865,NA,FALSE,TRUE,0.17459248899999999,2.3225170000000001E-3,NA,NA,3.0553329159999998,0.8,2.4442663329999998,No,No,NA,756,Alter et al. 2024,parker ross o connor,saccostrea glomerata,fertilization,tph,55.2,65.73,3.897114,2.927166,3,3,NA,NA,NA,NA,NA,NA,NA,NA,NA,NA,NA,NA,NA,NA,NA,NA,NA,NA,NA,NA,not_matched_in_alter_sheet,NA,NA
Alter et al. 2024,2260_AltersInvert,212,NA,NA,Yes,NA,"Parker, Ross, O'Connor",NA,2010,NA,NA,NA,NA,Marine,NA,Zooplankton,Meroplankton,Mollusca,Crassostrea gigas,NA,NA,TpH,NA,NA,NA,3,3,NA,375,18,600,30,225,12,NA,NA,NA,212_Crassostrea_gigas_EMBRYO_CO2375.00_pH0.00_T18.,2.7781512500000001,18,Fertilization,Reproduction,NA,NA,NA,86.8,5.352036995,65.73,3.897114317,NA,FALSE,TRUE,-0.27805117899999998,2.4390520000000001E-3,NA,NA,-4.5007498999999997,0.8,-3.6005999200000001,No,No,NA,757,Alter et al. 2024,parker ross o connor,crassostrea gigas,fertilization,tph,86.8,65.73,5.352037,3.897114,3,3,NA,NA,NA,NA,NA,NA,NA,NA,NA,NA,NA,NA,NA,NA,NA,NA,NA,NA,NA,NA,not_matched_in_alter_sheet,NA,NA
Alter et al. 2024,2264_AltersInvert,212,NA,NA,Yes,NA,"Parker, Ross, O'Connor",NA,2010,NA,NA,NA,NA,Marine,NA,Zooplankton,Meroplankton,Mollusca,Crassostrea gigas,NA,NA,TpH,NA,NA,NA,3,3,NA,375,18,600,22,225,4,NA,NA,NA,212_Crassostrea_gigas_EMBRYO_CO2375.00_pH0.00_T18.,2.7781512500000001,18,Fertilization,Reproduction,NA,NA,NA,86.8,5.352036995,71.91,1.939896904,NA,FALSE,TRUE,-0.18819128500000001,1.5098760000000001E-3,NA,NA,-3.6990221399999998,0.8,-2.9592177120000001,No,No,NA,758,Alter et al. 2024,parker ross o connor,crassostrea gigas,fertilization,tph,86.8,71.91,5.352037,1.939897,3,3,NA,NA,NA,NA,NA,NA,NA,NA,NA,NA,NA,NA,NA,NA,NA,NA,NA,NA,NA,NA,not_matched_in_alter_sheet,NA,NA
Alter et al. 2024,2267_AltersInvert,212,NA,NA,Yes,NA,"Parker, Ross, O'Connor",NA,2021,NA,NA,NA,NA,Marine,NA,Zooplankton,Meroplankton,Mollusca,Saccostrea glomerata,NA,NA,TpH,NA,NA,NA,3,3,NA,375,18,600,26,225,8,NA,NA,NA,212_Saccostrea_glomerata_EMBRYO_CO2375.00_pH0.00_T18.,2.7781512500000001,18,Fertilization,Reproduction,NA,NA,NA,55.2,3.897114317,74.19,3.897114317,NA,FALSE,TRUE,0.29566641700000001,2.5812080000000002E-3,NA,NA,4.8728362719999998,0.8,3.8982690180000001,No,No,NA,759,Alter et al. 2024,parker ross o connor,saccostrea glomerata,fertilization,tph,55.2,74.19,3.897114,3.897114,3,3,NA,NA,NA,NA,NA,NA,NA,NA,NA,NA,NA,NA,NA,NA,NA,NA,NA,NA,NA,NA,not_matched_in_alter_sheet,NA,NA
Alter et al. 2024,2270_AltersInvert,212,NA,NA,Yes,NA,"Parker, Ross, O'Connor",NA,2021,NA,NA,NA,NA,Marine,NA,Zooplankton,Meroplankton,Mollusca,Crassostrea gigas,NA,NA,TpH,NA,NA,NA,3,3,NA,375,18,600,26,225,8,NA,NA,NA,212_Crassostrea_gigas_EMBRYO_CO2375.00_pH0.00_T18.,2.7781512500000001,18,Fertilization,Reproduction,NA,NA,NA,86.8,5.352036995,74.72,1.454922678,NA,FALSE,TRUE,-0.149858828,1.3936759999999999E-3,NA,NA,-3.080214786,0.8,-2.4641718290000001,No,No,NA,760,Alter et al. 2024,parker ross o connor,crassostrea gigas,fertilization,tph,86.8,74.72,5.352037,1.454923,3,3,NA,NA,NA,NA,NA,NA,NA,NA,NA,NA,NA,NA,NA,NA,NA,NA,NA,NA,NA,NA,not_matched_in_alter_sheet,NA,NA
Alter et al. 2024,1526_AltersInvert,58,NA,NA,Yes,NA,"Pecorino D, Barker MF, Dworjanyn SA, Byrne M, Lamare MD",NA,2014,NA,NA,NA,NA,Marine,NA,Zooplankton,Meroplankton,Echinoderm,Centrostephanus rodgersii,NA,NA,pH,NA,NA,NA,150,150,NA,506,21,6957,21,6451,0,NA,NA,NA,58_Centrostephanus_rodgersii_EMBRYO_CO2506.00_pH8.10_T21.,3.8424220029999998,21,Life-stage,Reproduction,NA,NA,NA,79.55,59.89002421,0.88,16.41158128,NA,TRUE,TRUE,-4.5042191259999997,2.3224770029999999,NA,NA,-1.791624146,0.997481108,-1.7871112389999999,No,No,NA,761,Alter et al. 2024,pecorino d barker mf dworjanyn sa byrne m lamare md,centrostephanus rodgersii,life stage,ph,79.55,0.88,59.890024,16.411581,150,150,NA,NA,NA,NA,NA,NA,NA,NA,NA,NA,NA,NA,NA,NA,NA,NA,NA,NA,NA,NA,not_matched_in_alter_sheet,NA,NA
Alter et al. 2024,1528_AltersInvert,58,NA,NA,Yes,NA,"Pecorino D, Barker MF, Dworjanyn SA, Byrne M, Lamare MD",NA,2014,NA,NA,NA,NA,Marine,NA,Zooplankton,Meroplankton,Echinoderm,Centrostephanus rodgersii,NA,NA,pH,NA,NA,NA,200,200,NA,506,21,6957,21,6451,0,NA,NA,NA,58_Centrostephanus_rodgersii_EMBRYO_CO2506.00_pH8.10_T21.,3.8424220029999998,21,developmental success,Development,NA,NA,NA,80.99,69.86214998,4.56,42.9920923,NA,TRUE,FALSE,-2.877003067,0.44816485700000003,NA,NA,-1.317656784,0.998114393,-1.3151722020000001,No,No,NA,762,Alter et al. 2024,pecorino d barker mf dworjanyn sa byrne m lamare md,centrostephanus rodgersii,developmental success,ph,80.99,4.56,69.86215,42.992092,200,200,NA,NA,NA,NA,NA,NA,NA,NA,NA,NA,NA,NA,NA,NA,NA,NA,NA,NA,NA,NA,not_matched_in_alter_sheet,NA,NA
Alter et al. 2024,1529_AltersInvert,58,NA,NA,Yes,NA,"Pecorino D, Barker MF, Dworjanyn SA, Byrne M, Lamare MD",NA,2014,NA,NA,NA,NA,Marine,NA,Zooplankton,Meroplankton,Echinoderm,Centrostephanus rodgersii,NA,NA,pH,NA,NA,NA,200,200,NA,506,21,6957,21,6451,0,NA,NA,NA,58_Centrostephanus_rodgersii_EMBRYO_CO2506.00_pH8.10_T21.,3.8424220029999998,21,Fertilization,Reproduction,NA,NA,NA,81.94,42.85067094,6.69,42.85067094,NA,TRUE,FALSE,-2.5053733980000001,0.20649920699999999,NA,NA,-1.756098524,0.998114393,-1.752787213,No,No,NA,763,Alter et al. 2024,pecorino d barker mf dworjanyn sa byrne m lamare md,centrostephanus rodgersii,fertilization,ph,81.94,6.69,42.850671,42.850671,200,200,NA,NA,NA,NA,NA,NA,NA,NA,NA,NA,NA,NA,NA,NA,NA,NA,NA,NA,NA,NA,not_matched_in_alter_sheet,NA,NA
Alter et al. 2024,1531_AltersInvert,58,NA,NA,Yes,NA,"Pecorino D, Barker MF, Dworjanyn SA, Byrne M, Lamare MD",NA,2014,NA,NA,NA,NA,Marine,NA,Zooplankton,Meroplankton,Echinoderm,Centrostephanus rodgersii,NA,NA,pH,NA,NA,NA,200,200,NA,468,14,6238,14,5770,0,NA,NA,NA,58_Centrostephanus_rodgersii_EMBRYO_CO2468.00_pH8.10_T14.,3.79504537,14,developmental success,Development,NA,NA,NA,36.25,75.23616152,3.68,41.29503602,NA,TRUE,FALSE,-2.2875266289999998,0.651145843,NA,NA,-0.53669058199999997,0.998114393,-0.53567859500000004,No,No,NA,764,Alter et al. 2024,pecorino d barker mf dworjanyn sa byrne m lamare md,centrostephanus rodgersii,developmental success,ph,36.25,3.68,75.236162,41.295036,200,200,NA,NA,NA,NA,NA,NA,NA,NA,NA,NA,NA,NA,NA,NA,NA,NA,NA,NA,NA,NA,not_matched_in_alter_sheet,NA,NA
Alter et al. 2024,1532_AltersInvert,58,NA,NA,Yes,NA,"Pecorino D, Barker MF, Dworjanyn SA, Byrne M, Lamare MD",NA,2014,NA,NA,NA,NA,Marine,NA,Zooplankton,Meroplankton,Echinoderm,Centrostephanus rodgersii,NA,NA,pH,NA,NA,NA,200,200,NA,468,14,6238,14,5770,0,NA,NA,NA,58_Centrostephanus_rodgersii_EMBRYO_CO2468.00_pH8.10_T14.,3.79504537,14,Fertilization,Reproduction,NA,NA,NA,97.98,42.85067094,21.97,60.66976183,NA,TRUE,TRUE,-1.4950854899999999,3.9085253E-2,NA,NA,-1.447218943,0.998114393,-1.4444900570000001,No,No,NA,765,Alter et al. 2024,pecorino d barker mf dworjanyn sa byrne m lamare md,centrostephanus rodgersii,fertilization,ph,97.98,21.97,42.850671,60.669762,200,200,NA,NA,NA,NA,NA,NA,NA,NA,NA,NA,NA,NA,NA,NA,NA,NA,NA,NA,NA,NA,not_matched_in_alter_sheet,NA,NA
Alter et al. 2024,1569_AltersInvert,58,NA,NA,Yes,NA,"Pecorino D, Barker MF, Dworjanyn SA, Byrne M, Lamare MD",NA,2014,NA,NA,NA,NA,Marine,NA,Zooplankton,Meroplankton,Echinoderm,Centrostephanus rodgersii,NA,NA,pH,NA,NA,NA,150,150,NA,468,14,6238,14,5770,0,NA,NA,NA,58_Centrostephanus_rodgersii_EMBRYO_CO2468.00_pH8.10_T14.,3.79504537,14,Life-stage,Reproduction,NA,NA,NA,76.88,70.79025357,19.55,57.19558549,NA,TRUE,TRUE,-1.369270478,6.2713460999999998E-2,NA,NA,-0.89086875300000001,0.997481108,-0.88862475200000002,No,No,NA,766,Alter et al. 2024,pecorino d barker mf dworjanyn sa byrne m lamare md,centrostephanus rodgersii,life stage,ph,76.88,19.55,70.790254,57.195585,150,150,NA,NA,NA,NA,NA,NA,NA,NA,NA,NA,NA,NA,NA,NA,NA,NA,NA,NA,NA,NA,not_matched_in_alter_sheet,NA,NA
Alter et al. 2024,1573_AltersInvert,58,NA,NA,Yes,NA,"Pecorino D, Barker MF, Dworjanyn SA, Byrne M, Lamare MD",NA,2014,NA,NA,NA,NA,Marine,NA,Zooplankton,Meroplankton,Echinoderm,Centrostephanus rodgersii,NA,NA,pH,NA,NA,NA,200,200,NA,506,21,1825,21,1319,0,NA,NA,NA,58_Centrostephanus_rodgersii_EMBRYO_CO2506.00_pH8.10_T21.,3.2612628689999998,21,developmental success,Development,NA,NA,NA,80.99,69.86214998,47.28,102.1062192,NA,FALSE,TRUE,-0.53823831700000002,2.7039924999999999E-2,NA,NA,-0.38533390299999998,0.998114393,-0.38460731500000001,No,No,NA,767,Alter et al. 2024,pecorino d barker mf dworjanyn sa byrne m lamare md,centrostephanus rodgersii,developmental success,ph,80.99,47.28,69.86215,102.106219,200,200,NA,NA,NA,NA,NA,NA,NA,NA,NA,NA,NA,NA,NA,NA,NA,NA,NA,NA,NA,NA,not_matched_in_alter_sheet,NA,NA
Alter et al. 2024,1576_AltersInvert,58,NA,NA,Yes,NA,"Pecorino D, Barker MF, Dworjanyn SA, Byrne M, Lamare MD",NA,2014,NA,NA,NA,NA,Marine,NA,Zooplankton,Meroplankton,Echinoderm,Centrostephanus rodgersii,NA,NA,pH,NA,NA,NA,200,200,NA,468,14,1652,14,1184,0,NA,NA,NA,58_Centrostephanus_rodgersii_EMBRYO_CO2468.00_pH8.10_T14.,3.218010043,14,developmental success,Development,NA,NA,NA,36.25,75.23616152,24.33,52.0430591,NA,FALSE,TRUE,-0.39872922500000002,4.4415743000000001E-2,NA,NA,-0.18427036999999999,0.998114393,-0.183922908,No,No,NA,768,Alter et al. 2024,pecorino d barker mf dworjanyn sa byrne m lamare md,centrostephanus rodgersii,developmental success,ph,36.25,24.33,75.236162,52.043059,200,200,NA,NA,NA,NA,NA,NA,NA,NA,NA,NA,NA,NA,NA,NA,NA,NA,NA,NA,NA,NA,not_matched_in_alter_sheet,NA,NA
Alter et al. 2024,1577_AltersInvert,58,NA,NA,Yes,NA,"Pecorino D, Barker MF, Dworjanyn SA, Byrne M, Lamare MD",NA,2014,NA,NA,NA,NA,Marine,NA,Zooplankton,Meroplankton,Echinoderm,Centrostephanus rodgersii,NA,NA,pH,NA,NA,NA,150,150,NA,506,21,6957,21,6451,0,NA,NA,NA,58_Centrostephanus_rodgersii_EMBRYO_CO2506.00_pH8.10_T21.,3.8424220029999998,21,Normal,Development,NA,NA,NA,5.77,27.31181063,36,440.9081537,NA,FALSE,FALSE,1.8308468579999999,1.1493681840000001,NA,NA,9.6777274999999996E-2,0.997481108,9.6533504000000006E-2,No,No,NA,769,Alter et al. 2024,pecorino d barker mf dworjanyn sa byrne m lamare md,centrostephanus rodgersii,normal,ph,5.77,36,27.311811,440.908154,150,150,NA,NA,NA,NA,NA,NA,NA,NA,NA,NA,NA,NA,NA,NA,NA,NA,NA,NA,NA,NA,not_matched_in_alter_sheet,NA,NA
Alter et al. 2024,1579_AltersInvert,58,NA,NA,Yes,NA,"Pecorino D, Barker MF, Dworjanyn SA, Byrne M, Lamare MD",NA,2014,NA,NA,NA,NA,Marine,NA,Zooplankton,Meroplankton,Echinoderm,Centrostephanus rodgersii,NA,NA,pH,NA,NA,NA,150,150,NA,506,21,1825,21,1319,0,NA,NA,NA,58_Centrostephanus_rodgersii_EMBRYO_CO2506.00_pH8.10_T21.,3.2612628689999998,21,Life-stage,Survival,NA,NA,NA,79.55,59.89002421,58.22,114.2686965,NA,FALSE,TRUE,-0.312156816,2.9460067E-2,NA,NA,-0.23381643899999999,0.997481108,-0.23322748099999999,No,No,NA,770,Alter et al. 2024,pecorino d barker mf dworjanyn sa byrne m lamare md,centrostephanus rodgersii,life stage,ph,79.55,58.22,59.890024,114.268696,150,150,NA,NA,NA,NA,NA,NA,NA,NA,NA,NA,NA,NA,NA,NA,NA,NA,NA,NA,NA,NA,not_matched_in_alter_sheet,NA,NA
Alter et al. 2024,1581_AltersInvert,58,NA,NA,Yes,NA,"Pecorino D, Barker MF, Dworjanyn SA, Byrne M, Lamare MD",NA,2014,NA,NA,NA,NA,Marine,NA,Zooplankton,Meroplankton,Echinoderm,Centrostephanus rodgersii,NA,NA,pH,NA,NA,NA,150,150,NA,468,14,1652,14,1184,0,NA,NA,NA,58_Centrostephanus_rodgersii_EMBRYO_CO2468.00_pH8.10_T14.,3.218010043,14,Life-stage,Survival,NA,NA,NA,76.88,70.79025357,59.11,87.07936036,NA,FALSE,TRUE,-0.26284564999999999,2.0120641000000002E-2,NA,NA,-0.223933613,0.997481108,-0.223369549,No,No,NA,771,Alter et al. 2024,pecorino d barker mf dworjanyn sa byrne m lamare md,centrostephanus rodgersii,life stage,ph,76.88,59.11,70.790254,87.07936,150,150,NA,NA,NA,NA,NA,NA,NA,NA,NA,NA,NA,NA,NA,NA,NA,NA,NA,NA,NA,NA,not_matched_in_alter_sheet,NA,NA
Alter et al. 2024,1583_AltersInvert,58,NA,NA,Yes,NA,"Pecorino D, Barker MF, Dworjanyn SA, Byrne M, Lamare MD",NA,2014,NA,NA,NA,NA,Marine,NA,Zooplankton,Meroplankton,Echinoderm,Centrostephanus rodgersii,NA,NA,pH,NA,NA,NA,200,200,NA,468,14,1652,14,1184,0,NA,NA,NA,58_Centrostephanus_rodgersii_EMBRYO_CO2468.00_pH8.10_T14.,3.218010043,14,Fertilization,Survival,NA,NA,NA,97.98,42.85067094,78.03,107.197388,NA,FALSE,TRUE,-0.22767000800000001,1.0392927999999999E-2,NA,NA,-0.24439043499999999,0.998114393,-0.24392961099999999,No,No,NA,772,Alter et al. 2024,pecorino d barker mf dworjanyn sa byrne m lamare md,centrostephanus rodgersii,fertilization,ph,97.98,78.03,42.850671,107.197388,200,200,NA,NA,NA,NA,NA,NA,NA,NA,NA,NA,NA,NA,NA,NA,NA,NA,NA,NA,NA,NA,not_matched_in_alter_sheet,NA,NA
Alter et al. 2024,1591_AltersInvert,58,NA,NA,Yes,NA,"Pecorino D, Barker MF, Dworjanyn SA, Byrne M, Lamare MD",NA,2014,NA,NA,NA,NA,Marine,NA,Zooplankton,Meroplankton,Echinoderm,Centrostephanus rodgersii,NA,NA,pH,NA,NA,NA,150,150,NA,468,14,1652,14,1184,0,NA,NA,NA,58_Centrostephanus_rodgersii_EMBRYO_CO2468.00_pH8.10_T14.,3.218010043,14,Normal,Physiology,NA,NA,NA,6.22,43.47844293,23.55,288.4274172,NA,FALSE,TRUE,1.331355914,1.3257436339999999,NA,NA,8.4022946000000001E-2,0.997481108,8.3811302000000004E-2,No,No,NA,773,Alter et al. 2024,pecorino d barker mf dworjanyn sa byrne m lamare md,centrostephanus rodgersii,normal,ph,6.22,23.55,43.478443,288.427417,150,150,NA,NA,NA,NA,NA,NA,NA,NA,NA,NA,NA,NA,NA,NA,NA,NA,NA,NA,NA,NA,not_matched_in_alter_sheet,NA,NA
Alter et al. 2024,1592_AltersInvert,58,NA,NA,Yes,NA,"Pecorino D, Barker MF, Dworjanyn SA, Byrne M, Lamare MD",NA,2014,NA,NA,NA,NA,Marine,NA,Zooplankton,Meroplankton,Echinoderm,Centrostephanus rodgersii,NA,NA,pH,NA,NA,NA,150,150,NA,506,21,1825,21,1319,0,NA,NA,NA,58_Centrostephanus_rodgersii_EMBRYO_CO2506.00_pH8.10_T21.,3.2612628689999998,21,Normal,Development,NA,NA,NA,5.77,27.31181063,23.11,283.0385398,NA,FALSE,TRUE,1.3875933439999999,1.1493681840000001,NA,NA,8.6239444999999998E-2,0.997481108,8.6022216999999998E-2,No,No,NA,774,Alter et al. 2024,pecorino d barker mf dworjanyn sa byrne m lamare md,centrostephanus rodgersii,normal,ph,5.77,23.11,27.311811,283.03854,150,150,NA,NA,NA,NA,NA,NA,NA,NA,NA,NA,NA,NA,NA,NA,NA,NA,NA,NA,NA,NA,not_matched_in_alter_sheet,NA,NA
Alter et al. 2024,1593_AltersInvert,58,NA,NA,Yes,NA,"Pecorino D, Barker MF, Dworjanyn SA, Byrne M, Lamare MD",NA,2014,NA,NA,NA,NA,Marine,NA,Zooplankton,Meroplankton,Echinoderm,Centrostephanus rodgersii,NA,NA,pH,NA,NA,NA,200,200,NA,506,21,1825,21,1319,0,NA,NA,NA,58_Centrostephanus_rodgersii_EMBRYO_CO2506.00_pH8.10_T21.,3.2612628689999998,21,Fertilization,Development,NA,NA,NA,81.94,42.85067094,67.42,74.95331881,NA,FALSE,TRUE,-0.19504556200000001,7.5471899999999996E-3,NA,NA,-0.23783823700000001,0.998114393,-0.237389767,No,No,NA,775,Alter et al. 2024,pecorino d barker mf dworjanyn sa byrne m lamare md,centrostephanus rodgersii,fertilization,ph,81.94,67.42,42.850671,74.953319,200,200,NA,NA,NA,NA,NA,NA,NA,NA,NA,NA,NA,NA,NA,NA,NA,NA,NA,NA,NA,NA,not_matched_in_alter_sheet,NA,NA
Alter et al. 2024,1595_AltersInvert,58,NA,NA,Yes,NA,"Pecorino D, Barker MF, Dworjanyn SA, Byrne M, Lamare MD",NA,2014,NA,NA,NA,NA,Marine,NA,Zooplankton,Meroplankton,Echinoderm,Centrostephanus rodgersii,NA,NA,pH,NA,NA,NA,150,150,NA,468,14,6238,14,5770,0,NA,NA,NA,58_Centrostephanus_rodgersii_EMBRYO_CO2468.00_pH8.10_T14.,3.79504537,14,Normal,Development,NA,NA,NA,6.22,43.47844293,21.77,266.6269585,NA,FALSE,TRUE,1.2527629680000001,1.3257436339999999,NA,NA,8.1403399000000001E-2,0.997481108,8.1198353000000001E-2,No,No,NA,776,Alter et al. 2024,pecorino d barker mf dworjanyn sa byrne m lamare md,centrostephanus rodgersii,normal,ph,6.22,21.77,43.478443,266.626958,150,150,NA,NA,NA,NA,NA,NA,NA,NA,NA,NA,NA,NA,NA,NA,NA,NA,NA,NA,NA,NA,not_matched_in_alter_sheet,NA,NA
Alter et al. 2024,1599_AltersInvert,58,NA,NA,Yes,NA,"Pecorino D, Barker MF, Dworjanyn SA, Byrne M, Lamare MD",NA,2014,NA,NA,NA,NA,Marine,NA,Zooplankton,Meroplankton,Echinoderm,Centrostephanus rodgersii,NA,NA,pH,NA,NA,NA,200,200,NA,506,21,1109,21,603,0,NA,NA,NA,58_Centrostephanus_rodgersii_EMBRYO_CO2506.00_pH8.10_T21.,3.0449315459999999,21,developmental success,Development,NA,NA,NA,80.99,69.86214998,70.22,82.44865069,NA,FALSE,TRUE,-0.14269251999999999,1.0613526999999999E-2,NA,NA,-0.14094094200000001,0.998114393,-0.14067518200000001,No,No,NA,777,Alter et al. 2024,pecorino d barker mf dworjanyn sa byrne m lamare md,centrostephanus rodgersii,developmental success,ph,80.99,70.22,69.86215,82.448651,200,200,NA,NA,NA,NA,NA,NA,NA,NA,NA,NA,NA,NA,NA,NA,NA,NA,NA,NA,NA,NA,not_matched_in_alter_sheet,NA,NA
Alter et al. 2024,1602_AltersInvert,58,NA,NA,Yes,NA,"Pecorino D, Barker MF, Dworjanyn SA, Byrne M, Lamare MD",NA,2014,NA,NA,NA,NA,Marine,NA,Zooplankton,Meroplankton,Echinoderm,Centrostephanus rodgersii,NA,NA,pH,NA,NA,NA,150,150,NA,468,14,1011,14,543,0,NA,NA,NA,58_Centrostephanus_rodgersii_EMBRYO_CO2468.00_pH8.10_T14.,3.0047511560000002,14,Life-stage,Reproduction,NA,NA,NA,76.88,70.79025357,68.44,87.07936036,NA,FALSE,TRUE,-0.116288316,1.6444777000000001E-2,NA,NA,-0.106359015,0.997481108,-0.106091108,No,No,NA,778,Alter et al. 2024,pecorino d barker mf dworjanyn sa byrne m lamare md,centrostephanus rodgersii,life stage,ph,76.88,68.44,70.790254,87.07936,150,150,NA,NA,NA,NA,NA,NA,NA,NA,NA,NA,NA,NA,NA,NA,NA,NA,NA,NA,NA,NA,not_matched_in_alter_sheet,NA,NA
Alter et al. 2024,1603_AltersInvert,58,NA,NA,Yes,NA,"Pecorino D, Barker MF, Dworjanyn SA, Byrne M, Lamare MD",NA,2014,NA,NA,NA,NA,Marine,NA,Zooplankton,Meroplankton,Echinoderm,Centrostephanus rodgersii,NA,NA,pH,NA,NA,NA,200,200,NA,468,14,1011,14,543,0,NA,NA,NA,58_Centrostephanus_rodgersii_EMBRYO_CO2468.00_pH8.10_T14.,3.0047511560000002,14,developmental success,Development,NA,NA,NA,36.25,75.23616152,32.7,71.70062761,NA,FALSE,TRUE,-0.103064303,4.5577315E-2,NA,NA,-4.8306116000000003E-2,0.998114393,-4.8215029999999999E-2,No,No,NA,779,Alter et al. 2024,pecorino d barker mf dworjanyn sa byrne m lamare md,centrostephanus rodgersii,developmental success,ph,36.25,32.7,75.236162,71.700628,200,200,NA,NA,NA,NA,NA,NA,NA,NA,NA,NA,NA,NA,NA,NA,NA,NA,NA,NA,NA,NA,not_matched_in_alter_sheet,NA,NA
Alter et al. 2024,1604_AltersInvert,58,NA,NA,Yes,NA,"Pecorino D, Barker MF, Dworjanyn SA, Byrne M, Lamare MD",NA,2014,NA,NA,NA,NA,Marine,NA,Zooplankton,Meroplankton,Echinoderm,Centrostephanus rodgersii,NA,NA,pH,NA,NA,NA,150,150,NA,506,21,1109,21,603,0,NA,NA,NA,58_Centrostephanus_rodgersii_EMBRYO_CO2506.00_pH8.10_T21.,3.0449315459999999,21,Life-stage,Development,NA,NA,NA,79.55,59.89002421,72.44,87.07936036,NA,TRUE,TRUE,-9.3627121999999993E-2,1.3412116E-2,NA,NA,-9.5140451000000001E-2,0.997481108,-9.4900802000000006E-2,No,No,NA,780,Alter et al. 2024,pecorino d barker mf dworjanyn sa byrne m lamare md,centrostephanus rodgersii,life stage,ph,79.55,72.44,59.890024,87.07936,150,150,NA,NA,NA,NA,NA,NA,NA,NA,NA,NA,NA,NA,NA,NA,NA,NA,NA,NA,NA,NA,not_matched_in_alter_sheet,NA,NA
Alter et al. 2024,1605_AltersInvert,58,NA,NA,Yes,NA,"Pecorino D, Barker MF, Dworjanyn SA, Byrne M, Lamare MD",NA,2014,NA,NA,NA,NA,Marine,NA,Zooplankton,Meroplankton,Echinoderm,Centrostephanus rodgersii,NA,NA,pH,NA,NA,NA,150,150,NA,468,14,1011,14,543,0,NA,NA,NA,58_Centrostephanus_rodgersii_EMBRYO_CO2468.00_pH8.10_T14.,3.0047511560000002,14,Normal,Development,NA,NA,NA,6.22,43.47844293,14.22,174.1587207,NA,TRUE,TRUE,0.82687951800000004,1.3257436339999999,NA,NA,6.3027661999999998E-2,0.997481108,6.2868902000000004E-2,No,No,NA,781,Alter et al. 2024,pecorino d barker mf dworjanyn sa byrne m lamare md,centrostephanus rodgersii,normal,ph,6.22,14.22,43.478443,174.158721,150,150,NA,NA,NA,NA,NA,NA,NA,NA,NA,NA,NA,NA,NA,NA,NA,NA,NA,NA,NA,NA,not_matched_in_alter_sheet,NA,NA
Alter et al. 2024,1616_AltersInvert,58,NA,NA,Yes,NA,"Pecorino D, Barker MF, Dworjanyn SA, Byrne M, Lamare MD",NA,2014,NA,NA,NA,NA,Marine,NA,Zooplankton,Meroplankton,Echinoderm,Centrostephanus rodgersii,NA,NA,pH,NA,NA,NA,150,150,NA,506,21,1109,21,603,0,NA,NA,NA,58_Centrostephanus_rodgersii_EMBRYO_CO2506.00_pH8.10_T21.,3.0449315459999999,21,Normal,Reproduction,NA,NA,NA,5.77,27.31181063,13.33,163.2584914,NA,TRUE,TRUE,0.83734505400000003,1.1493681840000001,NA,NA,6.4590299000000004E-2,0.997481108,6.4427603E-2,No,No,NA,782,Alter et al. 2024,pecorino d barker mf dworjanyn sa byrne m lamare md,centrostephanus rodgersii,normal,ph,5.77,13.33,27.311811,163.258491,150,150,NA,NA,NA,NA,NA,NA,NA,NA,NA,NA,NA,NA,NA,NA,NA,NA,NA,NA,NA,NA,not_matched_in_alter_sheet,NA,NA
Alter et al. 2024,1620_AltersInvert,58,NA,NA,Yes,NA,"Pecorino D, Barker MF, Dworjanyn SA, Byrne M, Lamare MD",NA,2014,NA,NA,NA,NA,Marine,NA,Zooplankton,Meroplankton,Echinoderm,Centrostephanus rodgersii,NA,NA,pH,NA,NA,NA,200,200,NA,468,14,1011,14,543,0,NA,NA,NA,58_Centrostephanus_rodgersii_EMBRYO_CO2468.00_pH8.10_T14.,3.0047511560000002,14,Fertilization,Reproduction,NA,NA,NA,97.98,42.85067094,95.45,48.22468248,NA,TRUE,TRUE,-2.6160826000000002E-2,2.2326479999999998E-3,NA,NA,-5.5461921999999997E-2,0.998114393,-5.5357343000000003E-2,No,No,NA,783,Alter et al. 2024,pecorino d barker mf dworjanyn sa byrne m lamare md,centrostephanus rodgersii,fertilization,ph,97.98,95.45,42.850671,48.224682,200,200,NA,NA,NA,NA,NA,NA,NA,NA,NA,NA,NA,NA,NA,NA,NA,NA,NA,NA,NA,NA,not_matched_in_alter_sheet,NA,NA
Alter et al. 2024,1621_AltersInvert,58,NA,NA,Yes,NA,"Pecorino D, Barker MF, Dworjanyn SA, Byrne M, Lamare MD",NA,2014,NA,NA,NA,NA,Marine,NA,Zooplankton,Meroplankton,Echinoderm,Centrostephanus rodgersii,NA,NA,pH,NA,NA,NA,200,200,NA,506,21,1109,21,603,0,NA,NA,NA,58_Centrostephanus_rodgersii_EMBRYO_CO2506.00_pH8.10_T21.,3.0449315459999999,21,Fertilization,Survival,NA,NA,NA,81.94,42.85067094,80.18,51.76021638,NA,TRUE,TRUE,-2.1713165E-2,3.4510679999999998E-3,NA,NA,-3.7041141E-2,0.998114393,-3.6971296000000001E-2,No,No,NA,784,Alter et al. 2024,pecorino d barker mf dworjanyn sa byrne m lamare md,centrostephanus rodgersii,fertilization,ph,81.94,80.18,42.850671,51.760216,200,200,NA,NA,NA,NA,NA,NA,NA,NA,NA,NA,NA,NA,NA,NA,NA,NA,NA,NA,NA,NA,not_matched_in_alter_sheet,NA,NA
Alter et al. 2024,1617_AltersInvert,58,NA,NA,Yes,NA,"Pecorino D, Barker MF, Dworjanyn SA, Byrne M, Lamare MD",NA,2014,NA,NA,NA,NA,Marine,NA,Zooplankton,Meroplankton,Echinoderm,Centrostephanus rodgersii,NA,NA,T,NA,NA,NA,150,150,NA,506,21,511,24,5,3,NA,NA,NA,58_Centrostephanus_rodgersii_EMBRYO_CO2506.00_pH8.10_T21.,2.7084209000000001,21,Normal,Reproduction,NA,NA,NA,5.77,27.31181063,12.44,152.358262,NA,TRUE,TRUE,0.76824500699999998,1.1493681840000001,NA,NA,6.0940597999999999E-2,0.997481108,6.0787095999999999E-2,No,No,NA,785,Alter et al. 2024,pecorino d barker mf dworjanyn sa byrne m lamare md,centrostephanus rodgersii,normal,t,5.77,12.44,27.311811,152.358262,150,150,NA,NA,NA,NA,NA,NA,NA,NA,NA,NA,NA,NA,NA,NA,NA,NA,NA,NA,NA,NA,not_matched_in_alter_sheet,NA,NA
Alter et al. 2024,1619_AltersInvert,58,NA,NA,Yes,NA,"Pecorino D, Barker MF, Dworjanyn SA, Byrne M, Lamare MD",NA,2014,NA,NA,NA,NA,Marine,NA,Zooplankton,Meroplankton,Echinoderm,Centrostephanus rodgersii,NA,NA,T,NA,NA,NA,150,150,NA,468,14,478,17,10,3,NA,NA,NA,58_Centrostephanus_rodgersii_EMBRYO_CO2468.00_pH8.10_T14.,2.6794278970000001,14,Normal,Reproduction,NA,NA,NA,6.22,43.47844293,9.33,114.2686965,NA,TRUE,TRUE,0.40546510800000002,1.3257436339999999,NA,NA,3.5973944000000001E-2,0.997481108,3.5883329999999998E-2,No,No,NA,786,Alter et al. 2024,pecorino d barker mf dworjanyn sa byrne m lamare md,centrostephanus rodgersii,normal,t,6.22,9.33,43.478443,114.268696,150,150,NA,NA,NA,NA,NA,NA,NA,NA,NA,NA,NA,NA,NA,NA,NA,NA,NA,NA,NA,NA,not_matched_in_alter_sheet,NA,NA
Alter et al. 2024,1624_AltersInvert,58,NA,NA,Yes,NA,"Pecorino D, Barker MF, Dworjanyn SA, Byrne M, Lamare MD",NA,2014,NA,NA,NA,NA,Marine,NA,Zooplankton,Meroplankton,Echinoderm,Centrostephanus rodgersii,NA,NA,T,NA,NA,NA,200,200,NA,468,14,478,17,10,3,NA,NA,NA,58_Centrostephanus_rodgersii_EMBRYO_CO2468.00_pH8.10_T14.,2.6794278970000001,14,Fertilization,Reproduction,NA,NA,NA,97.98,42.85067094,97.22,26.72863633,NA,TRUE,TRUE,-7.7869250000000001E-3,1.3342670000000001E-3,NA,NA,-2.1281754E-2,0.998114393,-2.1241625E-2,No,No,NA,787,Alter et al. 2024,pecorino d barker mf dworjanyn sa byrne m lamare md,centrostephanus rodgersii,fertilization,t,97.98,97.22,42.850671,26.728636,200,200,NA,NA,NA,NA,NA,NA,NA,NA,NA,NA,NA,NA,NA,NA,NA,NA,NA,NA,NA,NA,not_matched_in_alter_sheet,NA,NA
Alter et al. 2024,1625_AltersInvert,58,NA,NA,Yes,NA,"Pecorino D, Barker MF, Dworjanyn SA, Byrne M, Lamare MD",NA,2014,NA,NA,NA,NA,Marine,NA,Zooplankton,Meroplankton,Echinoderm,Centrostephanus rodgersii,NA,NA,T,NA,NA,NA,200,200,NA,506,21,511,24,5,3,NA,NA,NA,58_Centrostephanus_rodgersii_EMBRYO_CO2506.00_pH8.10_T21.,2.7084209000000001,21,developmental success,Development,NA,NA,NA,80.99,69.86214998,80.99,34.08254685,NA,FALSE,TRUE,0,4.6058770000000004E-3,NA,NA,0,0.998114393,0,No,No,NA,788,Alter et al. 2024,pecorino d barker mf dworjanyn sa byrne m lamare md,centrostephanus rodgersii,developmental success,t,80.99,80.99,69.86215,34.082547,200,200,NA,NA,NA,NA,NA,NA,NA,NA,NA,NA,NA,NA,NA,NA,NA,NA,NA,NA,NA,NA,not_matched_in_alter_sheet,NA,NA
Alter et al. 2024,1626_AltersInvert,58,NA,NA,Yes,NA,"Pecorino D, Barker MF, Dworjanyn SA, Byrne M, Lamare MD",NA,2014,NA,NA,NA,NA,Marine,NA,Zooplankton,Meroplankton,Echinoderm,Centrostephanus rodgersii,NA,NA,T,NA,NA,NA,150,150,NA,506,21,511,24,5,3,NA,NA,NA,58_Centrostephanus_rodgersii_EMBRYO_CO2506.00_pH8.10_T21.,2.7084209000000001,21,Life-stage,Reproduction,NA,NA,NA,79.55,59.89002421,82.66,38.0895655,NA,TRUE,TRUE,3.8350054000000001E-2,5.1942209999999997E-3,NA,NA,6.1967253999999999E-2,0.997481108,6.1811166000000001E-2,No,No,NA,789,Alter et al. 2024,pecorino d barker mf dworjanyn sa byrne m lamare md,centrostephanus rodgersii,life stage,t,79.55,82.66,59.890024,38.089566,150,150,NA,NA,NA,NA,NA,NA,NA,NA,NA,NA,NA,NA,NA,NA,NA,NA,NA,NA,NA,NA,not_matched_in_alter_sheet,NA,NA
Alter et al. 2024,1627_AltersInvert,58,NA,NA,Yes,NA,"Pecorino D, Barker MF, Dworjanyn SA, Byrne M, Lamare MD",NA,2013,NA,NA,NA,NA,Marine,NA,Zooplankton,Meroplankton,Echinoderm,Centrostephanus rodgersii,NA,NA,T,NA,NA,NA,150,150,NA,468,14,478,17,10,3,NA,NA,NA,58_Centrostephanus_rodgersii_EMBRYO_CO2468.00_pH8.10_T14.,2.6794278970000001,14,Life-stage,Reproduction,NA,NA,NA,76.88,70.79025357,81.33,54.37867229,NA,TRUE,TRUE,5.6269187999999998E-2,8.6326790000000007E-3,NA,NA,7.0500495999999996E-2,0.997481108,7.0322913000000001E-2,No,No,NA,790,Alter et al. 2024,pecorino d barker mf dworjanyn sa byrne m lamare md,centrostephanus rodgersii,life stage,t,76.88,81.33,70.790254,54.378672,150,150,NA,NA,NA,NA,NA,NA,NA,NA,NA,NA,NA,NA,NA,NA,NA,NA,NA,NA,NA,NA,not_matched_in_alter_sheet,NA,NA
Alter et al. 2024,1628_AltersInvert,58,NA,NA,Yes,NA,"Pecorino D, Barker MF, Dworjanyn SA, Byrne M, Lamare MD",NA,2013,NA,NA,NA,NA,Marine,NA,Zooplankton,Meroplankton,Echinoderm,Centrostephanus rodgersii,NA,NA,T,NA,NA,NA,200,200,NA,506,21,511,24,5,3,NA,NA,NA,58_Centrostephanus_rodgersii_EMBRYO_CO2506.00_pH8.10_T21.,2.7084209000000001,21,Fertilization,Reproduction,NA,NA,NA,81.94,42.85067094,90.15,67.88225099,NA,TRUE,TRUE,9.5487678000000006E-2,4.2023800000000004E-3,NA,NA,0.14463530799999999,0.998114393,0.14436258199999999,No,No,NA,791,Alter et al. 2024,pecorino d barker mf dworjanyn sa byrne m lamare md,centrostephanus rodgersii,fertilization,t,81.94,90.15,42.850671,67.882251,200,200,NA,NA,NA,NA,NA,NA,NA,NA,NA,NA,NA,NA,NA,NA,NA,NA,NA,NA,NA,NA,not_matched_in_alter_sheet,NA,NA
Alter et al. 2024,1706_AltersInvert,58,NA,NA,Yes,NA,"Pecorino D, Barker MF, Dworjanyn SA, Byrne M, Lamare MD",NA,2013,NA,NA,NA,NA,Marine,NA,Zooplankton,Meroplankton,Echinoderm,Centrostephanus rodgersii,NA,NA,T,NA,NA,NA,200,200,NA,468,14,478,17,10,3,NA,NA,NA,58_Centrostephanus_rodgersii_EMBRYO_CO2468.00_pH8.10_T14.,2.6794278970000001,14,developmental success,Development,NA,NA,NA,36.25,75.23616152,82.13,57.41707063,NA,FALSE,TRUE,0.81786397600000005,2.3981796E-2,NA,NA,0.68557073599999996,0.998114393,0.68427802000000004,No,No,NA,792,Alter et al. 2024,pecorino d barker mf dworjanyn sa byrne m lamare md,centrostephanus rodgersii,developmental success,t,36.25,82.13,75.236162,57.417071,200,200,NA,NA,NA,NA,NA,NA,NA,NA,NA,NA,NA,NA,NA,NA,NA,NA,NA,NA,NA,NA,not_matched_in_alter_sheet,NA,NA
Alter et al. 2024,1525_AltersInvert,58,NA,NA,Yes,NA,"Pecorino D, Barker MF, Dworjanyn SA, Byrne M, Lamare MD",NA,2014,NA,NA,NA,NA,Marine,NA,Zooplankton,Meroplankton,Echinoderm,Centrostephanus rodgersii,NA,NA,TpH,NA,NA,NA,150,150,NA,506,21,7145,24,6639,3,NA,NA,NA,58_Centrostephanus_rodgersii_EMBRYO_CO2506.00_pH8.10_T21.,3.8540022330000001,21,Life-stage,Reproduction,NA,NA,NA,79.55,59.89002421,0.44,5.388877434,NA,TRUE,TRUE,-5.1973663070000002,1.0037786559999999,NA,NA,-1.860548001,0.997481108,-1.855861483,No,No,NA,793,Alter et al. 2024,pecorino d barker mf dworjanyn sa byrne m lamare md,centrostephanus rodgersii,life stage,tph,79.55,0.44,59.890024,5.388877,150,150,NA,NA,NA,NA,NA,NA,NA,NA,NA,NA,NA,NA,NA,NA,NA,NA,NA,NA,NA,NA,not_matched_in_alter_sheet,NA,NA
Alter et al. 2024,1527_AltersInvert,58,NA,NA,Yes,NA,"Pecorino D, Barker MF, Dworjanyn SA, Byrne M, Lamare MD",NA,2014,NA,NA,NA,NA,Marine,NA,Zooplankton,Meroplankton,Echinoderm,Centrostephanus rodgersii,NA,NA,TpH,NA,NA,NA,200,200,NA,506,21,7145,24,6639,3,NA,NA,NA,58_Centrostephanus_rodgersii_EMBRYO_CO2506.00_pH8.10_T21.,3.8540022330000001,21,developmental success,Development,NA,NA,NA,80.99,69.86214998,4.31,42.9920923,NA,TRUE,FALSE,-2.9333877859999999,0.50121988799999995,NA,NA,-1.3219667960000001,0.998114393,-1.3194740869999999,No,No,NA,794,Alter et al. 2024,pecorino d barker mf dworjanyn sa byrne m lamare md,centrostephanus rodgersii,developmental success,tph,80.99,4.31,69.86215,42.992092,200,200,NA,NA,NA,NA,NA,NA,NA,NA,NA,NA,NA,NA,NA,NA,NA,NA,NA,NA,NA,NA,not_matched_in_alter_sheet,NA,NA
Alter et al. 2024,1530_AltersInvert,58,NA,NA,Yes,NA,"Pecorino D, Barker MF, Dworjanyn SA, Byrne M, Lamare MD",NA,2014,NA,NA,NA,NA,Marine,NA,Zooplankton,Meroplankton,Echinoderm,Centrostephanus rodgersii,NA,NA,TpH,NA,NA,NA,200,200,NA,506,21,7145,24,6639,3,NA,NA,NA,58_Centrostephanus_rodgersii_EMBRYO_CO2506.00_pH8.10_T21.,3.8540022330000001,21,Fertilization,Reproduction,NA,NA,NA,81.94,42.85067094,7.58,23.19310242,NA,TRUE,TRUE,-2.3804740720000002,4.8178539999999999E-2,NA,NA,-2.1582655320000002,0.998114393,-2.1541958920000002,No,No,NA,795,Alter et al. 2024,pecorino d barker mf dworjanyn sa byrne m lamare md,centrostephanus rodgersii,fertilization,tph,81.94,7.58,42.850671,23.193102,200,200,NA,NA,NA,NA,NA,NA,NA,NA,NA,NA,NA,NA,NA,NA,NA,NA,NA,NA,NA,NA,not_matched_in_alter_sheet,NA,NA
Alter et al. 2024,1570_AltersInvert,58,NA,NA,Yes,NA,"Pecorino D, Barker MF, Dworjanyn SA, Byrne M, Lamare MD",NA,2014,NA,NA,NA,NA,Marine,NA,Zooplankton,Meroplankton,Echinoderm,Centrostephanus rodgersii,NA,NA,TpH,NA,NA,NA,200,200,NA,468,14,6451,17,5983,3,NA,NA,NA,58_Centrostephanus_rodgersii_EMBRYO_CO2468.00_pH8.10_T14.,3.8096270419999998,14,developmental success,Development,NA,NA,NA,36.25,75.23616152,9.63,78.91311678,NA,TRUE,FALSE,-1.3255561549999999,0.35728794000000003,NA,NA,-0.345281281,0.998114393,-0.34463021700000002,No,No,NA,796,Alter et al. 2024,pecorino d barker mf dworjanyn sa byrne m lamare md,centrostephanus rodgersii,developmental success,tph,36.25,9.63,75.236162,78.913117,200,200,NA,NA,NA,NA,NA,NA,NA,NA,NA,NA,NA,NA,NA,NA,NA,NA,NA,NA,NA,NA,not_matched_in_alter_sheet,NA,NA
Alter et al. 2024,1571_AltersInvert,58,NA,NA,Yes,NA,"Pecorino D, Barker MF, Dworjanyn SA, Byrne M, Lamare MD",NA,2014,NA,NA,NA,NA,Marine,NA,Zooplankton,Meroplankton,Echinoderm,Centrostephanus rodgersii,NA,NA,TpH,NA,NA,NA,200,200,NA,468,14,6451,17,5983,3,NA,NA,NA,58_Centrostephanus_rodgersii_EMBRYO_CO2468.00_pH8.10_T14.,3.8096270419999998,14,Fertilization,Development,NA,NA,NA,97.98,42.85067094,27.27,85.70134188,NA,TRUE,TRUE,-1.278976179,5.0339052000000002E-2,NA,NA,-1.0436459849999999,0.998114393,-1.041678079,No,No,NA,797,Alter et al. 2024,pecorino d barker mf dworjanyn sa byrne m lamare md,centrostephanus rodgersii,fertilization,tph,97.98,27.27,42.850671,85.701342,200,200,NA,NA,NA,NA,NA,NA,NA,NA,NA,NA,NA,NA,NA,NA,NA,NA,NA,NA,NA,NA,not_matched_in_alter_sheet,NA,NA
Alter et al. 2024,1572_AltersInvert,58,NA,NA,Yes,NA,"Pecorino D, Barker MF, Dworjanyn SA, Byrne M, Lamare MD",NA,2014,NA,NA,NA,NA,Marine,NA,Zooplankton,Meroplankton,Echinoderm,Centrostephanus rodgersii,NA,NA,TpH,NA,NA,NA,150,150,NA,468,14,6451,17,5983,3,NA,NA,NA,58_Centrostephanus_rodgersii_EMBRYO_CO2468.00_pH8.10_T14.,3.8096270419999998,14,Life-stage,Reproduction,NA,NA,NA,76.88,70.79025357,21.77,76.30160549,NA,TRUE,TRUE,-1.261712889,8.7547696999999994E-2,NA,NA,-0.74880222900000004,0.997481108,-0.74691607699999996,No,No,NA,798,Alter et al. 2024,pecorino d barker mf dworjanyn sa byrne m lamare md,centrostephanus rodgersii,life stage,tph,76.88,21.77,70.790254,76.301605,150,150,NA,NA,NA,NA,NA,NA,NA,NA,NA,NA,NA,NA,NA,NA,NA,NA,NA,NA,NA,NA,not_matched_in_alter_sheet,NA,NA
Alter et al. 2024,1574_AltersInvert,58,NA,NA,Yes,NA,"Pecorino D, Barker MF, Dworjanyn SA, Byrne M, Lamare MD",NA,2014,NA,NA,NA,NA,Marine,NA,Zooplankton,Meroplankton,Echinoderm,Centrostephanus rodgersii,NA,NA,TpH,NA,NA,NA,150,150,NA,506,21,1867,24,1361,3,NA,NA,NA,58_Centrostephanus_rodgersii_EMBRYO_CO2506.00_pH8.10_T21.,3.2711443180000002,21,Life-stage,Growth,NA,NA,NA,79.55,59.89002421,47.55,59.89002421,NA,FALSE,TRUE,-0.51460396600000002,1.4354540000000001E-2,NA,NA,-0.53431269100000001,0.997481108,-0.53296681499999998,No,No,NA,799,Alter et al. 2024,pecorino d barker mf dworjanyn sa byrne m lamare md,centrostephanus rodgersii,life stage,tph,79.55,47.55,59.890024,59.890024,150,150,NA,NA,NA,NA,NA,NA,NA,NA,NA,NA,NA,NA,NA,NA,NA,NA,NA,NA,NA,NA,not_matched_in_alter_sheet,NA,NA
Alter et al. 2024,1575_AltersInvert,58,NA,NA,Yes,NA,"Pecorino D, Barker MF, Dworjanyn SA, Byrne M, Lamare MD",NA,2014,NA,NA,NA,NA,Marine,NA,Zooplankton,Meroplankton,Echinoderm,Centrostephanus rodgersii,NA,NA,TpH,NA,NA,NA,150,150,NA,506,21,7145,24,6639,3,NA,NA,NA,58_Centrostephanus_rodgersii_EMBRYO_CO2506.00_pH8.10_T21.,3.8540022330000001,21,Normal,Growth,NA,NA,NA,5.77,27.31181063,40.44,495.286826,NA,FALSE,FALSE,1.947147314,1.1493681840000001,NA,NA,9.8844557999999999E-2,0.997481108,9.8595579000000003E-2,No,No,NA,800,Alter et al. 2024,pecorino d barker mf dworjanyn sa byrne m lamare md,centrostephanus rodgersii,normal,tph,5.77,40.44,27.311811,495.286826,150,150,NA,NA,NA,NA,NA,NA,NA,NA,NA,NA,NA,NA,NA,NA,NA,NA,NA,NA,NA,NA,not_matched_in_alter_sheet,NA,NA
Alter et al. 2024,1578_AltersInvert,58,NA,NA,Yes,NA,"Pecorino D, Barker MF, Dworjanyn SA, Byrne M, Lamare MD",NA,2014,NA,NA,NA,NA,Marine,NA,Zooplankton,Meroplankton,Echinoderm,Centrostephanus rodgersii,NA,NA,TpH,NA,NA,NA,150,150,NA,506,21,1867,24,1361,3,NA,NA,NA,58_Centrostephanus_rodgersii_EMBRYO_CO2506.00_pH8.10_T21.,3.2711443180000002,21,Normal,Development,NA,NA,NA,5.77,27.31181063,33.77,413.5963431,NA,FALSE,FALSE,1.7669007539999999,1.1493681840000001,NA,NA,9.5532579000000006E-2,0.997481108,9.5291943000000004E-2,No,No,NA,801,Alter et al. 2024,pecorino d barker mf dworjanyn sa byrne m lamare md,centrostephanus rodgersii,normal,tph,5.77,33.77,27.311811,413.596343,150,150,NA,NA,NA,NA,NA,NA,NA,NA,NA,NA,NA,NA,NA,NA,NA,NA,NA,NA,NA,NA,not_matched_in_alter_sheet,NA,NA
Alter et al. 2024,1580_AltersInvert,58,NA,NA,Yes,NA,"Pecorino D, Barker MF, Dworjanyn SA, Byrne M, Lamare MD",NA,2014,NA,NA,NA,NA,Marine,NA,Zooplankton,Meroplankton,Echinoderm,Centrostephanus rodgersii,NA,NA,TpH,NA,NA,NA,150,150,NA,468,14,6451,17,5983,3,NA,NA,NA,58_Centrostephanus_rodgersii_EMBRYO_CO2468.00_pH8.10_T14.,3.8096270419999998,14,Normal,Physiology,NA,NA,NA,6.22,43.47844293,29.77,364.6065482,NA,FALSE,FALSE,1.565731268,1.3257436339999999,NA,NA,9.0701687000000003E-2,0.997481108,9.0473218999999994E-2,No,No,NA,802,Alter et al. 2024,pecorino d barker mf dworjanyn sa byrne m lamare md,centrostephanus rodgersii,normal,tph,6.22,29.77,43.478443,364.606548,150,150,NA,NA,NA,NA,NA,NA,NA,NA,NA,NA,NA,NA,NA,NA,NA,NA,NA,NA,NA,NA,not_matched_in_alter_sheet,NA,NA
Alter et al. 2024,1582_AltersInvert,58,NA,NA,Yes,NA,"Pecorino D, Barker MF, Dworjanyn SA, Byrne M, Lamare MD",NA,2014,NA,NA,NA,NA,Marine,NA,Zooplankton,Meroplankton,Echinoderm,Centrostephanus rodgersii,NA,NA,TpH,NA,NA,NA,150,150,NA,468,14,1702,17,1234,3,NA,NA,NA,58_Centrostephanus_rodgersii_EMBRYO_CO2468.00_pH8.10_T14.,3.2309595560000002,14,Normal,Development,NA,NA,NA,6.22,43.47844293,27.1,331.9058601,NA,FALSE,FALSE,1.4717638209999999,1.3257436339999999,NA,NA,8.8213678000000004E-2,0.997481108,8.7991476999999998E-2,No,No,NA,803,Alter et al. 2024,pecorino d barker mf dworjanyn sa byrne m lamare md,centrostephanus rodgersii,normal,tph,6.22,27.1,43.478443,331.90586,150,150,NA,NA,NA,NA,NA,NA,NA,NA,NA,NA,NA,NA,NA,NA,NA,NA,NA,NA,NA,NA,not_matched_in_alter_sheet,NA,NA
Alter et al. 2024,1590_AltersInvert,58,NA,NA,Yes,NA,"Pecorino D, Barker MF, Dworjanyn SA, Byrne M, Lamare MD",NA,2014,NA,NA,NA,NA,Marine,NA,Zooplankton,Meroplankton,Echinoderm,Centrostephanus rodgersii,NA,NA,TpH,NA,NA,NA,150,150,NA,468,14,1702,17,1234,3,NA,NA,NA,58_Centrostephanus_rodgersii_EMBRYO_CO2468.00_pH8.10_T14.,3.2309595560000002,14,Life-stage,Physiology,NA,NA,NA,76.88,70.79025357,61.77,76.30160549,NA,FALSE,TRUE,-0.21882795499999999,1.5824688999999999E-2,NA,NA,-0.20530578299999999,0.997481108,-0.20478863999999999,No,No,NA,804,Alter et al. 2024,pecorino d barker mf dworjanyn sa byrne m lamare md,centrostephanus rodgersii,life stage,tph,76.88,61.77,70.790254,76.301605,150,150,NA,NA,NA,NA,NA,NA,NA,NA,NA,NA,NA,NA,NA,NA,NA,NA,NA,NA,NA,NA,not_matched_in_alter_sheet,NA,NA
Alter et al. 2024,1594_AltersInvert,58,NA,NA,Yes,NA,"Pecorino D, Barker MF, Dworjanyn SA, Byrne M, Lamare MD",NA,2014,NA,NA,NA,NA,Marine,NA,Zooplankton,Meroplankton,Echinoderm,Centrostephanus rodgersii,NA,NA,TpH,NA,NA,NA,150,150,NA,506,21,1131,24,625,3,NA,NA,NA,58_Centrostephanus_rodgersii_EMBRYO_CO2506.00_pH8.10_T21.,3.053462605,21,Normal,Development,NA,NA,NA,5.77,27.31181063,21.77,266.6269585,NA,FALSE,TRUE,1.3278607950000001,1.1493681840000001,NA,NA,8.4423684999999998E-2,0.997481108,8.4211030000000006E-2,No,No,NA,805,Alter et al. 2024,pecorino d barker mf dworjanyn sa byrne m lamare md,centrostephanus rodgersii,normal,tph,5.77,21.77,27.311811,266.626958,150,150,NA,NA,NA,NA,NA,NA,NA,NA,NA,NA,NA,NA,NA,NA,NA,NA,NA,NA,NA,NA,not_matched_in_alter_sheet,NA,NA
Alter et al. 2024,1596_AltersInvert,58,NA,NA,Yes,NA,"Pecorino D, Barker MF, Dworjanyn SA, Byrne M, Lamare MD",NA,2014,NA,NA,NA,NA,Marine,NA,Zooplankton,Meroplankton,Echinoderm,Centrostephanus rodgersii,NA,NA,TpH,NA,NA,NA,200,200,NA,506,21,1867,24,1361,3,NA,NA,NA,58_Centrostephanus_rodgersii_EMBRYO_CO2506.00_pH8.10_T21.,3.2711443180000002,21,developmental success,Development,NA,NA,NA,80.99,69.86214998,67.68,60.95260454,NA,FALSE,TRUE,-0.17953497500000001,7.7758139999999998E-3,NA,NA,-0.20302352600000001,0.998114393,-0.20264070300000001,No,No,NA,806,Alter et al. 2024,pecorino d barker mf dworjanyn sa byrne m lamare md,centrostephanus rodgersii,developmental success,tph,80.99,67.68,69.86215,60.952605,200,200,NA,NA,NA,NA,NA,NA,NA,NA,NA,NA,NA,NA,NA,NA,NA,NA,NA,NA,NA,NA,not_matched_in_alter_sheet,NA,NA
Alter et al. 2024,1597_AltersInvert,58,NA,NA,Yes,NA,"Pecorino D, Barker MF, Dworjanyn SA, Byrne M, Lamare MD",NA,2014,NA,NA,NA,NA,Marine,NA,Zooplankton,Meroplankton,Echinoderm,Centrostephanus rodgersii,NA,NA,TpH,NA,NA,NA,150,150,NA,506,21,1131,24,625,3,NA,NA,NA,58_Centrostephanus_rodgersii_EMBRYO_CO2506.00_pH8.10_T21.,3.053462605,21,Life-stage,Reproduction,NA,NA,NA,79.55,59.89002421,66.66,65.40137613,NA,FALSE,TRUE,-0.17678068199999999,1.0195948999999999E-2,NA,NA,-0.20556155000000001,0.997481108,-0.20504376199999999,No,No,NA,807,Alter et al. 2024,pecorino d barker mf dworjanyn sa byrne m lamare md,centrostephanus rodgersii,life stage,tph,79.55,66.66,59.890024,65.401376,150,150,NA,NA,NA,NA,NA,NA,NA,NA,NA,NA,NA,NA,NA,NA,NA,NA,NA,NA,NA,NA,not_matched_in_alter_sheet,NA,NA
Alter et al. 2024,1598_AltersInvert,58,NA,NA,Yes,NA,"Pecorino D, Barker MF, Dworjanyn SA, Byrne M, Lamare MD",NA,2014,NA,NA,NA,NA,Marine,NA,Zooplankton,Meroplankton,Echinoderm,Centrostephanus rodgersii,NA,NA,TpH,NA,NA,NA,200,200,NA,506,21,1867,24,1361,3,NA,NA,NA,58_Centrostephanus_rodgersii_EMBRYO_CO2506.00_pH8.10_T21.,3.2711443180000002,21,Fertilization,Reproduction,NA,NA,NA,81.94,42.85067094,68.69,76.79179644,NA,FALSE,TRUE,-0.17638364400000001,7.6164229999999998E-3,NA,NA,-0.21308475399999999,0.998114393,-0.21268296,No,No,NA,808,Alter et al. 2024,pecorino d barker mf dworjanyn sa byrne m lamare md,centrostephanus rodgersii,fertilization,tph,81.94,68.69,42.850671,76.791796,200,200,NA,NA,NA,NA,NA,NA,NA,NA,NA,NA,NA,NA,NA,NA,NA,NA,NA,NA,NA,NA,not_matched_in_alter_sheet,NA,NA
Alter et al. 2024,1600_AltersInvert,58,NA,NA,Yes,NA,"Pecorino D, Barker MF, Dworjanyn SA, Byrne M, Lamare MD",NA,2014,NA,NA,NA,NA,Marine,NA,Zooplankton,Meroplankton,Echinoderm,Centrostephanus rodgersii,NA,NA,TpH,NA,NA,NA,150,150,NA,468,14,1038,17,570,3,NA,NA,NA,58_Centrostephanus_rodgersii_EMBRYO_CO2468.00_pH8.10_T14.,3.016197354,14,Normal,Reproduction,NA,NA,NA,6.22,43.47844293,18.66,228.537393,NA,FALSE,TRUE,1.0986122890000001,1.3257436339999999,NA,NA,7.5623649000000001E-2,0.997481108,7.5433160999999999E-2,No,No,NA,809,Alter et al. 2024,pecorino d barker mf dworjanyn sa byrne m lamare md,centrostephanus rodgersii,normal,tph,6.22,18.66,43.478443,228.537393,150,150,NA,NA,NA,NA,NA,NA,NA,NA,NA,NA,NA,NA,NA,NA,NA,NA,NA,NA,NA,NA,not_matched_in_alter_sheet,NA,NA
Alter et al. 2024,1601_AltersInvert,58,NA,NA,Yes,NA,"Pecorino D, Barker MF, Dworjanyn SA, Byrne M, Lamare MD",NA,2014,NA,NA,NA,NA,Marine,NA,Zooplankton,Meroplankton,Echinoderm,Centrostephanus rodgersii,NA,NA,TpH,NA,NA,NA,200,200,NA,468,14,1702,17,1234,3,NA,NA,NA,58_Centrostephanus_rodgersii_EMBRYO_CO2468.00_pH8.10_T14.,3.2309595560000002,14,Fertilization,Reproduction,NA,NA,NA,97.98,42.85067094,85.86,82.16580797,NA,FALSE,TRUE,-0.132045313,5.5353340000000003E-3,NA,NA,-0.184963814,0.998114393,-0.18461504500000001,No,No,NA,810,Alter et al. 2024,pecorino d barker mf dworjanyn sa byrne m lamare md,centrostephanus rodgersii,fertilization,tph,97.98,85.86,42.850671,82.165808,200,200,NA,NA,NA,NA,NA,NA,NA,NA,NA,NA,NA,NA,NA,NA,NA,NA,NA,NA,NA,NA,not_matched_in_alter_sheet,NA,NA
Alter et al. 2024,1615_AltersInvert,58,NA,NA,Yes,NA,"Pecorino D, Barker MF, Dworjanyn SA, Byrne M, Lamare MD",NA,2014,NA,NA,NA,NA,Marine,NA,Zooplankton,Meroplankton,Echinoderm,Centrostephanus rodgersii,NA,NA,TpH,NA,NA,NA,200,200,NA,506,21,1131,24,625,3,NA,NA,NA,58_Centrostephanus_rodgersii_EMBRYO_CO2506.00_pH8.10_T21.,3.053462605,21,developmental success,Development,NA,NA,NA,80.99,69.86214998,74.27,82.44865069,NA,TRUE,TRUE,-8.6618588999999996E-2,9.8822500000000004E-3,NA,NA,-8.7940866000000006E-2,0.998114393,-8.7775043999999997E-2,No,No,NA,811,Alter et al. 2024,pecorino d barker mf dworjanyn sa byrne m lamare md,centrostephanus rodgersii,developmental success,tph,80.99,74.27,69.86215,82.448651,200,200,NA,NA,NA,NA,NA,NA,NA,NA,NA,NA,NA,NA,NA,NA,NA,NA,NA,NA,NA,NA,not_matched_in_alter_sheet,NA,NA
Alter et al. 2024,1618_AltersInvert,58,NA,NA,Yes,NA,"Pecorino D, Barker MF, Dworjanyn SA, Byrne M, Lamare MD",NA,2014,NA,NA,NA,NA,Marine,NA,Zooplankton,Meroplankton,Echinoderm,Centrostephanus rodgersii,NA,NA,TpH,NA,NA,NA,150,150,NA,468,14,1038,17,570,3,NA,NA,NA,58_Centrostephanus_rodgersii_EMBRYO_CO2468.00_pH8.10_T14.,3.016197354,14,Life-stage,Reproduction,NA,NA,NA,76.88,70.79025357,73.77,87.07936036,NA,TRUE,TRUE,-4.1293620000000003E-2,1.4941576999999999E-2,NA,NA,-3.9191533000000001E-2,0.997481108,-3.9092813999999997E-2,No,No,NA,812,Alter et al. 2024,pecorino d barker mf dworjanyn sa byrne m lamare md,centrostephanus rodgersii,life stage,tph,76.88,73.77,70.790254,87.07936,150,150,NA,NA,NA,NA,NA,NA,NA,NA,NA,NA,NA,NA,NA,NA,NA,NA,NA,NA,NA,NA,not_matched_in_alter_sheet,NA,NA
Alter et al. 2024,1622_AltersInvert,58,NA,NA,Yes,NA,"Pecorino D, Barker MF, Dworjanyn SA, Byrne M, Lamare MD",NA,2014,NA,NA,NA,NA,Marine,NA,Zooplankton,Meroplankton,Echinoderm,Centrostephanus rodgersii,NA,NA,TpH,NA,NA,NA,200,200,NA,506,21,1131,24,625,3,NA,NA,NA,58_Centrostephanus_rodgersii_EMBRYO_CO2506.00_pH8.10_T21.,3.053462605,21,Fertilization,Survival,NA,NA,NA,81.94,42.85067094,80.81,57.13422792,NA,TRUE,TRUE,-1.3886552E-2,3.8667739999999999E-3,NA,NA,-2.2376238E-2,0.998114393,-2.2334045E-2,No,No,NA,813,Alter et al. 2024,pecorino d barker mf dworjanyn sa byrne m lamare md,centrostephanus rodgersii,fertilization,tph,81.94,80.81,42.850671,57.134228,200,200,NA,NA,NA,NA,NA,NA,NA,NA,NA,NA,NA,NA,NA,NA,NA,NA,NA,NA,NA,NA,not_matched_in_alter_sheet,NA,NA
Alter et al. 2024,1623_AltersInvert,58,NA,NA,Yes,NA,"Pecorino D, Barker MF, Dworjanyn SA, Byrne M, Lamare MD",NA,2014,NA,NA,NA,NA,Marine,NA,Zooplankton,Meroplankton,Echinoderm,Centrostephanus rodgersii,NA,NA,TpH,NA,NA,NA,200,200,NA,468,14,1038,17,570,3,NA,NA,NA,58_Centrostephanus_rodgersii_EMBRYO_CO2468.00_pH8.10_T14.,3.016197354,14,Fertilization,Reproduction,NA,NA,NA,97.98,42.85067094,96.72,73.25626253,NA,TRUE,TRUE,-1.294317E-2,3.8246510000000001E-3,NA,NA,-2.0996121999999999E-2,0.998114393,-2.0956531E-2,No,No,NA,814,Alter et al. 2024,pecorino d barker mf dworjanyn sa byrne m lamare md,centrostephanus rodgersii,fertilization,tph,97.98,96.72,42.850671,73.256263,200,200,NA,NA,NA,NA,NA,NA,NA,NA,NA,NA,NA,NA,NA,NA,NA,NA,NA,NA,NA,NA,not_matched_in_alter_sheet,NA,NA
Alter et al. 2024,1704_AltersInvert,58,NA,NA,Yes,NA,"Pecorino D, Barker MF, Dworjanyn SA, Byrne M, Lamare MD",NA,2013,NA,NA,NA,NA,Marine,NA,Zooplankton,Meroplankton,Echinoderm,Centrostephanus rodgersii,NA,NA,TpH,NA,NA,NA,200,200,NA,468,14,1702,17,1234,3,NA,NA,NA,58_Centrostephanus_rodgersii_EMBRYO_CO2468.00_pH8.10_T14.,3.2309595560000002,14,developmental success,Development,NA,NA,NA,36.25,75.23616152,63.75,78.91311678,NA,FALSE,TRUE,0.564529803,2.9199491000000001E-2,NA,NA,0.35669553900000001,0.998114393,0.35602295099999998,No,No,NA,815,Alter et al. 2024,pecorino d barker mf dworjanyn sa byrne m lamare md,centrostephanus rodgersii,developmental success,tph,36.25,63.75,75.236162,78.913117,200,200,NA,NA,NA,NA,NA,NA,NA,NA,NA,NA,NA,NA,NA,NA,NA,NA,NA,NA,NA,NA,not_matched_in_alter_sheet,NA,NA
Alter et al. 2024,1705_AltersInvert,58,NA,NA,Yes,NA,"Pecorino D, Barker MF, Dworjanyn SA, Byrne M, Lamare MD",NA,2013,NA,NA,NA,NA,Marine,NA,Zooplankton,Meroplankton,Echinoderm,Centrostephanus rodgersii,NA,NA,TpH,NA,NA,NA,200,200,NA,468,14,1038,17,570,3,NA,NA,NA,58_Centrostephanus_rodgersii_EMBRYO_CO2468.00_pH8.10_T14.,3.016197354,14,developmental success,Development,NA,NA,NA,36.25,75.23616152,72.24,80.61017306,NA,FALSE,TRUE,0.68955452800000006,2.7763879000000002E-2,NA,NA,0.46159086100000002,0.998114393,0.46072048300000001,No,No,NA,816,Alter et al. 2024,pecorino d barker mf dworjanyn sa byrne m lamare md,centrostephanus rodgersii,developmental success,tph,36.25,72.24,75.236162,80.610173,200,200,NA,NA,NA,NA,NA,NA,NA,NA,NA,NA,NA,NA,NA,NA,NA,NA,NA,NA,NA,NA,not_matched_in_alter_sheet,NA,NA
Alter et al. 2024,769_AltersInvert,74,NA,NA,Yes,NA,"Pitts KA, Campbell JE, Figueiredo J, Fogarty ND",NA,2017,NA,NA,NA,NA,Marine,NA,Zooplankton,Meroplankton,Cnidaria,Orbicella faveolata,NA,NA,pH,NA,NA,NA,3,3,NA,419,28.3,641,28.3,222,0,NA,NA,NA,74_Orbicella_faveolata_POSTLARVA_CO2419.00_pH8.15_T28.3,2.8068580299999999,28.3,Settlement,Development,NA,NA,NA,18.3,1.212435565,7.51,1.177794549,NA,FALSE,TRUE,-0.890665594,9.6617339999999999E-3,NA,NA,-9.0274714120000006,0.8,-7.22197713,No,No,NA,862,Alter et al. 2024,pitts ka campbell je figueiredo j fogarty nd,orbicella faveolata,settlement,ph,18.3,7.51,1.212436,1.177795,3,3,NA,NA,NA,NA,NA,NA,NA,NA,NA,NA,NA,NA,NA,NA,NA,NA,NA,NA,NA,NA,not_matched_in_alter_sheet,NA,NA
Alter et al. 2024,771_AltersInvert,74,NA,NA,Yes,NA,"Pitts KA, Campbell JE, Figueiredo J, Fogarty ND",NA,2017,NA,NA,NA,NA,Marine,NA,Zooplankton,Meroplankton,Cnidaria,Orbicella faveolata,NA,NA,pH,NA,NA,NA,3,3,NA,419,28.3,641,28.3,222,0,NA,NA,NA,74_Orbicella_faveolata_LARVA_CO2419.00_pH8.15_T28.3,2.8068580299999999,28.3,Survival,Survival,NA,NA,NA,56.2,2.771281292,53.7,2.771281292,NA,TRUE,TRUE,-4.5503755E-2,1.6982779999999999E-3,NA,NA,-0.90210979599999996,0.8,-0.72168783599999997,No,No,NA,863,Alter et al. 2024,pitts ka campbell je figueiredo j fogarty nd,orbicella faveolata,survival,ph,56.2,53.7,2.771281,2.771281,3,3,NA,NA,NA,NA,NA,NA,NA,NA,NA,NA,NA,NA,NA,NA,NA,NA,NA,NA,NA,NA,not_matched_in_alter_sheet,NA,NA
Alter et al. 2024,1720_AltersInvert,74,NA,NA,Yes,NA,"Pitts KA, Campbell JE, Figueiredo J, Fogarty ND",NA,2020,NA,NA,NA,NA,Marine,NA,Zooplankton,Meroplankton,Cnidaria,Orbicella faveolata,NA,NA,pH,NA,NA,NA,3,3,NA,419,28.3,641,28.3,222,0,NA,NA,NA,74_Orbicella_faveolata_EMBRYO_CO2419.00_pH8.15_T28.3,2.8068580299999999,28.3,Fertilization,Reproduction,NA,NA,NA,88.07,2.823242816,66.66,18.70614872,NA,FALSE,TRUE,-0.27852687999999998,2.6591796000000001E-2,NA,NA,-1.6005028750000001,0.8,-1.2804023,No,No,NA,864,Alter et al. 2024,pitts ka campbell je figueiredo j fogarty nd,orbicella faveolata,fertilization,ph,88.07,66.66,2.823243,18.706149,3,3,NA,NA,NA,NA,NA,NA,NA,NA,NA,NA,NA,NA,NA,NA,NA,NA,NA,NA,NA,NA,not_matched_in_alter_sheet,NA,NA
Alter et al. 2024,767_AltersInvert,74,NA,NA,Yes,NA,"Pitts KA, Campbell JE, Figueiredo J, Fogarty ND",NA,2017,NA,NA,NA,NA,Marine,NA,Zooplankton,Meroplankton,Cnidaria,Orbicella faveolata,NA,NA,T,NA,NA,NA,3,3,NA,419,28.3,415,29.9,-4,1.5999999999999979,NA,NA,NA,74_Orbicella_faveolata_LARVA_CO2419.00_pH8.15_T28.3,2.618048097,28.3,Survival,Survival,NA,NA,NA,56.2,2.771281292,8.3,2.078460969,NA,TRUE,TRUE,-1.912661242,2.1713415E-2,NA,NA,-19.555093110000001,0.8,-15.644074489999999,No,Yes,NA,865,Alter et al. 2024,pitts ka campbell je figueiredo j fogarty nd,orbicella faveolata,survival,t,56.2,8.3,2.771281,2.078461,3,3,NA,NA,NA,NA,NA,NA,NA,NA,NA,NA,NA,NA,NA,NA,NA,NA,NA,NA,NA,NA,not_matched_in_alter_sheet,NA,NA
Alter et al. 2024,1721_AltersInvert,74,NA,NA,Yes,NA,"Pitts KA, Campbell JE, Figueiredo J, Fogarty ND",NA,2020,NA,NA,NA,NA,Marine,NA,Zooplankton,Meroplankton,Cnidaria,Orbicella faveolata,NA,NA,T,NA,NA,NA,3,3,NA,419,28.3,415,29.9,-4,1.5999999999999979,NA,NA,NA,74_Orbicella_faveolata_EMBRYO_CO2419.00_pH8.15_T28.3,2.618048097,28.3,Fertilization,Reproduction,NA,NA,NA,88.07,2.823242816,86.99,6.096818843,NA,TRUE,TRUE,-1.2338783000000001E-2,1.979916E-3,NA,NA,-0.22732585699999999,0.8,-0.18186068499999999,No,No,NA,866,Alter et al. 2024,pitts ka campbell je figueiredo j fogarty nd,orbicella faveolata,fertilization,t,88.07,86.99,2.823243,6.096819,3,3,NA,NA,NA,NA,NA,NA,NA,NA,NA,NA,NA,NA,NA,NA,NA,NA,NA,NA,NA,NA,not_matched_in_alter_sheet,NA,NA
Alter et al. 2024,768_AltersInvert,74,NA,NA,Yes,NA,"Pitts KA, Campbell JE, Figueiredo J, Fogarty ND",NA,2017,NA,NA,NA,NA,Marine,NA,Zooplankton,Meroplankton,Cnidaria,Orbicella faveolata,NA,NA,TpH,NA,NA,NA,3,3,NA,419,28.3,647,29.9,228,1.5999999999999979,NA,NA,NA,74_Orbicella_faveolata_POSTLARVA_CO2419.00_pH8.15_T28.3,2.810904281,28.3,Settlement,Development,NA,NA,NA,18.3,1.212435565,5.97,0.952627944,NA,TRUE,FALSE,-1.1201541319999999,9.9506070000000002E-3,NA,NA,-11.30883354,0.8,-9.0470668340000007,No,No,NA,867,Alter et al. 2024,pitts ka campbell je figueiredo j fogarty nd,orbicella faveolata,settlement,tph,18.3,5.97,1.212436,0.952628,3,3,NA,NA,NA,NA,NA,NA,NA,NA,NA,NA,NA,NA,NA,NA,NA,NA,NA,NA,NA,NA,not_matched_in_alter_sheet,NA,NA
Alter et al. 2024,770_AltersInvert,74,NA,NA,Yes,NA,"Pitts KA, Campbell JE, Figueiredo J, Fogarty ND",NA,2017,NA,NA,NA,NA,Marine,NA,Zooplankton,Meroplankton,Cnidaria,Orbicella faveolata,NA,NA,TpH,NA,NA,NA,3,3,NA,419,28.3,647,29.9,228,1.5999999999999979,NA,NA,NA,74_Orbicella_faveolata_LARVA_CO2419.00_pH8.15_T28.3,2.810904281,28.3,Survival,Survival,NA,NA,NA,56.2,2.771281292,34.7,2.771281292,NA,FALSE,TRUE,-0.48217706999999999,2.9366140000000002E-3,NA,NA,-7.7581442420000002,0.8,-6.2065153940000002,No,No,NA,868,Alter et al. 2024,pitts ka campbell je figueiredo j fogarty nd,orbicella faveolata,survival,tph,56.2,34.7,2.771281,2.771281,3,3,NA,NA,NA,NA,NA,NA,NA,NA,NA,NA,NA,NA,NA,NA,NA,NA,NA,NA,NA,NA,not_matched_in_alter_sheet,NA,NA
Alter et al. 2024,1722_AltersInvert,74,NA,NA,Yes,NA,"Pitts KA, Campbell JE, Figueiredo J, Fogarty ND",NA,2020,NA,NA,NA,NA,Marine,NA,Zooplankton,Meroplankton,Cnidaria,Orbicella faveolata,NA,NA,TpH,NA,NA,NA,3,3,NA,419,28.3,647,29.9,228,1.5999999999999979,NA,NA,NA,74_Orbicella_faveolata_EMBRYO_CO2419.00_pH8.15_T28.3,2.810904281,28.3,Fertilization,Reproduction,NA,NA,NA,88.07,2.823242816,88.61,2.823242816,NA,TRUE,TRUE,6.112765E-3,6.8092999999999995E-4,NA,NA,0.191269414,0.8,0.15301553100000001,No,No,NA,869,Alter et al. 2024,pitts ka campbell je figueiredo j fogarty nd,orbicella faveolata,fertilization,tph,88.07,88.61,2.823243,2.823243,3,3,NA,NA,NA,NA,NA,NA,NA,NA,NA,NA,NA,NA,NA,NA,NA,NA,NA,NA,NA,NA,not_matched_in_alter_sheet,NA,NA
Alter et al. 2024,208_AltersInvert,10,NA,NA,Yes,NA,"Putnam HM, Mayfield AB, Fan TY, Chen CS, Gates RD",NA,2013,NA,NA,NA,NA,Marine,NA,Zooplankton,Meroplankton,Cnidaria,Pocillopora damicornisÂ ,NA,NA,pH,NA,NA,NA,4,4,NA,420,25.3,607,25.5,187,0.1999999999999993,NA,NA,NA,10_Pocillopora_damicornisÂ _LARVA_CO2420.00_pH8.03_T25.3,2.7831886909999999,25.3,Survival,Survival,NA,NA,NA,87.18,3.3,72.52,16.7,NA,FALSE,TRUE,-0.18411256100000001,1.3615577E-2,NA,NA,-1.2179087879999999,0.869565217,-1.0590511199999999,No,No,NA,879,Alter et al. 2024,putnam hm mayfield ab fan ty chen cs gates rd,pocillopora damicornis,survival,ph,87.18,72.52,3.3,16.7,4,4,NA,NA,NA,NA,NA,NA,NA,NA,NA,NA,NA,NA,NA,NA,NA,NA,NA,NA,NA,NA,not_matched_in_alter_sheet,NA,NA
Alter et al. 2024,211_AltersInvert,10,NA,NA,Yes,NA,"Putnam HM, Mayfield AB, Fan TY, Chen CS, Gates RD",NA,2013,NA,NA,NA,NA,Marine,NA,Zooplankton,Meroplankton,Cnidaria,Pocillopora damicornisÂ ,NA,NA,pH,NA,NA,NA,3,3,NA,420,25.3,607,25.5,187,0.1999999999999993,NA,NA,NA,10_Pocillopora_damicornisÂ _LARVA_CO2420.00_pH8.03_T25.3,2.7831886909999999,25.3,Oxygen consumption rate,Physiology,NA,NA,NA,0.1,0.017320508,0.09,0.017320508,NA,FALSE,TRUE,-0.105360516,2.2345679E-2,NA,NA,-0.57735026899999997,0.8,-0.46188021499999998,No,No,NA,880,Alter et al. 2024,putnam hm mayfield ab fan ty chen cs gates rd,pocillopora damicornis,oxygen consumption rate,ph,0.1,0.09,0.017321,0.017321,3,3,NA,NA,NA,NA,NA,NA,NA,NA,NA,NA,NA,NA,NA,NA,NA,NA,NA,NA,NA,NA,not_matched_in_alter_sheet,NA,NA
Alter et al. 2024,213_AltersInvert,10,NA,NA,Yes,NA,"Putnam HM, Mayfield AB, Fan TY, Chen CS, Gates RD",NA,2013,NA,NA,NA,NA,Marine,NA,Zooplankton,Meroplankton,Cnidaria,Pocillopora damicornisÂ ,NA,NA,pH,NA,NA,NA,3,3,NA,420,25.3,607,25.5,187,0.1999999999999993,NA,NA,NA,10_Pocillopora_damicornisÂ _LARVA_CO2420.00_pH8.03_T25.3,2.7831886909999999,25.3,Heat shock protein 70,Physiology,NA,NA,NA,2.94,1.368320138,2.74,0.571576766,NA,TRUE,TRUE,-7.0451660999999999E-2,8.6709013000000001E-2,NA,NA,-0.190735872,0.8,-0.152588697,No,No,NA,881,Alter et al. 2024,putnam hm mayfield ab fan ty chen cs gates rd,pocillopora damicornis,heat shock protein 70,ph,2.94,2.74,1.36832,0.571577,3,3,NA,NA,NA,NA,NA,NA,NA,NA,NA,NA,NA,NA,NA,NA,NA,NA,NA,NA,NA,NA,not_matched_in_alter_sheet,NA,NA
Alter et al. 2024,219_AltersInvert,10,NA,NA,Yes,NA,"Putnam HM, Mayfield AB, Fan TY, Chen CS, Gates RD",NA,2014,NA,NA,NA,NA,Marine,NA,Zooplankton,Meroplankton,Cnidaria,Pocillopora damicornisÂ ,NA,NA,pH,NA,NA,NA,3,3,NA,420,25.3,607,25.5,187,0.1999999999999993,NA,NA,NA,10_Pocillopora_damicornisÂ _LARVA_CO2420.00_pH8.03_T25.3,2.7831886909999999,25.3,Length,Growth,NA,NA,NA,0.58,0.034641016,0.68,0.034641016,NA,FALSE,TRUE,0.15906469500000001,2.0541130000000002E-3,NA,NA,2.8867513460000001,0.8,2.309401077,No,No,NA,882,Alter et al. 2024,putnam hm mayfield ab fan ty chen cs gates rd,pocillopora damicornis,length,ph,0.58,0.68,0.034641,0.034641,3,3,NA,NA,NA,NA,NA,NA,NA,NA,NA,NA,NA,NA,NA,NA,NA,NA,NA,NA,NA,NA,not_matched_in_alter_sheet,NA,NA
Alter et al. 2024,220_AltersInvert,10,NA,NA,Yes,NA,"Putnam HM, Mayfield AB, Fan TY, Chen CS, Gates RD",NA,2014,NA,NA,NA,NA,Marine,NA,Zooplankton,Meroplankton,Cnidaria,Pocillopora damicornisÂ ,NA,NA,pH,NA,NA,NA,3,3,NA,420,25.3,607,25.5,187,0.1999999999999993,NA,NA,NA,10_Pocillopora_damicornisÂ _LARVA_CO2420.00_pH8.03_T25.3,2.7831886909999999,25.3,RNA/DNA ratio,Physiology,NA,NA,NA,0.96,0.744781847,1.37,0.277128129,NA,FALSE,FALSE,0.35563273400000001,0.21426885200000001,NA,NA,0.72964595200000004,0.8,0.58371676100000003,No,No,NA,883,Alter et al. 2024,putnam hm mayfield ab fan ty chen cs gates rd,pocillopora damicornis,rna dna ratio,ph,0.96,1.37,0.744782,0.277128,3,3,NA,NA,NA,NA,NA,NA,NA,NA,NA,NA,NA,NA,NA,NA,NA,NA,NA,NA,NA,NA,not_matched_in_alter_sheet,NA,NA
Alter et al. 2024,207_AltersInvert,10,NA,NA,Yes,NA,"Putnam HM, Mayfield AB, Fan TY, Chen CS, Gates RD",NA,2013,NA,NA,NA,NA,Marine,NA,Zooplankton,Meroplankton,Cnidaria,Pocillopora damicornisÂ ,NA,NA,T,NA,NA,NA,3,4,NA,420,25.3,413,29,-7,3.6999999999999993,NA,NA,NA,10_Pocillopora_damicornisÂ _LARVA_CO2420.00_pH8.03_T25.3,2.6159500520000001,25.3,Oxygen consumption rate,Physiology,NA,NA,NA,0.1,0.017320508,0.08,0.02,NA,FALSE,TRUE,-0.223143551,2.5624999999999998E-2,NA,NA,-1.054092553,0.842105263,-0.88765688700000001,No,No,NA,884,Alter et al. 2024,putnam hm mayfield ab fan ty chen cs gates rd,pocillopora damicornis,oxygen consumption rate,t,0.1,0.08,0.017321,0.02,3,4,NA,NA,NA,NA,NA,NA,NA,NA,NA,NA,NA,NA,NA,NA,NA,NA,NA,NA,NA,NA,not_matched_in_alter_sheet,NA,NA
Alter et al. 2024,209_AltersInvert,10,NA,NA,Yes,NA,"Putnam HM, Mayfield AB, Fan TY, Chen CS, Gates RD",NA,2013,NA,NA,NA,NA,Marine,NA,Zooplankton,Meroplankton,Cnidaria,Pocillopora damicornisÂ ,NA,NA,T,NA,NA,NA,4,4,NA,420,25.3,413,29,-7,3.6999999999999993,NA,NA,NA,10_Pocillopora_damicornisÂ _LARVA_CO2420.00_pH8.03_T25.3,2.6159500520000001,25.3,Survival,Survival,NA,NA,NA,87.18,3.3,73.88,1.56,NA,FALSE,TRUE,-0.16553279100000001,4.6967100000000001E-4,NA,NA,-5.1529490200000003,0.869565217,-4.4808252350000002,No,No,NA,885,Alter et al. 2024,putnam hm mayfield ab fan ty chen cs gates rd,pocillopora damicornis,survival,t,87.18,73.88,3.3,1.56,4,4,NA,NA,NA,NA,NA,NA,NA,NA,NA,NA,NA,NA,NA,NA,NA,NA,NA,NA,NA,NA,not_matched_in_alter_sheet,NA,NA
Alter et al. 2024,210_AltersInvert,10,NA,NA,Yes,NA,"Putnam HM, Mayfield AB, Fan TY, Chen CS, Gates RD",NA,2013,NA,NA,NA,NA,Marine,NA,Zooplankton,Meroplankton,Cnidaria,Pocillopora damicornisÂ ,NA,NA,T,NA,NA,NA,3,4,NA,420,25.3,413,29,-7,3.6999999999999993,NA,NA,NA,10_Pocillopora_damicornisÂ _LARVA_CO2420.00_pH8.03_T25.3,2.6159500520000001,25.3,RNA/DNA ratio,Physiology,NA,NA,NA,0.96,0.744781847,0.82,0.44,NA,FALSE,FALSE,-0.15762894399999999,0.27261030400000003,NA,NA,-0.240793073,0.842105263,-0.202773114,No,No,NA,886,Alter et al. 2024,putnam hm mayfield ab fan ty chen cs gates rd,pocillopora damicornis,rna dna ratio,t,0.96,0.82,0.744782,0.44,3,4,NA,NA,NA,NA,NA,NA,NA,NA,NA,NA,NA,NA,NA,NA,NA,NA,NA,NA,NA,NA,not_matched_in_alter_sheet,NA,NA
Alter et al. 2024,215_AltersInvert,10,NA,NA,Yes,NA,"Putnam HM, Mayfield AB, Fan TY, Chen CS, Gates RD",NA,2013,NA,NA,NA,NA,Marine,NA,Zooplankton,Meroplankton,Cnidaria,Pocillopora damicornisÂ ,NA,NA,T,NA,NA,NA,3,4,NA,420,25.3,413,29,-7,3.6999999999999993,NA,NA,NA,10_Pocillopora_damicornisÂ _LARVA_CO2420.00_pH8.03_T25.3,2.6159500520000001,25.3,Heat shock protein 70,Physiology,NA,NA,NA,2.94,1.368320138,2.88,1.32,NA,TRUE,FALSE,-2.0619287E-2,0.124721073,NA,NA,-4.4791588E-2,0.842105263,-3.7719231999999998E-2,No,No,NA,887,Alter et al. 2024,putnam hm mayfield ab fan ty chen cs gates rd,pocillopora damicornis,heat shock protein 70,t,2.94,2.88,1.36832,1.32,3,4,NA,NA,NA,NA,NA,NA,NA,NA,NA,NA,NA,NA,NA,NA,NA,NA,NA,NA,NA,NA,not_matched_in_alter_sheet,NA,NA
Alter et al. 2024,216_AltersInvert,10,NA,NA,Yes,NA,"Putnam HM, Mayfield AB, Fan TY, Chen CS, Gates RD",NA,2014,NA,NA,NA,NA,Marine,NA,Zooplankton,Meroplankton,Cnidaria,Pocillopora damicornisÂ ,NA,NA,T,NA,NA,NA,3,4,NA,420,25.3,413,29,-7,3.6999999999999993,NA,NA,NA,10_Pocillopora_damicornisÂ _LARVA_CO2420.00_pH8.03_T25.3,2.6159500520000001,25.3,Length,Growth,NA,NA,NA,0.58,0.034641016,0.61,0.08,NA,TRUE,TRUE,5.0430853999999997E-2,5.4889800000000001E-3,NA,NA,0.45643546499999998,0.842105263,0.38436670699999997,No,No,NA,888,Alter et al. 2024,putnam hm mayfield ab fan ty chen cs gates rd,pocillopora damicornis,length,t,0.58,0.61,0.034641,0.08,3,4,NA,NA,NA,NA,NA,NA,NA,NA,NA,NA,NA,NA,NA,NA,NA,NA,NA,NA,NA,NA,not_matched_in_alter_sheet,NA,NA
Alter et al. 2024,206_AltersInvert,10,NA,NA,Yes,NA,"Putnam HM, Mayfield AB, Fan TY, Chen CS, Gates RD",NA,2013,NA,NA,NA,NA,Marine,NA,Zooplankton,Meroplankton,Cnidaria,Pocillopora damicornisÂ ,NA,NA,TpH,NA,NA,NA,3,4,NA,420,25.3,656,29.1,236,3.8000000000000007,NA,NA,NA,10_Pocillopora_damicornisÂ _LARVA_CO2420.00_pH8.03_T25.3,2.8169038390000001,25.3,Oxygen consumption rate,Physiology,NA,NA,NA,0.1,0.017320508,0.06,0.02,NA,FALSE,TRUE,-0.51082562399999998,3.7777777999999998E-2,NA,NA,-2.1081851070000002,0.842105263,-1.775313774,No,No,NA,889,Alter et al. 2024,putnam hm mayfield ab fan ty chen cs gates rd,pocillopora damicornis,oxygen consumption rate,tph,0.1,0.06,0.017321,0.02,3,4,NA,NA,NA,NA,NA,NA,NA,NA,NA,NA,NA,NA,NA,NA,NA,NA,NA,NA,NA,NA,not_matched_in_alter_sheet,NA,NA
Alter et al. 2024,212_AltersInvert,10,NA,NA,Yes,NA,"Putnam HM, Mayfield AB, Fan TY, Chen CS, Gates RD",NA,2013,NA,NA,NA,NA,Marine,NA,Zooplankton,Meroplankton,Cnidaria,Pocillopora damicornisÂ ,NA,NA,TpH,NA,NA,NA,3,5,NA,420,25.3,656,29.1,236,3.8000000000000007,NA,NA,NA,10_Pocillopora_damicornisÂ _LARVA_CO2420.00_pH8.03_T25.3,2.8169038390000001,25.3,RNA/DNA ratio,Physiology,NA,NA,NA,0.96,0.744781847,0.88,0.447213595,NA,TRUE,FALSE,-8.7011377000000001E-2,0.25228223300000002,NA,NA,-0.141813362,0.869565217,-0.123315967,No,No,NA,890,Alter et al. 2024,putnam hm mayfield ab fan ty chen cs gates rd,pocillopora damicornis,rna dna ratio,tph,0.96,0.88,0.744782,0.447214,3,5,NA,NA,NA,NA,NA,NA,NA,NA,NA,NA,NA,NA,NA,NA,NA,NA,NA,NA,NA,NA,not_matched_in_alter_sheet,NA,NA
Alter et al. 2024,214_AltersInvert,10,NA,NA,Yes,NA,"Putnam HM, Mayfield AB, Fan TY, Chen CS, Gates RD",NA,2013,NA,NA,NA,NA,Marine,NA,Zooplankton,Meroplankton,Cnidaria,Pocillopora damicornisÂ ,NA,NA,TpH,NA,NA,NA,4,4,NA,420,25.3,656,29.1,236,3.8000000000000007,NA,NA,NA,10_Pocillopora_damicornisÂ _LARVA_CO2420.00_pH8.03_T25.3,2.8169038390000001,25.3,Survival,Survival,NA,NA,NA,87.18,3.3,85.34,6.6,NA,TRUE,TRUE,-2.1331669000000001E-2,1.853487E-3,NA,NA,-0.35264187200000002,0.869565217,-0.306645106,No,No,NA,891,Alter et al. 2024,putnam hm mayfield ab fan ty chen cs gates rd,pocillopora damicornis,survival,tph,87.18,85.34,3.3,6.6,4,4,NA,NA,NA,NA,NA,NA,NA,NA,NA,NA,NA,NA,NA,NA,NA,NA,NA,NA,NA,NA,not_matched_in_alter_sheet,NA,NA
Alter et al. 2024,217_AltersInvert,10,NA,NA,Yes,NA,"Putnam HM, Mayfield AB, Fan TY, Chen CS, Gates RD",NA,2014,NA,NA,NA,NA,Marine,NA,Zooplankton,Meroplankton,Cnidaria,Pocillopora damicornisÂ ,NA,NA,TpH,NA,NA,NA,3,5,NA,420,25.3,656,29.1,236,3.8000000000000007,NA,NA,NA,10_Pocillopora_damicornisÂ _LARVA_CO2420.00_pH8.03_T25.3,2.8169038390000001,25.3,Length,Growth,NA,NA,NA,0.58,0.034641016,0.63,0.04472136,NA,TRUE,TRUE,8.2691715999999998E-2,2.196871E-3,NA,NA,1.200961154,0.869565217,1.0443140470000001,No,No,NA,892,Alter et al. 2024,putnam hm mayfield ab fan ty chen cs gates rd,pocillopora damicornis,length,tph,0.58,0.63,0.034641,0.044721,3,5,NA,NA,NA,NA,NA,NA,NA,NA,NA,NA,NA,NA,NA,NA,NA,NA,NA,NA,NA,NA,not_matched_in_alter_sheet,NA,NA
Alter et al. 2024,218_AltersInvert,10,NA,NA,Yes,NA,"Putnam HM, Mayfield AB, Fan TY, Chen CS, Gates RD",NA,2014,NA,NA,NA,NA,Marine,NA,Zooplankton,Meroplankton,Cnidaria,Pocillopora damicornisÂ ,NA,NA,TpH,NA,NA,NA,3,5,NA,420,25.3,656,29.1,236,3.8000000000000007,NA,NA,NA,10_Pocillopora_damicornisÂ _LARVA_CO2420.00_pH8.03_T25.3,2.8169038390000001,25.3,Heat shock protein 70,Physiology,NA,NA,NA,2.94,1.368320138,3.23,0.939148551,NA,TRUE,TRUE,9.4072556000000002E-2,8.9111761999999997E-2,NA,NA,0.26340788599999998,0.869565217,0.22905033499999999,No,No,NA,893,Alter et al. 2024,putnam hm mayfield ab fan ty chen cs gates rd,pocillopora damicornis,heat shock protein 70,tph,2.94,3.23,1.36832,0.939149,3,5,NA,NA,NA,NA,NA,NA,NA,NA,NA,NA,NA,NA,NA,NA,NA,NA,NA,NA,NA,NA,not_matched_in_alter_sheet,NA,NA
Alter et al. 2024,675_AltersInvert,52,NA,NA,Yes,NA,"Rivest EB, Chen CS, Fan TY, Li HH, Hofmann GE",NA,2017,NA,NA,NA,NA,Marine,NA,Zooplankton,Meroplankton,Cnidaria,Pocillopora damicornis,NA,NA,pH,NA,NA,NA,20,20,NA,459,28,1002,28.1,543,0.10000000000000142,NA,NA,NA,52_Pocillopora_damicornis_LARVA_CO2459.00_pH8.00_T28.,3.0008677220000002,28,Length,Growth,NA,NA,NA,-0.05,0.178885438,-0.07,0.178885438,NA,FALSE,FALSE,NA,0.96653061200000001,NA,NA,-0.111803399,0.98013245,-0.109582139,No,No,NA,894,Alter et al. 2024,rivest eb chen cs fan ty li hh hofmann ge,pocillopora damicornis,length,ph,-0.05,-0.07,0.178885,0.178885,20,20,NA,NA,NA,NA,NA,NA,NA,NA,NA,NA,NA,NA,NA,NA,NA,NA,NA,NA,NA,NA,not_matched_in_alter_sheet,NA,NA
Alter et al. 2024,676_AltersInvert,52,NA,NA,Yes,NA,"Rivest EB, Chen CS, Fan TY, Li HH, Hofmann GE",NA,2017,NA,NA,NA,NA,Marine,NA,Zooplankton,Meroplankton,Cnidaria,Pocillopora damicornis,NA,NA,pH,NA,NA,NA,4,4,NA,494,27.8,923,27.7,429,-0.10000000000000142,NA,NA,NA,52_Pocillopora_damicornis_LARVA_CO2494.00_pH7.97_T27.8,2.9652017009999998,27.8,Protein content,Physiology,NA,NA,NA,0.83,6.32,0.83,2.62,NA,FALSE,TRUE,0,16.98606474,NA,NA,0,0.869565217,0,No,No,NA,895,Alter et al. 2024,rivest eb chen cs fan ty li hh hofmann ge,pocillopora damicornis,protein content,ph,0.83,0.83,6.32,2.62,4,4,NA,NA,NA,NA,NA,NA,NA,NA,NA,NA,NA,NA,NA,NA,NA,NA,NA,NA,NA,NA,not_matched_in_alter_sheet,NA,NA
Alter et al. 2024,680_AltersInvert,52,NA,NA,Yes,NA,"Rivest EB, Chen CS, Fan TY, Li HH, Hofmann GE",NA,2013,NA,NA,NA,NA,Marine,NA,Zooplankton,Meroplankton,Cnidaria,Pocillopora damicornis,NA,NA,pH,NA,NA,NA,20,20,NA,494,27.8,923,27.7,429,-0.10000000000000142,NA,NA,NA,52_Pocillopora_damicornis_LARVA_CO2494.00_pH7.97_T27.8,2.9652017009999998,27.8,Length,Growth,NA,NA,NA,-0.39,0.268328157,-0.21,0.313049517,NA,FALSE,FALSE,NA,0.13477975,NA,NA,0.61739490699999999,0.98013245,0.60512878299999995,No,No,NA,896,Alter et al. 2024,rivest eb chen cs fan ty li hh hofmann ge,pocillopora damicornis,length,ph,-0.39,-0.21,0.268328,0.31305,20,20,NA,NA,NA,NA,NA,NA,NA,NA,NA,NA,NA,NA,NA,NA,NA,NA,NA,NA,NA,NA,not_matched_in_alter_sheet,NA,NA
Alter et al. 2024,681_AltersInvert,52,NA,NA,Yes,NA,"Rivest EB, Chen CS, Fan TY, Li HH, Hofmann GE",NA,2013,NA,NA,NA,NA,Marine,NA,Zooplankton,Meroplankton,Cnidaria,Pocillopora damicornis,NA,NA,pH,NA,NA,NA,4,4,NA,494,27.8,923,27.7,429,-0.10000000000000142,NA,NA,NA,52_Pocillopora_damicornis_LARVA_CO2494.00_pH7.97_T27.8,2.9652017009999998,27.8,Symbiont density,Physiology,NA,NA,NA,-1.24,4.66,-3.38,2.9,NA,TRUE,TRUE,NA,3.71479815,NA,NA,-0.55139258099999999,0.869565217,-0.47947181,No,No,NA,897,Alter et al. 2024,rivest eb chen cs fan ty li hh hofmann ge,pocillopora damicornis,symbiont density,ph,-1.24,-3.38,4.66,2.9,4,4,NA,NA,NA,NA,NA,NA,NA,NA,NA,NA,NA,NA,NA,NA,NA,NA,NA,NA,NA,NA,not_matched_in_alter_sheet,NA,NA
Alter et al. 2024,683_AltersInvert,52,NA,NA,Yes,NA,"Rivest EB, Chen CS, Fan TY, Li HH, Hofmann GE",NA,2013,NA,NA,NA,NA,Marine,NA,Zooplankton,Meroplankton,Cnidaria,Pocillopora damicornis,NA,NA,pH,NA,NA,NA,4,4,NA,459,28,1002,28.1,543,0.10000000000000142,NA,NA,NA,52_Pocillopora_damicornis_LARVA_CO2459.00_pH8.00_T28.,3.0008677220000002,28,Protein content,Physiology,NA,NA,NA,0.11,1.76,1.87,1.76,NA,TRUE,TRUE,2.8332133439999998,64.221453289999999,NA,NA,1,0.869565217,0.869565217,No,No,NA,898,Alter et al. 2024,rivest eb chen cs fan ty li hh hofmann ge,pocillopora damicornis,protein content,ph,0.11,1.87,1.76,1.76,4,4,NA,NA,NA,NA,NA,NA,NA,NA,NA,NA,NA,NA,NA,NA,NA,NA,NA,NA,NA,NA,not_matched_in_alter_sheet,NA,NA
Alter et al. 2024,684_AltersInvert,52,NA,NA,Yes,NA,"Rivest EB, Chen CS, Fan TY, Li HH, Hofmann GE",NA,2013,NA,NA,NA,NA,Marine,NA,Zooplankton,Meroplankton,Cnidaria,Pocillopora damicornis,NA,NA,T,NA,NA,NA,4,4,NA,459,28,496,30.6,37,2.6000000000000014,NA,NA,NA,52_Pocillopora_damicornis_LARVA_CO2459.00_pH8.00_T28.,2.695481676,28,Protein content,Physiology,NA,NA,NA,0.11,1.76,1.93,1.34,NA,TRUE,TRUE,2.8647949160000001,64.120513299999999,NA,NA,1.163562999,0.869565217,1.0117939119999999,No,No,NA,899,Alter et al. 2024,rivest eb chen cs fan ty li hh hofmann ge,pocillopora damicornis,protein content,t,0.11,1.93,1.76,1.34,4,4,NA,NA,NA,NA,NA,NA,NA,NA,NA,NA,NA,NA,NA,NA,NA,NA,NA,NA,NA,NA,not_matched_in_alter_sheet,NA,NA
Alter et al. 2024,677_AltersInvert,52,NA,NA,Yes,NA,"Rivest EB, Chen CS, Fan TY, Li HH, Hofmann GE",NA,2017,NA,NA,NA,NA,Marine,NA,Zooplankton,Meroplankton,Cnidaria,Pocillopora damicornis,NA,NA,T,NA,NA,NA,20,20,NA,494,27.8,487,30.5,-7,2.6999999999999993,NA,NA,NA,52_Pocillopora_damicornis_LARVA_CO2494.00_pH7.97_T27.8,2.6875289609999999,27.8,Length,Growth,NA,NA,NA,-0.39,0.268328157,-0.35,0.223606798,NA,FALSE,TRUE,NA,4.4076801999999998E-2,NA,NA,0.16195526599999999,0.98013245,0.158737612,No,No,NA,900,Alter et al. 2024,rivest eb chen cs fan ty li hh hofmann ge,pocillopora damicornis,length,t,-0.39,-0.35,0.268328,0.223607,20,20,NA,NA,NA,NA,NA,NA,NA,NA,NA,NA,NA,NA,NA,NA,NA,NA,NA,NA,NA,NA,not_matched_in_alter_sheet,NA,NA
Alter et al. 2024,678_AltersInvert,52,NA,NA,Yes,NA,"Rivest EB, Chen CS, Fan TY, Li HH, Hofmann GE",NA,2017,NA,NA,NA,NA,Marine,NA,Zooplankton,Meroplankton,Cnidaria,Pocillopora damicornis,NA,NA,TpH,NA,NA,NA,4,4,NA,494,27.8,900,30.4,406,2.599999999999998,NA,NA,NA,52_Pocillopora_damicornis_LARVA_CO2494.00_pH7.97_T27.8,2.9542425090000002,27.8,Symbiont density,Physiology,NA,NA,NA,-1.24,4.66,-1.43,0.86,NA,FALSE,TRUE,NA,3.6211822960000002,NA,NA,-5.6703534999999999E-2,0.869565217,-4.9307421999999997E-2,No,No,NA,901,Alter et al. 2024,rivest eb chen cs fan ty li hh hofmann ge,pocillopora damicornis,symbiont density,tph,-1.24,-1.43,4.66,0.86,4,4,NA,NA,NA,NA,NA,NA,NA,NA,NA,NA,NA,NA,NA,NA,NA,NA,NA,NA,NA,NA,not_matched_in_alter_sheet,NA,NA
Alter et al. 2024,679_AltersInvert,52,NA,NA,Yes,NA,"Rivest EB, Chen CS, Fan TY, Li HH, Hofmann GE",NA,2017,NA,NA,NA,NA,Marine,NA,Zooplankton,Meroplankton,Cnidaria,Pocillopora damicornis,NA,NA,TpH,NA,NA,NA,20,20,NA,494,27.8,900,30.4,406,2.599999999999998,NA,NA,NA,52_Pocillopora_damicornis_LARVA_CO2494.00_pH7.97_T27.8,2.9542425090000002,27.8,Length,Growth,NA,NA,NA,-0.39,0.268328157,-0.28,0.268328157,NA,FALSE,TRUE,NA,6.9587006000000007E-2,NA,NA,0.40994579599999997,0.98013245,0.40180117700000001,No,No,NA,902,Alter et al. 2024,rivest eb chen cs fan ty li hh hofmann ge,pocillopora damicornis,length,tph,-0.39,-0.28,0.268328,0.268328,20,20,NA,NA,NA,NA,NA,NA,NA,NA,NA,NA,NA,NA,NA,NA,NA,NA,NA,NA,NA,NA,not_matched_in_alter_sheet,NA,NA
Alter et al. 2024,682_AltersInvert,52,NA,NA,Yes,NA,"Rivest EB, Chen CS, Fan TY, Li HH, Hofmann GE",NA,2013,NA,NA,NA,NA,Marine,NA,Zooplankton,Meroplankton,Cnidaria,Pocillopora damicornis,NA,NA,TpH,NA,NA,NA,4,4,NA,459,28,1068,30.8,609,2.8000000000000007,NA,NA,NA,52_Pocillopora_damicornis_LARVA_CO2459.00_pH8.00_T28.,3.028571253,28,Protein content,Physiology,NA,NA,NA,0.11,1.76,0.87,0.92,NA,TRUE,TRUE,2.0680128459999998,64.279561369999996,NA,NA,0.54120292699999994,0.869565217,0.47061124100000001,No,No,NA,903,Alter et al. 2024,rivest eb chen cs fan ty li hh hofmann ge,pocillopora damicornis,protein content,tph,0.11,0.87,1.76,0.92,4,4,NA,NA,NA,NA,NA,NA,NA,NA,NA,NA,NA,NA,NA,NA,NA,NA,NA,NA,NA,NA,not_matched_in_alter_sheet,NA,NA
Alter et al. 2024,221_AltersInvert,11,NA,NA,Yes,NA,"Rivest EB, Hofmann GE",NA,2014,NA,NA,NA,NA,Marine,NA,Zooplankton,Meroplankton,Cnidaria,Pocillopora damicornis,NA,NA,pH,NA,NA,NA,6,6,NA,436,27.5,996,28.1,560,0.6000000000000014,NA,NA,NA,11_Pocillopora_damicornis_LARVA_CO2436.00_pH8.02_T27.5,2.998259338,27.5,Oxygen consumption rate,Physiology,NA,NA,NA,0.09,0.024494897,0.08,0,NA,FALSE,TRUE,-0.11778303599999999,1.2345679E-2,NA,NA,-0.57735026899999997,0.923076923,-0.53293871000000004,No,No,NA,904,Alter et al. 2024,rivest eb hofmann ge,pocillopora damicornis,oxygen consumption rate,ph,0.09,0.08,0.024495,0,6,6,NA,NA,NA,NA,NA,NA,NA,NA,NA,NA,NA,NA,NA,NA,NA,NA,NA,NA,NA,NA,not_matched_in_alter_sheet,NA,NA
Alter et al. 2024,224_AltersInvert,11,NA,NA,Yes,NA,"Rivest EB, Hofmann GE",NA,2015,NA,NA,NA,NA,Marine,NA,Zooplankton,Meroplankton,Cnidaria,Pocillopora damicornis,NA,NA,pH,NA,NA,NA,6,6,NA,436,27.5,996,28.1,560,0.6000000000000014,NA,NA,NA,11_Pocillopora_damicornis_LARVA_CO2436.00_pH8.02_T27.5,2.998259338,27.5,Enzyme activity,Physiology,NA,NA,NA,8271.34,1352.706216,9041.8,767.7435701,NA,TRUE,TRUE,8.9061741999999999E-2,5.6592609999999996E-3,NA,NA,0.70052756900000002,0.923076923,0.64664083299999997,No,No,NA,905,Alter et al. 2024,rivest eb hofmann ge,pocillopora damicornis,enzyme activity,ph,8271.34,9041.8,1352.706216,767.74357,6,6,NA,NA,NA,NA,NA,NA,NA,NA,NA,NA,NA,NA,NA,NA,NA,NA,NA,NA,NA,NA,not_matched_in_alter_sheet,NA,NA
Alter et al. 2024,222_AltersInvert,11,NA,NA,Yes,NA,"Rivest EB, Hofmann GE",NA,2015,NA,NA,NA,NA,Marine,NA,Zooplankton,Meroplankton,Cnidaria,Pocillopora damicornis,NA,NA,T,NA,NA,NA,6,6,NA,436,27.5,477,30.7,41,3.1999999999999993,NA,NA,NA,11_Pocillopora_damicornis_LARVA_CO2436.00_pH8.02_T27.5,2.6785183789999998,27.5,Enzyme activity,Physiology,NA,NA,NA,8271.34,1352.706216,8563.88,1096.783527,NA,TRUE,TRUE,3.4756831000000002E-2,7.1913209999999997E-3,NA,NA,0.237564792,0.923076923,0.21929057699999999,No,No,NA,906,Alter et al. 2024,rivest eb hofmann ge,pocillopora damicornis,enzyme activity,t,8271.34,8563.88,1352.706216,1096.783527,6,6,NA,NA,NA,NA,NA,NA,NA,NA,NA,NA,NA,NA,NA,NA,NA,NA,NA,NA,NA,NA,not_matched_in_alter_sheet,NA,NA
Alter et al. 2024,226_AltersInvert,11,NA,NA,Yes,NA,"Rivest EB, Hofmann GE",NA,2015,NA,NA,NA,NA,Marine,NA,Zooplankton,Meroplankton,Cnidaria,Pocillopora damicornis,NA,NA,T,NA,NA,NA,6,6,NA,436,27.5,477,30.7,41,3.1999999999999993,NA,NA,NA,11_Pocillopora_damicornis_LARVA_CO2436.00_pH8.02_T27.5,2.6785183789999998,27.5,Oxygen consumption rate,Physiology,NA,NA,NA,0.09,0.024494897,0.14,0,NA,FALSE,TRUE,0.441832752,1.2345679E-2,NA,NA,2.8867513460000001,0.923076923,2.66469355,No,No,NA,907,Alter et al. 2024,rivest eb hofmann ge,pocillopora damicornis,oxygen consumption rate,t,0.09,0.14,0.024495,0,6,6,NA,NA,NA,NA,NA,NA,NA,NA,NA,NA,NA,NA,NA,NA,NA,NA,NA,NA,NA,NA,not_matched_in_alter_sheet,NA,NA
Alter et al. 2024,223_AltersInvert,11,NA,NA,Yes,NA,"Rivest EB, Hofmann GE",NA,2015,NA,NA,NA,NA,Marine,NA,Zooplankton,Meroplankton,Cnidaria,Pocillopora damicornis,NA,NA,TpH,NA,NA,NA,6,6,NA,436,27.5,952,30.4,516,2.8999999999999986,NA,NA,NA,11_Pocillopora_damicornis_LARVA_CO2436.00_pH8.02_T27.5,2.9786369480000001,27.5,Enzyme activity,Physiology,NA,NA,NA,8271.34,1352.706216,9027.16,182.8054195,NA,TRUE,TRUE,8.7441282999999995E-2,4.5259769999999996E-3,NA,NA,0.78306879699999998,0.923076923,0.72283273599999998,No,No,NA,908,Alter et al. 2024,rivest eb hofmann ge,pocillopora damicornis,enzyme activity,tph,8271.34,9027.16,1352.706216,182.80542,6,6,NA,NA,NA,NA,NA,NA,NA,NA,NA,NA,NA,NA,NA,NA,NA,NA,NA,NA,NA,NA,not_matched_in_alter_sheet,NA,NA
Alter et al. 2024,225_AltersInvert,11,NA,NA,Yes,NA,"Rivest EB, Hofmann GE",NA,2015,NA,NA,NA,NA,Marine,NA,Zooplankton,Meroplankton,Cnidaria,Pocillopora damicornis,NA,NA,TpH,NA,NA,NA,6,6,NA,436,27.5,952,30.4,516,2.8999999999999986,NA,NA,NA,11_Pocillopora_damicornis_LARVA_CO2436.00_pH8.02_T27.5,2.9786369480000001,27.5,Oxygen consumption rate,Physiology,NA,NA,NA,0.09,0.024494897,0.11,0.024494897,NA,FALSE,TRUE,0.20067069500000001,2.0610142000000001E-2,NA,NA,0.816496581,0.923076923,0.75368915199999997,No,No,NA,909,Alter et al. 2024,rivest eb hofmann ge,pocillopora damicornis,oxygen consumption rate,tph,0.09,0.11,0.024495,0.024495,6,6,NA,NA,NA,NA,NA,NA,NA,NA,NA,NA,NA,NA,NA,NA,NA,NA,NA,NA,NA,NA,not_matched_in_alter_sheet,NA,NA
Alter et al. 2024,875_AltersInvert,84,NA,NA,Yes,NA,"Rivest EB, Kelly MW, DeBiasse MB, Hofmann GE",NA,2018,NA,NA,NA,NA,Marine,NA,Zooplankton,Meroplankton,Cnidaria,Pocillopora damicornis,NA,NA,pH,NA,NA,NA,20,20,NA,466,28.4,1034,27.9,568,-0.5,NA,NA,NA,84_Pocillopora_damicornis_LARVA_CO2466.00_pH7.99_T28.4,3.0145205389999998,28.4,Length,Growth,NA,NA,NA,0.65,0.178885438,0.72,0.223606798,NA,TRUE,TRUE,0.10227884900000001,8.6095129999999992E-3,NA,NA,0.34570535899999999,0.98013245,0.33883703999999998,No,No,NA,910,Alter et al. 2024,rivest eb kelly mw debiasse mb hofmann ge,pocillopora damicornis,length,ph,0.65,0.72,0.178885,0.223607,20,20,NA,NA,NA,NA,NA,NA,NA,NA,NA,NA,NA,NA,NA,NA,NA,NA,NA,NA,NA,NA,not_matched_in_alter_sheet,NA,NA
Alter et al. 2024,878_AltersInvert,84,NA,NA,Yes,NA,"Rivest EB, Kelly MW, DeBiasse MB, Hofmann GE",NA,2018,NA,NA,NA,NA,Marine,NA,Zooplankton,Meroplankton,Cnidaria,Pocillopora damicornis,NA,NA,pH,NA,NA,NA,4,4,NA,466,28.4,1034,27.9,568,-0.5,NA,NA,NA,84_Pocillopora_damicornis_LARVA_CO2466.00_pH7.99_T28.4,3.0145205389999998,28.4,Protein content,Physiology,NA,NA,NA,12.77,2.44,16.09,2.88,NA,FALSE,TRUE,0.23109929100000001,1.7136843999999998E-2,NA,NA,1.24387325,0.869565217,1.0816289130000001,No,No,NA,911,Alter et al. 2024,rivest eb kelly mw debiasse mb hofmann ge,pocillopora damicornis,protein content,ph,12.77,16.09,2.44,2.88,4,4,NA,NA,NA,NA,NA,NA,NA,NA,NA,NA,NA,NA,NA,NA,NA,NA,NA,NA,NA,NA,not_matched_in_alter_sheet,NA,NA
Alter et al. 2024,880_AltersInvert,84,NA,NA,Yes,NA,"Rivest EB, Kelly MW, DeBiasse MB, Hofmann GE",NA,2019,NA,NA,NA,NA,Marine,NA,Zooplankton,Meroplankton,Cnidaria,Pocillopora damicornis,NA,NA,pH,NA,NA,NA,4,4,NA,466,28.4,1034,27.9,568,-0.5,NA,NA,NA,84_Pocillopora_damicornis_LARVA_CO2466.00_pH7.99_T28.4,3.0145205389999998,28.4,Symbiont density,Physiology,NA,NA,NA,8.11,1.48,12.3,2.3,NA,FALSE,TRUE,0.41650139400000002,1.7067209E-2,NA,NA,2.1665394930000001,0.869565217,1.8839473849999999,No,No,NA,912,Alter et al. 2024,rivest eb kelly mw debiasse mb hofmann ge,pocillopora damicornis,symbiont density,ph,8.11,12.3,1.48,2.3,4,4,NA,NA,NA,NA,NA,NA,NA,NA,NA,NA,NA,NA,NA,NA,NA,NA,NA,NA,NA,NA,not_matched_in_alter_sheet,NA,NA
Alter et al. 2024,874_AltersInvert,84,NA,NA,Yes,NA,"Rivest EB, Kelly MW, DeBiasse MB, Hofmann GE",NA,2018,NA,NA,NA,NA,Marine,NA,Zooplankton,Meroplankton,Cnidaria,Pocillopora damicornis,NA,NA,T,NA,NA,NA,20,20,NA,466,28.4,467,31.1,1,2.700000000000003,NA,NA,NA,84_Pocillopora_damicornis_LARVA_CO2466.00_pH7.99_T28.4,2.6693168809999999,28.4,Length,Growth,NA,NA,NA,0.65,0.178885438,0.7,0.134164079,NA,TRUE,TRUE,7.4107971999999994E-2,5.6237170000000003E-3,NA,NA,0.31622776600000002,0.98013245,0.309945095,No,No,NA,913,Alter et al. 2024,rivest eb kelly mw debiasse mb hofmann ge,pocillopora damicornis,length,t,0.65,0.7,0.178885,0.134164,20,20,NA,NA,NA,NA,NA,NA,NA,NA,NA,NA,NA,NA,NA,NA,NA,NA,NA,NA,NA,NA,not_matched_in_alter_sheet,NA,NA
Alter et al. 2024,877_AltersInvert,84,NA,NA,Yes,NA,"Rivest EB, Kelly MW, DeBiasse MB, Hofmann GE",NA,2018,NA,NA,NA,NA,Marine,NA,Zooplankton,Meroplankton,Cnidaria,Pocillopora damicornis,NA,NA,T,NA,NA,NA,4,4,NA,466,28.4,467,31.1,1,2.700000000000003,NA,NA,NA,84_Pocillopora_damicornis_LARVA_CO2466.00_pH7.99_T28.4,2.6693168809999999,28.4,Symbiont density,Physiology,NA,NA,NA,8.11,1.48,9.62,2.88,NA,FALSE,TRUE,0.17074639699999999,3.0732261E-2,NA,NA,0.65949555100000001,0.869565217,0.57347439200000005,No,No,NA,914,Alter et al. 2024,rivest eb kelly mw debiasse mb hofmann ge,pocillopora damicornis,symbiont density,t,8.11,9.62,1.48,2.88,4,4,NA,NA,NA,NA,NA,NA,NA,NA,NA,NA,NA,NA,NA,NA,NA,NA,NA,NA,NA,NA,not_matched_in_alter_sheet,NA,NA
Alter et al. 2024,879_AltersInvert,84,NA,NA,Yes,NA,"Rivest EB, Kelly MW, DeBiasse MB, Hofmann GE",NA,2019,NA,NA,NA,NA,Marine,NA,Zooplankton,Meroplankton,Cnidaria,Pocillopora damicornis,NA,NA,T,NA,NA,NA,4,4,NA,466,28.4,467,31.1,1,2.700000000000003,NA,NA,NA,84_Pocillopora_damicornis_LARVA_CO2466.00_pH7.99_T28.4,2.6693168809999999,28.4,Protein content,Physiology,NA,NA,NA,12.77,2.44,18.91,7.86,NA,FALSE,TRUE,0.39259221300000002,5.2319079999999997E-2,NA,NA,1.0550731520000001,0.869565217,0.91745491499999998,No,No,NA,915,Alter et al. 2024,rivest eb kelly mw debiasse mb hofmann ge,pocillopora damicornis,protein content,t,12.77,18.91,2.44,7.86,4,4,NA,NA,NA,NA,NA,NA,NA,NA,NA,NA,NA,NA,NA,NA,NA,NA,NA,NA,NA,NA,not_matched_in_alter_sheet,NA,NA
Alter et al. 2024,872_AltersInvert,84,NA,NA,Yes,NA,"Rivest EB, Kelly MW, DeBiasse MB, Hofmann GE",NA,2018,NA,NA,NA,NA,Marine,NA,Zooplankton,Meroplankton,Cnidaria,Pocillopora damicornis,NA,NA,TpH,NA,NA,NA,20,20,NA,466,28.4,1007,30.7,541,2.3000000000000007,NA,NA,NA,84_Pocillopora_damicornis_LARVA_CO2466.00_pH7.99_T28.4,3.0030294710000001,28.4,Length,Growth,NA,NA,NA,0.65,0.178885438,0.64,0.134164079,NA,TRUE,TRUE,-1.5504186999999999E-2,5.9842480000000002E-3,NA,NA,-6.3245552999999996E-2,0.98013245,-6.1989018999999999E-2,No,No,NA,916,Alter et al. 2024,rivest eb kelly mw debiasse mb hofmann ge,pocillopora damicornis,length,tph,0.65,0.64,0.178885,0.134164,20,20,NA,NA,NA,NA,NA,NA,NA,NA,NA,NA,NA,NA,NA,NA,NA,NA,NA,NA,NA,NA,not_matched_in_alter_sheet,NA,NA
Alter et al. 2024,873_AltersInvert,84,NA,NA,Yes,NA,"Rivest EB, Kelly MW, DeBiasse MB, Hofmann GE",NA,2018,NA,NA,NA,NA,Marine,NA,Zooplankton,Meroplankton,Cnidaria,Pocillopora damicornis,NA,NA,TpH,NA,NA,NA,4,4,NA,466,28.4,1007,30.7,541,2.3000000000000007,NA,NA,NA,84_Pocillopora_damicornis_LARVA_CO2466.00_pH7.99_T28.4,3.0030294710000001,28.4,Symbiont density,Physiology,NA,NA,NA,8.11,1.48,8.37,0.9,NA,TRUE,TRUE,3.1556015999999999E-2,1.1216225999999999E-2,NA,NA,0.21227496000000001,0.869565217,0.18458692199999999,No,No,NA,917,Alter et al. 2024,rivest eb kelly mw debiasse mb hofmann ge,pocillopora damicornis,symbiont density,tph,8.11,8.37,1.48,0.9,4,4,NA,NA,NA,NA,NA,NA,NA,NA,NA,NA,NA,NA,NA,NA,NA,NA,NA,NA,NA,NA,not_matched_in_alter_sheet,NA,NA
Alter et al. 2024,876_AltersInvert,84,NA,NA,Yes,NA,"Rivest EB, Kelly MW, DeBiasse MB, Hofmann GE",NA,2018,NA,NA,NA,NA,Marine,NA,Zooplankton,Meroplankton,Cnidaria,Pocillopora damicornis,NA,NA,TpH,NA,NA,NA,4,4,NA,466,28.4,1007,30.7,541,2.3000000000000007,NA,NA,NA,84_Pocillopora_damicornis_LARVA_CO2466.00_pH7.99_T28.4,3.0030294710000001,28.4,Protein content,Physiology,NA,NA,NA,12.77,2.44,14.54,3.76,NA,FALSE,TRUE,0.129804802,2.5845304999999999E-2,NA,NA,0.55845132500000005,0.869565217,0.48560984800000001,No,No,NA,918,Alter et al. 2024,rivest eb kelly mw debiasse mb hofmann ge,pocillopora damicornis,protein content,tph,12.77,14.54,2.44,3.76,4,4,NA,NA,NA,NA,NA,NA,NA,NA,NA,NA,NA,NA,NA,NA,NA,NA,NA,NA,NA,NA,not_matched_in_alter_sheet,NA,NA
Alter et al. 2024,986_AltersInvert,112,NA,NA,Yes,NA,"Rosa R, TrÃ¼benbach K, Pimentel MS, Boavida-Portugal J, Faleiro F, Baptista M, Dionisio G, Calado R, PÃ¶rtner HO, Repolho T",NA,2014,NA,NA,NA,NA,Marine,NA,Zooplankton,Meroplankton,Mollusca,Loligo vulgaris,NA,NA,pH,NA,NA,NA,45,45,NA,433,13.2,1682,13.2,1249,0,NA,NA,NA,112_Loligo_vulgaris_LARVA_CO2433.00_pH8.03_T13.2,3.2258259909999998,13.2,Normal,Development,NA,NA,NA,7.92,2.01246118,8.69,58.29429217,NA,TRUE,TRUE,9.2781733000000005E-2,1.001434803,NA,NA,1.8669000000000002E-2,0.991452991,1.8509436000000001E-2,No,No,NA,919,Alter et al. 2024,rosa r tr benbach k pimentel ms boavida portugal j faleiro f baptista m dionisio g calado r p rtner ho repolho t,loligo vulgaris,normal,ph,7.92,8.69,2.012461,58.294292,45,45,NA,NA,NA,NA,NA,NA,NA,NA,NA,NA,NA,NA,NA,NA,NA,NA,NA,NA,NA,NA,not_matched_in_alter_sheet,NA,NA
Alter et al. 2024,991_AltersInvert,112,NA,NA,Yes,NA,"Rosa R, TrÃ¼benbach K, Pimentel MS, Boavida-Portugal J, Faleiro F, Baptista M, Dionisio G, Calado R, PÃ¶rtner HO, Repolho T",NA,2013,NA,NA,NA,NA,Marine,NA,Zooplankton,Meroplankton,Mollusca,Loligo vulgaris,NA,NA,pH,NA,NA,NA,60,60,NA,433,13.2,1682,13.2,1249,0,NA,NA,NA,112_Loligo_vulgaris_LARVA_CO2433.00_pH8.03_T13.2,3.2258259909999998,13.2,Critical thermal maximum,Physiology,NA,NA,NA,32.9,0.542217668,36.32,0.619677335,NA,TRUE,TRUE,9.8895895999999997E-2,9.38E-6,NA,NA,5.8738960550000003,0.993630573,5.8364827049999999,No,No,NA,920,Alter et al. 2024,rosa r tr benbach k pimentel ms boavida portugal j faleiro f baptista m dionisio g calado r p rtner ho repolho t,loligo vulgaris,critical thermal maximum,ph,32.9,36.32,0.542218,0.619677,60,60,NA,NA,NA,NA,NA,NA,NA,NA,NA,NA,NA,NA,NA,NA,NA,NA,NA,NA,NA,NA,not_matched_in_alter_sheet,NA,NA
Alter et al. 2024,994_AltersInvert,112,NA,NA,Yes,NA,"Rosa R, TrÃ¼benbach K, Pimentel MS, Boavida-Portugal J, Faleiro F, Baptista M, Dionisio G, Calado R, PÃ¶rtner HO, Repolho T",NA,2013,NA,NA,NA,NA,Marine,NA,Zooplankton,Meroplankton,Mollusca,Loligo vulgaris,NA,NA,pH,NA,NA,NA,3,3,NA,433,13.2,1682,13.2,1249,0,NA,NA,NA,112_Loligo_vulgaris_LARVA_CO2433.00_pH8.03_T13.2,3.2258259909999998,13.2,Heat shock protein 70,Physiology,NA,NA,NA,0.32,0.017320508,0.5,0.017320508,NA,FALSE,TRUE,0.44628710300000002,1.3765629999999999E-3,NA,NA,10.39230485,0.8,8.313843876,No,No,NA,921,Alter et al. 2024,rosa r tr benbach k pimentel ms boavida portugal j faleiro f baptista m dionisio g calado r p rtner ho repolho t,loligo vulgaris,heat shock protein 70,ph,0.32,0.5,0.017321,0.017321,3,3,NA,NA,NA,NA,NA,NA,NA,NA,NA,NA,NA,NA,NA,NA,NA,NA,NA,NA,NA,NA,not_matched_in_alter_sheet,NA,NA
Alter et al. 2024,1867_AltersInvert,112,NA,NA,Yes,NA,"Rosa R, TrÃ¼benbach K, Pimentel MS, Boavida-Portugal J, Faleiro F, Baptista M, Dionisio G, Calado R, PÃ¶rtner HO, Repolho T",NA,2014,NA,NA,NA,NA,Marine,NA,Zooplankton,Meroplankton,Mollusca,Loligo vulgaris,NA,NA,pH,NA,NA,NA,45,45,NA,433,13.2,1682,13.2,1249,0,NA,NA,NA,112_Loligo_vulgaris_EMBRYO_CO2433.00_pH8.03_T13.2,3.2258259909999998,13.2,growth rate,Development,NA,NA,NA,4.36,0.402492236,2.78,0.134164079,NA,FALSE,TRUE,-0.45002112999999999,2.4113499999999999E-4,NA,NA,-5.266666667,0.991452991,-5.221652422,No,No,NA,922,Alter et al. 2024,rosa r tr benbach k pimentel ms boavida portugal j faleiro f baptista m dionisio g calado r p rtner ho repolho t,loligo vulgaris,growth rate,ph,4.36,2.78,0.402492,0.134164,45,45,NA,NA,NA,NA,NA,NA,NA,NA,NA,NA,NA,NA,NA,NA,NA,NA,NA,NA,NA,NA,not_matched_in_alter_sheet,NA,NA
Alter et al. 2024,1873_AltersInvert,112,NA,NA,Yes,NA,"Rosa R, TrÃ¼benbach K, Pimentel MS, Boavida-Portugal J, Faleiro F, Baptista M, Dionisio G, Calado R, PÃ¶rtner HO, Repolho T",NA,2014,NA,NA,NA,NA,Marine,NA,Zooplankton,Meroplankton,Mollusca,Loligo vulgaris,NA,NA,pH,NA,NA,NA,60,60,NA,433,13.2,1682,13.2,1249,0,NA,NA,NA,112_Loligo_vulgaris_EMBRYO_CO2433.00_pH8.03_T13.2,3.2258259909999998,13.2,Critical thermal maximum,Reproduction,NA,NA,NA,35.06,0.077459667,34.15,0.154919334,NA,TRUE,TRUE,-2.6298293E-2,4.2399999999999999E-7,NA,NA,-7.4301188859999998,0.993630573,-7.3827932880000002,No,No,NA,923,Alter et al. 2024,rosa r tr benbach k pimentel ms boavida portugal j faleiro f baptista m dionisio g calado r p rtner ho repolho t,loligo vulgaris,critical thermal maximum,ph,35.06,34.15,0.07746,0.154919,60,60,NA,NA,NA,NA,NA,NA,NA,NA,NA,NA,NA,NA,NA,NA,NA,NA,NA,NA,NA,NA,not_matched_in_alter_sheet,NA,NA
Alter et al. 2024,1875_AltersInvert,112,NA,NA,Yes,NA,"Rosa R, TrÃ¼benbach K, Pimentel MS, Boavida-Portugal J, Faleiro F, Baptista M, Dionisio G, Calado R, PÃ¶rtner HO, Repolho T",NA,2014,NA,NA,NA,NA,Marine,NA,Zooplankton,Meroplankton,Mollusca,Loligo vulgaris,NA,NA,pH,NA,NA,NA,45,45,NA,433,13.2,1682,13.2,1249,0,NA,NA,NA,112_Loligo_vulgaris_EMBRYO_CO2433.00_pH8.03_T13.2,3.2258259909999998,13.2,Normal,Reproduction,NA,NA,NA,6.83,2.482035455,6.36,42.66417701,NA,TRUE,TRUE,-7.1296295999999995E-2,1.0029346889999999,NA,NA,-1.5553058E-2,0.991452991,-1.5420125999999999E-2,No,No,NA,924,Alter et al. 2024,rosa r tr benbach k pimentel ms boavida portugal j faleiro f baptista m dionisio g calado r p rtner ho repolho t,loligo vulgaris,normal,ph,6.83,6.36,2.482035,42.664177,45,45,NA,NA,NA,NA,NA,NA,NA,NA,NA,NA,NA,NA,NA,NA,NA,NA,NA,NA,NA,NA,not_matched_in_alter_sheet,NA,NA
Alter et al. 2024,1876_AltersInvert,112,NA,NA,Yes,NA,"Rosa R, TrÃ¼benbach K, Pimentel MS, Boavida-Portugal J, Faleiro F, Baptista M, Dionisio G, Calado R, PÃ¶rtner HO, Repolho T",NA,2014,NA,NA,NA,NA,Marine,NA,Zooplankton,Meroplankton,Mollusca,Loligo vulgaris,NA,NA,pH,NA,NA,NA,45,45,NA,433,13.2,1682,13.2,1249,0,NA,NA,NA,112_Loligo_vulgaris_EMBRYO_CO2433.00_pH8.03_T13.2,3.2258259909999998,13.2,Survival,Survival,NA,NA,NA,96.29,0.939148551,98.71,1.94537914,NA,TRUE,TRUE,2.4821787000000001E-2,1.0699999999999999E-5,NA,NA,1.5842901739999999,0.991452991,1.5707492329999999,No,No,NA,925,Alter et al. 2024,rosa r tr benbach k pimentel ms boavida portugal j faleiro f baptista m dionisio g calado r p rtner ho repolho t,loligo vulgaris,survival,ph,96.29,98.71,0.939149,1.945379,45,45,NA,NA,NA,NA,NA,NA,NA,NA,NA,NA,NA,NA,NA,NA,NA,NA,NA,NA,NA,NA,not_matched_in_alter_sheet,NA,NA
Alter et al. 2024,1882_AltersInvert,112,NA,NA,Yes,NA,"Rosa R, TrÃ¼benbach K, Pimentel MS, Boavida-Portugal J, Faleiro F, Baptista M, Dionisio G, Calado R, PÃ¶rtner HO, Repolho T",NA,2013,NA,NA,NA,NA,Marine,NA,Zooplankton,Meroplankton,Mollusca,Loligo vulgaris,NA,NA,pH,NA,NA,NA,45,45,NA,433,13.2,1682,13.2,1249,0,NA,NA,NA,112_Loligo_vulgaris_EMBRYO_CO2433.00_pH8.03_T13.2,3.2258259909999998,13.2,Developmental time,Reproduction,NA,NA,NA,27.12,1.073312629,36.76,1.677050983,NA,FALSE,TRUE,0.30413883400000002,8.1100000000000006E-5,NA,NA,6.8469604720000001,0.991452991,6.7884394419999996,No,No,NA,926,Alter et al. 2024,rosa r tr benbach k pimentel ms boavida portugal j faleiro f baptista m dionisio g calado r p rtner ho repolho t,loligo vulgaris,developmental time,ph,27.12,36.76,1.073313,1.677051,45,45,NA,NA,NA,NA,NA,NA,NA,NA,NA,NA,NA,NA,NA,NA,NA,NA,NA,NA,NA,NA,not_matched_in_alter_sheet,NA,NA
Alter et al. 2024,1883_AltersInvert,112,NA,NA,Yes,NA,"Rosa R, TrÃ¼benbach K, Pimentel MS, Boavida-Portugal J, Faleiro F, Baptista M, Dionisio G, Calado R, PÃ¶rtner HO, Repolho T",NA,2013,NA,NA,NA,NA,Marine,NA,Zooplankton,Meroplankton,Mollusca,Loligo vulgaris,NA,NA,pH,NA,NA,NA,3,3,NA,433,13.2,1682,13.2,1249,0,NA,NA,NA,112_Loligo_vulgaris_EMBRYO_CO2433.00_pH8.03_T13.2,3.2258259909999998,13.2,Heat shock protein 70,Reproduction,NA,NA,NA,0.36,0.08660254,0.7,0.017320508,NA,FALSE,TRUE,0.66497630399999996,1.9494205000000001E-2,NA,NA,5.4443572290000004,0.8,4.3554857829999998,No,No,NA,927,Alter et al. 2024,rosa r tr benbach k pimentel ms boavida portugal j faleiro f baptista m dionisio g calado r p rtner ho repolho t,loligo vulgaris,heat shock protein 70,ph,0.36,0.7,0.086603,0.017321,3,3,NA,NA,NA,NA,NA,NA,NA,NA,NA,NA,NA,NA,NA,NA,NA,NA,NA,NA,NA,NA,not_matched_in_alter_sheet,NA,NA
Alter et al. 2024,985_AltersInvert,112,NA,NA,Yes,NA,"Rosa R, TrÃ¼benbach K, Pimentel MS, Boavida-Portugal J, Faleiro F, Baptista M, Dionisio G, Calado R, PÃ¶rtner HO, Repolho T",NA,2014,NA,NA,NA,NA,Marine,NA,Zooplankton,Meroplankton,Mollusca,Loligo vulgaris,NA,NA,T,NA,NA,NA,45,45,NA,433,13.2,440,15.1,7,1.9000000000000004,NA,NA,NA,112_Loligo_vulgaris_LARVA_CO2433.00_pH8.03_T13.2,2.6434526759999999,13.2,Normal,Development,NA,NA,NA,7.92,2.01246118,10.24,68.69200827,NA,TRUE,TRUE,0.25691041399999998,1.001434803,NA,NA,4.7743083999999998E-2,0.991452991,4.7335024000000003E-2,No,No,NA,928,Alter et al. 2024,rosa r tr benbach k pimentel ms boavida portugal j faleiro f baptista m dionisio g calado r p rtner ho repolho t,loligo vulgaris,normal,t,7.92,10.24,2.012461,68.692008,45,45,NA,NA,NA,NA,NA,NA,NA,NA,NA,NA,NA,NA,NA,NA,NA,NA,NA,NA,NA,NA,not_matched_in_alter_sheet,NA,NA
Alter et al. 2024,987_AltersInvert,112,NA,NA,Yes,NA,"Rosa R, TrÃ¼benbach K, Pimentel MS, Boavida-Portugal J, Faleiro F, Baptista M, Dionisio G, Calado R, PÃ¶rtner HO, Repolho T",NA,2014,NA,NA,NA,NA,Marine,NA,Zooplankton,Meroplankton,Mollusca,Loligo vulgaris,NA,NA,T,NA,NA,NA,60,60,NA,433,13.2,440,15.1,7,1.9000000000000004,NA,NA,NA,112_Loligo_vulgaris_LARVA_CO2433.00_pH8.03_T13.2,2.6434526759999999,13.2,Critical thermal maximum,Physiology,NA,NA,NA,32.9,0.542217668,33.09,0.077459667,NA,TRUE,TRUE,5.7584639999999996E-3,4.6199999999999998E-6,NA,NA,0.49057789099999999,0.993630573,0.48745319100000001,No,No,NA,929,Alter et al. 2024,rosa r tr benbach k pimentel ms boavida portugal j faleiro f baptista m dionisio g calado r p rtner ho repolho t,loligo vulgaris,critical thermal maximum,t,32.9,33.09,0.542218,0.07746,60,60,NA,NA,NA,NA,NA,NA,NA,NA,NA,NA,NA,NA,NA,NA,NA,NA,NA,NA,NA,NA,not_matched_in_alter_sheet,NA,NA
Alter et al. 2024,992_AltersInvert,112,NA,NA,Yes,NA,"Rosa R, TrÃ¼benbach K, Pimentel MS, Boavida-Portugal J, Faleiro F, Baptista M, Dionisio G, Calado R, PÃ¶rtner HO, Repolho T",NA,2013,NA,NA,NA,NA,Marine,NA,Zooplankton,Meroplankton,Mollusca,Loligo vulgaris,NA,NA,T,NA,NA,NA,3,3,NA,433,13.2,440,15.1,7,1.9000000000000004,NA,NA,NA,112_Loligo_vulgaris_LARVA_CO2433.00_pH8.03_T13.2,2.6434526759999999,13.2,Heat shock protein 70,Physiology,NA,NA,NA,0.32,0.017320508,0.44,0.017320508,NA,FALSE,TRUE,0.31845373100000002,1.493091E-3,NA,NA,6.9282032300000003,0.8,5.5425625839999997,No,No,NA,930,Alter et al. 2024,rosa r tr benbach k pimentel ms boavida portugal j faleiro f baptista m dionisio g calado r p rtner ho repolho t,loligo vulgaris,heat shock protein 70,t,0.32,0.44,0.017321,0.017321,3,3,NA,NA,NA,NA,NA,NA,NA,NA,NA,NA,NA,NA,NA,NA,NA,NA,NA,NA,NA,NA,not_matched_in_alter_sheet,NA,NA
Alter et al. 2024,1869_AltersInvert,112,NA,NA,Yes,NA,"Rosa R, TrÃ¼benbach K, Pimentel MS, Boavida-Portugal J, Faleiro F, Baptista M, Dionisio G, Calado R, PÃ¶rtner HO, Repolho T",NA,2014,NA,NA,NA,NA,Marine,NA,Zooplankton,Meroplankton,Mollusca,Loligo vulgaris,NA,NA,T,NA,NA,NA,45,45,NA,433,13.2,440,15.1,7,1.9000000000000004,NA,NA,NA,112_Loligo_vulgaris_EMBRYO_CO2433.00_pH8.03_T13.2,2.6434526759999999,13.2,Normal,Development,NA,NA,NA,6.83,2.482035455,32.9,220.6999094,NA,FALSE,FALSE,1.5721479840000001,1.0029346889999999,NA,NA,0.16704228099999999,0.991452991,0.16561456899999999,No,No,NA,931,Alter et al. 2024,rosa r tr benbach k pimentel ms boavida portugal j faleiro f baptista m dionisio g calado r p rtner ho repolho t,loligo vulgaris,normal,t,6.83,32.9,2.482035,220.699909,45,45,NA,NA,NA,NA,NA,NA,NA,NA,NA,NA,NA,NA,NA,NA,NA,NA,NA,NA,NA,NA,not_matched_in_alter_sheet,NA,NA
Alter et al. 2024,1871_AltersInvert,112,NA,NA,Yes,NA,"Rosa R, TrÃ¼benbach K, Pimentel MS, Boavida-Portugal J, Faleiro F, Baptista M, Dionisio G, Calado R, PÃ¶rtner HO, Repolho T",NA,2014,NA,NA,NA,NA,Marine,NA,Zooplankton,Meroplankton,Mollusca,Loligo vulgaris,NA,NA,T,NA,NA,NA,45,45,NA,433,13.2,440,15.1,7,1.9000000000000004,NA,NA,NA,112_Loligo_vulgaris_EMBRYO_CO2433.00_pH8.03_T13.2,2.6434526759999999,13.2,Developmental time,Reproduction,NA,NA,NA,27.12,1.073312629,23.63,0.872066511,NA,FALSE,TRUE,-0.13775437200000001,6.5099999999999997E-5,NA,NA,-3.5689437480000001,0.991452991,-3.5384399549999999,No,No,NA,932,Alter et al. 2024,rosa r tr benbach k pimentel ms boavida portugal j faleiro f baptista m dionisio g calado r p rtner ho repolho t,loligo vulgaris,developmental time,t,27.12,23.63,1.073313,0.872067,45,45,NA,NA,NA,NA,NA,NA,NA,NA,NA,NA,NA,NA,NA,NA,NA,NA,NA,NA,NA,NA,not_matched_in_alter_sheet,NA,NA
Alter et al. 2024,1872_AltersInvert,112,NA,NA,Yes,NA,"Rosa R, TrÃ¼benbach K, Pimentel MS, Boavida-Portugal J, Faleiro F, Baptista M, Dionisio G, Calado R, PÃ¶rtner HO, Repolho T",NA,2014,NA,NA,NA,NA,Marine,NA,Zooplankton,Meroplankton,Mollusca,Loligo vulgaris,NA,NA,T,NA,NA,NA,45,45,NA,433,13.2,440,15.1,7,1.9000000000000004,NA,NA,NA,112_Loligo_vulgaris_EMBRYO_CO2433.00_pH8.03_T13.2,2.6434526759999999,13.2,Survival,Reproduction,NA,NA,NA,96.29,0.939148551,93.06,0.670820393,NA,TRUE,TRUE,-3.4120024999999998E-2,3.27E-6,NA,NA,-3.9579053819999999,0.991452991,-3.9240771310000002,No,No,NA,933,Alter et al. 2024,rosa r tr benbach k pimentel ms boavida portugal j faleiro f baptista m dionisio g calado r p rtner ho repolho t,loligo vulgaris,survival,t,96.29,93.06,0.939149,0.67082,45,45,NA,NA,NA,NA,NA,NA,NA,NA,NA,NA,NA,NA,NA,NA,NA,NA,NA,NA,NA,NA,not_matched_in_alter_sheet,NA,NA
Alter et al. 2024,1878_AltersInvert,112,NA,NA,Yes,NA,"Rosa R, TrÃ¼benbach K, Pimentel MS, Boavida-Portugal J, Faleiro F, Baptista M, Dionisio G, Calado R, PÃ¶rtner HO, Repolho T",NA,2014,NA,NA,NA,NA,Marine,NA,Zooplankton,Meroplankton,Mollusca,Loligo vulgaris,NA,NA,T,NA,NA,NA,60,60,NA,433,13.2,440,15.1,7,1.9000000000000004,NA,NA,NA,112_Loligo_vulgaris_EMBRYO_CO2433.00_pH8.03_T13.2,2.6434526759999999,13.2,Critical thermal maximum,Reproduction,NA,NA,NA,35.06,0.077459667,36.17,0.232379001,NA,TRUE,TRUE,3.1169166000000002E-2,7.6899999999999996E-7,NA,NA,6.4085879879999998,0.993630573,6.3677689559999999,No,No,NA,934,Alter et al. 2024,rosa r tr benbach k pimentel ms boavida portugal j faleiro f baptista m dionisio g calado r p rtner ho repolho t,loligo vulgaris,critical thermal maximum,t,35.06,36.17,0.07746,0.232379,60,60,NA,NA,NA,NA,NA,NA,NA,NA,NA,NA,NA,NA,NA,NA,NA,NA,NA,NA,NA,NA,not_matched_in_alter_sheet,NA,NA
Alter et al. 2024,1879_AltersInvert,112,NA,NA,Yes,NA,"Rosa R, TrÃ¼benbach K, Pimentel MS, Boavida-Portugal J, Faleiro F, Baptista M, Dionisio G, Calado R, PÃ¶rtner HO, Repolho T",NA,2014,NA,NA,NA,NA,Marine,NA,Zooplankton,Meroplankton,Mollusca,Loligo vulgaris,NA,NA,T,NA,NA,NA,45,45,NA,433,13.2,440,15.1,7,1.9000000000000004,NA,NA,NA,112_Loligo_vulgaris_EMBRYO_CO2433.00_pH8.03_T13.2,2.6434526759999999,13.2,growth rate,Reproduction,NA,NA,NA,4.36,0.402492236,5.15,0.603738354,NA,FALSE,TRUE,0.16652465699999999,4.9477899999999999E-4,NA,NA,1.5397240780000001,0.991452991,1.526564043,No,No,NA,935,Alter et al. 2024,rosa r tr benbach k pimentel ms boavida portugal j faleiro f baptista m dionisio g calado r p rtner ho repolho t,loligo vulgaris,growth rate,t,4.36,5.15,0.402492,0.603738,45,45,NA,NA,NA,NA,NA,NA,NA,NA,NA,NA,NA,NA,NA,NA,NA,NA,NA,NA,NA,NA,not_matched_in_alter_sheet,NA,NA
Alter et al. 2024,1881_AltersInvert,112,NA,NA,Yes,NA,"Rosa R, TrÃ¼benbach K, Pimentel MS, Boavida-Portugal J, Faleiro F, Baptista M, Dionisio G, Calado R, PÃ¶rtner HO, Repolho T",NA,2013,NA,NA,NA,NA,Marine,NA,Zooplankton,Meroplankton,Mollusca,Loligo vulgaris,NA,NA,T,NA,NA,NA,3,3,NA,433,13.2,440,15.1,7,1.9000000000000004,NA,NA,NA,112_Loligo_vulgaris_EMBRYO_CO2433.00_pH8.03_T13.2,2.6434526759999999,13.2,Heat shock protein 70,Reproduction,NA,NA,NA,0.36,0.08660254,0.44,0.034641016,NA,FALSE,TRUE,0.20067069500000001,2.1356238999999999E-2,NA,NA,1.21295687,0.8,0.97036549599999999,No,No,NA,936,Alter et al. 2024,rosa r tr benbach k pimentel ms boavida portugal j faleiro f baptista m dionisio g calado r p rtner ho repolho t,loligo vulgaris,heat shock protein 70,t,0.36,0.44,0.086603,0.034641,3,3,NA,NA,NA,NA,NA,NA,NA,NA,NA,NA,NA,NA,NA,NA,NA,NA,NA,NA,NA,NA,not_matched_in_alter_sheet,NA,NA
Alter et al. 2024,984_AltersInvert,112,NA,NA,Yes,NA,"Rosa R, TrÃ¼benbach K, Pimentel MS, Boavida-Portugal J, Faleiro F, Baptista M, Dionisio G, Calado R, PÃ¶rtner HO, Repolho T",NA,2014,NA,NA,NA,NA,Marine,NA,Zooplankton,Meroplankton,Mollusca,Loligo vulgaris,NA,NA,TpH,NA,NA,NA,45,45,NA,433,13.2,1641,15.3,1208,2.1000000000000014,NA,NA,NA,112_Loligo_vulgaris_LARVA_CO2433.00_pH8.03_T13.2,3.215108581,13.2,Normal,Development,NA,NA,NA,7.92,2.01246118,11.18,74.99771997,NA,TRUE,TRUE,0.34473526199999999,1.001434803,NA,NA,6.1450899000000003E-2,0.991452991,6.0925676999999998E-2,No,No,NA,937,Alter et al. 2024,rosa r tr benbach k pimentel ms boavida portugal j faleiro f baptista m dionisio g calado r p rtner ho repolho t,loligo vulgaris,normal,tph,7.92,11.18,2.012461,74.99772,45,45,NA,NA,NA,NA,NA,NA,NA,NA,NA,NA,NA,NA,NA,NA,NA,NA,NA,NA,NA,NA,not_matched_in_alter_sheet,NA,NA
Alter et al. 2024,989_AltersInvert,112,NA,NA,Yes,NA,"Rosa R, TrÃ¼benbach K, Pimentel MS, Boavida-Portugal J, Faleiro F, Baptista M, Dionisio G, Calado R, PÃ¶rtner HO, Repolho T",NA,2013,NA,NA,NA,NA,Marine,NA,Zooplankton,Meroplankton,Mollusca,Loligo vulgaris,NA,NA,TpH,NA,NA,NA,60,60,NA,433,13.2,1641,15.3,1208,2.1000000000000014,NA,NA,NA,112_Loligo_vulgaris_LARVA_CO2433.00_pH8.03_T13.2,3.215108581,13.2,Critical thermal maximum,Physiology,NA,NA,NA,32.9,0.542217668,36.25,0.309838668,NA,TRUE,TRUE,9.6966724000000004E-2,5.7400000000000001E-6,NA,NA,7.5862561289999997,0.993630573,7.5379360259999997,No,No,NA,938,Alter et al. 2024,rosa r tr benbach k pimentel ms boavida portugal j faleiro f baptista m dionisio g calado r p rtner ho repolho t,loligo vulgaris,critical thermal maximum,tph,32.9,36.25,0.542218,0.309839,60,60,NA,NA,NA,NA,NA,NA,NA,NA,NA,NA,NA,NA,NA,NA,NA,NA,NA,NA,NA,NA,not_matched_in_alter_sheet,NA,NA
Alter et al. 2024,993_AltersInvert,112,NA,NA,Yes,NA,"Rosa R, TrÃ¼benbach K, Pimentel MS, Boavida-Portugal J, Faleiro F, Baptista M, Dionisio G, Calado R, PÃ¶rtner HO, Repolho T",NA,2013,NA,NA,NA,NA,Marine,NA,Zooplankton,Meroplankton,Mollusca,Loligo vulgaris,NA,NA,TpH,NA,NA,NA,3,3,NA,433,13.2,1641,15.3,1208,2.1000000000000014,NA,NA,NA,112_Loligo_vulgaris_LARVA_CO2433.00_pH8.03_T13.2,3.215108581,13.2,Heat shock protein 70,Physiology,NA,NA,NA,0.32,0.017320508,0.44,0,NA,FALSE,TRUE,0.31845373100000002,9.7656299999999995E-4,NA,NA,9.7979589709999999,0.8,7.8383671770000003,No,No,NA,939,Alter et al. 2024,rosa r tr benbach k pimentel ms boavida portugal j faleiro f baptista m dionisio g calado r p rtner ho repolho t,loligo vulgaris,heat shock protein 70,tph,0.32,0.44,0.017321,0,3,3,NA,NA,NA,NA,NA,NA,NA,NA,NA,NA,NA,NA,NA,NA,NA,NA,NA,NA,NA,NA,not_matched_in_alter_sheet,NA,NA
Alter et al. 2024,1868_AltersInvert,112,NA,NA,Yes,NA,"Rosa R, TrÃ¼benbach K, Pimentel MS, Boavida-Portugal J, Faleiro F, Baptista M, Dionisio G, Calado R, PÃ¶rtner HO, Repolho T",NA,2014,NA,NA,NA,NA,Marine,NA,Zooplankton,Meroplankton,Mollusca,Loligo vulgaris,NA,NA,TpH,NA,NA,NA,45,45,NA,433,13.2,1641,15.3,1208,2.1000000000000014,NA,NA,NA,112_Loligo_vulgaris_EMBRYO_CO2433.00_pH8.03_T13.2,3.215108581,13.2,growth rate,Reproduction,NA,NA,NA,4.36,0.402492236,2.82,0.201246118,NA,FALSE,TRUE,-0.435735172,3.0255100000000002E-4,NA,NA,-4.8397530800000004,0.991452991,-4.7983876690000002,No,No,NA,940,Alter et al. 2024,rosa r tr benbach k pimentel ms boavida portugal j faleiro f baptista m dionisio g calado r p rtner ho repolho t,loligo vulgaris,growth rate,tph,4.36,2.82,0.402492,0.201246,45,45,NA,NA,NA,NA,NA,NA,NA,NA,NA,NA,NA,NA,NA,NA,NA,NA,NA,NA,NA,NA,not_matched_in_alter_sheet,NA,NA
Alter et al. 2024,1870_AltersInvert,112,NA,NA,Yes,NA,"Rosa R, TrÃ¼benbach K, Pimentel MS, Boavida-Portugal J, Faleiro F, Baptista M, Dionisio G, Calado R, PÃ¶rtner HO, Repolho T",NA,2014,NA,NA,NA,NA,Marine,NA,Zooplankton,Meroplankton,Mollusca,Loligo vulgaris,NA,NA,TpH,NA,NA,NA,45,45,NA,433,13.2,1641,15.3,1208,2.1000000000000014,NA,NA,NA,112_Loligo_vulgaris_EMBRYO_CO2433.00_pH8.03_T13.2,3.215108581,13.2,Normal,Development,NA,NA,NA,6.83,2.482035455,24.52,164.4851604,NA,FALSE,FALSE,1.278164437,1.0029346889999999,NA,NA,0.152078097,0.991452991,0.15077828400000001,No,No,NA,941,Alter et al. 2024,rosa r tr benbach k pimentel ms boavida portugal j faleiro f baptista m dionisio g calado r p rtner ho repolho t,loligo vulgaris,normal,tph,6.83,24.52,2.482035,164.48516,45,45,NA,NA,NA,NA,NA,NA,NA,NA,NA,NA,NA,NA,NA,NA,NA,NA,NA,NA,NA,NA,not_matched_in_alter_sheet,NA,NA
Alter et al. 2024,1874_AltersInvert,112,NA,NA,Yes,NA,"Rosa R, TrÃ¼benbach K, Pimentel MS, Boavida-Portugal J, Faleiro F, Baptista M, Dionisio G, Calado R, PÃ¶rtner HO, Repolho T",NA,2014,NA,NA,NA,NA,Marine,NA,Zooplankton,Meroplankton,Mollusca,Loligo vulgaris,NA,NA,TpH,NA,NA,NA,45,45,NA,433,13.2,1641,15.3,1208,2.1000000000000014,NA,NA,NA,112_Loligo_vulgaris_EMBRYO_CO2433.00_pH8.03_T13.2,3.215108581,13.2,Survival,Reproduction,NA,NA,NA,96.29,0.939148551,94.03,0.804984472,NA,TRUE,TRUE,-2.3750591000000001E-2,3.7400000000000002E-6,NA,NA,-2.5839120160000002,0.991452991,-2.5618272979999999,No,No,NA,942,Alter et al. 2024,rosa r tr benbach k pimentel ms boavida portugal j faleiro f baptista m dionisio g calado r p rtner ho repolho t,loligo vulgaris,survival,tph,96.29,94.03,0.939149,0.804984,45,45,NA,NA,NA,NA,NA,NA,NA,NA,NA,NA,NA,NA,NA,NA,NA,NA,NA,NA,NA,NA,not_matched_in_alter_sheet,NA,NA
Alter et al. 2024,1877_AltersInvert,112,NA,NA,Yes,NA,"Rosa R, TrÃ¼benbach K, Pimentel MS, Boavida-Portugal J, Faleiro F, Baptista M, Dionisio G, Calado R, PÃ¶rtner HO, Repolho T",NA,2014,NA,NA,NA,NA,Marine,NA,Zooplankton,Meroplankton,Mollusca,Loligo vulgaris,NA,NA,TpH,NA,NA,NA,60,60,NA,433,13.2,1641,15.3,1208,2.1000000000000014,NA,NA,NA,112_Loligo_vulgaris_EMBRYO_CO2433.00_pH8.03_T13.2,3.215108581,13.2,Critical thermal maximum,Survival,NA,NA,NA,35.06,0.077459667,36,0.077459667,NA,TRUE,TRUE,2.6458058999999999E-2,1.5900000000000001E-7,NA,NA,12.13534782,0.993630573,12.058052610000001,Yes,No,NA,943,Alter et al. 2024,rosa r tr benbach k pimentel ms boavida portugal j faleiro f baptista m dionisio g calado r p rtner ho repolho t,loligo vulgaris,critical thermal maximum,tph,35.06,36,0.07746,0.07746,60,60,NA,NA,NA,NA,NA,NA,NA,NA,NA,NA,NA,NA,NA,NA,NA,NA,NA,NA,NA,NA,not_matched_in_alter_sheet,NA,NA
Alter et al. 2024,1880_AltersInvert,112,NA,NA,Yes,NA,"Rosa R, TrÃ¼benbach K, Pimentel MS, Boavida-Portugal J, Faleiro F, Baptista M, Dionisio G, Calado R, PÃ¶rtner HO, Repolho T",NA,2013,NA,NA,NA,NA,Marine,NA,Zooplankton,Meroplankton,Mollusca,Loligo vulgaris,NA,NA,TpH,NA,NA,NA,45,45,NA,433,13.2,1641,15.3,1208,2.1000000000000014,NA,NA,NA,112_Loligo_vulgaris_EMBRYO_CO2433.00_pH8.03_T13.2,3.215108581,13.2,Developmental time,Survival,NA,NA,NA,27.12,1.073312629,32.59,0.872066511,NA,FALSE,TRUE,0.18373402999999999,5.0699999999999999E-5,NA,NA,5.5937313189999998,0.991452991,5.5459216490000003,No,No,NA,944,Alter et al. 2024,rosa r tr benbach k pimentel ms boavida portugal j faleiro f baptista m dionisio g calado r p rtner ho repolho t,loligo vulgaris,developmental time,tph,27.12,32.59,1.073313,0.872067,45,45,NA,NA,NA,NA,NA,NA,NA,NA,NA,NA,NA,NA,NA,NA,NA,NA,NA,NA,NA,NA,not_matched_in_alter_sheet,NA,NA
Alter et al. 2024,1884_AltersInvert,112,NA,NA,Yes,NA,"Rosa R, TrÃ¼benbach K, Pimentel MS, Boavida-Portugal J, Faleiro F, Baptista M, Dionisio G, Calado R, PÃ¶rtner HO, Repolho T",NA,2013,NA,NA,NA,NA,Marine,NA,Zooplankton,Meroplankton,Mollusca,Loligo vulgaris,NA,NA,TpH,NA,NA,NA,3,3,NA,433,13.2,1641,15.3,1208,2.1000000000000014,NA,NA,NA,112_Loligo_vulgaris_EMBRYO_CO2433.00_pH8.03_T13.2,3.215108581,13.2,Heat shock protein 70,Reproduction,NA,NA,NA,0.36,0.08660254,0.7,0.034641016,NA,FALSE,TRUE,0.66497630399999996,2.0106450000000001E-2,NA,NA,5.1550666959999996,0.8,4.1240533570000002,No,No,NA,945,Alter et al. 2024,rosa r tr benbach k pimentel ms boavida portugal j faleiro f baptista m dionisio g calado r p rtner ho repolho t,loligo vulgaris,heat shock protein 70,tph,0.36,0.7,0.086603,0.034641,3,3,NA,NA,NA,NA,NA,NA,NA,NA,NA,NA,NA,NA,NA,NA,NA,NA,NA,NA,NA,NA,not_matched_in_alter_sheet,NA,NA
Alter et al. 2024,1508_AltersInvert,51,NA,NA,Yes,NA,"Schutter M, Nozawa Y, Kurihara H",NA,2015,NA,NA,NA,NA,Marine,NA,Zooplankton,Meroplankton,Cnidaria,Acropora hyacinthus,NA,NA,pH,NA,NA,NA,5,5,NA,478,27,1034,27,556,0,NA,NA,NA,51_Acropora_hyacinthus_EMBRYO_CO2478.00_pH8.11_T27.,3.0145205389999998,27,Fertilization,Development,NA,NA,NA,98.65,0.894427191,90.32,0.894427191,NA,TRUE,TRUE,-8.8219312999999994E-2,3.6100000000000003E-5,NA,NA,-9.3132231260000005,0.903225806,-8.4119434690000006,No,No,NA,946,Alter et al. 2024,schutter m nozawa y kurihara h,acropora hyacinthus,fertilization,ph,98.65,90.32,0.894427,0.894427,5,5,NA,NA,NA,NA,NA,NA,NA,NA,NA,NA,NA,NA,NA,NA,NA,NA,NA,NA,NA,NA,not_matched_in_alter_sheet,NA,NA
Alter et al. 2024,1511_AltersInvert,51,NA,NA,Yes,NA,"Schutter M, Nozawa Y, Kurihara H",NA,2014,NA,NA,NA,NA,Marine,NA,Zooplankton,Meroplankton,Cnidaria,Platygyra contorta,NA,NA,pH,NA,NA,NA,5,5,NA,550,27,1021,27,471,0,NA,NA,NA,51_Platygyra_contorta_EMBRYO_CO2550.00_pH8.06_T27.,3.0090257419999999,27,Fertilization,Development,NA,NA,NA,97.3,1.118033989,98.42,0.670820393,NA,TRUE,TRUE,1.1445046E-2,3.57E-5,NA,NA,1.214810564,0.903225806,1.0972482509999999,No,No,NA,947,Alter et al. 2024,schutter m nozawa y kurihara h,platygyra contorta,fertilization,ph,97.3,98.42,1.118034,0.67082,5,5,NA,NA,NA,NA,NA,NA,NA,NA,NA,NA,NA,NA,NA,NA,NA,NA,NA,NA,NA,NA,not_matched_in_alter_sheet,NA,NA
Alter et al. 2024,1512_AltersInvert,51,NA,NA,Yes,NA,"Schutter M, Nozawa Y, Kurihara H",NA,2014,NA,NA,NA,NA,Marine,NA,Zooplankton,Meroplankton,Cnidaria,Acropora hyacinthus,NA,NA,pH,NA,NA,NA,5,5,NA,404,27,934,27,530,0,NA,NA,NA,51_Acropora_hyacinthus_EMBRYO_CO2404.00_pH8.18_T27.,2.9703468759999998,27,Normal,Reproduction,NA,NA,NA,8.09,4.405053916,6.62,14.80277001,NA,TRUE,TRUE,-0.20053336099999999,1.0592973670000001,NA,NA,-0.13460587500000001,0.903225806,-0.12157949999999999,No,No,NA,948,Alter et al. 2024,schutter m nozawa y kurihara h,acropora hyacinthus,normal,ph,8.09,6.62,4.405054,14.80277,5,5,NA,NA,NA,NA,NA,NA,NA,NA,NA,NA,NA,NA,NA,NA,NA,NA,NA,NA,NA,NA,not_matched_in_alter_sheet,NA,NA
Alter et al. 2024,1513_AltersInvert,51,NA,NA,Yes,NA,"Schutter M, Nozawa Y, Kurihara H",NA,2014,NA,NA,NA,NA,Marine,NA,Zooplankton,Meroplankton,Cnidaria,Platygyra contorta,NA,NA,pH,NA,NA,NA,5,5,NA,550,27,1021,27,471,0,NA,NA,NA,51_Platygyra_contorta_EMBRYO_CO2550.00_pH8.06_T27.,3.0090257419999999,27,Normal,Reproduction,NA,NA,NA,3.68,1.229837388,1.72,3.846036921,NA,FALSE,TRUE,-0.76058846099999999,1.022337252,NA,NA,-0.68646330499999997,0.903225806,-0.62003137200000003,No,No,NA,949,Alter et al. 2024,schutter m nozawa y kurihara h,platygyra contorta,normal,ph,3.68,1.72,1.229837,3.846037,5,5,NA,NA,NA,NA,NA,NA,NA,NA,NA,NA,NA,NA,NA,NA,NA,NA,NA,NA,NA,NA,not_matched_in_alter_sheet,NA,NA
Alter et al. 2024,1514_AltersInvert,51,NA,NA,Yes,NA,"Schutter M, Nozawa Y, Kurihara H",NA,2014,NA,NA,NA,NA,Marine,NA,Zooplankton,Meroplankton,Cnidaria,Acropora hyacinthus,NA,NA,pH,NA,NA,NA,5,5,NA,478,27,1034,27,556,0,NA,NA,NA,51_Acropora_hyacinthus_EMBRYO_CO2478.00_pH8.11_T27.,3.0145205389999998,27,Normal,Reproduction,NA,NA,NA,11.27,6.372793736,8.09,18.08978994,NA,TRUE,TRUE,-0.331515597,1.063950197,NA,NA,-0.23447954700000001,0.903225806,-0.21178797799999999,No,No,NA,950,Alter et al. 2024,schutter m nozawa y kurihara h,acropora hyacinthus,normal,ph,11.27,8.09,6.372794,18.08979,5,5,NA,NA,NA,NA,NA,NA,NA,NA,NA,NA,NA,NA,NA,NA,NA,NA,NA,NA,NA,NA,not_matched_in_alter_sheet,NA,NA
Alter et al. 2024,1515_AltersInvert,51,NA,NA,Yes,NA,"Schutter M, Nozawa Y, Kurihara H",NA,2014,NA,NA,NA,NA,Marine,NA,Zooplankton,Meroplankton,Cnidaria,Acropora hyacinthus,NA,NA,pH,NA,NA,NA,5,5,NA,404,27,934,27,530,0,NA,NA,NA,51_Acropora_hyacinthus_EMBRYO_CO2404.00_pH8.18_T27.,2.9703468759999998,27,Fertilization,Reproduction,NA,NA,NA,41.89,5.634891303,47.97,4.96407091,NA,FALSE,TRUE,0.13552868100000001,5.7606699999999999E-3,NA,NA,1.1449911429999999,0.903225806,1.034185548,No,No,NA,951,Alter et al. 2024,schutter m nozawa y kurihara h,acropora hyacinthus,fertilization,ph,41.89,47.97,5.634891,4.964071,5,5,NA,NA,NA,NA,NA,NA,NA,NA,NA,NA,NA,NA,NA,NA,NA,NA,NA,NA,NA,NA,not_matched_in_alter_sheet,NA,NA
Alter et al. 2024,1500_AltersInvert,51,NA,NA,Yes,NA,"Schutter M, Nozawa Y, Kurihara H",NA,2015,NA,NA,NA,NA,Marine,NA,Zooplankton,Meroplankton,Cnidaria,Acropora hyacinthus,NA,NA,T,NA,NA,NA,5,5,NA,478,27,526,31,48,4,NA,NA,NA,51_Acropora_hyacinthus_EMBRYO_CO2478.00_pH8.11_T27.,2.720985744,27,Normal,Development,NA,NA,NA,11.27,6.372793736,93.87,209.899701,NA,TRUE,TRUE,2.119766518,1.063950197,NA,NA,0.556266814,0.903225806,0.50243454200000004,No,No,NA,952,Alter et al. 2024,schutter m nozawa y kurihara h,acropora hyacinthus,normal,t,11.27,93.87,6.372794,209.899701,5,5,NA,NA,NA,NA,NA,NA,NA,NA,NA,NA,NA,NA,NA,NA,NA,NA,NA,NA,NA,NA,not_matched_in_alter_sheet,NA,NA
Alter et al. 2024,1503_AltersInvert,51,NA,NA,Yes,NA,"Schutter M, Nozawa Y, Kurihara H",NA,2015,NA,NA,NA,NA,Marine,NA,Zooplankton,Meroplankton,Cnidaria,Acropora hyacinthus,NA,NA,T,NA,NA,NA,5,5,NA,404,27,446,31,42,4,NA,NA,NA,51_Acropora_hyacinthus_EMBRYO_CO2404.00_pH8.18_T27.,2.6493348590000001,27,Normal,Development,NA,NA,NA,8.09,4.405053916,70.34,157.2850215,NA,TRUE,TRUE,2.1627118959999998,1.0592973670000001,NA,NA,0.55949566699999997,0.903225806,0.50535092500000001,No,No,NA,953,Alter et al. 2024,schutter m nozawa y kurihara h,acropora hyacinthus,normal,t,8.09,70.34,4.405054,157.285022,5,5,NA,NA,NA,NA,NA,NA,NA,NA,NA,NA,NA,NA,NA,NA,NA,NA,NA,NA,NA,NA,not_matched_in_alter_sheet,NA,NA
Alter et al. 2024,1504_AltersInvert,51,NA,NA,Yes,NA,"Schutter M, Nozawa Y, Kurihara H",NA,2015,NA,NA,NA,NA,Marine,NA,Zooplankton,Meroplankton,Cnidaria,Acropora hyacinthus,NA,NA,T,NA,NA,NA,5,5,NA,404,27,446,31,42,4,NA,NA,NA,51_Acropora_hyacinthus_EMBRYO_CO2404.00_pH8.18_T27.,2.6493348590000001,27,Fertilization,Reproduction,NA,NA,NA,41.89,5.634891303,20.72,5.187677708,NA,FALSE,TRUE,-0.703947718,1.6156014E-2,NA,NA,-3.9088591350000002,0.903225806,-3.5305824440000002,No,No,NA,954,Alter et al. 2024,schutter m nozawa y kurihara h,acropora hyacinthus,fertilization,t,41.89,20.72,5.634891,5.187678,5,5,NA,NA,NA,NA,NA,NA,NA,NA,NA,NA,NA,NA,NA,NA,NA,NA,NA,NA,NA,NA,not_matched_in_alter_sheet,NA,NA
Alter et al. 2024,1505_AltersInvert,51,NA,NA,Yes,NA,"Schutter M, Nozawa Y, Kurihara H",NA,2015,NA,NA,NA,NA,Marine,NA,Zooplankton,Meroplankton,Cnidaria,Platygyra contorta,NA,NA,T,NA,NA,NA,5,5,NA,550,27,558,31,8,4,NA,NA,NA,51_Platygyra_contorta_EMBRYO_CO2550.00_pH8.06_T27.,2.7466341989999998,27,Fertilization,Reproduction,NA,NA,NA,97.3,1.118033989,74.55,5.187677708,NA,FALSE,TRUE,-0.26632894800000001,9.9486400000000003E-4,NA,NA,-6.0626800809999999,0.903225806,-5.475969106,No,No,NA,955,Alter et al. 2024,schutter m nozawa y kurihara h,platygyra contorta,fertilization,t,97.3,74.55,1.118034,5.187678,5,5,NA,NA,NA,NA,NA,NA,NA,NA,NA,NA,NA,NA,NA,NA,NA,NA,NA,NA,NA,NA,not_matched_in_alter_sheet,NA,NA
Alter et al. 2024,1510_AltersInvert,51,NA,NA,Yes,NA,"Schutter M, Nozawa Y, Kurihara H",NA,2015,NA,NA,NA,NA,Marine,NA,Zooplankton,Meroplankton,Cnidaria,Acropora hyacinthus,NA,NA,T,NA,NA,NA,5,5,NA,478,27,526,31,48,4,NA,NA,NA,51_Acropora_hyacinthus_EMBRYO_CO2478.00_pH8.11_T27.,2.720985744,27,Fertilization,Development,NA,NA,NA,98.65,0.894427191,98.42,0.223606798,NA,TRUE,TRUE,-2.3341970000000001E-3,1.7499999999999998E-5,NA,NA,-0.35280389499999998,0.903225806,-0.318661582,No,No,NA,956,Alter et al. 2024,schutter m nozawa y kurihara h,acropora hyacinthus,fertilization,t,98.65,98.42,0.894427,0.223607,5,5,NA,NA,NA,NA,NA,NA,NA,NA,NA,NA,NA,NA,NA,NA,NA,NA,NA,NA,NA,NA,not_matched_in_alter_sheet,NA,NA
Alter et al. 2024,1499_AltersInvert,51,NA,NA,Yes,NA,"Schutter M, Nozawa Y, Kurihara H",NA,2015,NA,NA,NA,NA,Marine,NA,Zooplankton,Meroplankton,Cnidaria,Acropora hyacinthus,NA,NA,TpH,NA,NA,NA,5,5,NA,478,27,939,31,461,4,NA,NA,NA,51_Acropora_hyacinthus_EMBRYO_CO2478.00_pH8.11_T27.,2.9726655919999998,27,Normal,Development,NA,NA,NA,11.27,6.372793736,99.02,221.4154511,NA,TRUE,TRUE,2.173177522,1.063950197,NA,NA,0.56024035299999997,0.903225806,0.50602354500000002,No,No,NA,957,Alter et al. 2024,schutter m nozawa y kurihara h,acropora hyacinthus,normal,tph,11.27,99.02,6.372794,221.415451,5,5,NA,NA,NA,NA,NA,NA,NA,NA,NA,NA,NA,NA,NA,NA,NA,NA,NA,NA,NA,NA,not_matched_in_alter_sheet,NA,NA
Alter et al. 2024,1501_AltersInvert,51,NA,NA,Yes,NA,"Schutter M, Nozawa Y, Kurihara H",NA,2015,NA,NA,NA,NA,Marine,NA,Zooplankton,Meroplankton,Cnidaria,Acropora hyacinthus,NA,NA,TpH,NA,NA,NA,5,5,NA,404,27,863,31,459,4,NA,NA,NA,51_Acropora_hyacinthus_EMBRYO_CO2404.00_pH8.18_T27.,2.9360107960000001,27,Fertilization,Development,NA,NA,NA,41.89,5.634891303,7.66,2.929249051,NA,TRUE,TRUE,-1.6990351509999999,3.2866182000000001E-2,NA,NA,-7.6224454619999999,0.903225806,-6.8847894500000004,No,No,NA,958,Alter et al. 2024,schutter m nozawa y kurihara h,acropora hyacinthus,fertilization,tph,41.89,7.66,5.634891,2.929249,5,5,NA,NA,NA,NA,NA,NA,NA,NA,NA,NA,NA,NA,NA,NA,NA,NA,NA,NA,NA,NA,not_matched_in_alter_sheet,NA,NA
Alter et al. 2024,1502_AltersInvert,51,NA,NA,Yes,NA,"Schutter M, Nozawa Y, Kurihara H",NA,2015,NA,NA,NA,NA,Marine,NA,Zooplankton,Meroplankton,Cnidaria,Acropora hyacinthus,NA,NA,TpH,NA,NA,NA,5,5,NA,404,27,863,31,459,4,NA,NA,NA,51_Acropora_hyacinthus_EMBRYO_CO2404.00_pH8.18_T27.,2.9360107960000001,27,Normal,Development,NA,NA,NA,8.09,4.405053916,77.45,173.1834649,NA,TRUE,TRUE,2.2590038360000002,1.0592973670000001,NA,NA,0.56620958099999996,0.903225806,0.51141510499999998,No,No,NA,959,Alter et al. 2024,schutter m nozawa y kurihara h,acropora hyacinthus,normal,tph,8.09,77.45,4.405054,173.183465,5,5,NA,NA,NA,NA,NA,NA,NA,NA,NA,NA,NA,NA,NA,NA,NA,NA,NA,NA,NA,NA,not_matched_in_alter_sheet,NA,NA
Alter et al. 2024,1506_AltersInvert,51,NA,NA,Yes,NA,"Schutter M, Nozawa Y, Kurihara H",NA,2015,NA,NA,NA,NA,Marine,NA,Zooplankton,Meroplankton,Cnidaria,Platygyra contorta,NA,NA,TpH,NA,NA,NA,5,5,NA,550,27,1001,31,451,4,NA,NA,NA,51_Platygyra_contorta_EMBRYO_CO2550.00_pH8.06_T27.,3.000434077,27,Fertilization,Reproduction,NA,NA,NA,97.3,1.118033989,84.01,3.600069444,NA,FALSE,TRUE,-0.14686315,3.9367999999999998E-4,NA,NA,-4.9858051210000003,0.903225806,-4.5033078509999998,No,No,NA,960,Alter et al. 2024,schutter m nozawa y kurihara h,platygyra contorta,fertilization,tph,97.3,84.01,1.118034,3.600069,5,5,NA,NA,NA,NA,NA,NA,NA,NA,NA,NA,NA,NA,NA,NA,NA,NA,NA,NA,NA,NA,not_matched_in_alter_sheet,NA,NA
Alter et al. 2024,1507_AltersInvert,51,NA,NA,Yes,NA,"Schutter M, Nozawa Y, Kurihara H",NA,2015,NA,NA,NA,NA,Marine,NA,Zooplankton,Meroplankton,Cnidaria,Platygyra contorta,NA,NA,TpH,NA,NA,NA,5,5,NA,550,27,1001,31,451,4,NA,NA,NA,51_Platygyra_contorta_EMBRYO_CO2550.00_pH8.06_T27.,3.000434077,27,Normal,Development,NA,NA,NA,3.68,1.229837388,14.95,33.42921626,NA,FALSE,TRUE,1.4017985479999999,1.022337252,NA,NA,0.47645185200000001,0.903225806,0.43034360799999999,No,No,NA,961,Alter et al. 2024,schutter m nozawa y kurihara h,platygyra contorta,normal,tph,3.68,14.95,1.229837,33.429216,5,5,NA,NA,NA,NA,NA,NA,NA,NA,NA,NA,NA,NA,NA,NA,NA,NA,NA,NA,NA,NA,not_matched_in_alter_sheet,NA,NA
Alter et al. 2024,1509_AltersInvert,51,NA,NA,Yes,NA,"Schutter M, Nozawa Y, Kurihara H",NA,2015,NA,NA,NA,NA,Marine,NA,Zooplankton,Meroplankton,Cnidaria,Acropora hyacinthus,NA,NA,TpH,NA,NA,NA,5,5,NA,478,27,939,31,461,4,NA,NA,NA,51_Acropora_hyacinthus_EMBRYO_CO2478.00_pH8.11_T27.,2.9726655919999998,27,Fertilization,Development,NA,NA,NA,98.65,0.894427191,95.05,2.258428657,NA,TRUE,TRUE,-3.7175163999999997E-2,1.29352E-4,NA,NA,-2.0959122269999999,0.903225806,-1.893082012,No,No,NA,962,Alter et al. 2024,schutter m nozawa y kurihara h,acropora hyacinthus,fertilization,tph,98.65,95.05,0.894427,2.258429,5,5,NA,NA,NA,NA,NA,NA,NA,NA,NA,NA,NA,NA,NA,NA,NA,NA,NA,NA,NA,NA,not_matched_in_alter_sheet,NA,NA
Alter et al. 2024,537_AltersInvert,37,NA,NA,Yes,NA,"Sheppard Brennand H, Soars N, Dworjanyn SA, Davis AR, Byrne M",NA,2010,NA,NA,NA,NA,Marine,NA,Zooplankton,Meroplankton,Echinoderm,Tripneustes gratilla,NA,NA,pH,NA,NA,NA,35,35,NA,448,23.5,1142,23.5,694,0,NA,NA,NA,37_Tripneustes_gratilla_LARVA_CO2448.00_pH8.13_T23.5,3.0576661039999999,23.5,Normal,Development,NA,NA,NA,7.3,6.803491751,9.28,6.803491751,NA,FALSE,TRUE,0.23998719900000001,4.0173803000000001E-2,NA,NA,0.29102703000000002,0.988929889,0.287805329,No,No,NA,963,Alter et al. 2024,sheppard brennand h soars n dworjanyn sa davis ar byrne m,tripneustes gratilla,normal,ph,7.3,9.28,6.803492,6.803492,35,35,NA,NA,NA,NA,NA,NA,NA,NA,NA,NA,NA,NA,NA,NA,NA,NA,NA,NA,NA,NA,not_matched_in_alter_sheet,NA,NA
Alter et al. 2024,538_AltersInvert,37,NA,NA,Yes,NA,"Sheppard Brennand H, Soars N, Dworjanyn SA, Davis AR, Byrne M",NA,2010,NA,NA,NA,NA,Marine,NA,Zooplankton,Meroplankton,Echinoderm,Tripneustes gratilla,NA,NA,pH,NA,NA,NA,35,35,NA,448,23.5,1886,23.5,1438,0,NA,NA,NA,37_Tripneustes_gratilla_LARVA_CO2448.00_pH8.13_T23.5,3.2755416880000001,23.5,growth rate,Growth,NA,NA,NA,138.67,47.32863826,110.67,39.40109136,NA,FALSE,TRUE,-0.225544209,6.9497439999999999E-3,NA,NA,-0.64300348399999996,0.988929889,-0.63588536500000004,No,No,NA,964,Alter et al. 2024,sheppard brennand h soars n dworjanyn sa davis ar byrne m,tripneustes gratilla,growth rate,ph,138.67,110.67,47.328638,39.401091,35,35,NA,NA,NA,NA,NA,NA,NA,NA,NA,NA,NA,NA,NA,NA,NA,NA,NA,NA,NA,NA,not_matched_in_alter_sheet,NA,NA
Alter et al. 2024,539_AltersInvert,37,NA,NA,Yes,NA,"Sheppard Brennand H, Soars N, Dworjanyn SA, Davis AR, Byrne M",NA,2017,NA,NA,NA,NA,Marine,NA,Zooplankton,Meroplankton,Echinoderm,Tripneustes gratilla,NA,NA,pH,NA,NA,NA,35,35,NA,448,23.5,1142,23.5,694,0,NA,NA,NA,37_Tripneustes_gratilla_LARVA_CO2448.00_pH8.13_T23.5,3.0576661039999999,23.5,growth rate,Growth,NA,NA,NA,138.67,47.32863826,119.33,35.4964787,NA,FALSE,TRUE,-0.15020424499999999,5.8563950000000004E-3,NA,NA,-0.462314426,0.988929889,-0.45719655399999998,No,No,NA,965,Alter et al. 2024,sheppard brennand h soars n dworjanyn sa davis ar byrne m,tripneustes gratilla,growth rate,ph,138.67,119.33,47.328638,35.496479,35,35,NA,NA,NA,NA,NA,NA,NA,NA,NA,NA,NA,NA,NA,NA,NA,NA,NA,NA,NA,NA,not_matched_in_alter_sheet,NA,NA
Alter et al. 2024,540_AltersInvert,37,NA,NA,Yes,NA,"Sheppard Brennand H, Soars N, Dworjanyn SA, Davis AR, Byrne M",NA,2017,NA,NA,NA,NA,Marine,NA,Zooplankton,Meroplankton,Echinoderm,Tripneustes gratilla,NA,NA,pH,NA,NA,NA,35,35,NA,448,23.5,1886,23.5,1438,0,NA,NA,NA,37_Tripneustes_gratilla_LARVA_CO2448.00_pH8.13_T23.5,3.2755416880000001,23.5,Normal,Development,NA,NA,NA,7.3,6.803491751,7.42,6.448526964,NA,TRUE,TRUE,1.6304709000000001E-2,4.6396727999999998E-2,NA,NA,1.8103955000000001E-2,0.988929889,1.7903542000000001E-2,No,No,NA,966,Alter et al. 2024,sheppard brennand h soars n dworjanyn sa davis ar byrne m,tripneustes gratilla,normal,ph,7.3,7.42,6.803492,6.448527,35,35,NA,NA,NA,NA,NA,NA,NA,NA,NA,NA,NA,NA,NA,NA,NA,NA,NA,NA,NA,NA,not_matched_in_alter_sheet,NA,NA
Alter et al. 2024,536_AltersInvert,37,NA,NA,Yes,NA,"Sheppard Brennand H, Soars N, Dworjanyn SA, Davis AR, Byrne M",NA,2010,NA,NA,NA,NA,Marine,NA,Zooplankton,Meroplankton,Echinoderm,Tripneustes gratilla,NA,NA,T,NA,NA,NA,35,35,NA,448,23.5,455,26.1,7,2.6000000000000014,NA,NA,NA,37_Tripneustes_gratilla_LARVA_CO2448.00_pH8.13_T23.5,2.6580113970000001,23.5,Normal,Development,NA,NA,NA,7.3,6.803491751,12.16,6.803491751,NA,FALSE,TRUE,0.51027752800000004,3.3760972E-2,NA,NA,0.71433907399999996,0.988929889,0.70643126199999995,No,No,NA,967,Alter et al. 2024,sheppard brennand h soars n dworjanyn sa davis ar byrne m,tripneustes gratilla,normal,t,7.3,12.16,6.803492,6.803492,35,35,NA,NA,NA,NA,NA,NA,NA,NA,NA,NA,NA,NA,NA,NA,NA,NA,NA,NA,NA,NA,not_matched_in_alter_sheet,NA,NA
Alter et al. 2024,543_AltersInvert,37,NA,NA,Yes,NA,"Sheppard Brennand H, Soars N, Dworjanyn SA, Davis AR, Byrne M",NA,2017,NA,NA,NA,NA,Marine,NA,Zooplankton,Meroplankton,Echinoderm,Tripneustes gratilla,NA,NA,T,NA,NA,NA,35,35,NA,448,23.5,455,26.1,7,2.6000000000000014,NA,NA,NA,37_Tripneustes_gratilla_LARVA_CO2448.00_pH8.13_T23.5,2.6580113970000001,23.5,growth rate,Growth,NA,NA,NA,138.67,47.32863826,178.67,23.66431913,NA,FALSE,TRUE,0.25344351900000001,3.829449E-3,NA,NA,1.069044968,0.988929889,1.0572105220000001,No,No,NA,968,Alter et al. 2024,sheppard brennand h soars n dworjanyn sa davis ar byrne m,tripneustes gratilla,growth rate,t,138.67,178.67,47.328638,23.664319,35,35,NA,NA,NA,NA,NA,NA,NA,NA,NA,NA,NA,NA,NA,NA,NA,NA,NA,NA,NA,NA,not_matched_in_alter_sheet,NA,NA
Alter et al. 2024,534_AltersInvert,37,NA,NA,Yes,NA,"Sheppard Brennand H, Soars N, Dworjanyn SA, Davis AR, Byrne M",NA,2010,NA,NA,NA,NA,Marine,NA,Zooplankton,Meroplankton,Echinoderm,Tripneustes gratilla,NA,NA,TpH,NA,NA,NA,35,35,NA,448,23.5,1169,26.1,721,2.6000000000000014,NA,NA,NA,37_Tripneustes_gratilla_LARVA_CO2448.00_pH8.13_T23.5,3.0678145109999999,23.5,Normal,Development,NA,NA,NA,7.3,6.803491751,12.74,7.158456538,NA,FALSE,TRUE,0.55687230200000004,3.3837565E-2,NA,NA,0.77900915000000004,0.988929889,0.77038543299999995,No,No,NA,969,Alter et al. 2024,sheppard brennand h soars n dworjanyn sa davis ar byrne m,tripneustes gratilla,normal,tph,7.3,12.74,6.803492,7.158457,35,35,NA,NA,NA,NA,NA,NA,NA,NA,NA,NA,NA,NA,NA,NA,NA,NA,NA,NA,NA,NA,not_matched_in_alter_sheet,NA,NA
Alter et al. 2024,535_AltersInvert,37,NA,NA,Yes,NA,"Sheppard Brennand H, Soars N, Dworjanyn SA, Davis AR, Byrne M",NA,2010,NA,NA,NA,NA,Marine,NA,Zooplankton,Meroplankton,Echinoderm,Tripneustes gratilla,NA,NA,TpH,NA,NA,NA,35,35,NA,448,23.5,1938,26.1,1490,2.6000000000000014,NA,NA,NA,37_Tripneustes_gratilla_LARVA_CO2448.00_pH8.13_T23.5,3.287353773,23.5,Normal,Development,NA,NA,NA,7.3,6.803491751,12.67,7.572582122,NA,FALSE,TRUE,0.55136264599999996,3.5023301E-2,NA,NA,0.74600783999999998,0.988929889,0.73774945000000003,No,No,NA,970,Alter et al. 2024,sheppard brennand h soars n dworjanyn sa davis ar byrne m,tripneustes gratilla,normal,tph,7.3,12.67,6.803492,7.572582,35,35,NA,NA,NA,NA,NA,NA,NA,NA,NA,NA,NA,NA,NA,NA,NA,NA,NA,NA,NA,NA,not_matched_in_alter_sheet,NA,NA
Alter et al. 2024,541_AltersInvert,37,NA,NA,Yes,NA,"Sheppard Brennand H, Soars N, Dworjanyn SA, Davis AR, Byrne M",NA,2017,NA,NA,NA,NA,Marine,NA,Zooplankton,Meroplankton,Echinoderm,Tripneustes gratilla,NA,NA,TpH,NA,NA,NA,35,35,NA,448,23.5,1169,26.1,721,2.6000000000000014,NA,NA,NA,37_Tripneustes_gratilla_LARVA_CO2448.00_pH8.13_T23.5,3.0678145109999999,23.5,growth rate,Growth,NA,NA,NA,138.67,47.32863826,137.33,23.66431913,NA,FALSE,TRUE,-9.7102209999999998E-3,4.1766199999999998E-3,NA,NA,-3.5813006000000001E-2,0.988929889,-3.5416551999999997E-2,No,No,NA,971,Alter et al. 2024,sheppard brennand h soars n dworjanyn sa davis ar byrne m,tripneustes gratilla,growth rate,tph,138.67,137.33,47.328638,23.664319,35,35,NA,NA,NA,NA,NA,NA,NA,NA,NA,NA,NA,NA,NA,NA,NA,NA,NA,NA,NA,NA,not_matched_in_alter_sheet,NA,NA
Alter et al. 2024,542_AltersInvert,37,NA,NA,Yes,NA,"Sheppard Brennand H, Soars N, Dworjanyn SA, Davis AR, Byrne M",NA,2017,NA,NA,NA,NA,Marine,NA,Zooplankton,Meroplankton,Echinoderm,Tripneustes gratilla,NA,NA,TpH,NA,NA,NA,35,35,NA,448,23.5,1938,26.1,1490,2.6000000000000014,NA,NA,NA,37_Tripneustes_gratilla_LARVA_CO2448.00_pH8.13_T23.5,3.287353773,23.5,growth rate,Growth,NA,NA,NA,138.67,47.32863826,138.67,31.53270524,NA,FALSE,TRUE,0,4.8056130000000002E-3,NA,NA,0,0.988929889,0,No,No,NA,972,Alter et al. 2024,sheppard brennand h soars n dworjanyn sa davis ar byrne m,tripneustes gratilla,growth rate,tph,138.67,138.67,47.328638,31.532705,35,35,NA,NA,NA,NA,NA,NA,NA,NA,NA,NA,NA,NA,NA,NA,NA,NA,NA,NA,NA,NA,not_matched_in_alter_sheet,NA,NA
Alter et al. 2024,268_AltersInvert,14,NA,NA,Yes,NA,"Small DP, Calosi P, Boothroyd D, Widdicombe S, Spicer J",NA,2015,NA,NA,NA,NA,Marine,NA,Zooplankton,Meroplankton,Arthropoda,Homarus americanus,NA,NA,pH,NA,NA,NA,6,6,NA,454,17.2,1154,17.2,700,0,NA,NA,NA,14_Homarus_americanus_LARVA_CO2454.00_pH8.08_T17.2,3.0622058089999999,17.2,Survival,Survival,NA,NA,NA,7.77,4.066152973,7.28,5.413372332,NA,TRUE,FALSE,-6.5139301999999996E-2,0.13779860799999999,NA,NA,-0.102352228,0.923076923,-9.4478980000000004E-2,No,No,NA,973,Alter et al. 2024,small dp calosi p boothroyd d widdicombe s spicer j,homarus americanus,survival,ph,7.77,7.28,4.066153,5.413372,6,6,NA,NA,NA,NA,NA,NA,NA,NA,NA,NA,NA,NA,NA,NA,NA,NA,NA,NA,NA,NA,not_matched_in_alter_sheet,NA,NA
Alter et al. 2024,269_AltersInvert,14,NA,NA,Yes,NA,"Small DP, Calosi P, Boothroyd D, Widdicombe S, Spicer J",NA,2010,NA,NA,NA,NA,Marine,NA,Zooplankton,Meroplankton,Arthropoda,Homarus americanus,NA,NA,pH,NA,NA,NA,18,18,NA,454,17.2,1154,17.2,700,0,NA,NA,NA,14_Homarus_americanus_LARVA_CO2454.00_pH8.08_T17.2,3.0622058089999999,17.2,Length,Growth,NA,NA,NA,13.31,1.527350647,13.2,1.654629868,NA,TRUE,TRUE,-8.2988030000000004E-3,1.6044919999999999E-3,NA,NA,-6.9084085000000003E-2,0.977777778,-6.7548883000000004E-2,No,No,NA,974,Alter et al. 2024,small dp calosi p boothroyd d widdicombe s spicer j,homarus americanus,length,ph,13.31,13.2,1.527351,1.65463,18,18,NA,NA,NA,NA,NA,NA,NA,NA,NA,NA,NA,NA,NA,NA,NA,NA,NA,NA,NA,NA,not_matched_in_alter_sheet,NA,NA
Alter et al. 2024,271_AltersInvert,14,NA,NA,Yes,NA,"Small DP, Calosi P, Boothroyd D, Widdicombe S, Spicer J",NA,2010,NA,NA,NA,NA,Marine,NA,Zooplankton,Meroplankton,Arthropoda,Homarus americanus,NA,NA,pH,NA,NA,NA,9,9,NA,454,17.2,1154,17.2,700,0,NA,NA,NA,14_Homarus_americanus_LARVA_CO2454.00_pH8.08_T17.2,3.0622058089999999,17.2,Calcium content,Physiology,NA,NA,NA,3.81,0.93,4.04,0.99,NA,TRUE,TRUE,5.8615502999999999E-2,1.3292375E-2,NA,NA,0.23946643500000001,0.952380952,0.22806327100000001,No,No,NA,975,Alter et al. 2024,small dp calosi p boothroyd d widdicombe s spicer j,homarus americanus,calcium content,ph,3.81,4.04,0.93,0.99,9,9,NA,NA,NA,NA,NA,NA,NA,NA,NA,NA,NA,NA,NA,NA,NA,NA,NA,NA,NA,NA,not_matched_in_alter_sheet,NA,NA
Alter et al. 2024,266_AltersInvert,14,NA,NA,Yes,NA,"Small DP, Calosi P, Boothroyd D, Widdicombe S, Spicer J",NA,2015,NA,NA,NA,NA,Marine,NA,Zooplankton,Meroplankton,Arthropoda,Homarus americanus,NA,NA,T,NA,NA,NA,18,18,NA,454,17.2,426,21.3,-28,4.100000000000001,NA,NA,NA,14_Homarus_americanus_LARVA_CO2454.00_pH8.08_T17.2,2.6294095990000002,17.2,Length,Growth,NA,NA,NA,13.31,1.527350647,12.15,0.67882251,NA,TRUE,TRUE,-9.1186462999999995E-2,9.0497400000000001E-4,NA,NA,-0.981501293,0.977777778,-0.95969015300000005,No,No,NA,976,Alter et al. 2024,small dp calosi p boothroyd d widdicombe s spicer j,homarus americanus,length,t,13.31,12.15,1.527351,0.678823,18,18,NA,NA,NA,NA,NA,NA,NA,NA,NA,NA,NA,NA,NA,NA,NA,NA,NA,NA,NA,NA,not_matched_in_alter_sheet,NA,NA
Alter et al. 2024,270_AltersInvert,14,NA,NA,Yes,NA,"Small DP, Calosi P, Boothroyd D, Widdicombe S, Spicer J",NA,2010,NA,NA,NA,NA,Marine,NA,Zooplankton,Meroplankton,Arthropoda,Homarus americanus,NA,NA,T,NA,NA,NA,9,9,NA,454,17.2,426,21.3,-28,4.100000000000001,NA,NA,NA,14_Homarus_americanus_LARVA_CO2454.00_pH8.08_T17.2,2.6294095990000002,17.2,Calcium content,Physiology,NA,NA,NA,3.81,0.93,4.03,0.48,NA,TRUE,TRUE,5.6137186999999998E-2,8.1965030000000008E-3,NA,NA,0.297283725,0.952380952,0.283127358,No,No,NA,977,Alter et al. 2024,small dp calosi p boothroyd d widdicombe s spicer j,homarus americanus,calcium content,t,3.81,4.03,0.93,0.48,9,9,NA,NA,NA,NA,NA,NA,NA,NA,NA,NA,NA,NA,NA,NA,NA,NA,NA,NA,NA,NA,not_matched_in_alter_sheet,NA,NA
Alter et al. 2024,272_AltersInvert,14,NA,NA,Yes,NA,"Small DP, Calosi P, Boothroyd D, Widdicombe S, Spicer J",NA,2010,NA,NA,NA,NA,Marine,NA,Zooplankton,Meroplankton,Arthropoda,Homarus americanus,NA,NA,T,NA,NA,NA,6,6,NA,454,17.2,426,21.3,-28,4.100000000000001,NA,NA,NA,14_Homarus_americanus_LARVA_CO2454.00_pH8.08_T17.2,2.6294095990000002,17.2,Survival,Survival,NA,NA,NA,7.77,4.066152973,19.51,12.17396402,NA,FALSE,FALSE,0.92065699000000001,0.110536053,NA,NA,1.2935549500000001,0.923076923,1.1940507229999999,No,No,NA,978,Alter et al. 2024,small dp calosi p boothroyd d widdicombe s spicer j,homarus americanus,survival,t,7.77,19.51,4.066153,12.173964,6,6,NA,NA,NA,NA,NA,NA,NA,NA,NA,NA,NA,NA,NA,NA,NA,NA,NA,NA,NA,NA,not_matched_in_alter_sheet,NA,NA
Alter et al. 2024,265_AltersInvert,14,NA,NA,Yes,NA,"Small DP, Calosi P, Boothroyd D, Widdicombe S, Spicer J",NA,2015,NA,NA,NA,NA,Marine,NA,Zooplankton,Meroplankton,Arthropoda,Homarus americanus,NA,NA,TpH,NA,NA,NA,9,9,NA,454,17.2,1181,21.3,727,4.100000000000001,NA,NA,NA,14_Homarus_americanus_LARVA_CO2454.00_pH8.08_T17.2,3.0722498979999999,17.2,Calcium content,Physiology,NA,NA,NA,3.81,0.93,2.8,1.17,NA,FALSE,TRUE,-0.30800977200000001,2.6020746000000001E-2,NA,NA,-0.95568380900000005,0.952380952,-0.91017505600000004,No,No,NA,979,Alter et al. 2024,small dp calosi p boothroyd d widdicombe s spicer j,homarus americanus,calcium content,tph,3.81,2.8,0.93,1.17,9,9,NA,NA,NA,NA,NA,NA,NA,NA,NA,NA,NA,NA,NA,NA,NA,NA,NA,NA,NA,NA,not_matched_in_alter_sheet,NA,NA
Alter et al. 2024,267_AltersInvert,14,NA,NA,Yes,NA,"Small DP, Calosi P, Boothroyd D, Widdicombe S, Spicer J",NA,2015,NA,NA,NA,NA,Marine,NA,Zooplankton,Meroplankton,Arthropoda,Homarus americanus,NA,NA,TpH,NA,NA,NA,18,18,NA,454,17.2,1181,21.3,727,4.100000000000001,NA,NA,NA,14_Homarus_americanus_LARVA_CO2454.00_pH8.08_T17.2,3.0722498979999999,17.2,Length,Growth,NA,NA,NA,13.31,1.527350647,12.42,0.67882251,NA,TRUE,TRUE,-6.9207556000000003E-2,8.97516E-4,NA,NA,-0.753048406,0.977777778,-0.736313997,No,No,NA,980,Alter et al. 2024,small dp calosi p boothroyd d widdicombe s spicer j,homarus americanus,length,tph,13.31,12.42,1.527351,0.678823,18,18,NA,NA,NA,NA,NA,NA,NA,NA,NA,NA,NA,NA,NA,NA,NA,NA,NA,NA,NA,NA,not_matched_in_alter_sheet,NA,NA
Alter et al. 2024,273_AltersInvert,14,NA,NA,Yes,NA,"Small DP, Calosi P, Boothroyd D, Widdicombe S, Spicer J",NA,2010,NA,NA,NA,NA,Marine,NA,Zooplankton,Meroplankton,Arthropoda,Homarus americanus,NA,NA,TpH,NA,NA,NA,6,6,NA,454,17.2,1181,21.3,727,4.100000000000001,NA,NA,NA,14_Homarus_americanus_LARVA_CO2454.00_pH8.08_T17.2,3.0722498979999999,17.2,Survival,Survival,NA,NA,NA,7.77,4.066152973,25.38,23.00070868,NA,TRUE,FALSE,1.1836912980000001,0.18252550200000001,NA,NA,1.066229332,0.923076923,0.98421169100000006,No,No,NA,981,Alter et al. 2024,small dp calosi p boothroyd d widdicombe s spicer j,homarus americanus,survival,tph,7.77,25.38,4.066153,23.000709,6,6,NA,NA,NA,NA,NA,NA,NA,NA,NA,NA,NA,NA,NA,NA,NA,NA,NA,NA,NA,NA,not_matched_in_alter_sheet,NA,NA
Alter et al. 2024,1313_AltersInvert,236,NA,NA,Yes,NA,"Sparks, Foo, Uthicke, Byrne, Lamare",NA,2010,NA,NA,NA,NA,Marine,NA,Zooplankton,Meroplankton,Echinoderm,Acanthaster planci,NA,NA,pH,NA,NA,NA,75,75,NA,491,28,902,27,411,-1,NA,NA,NA,236_Acanthaster_planci_LARVA_CO2491.00_pH0.00_T28.,2.9552065380000001,28,Life-stage,Development,NA,NA,NA,69.86531987,1.185803587,64.30976431,2.54656179,NA,TRUE,FALSE,-8.2857912000000006E-2,2.4700000000000001E-5,NA,NA,-2.7968780089999998,0.994923858,-2.7826806589999999,No,No,NA,982,Alter et al. 2024,sparks foo uthicke byrne lamare,acanthaster planci,life stage,ph,69.86532,64.309764,1.185804,2.546562,75,75,NA,NA,NA,NA,NA,NA,NA,NA,NA,NA,NA,NA,NA,NA,NA,NA,NA,NA,NA,NA,not_matched_in_alter_sheet,NA,NA
Alter et al. 2024,1205_AltersInvert,236,NA,NA,Yes,NA,"Sparks, Foo, Uthicke, Byrne, Lamare",NA,2010,NA,NA,NA,NA,Marine,NA,Zooplankton,Meroplankton,Echinoderm,Acanthaster planci,NA,NA,T,NA,NA,NA,75,75,NA,491,28,564,30,73,2,NA,NA,NA,236_Acanthaster_planci_LARVA_CO2491.00_pH0.00_T28.,2.751279104,28,Life-stage,Development,NA,NA,NA,69.86531987,1.185803587,28.61952862,0.563742683,NA,FALSE,FALSE,-0.89248008300000004,9.0100000000000001E-6,NA,NA,-44.425678859999998,0.994923858,-44.200167800000003,No,Yes,NA,983,Alter et al. 2024,sparks foo uthicke byrne lamare,acanthaster planci,life stage,t,69.86532,28.619529,1.185804,0.563743,75,75,NA,NA,NA,NA,NA,NA,NA,NA,NA,NA,NA,NA,NA,NA,NA,NA,NA,NA,NA,NA,not_matched_in_alter_sheet,NA,NA
Alter et al. 2024,1303_AltersInvert,236,NA,NA,Yes,NA,"Sparks, Foo, Uthicke, Byrne, Lamare",NA,2018,NA,NA,NA,NA,Marine,NA,Zooplankton,Meroplankton,Echinoderm,Acanthaster planci,NA,NA,T,NA,NA,NA,75,75,NA,491,28,518,30,27,2,NA,NA,NA,236_Acanthaster_planci_LARVA_CO2491.00_pH0.00_T28.,2.71432976,28,Life-stage,Development,NA,NA,NA,69.86531987,1.185803587,59.25925926,0.894212539,NA,FALSE,FALSE,-0.164647345,6.8800000000000002E-6,NA,NA,-10.09930136,0.994923858,-10.04803587,No,Yes,NA,984,Alter et al. 2024,sparks foo uthicke byrne lamare,acanthaster planci,life stage,t,69.86532,59.259259,1.185804,0.894213,75,75,NA,NA,NA,NA,NA,NA,NA,NA,NA,NA,NA,NA,NA,NA,NA,NA,NA,NA,NA,NA,not_matched_in_alter_sheet,NA,NA
Alter et al. 2024,1285_AltersInvert,236,NA,NA,Yes,NA,"Sparks, Foo, Uthicke, Byrne, Lamare",NA,2010,NA,NA,NA,NA,Marine,NA,Zooplankton,Meroplankton,Echinoderm,Acanthaster planci,NA,NA,TpH,NA,NA,NA,75,75,NA,491,28,915,31,424,3,NA,NA,NA,236_Acanthaster_planci_LARVA_CO2491.00_pH0.00_T28.,2.9614210939999999,28,Life-stage,Development,NA,NA,NA,69.86531987,1.185803587,35.85858586,1.613470452,NA,FALSE,FALSE,-0.66698635500000003,3.0800000000000003E-5,NA,NA,-24.01813636,0.994923858,-23.896216880000001,No,Yes,NA,985,Alter et al. 2024,sparks foo uthicke byrne lamare,acanthaster planci,life stage,tph,69.86532,35.858586,1.185804,1.61347,75,75,NA,NA,NA,NA,NA,NA,NA,NA,NA,NA,NA,NA,NA,NA,NA,NA,NA,NA,NA,NA,not_matched_in_alter_sheet,NA,NA
Alter et al. 2024,1302_AltersInvert,236,NA,NA,Yes,NA,"Sparks, Foo, Uthicke, Byrne, Lamare",NA,2017,NA,NA,NA,NA,Marine,NA,Zooplankton,Meroplankton,Echinoderm,Acanthaster planci,NA,NA,TpH,NA,NA,NA,75,75,NA,491,28,950,30,459,2,NA,NA,NA,236_Acanthaster_planci_LARVA_CO2491.00_pH0.00_T28.,2.977723605,28,Life-stage,Development,NA,NA,NA,69.86531987,1.185803587,57.91245791,3.732365377,NA,FALSE,TRUE,-0.18763686299999999,5.9200000000000002E-5,NA,NA,-4.3163952229999998,0.994923858,-4.2944845870000004,No,No,NA,986,Alter et al. 2024,sparks foo uthicke byrne lamare,acanthaster planci,life stage,tph,69.86532,57.912458,1.185804,3.732365,75,75,NA,NA,NA,NA,NA,NA,NA,NA,NA,NA,NA,NA,NA,NA,NA,NA,NA,NA,NA,NA,not_matched_in_alter_sheet,NA,NA
Alter et al. 2024,1401_AltersInvert,49,NA,NA,Yes,NA,"Van Colen C, Jansson A, Saunier A, Lacoue-Labathe T, Vincx M",NA,2018,NA,NA,NA,NA,Marine,NA,Zooplankton,Meroplankton,Mollusca,Limecola balthica,NA,NA,pH,NA,NA,NA,5,5,NA,681,15,1970,15,1289,0,NA,NA,NA,49_Limecola_balthica_EMBRYO_CO2681.00_pH7.87_T15.,3.2944662259999999,15,developmental success,Development,NA,NA,NA,38.97,3.465905365,12.76,3.846036921,NA,TRUE,TRUE,-1.1164768410000001,1.9752011999999999E-2,NA,NA,-7.1594253239999999,0.903225806,-6.4665777120000003,No,No,NA,990,Alter et al. 2024,van colen c jansson a saunier a lacoue labathe t vincx m,limecola balthica,developmental success,ph,38.97,12.76,3.465905,3.846037,5,5,NA,NA,NA,NA,NA,NA,NA,NA,NA,NA,NA,NA,NA,NA,NA,NA,NA,NA,NA,NA,not_matched_in_alter_sheet,NA,NA
Alter et al. 2024,1403_AltersInvert,49,NA,NA,Yes,NA,"Van Colen C, Jansson A, Saunier A, Lacoue-Labathe T, Vincx M",NA,2018,NA,NA,NA,NA,Marine,NA,Zooplankton,Meroplankton,Mollusca,Limecola balthica,NA,NA,pH,NA,NA,NA,5,5,NA,848,15,2717,15,1869,0,NA,NA,NA,49_Limecola_balthica_EMBRYO_CO2848.00_pH7.80_T15.,3.4340896380000001,15,developmental success,Development,NA,NA,NA,22.07,6.93181073,8.28,4.248529157,NA,FALSE,TRUE,-0.980376252,7.2385458E-2,NA,NA,-2.3987143560000002,0.903225806,-2.1665807080000001,No,No,NA,991,Alter et al. 2024,van colen c jansson a saunier a lacoue labathe t vincx m,limecola balthica,developmental success,ph,22.07,8.28,6.931811,4.2485290000000004,5,5,NA,NA,NA,NA,NA,NA,NA,NA,NA,NA,NA,NA,NA,NA,NA,NA,NA,NA,NA,NA,not_matched_in_alter_sheet,NA,NA
Alter et al. 2024,1404_AltersInvert,49,NA,NA,Yes,NA,"Van Colen C, Jansson A, Saunier A, Lacoue-Labathe T, Vincx M",NA,2018,NA,NA,NA,NA,Marine,NA,Zooplankton,Meroplankton,Mollusca,Limecola balthica,NA,NA,pH,NA,NA,NA,5,5,NA,681,15,1633,15,952,0,NA,NA,NA,49_Limecola_balthica_EMBRYO_CO2681.00_pH7.87_T15.,3.2129861850000001,15,developmental success,Development,NA,NA,NA,38.97,3.465905365,15.86,4.628660713,NA,FALSE,TRUE,-0.89899190299999998,1.8616679000000001E-2,NA,NA,-5.6519887759999996,0.903225806,-5.1050221200000001,No,No,NA,992,Alter et al. 2024,van colen c jansson a saunier a lacoue labathe t vincx m,limecola balthica,developmental success,ph,38.97,15.86,3.465905,4.628661,5,5,NA,NA,NA,NA,NA,NA,NA,NA,NA,NA,NA,NA,NA,NA,NA,NA,NA,NA,NA,NA,not_matched_in_alter_sheet,NA,NA
Alter et al. 2024,1405_AltersInvert,49,NA,NA,Yes,NA,"Van Colen C, Jansson A, Saunier A, Lacoue-Labathe T, Vincx M",NA,2018,NA,NA,NA,NA,Marine,NA,Zooplankton,Meroplankton,Mollusca,Limecola balthica,NA,NA,pH,NA,NA,NA,5,5,NA,681,15,1410,15,729,0,NA,NA,NA,49_Limecola_balthica_EMBRYO_CO2681.00_pH7.87_T15.,3.149219113,15,developmental success,Development,NA,NA,NA,38.97,3.465905365,16.21,6.551679174,NA,FALSE,TRUE,-0.87716378399999995,3.4253496000000001E-2,NA,NA,-4.3426495730000001,0.903225806,-3.9223931620000001,No,No,NA,993,Alter et al. 2024,van colen c jansson a saunier a lacoue labathe t vincx m,limecola balthica,developmental success,ph,38.97,16.21,3.465905,6.551679,5,5,NA,NA,NA,NA,NA,NA,NA,NA,NA,NA,NA,NA,NA,NA,NA,NA,NA,NA,NA,NA,not_matched_in_alter_sheet,NA,NA
Alter et al. 2024,1408_AltersInvert,49,NA,NA,Yes,NA,"Van Colen C, Jansson A, Saunier A, Lacoue-Labathe T, Vincx M",NA,2018,NA,NA,NA,NA,Marine,NA,Zooplankton,Meroplankton,Mollusca,Limecola balthica,NA,NA,pH,NA,NA,NA,5,5,NA,366,15,1315,15,949,0,NA,NA,NA,49_Limecola_balthica_EMBRYO_CO2366.00_pH8.09_T15.,3.1189257530000001,15,developmental success,Development,NA,NA,NA,70.34,6.93181073,41.21,10.01758454,NA,FALSE,TRUE,-0.53465968200000002,1.3760496000000001E-2,NA,NA,-3.3817041109999999,0.903225806,-3.0544424229999998,No,No,NA,994,Alter et al. 2024,van colen c jansson a saunier a lacoue labathe t vincx m,limecola balthica,developmental success,ph,70.34,41.21,6.931811,10.017585,5,5,NA,NA,NA,NA,NA,NA,NA,NA,NA,NA,NA,NA,NA,NA,NA,NA,NA,NA,NA,NA,not_matched_in_alter_sheet,NA,NA
Alter et al. 2024,1409_AltersInvert,49,NA,NA,Yes,NA,"Van Colen C, Jansson A, Saunier A, Lacoue-Labathe T, Vincx M",NA,2018,NA,NA,NA,NA,Marine,NA,Zooplankton,Meroplankton,Mollusca,Limecola balthica,NA,NA,pH,NA,NA,NA,5,5,NA,366,15,956,15,590,0,NA,NA,NA,49_Limecola_balthica_EMBRYO_CO2366.00_pH8.09_T15.,2.980457892,15,developmental success,Development,NA,NA,NA,70.34,6.93181073,42.41,10.01758454,NA,FALSE,TRUE,-0.50595644399999995,1.3101162E-2,NA,NA,-3.2423960119999999,0.903225806,-2.9286157529999999,No,No,NA,995,Alter et al. 2024,van colen c jansson a saunier a lacoue labathe t vincx m,limecola balthica,developmental success,ph,70.34,42.41,6.931811,10.017585,5,5,NA,NA,NA,NA,NA,NA,NA,NA,NA,NA,NA,NA,NA,NA,NA,NA,NA,NA,NA,NA,not_matched_in_alter_sheet,NA,NA
Alter et al. 2024,1410_AltersInvert,49,NA,NA,Yes,NA,"Van Colen C, Jansson A, Saunier A, Lacoue-Labathe T, Vincx M",NA,2018,NA,NA,NA,NA,Marine,NA,Zooplankton,Meroplankton,Mollusca,Limecola balthica,NA,NA,pH,NA,NA,NA,5,5,NA,681,15,1123,15,442,0,NA,NA,NA,49_Limecola_balthica_EMBRYO_CO2681.00_pH7.87_T15.,3.0503797559999999,15,developmental success,Development,NA,NA,NA,38.97,3.465905365,24.48,5.791416062,NA,FALSE,TRUE,-0.46493566200000003,1.2775764E-2,NA,NA,-3.0361616580000002,0.903225806,-2.7423395620000002,No,No,NA,996,Alter et al. 2024,van colen c jansson a saunier a lacoue labathe t vincx m,limecola balthica,developmental success,ph,38.97,24.48,3.465905,5.791416,5,5,NA,NA,NA,NA,NA,NA,NA,NA,NA,NA,NA,NA,NA,NA,NA,NA,NA,NA,NA,NA,not_matched_in_alter_sheet,NA,NA
Alter et al. 2024,1413_AltersInvert,49,NA,NA,Yes,NA,"Van Colen C, Jansson A, Saunier A, Lacoue-Labathe T, Vincx M",NA,2018,NA,NA,NA,NA,Marine,NA,Zooplankton,Meroplankton,Mollusca,Limecola balthica,NA,NA,pH,NA,NA,NA,5,5,NA,848,15,1836,15,988,0,NA,NA,NA,49_Limecola_balthica_EMBRYO_CO2848.00_pH7.80_T15.,3.2638726770000002,15,developmental success,Development,NA,NA,NA,22.07,6.93181073,15.34,6.551679174,NA,FALSE,TRUE,-0.36375542399999999,5.6212114000000001E-2,NA,NA,-0.99786140000000001,0.903225806,-0.90129416799999995,No,No,NA,997,Alter et al. 2024,van colen c jansson a saunier a lacoue labathe t vincx m,limecola balthica,developmental success,ph,22.07,15.34,6.931811,6.551679,5,5,NA,NA,NA,NA,NA,NA,NA,NA,NA,NA,NA,NA,NA,NA,NA,NA,NA,NA,NA,NA,not_matched_in_alter_sheet,NA,NA
Alter et al. 2024,1415_AltersInvert,49,NA,NA,Yes,NA,"Van Colen C, Jansson A, Saunier A, Lacoue-Labathe T, Vincx M",NA,2018,NA,NA,NA,NA,Marine,NA,Zooplankton,Meroplankton,Mollusca,Limecola balthica,NA,NA,pH,NA,NA,NA,5,5,NA,848,15,1350,15,502,0,NA,NA,NA,49_Limecola_balthica_EMBRYO_CO2848.00_pH7.80_T15.,3.1303337679999998,15,developmental success,Development,NA,NA,NA,22.07,6.93181073,16.55,6.551679174,NA,FALSE,TRUE,-0.287833118,5.1072525000000001E-2,NA,NA,-0.81845392699999997,0.903225806,-0.73924870799999998,No,No,NA,998,Alter et al. 2024,van colen c jansson a saunier a lacoue labathe t vincx m,limecola balthica,developmental success,ph,22.07,16.55,6.931811,6.551679,5,5,NA,NA,NA,NA,NA,NA,NA,NA,NA,NA,NA,NA,NA,NA,NA,NA,NA,NA,NA,NA,not_matched_in_alter_sheet,NA,NA
Alter et al. 2024,1417_AltersInvert,49,NA,NA,Yes,NA,"Van Colen C, Jansson A, Saunier A, Lacoue-Labathe T, Vincx M",NA,2018,NA,NA,NA,NA,Marine,NA,Zooplankton,Meroplankton,Mollusca,Limecola balthica,NA,NA,pH,NA,NA,NA,5,5,NA,366,15,769,15,403,0,NA,NA,NA,49_Limecola_balthica_EMBRYO_CO2366.00_pH8.09_T15.,2.8859263400000001,15,developmental success,Development,NA,NA,NA,70.34,6.93181073,53.45,11.56047144,NA,FALSE,TRUE,-0.27459399000000001,1.1298213E-2,NA,NA,-1.772040963,0.903225806,-1.600553127,No,No,NA,999,Alter et al. 2024,van colen c jansson a saunier a lacoue labathe t vincx m,limecola balthica,developmental success,ph,70.34,53.45,6.931811,11.560471,5,5,NA,NA,NA,NA,NA,NA,NA,NA,NA,NA,NA,NA,NA,NA,NA,NA,NA,NA,NA,NA,not_matched_in_alter_sheet,NA,NA
Alter et al. 2024,1419_AltersInvert,49,NA,NA,Yes,NA,"Van Colen C, Jansson A, Saunier A, Lacoue-Labathe T, Vincx M",NA,2018,NA,NA,NA,NA,Marine,NA,Zooplankton,Meroplankton,Mollusca,Limecola balthica,NA,NA,pH,NA,NA,NA,5,5,NA,848,15,2103,15,1255,0,NA,NA,NA,49_Limecola_balthica_EMBRYO_CO2848.00_pH7.80_T15.,3.322839273,15,developmental success,Development,NA,NA,NA,22.07,6.93181073,17.76,5.791416062,NA,FALSE,TRUE,-0.21727048299999999,4.0996981000000002E-2,NA,NA,-0.674795955,0.903225806,-0.60949312099999997,No,No,NA,1000,Alter et al. 2024,van colen c jansson a saunier a lacoue labathe t vincx m,limecola balthica,developmental success,ph,22.07,17.76,6.931811,5.791416,5,5,NA,NA,NA,NA,NA,NA,NA,NA,NA,NA,NA,NA,NA,NA,NA,NA,NA,NA,NA,NA,not_matched_in_alter_sheet,NA,NA
Alter et al. 2024,1420_AltersInvert,49,NA,NA,Yes,NA,"Van Colen C, Jansson A, Saunier A, Lacoue-Labathe T, Vincx M",NA,2018,NA,NA,NA,NA,Marine,NA,Zooplankton,Meroplankton,Mollusca,Limecola balthica,NA,NA,pH,NA,NA,NA,5,5,NA,366,15,577,15,211,0,NA,NA,NA,49_Limecola_balthica_EMBRYO_CO2366.00_pH8.09_T15.,2.7611758129999999,15,developmental success,Development,NA,NA,NA,70.34,6.93181073,57.93,5.00879227,NA,FALSE,TRUE,-0.19410524200000001,3.4374750000000002E-3,NA,NA,-2.0521790009999998,0.903225806,-1.853581033,No,No,NA,1001,Alter et al. 2024,van colen c jansson a saunier a lacoue labathe t vincx m,limecola balthica,developmental success,ph,70.34,57.93,6.931811,5.008792,5,5,NA,NA,NA,NA,NA,NA,NA,NA,NA,NA,NA,NA,NA,NA,NA,NA,NA,NA,NA,NA,not_matched_in_alter_sheet,NA,NA
Alter et al. 2024,1427_AltersInvert,49,NA,NA,Yes,NA,"Van Colen C, Jansson A, Saunier A, Lacoue-Labathe T, Vincx M",NA,2018,NA,NA,NA,NA,Marine,NA,Zooplankton,Meroplankton,Mollusca,Limecola balthica,NA,NA,pH,NA,NA,NA,5,5,NA,681,15,1410,15,729,0,NA,NA,NA,49_Limecola_balthica_EMBRYO_CO2681.00_pH7.87_T15.,3.149219113,15,Length,Reproduction,NA,NA,NA,121.93,1.02859127,113.47,3.488266045,NA,TRUE,TRUE,-7.1908625000000004E-2,2.0324399999999999E-4,NA,NA,-3.289812161,0.903225806,-2.9714432419999999,No,No,NA,1002,Alter et al. 2024,van colen c jansson a saunier a lacoue labathe t vincx m,limecola balthica,length,ph,121.93,113.47,1.028591,3.488266,5,5,NA,NA,NA,NA,NA,NA,NA,NA,NA,NA,NA,NA,NA,NA,NA,NA,NA,NA,NA,NA,not_matched_in_alter_sheet,NA,NA
Alter et al. 2024,1428_AltersInvert,49,NA,NA,Yes,NA,"Van Colen C, Jansson A, Saunier A, Lacoue-Labathe T, Vincx M",NA,2018,NA,NA,NA,NA,Marine,NA,Zooplankton,Meroplankton,Mollusca,Limecola balthica,NA,NA,pH,NA,NA,NA,5,5,NA,681,15,1633,15,952,0,NA,NA,NA,49_Limecola_balthica_EMBRYO_CO2681.00_pH7.87_T15.,3.2129861850000001,15,Length,Reproduction,NA,NA,NA,121.93,1.02859127,113.74,3.085773809,NA,TRUE,TRUE,-6.9531968E-2,1.6144099999999999E-4,NA,NA,-3.560869565,0.903225806,-3.2162692850000001,No,No,NA,1003,Alter et al. 2024,van colen c jansson a saunier a lacoue labathe t vincx m,limecola balthica,length,ph,121.93,113.74,1.028591,3.085774,5,5,NA,NA,NA,NA,NA,NA,NA,NA,NA,NA,NA,NA,NA,NA,NA,NA,NA,NA,NA,NA,not_matched_in_alter_sheet,NA,NA
Alter et al. 2024,1429_AltersInvert,49,NA,NA,Yes,NA,"Van Colen C, Jansson A, Saunier A, Lacoue-Labathe T, Vincx M",NA,2018,NA,NA,NA,NA,Marine,NA,Zooplankton,Meroplankton,Mollusca,Limecola balthica,NA,NA,pH,NA,NA,NA,5,5,NA,681,15,1970,15,1289,0,NA,NA,NA,49_Limecola_balthica_EMBRYO_CO2681.00_pH7.87_T15.,3.2944662259999999,15,Length,Reproduction,NA,NA,NA,121.93,1.02859127,114.02,2.258428657,NA,TRUE,TRUE,-6.7073237999999993E-2,9.2700000000000004E-5,NA,NA,-4.5076896580000003,0.903225806,-4.0714616269999997,No,No,NA,1004,Alter et al. 2024,van colen c jansson a saunier a lacoue labathe t vincx m,limecola balthica,length,ph,121.93,114.02,1.028591,2.258429,5,5,NA,NA,NA,NA,NA,NA,NA,NA,NA,NA,NA,NA,NA,NA,NA,NA,NA,NA,NA,NA,not_matched_in_alter_sheet,NA,NA
Alter et al. 2024,1434_AltersInvert,49,NA,NA,Yes,NA,"Van Colen C, Jansson A, Saunier A, Lacoue-Labathe T, Vincx M",NA,2018,NA,NA,NA,NA,Marine,NA,Zooplankton,Meroplankton,Mollusca,Limecola balthica,NA,NA,pH,NA,NA,NA,5,5,NA,848,15,2717,15,1869,0,NA,NA,NA,49_Limecola_balthica_EMBRYO_CO2848.00_pH7.80_T15.,3.4340896380000001,15,Length,Reproduction,NA,NA,NA,141.35,4.114365079,136.1,6.797646652,NA,TRUE,TRUE,-3.7849173999999999E-2,6.6837099999999996E-4,NA,NA,-0.93440632499999998,0.903225806,-0.84397990599999995,No,No,NA,1005,Alter et al. 2024,van colen c jansson a saunier a lacoue labathe t vincx m,limecola balthica,length,ph,141.35,136.1,4.114365,6.797647,5,5,NA,NA,NA,NA,NA,NA,NA,NA,NA,NA,NA,NA,NA,NA,NA,NA,NA,NA,NA,NA,not_matched_in_alter_sheet,NA,NA
Alter et al. 2024,1435_AltersInvert,49,NA,NA,Yes,NA,"Van Colen C, Jansson A, Saunier A, Lacoue-Labathe T, Vincx M",NA,2018,NA,NA,NA,NA,Marine,NA,Zooplankton,Meroplankton,Mollusca,Limecola balthica,NA,NA,pH,NA,NA,NA,5,5,NA,681,15,1123,15,442,0,NA,NA,NA,49_Limecola_balthica_EMBRYO_CO2681.00_pH7.87_T15.,3.0503797559999999,15,Length,Development,NA,NA,NA,121.93,1.02859127,117.7,1.229837388,NA,TRUE,TRUE,-3.5308094999999998E-2,3.6100000000000003E-5,NA,NA,-3.731183095,0.903225806,-3.37010086,No,No,NA,1006,Alter et al. 2024,van colen c jansson a saunier a lacoue labathe t vincx m,limecola balthica,length,ph,121.93,117.7,1.028591,1.229837,5,5,NA,NA,NA,NA,NA,NA,NA,NA,NA,NA,NA,NA,NA,NA,NA,NA,NA,NA,NA,NA,not_matched_in_alter_sheet,NA,NA
Alter et al. 2024,1485_AltersInvert,49,NA,NA,Yes,NA,"Van Colen C, Jansson A, Saunier A, Lacoue-Labathe T, Vincx M",NA,2018,NA,NA,NA,NA,Marine,NA,Zooplankton,Meroplankton,Mollusca,Limecola balthica,NA,NA,pH,NA,NA,NA,5,5,NA,848,15,1836,15,988,0,NA,NA,NA,49_Limecola_balthica_EMBRYO_CO2848.00_pH7.80_T15.,3.2638726770000002,15,Length,Survival,NA,NA,NA,141.35,4.114365079,140.15,2.459674775,NA,TRUE,TRUE,-8.5258069999999998E-3,2.3105399999999999E-4,NA,NA,-0.35403005399999998,0.903225806,-0.31976908100000001,No,No,NA,1007,Alter et al. 2024,van colen c jansson a saunier a lacoue labathe t vincx m,limecola balthica,length,ph,141.35,140.15,4.114365,2.459675,5,5,NA,NA,NA,NA,NA,NA,NA,NA,NA,NA,NA,NA,NA,NA,NA,NA,NA,NA,NA,NA,not_matched_in_alter_sheet,NA,NA
Alter et al. 2024,1486_AltersInvert,49,NA,NA,Yes,NA,"Van Colen C, Jansson A, Saunier A, Lacoue-Labathe T, Vincx M",NA,2018,NA,NA,NA,NA,Marine,NA,Zooplankton,Meroplankton,Mollusca,Limecola balthica,NA,NA,pH,NA,NA,NA,5,5,NA,366,15,577,15,211,0,NA,NA,NA,49_Limecola_balthica_EMBRYO_CO2366.00_pH8.09_T15.,2.7611758129999999,15,Length,Development,NA,NA,NA,136.2,1.431083506,135.18,1.855936421,NA,TRUE,TRUE,-7.5171700000000001E-3,5.9799999999999997E-5,NA,NA,-0.61550294699999997,0.903225806,-0.55593814600000002,No,No,NA,1008,Alter et al. 2024,van colen c jansson a saunier a lacoue labathe t vincx m,limecola balthica,length,ph,136.2,135.18,1.431084,1.855936,5,5,NA,NA,NA,NA,NA,NA,NA,NA,NA,NA,NA,NA,NA,NA,NA,NA,NA,NA,NA,NA,not_matched_in_alter_sheet,NA,NA
Alter et al. 2024,1487_AltersInvert,49,NA,NA,Yes,NA,"Van Colen C, Jansson A, Saunier A, Lacoue-Labathe T, Vincx M",NA,2018,NA,NA,NA,NA,Marine,NA,Zooplankton,Meroplankton,Mollusca,Limecola balthica,NA,NA,pH,NA,NA,NA,5,5,NA,366,15,956,15,590,0,NA,NA,NA,49_Limecola_balthica_EMBRYO_CO2366.00_pH8.09_T15.,2.980457892,15,Length,Development,NA,NA,NA,136.2,1.431083506,135.18,2.057182539,NA,TRUE,TRUE,-7.5171700000000001E-3,6.8399999999999996E-5,NA,NA,-0.57561930100000003,0.903225806,-0.51991420700000002,No,No,NA,1009,Alter et al. 2024,van colen c jansson a saunier a lacoue labathe t vincx m,limecola balthica,length,ph,136.2,135.18,1.431084,2.057183,5,5,NA,NA,NA,NA,NA,NA,NA,NA,NA,NA,NA,NA,NA,NA,NA,NA,NA,NA,NA,NA,not_matched_in_alter_sheet,NA,NA
Alter et al. 2024,1488_AltersInvert,49,NA,NA,Yes,NA,"Van Colen C, Jansson A, Saunier A, Lacoue-Labathe T, Vincx M",NA,2018,NA,NA,NA,NA,Marine,NA,Zooplankton,Meroplankton,Mollusca,Limecola balthica,NA,NA,pH,NA,NA,NA,5,5,NA,848,15,2103,15,1255,0,NA,NA,NA,49_Limecola_balthica_EMBRYO_CO2848.00_pH7.80_T15.,3.322839273,15,Length,Reproduction,NA,NA,NA,141.35,4.114365079,140.52,2.884527691,NA,TRUE,TRUE,-5.8892570000000002E-3,2.5372699999999998E-4,NA,NA,-0.233601324,0.903225806,-0.21099474400000001,No,No,NA,1010,Alter et al. 2024,van colen c jansson a saunier a lacoue labathe t vincx m,limecola balthica,length,ph,141.35,140.52,4.114365,2.884528,5,5,NA,NA,NA,NA,NA,NA,NA,NA,NA,NA,NA,NA,NA,NA,NA,NA,NA,NA,NA,NA,not_matched_in_alter_sheet,NA,NA
Alter et al. 2024,1489_AltersInvert,49,NA,NA,Yes,NA,"Van Colen C, Jansson A, Saunier A, Lacoue-Labathe T, Vincx M",NA,2018,NA,NA,NA,NA,Marine,NA,Zooplankton,Meroplankton,Mollusca,Limecola balthica,NA,NA,pH,NA,NA,NA,5,5,NA,366,15,769,15,403,0,NA,NA,NA,49_Limecola_balthica_EMBRYO_CO2366.00_pH8.09_T15.,2.8859263400000001,15,Length,Survival,NA,NA,NA,136.2,1.431083506,135.55,1.02859127,NA,TRUE,TRUE,-4.7838179999999996E-3,3.3599999999999997E-5,NA,NA,-0.521588045,0.903225806,-0.47111178300000001,No,No,NA,1011,Alter et al. 2024,van colen c jansson a saunier a lacoue labathe t vincx m,limecola balthica,length,ph,136.2,135.55,1.431084,1.028591,5,5,NA,NA,NA,NA,NA,NA,NA,NA,NA,NA,NA,NA,NA,NA,NA,NA,NA,NA,NA,NA,not_matched_in_alter_sheet,NA,NA
Alter et al. 2024,1490_AltersInvert,49,NA,NA,Yes,NA,"Van Colen C, Jansson A, Saunier A, Lacoue-Labathe T, Vincx M",NA,2018,NA,NA,NA,NA,Marine,NA,Zooplankton,Meroplankton,Mollusca,Limecola balthica,NA,NA,pH,NA,NA,NA,5,5,NA,366,15,1315,15,949,0,NA,NA,NA,49_Limecola_balthica_EMBRYO_CO2366.00_pH8.09_T15.,3.1189257530000001,15,Length,Survival,NA,NA,NA,136.2,1.431083506,135.55,2.057182539,NA,TRUE,TRUE,-4.7838179999999996E-3,6.8100000000000002E-5,NA,NA,-0.366816221,0.903225806,-0.33131787699999998,No,No,NA,1012,Alter et al. 2024,van colen c jansson a saunier a lacoue labathe t vincx m,limecola balthica,length,ph,136.2,135.55,1.431084,2.057183,5,5,NA,NA,NA,NA,NA,NA,NA,NA,NA,NA,NA,NA,NA,NA,NA,NA,NA,NA,NA,NA,not_matched_in_alter_sheet,NA,NA
Alter et al. 2024,1493_AltersInvert,49,NA,NA,Yes,NA,"Van Colen C, Jansson A, Saunier A, Lacoue-Labathe T, Vincx M",NA,2018,NA,NA,NA,NA,Marine,NA,Zooplankton,Meroplankton,Mollusca,Limecola balthica,NA,NA,pH,NA,NA,NA,5,5,NA,848,15,1350,15,502,0,NA,NA,NA,49_Limecola_balthica_EMBRYO_CO2848.00_pH7.80_T15.,3.1303337679999998,15,Length,Survival,NA,NA,NA,141.35,4.114365079,142.45,6.797646652,NA,TRUE,TRUE,7.7519770000000002E-3,6.24882E-4,NA,NA,0.19578037300000001,0.903225806,0.176833885,No,No,NA,1013,Alter et al. 2024,van colen c jansson a saunier a lacoue labathe t vincx m,limecola balthica,length,ph,141.35,142.45,4.114365,6.797647,5,5,NA,NA,NA,NA,NA,NA,NA,NA,NA,NA,NA,NA,NA,NA,NA,NA,NA,NA,NA,NA,not_matched_in_alter_sheet,NA,NA
Alter et al. 2024,1418_AltersInvert,49,NA,NA,Yes,NA,"Van Colen C, Jansson A, Saunier A, Lacoue-Labathe T, Vincx M",NA,2018,NA,NA,NA,NA,Marine,NA,Zooplankton,Meroplankton,Mollusca,Limecola balthica,NA,NA,T,NA,NA,NA,5,5,NA,681,15,805,18,124,3,NA,NA,NA,49_Limecola_balthica_EMBRYO_CO2681.00_pH7.87_T15.,2.9057958799999999,15,developmental success,Development,NA,NA,NA,38.97,3.465905365,29.66,3.085773809,NA,FALSE,TRUE,-0.27299278300000002,3.7467759999999998E-3,NA,NA,-2.837247895,0.903225806,-2.5626755189999999,No,No,NA,1014,Alter et al. 2024,van colen c jansson a saunier a lacoue labathe t vincx m,limecola balthica,developmental success,t,38.97,29.66,3.465905,3.085774,5,5,NA,NA,NA,NA,NA,NA,NA,NA,NA,NA,NA,NA,NA,NA,NA,NA,NA,NA,NA,NA,not_matched_in_alter_sheet,NA,NA
Alter et al. 2024,1422_AltersInvert,49,NA,NA,Yes,NA,"Van Colen C, Jansson A, Saunier A, Lacoue-Labathe T, Vincx M",NA,2018,NA,NA,NA,NA,Marine,NA,Zooplankton,Meroplankton,Mollusca,Limecola balthica,NA,NA,T,NA,NA,NA,5,5,NA,366,15,440,18,74,3,NA,NA,NA,49_Limecola_balthica_EMBRYO_CO2366.00_pH8.09_T15.,2.6434526759999999,15,developmental success,Development,NA,NA,NA,70.34,6.93181073,61.38,3.085773809,NA,FALSE,TRUE,-0.13625657799999999,2.4477909999999999E-3,NA,NA,-1.6700033759999999,0.903225806,-1.508390146,No,No,NA,1015,Alter et al. 2024,van colen c jansson a saunier a lacoue labathe t vincx m,limecola balthica,developmental success,t,70.34,61.38,6.931811,3.085774,5,5,NA,NA,NA,NA,NA,NA,NA,NA,NA,NA,NA,NA,NA,NA,NA,NA,NA,NA,NA,NA,not_matched_in_alter_sheet,NA,NA
Alter et al. 2024,1433_AltersInvert,49,NA,NA,Yes,NA,"Van Colen C, Jansson A, Saunier A, Lacoue-Labathe T, Vincx M",NA,2018,NA,NA,NA,NA,Marine,NA,Zooplankton,Meroplankton,Mollusca,Limecola balthica,NA,NA,T,NA,NA,NA,5,5,NA,681,15,805,18,124,3,NA,NA,NA,49_Limecola_balthica_EMBRYO_CO2681.00_pH7.87_T15.,2.9057958799999999,15,Length,Development,NA,NA,NA,121.93,1.02859127,116.96,1.229837388,NA,TRUE,TRUE,-4.1615114000000002E-2,3.6300000000000001E-5,NA,NA,-4.3839196180000002,0.903225806,-3.9596693319999998,No,No,NA,1016,Alter et al. 2024,van colen c jansson a saunier a lacoue labathe t vincx m,limecola balthica,length,t,121.93,116.96,1.028591,1.229837,5,5,NA,NA,NA,NA,NA,NA,NA,NA,NA,NA,NA,NA,NA,NA,NA,NA,NA,NA,NA,NA,not_matched_in_alter_sheet,NA,NA
Alter et al. 2024,1436_AltersInvert,49,NA,NA,Yes,NA,"Van Colen C, Jansson A, Saunier A, Lacoue-Labathe T, Vincx M",NA,2018,NA,NA,NA,NA,Marine,NA,Zooplankton,Meroplankton,Mollusca,Limecola balthica,NA,NA,T,NA,NA,NA,5,5,NA,848,15,997,18,149,3,NA,NA,NA,49_Limecola_balthica_EMBRYO_CO2848.00_pH7.80_T15.,2.9986951579999999,15,Length,Development,NA,NA,NA,141.35,4.114365079,138.4,3.488266045,NA,TRUE,TRUE,-2.1091041000000001E-2,2.9650199999999997E-4,NA,NA,-0.77342885299999997,0.903225806,-0.69858089999999995,No,No,NA,1017,Alter et al. 2024,van colen c jansson a saunier a lacoue labathe t vincx m,limecola balthica,length,t,141.35,138.4,4.114365,3.488266,5,5,NA,NA,NA,NA,NA,NA,NA,NA,NA,NA,NA,NA,NA,NA,NA,NA,NA,NA,NA,NA,not_matched_in_alter_sheet,NA,NA
Alter et al. 2024,1494_AltersInvert,49,NA,NA,Yes,NA,"Van Colen C, Jansson A, Saunier A, Lacoue-Labathe T, Vincx M",NA,2015,NA,NA,NA,NA,Marine,NA,Zooplankton,Meroplankton,Mollusca,Limecola balthica,NA,NA,T,NA,NA,NA,5,5,NA,366,15,440,18,74,3,NA,NA,NA,49_Limecola_balthica_EMBRYO_CO2366.00_pH8.09_T15.,2.6434526759999999,15,Length,Survival,NA,NA,NA,136.2,1.431083506,137.67,1.431083506,NA,TRUE,TRUE,1.0735122999999999E-2,4.3699999999999998E-5,NA,NA,1.027193727,0.903225806,0.92778788300000004,No,No,NA,1018,Alter et al. 2024,van colen c jansson a saunier a lacoue labathe t vincx m,limecola balthica,length,t,136.2,137.67,1.431084,1.431084,5,5,NA,NA,NA,NA,NA,NA,NA,NA,NA,NA,NA,NA,NA,NA,NA,NA,NA,NA,NA,NA,not_matched_in_alter_sheet,NA,NA
Alter et al. 2024,1497_AltersInvert,49,NA,NA,Yes,NA,"Van Colen C, Jansson A, Saunier A, Lacoue-Labathe T, Vincx M",NA,2015,NA,NA,NA,NA,Marine,NA,Zooplankton,Meroplankton,Mollusca,Limecola balthica,NA,NA,T,NA,NA,NA,5,5,NA,848,15,997,18,149,3,NA,NA,NA,49_Limecola_balthica_EMBRYO_CO2848.00_pH7.80_T15.,2.9986951579999999,15,developmental success,Development,NA,NA,NA,22.07,6.93181073,22.93,5.791416062,NA,TRUE,TRUE,3.8226876999999999E-2,3.2487878999999997E-2,NA,NA,0.13464606100000001,0.903225806,0.121615797,No,No,NA,1019,Alter et al. 2024,van colen c jansson a saunier a lacoue labathe t vincx m,limecola balthica,developmental success,t,22.07,22.93,6.931811,5.791416,5,5,NA,NA,NA,NA,NA,NA,NA,NA,NA,NA,NA,NA,NA,NA,NA,NA,NA,NA,NA,NA,not_matched_in_alter_sheet,NA,NA
Alter et al. 2024,1402_AltersInvert,49,NA,NA,Yes,NA,"Van Colen C, Jansson A, Saunier A, Lacoue-Labathe T, Vincx M",NA,2018,NA,NA,NA,NA,Marine,NA,Zooplankton,Meroplankton,Mollusca,Limecola balthica,NA,NA,TpH,NA,NA,NA,5,5,NA,681,15,1905,18,1224,3,NA,NA,NA,49_Limecola_balthica_EMBRYO_CO2681.00_pH7.87_T15.,3.2798949799999999,15,developmental success,Development,NA,NA,NA,38.97,3.465905365,12.76,5.791416062,NA,TRUE,TRUE,-1.1164768410000001,4.2782077000000002E-2,NA,NA,-5.4919114589999998,0.903225806,-4.9604361570000002,No,No,NA,1020,Alter et al. 2024,van colen c jansson a saunier a lacoue labathe t vincx m,limecola balthica,developmental success,tph,38.97,12.76,3.465905,5.791416,5,5,NA,NA,NA,NA,NA,NA,NA,NA,NA,NA,NA,NA,NA,NA,NA,NA,NA,NA,NA,NA,not_matched_in_alter_sheet,NA,NA
Alter et al. 2024,1406_AltersInvert,49,NA,NA,Yes,NA,"Van Colen C, Jansson A, Saunier A, Lacoue-Labathe T, Vincx M",NA,2018,NA,NA,NA,NA,Marine,NA,Zooplankton,Meroplankton,Mollusca,Limecola balthica,NA,NA,TpH,NA,NA,NA,5,5,NA,681,15,1630,18,949,3,NA,NA,NA,49_Limecola_balthica_EMBRYO_CO2681.00_pH7.87_T15.,3.2121876039999999,15,developmental success,Development,NA,NA,NA,38.97,3.465905365,20.52,5.791416062,NA,FALSE,TRUE,-0.64139209900000005,1.7513051000000002E-2,NA,NA,-3.865920123,0.903225806,-3.4917988210000002,No,No,NA,1021,Alter et al. 2024,van colen c jansson a saunier a lacoue labathe t vincx m,limecola balthica,developmental success,tph,38.97,20.52,3.465905,5.791416,5,5,NA,NA,NA,NA,NA,NA,NA,NA,NA,NA,NA,NA,NA,NA,NA,NA,NA,NA,NA,NA,not_matched_in_alter_sheet,NA,NA
Alter et al. 2024,1407_AltersInvert,49,NA,NA,Yes,NA,"Van Colen C, Jansson A, Saunier A, Lacoue-Labathe T, Vincx M",NA,2018,NA,NA,NA,NA,Marine,NA,Zooplankton,Meroplankton,Mollusca,Limecola balthica,NA,NA,TpH,NA,NA,NA,5,5,NA,681,15,1367,18,686,3,NA,NA,NA,49_Limecola_balthica_EMBRYO_CO2681.00_pH7.87_T15.,3.1357685150000001,15,developmental success,Development,NA,NA,NA,38.97,3.465905365,22.59,5.791416062,NA,FALSE,TRUE,-0.54528478899999999,1.4727182E-2,NA,NA,-3.4321827429999998,0.903225806,-3.1000360260000002,No,No,NA,1022,Alter et al. 2024,van colen c jansson a saunier a lacoue labathe t vincx m,limecola balthica,developmental success,tph,38.97,22.59,3.465905,5.791416,5,5,NA,NA,NA,NA,NA,NA,NA,NA,NA,NA,NA,NA,NA,NA,NA,NA,NA,NA,NA,NA,not_matched_in_alter_sheet,NA,NA
Alter et al. 2024,1411_AltersInvert,49,NA,NA,Yes,NA,"Van Colen C, Jansson A, Saunier A, Lacoue-Labathe T, Vincx M",NA,2018,NA,NA,NA,NA,Marine,NA,Zooplankton,Meroplankton,Mollusca,Limecola balthica,NA,NA,TpH,NA,NA,NA,5,5,NA,366,15,932,18,566,3,NA,NA,NA,49_Limecola_balthica_EMBRYO_CO2366.00_pH8.09_T15.,2.9694159120000001,15,developmental success,Development,NA,NA,NA,70.34,6.93181073,45.52,6.551679174,NA,FALSE,TRUE,-0.435188837,6.0854610000000003E-3,NA,NA,-3.6800772589999999,0.903225806,-3.3239407500000002,No,No,NA,1023,Alter et al. 2024,van colen c jansson a saunier a lacoue labathe t vincx m,limecola balthica,developmental success,tph,70.34,45.52,6.931811,6.551679,5,5,NA,NA,NA,NA,NA,NA,NA,NA,NA,NA,NA,NA,NA,NA,NA,NA,NA,NA,NA,NA,not_matched_in_alter_sheet,NA,NA
Alter et al. 2024,1412_AltersInvert,49,NA,NA,Yes,NA,"Van Colen C, Jansson A, Saunier A, Lacoue-Labathe T, Vincx M",NA,2018,NA,NA,NA,NA,Marine,NA,Zooplankton,Meroplankton,Mollusca,Limecola balthica,NA,NA,TpH,NA,NA,NA,5,5,NA,366,15,1523,18,1157,3,NA,NA,NA,49_Limecola_balthica_EMBRYO_CO2366.00_pH8.09_T15.,3.1826999030000001,15,developmental success,Development,NA,NA,NA,70.34,6.93181073,46.38,5.388923826,NA,FALSE,TRUE,-0.41647229499999999,4.6423649999999999E-3,NA,NA,-3.8592363820000002,0.903225806,-3.4857618929999998,No,No,NA,1024,Alter et al. 2024,van colen c jansson a saunier a lacoue labathe t vincx m,limecola balthica,developmental success,tph,70.34,46.38,6.931811,5.388924,5,5,NA,NA,NA,NA,NA,NA,NA,NA,NA,NA,NA,NA,NA,NA,NA,NA,NA,NA,NA,NA,not_matched_in_alter_sheet,NA,NA
Alter et al. 2024,1414_AltersInvert,49,NA,NA,Yes,NA,"Van Colen C, Jansson A, Saunier A, Lacoue-Labathe T, Vincx M",NA,2018,NA,NA,NA,NA,Marine,NA,Zooplankton,Meroplankton,Mollusca,Limecola balthica,NA,NA,TpH,NA,NA,NA,5,5,NA,366,15,722,18,356,3,NA,NA,NA,49_Limecola_balthica_EMBRYO_CO2366.00_pH8.09_T15.,2.8585371980000001,15,developmental success,Development,NA,NA,NA,70.34,6.93181073,52.41,2.303150017,NA,FALSE,TRUE,-0.29424321399999998,2.3285409999999999E-3,NA,NA,-3.471440774,0.903225806,-3.1354948930000002,No,No,NA,1025,Alter et al. 2024,van colen c jansson a saunier a lacoue labathe t vincx m,limecola balthica,developmental success,tph,70.34,52.41,6.931811,2.30315,5,5,NA,NA,NA,NA,NA,NA,NA,NA,NA,NA,NA,NA,NA,NA,NA,NA,NA,NA,NA,NA,not_matched_in_alter_sheet,NA,NA
Alter et al. 2024,1416_AltersInvert,49,NA,NA,Yes,NA,"Van Colen C, Jansson A, Saunier A, Lacoue-Labathe T, Vincx M",NA,2018,NA,NA,NA,NA,Marine,NA,Zooplankton,Meroplankton,Mollusca,Limecola balthica,NA,NA,TpH,NA,NA,NA,5,5,NA,681,15,1056,18,375,3,NA,NA,NA,49_Limecola_balthica_EMBRYO_CO2681.00_pH7.87_T15.,3.023663918,15,developmental success,Development,NA,NA,NA,38.97,3.465905365,29.48,2.705642253,NA,FALSE,TRUE,-0.27908005200000002,3.2666589999999999E-3,NA,NA,-3.0523307000000002,0.903225806,-2.7569438580000001,No,No,NA,1026,Alter et al. 2024,van colen c jansson a saunier a lacoue labathe t vincx m,limecola balthica,developmental success,tph,38.97,29.48,3.465905,2.705642,5,5,NA,NA,NA,NA,NA,NA,NA,NA,NA,NA,NA,NA,NA,NA,NA,NA,NA,NA,NA,NA,not_matched_in_alter_sheet,NA,NA
Alter et al. 2024,1421_AltersInvert,49,NA,NA,Yes,NA,"Van Colen C, Jansson A, Saunier A, Lacoue-Labathe T, Vincx M",NA,2018,NA,NA,NA,NA,Marine,NA,Zooplankton,Meroplankton,Mollusca,Limecola balthica,NA,NA,TpH,NA,NA,NA,5,5,NA,848,15,2478,18,1630,3,NA,NA,NA,49_Limecola_balthica_EMBRYO_CO2848.00_pH7.80_T15.,3.3941013020000002,15,developmental success,Development,NA,NA,NA,22.07,6.93181073,18.97,6.551679174,NA,FALSE,TRUE,-0.15136043599999999,4.3585782000000003E-2,NA,NA,-0.459638981,0.903225806,-0.415157789,No,No,NA,1027,Alter et al. 2024,van colen c jansson a saunier a lacoue labathe t vincx m,limecola balthica,developmental success,tph,22.07,18.97,6.931811,6.551679,5,5,NA,NA,NA,NA,NA,NA,NA,NA,NA,NA,NA,NA,NA,NA,NA,NA,NA,NA,NA,NA,not_matched_in_alter_sheet,NA,NA
Alter et al. 2024,1423_AltersInvert,49,NA,NA,Yes,NA,"Van Colen C, Jansson A, Saunier A, Lacoue-Labathe T, Vincx M",NA,2018,NA,NA,NA,NA,Marine,NA,Zooplankton,Meroplankton,Mollusca,Limecola balthica,NA,NA,TpH,NA,NA,NA,5,5,NA,366,15,548,18,182,3,NA,NA,NA,49_Limecola_balthica_EMBRYO_CO2366.00_pH8.09_T15.,2.7387805580000002,15,developmental success,Development,NA,NA,NA,70.34,6.93181073,63.1,9.637452983,NA,FALSE,TRUE,-0.108619857,6.6077849999999997E-3,NA,NA,-0.86248404099999998,0.903225806,-0.77901784299999999,No,No,NA,1028,Alter et al. 2024,van colen c jansson a saunier a lacoue labathe t vincx m,limecola balthica,developmental success,tph,70.34,63.1,6.931811,9.637453,5,5,NA,NA,NA,NA,NA,NA,NA,NA,NA,NA,NA,NA,NA,NA,NA,NA,NA,NA,NA,NA,not_matched_in_alter_sheet,NA,NA
Alter et al. 2024,1424_AltersInvert,49,NA,NA,Yes,NA,"Van Colen C, Jansson A, Saunier A, Lacoue-Labathe T, Vincx M",NA,2018,NA,NA,NA,NA,Marine,NA,Zooplankton,Meroplankton,Mollusca,Limecola balthica,NA,NA,TpH,NA,NA,NA,5,5,NA,681,15,1905,18,1224,3,NA,NA,NA,49_Limecola_balthica_EMBRYO_CO2681.00_pH7.87_T15.,3.2798949799999999,15,Length,Reproduction,NA,NA,NA,121.93,1.02859127,110.89,3.488266045,NA,TRUE,TRUE,-9.4908390999999995E-2,2.12141E-4,NA,NA,-4.2930882099999996,0.903225806,-3.8776280609999998,No,No,NA,1029,Alter et al. 2024,van colen c jansson a saunier a lacoue labathe t vincx m,limecola balthica,length,tph,121.93,110.89,1.028591,3.488266,5,5,NA,NA,NA,NA,NA,NA,NA,NA,NA,NA,NA,NA,NA,NA,NA,NA,NA,NA,NA,NA,not_matched_in_alter_sheet,NA,NA
Alter et al. 2024,1425_AltersInvert,49,NA,NA,Yes,NA,"Van Colen C, Jansson A, Saunier A, Lacoue-Labathe T, Vincx M",NA,2018,NA,NA,NA,NA,Marine,NA,Zooplankton,Meroplankton,Mollusca,Limecola balthica,NA,NA,TpH,NA,NA,NA,5,5,NA,848,15,2180,18,1332,3,NA,NA,NA,49_Limecola_balthica_EMBRYO_CO2848.00_pH7.80_T15.,3.3384564939999999,15,developmental success,Development,NA,NA,NA,22.07,6.93181073,20.17,7.334302966,NA,FALSE,TRUE,-9.0022868000000006E-2,4.6174152000000003E-2,NA,NA,-0.26625951599999997,0.903225806,-0.24049246699999999,No,No,NA,1030,Alter et al. 2024,van colen c jansson a saunier a lacoue labathe t vincx m,limecola balthica,developmental success,tph,22.07,20.17,6.931811,7.334303,5,5,NA,NA,NA,NA,NA,NA,NA,NA,NA,NA,NA,NA,NA,NA,NA,NA,NA,NA,NA,NA,not_matched_in_alter_sheet,NA,NA
Alter et al. 2024,1426_AltersInvert,49,NA,NA,Yes,NA,"Van Colen C, Jansson A, Saunier A, Lacoue-Labathe T, Vincx M",NA,2018,NA,NA,NA,NA,Marine,NA,Zooplankton,Meroplankton,Mollusca,Limecola balthica,NA,NA,TpH,NA,NA,NA,5,5,NA,681,15,1630,18,949,3,NA,NA,NA,49_Limecola_balthica_EMBRYO_CO2681.00_pH7.87_T15.,3.2121876039999999,15,Length,Development,NA,NA,NA,121.93,1.02859127,112.09,4.114365079,NA,TRUE,TRUE,-8.4144990000000003E-2,2.8369799999999998E-4,NA,NA,-3.2812763,0.903225806,-2.9637334320000002,No,No,NA,1031,Alter et al. 2024,van colen c jansson a saunier a lacoue labathe t vincx m,limecola balthica,length,tph,121.93,112.09,1.028591,4.114365,5,5,NA,NA,NA,NA,NA,NA,NA,NA,NA,NA,NA,NA,NA,NA,NA,NA,NA,NA,NA,NA,not_matched_in_alter_sheet,NA,NA
Alter et al. 2024,1430_AltersInvert,49,NA,NA,Yes,NA,"Van Colen C, Jansson A, Saunier A, Lacoue-Labathe T, Vincx M",NA,2018,NA,NA,NA,NA,Marine,NA,Zooplankton,Meroplankton,Mollusca,Limecola balthica,NA,NA,TpH,NA,NA,NA,5,5,NA,681,15,1367,18,686,3,NA,NA,NA,49_Limecola_balthica_EMBRYO_CO2681.00_pH7.87_T15.,3.1357685150000001,15,Length,Reproduction,NA,NA,NA,121.93,1.02859127,114.94,3.913118961,NA,TRUE,TRUE,-5.9036855999999999E-2,2.46044E-4,NA,NA,-2.443212274,0.903225806,-2.2067723770000001,No,No,NA,1032,Alter et al. 2024,van colen c jansson a saunier a lacoue labathe t vincx m,limecola balthica,length,tph,121.93,114.94,1.028591,3.913119,5,5,NA,NA,NA,NA,NA,NA,NA,NA,NA,NA,NA,NA,NA,NA,NA,NA,NA,NA,NA,NA,not_matched_in_alter_sheet,NA,NA
Alter et al. 2024,1431_AltersInvert,49,NA,NA,Yes,NA,"Van Colen C, Jansson A, Saunier A, Lacoue-Labathe T, Vincx M",NA,2018,NA,NA,NA,NA,Marine,NA,Zooplankton,Meroplankton,Mollusca,Limecola balthica,NA,NA,TpH,NA,NA,NA,5,5,NA,681,15,1056,18,375,3,NA,NA,NA,49_Limecola_balthica_EMBRYO_CO2681.00_pH7.87_T15.,3.023663918,15,Length,Development,NA,NA,NA,121.93,1.02859127,116.13,2.459674775,NA,TRUE,TRUE,-4.8736856000000002E-2,1.03954E-4,NA,NA,-3.076587575,0.903225806,-2.7788532940000001,No,No,NA,1033,Alter et al. 2024,van colen c jansson a saunier a lacoue labathe t vincx m,limecola balthica,length,tph,121.93,116.13,1.028591,2.459675,5,5,NA,NA,NA,NA,NA,NA,NA,NA,NA,NA,NA,NA,NA,NA,NA,NA,NA,NA,NA,NA,not_matched_in_alter_sheet,NA,NA
Alter et al. 2024,1432_AltersInvert,49,NA,NA,Yes,NA,"Van Colen C, Jansson A, Saunier A, Lacoue-Labathe T, Vincx M",NA,2018,NA,NA,NA,NA,Marine,NA,Zooplankton,Meroplankton,Mollusca,Limecola balthica,NA,NA,TpH,NA,NA,NA,5,5,NA,366,15,722,18,356,3,NA,NA,NA,49_Limecola_balthica_EMBRYO_CO2366.00_pH8.09_T15.,2.8585371980000001,15,Length,Development,NA,NA,NA,136.2,1.431083506,130.12,5.9703015,NA,TRUE,TRUE,-4.5667291999999998E-2,4.4313099999999998E-4,NA,NA,-1.400525773,0.903225806,-1.2649910209999999,No,No,NA,1034,Alter et al. 2024,van colen c jansson a saunier a lacoue labathe t vincx m,limecola balthica,length,tph,136.2,130.12,1.431084,5.970301,5,5,NA,NA,NA,NA,NA,NA,NA,NA,NA,NA,NA,NA,NA,NA,NA,NA,NA,NA,NA,NA,not_matched_in_alter_sheet,NA,NA
Alter et al. 2024,1437_AltersInvert,49,NA,NA,Yes,NA,"Van Colen C, Jansson A, Saunier A, Lacoue-Labathe T, Vincx M",NA,2018,NA,NA,NA,NA,Marine,NA,Zooplankton,Meroplankton,Mollusca,Limecola balthica,NA,NA,TpH,NA,NA,NA,5,5,NA,848,15,2478,18,1630,3,NA,NA,NA,49_Limecola_balthica_EMBRYO_CO2848.00_pH7.80_T15.,3.3941013020000002,15,Length,Development,NA,NA,NA,141.35,4.114365079,138.5,9.883420461,NA,FALSE,TRUE,-2.0368759E-2,1.1879130000000001E-3,NA,NA,-0.37648580100000001,0.903225806,-0.34005169099999999,No,No,NA,1035,Alter et al. 2024,van colen c jansson a saunier a lacoue labathe t vincx m,limecola balthica,length,tph,141.35,138.5,4.114365,9.88342,5,5,NA,NA,NA,NA,NA,NA,NA,NA,NA,NA,NA,NA,NA,NA,NA,NA,NA,NA,NA,NA,not_matched_in_alter_sheet,NA,NA
Alter et al. 2024,1438_AltersInvert,49,NA,NA,Yes,NA,"Van Colen C, Jansson A, Saunier A, Lacoue-Labathe T, Vincx M",NA,2018,NA,NA,NA,NA,Marine,NA,Zooplankton,Meroplankton,Mollusca,Limecola balthica,NA,NA,TpH,NA,NA,NA,5,5,NA,366,15,548,18,182,3,NA,NA,NA,49_Limecola_balthica_EMBRYO_CO2366.00_pH8.09_T15.,2.7387805580000002,15,Length,Survival,NA,NA,NA,136.2,1.431083506,134.08,8.027484039,NA,TRUE,TRUE,-1.5687757E-2,7.3898400000000004E-4,NA,NA,-0.36768642099999999,0.903225806,-0.33210386400000003,No,No,NA,1036,Alter et al. 2024,van colen c jansson a saunier a lacoue labathe t vincx m,limecola balthica,length,tph,136.2,134.08,1.431084,8.027484,5,5,NA,NA,NA,NA,NA,NA,NA,NA,NA,NA,NA,NA,NA,NA,NA,NA,NA,NA,NA,NA,not_matched_in_alter_sheet,NA,NA
Alter et al. 2024,1483_AltersInvert,49,NA,NA,Yes,NA,"Van Colen C, Jansson A, Saunier A, Lacoue-Labathe T, Vincx M",NA,2018,NA,NA,NA,NA,Marine,NA,Zooplankton,Meroplankton,Mollusca,Limecola balthica,NA,NA,TpH,NA,NA,NA,5,5,NA,848,15,2180,18,1332,3,NA,NA,NA,49_Limecola_balthica_EMBRYO_CO2848.00_pH7.80_T15.,3.3384564939999999,15,Length,Reproduction,NA,NA,NA,141.35,4.114365079,139.79,4.516857315,NA,TRUE,TRUE,-1.1097788000000001E-2,3.7826100000000002E-4,NA,NA,-0.36108595900000001,0.903225806,-0.32614215699999999,No,No,NA,1037,Alter et al. 2024,van colen c jansson a saunier a lacoue labathe t vincx m,limecola balthica,length,tph,141.35,139.79,4.114365,4.516857,5,5,NA,NA,NA,NA,NA,NA,NA,NA,NA,NA,NA,NA,NA,NA,NA,NA,NA,NA,NA,NA,not_matched_in_alter_sheet,NA,NA
Alter et al. 2024,1484_AltersInvert,49,NA,NA,Yes,NA,"Van Colen C, Jansson A, Saunier A, Lacoue-Labathe T, Vincx M",NA,2018,NA,NA,NA,NA,Marine,NA,Zooplankton,Meroplankton,Mollusca,Limecola balthica,NA,NA,TpH,NA,NA,NA,5,5,NA,848,15,1667,18,819,3,NA,NA,NA,49_Limecola_balthica_EMBRYO_CO2848.00_pH7.80_T15.,3.2219356000000001,15,Length,Reproduction,NA,NA,NA,141.35,4.114365079,139.97,2.683281573,NA,FALSE,TRUE,-9.8109700000000005E-3,2.42952E-4,NA,NA,-0.39731359199999999,0.903225806,-0.35886388899999999,No,No,NA,1038,Alter et al. 2024,van colen c jansson a saunier a lacoue labathe t vincx m,limecola balthica,length,tph,141.35,139.97,4.114365,2.683282,5,5,NA,NA,NA,NA,NA,NA,NA,NA,NA,NA,NA,NA,NA,NA,NA,NA,NA,NA,NA,NA,not_matched_in_alter_sheet,NA,NA
Alter et al. 2024,1491_AltersInvert,49,NA,NA,Yes,NA,"Van Colen C, Jansson A, Saunier A, Lacoue-Labathe T, Vincx M",NA,2018,NA,NA,NA,NA,Marine,NA,Zooplankton,Meroplankton,Mollusca,Limecola balthica,NA,NA,TpH,NA,NA,NA,5,5,NA,848,15,1304,18,456,3,NA,NA,NA,49_Limecola_balthica_EMBRYO_CO2848.00_pH7.80_T15.,3.1152775909999999,15,Length,Survival,NA,NA,NA,141.35,4.114365079,140.71,3.711872843,NA,TRUE,TRUE,-4.5380489999999997E-3,3.0862799999999997E-4,NA,NA,-0.163336539,0.903225806,-0.147529777,No,No,NA,1039,Alter et al. 2024,van colen c jansson a saunier a lacoue labathe t vincx m,limecola balthica,length,tph,141.35,140.71,4.114365,3.711873,5,5,NA,NA,NA,NA,NA,NA,NA,NA,NA,NA,NA,NA,NA,NA,NA,NA,NA,NA,NA,NA,not_matched_in_alter_sheet,NA,NA
Alter et al. 2024,1492_AltersInvert,49,NA,NA,Yes,NA,"Van Colen C, Jansson A, Saunier A, Lacoue-Labathe T, Vincx M",NA,2018,NA,NA,NA,NA,Marine,NA,Zooplankton,Meroplankton,Mollusca,Limecola balthica,NA,NA,TpH,NA,NA,NA,5,5,NA,366,15,1166,18,800,3,NA,NA,NA,49_Limecola_balthica_EMBRYO_CO2366.00_pH8.09_T15.,3.0666985499999999,15,Length,Survival,NA,NA,NA,136.2,1.431083506,136.56,1.229837388,NA,TRUE,TRUE,2.6396850000000001E-3,3.8300000000000003E-5,NA,NA,0.269812461,0.903225806,0.243701578,No,No,NA,1040,Alter et al. 2024,van colen c jansson a saunier a lacoue labathe t vincx m,limecola balthica,length,tph,136.2,136.56,1.431084,1.229837,5,5,NA,NA,NA,NA,NA,NA,NA,NA,NA,NA,NA,NA,NA,NA,NA,NA,NA,NA,NA,NA,not_matched_in_alter_sheet,NA,NA
Alter et al. 2024,1495_AltersInvert,49,NA,NA,Yes,NA,"Van Colen C, Jansson A, Saunier A, Lacoue-Labathe T, Vincx M",NA,2015,NA,NA,NA,NA,Marine,NA,Zooplankton,Meroplankton,Mollusca,Limecola balthica,NA,NA,TpH,NA,NA,NA,5,5,NA,366,15,932,18,566,3,NA,NA,NA,49_Limecola_balthica_EMBRYO_CO2366.00_pH8.09_T15.,2.9694159120000001,15,Length,Survival,NA,NA,NA,136.2,1.431083506,137.67,1.229837388,NA,TRUE,TRUE,1.0735122999999999E-2,3.8000000000000002E-5,NA,NA,1.101734217,0.903225806,0.99511477599999998,No,No,NA,1041,Alter et al. 2024,van colen c jansson a saunier a lacoue labathe t vincx m,limecola balthica,length,tph,136.2,137.67,1.431084,1.229837,5,5,NA,NA,NA,NA,NA,NA,NA,NA,NA,NA,NA,NA,NA,NA,NA,NA,NA,NA,NA,NA,not_matched_in_alter_sheet,NA,NA
Alter et al. 2024,1496_AltersInvert,49,NA,NA,Yes,NA,"Van Colen C, Jansson A, Saunier A, Lacoue-Labathe T, Vincx M",NA,2015,NA,NA,NA,NA,Marine,NA,Zooplankton,Meroplankton,Mollusca,Limecola balthica,NA,NA,TpH,NA,NA,NA,5,5,NA,848,15,1304,18,456,3,NA,NA,NA,49_Limecola_balthica_EMBRYO_CO2848.00_pH7.80_T15.,3.1152775909999999,15,developmental success,Development,NA,NA,NA,22.07,6.93181073,22.59,3.846036921,NA,TRUE,TRUE,2.3288110000000001E-2,2.5526902000000001E-2,NA,NA,9.2766963999999993E-2,0.903225806,8.3789515999999994E-2,No,No,NA,1042,Alter et al. 2024,van colen c jansson a saunier a lacoue labathe t vincx m,limecola balthica,developmental success,tph,22.07,22.59,6.931811,3.846037,5,5,NA,NA,NA,NA,NA,NA,NA,NA,NA,NA,NA,NA,NA,NA,NA,NA,NA,NA,NA,NA,not_matched_in_alter_sheet,NA,NA
Alter et al. 2024,1498_AltersInvert,49,NA,NA,Yes,NA,"Van Colen C, Jansson A, Saunier A, Lacoue-Labathe T, Vincx M",NA,2015,NA,NA,NA,NA,Marine,NA,Zooplankton,Meroplankton,Mollusca,Limecola balthica,NA,NA,TpH,NA,NA,NA,5,5,NA,848,15,1667,18,819,3,NA,NA,NA,49_Limecola_balthica_EMBRYO_CO2848.00_pH7.80_T15.,3.2219356000000001,15,developmental success,Development,NA,NA,NA,22.07,6.93181073,23.45,10.42007678,NA,TRUE,TRUE,6.0651274999999998E-2,5.9219529999999999E-2,NA,NA,0.15594066500000001,0.903225806,0.140849633,No,No,NA,1043,Alter et al. 2024,van colen c jansson a saunier a lacoue labathe t vincx m,limecola balthica,developmental success,tph,22.07,23.45,6.931811,10.420077,5,5,NA,NA,NA,NA,NA,NA,NA,NA,NA,NA,NA,NA,NA,NA,NA,NA,NA,NA,NA,NA,not_matched_in_alter_sheet,NA,NA
Alter et al. 2024,545_AltersInvert,48,NA,NA,Yes,NA,"Visconti G, Gianguzza F, Butera E, Costa V, Vizzini S, Byrne M, Gianguzza P",NA,2017,NA,NA,NA,NA,Marine,NA,Zooplankton,Meroplankton,Echinoderm,Arbacia lixula,NA,NA,pH,NA,NA,NA,25,25,NA,418,20.3,921,20.2,503,-0.10000000000000142,NA,NA,NA,48_Arbacia_lixula_LARVA_CO2418.00_pH8.17_T20.3,2.9642596299999999,20.3,Normal,Development,NA,NA,NA,17.86,24.15,22.38,14.8,NA,FALSE,TRUE,0.22560412699999999,9.0628982999999996E-2,NA,NA,0.225681098,0.984293194,0.222136369,No,No,NA,1044,Alter et al. 2024,visconti g gianguzza f butera e costa v vizzini s byrne m gianguzza p,arbacia lixula,normal,ph,17.86,22.38,24.15,14.8,25,25,NA,NA,NA,NA,NA,NA,NA,NA,NA,NA,NA,NA,NA,NA,NA,NA,NA,NA,NA,NA,not_matched_in_alter_sheet,NA,NA
Alter et al. 2024,609_AltersInvert,48,NA,NA,Yes,NA,"Visconti G, Gianguzza F, Butera E, Costa V, Vizzini S, Byrne M, Gianguzza P",NA,2017,NA,NA,NA,NA,Marine,NA,Zooplankton,Meroplankton,Echinoderm,Arbacia lixula,NA,NA,pH,NA,NA,NA,25,25,NA,418,20.3,921,20.2,503,-0.10000000000000142,NA,NA,NA,48_Arbacia_lixula_LARVA_CO2418.00_pH8.17_T20.3,2.9642596299999999,20.3,Length,Growth,NA,NA,NA,97.86,12.45,119.3,9.3,NA,FALSE,TRUE,0.19810344299999999,8.9050100000000003E-4,NA,NA,1.9511378559999999,0.984293194,1.9204917109999999,No,No,NA,1045,Alter et al. 2024,visconti g gianguzza f butera e costa v vizzini s byrne m gianguzza p,arbacia lixula,length,ph,97.86,119.3,12.45,9.3,25,25,NA,NA,NA,NA,NA,NA,NA,NA,NA,NA,NA,NA,NA,NA,NA,NA,NA,NA,NA,NA,not_matched_in_alter_sheet,NA,NA
Alter et al. 2024,544_AltersInvert,48,NA,NA,Yes,NA,"Visconti G, Gianguzza F, Butera E, Costa V, Vizzini S, Byrne M, Gianguzza P",NA,2017,NA,NA,NA,NA,Marine,NA,Zooplankton,Meroplankton,Echinoderm,Arbacia lixula,NA,NA,T,NA,NA,NA,25,25,NA,418,20.3,427,24.3,9,4,NA,NA,NA,48_Arbacia_lixula_LARVA_CO2418.00_pH8.17_T20.3,2.6304278750000001,20.3,Normal,Development,NA,NA,NA,17.86,24.15,29.24,27.3,NA,FALSE,FALSE,0.49297405900000002,0.10800430699999999,NA,NA,0.441544457,0.984293194,0.43460920400000003,No,No,NA,1046,Alter et al. 2024,visconti g gianguzza f butera e costa v vizzini s byrne m gianguzza p,arbacia lixula,normal,t,17.86,29.24,24.15,27.3,25,25,NA,NA,NA,NA,NA,NA,NA,NA,NA,NA,NA,NA,NA,NA,NA,NA,NA,NA,NA,NA,not_matched_in_alter_sheet,NA,NA
Alter et al. 2024,607_AltersInvert,48,NA,NA,Yes,NA,"Visconti G, Gianguzza F, Butera E, Costa V, Vizzini S, Byrne M, Gianguzza P",NA,2017,NA,NA,NA,NA,Marine,NA,Zooplankton,Meroplankton,Echinoderm,Arbacia lixula,NA,NA,T,NA,NA,NA,25,25,NA,418,20.3,427,24.3,9,4,NA,NA,NA,48_Arbacia_lixula_LARVA_CO2418.00_pH8.17_T20.3,2.6304278750000001,20.3,Length,Growth,NA,NA,NA,97.86,12.45,111.84,12.45,NA,FALSE,TRUE,0.133531393,1.143107E-3,NA,NA,1.1228915660000001,0.984293194,1.105254526,No,No,NA,1047,Alter et al. 2024,visconti g gianguzza f butera e costa v vizzini s byrne m gianguzza p,arbacia lixula,length,t,97.86,111.84,12.45,12.45,25,25,NA,NA,NA,NA,NA,NA,NA,NA,NA,NA,NA,NA,NA,NA,NA,NA,NA,NA,NA,NA,not_matched_in_alter_sheet,NA,NA
Alter et al. 2024,608_AltersInvert,48,NA,NA,Yes,NA,"Visconti G, Gianguzza F, Butera E, Costa V, Vizzini S, Byrne M, Gianguzza P",NA,2017,NA,NA,NA,NA,Marine,NA,Zooplankton,Meroplankton,Echinoderm,Arbacia lixula,NA,NA,T,NA,NA,NA,25,25,NA,418,20.3,395,26.3,-23,6,NA,NA,NA,48_Arbacia_lixula_LARVA_CO2418.00_pH8.17_T20.3,2.596597096,20.3,Length,Growth,NA,NA,NA,97.86,12.45,117.44,9.3,NA,FALSE,TRUE,0.182389679,8.9826100000000002E-4,NA,NA,1.781869366,0.984293194,1.7538818890000001,No,No,NA,1048,Alter et al. 2024,visconti g gianguzza f butera e costa v vizzini s byrne m gianguzza p,arbacia lixula,length,t,97.86,117.44,12.45,9.3,25,25,NA,NA,NA,NA,NA,NA,NA,NA,NA,NA,NA,NA,NA,NA,NA,NA,NA,NA,NA,NA,not_matched_in_alter_sheet,NA,NA
Alter et al. 2024,610_AltersInvert,48,NA,NA,Yes,NA,"Visconti G, Gianguzza F, Butera E, Costa V, Vizzini S, Byrne M, Gianguzza P",NA,2017,NA,NA,NA,NA,Marine,NA,Zooplankton,Meroplankton,Echinoderm,Arbacia lixula,NA,NA,T,NA,NA,NA,25,25,NA,418,20.3,395,26.3,-23,6,NA,NA,NA,48_Arbacia_lixula_LARVA_CO2418.00_pH8.17_T20.3,2.596597096,20.3,Normal,Development,NA,NA,NA,17.86,24.15,14.11,26.9,NA,FALSE,FALSE,-0.23567980999999999,0.218517986,NA,NA,-0.14670209000000001,0.984293194,-0.14439786900000001,No,No,NA,1049,Alter et al. 2024,visconti g gianguzza f butera e costa v vizzini s byrne m gianguzza p,arbacia lixula,normal,t,17.86,14.11,24.15,26.9,25,25,NA,NA,NA,NA,NA,NA,NA,NA,NA,NA,NA,NA,NA,NA,NA,NA,NA,NA,NA,NA,not_matched_in_alter_sheet,NA,NA
Alter et al. 2024,611_AltersInvert,48,NA,NA,Yes,NA,"Visconti G, Gianguzza F, Butera E, Costa V, Vizzini S, Byrne M, Gianguzza P",NA,2017,NA,NA,NA,NA,Marine,NA,Zooplankton,Meroplankton,Echinoderm,Arbacia lixula,NA,NA,TpH,NA,NA,NA,25,25,NA,418,20.3,916,26.1,498,5.800000000000001,NA,NA,NA,48_Arbacia_lixula_LARVA_CO2418.00_pH8.17_T20.3,2.9618954739999999,20.3,Length,Growth,NA,NA,NA,97.86,12.45,130.8,10.85,NA,FALSE,TRUE,0.29013155299999999,9.2265800000000003E-4,NA,NA,2.8208248280000001,0.984293194,2.776518679,No,No,NA,1050,Alter et al. 2024,visconti g gianguzza f butera e costa v vizzini s byrne m gianguzza p,arbacia lixula,length,tph,97.86,130.8,12.45,10.85,25,25,NA,NA,NA,NA,NA,NA,NA,NA,NA,NA,NA,NA,NA,NA,NA,NA,NA,NA,NA,NA,not_matched_in_alter_sheet,NA,NA
Alter et al. 2024,612_AltersInvert,48,NA,NA,Yes,NA,"Visconti G, Gianguzza F, Butera E, Costa V, Vizzini S, Byrne M, Gianguzza P",NA,2017,NA,NA,NA,NA,Marine,NA,Zooplankton,Meroplankton,Echinoderm,Arbacia lixula,NA,NA,TpH,NA,NA,NA,25,25,NA,418,20.3,1084,24.5,666,4.199999999999999,NA,NA,NA,48_Arbacia_lixula_LARVA_CO2418.00_pH8.17_T20.3,3.035029282,20.3,Normal,Development,NA,NA,NA,17.86,24.15,13.26,9.75,NA,FALSE,TRUE,-0.29781159099999999,9.4762322999999996E-2,NA,NA,-0.24978521200000001,0.984293194,-0.245861884,No,No,NA,1051,Alter et al. 2024,visconti g gianguzza f butera e costa v vizzini s byrne m gianguzza p,arbacia lixula,normal,tph,17.86,13.26,24.15,9.75,25,25,NA,NA,NA,NA,NA,NA,NA,NA,NA,NA,NA,NA,NA,NA,NA,NA,NA,NA,NA,NA,not_matched_in_alter_sheet,NA,NA
Alter et al. 2024,613_AltersInvert,48,NA,NA,Yes,NA,"Visconti G, Gianguzza F, Butera E, Costa V, Vizzini S, Byrne M, Gianguzza P",NA,2017,NA,NA,NA,NA,Marine,NA,Zooplankton,Meroplankton,Echinoderm,Arbacia lixula,NA,NA,TpH,NA,NA,NA,25,25,NA,418,20.3,1084,24.5,666,4.199999999999999,NA,NA,NA,48_Arbacia_lixula_LARVA_CO2418.00_pH8.17_T20.3,3.035029282,20.3,Length,Growth,NA,NA,NA,97.86,12.45,144.16,12.45,NA,FALSE,TRUE,0.387385908,9.4576199999999995E-4,NA,NA,3.7188755019999999,0.984293194,3.6604638450000002,No,No,NA,1052,Alter et al. 2024,visconti g gianguzza f butera e costa v vizzini s byrne m gianguzza p,arbacia lixula,length,tph,97.86,144.16,12.45,12.45,25,25,NA,NA,NA,NA,NA,NA,NA,NA,NA,NA,NA,NA,NA,NA,NA,NA,NA,NA,NA,NA,not_matched_in_alter_sheet,NA,NA
Alter et al. 2024,614_AltersInvert,48,NA,NA,Yes,NA,"Visconti G, Gianguzza F, Butera E, Costa V, Vizzini S, Byrne M, Gianguzza P",NA,2017,NA,NA,NA,NA,Marine,NA,Zooplankton,Meroplankton,Echinoderm,Arbacia lixula,NA,NA,TpH,NA,NA,NA,25,25,NA,418,20.3,916,26.1,498,5.800000000000001,NA,NA,NA,48_Arbacia_lixula_LARVA_CO2418.00_pH8.17_T20.3,2.9618954739999999,20.3,Normal,Development,NA,NA,NA,17.86,24.15,10.99,14.4,NA,FALSE,FALSE,-0.48557780699999997,0.14180959000000001,NA,NA,-0.34553984700000001,0.984293194,-0.340112519,No,No,NA,1053,Alter et al. 2024,visconti g gianguzza f butera e costa v vizzini s byrne m gianguzza p,arbacia lixula,normal,tph,17.86,10.99,24.15,14.4,25,25,NA,NA,NA,NA,NA,NA,NA,NA,NA,NA,NA,NA,NA,NA,NA,NA,NA,NA,NA,NA,not_matched_in_alter_sheet,NA,NA
Alter et al. 2024,286_AltersInvert,16,NA,NA,Yes,NA,"Walther K, Anger K, PÃ¶rtner HO",NA,2010,NA,NA,NA,NA,Marine,NA,Zooplankton,Meroplankton,Arthropoda,Hyas araneus,NA,NA,pH,NA,NA,NA,10,10,NA,354,3,2378,3,2024,0,NA,NA,NA,16_Hyas_araneus_LARVA_CO2354.00_pH8.11_T3.,3.3762118499999998,3,Weight,Growth,NA,NA,NA,356.48,71.27773846,233.33,77.66553933,NA,FALSE,TRUE,-0.42382437699999997,1.5077334E-2,NA,NA,-1.6521309420000001,0.957746479,-1.5823225919999999,No,No,NA,1054,Alter et al. 2024,walther k anger k p rtner ho,hyas araneus,weight,ph,356.48,233.33,71.277738,77.665539,10,10,NA,NA,NA,NA,NA,NA,NA,NA,NA,NA,NA,NA,NA,NA,NA,NA,NA,NA,NA,NA,not_matched_in_alter_sheet,NA,NA
Alter et al. 2024,287_AltersInvert,16,NA,NA,Yes,NA,"Walther K, Anger K, PÃ¶rtner HO",NA,2010,NA,NA,NA,NA,Marine,NA,Zooplankton,Meroplankton,Arthropoda,Hyas araneus,NA,NA,pH,NA,NA,NA,279,279,NA,354,3,754,3,400,0,NA,NA,NA,16_Hyas_araneus_LARVA_CO2354.00_pH8.11_T3.,2.8773713459999999,3,Developmental time,Development,NA,NA,NA,72.33,112.9142613,73.08,81.51207027,NA,FALSE,TRUE,1.0315751E-2,1.3193923E-2,NA,NA,7.616304E-3,0.998650472,7.6060260000000001E-3,No,No,NA,1055,Alter et al. 2024,walther k anger k p rtner ho,hyas araneus,developmental time,ph,72.33,73.08,112.914261,81.51207,279,279,NA,NA,NA,NA,NA,NA,NA,NA,NA,NA,NA,NA,NA,NA,NA,NA,NA,NA,NA,NA,not_matched_in_alter_sheet,NA,NA
Alter et al. 2024,288_AltersInvert,16,NA,NA,Yes,NA,"Walther K, Anger K, PÃ¶rtner HO",NA,2010,NA,NA,NA,NA,Marine,NA,Zooplankton,Meroplankton,Arthropoda,Hyas araneus,NA,NA,pH,NA,NA,NA,10,10,NA,354,3,2378,3,2024,0,NA,NA,NA,16_Hyas_araneus_LARVA_CO2354.00_pH8.11_T3.,3.3762118499999998,3,C:N ratio,Physiology,NA,NA,NA,4.29,1.549516053,4.38,0.948683298,NA,TRUE,TRUE,2.0761991E-2,1.7737317999999998E-2,NA,NA,7.0054291000000005E-2,0.957746479,6.7094250999999994E-2,No,No,NA,1056,Alter et al. 2024,walther k anger k p rtner ho,hyas araneus,c n ratio,ph,4.29,4.38,1.549516,0.948683,10,10,NA,NA,NA,NA,NA,NA,NA,NA,NA,NA,NA,NA,NA,NA,NA,NA,NA,NA,NA,NA,not_matched_in_alter_sheet,NA,NA
Alter et al. 2024,289_AltersInvert,16,NA,NA,Yes,NA,"Walther K, Anger K, PÃ¶rtner HO",NA,2010,NA,NA,NA,NA,Marine,NA,Zooplankton,Meroplankton,Arthropoda,Hyas araneus,NA,NA,pH,NA,NA,NA,10,10,NA,354,3,754,3,400,0,NA,NA,NA,16_Hyas_araneus_LARVA_CO2354.00_pH8.11_T3.,2.8773713459999999,3,C:N ratio,Physiology,NA,NA,NA,4.29,1.549516053,4.42,1.739252713,NA,FALSE,TRUE,2.9852963E-2,2.8529922999999999E-2,NA,NA,7.8925702E-2,0.957746479,7.5590814000000006E-2,No,No,NA,1057,Alter et al. 2024,walther k anger k p rtner ho,hyas araneus,c n ratio,ph,4.29,4.42,1.549516,1.739253,10,10,NA,NA,NA,NA,NA,NA,NA,NA,NA,NA,NA,NA,NA,NA,NA,NA,NA,NA,NA,NA,not_matched_in_alter_sheet,NA,NA
Alter et al. 2024,290_AltersInvert,16,NA,NA,Yes,NA,"Walther K, Anger K, PÃ¶rtner HO",NA,2010,NA,NA,NA,NA,Marine,NA,Zooplankton,Meroplankton,Arthropoda,Hyas araneus,NA,NA,pH,NA,NA,NA,279,279,NA,354,3,2378,3,2024,0,NA,NA,NA,16_Hyas_araneus_LARVA_CO2354.00_pH8.11_T3.,3.3762118499999998,3,Developmental time,Development,NA,NA,NA,72.33,112.9142613,75.33,125.608764,NA,TRUE,TRUE,4.0639480999999998E-2,1.8700385E-2,NA,NA,2.5119254000000001E-2,0.998650472,2.5085355E-2,No,No,NA,1058,Alter et al. 2024,walther k anger k p rtner ho,hyas araneus,developmental time,ph,72.33,75.33,112.914261,125.608764,279,279,NA,NA,NA,NA,NA,NA,NA,NA,NA,NA,NA,NA,NA,NA,NA,NA,NA,NA,NA,NA,not_matched_in_alter_sheet,NA,NA
Alter et al. 2024,292_AltersInvert,16,NA,NA,Yes,NA,"Walther K, Anger K, PÃ¶rtner HO",NA,2010,NA,NA,NA,NA,Marine,NA,Zooplankton,Meroplankton,Arthropoda,Hyas araneus,NA,NA,pH,NA,NA,NA,279,279,NA,354,3,754,3,400,0,NA,NA,NA,16_Hyas_araneus_LARVA_CO2354.00_pH8.11_T3.,2.8773713459999999,3,Developmental time,Development,NA,NA,NA,59.17,25.05493963,62.93,25.05493963,NA,TRUE,TRUE,6.1608340999999997E-2,1.2108119999999999E-3,NA,NA,0.15007020800000001,0.998650472,0.149867684,No,No,NA,1059,Alter et al. 2024,walther k anger k p rtner ho,hyas araneus,developmental time,ph,59.17,62.93,25.05494,25.05494,279,279,NA,NA,NA,NA,NA,NA,NA,NA,NA,NA,NA,NA,NA,NA,NA,NA,NA,NA,NA,NA,not_matched_in_alter_sheet,NA,NA
Alter et al. 2024,293_AltersInvert,16,NA,NA,Yes,NA,"Walther K, Anger K, PÃ¶rtner HO",NA,2010,NA,NA,NA,NA,Marine,NA,Zooplankton,Meroplankton,Arthropoda,Hyas araneus,NA,NA,pH,NA,NA,NA,10,10,NA,354,3,754,3,400,0,NA,NA,NA,16_Hyas_araneus_LARVA_CO2354.00_pH8.11_T3.,2.8773713459999999,3,Weight,Growth,NA,NA,NA,356.48,71.27773846,382.4,83.61062133,NA,TRUE,TRUE,7.0189044000000006E-2,8.7786029999999994E-3,NA,NA,0.33363671499999997,0.957746479,0.31953938900000001,No,No,NA,1060,Alter et al. 2024,walther k anger k p rtner ho,hyas araneus,weight,ph,356.48,382.4,71.277738,83.610621,10,10,NA,NA,NA,NA,NA,NA,NA,NA,NA,NA,NA,NA,NA,NA,NA,NA,NA,NA,NA,NA,not_matched_in_alter_sheet,NA,NA
Alter et al. 2024,299_AltersInvert,16,NA,NA,Yes,NA,"Walther K, Anger K, PÃ¶rtner HO",NA,2010,NA,NA,NA,NA,Marine,NA,Zooplankton,Meroplankton,Arthropoda,Hyas araneus,NA,NA,pH,NA,NA,NA,279,279,NA,354,3,2378,3,2024,0,NA,NA,NA,16_Hyas_araneus_LARVA_CO2354.00_pH8.11_T3.,3.3762118499999998,3,Developmental time,Development,NA,NA,NA,59.17,25.05493963,68.94,25.22197256,NA,FALSE,TRUE,0.15282190400000001,1.1224029999999999E-3,NA,NA,0.38864543000000001,0.998650472,0.38812094200000002,No,No,NA,1061,Alter et al. 2024,walther k anger k p rtner ho,hyas araneus,developmental time,ph,59.17,68.94,25.05494,25.221973,279,279,NA,NA,NA,NA,NA,NA,NA,NA,NA,NA,NA,NA,NA,NA,NA,NA,NA,NA,NA,NA,not_matched_in_alter_sheet,NA,NA
Alter et al. 2024,280_AltersInvert,16,NA,NA,Yes,NA,"Walther K, Anger K, PÃ¶rtner HO",NA,2010,NA,NA,NA,NA,Marine,NA,Zooplankton,Meroplankton,Arthropoda,Hyas araneus,NA,NA,T,NA,NA,NA,279,279,NA,354,3,346,9,-8,6,NA,NA,NA,16_Hyas_araneus_LARVA_CO2354.00_pH8.11_T3.,2.5390760989999999,3,Developmental time,Development,NA,NA,NA,72.33,112.9142613,19.09,15.19999671,NA,TRUE,TRUE,-1.3320743429999999,1.1007197999999999E-2,NA,NA,-0.66085242,0.998650472,-0.65996058199999996,No,No,NA,1062,Alter et al. 2024,walther k anger k p rtner ho,hyas araneus,developmental time,t,72.33,19.09,112.914261,15.199997,279,279,NA,NA,NA,NA,NA,NA,NA,NA,NA,NA,NA,NA,NA,NA,NA,NA,NA,NA,NA,NA,not_matched_in_alter_sheet,NA,NA
Alter et al. 2024,283_AltersInvert,16,NA,NA,Yes,NA,"Walther K, Anger K, PÃ¶rtner HO",NA,2010,NA,NA,NA,NA,Marine,NA,Zooplankton,Meroplankton,Arthropoda,Hyas araneus,NA,NA,T,NA,NA,NA,279,279,NA,354,3,346,9,-8,6,NA,NA,NA,16_Hyas_araneus_LARVA_CO2354.00_pH8.11_T3.,2.5390760989999999,3,Developmental time,Development,NA,NA,NA,59.17,25.05493963,20.72,56.29009771,NA,TRUE,TRUE,-1.049315239,2.7095984E-2,NA,NA,-0.88253033800000003,0.998650472,-0.88133933900000005,No,No,NA,1063,Alter et al. 2024,walther k anger k p rtner ho,hyas araneus,developmental time,t,59.17,20.72,25.05494,56.290098,279,279,NA,NA,NA,NA,NA,NA,NA,NA,NA,NA,NA,NA,NA,NA,NA,NA,NA,NA,NA,NA,not_matched_in_alter_sheet,NA,NA
Alter et al. 2024,300_AltersInvert,16,NA,NA,Yes,NA,"Walther K, Anger K, PÃ¶rtner HO",NA,2010,NA,NA,NA,NA,Marine,NA,Zooplankton,Meroplankton,Arthropoda,Hyas araneus,NA,NA,T,NA,NA,NA,10,10,NA,354,3,346,9,-8,6,NA,NA,NA,16_Hyas_araneus_LARVA_CO2354.00_pH8.11_T3.,2.5390760989999999,3,C:N ratio,Physiology,NA,NA,NA,4.29,1.549516053,5.42,0.790569415,NA,FALSE,TRUE,0.233809083,1.5173564E-2,NA,NA,0.91866882599999999,0.957746479,0.879851834,No,No,NA,1064,Alter et al. 2024,walther k anger k p rtner ho,hyas araneus,c n ratio,t,4.29,5.42,1.549516,0.790569,10,10,NA,NA,NA,NA,NA,NA,NA,NA,NA,NA,NA,NA,NA,NA,NA,NA,NA,NA,NA,NA,not_matched_in_alter_sheet,NA,NA
Alter et al. 2024,305_AltersInvert,16,NA,NA,Yes,NA,"Walther K, Anger K, PÃ¶rtner HO",NA,2020,NA,NA,NA,NA,Marine,NA,Zooplankton,Meroplankton,Arthropoda,Hyas araneus,NA,NA,T,NA,NA,NA,10,10,NA,354,3,346,9,-8,6,NA,NA,NA,16_Hyas_araneus_LARVA_CO2354.00_pH8.11_T3.,2.5390760989999999,3,Weight,Growth,NA,NA,NA,356.48,71.27773846,577.98,89.01811613,NA,FALSE,TRUE,0.48326112900000001,6.3700409999999999E-3,NA,NA,2.746868536,0.957746479,2.630803668,No,No,NA,1065,Alter et al. 2024,walther k anger k p rtner ho,hyas araneus,weight,t,356.48,577.98,71.277738,89.018116,10,10,NA,NA,NA,NA,NA,NA,NA,NA,NA,NA,NA,NA,NA,NA,NA,NA,NA,NA,NA,NA,not_matched_in_alter_sheet,NA,NA
Alter et al. 2024,275_AltersInvert,16,NA,NA,Yes,NA,"Walther K, Anger K, PÃ¶rtner HO",NA,2010,NA,NA,NA,NA,Marine,NA,Zooplankton,Meroplankton,Arthropoda,Hyas araneus,NA,NA,T,NA,NA,NA,279,279,NA,354,3,401,15,47,12,NA,NA,NA,16_Hyas_araneus_LARVA_CO2354.00_pH8.11_T3.,2.6031443730000001,3,Developmental time,Development,NA,NA,NA,72.33,112.9142613,11.51,10.18900878,NA,TRUE,TRUE,-1.8380227579999999,1.1543594000000001E-2,NA,NA,-0.75866774400000003,0.998650472,-0.75764390100000001,No,No,NA,1066,Alter et al. 2024,walther k anger k p rtner ho,hyas araneus,developmental time,t,72.33,11.51,112.914261,10.189009,279,279,NA,NA,NA,NA,NA,NA,NA,NA,NA,NA,NA,NA,NA,NA,NA,NA,NA,NA,NA,NA,not_matched_in_alter_sheet,NA,NA
Alter et al. 2024,277_AltersInvert,16,NA,NA,Yes,NA,"Walther K, Anger K, PÃ¶rtner HO",NA,2010,NA,NA,NA,NA,Marine,NA,Zooplankton,Meroplankton,Arthropoda,Hyas araneus,NA,NA,T,NA,NA,NA,279,279,NA,354,3,401,15,47,12,NA,NA,NA,16_Hyas_araneus_LARVA_CO2354.00_pH8.11_T3.,2.6031443730000001,3,Developmental time,Development,NA,NA,NA,59.17,25.05493963,12.42,10.18900878,NA,TRUE,TRUE,-1.5611065799999999,3.0548749999999999E-3,NA,NA,-2.4443865539999998,0.998650472,-2.4410877869999998,No,No,NA,1067,Alter et al. 2024,walther k anger k p rtner ho,hyas araneus,developmental time,t,59.17,12.42,25.05494,10.189009,279,279,NA,NA,NA,NA,NA,NA,NA,NA,NA,NA,NA,NA,NA,NA,NA,NA,NA,NA,NA,NA,not_matched_in_alter_sheet,NA,NA
Alter et al. 2024,296_AltersInvert,16,NA,NA,Yes,NA,"Walther K, Anger K, PÃ¶rtner HO",NA,2010,NA,NA,NA,NA,Marine,NA,Zooplankton,Meroplankton,Arthropoda,Hyas araneus,NA,NA,T,NA,NA,NA,10,10,NA,354,3,401,15,47,12,NA,NA,NA,16_Hyas_araneus_LARVA_CO2354.00_pH8.11_T3.,2.6031443730000001,3,C:N ratio,Physiology,NA,NA,NA,4.29,1.549516053,4.8,0.822192192,NA,FALSE,TRUE,0.112329185,1.5980034000000001E-2,NA,NA,0.41117000599999998,0.957746479,0.39379662500000001,No,No,NA,1068,Alter et al. 2024,walther k anger k p rtner ho,hyas araneus,c n ratio,t,4.29,4.8,1.549516,0.822192,10,10,NA,NA,NA,NA,NA,NA,NA,NA,NA,NA,NA,NA,NA,NA,NA,NA,NA,NA,NA,NA,not_matched_in_alter_sheet,NA,NA
Alter et al. 2024,303_AltersInvert,16,NA,NA,Yes,NA,"Walther K, Anger K, PÃ¶rtner HO",NA,2020,NA,NA,NA,NA,Marine,NA,Zooplankton,Meroplankton,Arthropoda,Hyas araneus,NA,NA,T,NA,NA,NA,10,10,NA,354,3,401,15,47,12,NA,NA,NA,16_Hyas_araneus_LARVA_CO2354.00_pH8.11_T3.,2.6031443730000001,3,Weight,Growth,NA,NA,NA,356.48,71.27773846,523.36,64.63695537,NA,FALSE,TRUE,0.38399142600000002,5.5232700000000003E-3,NA,NA,2.4527320110000002,0.957746479,2.3490954479999999,No,No,NA,1069,Alter et al. 2024,walther k anger k p rtner ho,hyas araneus,weight,t,356.48,523.36,71.277738,64.636955,10,10,NA,NA,NA,NA,NA,NA,NA,NA,NA,NA,NA,NA,NA,NA,NA,NA,NA,NA,NA,NA,not_matched_in_alter_sheet,NA,NA
Alter et al. 2024,274_AltersInvert,16,NA,NA,Yes,NA,"Walther K, Anger K, PÃ¶rtner HO",NA,2010,NA,NA,NA,NA,Marine,NA,Zooplankton,Meroplankton,Arthropoda,Hyas araneus,NA,NA,TpH,NA,NA,NA,279,279,NA,354,3,846,15,492,12,NA,NA,NA,16_Hyas_araneus_LARVA_CO2354.00_pH8.11_T3.,2.9273703630000001,3,Developmental time,Development,NA,NA,NA,72.33,112.9142613,11.06,10.02197585,NA,TRUE,TRUE,-1.8779039850000001,1.1677883999999999E-2,NA,NA,-0.76438142499999995,0.998650472,-0.76334987099999996,No,No,NA,1070,Alter et al. 2024,walther k anger k p rtner ho,hyas araneus,developmental time,tph,72.33,11.06,112.914261,10.021976,279,279,NA,NA,NA,NA,NA,NA,NA,NA,NA,NA,NA,NA,NA,NA,NA,NA,NA,NA,NA,NA,not_matched_in_alter_sheet,NA,NA
Alter et al. 2024,276_AltersInvert,16,NA,NA,Yes,NA,"Walther K, Anger K, PÃ¶rtner HO",NA,2010,NA,NA,NA,NA,Marine,NA,Zooplankton,Meroplankton,Arthropoda,Hyas araneus,NA,NA,TpH,NA,NA,NA,279,279,NA,354,3,2637,15,2283,12,NA,NA,NA,16_Hyas_araneus_LARVA_CO2354.00_pH8.11_T3.,3.4211101300000002,3,Developmental time,Development,NA,NA,NA,72.33,112.9142613,11.81,15.19999671,NA,TRUE,TRUE,-1.812292351,1.4672088E-2,NA,NA,-0.75121691400000001,0.998650472,-0.75020312600000005,No,No,NA,1071,Alter et al. 2024,walther k anger k p rtner ho,hyas araneus,developmental time,tph,72.33,11.81,112.914261,15.199997,279,279,NA,NA,NA,NA,NA,NA,NA,NA,NA,NA,NA,NA,NA,NA,NA,NA,NA,NA,NA,NA,not_matched_in_alter_sheet,NA,NA
Alter et al. 2024,278_AltersInvert,16,NA,NA,Yes,NA,"Walther K, Anger K, PÃ¶rtner HO",NA,2010,NA,NA,NA,NA,Marine,NA,Zooplankton,Meroplankton,Arthropoda,Hyas araneus,NA,NA,TpH,NA,NA,NA,279,279,NA,354,3,846,15,492,12,NA,NA,NA,16_Hyas_araneus_LARVA_CO2354.00_pH8.11_T3.,2.9273703630000001,3,Developmental time,Development,NA,NA,NA,59.17,25.05493963,12.42,12.69450275,NA,TRUE,TRUE,-1.5611065799999999,4.3870719999999997E-3,NA,NA,-2.3538865370000002,0.998650472,-2.3507099020000002,No,No,NA,1072,Alter et al. 2024,walther k anger k p rtner ho,hyas araneus,developmental time,tph,59.17,12.42,25.05494,12.694503,279,279,NA,NA,NA,NA,NA,NA,NA,NA,NA,NA,NA,NA,NA,NA,NA,NA,NA,NA,NA,NA,not_matched_in_alter_sheet,NA,NA
Alter et al. 2024,279_AltersInvert,16,NA,NA,Yes,NA,"Walther K, Anger K, PÃ¶rtner HO",NA,2010,NA,NA,NA,NA,Marine,NA,Zooplankton,Meroplankton,Arthropoda,Hyas araneus,NA,NA,TpH,NA,NA,NA,279,279,NA,354,3,2637,15,2283,12,NA,NA,NA,16_Hyas_araneus_LARVA_CO2354.00_pH8.11_T3.,3.4211101300000002,3,Developmental time,Development,NA,NA,NA,59.17,25.05493963,13.03,22.7164786,NA,TRUE,TRUE,-1.5131602660000001,1.1536698E-2,NA,NA,-1.9293887599999999,0.998650472,-1.9267849969999999,No,No,NA,1073,Alter et al. 2024,walther k anger k p rtner ho,hyas araneus,developmental time,tph,59.17,13.03,25.05494,22.716479,279,279,NA,NA,NA,NA,NA,NA,NA,NA,NA,NA,NA,NA,NA,NA,NA,NA,NA,NA,NA,NA,not_matched_in_alter_sheet,NA,NA
Alter et al. 2024,281_AltersInvert,16,NA,NA,Yes,NA,"Walther K, Anger K, PÃ¶rtner HO",NA,2010,NA,NA,NA,NA,Marine,NA,Zooplankton,Meroplankton,Arthropoda,Hyas araneus,NA,NA,TpH,NA,NA,NA,279,279,NA,354,3,786,9,432,6,NA,NA,NA,16_Hyas_araneus_LARVA_CO2354.00_pH8.11_T3.,2.8954225459999998,3,Developmental time,Development,NA,NA,NA,72.33,112.9142613,19.31,11.52527223,NA,TRUE,FALSE,-1.320615884,1.0011702000000001E-2,NA,NA,-0.66062542099999999,0.998650472,-0.65973388799999999,No,No,NA,1074,Alter et al. 2024,walther k anger k p rtner ho,hyas araneus,developmental time,tph,72.33,19.31,112.914261,11.525272,279,279,NA,NA,NA,NA,NA,NA,NA,NA,NA,NA,NA,NA,NA,NA,NA,NA,NA,NA,NA,NA,not_matched_in_alter_sheet,NA,NA
Alter et al. 2024,282_AltersInvert,16,NA,NA,Yes,NA,"Walther K, Anger K, PÃ¶rtner HO",NA,2010,NA,NA,NA,NA,Marine,NA,Zooplankton,Meroplankton,Arthropoda,Hyas araneus,NA,NA,TpH,NA,NA,NA,279,279,NA,354,3,2443,9,2089,6,NA,NA,NA,16_Hyas_araneus_LARVA_CO2354.00_pH8.11_T3.,3.3879234669999998,3,Developmental time,Development,NA,NA,NA,72.33,112.9142613,19.54,11.3582393,NA,TRUE,TRUE,-1.3087753339999999,9.9459390000000009E-3,NA,NA,-0.65785723900000004,0.998650472,-0.65696944300000004,No,No,NA,1075,Alter et al. 2024,walther k anger k p rtner ho,hyas araneus,developmental time,tph,72.33,19.54,112.914261,11.358239,279,279,NA,NA,NA,NA,NA,NA,NA,NA,NA,NA,NA,NA,NA,NA,NA,NA,NA,NA,NA,NA,not_matched_in_alter_sheet,NA,NA
Alter et al. 2024,284_AltersInvert,16,NA,NA,Yes,NA,"Walther K, Anger K, PÃ¶rtner HO",NA,2010,NA,NA,NA,NA,Marine,NA,Zooplankton,Meroplankton,Arthropoda,Hyas araneus,NA,NA,TpH,NA,NA,NA,279,279,NA,354,3,786,9,432,6,NA,NA,NA,16_Hyas_araneus_LARVA_CO2354.00_pH8.11_T3.,2.8954225459999998,3,Developmental time,Development,NA,NA,NA,59.17,25.05493963,21.13,19.04175412,NA,TRUE,TRUE,-1.0297208250000001,3.553446E-3,NA,NA,-1.709478711,0.998650472,-1.707171722,No,No,NA,1076,Alter et al. 2024,walther k anger k p rtner ho,hyas araneus,developmental time,tph,59.17,21.13,25.05494,19.041754,279,279,NA,NA,NA,NA,NA,NA,NA,NA,NA,NA,NA,NA,NA,NA,NA,NA,NA,NA,NA,NA,not_matched_in_alter_sheet,NA,NA
Alter et al. 2024,285_AltersInvert,16,NA,NA,Yes,NA,"Walther K, Anger K, PÃ¶rtner HO",NA,2010,NA,NA,NA,NA,Marine,NA,Zooplankton,Meroplankton,Arthropoda,Hyas araneus,NA,NA,TpH,NA,NA,NA,279,279,NA,354,3,2443,9,2089,6,NA,NA,NA,16_Hyas_araneus_LARVA_CO2354.00_pH8.11_T3.,3.3879234669999998,3,Developmental time,Development,NA,NA,NA,59.17,25.05493963,21.81,15.19999671,NA,FALSE,TRUE,-0.99804607599999995,2.3835480000000001E-3,NA,NA,-1.802928074,0.998650472,-1.8004949729999999,No,No,NA,1077,Alter et al. 2024,walther k anger k p rtner ho,hyas araneus,developmental time,tph,59.17,21.81,25.05494,15.199997,279,279,NA,NA,NA,NA,NA,NA,NA,NA,NA,NA,NA,NA,NA,NA,NA,NA,NA,NA,NA,NA,not_matched_in_alter_sheet,NA,NA
Alter et al. 2024,291_AltersInvert,16,NA,NA,Yes,NA,"Walther K, Anger K, PÃ¶rtner HO",NA,2010,NA,NA,NA,NA,Marine,NA,Zooplankton,Meroplankton,Arthropoda,Hyas araneus,NA,NA,TpH,NA,NA,NA,10,10,NA,354,3,2443,9,2089,6,NA,NA,NA,16_Hyas_araneus_LARVA_CO2354.00_pH8.11_T3.,3.3879234669999998,3,C:N ratio,Physiology,NA,NA,NA,4.29,1.549516053,4.56,1.264911064,NA,TRUE,TRUE,6.1035891000000002E-2,2.0740681E-2,NA,NA,0.190894971,0.957746479,0.182828986,No,No,NA,1078,Alter et al. 2024,walther k anger k p rtner ho,hyas araneus,c n ratio,tph,4.29,4.56,1.549516,1.264911,10,10,NA,NA,NA,NA,NA,NA,NA,NA,NA,NA,NA,NA,NA,NA,NA,NA,NA,NA,NA,NA,not_matched_in_alter_sheet,NA,NA
Alter et al. 2024,294_AltersInvert,16,NA,NA,Yes,NA,"Walther K, Anger K, PÃ¶rtner HO",NA,2010,NA,NA,NA,NA,Marine,NA,Zooplankton,Meroplankton,Arthropoda,Hyas araneus,NA,NA,TpH,NA,NA,NA,10,10,NA,354,3,2637,15,2283,12,NA,NA,NA,16_Hyas_araneus_LARVA_CO2354.00_pH8.11_T3.,3.4211101300000002,3,C:N ratio,Physiology,NA,NA,NA,4.29,1.549516053,4.76,1.075174404,NA,FALSE,TRUE,0.103960935,1.8148047E-2,NA,NA,0.35242842000000002,0.957746479,0.33753707900000002,No,No,NA,1079,Alter et al. 2024,walther k anger k p rtner ho,hyas araneus,c n ratio,tph,4.29,4.76,1.549516,1.075174,10,10,NA,NA,NA,NA,NA,NA,NA,NA,NA,NA,NA,NA,NA,NA,NA,NA,NA,NA,NA,NA,not_matched_in_alter_sheet,NA,NA
Alter et al. 2024,295_AltersInvert,16,NA,NA,Yes,NA,"Walther K, Anger K, PÃ¶rtner HO",NA,2010,NA,NA,NA,NA,Marine,NA,Zooplankton,Meroplankton,Arthropoda,Hyas araneus,NA,NA,TpH,NA,NA,NA,10,10,NA,354,3,2443,9,2089,6,NA,NA,NA,16_Hyas_araneus_LARVA_CO2354.00_pH8.11_T3.,3.3879234669999998,3,Weight,Growth,NA,NA,NA,356.48,71.27773846,398.16,178.8268017,NA,FALSE,TRUE,0.110575797,2.4169998000000002E-2,NA,NA,0.30619119,0.957746479,0.29325353399999998,No,No,NA,1080,Alter et al. 2024,walther k anger k p rtner ho,hyas araneus,weight,tph,356.48,398.16,71.277738,178.826802,10,10,NA,NA,NA,NA,NA,NA,NA,NA,NA,NA,NA,NA,NA,NA,NA,NA,NA,NA,NA,NA,not_matched_in_alter_sheet,NA,NA
Alter et al. 2024,297_AltersInvert,16,NA,NA,Yes,NA,"Walther K, Anger K, PÃ¶rtner HO",NA,2010,NA,NA,NA,NA,Marine,NA,Zooplankton,Meroplankton,Arthropoda,Hyas araneus,NA,NA,TpH,NA,NA,NA,10,10,NA,354,3,846,15,492,12,NA,NA,NA,16_Hyas_araneus_LARVA_CO2354.00_pH8.11_T3.,2.9273703630000001,3,C:N ratio,Physiology,NA,NA,NA,4.29,1.549516053,4.84,0.758946638,NA,FALSE,TRUE,0.12062798800000001,1.5504854E-2,NA,NA,0.45080452799999998,0.957746479,0.43175645000000001,No,No,NA,1081,Alter et al. 2024,walther k anger k p rtner ho,hyas araneus,c n ratio,tph,4.29,4.84,1.549516,0.758947,10,10,NA,NA,NA,NA,NA,NA,NA,NA,NA,NA,NA,NA,NA,NA,NA,NA,NA,NA,NA,NA,not_matched_in_alter_sheet,NA,NA
Alter et al. 2024,298_AltersInvert,16,NA,NA,Yes,NA,"Walther K, Anger K, PÃ¶rtner HO",NA,2010,NA,NA,NA,NA,Marine,NA,Zooplankton,Meroplankton,Arthropoda,Hyas araneus,NA,NA,TpH,NA,NA,NA,10,10,NA,354,3,786,9,432,6,NA,NA,NA,16_Hyas_araneus_LARVA_CO2354.00_pH8.11_T3.,2.8954225459999998,3,C:N ratio,Physiology,NA,NA,NA,4.29,1.549516053,4.95,3.130654884,NA,FALSE,TRUE,0.143100844,5.3046006E-2,NA,NA,0.26720428800000001,0.957746479,0.25591396599999999,No,No,NA,1082,Alter et al. 2024,walther k anger k p rtner ho,hyas araneus,c n ratio,tph,4.29,4.95,1.549516,3.130655,10,10,NA,NA,NA,NA,NA,NA,NA,NA,NA,NA,NA,NA,NA,NA,NA,NA,NA,NA,NA,NA,not_matched_in_alter_sheet,NA,NA
Alter et al. 2024,301_AltersInvert,16,NA,NA,Yes,NA,"Walther K, Anger K, PÃ¶rtner HO",NA,2020,NA,NA,NA,NA,Marine,NA,Zooplankton,Meroplankton,Arthropoda,Hyas araneus,NA,NA,TpH,NA,NA,NA,10,10,NA,354,3,2637,15,2283,12,NA,NA,NA,16_Hyas_araneus_LARVA_CO2354.00_pH8.11_T3.,3.4211101300000002,3,Weight,Growth,NA,NA,NA,356.48,71.27773846,457.94,104.0705578,NA,FALSE,TRUE,0.250460034,9.1625739999999997E-3,NA,NA,1.137518397,0.957746479,1.08945424,No,No,NA,1083,Alter et al. 2024,walther k anger k p rtner ho,hyas araneus,weight,tph,356.48,457.94,71.277738,104.070558,10,10,NA,NA,NA,NA,NA,NA,NA,NA,NA,NA,NA,NA,NA,NA,NA,NA,NA,NA,NA,NA,not_matched_in_alter_sheet,NA,NA
Alter et al. 2024,302_AltersInvert,16,NA,NA,Yes,NA,"Walther K, Anger K, PÃ¶rtner HO",NA,2020,NA,NA,NA,NA,Marine,NA,Zooplankton,Meroplankton,Arthropoda,Hyas araneus,NA,NA,TpH,NA,NA,NA,10,10,NA,354,3,786,9,432,6,NA,NA,NA,16_Hyas_araneus_LARVA_CO2354.00_pH8.11_T3.,2.8954225459999998,3,Weight,Growth,NA,NA,NA,356.48,71.27773846,513.76,128.2303591,NA,FALSE,TRUE,0.365478093,1.0227564999999999E-2,NA,NA,1.5161132289999999,0.957746479,1.4520521070000001,No,No,NA,1084,Alter et al. 2024,walther k anger k p rtner ho,hyas araneus,weight,tph,356.48,513.76,71.277738,128.230359,10,10,NA,NA,NA,NA,NA,NA,NA,NA,NA,NA,NA,NA,NA,NA,NA,NA,NA,NA,NA,NA,not_matched_in_alter_sheet,NA,NA
Alter et al. 2024,304_AltersInvert,16,NA,NA,Yes,NA,"Walther K, Anger K, PÃ¶rtner HO",NA,2020,NA,NA,NA,NA,Marine,NA,Zooplankton,Meroplankton,Arthropoda,Hyas araneus,NA,NA,TpH,NA,NA,NA,10,10,NA,354,3,846,15,492,12,NA,NA,NA,16_Hyas_araneus_LARVA_CO2354.00_pH8.11_T3.,2.9273703630000001,3,Weight,Growth,NA,NA,NA,356.48,71.27773846,549.53,104.4816539,NA,FALSE,TRUE,0.43278523000000002,7.6128589999999996E-3,NA,NA,2.1585715780000001,0.957746479,2.067364328,No,No,NA,1085,Alter et al. 2024,walther k anger k p rtner ho,hyas araneus,weight,tph,356.48,549.53,71.277738,104.481654,10,10,NA,NA,NA,NA,NA,NA,NA,NA,NA,NA,NA,NA,NA,NA,NA,NA,NA,NA,NA,NA,not_matched_in_alter_sheet,NA,NA
Alter et al. 2024,1148_AltersInvert,215,NA,NA,Yes,NA,"Walther, Sartoris, PÃ¶rtner",NA,2018,NA,NA,NA,NA,Marine,NA,Zooplankton,Meroplankton,Arthropoda,Hyas araneus,NA,NA,pH,NA,NA,NA,9,9,NA,354,3,2378,3,2024,0,NA,NA,NA,215_Hyas_araneus_LARVA_CO2354.00_pH0.00_T3.,3.3762118499999998,3,Calcium content,Physiology,NA,NA,NA,2.332,0.678,1.109,0.204,NA,FALSE,TRUE,-0.74326756000000005,1.315175E-2,NA,NA,-2.4428263870000002,0.952380952,-2.3265013209999998,No,No,NA,1086,Alter et al. 2024,walther sartoris p rtner,hyas araneus,calcium content,ph,2.332,1.109,0.678,0.204,9,9,NA,NA,NA,NA,NA,NA,NA,NA,NA,NA,NA,NA,NA,NA,NA,NA,NA,NA,NA,NA,not_matched_in_alter_sheet,NA,NA
Alter et al. 2024,1174_AltersInvert,215,NA,NA,Yes,NA,"Walther, Sartoris, PÃ¶rtner",NA,2011,NA,NA,NA,NA,Marine,NA,Zooplankton,Meroplankton,Arthropoda,Hyas araneus,NA,NA,pH,NA,NA,NA,9,9,NA,354,3,2378,3,2024,0,NA,NA,NA,215_Hyas_araneus_LARVA_CO2354.00_pH0.00_T3.,3.3762118499999998,3,Calcium content,Physiology,NA,NA,NA,4.143,1.089,1.834,0.474,NA,FALSE,TRUE,-0.81492078899999998,1.5098762999999999E-2,NA,NA,-2.7493969900000002,0.952380952,-2.6184733229999999,No,No,NA,1087,Alter et al. 2024,walther sartoris p rtner,hyas araneus,calcium content,ph,4.143,1.834,1.089,0.474,9,9,NA,NA,NA,NA,NA,NA,NA,NA,NA,NA,NA,NA,NA,NA,NA,NA,NA,NA,NA,NA,not_matched_in_alter_sheet,NA,NA
Alter et al. 2024,1178_AltersInvert,215,NA,NA,Yes,NA,"Walther, Sartoris, PÃ¶rtner",NA,2011,NA,NA,NA,NA,Marine,NA,Zooplankton,Meroplankton,Arthropoda,Hyas araneus,NA,NA,pH,NA,NA,NA,9,9,NA,354,3,754,3,400,0,NA,NA,NA,215_Hyas_araneus_LARVA_CO2354.00_pH0.00_T3.,2.8773713459999999,3,Calcium content,Physiology,NA,NA,NA,2.332,0.678,2.423,0.543,NA,TRUE,TRUE,3.8280173000000001E-2,1.4972243999999999E-2,NA,NA,0.148155327,0.952380952,0.14110031100000001,No,No,NA,1088,Alter et al. 2024,walther sartoris p rtner,hyas araneus,calcium content,ph,2.332,2.423,0.678,0.543,9,9,NA,NA,NA,NA,NA,NA,NA,NA,NA,NA,NA,NA,NA,NA,NA,NA,NA,NA,NA,NA,not_matched_in_alter_sheet,NA,NA
Alter et al. 2024,1182_AltersInvert,215,NA,NA,Yes,NA,"Walther, Sartoris, PÃ¶rtner",NA,2011,NA,NA,NA,NA,Marine,NA,Zooplankton,Meroplankton,Arthropoda,Hyas araneus,NA,NA,pH,NA,NA,NA,9,9,NA,354,3,754,3,400,0,NA,NA,NA,215_Hyas_araneus_LARVA_CO2354.00_pH0.00_T3.,2.8773713459999999,3,Calcium content,Physiology,NA,NA,NA,4.143,1.089,3.577,0.543,NA,FALSE,TRUE,-0.14689570299999999,1.0237323E-2,NA,NA,-0.65779054299999995,0.952380952,-0.62646718400000001,No,No,NA,1089,Alter et al. 2024,walther sartoris p rtner,hyas araneus,calcium content,ph,4.143,3.577,1.089,0.543,9,9,NA,NA,NA,NA,NA,NA,NA,NA,NA,NA,NA,NA,NA,NA,NA,NA,NA,NA,NA,NA,not_matched_in_alter_sheet,NA,NA
Alter et al. 2024,1179_AltersInvert,215,NA,NA,Yes,NA,"Walther, Sartoris, PÃ¶rtner",NA,2011,NA,NA,NA,NA,Marine,NA,Zooplankton,Meroplankton,Arthropoda,Hyas araneus,NA,NA,T,NA,NA,NA,9,9,NA,354,3,346,9,-8,6,NA,NA,NA,215_Hyas_araneus_LARVA_CO2354.00_pH0.00_T3.,2.5390760989999999,3,Calcium content,Physiology,NA,NA,NA,2.332,0.678,3.132,0.465,NA,FALSE,TRUE,0.29494551000000002,1.1841212E-2,NA,NA,1.3761344600000001,0.952380952,1.3106042470000001,No,No,NA,1090,Alter et al. 2024,walther sartoris p rtner,hyas araneus,calcium content,t,2.332,3.132,0.678,0.465,9,9,NA,NA,NA,NA,NA,NA,NA,NA,NA,NA,NA,NA,NA,NA,NA,NA,NA,NA,NA,NA,not_matched_in_alter_sheet,NA,NA
Alter et al. 2024,1187_AltersInvert,215,NA,NA,Yes,NA,"Walther, Sartoris, PÃ¶rtner",NA,2010,NA,NA,NA,NA,Marine,NA,Zooplankton,Meroplankton,Arthropoda,Hyas araneus,NA,NA,T,NA,NA,NA,9,9,NA,354,3,346,9,-8,6,NA,NA,NA,215_Hyas_araneus_LARVA_CO2354.00_pH0.00_T3.,2.5390760989999999,3,Calcium content,Physiology,NA,NA,NA,4.143,1.089,4.283,0.732,NA,TRUE,TRUE,3.3233536000000001E-2,1.0922370000000001E-2,NA,NA,0.150889361,0.952380952,0.143704153,No,No,NA,1091,Alter et al. 2024,walther sartoris p rtner,hyas araneus,calcium content,t,4.143,4.283,1.089,0.732,9,9,NA,NA,NA,NA,NA,NA,NA,NA,NA,NA,NA,NA,NA,NA,NA,NA,NA,NA,NA,NA,not_matched_in_alter_sheet,NA,NA
Alter et al. 2024,1185_AltersInvert,215,NA,NA,Yes,NA,"Walther, Sartoris, PÃ¶rtner",NA,2011,NA,NA,NA,NA,Marine,NA,Zooplankton,Meroplankton,Arthropoda,Hyas araneus,NA,NA,T,NA,NA,NA,9,9,NA,354,3,401,15,47,12,NA,NA,NA,215_Hyas_araneus_LARVA_CO2354.00_pH0.00_T3.,2.6031443730000001,3,Calcium content,Physiology,NA,NA,NA,4.143,1.089,3.921,0.834,NA,TRUE,TRUE,-5.5073440000000001E-2,1.2703706E-2,NA,NA,-0.22888562400000001,0.952380952,-0.21798630799999999,No,No,NA,1092,Alter et al. 2024,walther sartoris p rtner,hyas araneus,calcium content,t,4.143,3.921,1.089,0.834,9,9,NA,NA,NA,NA,NA,NA,NA,NA,NA,NA,NA,NA,NA,NA,NA,NA,NA,NA,NA,NA,not_matched_in_alter_sheet,NA,NA
Alter et al. 2024,1189_AltersInvert,215,NA,NA,Yes,NA,"Walther, Sartoris, PÃ¶rtner",NA,2010,NA,NA,NA,NA,Marine,NA,Zooplankton,Meroplankton,Arthropoda,Hyas araneus,NA,NA,T,NA,NA,NA,9,9,NA,354,3,401,15,47,12,NA,NA,NA,215_Hyas_araneus_LARVA_CO2354.00_pH0.00_T3.,2.6031443730000001,3,Calcium content,Physiology,NA,NA,NA,2.332,0.678,4.4,0.642,NA,FALSE,TRUE,0.63487827200000002,1.1757533000000001E-2,NA,NA,3.1321686940000002,0.952380952,2.9830178040000002,No,No,NA,1093,Alter et al. 2024,walther sartoris p rtner,hyas araneus,calcium content,t,2.332,4.4,0.678,0.642,9,9,NA,NA,NA,NA,NA,NA,NA,NA,NA,NA,NA,NA,NA,NA,NA,NA,NA,NA,NA,NA,not_matched_in_alter_sheet,NA,NA
Alter et al. 2024,1149_AltersInvert,215,NA,NA,Yes,NA,"Walther, Sartoris, PÃ¶rtner",NA,2018,NA,NA,NA,NA,Marine,NA,Zooplankton,Meroplankton,Arthropoda,Hyas araneus,NA,NA,TpH,NA,NA,NA,9,9,NA,354,3,2443,9,2089,6,NA,NA,NA,215_Hyas_araneus_LARVA_CO2354.00_pH0.00_T3.,3.3879234669999998,3,Calcium content,Physiology,NA,NA,NA,2.332,0.678,1.625,0.468,NA,FALSE,TRUE,-0.36121845299999999,1.8608037000000001E-2,NA,NA,-1.2136485109999999,0.952380952,-1.1558557249999999,No,No,NA,1094,Alter et al. 2024,walther sartoris p rtner,hyas araneus,calcium content,tph,2.332,1.625,0.678,0.468,9,9,NA,NA,NA,NA,NA,NA,NA,NA,NA,NA,NA,NA,NA,NA,NA,NA,NA,NA,NA,NA,not_matched_in_alter_sheet,NA,NA
Alter et al. 2024,1180_AltersInvert,215,NA,NA,Yes,NA,"Walther, Sartoris, PÃ¶rtner",NA,2011,NA,NA,NA,NA,Marine,NA,Zooplankton,Meroplankton,Arthropoda,Hyas araneus,NA,NA,TpH,NA,NA,NA,9,9,NA,354,3,786,9,432,6,NA,NA,NA,215_Hyas_araneus_LARVA_CO2354.00_pH0.00_T3.,2.8954225459999998,3,Calcium content,Physiology,NA,NA,NA,2.332,0.678,3.179,0.867,NA,FALSE,TRUE,0.30984041299999998,1.7656499999999999E-2,NA,NA,1.08832715,0.952380952,1.0365020469999999,No,No,NA,1095,Alter et al. 2024,walther sartoris p rtner,hyas araneus,calcium content,tph,2.332,3.179,0.678,0.867,9,9,NA,NA,NA,NA,NA,NA,NA,NA,NA,NA,NA,NA,NA,NA,NA,NA,NA,NA,NA,NA,not_matched_in_alter_sheet,NA,NA
Alter et al. 2024,1181_AltersInvert,215,NA,NA,Yes,NA,"Walther, Sartoris, PÃ¶rtner",NA,2011,NA,NA,NA,NA,Marine,NA,Zooplankton,Meroplankton,Arthropoda,Hyas araneus,NA,NA,TpH,NA,NA,NA,9,9,NA,354,3,2637,15,2283,12,NA,NA,NA,215_Hyas_araneus_LARVA_CO2354.00_pH0.00_T3.,3.4211101300000002,3,Calcium content,Physiology,NA,NA,NA,4.143,1.089,3.187,0.45,NA,FALSE,TRUE,-0.26234012800000001,9.8920840000000006E-3,NA,NA,-1.147393283,0.952380952,-1.092755508,No,No,NA,1096,Alter et al. 2024,walther sartoris p rtner,hyas araneus,calcium content,tph,4.143,3.187,1.089,0.45,9,9,NA,NA,NA,NA,NA,NA,NA,NA,NA,NA,NA,NA,NA,NA,NA,NA,NA,NA,NA,NA,not_matched_in_alter_sheet,NA,NA
Alter et al. 2024,1183_AltersInvert,215,NA,NA,Yes,NA,"Walther, Sartoris, PÃ¶rtner",NA,2011,NA,NA,NA,NA,Marine,NA,Zooplankton,Meroplankton,Arthropoda,Hyas araneus,NA,NA,TpH,NA,NA,NA,9,9,NA,354,3,2443,9,2089,6,NA,NA,NA,215_Hyas_araneus_LARVA_CO2354.00_pH0.00_T3.,3.3879234669999998,3,Calcium content,Physiology,NA,NA,NA,4.143,1.089,3.643,0.735,NA,FALSE,TRUE,-0.128612645,1.2199723000000001E-2,NA,NA,-0.53820315500000004,0.952380952,-0.51257443300000005,No,No,NA,1097,Alter et al. 2024,walther sartoris p rtner,hyas araneus,calcium content,tph,4.143,3.643,1.089,0.735,9,9,NA,NA,NA,NA,NA,NA,NA,NA,NA,NA,NA,NA,NA,NA,NA,NA,NA,NA,NA,NA,not_matched_in_alter_sheet,NA,NA
Alter et al. 2024,1184_AltersInvert,215,NA,NA,Yes,NA,"Walther, Sartoris, PÃ¶rtner",NA,2011,NA,NA,NA,NA,Marine,NA,Zooplankton,Meroplankton,Arthropoda,Hyas araneus,NA,NA,TpH,NA,NA,NA,9,9,NA,354,3,846,15,492,12,NA,NA,NA,215_Hyas_araneus_LARVA_CO2354.00_pH0.00_T3.,2.9273703630000001,3,Calcium content,Physiology,NA,NA,NA,4.143,1.089,3.661,1.026,NA,FALSE,TRUE,-0.123683829,1.6403609999999999E-2,NA,NA,-0.45558988900000003,0.952380952,-0.43389513299999999,No,No,NA,1098,Alter et al. 2024,walther sartoris p rtner,hyas araneus,calcium content,tph,4.143,3.661,1.089,1.026,9,9,NA,NA,NA,NA,NA,NA,NA,NA,NA,NA,NA,NA,NA,NA,NA,NA,NA,NA,NA,NA,not_matched_in_alter_sheet,NA,NA
Alter et al. 2024,1186_AltersInvert,215,NA,NA,Yes,NA,"Walther, Sartoris, PÃ¶rtner",NA,2010,NA,NA,NA,NA,Marine,NA,Zooplankton,Meroplankton,Arthropoda,Hyas araneus,NA,NA,TpH,NA,NA,NA,9,9,NA,354,3,2637,15,2283,12,NA,NA,NA,215_Hyas_araneus_LARVA_CO2354.00_pH0.00_T3.,3.4211101300000002,3,Calcium content,Physiology,NA,NA,NA,2.332,0.678,4.18,0.642,NA,FALSE,TRUE,0.58358497799999998,1.2013085E-2,NA,NA,2.798959258,0.952380952,2.6656754839999999,No,No,NA,1099,Alter et al. 2024,walther sartoris p rtner,hyas araneus,calcium content,tph,2.332,4.18,0.678,0.642,9,9,NA,NA,NA,NA,NA,NA,NA,NA,NA,NA,NA,NA,NA,NA,NA,NA,NA,NA,NA,NA,not_matched_in_alter_sheet,NA,NA
Alter et al. 2024,1188_AltersInvert,215,NA,NA,Yes,NA,"Walther, Sartoris, PÃ¶rtner",NA,2018,NA,NA,NA,NA,Marine,NA,Zooplankton,Meroplankton,Arthropoda,Hyas araneus,NA,NA,TpH,NA,NA,NA,9,9,NA,354,3,786,9,432,6,NA,NA,NA,215_Hyas_araneus_LARVA_CO2354.00_pH0.00_T3.,2.8954225459999998,3,Calcium content,Physiology,NA,NA,NA,4.143,1.089,4.396,0.735,NA,TRUE,TRUE,5.9274872999999999E-2,1.0782966E-2,NA,NA,0.27233079599999999,0.952380952,0.25936266299999999,No,No,NA,1100,Alter et al. 2024,walther sartoris p rtner,hyas araneus,calcium content,tph,4.143,4.396,1.089,0.735,9,9,NA,NA,NA,NA,NA,NA,NA,NA,NA,NA,NA,NA,NA,NA,NA,NA,NA,NA,NA,NA,not_matched_in_alter_sheet,NA,NA
Alter et al. 2024,1190_AltersInvert,215,NA,NA,Yes,NA,"Walther, Sartoris, PÃ¶rtner",NA,2010,NA,NA,NA,NA,Marine,NA,Zooplankton,Meroplankton,Arthropoda,Hyas araneus,NA,NA,TpH,NA,NA,NA,9,9,NA,354,3,846,15,492,12,NA,NA,NA,215_Hyas_araneus_LARVA_CO2354.00_pH0.00_T3.,2.9273703630000001,3,Calcium content,Physiology,NA,NA,NA,2.332,0.678,4.526,0.321,NA,FALSE,FALSE,0.66311227900000003,9.9509420000000008E-3,NA,NA,4.1362189130000004,0.952380952,3.9392561079999999,No,No,NA,1101,Alter et al. 2024,walther sartoris p rtner,hyas araneus,calcium content,tph,2.332,4.526,0.678,0.321,9,9,NA,NA,NA,NA,NA,NA,NA,NA,NA,NA,NA,NA,NA,NA,NA,NA,NA,NA,NA,NA,not_matched_in_alter_sheet,NA,NA
Alter et al. 2024,864_AltersInvert,82,NA,NA,Yes,NA,"Zakroff CJ, Mooney TA",NA,2020,NA,NA,NA,NA,Marine,NA,Zooplankton,Meroplankton,Mollusca,Doryteuthis pealeii,NA,NA,pH,NA,NA,NA,10,10,NA,387,19.5,1908,19.5,1521,0,NA,NA,NA,82_Doryteuthis_pealeii_LARVA_CO2387.00_pH8.03_T19.5,3.2805783700000002,19.5,Yolk area,Growth,NA,NA,NA,0.03,0.031622777,0.02,0.031622777,NA,FALSE,FALSE,-0.40546510800000002,0.36111111099999998,NA,NA,-0.31622776600000002,0.957746479,-0.30286602899999998,No,No,NA,1114,Alter et al. 2024,zakroff cj mooney ta,doryteuthis pealeii,yolk area,ph,0.03,0.02,0.031623,0.031623,10,10,NA,NA,NA,NA,NA,NA,NA,NA,NA,NA,NA,NA,NA,NA,NA,NA,NA,NA,NA,NA,not_matched_in_alter_sheet,NA,NA
Alter et al. 2024,866_AltersInvert,82,NA,NA,Yes,NA,"Zakroff CJ, Mooney TA",NA,2020,NA,NA,NA,NA,Marine,NA,Zooplankton,Meroplankton,Mollusca,Doryteuthis pealeii,NA,NA,pH,NA,NA,NA,10,10,NA,387,19.5,2687,19.5,2300,0,NA,NA,NA,82_Doryteuthis_pealeii_LARVA_CO2387.00_pH8.03_T19.5,3.4292676659999999,19.5,Yolk area,Growth,NA,NA,NA,0.03,0.031622777,0.02,0.031622777,NA,FALSE,FALSE,-0.40546510800000002,0.36111111099999998,NA,NA,-0.31622776600000002,0.957746479,-0.30286602899999998,No,No,NA,1115,Alter et al. 2024,zakroff cj mooney ta,doryteuthis pealeii,yolk area,ph,0.03,0.02,0.031623,0.031623,10,10,NA,NA,NA,NA,NA,NA,NA,NA,NA,NA,NA,NA,NA,NA,NA,NA,NA,NA,NA,NA,not_matched_in_alter_sheet,NA,NA
Alter et al. 2024,869_AltersInvert,82,NA,NA,Yes,NA,"Zakroff CJ, Mooney TA",NA,2018,NA,NA,NA,NA,Marine,NA,Zooplankton,Meroplankton,Mollusca,Doryteuthis pealeii,NA,NA,pH,NA,NA,NA,10,10,NA,387,19.5,2687,19.5,2300,0,NA,NA,NA,82_Doryteuthis_pealeii_LARVA_CO2387.00_pH8.03_T19.5,3.4292676659999999,19.5,Length,Growth,NA,NA,NA,1.73,0.221359436,1.5,0.411096096,NA,FALSE,TRUE,-0.14265630000000001,9.1483190000000002E-3,NA,NA,-0.69664991300000001,0.957746479,-0.66721400099999995,No,No,NA,1116,Alter et al. 2024,zakroff cj mooney ta,doryteuthis pealeii,length,ph,1.73,1.5,0.221359,0.411096,10,10,NA,NA,NA,NA,NA,NA,NA,NA,NA,NA,NA,NA,NA,NA,NA,NA,NA,NA,NA,NA,not_matched_in_alter_sheet,NA,NA
Alter et al. 2024,871_AltersInvert,82,NA,NA,Yes,NA,"Zakroff CJ, Mooney TA",NA,2018,NA,NA,NA,NA,Marine,NA,Zooplankton,Meroplankton,Mollusca,Doryteuthis pealeii,NA,NA,pH,NA,NA,NA,10,10,NA,387,19.5,1908,19.5,1521,0,NA,NA,NA,82_Doryteuthis_pealeii_LARVA_CO2387.00_pH8.03_T19.5,3.2805783700000002,19.5,Length,Growth,NA,NA,NA,1.73,0.221359436,1.62,0.252982213,NA,TRUE,TRUE,-6.5695259000000006E-2,4.0758610000000001E-3,NA,NA,-0.46277347800000002,0.957746479,-0.44321966899999998,No,No,NA,1117,Alter et al. 2024,zakroff cj mooney ta,doryteuthis pealeii,length,ph,1.73,1.62,0.221359,0.252982,10,10,NA,NA,NA,NA,NA,NA,NA,NA,NA,NA,NA,NA,NA,NA,NA,NA,NA,NA,NA,NA,not_matched_in_alter_sheet,NA,NA
Alter et al. 2024,1726_AltersInvert,82,NA,NA,Yes,NA,"Zakroff CJ, Mooney TA",NA,2019,NA,NA,NA,NA,Marine,NA,Zooplankton,Meroplankton,Mollusca,Doryteuthis pealeii,NA,NA,pH,NA,NA,NA,3,3,NA,387,19.5,1908,19.5,1521,0,NA,NA,NA,82_Doryteuthis_pealeii_EMBRYO_CO2387.00_pH8.03_T19.5,3.2805783700000002,19.5,Developmental time,Survival,NA,NA,NA,15.8,0.173205081,16.7,0.519615242,NA,TRUE,TRUE,5.5398779000000002E-2,3.6276599999999999E-4,NA,NA,2.323790008,0.8,1.8590320060000001,No,No,NA,1118,Alter et al. 2024,zakroff cj mooney ta,doryteuthis pealeii,developmental time,ph,15.8,16.7,0.173205,0.519615,3,3,NA,NA,NA,NA,NA,NA,NA,NA,NA,NA,NA,NA,NA,NA,NA,NA,NA,NA,NA,NA,not_matched_in_alter_sheet,NA,NA
Alter et al. 2024,1727_AltersInvert,82,NA,NA,Yes,NA,"Zakroff CJ, Mooney TA",NA,2019,NA,NA,NA,NA,Marine,NA,Zooplankton,Meroplankton,Mollusca,Doryteuthis pealeii,NA,NA,pH,NA,NA,NA,3,3,NA,387,19.5,2687,19.5,2300,0,NA,NA,NA,82_Doryteuthis_pealeii_EMBRYO_CO2387.00_pH8.03_T19.5,3.4292676659999999,19.5,Developmental time,Reproduction,NA,NA,NA,15.8,0.173205081,17.7,0.866025404,NA,FALSE,TRUE,0.11355469999999999,8.3803999999999997E-4,NA,NA,3.042434922,0.8,2.4339479380000002,No,No,NA,1119,Alter et al. 2024,zakroff cj mooney ta,doryteuthis pealeii,developmental time,ph,15.8,17.7,0.173205,0.866025,3,3,NA,NA,NA,NA,NA,NA,NA,NA,NA,NA,NA,NA,NA,NA,NA,NA,NA,NA,NA,NA,not_matched_in_alter_sheet,NA,NA
Alter et al. 2024,862_AltersInvert,82,NA,NA,Yes,NA,"Zakroff CJ, Mooney TA",NA,2020,NA,NA,NA,NA,Marine,NA,Zooplankton,Meroplankton,Mollusca,Doryteuthis pealeii,NA,NA,T,NA,NA,NA,10,10,NA,387,19.5,452,27.5,65,8,NA,NA,NA,82_Doryteuthis_pealeii_LARVA_CO2387.00_pH8.03_T19.5,2.655138435,19.5,Yolk area,Growth,NA,NA,NA,0.03,0.031622777,0.02,0.031622777,NA,FALSE,FALSE,-0.40546510800000002,0.36111111099999998,NA,NA,-0.31622776600000002,0.957746479,-0.30286602899999998,No,No,NA,1120,Alter et al. 2024,zakroff cj mooney ta,doryteuthis pealeii,yolk area,t,0.03,0.02,0.031623,0.031623,10,10,NA,NA,NA,NA,NA,NA,NA,NA,NA,NA,NA,NA,NA,NA,NA,NA,NA,NA,NA,NA,not_matched_in_alter_sheet,NA,NA
Alter et al. 2024,870_AltersInvert,82,NA,NA,Yes,NA,"Zakroff CJ, Mooney TA",NA,2018,NA,NA,NA,NA,Marine,NA,Zooplankton,Meroplankton,Mollusca,Doryteuthis pealeii,NA,NA,T,NA,NA,NA,10,10,NA,387,19.5,452,27.5,65,8,NA,NA,NA,82_Doryteuthis_pealeii_LARVA_CO2387.00_pH8.03_T19.5,2.655138435,19.5,Length,Growth,NA,NA,NA,1.73,0.221359436,1.52,0.316227766,NA,FALSE,TRUE,-0.12941107399999999,5.9654629999999998E-3,NA,NA,-0.76938047099999995,0.957746479,-0.73687143700000002,No,No,NA,1121,Alter et al. 2024,zakroff cj mooney ta,doryteuthis pealeii,length,t,1.73,1.52,0.221359,0.316228,10,10,NA,NA,NA,NA,NA,NA,NA,NA,NA,NA,NA,NA,NA,NA,NA,NA,NA,NA,NA,NA,not_matched_in_alter_sheet,NA,NA
Alter et al. 2024,1723_AltersInvert,82,NA,NA,Yes,NA,"Zakroff CJ, Mooney TA",NA,2019,NA,NA,NA,NA,Marine,NA,Zooplankton,Meroplankton,Mollusca,Doryteuthis pealeii,NA,NA,T,NA,NA,NA,3,3,NA,387,19.5,452,27.5,65,8,NA,NA,NA,82_Doryteuthis_pealeii_EMBRYO_CO2387.00_pH8.03_T19.5,2.655138435,19.5,Developmental time,Reproduction,NA,NA,NA,15.8,0.173205081,9.4,0.346410162,NA,FALSE,TRUE,-0.51930025099999999,4.9275100000000004E-4,NA,NA,-23.369495789999998,0.8,-18.695596630000001,No,Yes,NA,1122,Alter et al. 2024,zakroff cj mooney ta,doryteuthis pealeii,developmental time,t,15.8,9.4,0.173205,0.34641,3,3,NA,NA,NA,NA,NA,NA,NA,NA,NA,NA,NA,NA,NA,NA,NA,NA,NA,NA,NA,NA,not_matched_in_alter_sheet,NA,NA
Alter et al. 2024,863_AltersInvert,82,NA,NA,Yes,NA,"Zakroff CJ, Mooney TA",NA,2020,NA,NA,NA,NA,Marine,NA,Zooplankton,Meroplankton,Mollusca,Doryteuthis pealeii,NA,NA,TpH,NA,NA,NA,10,10,NA,387,19.5,1907,27.5,1520,8,NA,NA,NA,82_Doryteuthis_pealeii_LARVA_CO2387.00_pH8.03_T19.5,3.2803506929999999,19.5,Yolk area,Growth,NA,NA,NA,0.03,0.031622777,0.02,0,NA,FALSE,FALSE,-0.40546510800000002,0.111111111,NA,NA,-0.44721359500000002,0.957746479,-0.42831724599999998,No,No,NA,1123,Alter et al. 2024,zakroff cj mooney ta,doryteuthis pealeii,yolk area,tph,0.03,0.02,0.031623,0,10,10,NA,NA,NA,NA,NA,NA,NA,NA,NA,NA,NA,NA,NA,NA,NA,NA,NA,NA,NA,NA,not_matched_in_alter_sheet,NA,NA
Alter et al. 2024,865_AltersInvert,82,NA,NA,Yes,NA,"Zakroff CJ, Mooney TA",NA,2020,NA,NA,NA,NA,Marine,NA,Zooplankton,Meroplankton,Mollusca,Doryteuthis pealeii,NA,NA,TpH,NA,NA,NA,10,10,NA,387,19.5,2691,27.5,2304,8,NA,NA,NA,82_Doryteuthis_pealeii_LARVA_CO2387.00_pH8.03_T19.5,3.429913698,19.5,Yolk area,Growth,NA,NA,NA,0.03,0.031622777,0.02,0.031622777,NA,FALSE,FALSE,-0.40546510800000002,0.36111111099999998,NA,NA,-0.31622776600000002,0.957746479,-0.30286602899999998,No,No,NA,1124,Alter et al. 2024,zakroff cj mooney ta,doryteuthis pealeii,yolk area,tph,0.03,0.02,0.031623,0.031623,10,10,NA,NA,NA,NA,NA,NA,NA,NA,NA,NA,NA,NA,NA,NA,NA,NA,NA,NA,NA,NA,not_matched_in_alter_sheet,NA,NA
Alter et al. 2024,867_AltersInvert,82,NA,NA,Yes,NA,"Zakroff CJ, Mooney TA",NA,2018,NA,NA,NA,NA,Marine,NA,Zooplankton,Meroplankton,Mollusca,Doryteuthis pealeii,NA,NA,TpH,NA,NA,NA,10,10,NA,387,19.5,2691,27.5,2304,8,NA,NA,NA,82_Doryteuthis_pealeii_LARVA_CO2387.00_pH8.03_T19.5,3.429913698,19.5,Length,Growth,NA,NA,NA,1.73,0.221359436,1.47,0.347850543,NA,FALSE,TRUE,-0.162859008,7.2367270000000001E-3,NA,NA,-0.89179264300000005,0.957746479,-0.85411126299999995,No,No,NA,1125,Alter et al. 2024,zakroff cj mooney ta,doryteuthis pealeii,length,tph,1.73,1.47,0.221359,0.347851,10,10,NA,NA,NA,NA,NA,NA,NA,NA,NA,NA,NA,NA,NA,NA,NA,NA,NA,NA,NA,NA,not_matched_in_alter_sheet,NA,NA
Alter et al. 2024,868_AltersInvert,82,NA,NA,Yes,NA,"Zakroff CJ, Mooney TA",NA,2018,NA,NA,NA,NA,Marine,NA,Zooplankton,Meroplankton,Mollusca,Doryteuthis pealeii,NA,NA,TpH,NA,NA,NA,10,10,NA,387,19.5,1907,27.5,1520,8,NA,NA,NA,82_Doryteuthis_pealeii_LARVA_CO2387.00_pH8.03_T19.5,3.2803506929999999,19.5,Length,Growth,NA,NA,NA,1.73,0.221359436,1.48,0.221359436,NA,FALSE,TRUE,-0.15607932099999999,3.874242E-3,NA,NA,-1.1293848790000001,0.957746479,-1.0816643909999999,No,No,NA,1126,Alter et al. 2024,zakroff cj mooney ta,doryteuthis pealeii,length,tph,1.73,1.48,0.221359,0.221359,10,10,NA,NA,NA,NA,NA,NA,NA,NA,NA,NA,NA,NA,NA,NA,NA,NA,NA,NA,NA,NA,not_matched_in_alter_sheet,NA,NA
Alter et al. 2024,1724_AltersInvert,82,NA,NA,Yes,NA,"Zakroff CJ, Mooney TA",NA,2019,NA,NA,NA,NA,Marine,NA,Zooplankton,Meroplankton,Mollusca,Doryteuthis pealeii,NA,NA,TpH,NA,NA,NA,3,3,NA,387,19.5,1907,27.5,1520,8,NA,NA,NA,82_Doryteuthis_pealeii_EMBRYO_CO2387.00_pH8.03_T19.5,3.2803506929999999,19.5,Developmental time,Reproduction,NA,NA,NA,15.8,0.173205081,9.5,0.173205081,NA,FALSE,TRUE,-0.50871814100000001,1.5086099999999999E-4,NA,NA,-36.373066960000003,0.8,-29.09845357,No,Yes,NA,1127,Alter et al. 2024,zakroff cj mooney ta,doryteuthis pealeii,developmental time,tph,15.8,9.5,0.173205,0.173205,3,3,NA,NA,NA,NA,NA,NA,NA,NA,NA,NA,NA,NA,NA,NA,NA,NA,NA,NA,NA,NA,not_matched_in_alter_sheet,NA,NA
Alter et al. 2024,1725_AltersInvert,82,NA,NA,Yes,NA,"Zakroff CJ, Mooney TA",NA,2019,NA,NA,NA,NA,Marine,NA,Zooplankton,Meroplankton,Mollusca,Doryteuthis pealeii,NA,NA,TpH,NA,NA,NA,3,3,NA,387,19.5,2691,27.5,2304,8,NA,NA,NA,82_Doryteuthis_pealeii_EMBRYO_CO2387.00_pH8.03_T19.5,3.429913698,19.5,Developmental time,Reproduction,NA,NA,NA,15.8,0.173205081,9.7,0.692820323,NA,FALSE,TRUE,-0.48788405499999998,1.740557E-3,NA,NA,-12.07980002,0.8,-9.6638400190000002,No,No,NA,1128,Alter et al. 2024,zakroff cj mooney ta,doryteuthis pealeii,developmental time,tph,15.8,9.7,0.173205,0.69282,3,3,NA,NA,NA,NA,NA,NA,NA,NA,NA,NA,NA,NA,NA,NA,NA,NA,NA,NA,NA,NA,not_matched_in_alter_sheet,NA,NA
