Meta_analysis_reference,Author,Year,Title,Link,Biota_Group,Broad_subgroup,Group,Species,Treatment,N_C,N_T,C_value_CO2,C_value_Temp,T_value_CO2,T_value_Temp,Metric,Metric_Type,Unit,Response_category,Biota_C,Biota_C_sd,Biota_T,Biota_T_sd,Reference_ei,Reference_vei,Source_fig,Notes_1,Include,Rechecked?,Control_Treatment_Values,Notes_2,Duplicate,delta_CO2,delta_T,Author_clean,Title_clean,Species_clean,Group_clean,Year_clean,C_value_CO2_num,C_value_Temp_num,N_C_num,study_key,Study_ID,ES_ID,common_key,Common_id,yi,vi,Weight,BubbleSize
Alter et al. 2024,"Alter K, Peck MA",2021,NA,NA,Zooplankton,Meroplankton,Fish larvae,Belone belone,pH,5,5,365,14.4,1269,14.3,Abnormal larvae,positive,%,Development,0.713,0.715541753,4.366,3.95784032,-0.0375,4e-4,NA,NA,Yes,NA,NA,NA,,904,-0.09999999999999964,Alter_K_Peck_MA,NA,Belone_belone,Fish_larvae,2021,365,14.4,5,Alter_K_Peck_MA__2021__NA,ZOO_STUDY_0018,ZOO_ES_000039,ZOO_STUDY_0018__Belone_belone__Fish_larvae__CO2365.00__T14.40__NC5,ZOO_COMMON_00026,1.8121211166955933,0.365782032765518,1.6534414299312084,2.5
Alter et al. 2024,"Alter K, Peck MA",2021,NA,NA,Zooplankton,Meroplankton,Fish larvae,Belone belone,pH,5,5,365,14.4,1269,14.3,Hatch duration,ambiguous,h,Development,53.3,1.565247584,48.8,15.20526225,-0.0882,0.0196,NA,NA,Yes,NA,NA,NA,,904,-0.09999999999999964,Alter_K_Peck_MA,NA,Belone_belone,Fish_larvae,2021,365,14.4,5,Alter_K_Peck_MA__2021__NA,ZOO_STUDY_0018,ZOO_ES_000040,ZOO_STUDY_0018__Belone_belone__Fish_larvae__CO2365.00__T14.40__NC5,ZOO_COMMON_00026,-0.08820601831269742,0.01958930460124447,7.14480681085547,2.75
Alter et al. 2024,"Anlauf H, D´Croz L, O`Dea A",2011,NA,NA,Zooplankton,Meroplankton,Cnidaria,Porites panamensis,pH,5,5,487,28.4,861,28.4,Settlement,positive,% total planulae,Development,46.7,13.64001466,32.9,14.53444185,-0.35,0.0561,NA,NA,Yes,NA,NA,NA,,374,0,Anlauf_H_D_Croz_L_O_Dea_A,NA,Porites_panamensis,Cnidaria,2011,487,28.4,5,Anlauf_H_D_Croz_L_O_Dea_A__2011__NA,ZOO_STUDY_0021,ZOO_ES_000052,ZOO_STUDY_0021__Porites_panamensis__Cnidaria__CO2487.00__T28.40__NC5,ZOO_COMMON_00029,-0.3502715069035256,0.05609511005303103,4.222187326338022,2
Alter et al. 2024,"Arnberg M, Calosi P, Spicer JI, Tandberg AHS, Nilsen M, Westerlund S, Bechmann RK",2013,NA,NA,Zooplankton,Meroplankton,Arthropoda,Pandalus Borealis,pH,74,74,406,6.7,1238,6.7,Time to first hatch,ambiguous,days,Development,17.82,9.806650804,16.3,12.21530188,-0.089,0.0117,NA,NA,Yes,NA,NA,NA,,832,0,Arnberg_M_Calosi_P_Spicer_JI_Tandberg_AHS_Nilsen_M_Westerlund_S_Bechmann_RK,NA,Pandalus_Borealis,Arthropoda,2013,406,6.7,74,Arnberg_M_Calosi_P_Spicer_JI_Tandberg_AHS_Nilsen_M_Westerlund_S_Bechmann_RK__2013__NA,ZOO_STUDY_0025,ZOO_ES_000075,ZOO_STUDY_0025__Pandalus_Borealis__Arthropoda__CO2406.00__T6.70__NC74,ZOO_COMMON_00038,-0.08915631422994653,0.01168184871058973,9.252182938608728,2.75
Alter et al. 2024,"Arnberg M, Calosi P, Spicer JI, Tandberg AHS, Nilsen M, Westerlund S, Bechmann RK",2013,NA,NA,Zooplankton,Meroplankton,Arthropoda,Pandalus Borealis,pH,33,21,406,6.7,1238,6.7,Larval stage,ambiguous,%,Development,63.51,28.49303073,14.86,43.35116607,-1.453,0.4114,NA,NA,Yes,NA,NA,NA,,832,0,Arnberg_M_Calosi_P_Spicer_JI_Tandberg_AHS_Nilsen_M_Westerlund_S_Bechmann_RK,NA,Pandalus_Borealis,Arthropoda,2013,406,6.7,33,Arnberg_M_Calosi_P_Spicer_JI_Tandberg_AHS_Nilsen_M_Westerlund_S_Bechmann_RK__2013__NA,ZOO_STUDY_0025,ZOO_ES_000076,ZOO_STUDY_0025__Pandalus_Borealis__Arthropoda__CO2406.00__T6.70__NC33,ZOO_COMMON_00037,-1.4525243345252703,0.41136947208649277,1.5591358956183186,2.5
Alter et al. 2024,"Baragi LV, Anil AC",2015,NA,NA,Zooplankton,Meroplankton,Arthropoda,Balanus amphitrite,pH,3,3,416,29.8,784,29.8,larval duration,ambiguous,days,Development,4.66,0.571576766,4.66,0.571576766,0,0.01,NA,NA,Yes,NA,NA,NA,,368,0,Baragi_LV_Anil_AC,NA,Balanus_amphitrite,Arthropoda,2015,416,29.8,3,Baragi_LV_Anil_AC__2015__NA,ZOO_STUDY_0029,ZOO_ES_000080,ZOO_STUDY_0029__Balanus_amphitrite__Arthropoda__CO2416.00__T29.80__NC3,ZOO_COMMON_00043,0,0.010029656082294714,9.985204858177887,3.5
Alter et al. 2024,"Baragi LV, Anil AC",2015,NA,NA,Zooplankton,Meroplankton,Arthropoda,Balanus amphitrite,pH,3,3,416,29.8,784,29.8,Metamorphosis,positive,%,Development,54.85,6.30466494,50.65,11.01584314,-0.08,0.0202,NA,NA,Yes,NA,NA,NA,,368,0,Baragi_LV_Anil_AC,NA,Balanus_amphitrite,Arthropoda,2015,416,29.8,3,Baragi_LV_Anil_AC__2015__NA,ZOO_STUDY_0029,ZOO_ES_000091,ZOO_STUDY_0029__Balanus_amphitrite__Arthropoda__CO2416.00__T29.80__NC3,ZOO_COMMON_00043,-0.07966295602654688,0.020171249677337855,7.040987891711355,2.75
Alter et al. 2024,"Bignami, Sponaugle, Hauff, Cowen",2017,NA,NA,Zooplankton,Meroplankton,Fish larvae,Rachycentron canadum,pH,3,3,608,27,1767,27,Flextion,positive,%,Development,45.31356954,24.22013247,16.76553995,8.422004604,-0.9943,0.1793,NA,NA,Yes,NA,NA,NA,,1159,0,Bignami_Sponaugle_Hauff_Cowen,NA,Rachycentron_canadum,Fish_larvae,2017,608,27,3,Bignami_Sponaugle_Hauff_Cowen__2017__NA,ZOO_STUDY_0040,ZOO_ES_000113,ZOO_STUDY_0040__Rachycentron_canadum__Fish_larvae__CO2608.00__T27.00__NC3,ZOO_COMMON_00058,-0.9942809495993282,0.17934553947568826,2.3613192637353246,2.5
Alter et al. 2024,"Bylenga CH, Cummings VJ, Ryan KG",2015,NA,NA,Zooplankton,Meroplankton,Mollusca,Laternula elliptica,pH,6,6,350,-1.6,823,-1.6,veliger stage,ambiguous,%,Development,13.25,7.421953921,25.75,9.283566125,0.664,0.074,NA,NA,Yes,NA,NA,NA,,473,0,Bylenga_CH_Cummings_VJ_Ryan_KG,NA,Laternula_elliptica,Mollusca,2015,350,-1.6,6,Bylenga_CH_Cummings_VJ_Ryan_KG__2015__NA,ZOO_STUDY_0048,ZOO_ES_000114,ZOO_STUDY_0048__Laternula_elliptica__Mollusca__CO2350.00__T-1.60__NC6,ZOO_COMMON_00070,0.6644370746775139,0.07395746426511157,3.677130082855082,2
Alter et al. 2024,"Bylenga CH, Cummings VJ, Ryan KG",2015,NA,NA,Zooplankton,Meroplankton,Mollusca,Laternula elliptica,pH,6,6,350,-1.6,554,-1.6,veliger stage,ambiguous,%,Development,13.25,7.421953921,19.31,11.14517833,0.377,0.10780000000000001,NA,NA,Yes,NA,NA,NA,,204,0,Bylenga_CH_Cummings_VJ_Ryan_KG,NA,Laternula_elliptica,Mollusca,2015,350,-1.6,6,Bylenga_CH_Cummings_VJ_Ryan_KG__2015__NA,ZOO_STUDY_0048,ZOO_ES_000115,ZOO_STUDY_0048__Laternula_elliptica__Mollusca__CO2350.00__T-1.60__NC6,ZOO_COMMON_00070,0.37662554400819187,0.10781532073629899,3.045508110419004,2
Alter et al. 2024,"Bylenga CH, Cummings VJ, Ryan KG",2015,NA,NA,Zooplankton,Meroplankton,Mollusca,Laternula elliptica,pH,6,6,350,-1.6,823,-1.6,Abnormalities,positive,%,Development,61.38,7.495438613,64.72,10.87573446,-0.09,0.0221,NA,NA,Yes,NA,NA,NA,,473,0,Bylenga_CH_Cummings_VJ_Ryan_KG,NA,Laternula_elliptica,Mollusca,2015,350,-1.6,6,Bylenga_CH_Cummings_VJ_Ryan_KG__2015__NA,ZOO_STUDY_0048,ZOO_ES_000152,ZOO_STUDY_0048__Laternula_elliptica__Mollusca__CO2350.00__T-1.60__NC6,ZOO_COMMON_00070,0.05298622355864602,0.0071917596946283364,11.791862767557632,3.5
Alter et al. 2024,"Bylenga CH, Cummings VJ, Ryan KG",2015,NA,NA,Zooplankton,Meroplankton,Mollusca,Laternula elliptica,pH,6,6,350,-1.6,554,-1.6,Abnormalities,positive,%,Development,61.38,7.495438613,67.22,8.156800843,-0.164,0.0166,NA,NA,Yes,NA,NA,NA,,204,0,Bylenga_CH_Cummings_VJ_Ryan_KG,NA,Laternula_elliptica,Mollusca,2015,350,-1.6,6,Bylenga_CH_Cummings_VJ_Ryan_KG__2015__NA,ZOO_STUDY_0048,ZOO_ES_000153,ZOO_STUDY_0048__Laternula_elliptica__Mollusca__CO2350.00__T-1.60__NC6,ZOO_COMMON_00070,0.09088677310536948,0.004939454195665617,14.228545884917251,3.5
Alter et al. 2024,"Bylenga CH, Cummings VJ, Ryan KG",2017,NA,NA,Zooplankton,Meroplankton,Mollusca,Laternula elliptica,pH,3,3,458,-1.6,714,-1.6,Malformation,positive,%,Development,29.04,7.430497964,51.77,15.74434184,-0.386,0.0392,NA,NA,Yes,NA,NA,NA,,256,0,Bylenga_CH_Cummings_VJ_Ryan_KG,NA,Laternula_elliptica,Mollusca,2017,458,-1.6,3,Bylenga_CH_Cummings_VJ_Ryan_KG__2017__NA,ZOO_STUDY_0049,ZOO_ES_000154,ZOO_STUDY_0049__Laternula_elliptica__Mollusca__CO2458.00__T-1.60__NC3,ZOO_COMMON_00071,0.5781366409572147,0.052653198860007695,4.358003948628184,2
Alter et al. 2024,"Bylenga CH, Cummings VJ, Ryan KG",2017,NA,NA,Zooplankton,Meroplankton,Mollusca,Laternula elliptica,pH,3,3,458,-1.6,1045,-1.6,Malformation,positive,%,Development,29.04,7.430497964,56.57,34.1040804,-0.491,0.2092,NA,NA,Yes,NA,NA,NA,,587,0,Bylenga_CH_Cummings_VJ_Ryan_KG,NA,Laternula_elliptica,Mollusca,2017,458,-1.6,3,Bylenga_CH_Cummings_VJ_Ryan_KG__2017__NA,ZOO_STUDY_0049,ZOO_ES_000155,ZOO_STUDY_0049__Laternula_elliptica__Mollusca__CO2458.00__T-1.60__NC3,ZOO_COMMON_00071,0.666804619398469,0.14297213539885095,2.6446871076546965,2
Alter et al. 2024,"Byrne M, Foo S, Soars NA, Wolfe KDL, Nguyen HD, Hardy N, Dworjanyn SA",2013,NA,NA,Zooplankton,Meroplankton,Echinodermata,Heliocidaris tuberculata,pH,8,8,338,20,757,20,Normal gastrulae,positive,%,Development,95.25,3.563818177,89.55,8.061017306,-0.062,0.0012,NA,NA,Yes,NA,NA,NA,,419,0,Byrne_M_Foo_S_Soars_NA_Wolfe_KDL_Nguyen_HD_Hardy_N_Dworjanyn_SA,NA,Heliocidaris_tuberculata,Echinodermata,2013,338,20,8,Byrne_M_Foo_S_Soars_NA_Wolfe_KDL_Nguyen_HD_Hardy_N_Dworjanyn_SA__2013__NA,ZOO_STUDY_0051,ZOO_ES_000171,ZOO_STUDY_0051__Heliocidaris_tuberculata__Echinodermata__CO2338.00__T20.00__NC8,ZOO_COMMON_00073,-0.06170788550008959,0.0011878704185099313,29.014525086860353,4.25
Alter et al. 2024,"Byrne M, Foo S, Soars NA, Wolfe KDL, Nguyen HD, Hardy N, Dworjanyn SA",2013,NA,NA,Zooplankton,Meroplankton,Echinodermata,Heliocidaris tuberculata,pH,8,8,338,20,2054,20,Normal gastrulae,positive,%,Development,95.25,3.563818177,84.49,12.52993216,-0.12,0.0029,NA,NA,Yes,NA,NA,NA,,1716,0,Byrne_M_Foo_S_Soars_NA_Wolfe_KDL_Nguyen_HD_Hardy_N_Dworjanyn_SA,NA,Heliocidaris_tuberculata,Echinodermata,2013,338,20,8,Byrne_M_Foo_S_Soars_NA_Wolfe_KDL_Nguyen_HD_Hardy_N_Dworjanyn_SA__2013__NA,ZOO_STUDY_0051,ZOO_ES_000172,ZOO_STUDY_0051__Heliocidaris_tuberculata__Echinodermata__CO2338.00__T20.00__NC8,ZOO_COMMON_00073,-0.11987182984205699,0.0029241289928506687,18.492760134956832,3.5
Alter et al. 2024,"Byrne M, Foo S, Soars NA, Wolfe KDL, Nguyen HD, Hardy N, Dworjanyn SA",2013,NA,NA,Zooplankton,Meroplankton,Echinodermata,Heliocidaris tuberculata,pH,8,8,338,20,1257,20,Normal gastrulae,positive,%,Development,95.25,3.563818177,82.91,15.21693793,-0.139,0.0044,NA,NA,Yes,NA,NA,NA,,919,0,Byrne_M_Foo_S_Soars_NA_Wolfe_KDL_Nguyen_HD_Hardy_N_Dworjanyn_SA,NA,Heliocidaris_tuberculata,Echinodermata,2013,338,20,8,Byrne_M_Foo_S_Soars_NA_Wolfe_KDL_Nguyen_HD_Hardy_N_Dworjanyn_SA__2013__NA,ZOO_STUDY_0051,ZOO_ES_000173,ZOO_STUDY_0051__Heliocidaris_tuberculata__Echinodermata__CO2338.00__T20.00__NC8,ZOO_COMMON_00073,-0.13874933187868302,0.004385654446640469,15.100203322748937,3.5
Alter et al. 2024,"Byrne M, Foo S, Soars NA, Wolfe KDL, Nguyen HD, Hardy N, Dworjanyn SA",2013,NA,NA,Zooplankton,Meroplankton,Echinodermata,Heliocidaris tuberculata,pH,8,8,338,20,757,20,Arm asymmetry,negative,µm,Development,13.29,2.177888886,16.61,4.07293506,-0.223,0.0109,NA,NA,Yes,NA,NA,NA,,419,0,Byrne_M_Foo_S_Soars_NA_Wolfe_KDL_Nguyen_HD_Hardy_N_Dworjanyn_SA,NA,Heliocidaris_tuberculata,Echinodermata,2013,338,20,8,Byrne_M_Foo_S_Soars_NA_Wolfe_KDL_Nguyen_HD_Hardy_N_Dworjanyn_SA__2013__NA,ZOO_STUDY_0051,ZOO_ES_000174,ZOO_STUDY_0051__Heliocidaris_tuberculata__Echinodermata__CO2338.00__T20.00__NC8,ZOO_COMMON_00073,0.2229930509000496,0.010872828338469346,9.590223627848575,2.75
Alter et al. 2024,"Byrne M, Foo S, Soars NA, Wolfe KDL, Nguyen HD, Hardy N, Dworjanyn SA",2013,NA,NA,Zooplankton,Meroplankton,Echinodermata,Heliocidaris tuberculata,pH,8,8,338,20,2054,20,Arm asymmetry,negative,µm,Development,13.29,2.177888886,17.72,4.07293506,-0.288,0.01,NA,NA,Yes,NA,NA,NA,,1716,0,Byrne_M_Foo_S_Soars_NA_Wolfe_KDL_Nguyen_HD_Hardy_N_Dworjanyn_SA,NA,Heliocidaris_tuberculata,Echinodermata,2013,338,20,8,Byrne_M_Foo_S_Soars_NA_Wolfe_KDL_Nguyen_HD_Hardy_N_Dworjanyn_SA__2013__NA,ZOO_STUDY_0051,ZOO_ES_000175,ZOO_STUDY_0051__Heliocidaris_tuberculata__Echinodermata__CO2338.00__T20.00__NC8,ZOO_COMMON_00073,0.28768207245178085,0.009960701853142493,10.019707176652055,3.5
Alter et al. 2024,"Byrne M, Foo S, Soars NA, Wolfe KDL, Nguyen HD, Hardy N, Dworjanyn SA",2013,NA,NA,Zooplankton,Meroplankton,Echinodermata,Heliocidaris tuberculata,pH,8,8,338,20,1257,20,Arm asymmetry,negative,µm,Development,13.29,2.177888886,18.93,5.656854249,-0.354,0.0145,NA,NA,Yes,NA,NA,NA,,919,0,Byrne_M_Foo_S_Soars_NA_Wolfe_KDL_Nguyen_HD_Hardy_N_Dworjanyn_SA,NA,Heliocidaris_tuberculata,Echinodermata,2013,338,20,8,Byrne_M_Foo_S_Soars_NA_Wolfe_KDL_Nguyen_HD_Hardy_N_Dworjanyn_SA__2013__NA,ZOO_STUDY_0051,ZOO_ES_000176,ZOO_STUDY_0051__Heliocidaris_tuberculata__Echinodermata__CO2338.00__T20.00__NC8,ZOO_COMMON_00073,0.3537360924960776,0.014519276928550285,8.299033270351252,2.75
Alter et al. 2024,"Byrne M, Gonzalez-Bernat M, Doo S, Foo S, Soars N, Lamare M",2013,NA,NA,Zooplankton,Meroplankton,Echinodermata,Patiriella regularis,pH,7,7,423,19,1058,19,Normal,positive,%,Development,96.05,5.317960135,95.79,11.13861302,-0.003,0.0024,NA,NA,Yes,NA,NA,NA,,635,0,Byrne_M_Gonzalez_Bernat_M_Doo_S_Foo_S_Soars_N_Lamare_M,NA,Patiriella_regularis,Echinodermata,2013,423,19,7,Byrne_M_Gonzalez_Bernat_M_Doo_S_Foo_S_Soars_N_Lamare_M__2013__NA,ZOO_STUDY_0052,ZOO_ES_000199,ZOO_STUDY_0052__Patiriella_regularis__Echinodermata__CO2423.00__T19.00__NC7,ZOO_COMMON_00074,-0.0027105938197652317,0.0023695521884158793,20.5431416558044,3.5
Alter et al. 2024,"Byrne M, Gonzalez-Bernat M, Doo S, Foo S, Soars N, Lamare M",2013,NA,NA,Zooplankton,Meroplankton,Echinodermata,Patiriella regularis,pH,7,7,423,19,1738,19,Normal,positive,%,Development,96.05,5.317960135,94.62,7.56684875,-0.015,0.0014,NA,NA,Yes,NA,NA,NA,,1315,0,Byrne_M_Gonzalez_Bernat_M_Doo_S_Foo_S_Soars_N_Lamare_M,NA,Patiriella_regularis,Echinodermata,2013,423,19,7,Byrne_M_Gonzalez_Bernat_M_Doo_S_Foo_S_Soars_N_Lamare_M__2013__NA,ZOO_STUDY_0052,ZOO_ES_000200,ZOO_STUDY_0052__Patiriella_regularis__Echinodermata__CO2423.00__T19.00__NC7,ZOO_COMMON_00074,-0.015000019011563568,0.00135154383974803,27.201003811736655,4.25
Alter et al. 2024,"Byrne M, Ho M, Wong E, Soars NA, Selvakumaraswamy P, Shepard-Brennand H, Dworjanyn SA, Davis AR",2011,NA,NA,Zooplankton,Meroplankton,Mollusca,Haliotis coccoradiata,pH,10,10,342,20,1084,20,calcified larvae,positive,%,Development,59.7,31.30654884,28.2,27.82804341,-0.75,0.1249,NA,NA,Yes,NA,NA,NA,,742,0,Byrne_M_Ho_M_Wong_E_Soars_NA_Selvakumaraswamy_P_Shepard_Brennand_H_Dworjanyn_SA_Davis_AR,NA,Haliotis_coccoradiata,Mollusca,2011,342,20,10,Byrne_M_Ho_M_Wong_E_Soars_NA_Selvakumaraswamy_P_Shepard_Brennand_H_Dworjanyn_SA_Davis_AR__2011__NA,ZOO_STUDY_0054,ZOO_ES_000207,ZOO_STUDY_0054__Haliotis_coccoradiata__Mollusca__CO2342.00__T20.00__NC10,ZOO_COMMON_00077,-0.7500100424544885,0.12487871305880402,2.829800329235089,2
Alter et al. 2024,"Byrne M, Ho M, Wong E, Soars NA, Selvakumaraswamy P, Shepard-Brennand H, Dworjanyn SA, Davis AR",2011,NA,NA,Zooplankton,Meroplankton,Mollusca,Haliotis coccoradiata,pH,10,10,342,20,1783,20,calcified larvae,positive,%,Development,59.7,31.30654884,23,22.76839915,-0.954,0.1255,NA,NA,Yes,NA,NA,NA,,1441,0,Byrne_M_Ho_M_Wong_E_Soars_NA_Selvakumaraswamy_P_Shepard_Brennand_H_Dworjanyn_SA_Davis_AR,NA,Haliotis_coccoradiata,Mollusca,2011,342,20,10,Byrne_M_Ho_M_Wong_E_Soars_NA_Selvakumaraswamy_P_Shepard_Brennand_H_Dworjanyn_SA_Davis_AR__2011__NA,ZOO_STUDY_0054,ZOO_ES_000208,ZOO_STUDY_0054__Haliotis_coccoradiata__Mollusca__CO2342.00__T20.00__NC10,ZOO_COMMON_00077,-0.9538378044694068,0.12549552483471527,2.822837514477296,2
Alter et al. 2024,"Chua CM, Leggat W, Moya A, Baird AH",2013,NA,NA,Zooplankton,Meroplankton,Cnidaria,Acropora tenuis,pH,270,270,421,25.7,655,25.6,Metamorphosis,positive,%,Development,52.59,131.9463641,58.55,55.37475056,0.107,0.0266,NA,NA,Yes,NA,NA,NA,,234,-0.09999999999999787,Chua_CM_Leggat_W_Moya_A_Baird_AH,NA,Acropora_tenuis,Cnidaria,2013,421,25.7,270,Chua_CM_Leggat_W_Moya_A_Baird_AH__2013__NA,ZOO_STUDY_0087,ZOO_ES_000282,ZOO_STUDY_0087__Acropora_tenuis__Cnidaria__CO2421.00__T25.70__NC270,ZOO_COMMON_00141,0.10735510244247332,0.026627309415180284,6.128248358285626,2.75
Alter et al. 2024,"Chua CM, Leggat W, Moya A, Baird AH",2013,NA,NA,Zooplankton,Meroplankton,Cnidaria,Acropora tenuis,pH,3,3,421,25.7,655,25.6,Time to motile stage,ambiguous,h,Development,81.28,3.827832285,90.48,2.546114687,0.107,0.001,NA,NA,Yes,NA,NA,NA,,234,-0.09999999999999787,Chua_CM_Leggat_W_Moya_A_Baird_AH,NA,Acropora_tenuis,Cnidaria,2013,421,25.7,3,Chua_CM_Leggat_W_Moya_A_Baird_AH__2013__NA,ZOO_STUDY_0087,ZOO_ES_000283,ZOO_STUDY_0087__Acropora_tenuis__Cnidaria__CO2421.00__T25.70__NC3,ZOO_COMMON_00142,0.10722884797769328,0.001003248711508704,31.571534781215174,4.25
Alter et al. 2024,"Chua CM, Leggat W, Moya A, Baird AH",2013,NA,NA,Zooplankton,Meroplankton,Cnidaria,Acropora millepora,pH,270,270,474,26.5,699,26.7,Metamorphosis,positive,%,Development,55.7,76.57161354,54.92,63.91922246,-0.014,0.012,NA,NA,Yes,NA,NA,NA,,225,0.1999999999999993,Chua_CM_Leggat_W_Moya_A_Baird_AH,NA,Acropora_millepora,Cnidaria,2013,474,26.5,270,Chua_CM_Leggat_W_Moya_A_Baird_AH__2013__NA,ZOO_STUDY_0087,ZOO_ES_000298,ZOO_STUDY_0087__Acropora_millepora__Cnidaria__CO2474.00__T26.50__NC270,ZOO_COMMON_00140,-0.014102566033468072,0.01201634135326511,9.122499988501746,2.75
Alter et al. 2024,"Chua CM, Leggat W, Moya A, Baird AH",2013,NA,NA,Zooplankton,Meroplankton,Cnidaria,Acropora millepora,pH,9,9,456,26.2,684,26.3,Time to motile stage,ambiguous,h,Development,65.94,2.04,59.44,2.1,-0.104,2e-4,NA,NA,Yes,NA,NA,NA,,228,0.10000000000000142,Chua_CM_Leggat_W_Moya_A_Baird_AH,NA,Acropora_millepora,Cnidaria,2013,456,26.2,9,Chua_CM_Leggat_W_Moya_A_Baird_AH__2013__NA,ZOO_STUDY_0087,ZOO_ES_000299,ZOO_STUDY_0087__Acropora_millepora__Cnidaria__CO2456.00__T26.20__NC9,ZOO_COMMON_00139,-0.10377783723408132,2.450335714552877e-4,63.88327980365104,4.25
Alter et al. 2024,"Dong, Sun",2018,NA,NA,Zooplankton,Meroplankton,Cnidaria,Aurelia coerulea,pH,4,4,375,24,2789,24,Settlement success,positive,%,Development,46.04796521,25.54,70.23608177,16.14,0.422,0.0901,NA,NA,Yes,NA,NA,NA,,2414,0,Dong_Sun,NA,Aurelia_coerulea,Cnidaria,2018,375,24,4,Dong_Sun__2018__NA,ZOO_STUDY_0121,ZOO_ES_000343,ZOO_STUDY_0121__Aurelia_coerulea__Cnidaria__CO2375.00__T24.00__NC4,ZOO_COMMON_00207,0.4221785891254978,0.09010771930544703,3.3313403202521505,2
Alter et al. 2024,"Dong, Sun",2018,NA,NA,Zooplankton,Meroplankton,Cnidaria,Aurelia coerulea,pH,4,4,375,24,1032,24,Settlement success,positive,%,Development,46.04796521,25.54,37.30121753,13.44,-0.211,0.1094,NA,NA,Yes,NA,NA,NA,,657,0,Dong_Sun,NA,Aurelia_coerulea,Cnidaria,2018,375,24,4,Dong_Sun__2018__NA,ZOO_STUDY_0121,ZOO_ES_000357,ZOO_STUDY_0121__Aurelia_coerulea__Cnidaria__CO2375.00__T24.00__NC4,ZOO_COMMON_00207,-0.21065760751668283,0.10936193675366018,3.0238963695948873,2
Alter et al. 2024,"Ericson JA, Ho MA, Miskelly A, King CK, Virtue P, Tilbrook B, Byrne M",2012,NA,NA,Zooplankton,Meroplankton,Echinodermata,Sterechinus neumayeri,pH,8,8,450,-0.5,850,-0.5,Normal Blastulae,positive,%,Development,99.28,0.509116882,98.55,0.509116882,-0.007,1e-4,NA,NA,Yes,NA,NA,NA,,400,0,Ericson_JA_Ho_MA_Miskelly_A_King_CK_Virtue_P_Tilbrook_B_Byrne_M,NA,Sterechinus_neumayeri,Echinodermata,2012,450,-0.5,8,Ericson_JA_Ho_MA_Miskelly_A_King_CK_Virtue_P_Tilbrook_B_Byrne_M__2012__NA,ZOO_STUDY_0142,ZOO_ES_000372,ZOO_STUDY_0142__Sterechinus_neumayeri__Echinodermata__CO2450.00__T-0.50__NC8,ZOO_COMMON_00245,-0.007380107297622646,6.6232086231654e-6,388.56688205771906,2.5
Alter et al. 2024,"Ericson JA, Ho MA, Miskelly A, King CK, Virtue P, Tilbrook B, Byrne M",2012,NA,NA,Zooplankton,Meroplankton,Echinodermata,Sterechinus neumayeri,pH,8,8,450,-0.5,1370,-0.3,Normal Blastulae,positive,%,Development,99.28,0.509116882,96.01,3.592102448,-0.033,2e-4,NA,NA,Yes,NA,NA,NA,,920,0.2,Ericson_JA_Ho_MA_Miskelly_A_King_CK_Virtue_P_Tilbrook_B_Byrne_M,NA,Sterechinus_neumayeri,Echinodermata,2012,450,-0.5,8,Ericson_JA_Ho_MA_Miskelly_A_King_CK_Virtue_P_Tilbrook_B_Byrne_M__2012__NA,ZOO_STUDY_0142,ZOO_ES_000373,ZOO_STUDY_0142__Sterechinus_neumayeri__Echinodermata__CO2450.00__T-0.50__NC8,ZOO_COMMON_00245,-0.03349178818681932,1.782615605152053e-4,74.89815988319702,4.25
Alter et al. 2024,"Foster T, Gilmour JP, Chua CM, Falter J, Mccullouch M",2015,NA,NA,Zooplankton,Meroplankton,Cnidaria,Acropora spicifera,pH,4,4,242,24.4,872,24.1,Settlement,positive,%,Development,33.54,5.54,37.14,10.92,0.102,0.0284,NA,NA,Yes,NA,NA,NA,,630,-0.29999999999999716,Foster_T_Gilmour_JP_Chua_CM_Falter_J_Mccullouch_M,NA,Acropora_spicifera,Cnidaria,2015,242,24.4,4,Foster_T_Gilmour_JP_Chua_CM_Falter_J_Mccullouch_M__2015__NA,ZOO_STUDY_0156,ZOO_ES_000397,ZOO_STUDY_0156__Acropora_spicifera__Cnidaria__CO2242.00__T24.40__NC4,ZOO_COMMON_00264,0.10195579952949697,0.02843309510355679,5.93045385718821,2.75
Alter et al. 2024,"Garcia E, Clemente S, Hernandez JC",2015,NA,NA,Zooplankton,Meroplankton,Echinodermata,Paracentrotus lividus,pH,135,135,346,18.8,899,18.8,Settlement,positive,%,Development,5.74,2.323790008,3.96,4.763769516,-0.371,0.0119,NA,NA,Yes,NA,NA,NA,,553,0,Garcia_E_Clemente_S_Hernandez_JC,NA,Paracentrotus_lividus,Echinodermata,2015,346,18.8,135,Garcia_E_Clemente_S_Hernandez_JC__2015__NA,ZOO_STUDY_0166,ZOO_ES_000422,ZOO_STUDY_0166__Paracentrotus_lividus__Echinodermata__CO2346.00__T18.80__NC135,ZOO_COMMON_00289,-0.3712151850650859,0.011933618407456225,9.154063625890153,2.75
Alter et al. 2024,"Gobler CJ, Merlo LR, Morrell BK and Griffith AW",2018,NA,NA,Zooplankton,Meroplankton,Fish larvae,Menidia beryllina,pH,4,4,389,19,1750,19,Time to hatch,ambiguous,days,Development,9,0.02,9.7,1.5,0.0749,0.006,NA,NA,Yes,NA,NA,NA,,1361,0,Gobler_CJ_Merlo_LR_Morrell_BK_and_Griffith_AW,NA,Menidia_beryllina,Fish_larvae,2018,389,19,4,Gobler_CJ_Merlo_LR_Morrell_BK_and_Griffith_AW__2018__NA,ZOO_STUDY_0185,ZOO_ES_000466,ZOO_STUDY_0185__Menidia_beryllina__Fish_larvae__CO2389.00__T19.00__NC4,ZOO_COMMON_00320,0.0749013081731177,0.0059795531989991204,12.93199812467281,3.5
Alter et al. 2024,"Gravinese PM, Enochs IC, Manzello DP, van Woesik R",2018,NA,NA,Zooplankton,Meroplankton,Arthropoda,Menippe mercenaria,pH,8,8,484,30.1,1149,30,Molt stage duration Z5,ambiguous,days,Development,5.71,0.395979797,6.5,0.339411255,0.129,9e-4,NA,NA,Yes,NA,NA,NA,,665,-0.10000000000000142,Gravinese_PM_Enochs_IC_Manzello_DP_van_Woesik_R,NA,Menippe_mercenaria,Arthropoda,2018,484,30.1,8,Gravinese_PM_Enochs_IC_Manzello_DP_van_Woesik_R__2018__NA,ZOO_STUDY_0193,ZOO_ES_000478,ZOO_STUDY_0193__Menippe_mercenaria__Arthropoda__CO2484.00__T30.10__NC8,ZOO_COMMON_00342,0.1295831532336726,9.419797899535326e-4,32.58211013926913,4.25
Alter et al. 2024,"Hardy NA,  Byrne M",2014,NA,NA,Zooplankton,Meroplankton,Echinodermata,Heliocidaris erythrogramma,pH,9,9,291,20,768,20,Normal,positive,%,Development,88.6,6.9,85.69,6.18,-0.033,0.0013,NA,NA,Yes,NA,NA,NA,,477,0,Hardy_NA_Byrne_M,NA,Heliocidaris_erythrogramma,Echinodermata,2014,291,20,9,Hardy_NA_Byrne_M__2014__NA,ZOO_STUDY_0209,ZOO_ES_000497,ZOO_STUDY_0209__Heliocidaris_erythrogramma__Echinodermata__CO2291.00__T20.00__NC9,ZOO_COMMON_00374,-0.033395724930007746,0.0012518173417122491,28.263732765638952,4.25
Alter et al. 2024,"Hardy NA,  Byrne M",2014,NA,NA,Zooplankton,Meroplankton,Echinodermata,Heliocidaris tuberculata,pH,9,9,291,20,768,20,Normal,positive,%,Development,96.15,3.99,91.04,3.99,-0.055,4e-4,NA,NA,Yes,NA,NA,NA,,477,0,Hardy_NA_Byrne_M,NA,Heliocidaris_tuberculata,Echinodermata,2014,291,20,9,Hardy_NA_Byrne_M__2014__NA,ZOO_STUDY_0209,ZOO_ES_000498,ZOO_STUDY_0209__Heliocidaris_tuberculata__Echinodermata__CO2291.00__T20.00__NC9,ZOO_COMMON_00375,-0.054610501656767896,4.0476133351322345e-4,49.7050472496536,4.25
Alter et al. 2024,"Hardy NA,  Byrne M",2014,NA,NA,Zooplankton,Meroplankton,Echinodermata,Heliocidaris erythrogramma,pH,9,9,291,20,2089,20,Normal,positive,%,Development,88.6,6.9,80.84,10.92,-0.092,0.0027,NA,NA,Yes,NA,NA,NA,,1798,0,Hardy_NA_Byrne_M,NA,Heliocidaris_erythrogramma,Echinodermata,2014,291,20,9,Hardy_NA_Byrne_M__2014__NA,ZOO_STUDY_0209,ZOO_ES_000499,ZOO_STUDY_0209__Heliocidaris_erythrogramma__Echinodermata__CO2291.00__T20.00__NC9,ZOO_COMMON_00374,-0.09165996507561494,0.0027013388072954937,19.240239384011637,3.5
Alter et al. 2024,"Hardy NA,  Byrne M",2014,NA,NA,Zooplankton,Meroplankton,Echinodermata,Heliocidaris tuberculata,pH,9,9,291,20,1274,20,Normal,positive,%,Development,96.15,3.99,85.75,7.95,-0.114,0.0011,NA,NA,Yes,NA,NA,NA,,983,0,Hardy_NA_Byrne_M,NA,Heliocidaris_tuberculata,Echinodermata,2014,291,20,9,Hardy_NA_Byrne_M__2014__NA,ZOO_STUDY_0209,ZOO_ES_000500,ZOO_STUDY_0209__Heliocidaris_tuberculata__Echinodermata__CO2291.00__T20.00__NC9,ZOO_COMMON_00375,-0.11447338598873949,0.0011463837726263361,29.534864657698584,4.25
Alter et al. 2024,"Hardy NA,  Byrne M",2014,NA,NA,Zooplankton,Meroplankton,Echinodermata,Heliocidaris erythrogramma,pH,9,9,291,20,1274,20,Normal,positive,%,Development,88.6,6.9,78.9,11.64,-0.116,0.0031,NA,NA,Yes,NA,NA,NA,,983,0,Hardy_NA_Byrne_M,NA,Heliocidaris_erythrogramma,Echinodermata,2014,291,20,9,Hardy_NA_Byrne_M__2014__NA,ZOO_STUDY_0209,ZOO_ES_000501,ZOO_STUDY_0209__Heliocidaris_erythrogramma__Echinodermata__CO2291.00__T20.00__NC9,ZOO_COMMON_00374,-0.11595062975920663,0.0030921847131193487,17.983212889702752,3.5
Alter et al. 2024,"Hardy NA,  Byrne M",2014,NA,NA,Zooplankton,Meroplankton,Echinodermata,Heliocidaris tuberculata,pH,9,9,291,20,2089,20,Normal,positive,%,Development,96.15,3.99,79.13,7.38,-0.195,0.0012,NA,NA,Yes,NA,NA,NA,,1798,0,Hardy_NA_Byrne_M,NA,Heliocidaris_tuberculata,Echinodermata,2014,291,20,9,Hardy_NA_Byrne_M__2014__NA,ZOO_STUDY_0209,ZOO_ES_000502,ZOO_STUDY_0209__Heliocidaris_tuberculata__Echinodermata__CO2291.00__T20.00__NC9,ZOO_COMMON_00375,-0.1948174024136869,0.0011578084293502448,29.38878599757762,4.25
Alter et al. 2024,"Kamya PZ, Dworjanyn SA, Hardy N, Mos B, Uthicke S, Byrne M",2014,NA,NA,Zooplankton,Meroplankton,Echinodermata,Acanthaster planci,pH,5,5,477,26.3,1060,26.3,Normal larvae,positive,%,Development,70.26,5.433645185,57.39,4.651021393,-0.202,0.0025,NA,NA,Yes,NA,NA,NA,,583,0,Kamya_PZ_Dworjanyn_SA_Hardy_N_Mos_B_Uthicke_S_Byrne_M,NA,Acanthaster_planci,Echinodermata,2014,477,26.3,5,Kamya_PZ_Dworjanyn_SA_Hardy_N_Mos_B_Uthicke_S_Byrne_M__2014__NA,ZOO_STUDY_0254,ZOO_ES_000525,ZOO_STUDY_0254__Acanthaster_planci__Echinodermata__CO2477.00__T26.30__NC5,ZOO_COMMON_00439,-0.20233257471740979,0.002509752249328165,19.96110476058919,3.5
Alter et al. 2024,"Kamya PZ, Dworjanyn SA, Hardy N, Mos B, Uthicke S, Byrne M",2014,NA,NA,Zooplankton,Meroplankton,Echinodermata,Acanthaster planci,pH,5,5,477,26.3,1895,26.3,Normal larvae,positive,%,Development,70.26,5.433645185,45.56,13.99778554,-0.433,0.0201,NA,NA,Yes,NA,NA,NA,,1418,0,Kamya_PZ_Dworjanyn_SA_Hardy_N_Mos_B_Uthicke_S_Byrne_M,NA,Acanthaster_planci,Echinodermata,2014,477,26.3,5,Kamya_PZ_Dworjanyn_SA_Hardy_N_Mos_B_Uthicke_S_Byrne_M__2014__NA,ZOO_STUDY_0254,ZOO_ES_000526,ZOO_STUDY_0254__Acanthaster_planci__Echinodermata__CO2477.00__T26.30__NC5,ZOO_COMMON_00439,-0.4331725082586997,0.020075277001067728,7.057798039732159,2.75
Alter et al. 2024,"Karelitz SE, Uthicke S, Foo SA, Barker MF, Byrne M, Pecorino D, Lamare MD",2017,NA,NA,Zooplankton,Meroplankton,Echinodermata,Fellaster zelandiae,pH,4,4,441,17.5,912,17.5,Normal development,positive,%,Development,86.75,5.3,90.07,1.32,0.037,0.001,NA,NA,Yes,NA,NA,NA,,471,0,Karelitz_SE_Uthicke_S_Foo_SA_Barker_MF_Byrne_M_Pecorino_D_Lamare_MD,NA,Fellaster_zelandiae,Echinodermata,2017,441,17.5,4,Karelitz_SE_Uthicke_S_Foo_SA_Barker_MF_Byrne_M_Pecorino_D_Lamare_MD__2017__NA,ZOO_STUDY_0260,ZOO_ES_000527,ZOO_STUDY_0260__Fellaster_zelandiae__Echinodermata__CO2441.00__T17.50__NC4,ZOO_COMMON_00447,0.03755672696868289,9.868470583648706e-4,31.832817143537337,4.25
Alter et al. 2024,"Karelitz SE, Uthicke S, Foo SA, Barker MF, Byrne M, Pecorino D, Lamare MD",2017,NA,NA,Zooplankton,Meroplankton,Echinodermata,Patiriella regularis,pH,4,4,487,16,950,16,Normal development,positive,%,Development,80.67,10.66,81.33,5.34,0.008,0.0054,NA,NA,Yes,NA,NA,NA,,463,0,Karelitz_SE_Uthicke_S_Foo_SA_Barker_MF_Byrne_M_Pecorino_D_Lamare_MD,NA,Patiriella_regularis,Echinodermata,2017,487,16,4,Karelitz_SE_Uthicke_S_Foo_SA_Barker_MF_Byrne_M_Pecorino_D_Lamare_MD__2017__NA,ZOO_STUDY_0260,ZOO_ES_000547,ZOO_STUDY_0260__Patiriella_regularis__Echinodermata__CO2487.00__T16.00__NC4,ZOO_COMMON_00449,0.00814819322980071,0.005443220237060396,13.55414248365604,3.5
Alter et al. 2024,"Karelitz SE, Uthicke S, Foo SA, Barker MF, Byrne M, Pecorino D, Lamare MD",2017,NA,NA,Zooplankton,Meroplankton,Echinodermata,Sterechinus neumayeri,pH,4,4,454,-1.1,946,-1.1,Normal development,positive,%,Development,88.74,5.3,88.74,3.98,0,0.0014,NA,NA,Yes,NA,NA,NA,,492,0,Karelitz_SE_Uthicke_S_Foo_SA_Barker_MF_Byrne_M_Pecorino_D_Lamare_MD,NA,Sterechinus_neumayeri,Echinodermata,2017,454,-1.1,4,Karelitz_SE_Uthicke_S_Foo_SA_Barker_MF_Byrne_M_Pecorino_D_Lamare_MD__2017__NA,ZOO_STUDY_0260,ZOO_ES_000548,ZOO_STUDY_0260__Sterechinus_neumayeri__Echinodermata__CO2454.00__T-1.10__NC4,ZOO_COMMON_00450,0,0.0013946534888128286,26.77730351233878,4.25
Alter et al. 2024,"Karelitz SE, Uthicke S, Foo SA, Barker MF, Byrne M, Pecorino D, Lamare MD",2017,NA,NA,Zooplankton,Meroplankton,Echinodermata,Arachnoides placenta,pH,4,4,565,25.9,963,25.9,Normal development,positive,%,Development,97.68,3.08,94.59,6.94,-0.032,0.0016,NA,NA,Yes,NA,NA,NA,,398,0,Karelitz_SE_Uthicke_S_Foo_SA_Barker_MF_Byrne_M_Pecorino_D_Lamare_MD,NA,Arachnoides_placenta,Echinodermata,2017,565,25.9,4,Karelitz_SE_Uthicke_S_Foo_SA_Barker_MF_Byrne_M_Pecorino_D_Lamare_MD__2017__NA,ZOO_STUDY_0260,ZOO_ES_000549,ZOO_STUDY_0260__Arachnoides_placenta__Echinodermata__CO2565.00__T25.90__NC4,ZOO_COMMON_00446,-0.0321450675773701,0.0015943221064065888,25.044476954743782,4.25
Alter et al. 2024,"Karelitz SE, Uthicke S, Foo SA, Barker MF, Byrne M, Pecorino D, Lamare MD",2017,NA,NA,Zooplankton,Meroplankton,Echinodermata,Odontaster validus,pH,4,4,413,-0.5,823,-0.5,Normal development,positive,%,Development,96,1.34,92,5.34,-0.043,9e-4,NA,NA,Yes,NA,NA,NA,,410,0,Karelitz_SE_Uthicke_S_Foo_SA_Barker_MF_Byrne_M_Pecorino_D_Lamare_MD,NA,Odontaster_validus,Echinodermata,2017,413,-0.5,4,Karelitz_SE_Uthicke_S_Foo_SA_Barker_MF_Byrne_M_Pecorino_D_Lamare_MD__2017__NA,ZOO_STUDY_0260,ZOO_ES_000550,ZOO_STUDY_0260__Odontaster_validus__Echinodermata__CO2413.00__T-0.50__NC4,ZOO_COMMON_00448,-0.04255961441879589,8.909701095161206e-4,33.501822458181735,4.25
Alter et al. 2024,"Ko GWK, Dineshram R, Campanati C, Chan VBS, Havenhand J, Thiyagarajan V",2014,NA,NA,Zooplankton,Meroplankton,Mollusca,Crassostrea gigas,pH,4,4,437,23.9,1848,24,Metamorphosis,positive,%,Development,27.5,3.26,19.5,3.5,-0.344,0.0115,NA,NA,Yes,NA,NA,NA,,1411,0.10000000000000142,Ko_GWK_Dineshram_R_Campanati_C_Chan_VBS_Havenhand_J_Thiyagarajan_V,NA,Crassostrea_gigas,Mollusca,2014,437,23.9,4,Ko_GWK_Dineshram_R_Campanati_C_Chan_VBS_Havenhand_J_Thiyagarajan_V__2014__NA,ZOO_STUDY_0272,ZOO_ES_000559,ZOO_STUDY_0272__Crassostrea_gigas__Mollusca__CO2437.00__T23.90__NC4,ZOO_COMMON_00465,-0.3437715391028245,0.011567168098412853,9.29793437333206,2.75
Alter et al. 2024,"Leo E, Dahlke FT, Storch D, Pörtner HO, Mark FC",2018,NA,NA,Zooplankton,Meroplankton,Fish larvae,Clupea harengus,pH,6,6,415,6.2,1101,6.2,Deformities,positive,% hatched larvae,Development,5.511,3.184336666,11.9739,3.927021956,-0.0709,5e-4,NA,NA,Yes,NA,NA,NA,,686,0,Leo_E_Dahlke_FT_Storch_D_P_rtner_HO_Mark_FC,NA,Clupea_harengus,Fish_larvae,2018,415,6.2,6,Leo_E_Dahlke_FT_Storch_D_P_rtner_HO_Mark_FC__2018__NA,ZOO_STUDY_0302,ZOO_ES_000605,ZOO_STUDY_0302__Clupea_harengus__Fish_larvae__CO2415.00__T6.20__NC6,ZOO_COMMON_00522,0.7759831861390944,0.07357182319010981,3.6867546846478243,2
Alter et al. 2024,"Miller GM, Kroon FJ, Metcalfe S, Munday PL",2015,NA,NA,Zooplankton,Meroplankton,Fish larvae,Amphiprion melanopus,pH,4,5,400,28.4,634,28.5,yolk area,ambiguous,mm²,Development,0.4232,0.0068,0.4062,0.01677051,-0.041,4e-4,NA,NA,Yes,NA,NA,NA,,234,0.10000000000000142,Miller_GM_Kroon_FJ_Metcalfe_S_Munday_PL,NA,Amphiprion_melanopus,Fish_larvae,2015,400,28.4,4,Miller_GM_Kroon_FJ_Metcalfe_S_Munday_PL__2015__NA,ZOO_STUDY_0353,ZOO_ES_000616,ZOO_STUDY_0353__Amphiprion_melanopus__Fish_larvae__CO2400.00__T28.40__NC4,ZOO_COMMON_00617,-0.040999231397805314,4.054579021816285e-4,49.66233275133586,4.25
Alter et al. 2024,"Miller GM, Kroon FJ, Metcalfe S, Munday PL",2015,NA,NA,Zooplankton,Meroplankton,Fish larvae,Amphiprion melanopus,pH,4,4,400,28.4,1087,28.5,yolk area,ambiguous,mm²,Development,0.4232,0.0068,0.3933,0.0082,-0.0733,2e-4,NA,NA,Yes,NA,NA,NA,,687,0.10000000000000142,Miller_GM_Kroon_FJ_Metcalfe_S_Munday_PL,NA,Amphiprion_melanopus,Fish_larvae,2015,400,28.4,4,Miller_GM_Kroon_FJ_Metcalfe_S_Munday_PL__2015__NA,ZOO_STUDY_0353,ZOO_ES_000617,ZOO_STUDY_0353__Amphiprion_melanopus__Fish_larvae__CO2400.00__T28.40__NC4,ZOO_COMMON_00617,-0.07327220110632587,1.7321812191362388e-4,75.98070820543582,4.25
Alter et al. 2024,"Mos B, Dworjanyn SA, Mamo LT, Kelaher BP",2019,NA,NA,Zooplankton,Meroplankton,Echinodermata,Tripneustes gratilla,pH,5,5,491,24.4,930,24.3,Abnormalities,positive,%,Development,55.27,20.81779287,38.98,87.16192976,0.311,0.4515,NA,NA,Yes,NA,NA,NA,,439,-0.09999999999999787,Mos_B_Dworjanyn_SA_Mamo_LT_Kelaher_BP,NA,Tripneustes_gratilla,Echinodermata,2019,491,24.4,5,Mos_B_Dworjanyn_SA_Mamo_LT_Kelaher_BP__2019__NA,ZOO_STUDY_0357,ZOO_ES_000618,ZOO_STUDY_0357__Tripneustes_gratilla__Echinodermata__CO2491.00__T24.40__NC5,ZOO_COMMON_00622,-0.3491815717657569,1.028373991333183,0.9861079448507869,2.5
Alter et al. 2024,"Mos B, Dworjanyn SA, Mamo LT, Kelaher BP",2019,NA,NA,Zooplankton,Meroplankton,Echinodermata,Tripneustes gratilla,pH,5,5,491,24.4,1583,24.5,Abnormalities,positive,%,Development,55.27,20.81779287,43.35,96.93354682,0.236,0.6287,NA,NA,Yes,NA,NA,NA,,1092,0.10000000000000142,Mos_B_Dworjanyn_SA_Mamo_LT_Kelaher_BP,NA,Tripneustes_gratilla,Echinodermata,2019,491,24.4,5,Mos_B_Dworjanyn_SA_Mamo_LT_Kelaher_BP__2019__NA,ZOO_STUDY_0357,ZOO_ES_000619,ZOO_STUDY_0357__Tripneustes_gratilla__Echinodermata__CO2491.00__T24.40__NC5,ZOO_COMMON_00622,-0.2429235626186207,1.0283739913054466,0.986107944864085,2.5
Alter et al. 2024,"Mos B, Dworjanyn SA, Mamo LT, Kelaher BP",2019,NA,NA,Zooplankton,Meroplankton,Echinodermata,Tripneustes gratilla,pH,7,7,491,24.4,1583,24.5,Settlement,positive,%,Development,38.18,21.29829805,39.74,14.41934465,0.04,0.0633,NA,NA,Yes,NA,NA,NA,,1092,0.10000000000000142,Mos_B_Dworjanyn_SA_Mamo_LT_Kelaher_BP,NA,Tripneustes_gratilla,Echinodermata,2019,491,24.4,7,Mos_B_Dworjanyn_SA_Mamo_LT_Kelaher_BP__2019__NA,ZOO_STUDY_0357,ZOO_ES_000620,ZOO_STUDY_0357__Tripneustes_gratilla__Echinodermata__CO2491.00__T24.40__NC7,ZOO_COMMON_00623,0.0400464188260692,0.06326269700862258,3.9758148235292383,2
Alter et al. 2024,"Mos B, Dworjanyn SA, Mamo LT, Kelaher BP",2019,NA,NA,Zooplankton,Meroplankton,Echinodermata,Tripneustes gratilla,pH,7,7,491,24.4,930,24.3,Settlement,positive,%,Development,38.18,21.29829805,38.18,8.942639431,0,0.0523,NA,NA,Yes,NA,NA,NA,,439,-0.09999999999999787,Mos_B_Dworjanyn_SA_Mamo_LT_Kelaher_BP,NA,Tripneustes_gratilla,Echinodermata,2019,491,24.4,7,Mos_B_Dworjanyn_SA_Mamo_LT_Kelaher_BP__2019__NA,ZOO_STUDY_0357,ZOO_ES_000637,ZOO_STUDY_0357__Tripneustes_gratilla__Echinodermata__CO2491.00__T24.40__NC7,ZOO_COMMON_00623,0,0.05229213936453836,4.373023337239093,2
Alter et al. 2024,"Murray CS, Wiley D, Baumann H",2019,NA,NA,Zooplankton,Meroplankton,Fish larvae,Ammodytes dubius,pH,38,41,385,4.9,2180,4.8,Yolk sac area,ambiguous,mm2,Development,0.167,0.06164414,0.14,0.024972185,-0.1764,0.0024,NA,NA,Yes,NA,NA,NA,,1795,-0.10000000000000053,Murray_CS_Wiley_D_Baumann_H,NA,Ammodytes_dubius,Fish_larvae,2019,385,4.9,38,Murray_CS_Wiley_D_Baumann_H__2019__NA,ZOO_STUDY_0367,ZOO_ES_000684,ZOO_STUDY_0367__Ammodytes_dubius__Fish_larvae__CO2385.00__T4.90__NC38,ZOO_COMMON_00635,-0.17635138980745074,0.0043616635192568675,15.141675010085287,3.5
Alter et al. 2024,"Murray CS, Wiley D, Baumann H",2019,NA,NA,Zooplankton,Meroplankton,Fish larvae,Ammodytes dubius,pH,38,39,385,4.9,1103,4.9,Yolk sac area,ambiguous,mm2,Development,0.167,0.06164414,0.124,0.038094488,-0.2977,0.004,NA,NA,Yes,NA,NA,NA,,718,0,Murray_CS_Wiley_D_Baumann_H,NA,Ammodytes_dubius,Fish_larvae,2019,385,4.9,38,Murray_CS_Wiley_D_Baumann_H__2019__NA,ZOO_STUDY_0367,ZOO_ES_000685,ZOO_STUDY_0367__Ammodytes_dubius__Fish_larvae__CO2385.00__T4.90__NC38,ZOO_COMMON_00635,-0.29771224681171826,0.0060056483111988555,12.903872158986546,3.5
Alter et al. 2024,"Pansch C, Nasrolahi A, Appelhans YS, Wahl M",2012,NA,NA,Zooplankton,Meroplankton,Arthropoda,Amphibalanus improvisus,pH,6,6,414,19.6,3278,19.6,settlement,positive,%,Development,24.65,17.66082105,40.08,24.54388722,0.486,0.1482,NA,NA,Yes,NA,NA,NA,,2864,0,Pansch_C_Nasrolahi_A_Appelhans_YS_Wahl_M,NA,Amphibalanus_improvisus,Arthropoda,2012,414,19.6,6,Pansch_C_Nasrolahi_A_Appelhans_YS_Wahl_M__2012__NA,ZOO_STUDY_0394,ZOO_ES_000692,ZOO_STUDY_0394__Amphibalanus_improvisus__Arthropoda__CO2414.00__T19.60__NC6,ZOO_COMMON_00680,0.4861005562879103,0.14805328352450853,2.5989084321871734,2.5
Alter et al. 2024,"Pansch C, Nasrolahi A, Appelhans YS, Wahl M",2012,NA,NA,Zooplankton,Meroplankton,Arthropoda,Amphibalanus improvisus,pH,6,6,414,19.6,3278,19.6,larval duration,ambiguous,days,Development,17.62,4.237617255,18.89,3.674234614,0.069,0.0159,NA,NA,Yes,NA,NA,NA,,2864,0,Pansch_C_Nasrolahi_A_Appelhans_YS_Wahl_M,NA,Amphibalanus_improvisus,Arthropoda,2012,414,19.6,6,Pansch_C_Nasrolahi_A_Appelhans_YS_Wahl_M__2012__NA,ZOO_STUDY_0394,ZOO_ES_000693,ZOO_STUDY_0394__Amphibalanus_improvisus__Arthropoda__CO2414.00__T19.60__NC6,ZOO_COMMON_00680,0.06959806100538472,0.015945561204500264,7.91917783270193,2.75
Alter et al. 2024,"Pansch C, Nasrolahi A, Appelhans YS, Wahl M",2012,NA,NA,Zooplankton,Meroplankton,Arthropoda,Amphibalanus improvisus,pH,6,6,414,19.6,1282,19.6,larval duration,ambiguous,days,Development,17.62,4.237617255,18.43,4.507061127,0.045,0.0196,NA,NA,Yes,NA,NA,NA,,868,0,Pansch_C_Nasrolahi_A_Appelhans_YS_Wahl_M,NA,Amphibalanus_improvisus,Arthropoda,2012,414,19.6,6,Pansch_C_Nasrolahi_A_Appelhans_YS_Wahl_M__2012__NA,ZOO_STUDY_0394,ZOO_ES_000694,ZOO_STUDY_0394__Amphibalanus_improvisus__Arthropoda__CO2414.00__T19.60__NC6,ZOO_COMMON_00680,0.044945151173698475,0.019607545557253844,7.141482620389808,2.75
Alter et al. 2024,"Pansch C, Nasrolahi A, Appelhans YS, Wahl M",2012,NA,NA,Zooplankton,Meroplankton,Arthropoda,Amphibalanus improvisus,pH,6,6,414,19.6,1282,19.6,settlement,positive,%,Development,24.65,17.66082105,20.84,19.15500979,-0.168,0.2263,NA,NA,Yes,NA,NA,NA,,868,0,Pansch_C_Nasrolahi_A_Appelhans_YS_Wahl_M,NA,Amphibalanus_improvisus,Arthropoda,2012,414,19.6,6,Pansch_C_Nasrolahi_A_Appelhans_YS_Wahl_M__2012__NA,ZOO_STUDY_0394,ZOO_ES_000706,ZOO_STUDY_0394__Amphibalanus_improvisus__Arthropoda__CO2414.00__T19.60__NC6,ZOO_COMMON_00680,-0.1679026836035329,0.22635828354088017,2.1018504109227045,2.5
Alter et al. 2024,"Parker, Ross, O'Connor",2010,NA,NA,Zooplankton,Meroplankton,Mollusca,Crassostrea gigas,pH,3,3,375,18,600,18,Abnormalities,positive,%,Development,22.01,4.95366531,36.02,4.451370575,-0.198,0.003,NA,NA,Yes,NA,NA,NA,,225,0,Parker_Ross_O_Connor,NA,Crassostrea_gigas,Mollusca,2010,375,18,3,Parker_Ross_O_Connor__2010__NA,ZOO_STUDY_0399,ZOO_ES_000747,ZOO_STUDY_0399__Crassostrea_gigas__Mollusca__CO2375.00__T18.00__NC3,ZOO_COMMON_00691,0.4925774442094397,0.021975362368857776,6.745776954677116,2.75
Alter et al. 2024,"Parker, Ross, O'Connor",2010,NA,NA,Zooplankton,Meroplankton,Mollusca,Crassostrea gigas,pH,3,3,375,18,750,18,Abnormalities,positive,%,Development,22.01,4.95366531,45.47,2.961806881,-0.358,0.0023,NA,NA,Yes,NA,NA,NA,,375,0,Parker_Ross_O_Connor,NA,Crassostrea_gigas,Mollusca,2010,375,18,3,Parker_Ross_O_Connor__2010__NA,ZOO_STUDY_0399,ZOO_ES_000748,ZOO_STUDY_0399__Crassostrea_gigas__Mollusca__CO2375.00__T18.00__NC3,ZOO_COMMON_00691,0.7255558722985488,0.018298949345758386,7.392424922498828,2.75
Alter et al. 2024,"Parker, Ross, O'Connor",2010,NA,NA,Zooplankton,Meroplankton,Mollusca,Crassostrea gigas,pH,3,3,375,18,1000,18,Abnormalities,positive,%,Development,22.01,4.95366531,60.06,2.979127389,-0.669,0.0032,NA,NA,Yes,NA,NA,NA,,625,0,Parker_Ross_O_Connor,NA,Crassostrea_gigas,Mollusca,2010,375,18,3,Parker_Ross_O_Connor__2010__NA,ZOO_STUDY_0399,ZOO_ES_000749,ZOO_STUDY_0399__Crassostrea_gigas__Mollusca__CO2375.00__T18.00__NC3,ZOO_COMMON_00691,1.0038471670168139,0.017704783519166833,7.515444804162245,2.75
Alter et al. 2024,"Parker, Ross, O'Connor",2010,NA,NA,Zooplankton,Meroplankton,Mollusca,Saccostrea glomerata,pH,3,3,375,18,600,18,Abnormalities,positive,%,Development,40.87,3.966396349,97.46,4.95366531,-3.148,1.2658,NA,NA,Yes,NA,NA,NA,,225,0,Parker_Ross_O_Connor,NA,Saccostrea_glomerata,Mollusca,2010,375,18,3,Parker_Ross_O_Connor__2010__NA,ZOO_STUDY_0399,ZOO_ES_000750,ZOO_STUDY_0399__Saccostrea_glomerata__Mollusca__CO2375.00__T18.00__NC3,ZOO_COMMON_00692,0.8690457398391742,0.004000659572674317,15.810084867076894,3.5
Alter et al. 2024,"Parker, Ross, O'Connor",2010,NA,NA,Zooplankton,Meroplankton,Mollusca,Saccostrea glomerata,pH,3,3,375,18,750,18,Abnormalities,positive,%,Development,40.87,3.966396349,98.05,4.451370575,-3.411,1.7363,NA,NA,Yes,NA,NA,NA,,375,0,Parker_Ross_O_Connor,NA,Saccostrea_glomerata,Mollusca,2010,375,18,3,Parker_Ross_O_Connor__2010__NA,ZOO_STUDY_0399,ZOO_ES_000751,ZOO_STUDY_0399__Saccostrea_glomerata__Mollusca__CO2375.00__T18.00__NC3,ZOO_COMMON_00692,0.8750812550661694,0.0038265313302724116,16.16580602059711,3.5
Alter et al. 2024,"Parker, Ross, O'Connor",2010,NA,NA,Zooplankton,Meroplankton,Mollusca,Saccostrea glomerata,pH,3,3,375,18,1000,18,Abnormalities,positive,%,Development,40.87,3.959468146,100,0,-4.08,0.0015,NA,NA,Yes,NA,NA,NA,,625,0,Parker_Ross_O_Connor,NA,Saccostrea_glomerata,Mollusca,2010,375,18,3,Parker_Ross_O_Connor__2010__NA,ZOO_STUDY_0399,ZOO_ES_000752,ZOO_STUDY_0399__Saccostrea_glomerata__Mollusca__CO2375.00__T18.00__NC3,ZOO_COMMON_00692,0.8947738884119055,0.0031285505509209195,17.87839020168746,3.5
Alter et al. 2024,"Pecorino D, Barker MF, Dworjanyn SA, Byrne M, Lamare MD",2014,NA,NA,Zooplankton,Meroplankton,Echinodermata,Centrostephanus rodgersii,pH,150,150,506,21,1109,21,Gastrulation,ambiguous,%,Development,79.55,59.89002421,72.44,87.07936036,-0.094,0.0134,NA,NA,Yes,NA,NA,NA,,603,0,Pecorino_D_Barker_MF_Dworjanyn_SA_Byrne_M_Lamare_MD,NA,Centrostephanus_rodgersii,Echinodermata,2014,506,21,150,Pecorino_D_Barker_MF_Dworjanyn_SA_Byrne_M_Lamare_MD__2014__NA,ZOO_STUDY_0411,ZOO_ES_000787,ZOO_STUDY_0411__Centrostephanus_rodgersii__Echinodermata__CO2506.00__T21.00__NC150,ZOO_COMMON_00709,-0.0936271217685833,0.01341211638375583,8.634781319816366,2.75
Alter et al. 2024,"Pecorino D, Barker MF, Dworjanyn SA, Byrne M, Lamare MD",2014,NA,NA,Zooplankton,Meroplankton,Echinodermata,Centrostephanus rodgersii,pH,150,150,468,14,1011,14,Gastrulation,ambiguous,%,Development,76.88,70.79025357,68.44,87.07936036,-0.116,0.0164,NA,NA,Yes,NA,NA,NA,,543,0,Pecorino_D_Barker_MF_Dworjanyn_SA_Byrne_M_Lamare_MD,NA,Centrostephanus_rodgersii,Echinodermata,2014,468,14,150,Pecorino_D_Barker_MF_Dworjanyn_SA_Byrne_M_Lamare_MD__2014__NA,ZOO_STUDY_0411,ZOO_ES_000788,ZOO_STUDY_0411__Centrostephanus_rodgersii__Echinodermata__CO2468.00__T14.00__NC150,ZOO_COMMON_00707,-0.1162883156380443,0.016444777446117387,7.798049718400198,2.75
Alter et al. 2024,"Pecorino D, Barker MF, Dworjanyn SA, Byrne M, Lamare MD",2014,NA,NA,Zooplankton,Meroplankton,Echinodermata,Centrostephanus rodgersii,pH,150,150,506,21,1825,21,Abnormalities,positive,%,Development,5.77,27.31181063,23.11,283.0385398,-0.203,0.0909,NA,NA,Yes,NA,NA,NA,,1319,0,Pecorino_D_Barker_MF_Dworjanyn_SA_Byrne_M_Lamare_MD,NA,Centrostephanus_rodgersii,Echinodermata,2014,506,21,150,Pecorino_D_Barker_MF_Dworjanyn_SA_Byrne_M_Lamare_MD__2014__NA,ZOO_STUDY_0411,ZOO_ES_000789,ZOO_STUDY_0411__Centrostephanus_rodgersii__Echinodermata__CO2506.00__T21.00__NC150,ZOO_COMMON_00709,1.3875933437662813,1.1493681837357272,0.932761075451692,2.5
Alter et al. 2024,"Pecorino D, Barker MF, Dworjanyn SA, Byrne M, Lamare MD",2014,NA,NA,Zooplankton,Meroplankton,Echinodermata,Centrostephanus rodgersii,pH,150,150,468,14,1652,14,Gastrulation,ambiguous,%,Development,76.88,70.79025357,59.11,87.07936036,-0.263,0.0201,NA,NA,Yes,NA,NA,NA,,1184,0,Pecorino_D_Barker_MF_Dworjanyn_SA_Byrne_M_Lamare_MD,NA,Centrostephanus_rodgersii,Echinodermata,2014,468,14,150,Pecorino_D_Barker_MF_Dworjanyn_SA_Byrne_M_Lamare_MD__2014__NA,ZOO_STUDY_0411,ZOO_ES_000791,ZOO_STUDY_0411__Centrostephanus_rodgersii__Echinodermata__CO2468.00__T14.00__NC150,ZOO_COMMON_00707,-0.2628456498257589,0.02012064104676679,7.049837285898424,2.75
Alter et al. 2024,"Pecorino D, Barker MF, Dworjanyn SA, Byrne M, Lamare MD",2014,NA,NA,Zooplankton,Meroplankton,Echinodermata,Centrostephanus rodgersii,pH,150,150,506,21,1825,21,Gastrulation,ambiguous,%,Development,79.55,59.89002421,58.22,114.2686965,-0.312,0.0295,NA,NA,Yes,NA,NA,NA,,1319,0,Pecorino_D_Barker_MF_Dworjanyn_SA_Byrne_M_Lamare_MD,NA,Centrostephanus_rodgersii,Echinodermata,2014,506,21,150,Pecorino_D_Barker_MF_Dworjanyn_SA_Byrne_M_Lamare_MD__2014__NA,ZOO_STUDY_0411,ZOO_ES_000792,ZOO_STUDY_0411__Centrostephanus_rodgersii__Echinodermata__CO2506.00__T21.00__NC150,ZOO_COMMON_00709,-0.31215681646631877,0.02946006718292139,5.826169744137543,2.75
Alter et al. 2024,"Pitts KA, Campbell JE, Figueiredo J, Fogarty ND",2020,NA,NA,Zooplankton,Meroplankton,Cnidaria,Orbicella faveolata,pH,3,3,419,28.3,641,28.3,settlement,positive,%,Development,18.3,1.212435565,7.51,1.177794549,-0.891,0.0097,NA,NA,Yes,NA,NA,NA,,222,0,Pitts_KA_Campbell_JE_Figueiredo_J_Fogarty_ND,NA,Orbicella_faveolata,Cnidaria,2020,419,28.3,3,Pitts_KA_Campbell_JE_Figueiredo_J_Fogarty_ND__2020__NA,ZOO_STUDY_0422,ZOO_ES_000845,ZOO_STUDY_0422__Orbicella_faveolata__Cnidaria__CO2419.00__T28.30__NC3,ZOO_COMMON_00729,-0.890665594071332,0.009661734031116326,10.173548527266462,3.5
Alter et al. 2024,"Rosa R, Trübenbach K, Pimentel MS, Boavida-Portugal J, Faleiro F, Baptista M, Dionisio G, Calado R, Pörtner HO, Repolho T",2014,NA,NA,Zooplankton,Meroplankton,Mollusca,Loligo vulgaris,pH,45,45,433,13.2,1682,13.2,Abnormalities,positive,%,Development,6.83,2.482035455,6.36,42.66417701,0.005,0.0046,NA,NA,Yes,NA,NA,NA,,1249,0,Rosa_R_Tr_benbach_K_Pimentel_MS_Boavida_Portugal_J_Faleiro_F_Baptista_M_Dionisio_G_Calado_R_P_rtner_HO_Repolho_T,NA,Loligo_vulgaris,Mollusca,2014,433,13.2,45,Rosa_R_Tr_benbach_K_Pimentel_MS_Boavida_Portugal_J_Faleiro_F_Baptista_M_Dionisio_G_Calado_R_P_rtner_HO_Repolho_T__2014__NA,ZOO_STUDY_0441,ZOO_ES_000899,ZOO_STUDY_0441__Loligo_vulgaris__Mollusca__CO2433.00__T13.20__NC45,ZOO_COMMON_00759,-0.0712962962306679,1.002934688673801,0.9985358774340869,2.5
Alter et al. 2024,"Rosa R, Trübenbach K, Pimentel MS, Boavida-Portugal J, Faleiro F, Baptista M, Dionisio G, Calado R, Pörtner HO, Repolho T",2014,NA,NA,Zooplankton,Meroplankton,Mollusca,Loligo vulgaris,pH,45,45,433,13.2,1682,13.2,development time,ambiguous,days,Development,27.12,1.073312629,36.76,1.677050983,0.304,1e-4,NA,NA,Yes,NA,NA,NA,,1249,0,Rosa_R_Tr_benbach_K_Pimentel_MS_Boavida_Portugal_J_Faleiro_F_Baptista_M_Dionisio_G_Calado_R_P_rtner_HO_Repolho_T,NA,Loligo_vulgaris,Mollusca,2014,433,13.2,45,Rosa_R_Tr_benbach_K_Pimentel_MS_Boavida_Portugal_J_Faleiro_F_Baptista_M_Dionisio_G_Calado_R_P_rtner_HO_Repolho_T__2014__NA,ZOO_STUDY_0441,ZOO_ES_000920,ZOO_STUDY_0441__Loligo_vulgaris__Mollusca__CO2433.00__T13.20__NC45,ZOO_COMMON_00759,0.3041388344152914,8.105835895438283e-5,111.07110600931435,4.25
Alter et al. 2024,"Rosa R, Trübenbach K, Pimentel MS, Boavida-Portugal J, Faleiro F, Baptista M, Dionisio G, Calado R, Pörtner HO, Repolho T",2014,NA,NA,Zooplankton,Meroplankton,Mollusca,Loligo vulgaris,pH,45,45,433,13.2,1682,13.2,Abnormalities,positive,%,Development,7.92,2.01246118,8.69,58.29429217,-0.008,0.0091,NA,NA,Yes,NA,NA,NA,,1249,0,Rosa_R_Tr_benbach_K_Pimentel_MS_Boavida_Portugal_J_Faleiro_F_Baptista_M_Dionisio_G_Calado_R_P_rtner_HO_Repolho_T,NA,Loligo_vulgaris,Mollusca,2014,433,13.2,45,Rosa_R_Tr_benbach_K_Pimentel_MS_Boavida_Portugal_J_Faleiro_F_Baptista_M_Dionisio_G_Calado_R_P_rtner_HO_Repolho_T__2014__NA,ZOO_STUDY_0441,ZOO_ES_000921,ZOO_STUDY_0441__Loligo_vulgaris__Mollusca__CO2433.00__T13.20__NC45,ZOO_COMMON_00759,0.09278173345096608,1.001434802454204,0.9992833698477839,2.5
Alter et al. 2024,"Schutter M, Nozawa Y, Kurihara H",2015,NA,NA,Zooplankton,Meroplankton,Cnidaria,Acropora hyacinthus,pH,5,5,478,27,1034,27,abnormalities,positive,%,Development,11.27,6.372793736,8.09,18.08978994,0.035,0.0088,NA,NA,Yes,NA,NA,NA,,556,0,Schutter_M_Nozawa_Y_Kurihara_H,NA,Acropora_hyacinthus,Cnidaria,2015,478,27,5,Schutter_M_Nozawa_Y_Kurihara_H__2015__NA,ZOO_STUDY_0460,ZOO_ES_000936,ZOO_STUDY_0460__Acropora_hyacinthus__Cnidaria__CO2478.00__T27.00__NC5,ZOO_COMMON_00797,-0.33151559698128463,1.0639501974112875,0.9694811074014479,2.5
Alter et al. 2024,"Schutter M, Nozawa Y, Kurihara H",2015,NA,NA,Zooplankton,Meroplankton,Cnidaria,Platygyra contorta,pH,5,5,550,27,1021,27,abnormalities,positive,%,Development,3.68,1.229837388,1.72,3.846036921,0.02,3e-4,NA,NA,Yes,NA,NA,NA,,471,0,Schutter_M_Nozawa_Y_Kurihara_H,NA,Platygyra_contorta,Cnidaria,2015,550,27,5,Schutter_M_Nozawa_Y_Kurihara_H__2015__NA,ZOO_STUDY_0460,ZOO_ES_000937,ZOO_STUDY_0460__Platygyra_contorta__Cnidaria__CO2550.00__T27.00__NC5,ZOO_COMMON_00798,-0.760588461355478,1.022337251748169,0.9890150652782324,2.5
Alter et al. 2024,"Schutter M, Nozawa Y, Kurihara H",2015,NA,NA,Zooplankton,Meroplankton,Cnidaria,Acropora hyacinthus,pH,5,5,404,27,934,27,abnormalities,positive,%,Development,8.09,4.405053916,6.62,14.80277001,0.016,0.0055,NA,NA,Yes,NA,NA,NA,,530,0,Schutter_M_Nozawa_Y_Kurihara_H,NA,Acropora_hyacinthus,Cnidaria,2015,404,27,5,Schutter_M_Nozawa_Y_Kurihara_H__2015__NA,ZOO_STUDY_0460,ZOO_ES_000938,ZOO_STUDY_0460__Acropora_hyacinthus__Cnidaria__CO2404.00__T27.00__NC5,ZOO_COMMON_00796,-0.20053336112148343,1.0592973667883538,0.9716079364957693,2.5
Alter et al. 2024,"Sheppard Brennand H, Soars N, Dworjanyn SA, Davis AR, Byrne M",2010,NA,NA,Zooplankton,Meroplankton,Echinodermata,Tripneustes gratilla,pH,35,35,448,23.5,1886,23.5,Arm asymmetry,negative,µm,Development,7.3,6.803491751,7.42,6.448526964,-0.017,0.0465,NA,NA,Yes,NA,NA,NA,,1438,0,Sheppard_Brennand_H_Soars_N_Dworjanyn_SA_Davis_AR_Byrne_M,NA,Tripneustes_gratilla,Echinodermata,2010,448,23.5,35,Sheppard_Brennand_H_Soars_N_Dworjanyn_SA_Davis_AR_Byrne_M__2010__NA,ZOO_STUDY_0466,ZOO_ES_000947,ZOO_STUDY_0466__Tripneustes_gratilla__Echinodermata__CO2448.00__T23.50__NC35,ZOO_COMMON_00808,0.01630470902494357,0.046396728041505346,4.642547145044478,2
Alter et al. 2024,"Sheppard Brennand H, Soars N, Dworjanyn SA, Davis AR, Byrne M",2010,NA,NA,Zooplankton,Meroplankton,Echinodermata,Tripneustes gratilla,pH,35,35,448,23.5,1142,23.5,Arm asymmetry,negative,µm,Development,7.3,6.803491751,9.28,6.803491751,-0.241,0.0403,NA,NA,Yes,NA,NA,NA,,694,0,Sheppard_Brennand_H_Soars_N_Dworjanyn_SA_Davis_AR_Byrne_M,NA,Tripneustes_gratilla,Echinodermata,2010,448,23.5,35,Sheppard_Brennand_H_Soars_N_Dworjanyn_SA_Davis_AR_Byrne_M__2010__NA,ZOO_STUDY_0466,ZOO_ES_000948,ZOO_STUDY_0466__Tripneustes_gratilla__Echinodermata__CO2448.00__T23.50__NC35,ZOO_COMMON_00808,0.23998719864376367,0.040173803489512425,4.9891725538056235,2
Alter et al. 2024,"Sparks, Foo, Uthicke, Byrne, Lamare",2017,NA,NA,Zooplankton,Meroplankton,Echinodermata,Acanthaster planci,pH,75,75,491,28,902,27,Gastrulation,ambiguous,%,Development,69.86531987,1.185803587,64.30976431,2.54656179,-0.083,0,NA,NA,Yes,NA,NA,NA,,411,-1,Sparks_Foo_Uthicke_Byrne_Lamare,NA,Acanthaster_planci,Echinodermata,2017,491,28,75,Sparks_Foo_Uthicke_Byrne_Lamare__2017__NA,ZOO_STUDY_0476,ZOO_ES_000962,ZOO_STUDY_0476__Acanthaster_planci__Echinodermata__CO2491.00__T28.00__NC75,ZOO_COMMON_00824,-0.08285791168744593,2.4748048236667608e-5,201.0154891608542,4.25
Alter et al. 2024,"Visconti G, Gianguzza F, Butera E, Costa V, Vizzini S, Byrne M, Gianguzza P",2017,NA,NA,Zooplankton,Meroplankton,Echinodermata,Arbacia lixula,pH,25,25,418,20.3,921,20.2,Asymmetry,negative,µm,Development,17.86,24.15,22.38,14.8,-0.226,0.0908,NA,NA,Yes,NA,NA,NA,,503,-0.10000000000000142,Visconti_G_Gianguzza_F_Butera_E_Costa_V_Vizzini_S_Byrne_M_Gianguzza_P,NA,Arbacia_lixula,Echinodermata,2017,418,20.3,25,Visconti_G_Gianguzza_F_Butera_E_Costa_V_Vizzini_S_Byrne_M_Gianguzza_P__2017__NA,ZOO_STUDY_0526,ZOO_ES_001029,ZOO_STUDY_0526__Arbacia_lixula__Echinodermata__CO2418.00__T20.30__NC25,ZOO_COMMON_00916,0.22560412743542624,0.09062898317362679,3.3217461958242955,2
Alter et al. 2024,"Walther K, Anger K, Pörtner HO",2010,NA,NA,Zooplankton,Meroplankton,Arthropoda,Hyas araneus,pH,279,279,354,3,2378,3,Developmental period zoea 2,ambiguous,days,Development,59.17,25.05493963,68.94,25.22197256,0.153,0.0011,NA,NA,Yes,NA,NA,NA,,2024,0,Walther_K_Anger_K_P_rtner_HO,NA,Hyas_araneus,Arthropoda,2010,354,3,279,Walther_K_Anger_K_P_rtner_HO__2010__NA,ZOO_STUDY_0532,ZOO_ES_001046,ZOO_STUDY_0532__Hyas_araneus__Arthropoda__CO2354.00__T3.00__NC279,ZOO_COMMON_00934,0.15282190440011656,0.0011224031740840134,29.848709337173325,4.25
Alter et al. 2024,"Walther K, Anger K, Pörtner HO",2010,NA,NA,Zooplankton,Meroplankton,Arthropoda,Hyas araneus,pH,279,279,354,3,754,3,Developmental period zoea 2,ambiguous,days,Development,59.17,25.05493963,62.93,25.05493963,0.062,0.0012,NA,NA,Yes,NA,NA,NA,,400,0,Walther_K_Anger_K_P_rtner_HO,NA,Hyas_araneus,Arthropoda,2010,354,3,279,Walther_K_Anger_K_P_rtner_HO__2010__NA,ZOO_STUDY_0532,ZOO_ES_001047,ZOO_STUDY_0532__Hyas_araneus__Arthropoda__CO2354.00__T3.00__NC279,ZOO_COMMON_00934,0.06160834085023956,0.0012108124926770445,28.738331718197475,4.25
Alter et al. 2024,"Walther K, Anger K, Pörtner HO",2010,NA,NA,Zooplankton,Meroplankton,Arthropoda,Hyas araneus,pH,279,279,354,3,2378,3,Developmental period zoea 2,ambiguous,days,Development,72.33,112.9142613,75.33,125.608764,0.041,0.0187,NA,NA,Yes,NA,NA,NA,,2024,0,Walther_K_Anger_K_P_rtner_HO,NA,Hyas_araneus,Arthropoda,2010,354,3,279,Walther_K_Anger_K_P_rtner_HO__2010__NA,ZOO_STUDY_0532,ZOO_ES_001048,ZOO_STUDY_0532__Hyas_araneus__Arthropoda__CO2354.00__T3.00__NC279,ZOO_COMMON_00934,0.04063948097641389,0.018700385298846003,7.312648905959235,2.75
Alter et al. 2024,"Walther K, Anger K, Pörtner HO",2010,NA,NA,Zooplankton,Meroplankton,Arthropoda,Hyas araneus,pH,279,279,354,3,754,3,Developmental period zoea 2,ambiguous,days,Development,72.33,112.9142613,73.08,81.51207027,0.01,0.0132,NA,NA,Yes,NA,NA,NA,,400,0,Walther_K_Anger_K_P_rtner_HO,NA,Hyas_araneus,Arthropoda,2010,354,3,279,Walther_K_Anger_K_P_rtner_HO__2010__NA,ZOO_STUDY_0532,ZOO_ES_001049,ZOO_STUDY_0532__Hyas_araneus__Arthropoda__CO2354.00__T3.00__NC279,ZOO_COMMON_00934,0.010315750648616685,0.013193922627022587,8.705887154400388,2.75
Alter et al. 2024,"Watson SA, Bridie J. M. Allan, David E. McQueen, Simon Nicol, Darren M. Parsons, Stephen M. J. Pether, Stephen Pope, Alvin N. Setiawan, Neville Smith, Carly Wilson, Philip L. Munday",2018,NA,NA,Zooplankton,Meroplankton,Fish larvae,Seriola lalandi,pH,180,180,462,21.1,960,21.1,Yolk area at 1 dph,ambiguous,mm2,Development,0.136,0.013416408,0.136,0.013416408,0,1e-4,NA,NA,Yes,NA,NA,NA,,498,0,Watson_SA_Bridie_J_M_Allan_David_E_McQueen_Simon_Nicol_Darren_M_Parsons_Stephen_M_J_Pether_Stephen_Pope_Alvin_N_Setiawan_Neville_Smith_Carly_Wilson_Philip_L_Munday,NA,Seriola_lalandi,Fish_larvae,2018,462,21.1,180,Watson_SA_Bridie_J_M_Allan_David_E_McQueen_Simon_Nicol_Darren_M_Parsons_Stephen_M_J_Pether_Stephen_Pope_Alvin_N_Setiawan_Neville_Smith_Carly_Wilson_Philip_L_Munday__2018__NA,ZOO_STUDY_0538,ZOO_ES_001060,ZOO_STUDY_0538__Seriola_lalandi__Fish_larvae__CO2462.00__T21.10__NC180,ZOO_COMMON_00940,0,1.0813149006539792e-4,96.16652127370448,4.25
Alter et al. 2024,"Zakroff CJ, Mooney TA",2020,NA,NA,Zooplankton,Meroplankton,Mollusca,Doryteuthis pealeii,pH,3,3,387,19.5,2687,19.5,Time to 50% hatching,ambiguous,days,Development,15.8,0.173205081,17.7,0.866025404,0.114,8e-4,NA,NA,Yes,NA,NA,NA,,2300,0,Zakroff_CJ_Mooney_TA,NA,Doryteuthis_pealeii,Mollusca,2020,387,19.5,3,Zakroff_CJ_Mooney_TA__2020__NA,ZOO_STUDY_0556,ZOO_ES_001072,ZOO_STUDY_0556__Doryteuthis_pealeii__Mollusca__CO2387.00__T19.50__NC3,ZOO_COMMON_00968,0.11355469954686231,8.380403833083821e-4,34.54359447297016,4.25
Alter et al. 2024,"Zakroff CJ, Mooney TA",2020,NA,NA,Zooplankton,Meroplankton,Mollusca,Doryteuthis pealeii,pH,3,3,387,19.5,1908,19.5,Time to 50% hatching,ambiguous,days,Development,15.8,0.173205081,16.7,0.519615242,0.055,4e-4,NA,NA,Yes,NA,NA,NA,,1521,0,Zakroff_CJ_Mooney_TA,NA,Doryteuthis_pealeii,Mollusca,2020,387,19.5,3,Zakroff_CJ_Mooney_TA__2020__NA,ZOO_STUDY_0556,ZOO_ES_001073,ZOO_STUDY_0556__Doryteuthis_pealeii__Mollusca__CO2387.00__T19.50__NC3,ZOO_COMMON_00968,0.05539877938978817,3.627655604977286e-4,52.50334519649789,4.25
Alter et al. 2024,"Zakroff CJ, Mooney TA",2020,NA,NA,Zooplankton,Meroplankton,Mollusca,Doryteuthis pealeii,pH,10,10,387,19.5,2687,19.5,Yolk-sac volume,ambiguous,mm3,Development,0.03,0.031622777,0.02,0.031622777,-0.174,0.5569,NA,NA,Yes,NA,NA,NA,,2300,0,Zakroff_CJ_Mooney_TA,NA,Doryteuthis_pealeii,Mollusca,2020,387,19.5,10,Zakroff_CJ_Mooney_TA__2020__NA,ZOO_STUDY_0556,ZOO_ES_001085,ZOO_STUDY_0556__Doryteuthis_pealeii__Mollusca__CO2387.00__T19.50__NC10,ZOO_COMMON_00967,-0.4054651081081643,0.36111112020812436,1.6641005677149021,2.5
Alter et al. 2024,"Zakroff CJ, Mooney TA",2020,NA,NA,Zooplankton,Meroplankton,Mollusca,Doryteuthis pealeii,pH,10,10,387,19.5,1908,19.5,Yolk-sac volume,ambiguous,mm3,Development,0.03,0.031622777,0.02,0.031622777,-0.329,0.4804,NA,NA,Yes,NA,NA,NA,,1521,0,Zakroff_CJ_Mooney_TA,NA,Doryteuthis_pealeii,Mollusca,2020,387,19.5,10,Zakroff_CJ_Mooney_TA__2020__NA,ZOO_STUDY_0556,ZOO_ES_001086,ZOO_STUDY_0556__Doryteuthis_pealeii__Mollusca__CO2387.00__T19.50__NC10,ZOO_COMMON_00967,-0.4054651081081643,0.36111112020812436,1.6641005677149021,2.5
Jian et al. 2025,"Mayo,J. A., et al., 2023",2023,Simultaneous warming and acidificationlimit population fitness and revealphenotype costs for a marine copepod,https://royalsocietypublishing.org/doi/10.1098/rspb.2023.1033,Zooplankton,Holoplankton,Calanoid copepod,Acartia hudsonica,pH,3,3,400,NA,1000,NA,Development,ambiguous,NA,Development,20.2244898,1.026239067,19.66472303,0.373177843,-0.0281,9.78e-4,Figure 2,NA,Yes,NA,NA,NA,,600,NA,Mayo_J_A_et_al_2023,Simultaneous_warming_and_acidificationlimit_population_fitness_and_revealphenotype_costs_for_a_marine_copepod,Acartia_hudsonica,Calanoid_copepod,2023,400,NA,3,Mayo_J_A_et_al_2023__2023__Simultaneous_warming_and_acidificationlimit_population_fitness_and_revealphenotype_costs_for_a_marine_copepod,ZOO_STUDY_0340,ZOO_ES_001827,ZOO_STUDY_0340__Acartia_hudsonica__Calanoid_copepod__CO2400.00__TNA__NC3,ZOO_COMMON_00594,-0.028067915050524563,9.78306008223565e-4,31.97147255424526,4.25
Jian et al. 2025,"Mayo,J. A., et al., 2023",2023,Simultaneous warming and acidificationlimit population fitness and revealphenotype costs for a marine copepod,https://royalsocietypublishing.org/doi/10.1098/rspb.2023.1033,Zooplankton,Holoplankton,Calanoid copepod,Acartia hudsonica,pH,3,3,400,NA,1000,NA,Development,ambiguous,NA,Development,21.85714286,0.793002915,20.31778426,0.699708455,-0.073,8.34e-4,Figure 2,NA,Yes,NA,NA,NA,,600,NA,Mayo_J_A_et_al_2023,Simultaneous_warming_and_acidificationlimit_population_fitness_and_revealphenotype_costs_for_a_marine_copepod,Acartia_hudsonica,Calanoid_copepod,2023,400,NA,3,Mayo_J_A_et_al_2023__2023__Simultaneous_warming_and_acidificationlimit_population_fitness_and_revealphenotype_costs_for_a_marine_copepod,ZOO_STUDY_0340,ZOO_ES_001828,ZOO_STUDY_0340__Acartia_hudsonica__Calanoid_copepod__CO2400.00__TNA__NC3,ZOO_COMMON_00594,-0.07303119802594094,8.341051325998661e-4,34.62498573903843,4.25
Leung et al. 2022,"Andersen et al., 2013. Biogeosciences",NA,NA,NA,Zooplankton,Meroplankton,Bivalve larvae,Pecten maximus,pH,4,4,469,15.6,807,15.6,Normal hinge,positive,NA,Development,97,1.5,88,1.5,-0.09737416402517636,0.00223,NA,must be 477,Yes,NA,NA,NA,,338,0,Andersen_et_al_2013_Biogeosciences,NA,Pecten_maximus,Bivalve_larvae,NA,469,15.6,4,Andersen_et_al_2013_Biogeosciences__NA__NA,ZOO_STUDY_0019,ZOO_ES_002269,ZOO_STUDY_0019__Pecten_maximus__Bivalve_larvae__CO2469.00__T15.60__NC4,ZOO_COMMON_00027,-0.09737416402517636,1.324200664762681e-4,86.90066487071643,4.25
Leung et al. 2022,"Andersen et al., 2013. Biogeosciences",NA,NA,NA,Zooplankton,Meroplankton,Bivalve larvae,Pecten maximus,pH,4,4,469,15.6,1164,15.6,Normal hinge,positive,NA,Development,97,1.5,68,9.75,-0.3552032733272762,0.00393,NA,NA,Yes,NA,NA,NA,,695,0,Andersen_et_al_2013_Biogeosciences,NA,Pecten_maximus,Bivalve_larvae,NA,469,15.6,4,Andersen_et_al_2013_Biogeosciences__NA__NA,ZOO_STUDY_0019,ZOO_ES_002270,ZOO_STUDY_0019__Pecten_maximus__Bivalve_larvae__CO2469.00__T15.60__NC4,ZOO_COMMON_00027,-0.3552032733272762,0.0051994079700480025,13.868294394031826,3.5
Leung et al. 2022,"Barros et al., 2013. J Exp Mar Biol Ecol",NA,NA,NA,Zooplankton,Meroplankton,Bivalve larvae,Crassostrea gigas,pH,3,3,580,17.88,3573,17.88,Abnormality,negative,NA,Development,17,14.722431864335457,69,6.928203230275509,1.4008931605410433,0.00252,NA,NA,Yes,NA,NA,NA,,2993,0,Barros_et_al_2013_J_Exp_Mar_Biol_Ecol,NA,Crassostrea_gigas,Bivalve_larvae,NA,580,17.88,3,Barros_et_al_2013_J_Exp_Mar_Biol_Ecol__NA__NA,ZOO_STUDY_0032,ZOO_ES_002284,ZOO_STUDY_0032__Crassostrea_gigas__Bivalve_larvae__CO2580.00__T17.88__NC3,ZOO_COMMON_00047,1.4008931605410433,0.25336063852131907,1.9866914720663968,2.5
Leung et al. 2022,"Barros et al., 2013. J Exp Mar Biol Ecol",NA,NA,NA,Zooplankton,Meroplankton,Bivalve larvae,Crassostrea gigas,pH,3,3,580,17.88,1386,17.88,Abnormality,negative,NA,Development,17,14.722431864335457,53.5,20.784609690826528,1.1464683098457447,0.0011,NA,NA,Yes,NA,NA,NA,,806,0,Barros_et_al_2013_J_Exp_Mar_Biol_Ecol,NA,Crassostrea_gigas,Bivalve_larvae,NA,580,17.88,3,Barros_et_al_2013_J_Exp_Mar_Biol_Ecol__NA__NA,ZOO_STUDY_0032,ZOO_ES_002285,ZOO_STUDY_0032__Crassostrea_gigas__Bivalve_larvae__CO2580.00__T17.88__NC3,ZOO_COMMON_00047,1.1464683098457447,0.300310070748537,1.8247990738712725,2.5
Leung et al. 2022,"Boulais et al., 2017. Sci Rep",NA,NA,NA,Zooplankton,Meroplankton,Bivalve larvae,Crassostrea virginica,pH,3,3,784,21,2260,21.2,D-larval yield,ambiguous,NA,Development,78,3,70,6,-0.10821358464023272,0.00228,NA,NA,Yes,NA,NA,NA,,1476,0.1999999999999993,Boulais_et_al_2017_Sci_Rep,NA,Crassostrea_virginica,Bivalve_larvae,NA,784,21,3,Boulais_et_al_2017_Sci_Rep__NA__NA,ZOO_STUDY_0043,ZOO_ES_002293,ZOO_STUDY_0043__Crassostrea_virginica__Bivalve_larvae__CO2784.00__T21.00__NC3,ZOO_COMMON_00062,-0.10821358464023272,0.0029420762387795353,18.436269107582383,3.5
Leung et al. 2022,"Brennand et al., 2010. Plos One",NA,NA,NA,Zooplankton,Meroplankton,Urchin larvae,Tripneustes gratilla,pH,3,3,448,24,1142,24,Arm asymmetry,negative,NA,Development,7.2,2.25166604983954,9.2,2.25166604983954,0.2451224580329849,0.00373,NA,NA,Yes,NA,NA,NA,,694,0,Brennand_et_al_2010_Plos_One,NA,Tripneustes_gratilla,Urchin_larvae,NA,448,24,3,Brennand_et_al_2010_Plos_One__NA__NA,ZOO_STUDY_0046,ZOO_ES_002299,ZOO_STUDY_0046__Tripneustes_gratilla__Urchin_larvae__CO2448.00__T24.00__NC3,ZOO_COMMON_00067,0.2451224580329849,0.052567227356531056,4.36156615942663,2
Leung et al. 2022,"Brennand et al., 2010. Plos One",NA,NA,NA,Zooplankton,Meroplankton,Urchin larvae,Tripneustes gratilla,pH,3,3,448,24,1886,24,Arm asymmetry,negative,NA,Development,7.2,2.25166604983954,7.4,2.25166604983954,0.02739897418811456,0.016,NA,NA,Yes,NA,NA,NA,,1438,0,Brennand_et_al_2010_Plos_One,NA,Tripneustes_gratilla,Urchin_larvae,NA,448,24,3,Brennand_et_al_2010_Plos_One__NA__NA,ZOO_STUDY_0046,ZOO_ES_002300,ZOO_STUDY_0046__Tripneustes_gratilla__Urchin_larvae__CO2448.00__T24.00__NC3,ZOO_COMMON_00067,0.02739897418811456,0.06346225166608047,3.9695590019581215,2
Leung et al. 2022,"Brennand et al., 2010. Plos One",NA,NA,NA,Zooplankton,Meroplankton,Urchin larvae,Tripneustes gratilla,pH,3,3,448,24,1142,24,Normal larvae,positive,NA,Development,79,8.660254037844386,75,8.660254037844386,-0.051959738930711104,0.00254,NA,NA,Yes,NA,NA,NA,,694,0,Brennand_et_al_2010_Plos_One,NA,Tripneustes_gratilla,Urchin_larvae,NA,448,24,3,Brennand_et_al_2010_Plos_One__NA__NA,ZOO_STUDY_0046,ZOO_ES_002306,ZOO_STUDY_0046__Tripneustes_gratilla__Urchin_larvae__CO2448.00__T24.00__NC3,ZOO_COMMON_00067,-0.051959738930711104,0.008450212750805604,10.878428918849332,3.5
Leung et al. 2022,"Brennand et al., 2010. Plos One",NA,NA,NA,Zooplankton,Meroplankton,Urchin larvae,Tripneustes gratilla,pH,3,3,448,24,1886,24,Normal larvae,positive,NA,Development,79,8.660254037844386,62,8.660254037844386,-0.24231346742193,0.00427,NA,NA,Yes,NA,NA,NA,,1438,0,Brennand_et_al_2010_Plos_One,NA,Tripneustes_gratilla,Urchin_larvae,NA,448,24,3,Brennand_et_al_2010_Plos_One__NA__NA,ZOO_STUDY_0046,ZOO_ES_002310,ZOO_STUDY_0046__Tripneustes_gratilla__Urchin_larvae__CO2448.00__T24.00__NC3,ZOO_COMMON_00067,-0.24231346742193,0.010509410345903303,9.754630544261133,3.5
Leung et al. 2022,Byrne et al. 2009. Proc R Soc B,NA,NA,NA,Zooplankton,Meroplankton,Urchin larvae,Heliocidaris erythrogramma,pH,5,5,372.4,20,1043.3,20,Gastrulation,ambiguous,NA,Development,83,3.3541019662496847,82,6.708203932499369,-0.01212136053234485,4.68e-4,NA,NA,Yes,NA,NA,NA,,670.9,0,Byrne_et_al_2009_Proc_R_Soc_B,NA,Heliocidaris_erythrogramma,Urchin_larvae,NA,372.4,20,5,Byrne_et_al_2009_Proc_R_Soc_B__NA__NA,ZOO_STUDY_0058,ZOO_ES_002323,ZOO_STUDY_0058__Heliocidaris_erythrogramma__Urchin_larvae__CO2372.40__T20.00__NC5,ZOO_COMMON_00087,-0.01212136053234485,0.0016650966300067642,24.506442951658155,3.5
Leung et al. 2022,Byrne et al. 2009. Proc R Soc B,NA,NA,NA,Zooplankton,Meroplankton,Urchin larvae,Heliocidaris erythrogramma,pH,5,5,372.4,20,851.1,20,Gastrulation,ambiguous,NA,Development,83,3.3541019662496847,80,7.826237921249264,-0.036813973122716316,2.66e-4,NA,NA,Yes,NA,NA,NA,,478.70000000000005,0,Byrne_et_al_2009_Proc_R_Soc_B,NA,Heliocidaris_erythrogramma,Urchin_larvae,NA,372.4,20,5,Byrne_et_al_2009_Proc_R_Soc_B__NA__NA,ZOO_STUDY_0058,ZOO_ES_002324,ZOO_STUDY_0058__Heliocidaris_erythrogramma__Urchin_larvae__CO2372.40__T20.00__NC5,ZOO_COMMON_00087,-0.036813973122716316,0.00224067013536072,21.12569654285643,3.5
Leung et al. 2022,"Catarino et al., 2012. Polar Biol",NA,Sea urchin Arbacia dufresnei (Blainville 1825) larvae response to ocean acidification,https://www.researchgate.net/publication/257396213_Sea_urchin_Arbacia_dufresnei_Blainville_1825_larvae_response_to_ocean_acidification?utm_source=chatgpt.com,Zooplankton,Meroplankton,Urchin larvae,Arbacia dufresnei,pH,200,300,722,8.5,2062,8.5,Abnormal larvae,negative,NA,Development,26,7.1,35,16,0.2972515234679317,4.8e-4,NA,NA,Yes,NA,NA,NA,,1340,0,Catarino_et_al_2012_Polar_Biol,Sea_urchin_Arbacia_dufresnei_Blainville_1825_larvae_response_to_ocean_acidification,Arbacia_dufresnei,Urchin_larvae,NA,722,8.5,200,Catarino_et_al_2012_Polar_Biol__NA__Sea_urchin_Arbacia_dufresnei_Blainville_1825_larvae_response_to_ocean_acidification,ZOO_STUDY_0074,ZOO_ES_002338,ZOO_STUDY_0074__Arbacia_dufresnei__Urchin_larvae__CO2722.00__T8.50__NC200,ZOO_COMMON_00117,0.2972515234679317,0.0010694536690415812,30.578699606767184,4.25
Leung et al. 2022,"Catarino et al., 2012. Polar Biol",NA,NA,NA,Zooplankton,Meroplankton,Urchin larvae,Arbacia dufresnei,pH,200,300,722,8.5,1255,8.5,Abnormal larvae,negative,NA,Development,26,7.1,29,5.2,0.109199291964992,3.34e-5,NA,NA,Yes,NA,NA,NA,,533,0,Catarino_et_al_2012_Polar_Biol,NA,Arbacia_dufresnei,Urchin_larvae,NA,722,8.5,200,Catarino_et_al_2012_Polar_Biol__NA__NA,ZOO_STUDY_0073,ZOO_ES_002339,ZOO_STUDY_0073__Arbacia_dufresnei__Urchin_larvae__CO2722.00__T8.50__NC200,ZOO_COMMON_00115,0.109199291964992,4.800290287930917e-4,45.64216633691851,4.25
Leung et al. 2022,"Catarino et al., 2012. Polar Biol",NA,Sea urchin Arbacia dufresnei (Blainville 1825) larvae response to ocean acidification,https://www.researchgate.net/publication/257396213_Sea_urchin_Arbacia_dufresnei_Blainville_1825_larvae_response_to_ocean_acidification?utm_source=chatgpt.com,Zooplankton,Meroplankton,Urchin larvae,Arbacia dufresnei,pH,200,300,722,8.5,1255,8.5,Pluteus larvae,ambiguous,NA,Development,66,3.5,46,3.5,-0.3610133455373305,0.00107,NA,NA,Yes,NA,NA,NA,,533,0,Catarino_et_al_2012_Polar_Biol,Sea_urchin_Arbacia_dufresnei_Blainville_1825_larvae_response_to_ocean_acidification,Arbacia_dufresnei,Urchin_larvae,NA,722,8.5,200,Catarino_et_al_2012_Polar_Biol__NA__Sea_urchin_Arbacia_dufresnei_Blainville_1825_larvae_response_to_ocean_acidification,ZOO_STUDY_0074,ZOO_ES_002342,ZOO_STUDY_0074__Arbacia_dufresnei__Urchin_larvae__CO2722.00__T8.50__NC200,ZOO_COMMON_00117,-0.3610133455373305,3.335848170656557e-5,173.13978031381473,4.25
Leung et al. 2022,"Catarino et al., 2012. Polar Biol",NA,NA,NA,Zooplankton,Meroplankton,Urchin larvae,Arbacia dufresnei,pH,200,300,722,8.5,2062,8.5,Pluteus larvae,ambiguous,NA,Development,66,3.5,44,12.7,-0.40546510810816444,2.92e-4,NA,NA,Yes,NA,NA,NA,,1340,0,Catarino_et_al_2012_Polar_Biol,NA,Arbacia_dufresnei,Urchin_larvae,NA,722,8.5,200,Catarino_et_al_2012_Polar_Biol__NA__NA,ZOO_STUDY_0073,ZOO_ES_002343,ZOO_STUDY_0073__Arbacia_dufresnei__Urchin_larvae__CO2722.00__T8.50__NC200,ZOO_COMMON_00115,-0.40546510810816444,2.9176423324150594e-4,58.544213267033356,4.25
Leung et al. 2022,"Challener et al., 2013. J Appl Aquacult",NA,Effects of reduced carbonate saturation state on early development in the common edible sea urchin Lytechinus variegatus: implications for land-based aquaculture.,https://doi.pangaea.de/10.1594/PANGAEA.822160,Zooplankton,Meroplankton,Urchin larvae,Lytechinus variegatus,pH,5,5,413.6,22,4289.88,22.08,Abnormal embryos,negative,NA,Development,0.5,0.1118033988749895,2.5,0.6708203932499369,1.6094379124341003,0.0629,NA,NA,Yes,NA,NA,NA,,3876.28,0.0799999999999983,Challener_et_al_2013_J_Appl_Aquacult,Effects_of_reduced_carbonate_saturation_state_on_early_development_in_the_common_edible_sea_urchin_Lytechinus_variegatus_implications_for_land_based_aquaculture_,Lytechinus_variegatus,Urchin_larvae,NA,413.6,22,5,Challener_et_al_2013_J_Appl_Aquacult__NA__Effects_of_reduced_carbonate_saturation_state_on_early_development_in_the_common_edible_sea_urchin_Lytechinus_variegatus_implications_for_land_based_aquaculture_,ZOO_STUDY_0077,ZOO_ES_002348,ZOO_STUDY_0077__Lytechinus_variegatus__Urchin_larvae__CO2413.60__T22.00__NC5,ZOO_COMMON_00123,1.6094379124341003,0.0244,6.401843996644798,2.75
Leung et al. 2022,"Challener et al., 2013. J Appl Aquacult",NA,Effects of reduced carbonate saturation state on early development in the common edible sea urchin Lytechinus variegatus: implications for land-based aquaculture.,https://doi.pangaea.de/10.1594/PANGAEA.822160,Zooplankton,Meroplankton,Urchin larvae,Lytechinus variegatus,pH,5,5,413.6,22,1795.11,22.12,Abnormal embryos,negative,NA,Development,0.5,0.1118033988749895,0.5,0.1118033988749895,0,0.0829,NA,NA,Yes,NA,NA,NA,,1381.5099999999998,0.120000000000001,Challener_et_al_2013_J_Appl_Aquacult,Effects_of_reduced_carbonate_saturation_state_on_early_development_in_the_common_edible_sea_urchin_Lytechinus_variegatus_implications_for_land_based_aquaculture_,Lytechinus_variegatus,Urchin_larvae,NA,413.6,22,5,Challener_et_al_2013_J_Appl_Aquacult__NA__Effects_of_reduced_carbonate_saturation_state_on_early_development_in_the_common_edible_sea_urchin_Lytechinus_variegatus_implications_for_land_based_aquaculture_,ZOO_STUDY_0077,ZOO_ES_002349,ZOO_STUDY_0077__Lytechinus_variegatus__Urchin_larvae__CO2413.60__T22.00__NC5,ZOO_COMMON_00123,0,0.020000000000000004,7.071067811865474,2.75
Leung et al. 2022,"Challener et al., 2013. J Appl Aquacult",NA,Effects of reduced carbonate saturation state on early development in the common edible sea urchin Lytechinus variegatus: implications for land-based aquaculture.,https://doi.pangaea.de/10.1594/PANGAEA.822160,Zooplankton,Meroplankton,Urchin larvae,Lytechinus variegatus,pH,5,5,413.6,22,1795.11,22.12,Abnormal larvae,negative,NA,Development,0.5,0.022360679774997897,2,1.5652475842498528,1.3862943611198906,0.00745,NA,NA,Yes,NA,NA,NA,,1381.5099999999998,0.120000000000001,Challener_et_al_2013_J_Appl_Aquacult,Effects_of_reduced_carbonate_saturation_state_on_early_development_in_the_common_edible_sea_urchin_Lytechinus_variegatus_implications_for_land_based_aquaculture_,Lytechinus_variegatus,Urchin_larvae,NA,413.6,22,5,Challener_et_al_2013_J_Appl_Aquacult__NA__Effects_of_reduced_carbonate_saturation_state_on_early_development_in_the_common_edible_sea_urchin_Lytechinus_variegatus_implications_for_land_based_aquaculture_,ZOO_STUDY_0077,ZOO_ES_002351,ZOO_STUDY_0077__Lytechinus_variegatus__Urchin_larvae__CO2413.60__T22.00__NC5,ZOO_COMMON_00123,1.3862943611198906,0.12290000000000001,2.8524895269256474,2
Leung et al. 2022,"Challener et al., 2013. J Appl Aquacult",NA,NA,NA,Zooplankton,Meroplankton,Urchin larvae,Lytechinus variegatus,pH,5,5,413.6,22,1795.11,22.12,Embryo development (Early pleuteus),ambiguous,NA,Development,20,11.180339887498949,21,6.708203932499369,0.04879016416943205,0.0328,NA,NA,Yes,NA,NA,NA,,1381.5099999999998,0.120000000000001,Challener_et_al_2013_J_Appl_Aquacult,NA,Lytechinus_variegatus,Urchin_larvae,NA,413.6,22,5,Challener_et_al_2013_J_Appl_Aquacult__NA__NA,ZOO_STUDY_0078,ZOO_ES_002352,ZOO_STUDY_0078__Lytechinus_variegatus__Urchin_larvae__CO2413.60__T22.00__NC5,ZOO_COMMON_00124,0.04879016416943205,0.08290816326530615,3.4729725684978363,2
Leung et al. 2022,"Challener et al., 2013. J Appl Aquacult",NA,Effects of reduced carbonate saturation state on early development in the common edible sea urchin Lytechinus variegatus: implications for land-based aquaculture.,https://doi.pangaea.de/10.1594/PANGAEA.822160,Zooplankton,Meroplankton,Urchin larvae,Lytechinus variegatus,pH,5,5,413.6,22,1795.11,22.12,Larval development (4 arms),ambiguous,NA,Development,49.5,1.118033988749895,47,2.23606797749979,-0.05182506786458602,0.0244,NA,NA,Yes,NA,NA,NA,,1381.5099999999998,0.120000000000001,Challener_et_al_2013_J_Appl_Aquacult,Effects_of_reduced_carbonate_saturation_state_on_early_development_in_the_common_edible_sea_urchin_Lytechinus_variegatus_implications_for_land_based_aquaculture_,Lytechinus_variegatus,Urchin_larvae,NA,413.6,22,5,Challener_et_al_2013_J_Appl_Aquacult__NA__Effects_of_reduced_carbonate_saturation_state_on_early_development_in_the_common_edible_sea_urchin_Lytechinus_variegatus_implications_for_land_based_aquaculture_,ZOO_STUDY_0077,ZOO_ES_002354,ZOO_STUDY_0077__Lytechinus_variegatus__Urchin_larvae__CO2413.60__T22.00__NC5,ZOO_COMMON_00123,-0.05182506786458602,5.547239315432795e-4,42.45819710313851,4.25
Leung et al. 2022,"Challener et al., 2013. J Appl Aquacult",NA,Effects of reduced carbonate saturation state on early development in the common edible sea urchin Lytechinus variegatus: implications for land-based aquaculture.,https://doi.pangaea.de/10.1594/PANGAEA.822160,Zooplankton,Meroplankton,Urchin larvae,Lytechinus variegatus,pH,5,5,413.6,22,4289.88,22.08,Larval development (4 arms),ambiguous,NA,Development,49.5,1.118033988749895,35,6.708203932499369,-0.34662460808523093,0.1229,NA,NA,Yes,NA,NA,NA,,3876.28,0.0799999999999983,Challener_et_al_2013_J_Appl_Aquacult,Effects_of_reduced_carbonate_saturation_state_on_early_development_in_the_common_edible_sea_urchin_Lytechinus_variegatus_implications_for_land_based_aquaculture_,Lytechinus_variegatus,Urchin_larvae,NA,413.6,22,5,Challener_et_al_2013_J_Appl_Aquacult__NA__Effects_of_reduced_carbonate_saturation_state_on_early_development_in_the_common_edible_sea_urchin_Lytechinus_variegatus_implications_for_land_based_aquaculture_,ZOO_STUDY_0077,ZOO_ES_002355,ZOO_STUDY_0077__Lytechinus_variegatus__Urchin_larvae__CO2413.60__T22.00__NC5,ZOO_COMMON_00123,-0.34662460808523093,0.007448969180570914,11.586490537520383,3.5
Leung et al. 2022,"Clements et al., 2020. ICES J Mar Sci",NA,NA,NA,Zooplankton,Meroplankton,Bivalve larvae,Crassostrea virginica,pH,3,3,386,25,579.1,25,Larval deformity,negative,NA,Development,1.8,1.5,5,4.125,1.0216512475319812,0.0237,NA,NA,Yes,NA,NA,NA,,193.10000000000002,0,Clements_et_al_2020_ICES_J_Mar_Sci,NA,Crassostrea_virginica,Bivalve_larvae,NA,386,25,3,Clements_et_al_2020_ICES_J_Mar_Sci__NA__NA,ZOO_STUDY_0092,ZOO_ES_002392,ZOO_STUDY_0092__Crassostrea_virginica__Bivalve_larvae__CO2386.00__T25.00__NC3,ZOO_COMMON_00160,1.0216512475319812,0.45835648148148145,1.4770605927130174,2.5
Leung et al. 2022,"Clements et al., 2020. ICES J Mar Sci",NA,NA,NA,Zooplankton,Meroplankton,Bivalve larvae,Crassostrea virginica,pH,3,3,386,25,1018.6,25,Larval deformity,negative,NA,Development,3,1.125,7.5,3,0.9162907318741551,0.0367,NA,NA,Yes,NA,NA,NA,,632.6,0,Clements_et_al_2020_ICES_J_Mar_Sci,NA,Crassostrea_virginica,Bivalve_larvae,NA,386,25,3,Clements_et_al_2020_ICES_J_Mar_Sci__NA__NA,ZOO_STUDY_0092,ZOO_ES_002393,ZOO_STUDY_0092__Crassostrea_virginica__Bivalve_larvae__CO2386.00__T25.00__NC3,ZOO_COMMON_00160,0.9162907318741551,0.10020833333333334,3.158988758955938,2
Leung et al. 2022,"da Silva Souza et al., 2019. Chemosphere",NA,NA,NA,Zooplankton,Meroplankton,Urchin larvae,Echinometra lucunter,pH,4,4,525,25,2020.8,25,Larval development success,positive,NA,Development,93,2,92,2,-0.010810916104215617,2.34e-4,NA,NA,Yes,NA,NA,NA,,1495.8,0,da_Silva_Souza_et_al_2019_Chemosphere,NA,Echinometra_lucunter,Urchin_larvae,NA,525,25,4,da_Silva_Souza_et_al_2019_Chemosphere__NA__NA,ZOO_STUDY_0566,ZOO_ES_002415,ZOO_STUDY_0566__Echinometra_lucunter__Urchin_larvae__CO2525.00__T25.00__NC4,ZOO_COMMON_00982,-0.010810916104215617,2.3376775094031653e-4,65.40451065950097,4.25
Leung et al. 2022,"Doo et al., 2012. ICES J Mar Sci",NA,NA,https://academic.oup.com/icesjms/article-pdf/69/3/460/29141969/fsr123.pdf,Zooplankton,Meroplankton,Urchin larvae,Centrostephanus rodgersii,pH,25,25,481.5,21,924.3,21,Arm asymmetry,negative,NA,Development,0.185,0.075,0.22,0.17500000000000002,0.17327172127403678,0.0319,NA,NA,Yes,NA,NA,NA,,442.79999999999995,0,Doo_et_al_2012_ICES_J_Mar_Sci,NA,Centrostephanus_rodgersii,Urchin_larvae,NA,481.5,21,25,Doo_et_al_2012_ICES_J_Mar_Sci__NA__NA,ZOO_STUDY_0123,ZOO_ES_002444,ZOO_STUDY_0123__Centrostephanus_rodgersii__Urchin_larvae__CO2481.50__T21.00__NC25,ZOO_COMMON_00214,0.17327172127403678,0.03188405906464875,5.6003245698667135,2
Leung et al. 2022,"Doo et al., 2012. ICES J Mar Sci",NA,NA,https://academic.oup.com/icesjms/article-pdf/69/3/460/29141969/fsr123.pdf,Zooplankton,Meroplankton,Urchin larvae,Centrostephanus rodgersii,pH,25,25,481.5,21,1606.4,21,Arm asymmetry,negative,NA,Development,0.185,0.075,0.195,0.075,0.05264373348542209,0.0125,NA,NA,Yes,NA,NA,NA,,1124.9,0,Doo_et_al_2012_ICES_J_Mar_Sci,NA,Centrostephanus_rodgersii,Urchin_larvae,NA,481.5,21,25,Doo_et_al_2012_ICES_J_Mar_Sci__NA__NA,ZOO_STUDY_0123,ZOO_ES_002445,ZOO_STUDY_0123__Centrostephanus_rodgersii__Urchin_larvae__CO2481.50__T21.00__NC25,ZOO_COMMON_00214,0.05264373348542209,0.012491301472590453,8.947385614947002,2.75
Leung et al. 2022,"Doo et al., 2012. ICES J Mar Sci",NA,NA,https://academic.oup.com/icesjms/article-pdf/69/3/460/29141969/fsr123.pdf,Zooplankton,Meroplankton,Urchin larvae,Centrostephanus rodgersii,pH,25,25,481.5,21,924.3,21,Echinoplutei,positive,NA,Development,92,5,80,30,-0.13976194237515874,0.00797,NA,NA,Yes,NA,NA,NA,,442.79999999999995,0,Doo_et_al_2012_ICES_J_Mar_Sci,NA,Centrostephanus_rodgersii,Urchin_larvae,NA,481.5,21,25,Doo_et_al_2012_ICES_J_Mar_Sci__NA__NA,ZOO_STUDY_0123,ZOO_ES_002446,ZOO_STUDY_0123__Centrostephanus_rodgersii__Urchin_larvae__CO2481.50__T21.00__NC25,ZOO_COMMON_00214,-0.13976194237515874,0.005743147448015123,13.19547465333807,3.5
Leung et al. 2022,"Doo et al., 2012. ICES J Mar Sci",NA,NA,https://academic.oup.com/icesjms/article-pdf/69/3/460/29141969/fsr123.pdf,Zooplankton,Meroplankton,Urchin larvae,Centrostephanus rodgersii,pH,25,25,481.5,21,1606.4,21,Echinoplutei,positive,NA,Development,92,5,79,35,-0.15234072458201878,0.00574,NA,NA,Yes,NA,NA,NA,,1124.9,0,Doo_et_al_2012_ICES_J_Mar_Sci,NA,Centrostephanus_rodgersii,Urchin_larvae,NA,481.5,21,25,Doo_et_al_2012_ICES_J_Mar_Sci__NA__NA,ZOO_STUDY_0123,ZOO_ES_002447,ZOO_STUDY_0123__Centrostephanus_rodgersii__Urchin_larvae__CO2481.50__T21.00__NC25,ZOO_COMMON_00214,-0.15234072458201878,0.007969453328482996,11.201746345420577,3.5
Leung et al. 2022,"Dorey et al., 2013. Glob Change Biol",NA,NA,NA,Zooplankton,Meroplankton,Urchin larvae,Strongylocentrotus droebachiensis,pH,6,6,491,9.32,1867,9.32,Arm asymmetry,negative,NA,Development,0.04666666666666666,0.010327955589886481,0.07666666666666667,0.008164965809277256,0.4964368863138913,0.0336,NA,NA,Yes,NA,NA,NA,,1376,0,Dorey_et_al_2013_Glob_Change_Biol,NA,Strongylocentrotus_droebachiensis,Urchin_larvae,NA,491,9.32,6,Dorey_et_al_2013_Glob_Change_Biol__NA__NA,ZOO_STUDY_0127,ZOO_ES_002468,ZOO_STUDY_0127__Strongylocentrotus_droebachiensis__Urchin_larvae__CO2491.00__T9.32__NC6,ZOO_COMMON_00221,0.4964368863138913,0.010053624474364472,9.97329511759707,3.5
Leung et al. 2022,"Dorey et al., 2013. Glob Change Biol",NA,NA,NA,Zooplankton,Meroplankton,Urchin larvae,Strongylocentrotus droebachiensis,pH,6,6,491,9.32,1053,9.32,Arm asymmetry,negative,NA,Development,0.04666666666666666,0.010327955589886481,0.05666666666666667,0.008164965809277194,0.19415601444095756,0.0534,NA,NA,Yes,NA,NA,NA,,562,0,Dorey_et_al_2013_Glob_Change_Biol,NA,Strongylocentrotus_droebachiensis,Urchin_larvae,NA,491,9.32,6,Dorey_et_al_2013_Glob_Change_Biol__NA__NA,ZOO_STUDY_0127,ZOO_ES_002469,ZOO_STUDY_0127__Strongylocentrotus_droebachiensis__Urchin_larvae__CO2491.00__T9.32__NC6,ZOO_COMMON_00221,0.19415601444095756,0.011623472918579198,9.275387151185347,2.75
Leung et al. 2022,"Dorey et al., 2018. Aquat Toxicol",NA,NA,NA,Zooplankton,Meroplankton,Urchin larvae,Heliocidaris crassispina,pH,3,3,487,26.279999999999998,2743,26.24,Abnormal larvae,negative,NA,Development,13.6,14.9,32.6,29.8,0.8742424956306558,0.00739,NA,NA,Yes,NA,NA,NA,,2256,-0.03999999999999915,Dorey_et_al_2018_Aquat_Toxicol,NA,Heliocidaris_crassispina,Urchin_larvae,NA,487,26.279999999999998,3,Dorey_et_al_2018_Aquat_Toxicol__NA__NA,ZOO_STUDY_0130,ZOO_ES_002498,ZOO_STUDY_0130__Heliocidaris_crassispina__Urchin_larvae__CO2487.00__T26.28__NC3,ZOO_COMMON_00229,0.8742424956306558,0.6786371528467391,1.2138951717399948,2.5
Leung et al. 2022,"Dorey et al., 2018. Aquat Toxicol",NA,NA,NA,Zooplankton,Meroplankton,Urchin larvae,Heliocidaris crassispina,pH,3,3,487,26.279999999999998,1190,26.23,Abnormal larvae,negative,NA,Development,13.6,14.9,20.3,22.3,0.40055109330573535,0.00203,NA,NA,Yes,NA,NA,NA,,703,-0.04999999999999716,Dorey_et_al_2018_Aquat_Toxicol,NA,Heliocidaris_crassispina,Urchin_larvae,NA,487,26.279999999999998,3,Dorey_et_al_2018_Aquat_Toxicol__NA__NA,ZOO_STUDY_0130,ZOO_ES_002499,ZOO_STUDY_0130__Heliocidaris_crassispina__Urchin_larvae__CO2487.00__T26.28__NC3,ZOO_COMMON_00229,0.40055109330573535,0.80235484459224,1.1163921148897746,2.5
Leung et al. 2022,"Dorey et al., 2018. Aquat Toxicol",NA,Development of the sea urchin Heliocidaris crassispina from Hong Kong is robust to ocean acidification and copper contamination,https://news-oceanacidification-icc.org/2018/09/14/development-of-the-sea-urchin-heliocidaris-crasssispina-from-hong-kong-is-robust-to-ocean-acidification-and-copper-contamination/?utm_source=chatgpt.com,Zooplankton,Meroplankton,Urchin larvae,Heliocidaris crassispina,pH,3,3,487,26.279999999999998,2743,26.24,Asymmetry index,negative,NA,Development,4.54230700409525,3.8671834779536463,6.7648424740304405,5.337000061933927,0.3983039422461846,0.802354845,NA,NA,Yes,NA,NA,NA,,2256,-0.03999999999999915,Dorey_et_al_2018_Aquat_Toxicol,Development_of_the_sea_urchin_Heliocidaris_crassispina_from_Hong_Kong_is_robust_to_ocean_acidification_and_copper_contamination,Heliocidaris_crassispina,Urchin_larvae,NA,487,26.279999999999998,3,Dorey_et_al_2018_Aquat_Toxicol__NA__Development_of_the_sea_urchin_Heliocidaris_crassispina_from_Hong_Kong_is_robust_to_ocean_acidification_and_copper_contamination,ZOO_STUDY_0129,ZOO_ES_002500,ZOO_STUDY_0129__Heliocidaris_crassispina__Urchin_larvae__CO2487.00__T26.28__NC3,ZOO_COMMON_00227,0.3983039422461846,0.44908142152584574,1.4922358026857454,2.5
Leung et al. 2022,"Dorey et al., 2018. Aquat Toxicol",NA,Development of the sea urchin Heliocidaris crassispina from Hong Kong is robust to ocean acidification and copper contamination,https://news-oceanacidification-icc.org/2018/09/14/development-of-the-sea-urchin-heliocidaris-crasssispina-from-hong-kong-is-robust-to-ocean-acidification-and-copper-contamination/?utm_source=chatgpt.com,Zooplankton,Meroplankton,Urchin larvae,Heliocidaris crassispina,pH,3,3,487,26.279999999999998,1190,26.23,Asymmetry index,negative,NA,Development,4.54230700409525,3.8671834779536463,5.838482149093347,4.586132850827053,0.2510358234113641,0.678637153,NA,NA,Yes,NA,NA,NA,,703,-0.04999999999999716,Dorey_et_al_2018_Aquat_Toxicol,Development_of_the_sea_urchin_Heliocidaris_crassispina_from_Hong_Kong_is_robust_to_ocean_acidification_and_copper_contamination,Heliocidaris_crassispina,Urchin_larvae,NA,487,26.279999999999998,3,Dorey_et_al_2018_Aquat_Toxicol__NA__Development_of_the_sea_urchin_Heliocidaris_crassispina_from_Hong_Kong_is_robust_to_ocean_acidification_and_copper_contamination,ZOO_STUDY_0129,ZOO_ES_002501,ZOO_STUDY_0129__Heliocidaris_crassispina__Urchin_larvae__CO2487.00__T26.28__NC3,ZOO_COMMON_00227,0.2510358234113641,0.44728078060605736,1.4952364704045846,2.5
Leung et al. 2022,"Durland et al., 2019. Mar Ecol Prog Ser",NA,NA,NA,Zooplankton,Meroplankton,Bivalve larvae,Crassostrea gigas,pH,6,6,640,24.5,1790,24.3,Normal larvae,positive,NA,Development,76,3.75,71,0.75,-0.06805346324501564,0.0611,NA,NA,Yes,NA,NA,NA,,1150,-0.1999999999999993,Durland_et_al_2019_Mar_Ecol_Prog_Ser,NA,Crassostrea_gigas,Bivalve_larvae,NA,640,24.5,6,Durland_et_al_2019_Mar_Ecol_Prog_Ser__NA__NA,ZOO_STUDY_0138,ZOO_ES_002527,ZOO_STUDY_0138__Crassostrea_gigas__Bivalve_larvae__CO2640.00__T24.50__NC6,ZOO_COMMON_00237,-0.06805346324501564,4.2437139246269233e-4,48.54303772618218,4.25
Leung et al. 2022,"Durland et al., 2019. Mar Ecol Prog Ser",NA,NA,NA,Zooplankton,Meroplankton,Bivalve larvae,Crassostrea gigas,pH,6,6,862,24.6,2318,24.6,Normal larvae,positive,NA,Development,75,4.5,65,3.75,-0.1431008436406733,0.00995,NA,NA,Yes,NA,NA,NA,,1456,0,Durland_et_al_2019_Mar_Ecol_Prog_Ser,NA,Crassostrea_gigas,Bivalve_larvae,NA,862,24.6,6,Durland_et_al_2019_Mar_Ecol_Prog_Ser__NA__NA,ZOO_STUDY_0138,ZOO_ES_002528,ZOO_STUDY_0138__Crassostrea_gigas__Bivalve_larvae__CO2862.00__T24.60__NC6,ZOO_COMMON_00240,-0.1431008436406733,0.001154733727810651,29.427886645600946,4.25
Leung et al. 2022,"Durland et al., 2019. Mar Ecol Prog Ser",NA,NA,NA,Zooplankton,Meroplankton,Bivalve larvae,Crassostrea gigas,pH,6,6,817,24.8,2126,24.6,Normal larvae,positive,NA,Development,75,9.75,62,6,-0.1903537284912189,0.00726,NA,NA,Yes,NA,NA,NA,,1309,-0.1999999999999993,Durland_et_al_2019_Mar_Ecol_Prog_Ser,NA,Crassostrea_gigas,Bivalve_larvae,NA,817,24.8,6,Durland_et_al_2019_Mar_Ecol_Prog_Ser__NA__NA,ZOO_STUDY_0138,ZOO_ES_002529,ZOO_STUDY_0138__Crassostrea_gigas__Bivalve_larvae__CO2817.00__T24.80__NC6,ZOO_COMMON_00239,-0.1903537284912189,0.0043775407561567805,15.114190817553782,3.5
Leung et al. 2022,"Durland et al., 2019. Mar Ecol Prog Ser",NA,NA,NA,Zooplankton,Meroplankton,Bivalve larvae,Crassostrea gigas,pH,6,6,651,24.5,1791,24.4,Normal larvae,positive,NA,Development,75,1.5,60,1.5,-0.2231435513142097,0.00537,NA,NA,Yes,NA,NA,NA,,1140,-0.10000000000000142,Durland_et_al_2019_Mar_Ecol_Prog_Ser,NA,Crassostrea_gigas,Bivalve_larvae,NA,651,24.5,6,Durland_et_al_2019_Mar_Ecol_Prog_Ser__NA__NA,ZOO_STUDY_0138,ZOO_ES_002530,ZOO_STUDY_0138__Crassostrea_gigas__Bivalve_larvae__CO2651.00__T24.50__NC6,ZOO_COMMON_00238,-0.2231435513142097,1.7083333333333333e-4,76.5092055676006,4.25
Leung et al. 2022,Egilsdottir et al. 2009. Mar Pollut Bull,NA,NA,NA,Zooplankton,Meroplankton,Crustacean larvae,Echinogammarus marinus,pH,3,3,380,15,1900,15,Developmental time,negative,NA,Development,18.25,0.4330127018922193,18.5,0.6928203230275509,0.013605652055778678,0.0206,NA,NA,Yes,NA,NA,NA,,1520,0,Egilsdottir_et_al_2009_Mar_Pollut_Bull,NA,Echinogammarus_marinus,Crustacean_larvae,NA,380,15,3,Egilsdottir_et_al_2009_Mar_Pollut_Bull__NA__NA,ZOO_STUDY_0139,ZOO_ES_002540,ZOO_STUDY_0139__Echinogammarus_marinus__Crustacean_larvae__CO2380.00__T15.00__NC3,ZOO_COMMON_00241,0.013605652055778678,6.551469891785249e-4,39.068849765107615,4.25
Leung et al. 2022,"Ericson et al., 2010. Mar Biol",NA,The response of two ecologically important Antarctic invertebrates (Sterechinus neumayeri and Parborlasia corrugatus) to reduced seawater pH: effects on fertilisation and embryonic development,https://hero.epa.gov/reference/3244386/?utm_source=chatgpt.com,Zooplankton,Meroplankton,Urchin larvae,Sterechinus neumayeri,pH,12,12,527.6,-0.5,2886.3,-0.5,Abnormal embryos,negative,NA,Development,4,3.4641016151377544,20,17.32050807568877,1.6094379124341003,0.0575,NA,NA,Yes,NA,NA,NA,,2358.7000000000003,0,Ericson_et_al_2010_Mar_Biol,The_response_of_two_ecologically_important_Antarctic_invertebrates_Sterechinus_neumayeri_and_Parborlasia_corrugatus_to_reduced_seawater_pH_effects_on_fertilisation_and_embryonic_development,Sterechinus_neumayeri,Urchin_larvae,NA,527.6,-0.5,12,Ericson_et_al_2010_Mar_Biol__NA__The_response_of_two_ecologically_important_Antarctic_invertebrates_Sterechinus_neumayeri_and_Parborlasia_corrugatus_to_reduced_seawater_pH_effects_on_fertilisation_and_embryonic_development,ZOO_STUDY_0144,ZOO_ES_002543,ZOO_STUDY_0144__Sterechinus_neumayeri__Urchin_larvae__CO2527.60__T-0.50__NC12,ZOO_COMMON_00247,1.6094379124341003,0.12499999999999997,2.8284271247461903,2
Leung et al. 2022,"Ericson et al., 2010. Mar Biol",NA,The response of two ecologically important Antarctic invertebrates (Sterechinus neumayeri and Parborlasia corrugatus) to reduced seawater pH: effects on fertilisation and embryonic development,https://hero.epa.gov/reference/3244386/?utm_source=chatgpt.com,Zooplankton,Meroplankton,Urchin larvae,Sterechinus neumayeri,pH,12,12,527.6,-0.5,1121.6,-0.5,Abnormal embryos,negative,NA,Development,4,3.4641016151377544,12.5,13.856406460551018,1.1394342831883648,0.0605,NA,NA,Yes,NA,NA,NA,,593.9999999999999,0,Ericson_et_al_2010_Mar_Biol,The_response_of_two_ecologically_important_Antarctic_invertebrates_Sterechinus_neumayeri_and_Parborlasia_corrugatus_to_reduced_seawater_pH_effects_on_fertilisation_and_embryonic_development,Sterechinus_neumayeri,Urchin_larvae,NA,527.6,-0.5,12,Ericson_et_al_2010_Mar_Biol__NA__The_response_of_two_ecologically_important_Antarctic_invertebrates_Sterechinus_neumayeri_and_Parborlasia_corrugatus_to_reduced_seawater_pH_effects_on_fertilisation_and_embryonic_development,ZOO_STUDY_0144,ZOO_ES_002544,ZOO_STUDY_0144__Sterechinus_neumayeri__Urchin_larvae__CO2527.60__T-0.50__NC12,ZOO_COMMON_00247,1.1394342831883648,0.1649,2.4625761678892606,2.5
Leung et al. 2022,"Ericson et al., 2010. Mar Biol",NA,The response of two ecologically important Antarctic invertebrates (Sterechinus neumayeri and Parborlasia corrugatus) to reduced seawater pH: effects on fertilisation and embryonic development,https://hero.epa.gov/reference/3244386/?utm_source=chatgpt.com,Zooplankton,Meroplankton,Urchin larvae,Sterechinus neumayeri,pH,12,12,527.6,-0.5,1121.6,-0.5,Normal coeloblastula,positive,NA,Development,30,22.516660498395403,43,17.32050807568877,0.36000273403140703,0.125,NA,NA,Yes,NA,NA,NA,,593.9999999999999,0,Ericson_et_al_2010_Mar_Biol,The_response_of_two_ecologically_important_Antarctic_invertebrates_Sterechinus_neumayeri_and_Parborlasia_corrugatus_to_reduced_seawater_pH_effects_on_fertilisation_and_embryonic_development,Sterechinus_neumayeri,Urchin_larvae,NA,527.6,-0.5,12,Ericson_et_al_2010_Mar_Biol__NA__The_response_of_two_ecologically_important_Antarctic_invertebrates_Sterechinus_neumayeri_and_Parborlasia_corrugatus_to_reduced_seawater_pH_effects_on_fertilisation_and_embryonic_development,ZOO_STUDY_0144,ZOO_ES_002547,ZOO_STUDY_0144__Sterechinus_neumayeri__Urchin_larvae__CO2527.60__T-0.50__NC12,ZOO_COMMON_00247,0.36000273403140703,0.06046526651042605,4.0667456826283575,2
Leung et al. 2022,"Ericson et al., 2010. Mar Biol",NA,The response of two ecologically important Antarctic invertebrates (Sterechinus neumayeri and Parborlasia corrugatus) to reduced seawater pH: effects on fertilisation and embryonic development,https://hero.epa.gov/reference/3244386/?utm_source=chatgpt.com,Zooplankton,Meroplankton,Urchin larvae,Sterechinus neumayeri,pH,12,12,527.6,-0.5,2886.3,-0.5,Normal coeloblastula,positive,NA,Development,30,22.516660498395403,39,13.856406460551018,0.26236426446749106,0.156836735,NA,NA,Yes,NA,NA,NA,,2358.7000000000003,0,Ericson_et_al_2010_Mar_Biol,The_response_of_two_ecologically_important_Antarctic_invertebrates_Sterechinus_neumayeri_and_Parborlasia_corrugatus_to_reduced_seawater_pH_effects_on_fertilisation_and_embryonic_development,Sterechinus_neumayeri,Urchin_larvae,NA,527.6,-0.5,12,Ericson_et_al_2010_Mar_Biol__NA__The_response_of_two_ecologically_important_Antarctic_invertebrates_Sterechinus_neumayeri_and_Parborlasia_corrugatus_to_reduced_seawater_pH_effects_on_fertilisation_and_embryonic_development,ZOO_STUDY_0144,ZOO_ES_002548,ZOO_STUDY_0144__Sterechinus_neumayeri__Urchin_larvae__CO2527.60__T-0.50__NC12,ZOO_COMMON_00247,0.26236426446749106,0.05746383957922419,4.171600198897843,2
Leung et al. 2022,"Foo et al., 2012. Plos One",NA,NA,NA,Zooplankton,Meroplankton,Urchin larvae,Centrostephanus rodgersii,pH,8,8,530.3,20.4,1043.4,20.4,Gastrulae,ambiguous,NA,Development,88.5,4.992852033514655,88.375,4.926241685388278,-0.001413427797146964,0.0021,NA,NA,Yes,NA,NA,NA,,513.1000000000001,0,Foo_et_al_2012_Plos_One,NA,Centrostephanus_rodgersii,Urchin_larvae,NA,530.3,20.4,8,Foo_et_al_2012_Plos_One__NA__NA,ZOO_STUDY_0152,ZOO_ES_002556,ZOO_STUDY_0152__Centrostephanus_rodgersii__Urchin_larvae__CO2530.30__T20.40__NC8,ZOO_COMMON_00257,-0.001413427797146964,7.862543865775358e-4,35.6630480971271,4.25
Leung et al. 2022,"Foo et al., 2012. Plos One",NA,NA,NA,Zooplankton,Meroplankton,Urchin larvae,Centrostephanus rodgersii,pH,8,8,530.3,20.4,1716.4,20.4,Gastrulae,ambiguous,NA,Development,88.5,4.992852033514655,88,10.260012531320667,-0.005665737535677308,7.86e-4,NA,NA,Yes,NA,NA,NA,,1186.1000000000001,0,Foo_et_al_2012_Plos_One,NA,Centrostephanus_rodgersii,Urchin_larvae,NA,530.3,20.4,8,Foo_et_al_2012_Plos_One__NA__NA,ZOO_STUDY_0152,ZOO_ES_002557,ZOO_STUDY_0152__Centrostephanus_rodgersii__Urchin_larvae__CO2530.30__T20.40__NC8,ZOO_COMMON_00257,-0.005665737535677308,0.0020970355355916436,21.83720771102387,3.5
Leung et al. 2022,"Foo et al., 2016. Mar Biol",NA,NA,NA,Zooplankton,Meroplankton,Urchin larvae,Sterechinus neumayeri,pH,3,3,442.1,-1.01,1009.7,-0.9400000000000001,Normal blastulae,positive,NA,Development,82,7.5,77,9.375,-0.06291382541056932,0.00421,NA,NA,Yes,NA,NA,NA,,567.6,0.06999999999999995,Foo_et_al_2016_Mar_Biol,NA,Sterechinus_neumayeri,Urchin_larvae,NA,442.1,-1.01,3,Foo_et_al_2016_Mar_Biol__NA__NA,ZOO_STUDY_0153,ZOO_ES_002563,ZOO_STUDY_0153__Sterechinus_neumayeri__Urchin_larvae__CO2442.10__T-1.01__NC3,ZOO_COMMON_00259,-0.06291382541056932,0.0077298031038315895,11.37406705350255,3.5
Leung et al. 2022,"Foo et al., 2016. Mar Biol",NA,NA,NA,Zooplankton,Meroplankton,Urchin larvae,Sterechinus neumayeri,pH,3,3,442.1,-1.01,1443.8,-0.8700000000000001,Normal blastulae,positive,NA,Development,82,7.5,74,8.25,-0.10265415406008334,0.00555,NA,NA,Yes,NA,NA,NA,,1001.6999999999999,0.1399999999999999,Foo_et_al_2016_Mar_Biol,NA,Sterechinus_neumayeri,Urchin_larvae,NA,442.1,-1.01,3,Foo_et_al_2016_Mar_Biol__NA__NA,ZOO_STUDY_0153,ZOO_ES_002565,ZOO_STUDY_0153__Sterechinus_neumayeri__Urchin_larvae__CO2442.10__T-1.01__NC3,ZOO_COMMON_00259,-0.10265415406008334,0.0069315976285464365,12.011115072991528,3.5
Leung et al. 2022,"Foo et al., 2016. Mar Ecol Prog Ser",NA,NA,NA,Zooplankton,Meroplankton,Urchin larvae,Heliocidaris erythrogramma,pH,16,16,386.3,23.57,874.23,23.82,Normal larvae,positive,NA,Development,49.666666666666664,17.417834319482793,50.6875,13.864673334293407,0.020345314598282267,0.00867,NA,NA,Yes,NA,NA,NA,,487.93,0.25,Foo_et_al_2016_Mar_Ecol_Prog_Ser,NA,Heliocidaris_erythrogramma,Urchin_larvae,NA,386.3,23.57,16,Foo_et_al_2016_Mar_Ecol_Prog_Ser__NA__NA,ZOO_STUDY_0154,ZOO_ES_002566,ZOO_STUDY_0154__Heliocidaris_erythrogramma__Urchin_larvae__CO2386.30__T23.57__NC16,ZOO_COMMON_00260,0.020345314598282267,0.012362919365037923,8.993722465463835,2.75
Leung et al. 2022,"Foo et al., 2016. Mar Ecol Prog Ser",NA,NA,NA,Zooplankton,Meroplankton,Urchin larvae,Heliocidaris erythrogramma,pH,16,16,386.3,23.57,1408.6699999999998,23.6,Normal larvae,positive,NA,Development,49.666666666666664,17.417834319482793,39.4375,10.689363872560424,-0.23061687697591746,0.0123,NA,NA,Yes,NA,NA,NA,,1022.3699999999999,0.030000000000001137,Foo_et_al_2016_Mar_Ecol_Prog_Ser,NA,Heliocidaris_erythrogramma,Urchin_larvae,NA,386.3,23.57,16,Foo_et_al_2016_Mar_Ecol_Prog_Ser__NA__NA,ZOO_STUDY_0154,ZOO_ES_002567,ZOO_STUDY_0154__Heliocidaris_erythrogramma__Urchin_larvae__CO2386.30__T23.57__NC16,ZOO_COMMON_00260,-0.23061687697591746,0.012278281054707888,9.024667601299537,2.75
Leung et al. 2022,"Foo et al., 2020. Sci Total Environ",NA,NA,NA,Zooplankton,Meroplankton,Urchin larvae,Arbacia lixula,pH,3,3,564.66,24,901.09,24,Asymmetry,negative,NA,Development,2.033333333333333,0.8504900548115389,2.066666666666667,1.422439219556791,0.016260520871780544,3.62e-4,NA,NA,Yes,NA,NA,NA,,336.43000000000006,0,Foo_et_al_2020_Sci_Total_Environ,NA,Arbacia_lixula,Urchin_larvae,NA,564.66,24,3,Foo_et_al_2020_Sci_Total_Environ__NA__NA,ZOO_STUDY_0155,ZOO_ES_002572,ZOO_STUDY_0155__Arbacia_lixula__Urchin_larvae__CO2564.66__T24.00__NC3,ZOO_COMMON_00263,0.016260520871780544,0.21622608526402304,2.150532237501817,2.5
Leung et al. 2022,"Foo et al., 2020. Sci Total Environ",NA,NA,NA,Zooplankton,Meroplankton,Urchin larvae,Arbacia lixula,pH,3,3,472.59,24,837.52,24,Asymmetry,negative,NA,Development,1.5,0.818535277187245,0.9333333333333332,0.4163331998932268,-0.474457979595116,3.94e-4,NA,NA,Yes,NA,NA,NA,,364.93,0,Foo_et_al_2020_Sci_Total_Environ,NA,Arbacia_lixula,Urchin_larvae,NA,472.59,24,3,Foo_et_al_2020_Sci_Total_Environ__NA__NA,ZOO_STUDY_0155,ZOO_ES_002573,ZOO_STUDY_0155__Arbacia_lixula__Urchin_larvae__CO2472.59__T24.00__NC3,ZOO_COMMON_00262,-0.474457979595116,0.16558578987150424,2.457471375930655,2.5
Leung et al. 2022,"Frieder et al., 2017. ICES J Mar Sci",NA,NA,NA,Zooplankton,Meroplankton,Bivalve larvae,Crassostrea gigas,pH,8,8,428,25,2193,25,Developmental rate (D-hinge),positive,NA,Development,17.5,1.4142135623730951,22.7,3.6769552621700474,0.26016404355788864,0.0041,NA,NA,Yes,NA,NA,NA,,1765,0,Frieder_et_al_2017_ICES_J_Mar_Sci,NA,Crassostrea_gigas,Bivalve_larvae,NA,428,25,8,Frieder_et_al_2017_ICES_J_Mar_Sci__NA__NA,ZOO_STUDY_0158,ZOO_ES_002576,ZOO_STUDY_0158__Crassostrea_gigas__Bivalve_larvae__CO2428.00__T25.00__NC8,ZOO_COMMON_00267,0.26016404355788864,0.0040960331036099746,15.624936860257494,3.5
Leung et al. 2022,"Guo et al., 2015. Aquat Biol",NA,NA,NA,Zooplankton,Meroplankton,Gastropod larvae,Haliotis diversicolor,pH,3,3,447.5,23.8,1794.5,23.3,Larval development (abnormal),negative,NA,Development,4,0.5,34,5,2.1400661634962708,0.0708,NA,NA,Yes,NA,NA,NA,,1347,-0.5,Guo_et_al_2015_Aquat_Biol,NA,Haliotis_diversicolor,Gastropod_larvae,NA,447.5,23.8,3,Guo_et_al_2015_Aquat_Biol__NA__NA,ZOO_STUDY_0199,ZOO_ES_002746,ZOO_STUDY_0199__Haliotis_diversicolor__Gastropod_larvae__CO2447.50__T23.80__NC3,ZOO_COMMON_00358,2.1400661634962708,0.012417099192618224,8.974079752377506,2.75
Leung et al. 2022,"Guo et al., 2015. Aquat Biol",NA,Effects of ocean acidification caused by rising CO2 on the early development of three mollusks,https://www.researchgate.net/publication/273496726_Effects_of_ocean_acidification_caused_by_rising_CO2_on_the_early_development_of_three_mollusks,Zooplankton,Meroplankton,Gastropod larvae,Haliotis discus hannai,pH,3,3,447.5,23.8,1794.5,23.3,Larval development (abnormal),negative,NA,Development,2.5,1.5,20,5,2.0794415416798357,7.25e-4,NA,NA,Yes,NA,NA,NA,,1347,-0.5,Guo_et_al_2015_Aquat_Biol,Effects_of_ocean_acidification_caused_by_rising_CO2_on_the_early_development_of_three_mollusks,Haliotis_discus_hannai,Gastropod_larvae,NA,447.5,23.8,3,Guo_et_al_2015_Aquat_Biol__NA__Effects_of_ocean_acidification_caused_by_rising_CO2_on_the_early_development_of_three_mollusks,ZOO_STUDY_0198,ZOO_ES_002747,ZOO_STUDY_0198__Haliotis_discus_hannai__Gastropod_larvae__CO2447.50__T23.80__NC3,ZOO_COMMON_00354,2.0794415416798357,0.14083333333333334,2.664693550105965,2
Leung et al. 2022,"Guo et al., 2015. Aquat Biol",NA,NA,NA,Zooplankton,Meroplankton,Bivalve larvae,Crassostrea angulata,pH,3,3,447.5,23.8,1401.3,23.2,Larval development (abnormal),negative,NA,Development,2,0.4,7,5,1.252762968495368,0.00353,NA,NA,Yes,NA,NA,NA,,953.8,-0.6000000000000014,Guo_et_al_2015_Aquat_Biol,NA,Crassostrea_angulata,Bivalve_larvae,NA,447.5,23.8,3,Guo_et_al_2015_Aquat_Biol__NA__NA,ZOO_STUDY_0199,ZOO_ES_002748,ZOO_STUDY_0199__Crassostrea_angulata__Bivalve_larvae__CO2447.50__T23.80__NC3,ZOO_COMMON_00356,1.252762968495368,0.18340136054421768,2.335063651208009,2.5
Leung et al. 2022,"Guo et al., 2015. Aquat Biol",NA,NA,NA,Zooplankton,Meroplankton,Gastropod larvae,Haliotis diversicolor,pH,3,3,447.5,23.8,1401.3,23.2,Larval development (abnormal),negative,NA,Development,4,0.5,8,0.5,0.6931471805599453,0.00373,NA,NA,Yes,NA,NA,NA,,953.8,-0.6000000000000014,Guo_et_al_2015_Aquat_Biol,NA,Haliotis_diversicolor,Gastropod_larvae,NA,447.5,23.8,3,Guo_et_al_2015_Aquat_Biol__NA__NA,ZOO_STUDY_0199,ZOO_ES_002749,ZOO_STUDY_0199__Haliotis_diversicolor__Gastropod_larvae__CO2447.50__T23.80__NC3,ZOO_COMMON_00358,0.6931471805599453,0.006510416666666666,12.393546707863734,3.5
Leung et al. 2022,"Guo et al., 2015. Aquat Biol",NA,NA,NA,Zooplankton,Meroplankton,Gastropod larvae,Haliotis discus hannai,pH,3,3,447.5,23.8,1401.3,23.2,Larval development (abnormal),negative,NA,Development,2.5,1.5,4,4,0.47000362924573563,0.0174,NA,NA,Yes,NA,NA,NA,,953.8,-0.6000000000000014,Guo_et_al_2015_Aquat_Biol,NA,Haliotis_discus_hannai,Gastropod_larvae,NA,447.5,23.8,3,Guo_et_al_2015_Aquat_Biol__NA__NA,ZOO_STUDY_0199,ZOO_ES_002750,ZOO_STUDY_0199__Haliotis_discus_hannai__Gastropod_larvae__CO2447.50__T23.80__NC3,ZOO_COMMON_00357,0.47000362924573563,0.4533333333333333,1.4852213144650115,2.5
Leung et al. 2022,"Guo et al., 2015. Aquat Biol",NA,NA,NA,Zooplankton,Meroplankton,Gastropod larvae,Haliotis discus hannai,pH,3,3,447.5,23.8,1401.3,23.2,Larval development (veliger stage),ambiguous,NA,Development,95,2.5,96,4,0.010471299867295437,0.00121,NA,NA,Yes,NA,NA,NA,,953.8,-0.6000000000000014,Guo_et_al_2015_Aquat_Biol,NA,Haliotis_discus_hannai,Gastropod_larvae,NA,447.5,23.8,3,Guo_et_al_2015_Aquat_Biol__NA__NA,ZOO_STUDY_0199,ZOO_ES_002758,ZOO_STUDY_0199__Haliotis_discus_hannai__Gastropod_larvae__CO2447.50__T23.80__NC3,ZOO_COMMON_00357,0.010471299867295437,8.095439622447932e-4,35.14631369484763,4.25
Leung et al. 2022,"Guo et al., 2015. Aquat Biol",NA,NA,NA,Zooplankton,Meroplankton,Gastropod larvae,Haliotis diversicolor,pH,3,3,447.5,23.8,1401.3,23.2,Larval development (veliger stage),ambiguous,NA,Development,96,1,88,4,-0.08701137698962981,6.85e-4,NA,NA,Yes,NA,NA,NA,,953.8,-0.6000000000000014,Guo_et_al_2015_Aquat_Biol,NA,Haliotis_diversicolor,Gastropod_larvae,NA,447.5,23.8,3,Guo_et_al_2015_Aquat_Biol__NA__NA,ZOO_STUDY_0199,ZOO_ES_002759,ZOO_STUDY_0199__Haliotis_diversicolor__Gastropod_larvae__CO2447.50__T23.80__NC3,ZOO_COMMON_00358,-0.08701137698962981,7.248742156412611e-4,37.1422897883484,4.25
Leung et al. 2022,"Guo et al., 2015. Aquat Biol",NA,NA,NA,Zooplankton,Meroplankton,Gastropod larvae,Haliotis discus hannai,pH,3,3,447.5,23.8,1794.5,23.3,Larval development (veliger stage),ambiguous,NA,Development,95,2.5,79.5,4.5,-0.17811986994025455,0.00766,NA,NA,Yes,NA,NA,NA,,1347,-0.5,Guo_et_al_2015_Aquat_Biol,NA,Haliotis_discus_hannai,Gastropod_larvae,NA,447.5,23.8,3,Guo_et_al_2015_Aquat_Biol__NA__NA,ZOO_STUDY_0199,ZOO_ES_002760,ZOO_STUDY_0199__Haliotis_discus_hannai__Gastropod_larvae__CO2447.50__T23.80__NC3,ZOO_COMMON_00357,-0.17811986994025455,0.0012988359865581775,27.747435049940744,4.25
Leung et al. 2022,"Guo et al., 2015. Aquat Biol",NA,Effects of ocean acidification caused by rising CO2 on the early development of three mollusks,https://www.researchgate.net/publication/273496726_Effects_of_ocean_acidification_caused_by_rising_CO2_on_the_early_development_of_three_mollusks,Zooplankton,Meroplankton,Gastropod larvae,Haliotis discus hannai,pH,3,3,447.5,23.8,1401.3,23.2,Metamorphosis of veliger,ambiguous,NA,Development,44,9,45,9,0.022472855852058576,0.0124,NA,NA,Yes,NA,NA,NA,,953.8,-0.6000000000000014,Guo_et_al_2015_Aquat_Biol,Effects_of_ocean_acidification_caused_by_rising_CO2_on_the_early_development_of_three_mollusks,Haliotis_discus_hannai,Gastropod_larvae,NA,447.5,23.8,3,Guo_et_al_2015_Aquat_Biol__NA__Effects_of_ocean_acidification_caused_by_rising_CO2_on_the_early_development_of_three_mollusks,ZOO_STUDY_0198,ZOO_ES_002773,ZOO_STUDY_0198__Haliotis_discus_hannai__Gastropod_larvae__CO2447.50__T23.80__NC3,ZOO_COMMON_00354,0.022472855852058576,0.027279614325068872,6.054536294796975,2.75
Leung et al. 2022,"Guo et al., 2015. Aquat Biol",NA,Effects of ocean acidification caused by rising CO2 on the early development of three mollusks,https://www.researchgate.net/publication/273496726_Effects_of_ocean_acidification_caused_by_rising_CO2_on_the_early_development_of_three_mollusks,Zooplankton,Meroplankton,Gastropod larvae,Haliotis diversicolor,pH,3,3,447.5,23.8,1401.3,23.2,Metamorphosis of veliger,ambiguous,NA,Development,9,1,7,0.5,-0.25131442828090605,0.0244,NA,NA,Yes,NA,NA,NA,,953.8,-0.6000000000000014,Guo_et_al_2015_Aquat_Biol,Effects_of_ocean_acidification_caused_by_rising_CO2_on_the_early_development_of_three_mollusks,Haliotis_diversicolor,Gastropod_larvae,NA,447.5,23.8,3,Guo_et_al_2015_Aquat_Biol__NA__Effects_of_ocean_acidification_caused_by_rising_CO2_on_the_early_development_of_three_mollusks,ZOO_STUDY_0198,ZOO_ES_002774,ZOO_STUDY_0198__Haliotis_diversicolor__Gastropod_larvae__CO2447.50__T23.80__NC3,ZOO_COMMON_00355,-0.25131442828090605,0.005815906609557404,13.112674718269648,3.5
Leung et al. 2022,Havenhand et al. 2008. Curr Biol,NA,NA,NA,Zooplankton,Meroplankton,Urchin larvae,Heliocidaris erythrogramma,pH,5,5,370,20.5,1000,20.5,Larvae developmental success,positive,NA,Development,51.7,26.6092089322475,46.1,27.503636123247418,-0.11464483151178058,0.0433,NA,NA,Yes,NA,NA,NA,,630,0,Havenhand_et_al_2008_Curr_Biol,NA,Heliocidaris_erythrogramma,Urchin_larvae,NA,370,20.5,5,Havenhand_et_al_2008_Curr_Biol__NA__NA,ZOO_STUDY_0212,ZOO_ES_002800,ZOO_STUDY_0212__Heliocidaris_erythrogramma__Urchin_larvae__CO2370.00__T20.50__NC5,ZOO_COMMON_00379,-0.11464483151178058,0.12416836671635229,2.8378831914212848,2
Leung et al. 2022,Hurihara and Shirayama. 2004. Mar Ecol Prog Ser,NA,NA,NA,Zooplankton,Meroplankton,Urchin larvae,Echinometra mathaei,pH,6,6,364.72999999999996,24,2364.08,24,Abnormal embryos,negative,NA,Development,0.5,0.9,2,3,1.3862943611198906,0.915,NA,NA,Yes,NA,NA,NA,,1999.35,0,Hurihara_and_Shirayama_2004_Mar_Ecol_Prog_Ser,NA,Echinometra_mathaei,Urchin_larvae,NA,364.72999999999996,24,6,Hurihara_and_Shirayama_2004_Mar_Ecol_Prog_Ser__NA__NA,ZOO_STUDY_0238,ZOO_ES_002850,ZOO_STUDY_0238__Echinometra_mathaei__Urchin_larvae__CO2364.73__T24.00__NC6,ZOO_COMMON_00414,1.3862943611198906,0.915,1.0454167469786333,2.5
Leung et al. 2022,Hurihara and Shirayama. 2004. Mar Ecol Prog Ser,NA,NA,NA,Zooplankton,Meroplankton,Urchin larvae,Echinometra mathaei,pH,6,6,364.72999999999996,24,5362.74,24,Abnormal embryos,negative,NA,Development,0.5,0.9,2,3,1.3862943611198906,0.915,NA,NA,Yes,NA,NA,NA,,4998.01,0,Hurihara_and_Shirayama_2004_Mar_Ecol_Prog_Ser,NA,Echinometra_mathaei,Urchin_larvae,NA,364.72999999999996,24,6,Hurihara_and_Shirayama_2004_Mar_Ecol_Prog_Ser__NA__NA,ZOO_STUDY_0238,ZOO_ES_002851,ZOO_STUDY_0238__Echinometra_mathaei__Urchin_larvae__CO2364.73__T24.00__NC6,ZOO_COMMON_00414,1.3862943611198906,0.915,1.0454167469786333,2.5
Leung et al. 2022,Hurihara and Shirayama. 2004. Mar Ecol Prog Ser,NA,NA,NA,Zooplankton,Meroplankton,Urchin larvae,Echinometra mathaei,pH,6,6,364.72999999999996,24,1364.01,24,Abnormal embryos,negative,NA,Development,0.5,0.9,1,1.2,0.6931471805599453,0.0507,NA,NA,Yes,NA,NA,NA,,999.28,0,Hurihara_and_Shirayama_2004_Mar_Ecol_Prog_Ser,NA,Echinometra_mathaei,Urchin_larvae,NA,364.72999999999996,24,6,Hurihara_and_Shirayama_2004_Mar_Ecol_Prog_Ser__NA__NA,ZOO_STUDY_0238,ZOO_ES_002852,ZOO_STUDY_0238__Echinometra_mathaei__Urchin_larvae__CO2364.73__T24.00__NC6,ZOO_COMMON_00414,0.6931471805599453,0.78,1.1322770341445958,2.5
Leung et al. 2022,Hurihara and Shirayama. 2004. Mar Ecol Prog Ser,NA,NA,NA,Zooplankton,Meroplankton,Urchin larvae,Hemicentrotus pulcherrimus,pH,6,6,364.67,14,1363.5,14,Embryonic development (8 cells),ambiguous,NA,Development,40,48,27,40,-0.3930425881096072,0.0335,NA,NA,Yes,NA,NA,NA,,998.8299999999999,0,Hurihara_and_Shirayama_2004_Mar_Ecol_Prog_Ser,NA,Hemicentrotus_pulcherrimus,Urchin_larvae,NA,364.67,14,6,Hurihara_and_Shirayama_2004_Mar_Ecol_Prog_Ser__NA__NA,ZOO_STUDY_0238,ZOO_ES_002853,ZOO_STUDY_0238__Hemicentrotus_pulcherrimus__Urchin_larvae__CO2364.67__T14.00__NC6,ZOO_COMMON_00416,-0.3930425881096072,0.6057978966620942,1.284801749882611,2.5
Leung et al. 2022,Hurihara and Shirayama. 2004. Mar Ecol Prog Ser,NA,NA,NA,Zooplankton,Meroplankton,Urchin larvae,Hemicentrotus pulcherrimus,pH,6,6,364.67,14,2363.62,14,Embryonic development (8 cells),ambiguous,NA,Development,40,48,22,38,-0.5978370007556204,0.0155,NA,NA,Yes,NA,NA,NA,,1998.9499999999998,0,Hurihara_and_Shirayama_2004_Mar_Ecol_Prog_Ser,NA,Hemicentrotus_pulcherrimus,Urchin_larvae,NA,364.67,14,6,Hurihara_and_Shirayama_2004_Mar_Ecol_Prog_Ser__NA__NA,ZOO_STUDY_0238,ZOO_ES_002854,ZOO_STUDY_0238__Hemicentrotus_pulcherrimus__Urchin_larvae__CO2364.67__T14.00__NC6,ZOO_COMMON_00416,-0.5978370007556204,0.737245179063361,1.1646462410967673,2.5
Leung et al. 2022,"Kim et al., 2016. Chin J Oceanogr Limnol",NA,NA,NA,Zooplankton,Meroplankton,Bivalve larvae,Mactra veneriformis,pH,3,3,400,22,800,22,Minor abnormality of larvae,negative,NA,Development,1.3,1.3,9.2,1.3,1.9568392195875035,NA,NA,NA,Yes,NA,NA,NA,,400,0,Kim_et_al_2016_Chin_J_Oceanogr_Limnol,NA,Mactra_veneriformis,Bivalve_larvae,NA,400,22,3,Kim_et_al_2016_Chin_J_Oceanogr_Limnol__NA__NA,ZOO_STUDY_0266,ZOO_ES_002890,ZOO_STUDY_0266__Mactra_veneriformis__Bivalve_larvae__CO2400.00__T22.00__NC3,ZOO_COMMON_00456,1.9568392195875035,0.33998897290485197,1.7150136628547668,2.5
Leung et al. 2022,"Kimura et al., 2011. Fish Oceanogr",NA,NA,NA,Zooplankton,Meroplankton,Gastropod larvae,Haliotis discus hannai,pH,3,3,405.6,20.3,859.4,20.3,Malformation,negative,NA,Development,3,0.5,24,7,2.0794415416798357,0.00212,NA,NA,Yes,NA,NA,NA,,453.79999999999995,0,Kimura_et_al_2011_Fish_Oceanogr,NA,Haliotis_discus_hannai,Gastropod_larvae,NA,405.6,20.3,3,Kimura_et_al_2011_Fish_Oceanogr__NA__NA,ZOO_STUDY_0268,ZOO_ES_002900,ZOO_STUDY_0268__Haliotis_discus_hannai__Gastropod_larvae__CO2405.60__T20.30__NC3,ZOO_COMMON_00458,2.0794415416798357,0.03761574074074074,5.1560270930839165,2
Leung et al. 2022,"Kimura et al., 2011. Fish Oceanogr",NA,NA,NA,Zooplankton,Meroplankton,Gastropod larvae,Haliotis discus hannai,pH,3,3,405.6,20.3,859.4,20.3,Malformation,negative,NA,Development,3,0.5,12.8,2.2,1.4508328822574619,0.00621,NA,NA,Yes,NA,NA,NA,,453.79999999999995,0,Kimura_et_al_2011_Fish_Oceanogr,NA,Haliotis_discus_hannai,Gastropod_larvae,NA,405.6,20.3,3,Kimura_et_al_2011_Fish_Oceanogr__NA__NA,ZOO_STUDY_0268,ZOO_ES_002901,ZOO_STUDY_0268__Haliotis_discus_hannai__Gastropod_larvae__CO2405.60__T20.30__NC3,ZOO_COMMON_00458,1.4508328822574619,0.01910626446759259,7.234559745343501,2.75
Leung et al. 2022,"Ko et al., 2013. Plos One",NA,NA,NA,Zooplankton,Meroplankton,Bivalve larvae,Crassostrea gigas,pH,5,5,622,24.6,1497,24.7,Larval development (Pediveliger),ambiguous,NA,Development,11,4,13.2,1.8,0.1823215567939546,0.0302,NA,NA,Yes,NA,NA,NA,,875,0.09999999999999787,Ko_et_al_2013_Plos_One,NA,Crassostrea_gigas,Bivalve_larvae,NA,622,24.6,5,Ko_et_al_2013_Plos_One__NA__NA,ZOO_STUDY_0273,ZOO_ES_002908,ZOO_STUDY_0273__Crassostrea_gigas__Bivalve_larvae__CO2622.00__T24.60__NC5,ZOO_COMMON_00467,0.1823215567939546,0.030165289256198345,5.757663148492351,2
Leung et al. 2022,"Ko et al., 2013. Plos One",NA,NA,NA,Zooplankton,Meroplankton,Bivalve larvae,Crassostrea gigas,pH,5,5,622,24.6,2386,24.7,Larval development (Pediveliger),ambiguous,NA,Development,11,4,13,4,0.16705408466316624,0.0454,NA,NA,Yes,NA,NA,NA,,1764,0.09999999999999787,Ko_et_al_2013_Plos_One,NA,Crassostrea_gigas,Bivalve_larvae,NA,622,24.6,5,Ko_et_al_2013_Plos_One__NA__NA,ZOO_STUDY_0273,ZOO_ES_002909,ZOO_STUDY_0273__Crassostrea_gigas__Bivalve_larvae__CO2622.00__T24.60__NC5,ZOO_COMMON_00467,0.16705408466316624,0.04538119223433909,4.694204974735081,2
Leung et al. 2022,Kurihara et al. 2007. Aquat Biol,NA,NA,NA,Zooplankton,Meroplankton,Bivalve larvae,Crassostrea gigas,pH,5,5,348,23,2268,23,Abnormal development,negative,NA,Development,28,20,90,8,1.1676051601550612,8.33e-4,NA,NA,Yes,NA,NA,NA,,1920,0,Kurihara_et_al_2007_Aquat_Biol,NA,Crassostrea_gigas,Bivalve_larvae,NA,348,23,5,Kurihara_et_al_2007_Aquat_Biol__NA__NA,ZOO_STUDY_0284,ZOO_ES_002923,ZOO_STUDY_0284__Crassostrea_gigas__Bivalve_larvae__CO2348.00__T23.00__NC5,ZOO_COMMON_00491,1.1676051601550612,0.10362106324011086,3.1065330465796954,2
Leung et al. 2022,Kurihara et al. 2008. Aquat Biol,NA,NA,NA,Zooplankton,Meroplankton,Bivalve larvae,Mytilus galloprovincialis,pH,5,5,360.4,13,2104.2,13,Larval development (D-larvae),ambiguous,NA,Development,100,0,23,26,-1.4696759700589417,0.25557656,NA,NA,Yes,NA,NA,NA,,1743.7999999999997,0,Kurihara_et_al_2008_Aquat_Biol,NA,Mytilus_galloprovincialis,Bivalve_larvae,NA,360.4,13,5,Kurihara_et_al_2008_Aquat_Biol__NA__NA,ZOO_STUDY_0285,ZOO_ES_002926,ZOO_STUDY_0285__Mytilus_galloprovincialis__Bivalve_larvae__CO2360.40__T13.00__NC5,ZOO_COMMON_00492,-1.4696759700589417,0.2555765595463138,1.9780601339421218,2.5
Leung et al. 2022,"Lamare et al., 2016. Proc R Soc B",NA,NA,https://www.researchgate.net/publication/311823297_In_situ_developmental_responses_of_tropical_sea_urchin_larvae_to_ocean_acidification_conditions_at_naturally_elevated_pCO2_vent_sites,Zooplankton,Meroplankton,Urchin larvae,Echinometra spp. C,pH,6,6,439,28.55,561,28.830000000000002,Arm asymmetry,negative,NA,Development,13.2,2.449489742783178,16.2,4.409081537009721,0.20479441264601322,0.0181,NA,NA,Yes,NA,NA,NA,,122,0.28000000000000114,Lamare_et_al_2016_Proc_R_Soc_B,NA,Echinometra_spp_C,Urchin_larvae,NA,439,28.55,6,Lamare_et_al_2016_Proc_R_Soc_B__NA__NA,ZOO_STUDY_0290,ZOO_ES_002939,ZOO_STUDY_0290__Echinometra_spp_C__Urchin_larvae__CO2439.00__T28.55__NC6,ZOO_COMMON_00500,0.20479441264601322,0.01808488929701051,7.436046085267929,2.75
Leung et al. 2022,"Lenz et al., 2019. Mar Pollut Bull",NA,NA,NA,Zooplankton,Meroplankton,Urchin larvae,Lytechinus variegatus,pH,10,10,328.6,28,759.3,28,Larval asymmetry,negative,NA,Development,0.17,0.07500000000000001,0.22,0.2025,0.2578291093020997,0.00263,NA,NA,Yes,NA,NA,NA,,430.69999999999993,0,Lenz_et_al_2019_Mar_Pollut_Bull,NA,Lytechinus_variegatus,Urchin_larvae,NA,328.6,28,10,Lenz_et_al_2019_Mar_Pollut_Bull__NA__NA,ZOO_STUDY_0301,ZOO_ES_002962,ZOO_STUDY_0301__Lytechinus_variegatus__Urchin_larvae__CO2328.60__T28.00__NC10,ZOO_COMMON_00516,0.2578291093020997,0.10418732484486262,3.0980794889403374,2
Leung et al. 2022,"Li et al., 2013. Mar Pollut Bull",NA,NA,NA,Zooplankton,Meroplankton,Gastropod larvae,Haliotis discus hannai,pH,4,4,249.2,22,1224.8,22,Malformation,negative,NA,Development,16.6,10,78.5,7,1.553695929425865,8.32e-4,NA,NA,Yes,NA,NA,NA,,975.5999999999999,0,Li_et_al_2013_Mar_Pollut_Bull,NA,Haliotis_discus_hannai,Gastropod_larvae,NA,249.2,22,4,Li_et_al_2013_Mar_Pollut_Bull__NA__NA,ZOO_STUDY_0309,ZOO_ES_002971,ZOO_STUDY_0309__Haliotis_discus_hannai__Gastropod_larvae__CO2249.20__T22.00__NC4,ZOO_COMMON_00535,1.553695929425865,0.09271225341580665,3.28421387484951,2
Leung et al. 2022,"Li et al., 2013. Mar Pollut Bull",NA,NA,NA,Zooplankton,Meroplankton,Gastropod larvae,Haliotis discus hannai,pH,4,4,249.2,22,569.3,22,Malformation,negative,NA,Development,16.6,10,53.8,7,1.175870771805241,0.00162,NA,NA,Yes,NA,NA,NA,,320.09999999999997,0,Li_et_al_2013_Mar_Pollut_Bull,NA,Haliotis_discus_hannai,Gastropod_larvae,NA,249.2,22,4,Li_et_al_2013_Mar_Pollut_Bull__NA__NA,ZOO_STUDY_0309,ZOO_ES_002972,ZOO_STUDY_0309__Haliotis_discus_hannai__Gastropod_larvae__CO2249.20__T22.00__NC4,ZOO_COMMON_00535,1.175870771805241,0.09495659533579727,3.245169852090503,2
Leung et al. 2022,"Li et al., 2013. Mar Pollut Bull",NA,NA,NA,Zooplankton,Meroplankton,Gastropod larvae,Haliotis discus hannai,pH,4,4,249.2,22,569.3,22,Metamorphosis,ambiguous,NA,Development,72,6,70,5,-0.028170876966696335,6.23e-4,NA,NA,Yes,NA,NA,NA,,320.09999999999997,0,Li_et_al_2013_Mar_Pollut_Bull,NA,Haliotis_discus_hannai,Gastropod_larvae,NA,249.2,22,4,Li_et_al_2013_Mar_Pollut_Bull__NA__NA,ZOO_STUDY_0309,ZOO_ES_002973,ZOO_STUDY_0309__Haliotis_discus_hannai__Gastropod_larvae__CO2249.20__T22.00__NC4,ZOO_COMMON_00535,-0.028170876966696335,0.0030116213151927433,18.22215845676712,3.5
Leung et al. 2022,"Martin et al., 2011. J Exp Biol",NA,Early development and molecular plasticity in the Mediterranean sea urchin Paracentrotus lividus exposed to CO2-driven acidification,https://pubmed.ncbi.nlm.nih.gov/21430213/,Zooplankton,Meroplankton,Urchin larvae,Paracentrotus lividus,pH,30,30,412,20.1,1996,20.1,Aymmetry index,negative,NA,Development,0.02008237250544333,0.017519330705429017,0.03471819861848292,0.030319180831234194,0.5474215648323907,0.0272,NA,NA,Yes,NA,NA,NA,,1584,0,Martin_et_al_2011_J_Exp_Biol,Early_development_and_molecular_plasticity_in_the_Mediterranean_sea_urchin_Paracentrotus_lividus_exposed_to_CO2_driven_acidification,Paracentrotus_lividus,Urchin_larvae,NA,412,20.1,30,Martin_et_al_2011_J_Exp_Biol__NA__Early_development_and_molecular_plasticity_in_the_Mediterranean_sea_urchin_Paracentrotus_lividus_exposed_to_CO2_driven_acidification,ZOO_STUDY_0335,ZOO_ES_003131,ZOO_STUDY_0335__Paracentrotus_lividus__Urchin_larvae__CO2412.00__T20.10__NC30,ZOO_COMMON_00588,0.5474215648323907,0.05078924469659038,4.4372522963033365,2
Leung et al. 2022,"Martin et al., 2011. J Exp Biol",NA,Early development and molecular plasticity in the Mediterranean sea urchin Paracentrotus lividus exposed to CO2-driven acidification,https://pubmed.ncbi.nlm.nih.gov/21430213/,Zooplankton,Meroplankton,Urchin larvae,Paracentrotus lividus,pH,30,30,412,20.1,1161,20.1,Aymmetry index,negative,NA,Development,0.02008237250544333,0.017519330705429017,0.024589774593216866,0.005756137888062716,0.2024882490768898,0.0508,NA,NA,Yes,NA,NA,NA,,749,0,Martin_et_al_2011_J_Exp_Biol,Early_development_and_molecular_plasticity_in_the_Mediterranean_sea_urchin_Paracentrotus_lividus_exposed_to_CO2_driven_acidification,Paracentrotus_lividus,Urchin_larvae,NA,412,20.1,30,Martin_et_al_2011_J_Exp_Biol__NA__Early_development_and_molecular_plasticity_in_the_Mediterranean_sea_urchin_Paracentrotus_lividus_exposed_to_CO2_driven_acidification,ZOO_STUDY_0335,ZOO_ES_003132,ZOO_STUDY_0335__Paracentrotus_lividus__Urchin_larvae__CO2412.00__T20.10__NC30,ZOO_COMMON_00588,0.2024882490768898,0.02719440595652532,6.06401423075325,2.75
Leung et al. 2022,"Milazzo et al., 2014. Sci Rep",NA,NA,NA,Zooplankton,Meroplankton,Gastropod larvae,Dendropoma petraeum,pH,3,3,633,21.4,1385,21.4,Number of settled recruits,ambiguous,NA,Development,16.9,6.4,5.3,1.9,-1.1596068013709517,0.0906,NA,NA,Yes,NA,NA,NA,,752,0,Milazzo_et_al_2014_Sci_Rep,NA,Dendropoma_petraeum,Gastropod_larvae,NA,633,21.4,3,Milazzo_et_al_2014_Sci_Rep__NA__NA,ZOO_STUDY_0351,ZOO_ES_003148,ZOO_STUDY_0351__Dendropoma_petraeum__Gastropod_larvae__CO2633.00__T21.40__NC3,ZOO_COMMON_00615,-1.1596068013709517,0.09064261048138866,3.3214964889868774,2
Leung et al. 2022,"Moulin et al., 2011. Mar Pollut Bull",NA,NA,NA,Zooplankton,Meroplankton,Urchin larvae,Paracentrotus lividus,pH,3,3,507.98999999999995,12.7,829.64,12.7,Normal larvae,positive,NA,Development,98,0.5,98,0.5,0,0.00135,NA,NA,Yes,NA,NA,NA,,321.65000000000003,0,Moulin_et_al_2011_Mar_Pollut_Bull,NA,Paracentrotus_lividus,Urchin_larvae,NA,507.98999999999995,12.7,3,Moulin_et_al_2011_Mar_Pollut_Bull__NA__NA,ZOO_STUDY_0360,ZOO_ES_003160,ZOO_STUDY_0360__Paracentrotus_lividus__Urchin_larvae__CO2507.99__T12.70__NC3,ZOO_COMMON_00626,0,1.735388032764126e-5,240.04999479275142,4.25
Leung et al. 2022,"Moulin et al., 2011. Mar Pollut Bull",NA,NA,NA,Zooplankton,Meroplankton,Urchin larvae,Paracentrotus lividus,pH,3,3,507.98999999999995,12.7,1743.8799999999999,12.7,Normal larvae,positive,NA,Development,98,0.5,95,0.5,-0.03109058707003112,1.79e-5,NA,NA,Yes,NA,NA,NA,,1235.8899999999999,0,Moulin_et_al_2011_Mar_Pollut_Bull,NA,Paracentrotus_lividus,Urchin_larvae,NA,507.98999999999995,12.7,3,Moulin_et_al_2011_Mar_Pollut_Bull__NA__NA,ZOO_STUDY_0360,ZOO_ES_003163,ZOO_STUDY_0360__Paracentrotus_lividus__Urchin_larvae__CO2507.99__T12.70__NC3,ZOO_COMMON_00626,-0.03109058707003112,1.7910550505464215e-5,236.29010356800478,4.25
Leung et al. 2022,"Moura et al., 2019. Front Physiol",NA,Cuttlefish Early Development and Behavior Under Future High CO2 Conditions,https://www.frontiersin.org/journals/physiology/articles/10.3389/fphys.2019.00975/full,Zooplankton,Meroplankton,Cephalopod larvae,Sepia officinalis,pH,3,3,461.6,17.8,1016.3,17.9,Developmental time,negative,NA,Development,58,10.5,60,10.5,0.033901551675681416,0.0211,NA,NA,Yes,NA,NA,NA,,554.6999999999999,0.09999999999999787,Moura_et_al_2019_Front_Physiol,Cuttlefish_Early_Development_and_Behavior_Under_Future_High_CO2_Conditions,Sepia_officinalis,Cephalopod_larvae,NA,461.6,17.8,3,Moura_et_al_2019_Front_Physiol__NA__Cuttlefish_Early_Development_and_Behavior_Under_Future_High_CO2_Conditions,ZOO_STUDY_0362,ZOO_ES_003165,ZOO_STUDY_0362__Sepia_officinalis__Cephalopod_larvae__CO2461.60__T17.80__NC3,ZOO_COMMON_00629,0.033901551675681416,0.021132827982560443,6.878934766416476,2.75
Leung et al. 2022,"Onitsuka et al., 2018. Mar Environ Res",NA,NA,NA,Zooplankton,Meroplankton,Gastropod larvae,Haliotis discus hanttai,pH,3,3,430.5,20,721.3,20,Malformation rate,negative,NA,Development,1,0.17320508075688773,6,2.598076211353316,1.791759469228055,1.81e-5,NA,NA,Yes,NA,NA,NA,,290.79999999999995,0,Onitsuka_et_al_2018_Mar_Environ_Res,NA,Haliotis_discus_hanttai,Gastropod_larvae,NA,430.5,20,3,Onitsuka_et_al_2018_Mar_Environ_Res__NA__NA,ZOO_STUDY_0384,ZOO_ES_003188,ZOO_STUDY_0384__Haliotis_discus_hanttai__Gastropod_larvae__CO2430.50__T20.00__NC3,ZOO_COMMON_00663,1.791759469228055,0.0725,3.7139067635410377,2
Leung et al. 2022,"Parker et al., 2012. Glob Change Biol",NA,NA,NA,Zooplankton,Meroplankton,Bivalve larvae,Saccostrea glomerata,pH,3,3,380,24,856,24,Larval development (Umbonate larvae) (F1),ambiguous,NA,Development,87.5,2.598076211353316,90,15.588457268119894,0.028170876966696224,1.24e-4,NA,NA,Yes,NA,NA,NA,,476,0,Parker_et_al_2012_Glob_Change_Biol,NA,Saccostrea_glomerata,Bivalve_larvae,NA,380,24,3,Parker_et_al_2012_Glob_Change_Biol__NA__NA,ZOO_STUDY_0401,ZOO_ES_003224,ZOO_STUDY_0401__Saccostrea_glomerata__Bivalve_larvae__CO2380.00__T24.00__NC3,ZOO_COMMON_00694,0.028170876966696224,0.010293877551020406,9.856222548132667,3.5
Leung et al. 2022,"Parker et al., 2012. Glob Change Biol",NA,NA,https://www.researchgate.net/figure/Shell-length-of-F2-control-and-F2-transgen-Saccostrea-glomerata-larvae-reared-at-ambient_fig6_280029936?utm_source=chatgpt.com,Zooplankton,Meroplankton,Bivalve larvae,Saccostrea glomerata,pH,3,3,380,24,856,24,Larval development (Umbonate larvae) (F1),ambiguous,NA,Development,60,0,50,10.392304845413264,-0.1823215567939546,0.0144,NA,NA,Yes,NA,NA,NA,,476,0,Parker_et_al_2012_Glob_Change_Biol,NA,Saccostrea_glomerata,Bivalve_larvae,NA,380,24,3,Parker_et_al_2012_Glob_Change_Biol__NA__NA,ZOO_STUDY_0401,ZOO_ES_003225,ZOO_STUDY_0401__Saccostrea_glomerata__Bivalve_larvae__CO2380.00__T24.00__NC3,ZOO_COMMON_00694,-0.1823215567939546,0.0144,8.333333333333334,2.75
Leung et al. 2022,"Pereira et al., 2020. Mar Environ Res",NA,NA,NA,Zooplankton,Meroplankton,Urchin larvae,Echinometra lucunter,pH,5,5,5.06,26,35.120000000000005,26,Pluteus development rate,ambiguous,NA,Development,80,2.07,79.5,6.06,-0.006269613013595374,0.00109,NA,NA,Yes,NA,NA,NA,,30.060000000000006,0,Pereira_et_al_2020_Mar_Environ_Res,NA,Echinometra_lucunter,Urchin_larvae,NA,5.06,26,5,Pereira_et_al_2020_Mar_Environ_Res__NA__NA,ZOO_STUDY_0416,ZOO_ES_003245,ZOO_STUDY_0416__Echinometra_lucunter__Urchin_larvae__CO25.06__T26.00__NC5,ZOO_COMMON_00717,-0.006269613013595374,0.0012959963966269134,27.77781639425369,4.25
Leung et al. 2022,"Pereira et al., 2020. Mar Environ Res",NA,NA,NA,Zooplankton,Meroplankton,Urchin larvae,Echinometra lucunter,pH,5,5,5.06,26,97.73,26,Pluteus development rate,ambiguous,NA,Development,80,2.07,63,9.58,-0.23889190828234896,0.00359,NA,NA,Yes,NA,NA,NA,,92.67,0,Pereira_et_al_2020_Mar_Environ_Res,NA,Echinometra_lucunter,Urchin_larvae,NA,5.06,26,5,Pereira_et_al_2020_Mar_Environ_Res__NA__NA,ZOO_STUDY_0416,ZOO_ES_003247,ZOO_STUDY_0416__Echinometra_lucunter__Urchin_larvae__CO25.06__T26.00__NC5,ZOO_COMMON_00717,-0.23889190828234896,0.004758564248708743,14.496462328728823,3.5
Leung et al. 2022,"Ragg et al., 2019. J Shellfish Res",NA,NA,NA,Zooplankton,Meroplankton,Bivalve larvae,Perna canaliculus,pH,3,3,359,17,638.4,17,Malformed larvae,negative,NA,Development,3,0.17320508075688773,10,8.660254037844386,1.2039728043259361,NA,NA,NA,Yes,NA,NA,NA,,279.4,0,Ragg_et_al_2019_J_Shellfish_Res,NA,Perna_canaliculus,Bivalve_larvae,NA,359,17,3,Ragg_et_al_2019_J_Shellfish_Res__NA__NA,ZOO_STUDY_0430,ZOO_ES_003271,ZOO_STUDY_0430__Perna_canaliculus__Bivalve_larvae__CO2359.00__T17.00__NC3,ZOO_COMMON_00741,1.2039728043259361,0.25111111111111106,1.995570315713218,2.5
Leung et al. 2022,"Ragg et al., 2019. J Shellfish Res",NA,NA,NA,Zooplankton,Meroplankton,Bivalve larvae,Perna canaliculus,pH,3,3,359,17,2835.9,17,Malformed larvae,negative,NA,Development,3,0.17320508075688773,6,5.196152422706632,0.6931471805599453,3.88e-4,NA,NA,Yes,NA,NA,NA,,2476.9,0,Ragg_et_al_2019_J_Shellfish_Res,NA,Perna_canaliculus,Bivalve_larvae,NA,359,17,3,Ragg_et_al_2019_J_Shellfish_Res__NA__NA,ZOO_STUDY_0430,ZOO_ES_003272,ZOO_STUDY_0430__Perna_canaliculus__Bivalve_larvae__CO2359.00__T17.00__NC3,ZOO_COMMON_00741,0.6931471805599453,0.2511111111111111,1.9955703157132176,2.5
Leung et al. 2022,"Rosa et al., 2013. Proc R Soc B",NA,NA,NA,Zooplankton,Meroplankton,Cephalopod larvae,Sepia officinalis,pH,3,3,500,18,1600,18,Development time,negative,NA,Development,49,3,47.5,1.5,-0.03109058707003112,0.0153,NA,NA,Yes,NA,NA,NA,,1100,0,Rosa_et_al_2013_Proc_R_Soc_B,NA,Sepia_officinalis,Cephalopod_larvae,NA,500,18,3,Rosa_et_al_2013_Proc_R_Soc_B__NA__NA,ZOO_STUDY_0442,ZOO_ES_003295,ZOO_STUDY_0442__Sepia_officinalis__Cephalopod_larvae__CO2500.00__T18.00__NC3,ZOO_COMMON_00762,-0.03109058707003112,0.0015818893558893399,25.142702005673524,4.25
Leung et al. 2022,"Scanes et al., 2014. Plos One",NA,NA,NA,Zooplankton,Meroplankton,Bivalve larvae,Mimachlamys asperrima,pH,4,4,384.1,20,1442.1,20,Larval development (trochophore larvae),ambiguous,NA,Development,86,8,50,13,-0.5423242908253616,4.84e-4,NA,NA,Yes,NA,NA,NA,,1058,0,Scanes_et_al_2014_Plos_One,NA,Mimachlamys_asperrima,Bivalve_larvae,NA,384.1,20,4,Scanes_et_al_2014_Plos_One__NA__NA,ZOO_STUDY_0451,ZOO_ES_003318,ZOO_STUDY_0451__Mimachlamys_asperrima__Bivalve_larvae__CO2384.10__T20.00__NC4,ZOO_COMMON_00782,-0.5423242908253616,0.019063331530557056,7.242701717182011,2.75
Leung et al. 2022,"Schiffer et al., 2013. Mar Biol",NA,NA,NA,Zooplankton,Meroplankton,Crustacean larvae,Hyas araneus,pH,3,3,489,6.13,1026,5.96,Median developmental time,ambiguous,NA,Development,45,1,43,4,-0.04546237407675729,9.2e-4,NA,NA,Yes,NA,NA,NA,,537,-0.16999999999999993,Schiffer_et_al_2013_Mar_Biol,NA,Hyas_araneus,Crustacean_larvae,NA,489,6.13,3,Schiffer_et_al_2013_Mar_Biol__NA__NA,ZOO_STUDY_0453,ZOO_ES_003324,ZOO_STUDY_0453__Hyas_araneus__Crustacean_larvae__CO2489.00__T6.13__NC3,ZOO_COMMON_00784,-0.04546237407675729,0.003049051094240686,18.10996658365255,3.5
Leung et al. 2022,"Schiffer et al., 2013. Mar Biol",NA,NA,NA,Zooplankton,Meroplankton,Crustacean larvae,Hyas araneus,pH,3,3,489,6.13,2343,6.3,Median developmental time,ambiguous,NA,Development,45,1,42,2,-0.06899287148695143,0.00305,NA,NA,Yes,NA,NA,NA,,1854,0.16999999999999993,Schiffer_et_al_2013_Mar_Biol,NA,Hyas_araneus,Crustacean_larvae,NA,489,6.13,3,Schiffer_et_al_2013_Mar_Biol__NA__NA,ZOO_STUDY_0453,ZOO_ES_003325,ZOO_STUDY_0453__Hyas_araneus__Crustacean_larvae__CO2489.00__T6.13__NC3,ZOO_COMMON_00784,-0.06899287148695143,9.20466952212984e-4,32.96066002811611,4.25
Leung et al. 2022,"Schiffer et al., 2014. Mar Ecol Prog Ser",NA,NA,NA,Zooplankton,Meroplankton,Crustacean larvae,Hyas araneus,pH,6,6,349,4.5,3103,4.4,Larval development to moulting,ambiguous,NA,Development,53,3,65,7.5,0.20409535634351522,0.10557128,NA,NA,Yes,NA,NA,NA,,2754,-0.09999999999999964,Schiffer_et_al_2014_Mar_Ecol_Prog_Ser,NA,Hyas_araneus,Crustacean_larvae,NA,349,4.5,6,Schiffer_et_al_2014_Mar_Ecol_Prog_Ser__NA__NA,ZOO_STUDY_0455,ZOO_ES_003331,ZOO_STUDY_0455__Hyas_araneus__Crustacean_larvae__CO2349.00__T4.50__NC6,ZOO_COMMON_00786,0.20409535634351522,0.0027529327752511476,19.059091578137597,3.5
Leung et al. 2022,"Schutter et al., 2015. J Mar Sci Eng",NA,NA,NA,Zooplankton,Meroplankton,Coral larvae,Acropora hyacinthus (Lyudao),pH,5,5,403.95,27,933.75,27,Abnormal embryo development,positive,NA,Development,7,5,5,5,-0.3364722366212129,NA,NA,NA,Yes,NA,NA,NA,,529.8,0,Schutter_et_al_2015_J_Mar_Sci_Eng,NA,Acropora_hyacinthus_Lyudao_,Coral_larvae,NA,403.95,27,5,Schutter_et_al_2015_J_Mar_Sci_Eng__NA__NA,ZOO_STUDY_0461,ZOO_ES_003377,ZOO_STUDY_0461__Acropora_hyacinthus_Lyudao___Coral_larvae__CO2403.95__T27.00__NC5,ZOO_COMMON_00801,-0.3364722366212129,0.3020408163265306,1.819563357185127,2.5
Leung et al. 2022,"Schutter et al., 2015. J Mar Sci Eng",NA,NA,NA,Zooplankton,Meroplankton,Coral larvae,Acropora hyacinthus (Kochi),pH,5,5,478,26.84,1034,26.779999999999998,Early development success,positive,NA,Development,12,5,8,2,-0.40546510810816444,0.05,NA,NA,Yes,NA,NA,NA,,556,-0.060000000000002274,Schutter_et_al_2015_J_Mar_Sci_Eng,NA,Acropora_hyacinthus_Kochi_,Coral_larvae,NA,478,26.84,5,Schutter_et_al_2015_J_Mar_Sci_Eng__NA__NA,ZOO_STUDY_0461,ZOO_ES_003378,ZOO_STUDY_0461__Acropora_hyacinthus_Kochi___Coral_larvae__CO2478.00__T26.84__NC5,ZOO_COMMON_00799,-0.40546510810816444,0.04722222222222222,4.6017899330842225,2
Leung et al. 2022,"Schutter et al., 2015. J Mar Sci Eng",NA,NA,NA,Zooplankton,Meroplankton,Coral larvae,Favites abdita,pH,5,5,403.95,27,933.75,27,Early development success,positive,NA,Development,4,2,2,2,-0.6931471805599453,0.0222,NA,NA,Yes,NA,NA,NA,,529.8,0,Schutter_et_al_2015_J_Mar_Sci_Eng,NA,Favites_abdita,Coral_larvae,NA,403.95,27,5,Schutter_et_al_2015_J_Mar_Sci_Eng__NA__NA,ZOO_STUDY_0461,ZOO_ES_003379,ZOO_STUDY_0461__Favites_abdita__Coral_larvae__CO2403.95__T27.00__NC5,ZOO_COMMON_00803,-0.6931471805599453,0.25,2,2.5
Leung et al. 2022,"Sewell et al., 2014. Environ Sci Technol",NA,NA,NA,Zooplankton,Meroplankton,Urchin larvae,Sterechinus neumayeri,pH,7,7,384.1,-1.07,666,-1.08,Normal embryonic development,positive,NA,Development,70.14285714285714,18.8540762297226,63.714285714285715,21.507473784046063,-0.0961251757744564,0.0266,NA,NA,Yes,NA,NA,NA,,281.9,-0.010000000000000009,Sewell_et_al_2014_Environ_Sci_Technol,NA,Sterechinus_neumayeri,Urchin_larvae,NA,384.1,-1.07,7,Sewell_et_al_2014_Environ_Sci_Technol__NA__NA,ZOO_STUDY_0465,ZOO_ES_003392,ZOO_STUDY_0465__Sterechinus_neumayeri__Urchin_larvae__CO2384.10__T-1.07__NC7,ZOO_COMMON_00807,-0.0961251757744564,0.026599793500000343,6.131417194475708,2.75
Leung et al. 2022,"Suckling et al., 2014a. Inverter Reprod Dev",NA,NA,NA,Zooplankton,Meroplankton,Urchin larvae,Psammechinus miliaris,pH,3,3,537,15.9,862,16,Abnormal development,ambiguous,NA,Development,3117,384.5152792802907,3035,284.05633244129587,-0.0266595762737385,0.0429,NA,NA,Yes,NA,NA,NA,,325,0.09999999999999964,Suckling_et_al_2014a_Inverter_Reprod_Dev,NA,Psammechinus_miliaris,Urchin_larvae,NA,537,15.9,3,Suckling_et_al_2014a_Inverter_Reprod_Dev__NA__NA,ZOO_STUDY_0483,ZOO_ES_003463,ZOO_STUDY_0483__Psammechinus_miliaris__Urchin_larvae__CO2537.00__T15.90__NC3,ZOO_COMMON_00831,-0.0266595762737385,0.007992535817752599,11.18555929606014,3.5
Leung et al. 2022,"Suckling et al., 2014a. Inverter Reprod Dev",NA,NA,NA,Zooplankton,Meroplankton,Urchin larvae,Psammechinus miliaris,pH,3,3,537,15.9,862,16,Larval development (8 arms),ambiguous,NA,Development,7126,315.23324697753566,6696,692.8203230275509,-0.06223973399647005,0.0769,NA,NA,Yes,NA,NA,NA,,325,0.09999999999999964,Suckling_et_al_2014a_Inverter_Reprod_Dev,NA,Psammechinus_miliaris,Urchin_larvae,NA,537,15.9,3,Suckling_et_al_2014a_Inverter_Reprod_Dev__NA__NA,ZOO_STUDY_0483,ZOO_ES_003464,ZOO_STUDY_0483__Psammechinus_miliaris__Urchin_larvae__CO2537.00__T15.90__NC3,ZOO_COMMON_00831,-0.06223973399647005,0.004220833517646026,15.392206766445106,3.5
Leung et al. 2022,"Suckling et al., 2015. J Anim Ecol",NA,NA,NA,Zooplankton,Meroplankton,Urchin larvae,Sterechinus neumayeri,pH,3,3,392,-0.3,1405,2.4,Larval development (abnormal),negative,NA,Development,7,5.196152422706632,26,6.928203230275509,1.3121863889661687,0.0132,NA,NA,Yes,NA,NA,NA,,1013,2.6999999999999997,Suckling_et_al_2015_J_Anim_Ecol,NA,Sterechinus_neumayeri,Urchin_larvae,NA,392,-0.3,3,Suckling_et_al_2015_J_Anim_Ecol__NA__NA,ZOO_STUDY_0484,ZOO_ES_003469,ZOO_STUDY_0484__Sterechinus_neumayeri__Urchin_larvae__CO2392.00__T-0.30__NC3,ZOO_COMMON_00832,1.3121863889661687,0.20734210844100953,2.196120898443984,2.5
Leung et al. 2022,"Suckling et al., 2015. J Anim Ecol",NA,NA,NA,Zooplankton,Meroplankton,Urchin larvae,Sterechinus neumayeri,pH,3,3,392,-0.3,928,2.1,Larval development (abnormal),ambiguous,NA,Development,7,5.196152422706632,14,5.196152422706632,0.6931471805599453,0.0183,NA,NA,Yes,NA,NA,NA,,536,2.4,Suckling_et_al_2015_J_Anim_Ecol,NA,Sterechinus_neumayeri,Urchin_larvae,NA,392,-0.3,3,Suckling_et_al_2015_J_Anim_Ecol__NA__NA,ZOO_STUDY_0484,ZOO_ES_003470,ZOO_STUDY_0484__Sterechinus_neumayeri__Urchin_larvae__CO2392.00__T-0.30__NC3,ZOO_COMMON_00832,0.6931471805599453,0.22959183673469388,2.0869967789998034,2.5
Leung et al. 2022,"Suckling et al., 2015. J Anim Ecol",NA,NA,https://www.researchgate.net/publication/364826154_Ocean_acidification_does_not_overlook_sex_Review_of_understudied_effects_and_implications_of_low_pH_on_marine_invertebrate_sexual_reproduction?utm_source=chatgpt.com,Zooplankton,Meroplankton,Urchin larvae,Sterechinus neumayeri,pH,3,3,392,-0.3,928,2.1,Larval development (pluteus),ambiguous,NA,Development,34,22.516660498395403,27,8.660254037844386,-0.23052365861183238,0.207342108,NA,NA,Yes,NA,NA,NA,,536,2.4,Suckling_et_al_2015_J_Anim_Ecol,NA,Sterechinus_neumayeri,Urchin_larvae,NA,392,-0.3,3,Suckling_et_al_2015_J_Anim_Ecol__NA__NA,ZOO_STUDY_0484,ZOO_ES_003472,ZOO_STUDY_0484__Sterechinus_neumayeri__Urchin_larvae__CO2392.00__T-0.30__NC3,ZOO_COMMON_00832,-0.23052365861183238,0.1804873244383689,2.3538384160600025,2.5
Leung et al. 2022,"Suckling et al., 2015. J Anim Ecol",NA,NA,https://www.researchgate.net/publication/364826154_Ocean_acidification_does_not_overlook_sex_Review_of_understudied_effects_and_implications_of_low_pH_on_marine_invertebrate_sexual_reproduction?utm_source=chatgpt.com,Zooplankton,Meroplankton,Urchin larvae,Sterechinus neumayeri,pH,3,3,392,-0.3,1405,2.4,Larval development (pluteus),ambiguous,NA,Development,34,22.516660498395403,8,13.856406460551018,-1.4469189829363254,0.229591837,NA,NA,Yes,NA,NA,NA,,1013,2.6999999999999997,Suckling_et_al_2015_J_Anim_Ecol,NA,Sterechinus_neumayeri,Urchin_larvae,NA,392,-0.3,3,Suckling_et_al_2015_J_Anim_Ecol__NA__NA,ZOO_STUDY_0484,ZOO_ES_003473,ZOO_STUDY_0484__Sterechinus_neumayeri__Urchin_larvae__CO2392.00__T-0.30__NC3,ZOO_COMMON_00832,-1.4469189829363254,1.1461937716262975,0.9340518348510853,2.5
Leung et al. 2022,"Sui et al., 2019. J Ocean Univ China",NA,NA,NA,Zooplankton,Meroplankton,Bivalve larvae,Cyclina sinensis,pH,3,3,368,25.1,2631,25.06,Abnormal larvae,negative,NA,Development,18,4,30,4.5,0.5108256237659907,0.0036,NA,NA,Yes,NA,NA,NA,,2263,-0.0400000000000027,Sui_et_al_2019_J_Ocean_Univ_China,NA,Cyclina_sinensis,Bivalve_larvae,NA,368,25.1,3,Sui_et_al_2019_J_Ocean_Univ_China__NA__NA,ZOO_STUDY_0486,ZOO_ES_003480,ZOO_STUDY_0486__Cyclina_sinensis__Bivalve_larvae__CO2368.00__T25.10__NC3,ZOO_COMMON_00835,0.5108256237659907,0.02396090534979424,6.460236068783038,2.75
Leung et al. 2022,"Sui et al., 2019. J Ocean Univ China",NA,NA,NA,Zooplankton,Meroplankton,Bivalve larvae,Cyclina sinensis,pH,3,3,368,25.1,872,25.08,Abnormal larvae,negative,NA,Development,18,4,17,5,-0.05715841383994864,2.02e-4,NA,NA,Yes,NA,NA,NA,,504,-0.020000000000003126,Sui_et_al_2019_J_Ocean_Univ_China,NA,Cyclina_sinensis,Bivalve_larvae,NA,368,25.1,3,Sui_et_al_2019_J_Ocean_Univ_China__NA__NA,ZOO_STUDY_0486,ZOO_ES_003481,ZOO_STUDY_0486__Cyclina_sinensis__Bivalve_larvae__CO2368.00__T25.10__NC3,ZOO_COMMON_00835,-0.05715841383994864,0.0452959687869338,4.698618925289934,2
Leung et al. 2022,"Sui et al., 2019. J Ocean Univ China",NA,NA,NA,Zooplankton,Meroplankton,Bivalve larvae,Cyclina sinensis,pH,3,3,368,25.1,872,25.08,Larval development (crawl stage),ambiguous,NA,Development,23,2,22,2,-0.04445176257083381,2.32e-5,NA,NA,Yes,NA,NA,NA,,504,-0.020000000000003126,Sui_et_al_2019_J_Ocean_Univ_China,NA,Cyclina_sinensis,Bivalve_larvae,NA,368,25.1,3,Sui_et_al_2019_J_Ocean_Univ_China__NA__NA,ZOO_STUDY_0486,ZOO_ES_003482,ZOO_STUDY_0486__Cyclina_sinensis__Bivalve_larvae__CO2368.00__T25.10__NC3,ZOO_COMMON_00835,-0.04445176257083381,0.0052752998276284066,13.7681765348132,3.5
Leung et al. 2022,"Sui et al., 2019. J Ocean Univ China",NA,NA,NA,Zooplankton,Meroplankton,Bivalve larvae,Cyclina sinensis,pH,3,3,368,25.1,2631,25.06,Larval development (crawl stage),ambiguous,NA,Development,23,2,8.67,3.5,-0.9756254251366993,1.85e-4,NA,NA,Yes,NA,NA,NA,,2263,-0.0400000000000027,Sui_et_al_2019_J_Ocean_Univ_China,NA,Cyclina_sinensis,Bivalve_larvae,NA,368,25.1,3,Sui_et_al_2019_J_Ocean_Univ_China__NA__NA,ZOO_STUDY_0486,ZOO_ES_003483,ZOO_STUDY_0486__Cyclina_sinensis__Bivalve_larvae__CO2368.00__T25.10__NC3,ZOO_COMMON_00835,-0.9756254251366993,0.05684258994134833,4.194334582064734,2
Leung et al. 2022,"Uthicke et al., 2013. Mar Biol",NA,NA,NA,Zooplankton,Meroplankton,Urchin larvae,Echinometra mathaei,pH,6,6,487,27,1768,27,Arm asymetry,negative,NA,Development,6.7,1.224744871391589,13.5,3.429285639896449,0.7005821590474633,0.0681,NA,NA,Yes,NA,NA,NA,,1281,0,Uthicke_et_al_2013_Mar_Biol,NA,Echinometra_mathaei,Urchin_larvae,NA,487,27,6,Uthicke_et_al_2013_Mar_Biol__NA__NA,ZOO_STUDY_0512,ZOO_ES_003548,ZOO_STUDY_0512__Echinometra_mathaei__Urchin_larvae__CO2487.00__T27.00__NC6,ZOO_COMMON_00888,0.7005821590474633,0.016323627241838834,7.826933889643808,2.75
Leung et al. 2022,"Uthicke et al., 2013. Mar Biol",NA,NA,NA,Zooplankton,Meroplankton,Urchin larvae,Echinometra mathaei,pH,6,6,487,27,1261,27,Arm asymetry,negative,NA,Development,6.7,1.224744871391589,8,4.898979485566356,0.17733401528291545,0.0163,NA,NA,Yes,NA,NA,NA,,774,0,Uthicke_et_al_2013_Mar_Biol,NA,Echinometra_mathaei,Urchin_larvae,NA,487,27,6,Uthicke_et_al_2013_Mar_Biol__NA__NA,ZOO_STUDY_0512,ZOO_ES_003549,ZOO_STUDY_0512__Echinometra_mathaei__Urchin_larvae__CO2487.00__T27.00__NC6,ZOO_COMMON_00888,0.17733401528291545,0.06806916907997326,3.8328760536050526,2
Leung et al. 2022,"Uthicke et al., 2013. Mar Biol",NA,NA,NA,Zooplankton,Meroplankton,Urchin larvae,Echinometra mathaei,pH,6,6,487,27,1261,27,Normal larvae,positive,NA,Development,97.7,1.7249999999999999,93,1.5,-0.04930206589548114,0.00178,NA,NA,Yes,NA,NA,NA,,774,0,Uthicke_et_al_2013_Mar_Biol,NA,Echinometra_mathaei,Urchin_larvae,NA,487,27,6,Uthicke_et_al_2013_Mar_Biol__NA__NA,ZOO_STUDY_0512,ZOO_ES_003552,ZOO_STUDY_0512__Echinometra_mathaei__Urchin_larvae__CO2487.00__T27.00__NC6,ZOO_COMMON_00888,-0.04930206589548114,9.531386636663821e-5,102.42876975745276,4.25
Leung et al. 2022,"Uthicke et al., 2013. Mar Biol",NA,NA,NA,Zooplankton,Meroplankton,Urchin larvae,Echinometra mathaei,pH,6,6,487,27,1768,27,Normal larvae,positive,NA,Development,97.7,1.7249999999999999,88,4.5,-0.10456474457053064,9.64e-4,NA,NA,Yes,NA,NA,NA,,1281,0,Uthicke_et_al_2013_Mar_Biol,NA,Echinometra_mathaei,Urchin_larvae,NA,487,27,6,Uthicke_et_al_2013_Mar_Biol__NA__NA,ZOO_STUDY_0512,ZOO_ES_003553,ZOO_STUDY_0512__Echinometra_mathaei__Urchin_larvae__CO2487.00__T27.00__NC6,ZOO_COMMON_00888,-0.10456474457053064,4.877775337614261e-4,45.27819476093966,4.25
Leung et al. 2022,"Ventura et al., 2016. Sci Rep",NA,NA,NA,Zooplankton,Meroplankton,Bivalve larvae,Mytilus edulis,pH,3,3,340,9.2,1195,9.4,Abnormal larvae,negative,NA,Development,14.2,5.733088173052984,27.39,19.34700752054436,0.6569360186677718,0.0234,NA,NA,Yes,NA,NA,NA,,855,0.20000000000000107,Ventura_et_al_2016_Sci_Rep,NA,Mytilus_edulis,Bivalve_larvae,NA,340,9.2,3,Ventura_et_al_2016_Sci_Rep__NA__NA,ZOO_STUDY_0524,ZOO_ES_003577,ZOO_STUDY_0524__Mytilus_edulis__Bivalve_larvae__CO2340.00__T9.20__NC3,ZOO_COMMON_00912,0.6569360186677718,0.22064645382327402,2.128881676740609,2.5
Leung et al. 2022,"Ventura et al., 2016. Sci Rep",NA,NA,NA,Zooplankton,Meroplankton,Bivalve larvae,Mytilus edulis,pH,3,3,340,9.2,683,10.05,Abnormal larvae,negative,NA,Development,14.2,5.733088173052984,15.76,5.6811266488259164,0.1042331198225181,0.0976,NA,NA,Yes,NA,NA,NA,,343,0.8500000000000014,Ventura_et_al_2016_Sci_Rep,NA,Mytilus_edulis,Bivalve_larvae,NA,340,9.2,3,Ventura_et_al_2016_Sci_Rep__NA__NA,ZOO_STUDY_0524,ZOO_ES_003578,ZOO_STUDY_0524__Mytilus_edulis__Bivalve_larvae__CO2340.00__T9.20__NC3,ZOO_COMMON_00912,0.1042331198225181,0.09764964842722922,3.2001081656523147,2
Leung et al. 2022,"Ventura et al., 2016. Sci Rep",NA,NA,NA,Zooplankton,Meroplankton,Bivalve larvae,Mytilus edulis,pH,3,3,340,9.2,683,10.05,Larval development (D-shaped veliger stage),ambiguous,NA,Development,84.01,3.117691453623979,83.77,5.577203600371785,-0.0028608912110377146,0.184831919,NA,NA,Yes,NA,NA,NA,,343,0.8500000000000014,Ventura_et_al_2016_Sci_Rep,NA,Mytilus_edulis,Bivalve_larvae,NA,340,9.2,3,Ventura_et_al_2016_Sci_Rep__NA__NA,ZOO_STUDY_0524,ZOO_ES_003579,ZOO_STUDY_0524__Mytilus_edulis__Bivalve_larvae__CO2340.00__T9.20__NC3,ZOO_COMMON_00912,-0.0028608912110377146,0.0019365989367375446,22.723757995607162,3.5
Leung et al. 2022,"Ventura et al., 2016. Sci Rep",NA,NA,NA,Zooplankton,Meroplankton,Bivalve larvae,Mytilus edulis,pH,3,3,340,9.2,1195,9.4,Larval development (D-shaped veliger stage),ambiguous,NA,Development,84.01,3.117691453623979,42.06,31.28083758469392,-0.691838669102202,0.220646454,NA,NA,Yes,NA,NA,NA,,855,0.20000000000000107,Ventura_et_al_2016_Sci_Rep,NA,Mytilus_edulis,Bivalve_larvae,NA,340,9.2,3,Ventura_et_al_2016_Sci_Rep__NA__NA,ZOO_STUDY_0524,ZOO_ES_003580,ZOO_STUDY_0524__Mytilus_edulis__Bivalve_larvae__CO2340.00__T9.20__NC3,ZOO_COMMON_00912,-0.691838669102202,0.18483191853764955,2.3260096612195857,2.5
Leung et al. 2022,"Waller et al., 2017. ICES J Mar Sci",NA,NA,NA,Zooplankton,Meroplankton,Crustacean larvae,Homarus americanus,pH,3,3,360,16.2,593,16.1,Larval development (Stage IV),ambiguous,NA,Development,26,6,25.5,0.5,-0.019418085857101627,0.0179,NA,NA,Yes,NA,NA,NA,,233,-0.09999999999999787,Waller_et_al_2017_ICES_J_Mar_Sci,NA,Homarus_americanus,Crustacean_larvae,NA,360,16.2,3,Waller_et_al_2017_ICES_J_Mar_Sci__NA__NA,ZOO_STUDY_0531,ZOO_ES_003626,ZOO_STUDY_0531__Homarus_americanus__Crustacean_larvae__CO2360.00__T16.20__NC3,ZOO_COMMON_00931,-0.019418085857101627,0.017879635127439227,7.478606352329993,2.75
Leung et al. 2022,"Wang et al., 2016. J Ocean Univ China",NA,NA,NA,Zooplankton,Meroplankton,Bivalve larvae,Argopecten irradias,pH,3,3,259.6,20.1,1439.5,20.2,Abnormal development,negative,NA,Development,15.7,3.1,46,6,1.0749806841348326,0.0019,NA,NA,Yes,NA,NA,NA,,1179.9,0.09999999999999787,Wang_et_al_2016_J_Ocean_Univ_China,NA,Argopecten_irradias,Bivalve_larvae,NA,259.6,20.1,3,Wang_et_al_2016_J_Ocean_Univ_China__NA__NA,ZOO_STUDY_0536,ZOO_ES_003639,ZOO_STUDY_0536__Argopecten_irradias__Bivalve_larvae__CO2259.60__T20.10__NC3,ZOO_COMMON_00938,1.0749806841348326,0.018666871789821984,7.319210332773102,2.75
Leung et al. 2022,"Wang et al., 2016. J Ocean Univ China",NA,NA,NA,Zooplankton,Meroplankton,Bivalve larvae,Argopecten irradias,pH,3,3,259.6,20.1,1439.5,20.2,Larval development (D-shaped),ambiguous,NA,Development,46,14,11,7,-1.4307461236907244,0.0013,NA,NA,Yes,NA,NA,NA,,1179.9,0.09999999999999787,Wang_et_al_2016_J_Ocean_Univ_China,NA,Argopecten_irradias,Bivalve_larvae,NA,259.6,20.1,3,Wang_et_al_2016_J_Ocean_Univ_China__NA__NA,ZOO_STUDY_0536,ZOO_ES_003640,ZOO_STUDY_0536__Argopecten_irradias__Bivalve_larvae__CO2259.60__T20.10__NC3,ZOO_COMMON_00938,-1.4307461236907244,0.1658620923099356,2.455423625473566,2.5
Leung et al. 2022,"Wang et al., 2020. Helgol Mar Res",NA,NA,NA,Zooplankton,Meroplankton,Bivalve larvae,Mytilus coruscus,pH,3,3,362,20,2827,20,Deformed larvae,negative,NA,Development,7,1,15.8,2.2,0.8140997909776078,0.0014,NA,NA,Yes,NA,NA,NA,,2465,0,Wang_et_al_2020_Helgol_Mar_Res,NA,Mytilus_coruscus,Bivalve_larvae,NA,362,20,3,Wang_et_al_2020_Helgol_Mar_Res__NA__NA,ZOO_STUDY_0537,ZOO_ES_003643,ZOO_STUDY_0537__Mytilus_coruscus__Bivalve_larvae__CO2362.00__T20.00__NC3,ZOO_COMMON_00939,0.8140997909776078,0.013265360622698046,8.682413585500264,2.75
Leung et al. 2022,"Wang et al., 2020. Helgol Mar Res",NA,NA,NA,Zooplankton,Meroplankton,Bivalve larvae,Mytilus coruscus,pH,3,3,362,20,1005,20,Deformed larvae,negative,NA,Development,7,1,12.3,1.4,0.5636891133230586,0.00382,NA,NA,Yes,NA,NA,NA,,643,0,Wang_et_al_2020_Helgol_Mar_Res,NA,Mytilus_coruscus,Bivalve_larvae,NA,362,20,3,Wang_et_al_2020_Helgol_Mar_Res__NA__NA,ZOO_STUDY_0537,ZOO_ES_003644,ZOO_STUDY_0537__Mytilus_coruscus__Bivalve_larvae__CO2362.00__T20.00__NC3,ZOO_COMMON_00939,0.5636891133230586,0.011121138256346889,9.482555212273683,2.75
Leung et al. 2022,"Zhan et al., 2016. Mar Pollut Bull",NA,NA,NA,Zooplankton,Meroplankton,Urchin larvae,Strongylocentrotus intermedius,pH,3,3,693.53,20.6,1442.7,20.6,Number of embryos per egg (16-cell stage),ambiguous,NA,Development,43.5,2.5,37,1.5,-0.161843025450414,0.00209,NA,NA,Yes,NA,NA,NA,,749.1700000000001,0,Zhan_et_al_2016_Mar_Pollut_Bull,NA,Strongylocentrotus_intermedius,Urchin_larvae,NA,693.53,20.6,3,Zhan_et_al_2016_Mar_Pollut_Bull__NA__NA,ZOO_STUDY_0557,ZOO_ES_003683,ZOO_STUDY_0557__Strongylocentrotus_intermedius__Urchin_larvae__CO2693.53__T20.60__NC3,ZOO_COMMON_00969,-0.161843025450414,0.0016488272184515395,24.627051918926664,3.5
Leung et al. 2022,"Zhan et al., 2016. Mar Pollut Bull",NA,NA,NA,Zooplankton,Meroplankton,Urchin larvae,Strongylocentrotus intermedius,pH,3,3,693.53,20.6,1799.24,20.6,Number of embryos per egg (16-cell stage),ambiguous,NA,Development,43.5,2.5,19,4,-0.8283219589281979,0.00256,NA,NA,Yes,NA,NA,NA,,1105.71,0,Zhan_et_al_2016_Mar_Pollut_Bull,NA,Strongylocentrotus_intermedius,Urchin_larvae,NA,693.53,20.6,3,Zhan_et_al_2016_Mar_Pollut_Bull__NA__NA,ZOO_STUDY_0557,ZOO_ES_003684,ZOO_STUDY_0557__Strongylocentrotus_intermedius__Urchin_larvae__CO2693.53__T20.60__NC3,ZOO_COMMON_00969,-0.8283219589281979,0.015874758622641535,7.936818240711399,2.75
Leung et al. 2022,"Zhan et al., 2017. Aquacult Int",NA,NA,NA,Zooplankton,Meroplankton,Urchin larvae,Hemicentrotus pulcherrimus,pH,3,3,404.5,12.56,1458,12.56,Abnormal embryos (8-cell stage),negative,NA,Development,16,0.5,25,2,0.44628710262841953,0.00683,NA,NA,Yes,NA,NA,NA,,1053.5,0,Zhan_et_al_2017_Aquacult_Int,NA,Hemicentrotus_pulcherrimus,Urchin_larvae,NA,404.5,12.56,3,Zhan_et_al_2017_Aquacult_Int__NA__NA,ZOO_STUDY_0558,ZOO_ES_003687,ZOO_STUDY_0558__Hemicentrotus_pulcherrimus__Urchin_larvae__CO2404.50__T12.56__NC3,ZOO_COMMON_00970,0.44628710262841953,0.002458854166666667,20.166643179776756,3.5
Leung et al. 2022,"Zhan et al., 2017. Aquacult Int",NA,NA,NA,Zooplankton,Meroplankton,Urchin larvae,Hemicentrotus pulcherrimus,pH,3,3,404.5,12.56,871.4,12.56,Abnormal embryos (8-cell stage),negative,NA,Development,16,0.5,21,2,0.27193371548364176,0.00786,NA,NA,Yes,NA,NA,NA,,466.9,0,Zhan_et_al_2017_Aquacult_Int,NA,Hemicentrotus_pulcherrimus,Urchin_larvae,NA,404.5,12.56,3,Zhan_et_al_2017_Aquacult_Int__NA__NA,ZOO_STUDY_0558,ZOO_ES_003688,ZOO_STUDY_0558__Hemicentrotus_pulcherrimus__Urchin_larvae__CO2404.50__T12.56__NC3,ZOO_COMMON_00970,0.27193371548364176,0.0033489524281935,17.280070531044068,3.5
Leung et al. 2022,"Zhan et al., 2018. J Oceanogr Limnol",NA,NA,NA,Zooplankton,Meroplankton,Urchin larvae,Glyptocidaris crenularis,pH,3,3,453.13,10.850000000000001,1674.1799999999998,10.850000000000001,Abnormal embryos,negative,NA,Development,7.69,4.38,36.85,1.61,1.566934835117793,0.015,NA,NA,Yes,NA,NA,NA,,1221.0499999999997,0,Zhan_et_al_2018_J_Oceanogr_Limnol,NA,Glyptocidaris_crenularis,Urchin_larvae,NA,453.13,10.850000000000001,3,Zhan_et_al_2018_J_Oceanogr_Limnol__NA__NA,ZOO_STUDY_0560,ZOO_ES_003699,ZOO_STUDY_0560__Glyptocidaris_crenularis__Urchin_larvae__CO2453.13__T10.85__NC3,ZOO_COMMON_00972,1.566934835117793,0.10877328307128954,3.032067613082505,2
Leung et al. 2022,"Zhan et al., 2018. J Oceanogr Limnol",NA,NA,NA,Zooplankton,Meroplankton,Urchin larvae,Glyptocidaris crenularis,pH,3,3,453.13,10.850000000000001,1006.8299999999999,10.850000000000001,Abnormal embryos,negative,NA,Development,7.69,4.38,30,1,1.3612765981446027,0.0232,NA,NA,Yes,NA,NA,NA,,553.6999999999999,0,Zhan_et_al_2018_J_Oceanogr_Limnol,NA,Glyptocidaris_crenularis,Urchin_larvae,NA,453.13,10.850000000000001,3,Zhan_et_al_2018_J_Oceanogr_Limnol__NA__NA,ZOO_STUDY_0560,ZOO_ES_003700,ZOO_STUDY_0560__Glyptocidaris_crenularis__Urchin_larvae__CO2453.13__T10.85__NC3,ZOO_COMMON_00972,1.3612765981446027,0.10850736283351892,3.0357807009737883,2
