Meta_analysis_reference,Author,Year,Title,Link,Biota_Group,Broad_subgroup,Group,Species,Treatment,N_C,N_T,C_value_CO2,C_value_Temp,T_value_CO2,T_value_Temp,Metric,Metric_Type,Unit,Response_category,Biota_C,Biota_C_sd,Biota_T,Biota_T_sd,Reference_ei,Reference_vei,Source_fig,Notes_1,Include,Rechecked?,Control_Treatment_Values,Notes_2,Duplicate,delta_CO2,delta_T,Author_clean,Title_clean,Species_clean,Group_clean,Year_clean,C_value_CO2_num,C_value_Temp_num,N_C_num,study_key,Study_ID,ES_ID,common_key,Common_id,yi,vi,Weight,BubbleSize
Alter et al. 2024,"Anlauf H, D´Croz L, O`Dea A",2011,NA,NA,Zooplankton,Meroplankton,Cnidaria,Porites panamensis,pH,5,5,487,28.4,861,28.4,Mortality,positive,% total planulae,Survival,45.9,10.95673309,56,41.81447118,-0.207,0.1888,NA,NA,Yes,NA,NA,NA,,374,0,Anlauf_H_D_Croz_L_O_Dea_A,NA,Porites_panamensis,Cnidaria,2011,487,28.4,5,Anlauf_H_D_Croz_L_O_Dea_A__2011__NA,ZOO_STUDY_0021,ZOO_ES_000041,ZOO_STUDY_0021__Porites_panamensis__Cnidaria__CO2487.00__T28.40__NC5,ZOO_COMMON_00029,0.19888657366864973,0.12290466733322736,2.852435364435984,2
Alter et al. 2024,"Baragi LV, Anil AC",2015,NA,NA,Zooplankton,Meroplankton,Arthropoda,Balanus amphitrite,pH,3,3,416,29.8,784,29.8,Mortality,positive,%,Survival,20.17,7.551741521,34.03,6.30466494,-0.191,0.006,NA,NA,Yes,NA,NA,NA,,368,0,Baragi_LV_Anil_AC,NA,Balanus_amphitrite,Arthropoda,2015,416,29.8,3,Baragi_LV_Anil_AC__2015__NA,ZOO_STUDY_0029,ZOO_ES_000077,ZOO_STUDY_0029__Balanus_amphitrite__Arthropoda__CO2416.00__T29.80__NC3,ZOO_COMMON_00043,0.523046136546694,0.05816766940969399,4.1462851696014456,2
Alter et al. 2024,"Baria MVB, Kurihara H, Harii S",2015,NA,NA,Zooplankton,Meroplankton,Cnidaria,Fungia fungites,pH,3,3,420,28.1,1746,28.1,Survival,positive,%,Survival,68.77,19.91858429,57.46,14.47994475,-0.18,0.0491,NA,NA,Yes,NA,NA,NA,,1326,0,Baria_MVB_Kurihara_H_Harii_S,NA,Fungia_fungites,Cnidaria,2015,420,28.1,3,Baria_MVB_Kurihara_H_Harii_S__2015__NA,ZOO_STUDY_0030,ZOO_ES_000092,ZOO_STUDY_0030__Fungia_fungites__Cnidaria__CO2420.00__T28.10__NC3,ZOO_COMMON_00044,-0.17967854978060113,0.049131965393081206,4.5114685205927,2
Alter et al. 2024,"Baria MVB, Kurihara H, Harii S",2015,NA,NA,Zooplankton,Meroplankton,Cnidaria,Fungia fungites,pH,3,3,420,28.1,1056,28.1,Survival,positive,%,Survival,68.77,19.91858429,61.53,5.438639536,-0.111,0.0305,NA,NA,Yes,NA,NA,NA,,636,0,Baria_MVB_Kurihara_H_Harii_S,NA,Fungia_fungites,Cnidaria,2015,420,28.1,3,Baria_MVB_Kurihara_H_Harii_S__2015__NA,ZOO_STUDY_0030,ZOO_ES_000093,ZOO_STUDY_0030__Fungia_fungites__Cnidaria__CO2420.00__T28.10__NC3,ZOO_COMMON_00044,-0.11124274257934569,0.030568159778979063,5.719595985118695,2.75
Alter et al. 2024,"Baria MVB, Kurihara H, Harii S",2015,NA,NA,Zooplankton,Meroplankton,Cnidaria,Lithophyllon repanda,pH,3,3,419,28.1,1054,28.1,Survival,positive,%,Survival,59.72,6.789639166,55.65,14.02961154,-0.071,0.0255,NA,NA,Yes,NA,NA,NA,,635,0,Baria_MVB_Kurihara_H_Harii_S,NA,Lithophyllon_repanda,Cnidaria,2015,419,28.1,3,Baria_MVB_Kurihara_H_Harii_S__2015__NA,ZOO_STUDY_0030,ZOO_ES_000094,ZOO_STUDY_0030__Lithophyllon_repanda__Cnidaria__CO2419.00__T28.10__NC3,ZOO_COMMON_00045,-0.07058489494943578,0.025494111783682053,6.262966044733272,2.75
Alter et al. 2024,"Baria MVB, Kurihara H, Harii S",2015,NA,NA,Zooplankton,Meroplankton,Cnidaria,Lithophyllon repanda,pH,3,3,419,28.1,1758,28.1,Survival,positive,%,Survival,59.72,6.789639166,57.01,6.321985448,-0.046,0.0084,NA,NA,Yes,NA,NA,NA,,1339,0,Baria_MVB_Kurihara_H_Harii_S,NA,Lithophyllon_repanda,Cnidaria,2015,419,28.1,3,Baria_MVB_Kurihara_H_Harii_S__2015__NA,ZOO_STUDY_0030,ZOO_ES_000095,ZOO_STUDY_0030__Lithophyllon_repanda__Cnidaria__CO2419.00__T28.10__NC3,ZOO_COMMON_00045,-0.04644028162749914,0.008407617945716202,10.905950338602635,3.5
Alter et al. 2024,"Byrne M, Gonzalez-Bernat M, Doo S, Foo S, Soars N, Lamare M",2013,NA,NA,Zooplankton,Meroplankton,Echinodermata,Patiriella regularis,pH,9,9,423,19,1738,19,Mortality,positive,%,Survival,35.13,3.75,62.66,9.54,-0.552,0.0076,NA,NA,Yes,NA,NA,NA,,1315,0,Byrne_M_Gonzalez_Bernat_M_Doo_S_Foo_S_Soars_N_Lamare_M,NA,Patiriella_regularis,Echinodermata,2013,423,19,9,Byrne_M_Gonzalez_Bernat_M_Doo_S_Foo_S_Soars_N_Lamare_M__2013__NA,ZOO_STUDY_0052,ZOO_ES_000181,ZOO_STUDY_0052__Patiriella_regularis__Echinodermata__CO2423.00__T19.00__NC9,ZOO_COMMON_00075,0.57866781924631,0.003841658114968693,16.13394765960581,3.5
Alter et al. 2024,"Byrne M, Gonzalez-Bernat M, Doo S, Foo S, Soars N, Lamare M",2013,NA,NA,Zooplankton,Meroplankton,Echinodermata,Patiriella regularis,pH,9,9,423,19,1058,19,Mortality,positive,%,Survival,35.13,3.75,40.67,7.56,-0.089,0.0022,NA,NA,Yes,NA,NA,NA,,635,0,Byrne_M_Gonzalez_Bernat_M_Doo_S_Foo_S_Soars_N_Lamare_M,NA,Patiriella_regularis,Echinodermata,2013,423,19,9,Byrne_M_Gonzalez_Bernat_M_Doo_S_Foo_S_Soars_N_Lamare_M__2013__NA,ZOO_STUDY_0052,ZOO_ES_000182,ZOO_STUDY_0052__Patiriella_regularis__Echinodermata__CO2423.00__T19.00__NC9,ZOO_COMMON_00075,0.1464352536413974,0.005105393596671439,13.995402251283238,3.5
Alter et al. 2024,"Dahlke F, Lucassen M, Bickmeyer U, Wohlrab S, Puvanendran V, Mortensen A, Chierici M, Pörtner HO, Storch D",2020,NA,NA,Zooplankton,Meroplankton,Fish larvae,Gadus morhua,pH,6,6,380,6.2,1132,6.2,Total embryo mortality,positive,%,Survival,13.1,3.184336666,14.1,2.694438717,-0.0116,4e-4,NA,NA,Yes,NA,NA,NA,,752,0,Dahlke_F_Lucassen_M_Bickmeyer_U_Wohlrab_S_Puvanendran_V_Mortensen_A_Chierici_M_P_rtner_HO_Storch_D,NA,Gadus_morhua,Fish_larvae,2020,380,6.2,6,Dahlke_F_Lucassen_M_Bickmeyer_U_Wohlrab_S_Puvanendran_V_Mortensen_A_Chierici_M_P_rtner_HO_Storch_D__2020__NA,ZOO_STUDY_0109,ZOO_ES_000316,ZOO_STUDY_0109__Gadus_morhua__Fish_larvae__CO2380.00__T6.20__NC6,ZOO_COMMON_00190,0.07356256717701665,0.015934123930138412,7.922019456210418,2.75
Alter et al. 2024,"Dong, Sun",2018,NA,NA,Zooplankton,Meroplankton,Cnidaria,Aurelia coerulea,pH,4,4,375,24,2789,24,Mortality,positive,%,Survival,13.61698077,24.839248,13.7661297,14.74,0.011,1.1186,NA,NA,Yes,NA,NA,NA,,2414,0,Dong_Sun,NA,Aurelia_coerulea,Cnidaria,2018,375,24,4,Dong_Sun__2018__NA,ZOO_STUDY_0121,ZOO_ES_000338,ZOO_STUDY_0121__Aurelia_coerulea__Cnidaria__CO2375.00__T24.00__NC4,ZOO_COMMON_00207,0.010893605759444267,1.1184927363658974,0.9455476420734528,2.5
Alter et al. 2024,"Dong, Sun",2018,NA,NA,Zooplankton,Meroplankton,Cnidaria,Aurelia coerulea,pH,4,4,375,24,1032,24,Mortality,positive,%,Survival,13.61698077,24.839248,23.86799526,15.38,0.561,0.9357,NA,NA,Yes,NA,NA,NA,,657,0,Dong_Sun,NA,Aurelia_coerulea,Cnidaria,2018,375,24,4,Dong_Sun__2018__NA,ZOO_STUDY_0121,ZOO_ES_000339,ZOO_STUDY_0121__Aurelia_coerulea__Cnidaria__CO2375.00__T24.00__NC4,ZOO_COMMON_00207,0.5612208511314488,0.9356751908611335,1.033802177950356,2.5
Alter et al. 2024,"Garcia E, Clemente S, Hernandez JC",2015,NA,NA,Zooplankton,Meroplankton,Echinodermata,Paracentrotus lividus,pH,5,5,311,18.8,1850,18.8,Density,positive,larvae/ml,Survival,0.67,0.536656315,0.44,0.536656315,-0.405,0.4274,NA,NA,Yes,NA,NA,NA,,1539,0,Garcia_E_Clemente_S_Hernandez_JC,NA,Paracentrotus_lividus,Echinodermata,2015,311,18.8,5,Garcia_E_Clemente_S_Hernandez_JC__2015__NA,ZOO_STUDY_0166,ZOO_ES_000401,ZOO_STUDY_0166__Paracentrotus_lividus__Echinodermata__CO2311.00__T18.80__NC5,ZOO_COMMON_00288,-0.42050298547270487,0.4258343173944853,1.532426562069921,2.5
Alter et al. 2024,"Garcia E, Clemente S, Hernandez JC",2015,NA,NA,Zooplankton,Meroplankton,Echinodermata,Paracentrotus lividus,pH,5,5,311,18.8,885,18.8,Density,positive,larvae/ml,Survival,0.67,0.536656315,0.7,0.536656315,0.047,0.2512,NA,NA,Yes,NA,NA,NA,,574,0,Garcia_E_Clemente_S_Hernandez_JC,NA,Paracentrotus_lividus,Echinodermata,2015,311,18.8,5,Garcia_E_Clemente_S_Hernandez_JC__2015__NA,ZOO_STUDY_0166,ZOO_ES_000402,ZOO_STUDY_0166__Paracentrotus_lividus__Echinodermata__CO2311.00__T18.80__NC5,ZOO_COMMON_00288,0.04380262265839284,0.24586467637730702,2.016749375579425,2.5
Alter et al. 2024,"Gobler CJ, Merlo LR, Morrell BK and Griffith AW",2018,NA,NA,Zooplankton,Meroplankton,Fish larvae,Menidia beryllina,pH,4,4,389,19,1750,19,Survival,positive,Percent hatch,Survival,80.2,12,81,9.2,0.0099,0.0088,NA,NA,Yes,NA,NA,NA,,1361,0,Gobler_CJ_Merlo_LR_Morrell_BK_and_Griffith_AW,NA,Menidia_beryllina,Fish_larvae,2018,389,19,4,Gobler_CJ_Merlo_LR_Morrell_BK_and_Griffith_AW__2018__NA,ZOO_STUDY_0185,ZOO_ES_000470,ZOO_STUDY_0185__Menidia_beryllina__Fish_larvae__CO2389.00__T19.00__NC4,ZOO_COMMON_00320,0.009925639799969998,0.008822098240520309,10.646676425767946,3.5
Alter et al. 2024,"Gobler CJ, Merlo LR, Morrell BK and Griffith AW",2018,NA,NA,Zooplankton,Meroplankton,Fish larvae,Menidia beryllina,pH,4,4,389,19,1750,19,Survival,positive,%,Survival,33.9,24,18.2,17.7,-0.622,0.3618,NA,NA,Yes,NA,NA,NA,,1361,0,Gobler_CJ_Merlo_LR_Morrell_BK_and_Griffith_AW,NA,Menidia_beryllina,Fish_larvae,2018,389,19,4,Gobler_CJ_Merlo_LR_Morrell_BK_and_Griffith_AW__2018__NA,ZOO_STUDY_0185,ZOO_ES_000471,ZOO_STUDY_0185__Menidia_beryllina__Fish_larvae__CO2389.00__T19.00__NC4,ZOO_COMMON_00320,-0.6219934203036549,0.3617558905449758,1.6626169136362228,2.5
Alter et al. 2024,"Jiang L, Sun YF, Zhang YY, Tian Y, Lei XM, Zhou GW, Yuan T, Yuan XC, Liu S, Huang H",2021,NA,NA,Zooplankton,Meroplankton,Cnidaria,Pocillopora damicornis,pH,4,4,516,28.7,1044,28.7,Survival,positive,%,Survival,97.53,3.18,94.22,4.24,-0.0345,8e-4,NA,NA,Yes,NA,NA,NA,,528,0,Jiang_L_Sun_YF_Zhang_YY_Tian_Y_Lei_XM_Zhou_GW_Yuan_T_Yuan_XC_Liu_S_Huang_H,NA,Pocillopora_damicornis,Cnidaria,2021,516,28.7,4,Jiang_L_Sun_YF_Zhang_YY_Tian_Y_Lei_XM_Zhou_GW_Yuan_T_Yuan_XC_Liu_S_Huang_H__2021__NA,ZOO_STUDY_0252,ZOO_ES_000507,ZOO_STUDY_0252__Pocillopora_damicornis__Cnidaria__CO2516.00__T28.70__NC4,ZOO_COMMON_00436,-0.03452754971202866,7.72051128572288e-4,35.989595784724955,4.25
Alter et al. 2024,"Mos B, Dworjanyn SA, Mamo LT, Kelaher BP",2019,NA,NA,Zooplankton,Meroplankton,Echinodermata,Tripneustes gratilla,pH,7,7,491,24.4,1583,24.5,Survival,positive,%,Survival,20.73,12.22337106,19.93,17.80590632,-0.039,0.1638,NA,NA,Yes,NA,NA,NA,,1092,0.10000000000000142,Mos_B_Dworjanyn_SA_Mamo_LT_Kelaher_BP,NA,Tripneustes_gratilla,Echinodermata,2019,491,24.4,7,Mos_B_Dworjanyn_SA_Mamo_LT_Kelaher_BP__2019__NA,ZOO_STUDY_0357,ZOO_ES_000623,ZOO_STUDY_0357__Tripneustes_gratilla__Echinodermata__CO2491.00__T24.40__NC7,ZOO_COMMON_00623,-0.03935579222298491,0.1636980485834845,2.4716003546178436,2.5
Alter et al. 2024,"Mos B, Dworjanyn SA, Mamo LT, Kelaher BP",2019,NA,NA,Zooplankton,Meroplankton,Echinodermata,Tripneustes gratilla,pH,7,7,491,24.4,930,24.3,Survival,positive,%,Survival,20.73,12.22337106,24.95,15.02786745,0.186,0.1015,NA,NA,Yes,NA,NA,NA,,439,-0.09999999999999787,Mos_B_Dworjanyn_SA_Mamo_LT_Kelaher_BP,NA,Tripneustes_gratilla,Echinodermata,2019,491,24.4,7,Mos_B_Dworjanyn_SA_Mamo_LT_Kelaher_BP__2019__NA,ZOO_STUDY_0357,ZOO_ES_000627,ZOO_STUDY_0357__Tripneustes_gratilla__Echinodermata__CO2491.00__T24.40__NC7,ZOO_COMMON_00623,0.18529189574983934,0.101495932563827,3.1388869962235457,2
Alter et al. 2024,"Murray CS, Baumann H",2018,NA,NA,Zooplankton,Meroplankton,Fish larvae,Menidia menidia,pH,5,5,345,19.7,4066,19.7,Survival,positive,%,Survival,96,0.9999696,94,1.400002161,-0.0211,1e-4,NA,NA,Yes,NA,NA,NA,,3721,0,Murray_CS_Baumann_H,NA,Menidia_menidia,Fish_larvae,2018,345,19.7,5,Murray_CS_Baumann_H__2018__NA,ZOO_STUDY_0366,ZOO_ES_000638,ZOO_STUDY_0366__Menidia_menidia__Fish_larvae__CO2345.00__T19.70__NC5,ZOO_COMMON_00634,-0.02105340919783238,6.606417201779718e-5,123.03169345036439,4.25
Alter et al. 2024,"Murray CS, Baumann H",2018,NA,NA,Zooplankton,Meroplankton,Fish larvae,Menidia menidia,pH,5,5,345,19.7,1964,19.6,Survival,positive,%,Survival,96,0.9999696,95,0.9999696,-0.0105,1e-4,NA,NA,Yes,NA,NA,NA,,1619,-0.09999999999999787,Murray_CS_Baumann_H,NA,Menidia_menidia,Fish_larvae,2018,345,19.7,5,Murray_CS_Baumann_H__2018__NA,ZOO_STUDY_0366,ZOO_ES_000641,ZOO_STUDY_0366__Menidia_menidia__Fish_larvae__CO2345.00__T19.70__NC5,ZOO_COMMON_00634,-0.010471299867295366,4.385938693650355e-5,150.99714002504402,4.25
Alter et al. 2024,"Murray CS, Baumann H",2018,NA,NA,Zooplankton,Meroplankton,Fish larvae,Menidia menidia,pH,5,5,345,19.7,1964,19.6,Survival,positive,%,Survival,82,1.999939199,77,2.800004321,-0.0629,4e-4,NA,NA,Yes,NA,NA,NA,,1619,-0.09999999999999787,Murray_CS_Baumann_H,NA,Menidia_menidia,Fish_larvae,2018,345,19.7,5,Murray_CS_Baumann_H__2018__NA,ZOO_STUDY_0366,ZOO_ES_000646,ZOO_STUDY_0366__Menidia_menidia__Fish_larvae__CO2345.00__T19.70__NC5,ZOO_COMMON_00634,-0.06291382541056932,3.834331918892199e-4,51.06874056038004,4.25
Alter et al. 2024,"Murray CS, Baumann H",2018,NA,NA,Zooplankton,Meroplankton,Fish larvae,Menidia menidia,pH,5,5,345,19.7,4066,19.7,Survival,positive,%,Survival,82,1.999939199,75,4.399910959,-0.0892,8e-4,NA,NA,Yes,NA,NA,NA,,3721,0,Murray_CS_Baumann_H,NA,Menidia_menidia,Fish_larvae,2018,345,19.7,5,Murray_CS_Baumann_H__2018__NA,ZOO_STUDY_0366,ZOO_ES_000647,ZOO_STUDY_0366__Menidia_menidia__Fish_larvae__CO2345.00__T19.70__NC5,ZOO_COMMON_00634,-0.08923113372794264,8.072972616235572e-4,35.195185644739595,4.25
Alter et al. 2024,"Pansch C, Nasrolahi A, Appelhans YS, Wahl M",2012,NA,NA,Zooplankton,Meroplankton,Arthropoda,Amphibalanus improvisus,pH,6,6,414,19.6,1282,19.6,Survival,positive,%,Survival,54.22,13.76613235,50.8,20.64919853,-0.065,0.0383,NA,NA,Yes,NA,NA,NA,,868,0,Pansch_C_Nasrolahi_A_Appelhans_YS_Wahl_M,NA,Amphibalanus_improvisus,Arthropoda,2012,414,19.6,6,Pansch_C_Nasrolahi_A_Appelhans_YS_Wahl_M__2012__NA,ZOO_STUDY_0394,ZOO_ES_000695,ZOO_STUDY_0394__Amphibalanus_improvisus__Arthropoda__CO2414.00__T19.60__NC6,ZOO_COMMON_00680,-0.06515348948608327,0.038281397178547984,5.111002694964648,2.75
Alter et al. 2024,"Pansch C, Nasrolahi A, Appelhans YS, Wahl M",2012,NA,NA,Zooplankton,Meroplankton,Arthropoda,Amphibalanus improvisus,pH,6,6,414,19.6,3278,19.6,Survival,positive,%,Survival,54.22,13.76613235,74.1,17.70981084,0.312,0.0203,NA,NA,Yes,NA,NA,NA,,2864,0,Pansch_C_Nasrolahi_A_Appelhans_YS_Wahl_M,NA,Amphibalanus_improvisus,Arthropoda,2012,414,19.6,6,Pansch_C_Nasrolahi_A_Appelhans_YS_Wahl_M__2012__NA,ZOO_STUDY_0394,ZOO_ES_000698,ZOO_STUDY_0394__Amphibalanus_improvisus__Arthropoda__CO2414.00__T19.60__NC6,ZOO_COMMON_00680,0.31236568823152167,0.02026376416645199,7.0248966418157215,2.75
Alter et al. 2024,"Pitts KA, Campbell JE, Figueiredo J, Fogarty ND",2020,NA,NA,Zooplankton,Meroplankton,Cnidaria,Orbicella faveolata,pH,3,3,419,28.3,641,28.3,Survival,positive,%,Survival,56.2,2.771281292,53.7,2.771281292,-0.046,0.0017,NA,NA,Yes,NA,NA,NA,,222,0,Pitts_KA_Campbell_JE_Figueiredo_J_Fogarty_ND,NA,Orbicella_faveolata,Cnidaria,2020,419,28.3,3,Pitts_KA_Campbell_JE_Figueiredo_J_Fogarty_ND__2020__NA,ZOO_STUDY_0422,ZOO_ES_000840,ZOO_STUDY_0422__Orbicella_faveolata__Cnidaria__CO2419.00__T28.30__NC3,ZOO_COMMON_00729,-0.045503755384826414,0.0016982781729195295,24.26585432421619,4.25
Alter et al. 2024,"Pope EC, Ellis RP, Scolamacchia M, Scolding JWS, Keay A, Chingombe P, Shields RJ, Wilcox R, Speirs DC, Wilson RW, Lewis C, Flynn KJ",2014,NA,NA,Zooplankton,Meroplankton,Fish larvae,Dicentrarchus labrax,pH,3,3,598.3299999999999,17,1004,17,daily mortality rate,negative,n*d-1,Survival,0.0656,0.019225764,0.0314,0.001732051,0.7362,0.0294,NA,NA,Yes,NA,NA,NA,,405.6700000000001,0,Pope_EC_Ellis_RP_Scolamacchia_M_Scolding_JWS_Keay_A_Chingombe_P_Shields_RJ_Wilcox_R_Speirs_DC_Wilson_RW_Lewis_C_Flynn_KJ,NA,Dicentrarchus_labrax,Fish_larvae,2014,598.3299999999999,17,3,Pope_EC_Ellis_RP_Scolamacchia_M_Scolding_JWS_Keay_A_Chingombe_P_Shields_RJ_Wilcox_R_Speirs_DC_Wilson_RW_Lewis_C_Flynn_KJ__2014__NA,ZOO_STUDY_0423,ZOO_ES_000848,ZOO_STUDY_0423__Dicentrarchus_labrax__Fish_larvae__CO2598.33__T17.00__NC3,ZOO_COMMON_00731,-0.7367678030358358,0.029645356412241995,5.8079338593769805,2.75
Alter et al. 2024,"Putnam HM, Mayfield AB, Fan TY, Chen CS, Gates RD",2013,NA,NA,Zooplankton,Meroplankton,Cnidaria,Pocillopora damicornis ,pH,4,4,420,25.3,607,25.5,Survival,positive,%,Survival,87.18,3.3,72.52,16.7,-0.184,0.0136,NA,NA,Yes,NA,NA,NA,,187,0.1999999999999993,Putnam_HM_Mayfield_AB_Fan_TY_Chen_CS_Gates_RD,NA,Pocillopora_damicornis,Cnidaria,2013,420,25.3,4,Putnam_HM_Mayfield_AB_Fan_TY_Chen_CS_Gates_RD__2013__NA,ZOO_STUDY_0427,ZOO_ES_000867,ZOO_STUDY_0427__Pocillopora_damicornis__Cnidaria__CO2420.00__T25.30__NC4,ZOO_COMMON_00737,-0.18411256092359637,0.013615576554012469,8.570022888625774,2.75
Alter et al. 2024,"Rosa R, Trübenbach K, Pimentel MS, Boavida-Portugal J, Faleiro F, Baptista M, Dionisio G, Calado R, Pörtner HO, Repolho T",2014,NA,NA,Zooplankton,Meroplankton,Mollusca,Loligo vulgaris,pH,45,45,433,13.2,1682,13.2,Survival,positive,%,Survival,96.29,0.939148551,98.71,1.94537914,0.025,1e-4,NA,NA,Yes,NA,NA,NA,,1249,0,Rosa_R_Tr_benbach_K_Pimentel_MS_Boavida_Portugal_J_Faleiro_F_Baptista_M_Dionisio_G_Calado_R_P_rtner_HO_Repolho_T,NA,Loligo_vulgaris,Mollusca,2014,433,13.2,45,Rosa_R_Tr_benbach_K_Pimentel_MS_Boavida_Portugal_J_Faleiro_F_Baptista_M_Dionisio_G_Calado_R_P_rtner_HO_Repolho_T__2014__NA,ZOO_STUDY_0441,ZOO_ES_000914,ZOO_STUDY_0441__Loligo_vulgaris__Mollusca__CO2433.00__T13.20__NC45,ZOO_COMMON_00759,0.024821787177603853,1.0745194988922831e-5,305.06532699599177,2.5
Alter et al. 2024,"Small DP, Calosi P, Boothroyd D, Widdicombe S, Spicer J",2015,NA,NA,Zooplankton,Meroplankton,Arthropoda,Homarus americanus,pH,6,6,454,17.2,1154,17.2,Survival,positive,%,Survival,7.77,4.066152973,7.28,5.413372332,-0.064,0.1376,NA,NA,Yes,NA,NA,NA,,700,0,Small_DP_Calosi_P_Boothroyd_D_Widdicombe_S_Spicer_J,NA,Homarus_americanus,Arthropoda,2015,454,17.2,6,Small_DP_Calosi_P_Boothroyd_D_Widdicombe_S_Spicer_J__2015__NA,ZOO_STUDY_0472,ZOO_ES_000955,ZOO_STUDY_0472__Homarus_americanus__Arthropoda__CO2454.00__T17.20__NC6,ZOO_COMMON_00818,-0.06513930217096138,0.1377986077096858,2.6938759012976137,2
Alter et al. 2024,"Watson SA, Bridie J. M. Allan, David E. McQueen, Simon Nicol, Darren M. Parsons, Stephen M. J. Pether, Stephen Pope, Alvin N. Setiawan, Neville Smith, Carly Wilson, Philip L. Munday",2018,NA,NA,Zooplankton,Meroplankton,Fish larvae,Seriola lalandi,pH,5,5,462,21.1,960,21.1,Survival at 1 dph,positive,%,Survival,79.4,11.85116028,79.9,6.484597135,0.0063,0.0058,NA,NA,Yes,NA,NA,NA,,498,0,Watson_SA_Bridie_J_M_Allan_David_E_McQueen_Simon_Nicol_Darren_M_Parsons_Stephen_M_J_Pether_Stephen_Pope_Alvin_N_Setiawan_Neville_Smith_Carly_Wilson_Philip_L_Munday,NA,Seriola_lalandi,Fish_larvae,2018,462,21.1,5,Watson_SA_Bridie_J_M_Allan_David_E_McQueen_Simon_Nicol_Darren_M_Parsons_Stephen_M_J_Pether_Stephen_Pope_Alvin_N_Setiawan_Neville_Smith_Carly_Wilson_Philip_L_Munday__2018__NA,ZOO_STUDY_0538,ZOO_ES_001063,ZOO_STUDY_0538__Seriola_lalandi__Fish_larvae__CO2462.00__T21.10__NC5,ZOO_COMMON_00941,0.00627748451913903,0.005773000394145484,13.16131266251699,3.5
Alter et al. 2024,"Watson SA, Bridie J. M. Allan, David E. McQueen, Simon Nicol, Darren M. Parsons, Stephen M. J. Pether, Stephen Pope, Alvin N. Setiawan, Neville Smith, Carly Wilson, Philip L. Munday",2018,NA,NA,Zooplankton,Meroplankton,Fish larvae,Seriola lalandi,pH,5,5,462,21.1,960,21.1,Survival from 1 to 25 dph,positive,%,Survival,2.5,1.341640786,2.6,1.565247584,0.0392,0.1301,NA,NA,Yes,NA,NA,NA,,498,0,Watson_SA_Bridie_J_M_Allan_David_E_McQueen_Simon_Nicol_Darren_M_Parsons_Stephen_M_J_Pether_Stephen_Pope_Alvin_N_Setiawan_Neville_Smith_Carly_Wilson_Philip_L_Munday,NA,Seriola_lalandi,Fish_larvae,2018,462,21.1,5,Watson_SA_Bridie_J_M_Allan_David_E_McQueen_Simon_Nicol_Darren_M_Parsons_Stephen_M_J_Pether_Stephen_Pope_Alvin_N_Setiawan_Neville_Smith_Carly_Wilson_Philip_L_Munday__2018__NA,ZOO_STUDY_0538,ZOO_ES_001064,ZOO_STUDY_0538__Seriola_lalandi__Fish_larvae__CO2462.00__T21.10__NC5,ZOO_COMMON_00941,0.03922071315328133,0.1300852070345291,2.772592497716763,2
Ross et al. 2024,Gibbs et al. 2021c,2021,Energetic lipid responses of larval oysters to ocean acidification,https://www.sciencedirect.com/science/article/abs/pii/S0025326X21004756,Zooplankton,Meroplankton,Mollusca,Saccostrea glomerata,pH,3,3,340,NA,856,NA,% Mortality of larvae at 9 days of age,negative,NA,Survival,87.14859438,6.608225973,36.34538153,3.130212303,0.874547503,0.00439,NA,"flip sign because we are looking at mortality, instead of survival; confusing which are the control values and treatment values in the source database",Yes,NA,NA,NA,,516,NA,Gibbs_et_al_2021c,Energetic_lipid_responses_of_larval_oysters_to_ocean_acidification,Saccostrea_glomerata,Mollusca,2021,340,NA,3,Gibbs_et_al_2021c__2021__Energetic_lipid_responses_of_larval_oysters_to_ocean_acidification,ZOO_STUDY_0183,ZOO_ES_001222,ZOO_STUDY_0183__Saccostrea_glomerata__Mollusca__CO2340.00__TNA__NC3,ZOO_COMMON_00316,-0.8745475027559683,0.004389035491513462,15.09438606503667,3.5
Ross et al. 2024,Gibbs et al. 2021a,2021,Adult exposure to ocean acidification and warming leads to limited beneficial responses for oyster larvae,https://academic.oup.com/icesjms/article/78/6/2017/6306814,Zooplankton,Meroplankton,Mollusca,Saccostrea glomerata,pH,3,3,400,NA,856,NA,% Mortality of larvae at 9 days of age,negative,NA,Survival,49.73544974,15.57929298,22.75132275,8.247860988,0.782094667,0.0765,NA,"flip sign because we are looking at mortality, instead of survival; confusing which are the control values and treatment values in the source database",Yes,NA,NA,NA,,456,NA,Gibbs_et_al_2021a,Adult_exposure_to_ocean_acidification_and_warming_leads_to_limited_beneficial_responses_for_oyster_larvae,Saccostrea_glomerata,Mollusca,2021,400,NA,3,Gibbs_et_al_2021a__2021__Adult_exposure_to_ocean_acidification_and_warming_leads_to_limited_beneficial_responses_for_oyster_larvae,ZOO_STUDY_0180,ZOO_ES_001226,ZOO_STUDY_0180__Saccostrea_glomerata__Mollusca__CO2400.00__TNA__NC3,ZOO_COMMON_00311,-0.7820946667260703,0.07651457078459972,3.61516336064688,2
Jian et al. 2025,"Hammill, Edd et al., 2018",2018,Ocean acidification alters zooplankton communities and increases top-down pressure of a cubozoan predator,https://pubmed.ncbi.nlm.nih.gov/28850765/,Zooplankton,Holoplankton,Decapod,Dendrobranchiata,pH,3,3,370,NA,1100,NA,Abundances-Dendrobranchiata,positive,NA,Survival,1.454907052,1.22811412,3.079681095,1.616221532,0.749884034,0.329317646,Figure 3,NA,Yes,NA,NA,NA,,730,NA,Hammill_Edd_et_al_2018,Ocean_acidification_alters_zooplankton_communities_and_increases_top_down_pressure_of_a_cubozoan_predator,Dendrobranchiata,Decapod,2018,370,NA,3,Hammill_Edd_et_al_2018__2018__Ocean_acidification_alters_zooplankton_communities_and_increases_top_down_pressure_of_a_cubozoan_predator,ZOO_STUDY_0206,ZOO_ES_001267,ZOO_STUDY_0206__Dendrobranchiata__Decapod__CO2370.00__TNA__NC3,ZOO_COMMON_00369,0.7498840342443852,0.3293176457714985,1.7425790921526347,2.5
Jian et al. 2025,"Paul, C., et al., 2016",2016,Effects of increased CO2 concentration on nutrient limited coastal summer plankton depend on temperature,https://aslopubs.onlinelibrary.wiley.com/doi/10.1002/lno.10256,Zooplankton,Holoplankton,Other zooplankton,Total zooplankton,pH,1,1,500,NA,1500,NA,Abundance,positive,NA,Survival,39.403,11.08846917,81.4925,27.38701507,0.726669036,0.192134249,Figure 1,NA,Yes,NA,NA,NA,,1000,NA,Paul_C_et_al_2016,Effects_of_increased_CO2_concentration_on_nutrient_limited_coastal_summer_plankton_depend_on_temperature,Total_zooplankton,Other_zooplankton,2016,500,NA,1,Paul_C_et_al_2016__2016__Effects_of_increased_CO2_concentration_on_nutrient_limited_coastal_summer_plankton_depend_on_temperature,ZOO_STUDY_0409,ZOO_ES_001269,ZOO_STUDY_0409__Total_zooplankton__Other_zooplankton__CO2500.00__TNA__NC1,ZOO_COMMON_00704,0.7266690359352193,0.19213424906074328,2.281379876097896,2.5
Jian et al. 2025,"Paul, C., et al., 2016",2016,Effects of increased CO2 concentration on nutrient limited coastal summer plankton depend on temperature,https://aslopubs.onlinelibrary.wiley.com/doi/10.1002/lno.10256,Zooplankton,Holoplankton,Other zooplankton,Total zooplankton,pH,1,1,500,NA,2000,NA,Abundance,positive,NA,Survival,39.403,11.08846917,80.597,27.08606625,0.715619472,0.192134249,Figure 1,NA,Yes,NA,NA,NA,,1500,NA,Paul_C_et_al_2016,Effects_of_increased_CO2_concentration_on_nutrient_limited_coastal_summer_plankton_depend_on_temperature,Total_zooplankton,Other_zooplankton,2016,500,NA,1,Paul_C_et_al_2016__2016__Effects_of_increased_CO2_concentration_on_nutrient_limited_coastal_summer_plankton_depend_on_temperature,ZOO_STUDY_0409,ZOO_ES_001271,ZOO_STUDY_0409__Total_zooplankton__Other_zooplankton__CO2500.00__TNA__NC1,ZOO_COMMON_00704,0.7156194724389944,0.19213424908953344,2.2813798759269703,2.5
Ross et al. 2024,Gibbs et al. 2021a,2021,Adult exposure to ocean acidification and warming leads to limited beneficial responses for oyster larvae,https://academic.oup.com/icesjms/article/78/6/2017/6306814,Zooplankton,Meroplankton,Mollusca,Saccostrea glomerata,pH,3,3,400,NA,856,NA,% Mortality of larvae at 9 days of age,negative,NA,Survival,82.53968254,9.164289987,41.26984127,5.498573992,0.693147181,0.01,NA,"flip sign because we are looking at mortality, instead of survival; confusing which are the control values and treatment values in the source database",Yes,NA,NA,NA,,456,NA,Gibbs_et_al_2021a,Adult_exposure_to_ocean_acidification_and_warming_leads_to_limited_beneficial_responses_for_oyster_larvae,Saccostrea_glomerata,Mollusca,2021,400,NA,3,Gibbs_et_al_2021a__2021__Adult_exposure_to_ocean_acidification_and_warming_leads_to_limited_beneficial_responses_for_oyster_larvae,ZOO_STUDY_0180,ZOO_ES_001273,ZOO_STUDY_0180__Saccostrea_glomerata__Mollusca__CO2400.00__TNA__NC3,ZOO_COMMON_00311,-0.6931471805599453,0.01002629848702978,9.986876635167883,3.5
Jian et al. 2025,"Westwood, K. J. et al., 2018",2018,Ocean acidification impacts primary and bacterial production in Antarctic coastal waters during austral summer,https://www.sciencedirect.com/science/article/abs/pii/S0022098116303707,Zooplankton,Holoplankton,Protozooplankton,Heterotrophic nanoflagellate,pH,1,1,195,NA,780,NA,Abundance-heterotrophic nanoflagellate,positive,NA,Survival,10.76923077,3.372708238,20.35897436,4.252047212,0.63682875,0.141701614,Figure 8,NA,Yes,NA,NA,NA,,585,NA,Westwood_K_J_et_al_2018,Ocean_acidification_impacts_primary_and_bacterial_production_in_Antarctic_coastal_waters_during_austral_summer,Heterotrophic_nanoflagellate,Protozooplankton,2018,195,NA,1,Westwood_K_J_et_al_2018__2018__Ocean_acidification_impacts_primary_and_bacterial_production_in_Antarctic_coastal_waters_during_austral_summer,ZOO_STUDY_0543,ZOO_ES_001316,ZOO_STUDY_0543__Heterotrophic_nanoflagellate__Protozooplankton__CO2195.00__TNA__NC1,ZOO_COMMON_00947,0.6368287499486711,0.14170161394828687,2.6565170131258804,2
Jian et al. 2025,"Westwood, K. J. et al., 2018",2018,Ocean acidification impacts primary and bacterial production in Antarctic coastal waters during austral summer,https://www.sciencedirect.com/science/article/abs/pii/S0022098116303707,Zooplankton,Holoplankton,Protozooplankton,Heterotrophic nanoflagellate,pH,1,1,195,NA,1560,NA,Abundance-heterotrophic nanoflagellate,positive,NA,Survival,10.76923077,3.372708238,18.25641026,3.812918911,0.5278232,0.141701614,Figure 8,NA,Yes,NA,NA,NA,,1365,NA,Westwood_K_J_et_al_2018,Ocean_acidification_impacts_primary_and_bacterial_production_in_Antarctic_coastal_waters_during_austral_summer,Heterotrophic_nanoflagellate,Protozooplankton,2018,195,NA,1,Westwood_K_J_et_al_2018__2018__Ocean_acidification_impacts_primary_and_bacterial_production_in_Antarctic_coastal_waters_during_austral_summer,ZOO_STUDY_0543,ZOO_ES_001320,ZOO_STUDY_0543__Heterotrophic_nanoflagellate__Protozooplankton__CO2195.00__TNA__NC1,ZOO_COMMON_00947,0.5278232002597624,0.14170161394676625,2.6565170131401343,2
Hoppit et al. 2022,"Sperfeld et al., 2014",2014,NA,NA,Zooplankton,Holoplankton,Other zooplankton,Nyctiphanes couchii,pH,18,18,430,7.9,794,8,Survival,positive,NA,Survival,0.184,0.1,0.308,0.118,0.515164025,0.0246,Data from figure 2a,NA,Yes,NA,NA,NA,,364,0.09999999999999964,Sperfeld_et_al_2014,NA,Nyctiphanes_couchii,Other_zooplankton,2014,430,7.9,18,Sperfeld_et_al_2014__2014__NA,ZOO_STUDY_0477,ZOO_ES_001322,ZOO_STUDY_0477__Nyctiphanes_couchii__Other_zooplankton__CO2430.00__T7.90__NC18,ZOO_COMMON_00825,0.5151640253645889,0.02456373145372237,6.38047233008097,2.75
Jian et al. 2025,"Hammill, Edd et al., 2018",2018,Ocean acidification alters zooplankton communities and increases top-down pressure of a cubozoan predator,https://pubmed.ncbi.nlm.nih.gov/28850765/,Zooplankton,Holoplankton,Amphipod,Amphipoda,pH,3,3,370,NA,1100,NA,Abundances-Amphipoda,positive,NA,Survival,2.768902684,3.363131467,4.506570338,3.318185141,0.487085308,0.672469845,Figure 3,NA,Yes,NA,NA,NA,,730,NA,Hammill_Edd_et_al_2018,Ocean_acidification_alters_zooplankton_communities_and_increases_top_down_pressure_of_a_cubozoan_predator,Amphipoda,Amphipod,2018,370,NA,3,Hammill_Edd_et_al_2018__2018__Ocean_acidification_alters_zooplankton_communities_and_increases_top_down_pressure_of_a_cubozoan_predator,ZOO_STUDY_0206,ZOO_ES_001342,ZOO_STUDY_0206__Amphipoda__Amphipod__CO2370.00__TNA__NC3,ZOO_COMMON_00367,0.4870853082605167,0.6724698453418468,1.2194488618300796,2.5
Leung et al. 2022,"Doropoulos and Diaz-Pulido, 2013. Mar Ecol Prog Ser",NA,NA,NA,Zooplankton,Meroplankton,Coral larvae,Acartia tonsa,pH,6,6,447,26.6,1214,26.6,Larval survival,positive,NA,Survival,14.608736368268657,23.30747987055835,22.342279121307506,2.7025540220753483,0.4248610770477354,0.490082449,NA,NA,Yes,NA,NA,NA,,767,0,Doropoulos_and_Diaz_Pulido_2013_Mar_Ecol_Prog_Ser,NA,Acartia_tonsa,Coral_larvae,NA,447,26.6,6,Doropoulos_and_Diaz_Pulido_2013_Mar_Ecol_Prog_Ser__NA__NA,ZOO_STUDY_0132,ZOO_ES_001414,ZOO_STUDY_0132__Acartia_tonsa__Coral_larvae__CO2447.00__T26.60__NC6,ZOO_COMMON_00231,0.4248610770477354,0.4266810216603352,1.530905336171244,2.5
Ross et al. 2024,Parker et al. 2017,2017,Adult exposure to ocean acidification is maladaptive for larvae of the Sydney rock oyster Saccostrea glomerata in the presence of multiple stressors,https://pubmed.ncbi.nlm.nih.gov/28202683/,Zooplankton,Meroplankton,Mollusca,Saccostrea glomerata,pH,3,3,392,NA,856,NA,Proportion survival at 15 days,positive,NA,Survival,38.50666667,2.525278862,58.62666667,2.525278862,0.420358269,0.00205,NA,NA,Yes,NA,NA,NA,,464,NA,Parker_et_al_2017,Adult_exposure_to_ocean_acidification_is_maladaptive_for_larvae_of_the_Sydney_rock_oyster_Saccostrea_glomerata_in_the_presence_of_multiple_stressors,Saccostrea_glomerata,Mollusca,2017,392,NA,3,Parker_et_al_2017__2017__Adult_exposure_to_ocean_acidification_is_maladaptive_for_larvae_of_the_Sydney_rock_oyster_Saccostrea_glomerata_in_the_presence_of_multiple_stressors,ZOO_STUDY_0404,ZOO_ES_001415,ZOO_STUDY_0404__Saccostrea_glomerata__Mollusca__CO2392.00__TNA__NC3,ZOO_COMMON_00697,0.42035826913838514,0.0020520455065546005,22.075294507364433,4.25
Ross et al. 2024,Gibbs et al. 2021c,2021,Energetic lipid responses of larval oysters to ocean acidification,https://www.sciencedirect.com/science/article/abs/pii/S0025326X21004756,Zooplankton,Meroplankton,Mollusca,Saccostrea glomerata,pH,3,3,340,NA,856,NA,% Mortality of larvae at 9 days of age,negative,NA,Survival,98.99598394,1.043404101,66.46586345,2.086808202,0.398390799,3.66e-4,NA,"flip sign because we are looking at mortality, instead of survival; confusing which are the control values and treatment values in the source database",Yes,NA,NA,NA,,516,NA,Gibbs_et_al_2021c,Energetic_lipid_responses_of_larval_oysters_to_ocean_acidification,Saccostrea_glomerata,Mollusca,2021,340,NA,3,Gibbs_et_al_2021c__2021__Energetic_lipid_responses_of_larval_oysters_to_ocean_acidification,ZOO_STUDY_0183,ZOO_ES_001421,ZOO_STUDY_0183__Saccostrea_glomerata__Mollusca__CO2340.00__TNA__NC3,ZOO_COMMON_00316,-0.39839079876603106,3.656136466925476e-4,52.29844802313159,4.25
Jian et al. 2025,"Troedsson, Christofer et al., 2013",2013,"Effects of ocean acidification, temperature and nutrient regimes on the appendicularian Oikopleura dioica: a mesocosm study",https://link.springer.com/article/10.1007/s00227-012-2137-9,Zooplankton,Holoplankton,Non-calanoid copepod,Cyclopoids,pH,1,1,350,NA,1000,NA,Abundance-cyclopoids,positive,NA,Survival,4.100156495,2.34741784,6.056338028,2.738654147,0.390080189,0.53225967,Figure 4,NA,Yes,NA,NA,NA,,650,NA,Troedsson_Christofer_et_al_2013,Effects_of_ocean_acidification_temperature_and_nutrient_regimes_on_the_appendicularian_Oikopleura_dioica_a_mesocosm_study,Cyclopoids,Non_calanoid_copepod,2013,350,NA,1,Troedsson_Christofer_et_al_2013__2013__Effects_of_ocean_acidification_temperature_and_nutrient_regimes_on_the_appendicularian_Oikopleura_dioica_a_mesocosm_study,ZOO_STUDY_0508,ZOO_ES_001422,ZOO_STUDY_0508__Cyclopoids__Non_calanoid_copepod__CO2350.00__TNA__NC1,ZOO_COMMON_00878,0.3900801891243657,0.5322596696056083,1.3706867669492062,2.5
Ross et al. 2024,Parker et al. 2017,2017,Adult exposure to ocean acidification is maladaptive for larvae of the Sydney rock oyster Saccostrea glomerata in the presence of multiple stressors,https://pubmed.ncbi.nlm.nih.gov/28202683/,Zooplankton,Meroplankton,Mollusca,Saccostrea glomerata,pH,3,3,392,NA,856,NA,Proportion survival at 15 days,positive,NA,Survival,39.13666667,2.709655575,57.56,2.709655575,0.385768088,0.00234,NA,NA,Yes,NA,NA,NA,,464,NA,Parker_et_al_2017,Adult_exposure_to_ocean_acidification_is_maladaptive_for_larvae_of_the_Sydney_rock_oyster_Saccostrea_glomerata_in_the_presence_of_multiple_stressors,Saccostrea_glomerata,Mollusca,2017,392,NA,3,Parker_et_al_2017__2017__Adult_exposure_to_ocean_acidification_is_maladaptive_for_larvae_of_the_Sydney_rock_oyster_Saccostrea_glomerata_in_the_presence_of_multiple_stressors,ZOO_STUDY_0404,ZOO_ES_001423,ZOO_STUDY_0404__Saccostrea_glomerata__Mollusca__CO2392.00__TNA__NC3,ZOO_COMMON_00697,0.38576808795998474,0.0023365573071640377,20.687679598518447,4.25
Jian et al. 2025,"Troedsson, Christofer et al., 2013",2013,"Effects of ocean acidification, temperature and nutrient regimes on the appendicularian Oikopleura dioica: a mesocosm study",https://link.springer.com/article/10.1007/s00227-012-2137-9,Zooplankton,Holoplankton,Calanoid copepod,Calanoid copepodites,pH,1,1,350,NA,1000,NA,Abundance-calanoid copepodites,positive,NA,Survival,6.838810642,2.34741784,8.794992175,0.782472613,0.251568655,0.12573547,Figure 4,NA,Yes,NA,NA,NA,,650,NA,Troedsson_Christofer_et_al_2013,Effects_of_ocean_acidification_temperature_and_nutrient_regimes_on_the_appendicularian_Oikopleura_dioica_a_mesocosm_study,Calanoid_copepodites,Calanoid_copepod,2013,350,NA,1,Troedsson_Christofer_et_al_2013__2013__Effects_of_ocean_acidification_temperature_and_nutrient_regimes_on_the_appendicularian_Oikopleura_dioica_a_mesocosm_study,ZOO_STUDY_0508,ZOO_ES_001438,ZOO_STUDY_0508__Calanoid_copepodites__Calanoid_copepod__CO2350.00__TNA__NC1,ZOO_COMMON_00877,0.2515686547125,0.12573546966466093,2.820142774806803,2
Jian et al. 2025,"Westwood, K. J. et al., 2018",2018,Ocean acidification impacts primary and bacterial production in Antarctic coastal waters during austral summer,https://www.sciencedirect.com/science/article/abs/pii/S0022098116303707,Zooplankton,Holoplankton,Protozooplankton,Heterotrophic nanoflagellate,pH,1,1,195,NA,390,NA,Abundance-heterotrophic nanoflagellate,positive,NA,Survival,10.76923077,3.372708238,13.79487179,2.881110075,0.247603848,0.141701614,Figure 8,NA,Yes,NA,NA,NA,,195,NA,Westwood_K_J_et_al_2018,Ocean_acidification_impacts_primary_and_bacterial_production_in_Antarctic_coastal_waters_during_austral_summer,Heterotrophic_nanoflagellate,Protozooplankton,2018,195,NA,1,Westwood_K_J_et_al_2018__2018__Ocean_acidification_impacts_primary_and_bacterial_production_in_Antarctic_coastal_waters_during_austral_summer,ZOO_STUDY_0543,ZOO_ES_001440,ZOO_STUDY_0543__Heterotrophic_nanoflagellate__Protozooplankton__CO2195.00__TNA__NC1,ZOO_COMMON_00947,0.24760384845978203,0.14170161396419462,2.6565170129767672,2
Leung et al. 2022,"Schiffer et al., 2014. Mar Ecol Prog Ser",NA,NA,NA,Zooplankton,Meroplankton,Crustacean larvae,Hyas araneus,pH,6,6,349,4.5,3103,4.4,Zoea I survival time,positive,NA,Survival,26,12.24744871391589,33,11.022703842524301,0.23841102344499815,0.00177,NA,NA,Yes,NA,NA,NA,,2754,-0.09999999999999964,Schiffer_et_al_2014_Mar_Ecol_Prog_Ser,NA,Hyas_araneus,Crustacean_larvae,NA,349,4.5,6,Schiffer_et_al_2014_Mar_Ecol_Prog_Ser__NA__NA,ZOO_STUDY_0455,ZOO_ES_001467,ZOO_STUDY_0455__Hyas_araneus__Crustacean_larvae__CO2349.00__T4.50__NC6,ZOO_COMMON_00786,0.23841102344499815,0.05557728984302411,4.241811033591506,2
Jian et al. 2025,"Dam, H. G., et al., 2021",2021,"Rapid, but limited, zooplankton adaptation to simultaneous warming and acidification",https://www.nature.com/articles/s41558-021-01131-5,Zooplankton,Holoplankton,Calanoid copepod,Acartia tonsa,pH,4,4,400,NA,2000,NA,Survival,positive,NA,Survival,0.550877,0.204386,0.695614,0.157895,0.233283355,0.0473,Figure 2,NA,Yes,NA,NA,NA,,1600,NA,Dam_H_G_et_al_2021,Rapid_but_limited_zooplankton_adaptation_to_simultaneous_warming_and_acidification,Acartia_tonsa,Calanoid_copepod,2021,400,NA,4,Dam_H_G_et_al_2021__2021__Rapid_but_limited_zooplankton_adaptation_to_simultaneous_warming_and_acidification,ZOO_STUDY_0110,ZOO_ES_001473,ZOO_STUDY_0110__Acartia_tonsa__Calanoid_copepod__CO2400.00__TNA__NC4,ZOO_COMMON_00191,0.23328335504381886,0.04729455048692016,4.5982697935709345,2
Ross et al. 2024,Gibbs et al. 2021a,2021,Adult exposure to ocean acidification and warming leads to limited beneficial responses for oyster larvae,https://academic.oup.com/icesjms/article/78/6/2017/6306814,Zooplankton,Meroplankton,Mollusca,Saccostrea glomerata,pH,3,3,400,NA,856,NA,% Mortality of larvae at 9 days of age,negative,NA,Survival,84.65608466,6.415002991,67.1957672,10.99714798,0.230986729,0.0108,NA,"flip sign because we are looking at mortality, instead of survival; confusing which are the control values and treatment values in the source database",Yes,NA,NA,NA,,456,NA,Gibbs_et_al_2021a,Adult_exposure_to_ocean_acidification_and_warming_leads_to_limited_beneficial_responses_for_oyster_larvae,Saccostrea_glomerata,Mollusca,2021,400,NA,3,Gibbs_et_al_2021a__2021__Adult_exposure_to_ocean_acidification_and_warming_leads_to_limited_beneficial_responses_for_oyster_larvae,ZOO_STUDY_0180,ZOO_ES_001474,ZOO_STUDY_0180__Saccostrea_glomerata__Mollusca__CO2400.00__TNA__NC3,ZOO_COMMON_00311,-0.23098672875849346,0.010842080347325311,9.603812871272575,3.5
Jian et al. 2025,"Garzke, J., et al., 2016",2016,"Combined effects of ocean warming and acidification on copepod abundance, body size and fatty acid content",https://journals.plos.org/plosone/article?id=10.1371/journal.pone.0155952,Zooplankton,Holoplankton,Calanoid copepod,adults,pH,3,3,560,NA,1400,NA,Abundance,positive,NA,Survival,36.9565,24.474026,46.3768,8.1580664,0.227057789,0.156501299,Figure 2,NA,Yes,NA,NA,NA,,840,NA,Garzke_J_et_al_2016,Combined_effects_of_ocean_warming_and_acidification_on_copepod_abundance_body_size_and_fatty_acid_content,adults,Calanoid_copepod,2016,560,NA,3,Garzke_J_et_al_2016__2016__Combined_effects_of_ocean_warming_and_acidification_on_copepod_abundance_body_size_and_fatty_acid_content,ZOO_STUDY_0173,ZOO_ES_001503,ZOO_STUDY_0173__adults__Calanoid_copepod__CO2560.00__TNA__NC3,ZOO_COMMON_00302,0.22705778887078212,0.15650129893277173,2.527790205659342,2.5
Leung et al. 2022,Clark et al. 2009. Mar Biol,NA,NA,NA,Zooplankton,Meroplankton,Urchin larvae,Evechinus chloroticus,pH,4,4,438,15,1320,15,Larval survival,positive,NA,Survival,0.71,0.036,0.89,0.042,0.2259564926908245,0.00915,NA,NA,Yes,NA,NA,NA,,882,0,Clark_et_al_2009_Mar_Biol,NA,Evechinus_chloroticus,Urchin_larvae,NA,438,15,4,Clark_et_al_2009_Mar_Biol__NA__NA,ZOO_STUDY_0090,ZOO_ES_001504,ZOO_STUDY_0090__Evechinus_chloroticus__Urchin_larvae__CO2438.00__T15.00__NC4,ZOO_COMMON_00148,0.2259564926908245,0.0011994775025074656,28.873800180635936,4.25
Leung et al. 2022,"Clements et al., 2020. ICES J Mar Sci",NA,Effects of reduced carbonate saturation state on early development in the common edible sea urchin Lytechinus variegatus: implications for land-based aquaculture.,https://doi.pangaea.de/10.1594/PANGAEA.822160,Zooplankton,Meroplankton,Bivalve larvae,Crassostrea virginica,pH,3,3,386,25,1018.6,25,Larval survival,positive,NA,Survival,36,7.5,45,7.5,0.22314355131420976,0.458356481,NA,NA,Yes,NA,NA,NA,,632.6,0,Clements_et_al_2020_ICES_J_Mar_Sci,Effects_of_reduced_carbonate_saturation_state_on_early_development_in_the_common_edible_sea_urchin_Lytechinus_variegatus_implications_for_land_based_aquaculture_,Crassostrea_virginica,Bivalve_larvae,NA,386,25,3,Clements_et_al_2020_ICES_J_Mar_Sci__NA__Effects_of_reduced_carbonate_saturation_state_on_early_development_in_the_common_edible_sea_urchin_Lytechinus_variegatus_implications_for_land_based_aquaculture_,ZOO_STUDY_0091,ZOO_ES_001507,ZOO_STUDY_0091__Crassostrea_virginica__Bivalve_larvae__CO2386.00__T25.00__NC3,ZOO_COMMON_00159,0.22314355131420976,0.023726851851851853,6.492021369605512,2.75
Leung et al. 2022,Clark et al. 2009. Mar Biol,NA,NA,NA,Zooplankton,Meroplankton,Urchin larvae,Tripneustes gratilla,pH,4,4,395,26,1119,26,Larval survival,positive,NA,Survival,0.63,0.068,0.78,0.088,0.2135741002980591,0.0192,NA,NA,Yes,NA,NA,NA,,724,0,Clark_et_al_2009_Mar_Biol,NA,Tripneustes_gratilla,Urchin_larvae,NA,395,26,4,Clark_et_al_2009_Mar_Biol__NA__NA,ZOO_STUDY_0090,ZOO_ES_001520,ZOO_STUDY_0090__Tripneustes_gratilla__Urchin_larvae__CO2395.00__T26.00__NC4,ZOO_COMMON_00157,0.2135741002980591,0.006094689464652834,12.809264949504472,3.5
Ross et al. 2024,Gibbs et al. 2021a,2021,Adult exposure to ocean acidification and warming leads to limited beneficial responses for oyster larvae,https://academic.oup.com/icesjms/article/78/6/2017/6306814,Zooplankton,Meroplankton,Mollusca,Saccostrea glomerata,pH,3,3,400,NA,856,NA,% Mortality of larvae at 9 days of age,negative,NA,Survival,58.73015873,20.16143797,47.76119403,12.06403548,0.206739903,0.0605,NA,"flip sign because we are looking at mortality, instead of survival; confusing which are the control values and treatment values in the source database",Yes,NA,NA,NA,,456,NA,Gibbs_et_al_2021a,Adult_exposure_to_ocean_acidification_and_warming_leads_to_limited_beneficial_responses_for_oyster_larvae,Saccostrea_glomerata,Mollusca,2021,400,NA,3,Gibbs_et_al_2021a__2021__Adult_exposure_to_ocean_acidification_and_warming_leads_to_limited_beneficial_responses_for_oyster_larvae,ZOO_STUDY_0180,ZOO_ES_001561,ZOO_STUDY_0180__Saccostrea_glomerata__Mollusca__CO2400.00__TNA__NC3,ZOO_COMMON_00311,-0.20673990283810356,0.060549886889072244,4.063902986347012,2
Leung et al. 2022,Clark et al. 2009. Mar Biol,NA,NA,NA,Zooplankton,Meroplankton,Urchin larvae,Evechinus chloroticus,pH,4,4,438,15,1320,15,Larval survival,positive,NA,Survival,0.71,0.036,0.87,0.03,0.2032282416132684,0.0349,NA,NA,Yes,NA,NA,NA,,882,0,Clark_et_al_2009_Mar_Biol,NA,Evechinus_chloroticus,Urchin_larvae,NA,438,15,4,Clark_et_al_2009_Mar_Biol__NA__NA,ZOO_STUDY_0090,ZOO_ES_001562,ZOO_STUDY_0090__Evechinus_chloroticus__Urchin_larvae__CO2438.00__T15.00__NC4,ZOO_COMMON_00148,0.2032282416132684,9.39994777662643e-4,32.61649425616838,4.25
Ross et al. 2024,Parker et al. 2015,2015,"Persistence of Positive Carryover Effects in the Oyster, Saccostrea glomerata, following Transgenerational Exposure to Ocean Acidification",https://journals.plos.org/plosone/article?id=10.1371%2Fjournal.pone.0132276,Zooplankton,Meroplankton,Mollusca,Saccostrea glomerata,pH,3,3,385,NA,856,NA,Percentage survival of larvae after 19 d,positive,NA,Survival,34.7107438,31.49183286,42.47933884,31.49183286,0.201968554,0.45757374,NA,NA,Yes,NA,NA,NA,,471,NA,Parker_et_al_2015,Persistence_of_Positive_Carryover_Effects_in_the_Oyster_Saccostrea_glomerata_following_Transgenerational_Exposure_to_Ocean_Acidification,Saccostrea_glomerata,Mollusca,2015,385,NA,3,Parker_et_al_2015__2015__Persistence_of_Positive_Carryover_Effects_in_the_Oyster_Saccostrea_glomerata_following_Transgenerational_Exposure_to_Ocean_Acidification,ZOO_STUDY_0403,ZOO_ES_001563,ZOO_STUDY_0403__Saccostrea_glomerata__Mollusca__CO2385.00__TNA__NC3,ZOO_COMMON_00696,0.2019685541553312,0.4575737403427316,1.4783234078299714,2.5
Leung et al. 2022,Clark et al. 2009. Mar Biol,NA,NA,NA,Zooplankton,Meroplankton,Urchin larvae,Tripneustes gratilla,pH,4,4,395,26,1119,26,Larval survival,positive,NA,Survival,0.63,0.068,0.77,0.034,0.20067069546215124,0.0016,NA,NA,Yes,NA,NA,NA,,724,0,Clark_et_al_2009_Mar_Biol,NA,Tripneustes_gratilla,Urchin_larvae,NA,395,26,4,Clark_et_al_2009_Mar_Biol__NA__NA,ZOO_STUDY_0090,ZOO_ES_001564,ZOO_STUDY_0090__Tripneustes_gratilla__Urchin_larvae__CO2395.00__T26.00__NC4,ZOO_COMMON_00157,0.20067069546215124,0.0034000070796607594,17.149840659105188,3.5
Hoppit et al. 2022,"Eriander et al., 2016",NA,NA,NA,Zooplankton,Meroplankton,Arthropoda,Balanus improvisus,pH,7,7,380,19,970,19,Survival,ambiguous,NA,Survival,78.8,9.8,96.2,2.6,0.199516361,0.00231,"Data from figure 3, stable OA batch 1",NA,Yes,NA,NA,NA,,590,0,Eriander_et_al_2016,NA,Balanus_improvisus,Arthropoda,NA,380,19,7,Eriander_et_al_2016__NA__NA,ZOO_STUDY_0141,ZOO_ES_001565,ZOO_STUDY_0141__Balanus_improvisus__Arthropoda__CO2380.00__T19.00__NC7,ZOO_COMMON_00243,0.1995163608078275,0.0023138904801558984,20.78876071201772,4.25
Leung et al. 2022,"Dorey et al., 2013. Glob Change Biol",NA,NA,NA,Zooplankton,Meroplankton,Urchin larvae,Strongylocentrotus droebachiensis,pH,6,3,491,9.32,3018,9.32,Larval survival,positive,NA,Survival,0.6466666666666666,0.04273952113286563,0.7766666666666667,0.2579405616287078,0.18318029450237258,0.00716,NA,NA,Yes,NA,NA,NA,,2527,0,Dorey_et_al_2013_Glob_Change_Biol,NA,Strongylocentrotus_droebachiensis,Urchin_larvae,NA,491,9.32,6,Dorey_et_al_2013_Glob_Change_Biol__NA__NA,ZOO_STUDY_0127,ZOO_ES_001631,ZOO_STUDY_0127__Strongylocentrotus_droebachiensis__Urchin_larvae__CO2491.00__T9.32__NC6,ZOO_COMMON_00221,0.18318029450237258,0.03749422208800095,5.16437566771148,2.75
Leung et al. 2022,"Durland et al., 2019. Mar Ecol Prog Ser",NA,NA,NA,Zooplankton,Meroplankton,Bivalve larvae,Crassostrea gigas,pH,6,6,862,24.6,2318,24.6,Larval survival (pediveliger),positive,NA,Survival,18,2.6,21.6,2.3,0.1823215567939548,0.00115,NA,NA,Yes,NA,NA,NA,,1456,0,Durland_et_al_2019_Mar_Ecol_Prog_Ser,NA,Crassostrea_gigas,Bivalve_larvae,NA,862,24.6,6,Durland_et_al_2019_Mar_Ecol_Prog_Ser__NA__NA,ZOO_STUDY_0138,ZOO_ES_001632,ZOO_STUDY_0138__Crassostrea_gigas__Bivalve_larvae__CO2862.00__T24.60__NC6,ZOO_COMMON_00240,0.1823215567939548,0.005367083904892546,13.649942050185777,3.5
Jian et al. 2025,"Westwood, K. J. et al., 2018",2018,Ocean acidification impacts primary and bacterial production in Antarctic coastal waters during austral summer,https://www.sciencedirect.com/science/article/abs/pii/S0022098116303707,Zooplankton,Holoplankton,Protozooplankton,Heterotrophic nanoflagellate,pH,1,1,195,NA,1170,NA,Abundance-heterotrophic nanoflagellate,positive,NA,Survival,10.76923077,3.372708238,12.76923077,2.666901148,0.170345366,0.141701614,Figure 8,NA,Yes,NA,NA,NA,,975,NA,Westwood_K_J_et_al_2018,Ocean_acidification_impacts_primary_and_bacterial_production_in_Antarctic_coastal_waters_during_austral_summer,Heterotrophic_nanoflagellate,Protozooplankton,2018,195,NA,1,Westwood_K_J_et_al_2018__2018__Ocean_acidification_impacts_primary_and_bacterial_production_in_Antarctic_coastal_waters_during_austral_summer,ZOO_STUDY_0543,ZOO_ES_001636,ZOO_STUDY_0543__Heterotrophic_nanoflagellate__Protozooplankton__CO2195.00__TNA__NC1,ZOO_COMMON_00947,0.17034536573605127,0.1417016139447897,2.6565170131586617,2
Jian et al. 2025,"Troedsson, Christofer et al., 2013",2013,"Effects of ocean acidification, temperature and nutrient regimes on the appendicularian Oikopleura dioica: a mesocosm study",https://link.springer.com/article/10.1007/s00227-012-2137-9,Zooplankton,Holoplankton,Non-calanoid copepod,Harpacticoids,pH,1,1,350,NA,1000,NA,Abundance-harpacticoids,positive,NA,Survival,2.143974961,1.564945227,2.535211268,1.564945227,0.16761541,0.913832912,Figure 4,NA,Yes,NA,NA,NA,,650,NA,Troedsson_Christofer_et_al_2013,Effects_of_ocean_acidification_temperature_and_nutrient_regimes_on_the_appendicularian_Oikopleura_dioica_a_mesocosm_study,Harpacticoids,Non_calanoid_copepod,2013,350,NA,1,Troedsson_Christofer_et_al_2013__2013__Effects_of_ocean_acidification_temperature_and_nutrient_regimes_on_the_appendicularian_Oikopleura_dioica_a_mesocosm_study,ZOO_STUDY_0508,ZOO_ES_001637,ZOO_STUDY_0508__Harpacticoids__Non_calanoid_copepod__CO2350.00__TNA__NC1,ZOO_COMMON_00879,0.16761540950215043,0.9138329115914245,1.0460841033653243,2.5
Ross et al. 2024,Gibbs et al. 2021a,2021,Adult exposure to ocean acidification and warming leads to limited beneficial responses for oyster larvae,https://academic.oup.com/icesjms/article/78/6/2017/6306814,Zooplankton,Meroplankton,Mollusca,Saccostrea glomerata,pH,3,3,400,NA,856,NA,% Mortality of larvae at 9 days of age,negative,NA,Survival,85.18518519,5.498573992,72.13930348,6.893734557,0.166228516,0.00443,NA,"flip sign because we are looking at mortality, instead of survival; confusing which are the control values and treatment values in the source database",Yes,NA,NA,NA,,456,NA,Gibbs_et_al_2021a,Adult_exposure_to_ocean_acidification_and_warming_leads_to_limited_beneficial_responses_for_oyster_larvae,Saccostrea_glomerata,Mollusca,2021,400,NA,3,Gibbs_et_al_2021a__2021__Adult_exposure_to_ocean_acidification_and_warming_leads_to_limited_beneficial_responses_for_oyster_larvae,ZOO_STUDY_0180,ZOO_ES_001638,ZOO_STUDY_0180__Saccostrea_glomerata__Mollusca__CO2400.00__TNA__NC3,ZOO_COMMON_00311,-0.16622851565570584,0.004432830550525018,15.019636939730857,3.5
Leung et al. 2022,Suwa et al. 2010. Fish Sci,NA,NA,NA,Zooplankton,Meroplankton,Coral larvae,Acropora tenuis,pH,10,10,400,26.8,2115,26.8,Larval survial,positive,NA,Survival,72,6,85,4,0.16598513747426116,0.00937,NA,NA,Yes,NA,NA,NA,,1715,0,Suwa_et_al_2010_Fish_Sci,NA,Acropora_tenuis,Coral_larvae,NA,400,26.8,10,Suwa_et_al_2010_Fish_Sci__NA__NA,ZOO_STUDY_0488,ZOO_ES_001639,ZOO_STUDY_0488__Acropora_tenuis__Coral_larvae__CO2400.00__T26.80__NC10,ZOO_COMMON_00839,0.16598513747426116,9.158977316416763e-4,33.04277463227486,4.25
Jian et al. 2025,"Troedsson, Christofer et al., 2013",2013,"Effects of ocean acidification, temperature and nutrient regimes on the appendicularian Oikopleura dioica: a mesocosm study",https://link.springer.com/article/10.1007/s00227-012-2137-9,Zooplankton,Holoplankton,Annelid worm,Polychaetes,pH,1,1,350,NA,1000,NA,Abundance-polychaetes,positive,NA,Survival,4.491392801,1.564945227,5.273865415,1.17370892,0.160600715,0.170934258,Figure 4,NA,Yes,NA,NA,NA,,650,NA,Troedsson_Christofer_et_al_2013,Effects_of_ocean_acidification_temperature_and_nutrient_regimes_on_the_appendicularian_Oikopleura_dioica_a_mesocosm_study,Polychaetes,Annelid_worm,2013,350,NA,1,Troedsson_Christofer_et_al_2013__2013__Effects_of_ocean_acidification_temperature_and_nutrient_regimes_on_the_appendicularian_Oikopleura_dioica_a_mesocosm_study,ZOO_STUDY_0508,ZOO_ES_001640,ZOO_STUDY_0508__Polychaetes__Annelid_worm__CO2350.00__TNA__NC1,ZOO_COMMON_00881,0.16060071470373447,0.17093425848397056,2.418719154021615,2.5
Leung et al. 2022,"Nakamura et al., 2011. Plos One",NA,NA,NA,Zooplankton,Meroplankton,Coral larvae,Acropora digitifera,pH,12,12,331,26.3,2011,26.6,Survival,positive,NA,Survival,46,17.32050807568877,54,10.392304845413264,0.16034265007517948,6.26e-4,NA,NA,Yes,NA,NA,NA,,1680,0.3000000000000007,Nakamura_et_al_2011_Plos_One,NA,Acropora_digitifera,Coral_larvae,NA,331,26.3,12,Nakamura_et_al_2011_Plos_One__NA__NA,ZOO_STUDY_0368,ZOO_ES_001641,ZOO_STUDY_0368__Acropora_digitifera__Coral_larvae__CO2331.00__T26.30__NC12,ZOO_COMMON_00638,0.16034265007517948,0.014901164554598705,8.191999076203942,2.75
Jian et al. 2025,"Gobler, Christopher J. et al., 2018",2018,"Temperature, acidification, and food supply interact to negatively affect the growth and survival of the forage fish, Menidia beryllina (Inland Silverside), and Cyprinodon variegatus (Sheepshead Minnow)",https://www.frontiersin.org/journals/marine-science/articles/10.3389/fmars.2018.00086/full,Zooplankton,Meroplankton,Fish larvae,Menidia beryllina,pH,4,4,397,NA,2057,NA,Percent survival-Menidia beryllina.(fed),positive,NA,Survival,81.87574671,8.960573477,96.06332139,6.720430108,0.1598047578053441,0.004217881915683426,Figure 5,NA,Yes,NA,NA,NA,,1660,NA,Gobler_Christopher_J_et_al_2018,Temperature_acidification_and_food_supply_interact_to_negatively_affect_the_growth_and_survival_of_the_forage_fish_Menidia_beryllina_Inland_Silverside_and_Cyprinodon_variegatus_Sheepshead_Minnow_,Menidia_beryllina,Fish_larvae,2018,397,NA,4,Gobler_Christopher_J_et_al_2018__2018__Temperature_acidification_and_food_supply_interact_to_negatively_affect_the_growth_and_survival_of_the_forage_fish_Menidia_beryllina_Inland_Silverside_and_Cyprinodon_variegatus_Sheepshead_Minnow_,ZOO_STUDY_0186,ZOO_ES_001655,ZOO_STUDY_0186__Menidia_beryllina__Fish_larvae__CO2397.00__TNA__NC4,ZOO_COMMON_00325,0.15980475780534337,0.004217881915683426,15.397591426721457,3.5
Jian et al. 2025,"Troedsson, Christofer et al., 2013",2013,"Effects of ocean acidification, temperature and nutrient regimes on the appendicularian Oikopleura dioica: a mesocosm study",https://link.springer.com/article/10.1007/s00227-012-2137-9,Zooplankton,Holoplankton,Annelid worm,Polychaetes,pH,1,1,350,NA,1000,NA,Abundance-polychaetes,positive,NA,Survival,15.05477308,2.738654147,17.40219092,1.564945227,0.144901024,0.0412,Figure 4,NA,Yes,NA,NA,NA,,650,NA,Troedsson_Christofer_et_al_2013,Effects_of_ocean_acidification_temperature_and_nutrient_regimes_on_the_appendicularian_Oikopleura_dioica_a_mesocosm_study,Polychaetes,Annelid_worm,2013,350,NA,1,Troedsson_Christofer_et_al_2013__2013__Effects_of_ocean_acidification_temperature_and_nutrient_regimes_on_the_appendicularian_Oikopleura_dioica_a_mesocosm_study,ZOO_STUDY_0508,ZOO_ES_001658,ZOO_STUDY_0508__Polychaetes__Annelid_worm__CO2350.00__TNA__NC1,ZOO_COMMON_00881,0.14490102414959974,0.0411792793904334,4.92788573108579,2.75
Ross et al. 2024,Gibbs et al. 2021c,2021,Energetic lipid responses of larval oysters to ocean acidification,https://www.sciencedirect.com/science/article/abs/pii/S0025326X21004756,Zooplankton,Meroplankton,Mollusca,Saccostrea glomerata,pH,3,3,340,NA,856,NA,% Mortality of larvae at 9 days of age,negative,NA,Survival,77.71084337,17.73786972,67.87148594,10.78184238,0.135378798,0.0258,NA,"flip sign because we are looking at mortality, instead of survival; confusing which are the control values and treatment values in the source database",Yes,NA,NA,NA,,516,NA,Gibbs_et_al_2021c,Energetic_lipid_responses_of_larval_oysters_to_ocean_acidification,Saccostrea_glomerata,Mollusca,2021,340,NA,3,Gibbs_et_al_2021c__2021__Energetic_lipid_responses_of_larval_oysters_to_ocean_acidification,ZOO_STUDY_0183,ZOO_ES_001660,ZOO_STUDY_0183__Saccostrea_glomerata__Mollusca__CO2340.00__TNA__NC3,ZOO_COMMON_00316,-0.13537879755742316,0.025778565117152083,6.2283158729789765,2.75
Leung et al. 2022,"Clements et al., 2020. ICES J Mar Sci",NA,Effects of reduced carbonate saturation state on early development in the common edible sea urchin Lytechinus variegatus: implications for land-based aquaculture.,https://doi.pangaea.de/10.1594/PANGAEA.822160,Zooplankton,Meroplankton,Bivalve larvae,Crassostrea virginica,pH,3,3,386,25,579.1,25,Larval survival,positive,NA,Survival,35,7.5,40,10.125,0.13353139262452257,0.100208333,NA,NA,Yes,NA,NA,NA,,193.10000000000002,0,Clements_et_al_2020_ICES_J_Mar_Sci,Effects_of_reduced_carbonate_saturation_state_on_early_development_in_the_common_edible_sea_urchin_Lytechinus_variegatus_implications_for_land_based_aquaculture_,Crassostrea_virginica,Bivalve_larvae,NA,386,25,3,Clements_et_al_2020_ICES_J_Mar_Sci__NA__Effects_of_reduced_carbonate_saturation_state_on_early_development_in_the_common_edible_sea_urchin_Lytechinus_variegatus_implications_for_land_based_aquaculture_,ZOO_STUDY_0091,ZOO_ES_001661,ZOO_STUDY_0091__Crassostrea_virginica__Bivalve_larvae__CO2386.00__T25.00__NC3,ZOO_COMMON_00159,0.13353139262452257,0.03666354432397959,5.22255204609389,2.75
Jian et al. 2025,"Westwood, K. J. et al., 2018",2018,Ocean acidification impacts primary and bacterial production in Antarctic coastal waters during austral summer,https://www.sciencedirect.com/science/article/abs/pii/S0022098116303707,Zooplankton,Holoplankton,Protozooplankton,Heterotrophic nanoflagellate,pH,1,1,195,NA,1170,NA,Abundance-heterotrophic nanoflagellate,positive,NA,Survival,10.76923077,3.372708238,12.256410259999999,2.559796685,0.129356021,0.141701614,Figure 8,NA,Yes,NA,NA,NA,,975,NA,Westwood_K_J_et_al_2018,Ocean_acidification_impacts_primary_and_bacterial_production_in_Antarctic_coastal_waters_during_austral_summer,Heterotrophic_nanoflagellate,Protozooplankton,2018,195,NA,1,Westwood_K_J_et_al_2018__2018__Ocean_acidification_impacts_primary_and_bacterial_production_in_Antarctic_coastal_waters_during_austral_summer,ZOO_STUDY_0543,ZOO_ES_001665,ZOO_STUDY_0543__Heterotrophic_nanoflagellate__Protozooplankton__CO2195.00__TNA__NC1,ZOO_COMMON_00947,0.12935602143550043,0.1417016139509097,2.656517013101295,2
Leung et al. 2022,"Guo et al., 2016. J Exp Mar Biol Ecol",NA,NA,NA,Zooplankton,Meroplankton,Bivalve larvae,Paphia undulate,pH,3,3,419.9,25.1,1581.1,25.6,Larval survival,positive,NA,Survival,68,5,77,6,0.12429771667757712,0.0145,NA,NA,Yes,NA,NA,NA,,1161.1999999999998,0.5,Guo_et_al_2016_J_Exp_Mar_Biol_Ecol,NA,Paphia_undulate,Bivalve_larvae,NA,419.9,25.1,3,Guo_et_al_2016_J_Exp_Mar_Biol_Ecol__NA__NA,ZOO_STUDY_0200,ZOO_ES_001667,ZOO_STUDY_0200__Paphia_undulate__Bivalve_larvae__CO2419.90__T25.10__NC3,ZOO_COMMON_00359,0.12429771667757712,0.0038261415407193503,16.166629448292987,3.5
Leung et al. 2022,"Nakamura et al., 2011. Plos One",NA,NA,NA,Zooplankton,Meroplankton,Coral larvae,Acropora digitifera,pH,12,12,331,26.3,1172,26.2,Survival,positive,NA,Survival,46,17.32050807568877,51,20.784609690826528,0.1031842362352308,0.0375,NA,NA,Yes,NA,NA,NA,,841,-0.10000000000000142,Nakamura_et_al_2011_Plos_One,NA,Acropora_digitifera,Coral_larvae,NA,331,26.3,12,Nakamura_et_al_2011_Plos_One__NA__NA,ZOO_STUDY_0368,ZOO_ES_001669,ZOO_STUDY_0368__Acropora_digitifera__Coral_larvae__CO2331.00__T26.30__NC12,ZOO_COMMON_00638,0.1031842362352308,0.025655575251339276,6.2432269374818885,2.75
Leung et al. 2022,"Dorey et al., 2013. Glob Change Biol",NA,NA,NA,Zooplankton,Meroplankton,Urchin larvae,Strongylocentrotus droebachiensis,pH,6,6,491,9.32,1053,9.32,Larval survival,positive,NA,Survival,0.6466666666666666,0.04273952113286563,0.71,0.108074048688851,0.09343400664609706,0.00376,NA,NA,Yes,NA,NA,NA,,562,0,Dorey_et_al_2013_Glob_Change_Biol,NA,Strongylocentrotus_droebachiensis,Urchin_larvae,NA,491,9.32,6,Dorey_et_al_2013_Glob_Change_Biol__NA__NA,ZOO_STUDY_0127,ZOO_ES_001671,ZOO_STUDY_0127__Strongylocentrotus_droebachiensis__Urchin_larvae__CO2491.00__T9.32__NC6,ZOO_COMMON_00221,0.09343400664609706,0.004589694016275993,14.760740099034146,3.5
Leung et al. 2022,"Gonzalez-Bernat et al., 2013. Mar Biol",NA,NA,NA,Zooplankton,Meroplankton,Urchin larvae,Arachnoides placenta,pH,4,4,525.7,26,1300.5,26,Larval survival,positive,NA,Survival,0.67,0.22,0.72,0.22,0.07197349962508924,0.0112,NA,NA,Yes,NA,NA,NA,,774.8,0,Gonzalez_Bernat_et_al_2013_Mar_Biol,NA,Arachnoides_placenta,Urchin_larvae,NA,525.7,26,4,Gonzalez_Bernat_et_al_2013_Mar_Biol__NA__NA,ZOO_STUDY_0192,ZOO_ES_001674,ZOO_STUDY_0192__Arachnoides_placenta__Urchin_larvae__CO2525.70__T26.00__NC4,ZOO_COMMON_00341,0.07197349962508924,0.05029582772978666,4.458964554979295,2
Leung et al. 2022,"Durland et al., 2019. Mar Ecol Prog Ser",NA,NA,NA,Zooplankton,Meroplankton,Bivalve larvae,Crassostrea gigas,pH,6,6,817,24.8,2126,24.6,Larval survival (pediveliger),positive,NA,Survival,16.7,3.2,17.8,2.7,0.06378973787533021,4.24e-4,NA,NA,Yes,NA,NA,NA,,1309,-0.1999999999999993,Durland_et_al_2019_Mar_Ecol_Prog_Ser,NA,Crassostrea_gigas,Bivalve_larvae,NA,817,24.8,6,Durland_et_al_2019_Mar_Ecol_Prog_Ser__NA__NA,ZOO_STUDY_0138,ZOO_ES_001675,ZOO_STUDY_0138__Crassostrea_gigas__Bivalve_larvae__CO2817.00__T24.80__NC6,ZOO_COMMON_00239,0.06378973787533021,0.009954240619876285,10.022958512724932,3.5
Jian et al. 2025,"Troedsson, Christofer et al., 2013",2013,"Effects of ocean acidification, temperature and nutrient regimes on the appendicularian Oikopleura dioica: a mesocosm study",https://link.springer.com/article/10.1007/s00227-012-2137-9,Zooplankton,Holoplankton,Other zooplankton,Others,pH,1,1,350,NA,1000,NA,Abundance-others,positive,NA,Survival,6.056338028,2.738654147,6.447574335,2.34741784,0.0626,0.337034118,Figure 4,NA,Yes,NA,NA,NA,,650,NA,Troedsson_Christofer_et_al_2013,Effects_of_ocean_acidification_temperature_and_nutrient_regimes_on_the_appendicularian_Oikopleura_dioica_a_mesocosm_study,Others,Other_zooplankton,2013,350,NA,1,Troedsson_Christofer_et_al_2013__2013__Effects_of_ocean_acidification_temperature_and_nutrient_regimes_on_the_appendicularian_Oikopleura_dioica_a_mesocosm_study,ZOO_STUDY_0508,ZOO_ES_001676,ZOO_STUDY_0508__Others__Other_zooplankton__CO2350.00__TNA__NC1,ZOO_COMMON_00880,0.06259865636342829,0.3370341179529111,1.7225152146741542,2.5
Ross et al. 2024,Gibbs et al. 2021a,2021,Adult exposure to ocean acidification and warming leads to limited beneficial responses for oyster larvae,https://academic.oup.com/icesjms/article/78/6/2017/6306814,Zooplankton,Meroplankton,Mollusca,Saccostrea glomerata,pH,3,3,400,NA,856,NA,% Mortality of larvae at 9 days of age,negative,NA,Survival,93.12169312,3.665715995,88.35978836,7.33143199,0.0525,0.00281,NA,"flip sign because we are looking at mortality, instead of survival; confusing which are the control values and treatment values in the source database",Yes,NA,NA,NA,,456,NA,Gibbs_et_al_2021a,Adult_exposure_to_ocean_acidification_and_warming_leads_to_limited_beneficial_responses_for_oyster_larvae,Saccostrea_glomerata,Mollusca,2021,400,NA,3,Gibbs_et_al_2021a__2021__Adult_exposure_to_ocean_acidification_and_warming_leads_to_limited_beneficial_responses_for_oyster_larvae,ZOO_STUDY_0180,ZOO_ES_001681,ZOO_STUDY_0180__Saccostrea_glomerata__Mollusca__CO2400.00__TNA__NC3,ZOO_COMMON_00311,-0.05249018260081974,0.0028113405003062702,18.86006892026134,3.5
Ross et al. 2024,Gibbs et al. 2021a,2021,Adult exposure to ocean acidification and warming leads to limited beneficial responses for oyster larvae,https://academic.oup.com/icesjms/article/78/6/2017/6306814,Zooplankton,Meroplankton,Mollusca,Saccostrea glomerata,pH,3,3,400,NA,856,NA,% Mortality of larvae at 9 days of age,negative,NA,Survival,94.17989418,4.582144994,89.55223881,8.617168197,0.0504,0.00388,NA,"flip sign because we are looking at mortality, instead of survival; confusing which are the control values and treatment values in the source database",Yes,NA,NA,NA,,456,NA,Gibbs_et_al_2021a,Adult_exposure_to_ocean_acidification_and_warming_leads_to_limited_beneficial_responses_for_oyster_larvae,Saccostrea_glomerata,Mollusca,2021,400,NA,3,Gibbs_et_al_2021a__2021__Adult_exposure_to_ocean_acidification_and_warming_leads_to_limited_beneficial_responses_for_oyster_larvae,ZOO_STUDY_0180,ZOO_ES_001682,ZOO_STUDY_0180__Saccostrea_glomerata__Mollusca__CO2400.00__TNA__NC3,ZOO_COMMON_00311,-0.05038459235743177,0.0038754615407087913,16.06342997081071,3.5
Leung et al. 2022,"Campanati et al., 2018. Mar Environ Res",NA,NA,NA,Zooplankton,Meroplankton,Gastropod larvae,Reishia clavigera,pH,4,4,436.81,27.85,1148.45,27.82,Larval survival,positive,NA,Survival,59,6,62,6.75,0.049596941139372186,0.0319,NA,NA,Yes,NA,NA,NA,,711.6400000000001,-0.030000000000001137,Campanati_et_al_2018_Mar_Environ_Res,NA,Reishia_clavigera,Gastropod_larvae,NA,436.81,27.85,4,Campanati_et_al_2018_Mar_Environ_Res__NA__NA,ZOO_STUDY_0066,ZOO_ES_001683,ZOO_STUDY_0066__Reishia_clavigera__Gastropod_larvae__CO2436.81__T27.85__NC4,ZOO_COMMON_00102,0.049596941139372186,0.005548685851408015,13.424710573556096,3.5
Leung et al. 2022,"García et al., 2015. Mar Environ Res",NA,NA,NA,Zooplankton,Meroplankton,Urchin larvae,Paracentrotus lividus,pH,3,3,310.6,19,885.4,19,Larval density (survival),positive,NA,Survival,0.6,0.6,0.63,0.6,0.04879016416943205,0.00575,NA,NA,Yes,NA,NA,NA,,574.8,0,Garc_a_et_al_2015_Mar_Environ_Res,NA,Paracentrotus_lividus,Urchin_larvae,NA,310.6,19,3,Garc_a_et_al_2015_Mar_Environ_Res__NA__NA,ZOO_STUDY_0164,ZOO_ES_001684,ZOO_STUDY_0164__Paracentrotus_lividus__Urchin_larvae__CO2310.60__T19.00__NC3,ZOO_COMMON_00278,0.04879016416943205,0.6356764928193499,1.254243688239532,2.5
Ross et al. 2024,Gibbs et al. 2021c,2021,Energetic lipid responses of larval oysters to ocean acidification,https://www.sciencedirect.com/science/article/abs/pii/S0025326X21004756,Zooplankton,Meroplankton,Mollusca,Saccostrea glomerata,pH,3,3,340,NA,856,NA,% Mortality of larvae at 9 days of age,negative,NA,Survival,94.57831325,4.521417771,90.36144578,3.825815037,0.0456,0.00136,NA,"flip sign because we are looking at mortality, instead of survival; confusing which are the control values and treatment values in the source database",Yes,NA,NA,NA,,516,NA,Gibbs_et_al_2021c,Energetic_lipid_responses_of_larval_oysters_to_ocean_acidification,Saccostrea_glomerata,Mollusca,2021,340,NA,3,Gibbs_et_al_2021c__2021__Energetic_lipid_responses_of_larval_oysters_to_ocean_acidification,ZOO_STUDY_0183,ZOO_ES_001686,ZOO_STUDY_0183__Saccostrea_glomerata__Mollusca__CO2340.00__TNA__NC3,ZOO_COMMON_00316,-0.04561051125487185,0.0013593377441326404,27.122911820980946,4.25
Ross et al. 2024,Gibbs et al. 2021c,2021,Energetic lipid responses of larval oysters to ocean acidification,https://www.sciencedirect.com/science/article/abs/pii/S0025326X21004756,Zooplankton,Meroplankton,Mollusca,Saccostrea glomerata,pH,3,3,340,NA,856,NA,% Mortality of larvae at 9 days of age,negative,NA,Survival,100,0,95.58232932,4.173616404,0.0452,6.36e-4,NA,"flip sign because we are looking at mortality, instead of survival; confusing which are the control values and treatment values in the source database",Yes,NA,NA,NA,,516,NA,Gibbs_et_al_2021c,Energetic_lipid_responses_of_larval_oysters_to_ocean_acidification,Saccostrea_glomerata,Mollusca,2021,340,NA,3,Gibbs_et_al_2021c__2021__Energetic_lipid_responses_of_larval_oysters_to_ocean_acidification,ZOO_STUDY_0183,ZOO_ES_001687,ZOO_STUDY_0183__Saccostrea_glomerata__Mollusca__CO2340.00__TNA__NC3,ZOO_COMMON_00316,-0.04518222276466145,6.355483370124065e-4,39.66666666571315,4.25
Leung et al. 2022,"Guo et al., 2016. J Exp Mar Biol Ecol",NA,NA,NA,Zooplankton,Meroplankton,Bivalve larvae,Paphia undulate,pH,3,3,419.9,25.1,886.3,25.6,Larval survival,positive,NA,Survival,68,5,71,5,0.04317217186520878,0.0971,NA,NA,Yes,NA,NA,NA,,466.4,0.5,Guo_et_al_2016_J_Exp_Mar_Biol_Ecol,NA,Paphia_undulate,Bivalve_larvae,NA,419.9,25.1,3,Guo_et_al_2016_J_Exp_Mar_Biol_Ecol__NA__NA,ZOO_STUDY_0200,ZOO_ES_001714,ZOO_STUDY_0200__Paphia_undulate__Bivalve_larvae__CO2419.90__T25.10__NC3,ZOO_COMMON_00359,0.04317217186520878,0.003455302620015298,17.01206193918477,3.5
Leung et al. 2022,"Schiffer et al., 2013. Mar Biol",NA,NA,NA,Zooplankton,Meroplankton,Crustacean larvae,Hyas araneus,pH,3,3,489,6.13,2343,6.3,Larval survival,positive,NA,Survival,81.3,2.3,84.6,4,0.039788250058412584,0.00378,NA,NA,Yes,NA,NA,NA,,1854,0.16999999999999993,Schiffer_et_al_2013_Mar_Biol,NA,Hyas_araneus,Crustacean_larvae,NA,489,6.13,3,Schiffer_et_al_2013_Mar_Biol__NA__NA,ZOO_STUDY_0453,ZOO_ES_001715,ZOO_STUDY_0453__Hyas_araneus__Crustacean_larvae__CO2489.00__T6.13__NC3,ZOO_COMMON_00784,0.039788250058412584,0.0010119545647634513,31.43543635121818,4.25
Jian et al. 2025,"Gobler, Christopher J. et al., 2018",2018,"Temperature, acidification, and food supply interact to negatively affect the growth and survival of the forage fish, Menidia beryllina (Inland Silverside), and Cyprinodon variegatus (Sheepshead Minnow)",https://www.frontiersin.org/journals/marine-science/articles/10.3389/fmars.2018.00086/full,Zooplankton,Meroplankton,Fish larvae,Menidia beryllina,pH,4,4,500,NA,2068,NA,Percent hatched-Menidia beryllina.(limit),positive,NA,Survival,82.14285714,4.081632653,85.20408163,20.40816327,0.036589447435937394,0.014959832484433241,Figure 3,NA,Yes,NA,NA,NA,,1568,NA,Gobler_Christopher_J_et_al_2018,Temperature_acidification_and_food_supply_interact_to_negatively_affect_the_growth_and_survival_of_the_forage_fish_Menidia_beryllina_Inland_Silverside_and_Cyprinodon_variegatus_Sheepshead_Minnow_,Menidia_beryllina,Fish_larvae,2018,500,NA,4,Gobler_Christopher_J_et_al_2018__2018__Temperature_acidification_and_food_supply_interact_to_negatively_affect_the_growth_and_survival_of_the_forage_fish_Menidia_beryllina_Inland_Silverside_and_Cyprinodon_variegatus_Sheepshead_Minnow_,ZOO_STUDY_0186,ZOO_ES_001716,ZOO_STUDY_0186__Menidia_beryllina__Fish_larvae__CO2500.00__TNA__NC4,ZOO_COMMON_00328,0.036589447435937096,0.014959832484433241,8.17592002742118,2.75
Jian et al. 2025,"Garzke, G., et al., 2020",2020,Zooplankton growth and survival differentially respond to interactive warming and acidification effects,https://academic.oup.com/plankt/article-abstract/42/2/189/5771213?redirectedFrom=fulltext,Zooplankton,Holoplankton,Calanoid copepod,Acartia tonsa,pH,1,1,500,NA,1000,NA,abundance,positive,NA,Survival,22.88461538,6.440000814,23.66412214,7.952752336,0.0335,0.192134249,Figure 3,NA,Yes,NA,NA,NA,,500,NA,Garzke_G_et_al_2020,Zooplankton_growth_and_survival_differentially_respond_to_interactive_warming_and_acidification_effects,Acartia_tonsa,Calanoid_copepod,2020,500,NA,1,Garzke_G_et_al_2020__2020__Zooplankton_growth_and_survival_differentially_respond_to_interactive_warming_and_acidification_effects,ZOO_STUDY_0172,ZOO_ES_001718,ZOO_STUDY_0172__Acartia_tonsa__Calanoid_copepod__CO2500.00__TNA__NC1,ZOO_COMMON_00300,0.03349520005929654,0.19213424906540766,2.2813798760702038,2.5
Leung et al. 2022,"Dorey et al., 2013. Glob Change Biol",NA,NA,NA,Zooplankton,Meroplankton,Urchin larvae,Strongylocentrotus droebachiensis,pH,6,6,491,9.32,1867,9.32,Larval survival,positive,NA,Survival,0.6466666666666666,0.04273952113286563,0.6633333333333334,0.14038043548396134,0.025446665661164606,0.0113,NA,NA,Yes,NA,NA,NA,,1376,0,Dorey_et_al_2013_Glob_Change_Biol,NA,Strongylocentrotus_droebachiensis,Urchin_larvae,NA,491,9.32,6,Dorey_et_al_2013_Glob_Change_Biol__NA__NA,ZOO_STUDY_0127,ZOO_ES_001719,ZOO_STUDY_0127__Strongylocentrotus_droebachiensis__Urchin_larvae__CO2491.00__T9.32__NC6,ZOO_COMMON_00221,0.025446665661164606,0.008192484325975698,11.048216865504763,3.5
Jian et al. 2025,"Garzke, G., et al., 2020",2020,Zooplankton growth and survival differentially respond to interactive warming and acidification effects,https://academic.oup.com/plankt/article-abstract/42/2/189/5771213?redirectedFrom=fulltext,Zooplankton,Holoplankton,Calanoid copepod,Acartia tonsa,pH,1,1,500,NA,2000,NA,abundance,positive,NA,Survival,22.88461538,6.440000814,23.47328244,7.888617234,0.0254,0.192134249,Figure 3,NA,Yes,NA,NA,NA,,1500,NA,Garzke_G_et_al_2020,Zooplankton_growth_and_survival_differentially_respond_to_interactive_warming_and_acidification_effects,Acartia_tonsa,Calanoid_copepod,2020,500,NA,1,Garzke_G_et_al_2020__2020__Zooplankton_growth_and_survival_differentially_respond_to_interactive_warming_and_acidification_effects,ZOO_STUDY_0172,ZOO_ES_001720,ZOO_STUDY_0172__Acartia_tonsa__Calanoid_copepod__CO2500.00__TNA__NC1,ZOO_COMMON_00300,0.025397989599926476,0.19213424904457985,2.2813798761938573,2.5
Jian et al. 2025,"Gobler, Christopher J. et al., 2018",2018,"Temperature, acidification, and food supply interact to negatively affect the growth and survival of the forage fish, Menidia beryllina (Inland Silverside), and Cyprinodon variegatus (Sheepshead Minnow)",https://www.frontiersin.org/journals/marine-science/articles/10.3389/fmars.2018.00086/full,Zooplankton,Meroplankton,Fish larvae,Menidia beryllina,pH,4,4,389,NA,1750,NA,Percent hatched-Menidia beryllina.,positive,NA,Survival,80.59701493,13.93034826,82.58706468,7.960199005,0.0243914531077154,0.009790916908658838,Figure 1b,NA,Yes,NA,NA,NA,,1361,NA,Gobler_Christopher_J_et_al_2018,Temperature_acidification_and_food_supply_interact_to_negatively_affect_the_growth_and_survival_of_the_forage_fish_Menidia_beryllina_Inland_Silverside_and_Cyprinodon_variegatus_Sheepshead_Minnow_,Menidia_beryllina,Fish_larvae,2018,389,NA,4,Gobler_Christopher_J_et_al_2018__2018__Temperature_acidification_and_food_supply_interact_to_negatively_affect_the_growth_and_survival_of_the_forage_fish_Menidia_beryllina_Inland_Silverside_and_Cyprinodon_variegatus_Sheepshead_Minnow_,ZOO_STUDY_0186,ZOO_ES_001722,ZOO_STUDY_0186__Menidia_beryllina__Fish_larvae__CO2389.00__TNA__NC4,ZOO_COMMON_00323,0.024391453107715646,0.009790916908658838,10.106209981662067,3.5
Ross et al. 2024,Gibbs et al. 2021c,2021,Energetic lipid responses of larval oysters to ocean acidification,https://www.sciencedirect.com/science/article/abs/pii/S0025326X21004756,Zooplankton,Meroplankton,Mollusca,Saccostrea glomerata,pH,3,3,340,NA,856,NA,% Mortality of larvae at 9 days of age,negative,NA,Survival,100,0.01,97.99196787,1.391205468,0.0203,6.72e-5,NA,"flip sign because we are looking at mortality, instead of survival; confusing which are the control values and treatment values in the source database",Yes,NA,NA,NA,,516,NA,Gibbs_et_al_2021c,Energetic_lipid_responses_of_larval_oysters_to_ocean_acidification,Saccostrea_glomerata,Mollusca,2021,340,NA,3,Gibbs_et_al_2021c__2021__Energetic_lipid_responses_of_larval_oysters_to_ocean_acidification,ZOO_STUDY_0183,ZOO_ES_001724,ZOO_STUDY_0183__Saccostrea_glomerata__Mollusca__CO2340.00__TNA__NC3,ZOO_COMMON_00316,-0.02028467118666972,6.71895736004354e-5,121.9969736910071,4.25
Ross et al. 2024,Watson et al. 2009,2008,Early larval development of the Sydney rock oyster Saccostrea glomerata under near-future predictions of CO2-driven ocean acidification,https://bioone.org/journals/journal-of-shellfish-research/volume-28/issue-3/035.028.0302/Early-Larval-Development-of-the-Sydney-Rock-Oyster-Saccostrea-glomerata/10.2983/035.028.0302.pdf,Zooplankton,Meroplankton,Mollusca,Saccostrea glomerata,pH,1.5,3,220.3,NA,775.6,NA,Percentage larval survival at 8 days,positive,NA,Survival,97.25146199,1.580116526,99.23391813,1.580116526,0.0202,2.61e-4,NA,NA,Yes,NA,NA,NA,,555.3,NA,Watson_et_al_2009,Early_larval_development_of_the_Sydney_rock_oyster_Saccostrea_glomerata_under_near_future_predictions_of_CO2_driven_ocean_acidification,Saccostrea_glomerata,Mollusca,2008,220.3,NA,1.5,Watson_et_al_2009__2008__Early_larval_development_of_the_Sydney_rock_oyster_Saccostrea_glomerata_under_near_future_predictions_of_CO2_driven_ocean_acidification,ZOO_STUDY_0540,ZOO_ES_001725,ZOO_STUDY_0540__Saccostrea_glomerata__Mollusca__CO2220.30__TNA__NC2,ZOO_COMMON_00943,0.020179856781968503,2.605082807272386e-4,61.95683635230834,4.25
Leung et al. 2022,"Dorey et al., 2018. J Environ Radioact",NA,NA,NA,Zooplankton,Meroplankton,Urchin larvae,Paracentrotus lividus,pH,6,6,335,20.130000000000003,1017,20.130000000000003,Larval density (survival),positive,NA,Survival,24.7,4.1,25.2,5.4,0.02004075088344619,0.0122,NA,NA,Yes,NA,NA,NA,,682,0,Dorey_et_al_2018_J_Environ_Radioact,NA,Paracentrotus_lividus,Urchin_larvae,NA,335,20.130000000000003,6,Dorey_et_al_2018_J_Environ_Radioact__NA__NA,ZOO_STUDY_0131,ZOO_ES_001726,ZOO_STUDY_0131__Paracentrotus_lividus__Urchin_larvae__CO2335.00__T20.13__NC6,ZOO_COMMON_00230,0.02004075088344619,0.012245279858898929,9.036820219920768,2.75
Jian et al. 2025,"Garzke, G., et al., 2020",2020,Zooplankton growth and survival differentially respond to interactive warming and acidification effects,https://academic.oup.com/plankt/article-abstract/42/2/189/5771213?redirectedFrom=fulltext,Zooplankton,Holoplankton,Calanoid copepod,Acartia tonsa,pH,1,1,500,NA,2500,NA,abundance,positive,NA,Survival,22.88461538,6.440000814,23.26923077,7.820042014,0.0167,0.192134249,Figure 3,NA,Yes,NA,NA,NA,,2000,NA,Garzke_G_et_al_2020,Zooplankton_growth_and_survival_differentially_respond_to_interactive_warming_and_acidification_effects,Acartia_tonsa,Calanoid_copepod,2020,500,NA,1,Garzke_G_et_al_2020__2020__Zooplankton_growth_and_survival_differentially_respond_to_interactive_warming_and_acidification_effects,ZOO_STUDY_0172,ZOO_ES_001727,ZOO_STUDY_0172__Acartia_tonsa__Calanoid_copepod__CO2500.00__TNA__NC1,ZOO_COMMON_00300,0.0166670527199502,0.19213424906075344,2.2813798760978354,2.5
Leung et al. 2022,"Schiffer et al., 2013. Mar Biol",NA,NA,NA,Zooplankton,Meroplankton,Crustacean larvae,Hyas araneus,pH,3,3,489,6.13,1026,5.96,Larval survival,positive,NA,Survival,81.3,2.3,82.5,9.5,0.014652276786870415,0.00469,NA,NA,Yes,NA,NA,NA,,537,-0.16999999999999993,Schiffer_et_al_2013_Mar_Biol,NA,Hyas_araneus,Crustacean_larvae,NA,489,6.13,3,Schiffer_et_al_2013_Mar_Biol__NA__NA,ZOO_STUDY_0453,ZOO_ES_001729,ZOO_STUDY_0453__Hyas_araneus__Crustacean_larvae__CO2489.00__T6.13__NC3,ZOO_COMMON_00784,0.014652276786870415,0.004686737182803908,14.607123455424547,3.5
Jian et al. 2025,"Gobler, Christopher J. et al., 2018",2018,"Temperature, acidification, and food supply interact to negatively affect the growth and survival of the forage fish, Menidia beryllina (Inland Silverside), and Cyprinodon variegatus (Sheepshead Minnow)",https://www.frontiersin.org/journals/marine-science/articles/10.3389/fmars.2018.00086/full,Zooplankton,Meroplankton,Fish larvae,Menidia beryllina,pH,4,4,404,NA,2191,NA,Percent hatched-Menidia beryllina.(limit),positive,NA,Survival,77.72033608,10.18089849,78.7920096,6.430041152,0.013694641966419674,0.005954815196507866,Figure 5,NA,Yes,NA,NA,NA,,1787,NA,Gobler_Christopher_J_et_al_2018,Temperature_acidification_and_food_supply_interact_to_negatively_affect_the_growth_and_survival_of_the_forage_fish_Menidia_beryllina_Inland_Silverside_and_Cyprinodon_variegatus_Sheepshead_Minnow_,Menidia_beryllina,Fish_larvae,2018,404,NA,4,Gobler_Christopher_J_et_al_2018__2018__Temperature_acidification_and_food_supply_interact_to_negatively_affect_the_growth_and_survival_of_the_forage_fish_Menidia_beryllina_Inland_Silverside_and_Cyprinodon_variegatus_Sheepshead_Minnow_,ZOO_STUDY_0186,ZOO_ES_001731,ZOO_STUDY_0186__Menidia_beryllina__Fish_larvae__CO2404.00__TNA__NC4,ZOO_COMMON_00326,0.013694641966420123,0.005954815196507866,12.958831890993405,3.5
Ross et al. 2024,Watson et al. 2009,2008,Early larval development of the Sydney rock oyster Saccostrea glomerata under near-future predictions of CO2-driven ocean acidification,https://bioone.org/journals/journal-of-shellfish-research/volume-28/issue-3/035.028.0302/Early-Larval-Development-of-the-Sydney-Rock-Oyster-Saccostrea-glomerata/10.2983/035.028.0302.pdf,Zooplankton,Meroplankton,Mollusca,Saccostrea glomerata,pH,1.5,3,220.3,NA,508.8,NA,Percentage larval survival at 8 days,positive,NA,Survival,97.25146199,1.580116526,98.42690058,1.580116526,0.012,2.62e-4,NA,NA,Yes,NA,NA,NA,,288.5,NA,Watson_et_al_2009,Early_larval_development_of_the_Sydney_rock_oyster_Saccostrea_glomerata_under_near_future_predictions_of_CO2_driven_ocean_acidification,Saccostrea_glomerata,Mollusca,2008,220.3,NA,1.5,Watson_et_al_2009__2008__Early_larval_development_of_the_Sydney_rock_oyster_Saccostrea_glomerata_under_near_future_predictions_of_CO2_driven_ocean_acidification,ZOO_STUDY_0540,ZOO_ES_001735,ZOO_STUDY_0540__Saccostrea_glomerata__Mollusca__CO2220.30__TNA__NC2,ZOO_COMMON_00943,0.012014130873034802,2.6189987504674243e-4,61.792014553916104,4.25
Jian et al. 2025,"Dam, H. G., et al., 2021",2021,"Rapid, but limited, zooplankton adaptation to simultaneous warming and acidification",https://www.nature.com/articles/s41558-021-01131-5,Zooplankton,Holoplankton,Calanoid copepod,Acartia tonsa,pH,4,4,400,NA,2000,NA,Survival,positive,NA,Survival,0.720175,0.131579,0.72807,0.131579,0.0109,0.0165,Figure 2,NA,Yes,NA,NA,NA,,1600,NA,Dam_H_G_et_al_2021,Rapid_but_limited_zooplankton_adaptation_to_simultaneous_warming_and_acidification,Acartia_tonsa,Calanoid_copepod,2021,400,NA,4,Dam_H_G_et_al_2021__2021__Rapid_but_limited_zooplankton_adaptation_to_simultaneous_warming_and_acidification,ZOO_STUDY_0110,ZOO_ES_001736,ZOO_STUDY_0110__Acartia_tonsa__Calanoid_copepod__CO2400.00__TNA__NC4,ZOO_COMMON_00191,0.010902959387914675,0.01651040787635053,7.782535293257567,2.75
Ross et al. 2024,Gibbs et al. 2021c,2021,Energetic lipid responses of larval oysters to ocean acidification,https://www.sciencedirect.com/science/article/abs/pii/S0025326X21004756,Zooplankton,Meroplankton,Mollusca,Saccostrea glomerata,pH,3,3,340,NA,856,NA,% Mortality of larvae at 9 days of age,negative,NA,Survival,99.39759036,1.739006835,98.3935743,1.739006835,0.0102,2.06e-4,NA,"flip sign because we are looking at mortality, instead of survival; confusing which are the control values and treatment values in the source database",Yes,NA,NA,NA,,516,NA,Gibbs_et_al_2021c,Energetic_lipid_responses_of_larval_oysters_to_ocean_acidification,Saccostrea_glomerata,Mollusca,2021,340,NA,3,Gibbs_et_al_2021c__2021__Energetic_lipid_responses_of_larval_oysters_to_ocean_acidification,ZOO_STUDY_0183,ZOO_ES_001737,ZOO_STUDY_0183__Saccostrea_glomerata__Mollusca__CO2340.00__TNA__NC3,ZOO_COMMON_00316,-0.010152371420901134,2.0615368704526534e-4,69.6473259532844,4.25
Leung et al. 2022,"Chan et al., 2015. Sci Rep",NA,NA,NA,Zooplankton,Meroplankton,Urchin larvae,Strongylocentrotus droebachiensis,pH,3,3,398.4,9,3200.8,9,Larval survival,positive,NA,Survival,0.964,0.0045,0.973,0.0097,0.009292787575459415,0.0015,NA,NA,Yes,NA,NA,NA,,2802.4,0,Chan_et_al_2015_Sci_Rep,NA,Strongylocentrotus_droebachiensis,Urchin_larvae,NA,398.4,9,3,Chan_et_al_2015_Sci_Rep__NA__NA,ZOO_STUDY_0081,ZOO_ES_001738,ZOO_STUDY_0081__Strongylocentrotus_droebachiensis__Urchin_larvae__CO2398.40__T9.00__NC3,ZOO_COMMON_00127,0.009292787575459415,4.0391663323222427e-5,157.34542910047992,4.25
Hoppit et al. 2022,"Cripps et al., 2014b",2014,NA,NA,Zooplankton,Holoplankton,Calanoid copepod,Acartia tonsa,pH,80,80,385,24,1000,24,Survival,positive,NA,Survival,0.2001,0.014,0.2002,0.017,5e-4,1.51e-4,Data from figure 1c  (converted from mortality to survival),NA,Yes,NA,NA,NA,,615,0,Cripps_et_al_2014b,NA,Acartia_tonsa,Calanoid_copepod,2014,385,24,80,Cripps_et_al_2014b__2014__NA,ZOO_STUDY_0101,ZOO_ES_001741,ZOO_STUDY_0101__Acartia_tonsa__Calanoid_copepod__CO2385.00__T24.00__NC80,ZOO_COMMON_00177,4.996252914324798e-4,1.5132094148359517e-4,81.29250055529413,4.25
Hoppit et al. 2022,"Lewis et al., 2013",NA,NA,NA,Zooplankton,Meroplankton,Annelida,Pomatoceros lamrckii,pH,4,4,323,12,2409,12,Survival,ambiguous,NA,Survival,52.9,5.3,52.9,5.3,0,0.00502,"Data from figure 3, Plymouth",NA,Yes,NA,NA,NA,,2086,0,Lewis_et_al_2013,NA,Pomatoceros_lamrckii,Annelida,NA,323,12,4,Lewis_et_al_2013__NA__NA,ZOO_STUDY_0304,ZOO_ES_001742,ZOO_STUDY_0304__Pomatoceros_lamrckii__Annelida__CO2323.00__T12.00__NC4,ZOO_COMMON_00530,0,0.005018921458971344,14.115452348969193,3.5
Jian et al. 2025,"Garzke, G., et al., 2020",2020,Zooplankton growth and survival differentially respond to interactive warming and acidification effects,https://academic.oup.com/plankt/article-abstract/42/2/189/5771213?redirectedFrom=fulltext,Zooplankton,Holoplankton,Calanoid copepod,Acartia tonsa,pH,1,1,500,NA,3000,NA,abundance,positive,NA,Survival,22.88461538,6.440000814,22.88461538,7.690785119,0,0.192134249,Figure 3,NA,Yes,NA,NA,NA,,2500,NA,Garzke_G_et_al_2020,Zooplankton_growth_and_survival_differentially_respond_to_interactive_warming_and_acidification_effects,Acartia_tonsa,Calanoid_copepod,2020,500,NA,1,Garzke_G_et_al_2020__2020__Zooplankton_growth_and_survival_differentially_respond_to_interactive_warming_and_acidification_effects,ZOO_STUDY_0172,ZOO_ES_001743,ZOO_STUDY_0172__Acartia_tonsa__Calanoid_copepod__CO2500.00__TNA__NC1,ZOO_COMMON_00300,0,0.19213424904896736,2.281379876167809,2.5
Jian et al. 2025,"Paul, C., et al., 2016",2016,Effects of increased CO2 concentration on nutrient limited coastal summer plankton depend on temperature,https://aslopubs.onlinelibrary.wiley.com/doi/10.1002/lno.10256,Zooplankton,Holoplankton,Other zooplankton,Total zooplankton,pH,1,1,500,NA,1000,NA,Abundance,positive,NA,Survival,133.333,37.52147957,133.333,44.80894414,0,0.192134249,Figure 1,NA,Yes,NA,NA,NA,,500,NA,Paul_C_et_al_2016,Effects_of_increased_CO2_concentration_on_nutrient_limited_coastal_summer_plankton_depend_on_temperature,Total_zooplankton,Other_zooplankton,2016,500,NA,1,Paul_C_et_al_2016__2016__Effects_of_increased_CO2_concentration_on_nutrient_limited_coastal_summer_plankton_depend_on_temperature,ZOO_STUDY_0409,ZOO_ES_001744,ZOO_STUDY_0409__Total_zooplankton__Other_zooplankton__CO2500.00__TNA__NC1,ZOO_COMMON_00704,0,0.19213424902361995,2.281379876318295,2.5
Jian et al. 2025,"Paul, C., et al., 2016",2016,Effects of increased CO2 concentration on nutrient limited coastal summer plankton depend on temperature,https://aslopubs.onlinelibrary.wiley.com/doi/10.1002/lno.10256,Zooplankton,Holoplankton,Other zooplankton,Total zooplankton,pH,1,1,500,NA,2500,NA,Abundance,positive,NA,Survival,39.403,11.08846917,39.403,13.2420843,0,0.192134249,Figure 1,NA,Yes,NA,NA,NA,,2000,NA,Paul_C_et_al_2016,Effects_of_increased_CO2_concentration_on_nutrient_limited_coastal_summer_plankton_depend_on_temperature,Total_zooplankton,Other_zooplankton,2016,500,NA,1,Paul_C_et_al_2016__2016__Effects_of_increased_CO2_concentration_on_nutrient_limited_coastal_summer_plankton_depend_on_temperature,ZOO_STUDY_0409,ZOO_ES_001745,ZOO_STUDY_0409__Total_zooplankton__Other_zooplankton__CO2500.00__TNA__NC1,ZOO_COMMON_00704,0,0.1921342490637868,2.2813798760798267,2.5
Jian et al. 2025,"Pedersen, S. A. et al., 2014",2014,Effects of elevated carbon dioxide (CO2) concentrations on early developmental stages of the marine copepod Calanus finmarchicus Gunnerus (Copepoda: Calanoidae),https://pubmed.ncbi.nlm.nih.gov/24754390/,Zooplankton,Holoplankton,Calanoid copepod,nauplii,pH,3,3,340,NA,2800,NA,Survival of hatched nauplii,positive,NA,Survival,92.11726384,2.084690554,92.11726384,6.51465798,0,0.00184,Figure 3,NA,Yes,NA,NA,NA,,2460,NA,Pedersen_S_A_et_al_2014,Effects_of_elevated_carbon_dioxide_CO2_concentrations_on_early_developmental_stages_of_the_marine_copepod_Calanus_finmarchicus_Gunnerus_Copepoda_Calanoidae_,nauplii,Calanoid_copepod,2014,340,NA,3,Pedersen_S_A_et_al_2014__2014__Effects_of_elevated_carbon_dioxide_CO2_concentrations_on_early_developmental_stages_of_the_marine_copepod_Calanus_finmarchicus_Gunnerus_Copepoda_Calanoidae_,ZOO_STUDY_0412,ZOO_ES_001746,ZOO_STUDY_0412__nauplii__Calanoid_copepod__CO2340.00__TNA__NC3,ZOO_COMMON_00712,0,0.001837888375576555,23.326008768421584,4.25
Jian et al. 2025,"Troedsson, Christofer et al., 2013",2013,"Effects of ocean acidification, temperature and nutrient regimes on the appendicularian Oikopleura dioica: a mesocosm study",https://link.springer.com/article/10.1007/s00227-012-2137-9,Zooplankton,Holoplankton,Calanoid copepod,Calanoid copepodites,pH,1,1,350,NA,1000,NA,Abundance-calanoid copepodites,positive,NA,Survival,2.535211268,1.17370892,2.535211268,0.782472613,0,0.309594574,Figure 4,NA,Yes,NA,NA,NA,,650,NA,Troedsson_Christofer_et_al_2013,Effects_of_ocean_acidification_temperature_and_nutrient_regimes_on_the_appendicularian_Oikopleura_dioica_a_mesocosm_study,Calanoid_copepodites,Calanoid_copepod,2013,350,NA,1,Troedsson_Christofer_et_al_2013__2013__Effects_of_ocean_acidification_temperature_and_nutrient_regimes_on_the_appendicularian_Oikopleura_dioica_a_mesocosm_study,ZOO_STUDY_0508,ZOO_ES_001747,ZOO_STUDY_0508__Calanoid_copepodites__Calanoid_copepod__CO2350.00__TNA__NC1,ZOO_COMMON_00877,0,0.3095945737213162,1.7972286365724428,2.5
Leung et al. 2022,"Campanati et al., 2018. Mar Environ Res",NA,NA,NA,Zooplankton,Meroplankton,Bivalve larvae,Saccostrea cucullata,pH,4,4,404.35,28.419999999999998,1148.45,28.35,Larval mortality,negative,NA,Survival,32,6,32,4,0,0.0127,NA,NA,Yes,NA,NA,NA,,744.1,-0.06999999999999673,Campanati_et_al_2018_Mar_Environ_Res,NA,Saccostrea_cucullata,Bivalve_larvae,NA,404.35,28.419999999999998,4,Campanati_et_al_2018_Mar_Environ_Res__NA__NA,ZOO_STUDY_0066,ZOO_ES_001748,ZOO_STUDY_0066__Saccostrea_cucullata__Bivalve_larvae__CO2404.35__T28.42__NC4,ZOO_COMMON_00103,0,0.0126953125,8.875203139603666,2.75
Leung et al. 2022,"Maboloc and Chan, 2017. Sci Rep",NA,NA,NA,Zooplankton,Meroplankton,Gastropod larvae,Crepidula onyx,pH,6,6,403,23.439999999999998,963,13.28,Larval survival,positive,NA,Survival,88,2.6,88,4,0,0.00555,NA,NA,Yes,NA,NA,NA,,560,-10.159999999999998,Maboloc_and_Chan_2017_Sci_Rep,NA,Crepidula_onyx,Gastropod_larvae,NA,403,23.439999999999998,6,Maboloc_and_Chan_2017_Sci_Rep__NA__NA,ZOO_STUDY_0327,ZOO_ES_001749,ZOO_STUDY_0327__Crepidula_onyx__Gastropod_larvae__CO2403.00__T23.44__NC6,ZOO_COMMON_00575,0,4.898415977961433e-4,45.18269883666979,4.25
Leung et al. 2022,Talmage and Gobler. 2009. Limnol Oceanogr,NA,NA,NA,Zooplankton,Meroplankton,Bivalve larvae,Crassostrea virginica,pH,15,15,355.3,24,1608.7,24,Survival of larvae,positive,NA,Survival,61,16,61,16,0,0.00117,NA,NA,Yes,NA,NA,NA,,1253.4,0,Talmage_and_Gobler_2009_Limnol_Oceanogr,NA,Crassostrea_virginica,Bivalve_larvae,NA,355.3,24,15,Talmage_and_Gobler_2009_Limnol_Oceanogr__NA__NA,ZOO_STUDY_0493,ZOO_ES_001750,ZOO_STUDY_0493__Crassostrea_virginica__Bivalve_larvae__CO2355.30__T24.00__NC15,ZOO_COMMON_00848,0,0.009173161336558273,10.440961252442229,3.5
Leung et al. 2022,"Zhao et al., 2019. Sci Total Environ",NA,NA,NA,Zooplankton,Meroplankton,Bivalve larvae,Musculista senhousia,pH,3,3,356.7,15,994.7,15,Larval survival (F1),positive,NA,Survival,44,2,44,2,0,8.62e-4,NA,NA,Yes,NA,NA,NA,,638,0,Zhao_et_al_2019_Sci_Total_Environ,NA,Musculista_senhousia,Bivalve_larvae,NA,356.7,15,3,Zhao_et_al_2019_Sci_Total_Environ__NA__NA,ZOO_STUDY_0563,ZOO_ES_001754,ZOO_STUDY_0563__Musculista_senhousia__Bivalve_larvae__CO2356.70__T15.00__NC3,ZOO_COMMON_00979,0,0.0013774104683195593,26.94438717061496,4.25
Hoppit et al. 2022,"Cripps et al., 2014b",2014,NA,NA,Zooplankton,Holoplankton,Calanoid copepod,Acartia tonsa,pH,72,72,385,24,1000,24,Survival,positive,NA,Survival,0.2004,0.028,0.2003,0.049,-4.99e-4,0.0011,Data from figure 1d  (converted from mortality to survival),NA,Yes,NA,NA,NA,,615,0,Cripps_et_al_2014b,NA,Acartia_tonsa,Calanoid_copepod,2014,385,24,72,Cripps_et_al_2014b__2014__NA,ZOO_STUDY_0101,ZOO_ES_001756,ZOO_STUDY_0101__Acartia_tonsa__Calanoid_copepod__CO2385.00__T24.00__NC72,ZOO_COMMON_00176,-4.991265389371218e-4,0.0011023217213096306,30.11936540664223,4.25
Hoppit et al. 2022,"Cripps et al., 2014b",2014,NA,NA,Zooplankton,Holoplankton,Calanoid copepod,Acartia tonsa,pH,36,36,385,24,1000,24,Survival,positive,NA,Survival,0.2007,0.02,0.2005,0.01,-9.97e-4,3.45e-4,Data from figure 1e  (converted from mortality to survival),NA,Yes,NA,NA,NA,,615,0,Cripps_et_al_2014b,NA,Acartia_tonsa,Calanoid_copepod,2014,385,24,36,Cripps_et_al_2014b__2014__NA,ZOO_STUDY_0101,ZOO_ES_001762,ZOO_STUDY_0101__Acartia_tonsa__Calanoid_copepod__CO2385.00__T24.00__NC36,ZOO_COMMON_00175,-9.970090556685222e-4,3.449420142141267e-4,53.84271519618216,4.25
Hoppit et al. 2022,"Cripps et al., 2014b",2014,NA,NA,Zooplankton,Holoplankton,Calanoid copepod,Acartia tonsa,pH,100,100,385,24,1000,24,Survival,positive,NA,Survival,0.2004,0.02,0.2002,0.025,-9.99e-4,2.56e-4,Data from figure 1b  (converted from mortality to survival),NA,Yes,NA,NA,NA,,615,0,Cripps_et_al_2014b,NA,Acartia_tonsa,Calanoid_copepod,2014,385,24,100,Cripps_et_al_2014b__2014__NA,ZOO_STUDY_0101,ZOO_ES_001763,ZOO_STUDY_0101__Acartia_tonsa__Calanoid_copepod__CO2385.00__T24.00__NC100,ZOO_COMMON_00173,-9.985023295895493e-4,2.555391649337612e-4,62.556330343716645,4.25
Hoppit et al. 2022,"Cripps et al., 2014b",2014,NA,NA,Zooplankton,Holoplankton,Calanoid copepod,Acartia tonsa,pH,350,350,385,24,1000,24,Survival,positive,NA,Survival,0.2007,0.014,0.2004,0.028,-0.0015,6.97e-5,Data from figure 1a  (converted from mortality to survival),NA,Yes,NA,NA,NA,,615,0,Cripps_et_al_2014b,NA,Acartia_tonsa,Calanoid_copepod,2014,385,24,350,Cripps_et_al_2014b__2014__NA,ZOO_STUDY_0101,ZOO_ES_001764,ZOO_STUDY_0101__Acartia_tonsa__Calanoid_copepod__CO2385.00__T24.00__NC350,ZOO_COMMON_00174,-0.0014958865915826911,6.967918232192972e-5,119.79769919637086,4.25
Leung et al. 2022,"Onitsuka et al., 2018. Mar Environ Res",NA,NA,https://www.researchgate.net/publication/248383838_Detrimental_effects_of_reduced_seawater_pH_on_the_early_development_of_the_Pacific_abalone,Zooplankton,Meroplankton,Gastropod larvae,Haliotis discus hanttai,pH,3,3,430.5,20.1,721.3,20.5,Larval survival,positive,NA,Survival,99.7,0.5196152422706631,99.5,0.5196152422706631,-0.0020080328032456344,0.0725,NA,NA,Yes,NA,NA,NA,,290.79999999999995,0.3999999999999986,Onitsuka_et_al_2018_Mar_Environ_Res,NA,Haliotis_discus_hanttai,Gastropod_larvae,NA,430.5,20.1,3,Onitsuka_et_al_2018_Mar_Environ_Res__NA__NA,ZOO_STUDY_0384,ZOO_ES_001765,ZOO_STUDY_0384__Haliotis_discus_hanttai__Gastropod_larvae__CO2430.50__T20.10__NC3,ZOO_COMMON_00664,-0.0020080328032456344,1.8144923503952904e-5,234.75909638085884,4.25
Leung et al. 2022,"Chan et al., 2015. Sci Rep",NA,NA,NA,Zooplankton,Meroplankton,Urchin larvae,Strongylocentrotus droebachiensis,pH,3,3,398.4,9,1021.9,9,Larval survival,positive,NA,Survival,0.964,0.0045,0.961,0.0043,-0.003116885640253111,4.61e-4,NA,NA,Yes,NA,NA,NA,,623.5,0,Chan_et_al_2015_Sci_Rep,NA,Strongylocentrotus_droebachiensis,Urchin_larvae,NA,398.4,9,3,Chan_et_al_2015_Sci_Rep__NA__NA,ZOO_STUDY_0081,ZOO_ES_001766,ZOO_STUDY_0081__Strongylocentrotus_droebachiensis__Urchin_larvae__CO2398.40__T9.00__NC3,ZOO_COMMON_00127,-0.003116885640253111,1.3937296777514697e-5,267.8617649243429,4.25
Leung et al. 2022,"Onitsuka et al., 2018. Mar Environ Res",NA,NA,https://www.researchgate.net/publication/248383838_Detrimental_effects_of_reduced_seawater_pH_on_the_early_development_of_the_Pacific_abalone,Zooplankton,Meroplankton,Gastropod larvae,Haliotis discus hanttai,pH,3,3,430.5,20.1,1175.3,20.5,Larval survival,positive,NA,Survival,99.7,0.5196152422706631,99.35,0.5196152422706631,-0.003516707969966866,0.0725,NA,NA,Yes,NA,NA,NA,,744.8,0.3999999999999986,Onitsuka_et_al_2018_Mar_Environ_Res,NA,Haliotis_discus_hanttai,Gastropod_larvae,NA,430.5,20.1,3,Onitsuka_et_al_2018_Mar_Environ_Res__NA__NA,ZOO_STUDY_0384,ZOO_ES_001767,ZOO_STUDY_0384__Haliotis_discus_hanttai__Gastropod_larvae__CO2430.50__T20.10__NC3,ZOO_COMMON_00664,-0.003516707969966866,1.8172394693117323e-5,234.5815867356973,4.25
Hoppit et al. 2022,"Eriander et al., 2016",NA,NA,NA,Zooplankton,Meroplankton,Arthropoda,Balanus improvisus,pH,7,7,380,19,970,19,Survival,ambiguous,NA,Survival,70.5,11.5,70.1,16.2,-0.00569,0.0114,"Data from figure 3, stable OA batch 2",NA,Yes,NA,NA,NA,,590,0,Eriander_et_al_2016,NA,Balanus_improvisus,Arthropoda,NA,380,19,7,Eriander_et_al_2016__NA__NA,ZOO_STUDY_0141,ZOO_ES_001768,ZOO_STUDY_0141__Balanus_improvisus__Arthropoda__CO2380.00__T19.00__NC7,ZOO_COMMON_00243,-0.005689915777678682,0.01143068631790278,9.353278081742257,2.75
Leung et al. 2022,"Maboloc and Chan, 2017. Sci Rep",NA,NA,NA,Zooplankton,Meroplankton,Gastropod larvae,Crepidula onyx,pH,6,6,403,23.439999999999998,1822,23.330000000000002,Larval survival,positive,NA,Survival,88,2.6,87.4,2.6,-0.0068415318167166,0.00153,NA,NA,Yes,NA,NA,NA,,1419,-0.10999999999999588,Maboloc_and_Chan_2017_Sci_Rep,NA,Crepidula_onyx,Gastropod_larvae,NA,403,23.439999999999998,6,Maboloc_and_Chan_2017_Sci_Rep__NA__NA,ZOO_STUDY_0327,ZOO_ES_001770,ZOO_STUDY_0327__Crepidula_onyx__Gastropod_larvae__CO2403.00__T23.44__NC6,ZOO_COMMON_00575,-0.0068415318167166,2.9298237842303657e-4,58.42238062662693,4.25
Hamraj et al. 2021,"Kang et al., 2016",2016,Effects of Enhanced pCO₂ and Temperature on Reproduction and Survival of the Copepod Calanus sinicus,https://www.kci.go.kr/kciportal/landing/article.kci?arti_id=ART002174853,Zooplankton,Holoplankton,Calanoid copepod,Calanus sinicus,pH,10,10,289,NA,753,NA,Survival,ambiguous,NA,Survival,98.16666667,7,97.16666667,7.5,-0.010238997300744918,NA,NA,NA,Yes,NA,NA,NA,,464,NA,Kang_et_al_2016,Effects_of_Enhanced_pCO_and_Temperature_on_Reproduction_and_Survival_of_the_Copepod_Calanus_sinicus,Calanus_sinicus,Calanoid_copepod,2016,289,NA,10,Kang_et_al_2016__2016__Effects_of_Enhanced_pCO_and_Temperature_on_Reproduction_and_Survival_of_the_Copepod_Calanus_sinicus,ZOO_STUDY_0256,ZOO_ES_001772,ZOO_STUDY_0256__Calanus_sinicus__Calanoid_copepod__CO2289.00__TNA__NC10,ZOO_COMMON_00441,-0.010238997300744918,0.001104255851353472,30.092976458611737,4.25
Leung et al. 2022,"Schwaner et al., 2020. Mar Environ Res",NA,NA,NA,Zooplankton,Meroplankton,Bivalve larvae,Mercenaria mercenaria,pH,4,4,634.99,21.3,1255.78,21.3,Larval mortality,negative,NA,Survival,95,0.2,94,8,-0.010582109330536972,0.00181,NA,NA,Yes,NA,NA,NA,,620.79,0,Schwaner_et_al_2020_Mar_Environ_Res,NA,Mercenaria_mercenaria,Bivalve_larvae,NA,634.99,21.3,4,Schwaner_et_al_2020_Mar_Environ_Res__NA__NA,ZOO_STUDY_0462,ZOO_ES_001773,ZOO_STUDY_0462__Mercenaria_mercenaria__Bivalve_larvae__CO2634.99__T21.30__NC4,ZOO_COMMON_00804,-0.010582109330536972,0.0018118821391712825,23.492813339582465,4.25
Leung et al. 2022,"Kriefall et al., 2018. Front Mar Sci",NA,NA,NA,Zooplankton,Meroplankton,Gastropod larvae,Crepidula fornicata,pH,4,4,504.96999999999997,20.279999999999998,1207.6,20.2,Larval survival,positive,NA,Survival,89,2,88,1.5,-0.011299555253933394,4e-4,NA,NA,Yes,NA,NA,NA,,702.6299999999999,-0.0799999999999983,Kriefall_et_al_2018_Front_Mar_Sci,NA,Crepidula_fornicata,Gastropod_larvae,NA,504.96999999999997,20.279999999999998,4,Kriefall_et_al_2018_Front_Mar_Sci__NA__NA,ZOO_STUDY_0276,ZOO_ES_001774,ZOO_STUDY_0276__Crepidula_fornicata__Gastropod_larvae__CO2504.97__T20.28__NC4,ZOO_COMMON_00470,-0.011299555253933394,1.988835661897811e-4,70.90886773114643,4.25
Jian et al. 2025,"Gobler, Christopher J. et al., 2018",2018,"Temperature, acidification, and food supply interact to negatively affect the growth and survival of the forage fish, Menidia beryllina (Inland Silverside), and Cyprinodon variegatus (Sheepshead Minnow)",https://www.frontiersin.org/journals/marine-science/articles/10.3389/fmars.2018.00086/full,Zooplankton,Meroplankton,Fish larvae,Menidia beryllina,pH,4,4,404,NA,2191,NA,Percent survival-Menidia beryllina.(limit),positive,NA,Survival,87.84946237,7.467144564,86.35603345,8.960573477,-0.017146020566799258,0.004497918579066335,Figure 5,NA,Yes,NA,NA,NA,,1787,NA,Gobler_Christopher_J_et_al_2018,Temperature_acidification_and_food_supply_interact_to_negatively_affect_the_growth_and_survival_of_the_forage_fish_Menidia_beryllina_Inland_Silverside_and_Cyprinodon_variegatus_Sheepshead_Minnow_,Menidia_beryllina,Fish_larvae,2018,404,NA,4,Gobler_Christopher_J_et_al_2018__2018__Temperature_acidification_and_food_supply_interact_to_negatively_affect_the_growth_and_survival_of_the_forage_fish_Menidia_beryllina_Inland_Silverside_and_Cyprinodon_variegatus_Sheepshead_Minnow_,ZOO_STUDY_0186,ZOO_ES_001811,ZOO_STUDY_0186__Menidia_beryllina__Fish_larvae__CO2404.00__TNA__NC4,ZOO_COMMON_00326,-0.017146020566799175,0.004497918579066335,14.9105686010192,3.5
Jian et al. 2025,"Dam, H. G., et al., 2021",2021,"Rapid, but limited, zooplankton adaptation to simultaneous warming and acidification",https://www.nature.com/articles/s41558-021-01131-5,Zooplankton,Holoplankton,Calanoid copepod,Acartia tonsa,pH,4,4,400,NA,2000,NA,Survival,positive,NA,Survival,0.875439,0.070175,0.859649,0.052632,-0.0182,0.00254,Figure 2,NA,Yes,NA,NA,NA,,1600,NA,Dam_H_G_et_al_2021,Rapid_but_limited_zooplankton_adaptation_to_simultaneous_warming_and_acidification,Acartia_tonsa,Calanoid_copepod,2021,400,NA,4,Dam_H_G_et_al_2021__2021__Rapid_but_limited_zooplankton_adaptation_to_simultaneous_warming_and_acidification,ZOO_STUDY_0110,ZOO_ES_001812,ZOO_STUDY_0110__Acartia_tonsa__Calanoid_copepod__CO2400.00__TNA__NC4,ZOO_COMMON_00191,-0.01820130842573686,0.002543522489557635,19.8281506086188,4.25
Leung et al. 2022,Clark et al. 2009. Mar Biol,NA,NA,NA,Zooplankton,Meroplankton,Urchin larvae,Pseudechinus huttoni,pH,4,4,429,12,1282,12,Larval survival,positive,NA,Survival,1.04,0.262,1.02,0.118,-0.019418085857101627,0.00278,NA,NA,Yes,NA,NA,NA,,853,0,Clark_et_al_2009_Mar_Biol,NA,Pseudechinus_huttoni,Urchin_larvae,NA,429,12,4,Clark_et_al_2009_Mar_Biol__NA__NA,ZOO_STUDY_0090,ZOO_ES_001813,ZOO_STUDY_0090__Pseudechinus_huttoni__Urchin_larvae__CO2429.00__T12.00__NC4,ZOO_COMMON_00152,-0.019418085857101627,0.01921213769908706,7.21459829226943,2.75
Leung et al. 2022,"Durland et al., 2019. Mar Ecol Prog Ser",NA,NA,NA,Zooplankton,Meroplankton,Bivalve larvae,Crassostrea gigas,pH,6,6,640,24.5,1790,24.3,Larval survival (pediveliger),positive,NA,Survival,19.6,8.7,19.2,7.7,-0.020619287202735818,0.00438,NA,NA,Yes,NA,NA,NA,,1150,-0.1999999999999993,Durland_et_al_2019_Mar_Ecol_Prog_Ser,NA,Crassostrea_gigas,Bivalve_larvae,NA,640,24.5,6,Durland_et_al_2019_Mar_Ecol_Prog_Ser__NA__NA,ZOO_STUDY_0138,ZOO_ES_001814,ZOO_STUDY_0138__Crassostrea_gigas__Bivalve_larvae__CO2640.00__T24.50__NC6,ZOO_COMMON_00237,-0.020619287202735818,0.059643616450442125,4.094661599726641,2
Jian et al. 2025,"Paul, C., et al., 2016",2016,Effects of increased CO2 concentration on nutrient limited coastal summer plankton depend on temperature,https://aslopubs.onlinelibrary.wiley.com/doi/10.1002/lno.10256,Zooplankton,Holoplankton,Other zooplankton,Total zooplankton,pH,1,1,500,NA,1000,NA,Abundance,positive,NA,Survival,39.403,11.08846917,38.5075,12.94113548,-0.023,0.192134249,Figure 1,NA,Yes,NA,NA,NA,,500,NA,Paul_C_et_al_2016,Effects_of_increased_CO2_concentration_on_nutrient_limited_coastal_summer_plankton_depend_on_temperature,Total_zooplankton,Other_zooplankton,2016,500,NA,1,Paul_C_et_al_2016__2016__Effects_of_increased_CO2_concentration_on_nutrient_limited_coastal_summer_plankton_depend_on_temperature,ZOO_STUDY_0409,ZOO_ES_001825,ZOO_STUDY_0409__Total_zooplankton__Other_zooplankton__CO2500.00__TNA__NC1,ZOO_COMMON_00704,-0.02298892802072721,0.19213424912411597,2.281379875721656,2.5
Leung et al. 2022,"Kimura et al., 2011. Fish Oceanogr",NA,"Effects of elevated pCO2 on the early development of the commercially important gastropod, Ezo abalone Haliotis discus hannai",https://onlinelibrary.wiley.com/doi/abs/10.1111/j.1365-2419.2011.00589.x?utm_source=chatgpt.com,Zooplankton,Meroplankton,Gastropod larvae,Haliotis discus hannai,pH,3,3,428.1,19.2,1029.6,18.8,Larval survival,positive,NA,Survival,98.75,1.25,96.5,2.5,-0.023048395436291017,0.0376,NA,NA,Yes,NA,NA,NA,,601.4999999999999,-0.3999999999999986,Kimura_et_al_2011_Fish_Oceanogr,Effects_of_elevated_pCO2_on_the_early_development_of_the_commercially_important_gastropod_Ezo_abalone_Haliotis_discus_hannai,Haliotis_discus_hannai,Gastropod_larvae,NA,428.1,19.2,3,Kimura_et_al_2011_Fish_Oceanogr__NA__Effects_of_elevated_pCO2_on_the_early_development_of_the_commercially_important_gastropod_Ezo_abalone_Haliotis_discus_hannai,ZOO_STUDY_0267,ZOO_ES_001826,ZOO_STUDY_0267__Haliotis_discus_hannai__Gastropod_larvae__CO2428.10__T19.20__NC3,ZOO_COMMON_00457,-0.023048395436291017,2.7712989651396347e-4,60.07009381401729,4.25
Jian et al. 2025,"Dam, H. G., et al., 2021",2021,"Rapid, but limited, zooplankton adaptation to simultaneous warming and acidification",https://www.nature.com/articles/s41558-021-01131-5,Zooplankton,Holoplankton,Calanoid copepod,Acartia tonsa,pH,4,4,400,NA,2000,NA,Survival,positive,NA,Survival,0.811404,0.09035,0.792105,0.133334,-0.0241,0.0102,Figure 2,NA,Yes,NA,NA,NA,,1600,NA,Dam_H_G_et_al_2021,Rapid_but_limited_zooplankton_adaptation_to_simultaneous_warming_and_acidification,Acartia_tonsa,Calanoid_copepod,2021,400,NA,4,Dam_H_G_et_al_2021__2021__Rapid_but_limited_zooplankton_adaptation_to_simultaneous_warming_and_acidification,ZOO_STUDY_0110,ZOO_ES_001849,ZOO_STUDY_0110__Acartia_tonsa__Calanoid_copepod__CO2400.00__TNA__NC4,ZOO_COMMON_00191,-0.0240721217266308,0.010183354207986993,9.909564640801191,3.5
Jian et al. 2025,"Pedersen, S. A. et al., 2014",2014,Effects of elevated carbon dioxide (CO2) concentrations on early developmental stages of the marine copepod Calanus finmarchicus Gunnerus (Copepoda: Calanoidae),https://pubmed.ncbi.nlm.nih.gov/24754390/,Zooplankton,Holoplankton,Calanoid copepod,nauplii,pH,3,3,340,NA,3700,NA,Survival of nauplii (N III),positive,NA,Survival,58.81057269,1.54185022,57.26872247,3.744493392,-0.0266,0.00165,Figure 4,NA,Yes,NA,NA,NA,,3360,NA,Pedersen_S_A_et_al_2014,Effects_of_elevated_carbon_dioxide_CO2_concentrations_on_early_developmental_stages_of_the_marine_copepod_Calanus_finmarchicus_Gunnerus_Copepoda_Calanoidae_,nauplii,Calanoid_copepod,2014,340,NA,3,Pedersen_S_A_et_al_2014__2014__Effects_of_elevated_carbon_dioxide_CO2_concentrations_on_early_developmental_stages_of_the_marine_copepod_Calanus_finmarchicus_Gunnerus_Copepoda_Calanoidae_,ZOO_STUDY_0412,ZOO_ES_001855,ZOO_STUDY_0412__nauplii__Calanoid_copepod__CO2340.00__TNA__NC3,ZOO_COMMON_00712,-0.026567027378835914,0.0016541636654781155,24.587295537700616,4.25
Jian et al. 2025,"Niehoff, B. et al., 2013",2013,Mesozooplankton community development at elevated CO2 concentrations: results from a mesocosm experiment in an Arctic fjord,https://bg.copernicus.org/articles/10/1391/2013/,Zooplankton,Holoplankton,Other zooplankton,Total zooplankton,pH,1,1,185,NA,685,NA,Abundance,positive,NA,Survival,1.895348333,0.23341827,1.844476667,0.28582766,-0.0272,0.0392,Figure 1,NA,Yes,NA,NA,NA,,500,NA,Niehoff_B_et_al_2013,Mesozooplankton_community_development_at_elevated_CO2_concentrations_results_from_a_mesocosm_experiment_in_an_Arctic_fjord,Total_zooplankton,Other_zooplankton,2013,185,NA,1,Niehoff_B_et_al_2013__2013__Mesozooplankton_community_development_at_elevated_CO2_concentrations_results_from_a_mesocosm_experiment_in_an_Arctic_fjord,ZOO_STUDY_0371,ZOO_ES_001856,ZOO_STUDY_0371__Total_zooplankton__Other_zooplankton__CO2185.00__TNA__NC1,ZOO_COMMON_00647,-0.027207050594759998,0.03918058933306714,5.052013680635566,2.75
Leung et al. 2022,Clark et al. 2009. Mar Biol,NA,NA,NA,Zooplankton,Meroplankton,Urchin larvae,Sterechinus neumayeri,pH,3,3,521,-1.9,1380,-1.9,Larval survival,positive,NA,Survival,1.1,0.10911920087683927,1.07,0.14202816622064793,-0.027651531330510123,0.002,NA,NA,Yes,NA,NA,NA,,859,0,Clark_et_al_2009_Mar_Biol,NA,Sterechinus_neumayeri,Urchin_larvae,NA,521,-1.9,3,Clark_et_al_2009_Mar_Biol__NA__NA,ZOO_STUDY_0090,ZOO_ES_001857,ZOO_STUDY_0090__Sterechinus_neumayeri__Urchin_larvae__CO2521.00__T-1.90__NC3,ZOO_COMMON_00154,-0.027651531330510123,0.00915316729816527,10.452358569693141,3.5
Leung et al. 2022,"Pechenik et al., 2019. Mar Biol",NA,NA,NA,Zooplankton,Meroplankton,Gastropod larvae,Crepidula fornicata,pH,4,4,372.94,20.17,1182.6,20.110000000000003,Larval survival,positive,NA,Survival,93.5,3.9,90.8,4.5,-0.029302150687393756,0.0214,NA,NA,Yes,NA,NA,NA,,809.6599999999999,-0.05999999999999872,Pechenik_et_al_2019_Mar_Biol,NA,Crepidula_fornicata,Gastropod_larvae,NA,372.94,20.17,4,Pechenik_et_al_2019_Mar_Biol__NA__NA,ZOO_STUDY_0410,ZOO_ES_001858,ZOO_STUDY_0410__Crepidula_fornicata__Gastropod_larvae__CO2372.94__T20.17__NC4,ZOO_COMMON_00705,-0.029302150687393756,0.0010489919764233436,30.875494134973447,4.25
Leung et al. 2022,"Dineshram et al., 2016. Glob Change Biol",NA,NA,NA,Zooplankton,Meroplankton,Bivalve larvae,Crassostrea gigas,pH,4,4,400,24,1800,24,Larval survival,positive,NA,Survival,100,0,97,3,-0.030459207484708574,1.8e-4,NA,NA,Yes,NA,NA,NA,,1400,0,Dineshram_et_al_2016_Glob_Change_Biol,NA,Crassostrea_gigas,Bivalve_larvae,NA,400,24,4,Dineshram_et_al_2016_Glob_Change_Biol__NA__NA,ZOO_STUDY_0119,ZOO_ES_001859,ZOO_STUDY_0119__Crassostrea_gigas__Bivalve_larvae__CO2400.00__T24.00__NC4,ZOO_COMMON_00203,-0.030459207484708574,2.391327452439154e-4,64.66666666666666,4.25
Jian et al. 2025,"Kurihara, H. et al., 2004",2004,Sub-lethal effects of elevated concentration of CO2 on planktonic copepods and sea urchins,https://link.springer.com/article/10.1007/s10872-004-5766-x,Zooplankton,Holoplankton,Calanoid copepod,Acartia steueri,pH,10,10,375,NA,2000,NA,Survial rate-Acartia steueri,positive,NA,Survival,93.29073482,5.623003195,90.47923323,10.47923323,-0.0306,0.0017,Figure 1,NA,Yes,NA,NA,NA,,1625,NA,Kurihara_H_et_al_2004,Sub_lethal_effects_of_elevated_concentration_of_CO2_on_planktonic_copepods_and_sea_urchins,Acartia_steueri,Calanoid_copepod,2004,375,NA,10,Kurihara_H_et_al_2004__2004__Sub_lethal_effects_of_elevated_concentration_of_CO2_on_planktonic_copepods_and_sea_urchins,ZOO_STUDY_0279,ZOO_ES_001861,ZOO_STUDY_0279__Acartia_steueri__Calanoid_copepod__CO2375.00__TNA__NC10,ZOO_COMMON_00474,-0.03060044036786891,0.0017047040963499949,24.220075779488187,4.25
Leung et al. 2022,"Kriefall et al., 2018. Front Mar Sci",NA,NA,NA,Zooplankton,Meroplankton,Gastropod larvae,Crepidula fornicata,pH,4,4,504.96999999999997,20.279999999999998,1480.55,19.93,Larval survival,positive,NA,Survival,89,2,86,2.5,-0.034289073478632075,2.02e-4,NA,NA,Yes,NA,NA,NA,,975.5799999999999,-0.34999999999999787,Kriefall_et_al_2018_Front_Mar_Sci,NA,Crepidula_fornicata,Gastropod_larvae,NA,504.96999999999997,20.279999999999998,4,Kriefall_et_al_2018_Front_Mar_Sci__NA__NA,ZOO_STUDY_0276,ZOO_ES_001873,ZOO_STUDY_0276__Crepidula_fornicata__Gastropod_larvae__CO2504.97__T20.28__NC4,ZOO_COMMON_00470,-0.034289073478632075,3.3750953080545455e-4,54.43233683169982,4.25
Leung et al. 2022,"Zhang et al., 2014. Mat Pollut Bull",NA,NA,NA,Zooplankton,Meroplankton,Gastropod larvae,Nassarius conoidalis,pH,3,3,366,15.5,865,15.2,Larval survival,positive,NA,Survival,80,8,77,5,-0.03822121282019774,0.0122,NA,NA,Yes,NA,NA,NA,,499,-0.3000000000000007,Zhang_et_al_2014_Mat_Pollut_Bull,NA,Nassarius_conoidalis,Gastropod_larvae,NA,366,15.5,3,Zhang_et_al_2014_Mat_Pollut_Bull__NA__NA,ZOO_STUDY_0562,ZOO_ES_001875,ZOO_STUDY_0562__Nassarius_conoidalis__Gastropod_larvae__CO2366.00__T15.50__NC3,ZOO_COMMON_00977,-0.03822121282019774,0.0047388542193737004,14.526578175344634,3.5
Leung et al. 2022,"Chan and Tong, 2020. Conserv Physiol",NA,NA,NA,Zooplankton,Meroplankton,Urchin larvae,Heliocidaris crassispina,pH,3,3,415.2,23.9,2407.1,24.1,Larval survival,positive,NA,Survival,52,4,50,3,-0.03922071315328127,0.0017,NA,NA,Yes,NA,NA,NA,,1991.8999999999999,0.20000000000000284,Chan_and_Tong_2020_Conserv_Physiol,NA,Heliocidaris_crassispina,Urchin_larvae,NA,415.2,23.9,3,Chan_and_Tong_2020_Conserv_Physiol__NA__NA,ZOO_STUDY_0079,ZOO_ES_001876,ZOO_STUDY_0079__Heliocidaris_crassispina__Urchin_larvae__CO2415.20__T23.90__NC3,ZOO_COMMON_00125,-0.03922071315328127,0.0031723865877712034,17.75443872680448,3.5
Leung et al. 2022,"Durland et al., 2019. Mar Ecol Prog Ser",NA,NA,NA,Zooplankton,Meroplankton,Bivalve larvae,Crassostrea gigas,pH,6,6,651,24.5,1791,24.4,Larval survival (pediveliger),positive,NA,Survival,17.3,3,16.6,5,-0.04130380614123563,1.71e-4,NA,NA,Yes,NA,NA,NA,,1140,-0.10000000000000142,Durland_et_al_2019_Mar_Ecol_Prog_Ser,NA,Crassostrea_gigas,Bivalve_larvae,NA,651,24.5,6,Durland_et_al_2019_Mar_Ecol_Prog_Ser__NA__NA,ZOO_STUDY_0138,ZOO_ES_001877,ZOO_STUDY_0138__Crassostrea_gigas__Bivalve_larvae__CO2651.00__T24.50__NC6,ZOO_COMMON_00238,-0.04130380614123563,0.020132585264618526,7.047745719311921,2.75
Jian et al. 2025,"Gobler, Christopher J. et al., 2018",2018,"Temperature, acidification, and food supply interact to negatively affect the growth and survival of the forage fish, Menidia beryllina (Inland Silverside), and Cyprinodon variegatus (Sheepshead Minnow)",https://www.frontiersin.org/journals/marine-science/articles/10.3389/fmars.2018.00086/full,Zooplankton,Meroplankton,Fish larvae,Menidia beryllina,pH,4,4,519,NA,2356,NA,Percent survival-Cyprinodon variegatus.,positive,NA,Survival,96.1038961,6.493506494,92.20779221,2.597402597,-0.041385216098370314,0.0013397173855677718,Figure 5,NA,Yes,NA,NA,NA,,1837,NA,Gobler_Christopher_J_et_al_2018,Temperature_acidification_and_food_supply_interact_to_negatively_affect_the_growth_and_survival_of_the_forage_fish_Menidia_beryllina_Inland_Silverside_and_Cyprinodon_variegatus_Sheepshead_Minnow_,Menidia_beryllina,Fish_larvae,2018,519,NA,4,Gobler_Christopher_J_et_al_2018__2018__Temperature_acidification_and_food_supply_interact_to_negatively_affect_the_growth_and_survival_of_the_forage_fish_Menidia_beryllina_Inland_Silverside_and_Cyprinodon_variegatus_Sheepshead_Minnow_,ZOO_STUDY_0186,ZOO_ES_001878,ZOO_STUDY_0186__Menidia_beryllina__Fish_larvae__CO2519.00__TNA__NC4,ZOO_COMMON_00329,-0.04138521609837019,0.0013397173855677718,27.32079945159539,4.25
Leung et al. 2022,"Dupont et al., 2013. Mar Biol",NA,NA,NA,Zooplankton,Meroplankton,Urchin larvae,Strongylocentrotus droebachiensis,pH,4,4,361,12,942,12,Larval daily survival,positive,NA,Survival,93,4,89,2.4,-0.04396312342111606,6.44e-4,NA,NA,Yes,NA,NA,NA,,581,0,Dupont_et_al_2013_Mar_Biol,NA,Strongylocentrotus_droebachiensis,Urchin_larvae,NA,361,12,4,Dupont_et_al_2013_Mar_Biol__NA__NA,ZOO_STUDY_0136,ZOO_ES_001880,ZOO_STUDY_0136__Strongylocentrotus_droebachiensis__Urchin_larvae__CO2361.00__T12.00__NC4,ZOO_COMMON_00235,-0.04396312342111606,6.442764395760429e-4,39.39706554518022,4.25
Jian et al. 2025,"Kurihara, H. et al., 2004",2004,Effects of raised CO2 concentration on the egg production rate and early development of two marine copepods (Acartia steueri and Acartia erythraea),https://www.sciencedirect.com/science/article/abs/pii/S0025326X04001663,Zooplankton,Holoplankton,Calanoid copepod,Acartia steueri and Acartia erythraea,pH,3,3,365,NA,2365,NA,Survival rate-Acartia steueri,positive,NA,Survival,37.45547074,42.34096692,35.82697201,38.67684478,-0.0445,0.814433729,Figure 1,NA,Yes,NA,NA,NA,,2000,NA,Kurihara_H_et_al_2004,Effects_of_raised_CO2_concentration_on_the_egg_production_rate_and_early_development_of_two_marine_copepods_Acartia_steueri_and_Acartia_erythraea_,Acartia_steueri_and_Acartia_erythraea,Calanoid_copepod,2004,365,NA,3,Kurihara_H_et_al_2004__2004__Effects_of_raised_CO2_concentration_on_the_egg_production_rate_and_early_development_of_two_marine_copepods_Acartia_steueri_and_Acartia_erythraea_,ZOO_STUDY_0278,ZOO_ES_001883,ZOO_STUDY_0278__Acartia_steueri_and_Acartia_erythraea__Calanoid_copepod__CO2365.00__TNA__NC3,ZOO_COMMON_00472,-0.04445176263151201,0.814433728579691,1.1080825724239711,2.5
Leung et al. 2022,"Dorey et al., 2018. J Environ Radioact",NA,NA,NA,Zooplankton,Meroplankton,Urchin larvae,Paracentrotus lividus,pH,6,6,335,20.130000000000003,1697,20.130000000000003,Larval density (survival),positive,NA,Survival,24.7,4.1,23.6,1.7,-0.04555653160236699,0.00546,NA,NA,Yes,NA,NA,NA,,1362,0,Dorey_et_al_2018_J_Environ_Radioact,NA,Paracentrotus_lividus,Urchin_larvae,NA,335,20.130000000000003,6,Dorey_et_al_2018_J_Environ_Radioact__NA__NA,ZOO_STUDY_0131,ZOO_ES_001886,ZOO_STUDY_0131__Paracentrotus_lividus__Urchin_larvae__CO2335.00__T20.13__NC6,ZOO_COMMON_00230,-0.04555653160236699,0.005457032385247013,13.536978352754566,3.5
Jian et al. 2025,"Gobler, Christopher J. et al., 2018",2018,"Temperature, acidification, and food supply interact to negatively affect the growth and survival of the forage fish, Menidia beryllina (Inland Silverside), and Cyprinodon variegatus (Sheepshead Minnow)",https://www.frontiersin.org/journals/marine-science/articles/10.3389/fmars.2018.00086/full,Zooplankton,Meroplankton,Fish larvae,Menidia beryllina,pH,4,4,494,NA,2088,NA,Percent hatched-Menidia beryllina.(fed),positive,NA,Survival,88.26530612,5.102040816,84.18367347,7.142857143,-0.047346120562179905,0.0026351265794771262,Figure 3,NA,Yes,NA,NA,NA,,1594,NA,Gobler_Christopher_J_et_al_2018,Temperature_acidification_and_food_supply_interact_to_negatively_affect_the_growth_and_survival_of_the_forage_fish_Menidia_beryllina_Inland_Silverside_and_Cyprinodon_variegatus_Sheepshead_Minnow_,Menidia_beryllina,Fish_larvae,2018,494,NA,4,Gobler_Christopher_J_et_al_2018__2018__Temperature_acidification_and_food_supply_interact_to_negatively_affect_the_growth_and_survival_of_the_forage_fish_Menidia_beryllina_Inland_Silverside_and_Cyprinodon_variegatus_Sheepshead_Minnow_,ZOO_STUDY_0186,ZOO_ES_001888,ZOO_STUDY_0186__Menidia_beryllina__Fish_larvae__CO2494.00__TNA__NC4,ZOO_COMMON_00327,-0.047346120562180016,0.0026351265794771262,19.48046230447146,4.25
Leung et al. 2022,"Dorey et al., 2018. Aquat Toxicol",NA,NA,NA,Zooplankton,Meroplankton,Urchin larvae,Heliocidaris crassispina,pH,3,3,487,26.279999999999998,1190,26.23,Larval survival,positive,NA,Survival,0.7166666666666667,0.051316014394468826,0.6833333333333332,0.05507570547286101,-0.04762804898925482,0.00303,NA,NA,Yes,NA,NA,NA,,703,-0.04999999999999716,Dorey_et_al_2018_Aquat_Toxicol,NA,Heliocidaris_crassispina,Urchin_larvae,NA,487,26.279999999999998,3,Dorey_et_al_2018_Aquat_Toxicol__NA__NA,ZOO_STUDY_0130,ZOO_ES_001905,ZOO_STUDY_0130__Heliocidaris_crassispina__Urchin_larvae__CO2487.00__T26.28__NC3,ZOO_COMMON_00229,-0.04762804898925482,0.003874409660478563,16.065610387855575,3.5
Jian et al. 2025,"Gobler, Christopher J. et al., 2018",2018,"Temperature, acidification, and food supply interact to negatively affect the growth and survival of the forage fish, Menidia beryllina (Inland Silverside), and Cyprinodon variegatus (Sheepshead Minnow)",https://www.frontiersin.org/journals/marine-science/articles/10.3389/fmars.2018.00086/full,Zooplankton,Meroplankton,Fish larvae,Menidia beryllina,pH,4,4,397,NA,2057,NA,Percent hatched-Menidia beryllina.(fed),positive,NA,Survival,79.32784636,2.679183813,75.57698903,9.109224966,-0.048437360138969154,0.0039169781346909995,Figure 5,NA,Yes,NA,NA,NA,,1660,NA,Gobler_Christopher_J_et_al_2018,Temperature_acidification_and_food_supply_interact_to_negatively_affect_the_growth_and_survival_of_the_forage_fish_Menidia_beryllina_Inland_Silverside_and_Cyprinodon_variegatus_Sheepshead_Minnow_,Menidia_beryllina,Fish_larvae,2018,397,NA,4,Gobler_Christopher_J_et_al_2018__2018__Temperature_acidification_and_food_supply_interact_to_negatively_affect_the_growth_and_survival_of_the_forage_fish_Menidia_beryllina_Inland_Silverside_and_Cyprinodon_variegatus_Sheepshead_Minnow_,ZOO_STUDY_0186,ZOO_ES_001906,ZOO_STUDY_0186__Menidia_beryllina__Fish_larvae__CO2397.00__TNA__NC4,ZOO_COMMON_00325,-0.04843736013896971,0.0039169781346909995,15.978073933183833,3.5
Jian et al. 2025,"Kurihara, H. et al., 2004",2004,Sub-lethal effects of elevated concentration of CO2 on planktonic copepods and sea urchins,https://link.springer.com/article/10.1007/s10872-004-5766-x,Zooplankton,Holoplankton,Calanoid copepod,Acartia steueri,pH,10,10,375,NA,2000,NA,Survial rate-Acartia steueri,positive,NA,Survival,37.31629393,37.31629393,35.52715655,44.34504792,-0.0491,0.255800683,Figure 1,NA,Yes,NA,NA,NA,,1625,NA,Kurihara_H_et_al_2004,Sub_lethal_effects_of_elevated_concentration_of_CO2_on_planktonic_copepods_and_sea_urchins,Acartia_steueri,Calanoid_copepod,2004,375,NA,10,Kurihara_H_et_al_2004__2004__Sub_lethal_effects_of_elevated_concentration_of_CO2_on_planktonic_copepods_and_sea_urchins,ZOO_STUDY_0279,ZOO_ES_001907,ZOO_STUDY_0279__Acartia_steueri__Calanoid_copepod__CO2375.00__TNA__NC10,ZOO_COMMON_00474,-0.049132688571860976,0.25580068316690074,1.9771933904612284,2.5
Leung et al. 2022,"Van Colen et al., 2012. Plos One",NA,NA,NA,Zooplankton,Meroplankton,Bivalve larvae,Macoma balthica,pH,3,3,694.3,14.4,1575.6,14.3,Larval survival,positive,NA,Survival,0.8150000000000001,0.015620499351813323,0.7743333333333333,0.020647840887931427,-0.051185669138563386,0.0281,NA,NA,Yes,NA,NA,NA,,881.3,-0.09999999999999964,Van_Colen_et_al_2012_Plos_One,NA,Macoma_balthica,Bivalve_larvae,NA,694.3,14.4,3,Van_Colen_et_al_2012_Plos_One__NA__NA,ZOO_STUDY_0516,ZOO_ES_001909,ZOO_STUDY_0516__Macoma_balthica__Bivalve_larvae__CO2694.30__T14.40__NC3,ZOO_COMMON_00895,-0.051185669138563386,3.5946144429703714e-4,52.74409470360641,4.25
Leung et al. 2022,"Manríquez et al., 2014. Mar Ecol Prog Ser",NA,Effects of ocean acidification on larval development and early post-hatching traits in Concholepas concholepas (loco),https://www.int-res.com/journals/meps/articles/meps10951,Zooplankton,Meroplankton,Gastropod larvae,Concholepas concholepas,pH,3,3,365.44,12.59,685.59,12.6,Larval survival,positive,NA,Survival,100,0,95,4,-0.05129329438755058,2.96e-4,NA,NA,Yes,NA,NA,NA,,320.15000000000003,0.009999999999999787,Manr_quez_et_al_2014_Mar_Ecol_Prog_Ser,Effects_of_ocean_acidification_on_larval_development_and_early_post_hatching_traits_in_Concholepas_concholepas_loco_,Concholepas_concholepas,Gastropod_larvae,NA,365.44,12.59,3,Manr_quez_et_al_2014_Mar_Ecol_Prog_Ser__NA__Effects_of_ocean_acidification_on_larval_development_and_early_post_hatching_traits_in_Concholepas_concholepas_loco_,ZOO_STUDY_0331,ZOO_ES_001911,ZOO_STUDY_0331__Concholepas_concholepas__Gastropod_larvae__CO2365.44__T12.59__NC3,ZOO_COMMON_00581,-0.05129329438755058,5.909510618651893e-4,41.13620667976083,4.25
Jian et al. 2025,"Gobler, Christopher J. et al., 2018",2018,"Temperature, acidification, and food supply interact to negatively affect the growth and survival of the forage fish, Menidia beryllina (Inland Silverside), and Cyprinodon variegatus (Sheepshead Minnow)",https://www.frontiersin.org/journals/marine-science/articles/10.3389/fmars.2018.00086/full,Zooplankton,Meroplankton,Fish larvae,Menidia beryllina,pH,4,4,358,NA,2231,NA,Percent hatched-Menidia beryllina.(limit),positive,NA,Survival,56.31067961,17.47572816,53.39805825,14.5631068,-0.05310982533009234,0.042673519350553336,Figure 4,NA,Yes,NA,NA,NA,,1873,NA,Gobler_Christopher_J_et_al_2018,Temperature_acidification_and_food_supply_interact_to_negatively_affect_the_growth_and_survival_of_the_forage_fish_Menidia_beryllina_Inland_Silverside_and_Cyprinodon_variegatus_Sheepshead_Minnow_,Menidia_beryllina,Fish_larvae,2018,358,NA,4,Gobler_Christopher_J_et_al_2018__2018__Temperature_acidification_and_food_supply_interact_to_negatively_affect_the_growth_and_survival_of_the_forage_fish_Menidia_beryllina_Inland_Silverside_and_Cyprinodon_variegatus_Sheepshead_Minnow_,ZOO_STUDY_0186,ZOO_ES_001913,ZOO_STUDY_0186__Menidia_beryllina__Fish_larvae__CO2358.00__TNA__NC4,ZOO_COMMON_00321,-0.053109825330092654,0.042673519350553336,4.840840455210146,2
Hoppit et al. 2022,"Campbell et al., 2014",NA,NA,NA,Zooplankton,Meroplankton,Decapod,Cancer pagurus,pH,3,3,418,12,1460,12,Survival,ambiguous,NA,Survival,48.3,4.3,45.6,5.4,-0.0575,0.00732,Data from figure 3B,NA,Yes,NA,NA,NA,,1042,0,Campbell_et_al_2014,NA,Cancer_pagurus,Decapod,NA,418,12,3,Campbell_et_al_2014__NA__NA,ZOO_STUDY_0067,ZOO_ES_001915,ZOO_STUDY_0067__Cancer_pagurus__Decapod__CO2418.00__T12.00__NC3,ZOO_COMMON_00105,-0.05752384413818649,0.0073164457736879,11.690953171324379,3.5
Leung et al. 2022,"Parker et al., 2012. Glob Change Biol",NA,NA,https://www.researchgate.net/figure/Shell-length-of-F2-control-and-F2-transgen-Saccostrea-glomerata-larvae-reared-at-ambient_fig6_280029936?utm_source=chatgpt.com,Zooplankton,Meroplankton,Bivalve larvae,Saccostrea glomerata,pH,3,3,380,24,856,24,Larval survival (F1),positive,NA,Survival,89,17.32050807568877,84,12.12435565298214,-0.05781957088882625,0.0103,NA,NA,Yes,NA,NA,NA,,476,0,Parker_et_al_2012_Glob_Change_Biol,NA,Saccostrea_glomerata,Bivalve_larvae,NA,380,24,3,Parker_et_al_2012_Glob_Change_Biol__NA__NA,ZOO_STUDY_0401,ZOO_ES_001916,ZOO_STUDY_0401__Saccostrea_glomerata__Bivalve_larvae__CO2380.00__T24.00__NC3,ZOO_COMMON_00694,-0.05781957088882625,0.019569113046893627,7.148491892558717,2.75
Leung et al. 2022,"Kimura et al., 2011. Fish Oceanogr",NA,"Effects of elevated pCO2 on the early development of the commercially important gastropod, Ezo abalone Haliotis discus hannai",https://onlinelibrary.wiley.com/doi/abs/10.1111/j.1365-2419.2011.00589.x?utm_source=chatgpt.com,Zooplankton,Meroplankton,Gastropod larvae,Haliotis discus hannai,pH,3,3,428.1,19.2,1589.5,19,Larval survival,positive,NA,Survival,98.75,1.25,92.5,1.5,-0.06538275926285174,0.0191,NA,NA,Yes,NA,NA,NA,,1161.4,-0.1999999999999993,Kimura_et_al_2011_Fish_Oceanogr,Effects_of_elevated_pCO2_on_the_early_development_of_the_commercially_important_gastropod_Ezo_abalone_Haliotis_discus_hannai,Haliotis_discus_hannai,Gastropod_larvae,NA,428.1,19.2,3,Kimura_et_al_2011_Fish_Oceanogr__NA__Effects_of_elevated_pCO2_on_the_early_development_of_the_commercially_important_gastropod_Ezo_abalone_Haliotis_discus_hannai,ZOO_STUDY_0267,ZOO_ES_001918,ZOO_STUDY_0267__Haliotis_discus_hannai__Gastropod_larvae__CO2428.10__T19.20__NC3,ZOO_COMMON_00457,-0.06538275926285174,1.410654668751734e-4,84.19564818351634,4.25
Jian et al. 2025,"Niehoff, B. et al., 2013",2013,Mesozooplankton community development at elevated CO2 concentrations: results from a mesocosm experiment in an Arctic fjord,https://bg.copernicus.org/articles/10/1391/2013/,Zooplankton,Holoplankton,Other zooplankton,Total zooplankton,pH,1,1,185,NA,1050,NA,Abundance,positive,NA,Survival,1.895348333,0.23341827,1.76744,0.273889743,-0.0699,0.0392,Figure 1,NA,Yes,NA,NA,NA,,865,NA,Niehoff_B_et_al_2013,Mesozooplankton_community_development_at_elevated_CO2_concentrations_results_from_a_mesocosm_experiment_in_an_Arctic_fjord,Total_zooplankton,Other_zooplankton,2013,185,NA,1,Niehoff_B_et_al_2013__2013__Mesozooplankton_community_development_at_elevated_CO2_concentrations_results_from_a_mesocosm_experiment_in_an_Arctic_fjord,ZOO_STUDY_0371,ZOO_ES_001919,ZOO_STUDY_0371__Total_zooplankton__Other_zooplankton__CO2185.00__TNA__NC1,ZOO_COMMON_00647,-0.06987046656804376,0.039180589418984384,5.052013675096406,2.75
Leung et al. 2022,"Vihtakari et al., 2013. Water",NA,NA,NA,Zooplankton,Meroplankton,Bivalve larvae,Mytilus galloprovincialis,pH,3,3,549,16.8,651,16.8,Larval survival,positive,NA,Survival,45.166666666666664,8.60716755578358,42,4.58257569495584,-0.07268973336827753,0.403551174,NA,NA,Yes,NA,NA,NA,,102,0,Vihtakari_et_al_2013_Water,NA,Mytilus_galloprovincialis,Bivalve_larvae,NA,549,16.8,3,Vihtakari_et_al_2013_Water__NA__NA,ZOO_STUDY_0525,ZOO_ES_001934,ZOO_STUDY_0525__Mytilus_galloprovincialis__Bivalve_larvae__CO2549.00__T16.80__NC3,ZOO_COMMON_00914,-0.07268973336827753,0.016073208966143455,7.8876694910964105,2.75
Leung et al. 2022,"Schiffer et al., 2014. Front Zool",NA,NA,NA,Zooplankton,Meroplankton,Crustacean larvae,Hyas araneus,pH,5,5,428,10,3390,10,Larval survival (zoea I),positive,NA,Survival,84.5,5,78.4,6,-0.07492760700676587,0.00187,NA,NA,Yes,NA,NA,NA,,2962,0,Schiffer_et_al_2014_Front_Zool,NA,Hyas_araneus,Crustacean_larvae,NA,428,10,5,Schiffer_et_al_2014_Front_Zool__NA__NA,ZOO_STUDY_0454,ZOO_ES_001935,ZOO_STUDY_0454__Hyas_araneus__Crustacean_larvae__CO2428.00__T10.00__NC5,ZOO_COMMON_00785,-0.07492760700676587,0.0018716425154073364,23.114715320581084,4.25
Jian et al. 2025,"Lewis, Ceri N. et al., 2013",2013,Sensitivity to ocean acidification parallels natural Pco2 gradients experienced by Arctic copepods under winter sea ice,https://www.pnas.org/doi/10.1073/pnas.1315162110,Zooplankton,Holoplankton,Calanoid copepod,Adult Calanus,pH,3,3,370,NA,700,NA,Survival- adult Calanus spp,positive,NA,Survival,95.79272,2.691580444,88.68583,9.869128295,-0.0771,0.00439,Figure 4,NA,Yes,NA,NA,NA,,330,NA,Lewis_Ceri_N_et_al_2013,Sensitivity_to_ocean_acidification_parallels_natural_Pco2_gradients_experienced_by_Arctic_copepods_under_winter_sea_ice,Adult_Calanus,Calanoid_copepod,2013,370,NA,3,Lewis_Ceri_N_et_al_2013__2013__Sensitivity_to_ocean_acidification_parallels_natural_Pco2_gradients_experienced_by_Arctic_copepods_under_winter_sea_ice,ZOO_STUDY_0303,ZOO_ES_001936,ZOO_STUDY_0303__Adult_Calanus__Calanoid_copepod__CO2370.00__TNA__NC3,ZOO_COMMON_00524,-0.07708656585914826,0.00439105281845449,15.090918353410068,3.5
Jian et al. 2025,"Dam, H. G., et al., 2021",2021,"Rapid, but limited, zooplankton adaptation to simultaneous warming and acidification",https://www.nature.com/articles/s41558-021-01131-5,Zooplankton,Holoplankton,Calanoid copepod,Acartia tonsa,pH,4,4,400,NA,2000,NA,Survival,positive,NA,Survival,0.816667,0.135087,0.754386,0.096491,-0.0793,0.0109,Figure 2,NA,Yes,NA,NA,NA,,1600,NA,Dam_H_G_et_al_2021,Rapid_but_limited_zooplankton_adaptation_to_simultaneous_warming_and_acidification,Acartia_tonsa,Calanoid_copepod,2021,400,NA,4,Dam_H_G_et_al_2021__2021__Rapid_but_limited_zooplankton_adaptation_to_simultaneous_warming_and_acidification,ZOO_STUDY_0110,ZOO_ES_001938,ZOO_STUDY_0110__Acartia_tonsa__Calanoid_copepod__CO2400.00__TNA__NC4,ZOO_COMMON_00191,-0.07932724968106881,0.010930359823982468,9.564951461498646,2.75
Leung et al. 2022,"Pechenik et al., 2019. Mar Biol",NA,NA,NA,Zooplankton,Meroplankton,Gastropod larvae,Crepidula fornicata,pH,4,4,372.94,20.17,1421.4,20.12,Larval survival,positive,NA,Survival,93.5,3.9,85.8,6.5,-0.085942429800724765,0.0106,NA,NA,Yes,NA,NA,NA,,1048.46,-0.05000000000000071,Pechenik_et_al_2019_Mar_Biol,NA,Crepidula_fornicata,Gastropod_larvae,NA,372.94,20.17,4,Pechenik_et_al_2019_Mar_Biol__NA__NA,ZOO_STUDY_0410,ZOO_ES_001940,ZOO_STUDY_0410__Crepidula_fornicata__Gastropod_larvae__CO2372.94__T20.17__NC4,ZOO_COMMON_00705,-0.085942429800724765,0.0018697592470791591,23.126353250820344,4.25
Leung et al. 2022,"Ceballos-Osuna et al., 2013. J Exp Biol",NA,NA,NA,Zooplankton,Meroplankton,Crustacean larvae,Petrolisthes cinctipes,pH,10,10,574,13,1361,13,Larval survival,positive,NA,Survival,0.48,0.04840220908420989,0.44,0.06453627877894653,-0.08701137698962969,0.00317,NA,NA,Yes,NA,NA,NA,,787,0,Ceballos_Osuna_et_al_2013_J_Exp_Biol,NA,Petrolisthes_cinctipes,Crustacean_larvae,NA,574,13,10,Ceballos_Osuna_et_al_2013_J_Exp_Biol__NA__NA,ZOO_STUDY_0075,ZOO_ES_002015,ZOO_STUDY_0075__Petrolisthes_cinctipes__Crustacean_larvae__CO2574.00__T13.00__NC10,ZOO_COMMON_00118,-0.08701137698962969,0.0031681364040809456,17.76634388573836,3.5
Jian et al. 2025,"Hammill, Edd et al., 2018",2018,Ocean acidification alters zooplankton communities and increases top-down pressure of a cubozoan predator,https://pubmed.ncbi.nlm.nih.gov/28850765/,Zooplankton,Holoplankton,Decapod,Pleocyemata,pH,3,3,370,NA,1100,NA,Abundances-Pleocyemata,positive,NA,Survival,3.57630965,1.190328945,3.27542135,1.711482767,-0.0879,0.127936942,Figure 3,NA,Yes,NA,NA,NA,,730,NA,Hammill_Edd_et_al_2018,Ocean_acidification_alters_zooplankton_communities_and_increases_top_down_pressure_of_a_cubozoan_predator,Pleocyemata,Decapod,2018,370,NA,3,Hammill_Edd_et_al_2018__2018__Ocean_acidification_alters_zooplankton_communities_and_increases_top_down_pressure_of_a_cubozoan_predator,ZOO_STUDY_0206,ZOO_ES_002016,ZOO_STUDY_0206__Pleocyemata__Decapod__CO2370.00__TNA__NC3,ZOO_COMMON_00370,-0.08788492742555161,0.12793694208499318,2.795773711636489,2
Jian et al. 2025,"Dam, H. G., et al., 2021",2021,"Rapid, but limited, zooplankton adaptation to simultaneous warming and acidification",https://www.nature.com/articles/s41558-021-01131-5,Zooplankton,Holoplankton,Calanoid copepod,Acartia tonsa,pH,4,4,400,NA,2000,NA,Survival,positive,NA,Survival,0.75,0.175439,0.686842,0.083333,-0.088,0.0174,Figure 2,NA,Yes,NA,NA,NA,,1600,NA,Dam_H_G_et_al_2021,Rapid_but_limited_zooplankton_adaptation_to_simultaneous_warming_and_acidification,Acartia_tonsa,Calanoid_copepod,2021,400,NA,4,Dam_H_G_et_al_2021__2021__Rapid_but_limited_zooplankton_adaptation_to_simultaneous_warming_and_acidification,ZOO_STUDY_0110,ZOO_ES_002138,ZOO_STUDY_0110__Acartia_tonsa__Calanoid_copepod__CO2400.00__TNA__NC4,ZOO_COMMON_00191,-0.08796892620267395,0.017359591872616494,7.589798476232984,2.75
Jian et al. 2025,"Niehoff, B. et al., 2013",2013,Mesozooplankton community development at elevated CO2 concentrations: results from a mesocosm experiment in an Arctic fjord,https://bg.copernicus.org/articles/10/1391/2013/,Zooplankton,Holoplankton,Other zooplankton,Total zooplankton,pH,1,1,185,NA,270,NA,Abundance,positive,NA,Survival,1.895348333,0.23341827,1.735465,0.268934766,-0.0881,0.0392,Figure 1,NA,Yes,NA,NA,NA,,85,NA,Niehoff_B_et_al_2013,Mesozooplankton_community_development_at_elevated_CO2_concentrations_results_from_a_mesocosm_experiment_in_an_Arctic_fjord,Total_zooplankton,Other_zooplankton,2013,185,NA,1,Niehoff_B_et_al_2013__2013__Mesozooplankton_community_development_at_elevated_CO2_concentrations_results_from_a_mesocosm_experiment_in_an_Arctic_fjord,ZOO_STUDY_0371,ZOO_ES_002139,ZOO_STUDY_0371__Total_zooplankton__Other_zooplankton__CO2185.00__TNA__NC1,ZOO_COMMON_00647,-0.08812724951115293,0.039180589417321735,5.0520136752035985,2.75
Leung et al. 2022,Clark et al. 2009. Mar Biol,NA,NA,NA,Zooplankton,Meroplankton,Urchin larvae,Pseudechinus huttoni,pH,4,4,429,12,1282,12,Larval survival,positive,NA,Survival,1.04,0.262,0.95,0.262,-0.09051400754083186,2.81e-4,NA,NA,Yes,NA,NA,NA,,853,0,Clark_et_al_2009_Mar_Biol,NA,Pseudechinus_huttoni,Urchin_larvae,NA,429,12,4,Clark_et_al_2009_Mar_Biol__NA__NA,ZOO_STUDY_0090,ZOO_ES_002142,ZOO_STUDY_0090__Pseudechinus_huttoni__Urchin_larvae__CO2429.00__T12.00__NC4,ZOO_COMMON_00152,-0.09051400754083186,0.0348812676203511,5.35431441773886,2.75
Jian et al. 2025,"Meyers, Morgan T. et al., 2019",2019,Effect of ocean acidification on the nutritional quality of marine phytoplankton for copepod reproduction,https://journals.plos.org/plosone/article?id=10.1371/journal.pone.0217047,Zooplankton,Holoplankton,Calanoid copepod,Acartia tonsa,pH,4,4,400,NA,1000,NA,Copepod naupliar survival,positive,NA,Survival,93.5840708,12.55904282,85.17699115,24.5054494,-0.0941,0.0252,Figure 3,NA,Yes,NA,NA,NA,,600,NA,Meyers_Morgan_T_et_al_2019,Effect_of_ocean_acidification_on_the_nutritional_quality_of_marine_phytoplankton_for_copepod_reproduction,Acartia_tonsa,Calanoid_copepod,2019,400,NA,4,Meyers_Morgan_T_et_al_2019__2019__Effect_of_ocean_acidification_on_the_nutritional_quality_of_marine_phytoplankton_for_copepod_reproduction,ZOO_STUDY_0350,ZOO_ES_002143,ZOO_STUDY_0350__Acartia_tonsa__Calanoid_copepod__CO2400.00__TNA__NC4,ZOO_COMMON_00614,-0.09412884480151355,0.025195324946327462,6.299992291586976,2.75
Jian et al. 2025,"Niehoff, B. et al., 2013",2013,Mesozooplankton community development at elevated CO2 concentrations: results from a mesocosm experiment in an Arctic fjord,https://bg.copernicus.org/articles/10/1391/2013/,Zooplankton,Holoplankton,Other zooplankton,Total zooplankton,pH,1,1,185,NA,375,NA,Abundance,positive,NA,Survival,1.895348333,0.23341827,1.715118333,0.265781763,-0.0999,0.0392,Figure 1,NA,Yes,NA,NA,NA,,190,NA,Niehoff_B_et_al_2013,Mesozooplankton_community_development_at_elevated_CO2_concentrations_results_from_a_mesocosm_experiment_in_an_Arctic_fjord,Total_zooplankton,Other_zooplankton,2013,185,NA,1,Niehoff_B_et_al_2013__2013__Mesozooplankton_community_development_at_elevated_CO2_concentrations_results_from_a_mesocosm_experiment_in_an_Arctic_fjord,ZOO_STUDY_0371,ZOO_ES_002185,ZOO_STUDY_0371__Total_zooplankton__Other_zooplankton__CO2185.00__TNA__NC1,ZOO_COMMON_00647,-0.09992056145726702,0.0391805893941156,5.052013676699718,2.75
Jian et al. 2025,"Oh, J. H., et al., 2022",2022,Effect of Different pCO2 Concentrations in Seawater on Meiofauna: Abundance of Communities in Sediment and Survival Rate of Harpacticoid Copepods,https://link.springer.com/article/10.1007/s12601-022-00066-y,Zooplankton,Holoplankton,Non-calanoid copepod,Harpacticoid Copepod ,pH,6,6,400,NA,1000,NA,Survival,positive,NA,Survival,49.36886396,11.22019635,44.6002805,14.86676017,-0.101579793,0.0271,Figure 5,NA,Yes,NA,NA,NA,,600,NA,Oh_J_H_et_al_2022,Effect_of_Different_pCO2_Concentrations_in_Seawater_on_Meiofauna_Abundance_of_Communities_in_Sediment_and_Survival_Rate_of_Harpacticoid_Copepods,Harpacticoid_Copepod,Non_calanoid_copepod,2022,400,NA,6,Oh_J_H_et_al_2022__2022__Effect_of_Different_pCO2_Concentrations_in_Seawater_on_Meiofauna_Abundance_of_Communities_in_Sediment_and_Survival_Rate_of_Harpacticoid_Copepods,ZOO_STUDY_0378,ZOO_ES_002186,ZOO_STUDY_0378__Harpacticoid_Copepod__Non_calanoid_copepod__CO2400.00__TNA__NC6,ZOO_COMMON_00655,-0.10157979302684687,0.027127333946844887,6.071506204093527,2.75
Leung et al. 2022,"Van Colen et al., 2012. Plos One",NA,NA,NA,Zooplankton,Meroplankton,Bivalve larvae,Macoma balthica,pH,3,3,694.3,14.4,2740.4,14.3,Larval survival,positive,NA,Survival,0.8150000000000001,0.015620499351813323,0.7350000000000001,0.03905124837953361,-0.10331761402802601,1.000330579,NA,NA,Yes,NA,NA,NA,,2046.1000000000001,-0.09999999999999964,Van_Colen_et_al_2012_Plos_One,NA,Macoma_balthica,Bivalve_larvae,NA,694.3,14.4,3,Van_Colen_et_al_2012_Plos_One__NA__NA,ZOO_STUDY_0516,ZOO_ES_002238,ZOO_STUDY_0516__Macoma_balthica__Bivalve_larvae__CO2694.30__T14.40__NC3,ZOO_COMMON_00895,-0.10331761402802601,0.0010634144230554949,30.665406554334723,4.25
Leung et al. 2022,"Zhang et al., 2014. Mat Pollut Bull",NA,NA,NA,Zooplankton,Meroplankton,Gastropod larvae,Nassarius festivus,pH,3,3,366,15.5,1260,15.5,Larval survival,positive,NA,Survival,100,0,90,2,-0.10536051565782628,0.00795,NA,NA,Yes,NA,NA,NA,,894,0,Zhang_et_al_2014_Mat_Pollut_Bull,NA,Nassarius_festivus,Gastropod_larvae,NA,366,15.5,3,Zhang_et_al_2014_Mat_Pollut_Bull__NA__NA,ZOO_STUDY_0562,ZOO_ES_002239,ZOO_STUDY_0562__Nassarius_festivus__Gastropod_larvae__CO2366.00__T15.50__NC3,ZOO_COMMON_00978,-0.10536051565782628,1.646090534979424e-4,77.94228634059948,4.25
Leung et al. 2022,"Guo et al., 2015. Aquat Biol",NA,Effects of ocean acidification caused by rising CO2 on the early development of three mollusks,https://www.researchgate.net/publication/273496726_Effects_of_ocean_acidification_caused_by_rising_CO2_on_the_early_development_of_three_mollusks,Zooplankton,Meroplankton,Gastropod larvae,Haliotis discus hannai,pH,3,3,447.5,23.8,1401.3,23.2,Larval survival,positive,NA,Survival,66,3,59,4,-0.11211729812070612,8.1e-4,NA,NA,Yes,NA,NA,NA,,953.8,-0.6000000000000014,Guo_et_al_2015_Aquat_Biol,Effects_of_ocean_acidification_caused_by_rising_CO2_on_the_early_development_of_three_mollusks,Haliotis_discus_hannai,Gastropod_larvae,NA,447.5,23.8,3,Guo_et_al_2015_Aquat_Biol__NA__Effects_of_ocean_acidification_caused_by_rising_CO2_on_the_early_development_of_three_mollusks,ZOO_STUDY_0198,ZOO_ES_002245,ZOO_STUDY_0198__Haliotis_discus_hannai__Gastropod_larvae__CO2447.50__T23.80__NC3,ZOO_COMMON_00354,-0.11211729812070612,0.0022208320176511135,21.219841956299632,4.25
Leung et al. 2022,"Lee et al., 2019. Comp Biochem Physiol A",NA,NA,NA,Zooplankton,Meroplankton,Urchin larvae,Strongylocentrotus purpuratus,pH,3,3,577,10.2,1536,9.9,Larval survival,positive,NA,Survival,0.93,0.05567764362830021,0.8266666666666667,0.14189197769195097,-0.11778303565638351,0.00557,NA,NA,Yes,NA,NA,NA,,959,-0.29999999999999893,Lee_et_al_2019_Comp_Biochem_Physiol_A,NA,Strongylocentrotus_purpuratus,Urchin_larvae,NA,577,10.2,3,Lee_et_al_2019_Comp_Biochem_Physiol_A__NA__NA,ZOO_STUDY_0297,ZOO_ES_002246,ZOO_STUDY_0297__Strongylocentrotus_purpuratus__Urchin_larvae__CO2577.00__T10.20__NC3,ZOO_COMMON_00508,-0.11778303565638351,0.01101524260993553,9.52802672345899,2.75
Leung et al. 2022,"Schiffer et al., 2014. Mar Ecol Prog Ser",NA,NA,NA,Zooplankton,Meroplankton,Crustacean larvae,Hyas araneus,pH,6,6,349,4.5,3103,4.4,Zoea II survival time,positive,NA,Survival,34,9.797958971132712,30,14.696938456699067,-0.12516314295400605,0.0538,NA,NA,Yes,NA,NA,NA,,2754,-0.09999999999999964,Schiffer_et_al_2014_Mar_Ecol_Prog_Ser,NA,Hyas_araneus,Crustacean_larvae,NA,349,4.5,6,Schiffer_et_al_2014_Mar_Ecol_Prog_Ser__NA__NA,ZOO_STUDY_0455,ZOO_ES_002271,ZOO_STUDY_0455__Hyas_araneus__Crustacean_larvae__CO2349.00__T4.50__NC6,ZOO_COMMON_00786,-0.12516314295400605,0.05384083044982698,4.309671075788848,2
Jian et al. 2025,"Pedersen, S. A. et al., 2014",2014,Effects of elevated carbon dioxide (CO2) concentrations on early developmental stages of the marine copepod Calanus finmarchicus Gunnerus (Copepoda: Calanoidae),https://pubmed.ncbi.nlm.nih.gov/24754390/,Zooplankton,Holoplankton,Calanoid copepod,nauplii,pH,3,3,340,NA,4600,NA,Survival of hatched nauplii,positive,NA,Survival,92.11726384,2.084690554,81.17263844,6.7752443,-0.126484147,0.00249,Figure 3,NA,Yes,NA,NA,NA,,4260,NA,Pedersen_S_A_et_al_2014,Effects_of_elevated_carbon_dioxide_CO2_concentrations_on_early_developmental_stages_of_the_marine_copepod_Calanus_finmarchicus_Gunnerus_Copepoda_Calanoidae_,nauplii,Calanoid_copepod,2014,340,NA,3,Pedersen_S_A_et_al_2014__2014__Effects_of_elevated_carbon_dioxide_CO2_concentrations_on_early_developmental_stages_of_the_marine_copepod_Calanus_finmarchicus_Gunnerus_Copepoda_Calanoidae_,ZOO_STUDY_0412,ZOO_ES_002272,ZOO_STUDY_0412__nauplii__Calanoid_copepod__CO2340.00__TNA__NC3,ZOO_COMMON_00712,-0.12648414702617708,0.002492970189703285,20.02817868236932,4.25
Jian et al. 2025,"Gobler, Christopher J. et al., 2018",2018,"Temperature, acidification, and food supply interact to negatively affect the growth and survival of the forage fish, Menidia beryllina (Inland Silverside), and Cyprinodon variegatus (Sheepshead Minnow)",https://www.frontiersin.org/journals/marine-science/articles/10.3389/fmars.2018.00086/full,Zooplankton,Meroplankton,Fish larvae,Menidia beryllina,pH,4,4,519,NA,2356,NA,Percent hatched-Cyprinodon variegatus.,positive,NA,Survival,63.33333333,6.666666667,55.55555556,5.555555556,-0.13102826227377218,0.00527008310306167,Figure 5,NA,Yes,NA,NA,NA,,1837,NA,Gobler_Christopher_J_et_al_2018,Temperature_acidification_and_food_supply_interact_to_negatively_affect_the_growth_and_survival_of_the_forage_fish_Menidia_beryllina_Inland_Silverside_and_Cyprinodon_variegatus_Sheepshead_Minnow_,Menidia_beryllina,Fish_larvae,2018,519,NA,4,Gobler_Christopher_J_et_al_2018__2018__Temperature_acidification_and_food_supply_interact_to_negatively_affect_the_growth_and_survival_of_the_forage_fish_Menidia_beryllina_Inland_Silverside_and_Cyprinodon_variegatus_Sheepshead_Minnow_,ZOO_STUDY_0186,ZOO_ES_002273,ZOO_STUDY_0186__Menidia_beryllina__Fish_larvae__CO2519.00__TNA__NC4,ZOO_COMMON_00329,-0.13102826227377257,0.00527008310306167,13.774989237550763,3.5
Hamraj et al. 2021,"Oh et al.,2017",2017,Effect of increased pCO₂ in seawater on survival rate of different developmental stages of the harpacticoid copepod Tigriopus japonicus,https://www.tandfonline.com/doi/abs/10.1080/19768354.2017.1326981?,Zooplankton,Holoplankton,Non-calanoid copepod,Tigriopus japonicus,pH,30,30,400,NA,1000,NA,Survival,ambiguous,NA,Survival,59.57877,78.73765,52.103474,64.489334,-0.1340676765615376,NA,NA,NA,Yes,NA,NA,NA,,600,NA,Oh_et_al_2017,Effect_of_increased_pCO_in_seawater_on_survival_rate_of_different_developmental_stages_of_the_harpacticoid_copepod_Tigriopus_japonicus,Tigriopus_japonicus,Non_calanoid_copepod,2017,400,NA,30,Oh_et_al_2017__2017__Effect_of_increased_pCO_in_seawater_on_survival_rate_of_different_developmental_stages_of_the_harpacticoid_copepod_Tigriopus_japonicus,ZOO_STUDY_0380,ZOO_ES_002274,ZOO_STUDY_0380__Tigriopus_japonicus__Non_calanoid_copepod__CO2400.00__TNA__NC30,ZOO_COMMON_00657,-0.1340676765615376,0.10928318667379985,3.0249856917653957,2
Leung et al. 2022,"Tahil and Dy, 2016. Aquaculture",NA,NA,NA,Zooplankton,Meroplankton,Gastropod larvae,Haliotis asinina,pH,8,8,465.4,26.3,753,26.1,Larval survival,positive,NA,Survival,98,6,84.9,5,-0.14349338535327022,9.02e-4,NA,NA,Yes,NA,NA,NA,,287.6,-0.1999999999999993,Tahil_and_Dy_2016_Aquaculture,NA,Haliotis_asinina,Gastropod_larvae,NA,465.4,26.3,8,Tahil_and_Dy_2016_Aquaculture__NA__NA,ZOO_STUDY_0492,ZOO_ES_002279,ZOO_STUDY_0492__Haliotis_asinina__Gastropod_larvae__CO2465.40__T26.30__NC8,ZOO_COMMON_00846,-0.14349338535327022,0.00090210022730156025,33.294508173341654,4.25
Leung et al. 2022,"Guo et al., 2015. Aquat Biol",NA,Effects of ocean acidification caused by rising CO2 on the early development of three mollusks,https://www.researchgate.net/publication/273496726_Effects_of_ocean_acidification_caused_by_rising_CO2_on_the_early_development_of_three_mollusks,Zooplankton,Meroplankton,Gastropod larvae,Haliotis discus hannai,pH,3,3,447.5,23.8,1401.3,23.2,Larval survival,positive,NA,Survival,66,3,57,1,-0.1466034741918754,0.453333333,NA,NA,Yes,NA,NA,NA,,953.8,-0.6000000000000014,Guo_et_al_2015_Aquat_Biol,Effects_of_ocean_acidification_caused_by_rising_CO2_on_the_early_development_of_three_mollusks,Haliotis_discus_hannai,Gastropod_larvae,NA,447.5,23.8,3,Guo_et_al_2015_Aquat_Biol__NA__Effects_of_ocean_acidification_caused_by_rising_CO2_on_the_early_development_of_three_mollusks,ZOO_STUDY_0198,ZOO_ES_002280,ZOO_STUDY_0198__Haliotis_discus_hannai__Gastropod_larvae__CO2447.50__T23.80__NC3,ZOO_COMMON_00354,-0.1466034741918754,7.913009046224861e-4,35.54914573737856,4.25
Leung et al. 2022,Suwa et al. 2010. Fish Sci,NA,NA,NA,Zooplankton,Meroplankton,Coral larvae,Acropora tenuis,pH,10,10,400,26.8,905,26.8,Larval survial,positive,NA,Survival,72,6,62,5,-0.1495317339709637,0.00134,NA,NA,Yes,NA,NA,NA,,505,0,Suwa_et_al_2010_Fish_Sci,NA,Acropora_tenuis,Coral_larvae,NA,400,26.8,10,Suwa_et_al_2010_Fish_Sci__NA__NA,ZOO_STUDY_0488,ZOO_ES_002281,ZOO_STUDY_0488__Acropora_tenuis__Coral_larvae__CO2400.00__T26.80__NC10,ZOO_COMMON_00839,-0.1495317339709637,0.0013448086483986588,27.269033993491686,4.25
Leung et al. 2022,"Lee et al., 2019. Comp Biochem Physiol A",NA,NA,NA,Zooplankton,Meroplankton,Urchin larvae,Strongylocentrotus purpuratus,pH,3,3,577,10.2,2382,9.9,Larval survival,positive,NA,Survival,0.93,0.05567764362830021,0.8000000000000002,0.09165151389911683,-0.15057285847937418,0.00335,NA,NA,Yes,NA,NA,NA,,1805,-0.29999999999999893,Lee_et_al_2019_Comp_Biochem_Physiol_A,NA,Strongylocentrotus_purpuratus,Urchin_larvae,NA,577,10.2,3,Lee_et_al_2019_Comp_Biochem_Physiol_A__NA__NA,ZOO_STUDY_0297,ZOO_ES_002282,ZOO_STUDY_0297__Strongylocentrotus_purpuratus__Urchin_larvae__CO2577.00__T10.20__NC3,ZOO_COMMON_00508,-0.15057285847937418,0.005569743130227001,13.399309441078966,3.5
Leung et al. 2022,"Zhang et al., 2014. Mat Pollut Bull",NA,NA,NA,Zooplankton,Meroplankton,Gastropod larvae,Nassarius festivus,pH,3,3,366,15.5,865,15.2,Larval survival,positive,NA,Survival,100,0,86,9,-0.15082288973458366,0.00784,NA,NA,Yes,NA,NA,NA,,499,-0.3000000000000007,Zhang_et_al_2014_Mat_Pollut_Bull,NA,Nassarius_festivus,Gastropod_larvae,NA,366,15.5,3,Zhang_et_al_2014_Mat_Pollut_Bull__NA__NA,ZOO_STUDY_0562,ZOO_ES_002283,ZOO_STUDY_0562__Nassarius_festivus__Gastropod_larvae__CO2366.00__T15.50__NC3,ZOO_COMMON_00978,-0.15082288973458366,0.0036506219578150353,16.55070771676927,3.5
Leung et al. 2022,"Guo et al., 2015. Aquat Biol",NA,Effects of ocean acidification caused by rising CO2 on the early development of three mollusks,https://www.researchgate.net/publication/273496726_Effects_of_ocean_acidification_caused_by_rising_CO2_on_the_early_development_of_three_mollusks,Zooplankton,Meroplankton,Gastropod larvae,Haliotis diversicolor,pH,3,3,447.5,23.8,1401.3,23.2,Larval survival,positive,NA,Survival,68,2,58,2,-0.1590646946296874,0.00651,NA,NA,Yes,NA,NA,NA,,953.8,-0.6000000000000014,Guo_et_al_2015_Aquat_Biol,Effects_of_ocean_acidification_caused_by_rising_CO2_on_the_early_development_of_three_mollusks,Haliotis_diversicolor,Gastropod_larvae,NA,447.5,23.8,3,Guo_et_al_2015_Aquat_Biol__NA__Effects_of_ocean_acidification_caused_by_rising_CO2_on_the_early_development_of_three_mollusks,ZOO_STUDY_0198,ZOO_ES_002335,ZOO_STUDY_0198__Haliotis_diversicolor__Gastropod_larvae__CO2447.50__T23.80__NC3,ZOO_COMMON_00355,-0.1590646946296874,6.847041817356445e-4,38.21628876658009,4.25
Leung et al. 2022,"Gobler et al., 2017. Front Mar Sci",NA,NA,NA,Zooplankton,Meroplankton,Bivalve larvae,Mercenaria mercenaria,pH,4,4,516,23.5,1200,23.5,Larval survival,positive,NA,Survival,27,3,23,2,-0.16034265007517937,0.194037563,NA,NA,Yes,NA,NA,NA,,684,0,Gobler_et_al_2017_Front_Mar_Sci,NA,Mercenaria_mercenaria,Bivalve_larvae,NA,516,23.5,4,Gobler_et_al_2017_Front_Mar_Sci__NA__NA,ZOO_STUDY_0190,ZOO_ES_002345,ZOO_STUDY_0190__Mercenaria_mercenaria__Bivalve_larvae__CO2516.00__T23.50__NC4,ZOO_COMMON_00338,-0.16034265007517937,0.004976778921328385,14.175090018136546,3.5
Leung et al. 2022,"Zhan et al., 2016. Mar Pollut Bull",NA,NA,NA,Zooplankton,Meroplankton,Urchin larvae,Strongylocentrotus intermedius,pH,3,3,693.53,20.6,1442.7,20.6,Larval survival,positive,NA,Survival,81,4,69,5,-0.16034265007517937,0.00187,NA,NA,Yes,NA,NA,NA,,749.1700000000001,0,Zhan_et_al_2016_Mar_Pollut_Bull,NA,Strongylocentrotus_intermedius,Urchin_larvae,NA,693.53,20.6,3,Zhan_et_al_2016_Mar_Pollut_Bull__NA__NA,ZOO_STUDY_0557,ZOO_ES_002361,ZOO_STUDY_0557__Strongylocentrotus_intermedius__Urchin_larvae__CO2693.53__T20.60__NC3,ZOO_COMMON_00969,-0.16034265007517937,0.002563216777991659,19.751829652623336,4.25
Ross et al. 2024,Gibbs et al. 2021c,2021,Energetic lipid responses of larval oysters to ocean acidification,https://www.sciencedirect.com/science/article/abs/pii/S0025326X21004756,Zooplankton,Meroplankton,Mollusca,Saccostrea glomerata,pH,3,3,340,NA,856,NA,% Mortality of larvae at 9 days of age,negative,NA,Survival,78.31325301,13.21645195,92.1686747,7.303828707,-0.162903471,0.0116,NA,"flip sign because we are looking at mortality, instead of survival; confusing which are the control values and treatment values in the source database",Yes,NA,NA,NA,,516,NA,Gibbs_et_al_2021c,Energetic_lipid_responses_of_larval_oysters_to_ocean_acidification,Saccostrea_glomerata,Mollusca,2021,340,NA,3,Gibbs_et_al_2021c__2021__Energetic_lipid_responses_of_larval_oysters_to_ocean_acidification,ZOO_STUDY_0183,ZOO_ES_002365,ZOO_STUDY_0183__Saccostrea_glomerata__Mollusca__CO2340.00__TNA__NC3,ZOO_COMMON_00316,0.16290347097607888,0.011586966129020234,9.289987535188141,2.75
Ross et al. 2024,Gibbs et al. 2021c,2021,Energetic lipid responses of larval oysters to ocean acidification,https://www.sciencedirect.com/science/article/abs/pii/S0025326X21004756,Zooplankton,Meroplankton,Mollusca,Saccostrea glomerata,pH,3,3,340,NA,856,NA,% Mortality of larvae at 9 days of age,negative,NA,Survival,51.00401606,12.17304784,60.04016064,14.60765741,-0.163109306,0.0387,NA,"flip sign because we are looking at mortality, instead of survival; confusing which are the control values and treatment values in the source database",Yes,NA,NA,NA,,516,NA,Gibbs_et_al_2021c,Energetic_lipid_responses_of_larval_oysters_to_ocean_acidification,Saccostrea_glomerata,Mollusca,2021,340,NA,3,Gibbs_et_al_2021c__2021__Energetic_lipid_responses_of_larval_oysters_to_ocean_acidification,ZOO_STUDY_0183,ZOO_ES_002366,ZOO_STUDY_0183__Saccostrea_glomerata__Mollusca__CO2340.00__TNA__NC3,ZOO_COMMON_00316,0.1631093064128052,0.03871886087345589,5.082047432562896,2.75
Ross et al. 2024,Gibbs et al. 2021a,2021,Adult exposure to ocean acidification and warming leads to limited beneficial responses for oyster larvae,https://academic.oup.com/icesjms/article/78/6/2017/6306814,Zooplankton,Meroplankton,Mollusca,Saccostrea glomerata,pH,3,3,400,NA,856,NA,% Mortality of larvae at 9 days of age,negative,NA,Survival,72.48677249,4.582144994,85.5721393,3.446867279,-0.165955658,0.00187,NA,"flip sign because we are looking at mortality, instead of survival; confusing which are the control values and treatment values in the source database",Yes,NA,NA,NA,,456,NA,Gibbs_et_al_2021a,Adult_exposure_to_ocean_acidification_and_warming_leads_to_limited_beneficial_responses_for_oyster_larvae,Saccostrea_glomerata,Mollusca,2021,400,NA,3,Gibbs_et_al_2021a__2021__Adult_exposure_to_ocean_acidification_and_warming_leads_to_limited_beneficial_responses_for_oyster_larvae,ZOO_STUDY_0180,ZOO_ES_002370,ZOO_STUDY_0180__Saccostrea_glomerata__Mollusca__CO2400.00__TNA__NC3,ZOO_COMMON_00311,0.16595565790067154,0.0018728164728580572,23.107469563605658,4.25
Jian et al. 2025,"Garzke, G., et al., 2020",2020,Zooplankton growth and survival differentially respond to interactive warming and acidification effects,https://academic.oup.com/plankt/article-abstract/42/2/189/5771213?redirectedFrom=fulltext,Zooplankton,Holoplankton,Calanoid copepod,Acartia tonsa,pH,1,1,500,NA,1500,NA,abundance,positive,NA,Survival,22.88461538,6.440000814,19.37984496,6.51294421,-0.166231261,0.192134249,Figure 3,NA,Yes,NA,NA,NA,,1000,NA,Garzke_G_et_al_2020,Zooplankton_growth_and_survival_differentially_respond_to_interactive_warming_and_acidification_effects,Acartia_tonsa,Calanoid_copepod,2020,500,NA,1,Garzke_G_et_al_2020__2020__Zooplankton_growth_and_survival_differentially_respond_to_interactive_warming_and_acidification_effects,ZOO_STUDY_0172,ZOO_ES_002374,ZOO_STUDY_0172__Acartia_tonsa__Calanoid_copepod__CO2500.00__TNA__NC1,ZOO_COMMON_00300,-0.16623126089184698,0.19213424906465726,2.281379876074659,2.5
Jian et al. 2025,"Kurihara, H. et al., 2004",2004,Effects of raised CO2 concentration on the egg production rate and early development of two marine copepods (Acartia steueri and Acartia erythraea),https://www.sciencedirect.com/science/article/abs/pii/S0025326X04001663,Zooplankton,Holoplankton,Calanoid copepod,Acartia steueri and Acartia erythraea,pH,3,3,365,NA,2365,NA,Survival rate-Acartia steueri,positive,NA,Survival,79.18575064,14.86005089,66.97201018,18.93129771,-0.167521593,0.0384,Figure 1,NA,Yes,NA,NA,NA,,2000,NA,Kurihara_H_et_al_2004,Effects_of_raised_CO2_concentration_on_the_egg_production_rate_and_early_development_of_two_marine_copepods_Acartia_steueri_and_Acartia_erythraea_,Acartia_steueri_and_Acartia_erythraea,Calanoid_copepod,2004,365,NA,3,Kurihara_H_et_al_2004__2004__Effects_of_raised_CO2_concentration_on_the_egg_production_rate_and_early_development_of_two_marine_copepods_Acartia_steueri_and_Acartia_erythraea_,ZOO_STUDY_0278,ZOO_ES_002375,ZOO_STUDY_0278__Acartia_steueri_and_Acartia_erythraea__Calanoid_copepod__CO2365.00__TNA__NC3,ZOO_COMMON_00472,-0.16752159287380208,0.03837385106427061,5.104842028175824,2.75
Jian et al. 2025,"Kurihara, H. et al., 2004",2004,Sub-lethal effects of elevated concentration of CO2 on planktonic copepods and sea urchins,https://link.springer.com/article/10.1007/s10872-004-5766-x,Zooplankton,Holoplankton,Calanoid copepod,Acartia steueri,pH,10,10,375,NA,2000,NA,Survial rate-Acartia steueri,positive,NA,Survival,79.36102236,15.20766773,66.96485623,18.91373802,-0.169839398,0.0116,Figure 1,NA,Yes,NA,NA,NA,,1625,NA,Kurihara_H_et_al_2004,Sub_lethal_effects_of_elevated_concentration_of_CO2_on_planktonic_copepods_and_sea_urchins,Acartia_steueri,Calanoid_copepod,2004,375,NA,10,Kurihara_H_et_al_2004__2004__Sub_lethal_effects_of_elevated_concentration_of_CO2_on_planktonic_copepods_and_sea_urchins,ZOO_STUDY_0279,ZOO_ES_002376,ZOO_STUDY_0279__Acartia_steueri__Calanoid_copepod__CO2375.00__TNA__NC10,ZOO_COMMON_00474,-0.1698393975597738,0.011649458658567799,9.265036354315205,2.75
Jian et al. 2025,"Kurihara, H. et al., 2008",2008,Effects of high CO2 seawater on the copepod (Acartia tsuensis) through all life stages and subsequent generations,https://www.sciencedirect.com/science/article/abs/pii/S0025326X08001781,Zooplankton,Holoplankton,Calanoid copepod,Acartia tsuensis,pH,4,4,380,NA,2380,NA,Survival rate of the Acartia tsuensi,positive,NA,Survival,53.76940133,27.05099778,45.12195122,24.83370288,-0.175335705,0.139001972,Figure 1,NA,Yes,NA,NA,NA,,2000,NA,Kurihara_H_et_al_2008,Effects_of_high_CO2_seawater_on_the_copepod_Acartia_tsuensis_through_all_life_stages_and_subsequent_generations,Acartia_tsuensis,Calanoid_copepod,2008,380,NA,4,Kurihara_H_et_al_2008__2008__Effects_of_high_CO2_seawater_on_the_copepod_Acartia_tsuensis_through_all_life_stages_and_subsequent_generations,ZOO_STUDY_0283,ZOO_ES_002378,ZOO_STUDY_0283__Acartia_tsuensis__Calanoid_copepod__CO2380.00__TNA__NC4,ZOO_COMMON_00487,-0.1753357054770671,0.13900197248388543,2.682189873146606,2
Leung et al. 2022,"Guo et al., 2015. Aquat Biol",NA,Effects of ocean acidification caused by rising CO2 on the early development of three mollusks,https://www.researchgate.net/publication/273496726_Effects_of_ocean_acidification_caused_by_rising_CO2_on_the_early_development_of_three_mollusks,Zooplankton,Meroplankton,Gastropod larvae,Haliotis diversicolor,pH,3,3,447.5,23.8,1401.3,23.2,Larval survival,positive,NA,Survival,68,2,57,3,-0.17645643734155653,0.0273,NA,NA,Yes,NA,NA,NA,,953.8,-0.6000000000000014,Guo_et_al_2015_Aquat_Biol,Effects_of_ocean_acidification_caused_by_rising_CO2_on_the_early_development_of_three_mollusks,Haliotis_diversicolor,Gastropod_larvae,NA,447.5,23.8,3,Guo_et_al_2015_Aquat_Biol__NA__Effects_of_ocean_acidification_caused_by_rising_CO2_on_the_early_development_of_three_mollusks,ZOO_STUDY_0198,ZOO_ES_002379,ZOO_STUDY_0198__Haliotis_diversicolor__Gastropod_larvae__CO2447.50__T23.80__NC3,ZOO_COMMON_00355,-0.17645643734155653,0.001211711668535754,28.7276668007589,4.25
Leung et al. 2022,"García et al., 2015. Mar Environ Res",NA,NA,NA,Zooplankton,Meroplankton,Urchin larvae,Paracentrotus lividus,pH,3,3,310.6,19,1849.9,19,Larval density (survival),positive,NA,Survival,0.6,0.6,0.5,0.5,-0.1823215567939546,0.00593,NA,NA,Yes,NA,NA,NA,,1539.3000000000002,0,Garc_a_et_al_2015_Mar_Environ_Res,NA,Paracentrotus_lividus,Urchin_larvae,NA,310.6,19,3,Garc_a_et_al_2015_Mar_Environ_Res__NA__NA,ZOO_STUDY_0164,ZOO_ES_002388,ZOO_STUDY_0164__Paracentrotus_lividus__Urchin_larvae__CO2310.60__T19.00__NC3,ZOO_COMMON_00278,-0.1823215567939546,0.6666666666666666,1.224744871391589,2.5
Jian et al. 2025,"Lewis, Ceri N. et al., 2013",2013,Sensitivity to ocean acidification parallels natural Pco2 gradients experienced by Arctic copepods under winter sea ice,https://www.pnas.org/doi/10.1073/pnas.1315162110,Zooplankton,Holoplankton,Calanoid copepod,>250 um nauplii,pH,3,3,370,NA,700,NA,Survival- large (>250 μm) nauplii,positive,NA,Survival,79.55556,9.426120953,66.22222,12.56816716,-0.183439589,0.0167,Figure 4,NA,Yes,NA,NA,NA,,330,NA,Lewis_Ceri_N_et_al_2013,Sensitivity_to_ocean_acidification_parallels_natural_Pco2_gradients_experienced_by_Arctic_copepods_under_winter_sea_ice,_250_um_nauplii,Calanoid_copepod,2013,370,NA,3,Lewis_Ceri_N_et_al_2013__2013__Sensitivity_to_ocean_acidification_parallels_natural_Pco2_gradients_experienced_by_Arctic_copepods_under_winter_sea_ice,ZOO_STUDY_0303,ZOO_ES_002390,ZOO_STUDY_0303___250_um_nauplii__Calanoid_copepod__CO2370.00__TNA__NC3,ZOO_COMMON_00526,-0.18343958931826373,0.016686010951253254,7.741475396155104,2.75
Jian et al. 2025,"Niehoff, B. et al., 2013",2013,Mesozooplankton community development at elevated CO2 concentrations: results from a mesocosm experiment in an Arctic fjord,https://bg.copernicus.org/articles/10/1391/2013/,Zooplankton,Holoplankton,Other zooplankton,Total zooplankton,pH,1,1,185,NA,820,NA,Abundance,positive,NA,Survival,1.895348333,0.23341827,1.568315,0.243032517,-0.189400844,0.0392,Figure 1,NA,Yes,NA,NA,NA,,635,NA,Niehoff_B_et_al_2013,Mesozooplankton_community_development_at_elevated_CO2_concentrations_results_from_a_mesocosm_experiment_in_an_Arctic_fjord,Total_zooplankton,Other_zooplankton,2013,185,NA,1,Niehoff_B_et_al_2013__2013__Mesozooplankton_community_development_at_elevated_CO2_concentrations_results_from_a_mesocosm_experiment_in_an_Arctic_fjord,ZOO_STUDY_0371,ZOO_ES_002400,ZOO_STUDY_0371__Total_zooplankton__Other_zooplankton__CO2185.00__TNA__NC1,ZOO_COMMON_00647,-0.1894008439195883,0.039180589369053664,5.0520136783154825,2.75
Leung et al. 2022,Clark et al. 2009. Mar Biol,NA,NA,NA,Zooplankton,Meroplankton,Urchin larvae,Tripneustes gratilla,pH,4,4,395,26,1119,26,Larval survival,positive,NA,Survival,0.63,0.068,0.52,0.2,-0.19189100781010526,0.0172,NA,NA,Yes,NA,NA,NA,,724,0,Clark_et_al_2009_Mar_Biol,NA,Tripneustes_gratilla,Urchin_larvae,NA,395,26,4,Clark_et_al_2009_Mar_Biol__NA__NA,ZOO_STUDY_0090,ZOO_ES_002409,ZOO_STUDY_0090__Tripneustes_gratilla__Urchin_larvae__CO2395.00__T26.00__NC4,ZOO_COMMON_00157,-0.19189100781010526,0.03989482095709202,5.006586682675196,2.75
Jian et al. 2025,"Lewis, Ceri N. et al., 2013",2013,Sensitivity to ocean acidification parallels natural Pco2 gradients experienced by Arctic copepods under winter sea ice,https://www.pnas.org/doi/10.1073/pnas.1315162110,Zooplankton,Holoplankton,Calanoid copepod,Adult Calanus,pH,3,3,370,NA,1000,NA,Survival- adult Calanus spp,positive,NA,Survival,95.79272,2.691580444,79.04077,8.523333654,-0.192222895,0.00414,Figure 4,NA,Yes,NA,NA,NA,,630,NA,Lewis_Ceri_N_et_al_2013,Sensitivity_to_ocean_acidification_parallels_natural_Pco2_gradients_experienced_by_Arctic_copepods_under_winter_sea_ice,Adult_Calanus,Calanoid_copepod,2013,370,NA,3,Lewis_Ceri_N_et_al_2013__2013__Sensitivity_to_ocean_acidification_parallels_natural_Pco2_gradients_experienced_by_Arctic_copepods_under_winter_sea_ice,ZOO_STUDY_0303,ZOO_ES_002410,ZOO_STUDY_0303__Adult_Calanus__Calanoid_copepod__CO2370.00__TNA__NC3,ZOO_COMMON_00524,-0.19222289514503957,0.004139269011875023,15.543119066932661,3.5
Ross et al. 2024,Gibbs et al. 2021c,2021,Energetic lipid responses of larval oysters to ocean acidification,https://www.sciencedirect.com/science/article/abs/pii/S0025326X21004756,Zooplankton,Meroplankton,Mollusca,Saccostrea glomerata,pH,3,3,340,NA,856,NA,% Mortality of larvae at 9 days of age,negative,NA,Survival,52.81124498,15.30326015,65.26104418,14.60765741,-0.21167115,0.0447,NA,"flip sign because we are looking at mortality, instead of survival; confusing which are the control values and treatment values in the source database",Yes,NA,NA,NA,,516,NA,Gibbs_et_al_2021c,Energetic_lipid_responses_of_larval_oysters_to_ocean_acidification,Saccostrea_glomerata,Mollusca,2021,340,NA,3,Gibbs_et_al_2021c__2021__Energetic_lipid_responses_of_larval_oysters_to_ocean_acidification,ZOO_STUDY_0183,ZOO_ES_002471,ZOO_STUDY_0183__Saccostrea_glomerata__Mollusca__CO2340.00__TNA__NC3,ZOO_COMMON_00316,0.21167115020091365,0.04469000894155688,4.7303663785844545,2
Leung et al. 2022,"Andersen et al., 2017. Biogeosciences",NA,NA,NA,Zooplankton,Meroplankton,Bivalve larvae,Pecten maximus,pH,4,4,465,15.5,768,15.5,Larval survival,positive,NA,Survival,18,5,14.5,4.5,-0.21622310846963594,0.0434,NA,NA,Yes,NA,NA,NA,,303,0,Andersen_et_al_2017_Biogeosciences,NA,Pecten_maximus,Bivalve_larvae,NA,465,15.5,4,Andersen_et_al_2017_Biogeosciences__NA__NA,ZOO_STUDY_0020,ZOO_ES_002510,ZOO_STUDY_0020__Pecten_maximus__Bivalve_larvae__CO2465.00__T15.50__NC4,ZOO_COMMON_00028,-0.21622310846963594,0.043368601459168245,4.8018909305078905,2
Jian et al. 2025,"Kurihara, H. et al., 2004",2004,Effects of raised CO2 concentration on the egg production rate and early development of two marine copepods (Acartia steueri and Acartia erythraea),https://www.sciencedirect.com/science/article/abs/pii/S0025326X04001663,Zooplankton,Holoplankton,Calanoid copepod,Acartia steueri and Acartia erythraea,pH,3,3,365,NA,2365,NA,Survival rate-Acartia steueri,positive,NA,Survival,63.71501272,19.74554707,51.29770992,32.16284987,-0.216774103,0.163049893,Figure 1,NA,Yes,NA,NA,NA,,2000,NA,Kurihara_H_et_al_2004,Effects_of_raised_CO2_concentration_on_the_egg_production_rate_and_early_development_of_two_marine_copepods_Acartia_steueri_and_Acartia_erythraea_,Acartia_steueri_and_Acartia_erythraea,Calanoid_copepod,2004,365,NA,3,Kurihara_H_et_al_2004__2004__Effects_of_raised_CO2_concentration_on_the_egg_production_rate_and_early_development_of_two_marine_copepods_Acartia_steueri_and_Acartia_erythraea_,ZOO_STUDY_0278,ZOO_ES_002511,ZOO_STUDY_0278__Acartia_steueri_and_Acartia_erythraea__Calanoid_copepod__CO2365.00__TNA__NC3,ZOO_COMMON_00472,-0.2167741030586248,0.16304989323865182,2.4765080305985223,2.5
Jian et al. 2025,"Gobler, Christopher J. et al., 2018",2018,"Temperature, acidification, and food supply interact to negatively affect the growth and survival of the forage fish, Menidia beryllina (Inland Silverside), and Cyprinodon variegatus (Sheepshead Minnow)",https://www.frontiersin.org/journals/marine-science/articles/10.3389/fmars.2018.00086/full,Zooplankton,Meroplankton,Fish larvae,Menidia beryllina,pH,4,4,392,NA,2164,NA,Percent survival-Menidia beryllina.,positive,NA,Survival,67.45283019,3.773584906,54.24528302,4.716981132,-0.2179125018953676,0.0026727935170806853,Figure 2c,NA,Yes,NA,NA,NA,,1772,NA,Gobler_Christopher_J_et_al_2018,Temperature_acidification_and_food_supply_interact_to_negatively_affect_the_growth_and_survival_of_the_forage_fish_Menidia_beryllina_Inland_Silverside_and_Cyprinodon_variegatus_Sheepshead_Minnow_,Menidia_beryllina,Fish_larvae,2018,392,NA,4,Gobler_Christopher_J_et_al_2018__2018__Temperature_acidification_and_food_supply_interact_to_negatively_affect_the_growth_and_survival_of_the_forage_fish_Menidia_beryllina_Inland_Silverside_and_Cyprinodon_variegatus_Sheepshead_Minnow_,ZOO_STUDY_0186,ZOO_ES_002512,ZOO_STUDY_0186__Menidia_beryllina__Fish_larvae__CO2392.00__TNA__NC4,ZOO_COMMON_00324,-0.21791250189536795,0.0026727935170806853,19.342708876508485,3.5
Jian et al. 2025,"Kurihara, H. et al., 2004",2004,Sub-lethal effects of elevated concentration of CO2 on planktonic copepods and sea urchins,https://link.springer.com/article/10.1007/s10872-004-5766-x,Zooplankton,Holoplankton,Calanoid copepod,Acartia steueri,pH,10,10,375,NA,2000,NA,Survial rate-Acartia steueri,positive,NA,Survival,63.89776358,19.42492013,51.24600639,32.84345048,-0.220646671,0.0503,Figure 1,NA,Yes,NA,NA,NA,,1625,NA,Kurihara_H_et_al_2004,Sub_lethal_effects_of_elevated_concentration_of_CO2_on_planktonic_copepods_and_sea_urchins,Acartia_steueri,Calanoid_copepod,2004,375,NA,10,Kurihara_H_et_al_2004__2004__Sub_lethal_effects_of_elevated_concentration_of_CO2_on_planktonic_copepods_and_sea_urchins,ZOO_STUDY_0279,ZOO_ES_002513,ZOO_STUDY_0279__Acartia_steueri__Calanoid_copepod__CO2375.00__TNA__NC10,ZOO_COMMON_00474,-0.2206466711382586,0.050316593317876135,4.458044355792778,2
Ross et al. 2024,Gibbs et al. 2021c,2021,Energetic lipid responses of larval oysters to ocean acidification,https://www.sciencedirect.com/science/article/abs/pii/S0025326X21004756,Zooplankton,Meroplankton,Mollusca,Saccostrea glomerata,pH,3,3,340,NA,856,NA,% Mortality of larvae at 9 days of age,negative,NA,Survival,68.07228916,16.69446562,85.14056225,9.738438275,-0.223733348,0.0244,NA,"flip sign because we are looking at mortality, instead of survival; confusing which are the control values and treatment values in the source database",Yes,NA,NA,NA,,516,NA,Gibbs_et_al_2021c,Energetic_lipid_responses_of_larval_oysters_to_ocean_acidification,Saccostrea_glomerata,Mollusca,2021,340,NA,3,Gibbs_et_al_2021c__2021__Energetic_lipid_responses_of_larval_oysters_to_ocean_acidification,ZOO_STUDY_0183,ZOO_ES_002514,ZOO_STUDY_0183__Saccostrea_glomerata__Mollusca__CO2340.00__TNA__NC3,ZOO_COMMON_00316,0.2237333478137425,0.024409537659629003,6.400593162329781,2.75
Jian et al. 2025,"Kurihara, H. et al., 2008",2008,Effects of high CO2 seawater on the copepod (Acartia tsuensis) through all life stages and subsequent generations,https://www.sciencedirect.com/science/article/abs/pii/S0025326X08001781,Zooplankton,Holoplankton,Calanoid copepod,Acartia tsuensis,pH,4,4,380,NA,2380,NA,Survival rate of the Acartia tsuensi,positive,NA,Survival,57.31707317,15.07760532,45.78713969,25.05543237,-0.224595282,0.0922,Figure 1,NA,Yes,NA,NA,NA,,2000,NA,Kurihara_H_et_al_2008,Effects_of_high_CO2_seawater_on_the_copepod_Acartia_tsuensis_through_all_life_stages_and_subsequent_generations,Acartia_tsuensis,Calanoid_copepod,2008,380,NA,4,Kurihara_H_et_al_2008__2008__Effects_of_high_CO2_seawater_on_the_copepod_Acartia_tsuensis_through_all_life_stages_and_subsequent_generations,ZOO_STUDY_0283,ZOO_ES_002521,ZOO_STUDY_0283__Acartia_tsuensis__Calanoid_copepod__CO2380.00__TNA__NC4,ZOO_COMMON_00487,-0.22459528152542949,0.09216082684246094,3.294024452686377,2
Jian et al. 2025,"Mayo,J. A., et al., 2023",2023,Simultaneous warming and acidificationlimit population fitness and revealphenotype costs for a marine copepod,https://royalsocietypublishing.org/doi/10.1098/rspb.2023.1033,Zooplankton,Holoplankton,Calanoid copepod,Acartia hudsonica,pH,3,3,400,NA,1000,NA,Survival,positive,NA,Survival,0.606666667,0.17,0.483333333,0.093333333,-0.227272946,0.0386,Figure 2,NA,Yes,NA,NA,NA,,600,NA,Mayo_J_A_et_al_2023,Simultaneous_warming_and_acidificationlimit_population_fitness_and_revealphenotype_costs_for_a_marine_copepod,Acartia_hudsonica,Calanoid_copepod,2023,400,NA,3,Mayo_J_A_et_al_2023__2023__Simultaneous_warming_and_acidificationlimit_population_fitness_and_revealphenotype_costs_for_a_marine_copepod,ZOO_STUDY_0340,ZOO_ES_002531,ZOO_STUDY_0340__Acartia_hudsonica__Calanoid_copepod__CO2400.00__TNA__NC3,ZOO_COMMON_00594,-0.2272729458953268,0.038604022220414924,5.089600817677789,2.75
Leung et al. 2022,"Schiffer et al., 2014. Front Zool",NA,NA,NA,Zooplankton,Meroplankton,Crustacean larvae,Hyas araneus,pH,5,5,428,10,3390,10,Larval survival (zoea II),positive,NA,Survival,85.3,11,67.7,13,-0.2310882745794041,0.0107,NA,NA,Yes,NA,NA,NA,,2962,0,Schiffer_et_al_2014_Front_Zool,NA,Hyas_araneus,Crustacean_larvae,NA,428,10,5,Schiffer_et_al_2014_Front_Zool__NA__NA,ZOO_STUDY_0454,ZOO_ES_002532,ZOO_STUDY_0454__Hyas_araneus__Crustacean_larvae__CO2428.00__T10.00__NC5,ZOO_COMMON_00785,-0.2310882745794041,0.010700577336426946,9.667104091575709,3.5
Jian et al. 2025,"Kurihara, H. et al., 2008",2008,Effects of high CO2 seawater on the copepod (Acartia tsuensis) through all life stages and subsequent generations,https://www.sciencedirect.com/science/article/abs/pii/S0025326X08001781,Zooplankton,Holoplankton,Calanoid copepod,Acartia tsuensis,pH,4,4,380,NA,2380,NA,Survival rate of the Acartia tsuensi,positive,NA,Survival,48.66962306,19.06873614,38.47006652,3.54767184,-0.235174633,0.0405,Figure 1,NA,Yes,NA,NA,NA,,2000,NA,Kurihara_H_et_al_2008,Effects_of_high_CO2_seawater_on_the_copepod_Acartia_tsuensis_through_all_life_stages_and_subsequent_generations,Acartia_tsuensis,Calanoid_copepod,2008,380,NA,4,Kurihara_H_et_al_2008__2008__Effects_of_high_CO2_seawater_on_the_copepod_Acartia_tsuensis_through_all_life_stages_and_subsequent_generations,ZOO_STUDY_0283,ZOO_ES_002533,ZOO_STUDY_0283__Acartia_tsuensis__Calanoid_copepod__CO2380.00__TNA__NC4,ZOO_COMMON_00487,-0.23517463310107437,0.04050280766373542,4.968867719531337,2.75
Jian et al. 2025,"Paul, C., et al., 2016",2016,Effects of increased CO2 concentration on nutrient limited coastal summer plankton depend on temperature,https://aslopubs.onlinelibrary.wiley.com/doi/10.1002/lno.10256,Zooplankton,Holoplankton,Other zooplankton,Total zooplankton,pH,1,1,500,NA,2000,NA,Abundance,positive,NA,Survival,133.333,37.52147957,105.185,35.3493043,-0.237129054,0.192134249,Figure 1,NA,Yes,NA,NA,NA,,1500,NA,Paul_C_et_al_2016,Effects_of_increased_CO2_concentration_on_nutrient_limited_coastal_summer_plankton_depend_on_temperature,Total_zooplankton,Other_zooplankton,2016,500,NA,1,Paul_C_et_al_2016__2016__Effects_of_increased_CO2_concentration_on_nutrient_limited_coastal_summer_plankton_depend_on_temperature,ZOO_STUDY_0409,ZOO_ES_002534,ZOO_STUDY_0409__Total_zooplankton__Other_zooplankton__CO2500.00__TNA__NC1,ZOO_COMMON_00704,-0.23712905385075472,0.19213424906512333,2.2813798760718917,2.5
Jian et al. 2025,"Gobler, Christopher J. et al., 2018",2018,"Temperature, acidification, and food supply interact to negatively affect the growth and survival of the forage fish, Menidia beryllina (Inland Silverside), and Cyprinodon variegatus (Sheepshead Minnow)",https://www.frontiersin.org/journals/marine-science/articles/10.3389/fmars.2018.00086/full,Zooplankton,Meroplankton,Fish larvae,Menidia beryllina,pH,4,4,392,NA,2164,NA,Percent hatched-Menidia beryllina.,positive,NA,Survival,68.64628821,10.48034934,53.97379913,4.192139738,-0.24046833491494324,0.007335319697882937,Figure 2b,NA,Yes,NA,NA,NA,,1772,NA,Gobler_Christopher_J_et_al_2018,Temperature_acidification_and_food_supply_interact_to_negatively_affect_the_growth_and_survival_of_the_forage_fish_Menidia_beryllina_Inland_Silverside_and_Cyprinodon_variegatus_Sheepshead_Minnow_,Menidia_beryllina,Fish_larvae,2018,392,NA,4,Gobler_Christopher_J_et_al_2018__2018__Temperature_acidification_and_food_supply_interact_to_negatively_affect_the_growth_and_survival_of_the_forage_fish_Menidia_beryllina_Inland_Silverside_and_Cyprinodon_variegatus_Sheepshead_Minnow_,ZOO_STUDY_0186,ZOO_ES_002552,ZOO_STUDY_0186__Menidia_beryllina__Fish_larvae__CO2392.00__TNA__NC4,ZOO_COMMON_00324,-0.24046833491494304,0.007335319697882937,11.675902955873106,3.5
Leung et al. 2022,"Yuan et al., 2018. Sci Rep",NA,NA,NA,Zooplankton,Meroplankton,Coral larvae,Acropora gemmifera,pH,3,3,389,27,1214,27,Larval survival,positive,NA,Survival,70,5.196152422706632,55,20.784609690826528,-0.2411620568168881,0.0373,NA,NA,Yes,NA,NA,NA,,825,0,Yuan_et_al_2018_Sci_Rep,NA,Acropora_gemmifera,Coral_larvae,NA,389,27,3,Yuan_et_al_2018_Sci_Rep__NA__NA,ZOO_STUDY_0555,ZOO_ES_002554,ZOO_STUDY_0555__Acropora_gemmifera__Coral_larvae__CO2389.00__T27.00__NC3,ZOO_COMMON_00966,-0.2411620568168881,0.04944004047900152,4.497390427388317,2
Jian et al. 2025,"Mayo,J. A., et al., 2023",2023,Simultaneous warming and acidificationlimit population fitness and revealphenotype costs for a marine copepod,https://royalsocietypublishing.org/doi/10.1098/rspb.2023.1033,Zooplankton,Holoplankton,Calanoid copepod,Acartia hudsonica,pH,3,3,400,NA,1000,NA,Survival,positive,NA,Survival,0.836666667,0.14,0.656666667,0.153333333,-0.24224921,0.0275,Figure 2,NA,Yes,NA,NA,NA,,600,NA,Mayo_J_A_et_al_2023,Simultaneous_warming_and_acidificationlimit_population_fitness_and_revealphenotype_costs_for_a_marine_copepod,Acartia_hudsonica,Calanoid_copepod,2023,400,NA,3,Mayo_J_A_et_al_2023__2023__Simultaneous_warming_and_acidificationlimit_population_fitness_and_revealphenotype_costs_for_a_marine_copepod,ZOO_STUDY_0340,ZOO_ES_002555,ZOO_STUDY_0340__Acartia_hudsonica__Calanoid_copepod__CO2400.00__TNA__NC3,ZOO_COMMON_00594,-0.24224921028458762,0.02750766351117239,6.02938683601496,2.75
Leung et al. 2022,"Suckling et al., 2015. J Anim Ecol",NA,NA,NA,Zooplankton,Meroplankton,Urchin larvae,Sterechinus neumayeri,pH,3,3,392,-0.3,1405,2.4,Larval survival,positive,NA,Survival,92,13.856406460551018,72,15.588457268119894,-0.24512245803298496,0.150277486,NA,NA,Yes,NA,NA,NA,,1013,2.6999999999999997,Suckling_et_al_2015_J_Anim_Ecol,NA,Sterechinus_neumayeri,Urchin_larvae,NA,392,-0.3,3,Suckling_et_al_2015_J_Anim_Ecol__NA__NA,ZOO_STUDY_0484,ZOO_ES_002592,ZOO_STUDY_0484__Sterechinus_neumayeri__Urchin_larvae__CO2392.00__T-0.30__NC3,ZOO_COMMON_00832,-0.24512245803298496,0.02318643667296786,6.567241614283898,2.75
Leung et al. 2022,Clark et al. 2009. Mar Biol,NA,NA,NA,Zooplankton,Meroplankton,Urchin larvae,Sterechinus neumayeri,pH,3,3,521,-1.9,1380,-1.9,Larval survival,positive,NA,Survival,1.1,0.10911920087683927,0.86,0.036373066958946425,-0.2461330695389086,0.0399,NA,NA,Yes,NA,NA,NA,,859,0,Clark_et_al_2009_Mar_Biol,NA,Sterechinus_neumayeri,Urchin_larvae,NA,521,-1.9,3,Clark_et_al_2009_Mar_Biol__NA__NA,ZOO_STUDY_0090,ZOO_ES_002596,ZOO_STUDY_0090__Sterechinus_neumayeri__Urchin_larvae__CO2521.00__T-1.90__NC3,ZOO_COMMON_00154,-0.2461330695389086,0.0038764335423659866,16.061415921134326,3.5
Leung et al. 2022,"Wessel et al., 2018. J Exp Mar Ecol Biol",NA,NA,NA,Zooplankton,Meroplankton,Gastropod larvae,Haliotis tuberculata,pH,200,200,460,17,1331,17,Larval survival,positive,NA,Survival,96,3,75,5,-0.24686007793152578,2.71e-5,NA,NA,Yes,NA,NA,NA,,871,0,Wessel_et_al_2018_J_Exp_Mar_Ecol_Biol,NA,Haliotis_tuberculata,Gastropod_larvae,NA,460,17,200,Wessel_et_al_2018_J_Exp_Mar_Ecol_Biol__NA__NA,ZOO_STUDY_0542,ZOO_ES_002604,ZOO_STUDY_0542__Haliotis_tuberculata__Gastropod_larvae__CO2460.00__T17.00__NC200,ZOO_COMMON_00946,-0.24686007793152578,2.7105034722222224e-5,192.0768461107415,4.25
Jian et al. 2025,"Thomson, P. G. et al., 2016",2016,Increasing CO2 changes community composition of pico- and nano-sized protists and prokaryotes at a coastal Antarctic site,https://www.int-res.com/abstracts/meps/v554/meps11803,Zooplankton,Holoplankton,Protozooplankton,Heterotrophic nanoflagellates,pH,1,1,84,NA,1849,NA,Abundance-heterotrophic nanoflagellates,positive,NA,Survival,470.2970297,147.2876476,366.3366337,76.510763,-0.249811798,0.141701614,Figure 5,NA,Yes,NA,NA,NA,,1765,NA,Thomson_P_G_et_al_2016,Increasing_CO2_changes_community_composition_of_pico_and_nano_sized_protists_and_prokaryotes_at_a_coastal_Antarctic_site,Heterotrophic_nanoflagellates,Protozooplankton,2016,84,NA,1,Thomson_P_G_et_al_2016__2016__Increasing_CO2_changes_community_composition_of_pico_and_nano_sized_protists_and_prokaryotes_at_a_coastal_Antarctic_site,ZOO_STUDY_0499,ZOO_ES_002605,ZOO_STUDY_0499__Heterotrophic_nanoflagellates__Protozooplankton__CO284.00__TNA__NC1,ZOO_COMMON_00862,-0.2498117982900553,0.14170161398425876,2.6565170127886932,2.5
Jian et al. 2025,"Troedsson, Christofer et al., 2013",2013,"Effects of ocean acidification, temperature and nutrient regimes on the appendicularian Oikopleura dioica: a mesocosm study",https://link.springer.com/article/10.1007/s00227-012-2137-9,Zooplankton,Holoplankton,Rotifer,Rotifers,pH,1,1,350,NA,1000,NA,Abundance-rotifers,positive,NA,Survival,12.31611894,3.129890454,9.577464789,1.564945227,-0.251495966,0.0913,Figure 4,NA,Yes,NA,NA,NA,,650,NA,Troedsson_Christofer_et_al_2013,Effects_of_ocean_acidification_temperature_and_nutrient_regimes_on_the_appendicularian_Oikopleura_dioica_a_mesocosm_study,Rotifers,Rotifer,2013,350,NA,1,Troedsson_Christofer_et_al_2013__2013__Effects_of_ocean_acidification_temperature_and_nutrient_regimes_on_the_appendicularian_Oikopleura_dioica_a_mesocosm_study,ZOO_STUDY_0508,ZOO_ES_002609,ZOO_STUDY_0508__Rotifers__Rotifer__CO2350.00__TNA__NC1,ZOO_COMMON_00882,-0.2514959662151283,0.09128098947278276,3.3098615699822043,2
Leung et al. 2022,"Giltz and Taylor, 2017. J Shellfish Res",NA,NA,NA,Zooplankton,Meroplankton,Crustacean larvae,Callinectes sapidus,pH,4,3,367.7,24,1072.8,24,Larval survival,positive,NA,Survival,22,13.178264933847197,17,8.18535277187245,-0.2578291093020998,0.166981827,NA,NA,Yes,NA,NA,NA,,705.0999999999999,0,Giltz_and_Taylor_2017_J_Shellfish_Res,NA,Callinectes_sapidus,Crustacean_larvae,NA,367.7,24,4,Giltz_and_Taylor_2017_J_Shellfish_Res__NA__NA,ZOO_STUDY_0184,ZOO_ES_002611,ZOO_STUDY_0184__Callinectes_sapidus__Crustacean_larvae__CO2367.70__T24.00__NC4,ZOO_COMMON_00319,-0.2578291093020998,0.16698182676084533,2.4471770778813458,2.5
Leung et al. 2022,"Li et al., 2020. Sci Total Environ",NA,NA,NA,Zooplankton,Meroplankton,Urchin larvae,Strongylocentrotus intermedius,pH,10,10,744.71,20.1,1585.9,20.1,Larval survival (4-armed),positive,NA,Survival,84.4,8.42,65.2,10.21,-0.2581079326693042,0.00345,NA,NA,Yes,NA,NA,NA,,841.19,0,Li_et_al_2020_Sci_Total_Environ,NA,Strongylocentrotus_intermedius,Urchin_larvae,NA,744.71,20.1,10,Li_et_al_2020_Sci_Total_Environ__NA__NA,ZOO_STUDY_0312,ZOO_ES_002612,ZOO_STUDY_0312__Strongylocentrotus_intermedius__Urchin_larvae__CO2744.71__T20.10__NC10,ZOO_COMMON_00539,-0.2581079326693042,0.0034474685634521187,17.031380147024716,3.5
Leung et al. 2022,"Dorey et al., 2018. Aquat Toxicol",NA,NA,NA,Zooplankton,Meroplankton,Urchin larvae,Heliocidaris crassispina,pH,3,2,487,26.279999999999998,2743,26.24,Larval survival,positive,NA,Survival,0.7166666666666667,0.051316014394468826,0.55,0.02828427124746185,-0.26469255422708216,0.0215,NA,NA,Yes,NA,NA,NA,,2256,-0.03999999999999915,Dorey_et_al_2018_Aquat_Toxicol,NA,Heliocidaris_crassispina,Urchin_larvae,NA,487,26.279999999999998,3,Dorey_et_al_2018_Aquat_Toxicol__NA__NA,ZOO_STUDY_0130,ZOO_ES_002614,ZOO_STUDY_0130__Heliocidaris_crassispina__Urchin_larvae__CO2487.00__T26.28__NC3,ZOO_COMMON_00229,-0.26469255422708216,0.0030313459587268466,18.162776884878095,3.5
Ross et al. 2024,Gibbs et al. 2021a,2021,Adult exposure to ocean acidification and warming leads to limited beneficial responses for oyster larvae,https://academic.oup.com/icesjms/article/78/6/2017/6306814,Zooplankton,Meroplankton,Mollusca,Saccostrea glomerata,pH,3,3,400,NA,856,NA,% Mortality of larvae at 9 days of age,negative,NA,Survival,30.68783069,12.83000598,40.21164021,4.582144994,-0.27029033,0.0626,NA,"flip sign because we are looking at mortality, instead of survival; confusing which are the control values and treatment values in the source database",Yes,NA,NA,NA,,456,NA,Gibbs_et_al_2021a,Adult_exposure_to_ocean_acidification_and_warming_leads_to_limited_beneficial_responses_for_oyster_larvae,Saccostrea_glomerata,Mollusca,2021,400,NA,3,Gibbs_et_al_2021a__2021__Adult_exposure_to_ocean_acidification_and_warming_leads_to_limited_beneficial_responses_for_oyster_larvae,ZOO_STUDY_0180,ZOO_ES_002616,ZOO_STUDY_0180__Saccostrea_glomerata__Mollusca__CO2400.00__TNA__NC3,ZOO_COMMON_00311,0.27029032962843264,0.06259222628503167,3.99705202105185,2
Jian et al. 2025,"Thomson, P. G. et al., 2016",2016,Increasing CO2 changes community composition of pico- and nano-sized protists and prokaryotes at a coastal Antarctic site,https://www.int-res.com/abstracts/meps/v554/meps11803,Zooplankton,Holoplankton,Protozooplankton,Heterotrophic nanoflagellates,pH,1,1,84,NA,1942,NA,Abundance-heterotrophic nanoflagellates,positive,NA,Survival,470.2970297,147.2876476,356.4356436,74.44290454,-0.277210772,0.141701614,Figure 5,NA,Yes,NA,NA,NA,,1858,NA,Thomson_P_G_et_al_2016,Increasing_CO2_changes_community_composition_of_pico_and_nano_sized_protists_and_prokaryotes_at_a_coastal_Antarctic_site,Heterotrophic_nanoflagellates,Protozooplankton,2016,84,NA,1,Thomson_P_G_et_al_2016__2016__Increasing_CO2_changes_community_composition_of_pico_and_nano_sized_protists_and_prokaryotes_at_a_coastal_Antarctic_site,ZOO_STUDY_0499,ZOO_ES_002617,ZOO_STUDY_0499__Heterotrophic_nanoflagellates__Protozooplankton__CO284.00__TNA__NC1,ZOO_COMMON_00862,-0.2772107724781698,0.1417016139836253,2.656517012794631,2.5
Ross et al. 2024,Gibbs et al. 2021c,2021,Energetic lipid responses of larval oysters to ocean acidification,https://www.sciencedirect.com/science/article/abs/pii/S0025326X21004756,Zooplankton,Meroplankton,Mollusca,Saccostrea glomerata,pH,3,3,340,NA,856,NA,% Mortality of larvae at 9 days of age,negative,NA,Survival,67.97583,9.4190074,89.75903614,9.390636909,-0.277976503,0.01,NA,"flip sign because we are looking at mortality, instead of survival; confusing which are the control values and treatment values in the source database",Yes,NA,NA,NA,,516,NA,Gibbs_et_al_2021c,Energetic_lipid_responses_of_larval_oysters_to_ocean_acidification,Saccostrea_glomerata,Mollusca,2021,340,NA,3,Gibbs_et_al_2021c__2021__Energetic_lipid_responses_of_larval_oysters_to_ocean_acidification,ZOO_STUDY_0183,ZOO_ES_002618,ZOO_STUDY_0183__Saccostrea_glomerata__Mollusca__CO2340.00__TNA__NC3,ZOO_COMMON_00316,0.27797650271055213,0.010048484439523006,9.975845578355932,3.5
Ross et al. 2024,Gibbs et al. 2021a,2021,Adult exposure to ocean acidification and warming leads to limited beneficial responses for oyster larvae,https://academic.oup.com/icesjms/article/78/6/2017/6306814,Zooplankton,Meroplankton,Mollusca,Saccostrea glomerata,pH,3,3,400,NA,856,NA,% Mortality of larvae at 9 days of age,negative,NA,Survival,14.81481481,7.33143199,19.57671958,2.749286996,-0.278713402,0.0882,NA,"flip sign because we are looking at mortality, instead of survival; confusing which are the control values and treatment values in the source database",Yes,NA,NA,NA,,456,NA,Gibbs_et_al_2021a,Adult_exposure_to_ocean_acidification_and_warming_leads_to_limited_beneficial_responses_for_oyster_larvae,Saccostrea_glomerata,Mollusca,2021,400,NA,3,Gibbs_et_al_2021a__2021__Adult_exposure_to_ocean_acidification_and_warming_leads_to_limited_beneficial_responses_for_oyster_larvae,ZOO_STUDY_0180,ZOO_ES_002619,ZOO_STUDY_0180__Saccostrea_glomerata__Mollusca__CO2400.00__TNA__NC3,ZOO_COMMON_00311,0.2787134029615881,0.08820679482715311,3.367045454339213,2
Jian et al. 2025,"Kurihara, H. et al., 2008",2008,Effects of high CO2 seawater on the copepod (Acartia tsuensis) through all life stages and subsequent generations,https://www.sciencedirect.com/science/article/abs/pii/S0025326X08001781,Zooplankton,Holoplankton,Calanoid copepod,Acartia tsuensis,pH,4,4,380,NA,2380,NA,Survival rate of the Acartia tsuensi,positive,NA,Survival,52.43902439,22.39467849,39.57871397,32.37250554,-0.281359607,0.212846555,Figure 1,NA,Yes,NA,NA,NA,,2000,NA,Kurihara_H_et_al_2008,Effects_of_high_CO2_seawater_on_the_copepod_Acartia_tsuensis_through_all_life_stages_and_subsequent_generations,Acartia_tsuensis,Calanoid_copepod,2008,380,NA,4,Kurihara_H_et_al_2008__2008__Effects_of_high_CO2_seawater_on_the_copepod_Acartia_tsuensis_through_all_life_stages_and_subsequent_generations,ZOO_STUDY_0283,ZOO_ES_002620,ZOO_STUDY_0283__Acartia_tsuensis__Calanoid_copepod__CO2380.00__TNA__NC4,ZOO_COMMON_00487,-0.2813596066813121,0.21284655495198332,2.1675378371057645,2.5
Ross et al. 2024,Gibbs et al. 2021c,2021,Energetic lipid responses of larval oysters to ocean acidification,https://www.sciencedirect.com/science/article/abs/pii/S0025326X21004756,Zooplankton,Meroplankton,Mollusca,Saccostrea glomerata,pH,3,3,340,NA,856,NA,% Mortality of larvae at 9 days of age,negative,NA,Survival,34.13654618,11.12964374,45.58232932,10.78184238,-0.28915158,0.0541,NA,"flip sign because we are looking at mortality, instead of survival; confusing which are the control values and treatment values in the source database",Yes,NA,NA,NA,,516,NA,Gibbs_et_al_2021c,Energetic_lipid_responses_of_larval_oysters_to_ocean_acidification,Saccostrea_glomerata,Mollusca,2021,340,NA,3,Gibbs_et_al_2021c__2021__Energetic_lipid_responses_of_larval_oysters_to_ocean_acidification,ZOO_STUDY_0183,ZOO_ES_002623,ZOO_STUDY_0183__Saccostrea_glomerata__Mollusca__CO2340.00__TNA__NC3,ZOO_COMMON_00316,0.2891515806298762,0.054082218355977964,4.300042533216694,2
Hoppit et al. 2022,"Lewis et al., 2013",NA,NA,NA,Zooplankton,Meroplankton,Annelida,Pomatoceros lamrckii,pH,4,4,323,12,1488,12,Survival,ambiguous,NA,Survival,98.7,0.8,73.5,6.9,-0.29479954,0.00222,"Data from figure 3, Torquay",NA,Yes,NA,NA,NA,,1165,0,Lewis_et_al_2013,NA,Pomatoceros_lamrckii,Annelida,NA,323,12,4,Lewis_et_al_2013__NA__NA,ZOO_STUDY_0304,ZOO_ES_002624,ZOO_STUDY_0304__Pomatoceros_lamrckii__Annelida__CO2323.00__T12.00__NC4,ZOO_COMMON_00530,-0.294799540220645,0.0022196729013264074,21.225381748895096,4.25
Leung et al. 2022,Suwa et al. 2010. Fish Sci,NA,NA,NA,Zooplankton,Meroplankton,Coral larvae,Acropora digitifera,pH,10,10,400,26.8,2115,26.8,Larval survial,positive,NA,Survival,58,7,43,7,-0.2992428948528569,0.00411,NA,NA,Yes,NA,NA,NA,,1715,0,Suwa_et_al_2010_Fish_Sci,NA,Acropora_digitifera,Coral_larvae,NA,400,26.8,10,Suwa_et_al_2010_Fish_Sci__NA__NA,ZOO_STUDY_0488,ZOO_ES_002625,ZOO_STUDY_0488__Acropora_digitifera__Coral_larvae__CO2400.00__T26.80__NC10,ZOO_COMMON_00838,-0.2992428948528569,0.004106680411496011,15.604668484267691,3.5
Hoppit et al. 2022,"Pereira et al., 2016a",NA,NA,NA,Zooplankton,Meroplankton,Decapod,Cancer pagurus,pH,3,3,890,22.08,2344,22.21,Survival,ambiguous,NA,Survival,9.67,0.65,7.16,0.41,-0.300518328,0.0026,Data from figure 4d,NA,Yes,NA,NA,NA,,1454,0.13000000000000256,Pereira_et_al_2016a,NA,Cancer_pagurus,Decapod,NA,890,22.08,3,Pereira_et_al_2016a__NA__NA,ZOO_STUDY_0415,ZOO_ES_002626,ZOO_STUDY_0415__Cancer_pagurus__Decapod__CO2890.00__T22.08__NC3,ZOO_COMMON_00716,-0.3005183284926487,0.002599096132821754,19.615023305529895,4.25
Jian et al. 2025,"Niehoff, B. et al., 2013",2013,Mesozooplankton community development at elevated CO2 concentrations: results from a mesocosm experiment in an Arctic fjord,https://bg.copernicus.org/articles/10/1391/2013/,Zooplankton,Holoplankton,Other zooplankton,Total zooplankton,pH,1,1,185,NA,1420,NA,Abundance,positive,NA,Survival,1.895348333,0.23341827,1.402616667,0.217355225,-0.301063099,0.0392,Figure 1,NA,Yes,NA,NA,NA,,1235,NA,Niehoff_B_et_al_2013,Mesozooplankton_community_development_at_elevated_CO2_concentrations_results_from_a_mesocosm_experiment_in_an_Arctic_fjord,Total_zooplankton,Other_zooplankton,2013,185,NA,1,Niehoff_B_et_al_2013__2013__Mesozooplankton_community_development_at_elevated_CO2_concentrations_results_from_a_mesocosm_experiment_in_an_Arctic_fjord,ZOO_STUDY_0371,ZOO_ES_002627,ZOO_STUDY_0371__Total_zooplankton__Other_zooplankton__CO2185.00__TNA__NC1,ZOO_COMMON_00647,-0.3010630985469095,0.03918058947172424,5.052013671696222,2.75
Jian et al. 2025,"Troedsson, Christofer et al., 2013",2013,"Effects of ocean acidification, temperature and nutrient regimes on the appendicularian Oikopleura dioica: a mesocosm study",https://link.springer.com/article/10.1007/s00227-012-2137-9,Zooplankton,Holoplankton,Other zooplankton,Others,pH,1,1,350,NA,1000,NA,Abundance-others,positive,NA,Survival,4.491392801,1.564945227,3.317683881,1.956181534,-0.302895941,0.469059757,Figure 4,NA,Yes,NA,NA,NA,,650,NA,Troedsson_Christofer_et_al_2013,Effects_of_ocean_acidification_temperature_and_nutrient_regimes_on_the_appendicularian_Oikopleura_dioica_a_mesocosm_study,Others,Other_zooplankton,2013,350,NA,1,Troedsson_Christofer_et_al_2013__2013__Effects_of_ocean_acidification_temperature_and_nutrient_regimes_on_the_appendicularian_Oikopleura_dioica_a_mesocosm_study,ZOO_STUDY_0508,ZOO_ES_002628,ZOO_STUDY_0508__Others__Other_zooplankton__CO2350.00__TNA__NC1,ZOO_COMMON_00880,-0.3028959410508507,0.46905975701977554,1.4601111347017675,2.5
Hoppit et al. 2022,"Eriander et al., 2016",NA,NA,NA,Zooplankton,Meroplankton,Arthropoda,Balanus improvisus,pH,7,7,380,19,970,19,Survival,ambiguous,NA,Survival,76.5,9.7,56.3,12.8,-0.306596206,0.00968,"Data from figure 3, stable OA batch 3",NA,Yes,NA,NA,NA,,590,0,Eriander_et_al_2016,NA,Balanus_improvisus,Arthropoda,NA,380,19,7,Eriander_et_al_2016__NA__NA,ZOO_STUDY_0141,ZOO_ES_002629,ZOO_STUDY_0141__Balanus_improvisus__Arthropoda__CO2380.00__T19.00__NC7,ZOO_COMMON_00243,-0.30659620568684554,0.009681024915103364,10.163407317460376,3.5
Jian et al. 2025,"Lewis, Ceri N. et al., 2013",2013,Sensitivity to ocean acidification parallels natural Pco2 gradients experienced by Arctic copepods under winter sea ice,https://www.pnas.org/doi/10.1073/pnas.1315162110,Zooplankton,Holoplankton,Calanoid copepod,>250 um nauplii,pH,3,3,370,NA,1000,NA,Survival- large (>250 μm) nauplii,positive,NA,Survival,79.55556,9.426120953,58.22222,10.99715289,-0.312188577,0.0166,Figure 4,NA,Yes,NA,NA,NA,,630,NA,Lewis_Ceri_N_et_al_2013,Sensitivity_to_ocean_acidification_parallels_natural_Pco2_gradients_experienced_by_Arctic_copepods_under_winter_sea_ice,_250_um_nauplii,Calanoid_copepod,2013,370,NA,3,Lewis_Ceri_N_et_al_2013__2013__Sensitivity_to_ocean_acidification_parallels_natural_Pco2_gradients_experienced_by_Arctic_copepods_under_winter_sea_ice,ZOO_STUDY_0303,ZOO_ES_002631,ZOO_STUDY_0303___250_um_nauplii__Calanoid_copepod__CO2370.00__TNA__NC3,ZOO_COMMON_00526,-0.3121885766734633,0.016571733176198995,7.768121934474715,2.75
Jian et al. 2025,"Niehoff, B. et al., 2013",2013,Mesozooplankton community development at elevated CO2 concentrations: results from a mesocosm experiment in an Arctic fjord,https://bg.copernicus.org/articles/10/1391/2013/,Zooplankton,Holoplankton,Other zooplankton,Total zooplankton,pH,1,1,185,NA,480,NA,Abundance,positive,NA,Survival,1.895348333,0.23341827,1.385176667,0.214652651,-0.31357495,0.0392,Figure 1,NA,Yes,NA,NA,NA,,295,NA,Niehoff_B_et_al_2013,Mesozooplankton_community_development_at_elevated_CO2_concentrations_results_from_a_mesocosm_experiment_in_an_Arctic_fjord,Total_zooplankton,Other_zooplankton,2013,185,NA,1,Niehoff_B_et_al_2013__2013__Mesozooplankton_community_development_at_elevated_CO2_concentrations_results_from_a_mesocosm_experiment_in_an_Arctic_fjord,ZOO_STUDY_0371,ZOO_ES_002632,ZOO_STUDY_0371__Total_zooplankton__Other_zooplankton__CO2185.00__TNA__NC1,ZOO_COMMON_00647,-0.31357494962340904,0.03918058943787381,5.052013673878588,2.75
Leung et al. 2022,"Talmage and Gobler, 2011. Plos One",NA,NA,NA,Zooplankton,Meroplankton,Bivalve larvae,Argopecten irradians,pH,4,4,375.3,24.7,771.6,24.7,Survival of larvae,positive,NA,Survival,73,1.5,53,3,-0.32016752759626926,9.07e-4,NA,NA,Yes,NA,NA,NA,,396.3,0,Talmage_and_Gobler_2011_Plos_One,NA,Argopecten_irradians,Bivalve_larvae,NA,375.3,24.7,4,Talmage_and_Gobler_2011_Plos_One__NA__NA,ZOO_STUDY_0494,ZOO_ES_002635,ZOO_STUDY_0494__Argopecten_irradians__Bivalve_larvae__CO2375.30__T24.70__NC4,ZOO_COMMON_00850,-0.32016752759626926,9.065513090546625e-4,33.2126711432169,4.25
Leung et al. 2022,"Gobler and Talmage, 2014. Conserv Physiol",NA,NA,NA,Zooplankton,Meroplankton,Bivalve larvae,Crassostrea virginica,pH,4,4,934,24,1430,24,Larval survival,positive,NA,Survival,29,0.81,21,1.7,-0.322773392263051,0.0211,NA,NA,Yes,NA,NA,NA,,496,0,Gobler_and_Talmage_2014_Conserv_Physiol,NA,Crassostrea_virginica,Bivalve_larvae,NA,934,24,4,Gobler_and_Talmage_2014_Conserv_Physiol__NA__NA,ZOO_STUDY_0188,ZOO_ES_002636,ZOO_STUDY_0188__Crassostrea_virginica__Bivalve_larvae__CO2934.00__T24.00__NC4,ZOO_COMMON_00334,-0.322773392263051,0.0018333576672841152,23.354813330393245,4.25
Leung et al. 2022,"Thomsen et al., 2017. Sci Adv",NA,NA,NA,Zooplankton,Meroplankton,Bivalve larvae,Mytilus edulis,pH,48,48,390,15.5,2400,15.5,Larval survival,positive,NA,Survival,9,6,6.5,5.5,-0.325422400434628,2.52e-4,NA,NA,Yes,NA,NA,NA,,2010,0,Thomsen_et_al_2017_Sci_Adv,NA,Mytilus_edulis,Bivalve_larvae,NA,390,15.5,48,Thomsen_et_al_2017_Sci_Adv__NA__NA,ZOO_STUDY_0498,ZOO_ES_002685,ZOO_STUDY_0498__Mytilus_edulis__Bivalve_larvae__CO2390.00__T15.50__NC48,ZOO_COMMON_00860,-0.325422400434628,0.024175432829278982,6.431508839223382,2.75
Jian et al. 2025,"Lewis, Ceri N. et al., 2013",2013,Sensitivity to ocean acidification parallels natural Pco2 gradients experienced by Arctic copepods under winter sea ice,https://www.pnas.org/doi/10.1073/pnas.1315162110,Zooplankton,Holoplankton,Non-calanoid copepod,<60 um nauplii,pH,3,3,370,NA,700,NA,Survival- small (<60 μm) nauplii,positive,NA,Survival,83.11111,5.498572029,60,9.42612979,-0.325833825,0.00969,Figure 4,NA,Yes,NA,NA,NA,,330,NA,Lewis_Ceri_N_et_al_2013,Sensitivity_to_ocean_acidification_parallels_natural_Pco2_gradients_experienced_by_Arctic_copepods_under_winter_sea_ice,_60_um_nauplii,Non_calanoid_copepod,2013,370,NA,3,Lewis_Ceri_N_et_al_2013__2013__Sensitivity_to_ocean_acidification_parallels_natural_Pco2_gradients_experienced_by_Arctic_copepods_under_winter_sea_ice,ZOO_STUDY_0303,ZOO_ES_002686,ZOO_STUDY_0303___60_um_nauplii__Non_calanoid_copepod__CO2370.00__TNA__NC3,ZOO_COMMON_00527,-0.3258338250471731,0.009686047108469577,10.160772124056939,3.5
Leung et al. 2022,"Campanati et al., 2018. Mar Environ Res",NA,NA,NA,Zooplankton,Meroplankton,Bivalve larvae,Saccostrea cucullata,pH,4,4,404.35,28.419999999999998,1843.6,28.36,Larval mortality,negative,NA,Survival,32,6,23,7,-0.33024168687057687,0.15158677,NA,NA,Yes,NA,NA,NA,,1439.25,-0.05999999999999872,Campanati_et_al_2018_Mar_Environ_Res,NA,Saccostrea_cucullata,Bivalve_larvae,NA,404.35,28.419999999999998,4,Campanati_et_al_2018_Mar_Environ_Res__NA__NA,ZOO_STUDY_0066,ZOO_ES_002689,ZOO_STUDY_0066__Saccostrea_cucullata__Bivalve_larvae__CO2404.35__T28.42__NC4,ZOO_COMMON_00103,-0.33024168687057687,0.03194596231096408,5.594895927982763,2.75
Jian et al. 2025,"Thomson, P. G. et al., 2016",2016,Increasing CO2 changes community composition of pico- and nano-sized protists and prokaryotes at a coastal Antarctic site,https://www.int-res.com/abstracts/meps/v554/meps11803,Zooplankton,Holoplankton,Protozooplankton,Heterotrophic nanoflagellates,pH,1,1,84,NA,1281,NA,Abundance-heterotrophic nanoflagellates,positive,NA,Survival,470.2970297,147.2876476,336.6336634,70.30718762,-0.334369186,0.141701614,Figure 5,NA,Yes,NA,NA,NA,,1197,NA,Thomson_P_G_et_al_2016,Increasing_CO2_changes_community_composition_of_pico_and_nano_sized_protists_and_prokaryotes_at_a_coastal_Antarctic_site,Heterotrophic_nanoflagellates,Protozooplankton,2016,84,NA,1,Thomson_P_G_et_al_2016__2016__Increasing_CO2_changes_community_composition_of_pico_and_nano_sized_protists_and_prokaryotes_at_a_coastal_Antarctic_site,ZOO_STUDY_0499,ZOO_ES_002697,ZOO_STUDY_0499__Heterotrophic_nanoflagellates__Protozooplankton__CO284.00__TNA__NC1,ZOO_COMMON_00862,-0.3343691863181184,0.14170161398224657,2.656517012807555,2.5
Jian et al. 2025,"Paul, C., et al., 2016",2016,Effects of increased CO2 concentration on nutrient limited coastal summer plankton depend on temperature,https://aslopubs.onlinelibrary.wiley.com/doi/10.1002/lno.10256,Zooplankton,Holoplankton,Other zooplankton,Total zooplankton,pH,1,1,500,NA,3000,NA,Abundance,positive,NA,Survival,133.333,37.52147957,94.8148,31.86421274,-0.340924243,0.192134249,Figure 1,NA,Yes,NA,NA,NA,,2500,NA,Paul_C_et_al_2016,Effects_of_increased_CO2_concentration_on_nutrient_limited_coastal_summer_plankton_depend_on_temperature,Total_zooplankton,Other_zooplankton,2016,500,NA,1,Paul_C_et_al_2016__2016__Effects_of_increased_CO2_concentration_on_nutrient_limited_coastal_summer_plankton_depend_on_temperature,ZOO_STUDY_0409,ZOO_ES_002706,ZOO_STUDY_0409__Total_zooplankton__Other_zooplankton__CO2500.00__TNA__NC1,ZOO_COMMON_00704,-0.3409242432174804,0.1921342490457985,2.281379876186622,2.5
Leung et al. 2022,"Yuan et al., 2018. Sci Rep",NA,NA,NA,Zooplankton,Meroplankton,Coral larvae,Acropora gemmifera,pH,3,3,389,27,700,27,Larval survival,positive,NA,Survival,70,5.196152422706632,49,41.569219381653056,-0.35667494393873245,0.081,NA,NA,Yes,NA,NA,NA,,311,0,Yuan_et_al_2018_Sci_Rep,NA,Acropora_gemmifera,Coral_larvae,NA,389,27,3,Yuan_et_al_2018_Sci_Rep__NA__NA,ZOO_STUDY_0555,ZOO_ES_002708,ZOO_STUDY_0555__Acropora_gemmifera__Coral_larvae__CO2389.00__T27.00__NC3,ZOO_COMMON_00966,-0.35667494393873245,0.24173677634319032,2.0338955065545643,2.5
Leung et al. 2022,"Zhang et al., 2014. Mat Pollut Bull",NA,NA,NA,Zooplankton,Meroplankton,Gastropod larvae,Nassarius conoidalis,pH,3,3,366,15.5,1260,15.5,Larval survival,positive,NA,Survival,80,8,56,11,-0.35667494393873245,0.00581,NA,NA,Yes,NA,NA,NA,,894,0,Zhang_et_al_2014_Mat_Pollut_Bull,NA,Nassarius_conoidalis,Gastropod_larvae,NA,366,15.5,3,Zhang_et_al_2014_Mat_Pollut_Bull__NA__NA,ZOO_STUDY_0562,ZOO_ES_002712,ZOO_STUDY_0562__Nassarius_conoidalis__Gastropod_larvae__CO2366.00__T15.50__NC3,ZOO_COMMON_00977,-0.35667494393873245,0.016194727891156464,7.858020769725185,2.75
Leung et al. 2022,"Zhan et al., 2017. Aquacult Int",NA,NA,NA,Zooplankton,Meroplankton,Urchin larvae,Hemicentrotus pulcherrimus,pH,3,3,404.5,12.56,871.4,12.56,Larval survival,positive,NA,Survival,91.11,1.84,63.67,9.02,-0.35835407369683303,0.0244,NA,NA,Yes,NA,NA,NA,,466.9,0,Zhan_et_al_2017_Aquacult_Int,NA,Hemicentrotus_pulcherrimus,Urchin_larvae,NA,404.5,12.56,3,Zhan_et_al_2017_Aquacult_Int__NA__NA,ZOO_STUDY_0558,ZOO_ES_002718,ZOO_STUDY_0558__Hemicentrotus_pulcherrimus__Urchin_larvae__CO2404.50__T12.56__NC3,ZOO_COMMON_00970,-0.35835407369683303,0.006825889393361992,12.10376203396776,3.5
Jian et al. 2025,"Westwood, K. J. et al., 2018",2018,Ocean acidification impacts primary and bacterial production in Antarctic coastal waters during austral summer,https://www.sciencedirect.com/science/article/abs/pii/S0022098116303707,Zooplankton,Holoplankton,Protozooplankton,Heterotrophic nanoflagellate,pH,1,1,195,NA,780,NA,Abundance-heterotrophic nanoflagellate,positive,NA,Survival,0.47029703,0.147287648,0.327970297,0.068497811,-0.360441427,0.141701614,Figure 8,NA,Yes,NA,NA,NA,,585,NA,Westwood_K_J_et_al_2018,Ocean_acidification_impacts_primary_and_bacterial_production_in_Antarctic_coastal_waters_during_austral_summer,Heterotrophic_nanoflagellate,Protozooplankton,2018,195,NA,1,Westwood_K_J_et_al_2018__2018__Ocean_acidification_impacts_primary_and_bacterial_production_in_Antarctic_coastal_waters_during_austral_summer,ZOO_STUDY_0543,ZOO_ES_002719,ZOO_STUDY_0543__Heterotrophic_nanoflagellate__Protozooplankton__CO2195.00__TNA__NC1,ZOO_COMMON_00947,-0.3604414274563542,0.14170161381040572,2.6565170144183274,2
Hoppit et al. 2022,"Lewis et al., 2013",NA,NA,NA,Zooplankton,Meroplankton,Annelida,Pomatoceros lamrckii,pH,4,4,323,12,1488,12,Survival,ambiguous,NA,Survival,79.7,1.3,55.5,2.5,-0.361886565,5.74e-4,"Data from figure 3, Plymouth",NA,Yes,NA,NA,NA,,1165,0,Lewis_et_al_2013,NA,Pomatoceros_lamrckii,Annelida,NA,323,12,4,Lewis_et_al_2013__NA__NA,ZOO_STUDY_0304,ZOO_ES_002720,ZOO_STUDY_0304__Pomatoceros_lamrckii__Annelida__CO2323.00__T12.00__NC4,ZOO_COMMON_00530,-0.36188656504378053,5.737775619899542e-4,41.74728334956688,4.25
Leung et al. 2022,"White et al., 2013. Plos One",NA,NA,NA,Zooplankton,Meroplankton,Bivalve larvae,Argopecten irradians,pH,5,5,509,22.4,1987,22.5,Larval survival,positive,NA,Survival,10.3,2.2,7,2.5,-0.3862337461802769,0.0346,NA,NA,Yes,NA,NA,NA,,1478,0.10000000000000142,White_et_al_2013_Plos_One,NA,Argopecten_irradians,Bivalve_larvae,NA,509,22.4,5,White_et_al_2013_Plos_One__NA__NA,ZOO_STUDY_0544,ZOO_ES_002732,ZOO_STUDY_0544__Argopecten_irradians__Bivalve_larvae__CO2509.00__T22.40__NC5,ZOO_COMMON_00948,-0.3862337461802769,0.0346345324820474,5.373352540893075,2.75
Jian et al. 2025,"Thomson, P. G. et al., 2016",2016,Increasing CO2 changes community composition of pico- and nano-sized protists and prokaryotes at a coastal Antarctic site,https://www.int-res.com/abstracts/meps/v554/meps11803,Zooplankton,Holoplankton,Protozooplankton,Heterotrophic nanoflagellates,pH,1,1,250,NA,474,NA,Abundance-heterotrophic nanoflagellates,positive,NA,Survival,1925.742574,603.1041568,1301.980198,271.9233874,-0.391425311,0.141701614,Figure 5,NA,Yes,NA,NA,NA,,224,NA,Thomson_P_G_et_al_2016,Increasing_CO2_changes_community_composition_of_pico_and_nano_sized_protists_and_prokaryotes_at_a_coastal_Antarctic_site,Heterotrophic_nanoflagellates,Protozooplankton,2016,250,NA,1,Thomson_P_G_et_al_2016__2016__Increasing_CO2_changes_community_composition_of_pico_and_nano_sized_protists_and_prokaryotes_at_a_coastal_Antarctic_site,ZOO_STUDY_0499,ZOO_ES_002733,ZOO_STUDY_0499__Heterotrophic_nanoflagellates__Protozooplankton__CO2250.00__TNA__NC1,ZOO_COMMON_00861,-0.3914253113222148,0.14170161394337882,2.6565170131718867,2
Jian et al. 2025,"Gobler, Christopher J. et al., 2018",2018,"Temperature, acidification, and food supply interact to negatively affect the growth and survival of the forage fish, Menidia beryllina (Inland Silverside), and Cyprinodon variegatus (Sheepshead Minnow)",https://www.frontiersin.org/journals/marine-science/articles/10.3389/fmars.2018.00086/full,Zooplankton,Meroplankton,Fish larvae,Menidia beryllina,pH,4,4,381,NA,2410,NA,Percent survival-Menidia beryllina.(fed),positive,NA,Survival,73.45132743,8.849557522,49.55752212,16.81415929,-0.3934889170906226,0.03240767270363386,Figure 4,NA,Yes,NA,NA,NA,,2029,NA,Gobler_Christopher_J_et_al_2018,Temperature_acidification_and_food_supply_interact_to_negatively_affect_the_growth_and_survival_of_the_forage_fish_Menidia_beryllina_Inland_Silverside_and_Cyprinodon_variegatus_Sheepshead_Minnow_,Menidia_beryllina,Fish_larvae,2018,381,NA,4,Gobler_Christopher_J_et_al_2018__2018__Temperature_acidification_and_food_supply_interact_to_negatively_affect_the_growth_and_survival_of_the_forage_fish_Menidia_beryllina_Inland_Silverside_and_Cyprinodon_variegatus_Sheepshead_Minnow_,ZOO_STUDY_0186,ZOO_ES_002734,ZOO_STUDY_0186__Menidia_beryllina__Fish_larvae__CO2381.00__TNA__NC4,ZOO_COMMON_00322,-0.39348891709062267,0.03240767270363386,5.554897861697323,2.75
Jian et al. 2025,"Troedsson, Christofer et al., 2013",2013,"Effects of ocean acidification, temperature and nutrient regimes on the appendicularian Oikopleura dioica: a mesocosm study",https://link.springer.com/article/10.1007/s00227-012-2137-9,Zooplankton,Holoplankton,Non-calanoid copepod,Harpacticoids,pH,1,1,350,NA,1000,NA,Abundance-harpacticoids,positive,NA,Survival,9.577464789,1.956181534,6.447574335,1.564945227,-0.395708933,0.100629639,Figure 4,NA,Yes,NA,NA,NA,,650,NA,Troedsson_Christofer_et_al_2013,Effects_of_ocean_acidification_temperature_and_nutrient_regimes_on_the_appendicularian_Oikopleura_dioica_a_mesocosm_study,Harpacticoids,Non_calanoid_copepod,2013,350,NA,1,Troedsson_Christofer_et_al_2013__2013__Effects_of_ocean_acidification_temperature_and_nutrient_regimes_on_the_appendicularian_Oikopleura_dioica_a_mesocosm_study,ZOO_STUDY_0508,ZOO_ES_002737,ZOO_STUDY_0508__Harpacticoids__Non_calanoid_copepod__CO2350.00__TNA__NC1,ZOO_COMMON_00879,-0.3957089331749642,0.100629639357009,3.1523689551604352,2
Jian et al. 2025,"Westwood, K. J. et al., 2018",2018,Ocean acidification impacts primary and bacterial production in Antarctic coastal waters during austral summer,https://www.sciencedirect.com/science/article/abs/pii/S0022098116303707,Zooplankton,Holoplankton,Protozooplankton,Heterotrophic nanoflagellate,pH,1,1,195,NA,390,NA,Abundance-heterotrophic nanoflagellate,positive,NA,Survival,1.92450495,0.602716558,1.293316832,0.270114011,-0.39745866,0.141701614,Figure 8,NA,Yes,NA,NA,NA,,195,NA,Westwood_K_J_et_al_2018,Ocean_acidification_impacts_primary_and_bacterial_production_in_Antarctic_coastal_waters_during_austral_summer,Heterotrophic_nanoflagellate,Protozooplankton,2018,195,NA,1,Westwood_K_J_et_al_2018__2018__Ocean_acidification_impacts_primary_and_bacterial_production_in_Antarctic_coastal_waters_during_austral_summer,ZOO_STUDY_0543,ZOO_ES_002738,ZOO_STUDY_0543__Heterotrophic_nanoflagellate__Protozooplankton__CO2195.00__TNA__NC1,ZOO_COMMON_00947,-0.3974586597122124,0.14170161395347586,2.6565170130772406,2
Hoppit et al. 2022,"Bechmann et al., 2011",NA,NA,NA,Zooplankton,Meroplankton,Decapod,Pandalus borealis,pH,1600,1600,375,5,1312,5,Survival,ambiguous,NA,Survival,37.5,12.5,25.1,12.7,-0.401473087,2.29e-4,"Data from figure 4, pg 431 (converted from mortality to survival)",NA,Yes,NA,NA,NA,,937,0,Bechmann_et_al_2011,NA,Pandalus_borealis,Decapod,NA,375,5,1600,Bechmann_et_al_2011__NA__NA,ZOO_STUDY_0035,ZOO_ES_002757,ZOO_STUDY_0035__Pandalus_borealis__Decapod__CO2375.00__T5.00__NC1600,ZOO_COMMON_00051,-0.4014730868386269,2.2945182527966924e-4,66.01676540569034,4.25
Hoppit et al. 2022,"Sperfeld et al., 2014",2014,NA,NA,Zooplankton,Holoplankton,Other zooplankton,Nyctiphanes couchii,pH,18,18,430,7.9,1128,7.9,Survival,positive,NA,Survival,0.184,0.1,0.123,0.081,-0.402751402,0.0405,Data from figure 2b,NA,Yes,NA,NA,NA,,698,0,Sperfeld_et_al_2014,NA,Nyctiphanes_couchii,Other_zooplankton,2014,430,7.9,18,Sperfeld_et_al_2014__2014__NA,ZOO_STUDY_0477,ZOO_ES_002762,ZOO_STUDY_0477__Nyctiphanes_couchii__Other_zooplankton__CO2430.00__T7.90__NC18,ZOO_COMMON_00825,-0.4027514022365682,0.04050216968350697,4.968906853569147,2.75
Ross et al. 2024,Gibbs et al. 2021c,2021,Energetic lipid responses of larval oysters to ocean acidification,https://www.sciencedirect.com/science/article/abs/pii/S0025326X21004756,Zooplankton,Meroplankton,Mollusca,Saccostrea glomerata,pH,3,3,340,NA,856,NA,% Mortality of larvae at 9 days of age,negative,NA,Survival,13.65461847,5.912623239,20.48192771,8.695034175,-0.405465108,0.122573049,NA,"flip sign because we are looking at mortality, instead of survival; confusing which are the control values and treatment values in the source database",Yes,NA,NA,NA,,516,NA,Gibbs_et_al_2021c,Energetic_lipid_responses_of_larval_oysters_to_ocean_acidification,Saccostrea_glomerata,Mollusca,2021,340,NA,3,Gibbs_et_al_2021c__2021__Energetic_lipid_responses_of_larval_oysters_to_ocean_acidification,ZOO_STUDY_0183,ZOO_ES_002765,ZOO_STUDY_0183__Saccostrea_glomerata__Mollusca__CO2340.00__TNA__NC3,ZOO_COMMON_00316,0.405465108352282,0.1225730488808801,2.8562913559548955,2
Leung et al. 2022,"Talmage and Gobler, 2011. Plos One",NA,NA,NA,Zooplankton,Meroplankton,Bivalve larvae,Mercenaria mercenaria,pH,4,4,375.3,24.7,771.6,24.7,Survival of larvae,positive,NA,Survival,30,2.5,20,0.3,-0.40546510810816444,9.47e-4,NA,NA,Yes,NA,NA,NA,,396.3,0,Talmage_and_Gobler_2011_Plos_One,NA,Mercenaria_mercenaria,Bivalve_larvae,NA,375.3,24.7,4,Talmage_and_Gobler_2011_Plos_One__NA__NA,ZOO_STUDY_0494,ZOO_ES_002779,ZOO_STUDY_0494__Mercenaria_mercenaria__Bivalve_larvae__CO2375.30__T24.70__NC4,ZOO_COMMON_00854,-0.40546510810816444,0.0017923611111111111,23.62039977536869,4.25
Leung et al. 2022,"Flores-Higuera et al., 2020. J Shellfish Res",NA,NA,NA,Zooplankton,Meroplankton,Bivalve larvae,Crassostrea sikamea,pH,5,5,263.96999999999997,25,1864.46,25,Larval mortality,negative,NA,Survival,57.25,3.13,37.67,5.35,-0.4185636207303994,0.00463,NA,NA,Yes,NA,NA,NA,,1600.49,0,Flores_Higuera_et_al_2020_J_Shellfish_Res,NA,Crassostrea_sikamea,Bivalve_larvae,NA,263.96999999999997,25,5,Flores_Higuera_et_al_2020_J_Shellfish_Res__NA__NA,ZOO_STUDY_0149,ZOO_ES_002847,ZOO_STUDY_0149__Crassostrea_sikamea__Bivalve_larvae__CO2263.97__T25.00__NC5,ZOO_COMMON_00254,-0.4185636207303994,0.004631913051548012,14.69331539123615,3.5
Leung et al. 2022,"Gonzalez-Bernat et al., 2013. Mar Biol",NA,NA,NA,Zooplankton,Meroplankton,Urchin larvae,Arachnoides placenta,pH,4,4,525.7,26,1891.5,26,Larval survival,positive,NA,Survival,0.67,0.22,0.44,0.12,-0.42050298547270487,0.589454778,NA,NA,Yes,NA,NA,NA,,1365.8,0,Gonzalez_Bernat_et_al_2013_Mar_Biol,NA,Arachnoides_placenta,Urchin_larvae,NA,525.7,26,4,Gonzalez_Bernat_et_al_2013_Mar_Biol__NA__NA,ZOO_STUDY_0192,ZOO_ES_002875,ZOO_STUDY_0192__Arachnoides_placenta__Urchin_larvae__CO2525.70__T26.00__NC4,ZOO_COMMON_00341,-0.42050298547270487,0.045549819669384664,4.685507841378808,2
Leung et al. 2022,"Gobler and Talmage, 2014. Conserv Physiol",NA,NA,NA,Zooplankton,Meroplankton,Bivalve larvae,Crassostrea virginica,pH,4,4,394,24,745,24,Larval survival,positive,NA,Survival,29,0.81,19,5.5,-0.4228568508200336,0.00183,NA,NA,Yes,NA,NA,NA,,351,0,Gobler_and_Talmage_2014_Conserv_Physiol,NA,Crassostrea_virginica,Bivalve_larvae,NA,394,24,4,Gobler_and_Talmage_2014_Conserv_Physiol__NA__NA,ZOO_STUDY_0188,ZOO_ES_002895,ZOO_STUDY_0188__Crassostrea_virginica__Bivalve_larvae__CO2394.00__T24.00__NC4,ZOO_COMMON_00333,-0.4228568508200336,0.021143789134423142,6.87715148095976,2.75
Jian et al. 2025,"Lewis, Ceri N. et al., 2013",2013,Sensitivity to ocean acidification parallels natural Pco2 gradients experienced by Arctic copepods under winter sea ice,https://www.pnas.org/doi/10.1073/pnas.1315162110,Zooplankton,Holoplankton,Non-calanoid copepod,Adult Oithona,pH,3,3,370,NA,700,NA,Survival- adult O. similis,positive,NA,Survival,95.28509,3.140172766,62.28882,4.037375084,-0.42509139,0.00176,Figure 4,NA,Yes,NA,NA,NA,,330,NA,Lewis_Ceri_N_et_al_2013,Sensitivity_to_ocean_acidification_parallels_natural_Pco2_gradients_experienced_by_Arctic_copepods_under_winter_sea_ice,Adult_Oithona,Non_calanoid_copepod,2013,370,NA,3,Lewis_Ceri_N_et_al_2013__2013__Sensitivity_to_ocean_acidification_parallels_natural_Pco2_gradients_experienced_by_Arctic_copepods_under_winter_sea_ice,ZOO_STUDY_0303,ZOO_ES_002896,ZOO_STUDY_0303__Adult_Oithona__Non_calanoid_copepod__CO2370.00__TNA__NC3,ZOO_COMMON_00525,-0.4250913896787551,0.001762437747895724,23.82007403732201,4.25
Leung et al. 2022,"Doropoulos and Diaz-Pulido, 2013. Mar Ecol Prog Ser",NA,NA,NA,Zooplankton,Meroplankton,Coral larvae,Acartia tonsa,pH,6,6,447,26.6,1214,26.6,Larval survival,positive,NA,Survival,17.462789424693018,8.403578521289234,11.27129517347046,6.731354084654636,-0.4378130548423198,0.126223401,NA,NA,Yes,NA,NA,NA,,767,0,Doropoulos_and_Diaz_Pulido_2013_Mar_Ecol_Prog_Ser,NA,Acartia_tonsa,Coral_larvae,NA,447,26.6,6,Doropoulos_and_Diaz_Pulido_2013_Mar_Ecol_Prog_Ser__NA__NA,ZOO_STUDY_0132,ZOO_ES_002917,ZOO_STUDY_0132__Acartia_tonsa__Coral_larvae__CO2447.00__T26.60__NC6,ZOO_COMMON_00231,-0.4378130548423198,0.09804040744503169,3.193724473232797,2
Hamraj et al. 2021,"Oh et al.,2017",2017,Effect of increased pCO₂ in seawater on survival rate of different developmental stages of the harpacticoid copepod Tigriopus japonicus,https://www.tandfonline.com/doi/abs/10.1080/19768354.2017.1326981?,Zooplankton,Holoplankton,Non-calanoid copepod,Tigriopus japonicus,pH,30,30,400,NA,1550,NA,Survival,ambiguous,NA,Survival,59.57877,78.73765,37.850468,57.477978,-0.4536559581563438,NA,NA,NA,Yes,NA,NA,NA,,1150,NA,Oh_et_al_2017,Effect_of_increased_pCO_in_seawater_on_survival_rate_of_different_developmental_stages_of_the_harpacticoid_copepod_Tigriopus_japonicus,Tigriopus_japonicus,Non_calanoid_copepod,2017,400,NA,30,Oh_et_al_2017__2017__Effect_of_increased_pCO_in_seawater_on_survival_rate_of_different_developmental_stages_of_the_harpacticoid_copepod_Tigriopus_japonicus,ZOO_STUDY_0380,ZOO_ES_002922,ZOO_STUDY_0380__Tigriopus_japonicus__Non_calanoid_copepod__CO2400.00__TNA__NC30,ZOO_COMMON_00657,-0.4536559581563438,0.13508531249449485,2.7207957097250386,2
Jian et al. 2025,"Paul, C., et al., 2016",2016,Effects of increased CO2 concentration on nutrient limited coastal summer plankton depend on temperature,https://aslopubs.onlinelibrary.wiley.com/doi/10.1002/lno.10256,Zooplankton,Holoplankton,Other zooplankton,Total zooplankton,pH,1,1,500,NA,1500,NA,Abundance,positive,NA,Survival,133.333,37.52147957,84.4444,28.37905397,-0.456756429,0.192134249,Figure 1,NA,Yes,NA,NA,NA,,1000,NA,Paul_C_et_al_2016,Effects_of_increased_CO2_concentration_on_nutrient_limited_coastal_summer_plankton_depend_on_temperature,Total_zooplankton,Other_zooplankton,2016,500,NA,1,Paul_C_et_al_2016__2016__Effects_of_increased_CO2_concentration_on_nutrient_limited_coastal_summer_plankton_depend_on_temperature,ZOO_STUDY_0409,ZOO_ES_002946,ZOO_STUDY_0409__Total_zooplankton__Other_zooplankton__CO2500.00__TNA__NC1,ZOO_COMMON_00704,-0.4567564288085179,0.19213424905025614,2.2813798761601576,2.5
Jian et al. 2025,"Paul, C., et al., 2016",2016,Effects of increased CO2 concentration on nutrient limited coastal summer plankton depend on temperature,https://aslopubs.onlinelibrary.wiley.com/doi/10.1002/lno.10256,Zooplankton,Holoplankton,Other zooplankton,Total zooplankton,pH,1,1,500,NA,2500,NA,Abundance,positive,NA,Survival,133.333,37.52147957,84.4444,28.37905397,-0.456756429,0.192134249,Figure 1,NA,Yes,NA,NA,NA,,2000,NA,Paul_C_et_al_2016,Effects_of_increased_CO2_concentration_on_nutrient_limited_coastal_summer_plankton_depend_on_temperature,Total_zooplankton,Other_zooplankton,2016,500,NA,1,Paul_C_et_al_2016__2016__Effects_of_increased_CO2_concentration_on_nutrient_limited_coastal_summer_plankton_depend_on_temperature,ZOO_STUDY_0409,ZOO_ES_002947,ZOO_STUDY_0409__Total_zooplankton__Other_zooplankton__CO2500.00__TNA__NC1,ZOO_COMMON_00704,-0.4567564288085179,0.19213424905025614,2.2813798761601576,2.5
Jian et al. 2025,"Gobler, Christopher J. et al., 2018",2018,"Temperature, acidification, and food supply interact to negatively affect the growth and survival of the forage fish, Menidia beryllina (Inland Silverside), and Cyprinodon variegatus (Sheepshead Minnow)",https://www.frontiersin.org/journals/marine-science/articles/10.3389/fmars.2018.00086/full,Zooplankton,Meroplankton,Fish larvae,Menidia beryllina,pH,4,4,381,NA,2410,NA,Percent hatched-Menidia beryllina.(fed),positive,NA,Survival,67.96116505,15.53398058,42.7184466,13.59223301,-0.4643056081979813,0.03837114184374876,Figure 4,NA,Yes,NA,NA,NA,,2029,NA,Gobler_Christopher_J_et_al_2018,Temperature_acidification_and_food_supply_interact_to_negatively_affect_the_growth_and_survival_of_the_forage_fish_Menidia_beryllina_Inland_Silverside_and_Cyprinodon_variegatus_Sheepshead_Minnow_,Menidia_beryllina,Fish_larvae,2018,381,NA,4,Gobler_Christopher_J_et_al_2018__2018__Temperature_acidification_and_food_supply_interact_to_negatively_affect_the_growth_and_survival_of_the_forage_fish_Menidia_beryllina_Inland_Silverside_and_Cyprinodon_variegatus_Sheepshead_Minnow_,ZOO_STUDY_0186,ZOO_ES_002950,ZOO_STUDY_0186__Menidia_beryllina__Fish_larvae__CO2381.00__TNA__NC4,ZOO_COMMON_00322,-0.46430560819798095,0.03837114184374876,5.105022240413535,2.75
Leung et al. 2022,"Campanati et al., 2018. Mar Environ Res",NA,NA,NA,Zooplankton,Meroplankton,Gastropod larvae,Reishia clavigera,pH,4,4,436.81,27.85,1843.3,28.36,Larval survival,positive,NA,Survival,59,6,37,3.75,-0.466619531261495,0.00515,NA,NA,Yes,NA,NA,NA,,1406.49,0.509999999999998,Campanati_et_al_2018_Mar_Environ_Res,NA,Reishia_clavigera,Gastropod_larvae,NA,436.81,27.85,4,Campanati_et_al_2018_Mar_Environ_Res__NA__NA,ZOO_STUDY_0066,ZOO_ES_002981,ZOO_STUDY_0066__Reishia_clavigera__Gastropod_larvae__CO2436.81__T27.85__NC4,ZOO_COMMON_00102,-0.466619531261495,0.005153488052327893,13.929943766566165,3.5
Leung et al. 2022,"Gobler and Talmage, 2013. Biogeosciences",NA,NA,NA,Zooplankton,Meroplankton,Bivalve larvae,Mercenaria mercenaria,pH,4,4,372.6,24,781.6,24,Larval survival,positive,NA,Survival,70,10,43,5,-0.4872951263557965,4.95e-4,NA,NA,Yes,NA,NA,NA,,409,0,Gobler_and_Talmage_2013_Biogeosciences,NA,Mercenaria_mercenaria,Bivalve_larvae,NA,372.6,24,4,Gobler_and_Talmage_2013_Biogeosciences__NA__NA,ZOO_STUDY_0187,ZOO_ES_003057,ZOO_STUDY_0187__Mercenaria_mercenaria__Bivalve_larvae__CO2372.60__T24.00__NC4,ZOO_COMMON_00332,-0.4872951263557965,0.008482246332821932,10.857868051956702,3.5
Ross et al. 2024,Gibbs et al. 2021a,2021,Adult exposure to ocean acidification and warming leads to limited beneficial responses for oyster larvae,https://academic.oup.com/icesjms/article/78/6/2017/6306814,Zooplankton,Meroplankton,Mollusca,Saccostrea glomerata,pH,3,3,400,NA,856,NA,% Mortality of larvae at 9 days of age,negative,NA,Survival,44.44444444,12.83000598,72.48677249,10.08071899,-0.489164127,0.0342,NA,"flip sign because we are looking at mortality, instead of survival; confusing which are the control values and treatment values in the source database",Yes,NA,NA,NA,,456,NA,Gibbs_et_al_2021a,Adult_exposure_to_ocean_acidification_and_warming_leads_to_limited_beneficial_responses_for_oyster_larvae,Saccostrea_glomerata,Mollusca,2021,400,NA,3,Gibbs_et_al_2021a__2021__Adult_exposure_to_ocean_acidification_and_warming_leads_to_limited_beneficial_responses_for_oyster_larvae,ZOO_STUDY_0180,ZOO_ES_003094,ZOO_STUDY_0180__Saccostrea_glomerata__Mollusca__CO2400.00__TNA__NC3,ZOO_COMMON_00311,0.489164127129337,0.03422457835485912,5.405438702468707,2.75
Jian et al. 2025,"Troedsson, Christofer et al., 2013",2013,"Effects of ocean acidification, temperature and nutrient regimes on the appendicularian Oikopleura dioica: a mesocosm study",https://link.springer.com/article/10.1007/s00227-012-2137-9,Zooplankton,Holoplankton,Other zooplankton,All nauplii,pH,1,1,350,NA,1000,NA,Abundance-all nauplii,positive,NA,Survival,64.74178404,3.129890454,39.3114241,17.2143975,-0.498891639,0.194091899,Figure 4,NA,Yes,NA,NA,NA,,650,NA,Troedsson_Christofer_et_al_2013,Effects_of_ocean_acidification_temperature_and_nutrient_regimes_on_the_appendicularian_Oikopleura_dioica_a_mesocosm_study,All_nauplii,Other_zooplankton,2013,350,NA,1,Troedsson_Christofer_et_al_2013__2013__Effects_of_ocean_acidification_temperature_and_nutrient_regimes_on_the_appendicularian_Oikopleura_dioica_a_mesocosm_study,ZOO_STUDY_0508,ZOO_ES_003103,ZOO_STUDY_0508__All_nauplii__Other_zooplankton__CO2350.00__TNA__NC1,ZOO_COMMON_00876,-0.4988916389150114,0.19409189930524043,2.2698454878766805,2.5
Leung et al. 2022,"Parker et al., 2012. Glob Change Biol",NA,NA,NA,Zooplankton,Meroplankton,Bivalve larvae,Saccostrea glomerata,pH,3,3,380,24,856,24,Larval survival (F1),positive,NA,Survival,87.5,12.12435565298214,53,24.24871130596428,-0.5013468798114469,0.0762,NA,NA,Yes,NA,NA,NA,,476,0,Parker_et_al_2012_Glob_Change_Biol,NA,Saccostrea_glomerata,Bivalve_larvae,NA,380,24,3,Parker_et_al_2012_Glob_Change_Biol__NA__NA,ZOO_STUDY_0401,ZOO_ES_003112,ZOO_STUDY_0401__Saccostrea_glomerata__Bivalve_larvae__CO2380.00__T24.00__NC3,ZOO_COMMON_00694,-0.5013468798114469,0.07617572089711641,3.623195043354276,2
Leung et al. 2022,"Andersen et al., 2013. Biogeosciences",NA,NA,NA,Zooplankton,Meroplankton,Bivalve larvae,Pecten maximus,pH,4,4,469,15.6,807,15.6,Larval survival,positive,NA,Survival,45,7.5,27,3.75,-0.5108256237659907,0.0052,NA,must be 477,Yes,NA,NA,NA,,338,0,Andersen_et_al_2013_Biogeosciences,NA,Pecten_maximus,Bivalve_larvae,NA,469,15.6,4,Andersen_et_al_2013_Biogeosciences__NA__NA,ZOO_STUDY_0019,ZOO_ES_003117,ZOO_STUDY_0019__Pecten_maximus__Bivalve_larvae__CO2469.00__T15.60__NC4,ZOO_COMMON_00027,-0.5108256237659907,0.011766975308641976,9.21865535516851,2.75
Leung et al. 2022,"Tomasetti et al., 2018. Plos One",NA,NA,NA,Zooplankton,Meroplankton,Crustacean larvae,Callinectes sapidus,pH,4,4,600,25.5,3270,25.5,Larval survival,positive,NA,Survival,20,3,12,3,-0.5108256237659907,0.0213,NA,NA,Yes,NA,NA,NA,,2670,0,Tomasetti_et_al_2018_Plos_One,NA,Callinectes_sapidus,Crustacean_larvae,NA,600,25.5,4,Tomasetti_et_al_2018_Plos_One__NA__NA,ZOO_STUDY_0505,ZOO_ES_003155,ZOO_STUDY_0505__Callinectes_sapidus__Crustacean_larvae__CO2600.00__T25.50__NC4,ZOO_COMMON_00872,-0.5108256237659907,0.021249999999999998,6.8599434057003545,2.75
Leung et al. 2022,"Tomatsuri and Kon, 2019. Aquat Ecol",NA,NA,NA,Zooplankton,Meroplankton,Crustacean larvae,Pagurus filholi,pH,6,6,504.4,20,1089.4,20,Larval survival,positive,NA,Survival,15,10,9,4,-0.5108256237659907,NA,NA,NA,Yes,NA,NA,NA,,585.0000000000001,0,Tomatsuri_and_Kon_2019_Aquat_Ecol,NA,Pagurus_filholi,Crustacean_larvae,NA,504.4,20,6,Tomatsuri_and_Kon_2019_Aquat_Ecol__NA__NA,ZOO_STUDY_0506,ZOO_ES_003156,ZOO_STUDY_0506__Pagurus_filholi__Crustacean_larvae__CO2504.40__T20.00__NC6,ZOO_COMMON_00874,-0.5108256237659907,0.10699588477366255,3.0571479921904086,2
Jian et al. 2025,"Westwood, K. J. et al., 2018",2018,Ocean acidification impacts primary and bacterial production in Antarctic coastal waters during austral summer,https://www.sciencedirect.com/science/article/abs/pii/S0022098116303707,Zooplankton,Holoplankton,Protozooplankton,Heterotrophic nanoflagellate,pH,1,1,195,NA,1170,NA,Abundance-heterotrophic nanoflagellate,positive,NA,Survival,0.47029703,0.147287648,0.278465347,0.058158519,-0.524070849,0.141701614,Figure 8,NA,Yes,NA,NA,NA,,975,NA,Westwood_K_J_et_al_2018,Ocean_acidification_impacts_primary_and_bacterial_production_in_Antarctic_coastal_waters_during_austral_summer,Heterotrophic_nanoflagellate,Protozooplankton,2018,195,NA,1,Westwood_K_J_et_al_2018__2018__Ocean_acidification_impacts_primary_and_bacterial_production_in_Antarctic_coastal_waters_during_austral_summer,ZOO_STUDY_0543,ZOO_ES_003179,ZOO_STUDY_0543__Heterotrophic_nanoflagellate__Protozooplankton__CO2195.00__TNA__NC1,ZOO_COMMON_00947,-0.5240708494764793,0.14170161399634773,2.6565170126753754,2.5
Leung et al. 2022,"Gobler et al., 2017. Front Mar Sci",NA,NA,NA,Zooplankton,Meroplankton,Bivalve larvae,Argopectenirradians,pH,4,4,516,23.5,1200,23.5,Larval survival,positive,NA,Survival,36,2,21,11,-0.5389965007326869,0.181412894,NA,NA,Yes,NA,NA,NA,,684,0,Gobler_et_al_2017_Front_Mar_Sci,NA,Argopectenirradians,Bivalve_larvae,NA,516,23.5,4,Gobler_et_al_2017_Front_Mar_Sci__NA__NA,ZOO_STUDY_0190,ZOO_ES_003180,ZOO_STUDY_0190__Argopectenirradians__Bivalve_larvae__CO2516.00__T23.50__NC4,ZOO_COMMON_00337,-0.5389965007326869,0.06936570924666163,3.7968862324843307,2
Leung et al. 2022,Watson et al. 2009. J Shellfish Res,NA,NA,NA,Zooplankton,Meroplankton,Bivalve larvae,Saccostrea glomerata,pH,3,3,220.3,25.7,508.38,25.6,Larval survival,positive,NA,Survival,2.7,1.3856406460551018,1.55,0.5196152422706631,-0.5549968420791281,0.125252473,NA,NA,Yes,NA,NA,NA,,288.08,-0.09999999999999787,Watson_et_al_2009_J_Shellfish_Res,NA,Saccostrea_glomerata,Bivalve_larvae,NA,220.3,25.7,3,Watson_et_al_2009_J_Shellfish_Res__NA__NA,ZOO_STUDY_0539,ZOO_ES_003185,ZOO_STUDY_0539__Saccostrea_glomerata__Bivalve_larvae__CO2220.30__T25.70__NC3,ZOO_COMMON_00942,-0.5549968420791281,0.1252524733466653,2.825575034632205,2
Leung et al. 2022,Talmage and Gobler. 2009. Limnol Oceanogr,NA,NA,NA,Zooplankton,Meroplankton,Bivalve larvae,Crassostrea virginica,pH,15,15,355.3,24,1608.7,24,Survival of larvae,positive,NA,Survival,61,16,35,13,-0.5555258026838976,0.00373,NA,NA,Yes,NA,NA,NA,,1253.4,0,Talmage_and_Gobler_2009_Limnol_Oceanogr,NA,Crassostrea_virginica,Bivalve_larvae,NA,355.3,24,15,Talmage_and_Gobler_2009_Limnol_Oceanogr__NA__NA,ZOO_STUDY_0493,ZOO_ES_003186,ZOO_STUDY_0493__Crassostrea_virginica__Bivalve_larvae__CO2355.30__T24.00__NC15,ZOO_COMMON_00848,-0.5555258026838976,0.013783859579843762,8.517547808381705,2.75
Leung et al. 2022,"Gobler et al., 2014. Plos One",NA,NA,NA,Zooplankton,Meroplankton,Bivalve larvae,Argopecten irradians,pH,4,4,468,22,1730,22,Larval survival,positive,NA,Survival,42,6,24,0,-0.5596157879354228,0.0051,NA,NA,Yes,NA,NA,NA,,1262,0,Gobler_et_al_2014_Plos_One,NA,Argopecten_irradians,Bivalve_larvae,NA,468,22,4,Gobler_et_al_2014_Plos_One__NA__NA,ZOO_STUDY_0189,ZOO_ES_003212,ZOO_STUDY_0189__Argopecten_irradians__Bivalve_larvae__CO2468.00__T22.00__NC4,ZOO_COMMON_00335,-0.5596157879354228,0.00510204081632653,14,3.5
Hoppit et al. 2022,"Lewis et al., 2013",NA,NA,NA,Zooplankton,Meroplankton,Annelida,Pomatoceros lamrckii,pH,4,4,323,12,2409,12,Survival,ambiguous,NA,Survival,98.7,0.8,56,6.6,-0.566733256,0.00349,"Data from figure 3, Torquay",NA,Yes,NA,NA,NA,,2086,0,Lewis_et_al_2013,NA,Pomatoceros_lamrckii,Annelida,NA,323,12,4,Lewis_et_al_2013__NA__NA,ZOO_STUDY_0304,ZOO_ES_003213,ZOO_STUDY_0304__Pomatoceros_lamrckii__Annelida__CO2323.00__T12.00__NC4,ZOO_COMMON_00530,-0.5667332557042868,0.0034890007855413172,16.929707954427418,3.5
Leung et al. 2022,"Huo et al., 2019. Aquacult Int",NA,NA,NA,Zooplankton,Meroplankton,Bivalve larvae,Panopea japonica,pH,3,3,443.4,19,1239.4,19,Larval survival,positive,NA,Survival,20.5,2,11.5,3.5,-0.578077850775158,0.0332,NA,NA,Yes,NA,NA,NA,,796.0000000000001,0,Huo_et_al_2019_Aquacult_Int,NA,Panopea_japonica,Bivalve_larvae,NA,443.4,19,3,Huo_et_al_2019_Aquacult_Int__NA__NA,ZOO_STUDY_0237,ZOO_ES_003215,ZOO_STUDY_0237__Panopea_japonica__Bivalve_larvae__CO2443.40__T19.00__NC3,ZOO_COMMON_00412,-0.578077850775158,0.03404858106859459,5.419391065627215,2.75
Leung et al. 2022,"Gobler et al., 2017. Front Mar Sci",NA,NA,NA,Zooplankton,Meroplankton,Bivalve larvae,Mercenaria mercenaria,pH,4,4,516,23.5,2340,23.5,Larval survival,positive,NA,Survival,27,3,15,5,-0.587786664902119,0.534830745,NA,NA,Yes,NA,NA,NA,,1824,0,Gobler_et_al_2017_Front_Mar_Sci,NA,Mercenaria_mercenaria,Bivalve_larvae,NA,516,23.5,4,Gobler_et_al_2017_Front_Mar_Sci__NA__NA,ZOO_STUDY_0190,ZOO_ES_003216,ZOO_STUDY_0190__Mercenaria_mercenaria__Bivalve_larvae__CO2516.00__T23.50__NC4,ZOO_COMMON_00338,-0.587786664902119,0.030864197530864196,5.692099788303083,2.75
Leung et al. 2022,"Li et al., 2020. Sci Total Environ",NA,NA,NA,Zooplankton,Meroplankton,Urchin larvae,Strongylocentrotus intermedius,pH,10,10,744.71,20.1,2577.79,20.1,Larval survival (4-armed),positive,NA,Survival,84.4,8.42,46.8,8.23,-0.5896841986783105,0.00409,NA,NA,Yes,NA,NA,NA,,1833.08,0,Li_et_al_2020_Sci_Total_Environ,NA,Strongylocentrotus_intermedius,Urchin_larvae,NA,744.71,20.1,10,Li_et_al_2020_Sci_Total_Environ__NA__NA,ZOO_STUDY_0312,ZOO_ES_003217,ZOO_STUDY_0312__Strongylocentrotus_intermedius__Urchin_larvae__CO2744.71__T20.10__NC10,ZOO_COMMON_00539,-0.5896841986783105,0.00408775386010434,15.640752051883041,3.5
Leung et al. 2022,"Zhan et al., 2017. Aquacult Int",NA,NA,NA,Zooplankton,Meroplankton,Urchin larvae,Hemicentrotus pulcherrimus,pH,3,3,404.5,12.56,1458,12.56,Larval survival,positive,NA,Survival,91.11,1.84,50.33,13.58,-0.5934662469374984,0.0339,NA,NA,Yes,NA,NA,NA,,1053.5,0,Zhan_et_al_2017_Aquacult_Int,NA,Hemicentrotus_pulcherrimus,Urchin_larvae,NA,404.5,12.56,3,Zhan_et_al_2017_Aquacult_Int__NA__NA,ZOO_STUDY_0558,ZOO_ES_003218,ZOO_STUDY_0558__Hemicentrotus_pulcherrimus__Urchin_larvae__CO2404.50__T12.56__NC3,ZOO_COMMON_00970,-0.5934662469374984,0.024403416661414254,6.401395827863472,2.75
Leung et al. 2022,Suwa et al. 2010. Fish Sci,NA,NA,NA,Zooplankton,Meroplankton,Coral larvae,Acropora digitifera,pH,10,10,400,26.8,905,26.8,Larval survial,positive,NA,Survival,58,7,32,9,-0.5947071077466928,9.16e-4,NA,NA,Yes,NA,NA,NA,,505,0,Suwa_et_al_2010_Fish_Sci,NA,Acropora_digitifera,Coral_larvae,NA,400,26.8,10,Suwa_et_al_2010_Fish_Sci__NA__NA,ZOO_STUDY_0488,ZOO_ES_003219,ZOO_STUDY_0488__Acropora_digitifera__Coral_larvae__CO2400.00__T26.80__NC10,ZOO_COMMON_00838,-0.5947071077466928,0.009366755536563614,10.33249983808302,3.5
Jian et al. 2025,"Lewis, Ceri N. et al., 2013",2013,Sensitivity to ocean acidification parallels natural Pco2 gradients experienced by Arctic copepods under winter sea ice,https://www.pnas.org/doi/10.1073/pnas.1315162110,Zooplankton,Holoplankton,Non-calanoid copepod,Adult Oithona,pH,3,3,370,NA,1000,NA,Survival- adult O. similis,positive,NA,Survival,95.28509,3.140172766,52.13613,5.383160888,-0.603015163,0.00392,Figure 4,NA,Yes,NA,NA,NA,,630,NA,Lewis_Ceri_N_et_al_2013,Sensitivity_to_ocean_acidification_parallels_natural_Pco2_gradients_experienced_by_Arctic_copepods_under_winter_sea_ice,Adult_Oithona,Non_calanoid_copepod,2013,370,NA,3,Lewis_Ceri_N_et_al_2013__2013__Sensitivity_to_ocean_acidification_parallels_natural_Pco2_gradients_experienced_by_Arctic_copepods_under_winter_sea_ice,ZOO_STUDY_0303,ZOO_ES_003220,ZOO_STUDY_0303__Adult_Oithona__Non_calanoid_copepod__CO2370.00__TNA__NC3,ZOO_COMMON_00525,-0.6030151626091449,0.003915682885677002,15.980716367970775,3.5
Ross et al. 2024,Gibbs et al. 2021a,2021,Adult exposure to ocean acidification and warming leads to limited beneficial responses for oyster larvae,https://academic.oup.com/icesjms/article/78/6/2017/6306814,Zooplankton,Meroplankton,Mollusca,Saccostrea glomerata,pH,3,3,400,NA,856,NA,% Mortality of larvae at 9 days of age,negative,NA,Survival,3.174603175,3.665715995,5.82010582,7.33143199,-0.606135804,0.973370064,NA,"flip sign because we are looking at mortality, instead of survival; confusing which are the control values and treatment values in the source database",Yes,NA,NA,NA,,456,NA,Gibbs_et_al_2021a,Adult_exposure_to_ocean_acidification_and_warming_leads_to_limited_beneficial_responses_for_oyster_larvae,Saccostrea_glomerata,Mollusca,2021,400,NA,3,Gibbs_et_al_2021a__2021__Adult_exposure_to_ocean_acidification_and_warming_leads_to_limited_beneficial_responses_for_oyster_larvae,ZOO_STUDY_0180,ZOO_ES_003221,ZOO_STUDY_0180__Saccostrea_glomerata__Mollusca__CO2400.00__TNA__NC3,ZOO_COMMON_00311,0.6061358034271337,0.9733700642644061,1.0135869427836988,2.5
Leung et al. 2022,"Suckling et al., 2014a. Inverter Reprod Dev",NA,NA,NA,Zooplankton,Meroplankton,Urchin larvae,Psammechinus miliaris,pH,3,3,537,15.9,862,16,Larval survival,positive,NA,Survival,9300,866.0254037844386,5000,1732.0508075688772,-0.62057648772511,0.00799,NA,NA,Yes,NA,NA,NA,,325,0.09999999999999964,Suckling_et_al_2014a_Inverter_Reprod_Dev,NA,Psammechinus_miliaris,Urchin_larvae,NA,537,15.9,3,Suckling_et_al_2014a_Inverter_Reprod_Dev__NA__NA,ZOO_STUDY_0483,ZOO_ES_003228,ZOO_STUDY_0483__Psammechinus_miliaris__Urchin_larvae__CO2537.00__T15.90__NC3,ZOO_COMMON_00831,-0.62057648772511,0.04289050757312984,4.8285797321665935,2
Jian et al. 2025,"Thomson, P. G. et al., 2016",2016,Increasing CO2 changes community composition of pico- and nano-sized protists and prokaryotes at a coastal Antarctic site,https://www.int-res.com/abstracts/meps/v554/meps11803,Zooplankton,Holoplankton,Protozooplankton,Heterotrophic nanoflagellates,pH,1,1,250,NA,1232,NA,Abundance-heterotrophic nanoflagellates,positive,NA,Survival,1925.742574,603.1041568,1029.70297,215.0572797,-0.626041264,0.141701614,Figure 5,NA,Yes,NA,NA,NA,,982,NA,Thomson_P_G_et_al_2016,Increasing_CO2_changes_community_composition_of_pico_and_nano_sized_protists_and_prokaryotes_at_a_coastal_Antarctic_site,Heterotrophic_nanoflagellates,Protozooplankton,2016,250,NA,1,Thomson_P_G_et_al_2016__2016__Increasing_CO2_changes_community_composition_of_pico_and_nano_sized_protists_and_prokaryotes_at_a_coastal_Antarctic_site,ZOO_STUDY_0499,ZOO_ES_003229,ZOO_STUDY_0499__Heterotrophic_nanoflagellates__Protozooplankton__CO2250.00__TNA__NC1,ZOO_COMMON_00861,-0.62604126407191385,0.14170161393929936,2.656517013210126,2
Jian et al. 2025,"Garzke, J., et al., 2016",2016,"Combined effects of ocean warming and acidification on copepod abundance, body size and fatty acid content",https://journals.plos.org/plosone/article?id=10.1371/journal.pone.0155952,Zooplankton,Holoplankton,Calanoid copepod,nauplii,pH,3,3,560,NA,1400,NA,Abundance,positive,NA,Survival,109.058,48.948052,57.971,16.3159596,-0.631936965,0.0936,Figure 2,NA,Yes,NA,NA,NA,,840,NA,Garzke_J_et_al_2016,Combined_effects_of_ocean_warming_and_acidification_on_copepod_abundance_body_size_and_fatty_acid_content,nauplii,Calanoid_copepod,2016,560,NA,3,Garzke_J_et_al_2016__2016__Combined_effects_of_ocean_warming_and_acidification_on_copepod_abundance_body_size_and_fatty_acid_content,ZOO_STUDY_0173,ZOO_ES_003231,ZOO_STUDY_0173__nauplii__Calanoid_copepod__CO2560.00__TNA__NC3,ZOO_COMMON_00304,-0.6319369652957758,0.09355299217402079,3.269423340896442,2
Jian et al. 2025,"Westwood, K. J. et al., 2018",2018,Ocean acidification impacts primary and bacterial production in Antarctic coastal waters during austral summer,https://www.sciencedirect.com/science/article/abs/pii/S0022098116303707,Zooplankton,Holoplankton,Protozooplankton,Heterotrophic nanoflagellate,pH,1,1,195,NA,1170,NA,Abundance-heterotrophic nanoflagellate,positive,NA,Survival,1.92450495,0.602716558,1.021039604,0.213247904,-0.633847438,0.141701614,Figure 8,NA,Yes,NA,NA,NA,,975,NA,Westwood_K_J_et_al_2018,Ocean_acidification_impacts_primary_and_bacterial_production_in_Antarctic_coastal_waters_during_austral_summer,Heterotrophic_nanoflagellate,Protozooplankton,2018,195,NA,1,Westwood_K_J_et_al_2018__2018__Ocean_acidification_impacts_primary_and_bacterial_production_in_Antarctic_coastal_waters_during_austral_summer,ZOO_STUDY_0543,ZOO_ES_003252,ZOO_STUDY_0543__Heterotrophic_nanoflagellate__Protozooplankton__CO2195.00__TNA__NC1,ZOO_COMMON_00947,-0.6338474379826309,0.1417016142083111,2.6565170106885097,2.5
Ross et al. 2024,Gibbs et al. 2021a,2021,Adult exposure to ocean acidification and warming leads to limited beneficial responses for oyster larvae,https://academic.oup.com/icesjms/article/78/6/2017/6306814,Zooplankton,Meroplankton,Mollusca,Saccostrea glomerata,pH,3,3,400,NA,856,NA,% Mortality of larvae at 9 days of age,negative,NA,Survival,30.64516129,11.17452134,58.73015873,10.99714798,-0.650478592,0.056,NA,"flip sign because we are looking at mortality, instead of survival; confusing which are the control values and treatment values in the source database",Yes,NA,NA,NA,,456,NA,Gibbs_et_al_2021a,Adult_exposure_to_ocean_acidification_and_warming_leads_to_limited_beneficial_responses_for_oyster_larvae,Saccostrea_glomerata,Mollusca,2021,400,NA,3,Gibbs_et_al_2021a__2021__Adult_exposure_to_ocean_acidification_and_warming_leads_to_limited_beneficial_responses_for_oyster_larvae,ZOO_STUDY_0180,ZOO_ES_003254,ZOO_STUDY_0180__Saccostrea_glomerata__Mollusca__CO2400.00__TNA__NC3,ZOO_COMMON_00311,0.6504785921391665,0.056008692676608886,4.22544333625705,2
Jian et al. 2025,"Troedsson, Christofer et al., 2013",2013,"Effects of ocean acidification, temperature and nutrient regimes on the appendicularian Oikopleura dioica: a mesocosm study",https://link.springer.com/article/10.1007/s00227-012-2137-9,Zooplankton,Holoplankton,Other zooplankton,All nauplii,pH,1,1,350,NA,1000,NA,Abundance-all nauplii,positive,NA,Survival,24.44444444,12.91079812,12.70735524,2.34741784,-0.65422199,0.313087335,Figure 4,NA,Yes,NA,NA,NA,,650,NA,Troedsson_Christofer_et_al_2013,Effects_of_ocean_acidification_temperature_and_nutrient_regimes_on_the_appendicularian_Oikopleura_dioica_a_mesocosm_study,All_nauplii,Other_zooplankton,2013,350,NA,1,Troedsson_Christofer_et_al_2013__2013__Effects_of_ocean_acidification_temperature_and_nutrient_regimes_on_the_appendicularian_Oikopleura_dioica_a_mesocosm_study,ZOO_STUDY_0508,ZOO_ES_003256,ZOO_STUDY_0508__All_nauplii__Other_zooplankton__CO2350.00__TNA__NC1,ZOO_COMMON_00876,-0.6542219902581057,0.3130873345549136,1.7871756983193932,2.5
Jian et al. 2025,"Bach, L. T. et al., 2019",2019,Effects of elevated CO2 on a natural diatom community in the subtropical NE Atlantic,https://www.frontiersin.org/journals/marine-science/articles/10.3389/fmars.2019.00075/full,Zooplankton,Holoplankton,Calanoid copepod,Clausocalanus and Paracalanus,pH,1,1,377,NA,913,NA,Abundance-CP calanus,positive,NA,Survival,5.977859779,1.872146428,3.099630996,0.647369416,-0.656779537,0.141701614,Figure 6,NA,Yes,NA,NA,NA,,536,NA,Bach_L_T_et_al_2019,Effects_of_elevated_CO2_on_a_natural_diatom_community_in_the_subtropical_NE_Atlantic,Clausocalanus_and_Paracalanus,Calanoid_copepod,2019,377,NA,1,Bach_L_T_et_al_2019__2019__Effects_of_elevated_CO2_on_a_natural_diatom_community_in_the_subtropical_NE_Atlantic,ZOO_STUDY_0027,ZOO_ES_003266,ZOO_STUDY_0027__Clausocalanus_and_Paracalanus__Calanoid_copepod__CO2377.00__TNA__NC1,ZOO_COMMON_00041,-0.6567795365563545,0.14170161395702352,2.6565170130439864,2
Ross et al. 2024,Gibbs et al. 2021a,2021,Adult exposure to ocean acidification and warming leads to limited beneficial responses for oyster larvae,https://academic.oup.com/icesjms/article/78/6/2017/6306814,Zooplankton,Meroplankton,Mollusca,Saccostrea glomerata,pH,3,3,400,NA,856,NA,% Mortality of larvae at 9 days of age,negative,NA,Survival,40.86021505,11.17452134,79.36507937,12.83000598,-0.663901612,0.0336,NA,"flip sign because we are looking at mortality, instead of survival; confusing which are the control values and treatment values in the source database",Yes,NA,NA,NA,,456,NA,Gibbs_et_al_2021a,Adult_exposure_to_ocean_acidification_and_warming_leads_to_limited_beneficial_responses_for_oyster_larvae,Saccostrea_glomerata,Mollusca,2021,400,NA,3,Gibbs_et_al_2021a__2021__Adult_exposure_to_ocean_acidification_and_warming_leads_to_limited_beneficial_responses_for_oyster_larvae,ZOO_STUDY_0180,ZOO_ES_003268,ZOO_STUDY_0180__Saccostrea_glomerata__Mollusca__CO2400.00__TNA__NC3,ZOO_COMMON_00311,0.6639016126175888,0.03364185903813125,5.452052216804301,2.75
Ross et al. 2024,Gibbs et al. 2021b,2021,Adult exposure to ocean acidification and warming remains beneficial for oyster larvae following starvation,https://academic.oup.com/icesjms/article/78/5/1587/6224218,Zooplankton,Meroplankton,Mollusca,Saccostrea glomerata,pH,3,3,400,NA,856,NA,% Mortality of larvae at 9 days of age,negative,NA,Survival,28.44444444,12.57340586,56,10.77720502,-0.677398824,0.0775,NA,"flip sign because we are looking at mortality, instead of survival; confusing which are the control values and treatment values in the source database",Yes,NA,NA,NA,,456,NA,Gibbs_et_al_2021b,Adult_exposure_to_ocean_acidification_and_warming_remains_beneficial_for_oyster_larvae_following_starvation,Saccostrea_glomerata,Mollusca,2021,400,NA,3,Gibbs_et_al_2021b__2021__Adult_exposure_to_ocean_acidification_and_warming_remains_beneficial_for_oyster_larvae_following_starvation,ZOO_STUDY_0182,ZOO_ES_003313,ZOO_STUDY_0182__Saccostrea_glomerata__Mollusca__CO2400.00__TNA__NC3,ZOO_COMMON_00314,0.677398823748056,0.07747697239994698,3.5926398213047963,2
Jian et al. 2025,"Garzke, J., et al., 2016",2016,"Combined effects of ocean warming and acidification on copepod abundance, body size and fatty acid content",https://journals.plos.org/plosone/article?id=10.1371/journal.pone.0155952,Zooplankton,Holoplankton,Calanoid copepod,copepodites,pH,3,3,560,NA,1400,NA,Abundance,positive,NA,Survival,193.478,52.086436,97.8261,52.7132468,-0.681972398,0.120943381,Figure 2,NA,Yes,NA,NA,NA,,840,NA,Garzke_J_et_al_2016,Combined_effects_of_ocean_warming_and_acidification_on_copepod_abundance_body_size_and_fatty_acid_content,copepodites,Calanoid_copepod,2016,560,NA,3,Garzke_J_et_al_2016__2016__Combined_effects_of_ocean_warming_and_acidification_on_copepod_abundance_body_size_and_fatty_acid_content,ZOO_STUDY_0173,ZOO_ES_003322,ZOO_STUDY_0173__copepodites__Calanoid_copepod__CO2560.00__TNA__NC3,ZOO_COMMON_00303,-0.6819723983129798,0.12094338138512392,2.8754707002260824,2
Jian et al. 2025,"Thomson, P. G. et al., 2016",2016,Increasing CO2 changes community composition of pico- and nano-sized protists and prokaryotes at a coastal Antarctic site,https://www.int-res.com/abstracts/meps/v554/meps11803,Zooplankton,Holoplankton,Protozooplankton,Heterotrophic nanoflagellates,pH,1,1,84,NA,643,NA,Abundance-heterotrophic nanoflagellates,positive,NA,Survival,470.2970297,147.2876476,237.6237624,49.62860303,-0.682675881,0.141701614,Figure 5,NA,Yes,NA,NA,NA,,559,NA,Thomson_P_G_et_al_2016,Increasing_CO2_changes_community_composition_of_pico_and_nano_sized_protists_and_prokaryotes_at_a_coastal_Antarctic_site,Heterotrophic_nanoflagellates,Protozooplankton,2016,84,NA,1,Thomson_P_G_et_al_2016__2016__Increasing_CO2_changes_community_composition_of_pico_and_nano_sized_protists_and_prokaryotes_at_a_coastal_Antarctic_site,ZOO_STUDY_0499,ZOO_ES_003323,ZOO_STUDY_0499__Heterotrophic_nanoflagellates__Protozooplankton__CO284.00__TNA__NC1,ZOO_COMMON_00862,-0.682675880586334,0.1417016139894848,2.656517012739706,2.5
Jian et al. 2025,"Westwood, K. J. et al., 2018",2018,Ocean acidification impacts primary and bacterial production in Antarctic coastal waters during austral summer,https://www.sciencedirect.com/science/article/abs/pii/S0022098116303707,Zooplankton,Holoplankton,Protozooplankton,Heterotrophic nanoflagellate,pH,1,1,195,NA,390,NA,Abundance-heterotrophic nanoflagellate,positive,NA,Survival,0.47029703,0.147287648,0.235148515,0.049111638,-0.693147181,0.141701614,Figure 8,NA,Yes,NA,NA,NA,,195,NA,Westwood_K_J_et_al_2018,Ocean_acidification_impacts_primary_and_bacterial_production_in_Antarctic_coastal_waters_during_austral_summer,Heterotrophic_nanoflagellate,Protozooplankton,2018,195,NA,1,Westwood_K_J_et_al_2018__2018__Ocean_acidification_impacts_primary_and_bacterial_production_in_Antarctic_coastal_waters_during_austral_summer,ZOO_STUDY_0543,ZOO_ES_003328,ZOO_STUDY_0543__Heterotrophic_nanoflagellate__Protozooplankton__CO2195.00__TNA__NC1,ZOO_COMMON_00947,-0.6931471805599453,0.14170161361334138,2.6565170162655356,2
Jian et al. 2025,"Westwood, K. J. et al., 2018",2018,Ocean acidification impacts primary and bacterial production in Antarctic coastal waters during austral summer,https://www.sciencedirect.com/science/article/abs/pii/S0022098116303707,Zooplankton,Holoplankton,Protozooplankton,Heterotrophic nanoflagellate,pH,1,1,195,NA,1170,NA,Abundance-heterotrophic nanoflagellate,positive,NA,Survival,0.47029703,0.147287648,0.235148515,0.049111638,-0.693147181,0.141701614,Figure 8,NA,Yes,NA,NA,NA,,975,NA,Westwood_K_J_et_al_2018,Ocean_acidification_impacts_primary_and_bacterial_production_in_Antarctic_coastal_waters_during_austral_summer,Heterotrophic_nanoflagellate,Protozooplankton,2018,195,NA,1,Westwood_K_J_et_al_2018__2018__Ocean_acidification_impacts_primary_and_bacterial_production_in_Antarctic_coastal_waters_during_austral_summer,ZOO_STUDY_0543,ZOO_ES_003329,ZOO_STUDY_0543__Heterotrophic_nanoflagellate__Protozooplankton__CO2195.00__TNA__NC1,ZOO_COMMON_00947,-0.6931471805599453,0.14170161361334138,2.6565170162655356,2
Jian et al. 2025,"Lewis, Ceri N. et al., 2013",2013,Sensitivity to ocean acidification parallels natural Pco2 gradients experienced by Arctic copepods under winter sea ice,https://www.pnas.org/doi/10.1073/pnas.1315162110,Zooplankton,Holoplankton,Non-calanoid copepod,<60 um nauplii,pH,3,3,370,NA,1000,NA,Survival- small (<60 μm) nauplii,positive,NA,Survival,83.11111,5.498572029,41.33333,7.069595133,-0.698509191,0.0112,Figure 4,NA,Yes,NA,NA,NA,,630,NA,Lewis_Ceri_N_et_al_2013,Sensitivity_to_ocean_acidification_parallels_natural_Pco2_gradients_experienced_by_Arctic_copepods_under_winter_sea_ice,_60_um_nauplii,Non_calanoid_copepod,2013,370,NA,3,Lewis_Ceri_N_et_al_2013__2013__Sensitivity_to_ocean_acidification_parallels_natural_Pco2_gradients_experienced_by_Arctic_copepods_under_winter_sea_ice,ZOO_STUDY_0303,ZOO_ES_003332,ZOO_STUDY_0303___60_um_nauplii__Non_calanoid_copepod__CO2370.00__TNA__NC3,ZOO_COMMON_00527,-0.6985091909775113,0.011210418766898992,9.444719885010775,2.75
Jian et al. 2025,"Westwood, K. J. et al., 2018",2018,Ocean acidification impacts primary and bacterial production in Antarctic coastal waters during austral summer,https://www.sciencedirect.com/science/article/abs/pii/S0022098116303707,Zooplankton,Holoplankton,Protozooplankton,Heterotrophic nanoflagellate,pH,1,1,195,NA,1560,NA,Abundance-heterotrophic nanoflagellate,positive,NA,Survival,1.92450495,0.602716558,0.952970297,0.199031377,-0.70284031,0.141701614,Figure 8,NA,Yes,NA,NA,NA,,1365,NA,Westwood_K_J_et_al_2018,Ocean_acidification_impacts_primary_and_bacterial_production_in_Antarctic_coastal_waters_during_austral_summer,Heterotrophic_nanoflagellate,Protozooplankton,2018,195,NA,1,Westwood_K_J_et_al_2018__2018__Ocean_acidification_impacts_primary_and_bacterial_production_in_Antarctic_coastal_waters_during_austral_summer,ZOO_STUDY_0543,ZOO_ES_003333,ZOO_STUDY_0543__Heterotrophic_nanoflagellate__Protozooplankton__CO2195.00__TNA__NC1,ZOO_COMMON_00947,-0.702840309539539,0.14170161418519267,2.656517010905213,2.5
Ross et al. 2024,Gibbs et al. 2021a,2021,Adult exposure to ocean acidification and warming leads to limited beneficial responses for oyster larvae,https://academic.oup.com/icesjms/article/78/6/2017/6306814,Zooplankton,Meroplankton,Mollusca,Saccostrea glomerata,pH,3,3,400,NA,856,NA,% Mortality of larvae at 9 days of age,negative,NA,Survival,18.8172043,13.96815167,38.0952381,11.91357698,-0.705317716,0.216273778,NA,"flip sign because we are looking at mortality, instead of survival; confusing which are the control values and treatment values in the source database",Yes,NA,NA,NA,,456,NA,Gibbs_et_al_2021a,Adult_exposure_to_ocean_acidification_and_warming_leads_to_limited_beneficial_responses_for_oyster_larvae,Saccostrea_glomerata,Mollusca,2021,400,NA,3,Gibbs_et_al_2021a__2021__Adult_exposure_to_ocean_acidification_and_warming_leads_to_limited_beneficial_responses_for_oyster_larvae,ZOO_STUDY_0180,ZOO_ES_003365,ZOO_STUDY_0180__Saccostrea_glomerata__Mollusca__CO2400.00__TNA__NC3,ZOO_COMMON_00311,0.7053177163623435,0.21627377792094682,2.150295106925475,2.5
Jian et al. 2025,"Westwood, K. J. et al., 2018",2018,Ocean acidification impacts primary and bacterial production in Antarctic coastal waters during austral summer,https://www.sciencedirect.com/science/article/abs/pii/S0022098116303707,Zooplankton,Holoplankton,Protozooplankton,Heterotrophic nanoflagellate,pH,1,1,195,NA,780,NA,Abundance-heterotrophic nanoflagellate,positive,NA,Survival,1.92450495,0.602716558,0.946782178,0.197738965,-0.709354991,0.141701614,Figure 8,NA,Yes,NA,NA,NA,,585,NA,Westwood_K_J_et_al_2018,Ocean_acidification_impacts_primary_and_bacterial_production_in_Antarctic_coastal_waters_during_austral_summer,Heterotrophic_nanoflagellate,Protozooplankton,2018,195,NA,1,Westwood_K_J_et_al_2018__2018__Ocean_acidification_impacts_primary_and_bacterial_production_in_Antarctic_coastal_waters_during_austral_summer,ZOO_STUDY_0543,ZOO_ES_003366,ZOO_STUDY_0543__Heterotrophic_nanoflagellate__Protozooplankton__CO2195.00__TNA__NC1,ZOO_COMMON_00947,-0.7093549907596293,0.14170161399914022,2.6565170126492,2.5
Jian et al. 2025,"Westwood, K. J. et al., 2018",2018,Ocean acidification impacts primary and bacterial production in Antarctic coastal waters during austral summer,https://www.sciencedirect.com/science/article/abs/pii/S0022098116303707,Zooplankton,Holoplankton,Protozooplankton,Heterotrophic nanoflagellate,pH,1,1,195,NA,1170,NA,Abundance-heterotrophic nanoflagellate,positive,NA,Survival,1.92450495,0.602716558,0.946782178,0.197738965,-0.709354991,0.141701614,Figure 8,NA,Yes,NA,NA,NA,,975,NA,Westwood_K_J_et_al_2018,Ocean_acidification_impacts_primary_and_bacterial_production_in_Antarctic_coastal_waters_during_austral_summer,Heterotrophic_nanoflagellate,Protozooplankton,2018,195,NA,1,Westwood_K_J_et_al_2018__2018__Ocean_acidification_impacts_primary_and_bacterial_production_in_Antarctic_coastal_waters_during_austral_summer,ZOO_STUDY_0543,ZOO_ES_003367,ZOO_STUDY_0543__Heterotrophic_nanoflagellate__Protozooplankton__CO2195.00__TNA__NC1,ZOO_COMMON_00947,-0.7093549907596293,0.14170161399914022,2.6565170126492,2.5
Leung et al. 2022,"Kripa et al., 2014. Indian J GeoMar Sci",NA,NA,NA,Zooplankton,Meroplankton,Bivalve larvae,Crassostrea madrasensis,pH,3,3,585.9,27,2029.9,27,Larval survival,positive,NA,Survival,92,2,45,5,-0.7151260872787205,0.00427,NA,NA,Yes,NA,NA,NA,,1444,0,Kripa_et_al_2014_Indian_J_GeoMar_Sci,NA,Crassostrea_madrasensis,Bivalve_larvae,NA,585.9,27,3,Kripa_et_al_2014_Indian_J_GeoMar_Sci__NA__NA,ZOO_STUDY_0277,ZOO_ES_003389,ZOO_STUDY_0277__Crassostrea_madrasensis__Bivalve_larvae__CO2585.90__T27.00__NC3,ZOO_COMMON_00471,-0.7151260872787205,0.004272756268135391,15.298397463532169,3.5
Leung et al. 2022,"Suckling et al., 2015. J Anim Ecol",NA,NA,NA,Zooplankton,Meroplankton,Urchin larvae,Sterechinus neumayeri,pH,3,3,392,-0.3,928,2.1,Larval survival,positive,NA,Survival,92,13.856406460551018,45,29.444863728670914,-0.7151260872787205,0.0232,NA,NA,Yes,NA,NA,NA,,536,2.4,Suckling_et_al_2015_J_Anim_Ecol,NA,Sterechinus_neumayeri,Urchin_larvae,NA,392,-0.3,3,Suckling_et_al_2015_J_Anim_Ecol__NA__NA,ZOO_STUDY_0484,ZOO_ES_003466,ZOO_STUDY_0484__Sterechinus_neumayeri__Urchin_larvae__CO2392.00__T-0.30__NC3,ZOO_COMMON_00832,-0.7151260872787205,0.1502774860556839,2.5796039861435776,2.5
Jian et al. 2025,"Thomson, P. G. et al., 2016",2016,Increasing CO2 changes community composition of pico- and nano-sized protists and prokaryotes at a coastal Antarctic site,https://www.int-res.com/abstracts/meps/v554/meps11803,Zooplankton,Holoplankton,Protozooplankton,Heterotrophic nanoflagellates,pH,1,1,250,NA,864,NA,Abundance-heterotrophic nanoflagellates,positive,NA,Survival,1925.742574,603.1041568,940.5940594,196.4465536,-0.716555271,0.141701614,Figure 5,NA,Yes,NA,NA,NA,,614,NA,Thomson_P_G_et_al_2016,Increasing_CO2_changes_community_composition_of_pico_and_nano_sized_protists_and_prokaryotes_at_a_coastal_Antarctic_site,Heterotrophic_nanoflagellates,Protozooplankton,2016,250,NA,1,Thomson_P_G_et_al_2016__2016__Increasing_CO2_changes_community_composition_of_pico_and_nano_sized_protists_and_prokaryotes_at_a_coastal_Antarctic_site,ZOO_STUDY_0499,ZOO_ES_003476,ZOO_STUDY_0499__Heterotrophic_nanoflagellates__Protozooplankton__CO2250.00__TNA__NC1,ZOO_COMMON_00861,-0.7165552713305999,0.14170161392706826,2.656517013324776,2
Jian et al. 2025,"Gobler, Christopher J. et al., 2018",2018,"Temperature, acidification, and food supply interact to negatively affect the growth and survival of the forage fish, Menidia beryllina (Inland Silverside), and Cyprinodon variegatus (Sheepshead Minnow)",https://www.frontiersin.org/journals/marine-science/articles/10.3389/fmars.2018.00086/full,Zooplankton,Meroplankton,Fish larvae,Menidia beryllina,pH,4,4,389,NA,1750,NA,Percent survival-Menidia beryllina.,positive,NA,Survival,35.71428571,22.85714286,17.42857143,17.14285714,-0.7174398729270224,0.3442704648586842,Figure 1c,NA,Yes,NA,NA,NA,,1361,NA,Gobler_Christopher_J_et_al_2018,Temperature_acidification_and_food_supply_interact_to_negatively_affect_the_growth_and_survival_of_the_forage_fish_Menidia_beryllina_Inland_Silverside_and_Cyprinodon_variegatus_Sheepshead_Minnow_,Menidia_beryllina,Fish_larvae,2018,389,NA,4,Gobler_Christopher_J_et_al_2018__2018__Temperature_acidification_and_food_supply_interact_to_negatively_affect_the_growth_and_survival_of_the_forage_fish_Menidia_beryllina_Inland_Silverside_and_Cyprinodon_variegatus_Sheepshead_Minnow_,ZOO_STUDY_0186,ZOO_ES_003477,ZOO_STUDY_0186__Menidia_beryllina__Fish_larvae__CO2389.00__TNA__NC4,ZOO_COMMON_00323,-0.7174398729270226,0.3442704648586842,1.7043159838330597,2.5
Jian et al. 2025,"Thomson, P. G. et al., 2016",2016,Increasing CO2 changes community composition of pico- and nano-sized protists and prokaryotes at a coastal Antarctic site,https://www.int-res.com/abstracts/meps/v554/meps11803,Zooplankton,Holoplankton,Protozooplankton,Heterotrophic nanoflagellates,pH,1,1,250,NA,1711,NA,Abundance-heterotrophic nanoflagellates,positive,NA,Survival,1925.742574,603.1041568,930.6930693,194.3786952,-0.727137381,0.141701614,Figure 5,NA,Yes,NA,NA,NA,,1461,NA,Thomson_P_G_et_al_2016,Increasing_CO2_changes_community_composition_of_pico_and_nano_sized_protists_and_prokaryotes_at_a_coastal_Antarctic_site,Heterotrophic_nanoflagellates,Protozooplankton,2016,250,NA,1,Thomson_P_G_et_al_2016__2016__Increasing_CO2_changes_community_composition_of_pico_and_nano_sized_protists_and_prokaryotes_at_a_coastal_Antarctic_site,ZOO_STUDY_0499,ZOO_ES_003492,ZOO_STUDY_0499__Heterotrophic_nanoflagellates__Protozooplankton__CO2250.00__TNA__NC1,ZOO_COMMON_00861,-0.7271373806622677,0.14170161395362332,2.6565170130758586,2
Jian et al. 2025,"Thomson, P. G. et al., 2016",2016,Increasing CO2 changes community composition of pico- and nano-sized protists and prokaryotes at a coastal Antarctic site,https://www.int-res.com/abstracts/meps/v554/meps11803,Zooplankton,Holoplankton,Protozooplankton,Heterotrophic nanoflagellates,pH,1,1,250,NA,1240,NA,Abundance-heterotrophic nanoflagellates,positive,NA,Survival,1925.742574,603.1041568,915.84158420000006,191.2769075,-0.743223518,0.141701614,Figure 5,NA,Yes,NA,NA,NA,,990,NA,Thomson_P_G_et_al_2016,Increasing_CO2_changes_community_composition_of_pico_and_nano_sized_protists_and_prokaryotes_at_a_coastal_Antarctic_site,Heterotrophic_nanoflagellates,Protozooplankton,2016,250,NA,1,Thomson_P_G_et_al_2016__2016__Increasing_CO2_changes_community_composition_of_pico_and_nano_sized_protists_and_prokaryotes_at_a_coastal_Antarctic_site,ZOO_STUDY_0499,ZOO_ES_003494,ZOO_STUDY_0499__Heterotrophic_nanoflagellates__Protozooplankton__CO2250.00__TNA__NC1,ZOO_COMMON_00861,-0.74322351836104,0.14170161394416048,2.6565170131645597,2
Jian et al. 2025,"Hammill, Edd et al., 2018",2018,Ocean acidification alters zooplankton communities and increases top-down pressure of a cubozoan predator,https://pubmed.ncbi.nlm.nih.gov/28850765/,Zooplankton,Holoplankton,Decapod,Pleocyemata,pH,3,3,370,NA,1100,NA,Abundances-Pleocyemata,positive,NA,Survival,3.736965462,0.912064916,1.770482356,0.753511261,-0.747021881,0.0802,Figure 3,NA,Yes,NA,NA,NA,,730,NA,Hammill_Edd_et_al_2018,Ocean_acidification_alters_zooplankton_communities_and_increases_top_down_pressure_of_a_cubozoan_predator,Pleocyemata,Decapod,2018,370,NA,3,Hammill_Edd_et_al_2018__2018__Ocean_acidification_alters_zooplankton_communities_and_increases_top_down_pressure_of_a_cubozoan_predator,ZOO_STUDY_0206,ZOO_ES_003505,ZOO_STUDY_0206__Pleocyemata__Decapod__CO2370.00__TNA__NC3,ZOO_COMMON_00370,-0.7470218813140627,0.08023350136639575,3.5303854735144036,2
Jian et al. 2025,"Troedsson, Christofer et al., 2013",2013,"Effects of ocean acidification, temperature and nutrient regimes on the appendicularian Oikopleura dioica: a mesocosm study",https://link.springer.com/article/10.1007/s00227-012-2137-9,Zooplankton,Holoplankton,Non-calanoid copepod,Cyclopoids,pH,1,1,350,NA,1000,NA,Abundance-cyclopoids,positive,NA,Survival,12.31611894,1.956181534,5.665101721,2.738654147,-0.776584037,0.258927419,Figure 4,NA,Yes,NA,NA,NA,,650,NA,Troedsson_Christofer_et_al_2013,Effects_of_ocean_acidification_temperature_and_nutrient_regimes_on_the_appendicularian_Oikopleura_dioica_a_mesocosm_study,Cyclopoids,Non_calanoid_copepod,2013,350,NA,1,Troedsson_Christofer_et_al_2013__2013__Effects_of_ocean_acidification_temperature_and_nutrient_regimes_on_the_appendicularian_Oikopleura_dioica_a_mesocosm_study,ZOO_STUDY_0508,ZOO_ES_003531,ZOO_STUDY_0508__Cyclopoids__Non_calanoid_copepod__CO2350.00__TNA__NC1,ZOO_COMMON_00878,-0.7765840370072489,0.2589274190359903,1.9652191109883057,2.5
Jian et al. 2025,"Paul, C., et al., 2016",2016,Effects of increased CO2 concentration on nutrient limited coastal summer plankton depend on temperature,https://aslopubs.onlinelibrary.wiley.com/doi/10.1002/lno.10256,Zooplankton,Holoplankton,Other zooplankton,Total zooplankton,pH,1,1,500,NA,3000,NA,Abundance,positive,NA,Survival,39.403,11.08846917,17.9104,6.019110897,-0.788460406,0.192134249,Figure 1,NA,Yes,NA,NA,NA,,2500,NA,Paul_C_et_al_2016,Effects_of_increased_CO2_concentration_on_nutrient_limited_coastal_summer_plankton_depend_on_temperature,Total_zooplankton,Other_zooplankton,2016,500,NA,1,Paul_C_et_al_2016__2016__Effects_of_increased_CO2_concentration_on_nutrient_limited_coastal_summer_plankton_depend_on_temperature,ZOO_STUDY_0409,ZOO_ES_003542,ZOO_STUDY_0409__Total_zooplankton__Other_zooplankton__CO2500.00__TNA__NC1,ZOO_COMMON_00704,-0.7884604058222995,0.19213424909023608,2.281379875922799,2.5
Leung et al. 2022,"Garrett et al., 2020. Integr Comp Biol",NA,NA,NA,Zooplankton,Meroplankton,Urchin larvae,Strongylocentrotus purpuratus,pH,15,15,311,13.9,1417.8,14,Larval survival,positive,NA,Survival,26.5,11.25,12,5.25,-0.7922380832041762,0.0248,NA,NA,Yes,NA,NA,NA,,1106.8,0.09999999999999964,Garrett_et_al_2020_Integr_Comp_Biol,NA,Strongylocentrotus_purpuratus,Urchin_larvae,NA,311,13.9,15,Garrett_et_al_2020_Integr_Comp_Biol__NA__NA,ZOO_STUDY_0170,ZOO_ES_003543,ZOO_STUDY_0170__Strongylocentrotus_purpuratus__Urchin_larvae__CO2311.00__T13.90__NC15,ZOO_COMMON_00298,-0.7922380832041762,0.024775368606858906,6.353162118335454,2.75
Leung et al. 2022,"Lee et al., 2019. Comp Biochem Physiol A",NA,NA,NA,Zooplankton,Meroplankton,Urchin larvae,Strongylocentrotus purpuratus,pH,3,2,577,10.2,4225,10.2,Larval survival,positive,NA,Survival,0.93,0.05567764362830021,0.41500000000000004,0.3747665940288703,-0.8069060659166033,0.00478,NA,NA,Yes,NA,NA,NA,,3648,0,Lee_et_al_2019_Comp_Biochem_Physiol_A,NA,Strongylocentrotus_purpuratus,Urchin_larvae,NA,577,10.2,3,Lee_et_al_2019_Comp_Biochem_Physiol_A__NA__NA,ZOO_STUDY_0297,ZOO_ES_003562,ZOO_STUDY_0297__Strongylocentrotus_purpuratus__Urchin_larvae__CO2577.00__T10.20__NC3,ZOO_COMMON_00508,-0.8069060659166033,0.40894623100945493,1.5637484601043148,2.5
Leung et al. 2022,"Zhan et al., 2016. Mar Pollut Bull",NA,NA,NA,Zooplankton,Meroplankton,Urchin larvae,Strongylocentrotus intermedius,pH,3,3,693.53,20.6,1799.24,20.6,Larval survival,positive,NA,Survival,81,4,35,4,-0.8391010931830252,0.00517,NA,NA,Yes,NA,NA,NA,,1105.71,0,Zhan_et_al_2016_Mar_Pollut_Bull,NA,Strongylocentrotus_intermedius,Urchin_larvae,NA,693.53,20.6,3,Zhan_et_al_2016_Mar_Pollut_Bull__NA__NA,ZOO_STUDY_0557,ZOO_ES_003653,ZOO_STUDY_0557__Strongylocentrotus_intermedius__Urchin_larvae__CO2693.53__T20.60__NC3,ZOO_COMMON_00969,-0.8391010931830252,0.005166625711403293,13.912222012790123,3.5
Leung et al. 2022,"Doropoulos and Diaz-Pulido, 2013. Mar Ecol Prog Ser",NA,NA,NA,Zooplankton,Meroplankton,Coral larvae,Acartia tonsa,pH,6,6,447,26.6,1214,26.6,Larval survival,positive,NA,Survival,56.62665603140473,38.40964761577779,23.8473999403962,13.001855794721122,-0.864804634745893,0.778239458,NA,NA,Yes,NA,NA,NA,,767,0,Doropoulos_and_Diaz_Pulido_2013_Mar_Ecol_Prog_Ser,NA,Acartia_tonsa,Coral_larvae,NA,447,26.6,6,Doropoulos_and_Diaz_Pulido_2013_Mar_Ecol_Prog_Ser__NA__NA,ZOO_STUDY_0132,ZOO_ES_003659,ZOO_STUDY_0132__Acartia_tonsa__Coral_larvae__CO2447.00__T26.60__NC6,ZOO_COMMON_00231,-0.864804634745893,0.12622340121459633,2.8146866984903145,2
Leung et al. 2022,"Dorey et al., 2018. J Environ Radioact",NA,NA,NA,Zooplankton,Meroplankton,Urchin larvae,Paracentrotus lividus,pH,6,6,335,20.130000000000003,2840,20.130000000000003,Larval density (survival),positive,NA,Survival,24.7,4.1,10.3,1.3,-0.8746593483983413,0.00725,NA,NA,Yes,NA,NA,NA,,2505,0,Dorey_et_al_2018_J_Environ_Radioact,NA,Paracentrotus_lividus,Urchin_larvae,NA,335,20.130000000000003,6,Dorey_et_al_2018_J_Environ_Radioact__NA__NA,ZOO_STUDY_0131,ZOO_ES_003681,ZOO_STUDY_0131__Paracentrotus_lividus__Urchin_larvae__CO2335.00__T20.13__NC6,ZOO_COMMON_00230,-0.8746593483983413,0.00724719711180254,11.74667527307374,3.5
Jian et al. 2025,"Hammill, Edd et al., 2018",2018,Ocean acidification alters zooplankton communities and increases top-down pressure of a cubozoan predator,https://pubmed.ncbi.nlm.nih.gov/28850765/,Zooplankton,Holoplankton,Calanoid copepod,Calanoid copepod,pH,3,3,370,NA,1100,NA,Abundances-Calanoida copepods,positive,NA,Survival,203.7794123,106.4794159,84.62153832,44.2166943,-0.878849272,0.182020143,Figure 3,NA,Yes,NA,NA,NA,,730,NA,Hammill_Edd_et_al_2018,Ocean_acidification_alters_zooplankton_communities_and_increases_top_down_pressure_of_a_cubozoan_predator,Calanoid_copepod,Calanoid_copepod,2018,370,NA,3,Hammill_Edd_et_al_2018__2018__Ocean_acidification_alters_zooplankton_communities_and_increases_top_down_pressure_of_a_cubozoan_predator,ZOO_STUDY_0206,ZOO_ES_003682,ZOO_STUDY_0206__Calanoid_copepod__Calanoid_copepod__CO2370.00__TNA__NC3,ZOO_COMMON_00368,-0.8788492722688925,0.18202014275792777,2.3439064529505873,2.5
Jian et al. 2025,"Bach, L. T. et al., 2019",2019,Effects of elevated CO2 on a natural diatom community in the subtropical NE Atlantic,https://www.frontiersin.org/journals/marine-science/articles/10.3389/fmars.2019.00075/full,Zooplankton,Holoplankton,Calanoid copepod,Clausocalanus and Paracalanus,pH,1,1,377,NA,1041,NA,Abundance-CP calanus,positive,NA,Survival,5.977859779,1.872146428,2.479704797,0.517895533,-0.879923088,0.141701614,Figure 6,NA,Yes,NA,NA,NA,,664,NA,Bach_L_T_et_al_2019,Effects_of_elevated_CO2_on_a_natural_diatom_community_in_the_subtropical_NE_Atlantic,Clausocalanus_and_Paracalanus,Calanoid_copepod,2019,377,NA,1,Bach_L_T_et_al_2019__2019__Effects_of_elevated_CO2_on_a_natural_diatom_community_in_the_subtropical_NE_Atlantic,ZOO_STUDY_0027,ZOO_ES_003689,ZOO_STUDY_0027__Clausocalanus_and_Paracalanus__Calanoid_copepod__CO2377.00__TNA__NC1,ZOO_COMMON_00041,-0.8799230877899094,0.14170161398367734,2.6565170127941435,2.5
Leung et al. 2022,"Garrett et al., 2020. Integr Comp Biol",NA,NA,NA,Zooplankton,Meroplankton,Urchin larvae,Strongylocentrotus purpuratus,pH,15,15,311,13.9,5203.4,14,Larval survival,positive,NA,Survival,26.5,11.25,10,7.5,-0.9745596399981308,0.0495,NA,NA,Yes,NA,NA,NA,,4892.4,0.09999999999999964,Garrett_et_al_2020_Integr_Comp_Biol,NA,Strongylocentrotus_purpuratus,Urchin_larvae,NA,311,13.9,15,Garrett_et_al_2020_Integr_Comp_Biol__NA__NA,ZOO_STUDY_0170,ZOO_ES_003709,ZOO_STUDY_0170__Strongylocentrotus_purpuratus__Urchin_larvae__CO2311.00__T13.90__NC15,ZOO_COMMON_00298,-0.9745596399981308,0.04951495194019224,4.493987075486141,2
Leung et al. 2022,"Ragg et al., 2019. J Shellfish Res",NA,NA,https://bioone.org/journals/journal-of-shellfish-research/volume-38/issue-3/035.038.0328/The-Effects-of-Aragonite-Saturation-State-on-Hatchery-Reared-Larvae/10.2983/035.038.0328.full?utm_source=chatgpt.com,Zooplankton,Meroplankton,Bivalve larvae,Perna canaliculus,pH,3,3,359,17,638.4,17,Larval survival,positive,NA,Survival,51,19.05255888325765,19,14.722431864335457,-0.9873866535578852,0.251111111,NA,NA,Yes,NA,NA,NA,,279.4,0,Ragg_et_al_2019_J_Shellfish_Res,NA,Perna_canaliculus,Bivalve_larvae,NA,359,17,3,Ragg_et_al_2019_J_Shellfish_Res__NA__NA,ZOO_STUDY_0430,ZOO_ES_003710,ZOO_STUDY_0430__Perna_canaliculus__Bivalve_larvae__CO2359.00__T17.00__NC3,ZOO_COMMON_00741,-0.9873866535578852,0.24665907316704316,2.0134991581206623,2.5
Leung et al. 2022,"Miller et al., 2016. Mar Biol",NA,NA,NA,Zooplankton,Meroplankton,Crustacean larvae,Cancer magister,pH,2,2,466,12.11,3920,12.11,Zoeae survival,positive,NA,Survival,57.9,11.808683245815331,21.1,0,-1.0094443440969287,0.0735,NA,NA,Yes,NA,NA,NA,,3454,0,Miller_et_al_2016_Mar_Biol,NA,Cancer_magister,Crustacean_larvae,NA,466,12.11,2,Miller_et_al_2016_Mar_Biol__NA__NA,ZOO_STUDY_0355,ZOO_ES_003712,ZOO_STUDY_0355__Cancer_magister__Crustacean_larvae__CO2466.00__T12.11__NC2,ZOO_COMMON_00620,-1.0094443440969287,0.02079772462198832,6.934131736526953,2.75
Leung et al. 2022,"Manríquez et al., 2014. Mar Ecol Prog Ser",NA,Effects of ocean acidification on larval development and early post-hatching traits in Concholepas concholepas (loco),https://www.int-res.com/journals/meps/articles/meps10951,Zooplankton,Meroplankton,Gastropod larvae,Concholepas concholepas,pH,3,3,365.44,12.59,979.4599999999999,12.639999999999999,Larval survival,positive,NA,Survival,100,0,36,22,-1.0216512475319814,1.79e-4,NA,NA,Yes,NA,NA,NA,,614.02,0.049999999999998934,Manr_quez_et_al_2014_Mar_Ecol_Prog_Ser,Effects_of_ocean_acidification_on_larval_development_and_early_post_hatching_traits_in_Concholepas_concholepas_loco_,Concholepas_concholepas,Gastropod_larvae,NA,365.44,12.59,3,Manr_quez_et_al_2014_Mar_Ecol_Prog_Ser__NA__Effects_of_ocean_acidification_on_larval_development_and_early_post_hatching_traits_in_Concholepas_concholepas_loco_,ZOO_STUDY_0331,ZOO_ES_003714,ZOO_STUDY_0331__Concholepas_concholepas__Gastropod_larvae__CO2365.44__T12.59__NC3,ZOO_COMMON_00581,-1.0216512475319814,0.12448559670781893,2.834264957839981,2
Leung et al. 2022,"Griffith and Gobler, 2017. Sci Rep",NA,NA,NA,Zooplankton,Meroplankton,Bivalve larvae,Mercenaria mercenaria,pH,4,4,644.59,24,2539.66,24,Larval survival,positive,NA,Survival,37.5,7,12.5,7,-1.0986122886681098,0.554083288,NA,NA,Yes,NA,NA,NA,,1895.0699999999997,0,Griffith_and_Gobler_2017_Sci_Rep,NA,Mercenaria_mercenaria,Bivalve_larvae,NA,644.59,24,4,Griffith_and_Gobler_2017_Sci_Rep__NA__NA,ZOO_STUDY_0196,ZOO_ES_003718,ZOO_STUDY_0196__Mercenaria_mercenaria__Bivalve_larvae__CO2644.59__T24.00__NC4,ZOO_COMMON_00350,-1.0986122886681098,0.08711111111111111,3.388154635894692,2
Jian et al. 2025,"Bach, L. T. et al., 2019",2019,Effects of elevated CO2 on a natural diatom community in the subtropical NE Atlantic,https://www.frontiersin.org/journals/marine-science/articles/10.3389/fmars.2019.00075/full,Zooplankton,Holoplankton,Calanoid copepod,Clausocalanus and Paracalanus,pH,1,1,377,NA,619,NA,Abundance-CP calanus,positive,NA,Survival,5.977859779,1.872146428,1.992619926,0.416166053,-1.098612289,0.141701614,Figure 6,NA,Yes,NA,NA,NA,,242,NA,Bach_L_T_et_al_2019,Effects_of_elevated_CO2_on_a_natural_diatom_community_in_the_subtropical_NE_Atlantic,Clausocalanus_and_Paracalanus,Calanoid_copepod,2019,377,NA,1,Bach_L_T_et_al_2019__2019__Effects_of_elevated_CO2_on_a_natural_diatom_community_in_the_subtropical_NE_Atlantic,ZOO_STUDY_0027,ZOO_ES_003719,ZOO_STUDY_0027__Clausocalanus_and_Paracalanus__Calanoid_copepod__CO2377.00__TNA__NC1,ZOO_COMMON_00041,-1.0986122888353937,0.14170161392707678,2.656517013324696,2
Jian et al. 2025,"Bach, L. T. et al., 2019",2019,Effects of elevated CO2 on a natural diatom community in the subtropical NE Atlantic,https://www.frontiersin.org/journals/marine-science/articles/10.3389/fmars.2019.00075/full,Zooplankton,Holoplankton,Calanoid copepod,Clausocalanus and Paracalanus,pH,1,1,377,NA,835,NA,Abundance-CP calanus,positive,NA,Survival,5.977859779,1.872146428,1.948339483,0.406917918,-1.121085145,0.141701614,Figure 6,NA,Yes,NA,NA,NA,,458,NA,Bach_L_T_et_al_2019,Effects_of_elevated_CO2_on_a_natural_diatom_community_in_the_subtropical_NE_Atlantic,Clausocalanus_and_Paracalanus,Calanoid_copepod,2019,377,NA,1,Bach_L_T_et_al_2019__2019__Effects_of_elevated_CO2_on_a_natural_diatom_community_in_the_subtropical_NE_Atlantic,ZOO_STUDY_0027,ZOO_ES_003720,ZOO_STUDY_0027__Clausocalanus_and_Paracalanus__Calanoid_copepod__CO2377.00__TNA__NC1,ZOO_COMMON_00041,-1.1210851447901038,0.14170161383121846,2.6565170142232364,2
Leung et al. 2022,Watson et al. 2009. J Shellfish Res,NA,NA,NA,Zooplankton,Meroplankton,Bivalve larvae,Saccostrea glomerata,pH,3,3,220.3,25.7,775.6,25.6,Larval survival,positive,NA,Survival,2.7,1.3856406460551018,0.75,0.34641016151377546,-1.2809338454620645,0.158902606,NA,NA,Yes,NA,NA,NA,,555.3,-0.09999999999999787,Watson_et_al_2009_J_Shellfish_Res,NA,Saccostrea_glomerata,Bivalve_larvae,NA,220.3,25.7,3,Watson_et_al_2009_J_Shellfish_Res__NA__NA,ZOO_STUDY_0539,ZOO_ES_003724,ZOO_STUDY_0539__Saccostrea_glomerata__Bivalve_larvae__CO2220.30__T25.70__NC3,ZOO_COMMON_00942,-1.2809338454620645,0.15890260631001368,2.5086177435841863,2.5
Jian et al. 2025,"Bach, L. T. et al., 2019",2019,Effects of elevated CO2 on a natural diatom community in the subtropical NE Atlantic,https://www.frontiersin.org/journals/marine-science/articles/10.3389/fmars.2019.00075/full,Zooplankton,Holoplankton,Calanoid copepod,Clausocalanus and Paracalanus,pH,1,1,377,NA,741,NA,Abundance-CP calanus,positive,NA,Survival,5.977859779,1.872146428,1.638376384,0.342180977,-1.294356866,0.141701614,Figure 6,NA,Yes,NA,NA,NA,,364,NA,Bach_L_T_et_al_2019,Effects_of_elevated_CO2_on_a_natural_diatom_community_in_the_subtropical_NE_Atlantic,Clausocalanus_and_Paracalanus,Calanoid_copepod,2019,377,NA,1,Bach_L_T_et_al_2019__2019__Effects_of_elevated_CO2_on_a_natural_diatom_community_in_the_subtropical_NE_Atlantic,ZOO_STUDY_0027,ZOO_ES_003725,ZOO_STUDY_0027__Clausocalanus_and_Paracalanus__Calanoid_copepod__CO2377.00__TNA__NC1,ZOO_COMMON_00041,-1.2943568657173448,0.1417016139284401,2.6565170133119165,2
Leung et al. 2022,"Andersen et al., 2013. Biogeosciences",NA,NA,NA,Zooplankton,Meroplankton,Bivalve larvae,Pecten maximus,pH,4,4,469,15.6,1164,15.6,Larval survival,positive,NA,Survival,45,7.5,12,3.75,-1.3217558399823195,1.32e-4,NA,must be 477,Yes,NA,NA,NA,,695,0,Andersen_et_al_2013_Biogeosciences,NA,Pecten_maximus,Bivalve_larvae,NA,469,15.6,4,Andersen_et_al_2013_Biogeosciences__NA__NA,ZOO_STUDY_0019,ZOO_ES_003726,ZOO_STUDY_0019__Pecten_maximus__Bivalve_larvae__CO2469.00__T15.60__NC4,ZOO_COMMON_00027,-1.3217558399823195,0.03135850694444445,5.647058823529411,2.75
Leung et al. 2022,"Long et al., 2013. Mar Pollut Bull",NA,NA,NA,Zooplankton,Meroplankton,Crustacean larvae,Paralithodes camtschaticus,pH,5,5,397,4.1,962.5,4.1,Larval survival,positive,NA,Survival,0.08,0.044721359549995794,0.02,0.044721359549995794,-1.3862943611198906,0.0354,NA,NA,Yes,NA,NA,NA,,565.5,0,Long_et_al_2013_Mar_Pollut_Bull,NA,Paralithodes_camtschaticus,Crustacean_larvae,NA,397,4.1,5,Long_et_al_2013_Mar_Pollut_Bull__NA__NA,ZOO_STUDY_0316,ZOO_ES_003730,ZOO_STUDY_0316__Paralithodes_camtschaticus__Crustacean_larvae__CO2397.00__T4.10__NC5,ZOO_COMMON_00546,-1.3862943611198906,1.0625,0.9701425001453319,2.5
Leung et al. 2022,"Tahil and Dy, 2016. Aquaculture",NA,NA,NA,Zooplankton,Meroplankton,Gastropod larvae,Haliotis asinina,pH,8,8,465.4,26.3,1179.3,26,Larval survival,positive,NA,Survival,98,6,24,3,-1.4069136483226263,0.00242,NA,NA,Yes,NA,NA,NA,,713.9,-0.3000000000000007,Tahil_and_Dy_2016_Aquaculture,NA,Haliotis_asinina,Gastropod_larvae,NA,465.4,26.3,8,Tahil_and_Dy_2016_Aquaculture__NA__NA,ZOO_STUDY_0492,ZOO_ES_003731,ZOO_STUDY_0492__Haliotis_asinina__Gastropod_larvae__CO2465.40__T26.30__NC8,ZOO_COMMON_00846,-1.4069136483226263,0.0024216797688463142,20.3208393839524,4.25
Leung et al. 2022,"Huo et al., 2019. Aquacult Int",NA,NA,NA,Zooplankton,Meroplankton,Bivalve larvae,Panopea japonica,pH,3,3,443.4,19,3259.5,19,Larval survival,positive,NA,Survival,20.5,2,5,1.5,-1.410986973710262,0.0675,NA,NA,Yes,NA,NA,NA,,2816.1,0,Huo_et_al_2019_Aquacult_Int,NA,Panopea_japonica,Bivalve_larvae,NA,443.4,19,3,Huo_et_al_2019_Aquacult_Int__NA__NA,ZOO_STUDY_0237,ZOO_ES_003732,ZOO_STUDY_0237__Panopea_japonica__Bivalve_larvae__CO2443.40__T19.00__NC3,ZOO_COMMON_00412,-1.410986973710262,0.03317271465397581,5.490469628346301,2.75
Leung et al. 2022,"Miller et al., 2016. Mar Biol",NA,NA,NA,Zooplankton,Meroplankton,Crustacean larvae,Cancer magister,pH,2,2,466,12.11,1781,12.11,Zoeae survival,positive,NA,Survival,57.9,11.808683245815331,13.5,4.3840620433565975,-1.4560276991345658,0.0208,NA,NA,Yes,NA,NA,NA,,1315,0,Miller_et_al_2016_Mar_Biol,NA,Cancer_magister,Crustacean_larvae,NA,466,12.11,2,Miller_et_al_2016_Mar_Biol__NA__NA,ZOO_STUDY_0355,ZOO_ES_003756,ZOO_STUDY_0355__Cancer_magister__Crustacean_larvae__CO2466.00__T12.11__NC2,ZOO_COMMON_00620,-1.4560276991345658,0.07352749142582926,3.687865940507479,2
Leung et al. 2022,"Griffith and Gobler, 2017. Sci Rep",NA,NA,NA,Zooplankton,Meroplankton,Bivalve larvae,Argopecten irradians,pH,4,4,644.59,24,2539.66,24,Larval survival,positive,NA,Survival,4.3,2,1,0.5,-1.4586150226995167,0.154369018,NA,NA,Yes,NA,NA,NA,,1895.0699999999997,0,Griffith_and_Gobler_2017_Sci_Rep,NA,Argopecten_irradians,Bivalve_larvae,NA,644.59,24,4,Griffith_and_Gobler_2017_Sci_Rep__NA__NA,ZOO_STUDY_0196,ZOO_ES_003757,ZOO_STUDY_0196__Argopecten_irradians__Bivalve_larvae__CO2644.59__T24.00__NC4,ZOO_COMMON_00349,-1.4586150226995167,0.11658328826392644,2.928746952652335,2
Jian et al. 2025,"Gobler, Christopher J. et al., 2018",2018,"Temperature, acidification, and food supply interact to negatively affect the growth and survival of the forage fish, Menidia beryllina (Inland Silverside), and Cyprinodon variegatus (Sheepshead Minnow)",https://www.frontiersin.org/journals/marine-science/articles/10.3389/fmars.2018.00086/full,Zooplankton,Meroplankton,Fish larvae,Menidia beryllina,pH,4,4,494,NA,2088,NA,Percent survival-Menidia beryllina.(fed),positive,NA,Survival,72.14611872,5.479452055,16.43835616,13.69863014,-1.4790760948172705,0.17505318787054913,Figure 3,NA,Yes,NA,NA,NA,,1594,NA,Gobler_Christopher_J_et_al_2018,Temperature_acidification_and_food_supply_interact_to_negatively_affect_the_growth_and_survival_of_the_forage_fish_Menidia_beryllina_Inland_Silverside_and_Cyprinodon_variegatus_Sheepshead_Minnow_,Menidia_beryllina,Fish_larvae,2018,494,NA,4,Gobler_Christopher_J_et_al_2018__2018__Temperature_acidification_and_food_supply_interact_to_negatively_affect_the_growth_and_survival_of_the_forage_fish_Menidia_beryllina_Inland_Silverside_and_Cyprinodon_variegatus_Sheepshead_Minnow_,ZOO_STUDY_0186,ZOO_ES_003761,ZOO_STUDY_0186__Menidia_beryllina__Fish_larvae__CO2494.00__TNA__NC4,ZOO_COMMON_00327,-1.4790760948172703,0.17505318787054913,2.3900940347991626,2.5
Jian et al. 2025,"Thomson, P. G. et al., 2016",2016,Increasing CO2 changes community composition of pico- and nano-sized protists and prokaryotes at a coastal Antarctic site,https://www.int-res.com/abstracts/meps/v554/meps11803,Zooplankton,Holoplankton,Protozooplankton,Heterotrophic nanoflagellates,pH,1,1,84,NA,2423,NA,Abundance-heterotrophic nanoflagellates,positive,NA,Survival,470.2970297,147.2876476,94.05940594,19.64465536,-1.609437912,0.141701614,Figure 5,NA,Yes,NA,NA,NA,,2339,NA,Thomson_P_G_et_al_2016,Increasing_CO2_changes_community_composition_of_pico_and_nano_sized_protists_and_prokaryotes_at_a_coastal_Antarctic_site,Heterotrophic_nanoflagellates,Protozooplankton,2016,84,NA,1,Thomson_P_G_et_al_2016__2016__Increasing_CO2_changes_community_composition_of_pico_and_nano_sized_protists_and_prokaryotes_at_a_coastal_Antarctic_site,ZOO_STUDY_0499,ZOO_ES_003764,ZOO_STUDY_0499__Heterotrophic_nanoflagellates__Protozooplankton__CO284.00__TNA__NC1,ZOO_COMMON_00862,-1.6094379124341003,0.1417016139719294,2.6565170129042643,2.5
Jian et al. 2025,"Westwood, K. J. et al., 2018",2018,Ocean acidification impacts primary and bacterial production in Antarctic coastal waters during austral summer,https://www.sciencedirect.com/science/article/abs/pii/S0022098116303707,Zooplankton,Holoplankton,Protozooplankton,Heterotrophic nanoflagellate,pH,1,1,195,NA,1560,NA,Abundance-heterotrophic nanoflagellate,positive,NA,Survival,0.47029703,0.147287648,0.092821782,0.019386173,-1.622683142,0.141701614,Figure 8,NA,Yes,NA,NA,NA,,1365,NA,Westwood_K_J_et_al_2018,Ocean_acidification_impacts_primary_and_bacterial_production_in_Antarctic_coastal_waters_during_austral_summer,Heterotrophic_nanoflagellate,Protozooplankton,2018,195,NA,1,Westwood_K_J_et_al_2018__2018__Ocean_acidification_impacts_primary_and_bacterial_production_in_Antarctic_coastal_waters_during_austral_summer,ZOO_STUDY_0543,ZOO_ES_003765,ZOO_STUDY_0543__Heterotrophic_nanoflagellate__Protozooplankton__CO2195.00__TNA__NC1,ZOO_COMMON_00947,-1.6226831417357,0.14170161430963532,2.6565170097387334,2.5
Jian et al. 2025,"Gonzalez-Bernat, M. J. et al., 2013",2013,"Effects of reduced seawater pH on fertilisation, embryogenesis and larval development in the Antarctic seastar Odontaster validus",https://link.springer.com/article/10.1007/s00300-012-1255-7,Zooplankton,Meroplankton,Echinoderm,Odontaster validus,pH,4,4,327,NA,691,NA,Survival-O.validus larvae,positive,NA,Survival,0.950073855,0.056720827,0.828655835,0.127621861,NA,NA,Figure 2,NA,Yes,NA,NA,NA,,364,NA,Gonzalez_Bernat_M_J_et_al_2013,Effects_of_reduced_seawater_pH_on_fertilisation_embryogenesis_and_larval_development_in_the_Antarctic_seastar_Odontaster_validus,Odontaster_validus,Echinoderm,2013,327,NA,4,Gonzalez_Bernat_M_J_et_al_2013__2013__Effects_of_reduced_seawater_pH_on_fertilisation_embryogenesis_and_larval_development_in_the_Antarctic_seastar_Odontaster_validus,ZOO_STUDY_0191,ZOO_ES_003833,ZOO_STUDY_0191__Odontaster_validus__Echinoderm__CO2327.00__TNA__NC4,ZOO_COMMON_00339,-0.13673481155968376,0.006820890585271243,12.108196447734253,3.5
Jian et al. 2025,"Gonzalez-Bernat, M. J. et al., 2013",2013,"Effects of reduced seawater pH on fertilisation, embryogenesis and larval development in the Antarctic seastar Odontaster validus",https://link.springer.com/article/10.1007/s00300-012-1255-7,Zooplankton,Meroplankton,Echinoderm,Odontaster validus,pH,4,4,327,NA,1130,NA,Survival-O.validus larvae,positive,NA,Survival,0.950073855,0.056720827,0.623929099,0.062038405,NA,NA,Figure 2,NA,Yes,NA,NA,NA,,803,NA,Gonzalez_Bernat_M_J_et_al_2013,Effects_of_reduced_seawater_pH_on_fertilisation_embryogenesis_and_larval_development_in_the_Antarctic_seastar_Odontaster_validus,Odontaster_validus,Echinoderm,2013,327,NA,4,Gonzalez_Bernat_M_J_et_al_2013__2013__Effects_of_reduced_seawater_pH_on_fertilisation_embryogenesis_and_larval_development_in_the_Antarctic_seastar_Odontaster_validus,ZOO_STUDY_0191,ZOO_ES_003843,ZOO_STUDY_0191__Odontaster_validus__Echinoderm__CO2327.00__TNA__NC4,ZOO_COMMON_00339,-0.42050298516172424,0.003362738685877933,17.24461250185856,3.5
Jian et al. 2025,"Gonzalez-Bernat, M. J. et al., 2013",2013,"Effects of reduced seawater pH on fertilisation, embryogenesis and larval development in the Antarctic seastar Odontaster validus",https://link.springer.com/article/10.1007/s00300-012-1255-7,Zooplankton,Meroplankton,Echinoderm,Odontaster validus,pH,4,4,327,NA,4604,NA,Survival-O.validus larvae,positive,NA,Survival,0.950073855,0.056720827,0.57872969,0.047858198,NA,NA,Figure 2,NA,Yes,NA,NA,NA,,4277,NA,Gonzalez_Bernat_M_J_et_al_2013,Effects_of_reduced_seawater_pH_on_fertilisation_embryogenesis_and_larval_development_in_the_Antarctic_seastar_Odontaster_validus,Odontaster_validus,Echinoderm,2013,327,NA,4,Gonzalez_Bernat_M_J_et_al_2013__2013__Effects_of_reduced_seawater_pH_on_fertilisation_embryogenesis_and_larval_development_in_the_Antarctic_seastar_Odontaster_validus,ZOO_STUDY_0191,ZOO_ES_003844,ZOO_STUDY_0191__Odontaster_validus__Echinoderm__CO2327.00__TNA__NC4,ZOO_COMMON_00339,-0.49570421176598445,0.002600693255307023,19.6089994490325,4.25
Jian et al. 2025,"Gonzalez-Bernat, M. J. et al., 2013",2013,"Effects of reduced seawater pH on fertilisation, embryogenesis and larval development in the Antarctic seastar Odontaster validus",https://link.springer.com/article/10.1007/s00300-012-1255-7,Zooplankton,Meroplankton,Echinoderm,Odontaster validus,pH,4,4,327,NA,691,NA,Survival-O.validus larvae,positive,NA,Survival,0.929689808,0.05140325,0.799409158,0.141802068,NA,NA,Figure 2,NA,Yes,NA,NA,NA,,364,NA,Gonzalez_Bernat_M_J_et_al_2013,Effects_of_reduced_seawater_pH_on_fertilisation_embryogenesis_and_larval_development_in_the_Antarctic_seastar_Odontaster_validus,Odontaster_validus,Echinoderm,2013,327,NA,4,Gonzalez_Bernat_M_J_et_al_2013__2013__Effects_of_reduced_seawater_pH_on_fertilisation_embryogenesis_and_larval_development_in_the_Antarctic_seastar_Odontaster_validus,ZOO_STUDY_0191,ZOO_ES_003847,ZOO_STUDY_0191__Odontaster_validus__Echinoderm__CO2327.00__TNA__NC4,ZOO_COMMON_00339,-0.15097808842191787,0.008630501541650112,10.764205560887243,3.5
Jian et al. 2025,"Gonzalez-Bernat, M. J. et al., 2013",2013,"Effects of reduced seawater pH on fertilisation, embryogenesis and larval development in the Antarctic seastar Odontaster validus",https://link.springer.com/article/10.1007/s00300-012-1255-7,Zooplankton,Meroplankton,Echinoderm,Odontaster validus,pH,4,4,327,NA,1130,NA,Survival-O.validus larvae,positive,NA,Survival,0.929689808,0.05140325,0.544165436,0.069128508,NA,NA,Figure 2,NA,Yes,NA,NA,NA,,803,NA,Gonzalez_Bernat_M_J_et_al_2013,Effects_of_reduced_seawater_pH_on_fertilisation_embryogenesis_and_larval_development_in_the_Antarctic_seastar_Odontaster_validus,Odontaster_validus,Echinoderm,2013,327,NA,4,Gonzalez_Bernat_M_J_et_al_2013__2013__Effects_of_reduced_seawater_pH_on_fertilisation_embryogenesis_and_larval_development_in_the_Antarctic_seastar_Odontaster_validus,ZOO_STUDY_0191,ZOO_ES_003848,ZOO_STUDY_0191__Odontaster_validus__Echinoderm__CO2327.00__TNA__NC4,ZOO_COMMON_00339,-0.535597679807692,0.004798792402490972,14.435572714970913,3.5
Jian et al. 2025,"Gonzalez-Bernat, M. J. et al., 2013",2013,"Effects of reduced seawater pH on fertilisation, embryogenesis and larval development in the Antarctic seastar Odontaster validus",https://link.springer.com/article/10.1007/s00300-012-1255-7,Zooplankton,Meroplankton,Echinoderm,Odontaster validus,pH,4,4,327,NA,4604,NA,Survival-O.validus larvae,positive,NA,Survival,0.929689808,0.05140325,0.399704579,0.083479782,NA,NA,Figure 2,NA,Yes,NA,NA,NA,,4277,NA,Gonzalez_Bernat_M_J_et_al_2013,Effects_of_reduced_seawater_pH_on_fertilisation_embryogenesis_and_larval_development_in_the_Antarctic_seastar_Odontaster_validus,Odontaster_validus,Echinoderm,2013,327,NA,4,Gonzalez_Bernat_M_J_et_al_2013__2013__Effects_of_reduced_seawater_pH_on_fertilisation_embryogenesis_and_larval_development_in_the_Antarctic_seastar_Odontaster_validus,ZOO_STUDY_0191,ZOO_ES_003849,ZOO_STUDY_0191__Odontaster_validus__Echinoderm__CO2327.00__TNA__NC4,ZOO_COMMON_00339,-0.8441252689818631,0.011669234318550678,9.257182372835723,2.75
Jian et al. 2025,"Gonzalez-Bernat, M. J. et al., 2013",2013,"Effects of reduced seawater pH on fertilisation, embryogenesis and larval development in the Antarctic seastar Odontaster validus",https://link.springer.com/article/10.1007/s00300-012-1255-7,Zooplankton,Meroplankton,Echinoderm,Odontaster validus,pH,4,4,327,NA,691,NA,Survival-O.validus larvae,positive,NA,Survival,0.849039882,0.102806499,0.73028065,0.095716396,NA,NA,Figure 2,NA,Yes,NA,NA,NA,,364,NA,Gonzalez_Bernat_M_J_et_al_2013,Effects_of_reduced_seawater_pH_on_fertilisation_embryogenesis_and_larval_development_in_the_Antarctic_seastar_Odontaster_validus,Odontaster_validus,Echinoderm,2013,327,NA,4,Gonzalez_Bernat_M_J_et_al_2013__2013__Effects_of_reduced_seawater_pH_on_fertilisation_embryogenesis_and_larval_development_in_the_Antarctic_seastar_Odontaster_validus,ZOO_STUDY_0191,ZOO_ES_003850,ZOO_STUDY_0191__Odontaster_validus__Echinoderm__CO2327.00__TNA__NC4,ZOO_COMMON_00339,-0.15067724815858607,0.007960132930713803,11.208302403526696,3.5
Jian et al. 2025,"Gonzalez-Bernat, M. J. et al., 2013",2013,"Effects of reduced seawater pH on fertilisation, embryogenesis and larval development in the Antarctic seastar Odontaster validus",https://link.springer.com/article/10.1007/s00300-012-1255-7,Zooplankton,Meroplankton,Echinoderm,Odontaster validus,pH,4,4,327,NA,1130,NA,Survival-O.validus larvae,positive,NA,Survival,0.849039882,0.102806499,0.529985229,0.047858198,NA,NA,Figure 2,NA,Yes,NA,NA,NA,,803,NA,Gonzalez_Bernat_M_J_et_al_2013,Effects_of_reduced_seawater_pH_on_fertilisation_embryogenesis_and_larval_development_in_the_Antarctic_seastar_Odontaster_validus,Odontaster_validus,Echinoderm,2013,327,NA,4,Gonzalez_Bernat_M_J_et_al_2013__2013__Effects_of_reduced_seawater_pH_on_fertilisation_embryogenesis_and_larval_development_in_the_Antarctic_seastar_Odontaster_validus,ZOO_STUDY_0191,ZOO_ES_003851,ZOO_STUDY_0191__Odontaster_validus__Echinoderm__CO2327.00__TNA__NC4,ZOO_COMMON_00339,-0.4712570241265855,0.005703998115065527,13.240680721056387,3.5
Jian et al. 2025,"Gonzalez-Bernat, M. J. et al., 2013",2013,"Effects of reduced seawater pH on fertilisation, embryogenesis and larval development in the Antarctic seastar Odontaster validus",https://link.springer.com/article/10.1007/s00300-012-1255-7,Zooplankton,Meroplankton,Echinoderm,Odontaster validus,pH,4,4,327,NA,4604,NA,Survival-O.validus larvae,positive,NA,Survival,0.849039882,0.102806499,0.349187592,0.058493353,NA,NA,Figure 2,NA,Yes,NA,NA,NA,,4277,NA,Gonzalez_Bernat_M_J_et_al_2013,Effects_of_reduced_seawater_pH_on_fertilisation_embryogenesis_and_larval_development_in_the_Antarctic_seastar_Odontaster_validus,Odontaster_validus,Echinoderm,2013,327,NA,4,Gonzalez_Bernat_M_J_et_al_2013__2013__Effects_of_reduced_seawater_pH_on_fertilisation_embryogenesis_and_larval_development_in_the_Antarctic_seastar_Odontaster_validus,ZOO_STUDY_0191,ZOO_ES_003852,ZOO_STUDY_0191__Odontaster_validus__Echinoderm__CO2327.00__TNA__NC4,ZOO_COMMON_00339,-0.8884968697849622,0.010680555672004963,9.676160778206766,3.5
Jian et al. 2025,"Gonzalez-Bernat, M. J. et al., 2013",2013,"Effects of reduced seawater pH on fertilisation, embryogenesis and larval development in the Antarctic seastar Odontaster validus",https://link.springer.com/article/10.1007/s00300-012-1255-7,Zooplankton,Meroplankton,Echinoderm,Odontaster validus,pH,4,4,327,NA,691,NA,Survival-O.validus larvae,positive,NA,Survival,0.849926145,0.129394387,0.73028065,0.049630724,NA,NA,Figure 2,NA,Yes,NA,NA,NA,,364,NA,Gonzalez_Bernat_M_J_et_al_2013,Effects_of_reduced_seawater_pH_on_fertilisation_embryogenesis_and_larval_development_in_the_Antarctic_seastar_Odontaster_validus,Odontaster_validus,Echinoderm,2013,327,NA,4,Gonzalez_Bernat_M_J_et_al_2013__2013__Effects_of_reduced_seawater_pH_on_fertilisation_embryogenesis_and_larval_development_in_the_Antarctic_seastar_Odontaster_validus,ZOO_STUDY_0191,ZOO_ES_003853,ZOO_STUDY_0191__Odontaster_validus__Echinoderm__CO2327.00__TNA__NC4,ZOO_COMMON_00339,-0.15172054515959085,0.006949080444893169,11.995996500005424,3.5
Jian et al. 2025,"Gonzalez-Bernat, M. J. et al., 2013",2013,"Effects of reduced seawater pH on fertilisation, embryogenesis and larval development in the Antarctic seastar Odontaster validus",https://link.springer.com/article/10.1007/s00300-012-1255-7,Zooplankton,Meroplankton,Echinoderm,Odontaster validus,pH,4,4,327,NA,1130,NA,Survival-O.validus larvae,positive,NA,Survival,0.849926145,0.129394387,0.57872969,0.097488922,NA,NA,Figure 2,NA,Yes,NA,NA,NA,,803,NA,Gonzalez_Bernat_M_J_et_al_2013,Effects_of_reduced_seawater_pH_on_fertilisation_embryogenesis_and_larval_development_in_the_Antarctic_seastar_Odontaster_validus,Odontaster_validus,Echinoderm,2013,327,NA,4,Gonzalez_Bernat_M_J_et_al_2013__2013__Effects_of_reduced_seawater_pH_on_fertilisation_embryogenesis_and_larval_development_in_the_Antarctic_seastar_Odontaster_validus,ZOO_STUDY_0191,ZOO_ES_003854,ZOO_STUDY_0191__Odontaster_validus__Echinoderm__CO2327.00__TNA__NC4,ZOO_COMMON_00339,-0.3843139455619623,0.012888528421463055,8.808426467535782,2.75
Jian et al. 2025,"Gonzalez-Bernat, M. J. et al., 2013",2013,"Effects of reduced seawater pH on fertilisation, embryogenesis and larval development in the Antarctic seastar Odontaster validus",https://link.springer.com/article/10.1007/s00300-012-1255-7,Zooplankton,Meroplankton,Echinoderm,Odontaster validus,pH,4,4,327,NA,4604,NA,Survival-O.validus larvae,positive,NA,Survival,0.849926145,0.129394387,0.248153619,0.131166913,NA,NA,Figure 2,NA,Yes,NA,NA,NA,,4277,NA,Gonzalez_Bernat_M_J_et_al_2013,Effects_of_reduced_seawater_pH_on_fertilisation_embryogenesis_and_larval_development_in_the_Antarctic_seastar_Odontaster_validus,Odontaster_validus,Echinoderm,2013,327,NA,4,Gonzalez_Bernat_M_J_et_al_2013__2013__Effects_of_reduced_seawater_pH_on_fertilisation_embryogenesis_and_larval_development_in_the_Antarctic_seastar_Odontaster_validus,ZOO_STUDY_0191,ZOO_ES_003855,ZOO_STUDY_0191__Odontaster_validus__Echinoderm__CO2327.00__TNA__NC4,ZOO_COMMON_00339,-1.2311014716259456,0.07564133932827675,3.63597086867424,2
Jian et al. 2025,"Gonzalez-Bernat, M. J. et al., 2013",2013,"Effects of reduced seawater pH on fertilisation, embryogenesis and larval development in the Antarctic seastar Odontaster validus",https://link.springer.com/article/10.1007/s00300-012-1255-7,Zooplankton,Meroplankton,Echinoderm,Odontaster validus,pH,4,4,327,NA,691,NA,Survival-O.validus larvae,positive,NA,Survival,0.849926145,0.129394387,0.749778434,0.23929099,NA,NA,Figure 2,NA,Yes,NA,NA,NA,,364,NA,Gonzalez_Bernat_M_J_et_al_2013,Effects_of_reduced_seawater_pH_on_fertilisation_embryogenesis_and_larval_development_in_the_Antarctic_seastar_Odontaster_validus,Odontaster_validus,Echinoderm,2013,327,NA,4,Gonzalez_Bernat_M_J_et_al_2013__2013__Effects_of_reduced_seawater_pH_on_fertilisation_embryogenesis_and_larval_development_in_the_Antarctic_seastar_Odontaster_validus,ZOO_STUDY_0191,ZOO_ES_003856,ZOO_STUDY_0191__Odontaster_validus__Echinoderm__CO2327.00__TNA__NC4,ZOO_COMMON_00339,-0.125371715922522,0.03125841140147579,5.65609308999205,2.75
Jian et al. 2025,"Gonzalez-Bernat, M. J. et al., 2013",2013,"Effects of reduced seawater pH on fertilisation, embryogenesis and larval development in the Antarctic seastar Odontaster validus",https://link.springer.com/article/10.1007/s00300-012-1255-7,Zooplankton,Meroplankton,Echinoderm,Odontaster validus,pH,4,4,327,NA,1130,NA,Survival-O.validus larvae,positive,NA,Survival,0.849926145,0.129394387,0.450221566,0.056720827,NA,NA,Figure 2,NA,Yes,NA,NA,NA,,803,NA,Gonzalez_Bernat_M_J_et_al_2013,Effects_of_reduced_seawater_pH_on_fertilisation_embryogenesis_and_larval_development_in_the_Antarctic_seastar_Odontaster_validus,Odontaster_validus,Echinoderm,2013,327,NA,4,Gonzalez_Bernat_M_J_et_al_2013__2013__Effects_of_reduced_seawater_pH_on_fertilisation_embryogenesis_and_larval_development_in_the_Antarctic_seastar_Odontaster_validus,ZOO_STUDY_0191,ZOO_ES_003857,ZOO_STUDY_0191__Odontaster_validus__Echinoderm__CO2327.00__TNA__NC4,ZOO_COMMON_00339,-0.6354096269946004,0.00976240835253615,10.12095549376567,3.5
