"direction_scenario","Category","Response_category","Calcifier","Common_id","has_pH","has_T","has_TpH","full_factorial_common_id"
"ambiguous_dropped","Growth","Growth","Calcifier","ZOO_COMMON_00001",TRUE,FALSE,FALSE,FALSE
"ambiguous_dropped","Growth","Growth","Calcifier","ZOO_COMMON_00002",TRUE,FALSE,FALSE,FALSE
"ambiguous_dropped","Growth","Growth","Calcifier","ZOO_COMMON_00003",TRUE,FALSE,FALSE,FALSE
"ambiguous_dropped","Growth","Growth","Calcifier","ZOO_COMMON_00004",TRUE,FALSE,FALSE,FALSE
"ambiguous_dropped","Growth","Growth","Calcifier","ZOO_COMMON_00019",FALSE,FALSE,TRUE,FALSE
"ambiguous_dropped","Growth","Growth","Calcifier","ZOO_COMMON_00020",TRUE,FALSE,FALSE,FALSE
"ambiguous_dropped","Growth","Growth","Calcifier","ZOO_COMMON_00021",FALSE,TRUE,FALSE,FALSE
"ambiguous_dropped","Growth","Growth","Calcifier","ZOO_COMMON_00027",TRUE,FALSE,FALSE,FALSE
"ambiguous_dropped","Growth","Growth","Calcifier","ZOO_COMMON_00033",TRUE,TRUE,TRUE,TRUE
"ambiguous_dropped","Growth","Growth","Calcifier","ZOO_COMMON_00035",TRUE,TRUE,TRUE,TRUE
"ambiguous_dropped","Growth","Growth","Calcifier","ZOO_COMMON_00046",TRUE,FALSE,FALSE,FALSE
"ambiguous_dropped","Growth","Growth","Calcifier","ZOO_COMMON_00049",TRUE,FALSE,FALSE,FALSE
"ambiguous_dropped","Growth","Growth","Calcifier","ZOO_COMMON_00061",TRUE,FALSE,FALSE,FALSE
"ambiguous_dropped","Growth","Growth","Calcifier","ZOO_COMMON_00062",TRUE,FALSE,FALSE,FALSE
"ambiguous_dropped","Growth","Growth","Calcifier","ZOO_COMMON_00066",FALSE,TRUE,TRUE,FALSE
"ambiguous_dropped","Growth","Growth","Calcifier","ZOO_COMMON_00067",TRUE,TRUE,TRUE,TRUE
"ambiguous_dropped","Growth","Growth","Calcifier","ZOO_COMMON_00071",TRUE,TRUE,TRUE,TRUE
"ambiguous_dropped","Growth","Growth","Calcifier","ZOO_COMMON_00073",TRUE,TRUE,TRUE,TRUE
"ambiguous_dropped","Growth","Growth","Calcifier","ZOO_COMMON_00074",TRUE,TRUE,TRUE,TRUE
"ambiguous_dropped","Growth","Growth","Calcifier","ZOO_COMMON_00096",FALSE,TRUE,FALSE,FALSE
"ambiguous_dropped","Growth","Growth","Calcifier","ZOO_COMMON_00097",TRUE,FALSE,FALSE,FALSE
"ambiguous_dropped","Growth","Growth","Calcifier","ZOO_COMMON_00099",TRUE,FALSE,FALSE,FALSE
"ambiguous_dropped","Growth","Growth","Calcifier","ZOO_COMMON_00101",TRUE,FALSE,FALSE,FALSE
"ambiguous_dropped","Growth","Growth","Calcifier","ZOO_COMMON_00114",TRUE,FALSE,FALSE,FALSE
"ambiguous_dropped","Growth","Growth","Calcifier","ZOO_COMMON_00121",TRUE,FALSE,FALSE,FALSE
"ambiguous_dropped","Growth","Growth","Calcifier","ZOO_COMMON_00122",TRUE,FALSE,FALSE,FALSE
"ambiguous_dropped","Growth","Growth","Calcifier","ZOO_COMMON_00123",TRUE,FALSE,FALSE,FALSE
"ambiguous_dropped","Growth","Growth","Calcifier","ZOO_COMMON_00124",TRUE,FALSE,FALSE,FALSE
"ambiguous_dropped","Growth","Growth","Calcifier","ZOO_COMMON_00125",TRUE,FALSE,FALSE,FALSE
"ambiguous_dropped","Growth","Growth","Calcifier","ZOO_COMMON_00143",TRUE,FALSE,FALSE,FALSE
"ambiguous_dropped","Growth","Growth","Calcifier","ZOO_COMMON_00145",TRUE,FALSE,FALSE,FALSE
"ambiguous_dropped","Growth","Growth","Calcifier","ZOO_COMMON_00149",TRUE,FALSE,FALSE,FALSE
"ambiguous_dropped","Growth","Growth","Calcifier","ZOO_COMMON_00152",TRUE,FALSE,FALSE,FALSE
"ambiguous_dropped","Growth","Growth","Calcifier","ZOO_COMMON_00154",TRUE,FALSE,FALSE,FALSE
"ambiguous_dropped","Growth","Growth","Calcifier","ZOO_COMMON_00155",TRUE,FALSE,FALSE,FALSE
"ambiguous_dropped","Growth","Growth","Calcifier","ZOO_COMMON_00157",TRUE,TRUE,TRUE,TRUE
"ambiguous_dropped","Growth","Growth","Calcifier","ZOO_COMMON_00179",FALSE,TRUE,FALSE,FALSE
"ambiguous_dropped","Growth","Growth","Calcifier","ZOO_COMMON_00192",TRUE,FALSE,FALSE,FALSE
"ambiguous_dropped","Growth","Growth","Calcifier","ZOO_COMMON_00194",TRUE,FALSE,FALSE,FALSE
"ambiguous_dropped","Growth","Growth","Calcifier","ZOO_COMMON_00201",TRUE,FALSE,FALSE,FALSE
"ambiguous_dropped","Growth","Growth","Calcifier","ZOO_COMMON_00202",TRUE,FALSE,FALSE,FALSE
"ambiguous_dropped","Growth","Growth","Calcifier","ZOO_COMMON_00203",TRUE,FALSE,FALSE,FALSE
"ambiguous_dropped","Growth","Growth","Calcifier","ZOO_COMMON_00204",TRUE,FALSE,FALSE,FALSE
"ambiguous_dropped","Growth","Growth","Calcifier","ZOO_COMMON_00205",TRUE,FALSE,FALSE,FALSE
"ambiguous_dropped","Growth","Growth","Calcifier","ZOO_COMMON_00206",TRUE,FALSE,FALSE,FALSE
"ambiguous_dropped","Growth","Growth","Calcifier","ZOO_COMMON_00208",FALSE,TRUE,FALSE,FALSE
"ambiguous_dropped","Growth","Growth","Calcifier","ZOO_COMMON_00209",FALSE,FALSE,TRUE,FALSE
"ambiguous_dropped","Growth","Growth","Calcifier","ZOO_COMMON_00210",TRUE,FALSE,FALSE,FALSE
"ambiguous_dropped","Growth","Growth","Calcifier","ZOO_COMMON_00211",FALSE,TRUE,FALSE,FALSE
"ambiguous_dropped","Growth","Growth","Calcifier","ZOO_COMMON_00213",TRUE,FALSE,FALSE,FALSE
"ambiguous_dropped","Growth","Growth","Calcifier","ZOO_COMMON_00221",TRUE,FALSE,FALSE,FALSE
"ambiguous_dropped","Growth","Growth","Calcifier","ZOO_COMMON_00225",TRUE,FALSE,FALSE,FALSE
"ambiguous_dropped","Growth","Growth","Calcifier","ZOO_COMMON_00226",TRUE,FALSE,FALSE,FALSE
"ambiguous_dropped","Growth","Growth","Calcifier","ZOO_COMMON_00229",TRUE,FALSE,FALSE,FALSE
"ambiguous_dropped","Growth","Growth","Calcifier","ZOO_COMMON_00230",TRUE,FALSE,FALSE,FALSE
"ambiguous_dropped","Growth","Growth","Calcifier","ZOO_COMMON_00231",TRUE,FALSE,FALSE,FALSE
"ambiguous_dropped","Growth","Growth","Calcifier","ZOO_COMMON_00232",TRUE,FALSE,FALSE,FALSE
"ambiguous_dropped","Growth","Growth","Calcifier","ZOO_COMMON_00253",TRUE,FALSE,FALSE,FALSE
"ambiguous_dropped","Growth","Growth","Calcifier","ZOO_COMMON_00254",TRUE,FALSE,FALSE,FALSE
"ambiguous_dropped","Growth","Growth","Calcifier","ZOO_COMMON_00256",TRUE,FALSE,FALSE,FALSE
"ambiguous_dropped","Growth","Growth","Calcifier","ZOO_COMMON_00257",TRUE,FALSE,FALSE,FALSE
"ambiguous_dropped","Growth","Growth","Calcifier","ZOO_COMMON_00259",TRUE,FALSE,FALSE,FALSE
"ambiguous_dropped","Growth","Growth","Calcifier","ZOO_COMMON_00260",TRUE,FALSE,FALSE,FALSE
"ambiguous_dropped","Growth","Growth","Calcifier","ZOO_COMMON_00261",TRUE,FALSE,FALSE,FALSE
"ambiguous_dropped","Growth","Growth","Calcifier","ZOO_COMMON_00266",TRUE,TRUE,TRUE,TRUE
"ambiguous_dropped","Growth","Growth","Calcifier","ZOO_COMMON_00275",TRUE,FALSE,TRUE,FALSE
"ambiguous_dropped","Growth","Growth","Calcifier","ZOO_COMMON_00282",FALSE,TRUE,FALSE,FALSE
"ambiguous_dropped","Growth","Growth","Calcifier","ZOO_COMMON_00284",FALSE,FALSE,TRUE,FALSE
"ambiguous_dropped","Growth","Growth","Calcifier","ZOO_COMMON_00286",TRUE,FALSE,FALSE,FALSE
"ambiguous_dropped","Growth","Growth","Calcifier","ZOO_COMMON_00294",TRUE,FALSE,FALSE,FALSE
"ambiguous_dropped","Growth","Growth","Calcifier","ZOO_COMMON_00296",TRUE,FALSE,FALSE,FALSE
"ambiguous_dropped","Growth","Growth","Calcifier","ZOO_COMMON_00301",TRUE,FALSE,FALSE,FALSE
"ambiguous_dropped","Growth","Growth","Calcifier","ZOO_COMMON_00304",TRUE,FALSE,FALSE,FALSE
"ambiguous_dropped","Growth","Growth","Calcifier","ZOO_COMMON_00306",TRUE,FALSE,FALSE,FALSE
"ambiguous_dropped","Growth","Growth","Calcifier","ZOO_COMMON_00314",TRUE,FALSE,FALSE,FALSE
"ambiguous_dropped","Growth","Growth","Calcifier","ZOO_COMMON_00315",TRUE,FALSE,FALSE,FALSE
"ambiguous_dropped","Growth","Growth","Calcifier","ZOO_COMMON_00319",TRUE,FALSE,FALSE,FALSE
"ambiguous_dropped","Growth","Growth","Calcifier","ZOO_COMMON_00321",TRUE,FALSE,FALSE,FALSE
"ambiguous_dropped","Growth","Growth","Calcifier","ZOO_COMMON_00322",TRUE,FALSE,FALSE,FALSE
"ambiguous_dropped","Growth","Growth","Calcifier","ZOO_COMMON_00324",TRUE,FALSE,FALSE,FALSE
"ambiguous_dropped","Growth","Growth","Calcifier","ZOO_COMMON_00330",TRUE,FALSE,FALSE,FALSE
"ambiguous_dropped","Growth","Growth","Calcifier","ZOO_COMMON_00331",TRUE,FALSE,FALSE,FALSE
"ambiguous_dropped","Growth","Growth","Calcifier","ZOO_COMMON_00335",TRUE,FALSE,FALSE,FALSE
"ambiguous_dropped","Growth","Growth","Calcifier","ZOO_COMMON_00338",TRUE,FALSE,FALSE,FALSE
"ambiguous_dropped","Growth","Growth","Calcifier","ZOO_COMMON_00348",TRUE,FALSE,FALSE,FALSE
"ambiguous_dropped","Growth","Growth","Calcifier","ZOO_COMMON_00349",FALSE,TRUE,TRUE,FALSE
"ambiguous_dropped","Growth","Growth","Calcifier","ZOO_COMMON_00352",TRUE,FALSE,FALSE,FALSE
"ambiguous_dropped","Growth","Growth","Calcifier","ZOO_COMMON_00356",TRUE,TRUE,TRUE,TRUE
"ambiguous_dropped","Growth","Growth","Calcifier","ZOO_COMMON_00357",TRUE,FALSE,FALSE,FALSE
"ambiguous_dropped","Growth","Growth","Calcifier","ZOO_COMMON_00358",TRUE,FALSE,FALSE,FALSE
"ambiguous_dropped","Growth","Growth","Calcifier","ZOO_COMMON_00371",TRUE,FALSE,FALSE,FALSE
"ambiguous_dropped","Growth","Growth","Calcifier","ZOO_COMMON_00372",FALSE,TRUE,TRUE,FALSE
"ambiguous_dropped","Growth","Growth","Calcifier","ZOO_COMMON_00375",TRUE,FALSE,FALSE,FALSE
"ambiguous_dropped","Growth","Growth","Calcifier","ZOO_COMMON_00379",TRUE,FALSE,FALSE,FALSE
"ambiguous_dropped","Growth","Growth","Calcifier","ZOO_COMMON_00382",TRUE,FALSE,FALSE,FALSE
"ambiguous_dropped","Growth","Growth","Calcifier","ZOO_COMMON_00396",TRUE,FALSE,FALSE,FALSE
"ambiguous_dropped","Growth","Growth","Calcifier","ZOO_COMMON_00397",FALSE,TRUE,FALSE,FALSE
"ambiguous_dropped","Growth","Growth","Calcifier","ZOO_COMMON_00398",TRUE,FALSE,FALSE,FALSE
"ambiguous_dropped","Growth","Growth","Calcifier","ZOO_COMMON_00399",TRUE,FALSE,FALSE,FALSE
"ambiguous_dropped","Growth","Growth","Calcifier","ZOO_COMMON_00400",TRUE,FALSE,FALSE,FALSE
"ambiguous_dropped","Growth","Growth","Calcifier","ZOO_COMMON_00401",TRUE,FALSE,FALSE,FALSE
"ambiguous_dropped","Growth","Growth","Calcifier","ZOO_COMMON_00406",TRUE,TRUE,TRUE,TRUE
"ambiguous_dropped","Growth","Growth","Calcifier","ZOO_COMMON_00412",TRUE,FALSE,FALSE,FALSE
"ambiguous_dropped","Growth","Growth","Calcifier","ZOO_COMMON_00421",TRUE,FALSE,FALSE,FALSE
"ambiguous_dropped","Growth","Growth","Calcifier","ZOO_COMMON_00423",TRUE,FALSE,FALSE,FALSE
"ambiguous_dropped","Growth","Growth","Calcifier","ZOO_COMMON_00425",TRUE,FALSE,FALSE,FALSE
"ambiguous_dropped","Growth","Growth","Calcifier","ZOO_COMMON_00431",TRUE,FALSE,FALSE,FALSE
"ambiguous_dropped","Growth","Growth","Calcifier","ZOO_COMMON_00433",FALSE,TRUE,TRUE,FALSE
"ambiguous_dropped","Growth","Growth","Calcifier","ZOO_COMMON_00434",TRUE,FALSE,FALSE,FALSE
"ambiguous_dropped","Growth","Growth","Calcifier","ZOO_COMMON_00436",TRUE,FALSE,FALSE,FALSE
"ambiguous_dropped","Growth","Growth","Calcifier","ZOO_COMMON_00437",TRUE,FALSE,FALSE,FALSE
"ambiguous_dropped","Growth","Growth","Calcifier","ZOO_COMMON_00446",TRUE,FALSE,FALSE,FALSE
"ambiguous_dropped","Growth","Growth","Calcifier","ZOO_COMMON_00449",FALSE,TRUE,FALSE,FALSE
"ambiguous_dropped","Growth","Growth","Calcifier","ZOO_COMMON_00450",TRUE,FALSE,FALSE,FALSE
"ambiguous_dropped","Growth","Growth","Calcifier","ZOO_COMMON_00457",TRUE,FALSE,FALSE,FALSE
"ambiguous_dropped","Growth","Growth","Calcifier","ZOO_COMMON_00465",TRUE,FALSE,FALSE,FALSE
"ambiguous_dropped","Growth","Growth","Calcifier","ZOO_COMMON_00467",FALSE,TRUE,TRUE,FALSE
"ambiguous_dropped","Growth","Growth","Calcifier","ZOO_COMMON_00482",FALSE,TRUE,FALSE,FALSE
"ambiguous_dropped","Growth","Growth","Calcifier","ZOO_COMMON_00483",TRUE,FALSE,FALSE,FALSE
"ambiguous_dropped","Growth","Growth","Calcifier","ZOO_COMMON_00484",TRUE,FALSE,FALSE,FALSE
"ambiguous_dropped","Growth","Growth","Calcifier","ZOO_COMMON_00485",TRUE,FALSE,FALSE,FALSE
"ambiguous_dropped","Growth","Growth","Calcifier","ZOO_COMMON_00490",TRUE,TRUE,TRUE,TRUE
"ambiguous_dropped","Growth","Growth","Calcifier","ZOO_COMMON_00491",TRUE,TRUE,TRUE,TRUE
"ambiguous_dropped","Growth","Growth","Calcifier","ZOO_COMMON_00501",TRUE,FALSE,FALSE,FALSE
"ambiguous_dropped","Growth","Growth","Calcifier","ZOO_COMMON_00503",TRUE,FALSE,FALSE,FALSE
"ambiguous_dropped","Growth","Growth","Calcifier","ZOO_COMMON_00504",TRUE,FALSE,FALSE,FALSE
"ambiguous_dropped","Growth","Growth","Calcifier","ZOO_COMMON_00505",TRUE,FALSE,FALSE,FALSE
"ambiguous_dropped","Growth","Growth","Calcifier","ZOO_COMMON_00506",TRUE,FALSE,FALSE,FALSE
"ambiguous_dropped","Growth","Growth","Calcifier","ZOO_COMMON_00507",TRUE,FALSE,FALSE,FALSE
"ambiguous_dropped","Growth","Growth","Calcifier","ZOO_COMMON_00508",TRUE,FALSE,FALSE,FALSE
"ambiguous_dropped","Growth","Growth","Calcifier","ZOO_COMMON_00509",TRUE,FALSE,FALSE,FALSE
"ambiguous_dropped","Growth","Growth","Calcifier","ZOO_COMMON_00510",TRUE,FALSE,FALSE,FALSE
"ambiguous_dropped","Growth","Growth","Calcifier","ZOO_COMMON_00511",TRUE,FALSE,FALSE,FALSE
"ambiguous_dropped","Growth","Growth","Calcifier","ZOO_COMMON_00512",TRUE,FALSE,FALSE,FALSE
"ambiguous_dropped","Growth","Growth","Calcifier","ZOO_COMMON_00513",TRUE,FALSE,FALSE,FALSE
"ambiguous_dropped","Growth","Growth","Calcifier","ZOO_COMMON_00514",TRUE,FALSE,FALSE,FALSE
"ambiguous_dropped","Growth","Growth","Calcifier","ZOO_COMMON_00515",TRUE,FALSE,FALSE,FALSE
"ambiguous_dropped","Growth","Growth","Calcifier","ZOO_COMMON_00516",TRUE,FALSE,FALSE,FALSE
"ambiguous_dropped","Growth","Growth","Calcifier","ZOO_COMMON_00517",TRUE,FALSE,FALSE,FALSE
"ambiguous_dropped","Growth","Growth","Calcifier","ZOO_COMMON_00518",TRUE,FALSE,FALSE,FALSE
"ambiguous_dropped","Growth","Growth","Calcifier","ZOO_COMMON_00520",TRUE,FALSE,FALSE,FALSE
"ambiguous_dropped","Growth","Growth","Calcifier","ZOO_COMMON_00527",TRUE,FALSE,FALSE,FALSE
"ambiguous_dropped","Growth","Growth","Calcifier","ZOO_COMMON_00529",TRUE,FALSE,FALSE,FALSE
"ambiguous_dropped","Growth","Growth","Calcifier","ZOO_COMMON_00530",TRUE,FALSE,FALSE,FALSE
"ambiguous_dropped","Growth","Growth","Calcifier","ZOO_COMMON_00531",TRUE,TRUE,TRUE,TRUE
"ambiguous_dropped","Growth","Growth","Calcifier","ZOO_COMMON_00533",TRUE,FALSE,FALSE,FALSE
"ambiguous_dropped","Growth","Growth","Calcifier","ZOO_COMMON_00537",TRUE,FALSE,FALSE,FALSE
"ambiguous_dropped","Growth","Growth","Calcifier","ZOO_COMMON_00545",FALSE,TRUE,FALSE,FALSE
"ambiguous_dropped","Growth","Growth","Calcifier","ZOO_COMMON_00547",TRUE,FALSE,FALSE,FALSE
"ambiguous_dropped","Growth","Growth","Calcifier","ZOO_COMMON_00559",TRUE,FALSE,FALSE,FALSE
"ambiguous_dropped","Growth","Growth","Calcifier","ZOO_COMMON_00560",TRUE,FALSE,FALSE,FALSE
"ambiguous_dropped","Growth","Growth","Calcifier","ZOO_COMMON_00563",TRUE,TRUE,TRUE,TRUE
"ambiguous_dropped","Growth","Growth","Calcifier","ZOO_COMMON_00567",TRUE,FALSE,FALSE,FALSE
"ambiguous_dropped","Growth","Growth","Calcifier","ZOO_COMMON_00573",TRUE,FALSE,FALSE,FALSE
"ambiguous_dropped","Growth","Growth","Calcifier","ZOO_COMMON_00581",FALSE,FALSE,TRUE,FALSE
"ambiguous_dropped","Growth","Growth","Calcifier","ZOO_COMMON_00583",FALSE,TRUE,FALSE,FALSE
"ambiguous_dropped","Growth","Growth","Calcifier","ZOO_COMMON_00585",FALSE,TRUE,FALSE,FALSE
"ambiguous_dropped","Growth","Growth","Calcifier","ZOO_COMMON_00588",TRUE,FALSE,FALSE,FALSE
"ambiguous_dropped","Growth","Growth","Calcifier","ZOO_COMMON_00591",TRUE,FALSE,FALSE,FALSE
"ambiguous_dropped","Growth","Growth","Calcifier","ZOO_COMMON_00599",TRUE,FALSE,FALSE,FALSE
"ambiguous_dropped","Growth","Growth","Calcifier","ZOO_COMMON_00600",TRUE,FALSE,FALSE,FALSE
"ambiguous_dropped","Growth","Growth","Calcifier","ZOO_COMMON_00601",TRUE,FALSE,FALSE,FALSE
"ambiguous_dropped","Growth","Growth","Calcifier","ZOO_COMMON_00612",TRUE,FALSE,FALSE,FALSE
"ambiguous_dropped","Growth","Growth","Calcifier","ZOO_COMMON_00615",FALSE,TRUE,FALSE,FALSE
"ambiguous_dropped","Growth","Growth","Calcifier","ZOO_COMMON_00617",TRUE,FALSE,FALSE,FALSE
"ambiguous_dropped","Growth","Growth","Calcifier","ZOO_COMMON_00623",FALSE,TRUE,FALSE,FALSE
"ambiguous_dropped","Growth","Growth","Calcifier","ZOO_COMMON_00626",FALSE,FALSE,TRUE,FALSE
"ambiguous_dropped","Growth","Growth","Calcifier","ZOO_COMMON_00628",TRUE,FALSE,FALSE,FALSE
"ambiguous_dropped","Growth","Growth","Calcifier","ZOO_COMMON_00630",FALSE,TRUE,FALSE,FALSE
"ambiguous_dropped","Growth","Growth","Calcifier","ZOO_COMMON_00633",FALSE,TRUE,FALSE,FALSE
"ambiguous_dropped","Growth","Growth","Calcifier","ZOO_COMMON_00634",TRUE,FALSE,FALSE,FALSE
"ambiguous_dropped","Growth","Growth","Calcifier","ZOO_COMMON_00635",TRUE,FALSE,FALSE,FALSE
"ambiguous_dropped","Growth","Growth","Calcifier","ZOO_COMMON_00636",TRUE,FALSE,FALSE,FALSE
"ambiguous_dropped","Growth","Growth","Calcifier","ZOO_COMMON_00638",FALSE,TRUE,FALSE,FALSE
"ambiguous_dropped","Growth","Growth","Calcifier","ZOO_COMMON_00639",TRUE,FALSE,FALSE,FALSE
"ambiguous_dropped","Growth","Growth","Calcifier","ZOO_COMMON_00641",FALSE,TRUE,FALSE,FALSE
"ambiguous_dropped","Growth","Growth","Calcifier","ZOO_COMMON_00645",TRUE,FALSE,FALSE,FALSE
"ambiguous_dropped","Growth","Growth","Calcifier","ZOO_COMMON_00646",TRUE,FALSE,FALSE,FALSE
"ambiguous_dropped","Growth","Growth","Calcifier","ZOO_COMMON_00653",TRUE,FALSE,FALSE,FALSE
"ambiguous_dropped","Growth","Growth","Calcifier","ZOO_COMMON_00657",TRUE,FALSE,FALSE,FALSE
"ambiguous_dropped","Growth","Growth","Calcifier","ZOO_COMMON_00671",TRUE,FALSE,FALSE,FALSE
"ambiguous_dropped","Growth","Growth","Calcifier","ZOO_COMMON_00672",TRUE,FALSE,FALSE,FALSE
"ambiguous_dropped","Growth","Growth","Calcifier","ZOO_COMMON_00673",TRUE,FALSE,FALSE,FALSE
"ambiguous_dropped","Growth","Growth","Calcifier","ZOO_COMMON_00679",TRUE,FALSE,FALSE,FALSE
"ambiguous_dropped","Growth","Growth","Calcifier","ZOO_COMMON_00681",TRUE,FALSE,FALSE,FALSE
"ambiguous_dropped","Growth","Growth","Calcifier","ZOO_COMMON_00686",TRUE,FALSE,FALSE,FALSE
"ambiguous_dropped","Growth","Growth","Calcifier","ZOO_COMMON_00697",TRUE,TRUE,TRUE,TRUE
"ambiguous_dropped","Growth","Growth","Calcifier","ZOO_COMMON_00703",TRUE,FALSE,FALSE,FALSE
"ambiguous_dropped","Growth","Growth","Calcifier","ZOO_COMMON_00714",TRUE,FALSE,FALSE,FALSE
"ambiguous_dropped","Growth","Growth","Calcifier","ZOO_COMMON_00715",TRUE,FALSE,FALSE,FALSE
"ambiguous_dropped","Growth","Growth","Calcifier","ZOO_COMMON_00716",TRUE,FALSE,FALSE,FALSE
"ambiguous_dropped","Growth","Growth","Calcifier","ZOO_COMMON_00717",TRUE,FALSE,FALSE,FALSE
"ambiguous_dropped","Growth","Growth","Calcifier","ZOO_COMMON_00718",TRUE,FALSE,FALSE,FALSE
"ambiguous_dropped","Growth","Growth","Calcifier","ZOO_COMMON_00720",TRUE,FALSE,FALSE,FALSE
"ambiguous_dropped","Growth","Growth","Calcifier","ZOO_COMMON_00724",FALSE,TRUE,TRUE,FALSE
"ambiguous_dropped","Growth","Growth","Calcifier","ZOO_COMMON_00725",TRUE,FALSE,FALSE,FALSE
"ambiguous_dropped","Growth","Growth","Calcifier","ZOO_COMMON_00726",FALSE,TRUE,TRUE,FALSE
"ambiguous_dropped","Growth","Growth","Calcifier","ZOO_COMMON_00727",TRUE,FALSE,FALSE,FALSE
"ambiguous_dropped","Growth","Growth","Calcifier","ZOO_COMMON_00738",TRUE,FALSE,FALSE,FALSE
"ambiguous_dropped","Growth","Growth","Calcifier","ZOO_COMMON_00742",TRUE,TRUE,TRUE,TRUE
"ambiguous_dropped","Growth","Growth","Calcifier","ZOO_COMMON_00749",TRUE,TRUE,TRUE,TRUE
"ambiguous_dropped","Growth","Growth","Calcifier","ZOO_COMMON_00759",TRUE,FALSE,FALSE,FALSE
"ambiguous_dropped","Growth","Growth","Calcifier","ZOO_COMMON_00760",TRUE,FALSE,FALSE,FALSE
"ambiguous_dropped","Growth","Growth","Calcifier","ZOO_COMMON_00761",TRUE,FALSE,FALSE,FALSE
"ambiguous_dropped","Growth","Growth","Calcifier","ZOO_COMMON_00763",TRUE,FALSE,FALSE,FALSE
"ambiguous_dropped","Growth","Growth","Calcifier","ZOO_COMMON_00767",TRUE,FALSE,FALSE,FALSE
"ambiguous_dropped","Growth","Growth","Calcifier","ZOO_COMMON_00775",TRUE,FALSE,FALSE,FALSE
"ambiguous_dropped","Growth","Growth","Calcifier","ZOO_COMMON_00779",TRUE,FALSE,FALSE,FALSE
"ambiguous_dropped","Growth","Growth","Calcifier","ZOO_COMMON_00780",TRUE,FALSE,FALSE,FALSE
"ambiguous_dropped","Growth","Growth","Calcifier","ZOO_COMMON_00781",TRUE,FALSE,FALSE,FALSE
"ambiguous_dropped","Growth","Growth","Calcifier","ZOO_COMMON_00783",TRUE,FALSE,FALSE,FALSE
"ambiguous_dropped","Growth","Growth","Calcifier","ZOO_COMMON_00784",FALSE,TRUE,TRUE,FALSE
"ambiguous_dropped","Growth","Growth","Calcifier","ZOO_COMMON_00785",FALSE,TRUE,TRUE,FALSE
"ambiguous_dropped","Growth","Growth","Calcifier","ZOO_COMMON_00786",TRUE,FALSE,FALSE,FALSE
"ambiguous_dropped","Growth","Growth","Calcifier","ZOO_COMMON_00787",TRUE,FALSE,FALSE,FALSE
"ambiguous_dropped","Growth","Growth","Calcifier","ZOO_COMMON_00789",TRUE,FALSE,FALSE,FALSE
"ambiguous_dropped","Growth","Growth","Calcifier","ZOO_COMMON_00790",TRUE,FALSE,FALSE,FALSE
"ambiguous_dropped","Growth","Growth","Calcifier","ZOO_COMMON_00802",TRUE,FALSE,FALSE,FALSE
"ambiguous_dropped","Growth","Growth","Calcifier","ZOO_COMMON_00817",TRUE,FALSE,FALSE,FALSE
"ambiguous_dropped","Growth","Growth","Calcifier","ZOO_COMMON_00818",TRUE,FALSE,FALSE,FALSE
"ambiguous_dropped","Growth","Growth","Calcifier","ZOO_COMMON_00824",TRUE,FALSE,FALSE,FALSE
"ambiguous_dropped","Growth","Growth","Calcifier","ZOO_COMMON_00828",TRUE,FALSE,FALSE,FALSE
"ambiguous_dropped","Growth","Growth","Calcifier","ZOO_COMMON_00842",TRUE,FALSE,FALSE,FALSE
"ambiguous_dropped","Growth","Growth","Calcifier","ZOO_COMMON_00843",TRUE,FALSE,FALSE,FALSE
"ambiguous_dropped","Growth","Growth","Calcifier","ZOO_COMMON_00844",FALSE,TRUE,TRUE,FALSE
"ambiguous_dropped","Growth","Growth","Calcifier","ZOO_COMMON_00845",TRUE,TRUE,TRUE,TRUE
"ambiguous_dropped","Growth","Growth","Calcifier","ZOO_COMMON_00848",TRUE,FALSE,FALSE,FALSE
"ambiguous_dropped","Growth","Growth","Calcifier","ZOO_COMMON_00851",TRUE,FALSE,FALSE,FALSE
"ambiguous_dropped","Growth","Growth","Calcifier","ZOO_COMMON_00855",TRUE,FALSE,FALSE,FALSE
"ambiguous_dropped","Growth","Growth","Calcifier","ZOO_COMMON_00859",TRUE,FALSE,FALSE,FALSE
"ambiguous_dropped","Growth","Growth","Calcifier","ZOO_COMMON_00862",TRUE,TRUE,TRUE,TRUE
"ambiguous_dropped","Growth","Growth","Calcifier","ZOO_COMMON_00867",TRUE,FALSE,FALSE,FALSE
"ambiguous_dropped","Growth","Growth","Calcifier","ZOO_COMMON_00868",TRUE,FALSE,FALSE,FALSE
"ambiguous_dropped","Growth","Growth","Calcifier","ZOO_COMMON_00873",TRUE,FALSE,FALSE,FALSE
"ambiguous_dropped","Growth","Growth","Calcifier","ZOO_COMMON_00875",TRUE,FALSE,FALSE,FALSE
"ambiguous_dropped","Growth","Growth","Calcifier","ZOO_COMMON_00878",TRUE,FALSE,FALSE,FALSE
"ambiguous_dropped","Growth","Growth","Calcifier","ZOO_COMMON_00881",FALSE,FALSE,TRUE,FALSE
"ambiguous_dropped","Growth","Growth","Calcifier","ZOO_COMMON_00882",TRUE,FALSE,FALSE,FALSE
"ambiguous_dropped","Growth","Growth","Calcifier","ZOO_COMMON_00883",FALSE,TRUE,FALSE,FALSE
"ambiguous_dropped","Growth","Growth","Calcifier","ZOO_COMMON_00888",TRUE,FALSE,FALSE,FALSE
"ambiguous_dropped","Growth","Growth","Calcifier","ZOO_COMMON_00889",TRUE,FALSE,FALSE,FALSE
"ambiguous_dropped","Growth","Growth","Calcifier","ZOO_COMMON_00890",TRUE,FALSE,FALSE,FALSE
"ambiguous_dropped","Growth","Growth","Calcifier","ZOO_COMMON_00891",TRUE,FALSE,FALSE,FALSE
"ambiguous_dropped","Growth","Growth","Calcifier","ZOO_COMMON_00892",TRUE,FALSE,FALSE,FALSE
"ambiguous_dropped","Growth","Growth","Calcifier","ZOO_COMMON_00894",TRUE,TRUE,TRUE,TRUE
"ambiguous_dropped","Growth","Growth","Calcifier","ZOO_COMMON_00896",TRUE,FALSE,FALSE,FALSE
"ambiguous_dropped","Growth","Growth","Calcifier","ZOO_COMMON_00899",TRUE,FALSE,FALSE,FALSE
"ambiguous_dropped","Growth","Growth","Calcifier","ZOO_COMMON_00906",TRUE,FALSE,FALSE,FALSE
"ambiguous_dropped","Growth","Growth","Calcifier","ZOO_COMMON_00910",TRUE,FALSE,FALSE,FALSE
"ambiguous_dropped","Growth","Growth","Non-calcifier","ZOO_COMMON_00006",TRUE,FALSE,FALSE,FALSE
"ambiguous_dropped","Growth","Growth","Non-calcifier","ZOO_COMMON_00007",TRUE,FALSE,FALSE,FALSE
"ambiguous_dropped","Growth","Growth","Non-calcifier","ZOO_COMMON_00026",TRUE,TRUE,TRUE,TRUE
"ambiguous_dropped","Growth","Growth","Non-calcifier","ZOO_COMMON_00030",TRUE,TRUE,TRUE,TRUE
"ambiguous_dropped","Growth","Growth","Non-calcifier","ZOO_COMMON_00043",TRUE,TRUE,TRUE,TRUE
"ambiguous_dropped","Growth","Growth","Non-calcifier","ZOO_COMMON_00058",TRUE,TRUE,TRUE,TRUE
"ambiguous_dropped","Growth","Growth","Non-calcifier","ZOO_COMMON_00064",TRUE,FALSE,FALSE,FALSE
"ambiguous_dropped","Growth","Growth","Non-calcifier","ZOO_COMMON_00065",TRUE,FALSE,FALSE,FALSE
"ambiguous_dropped","Growth","Growth","Non-calcifier","ZOO_COMMON_00107",TRUE,FALSE,FALSE,FALSE
"ambiguous_dropped","Growth","Growth","Non-calcifier","ZOO_COMMON_00117",TRUE,FALSE,FALSE,FALSE
"ambiguous_dropped","Growth","Growth","Non-calcifier","ZOO_COMMON_00120",TRUE,TRUE,TRUE,TRUE
"ambiguous_dropped","Growth","Growth","Non-calcifier","ZOO_COMMON_00183",TRUE,TRUE,TRUE,TRUE
"ambiguous_dropped","Growth","Growth","Non-calcifier","ZOO_COMMON_00199",TRUE,TRUE,TRUE,TRUE
"ambiguous_dropped","Growth","Growth","Non-calcifier","ZOO_COMMON_00215",TRUE,FALSE,FALSE,FALSE
"ambiguous_dropped","Growth","Growth","Non-calcifier","ZOO_COMMON_00216",FALSE,TRUE,TRUE,FALSE
"ambiguous_dropped","Growth","Growth","Non-calcifier","ZOO_COMMON_00217",FALSE,TRUE,TRUE,FALSE
"ambiguous_dropped","Growth","Growth","Non-calcifier","ZOO_COMMON_00244",TRUE,TRUE,TRUE,TRUE
"ambiguous_dropped","Growth","Growth","Non-calcifier","ZOO_COMMON_00245",TRUE,TRUE,TRUE,TRUE
"ambiguous_dropped","Growth","Growth","Non-calcifier","ZOO_COMMON_00258",TRUE,TRUE,TRUE,TRUE
"ambiguous_dropped","Growth","Growth","Non-calcifier","ZOO_COMMON_00308",TRUE,FALSE,FALSE,FALSE
"ambiguous_dropped","Growth","Growth","Non-calcifier","ZOO_COMMON_00310",TRUE,FALSE,FALSE,FALSE
"ambiguous_dropped","Growth","Growth","Non-calcifier","ZOO_COMMON_00311",TRUE,FALSE,FALSE,FALSE
"ambiguous_dropped","Growth","Growth","Non-calcifier","ZOO_COMMON_00312",TRUE,FALSE,FALSE,FALSE
"ambiguous_dropped","Growth","Growth","Non-calcifier","ZOO_COMMON_00313",TRUE,FALSE,FALSE,FALSE
"ambiguous_dropped","Growth","Growth","Non-calcifier","ZOO_COMMON_00368",TRUE,FALSE,FALSE,FALSE
"ambiguous_dropped","Growth","Growth","Non-calcifier","ZOO_COMMON_00369",TRUE,FALSE,FALSE,FALSE
"ambiguous_dropped","Growth","Growth","Non-calcifier","ZOO_COMMON_00374",TRUE,FALSE,FALSE,FALSE
"ambiguous_dropped","Growth","Growth","Non-calcifier","ZOO_COMMON_00422",TRUE,FALSE,FALSE,FALSE
"ambiguous_dropped","Growth","Growth","Non-calcifier","ZOO_COMMON_00444",TRUE,FALSE,FALSE,FALSE
"ambiguous_dropped","Growth","Growth","Non-calcifier","ZOO_COMMON_00447",FALSE,TRUE,TRUE,FALSE
"ambiguous_dropped","Growth","Growth","Non-calcifier","ZOO_COMMON_00453",TRUE,TRUE,TRUE,TRUE
"ambiguous_dropped","Growth","Growth","Non-calcifier","ZOO_COMMON_00472",TRUE,TRUE,TRUE,TRUE
"ambiguous_dropped","Growth","Growth","Non-calcifier","ZOO_COMMON_00558",TRUE,TRUE,TRUE,TRUE
"ambiguous_dropped","Growth","Growth","Non-calcifier","ZOO_COMMON_00574",FALSE,TRUE,FALSE,FALSE
"ambiguous_dropped","Growth","Growth","Non-calcifier","ZOO_COMMON_00575",TRUE,TRUE,TRUE,TRUE
"ambiguous_dropped","Growth","Growth","Non-calcifier","ZOO_COMMON_00576",FALSE,FALSE,TRUE,FALSE
"ambiguous_dropped","Growth","Growth","Non-calcifier","ZOO_COMMON_00595",TRUE,FALSE,FALSE,FALSE
"ambiguous_dropped","Growth","Growth","Non-calcifier","ZOO_COMMON_00604",FALSE,TRUE,TRUE,FALSE
"ambiguous_dropped","Growth","Growth","Non-calcifier","ZOO_COMMON_00652",TRUE,FALSE,FALSE,FALSE
"ambiguous_dropped","Growth","Growth","Non-calcifier","ZOO_COMMON_00661",TRUE,TRUE,TRUE,TRUE
"ambiguous_dropped","Growth","Growth","Non-calcifier","ZOO_COMMON_00674",TRUE,TRUE,TRUE,TRUE
"ambiguous_dropped","Growth","Growth","Non-calcifier","ZOO_COMMON_00676",TRUE,FALSE,FALSE,FALSE
"ambiguous_dropped","Growth","Growth","Non-calcifier","ZOO_COMMON_00682",TRUE,FALSE,FALSE,FALSE
"ambiguous_dropped","Growth","Growth","Non-calcifier","ZOO_COMMON_00692",TRUE,TRUE,TRUE,TRUE
"ambiguous_dropped","Growth","Growth","Non-calcifier","ZOO_COMMON_00695",FALSE,TRUE,TRUE,FALSE
"ambiguous_dropped","Growth","Growth","Non-calcifier","ZOO_COMMON_00722",TRUE,FALSE,FALSE,FALSE
"ambiguous_dropped","Growth","Growth","Non-calcifier","ZOO_COMMON_00745",TRUE,FALSE,FALSE,FALSE
"ambiguous_dropped","Growth","Growth","Non-calcifier","ZOO_COMMON_00753",TRUE,FALSE,FALSE,FALSE
"ambiguous_dropped","Growth","Growth","Non-calcifier","ZOO_COMMON_00755",TRUE,FALSE,FALSE,FALSE
"ambiguous_dropped","Growth","Growth","Non-calcifier","ZOO_COMMON_00758",TRUE,TRUE,TRUE,TRUE
"ambiguous_dropped","Growth","Growth","Non-calcifier","ZOO_COMMON_00788",TRUE,FALSE,FALSE,FALSE
"ambiguous_dropped","Growth","Growth","Non-calcifier","ZOO_COMMON_00836",TRUE,FALSE,FALSE,FALSE
"ambiguous_dropped","Growth","Growth","Non-calcifier","ZOO_COMMON_00860",TRUE,FALSE,FALSE,FALSE
"ambiguous_dropped","Growth","Growth","Non-calcifier","ZOO_COMMON_00861",FALSE,TRUE,TRUE,FALSE
"ambiguous_dropped","Growth","Growth","Non-calcifier","ZOO_COMMON_00869",TRUE,TRUE,TRUE,TRUE
"ambiguous_dropped","Development","Development","Calcifier","ZOO_COMMON_00027",TRUE,FALSE,FALSE,FALSE
"ambiguous_dropped","Development","Development","Calcifier","ZOO_COMMON_00047",TRUE,FALSE,FALSE,FALSE
"ambiguous_dropped","Development","Development","Calcifier","ZOO_COMMON_00052",FALSE,TRUE,FALSE,FALSE
"ambiguous_dropped","Development","Development","Calcifier","ZOO_COMMON_00053",FALSE,TRUE,FALSE,FALSE
"ambiguous_dropped","Development","Development","Calcifier","ZOO_COMMON_00067",TRUE,TRUE,TRUE,TRUE
"ambiguous_dropped","Development","Development","Calcifier","ZOO_COMMON_00070",TRUE,TRUE,TRUE,TRUE
"ambiguous_dropped","Development","Development","Calcifier","ZOO_COMMON_00071",TRUE,TRUE,TRUE,TRUE
"ambiguous_dropped","Development","Development","Calcifier","ZOO_COMMON_00073",TRUE,TRUE,TRUE,TRUE
"ambiguous_dropped","Development","Development","Calcifier","ZOO_COMMON_00074",TRUE,TRUE,TRUE,TRUE
"ambiguous_dropped","Development","Development","Calcifier","ZOO_COMMON_00088",FALSE,TRUE,FALSE,FALSE
"ambiguous_dropped","Development","Development","Calcifier","ZOO_COMMON_00098",FALSE,TRUE,FALSE,FALSE
"ambiguous_dropped","Development","Development","Calcifier","ZOO_COMMON_00113",TRUE,FALSE,FALSE,FALSE
"ambiguous_dropped","Development","Development","Calcifier","ZOO_COMMON_00115",TRUE,FALSE,FALSE,FALSE
"ambiguous_dropped","Development","Development","Calcifier","ZOO_COMMON_00121",TRUE,FALSE,FALSE,FALSE
"ambiguous_dropped","Development","Development","Calcifier","ZOO_COMMON_00154",TRUE,FALSE,FALSE,FALSE
"ambiguous_dropped","Development","Development","Calcifier","ZOO_COMMON_00186",FALSE,TRUE,FALSE,FALSE
"ambiguous_dropped","Development","Development","Calcifier","ZOO_COMMON_00187",FALSE,TRUE,FALSE,FALSE
"ambiguous_dropped","Development","Development","Calcifier","ZOO_COMMON_00206",TRUE,FALSE,FALSE,FALSE
"ambiguous_dropped","Development","Development","Calcifier","ZOO_COMMON_00213",TRUE,FALSE,FALSE,FALSE
"ambiguous_dropped","Development","Development","Calcifier","ZOO_COMMON_00219",TRUE,FALSE,FALSE,FALSE
"ambiguous_dropped","Development","Development","Calcifier","ZOO_COMMON_00221",TRUE,FALSE,FALSE,FALSE
"ambiguous_dropped","Development","Development","Calcifier","ZOO_COMMON_00229",TRUE,FALSE,FALSE,FALSE
"ambiguous_dropped","Development","Development","Calcifier","ZOO_COMMON_00230",TRUE,FALSE,FALSE,FALSE
"ambiguous_dropped","Development","Development","Calcifier","ZOO_COMMON_00231",TRUE,FALSE,FALSE,FALSE
"ambiguous_dropped","Development","Development","Calcifier","ZOO_COMMON_00232",TRUE,FALSE,FALSE,FALSE
"ambiguous_dropped","Development","Development","Calcifier","ZOO_COMMON_00237",TRUE,TRUE,TRUE,TRUE
"ambiguous_dropped","Development","Development","Calcifier","ZOO_COMMON_00239",TRUE,FALSE,FALSE,FALSE
"ambiguous_dropped","Development","Development","Calcifier","ZOO_COMMON_00249",FALSE,TRUE,TRUE,FALSE
"ambiguous_dropped","Development","Development","Calcifier","ZOO_COMMON_00250",TRUE,FALSE,FALSE,FALSE
"ambiguous_dropped","Development","Development","Calcifier","ZOO_COMMON_00251",TRUE,FALSE,FALSE,FALSE
"ambiguous_dropped","Development","Development","Calcifier","ZOO_COMMON_00253",TRUE,FALSE,FALSE,FALSE
"ambiguous_dropped","Development","Development","Calcifier","ZOO_COMMON_00254",TRUE,FALSE,FALSE,FALSE
"ambiguous_dropped","Development","Development","Calcifier","ZOO_COMMON_00265",FALSE,TRUE,FALSE,FALSE
"ambiguous_dropped","Development","Development","Calcifier","ZOO_COMMON_00277",TRUE,TRUE,TRUE,TRUE
"ambiguous_dropped","Development","Development","Calcifier","ZOO_COMMON_00283",FALSE,FALSE,TRUE,FALSE
"ambiguous_dropped","Development","Development","Calcifier","ZOO_COMMON_00285",FALSE,TRUE,FALSE,FALSE
"ambiguous_dropped","Development","Development","Calcifier","ZOO_COMMON_00333",TRUE,FALSE,FALSE,FALSE
"ambiguous_dropped","Development","Development","Calcifier","ZOO_COMMON_00335",TRUE,FALSE,FALSE,FALSE
"ambiguous_dropped","Development","Development","Calcifier","ZOO_COMMON_00336",TRUE,FALSE,FALSE,FALSE
"ambiguous_dropped","Development","Development","Calcifier","ZOO_COMMON_00337",TRUE,FALSE,FALSE,FALSE
"ambiguous_dropped","Development","Development","Calcifier","ZOO_COMMON_00346",TRUE,TRUE,TRUE,TRUE
"ambiguous_dropped","Development","Development","Calcifier","ZOO_COMMON_00347",TRUE,TRUE,TRUE,TRUE
"ambiguous_dropped","Development","Development","Calcifier","ZOO_COMMON_00351",TRUE,FALSE,FALSE,FALSE
"ambiguous_dropped","Development","Development","Calcifier","ZOO_COMMON_00381",TRUE,FALSE,FALSE,FALSE
"ambiguous_dropped","Development","Development","Calcifier","ZOO_COMMON_00406",TRUE,TRUE,TRUE,TRUE
"ambiguous_dropped","Development","Development","Calcifier","ZOO_COMMON_00407",FALSE,TRUE,FALSE,FALSE
"ambiguous_dropped","Development","Development","Calcifier","ZOO_COMMON_00413",TRUE,FALSE,FALSE,FALSE
"ambiguous_dropped","Development","Development","Calcifier","ZOO_COMMON_00414",TRUE,FALSE,FALSE,FALSE
"ambiguous_dropped","Development","Development","Calcifier","ZOO_COMMON_00415",TRUE,TRUE,FALSE,FALSE
"ambiguous_dropped","Development","Development","Calcifier","ZOO_COMMON_00416",TRUE,FALSE,FALSE,FALSE
"ambiguous_dropped","Development","Development","Calcifier","ZOO_COMMON_00417",TRUE,FALSE,FALSE,FALSE
"ambiguous_dropped","Development","Development","Calcifier","ZOO_COMMON_00420",FALSE,TRUE,FALSE,FALSE
"ambiguous_dropped","Development","Development","Calcifier","ZOO_COMMON_00423",TRUE,FALSE,FALSE,FALSE
"ambiguous_dropped","Development","Development","Calcifier","ZOO_COMMON_00425",TRUE,FALSE,FALSE,FALSE
"ambiguous_dropped","Development","Development","Calcifier","ZOO_COMMON_00432",TRUE,TRUE,TRUE,TRUE
"ambiguous_dropped","Development","Development","Calcifier","ZOO_COMMON_00436",TRUE,FALSE,FALSE,FALSE
"ambiguous_dropped","Development","Development","Calcifier","ZOO_COMMON_00448",FALSE,TRUE,FALSE,FALSE
"ambiguous_dropped","Development","Development","Calcifier","ZOO_COMMON_00450",TRUE,FALSE,FALSE,FALSE
"ambiguous_dropped","Development","Development","Calcifier","ZOO_COMMON_00456",FALSE,TRUE,FALSE,FALSE
"ambiguous_dropped","Development","Development","Calcifier","ZOO_COMMON_00464",FALSE,FALSE,TRUE,FALSE
"ambiguous_dropped","Development","Development","Calcifier","ZOO_COMMON_00465",TRUE,FALSE,FALSE,FALSE
"ambiguous_dropped","Development","Development","Calcifier","ZOO_COMMON_00467",FALSE,TRUE,FALSE,FALSE
"ambiguous_dropped","Development","Development","Calcifier","ZOO_COMMON_00481",FALSE,TRUE,FALSE,FALSE
"ambiguous_dropped","Development","Development","Calcifier","ZOO_COMMON_00483",TRUE,FALSE,FALSE,FALSE
"ambiguous_dropped","Development","Development","Calcifier","ZOO_COMMON_00489",FALSE,TRUE,FALSE,FALSE
"ambiguous_dropped","Development","Development","Calcifier","ZOO_COMMON_00532",TRUE,FALSE,FALSE,FALSE
"ambiguous_dropped","Development","Development","Calcifier","ZOO_COMMON_00563",TRUE,TRUE,TRUE,TRUE
"ambiguous_dropped","Development","Development","Calcifier","ZOO_COMMON_00564",TRUE,TRUE,TRUE,TRUE
"ambiguous_dropped","Development","Development","Calcifier","ZOO_COMMON_00565",FALSE,TRUE,FALSE,FALSE
"ambiguous_dropped","Development","Development","Calcifier","ZOO_COMMON_00567",TRUE,FALSE,FALSE,FALSE
"ambiguous_dropped","Development","Development","Calcifier","ZOO_COMMON_00581",FALSE,FALSE,TRUE,FALSE
"ambiguous_dropped","Development","Development","Calcifier","ZOO_COMMON_00583",FALSE,TRUE,FALSE,FALSE
"ambiguous_dropped","Development","Development","Calcifier","ZOO_COMMON_00585",FALSE,TRUE,FALSE,FALSE
"ambiguous_dropped","Development","Development","Calcifier","ZOO_COMMON_00602",TRUE,FALSE,FALSE,FALSE
"ambiguous_dropped","Development","Development","Calcifier","ZOO_COMMON_00626",FALSE,FALSE,TRUE,FALSE
"ambiguous_dropped","Development","Development","Calcifier","ZOO_COMMON_00628",TRUE,FALSE,FALSE,FALSE
"ambiguous_dropped","Development","Development","Calcifier","ZOO_COMMON_00630",FALSE,TRUE,FALSE,FALSE
"ambiguous_dropped","Development","Development","Calcifier","ZOO_COMMON_00631",TRUE,TRUE,TRUE,TRUE
"ambiguous_dropped","Development","Development","Calcifier","ZOO_COMMON_00632",TRUE,TRUE,TRUE,TRUE
"ambiguous_dropped","Development","Development","Calcifier","ZOO_COMMON_00640",FALSE,TRUE,FALSE,FALSE
"ambiguous_dropped","Development","Development","Calcifier","ZOO_COMMON_00647",TRUE,TRUE,TRUE,TRUE
"ambiguous_dropped","Development","Development","Calcifier","ZOO_COMMON_00648",TRUE,FALSE,FALSE,FALSE
"ambiguous_dropped","Development","Development","Calcifier","ZOO_COMMON_00649",TRUE,TRUE,TRUE,TRUE
"ambiguous_dropped","Development","Development","Calcifier","ZOO_COMMON_00650",FALSE,FALSE,TRUE,FALSE
"ambiguous_dropped","Development","Development","Calcifier","ZOO_COMMON_00679",TRUE,FALSE,FALSE,FALSE
"ambiguous_dropped","Development","Development","Calcifier","ZOO_COMMON_00697",TRUE,TRUE,TRUE,TRUE
"ambiguous_dropped","Development","Development","Calcifier","ZOO_COMMON_00706",FALSE,TRUE,FALSE,FALSE
"ambiguous_dropped","Development","Development","Calcifier","ZOO_COMMON_00707",FALSE,TRUE,FALSE,FALSE
"ambiguous_dropped","Development","Development","Calcifier","ZOO_COMMON_00708",FALSE,TRUE,FALSE,FALSE
"ambiguous_dropped","Development","Development","Calcifier","ZOO_COMMON_00710",FALSE,TRUE,FALSE,FALSE
"ambiguous_dropped","Development","Development","Calcifier","ZOO_COMMON_00711",FALSE,TRUE,FALSE,FALSE
"ambiguous_dropped","Development","Development","Calcifier","ZOO_COMMON_00712",FALSE,TRUE,FALSE,FALSE
"ambiguous_dropped","Development","Development","Calcifier","ZOO_COMMON_00740",FALSE,TRUE,FALSE,FALSE
"ambiguous_dropped","Development","Development","Calcifier","ZOO_COMMON_00741",TRUE,FALSE,FALSE,FALSE
"ambiguous_dropped","Development","Development","Calcifier","ZOO_COMMON_00742",TRUE,TRUE,TRUE,TRUE
"ambiguous_dropped","Development","Development","Calcifier","ZOO_COMMON_00764",TRUE,FALSE,FALSE,FALSE
"ambiguous_dropped","Development","Development","Calcifier","ZOO_COMMON_00767",TRUE,FALSE,FALSE,FALSE
"ambiguous_dropped","Development","Development","Calcifier","ZOO_COMMON_00774",TRUE,FALSE,FALSE,FALSE
"ambiguous_dropped","Development","Development","Calcifier","ZOO_COMMON_00813",FALSE,TRUE,FALSE,FALSE
"ambiguous_dropped","Development","Development","Calcifier","ZOO_COMMON_00817",TRUE,FALSE,FALSE,FALSE
"ambiguous_dropped","Development","Development","Calcifier","ZOO_COMMON_00820",FALSE,TRUE,FALSE,FALSE
"ambiguous_dropped","Development","Development","Calcifier","ZOO_COMMON_00821",TRUE,TRUE,TRUE,TRUE
"ambiguous_dropped","Development","Development","Calcifier","ZOO_COMMON_00822",TRUE,TRUE,TRUE,TRUE
"ambiguous_dropped","Development","Development","Calcifier","ZOO_COMMON_00823",TRUE,TRUE,TRUE,TRUE
"ambiguous_dropped","Development","Development","Calcifier","ZOO_COMMON_00841",TRUE,FALSE,FALSE,FALSE
"ambiguous_dropped","Development","Development","Calcifier","ZOO_COMMON_00845",TRUE,TRUE,TRUE,TRUE
"ambiguous_dropped","Development","Development","Calcifier","ZOO_COMMON_00867",TRUE,FALSE,FALSE,FALSE
"ambiguous_dropped","Development","Development","Calcifier","ZOO_COMMON_00868",TRUE,FALSE,FALSE,FALSE
"ambiguous_dropped","Development","Development","Calcifier","ZOO_COMMON_00897",TRUE,FALSE,FALSE,FALSE
"ambiguous_dropped","Development","Development","Calcifier","ZOO_COMMON_00899",TRUE,FALSE,FALSE,FALSE
"ambiguous_dropped","Development","Development","Calcifier","ZOO_COMMON_00909",TRUE,FALSE,FALSE,FALSE
"ambiguous_dropped","Development","Development","Non-calcifier","ZOO_COMMON_00026",TRUE,TRUE,TRUE,TRUE
"ambiguous_dropped","Development","Development","Non-calcifier","ZOO_COMMON_00029",TRUE,TRUE,TRUE,TRUE
"ambiguous_dropped","Development","Development","Non-calcifier","ZOO_COMMON_00043",TRUE,TRUE,TRUE,TRUE
"ambiguous_dropped","Development","Development","Non-calcifier","ZOO_COMMON_00058",TRUE,TRUE,TRUE,TRUE
"ambiguous_dropped","Development","Development","Non-calcifier","ZOO_COMMON_00137",TRUE,TRUE,TRUE,TRUE
"ambiguous_dropped","Development","Development","Non-calcifier","ZOO_COMMON_00138",TRUE,TRUE,TRUE,TRUE
"ambiguous_dropped","Development","Development","Non-calcifier","ZOO_COMMON_00199",TRUE,TRUE,TRUE,TRUE
"ambiguous_dropped","Development","Development","Non-calcifier","ZOO_COMMON_00233",TRUE,FALSE,FALSE,FALSE
"ambiguous_dropped","Development","Development","Non-calcifier","ZOO_COMMON_00255",TRUE,TRUE,TRUE,TRUE
"ambiguous_dropped","Development","Development","Non-calcifier","ZOO_COMMON_00404",FALSE,TRUE,TRUE,FALSE
"ambiguous_dropped","Development","Development","Non-calcifier","ZOO_COMMON_00471",TRUE,TRUE,TRUE,TRUE
"ambiguous_dropped","Development","Development","Non-calcifier","ZOO_COMMON_00570",TRUE,FALSE,FALSE,FALSE
"ambiguous_dropped","Development","Development","Non-calcifier","ZOO_COMMON_00604",FALSE,TRUE,TRUE,FALSE
"ambiguous_dropped","Development","Development","Non-calcifier","ZOO_COMMON_00619",TRUE,TRUE,TRUE,TRUE
"ambiguous_dropped","Development","Development","Non-calcifier","ZOO_COMMON_00661",TRUE,TRUE,TRUE,TRUE
"ambiguous_dropped","Development","Development","Non-calcifier","ZOO_COMMON_00668",TRUE,FALSE,TRUE,FALSE
"ambiguous_dropped","Development","Development","Non-calcifier","ZOO_COMMON_00700",TRUE,FALSE,FALSE,FALSE
"ambiguous_dropped","Development","Development","Non-calcifier","ZOO_COMMON_00702",FALSE,TRUE,TRUE,FALSE
"ambiguous_dropped","Development","Development","Non-calcifier","ZOO_COMMON_00730",TRUE,TRUE,TRUE,TRUE
"ambiguous_dropped","Development","Development","Non-calcifier","ZOO_COMMON_00731",TRUE,TRUE,TRUE,TRUE
"ambiguous_dropped","Development","Development","Non-calcifier","ZOO_COMMON_00732",TRUE,TRUE,TRUE,TRUE
"ambiguous_dropped","Development","Development","Non-calcifier","ZOO_COMMON_00733",TRUE,FALSE,FALSE,FALSE
"ambiguous_dropped","Development","Development","Non-calcifier","ZOO_COMMON_00734",FALSE,TRUE,TRUE,FALSE
"ambiguous_dropped","Development","Development","Non-calcifier","ZOO_COMMON_00735",TRUE,FALSE,FALSE,FALSE
"ambiguous_dropped","Development","Development","Non-calcifier","ZOO_COMMON_00736",FALSE,TRUE,TRUE,FALSE
"ambiguous_dropped","Development","Development","Non-calcifier","ZOO_COMMON_00737",TRUE,FALSE,FALSE,FALSE
"ambiguous_dropped","Physiology","Physiology","Calcifier","ZOO_COMMON_00019",FALSE,FALSE,TRUE,FALSE
"ambiguous_dropped","Physiology","Physiology","Calcifier","ZOO_COMMON_00020",TRUE,FALSE,FALSE,FALSE
"ambiguous_dropped","Physiology","Physiology","Calcifier","ZOO_COMMON_00021",FALSE,TRUE,FALSE,FALSE
"ambiguous_dropped","Physiology","Physiology","Calcifier","ZOO_COMMON_00023",TRUE,FALSE,FALSE,FALSE
"ambiguous_dropped","Physiology","Physiology","Calcifier","ZOO_COMMON_00071",TRUE,TRUE,TRUE,TRUE
"ambiguous_dropped","Physiology","Physiology","Calcifier","ZOO_COMMON_00077",TRUE,TRUE,TRUE,TRUE
"ambiguous_dropped","Physiology","Physiology","Calcifier","ZOO_COMMON_00089",TRUE,FALSE,FALSE,FALSE
"ambiguous_dropped","Physiology","Physiology","Calcifier","ZOO_COMMON_00090",TRUE,FALSE,FALSE,FALSE
"ambiguous_dropped","Physiology","Physiology","Calcifier","ZOO_COMMON_00091",TRUE,FALSE,FALSE,FALSE
"ambiguous_dropped","Physiology","Physiology","Calcifier","ZOO_COMMON_00092",TRUE,FALSE,FALSE,FALSE
"ambiguous_dropped","Physiology","Physiology","Calcifier","ZOO_COMMON_00093",TRUE,FALSE,FALSE,FALSE
"ambiguous_dropped","Physiology","Physiology","Calcifier","ZOO_COMMON_00094",TRUE,FALSE,FALSE,FALSE
"ambiguous_dropped","Physiology","Physiology","Calcifier","ZOO_COMMON_00095",TRUE,FALSE,FALSE,FALSE
"ambiguous_dropped","Physiology","Physiology","Calcifier","ZOO_COMMON_00158",FALSE,FALSE,TRUE,FALSE
"ambiguous_dropped","Physiology","Physiology","Calcifier","ZOO_COMMON_00159",FALSE,TRUE,FALSE,FALSE
"ambiguous_dropped","Physiology","Physiology","Calcifier","ZOO_COMMON_00160",TRUE,FALSE,FALSE,FALSE
"ambiguous_dropped","Physiology","Physiology","Calcifier","ZOO_COMMON_00188",TRUE,FALSE,FALSE,FALSE
"ambiguous_dropped","Physiology","Physiology","Calcifier","ZOO_COMMON_00189",TRUE,FALSE,FALSE,FALSE
"ambiguous_dropped","Physiology","Physiology","Calcifier","ZOO_COMMON_00207",TRUE,FALSE,FALSE,FALSE
"ambiguous_dropped","Physiology","Physiology","Calcifier","ZOO_COMMON_00208",FALSE,TRUE,TRUE,FALSE
"ambiguous_dropped","Physiology","Physiology","Calcifier","ZOO_COMMON_00209",FALSE,FALSE,TRUE,FALSE
"ambiguous_dropped","Physiology","Physiology","Calcifier","ZOO_COMMON_00210",TRUE,FALSE,FALSE,FALSE
"ambiguous_dropped","Physiology","Physiology","Calcifier","ZOO_COMMON_00211",FALSE,TRUE,FALSE,FALSE
"ambiguous_dropped","Physiology","Physiology","Calcifier","ZOO_COMMON_00259",TRUE,FALSE,FALSE,FALSE
"ambiguous_dropped","Physiology","Physiology","Calcifier","ZOO_COMMON_00260",TRUE,FALSE,FALSE,FALSE
"ambiguous_dropped","Physiology","Physiology","Calcifier","ZOO_COMMON_00261",TRUE,FALSE,FALSE,FALSE
"ambiguous_dropped","Physiology","Physiology","Calcifier","ZOO_COMMON_00296",TRUE,FALSE,FALSE,FALSE
"ambiguous_dropped","Physiology","Physiology","Calcifier","ZOO_COMMON_00314",TRUE,FALSE,FALSE,FALSE
"ambiguous_dropped","Physiology","Physiology","Calcifier","ZOO_COMMON_00315",TRUE,FALSE,FALSE,FALSE
"ambiguous_dropped","Physiology","Physiology","Calcifier","ZOO_COMMON_00317",TRUE,FALSE,FALSE,FALSE
"ambiguous_dropped","Physiology","Physiology","Calcifier","ZOO_COMMON_00330",TRUE,FALSE,FALSE,FALSE
"ambiguous_dropped","Physiology","Physiology","Calcifier","ZOO_COMMON_00331",TRUE,FALSE,FALSE,FALSE
"ambiguous_dropped","Physiology","Physiology","Calcifier","ZOO_COMMON_00348",TRUE,FALSE,FALSE,FALSE
"ambiguous_dropped","Physiology","Physiology","Calcifier","ZOO_COMMON_00349",FALSE,TRUE,TRUE,FALSE
"ambiguous_dropped","Physiology","Physiology","Calcifier","ZOO_COMMON_00353",TRUE,FALSE,FALSE,FALSE
"ambiguous_dropped","Physiology","Physiology","Calcifier","ZOO_COMMON_00360",TRUE,FALSE,FALSE,FALSE
"ambiguous_dropped","Physiology","Physiology","Calcifier","ZOO_COMMON_00361",TRUE,FALSE,FALSE,FALSE
"ambiguous_dropped","Physiology","Physiology","Calcifier","ZOO_COMMON_00415",FALSE,FALSE,TRUE,FALSE
"ambiguous_dropped","Physiology","Physiology","Calcifier","ZOO_COMMON_00417",FALSE,TRUE,TRUE,FALSE
"ambiguous_dropped","Physiology","Physiology","Calcifier","ZOO_COMMON_00434",TRUE,FALSE,FALSE,FALSE
"ambiguous_dropped","Physiology","Physiology","Calcifier","ZOO_COMMON_00446",TRUE,FALSE,FALSE,FALSE
"ambiguous_dropped","Physiology","Physiology","Calcifier","ZOO_COMMON_00459",FALSE,TRUE,TRUE,FALSE
"ambiguous_dropped","Physiology","Physiology","Calcifier","ZOO_COMMON_00492",TRUE,FALSE,FALSE,FALSE
"ambiguous_dropped","Physiology","Physiology","Calcifier","ZOO_COMMON_00493",TRUE,FALSE,FALSE,FALSE
"ambiguous_dropped","Physiology","Physiology","Calcifier","ZOO_COMMON_00498",TRUE,FALSE,FALSE,FALSE
"ambiguous_dropped","Physiology","Physiology","Calcifier","ZOO_COMMON_00499",TRUE,FALSE,FALSE,FALSE
"ambiguous_dropped","Physiology","Physiology","Calcifier","ZOO_COMMON_00500",TRUE,FALSE,FALSE,FALSE
"ambiguous_dropped","Physiology","Physiology","Calcifier","ZOO_COMMON_00519",TRUE,FALSE,FALSE,FALSE
"ambiguous_dropped","Physiology","Physiology","Calcifier","ZOO_COMMON_00522",TRUE,FALSE,FALSE,FALSE
"ambiguous_dropped","Physiology","Physiology","Calcifier","ZOO_COMMON_00523",TRUE,FALSE,FALSE,FALSE
"ambiguous_dropped","Physiology","Physiology","Calcifier","ZOO_COMMON_00524",FALSE,FALSE,TRUE,FALSE
"ambiguous_dropped","Physiology","Physiology","Calcifier","ZOO_COMMON_00525",FALSE,TRUE,FALSE,FALSE
"ambiguous_dropped","Physiology","Physiology","Calcifier","ZOO_COMMON_00531",FALSE,TRUE,TRUE,FALSE
"ambiguous_dropped","Physiology","Physiology","Calcifier","ZOO_COMMON_00545",FALSE,TRUE,FALSE,FALSE
"ambiguous_dropped","Physiology","Physiology","Calcifier","ZOO_COMMON_00559",TRUE,FALSE,FALSE,FALSE
"ambiguous_dropped","Physiology","Physiology","Calcifier","ZOO_COMMON_00560",TRUE,FALSE,FALSE,FALSE
"ambiguous_dropped","Physiology","Physiology","Calcifier","ZOO_COMMON_00572",TRUE,FALSE,FALSE,FALSE
"ambiguous_dropped","Physiology","Physiology","Calcifier","ZOO_COMMON_00606",TRUE,FALSE,FALSE,FALSE
"ambiguous_dropped","Physiology","Physiology","Calcifier","ZOO_COMMON_00607",TRUE,FALSE,FALSE,FALSE
"ambiguous_dropped","Physiology","Physiology","Calcifier","ZOO_COMMON_00608",TRUE,FALSE,FALSE,FALSE
"ambiguous_dropped","Physiology","Physiology","Calcifier","ZOO_COMMON_00672",TRUE,FALSE,FALSE,FALSE
"ambiguous_dropped","Physiology","Physiology","Calcifier","ZOO_COMMON_00673",TRUE,FALSE,FALSE,FALSE
"ambiguous_dropped","Physiology","Physiology","Calcifier","ZOO_COMMON_00677",TRUE,FALSE,FALSE,FALSE
"ambiguous_dropped","Physiology","Physiology","Calcifier","ZOO_COMMON_00678",TRUE,FALSE,FALSE,FALSE
"ambiguous_dropped","Physiology","Physiology","Calcifier","ZOO_COMMON_00681",TRUE,FALSE,FALSE,FALSE
"ambiguous_dropped","Physiology","Physiology","Calcifier","ZOO_COMMON_00684",TRUE,FALSE,FALSE,FALSE
"ambiguous_dropped","Physiology","Physiology","Calcifier","ZOO_COMMON_00698",TRUE,TRUE,TRUE,TRUE
"ambiguous_dropped","Physiology","Physiology","Calcifier","ZOO_COMMON_00724",FALSE,TRUE,TRUE,FALSE
"ambiguous_dropped","Physiology","Physiology","Calcifier","ZOO_COMMON_00725",TRUE,FALSE,FALSE,FALSE
"ambiguous_dropped","Physiology","Physiology","Calcifier","ZOO_COMMON_00726",FALSE,TRUE,TRUE,FALSE
"ambiguous_dropped","Physiology","Physiology","Calcifier","ZOO_COMMON_00727",TRUE,FALSE,FALSE,FALSE
"ambiguous_dropped","Physiology","Physiology","Calcifier","ZOO_COMMON_00746",FALSE,TRUE,TRUE,FALSE
"ambiguous_dropped","Physiology","Physiology","Calcifier","ZOO_COMMON_00747",TRUE,FALSE,FALSE,FALSE
"ambiguous_dropped","Physiology","Physiology","Calcifier","ZOO_COMMON_00748",TRUE,TRUE,FALSE,FALSE
"ambiguous_dropped","Physiology","Physiology","Calcifier","ZOO_COMMON_00791",FALSE,TRUE,TRUE,FALSE
"ambiguous_dropped","Physiology","Physiology","Calcifier","ZOO_COMMON_00816",TRUE,FALSE,FALSE,FALSE
"ambiguous_dropped","Physiology","Physiology","Calcifier","ZOO_COMMON_00829",TRUE,FALSE,FALSE,FALSE
"ambiguous_dropped","Physiology","Physiology","Calcifier","ZOO_COMMON_00830",TRUE,FALSE,FALSE,FALSE
"ambiguous_dropped","Physiology","Physiology","Calcifier","ZOO_COMMON_00831",TRUE,FALSE,FALSE,FALSE
"ambiguous_dropped","Physiology","Physiology","Calcifier","ZOO_COMMON_00832",TRUE,FALSE,FALSE,FALSE
"ambiguous_dropped","Physiology","Physiology","Calcifier","ZOO_COMMON_00833",TRUE,FALSE,FALSE,FALSE
"ambiguous_dropped","Physiology","Physiology","Calcifier","ZOO_COMMON_00834",TRUE,FALSE,FALSE,FALSE
"ambiguous_dropped","Physiology","Physiology","Calcifier","ZOO_COMMON_00835",TRUE,FALSE,FALSE,FALSE
"ambiguous_dropped","Physiology","Physiology","Calcifier","ZOO_COMMON_00843",TRUE,FALSE,FALSE,FALSE
"ambiguous_dropped","Physiology","Physiology","Calcifier","ZOO_COMMON_00844",FALSE,TRUE,TRUE,FALSE
"ambiguous_dropped","Physiology","Physiology","Calcifier","ZOO_COMMON_00849",TRUE,FALSE,FALSE,FALSE
"ambiguous_dropped","Physiology","Physiology","Calcifier","ZOO_COMMON_00852",TRUE,FALSE,FALSE,FALSE
"ambiguous_dropped","Physiology","Physiology","Calcifier","ZOO_COMMON_00853",TRUE,FALSE,FALSE,FALSE
"ambiguous_dropped","Physiology","Physiology","Calcifier","ZOO_COMMON_00856",TRUE,FALSE,FALSE,FALSE
"ambiguous_dropped","Physiology","Physiology","Calcifier","ZOO_COMMON_00857",TRUE,FALSE,FALSE,FALSE
"ambiguous_dropped","Physiology","Physiology","Calcifier","ZOO_COMMON_00880",TRUE,FALSE,FALSE,FALSE
"ambiguous_dropped","Physiology","Physiology","Non-calcifier","ZOO_COMMON_00008",TRUE,FALSE,FALSE,FALSE
"ambiguous_dropped","Physiology","Physiology","Non-calcifier","ZOO_COMMON_00010",TRUE,FALSE,FALSE,FALSE
"ambiguous_dropped","Physiology","Physiology","Non-calcifier","ZOO_COMMON_00024",FALSE,TRUE,FALSE,FALSE
"ambiguous_dropped","Physiology","Physiology","Non-calcifier","ZOO_COMMON_00058",TRUE,TRUE,TRUE,TRUE
"ambiguous_dropped","Physiology","Physiology","Non-calcifier","ZOO_COMMON_00109",FALSE,TRUE,FALSE,FALSE
"ambiguous_dropped","Physiology","Physiology","Non-calcifier","ZOO_COMMON_00110",FALSE,TRUE,FALSE,FALSE
"ambiguous_dropped","Physiology","Physiology","Non-calcifier","ZOO_COMMON_00111",FALSE,TRUE,FALSE,FALSE
"ambiguous_dropped","Physiology","Physiology","Non-calcifier","ZOO_COMMON_00112",FALSE,TRUE,FALSE,FALSE
"ambiguous_dropped","Physiology","Physiology","Non-calcifier","ZOO_COMMON_00163",FALSE,TRUE,TRUE,FALSE
"ambiguous_dropped","Physiology","Physiology","Non-calcifier","ZOO_COMMON_00173",FALSE,TRUE,FALSE,FALSE
"ambiguous_dropped","Physiology","Physiology","Non-calcifier","ZOO_COMMON_00174",FALSE,TRUE,FALSE,FALSE
"ambiguous_dropped","Physiology","Physiology","Non-calcifier","ZOO_COMMON_00175",FALSE,TRUE,TRUE,FALSE
"ambiguous_dropped","Physiology","Physiology","Non-calcifier","ZOO_COMMON_00178",FALSE,TRUE,FALSE,FALSE
"ambiguous_dropped","Physiology","Physiology","Non-calcifier","ZOO_COMMON_00218",FALSE,TRUE,TRUE,FALSE
"ambiguous_dropped","Physiology","Physiology","Non-calcifier","ZOO_COMMON_00228",FALSE,TRUE,FALSE,FALSE
"ambiguous_dropped","Physiology","Physiology","Non-calcifier","ZOO_COMMON_00233",TRUE,FALSE,FALSE,FALSE
"ambiguous_dropped","Physiology","Physiology","Non-calcifier","ZOO_COMMON_00243",FALSE,TRUE,FALSE,FALSE
"ambiguous_dropped","Physiology","Physiology","Non-calcifier","ZOO_COMMON_00262",TRUE,FALSE,FALSE,FALSE
"ambiguous_dropped","Physiology","Physiology","Non-calcifier","ZOO_COMMON_00263",TRUE,FALSE,FALSE,FALSE
"ambiguous_dropped","Physiology","Physiology","Non-calcifier","ZOO_COMMON_00264",TRUE,FALSE,FALSE,FALSE
"ambiguous_dropped","Physiology","Physiology","Non-calcifier","ZOO_COMMON_00287",FALSE,TRUE,FALSE,FALSE
"ambiguous_dropped","Physiology","Physiology","Non-calcifier","ZOO_COMMON_00362",TRUE,FALSE,FALSE,FALSE
"ambiguous_dropped","Physiology","Physiology","Non-calcifier","ZOO_COMMON_00384",TRUE,FALSE,FALSE,FALSE
"ambiguous_dropped","Physiology","Physiology","Non-calcifier","ZOO_COMMON_00386",TRUE,FALSE,FALSE,FALSE
"ambiguous_dropped","Physiology","Physiology","Non-calcifier","ZOO_COMMON_00387",TRUE,FALSE,FALSE,FALSE
"ambiguous_dropped","Physiology","Physiology","Non-calcifier","ZOO_COMMON_00388",TRUE,FALSE,FALSE,FALSE
"ambiguous_dropped","Physiology","Physiology","Non-calcifier","ZOO_COMMON_00389",TRUE,FALSE,FALSE,FALSE
"ambiguous_dropped","Physiology","Physiology","Non-calcifier","ZOO_COMMON_00391",FALSE,TRUE,FALSE,FALSE
"ambiguous_dropped","Physiology","Physiology","Non-calcifier","ZOO_COMMON_00392",FALSE,TRUE,FALSE,FALSE
"ambiguous_dropped","Physiology","Physiology","Non-calcifier","ZOO_COMMON_00393",FALSE,TRUE,FALSE,FALSE
"ambiguous_dropped","Physiology","Physiology","Non-calcifier","ZOO_COMMON_00395",TRUE,FALSE,FALSE,FALSE
"ambiguous_dropped","Physiology","Physiology","Non-calcifier","ZOO_COMMON_00403",TRUE,TRUE,TRUE,TRUE
"ambiguous_dropped","Physiology","Physiology","Non-calcifier","ZOO_COMMON_00404",FALSE,TRUE,TRUE,FALSE
"ambiguous_dropped","Physiology","Physiology","Non-calcifier","ZOO_COMMON_00452",TRUE,TRUE,TRUE,TRUE
"ambiguous_dropped","Physiology","Physiology","Non-calcifier","ZOO_COMMON_00454",FALSE,TRUE,FALSE,FALSE
"ambiguous_dropped","Physiology","Physiology","Non-calcifier","ZOO_COMMON_00470",TRUE,TRUE,TRUE,TRUE
"ambiguous_dropped","Physiology","Physiology","Non-calcifier","ZOO_COMMON_00480",FALSE,TRUE,FALSE,FALSE
"ambiguous_dropped","Physiology","Physiology","Non-calcifier","ZOO_COMMON_00486",TRUE,FALSE,FALSE,FALSE
"ambiguous_dropped","Physiology","Physiology","Non-calcifier","ZOO_COMMON_00494",TRUE,FALSE,FALSE,FALSE
"ambiguous_dropped","Physiology","Physiology","Non-calcifier","ZOO_COMMON_00495",TRUE,FALSE,FALSE,FALSE
"ambiguous_dropped","Physiology","Physiology","Non-calcifier","ZOO_COMMON_00496",TRUE,FALSE,FALSE,FALSE
"ambiguous_dropped","Physiology","Physiology","Non-calcifier","ZOO_COMMON_00497",TRUE,FALSE,FALSE,FALSE
"ambiguous_dropped","Physiology","Physiology","Non-calcifier","ZOO_COMMON_00535",FALSE,TRUE,FALSE,FALSE
"ambiguous_dropped","Physiology","Physiology","Non-calcifier","ZOO_COMMON_00549",TRUE,FALSE,FALSE,FALSE
"ambiguous_dropped","Physiology","Physiology","Non-calcifier","ZOO_COMMON_00593",TRUE,FALSE,FALSE,FALSE
"ambiguous_dropped","Physiology","Physiology","Non-calcifier","ZOO_COMMON_00613",TRUE,FALSE,FALSE,FALSE
"ambiguous_dropped","Physiology","Physiology","Non-calcifier","ZOO_COMMON_00660",TRUE,TRUE,TRUE,TRUE
"ambiguous_dropped","Physiology","Physiology","Non-calcifier","ZOO_COMMON_00704",TRUE,FALSE,FALSE,FALSE
"ambiguous_dropped","Physiology","Physiology","Non-calcifier","ZOO_COMMON_00713",TRUE,FALSE,FALSE,FALSE
"ambiguous_dropped","Physiology","Physiology","Non-calcifier","ZOO_COMMON_00721",FALSE,TRUE,FALSE,FALSE
"ambiguous_dropped","Physiology","Physiology","Non-calcifier","ZOO_COMMON_00796",TRUE,FALSE,FALSE,FALSE
"ambiguous_dropped","Physiology","Physiology","Non-calcifier","ZOO_COMMON_00797",TRUE,FALSE,FALSE,FALSE
"ambiguous_dropped","Physiology","Physiology","Non-calcifier","ZOO_COMMON_00798",TRUE,FALSE,FALSE,FALSE
"ambiguous_dropped","Physiology","Physiology","Non-calcifier","ZOO_COMMON_00799",TRUE,FALSE,FALSE,FALSE
"ambiguous_dropped","Physiology","Physiology","Non-calcifier","ZOO_COMMON_00800",TRUE,FALSE,FALSE,FALSE
"ambiguous_dropped","Physiology","Physiology","Non-calcifier","ZOO_COMMON_00801",TRUE,FALSE,FALSE,FALSE
"ambiguous_dropped","Physiology","Physiology","Non-calcifier","ZOO_COMMON_00805",TRUE,FALSE,FALSE,FALSE
"ambiguous_dropped","Physiology","Physiology","Non-calcifier","ZOO_COMMON_00814",FALSE,TRUE,FALSE,FALSE
"ambiguous_dropped","Physiology","Physiology","Non-calcifier","ZOO_COMMON_00827",FALSE,TRUE,FALSE,FALSE
"ambiguous_dropped","Physiology","Physiology","Non-calcifier","ZOO_COMMON_00858",TRUE,TRUE,TRUE,TRUE
"ambiguous_dropped","Physiology","Physiology","Non-calcifier","ZOO_COMMON_00865",FALSE,TRUE,TRUE,FALSE
"ambiguous_dropped","Physiology","Physiology","Non-calcifier","ZOO_COMMON_00866",TRUE,FALSE,FALSE,FALSE
"ambiguous_dropped","Physiology","Physiology","Non-calcifier","ZOO_COMMON_00885",TRUE,FALSE,FALSE,FALSE
"ambiguous_dropped","Physiology","Physiology","Non-calcifier","ZOO_COMMON_00911",TRUE,FALSE,FALSE,FALSE
"ambiguous_dropped","Physiology","Physiology","Non-calcifier","ZOO_COMMON_00913",TRUE,FALSE,FALSE,FALSE
"ambiguous_dropped","Reproduction","Reproduction","Calcifier","ZOO_COMMON_00034",TRUE,TRUE,TRUE,TRUE
"ambiguous_dropped","Reproduction","Reproduction","Calcifier","ZOO_COMMON_00036",TRUE,TRUE,TRUE,TRUE
"ambiguous_dropped","Reproduction","Reproduction","Calcifier","ZOO_COMMON_00059",FALSE,TRUE,FALSE,FALSE
"ambiguous_dropped","Reproduction","Reproduction","Calcifier","ZOO_COMMON_00060",FALSE,TRUE,FALSE,FALSE
"ambiguous_dropped","Reproduction","Reproduction","Calcifier","ZOO_COMMON_00062",TRUE,FALSE,FALSE,FALSE
"ambiguous_dropped","Reproduction","Reproduction","Calcifier","ZOO_COMMON_00070",TRUE,TRUE,TRUE,TRUE
"ambiguous_dropped","Reproduction","Reproduction","Calcifier","ZOO_COMMON_00073",TRUE,TRUE,TRUE,TRUE
"ambiguous_dropped","Reproduction","Reproduction","Calcifier","ZOO_COMMON_00078",TRUE,TRUE,TRUE,TRUE
"ambiguous_dropped","Reproduction","Reproduction","Calcifier","ZOO_COMMON_00079",TRUE,TRUE,TRUE,TRUE
"ambiguous_dropped","Reproduction","Reproduction","Calcifier","ZOO_COMMON_00080",TRUE,TRUE,TRUE,TRUE
"ambiguous_dropped","Reproduction","Reproduction","Calcifier","ZOO_COMMON_00081",TRUE,TRUE,TRUE,TRUE
"ambiguous_dropped","Reproduction","Reproduction","Calcifier","ZOO_COMMON_00082",TRUE,TRUE,TRUE,TRUE
"ambiguous_dropped","Reproduction","Reproduction","Calcifier","ZOO_COMMON_00083",TRUE,TRUE,TRUE,TRUE
"ambiguous_dropped","Reproduction","Reproduction","Calcifier","ZOO_COMMON_00084",TRUE,TRUE,TRUE,TRUE
"ambiguous_dropped","Reproduction","Reproduction","Calcifier","ZOO_COMMON_00088",FALSE,TRUE,FALSE,FALSE
"ambiguous_dropped","Reproduction","Reproduction","Calcifier","ZOO_COMMON_00098",FALSE,TRUE,FALSE,FALSE
"ambiguous_dropped","Reproduction","Reproduction","Calcifier","ZOO_COMMON_00155",TRUE,FALSE,FALSE,FALSE
"ambiguous_dropped","Reproduction","Reproduction","Calcifier","ZOO_COMMON_00227",TRUE,FALSE,FALSE,FALSE
"ambiguous_dropped","Reproduction","Reproduction","Calcifier","ZOO_COMMON_00229",TRUE,FALSE,FALSE,FALSE
"ambiguous_dropped","Reproduction","Reproduction","Calcifier","ZOO_COMMON_00230",TRUE,FALSE,FALSE,FALSE
"ambiguous_dropped","Reproduction","Reproduction","Calcifier","ZOO_COMMON_00231",TRUE,FALSE,FALSE,FALSE
"ambiguous_dropped","Reproduction","Reproduction","Calcifier","ZOO_COMMON_00232",TRUE,FALSE,FALSE,FALSE
"ambiguous_dropped","Reproduction","Reproduction","Calcifier","ZOO_COMMON_00236",TRUE,TRUE,TRUE,TRUE
"ambiguous_dropped","Reproduction","Reproduction","Calcifier","ZOO_COMMON_00267",FALSE,TRUE,TRUE,FALSE
"ambiguous_dropped","Reproduction","Reproduction","Calcifier","ZOO_COMMON_00268",TRUE,FALSE,FALSE,FALSE
"ambiguous_dropped","Reproduction","Reproduction","Calcifier","ZOO_COMMON_00269",FALSE,TRUE,TRUE,FALSE
"ambiguous_dropped","Reproduction","Reproduction","Calcifier","ZOO_COMMON_00270",TRUE,FALSE,FALSE,FALSE
"ambiguous_dropped","Reproduction","Reproduction","Calcifier","ZOO_COMMON_00271",FALSE,TRUE,TRUE,FALSE
"ambiguous_dropped","Reproduction","Reproduction","Calcifier","ZOO_COMMON_00272",TRUE,FALSE,FALSE,FALSE
"ambiguous_dropped","Reproduction","Reproduction","Calcifier","ZOO_COMMON_00273",FALSE,TRUE,TRUE,FALSE
"ambiguous_dropped","Reproduction","Reproduction","Calcifier","ZOO_COMMON_00274",TRUE,FALSE,FALSE,FALSE
"ambiguous_dropped","Reproduction","Reproduction","Calcifier","ZOO_COMMON_00278",TRUE,TRUE,TRUE,TRUE
"ambiguous_dropped","Reproduction","Reproduction","Calcifier","ZOO_COMMON_00279",TRUE,TRUE,TRUE,TRUE
"ambiguous_dropped","Reproduction","Reproduction","Calcifier","ZOO_COMMON_00280",TRUE,TRUE,TRUE,TRUE
"ambiguous_dropped","Reproduction","Reproduction","Calcifier","ZOO_COMMON_00281",TRUE,TRUE,TRUE,TRUE
"ambiguous_dropped","Reproduction","Reproduction","Calcifier","ZOO_COMMON_00297",TRUE,TRUE,TRUE,TRUE
"ambiguous_dropped","Reproduction","Reproduction","Calcifier","ZOO_COMMON_00325",TRUE,FALSE,FALSE,FALSE
"ambiguous_dropped","Reproduction","Reproduction","Calcifier","ZOO_COMMON_00332",TRUE,FALSE,FALSE,FALSE
"ambiguous_dropped","Reproduction","Reproduction","Calcifier","ZOO_COMMON_00336",TRUE,FALSE,FALSE,FALSE
"ambiguous_dropped","Reproduction","Reproduction","Calcifier","ZOO_COMMON_00337",TRUE,FALSE,FALSE,FALSE
"ambiguous_dropped","Reproduction","Reproduction","Calcifier","ZOO_COMMON_00350",TRUE,FALSE,FALSE,FALSE
"ambiguous_dropped","Reproduction","Reproduction","Calcifier","ZOO_COMMON_00351",TRUE,FALSE,FALSE,FALSE
"ambiguous_dropped","Reproduction","Reproduction","Calcifier","ZOO_COMMON_00365",TRUE,FALSE,FALSE,FALSE
"ambiguous_dropped","Reproduction","Reproduction","Calcifier","ZOO_COMMON_00366",FALSE,FALSE,TRUE,FALSE
"ambiguous_dropped","Reproduction","Reproduction","Calcifier","ZOO_COMMON_00367",FALSE,TRUE,FALSE,FALSE
"ambiguous_dropped","Reproduction","Reproduction","Calcifier","ZOO_COMMON_00377",FALSE,TRUE,FALSE,FALSE
"ambiguous_dropped","Reproduction","Reproduction","Calcifier","ZOO_COMMON_00380",TRUE,FALSE,FALSE,FALSE
"ambiguous_dropped","Reproduction","Reproduction","Calcifier","ZOO_COMMON_00383",TRUE,FALSE,FALSE,FALSE
"ambiguous_dropped","Reproduction","Reproduction","Calcifier","ZOO_COMMON_00407",FALSE,TRUE,FALSE,FALSE
"ambiguous_dropped","Reproduction","Reproduction","Calcifier","ZOO_COMMON_00413",TRUE,FALSE,FALSE,FALSE
"ambiguous_dropped","Reproduction","Reproduction","Calcifier","ZOO_COMMON_00414",TRUE,FALSE,FALSE,FALSE
"ambiguous_dropped","Reproduction","Reproduction","Calcifier","ZOO_COMMON_00415",TRUE,TRUE,TRUE,TRUE
"ambiguous_dropped","Reproduction","Reproduction","Calcifier","ZOO_COMMON_00416",TRUE,FALSE,FALSE,FALSE
"ambiguous_dropped","Reproduction","Reproduction","Calcifier","ZOO_COMMON_00417",TRUE,TRUE,TRUE,TRUE
"ambiguous_dropped","Reproduction","Reproduction","Calcifier","ZOO_COMMON_00420",FALSE,TRUE,FALSE,FALSE
"ambiguous_dropped","Reproduction","Reproduction","Calcifier","ZOO_COMMON_00426",TRUE,FALSE,FALSE,FALSE
"ambiguous_dropped","Reproduction","Reproduction","Calcifier","ZOO_COMMON_00436",TRUE,FALSE,FALSE,FALSE
"ambiguous_dropped","Reproduction","Reproduction","Calcifier","ZOO_COMMON_00439",TRUE,FALSE,FALSE,FALSE
"ambiguous_dropped","Reproduction","Reproduction","Calcifier","ZOO_COMMON_00440",TRUE,FALSE,FALSE,FALSE
"ambiguous_dropped","Reproduction","Reproduction","Calcifier","ZOO_COMMON_00441",TRUE,FALSE,FALSE,FALSE
"ambiguous_dropped","Reproduction","Reproduction","Calcifier","ZOO_COMMON_00442",TRUE,FALSE,FALSE,FALSE
"ambiguous_dropped","Reproduction","Reproduction","Calcifier","ZOO_COMMON_00456",FALSE,TRUE,FALSE,FALSE
"ambiguous_dropped","Reproduction","Reproduction","Calcifier","ZOO_COMMON_00466",TRUE,FALSE,FALSE,FALSE
"ambiguous_dropped","Reproduction","Reproduction","Calcifier","ZOO_COMMON_00468",FALSE,TRUE,TRUE,FALSE
"ambiguous_dropped","Reproduction","Reproduction","Calcifier","ZOO_COMMON_00488",FALSE,TRUE,FALSE,FALSE
"ambiguous_dropped","Reproduction","Reproduction","Calcifier","ZOO_COMMON_00528",TRUE,FALSE,FALSE,FALSE
"ambiguous_dropped","Reproduction","Reproduction","Calcifier","ZOO_COMMON_00580",FALSE,FALSE,TRUE,FALSE
"ambiguous_dropped","Reproduction","Reproduction","Calcifier","ZOO_COMMON_00582",FALSE,TRUE,FALSE,FALSE
"ambiguous_dropped","Reproduction","Reproduction","Calcifier","ZOO_COMMON_00584",FALSE,TRUE,FALSE,FALSE
"ambiguous_dropped","Reproduction","Reproduction","Calcifier","ZOO_COMMON_00625",FALSE,FALSE,TRUE,FALSE
"ambiguous_dropped","Reproduction","Reproduction","Calcifier","ZOO_COMMON_00627",TRUE,FALSE,FALSE,FALSE
"ambiguous_dropped","Reproduction","Reproduction","Calcifier","ZOO_COMMON_00629",FALSE,TRUE,FALSE,FALSE
"ambiguous_dropped","Reproduction","Reproduction","Calcifier","ZOO_COMMON_00631",TRUE,TRUE,TRUE,TRUE
"ambiguous_dropped","Reproduction","Reproduction","Calcifier","ZOO_COMMON_00632",TRUE,TRUE,TRUE,TRUE
"ambiguous_dropped","Reproduction","Reproduction","Calcifier","ZOO_COMMON_00648",TRUE,TRUE,TRUE,TRUE
"ambiguous_dropped","Reproduction","Reproduction","Calcifier","ZOO_COMMON_00650",TRUE,TRUE,TRUE,TRUE
"ambiguous_dropped","Reproduction","Reproduction","Calcifier","ZOO_COMMON_00651",TRUE,TRUE,TRUE,TRUE
"ambiguous_dropped","Reproduction","Reproduction","Calcifier","ZOO_COMMON_00656",TRUE,TRUE,TRUE,TRUE
"ambiguous_dropped","Reproduction","Reproduction","Calcifier","ZOO_COMMON_00680",FALSE,TRUE,FALSE,FALSE
"ambiguous_dropped","Reproduction","Reproduction","Calcifier","ZOO_COMMON_00706",FALSE,TRUE,FALSE,FALSE
"ambiguous_dropped","Reproduction","Reproduction","Calcifier","ZOO_COMMON_00709",FALSE,TRUE,FALSE,FALSE
"ambiguous_dropped","Reproduction","Reproduction","Calcifier","ZOO_COMMON_00711",FALSE,TRUE,FALSE,FALSE
"ambiguous_dropped","Reproduction","Reproduction","Calcifier","ZOO_COMMON_00712",FALSE,TRUE,FALSE,FALSE
"ambiguous_dropped","Reproduction","Reproduction","Calcifier","ZOO_COMMON_00720",TRUE,FALSE,FALSE,FALSE
"ambiguous_dropped","Reproduction","Reproduction","Calcifier","ZOO_COMMON_00743",TRUE,FALSE,FALSE,FALSE
"ambiguous_dropped","Reproduction","Reproduction","Calcifier","ZOO_COMMON_00744",TRUE,FALSE,FALSE,FALSE
"ambiguous_dropped","Reproduction","Reproduction","Calcifier","ZOO_COMMON_00767",TRUE,FALSE,FALSE,FALSE
"ambiguous_dropped","Reproduction","Reproduction","Calcifier","ZOO_COMMON_00768",TRUE,FALSE,FALSE,FALSE
"ambiguous_dropped","Reproduction","Reproduction","Calcifier","ZOO_COMMON_00769",TRUE,FALSE,FALSE,FALSE
"ambiguous_dropped","Reproduction","Reproduction","Calcifier","ZOO_COMMON_00776",TRUE,FALSE,FALSE,FALSE
"ambiguous_dropped","Reproduction","Reproduction","Calcifier","ZOO_COMMON_00819",TRUE,FALSE,FALSE,FALSE
"ambiguous_dropped","Reproduction","Reproduction","Calcifier","ZOO_COMMON_00821",TRUE,TRUE,TRUE,TRUE
"ambiguous_dropped","Reproduction","Reproduction","Calcifier","ZOO_COMMON_00822",TRUE,FALSE,TRUE,FALSE
"ambiguous_dropped","Reproduction","Reproduction","Calcifier","ZOO_COMMON_00823",TRUE,FALSE,TRUE,FALSE
"ambiguous_dropped","Reproduction","Reproduction","Calcifier","ZOO_COMMON_00824",TRUE,FALSE,FALSE,FALSE
"ambiguous_dropped","Reproduction","Reproduction","Calcifier","ZOO_COMMON_00825",TRUE,FALSE,FALSE,FALSE
"ambiguous_dropped","Reproduction","Reproduction","Calcifier","ZOO_COMMON_00867",TRUE,FALSE,FALSE,FALSE
"ambiguous_dropped","Reproduction","Reproduction","Calcifier","ZOO_COMMON_00868",TRUE,FALSE,FALSE,FALSE
"ambiguous_dropped","Reproduction","Reproduction","Calcifier","ZOO_COMMON_00896",TRUE,FALSE,FALSE,FALSE
"ambiguous_dropped","Reproduction","Reproduction","Calcifier","ZOO_COMMON_00897",TRUE,FALSE,FALSE,FALSE
"ambiguous_dropped","Reproduction","Reproduction","Calcifier","ZOO_COMMON_00898",TRUE,FALSE,FALSE,FALSE
"ambiguous_dropped","Reproduction","Reproduction","Calcifier","ZOO_COMMON_00909",TRUE,FALSE,FALSE,FALSE
"ambiguous_dropped","Reproduction","Reproduction","Non-calcifier","ZOO_COMMON_00009",TRUE,FALSE,FALSE,FALSE
"ambiguous_dropped","Reproduction","Reproduction","Non-calcifier","ZOO_COMMON_00011",TRUE,FALSE,FALSE,FALSE
"ambiguous_dropped","Reproduction","Reproduction","Non-calcifier","ZOO_COMMON_00014",TRUE,TRUE,TRUE,TRUE
"ambiguous_dropped","Reproduction","Reproduction","Non-calcifier","ZOO_COMMON_00022",TRUE,FALSE,FALSE,FALSE
"ambiguous_dropped","Reproduction","Reproduction","Non-calcifier","ZOO_COMMON_00025",TRUE,FALSE,FALSE,FALSE
"ambiguous_dropped","Reproduction","Reproduction","Non-calcifier","ZOO_COMMON_00026",TRUE,TRUE,TRUE,TRUE
"ambiguous_dropped","Reproduction","Reproduction","Non-calcifier","ZOO_COMMON_00063",TRUE,FALSE,FALSE,FALSE
"ambiguous_dropped","Reproduction","Reproduction","Non-calcifier","ZOO_COMMON_00068",FALSE,TRUE,FALSE,FALSE
"ambiguous_dropped","Reproduction","Reproduction","Non-calcifier","ZOO_COMMON_00069",FALSE,TRUE,FALSE,FALSE
"ambiguous_dropped","Reproduction","Reproduction","Non-calcifier","ZOO_COMMON_00104",TRUE,FALSE,FALSE,FALSE
"ambiguous_dropped","Reproduction","Reproduction","Non-calcifier","ZOO_COMMON_00105",TRUE,FALSE,FALSE,FALSE
"ambiguous_dropped","Reproduction","Reproduction","Non-calcifier","ZOO_COMMON_00106",TRUE,FALSE,FALSE,FALSE
"ambiguous_dropped","Reproduction","Reproduction","Non-calcifier","ZOO_COMMON_00118",TRUE,FALSE,FALSE,FALSE
"ambiguous_dropped","Reproduction","Reproduction","Non-calcifier","ZOO_COMMON_00135",TRUE,TRUE,TRUE,TRUE
"ambiguous_dropped","Reproduction","Reproduction","Non-calcifier","ZOO_COMMON_00139",TRUE,TRUE,TRUE,TRUE
"ambiguous_dropped","Reproduction","Reproduction","Non-calcifier","ZOO_COMMON_00164",TRUE,FALSE,FALSE,FALSE
"ambiguous_dropped","Reproduction","Reproduction","Non-calcifier","ZOO_COMMON_00165",TRUE,FALSE,FALSE,FALSE
"ambiguous_dropped","Reproduction","Reproduction","Non-calcifier","ZOO_COMMON_00172",TRUE,FALSE,FALSE,FALSE
"ambiguous_dropped","Reproduction","Reproduction","Non-calcifier","ZOO_COMMON_00182",TRUE,TRUE,TRUE,TRUE
"ambiguous_dropped","Reproduction","Reproduction","Non-calcifier","ZOO_COMMON_00185",TRUE,FALSE,FALSE,FALSE
"ambiguous_dropped","Reproduction","Reproduction","Non-calcifier","ZOO_COMMON_00190",FALSE,TRUE,FALSE,FALSE
"ambiguous_dropped","Reproduction","Reproduction","Non-calcifier","ZOO_COMMON_00191",FALSE,TRUE,FALSE,FALSE
"ambiguous_dropped","Reproduction","Reproduction","Non-calcifier","ZOO_COMMON_00197",FALSE,TRUE,FALSE,FALSE
"ambiguous_dropped","Reproduction","Reproduction","Non-calcifier","ZOO_COMMON_00198",FALSE,TRUE,FALSE,FALSE
"ambiguous_dropped","Reproduction","Reproduction","Non-calcifier","ZOO_COMMON_00329",FALSE,TRUE,FALSE,FALSE
"ambiguous_dropped","Reproduction","Reproduction","Non-calcifier","ZOO_COMMON_00354",TRUE,FALSE,FALSE,FALSE
"ambiguous_dropped","Reproduction","Reproduction","Non-calcifier","ZOO_COMMON_00355",FALSE,TRUE,FALSE,FALSE
"ambiguous_dropped","Reproduction","Reproduction","Non-calcifier","ZOO_COMMON_00363",FALSE,TRUE,FALSE,FALSE
"ambiguous_dropped","Reproduction","Reproduction","Non-calcifier","ZOO_COMMON_00364",FALSE,TRUE,FALSE,FALSE
"ambiguous_dropped","Reproduction","Reproduction","Non-calcifier","ZOO_COMMON_00385",TRUE,TRUE,TRUE,TRUE
"ambiguous_dropped","Reproduction","Reproduction","Non-calcifier","ZOO_COMMON_00386",TRUE,FALSE,FALSE,FALSE
"ambiguous_dropped","Reproduction","Reproduction","Non-calcifier","ZOO_COMMON_00390",TRUE,FALSE,FALSE,FALSE
"ambiguous_dropped","Reproduction","Reproduction","Non-calcifier","ZOO_COMMON_00394",FALSE,TRUE,FALSE,FALSE
"ambiguous_dropped","Reproduction","Reproduction","Non-calcifier","ZOO_COMMON_00410",FALSE,TRUE,FALSE,FALSE
"ambiguous_dropped","Reproduction","Reproduction","Non-calcifier","ZOO_COMMON_00411",FALSE,TRUE,FALSE,FALSE
"ambiguous_dropped","Reproduction","Reproduction","Non-calcifier","ZOO_COMMON_00418",FALSE,TRUE,FALSE,FALSE
"ambiguous_dropped","Reproduction","Reproduction","Non-calcifier","ZOO_COMMON_00427",FALSE,TRUE,FALSE,FALSE
"ambiguous_dropped","Reproduction","Reproduction","Non-calcifier","ZOO_COMMON_00428",FALSE,TRUE,FALSE,FALSE
"ambiguous_dropped","Reproduction","Reproduction","Non-calcifier","ZOO_COMMON_00429",FALSE,TRUE,FALSE,FALSE
"ambiguous_dropped","Reproduction","Reproduction","Non-calcifier","ZOO_COMMON_00430",FALSE,TRUE,FALSE,FALSE
"ambiguous_dropped","Reproduction","Reproduction","Non-calcifier","ZOO_COMMON_00435",FALSE,TRUE,FALSE,FALSE
"ambiguous_dropped","Reproduction","Reproduction","Non-calcifier","ZOO_COMMON_00455",FALSE,TRUE,FALSE,FALSE
"ambiguous_dropped","Reproduction","Reproduction","Non-calcifier","ZOO_COMMON_00471",TRUE,TRUE,TRUE,TRUE
"ambiguous_dropped","Reproduction","Reproduction","Non-calcifier","ZOO_COMMON_00538",TRUE,FALSE,FALSE,FALSE
"ambiguous_dropped","Reproduction","Reproduction","Non-calcifier","ZOO_COMMON_00539",FALSE,TRUE,FALSE,FALSE
"ambiguous_dropped","Reproduction","Reproduction","Non-calcifier","ZOO_COMMON_00542",FALSE,TRUE,FALSE,FALSE
"ambiguous_dropped","Reproduction","Reproduction","Non-calcifier","ZOO_COMMON_00550",TRUE,FALSE,FALSE,FALSE
"ambiguous_dropped","Reproduction","Reproduction","Non-calcifier","ZOO_COMMON_00552",TRUE,FALSE,FALSE,FALSE
"ambiguous_dropped","Reproduction","Reproduction","Non-calcifier","ZOO_COMMON_00555",TRUE,FALSE,FALSE,FALSE
"ambiguous_dropped","Reproduction","Reproduction","Non-calcifier","ZOO_COMMON_00557",FALSE,TRUE,FALSE,FALSE
"ambiguous_dropped","Reproduction","Reproduction","Non-calcifier","ZOO_COMMON_00558",TRUE,TRUE,TRUE,TRUE
"ambiguous_dropped","Reproduction","Reproduction","Non-calcifier","ZOO_COMMON_00587",FALSE,TRUE,FALSE,FALSE
"ambiguous_dropped","Reproduction","Reproduction","Non-calcifier","ZOO_COMMON_00605",FALSE,TRUE,TRUE,FALSE
"ambiguous_dropped","Reproduction","Reproduction","Non-calcifier","ZOO_COMMON_00610",TRUE,FALSE,FALSE,FALSE
"ambiguous_dropped","Reproduction","Reproduction","Non-calcifier","ZOO_COMMON_00611",FALSE,TRUE,FALSE,FALSE
"ambiguous_dropped","Reproduction","Reproduction","Non-calcifier","ZOO_COMMON_00642",FALSE,TRUE,FALSE,FALSE
"ambiguous_dropped","Reproduction","Reproduction","Non-calcifier","ZOO_COMMON_00643",FALSE,TRUE,FALSE,FALSE
"ambiguous_dropped","Reproduction","Reproduction","Non-calcifier","ZOO_COMMON_00652",TRUE,FALSE,FALSE,FALSE
"ambiguous_dropped","Reproduction","Reproduction","Non-calcifier","ZOO_COMMON_00660",TRUE,TRUE,TRUE,TRUE
"ambiguous_dropped","Reproduction","Reproduction","Non-calcifier","ZOO_COMMON_00668",TRUE,TRUE,TRUE,TRUE
"ambiguous_dropped","Reproduction","Reproduction","Non-calcifier","ZOO_COMMON_00685",FALSE,TRUE,FALSE,FALSE
"ambiguous_dropped","Reproduction","Reproduction","Non-calcifier","ZOO_COMMON_00702",FALSE,TRUE,TRUE,FALSE
"ambiguous_dropped","Reproduction","Reproduction","Non-calcifier","ZOO_COMMON_00730",TRUE,TRUE,TRUE,TRUE
"ambiguous_dropped","Reproduction","Reproduction","Non-calcifier","ZOO_COMMON_00731",TRUE,TRUE,TRUE,TRUE
"ambiguous_dropped","Reproduction","Reproduction","Non-calcifier","ZOO_COMMON_00732",TRUE,TRUE,TRUE,TRUE
"ambiguous_dropped","Reproduction","Reproduction","Non-calcifier","ZOO_COMMON_00733",TRUE,FALSE,FALSE,FALSE
"ambiguous_dropped","Reproduction","Reproduction","Non-calcifier","ZOO_COMMON_00734",FALSE,TRUE,TRUE,FALSE
"ambiguous_dropped","Reproduction","Reproduction","Non-calcifier","ZOO_COMMON_00735",TRUE,FALSE,FALSE,FALSE
"ambiguous_dropped","Reproduction","Reproduction","Non-calcifier","ZOO_COMMON_00736",FALSE,TRUE,TRUE,FALSE
"ambiguous_dropped","Reproduction","Reproduction","Non-calcifier","ZOO_COMMON_00737",TRUE,FALSE,FALSE,FALSE
"ambiguous_dropped","Reproduction","Reproduction","Non-calcifier","ZOO_COMMON_00752",FALSE,TRUE,FALSE,FALSE
"ambiguous_dropped","Reproduction","Reproduction","Non-calcifier","ZOO_COMMON_00754",TRUE,FALSE,FALSE,FALSE
"ambiguous_dropped","Reproduction","Reproduction","Non-calcifier","ZOO_COMMON_00795",TRUE,FALSE,FALSE,FALSE
"ambiguous_dropped","Reproduction","Reproduction","Non-calcifier","ZOO_COMMON_00836",TRUE,FALSE,FALSE,FALSE
"ambiguous_dropped","Reproduction","Reproduction","Non-calcifier","ZOO_COMMON_00837",FALSE,TRUE,FALSE,FALSE
"ambiguous_dropped","Reproduction","Reproduction","Non-calcifier","ZOO_COMMON_00838",FALSE,TRUE,FALSE,FALSE
"ambiguous_dropped","Reproduction","Reproduction","Non-calcifier","ZOO_COMMON_00840",FALSE,TRUE,FALSE,FALSE
"ambiguous_dropped","Reproduction","Reproduction","Non-calcifier","ZOO_COMMON_00900",TRUE,FALSE,FALSE,FALSE
"ambiguous_dropped","Reproduction","Reproduction","Non-calcifier","ZOO_COMMON_00901",TRUE,FALSE,FALSE,FALSE
"ambiguous_dropped","Reproduction","Reproduction","Non-calcifier","ZOO_COMMON_00902",TRUE,FALSE,FALSE,FALSE
"ambiguous_dropped","Reproduction","Reproduction","Non-calcifier","ZOO_COMMON_00903",TRUE,FALSE,FALSE,FALSE
"ambiguous_dropped","Reproduction","Reproduction","Non-calcifier","ZOO_COMMON_00907",FALSE,TRUE,FALSE,FALSE
"ambiguous_dropped","Reproduction","Reproduction","Non-calcifier","ZOO_COMMON_00908",FALSE,TRUE,FALSE,FALSE
"ambiguous_dropped","Reproduction","Reproduction","Non-calcifier","ZOO_COMMON_00914",TRUE,FALSE,FALSE,FALSE
"ambiguous_dropped","Reproduction","Reproduction","Non-calcifier","ZOO_COMMON_00915",FALSE,TRUE,FALSE,FALSE
"ambiguous_dropped","Survival","Survival","Calcifier","ZOO_COMMON_00027",TRUE,FALSE,FALSE,FALSE
"ambiguous_dropped","Survival","Survival","Calcifier","ZOO_COMMON_00028",TRUE,FALSE,FALSE,FALSE
"ambiguous_dropped","Survival","Survival","Calcifier","ZOO_COMMON_00042",FALSE,TRUE,FALSE,FALSE
"ambiguous_dropped","Survival","Survival","Calcifier","ZOO_COMMON_00075",TRUE,TRUE,TRUE,TRUE
"ambiguous_dropped","Survival","Survival","Calcifier","ZOO_COMMON_00100",TRUE,FALSE,FALSE,FALSE
"ambiguous_dropped","Survival","Survival","Calcifier","ZOO_COMMON_00101",TRUE,FALSE,FALSE,FALSE
"ambiguous_dropped","Survival","Survival","Calcifier","ZOO_COMMON_00124",TRUE,FALSE,FALSE,FALSE
"ambiguous_dropped","Survival","Survival","Calcifier","ZOO_COMMON_00142",TRUE,FALSE,FALSE,FALSE
"ambiguous_dropped","Survival","Survival","Calcifier","ZOO_COMMON_00146",TRUE,FALSE,FALSE,FALSE
"ambiguous_dropped","Survival","Survival","Calcifier","ZOO_COMMON_00148",TRUE,FALSE,FALSE,FALSE
"ambiguous_dropped","Survival","Survival","Calcifier","ZOO_COMMON_00151",TRUE,FALSE,FALSE,FALSE
"ambiguous_dropped","Survival","Survival","Calcifier","ZOO_COMMON_00153",TRUE,FALSE,FALSE,FALSE
"ambiguous_dropped","Survival","Survival","Calcifier","ZOO_COMMON_00156",TRUE,TRUE,TRUE,TRUE
"ambiguous_dropped","Survival","Survival","Calcifier","ZOO_COMMON_00186",FALSE,TRUE,FALSE,FALSE
"ambiguous_dropped","Survival","Survival","Calcifier","ZOO_COMMON_00187",FALSE,TRUE,FALSE,FALSE
"ambiguous_dropped","Survival","Survival","Calcifier","ZOO_COMMON_00195",TRUE,FALSE,FALSE,FALSE
"ambiguous_dropped","Survival","Survival","Calcifier","ZOO_COMMON_00196",FALSE,TRUE,FALSE,FALSE
"ambiguous_dropped","Survival","Survival","Calcifier","ZOO_COMMON_00213",TRUE,FALSE,FALSE,FALSE
"ambiguous_dropped","Survival","Survival","Calcifier","ZOO_COMMON_00221",TRUE,FALSE,FALSE,FALSE
"ambiguous_dropped","Survival","Survival","Calcifier","ZOO_COMMON_00222",TRUE,FALSE,FALSE,FALSE
"ambiguous_dropped","Survival","Survival","Calcifier","ZOO_COMMON_00227",TRUE,FALSE,FALSE,FALSE
"ambiguous_dropped","Survival","Survival","Calcifier","ZOO_COMMON_00229",TRUE,FALSE,FALSE,FALSE
"ambiguous_dropped","Survival","Survival","Calcifier","ZOO_COMMON_00230",TRUE,FALSE,FALSE,FALSE
"ambiguous_dropped","Survival","Survival","Calcifier","ZOO_COMMON_00231",TRUE,FALSE,FALSE,FALSE
"ambiguous_dropped","Survival","Survival","Calcifier","ZOO_COMMON_00232",TRUE,FALSE,FALSE,FALSE
"ambiguous_dropped","Survival","Survival","Calcifier","ZOO_COMMON_00266",TRUE,TRUE,TRUE,TRUE
"ambiguous_dropped","Survival","Survival","Calcifier","ZOO_COMMON_00276",TRUE,TRUE,TRUE,TRUE
"ambiguous_dropped","Survival","Survival","Calcifier","ZOO_COMMON_00283",FALSE,TRUE,TRUE,FALSE
"ambiguous_dropped","Survival","Survival","Calcifier","ZOO_COMMON_00286",TRUE,FALSE,FALSE,FALSE
"ambiguous_dropped","Survival","Survival","Calcifier","ZOO_COMMON_00297",TRUE,TRUE,TRUE,TRUE
"ambiguous_dropped","Survival","Survival","Calcifier","ZOO_COMMON_00301",TRUE,FALSE,FALSE,FALSE
"ambiguous_dropped","Survival","Survival","Calcifier","ZOO_COMMON_00303",FALSE,TRUE,FALSE,FALSE
"ambiguous_dropped","Survival","Survival","Calcifier","ZOO_COMMON_00304",TRUE,FALSE,FALSE,FALSE
"ambiguous_dropped","Survival","Survival","Calcifier","ZOO_COMMON_00306",TRUE,FALSE,FALSE,FALSE
"ambiguous_dropped","Survival","Survival","Calcifier","ZOO_COMMON_00307",FALSE,TRUE,FALSE,FALSE
"ambiguous_dropped","Survival","Survival","Calcifier","ZOO_COMMON_00316",TRUE,FALSE,FALSE,FALSE
"ambiguous_dropped","Survival","Survival","Calcifier","ZOO_COMMON_00317",TRUE,FALSE,FALSE,FALSE
"ambiguous_dropped","Survival","Survival","Calcifier","ZOO_COMMON_00318",TRUE,FALSE,FALSE,FALSE
"ambiguous_dropped","Survival","Survival","Calcifier","ZOO_COMMON_00319",TRUE,FALSE,FALSE,FALSE
"ambiguous_dropped","Survival","Survival","Calcifier","ZOO_COMMON_00321",TRUE,FALSE,FALSE,FALSE
"ambiguous_dropped","Survival","Survival","Calcifier","ZOO_COMMON_00322",TRUE,FALSE,FALSE,FALSE
"ambiguous_dropped","Survival","Survival","Calcifier","ZOO_COMMON_00323",TRUE,FALSE,FALSE,FALSE
"ambiguous_dropped","Survival","Survival","Calcifier","ZOO_COMMON_00325",TRUE,FALSE,FALSE,FALSE
"ambiguous_dropped","Survival","Survival","Calcifier","ZOO_COMMON_00333",TRUE,FALSE,FALSE,FALSE
"ambiguous_dropped","Survival","Survival","Calcifier","ZOO_COMMON_00334",TRUE,FALSE,FALSE,FALSE
"ambiguous_dropped","Survival","Survival","Calcifier","ZOO_COMMON_00338",TRUE,FALSE,FALSE,FALSE
"ambiguous_dropped","Survival","Survival","Calcifier","ZOO_COMMON_00379",TRUE,FALSE,FALSE,FALSE
"ambiguous_dropped","Survival","Survival","Calcifier","ZOO_COMMON_00424",TRUE,FALSE,FALSE,FALSE
"ambiguous_dropped","Survival","Survival","Calcifier","ZOO_COMMON_00437",TRUE,FALSE,FALSE,FALSE
"ambiguous_dropped","Survival","Survival","Calcifier","ZOO_COMMON_00438",TRUE,FALSE,FALSE,FALSE
"ambiguous_dropped","Survival","Survival","Calcifier","ZOO_COMMON_00457",TRUE,FALSE,FALSE,FALSE
"ambiguous_dropped","Survival","Survival","Calcifier","ZOO_COMMON_00482",FALSE,TRUE,FALSE,FALSE
"ambiguous_dropped","Survival","Survival","Calcifier","ZOO_COMMON_00487",TRUE,FALSE,FALSE,FALSE
"ambiguous_dropped","Survival","Survival","Calcifier","ZOO_COMMON_00520",TRUE,FALSE,FALSE,FALSE
"ambiguous_dropped","Survival","Survival","Calcifier","ZOO_COMMON_00526",TRUE,FALSE,FALSE,FALSE
"ambiguous_dropped","Survival","Survival","Calcifier","ZOO_COMMON_00564",TRUE,TRUE,TRUE,TRUE
"ambiguous_dropped","Survival","Survival","Calcifier","ZOO_COMMON_00581",FALSE,FALSE,TRUE,FALSE
"ambiguous_dropped","Survival","Survival","Calcifier","ZOO_COMMON_00583",FALSE,TRUE,FALSE,FALSE
"ambiguous_dropped","Survival","Survival","Calcifier","ZOO_COMMON_00585",FALSE,TRUE,FALSE,FALSE
"ambiguous_dropped","Survival","Survival","Calcifier","ZOO_COMMON_00603",TRUE,FALSE,FALSE,FALSE
"ambiguous_dropped","Survival","Survival","Calcifier","ZOO_COMMON_00622",FALSE,TRUE,FALSE,FALSE
"ambiguous_dropped","Survival","Survival","Calcifier","ZOO_COMMON_00634",TRUE,FALSE,FALSE,FALSE
"ambiguous_dropped","Survival","Survival","Calcifier","ZOO_COMMON_00635",TRUE,FALSE,FALSE,FALSE
"ambiguous_dropped","Survival","Survival","Calcifier","ZOO_COMMON_00636",TRUE,FALSE,FALSE,FALSE
"ambiguous_dropped","Survival","Survival","Calcifier","ZOO_COMMON_00637",TRUE,FALSE,FALSE,FALSE
"ambiguous_dropped","Survival","Survival","Calcifier","ZOO_COMMON_00645",TRUE,FALSE,FALSE,FALSE
"ambiguous_dropped","Survival","Survival","Calcifier","ZOO_COMMON_00679",TRUE,FALSE,FALSE,FALSE
"ambiguous_dropped","Survival","Survival","Calcifier","ZOO_COMMON_00697",TRUE,TRUE,TRUE,TRUE
"ambiguous_dropped","Survival","Survival","Calcifier","ZOO_COMMON_00724",FALSE,TRUE,TRUE,FALSE
"ambiguous_dropped","Survival","Survival","Calcifier","ZOO_COMMON_00726",FALSE,TRUE,TRUE,FALSE
"ambiguous_dropped","Survival","Survival","Calcifier","ZOO_COMMON_00738",TRUE,FALSE,FALSE,FALSE
"ambiguous_dropped","Survival","Survival","Calcifier","ZOO_COMMON_00750",TRUE,TRUE,TRUE,TRUE
"ambiguous_dropped","Survival","Survival","Calcifier","ZOO_COMMON_00763",TRUE,FALSE,FALSE,FALSE
"ambiguous_dropped","Survival","Survival","Calcifier","ZOO_COMMON_00764",TRUE,FALSE,FALSE,FALSE
"ambiguous_dropped","Survival","Survival","Calcifier","ZOO_COMMON_00766",FALSE,TRUE,FALSE,FALSE
"ambiguous_dropped","Survival","Survival","Calcifier","ZOO_COMMON_00778",TRUE,FALSE,FALSE,FALSE
"ambiguous_dropped","Survival","Survival","Calcifier","ZOO_COMMON_00780",TRUE,FALSE,FALSE,FALSE
"ambiguous_dropped","Survival","Survival","Calcifier","ZOO_COMMON_00782",TRUE,FALSE,FALSE,FALSE
"ambiguous_dropped","Survival","Survival","Calcifier","ZOO_COMMON_00784",FALSE,TRUE,TRUE,FALSE
"ambiguous_dropped","Survival","Survival","Calcifier","ZOO_COMMON_00785",FALSE,TRUE,TRUE,FALSE
"ambiguous_dropped","Survival","Survival","Calcifier","ZOO_COMMON_00786",TRUE,FALSE,FALSE,FALSE
"ambiguous_dropped","Survival","Survival","Calcifier","ZOO_COMMON_00813",FALSE,TRUE,FALSE,FALSE
"ambiguous_dropped","Survival","Survival","Calcifier","ZOO_COMMON_00824",TRUE,FALSE,FALSE,FALSE
"ambiguous_dropped","Survival","Survival","Calcifier","ZOO_COMMON_00843",TRUE,FALSE,FALSE,FALSE
"ambiguous_dropped","Survival","Survival","Calcifier","ZOO_COMMON_00844",FALSE,TRUE,TRUE,FALSE
"ambiguous_dropped","Survival","Survival","Calcifier","ZOO_COMMON_00871",TRUE,FALSE,FALSE,FALSE
"ambiguous_dropped","Survival","Survival","Calcifier","ZOO_COMMON_00872",TRUE,FALSE,FALSE,FALSE
"ambiguous_dropped","Survival","Survival","Calcifier","ZOO_COMMON_00875",TRUE,FALSE,FALSE,FALSE
"ambiguous_dropped","Survival","Survival","Calcifier","ZOO_COMMON_00877",TRUE,FALSE,FALSE,FALSE
"ambiguous_dropped","Survival","Survival","Calcifier","ZOO_COMMON_00896",TRUE,FALSE,FALSE,FALSE
"ambiguous_dropped","Survival","Survival","Calcifier","ZOO_COMMON_00897",TRUE,FALSE,FALSE,FALSE
"ambiguous_dropped","Survival","Survival","Calcifier","ZOO_COMMON_00904",TRUE,FALSE,FALSE,FALSE
"ambiguous_dropped","Survival","Survival","Calcifier","ZOO_COMMON_00905",TRUE,FALSE,FALSE,FALSE
"ambiguous_dropped","Survival","Survival","Calcifier","ZOO_COMMON_00906",TRUE,FALSE,FALSE,FALSE
"ambiguous_dropped","Survival","Survival","Non-calcifier","ZOO_COMMON_00029",TRUE,TRUE,TRUE,TRUE
"ambiguous_dropped","Survival","Survival","Non-calcifier","ZOO_COMMON_00041",TRUE,FALSE,FALSE,FALSE
"ambiguous_dropped","Survival","Survival","Non-calcifier","ZOO_COMMON_00043",TRUE,TRUE,TRUE,TRUE
"ambiguous_dropped","Survival","Survival","Non-calcifier","ZOO_COMMON_00044",TRUE,TRUE,TRUE,TRUE
"ambiguous_dropped","Survival","Survival","Non-calcifier","ZOO_COMMON_00045",TRUE,TRUE,TRUE,TRUE
"ambiguous_dropped","Survival","Survival","Non-calcifier","ZOO_COMMON_00116",TRUE,FALSE,FALSE,FALSE
"ambiguous_dropped","Survival","Survival","Non-calcifier","ZOO_COMMON_00184",TRUE,TRUE,TRUE,TRUE
"ambiguous_dropped","Survival","Survival","Non-calcifier","ZOO_COMMON_00185",TRUE,FALSE,FALSE,FALSE
"ambiguous_dropped","Survival","Survival","Non-calcifier","ZOO_COMMON_00199",TRUE,TRUE,TRUE,TRUE
"ambiguous_dropped","Survival","Survival","Non-calcifier","ZOO_COMMON_00223",TRUE,FALSE,FALSE,FALSE
"ambiguous_dropped","Survival","Survival","Non-calcifier","ZOO_COMMON_00288",TRUE,FALSE,FALSE,FALSE
"ambiguous_dropped","Survival","Survival","Non-calcifier","ZOO_COMMON_00290",TRUE,FALSE,FALSE,FALSE
"ambiguous_dropped","Survival","Survival","Non-calcifier","ZOO_COMMON_00291",TRUE,FALSE,FALSE,FALSE
"ambiguous_dropped","Survival","Survival","Non-calcifier","ZOO_COMMON_00292",TRUE,FALSE,FALSE,FALSE
"ambiguous_dropped","Survival","Survival","Non-calcifier","ZOO_COMMON_00309",TRUE,FALSE,FALSE,FALSE
"ambiguous_dropped","Survival","Survival","Non-calcifier","ZOO_COMMON_00310",TRUE,FALSE,FALSE,FALSE
"ambiguous_dropped","Survival","Survival","Non-calcifier","ZOO_COMMON_00311",TRUE,FALSE,FALSE,FALSE
"ambiguous_dropped","Survival","Survival","Non-calcifier","ZOO_COMMON_00312",TRUE,FALSE,FALSE,FALSE
"ambiguous_dropped","Survival","Survival","Non-calcifier","ZOO_COMMON_00313",TRUE,FALSE,FALSE,FALSE
"ambiguous_dropped","Survival","Survival","Non-calcifier","ZOO_COMMON_00339",TRUE,FALSE,FALSE,FALSE
"ambiguous_dropped","Survival","Survival","Non-calcifier","ZOO_COMMON_00340",TRUE,FALSE,FALSE,FALSE
"ambiguous_dropped","Survival","Survival","Non-calcifier","ZOO_COMMON_00341",TRUE,FALSE,FALSE,FALSE
"ambiguous_dropped","Survival","Survival","Non-calcifier","ZOO_COMMON_00342",TRUE,FALSE,FALSE,FALSE
"ambiguous_dropped","Survival","Survival","Non-calcifier","ZOO_COMMON_00403",TRUE,TRUE,TRUE,TRUE
"ambiguous_dropped","Survival","Survival","Non-calcifier","ZOO_COMMON_00473",TRUE,FALSE,FALSE,FALSE
"ambiguous_dropped","Survival","Survival","Non-calcifier","ZOO_COMMON_00474",TRUE,FALSE,FALSE,FALSE
"ambiguous_dropped","Survival","Survival","Non-calcifier","ZOO_COMMON_00475",TRUE,FALSE,FALSE,FALSE
"ambiguous_dropped","Survival","Survival","Non-calcifier","ZOO_COMMON_00476",TRUE,FALSE,FALSE,FALSE
"ambiguous_dropped","Survival","Survival","Non-calcifier","ZOO_COMMON_00494",TRUE,FALSE,FALSE,FALSE
"ambiguous_dropped","Survival","Survival","Non-calcifier","ZOO_COMMON_00538",TRUE,FALSE,FALSE,FALSE
"ambiguous_dropped","Survival","Survival","Non-calcifier","ZOO_COMMON_00555",TRUE,FALSE,FALSE,FALSE
"ambiguous_dropped","Survival","Survival","Non-calcifier","ZOO_COMMON_00561",TRUE,FALSE,FALSE,FALSE
"ambiguous_dropped","Survival","Survival","Non-calcifier","ZOO_COMMON_00574",FALSE,TRUE,FALSE,FALSE
"ambiguous_dropped","Survival","Survival","Non-calcifier","ZOO_COMMON_00577",TRUE,FALSE,FALSE,FALSE
"ambiguous_dropped","Survival","Survival","Non-calcifier","ZOO_COMMON_00586",TRUE,FALSE,FALSE,FALSE
"ambiguous_dropped","Survival","Survival","Non-calcifier","ZOO_COMMON_00594",TRUE,FALSE,FALSE,FALSE
"ambiguous_dropped","Survival","Survival","Non-calcifier","ZOO_COMMON_00619",TRUE,TRUE,TRUE,TRUE
"ambiguous_dropped","Survival","Survival","Non-calcifier","ZOO_COMMON_00644",TRUE,FALSE,FALSE,FALSE
"ambiguous_dropped","Survival","Survival","Non-calcifier","ZOO_COMMON_00659",TRUE,TRUE,TRUE,TRUE
"ambiguous_dropped","Survival","Survival","Non-calcifier","ZOO_COMMON_00668",TRUE,TRUE,TRUE,TRUE
"ambiguous_dropped","Survival","Survival","Non-calcifier","ZOO_COMMON_00670",TRUE,TRUE,TRUE,TRUE
"ambiguous_dropped","Survival","Survival","Non-calcifier","ZOO_COMMON_00675",TRUE,TRUE,TRUE,TRUE
"ambiguous_dropped","Survival","Survival","Non-calcifier","ZOO_COMMON_00702",FALSE,TRUE,TRUE,FALSE
"ambiguous_dropped","Survival","Survival","Non-calcifier","ZOO_COMMON_00722",TRUE,FALSE,FALSE,FALSE
"ambiguous_dropped","Survival","Survival","Non-calcifier","ZOO_COMMON_00770",TRUE,FALSE,FALSE,FALSE
"ambiguous_dropped","Survival","Survival","Non-calcifier","ZOO_COMMON_00771",TRUE,FALSE,FALSE,FALSE
"ambiguous_dropped","Survival","Survival","Non-calcifier","ZOO_COMMON_00792",TRUE,FALSE,FALSE,FALSE
"ambiguous_dropped","Survival","Survival","Non-calcifier","ZOO_COMMON_00793",TRUE,FALSE,FALSE,FALSE
"ambiguous_dropped","Survival","Survival","Non-calcifier","ZOO_COMMON_00804",TRUE,FALSE,FALSE,FALSE
"ambiguous_dropped","Survival","Survival","Non-calcifier","ZOO_COMMON_00806",TRUE,FALSE,FALSE,FALSE
"ambiguous_dropped","Survival","Survival","Non-calcifier","ZOO_COMMON_00807",TRUE,FALSE,FALSE,FALSE
"ambiguous_dropped","Survival","Survival","Non-calcifier","ZOO_COMMON_00808",TRUE,FALSE,FALSE,FALSE
"ambiguous_dropped","Survival","Survival","Non-calcifier","ZOO_COMMON_00809",TRUE,FALSE,FALSE,FALSE
"ambiguous_dropped","Survival","Survival","Non-calcifier","ZOO_COMMON_00810",TRUE,FALSE,FALSE,FALSE
"ambiguous_dropped","Survival","Survival","Non-calcifier","ZOO_COMMON_00811",TRUE,FALSE,FALSE,FALSE
"ambiguous_dropped","Survival","Survival","Non-calcifier","ZOO_COMMON_00812",TRUE,FALSE,FALSE,FALSE
"ambiguous_dropped","Survival","Survival","Non-calcifier","ZOO_COMMON_00870",TRUE,TRUE,TRUE,TRUE
"ambiguous_dropped","Survival","Survival","Non-calcifier","ZOO_COMMON_00876",TRUE,FALSE,FALSE,FALSE
"ambiguous_dropped","Survival","Survival","Non-calcifier","ZOO_COMMON_00893",TRUE,FALSE,FALSE,FALSE
"ambiguous_dropped","Overall",NA,"Calcifier","ZOO_COMMON_00001",TRUE,FALSE,FALSE,FALSE
"ambiguous_dropped","Overall",NA,"Calcifier","ZOO_COMMON_00002",TRUE,FALSE,FALSE,FALSE
"ambiguous_dropped","Overall",NA,"Calcifier","ZOO_COMMON_00003",TRUE,FALSE,FALSE,FALSE
"ambiguous_dropped","Overall",NA,"Calcifier","ZOO_COMMON_00004",TRUE,FALSE,FALSE,FALSE
"ambiguous_dropped","Overall",NA,"Calcifier","ZOO_COMMON_00019",FALSE,FALSE,TRUE,FALSE
"ambiguous_dropped","Overall",NA,"Calcifier","ZOO_COMMON_00020",TRUE,FALSE,FALSE,FALSE
"ambiguous_dropped","Overall",NA,"Calcifier","ZOO_COMMON_00021",FALSE,TRUE,FALSE,FALSE
"ambiguous_dropped","Overall",NA,"Calcifier","ZOO_COMMON_00023",TRUE,FALSE,FALSE,FALSE
"ambiguous_dropped","Overall",NA,"Calcifier","ZOO_COMMON_00027",TRUE,FALSE,FALSE,FALSE
"ambiguous_dropped","Overall",NA,"Calcifier","ZOO_COMMON_00028",TRUE,FALSE,FALSE,FALSE
"ambiguous_dropped","Overall",NA,"Calcifier","ZOO_COMMON_00033",TRUE,TRUE,TRUE,TRUE
"ambiguous_dropped","Overall",NA,"Calcifier","ZOO_COMMON_00034",TRUE,TRUE,TRUE,TRUE
"ambiguous_dropped","Overall",NA,"Calcifier","ZOO_COMMON_00035",TRUE,TRUE,TRUE,TRUE
"ambiguous_dropped","Overall",NA,"Calcifier","ZOO_COMMON_00036",TRUE,TRUE,TRUE,TRUE
"ambiguous_dropped","Overall",NA,"Calcifier","ZOO_COMMON_00042",FALSE,TRUE,FALSE,FALSE
"ambiguous_dropped","Overall",NA,"Calcifier","ZOO_COMMON_00046",TRUE,FALSE,FALSE,FALSE
"ambiguous_dropped","Overall",NA,"Calcifier","ZOO_COMMON_00047",TRUE,FALSE,FALSE,FALSE
"ambiguous_dropped","Overall",NA,"Calcifier","ZOO_COMMON_00049",TRUE,FALSE,FALSE,FALSE
"ambiguous_dropped","Overall",NA,"Calcifier","ZOO_COMMON_00052",FALSE,TRUE,FALSE,FALSE
"ambiguous_dropped","Overall",NA,"Calcifier","ZOO_COMMON_00053",FALSE,TRUE,FALSE,FALSE
"ambiguous_dropped","Overall",NA,"Calcifier","ZOO_COMMON_00059",FALSE,TRUE,FALSE,FALSE
"ambiguous_dropped","Overall",NA,"Calcifier","ZOO_COMMON_00060",FALSE,TRUE,FALSE,FALSE
"ambiguous_dropped","Overall",NA,"Calcifier","ZOO_COMMON_00061",TRUE,FALSE,FALSE,FALSE
"ambiguous_dropped","Overall",NA,"Calcifier","ZOO_COMMON_00062",TRUE,FALSE,FALSE,FALSE
"ambiguous_dropped","Overall",NA,"Calcifier","ZOO_COMMON_00066",FALSE,TRUE,TRUE,FALSE
"ambiguous_dropped","Overall",NA,"Calcifier","ZOO_COMMON_00067",TRUE,TRUE,TRUE,TRUE
"ambiguous_dropped","Overall",NA,"Calcifier","ZOO_COMMON_00070",TRUE,TRUE,TRUE,TRUE
"ambiguous_dropped","Overall",NA,"Calcifier","ZOO_COMMON_00071",TRUE,TRUE,TRUE,TRUE
"ambiguous_dropped","Overall",NA,"Calcifier","ZOO_COMMON_00073",TRUE,TRUE,TRUE,TRUE
"ambiguous_dropped","Overall",NA,"Calcifier","ZOO_COMMON_00074",TRUE,TRUE,TRUE,TRUE
"ambiguous_dropped","Overall",NA,"Calcifier","ZOO_COMMON_00075",TRUE,TRUE,TRUE,TRUE
"ambiguous_dropped","Overall",NA,"Calcifier","ZOO_COMMON_00077",TRUE,TRUE,TRUE,TRUE
"ambiguous_dropped","Overall",NA,"Calcifier","ZOO_COMMON_00078",TRUE,TRUE,TRUE,TRUE
"ambiguous_dropped","Overall",NA,"Calcifier","ZOO_COMMON_00079",TRUE,TRUE,TRUE,TRUE
"ambiguous_dropped","Overall",NA,"Calcifier","ZOO_COMMON_00080",TRUE,TRUE,TRUE,TRUE
"ambiguous_dropped","Overall",NA,"Calcifier","ZOO_COMMON_00081",TRUE,TRUE,TRUE,TRUE
"ambiguous_dropped","Overall",NA,"Calcifier","ZOO_COMMON_00082",TRUE,TRUE,TRUE,TRUE
"ambiguous_dropped","Overall",NA,"Calcifier","ZOO_COMMON_00083",TRUE,TRUE,TRUE,TRUE
"ambiguous_dropped","Overall",NA,"Calcifier","ZOO_COMMON_00084",TRUE,TRUE,TRUE,TRUE
"ambiguous_dropped","Overall",NA,"Calcifier","ZOO_COMMON_00088",FALSE,TRUE,FALSE,FALSE
"ambiguous_dropped","Overall",NA,"Calcifier","ZOO_COMMON_00089",TRUE,FALSE,FALSE,FALSE
"ambiguous_dropped","Overall",NA,"Calcifier","ZOO_COMMON_00090",TRUE,FALSE,FALSE,FALSE
"ambiguous_dropped","Overall",NA,"Calcifier","ZOO_COMMON_00091",TRUE,FALSE,FALSE,FALSE
"ambiguous_dropped","Overall",NA,"Calcifier","ZOO_COMMON_00092",TRUE,FALSE,FALSE,FALSE
"ambiguous_dropped","Overall",NA,"Calcifier","ZOO_COMMON_00093",TRUE,FALSE,FALSE,FALSE
"ambiguous_dropped","Overall",NA,"Calcifier","ZOO_COMMON_00094",TRUE,FALSE,FALSE,FALSE
"ambiguous_dropped","Overall",NA,"Calcifier","ZOO_COMMON_00095",TRUE,FALSE,FALSE,FALSE
"ambiguous_dropped","Overall",NA,"Calcifier","ZOO_COMMON_00096",FALSE,TRUE,FALSE,FALSE
"ambiguous_dropped","Overall",NA,"Calcifier","ZOO_COMMON_00097",TRUE,FALSE,FALSE,FALSE
"ambiguous_dropped","Overall",NA,"Calcifier","ZOO_COMMON_00098",FALSE,TRUE,FALSE,FALSE
"ambiguous_dropped","Overall",NA,"Calcifier","ZOO_COMMON_00099",TRUE,FALSE,FALSE,FALSE
"ambiguous_dropped","Overall",NA,"Calcifier","ZOO_COMMON_00100",TRUE,FALSE,FALSE,FALSE
"ambiguous_dropped","Overall",NA,"Calcifier","ZOO_COMMON_00101",TRUE,FALSE,FALSE,FALSE
"ambiguous_dropped","Overall",NA,"Calcifier","ZOO_COMMON_00113",TRUE,FALSE,FALSE,FALSE
"ambiguous_dropped","Overall",NA,"Calcifier","ZOO_COMMON_00114",TRUE,FALSE,FALSE,FALSE
"ambiguous_dropped","Overall",NA,"Calcifier","ZOO_COMMON_00115",TRUE,FALSE,FALSE,FALSE
"ambiguous_dropped","Overall",NA,"Calcifier","ZOO_COMMON_00121",TRUE,FALSE,FALSE,FALSE
"ambiguous_dropped","Overall",NA,"Calcifier","ZOO_COMMON_00122",TRUE,FALSE,FALSE,FALSE
"ambiguous_dropped","Overall",NA,"Calcifier","ZOO_COMMON_00123",TRUE,FALSE,FALSE,FALSE
"ambiguous_dropped","Overall",NA,"Calcifier","ZOO_COMMON_00124",TRUE,FALSE,FALSE,FALSE
"ambiguous_dropped","Overall",NA,"Calcifier","ZOO_COMMON_00125",TRUE,FALSE,FALSE,FALSE
"ambiguous_dropped","Overall",NA,"Calcifier","ZOO_COMMON_00142",TRUE,FALSE,FALSE,FALSE
"ambiguous_dropped","Overall",NA,"Calcifier","ZOO_COMMON_00143",TRUE,FALSE,FALSE,FALSE
"ambiguous_dropped","Overall",NA,"Calcifier","ZOO_COMMON_00145",TRUE,FALSE,FALSE,FALSE
"ambiguous_dropped","Overall",NA,"Calcifier","ZOO_COMMON_00146",TRUE,FALSE,FALSE,FALSE
"ambiguous_dropped","Overall",NA,"Calcifier","ZOO_COMMON_00148",TRUE,FALSE,FALSE,FALSE
"ambiguous_dropped","Overall",NA,"Calcifier","ZOO_COMMON_00149",TRUE,FALSE,FALSE,FALSE
"ambiguous_dropped","Overall",NA,"Calcifier","ZOO_COMMON_00151",TRUE,FALSE,FALSE,FALSE
"ambiguous_dropped","Overall",NA,"Calcifier","ZOO_COMMON_00152",TRUE,FALSE,FALSE,FALSE
"ambiguous_dropped","Overall",NA,"Calcifier","ZOO_COMMON_00153",TRUE,FALSE,FALSE,FALSE
"ambiguous_dropped","Overall",NA,"Calcifier","ZOO_COMMON_00154",TRUE,FALSE,FALSE,FALSE
"ambiguous_dropped","Overall",NA,"Calcifier","ZOO_COMMON_00155",TRUE,FALSE,FALSE,FALSE
"ambiguous_dropped","Overall",NA,"Calcifier","ZOO_COMMON_00156",TRUE,TRUE,TRUE,TRUE
"ambiguous_dropped","Overall",NA,"Calcifier","ZOO_COMMON_00157",TRUE,TRUE,TRUE,TRUE
"ambiguous_dropped","Overall",NA,"Calcifier","ZOO_COMMON_00158",FALSE,FALSE,TRUE,FALSE
"ambiguous_dropped","Overall",NA,"Calcifier","ZOO_COMMON_00159",FALSE,TRUE,FALSE,FALSE
"ambiguous_dropped","Overall",NA,"Calcifier","ZOO_COMMON_00160",TRUE,FALSE,FALSE,FALSE
"ambiguous_dropped","Overall",NA,"Calcifier","ZOO_COMMON_00179",FALSE,TRUE,FALSE,FALSE
"ambiguous_dropped","Overall",NA,"Calcifier","ZOO_COMMON_00186",FALSE,TRUE,FALSE,FALSE
"ambiguous_dropped","Overall",NA,"Calcifier","ZOO_COMMON_00187",FALSE,TRUE,FALSE,FALSE
"ambiguous_dropped","Overall",NA,"Calcifier","ZOO_COMMON_00188",TRUE,FALSE,FALSE,FALSE
"ambiguous_dropped","Overall",NA,"Calcifier","ZOO_COMMON_00189",TRUE,FALSE,FALSE,FALSE
"ambiguous_dropped","Overall",NA,"Calcifier","ZOO_COMMON_00192",TRUE,FALSE,FALSE,FALSE
"ambiguous_dropped","Overall",NA,"Calcifier","ZOO_COMMON_00194",TRUE,FALSE,FALSE,FALSE
"ambiguous_dropped","Overall",NA,"Calcifier","ZOO_COMMON_00195",TRUE,FALSE,FALSE,FALSE
"ambiguous_dropped","Overall",NA,"Calcifier","ZOO_COMMON_00196",FALSE,TRUE,FALSE,FALSE
"ambiguous_dropped","Overall",NA,"Calcifier","ZOO_COMMON_00201",TRUE,FALSE,FALSE,FALSE
"ambiguous_dropped","Overall",NA,"Calcifier","ZOO_COMMON_00202",TRUE,FALSE,FALSE,FALSE
"ambiguous_dropped","Overall",NA,"Calcifier","ZOO_COMMON_00203",TRUE,FALSE,FALSE,FALSE
"ambiguous_dropped","Overall",NA,"Calcifier","ZOO_COMMON_00204",TRUE,FALSE,FALSE,FALSE
"ambiguous_dropped","Overall",NA,"Calcifier","ZOO_COMMON_00205",TRUE,FALSE,FALSE,FALSE
"ambiguous_dropped","Overall",NA,"Calcifier","ZOO_COMMON_00206",TRUE,FALSE,FALSE,FALSE
"ambiguous_dropped","Overall",NA,"Calcifier","ZOO_COMMON_00207",TRUE,FALSE,FALSE,FALSE
"ambiguous_dropped","Overall",NA,"Calcifier","ZOO_COMMON_00208",FALSE,TRUE,TRUE,FALSE
"ambiguous_dropped","Overall",NA,"Calcifier","ZOO_COMMON_00209",FALSE,FALSE,TRUE,FALSE
"ambiguous_dropped","Overall",NA,"Calcifier","ZOO_COMMON_00210",TRUE,FALSE,FALSE,FALSE
"ambiguous_dropped","Overall",NA,"Calcifier","ZOO_COMMON_00211",FALSE,TRUE,FALSE,FALSE
"ambiguous_dropped","Overall",NA,"Calcifier","ZOO_COMMON_00213",TRUE,FALSE,FALSE,FALSE
"ambiguous_dropped","Overall",NA,"Calcifier","ZOO_COMMON_00219",TRUE,FALSE,FALSE,FALSE
"ambiguous_dropped","Overall",NA,"Calcifier","ZOO_COMMON_00221",TRUE,FALSE,FALSE,FALSE
"ambiguous_dropped","Overall",NA,"Calcifier","ZOO_COMMON_00222",TRUE,FALSE,FALSE,FALSE
"ambiguous_dropped","Overall",NA,"Calcifier","ZOO_COMMON_00225",TRUE,FALSE,FALSE,FALSE
"ambiguous_dropped","Overall",NA,"Calcifier","ZOO_COMMON_00226",TRUE,FALSE,FALSE,FALSE
"ambiguous_dropped","Overall",NA,"Calcifier","ZOO_COMMON_00227",TRUE,FALSE,FALSE,FALSE
"ambiguous_dropped","Overall",NA,"Calcifier","ZOO_COMMON_00229",TRUE,FALSE,FALSE,FALSE
"ambiguous_dropped","Overall",NA,"Calcifier","ZOO_COMMON_00230",TRUE,FALSE,FALSE,FALSE
"ambiguous_dropped","Overall",NA,"Calcifier","ZOO_COMMON_00231",TRUE,FALSE,FALSE,FALSE
"ambiguous_dropped","Overall",NA,"Calcifier","ZOO_COMMON_00232",TRUE,FALSE,FALSE,FALSE
"ambiguous_dropped","Overall",NA,"Calcifier","ZOO_COMMON_00236",TRUE,TRUE,TRUE,TRUE
"ambiguous_dropped","Overall",NA,"Calcifier","ZOO_COMMON_00237",TRUE,TRUE,TRUE,TRUE
"ambiguous_dropped","Overall",NA,"Calcifier","ZOO_COMMON_00239",TRUE,FALSE,FALSE,FALSE
"ambiguous_dropped","Overall",NA,"Calcifier","ZOO_COMMON_00249",FALSE,TRUE,TRUE,FALSE
"ambiguous_dropped","Overall",NA,"Calcifier","ZOO_COMMON_00250",TRUE,FALSE,FALSE,FALSE
"ambiguous_dropped","Overall",NA,"Calcifier","ZOO_COMMON_00251",TRUE,FALSE,FALSE,FALSE
"ambiguous_dropped","Overall",NA,"Calcifier","ZOO_COMMON_00253",TRUE,FALSE,FALSE,FALSE
"ambiguous_dropped","Overall",NA,"Calcifier","ZOO_COMMON_00254",TRUE,FALSE,FALSE,FALSE
"ambiguous_dropped","Overall",NA,"Calcifier","ZOO_COMMON_00256",TRUE,FALSE,FALSE,FALSE
"ambiguous_dropped","Overall",NA,"Calcifier","ZOO_COMMON_00257",TRUE,FALSE,FALSE,FALSE
"ambiguous_dropped","Overall",NA,"Calcifier","ZOO_COMMON_00259",TRUE,FALSE,FALSE,FALSE
"ambiguous_dropped","Overall",NA,"Calcifier","ZOO_COMMON_00260",TRUE,FALSE,FALSE,FALSE
"ambiguous_dropped","Overall",NA,"Calcifier","ZOO_COMMON_00261",TRUE,FALSE,FALSE,FALSE
"ambiguous_dropped","Overall",NA,"Calcifier","ZOO_COMMON_00265",FALSE,TRUE,FALSE,FALSE
"ambiguous_dropped","Overall",NA,"Calcifier","ZOO_COMMON_00266",TRUE,TRUE,TRUE,TRUE
"ambiguous_dropped","Overall",NA,"Calcifier","ZOO_COMMON_00267",FALSE,TRUE,TRUE,FALSE
"ambiguous_dropped","Overall",NA,"Calcifier","ZOO_COMMON_00268",TRUE,FALSE,FALSE,FALSE
"ambiguous_dropped","Overall",NA,"Calcifier","ZOO_COMMON_00269",FALSE,TRUE,TRUE,FALSE
"ambiguous_dropped","Overall",NA,"Calcifier","ZOO_COMMON_00270",TRUE,FALSE,FALSE,FALSE
"ambiguous_dropped","Overall",NA,"Calcifier","ZOO_COMMON_00271",FALSE,TRUE,TRUE,FALSE
"ambiguous_dropped","Overall",NA,"Calcifier","ZOO_COMMON_00272",TRUE,FALSE,FALSE,FALSE
"ambiguous_dropped","Overall",NA,"Calcifier","ZOO_COMMON_00273",FALSE,TRUE,TRUE,FALSE
"ambiguous_dropped","Overall",NA,"Calcifier","ZOO_COMMON_00274",TRUE,FALSE,FALSE,FALSE
"ambiguous_dropped","Overall",NA,"Calcifier","ZOO_COMMON_00275",TRUE,FALSE,TRUE,FALSE
"ambiguous_dropped","Overall",NA,"Calcifier","ZOO_COMMON_00276",TRUE,TRUE,TRUE,TRUE
"ambiguous_dropped","Overall",NA,"Calcifier","ZOO_COMMON_00277",TRUE,TRUE,TRUE,TRUE
"ambiguous_dropped","Overall",NA,"Calcifier","ZOO_COMMON_00278",TRUE,TRUE,TRUE,TRUE
"ambiguous_dropped","Overall",NA,"Calcifier","ZOO_COMMON_00279",TRUE,TRUE,TRUE,TRUE
"ambiguous_dropped","Overall",NA,"Calcifier","ZOO_COMMON_00280",TRUE,TRUE,TRUE,TRUE
"ambiguous_dropped","Overall",NA,"Calcifier","ZOO_COMMON_00281",TRUE,TRUE,TRUE,TRUE
"ambiguous_dropped","Overall",NA,"Calcifier","ZOO_COMMON_00282",FALSE,TRUE,FALSE,FALSE
"ambiguous_dropped","Overall",NA,"Calcifier","ZOO_COMMON_00283",FALSE,TRUE,TRUE,FALSE
"ambiguous_dropped","Overall",NA,"Calcifier","ZOO_COMMON_00284",FALSE,FALSE,TRUE,FALSE
"ambiguous_dropped","Overall",NA,"Calcifier","ZOO_COMMON_00285",FALSE,TRUE,FALSE,FALSE
"ambiguous_dropped","Overall",NA,"Calcifier","ZOO_COMMON_00286",TRUE,FALSE,FALSE,FALSE
"ambiguous_dropped","Overall",NA,"Calcifier","ZOO_COMMON_00294",TRUE,FALSE,FALSE,FALSE
"ambiguous_dropped","Overall",NA,"Calcifier","ZOO_COMMON_00296",TRUE,FALSE,FALSE,FALSE
"ambiguous_dropped","Overall",NA,"Calcifier","ZOO_COMMON_00297",TRUE,TRUE,TRUE,TRUE
"ambiguous_dropped","Overall",NA,"Calcifier","ZOO_COMMON_00301",TRUE,FALSE,FALSE,FALSE
"ambiguous_dropped","Overall",NA,"Calcifier","ZOO_COMMON_00303",FALSE,TRUE,FALSE,FALSE
"ambiguous_dropped","Overall",NA,"Calcifier","ZOO_COMMON_00304",TRUE,FALSE,FALSE,FALSE
"ambiguous_dropped","Overall",NA,"Calcifier","ZOO_COMMON_00306",TRUE,FALSE,FALSE,FALSE
"ambiguous_dropped","Overall",NA,"Calcifier","ZOO_COMMON_00307",FALSE,TRUE,FALSE,FALSE
"ambiguous_dropped","Overall",NA,"Calcifier","ZOO_COMMON_00314",TRUE,FALSE,FALSE,FALSE
"ambiguous_dropped","Overall",NA,"Calcifier","ZOO_COMMON_00315",TRUE,FALSE,FALSE,FALSE
"ambiguous_dropped","Overall",NA,"Calcifier","ZOO_COMMON_00316",TRUE,FALSE,FALSE,FALSE
"ambiguous_dropped","Overall",NA,"Calcifier","ZOO_COMMON_00317",TRUE,FALSE,FALSE,FALSE
"ambiguous_dropped","Overall",NA,"Calcifier","ZOO_COMMON_00318",TRUE,FALSE,FALSE,FALSE
"ambiguous_dropped","Overall",NA,"Calcifier","ZOO_COMMON_00319",TRUE,FALSE,FALSE,FALSE
"ambiguous_dropped","Overall",NA,"Calcifier","ZOO_COMMON_00321",TRUE,FALSE,FALSE,FALSE
"ambiguous_dropped","Overall",NA,"Calcifier","ZOO_COMMON_00322",TRUE,FALSE,FALSE,FALSE
"ambiguous_dropped","Overall",NA,"Calcifier","ZOO_COMMON_00323",TRUE,FALSE,FALSE,FALSE
"ambiguous_dropped","Overall",NA,"Calcifier","ZOO_COMMON_00324",TRUE,FALSE,FALSE,FALSE
"ambiguous_dropped","Overall",NA,"Calcifier","ZOO_COMMON_00325",TRUE,FALSE,FALSE,FALSE
"ambiguous_dropped","Overall",NA,"Calcifier","ZOO_COMMON_00330",TRUE,FALSE,FALSE,FALSE
"ambiguous_dropped","Overall",NA,"Calcifier","ZOO_COMMON_00331",TRUE,FALSE,FALSE,FALSE
"ambiguous_dropped","Overall",NA,"Calcifier","ZOO_COMMON_00332",TRUE,FALSE,FALSE,FALSE
"ambiguous_dropped","Overall",NA,"Calcifier","ZOO_COMMON_00333",TRUE,FALSE,FALSE,FALSE
"ambiguous_dropped","Overall",NA,"Calcifier","ZOO_COMMON_00334",TRUE,FALSE,FALSE,FALSE
"ambiguous_dropped","Overall",NA,"Calcifier","ZOO_COMMON_00335",TRUE,FALSE,FALSE,FALSE
"ambiguous_dropped","Overall",NA,"Calcifier","ZOO_COMMON_00336",TRUE,FALSE,FALSE,FALSE
"ambiguous_dropped","Overall",NA,"Calcifier","ZOO_COMMON_00337",TRUE,FALSE,FALSE,FALSE
"ambiguous_dropped","Overall",NA,"Calcifier","ZOO_COMMON_00338",TRUE,FALSE,FALSE,FALSE
"ambiguous_dropped","Overall",NA,"Calcifier","ZOO_COMMON_00346",TRUE,TRUE,TRUE,TRUE
"ambiguous_dropped","Overall",NA,"Calcifier","ZOO_COMMON_00347",TRUE,TRUE,TRUE,TRUE
"ambiguous_dropped","Overall",NA,"Calcifier","ZOO_COMMON_00348",TRUE,FALSE,FALSE,FALSE
"ambiguous_dropped","Overall",NA,"Calcifier","ZOO_COMMON_00349",FALSE,TRUE,TRUE,FALSE
"ambiguous_dropped","Overall",NA,"Calcifier","ZOO_COMMON_00350",TRUE,FALSE,FALSE,FALSE
"ambiguous_dropped","Overall",NA,"Calcifier","ZOO_COMMON_00351",TRUE,FALSE,FALSE,FALSE
"ambiguous_dropped","Overall",NA,"Calcifier","ZOO_COMMON_00352",TRUE,FALSE,FALSE,FALSE
"ambiguous_dropped","Overall",NA,"Calcifier","ZOO_COMMON_00353",TRUE,FALSE,FALSE,FALSE
"ambiguous_dropped","Overall",NA,"Calcifier","ZOO_COMMON_00356",TRUE,TRUE,TRUE,TRUE
"ambiguous_dropped","Overall",NA,"Calcifier","ZOO_COMMON_00357",TRUE,FALSE,FALSE,FALSE
"ambiguous_dropped","Overall",NA,"Calcifier","ZOO_COMMON_00358",TRUE,FALSE,FALSE,FALSE
"ambiguous_dropped","Overall",NA,"Calcifier","ZOO_COMMON_00360",TRUE,FALSE,FALSE,FALSE
"ambiguous_dropped","Overall",NA,"Calcifier","ZOO_COMMON_00361",TRUE,FALSE,FALSE,FALSE
"ambiguous_dropped","Overall",NA,"Calcifier","ZOO_COMMON_00365",TRUE,FALSE,FALSE,FALSE
"ambiguous_dropped","Overall",NA,"Calcifier","ZOO_COMMON_00366",FALSE,FALSE,TRUE,FALSE
"ambiguous_dropped","Overall",NA,"Calcifier","ZOO_COMMON_00367",FALSE,TRUE,FALSE,FALSE
"ambiguous_dropped","Overall",NA,"Calcifier","ZOO_COMMON_00371",TRUE,FALSE,FALSE,FALSE
"ambiguous_dropped","Overall",NA,"Calcifier","ZOO_COMMON_00372",FALSE,TRUE,TRUE,FALSE
"ambiguous_dropped","Overall",NA,"Calcifier","ZOO_COMMON_00375",TRUE,FALSE,FALSE,FALSE
"ambiguous_dropped","Overall",NA,"Calcifier","ZOO_COMMON_00377",FALSE,TRUE,FALSE,FALSE
"ambiguous_dropped","Overall",NA,"Calcifier","ZOO_COMMON_00379",TRUE,FALSE,FALSE,FALSE
"ambiguous_dropped","Overall",NA,"Calcifier","ZOO_COMMON_00380",TRUE,FALSE,FALSE,FALSE
"ambiguous_dropped","Overall",NA,"Calcifier","ZOO_COMMON_00381",TRUE,FALSE,FALSE,FALSE
"ambiguous_dropped","Overall",NA,"Calcifier","ZOO_COMMON_00382",TRUE,FALSE,FALSE,FALSE
"ambiguous_dropped","Overall",NA,"Calcifier","ZOO_COMMON_00383",TRUE,FALSE,FALSE,FALSE
"ambiguous_dropped","Overall",NA,"Calcifier","ZOO_COMMON_00396",TRUE,FALSE,FALSE,FALSE
"ambiguous_dropped","Overall",NA,"Calcifier","ZOO_COMMON_00397",FALSE,TRUE,FALSE,FALSE
"ambiguous_dropped","Overall",NA,"Calcifier","ZOO_COMMON_00398",TRUE,FALSE,FALSE,FALSE
"ambiguous_dropped","Overall",NA,"Calcifier","ZOO_COMMON_00399",TRUE,FALSE,FALSE,FALSE
"ambiguous_dropped","Overall",NA,"Calcifier","ZOO_COMMON_00400",TRUE,FALSE,FALSE,FALSE
"ambiguous_dropped","Overall",NA,"Calcifier","ZOO_COMMON_00401",TRUE,FALSE,FALSE,FALSE
"ambiguous_dropped","Overall",NA,"Calcifier","ZOO_COMMON_00406",TRUE,TRUE,TRUE,TRUE
"ambiguous_dropped","Overall",NA,"Calcifier","ZOO_COMMON_00407",FALSE,TRUE,FALSE,FALSE
"ambiguous_dropped","Overall",NA,"Calcifier","ZOO_COMMON_00412",TRUE,FALSE,FALSE,FALSE
"ambiguous_dropped","Overall",NA,"Calcifier","ZOO_COMMON_00413",TRUE,FALSE,FALSE,FALSE
"ambiguous_dropped","Overall",NA,"Calcifier","ZOO_COMMON_00414",TRUE,FALSE,FALSE,FALSE
"ambiguous_dropped","Overall",NA,"Calcifier","ZOO_COMMON_00415",TRUE,TRUE,TRUE,TRUE
"ambiguous_dropped","Overall",NA,"Calcifier","ZOO_COMMON_00416",TRUE,FALSE,FALSE,FALSE
"ambiguous_dropped","Overall",NA,"Calcifier","ZOO_COMMON_00417",TRUE,TRUE,TRUE,TRUE
"ambiguous_dropped","Overall",NA,"Calcifier","ZOO_COMMON_00420",FALSE,TRUE,FALSE,FALSE
"ambiguous_dropped","Overall",NA,"Calcifier","ZOO_COMMON_00421",TRUE,FALSE,FALSE,FALSE
"ambiguous_dropped","Overall",NA,"Calcifier","ZOO_COMMON_00423",TRUE,FALSE,FALSE,FALSE
"ambiguous_dropped","Overall",NA,"Calcifier","ZOO_COMMON_00424",TRUE,FALSE,FALSE,FALSE
"ambiguous_dropped","Overall",NA,"Calcifier","ZOO_COMMON_00425",TRUE,FALSE,FALSE,FALSE
"ambiguous_dropped","Overall",NA,"Calcifier","ZOO_COMMON_00426",TRUE,FALSE,FALSE,FALSE
"ambiguous_dropped","Overall",NA,"Calcifier","ZOO_COMMON_00431",TRUE,FALSE,FALSE,FALSE
"ambiguous_dropped","Overall",NA,"Calcifier","ZOO_COMMON_00432",TRUE,TRUE,TRUE,TRUE
"ambiguous_dropped","Overall",NA,"Calcifier","ZOO_COMMON_00433",FALSE,TRUE,TRUE,FALSE
"ambiguous_dropped","Overall",NA,"Calcifier","ZOO_COMMON_00434",TRUE,FALSE,FALSE,FALSE
"ambiguous_dropped","Overall",NA,"Calcifier","ZOO_COMMON_00436",TRUE,FALSE,FALSE,FALSE
"ambiguous_dropped","Overall",NA,"Calcifier","ZOO_COMMON_00437",TRUE,FALSE,FALSE,FALSE
"ambiguous_dropped","Overall",NA,"Calcifier","ZOO_COMMON_00438",TRUE,FALSE,FALSE,FALSE
"ambiguous_dropped","Overall",NA,"Calcifier","ZOO_COMMON_00439",TRUE,FALSE,FALSE,FALSE
"ambiguous_dropped","Overall",NA,"Calcifier","ZOO_COMMON_00440",TRUE,FALSE,FALSE,FALSE
"ambiguous_dropped","Overall",NA,"Calcifier","ZOO_COMMON_00441",TRUE,FALSE,FALSE,FALSE
"ambiguous_dropped","Overall",NA,"Calcifier","ZOO_COMMON_00442",TRUE,FALSE,FALSE,FALSE
"ambiguous_dropped","Overall",NA,"Calcifier","ZOO_COMMON_00446",TRUE,FALSE,FALSE,FALSE
"ambiguous_dropped","Overall",NA,"Calcifier","ZOO_COMMON_00448",FALSE,TRUE,FALSE,FALSE
"ambiguous_dropped","Overall",NA,"Calcifier","ZOO_COMMON_00449",FALSE,TRUE,FALSE,FALSE
"ambiguous_dropped","Overall",NA,"Calcifier","ZOO_COMMON_00450",TRUE,FALSE,FALSE,FALSE
"ambiguous_dropped","Overall",NA,"Calcifier","ZOO_COMMON_00456",FALSE,TRUE,FALSE,FALSE
"ambiguous_dropped","Overall",NA,"Calcifier","ZOO_COMMON_00457",TRUE,FALSE,FALSE,FALSE
"ambiguous_dropped","Overall",NA,"Calcifier","ZOO_COMMON_00459",FALSE,TRUE,TRUE,FALSE
"ambiguous_dropped","Overall",NA,"Calcifier","ZOO_COMMON_00464",FALSE,FALSE,TRUE,FALSE
"ambiguous_dropped","Overall",NA,"Calcifier","ZOO_COMMON_00465",TRUE,FALSE,FALSE,FALSE
"ambiguous_dropped","Overall",NA,"Calcifier","ZOO_COMMON_00466",TRUE,FALSE,FALSE,FALSE
"ambiguous_dropped","Overall",NA,"Calcifier","ZOO_COMMON_00467",FALSE,TRUE,TRUE,FALSE
"ambiguous_dropped","Overall",NA,"Calcifier","ZOO_COMMON_00468",FALSE,TRUE,TRUE,FALSE
"ambiguous_dropped","Overall",NA,"Calcifier","ZOO_COMMON_00481",FALSE,TRUE,FALSE,FALSE
"ambiguous_dropped","Overall",NA,"Calcifier","ZOO_COMMON_00482",FALSE,TRUE,FALSE,FALSE
"ambiguous_dropped","Overall",NA,"Calcifier","ZOO_COMMON_00483",TRUE,FALSE,FALSE,FALSE
"ambiguous_dropped","Overall",NA,"Calcifier","ZOO_COMMON_00484",TRUE,FALSE,FALSE,FALSE
"ambiguous_dropped","Overall",NA,"Calcifier","ZOO_COMMON_00485",TRUE,FALSE,FALSE,FALSE
"ambiguous_dropped","Overall",NA,"Calcifier","ZOO_COMMON_00487",TRUE,FALSE,FALSE,FALSE
"ambiguous_dropped","Overall",NA,"Calcifier","ZOO_COMMON_00488",FALSE,TRUE,FALSE,FALSE
"ambiguous_dropped","Overall",NA,"Calcifier","ZOO_COMMON_00489",FALSE,TRUE,FALSE,FALSE
"ambiguous_dropped","Overall",NA,"Calcifier","ZOO_COMMON_00490",TRUE,TRUE,TRUE,TRUE
"ambiguous_dropped","Overall",NA,"Calcifier","ZOO_COMMON_00491",TRUE,TRUE,TRUE,TRUE
"ambiguous_dropped","Overall",NA,"Calcifier","ZOO_COMMON_00492",TRUE,FALSE,FALSE,FALSE
"ambiguous_dropped","Overall",NA,"Calcifier","ZOO_COMMON_00493",TRUE,FALSE,FALSE,FALSE
"ambiguous_dropped","Overall",NA,"Calcifier","ZOO_COMMON_00498",TRUE,FALSE,FALSE,FALSE
"ambiguous_dropped","Overall",NA,"Calcifier","ZOO_COMMON_00499",TRUE,FALSE,FALSE,FALSE
"ambiguous_dropped","Overall",NA,"Calcifier","ZOO_COMMON_00500",TRUE,FALSE,FALSE,FALSE
"ambiguous_dropped","Overall",NA,"Calcifier","ZOO_COMMON_00501",TRUE,FALSE,FALSE,FALSE
"ambiguous_dropped","Overall",NA,"Calcifier","ZOO_COMMON_00503",TRUE,FALSE,FALSE,FALSE
"ambiguous_dropped","Overall",NA,"Calcifier","ZOO_COMMON_00504",TRUE,FALSE,FALSE,FALSE
"ambiguous_dropped","Overall",NA,"Calcifier","ZOO_COMMON_00505",TRUE,FALSE,FALSE,FALSE
"ambiguous_dropped","Overall",NA,"Calcifier","ZOO_COMMON_00506",TRUE,FALSE,FALSE,FALSE
"ambiguous_dropped","Overall",NA,"Calcifier","ZOO_COMMON_00507",TRUE,FALSE,FALSE,FALSE
"ambiguous_dropped","Overall",NA,"Calcifier","ZOO_COMMON_00508",TRUE,FALSE,FALSE,FALSE
"ambiguous_dropped","Overall",NA,"Calcifier","ZOO_COMMON_00509",TRUE,FALSE,FALSE,FALSE
"ambiguous_dropped","Overall",NA,"Calcifier","ZOO_COMMON_00510",TRUE,FALSE,FALSE,FALSE
"ambiguous_dropped","Overall",NA,"Calcifier","ZOO_COMMON_00511",TRUE,FALSE,FALSE,FALSE
"ambiguous_dropped","Overall",NA,"Calcifier","ZOO_COMMON_00512",TRUE,FALSE,FALSE,FALSE
"ambiguous_dropped","Overall",NA,"Calcifier","ZOO_COMMON_00513",TRUE,FALSE,FALSE,FALSE
"ambiguous_dropped","Overall",NA,"Calcifier","ZOO_COMMON_00514",TRUE,FALSE,FALSE,FALSE
"ambiguous_dropped","Overall",NA,"Calcifier","ZOO_COMMON_00515",TRUE,FALSE,FALSE,FALSE
"ambiguous_dropped","Overall",NA,"Calcifier","ZOO_COMMON_00516",TRUE,FALSE,FALSE,FALSE
"ambiguous_dropped","Overall",NA,"Calcifier","ZOO_COMMON_00517",TRUE,FALSE,FALSE,FALSE
"ambiguous_dropped","Overall",NA,"Calcifier","ZOO_COMMON_00518",TRUE,FALSE,FALSE,FALSE
"ambiguous_dropped","Overall",NA,"Calcifier","ZOO_COMMON_00519",TRUE,FALSE,FALSE,FALSE
"ambiguous_dropped","Overall",NA,"Calcifier","ZOO_COMMON_00520",TRUE,FALSE,FALSE,FALSE
"ambiguous_dropped","Overall",NA,"Calcifier","ZOO_COMMON_00522",TRUE,FALSE,FALSE,FALSE
"ambiguous_dropped","Overall",NA,"Calcifier","ZOO_COMMON_00523",TRUE,FALSE,FALSE,FALSE
"ambiguous_dropped","Overall",NA,"Calcifier","ZOO_COMMON_00524",FALSE,FALSE,TRUE,FALSE
"ambiguous_dropped","Overall",NA,"Calcifier","ZOO_COMMON_00525",FALSE,TRUE,FALSE,FALSE
"ambiguous_dropped","Overall",NA,"Calcifier","ZOO_COMMON_00526",TRUE,FALSE,FALSE,FALSE
"ambiguous_dropped","Overall",NA,"Calcifier","ZOO_COMMON_00527",TRUE,FALSE,FALSE,FALSE
"ambiguous_dropped","Overall",NA,"Calcifier","ZOO_COMMON_00528",TRUE,FALSE,FALSE,FALSE
"ambiguous_dropped","Overall",NA,"Calcifier","ZOO_COMMON_00529",TRUE,FALSE,FALSE,FALSE
"ambiguous_dropped","Overall",NA,"Calcifier","ZOO_COMMON_00530",TRUE,FALSE,FALSE,FALSE
"ambiguous_dropped","Overall",NA,"Calcifier","ZOO_COMMON_00531",TRUE,TRUE,TRUE,TRUE
"ambiguous_dropped","Overall",NA,"Calcifier","ZOO_COMMON_00532",TRUE,FALSE,FALSE,FALSE
"ambiguous_dropped","Overall",NA,"Calcifier","ZOO_COMMON_00533",TRUE,FALSE,FALSE,FALSE
"ambiguous_dropped","Overall",NA,"Calcifier","ZOO_COMMON_00537",TRUE,FALSE,FALSE,FALSE
"ambiguous_dropped","Overall",NA,"Calcifier","ZOO_COMMON_00545",FALSE,TRUE,FALSE,FALSE
"ambiguous_dropped","Overall",NA,"Calcifier","ZOO_COMMON_00547",TRUE,FALSE,FALSE,FALSE
"ambiguous_dropped","Overall",NA,"Calcifier","ZOO_COMMON_00559",TRUE,FALSE,FALSE,FALSE
"ambiguous_dropped","Overall",NA,"Calcifier","ZOO_COMMON_00560",TRUE,FALSE,FALSE,FALSE
"ambiguous_dropped","Overall",NA,"Calcifier","ZOO_COMMON_00563",TRUE,TRUE,TRUE,TRUE
"ambiguous_dropped","Overall",NA,"Calcifier","ZOO_COMMON_00564",TRUE,TRUE,TRUE,TRUE
"ambiguous_dropped","Overall",NA,"Calcifier","ZOO_COMMON_00565",FALSE,TRUE,FALSE,FALSE
"ambiguous_dropped","Overall",NA,"Calcifier","ZOO_COMMON_00567",TRUE,FALSE,FALSE,FALSE
"ambiguous_dropped","Overall",NA,"Calcifier","ZOO_COMMON_00572",TRUE,FALSE,FALSE,FALSE
"ambiguous_dropped","Overall",NA,"Calcifier","ZOO_COMMON_00573",TRUE,FALSE,FALSE,FALSE
"ambiguous_dropped","Overall",NA,"Calcifier","ZOO_COMMON_00580",FALSE,FALSE,TRUE,FALSE
"ambiguous_dropped","Overall",NA,"Calcifier","ZOO_COMMON_00581",FALSE,FALSE,TRUE,FALSE
"ambiguous_dropped","Overall",NA,"Calcifier","ZOO_COMMON_00582",FALSE,TRUE,FALSE,FALSE
"ambiguous_dropped","Overall",NA,"Calcifier","ZOO_COMMON_00583",FALSE,TRUE,FALSE,FALSE
"ambiguous_dropped","Overall",NA,"Calcifier","ZOO_COMMON_00584",FALSE,TRUE,FALSE,FALSE
"ambiguous_dropped","Overall",NA,"Calcifier","ZOO_COMMON_00585",FALSE,TRUE,FALSE,FALSE
"ambiguous_dropped","Overall",NA,"Calcifier","ZOO_COMMON_00588",TRUE,FALSE,FALSE,FALSE
"ambiguous_dropped","Overall",NA,"Calcifier","ZOO_COMMON_00591",TRUE,FALSE,FALSE,FALSE
"ambiguous_dropped","Overall",NA,"Calcifier","ZOO_COMMON_00599",TRUE,FALSE,FALSE,FALSE
"ambiguous_dropped","Overall",NA,"Calcifier","ZOO_COMMON_00600",TRUE,FALSE,FALSE,FALSE
"ambiguous_dropped","Overall",NA,"Calcifier","ZOO_COMMON_00601",TRUE,FALSE,FALSE,FALSE
"ambiguous_dropped","Overall",NA,"Calcifier","ZOO_COMMON_00602",TRUE,FALSE,FALSE,FALSE
"ambiguous_dropped","Overall",NA,"Calcifier","ZOO_COMMON_00603",TRUE,FALSE,FALSE,FALSE
"ambiguous_dropped","Overall",NA,"Calcifier","ZOO_COMMON_00606",TRUE,FALSE,FALSE,FALSE
"ambiguous_dropped","Overall",NA,"Calcifier","ZOO_COMMON_00607",TRUE,FALSE,FALSE,FALSE
"ambiguous_dropped","Overall",NA,"Calcifier","ZOO_COMMON_00608",TRUE,FALSE,FALSE,FALSE
"ambiguous_dropped","Overall",NA,"Calcifier","ZOO_COMMON_00612",TRUE,FALSE,FALSE,FALSE
"ambiguous_dropped","Overall",NA,"Calcifier","ZOO_COMMON_00615",FALSE,TRUE,FALSE,FALSE
"ambiguous_dropped","Overall",NA,"Calcifier","ZOO_COMMON_00617",TRUE,FALSE,FALSE,FALSE
"ambiguous_dropped","Overall",NA,"Calcifier","ZOO_COMMON_00622",FALSE,TRUE,FALSE,FALSE
"ambiguous_dropped","Overall",NA,"Calcifier","ZOO_COMMON_00623",FALSE,TRUE,FALSE,FALSE
"ambiguous_dropped","Overall",NA,"Calcifier","ZOO_COMMON_00625",FALSE,FALSE,TRUE,FALSE
"ambiguous_dropped","Overall",NA,"Calcifier","ZOO_COMMON_00626",FALSE,FALSE,TRUE,FALSE
"ambiguous_dropped","Overall",NA,"Calcifier","ZOO_COMMON_00627",TRUE,FALSE,FALSE,FALSE
"ambiguous_dropped","Overall",NA,"Calcifier","ZOO_COMMON_00628",TRUE,FALSE,FALSE,FALSE
"ambiguous_dropped","Overall",NA,"Calcifier","ZOO_COMMON_00629",FALSE,TRUE,FALSE,FALSE
"ambiguous_dropped","Overall",NA,"Calcifier","ZOO_COMMON_00630",FALSE,TRUE,FALSE,FALSE
"ambiguous_dropped","Overall",NA,"Calcifier","ZOO_COMMON_00631",TRUE,TRUE,TRUE,TRUE
"ambiguous_dropped","Overall",NA,"Calcifier","ZOO_COMMON_00632",TRUE,TRUE,TRUE,TRUE
"ambiguous_dropped","Overall",NA,"Calcifier","ZOO_COMMON_00633",FALSE,TRUE,FALSE,FALSE
"ambiguous_dropped","Overall",NA,"Calcifier","ZOO_COMMON_00634",TRUE,FALSE,FALSE,FALSE
"ambiguous_dropped","Overall",NA,"Calcifier","ZOO_COMMON_00635",TRUE,FALSE,FALSE,FALSE
"ambiguous_dropped","Overall",NA,"Calcifier","ZOO_COMMON_00636",TRUE,FALSE,FALSE,FALSE
"ambiguous_dropped","Overall",NA,"Calcifier","ZOO_COMMON_00637",TRUE,FALSE,FALSE,FALSE
"ambiguous_dropped","Overall",NA,"Calcifier","ZOO_COMMON_00638",FALSE,TRUE,FALSE,FALSE
"ambiguous_dropped","Overall",NA,"Calcifier","ZOO_COMMON_00639",TRUE,FALSE,FALSE,FALSE
"ambiguous_dropped","Overall",NA,"Calcifier","ZOO_COMMON_00640",FALSE,TRUE,FALSE,FALSE
"ambiguous_dropped","Overall",NA,"Calcifier","ZOO_COMMON_00641",FALSE,TRUE,FALSE,FALSE
"ambiguous_dropped","Overall",NA,"Calcifier","ZOO_COMMON_00645",TRUE,FALSE,FALSE,FALSE
"ambiguous_dropped","Overall",NA,"Calcifier","ZOO_COMMON_00646",TRUE,FALSE,FALSE,FALSE
"ambiguous_dropped","Overall",NA,"Calcifier","ZOO_COMMON_00647",TRUE,TRUE,TRUE,TRUE
"ambiguous_dropped","Overall",NA,"Calcifier","ZOO_COMMON_00648",TRUE,TRUE,TRUE,TRUE
"ambiguous_dropped","Overall",NA,"Calcifier","ZOO_COMMON_00649",TRUE,TRUE,TRUE,TRUE
"ambiguous_dropped","Overall",NA,"Calcifier","ZOO_COMMON_00650",TRUE,TRUE,TRUE,TRUE
"ambiguous_dropped","Overall",NA,"Calcifier","ZOO_COMMON_00651",TRUE,TRUE,TRUE,TRUE
"ambiguous_dropped","Overall",NA,"Calcifier","ZOO_COMMON_00653",TRUE,FALSE,FALSE,FALSE
"ambiguous_dropped","Overall",NA,"Calcifier","ZOO_COMMON_00656",TRUE,TRUE,TRUE,TRUE
"ambiguous_dropped","Overall",NA,"Calcifier","ZOO_COMMON_00657",TRUE,FALSE,FALSE,FALSE
"ambiguous_dropped","Overall",NA,"Calcifier","ZOO_COMMON_00671",TRUE,FALSE,FALSE,FALSE
"ambiguous_dropped","Overall",NA,"Calcifier","ZOO_COMMON_00672",TRUE,FALSE,FALSE,FALSE
"ambiguous_dropped","Overall",NA,"Calcifier","ZOO_COMMON_00673",TRUE,FALSE,FALSE,FALSE
"ambiguous_dropped","Overall",NA,"Calcifier","ZOO_COMMON_00677",TRUE,FALSE,FALSE,FALSE
"ambiguous_dropped","Overall",NA,"Calcifier","ZOO_COMMON_00678",TRUE,FALSE,FALSE,FALSE
"ambiguous_dropped","Overall",NA,"Calcifier","ZOO_COMMON_00679",TRUE,FALSE,FALSE,FALSE
"ambiguous_dropped","Overall",NA,"Calcifier","ZOO_COMMON_00680",FALSE,TRUE,FALSE,FALSE
"ambiguous_dropped","Overall",NA,"Calcifier","ZOO_COMMON_00681",TRUE,FALSE,FALSE,FALSE
"ambiguous_dropped","Overall",NA,"Calcifier","ZOO_COMMON_00684",TRUE,FALSE,FALSE,FALSE
"ambiguous_dropped","Overall",NA,"Calcifier","ZOO_COMMON_00686",TRUE,FALSE,FALSE,FALSE
"ambiguous_dropped","Overall",NA,"Calcifier","ZOO_COMMON_00697",TRUE,TRUE,TRUE,TRUE
"ambiguous_dropped","Overall",NA,"Calcifier","ZOO_COMMON_00698",TRUE,TRUE,TRUE,TRUE
"ambiguous_dropped","Overall",NA,"Calcifier","ZOO_COMMON_00703",TRUE,FALSE,FALSE,FALSE
"ambiguous_dropped","Overall",NA,"Calcifier","ZOO_COMMON_00706",FALSE,TRUE,FALSE,FALSE
"ambiguous_dropped","Overall",NA,"Calcifier","ZOO_COMMON_00707",FALSE,TRUE,FALSE,FALSE
"ambiguous_dropped","Overall",NA,"Calcifier","ZOO_COMMON_00708",FALSE,TRUE,FALSE,FALSE
"ambiguous_dropped","Overall",NA,"Calcifier","ZOO_COMMON_00709",FALSE,TRUE,FALSE,FALSE
"ambiguous_dropped","Overall",NA,"Calcifier","ZOO_COMMON_00710",FALSE,TRUE,FALSE,FALSE
"ambiguous_dropped","Overall",NA,"Calcifier","ZOO_COMMON_00711",FALSE,TRUE,FALSE,FALSE
"ambiguous_dropped","Overall",NA,"Calcifier","ZOO_COMMON_00712",FALSE,TRUE,FALSE,FALSE
"ambiguous_dropped","Overall",NA,"Calcifier","ZOO_COMMON_00714",TRUE,FALSE,FALSE,FALSE
"ambiguous_dropped","Overall",NA,"Calcifier","ZOO_COMMON_00715",TRUE,FALSE,FALSE,FALSE
"ambiguous_dropped","Overall",NA,"Calcifier","ZOO_COMMON_00716",TRUE,FALSE,FALSE,FALSE
"ambiguous_dropped","Overall",NA,"Calcifier","ZOO_COMMON_00717",TRUE,FALSE,FALSE,FALSE
"ambiguous_dropped","Overall",NA,"Calcifier","ZOO_COMMON_00718",TRUE,FALSE,FALSE,FALSE
"ambiguous_dropped","Overall",NA,"Calcifier","ZOO_COMMON_00720",TRUE,FALSE,FALSE,FALSE
"ambiguous_dropped","Overall",NA,"Calcifier","ZOO_COMMON_00724",FALSE,TRUE,TRUE,FALSE
"ambiguous_dropped","Overall",NA,"Calcifier","ZOO_COMMON_00725",TRUE,FALSE,FALSE,FALSE
"ambiguous_dropped","Overall",NA,"Calcifier","ZOO_COMMON_00726",FALSE,TRUE,TRUE,FALSE
"ambiguous_dropped","Overall",NA,"Calcifier","ZOO_COMMON_00727",TRUE,FALSE,FALSE,FALSE
"ambiguous_dropped","Overall",NA,"Calcifier","ZOO_COMMON_00738",TRUE,FALSE,FALSE,FALSE
"ambiguous_dropped","Overall",NA,"Calcifier","ZOO_COMMON_00740",FALSE,TRUE,FALSE,FALSE
"ambiguous_dropped","Overall",NA,"Calcifier","ZOO_COMMON_00741",TRUE,FALSE,FALSE,FALSE
"ambiguous_dropped","Overall",NA,"Calcifier","ZOO_COMMON_00742",TRUE,TRUE,TRUE,TRUE
"ambiguous_dropped","Overall",NA,"Calcifier","ZOO_COMMON_00743",TRUE,FALSE,FALSE,FALSE
"ambiguous_dropped","Overall",NA,"Calcifier","ZOO_COMMON_00744",TRUE,FALSE,FALSE,FALSE
"ambiguous_dropped","Overall",NA,"Calcifier","ZOO_COMMON_00746",FALSE,TRUE,TRUE,FALSE
"ambiguous_dropped","Overall",NA,"Calcifier","ZOO_COMMON_00747",TRUE,FALSE,FALSE,FALSE
"ambiguous_dropped","Overall",NA,"Calcifier","ZOO_COMMON_00748",TRUE,TRUE,FALSE,FALSE
"ambiguous_dropped","Overall",NA,"Calcifier","ZOO_COMMON_00749",TRUE,TRUE,TRUE,TRUE
"ambiguous_dropped","Overall",NA,"Calcifier","ZOO_COMMON_00750",TRUE,TRUE,TRUE,TRUE
"ambiguous_dropped","Overall",NA,"Calcifier","ZOO_COMMON_00759",TRUE,FALSE,FALSE,FALSE
"ambiguous_dropped","Overall",NA,"Calcifier","ZOO_COMMON_00760",TRUE,FALSE,FALSE,FALSE
"ambiguous_dropped","Overall",NA,"Calcifier","ZOO_COMMON_00761",TRUE,FALSE,FALSE,FALSE
"ambiguous_dropped","Overall",NA,"Calcifier","ZOO_COMMON_00763",TRUE,FALSE,FALSE,FALSE
"ambiguous_dropped","Overall",NA,"Calcifier","ZOO_COMMON_00764",TRUE,FALSE,FALSE,FALSE
"ambiguous_dropped","Overall",NA,"Calcifier","ZOO_COMMON_00766",FALSE,TRUE,FALSE,FALSE
"ambiguous_dropped","Overall",NA,"Calcifier","ZOO_COMMON_00767",TRUE,FALSE,FALSE,FALSE
"ambiguous_dropped","Overall",NA,"Calcifier","ZOO_COMMON_00768",TRUE,FALSE,FALSE,FALSE
"ambiguous_dropped","Overall",NA,"Calcifier","ZOO_COMMON_00769",TRUE,FALSE,FALSE,FALSE
"ambiguous_dropped","Overall",NA,"Calcifier","ZOO_COMMON_00774",TRUE,FALSE,FALSE,FALSE
"ambiguous_dropped","Overall",NA,"Calcifier","ZOO_COMMON_00775",TRUE,FALSE,FALSE,FALSE
"ambiguous_dropped","Overall",NA,"Calcifier","ZOO_COMMON_00776",TRUE,FALSE,FALSE,FALSE
"ambiguous_dropped","Overall",NA,"Calcifier","ZOO_COMMON_00778",TRUE,FALSE,FALSE,FALSE
"ambiguous_dropped","Overall",NA,"Calcifier","ZOO_COMMON_00779",TRUE,FALSE,FALSE,FALSE
"ambiguous_dropped","Overall",NA,"Calcifier","ZOO_COMMON_00780",TRUE,FALSE,FALSE,FALSE
"ambiguous_dropped","Overall",NA,"Calcifier","ZOO_COMMON_00781",TRUE,FALSE,FALSE,FALSE
"ambiguous_dropped","Overall",NA,"Calcifier","ZOO_COMMON_00782",TRUE,FALSE,FALSE,FALSE
"ambiguous_dropped","Overall",NA,"Calcifier","ZOO_COMMON_00783",TRUE,FALSE,FALSE,FALSE
"ambiguous_dropped","Overall",NA,"Calcifier","ZOO_COMMON_00784",FALSE,TRUE,TRUE,FALSE
"ambiguous_dropped","Overall",NA,"Calcifier","ZOO_COMMON_00785",FALSE,TRUE,TRUE,FALSE
"ambiguous_dropped","Overall",NA,"Calcifier","ZOO_COMMON_00786",TRUE,FALSE,FALSE,FALSE
"ambiguous_dropped","Overall",NA,"Calcifier","ZOO_COMMON_00787",TRUE,FALSE,FALSE,FALSE
"ambiguous_dropped","Overall",NA,"Calcifier","ZOO_COMMON_00789",TRUE,FALSE,FALSE,FALSE
"ambiguous_dropped","Overall",NA,"Calcifier","ZOO_COMMON_00790",TRUE,FALSE,FALSE,FALSE
"ambiguous_dropped","Overall",NA,"Calcifier","ZOO_COMMON_00791",FALSE,TRUE,TRUE,FALSE
"ambiguous_dropped","Overall",NA,"Calcifier","ZOO_COMMON_00802",TRUE,FALSE,FALSE,FALSE
"ambiguous_dropped","Overall",NA,"Calcifier","ZOO_COMMON_00813",FALSE,TRUE,FALSE,FALSE
"ambiguous_dropped","Overall",NA,"Calcifier","ZOO_COMMON_00816",TRUE,FALSE,FALSE,FALSE
"ambiguous_dropped","Overall",NA,"Calcifier","ZOO_COMMON_00817",TRUE,FALSE,FALSE,FALSE
"ambiguous_dropped","Overall",NA,"Calcifier","ZOO_COMMON_00818",TRUE,FALSE,FALSE,FALSE
"ambiguous_dropped","Overall",NA,"Calcifier","ZOO_COMMON_00819",TRUE,FALSE,FALSE,FALSE
"ambiguous_dropped","Overall",NA,"Calcifier","ZOO_COMMON_00820",FALSE,TRUE,FALSE,FALSE
"ambiguous_dropped","Overall",NA,"Calcifier","ZOO_COMMON_00821",TRUE,TRUE,TRUE,TRUE
"ambiguous_dropped","Overall",NA,"Calcifier","ZOO_COMMON_00822",TRUE,TRUE,TRUE,TRUE
"ambiguous_dropped","Overall",NA,"Calcifier","ZOO_COMMON_00823",TRUE,TRUE,TRUE,TRUE
"ambiguous_dropped","Overall",NA,"Calcifier","ZOO_COMMON_00824",TRUE,FALSE,FALSE,FALSE
"ambiguous_dropped","Overall",NA,"Calcifier","ZOO_COMMON_00825",TRUE,FALSE,FALSE,FALSE
"ambiguous_dropped","Overall",NA,"Calcifier","ZOO_COMMON_00828",TRUE,FALSE,FALSE,FALSE
"ambiguous_dropped","Overall",NA,"Calcifier","ZOO_COMMON_00829",TRUE,FALSE,FALSE,FALSE
"ambiguous_dropped","Overall",NA,"Calcifier","ZOO_COMMON_00830",TRUE,FALSE,FALSE,FALSE
"ambiguous_dropped","Overall",NA,"Calcifier","ZOO_COMMON_00831",TRUE,FALSE,FALSE,FALSE
"ambiguous_dropped","Overall",NA,"Calcifier","ZOO_COMMON_00832",TRUE,FALSE,FALSE,FALSE
"ambiguous_dropped","Overall",NA,"Calcifier","ZOO_COMMON_00833",TRUE,FALSE,FALSE,FALSE
"ambiguous_dropped","Overall",NA,"Calcifier","ZOO_COMMON_00834",TRUE,FALSE,FALSE,FALSE
"ambiguous_dropped","Overall",NA,"Calcifier","ZOO_COMMON_00835",TRUE,FALSE,FALSE,FALSE
"ambiguous_dropped","Overall",NA,"Calcifier","ZOO_COMMON_00841",TRUE,FALSE,FALSE,FALSE
"ambiguous_dropped","Overall",NA,"Calcifier","ZOO_COMMON_00842",TRUE,FALSE,FALSE,FALSE
"ambiguous_dropped","Overall",NA,"Calcifier","ZOO_COMMON_00843",TRUE,FALSE,FALSE,FALSE
"ambiguous_dropped","Overall",NA,"Calcifier","ZOO_COMMON_00844",FALSE,TRUE,TRUE,FALSE
"ambiguous_dropped","Overall",NA,"Calcifier","ZOO_COMMON_00845",TRUE,TRUE,TRUE,TRUE
"ambiguous_dropped","Overall",NA,"Calcifier","ZOO_COMMON_00848",TRUE,FALSE,FALSE,FALSE
"ambiguous_dropped","Overall",NA,"Calcifier","ZOO_COMMON_00849",TRUE,FALSE,FALSE,FALSE
"ambiguous_dropped","Overall",NA,"Calcifier","ZOO_COMMON_00851",TRUE,FALSE,FALSE,FALSE
"ambiguous_dropped","Overall",NA,"Calcifier","ZOO_COMMON_00852",TRUE,FALSE,FALSE,FALSE
"ambiguous_dropped","Overall",NA,"Calcifier","ZOO_COMMON_00853",TRUE,FALSE,FALSE,FALSE
"ambiguous_dropped","Overall",NA,"Calcifier","ZOO_COMMON_00855",TRUE,FALSE,FALSE,FALSE
"ambiguous_dropped","Overall",NA,"Calcifier","ZOO_COMMON_00856",TRUE,FALSE,FALSE,FALSE
"ambiguous_dropped","Overall",NA,"Calcifier","ZOO_COMMON_00857",TRUE,FALSE,FALSE,FALSE
"ambiguous_dropped","Overall",NA,"Calcifier","ZOO_COMMON_00859",TRUE,FALSE,FALSE,FALSE
"ambiguous_dropped","Overall",NA,"Calcifier","ZOO_COMMON_00862",TRUE,TRUE,TRUE,TRUE
"ambiguous_dropped","Overall",NA,"Calcifier","ZOO_COMMON_00867",TRUE,FALSE,FALSE,FALSE
"ambiguous_dropped","Overall",NA,"Calcifier","ZOO_COMMON_00868",TRUE,FALSE,FALSE,FALSE
"ambiguous_dropped","Overall",NA,"Calcifier","ZOO_COMMON_00871",TRUE,FALSE,FALSE,FALSE
"ambiguous_dropped","Overall",NA,"Calcifier","ZOO_COMMON_00872",TRUE,FALSE,FALSE,FALSE
"ambiguous_dropped","Overall",NA,"Calcifier","ZOO_COMMON_00873",TRUE,FALSE,FALSE,FALSE
"ambiguous_dropped","Overall",NA,"Calcifier","ZOO_COMMON_00875",TRUE,FALSE,FALSE,FALSE
"ambiguous_dropped","Overall",NA,"Calcifier","ZOO_COMMON_00877",TRUE,FALSE,FALSE,FALSE
"ambiguous_dropped","Overall",NA,"Calcifier","ZOO_COMMON_00878",TRUE,FALSE,FALSE,FALSE
"ambiguous_dropped","Overall",NA,"Calcifier","ZOO_COMMON_00880",TRUE,FALSE,FALSE,FALSE
"ambiguous_dropped","Overall",NA,"Calcifier","ZOO_COMMON_00881",FALSE,FALSE,TRUE,FALSE
"ambiguous_dropped","Overall",NA,"Calcifier","ZOO_COMMON_00882",TRUE,FALSE,FALSE,FALSE
"ambiguous_dropped","Overall",NA,"Calcifier","ZOO_COMMON_00883",FALSE,TRUE,FALSE,FALSE
"ambiguous_dropped","Overall",NA,"Calcifier","ZOO_COMMON_00888",TRUE,FALSE,FALSE,FALSE
"ambiguous_dropped","Overall",NA,"Calcifier","ZOO_COMMON_00889",TRUE,FALSE,FALSE,FALSE
"ambiguous_dropped","Overall",NA,"Calcifier","ZOO_COMMON_00890",TRUE,FALSE,FALSE,FALSE
"ambiguous_dropped","Overall",NA,"Calcifier","ZOO_COMMON_00891",TRUE,FALSE,FALSE,FALSE
"ambiguous_dropped","Overall",NA,"Calcifier","ZOO_COMMON_00892",TRUE,FALSE,FALSE,FALSE
"ambiguous_dropped","Overall",NA,"Calcifier","ZOO_COMMON_00894",TRUE,TRUE,TRUE,TRUE
"ambiguous_dropped","Overall",NA,"Calcifier","ZOO_COMMON_00896",TRUE,FALSE,FALSE,FALSE
"ambiguous_dropped","Overall",NA,"Calcifier","ZOO_COMMON_00897",TRUE,FALSE,FALSE,FALSE
"ambiguous_dropped","Overall",NA,"Calcifier","ZOO_COMMON_00898",TRUE,FALSE,FALSE,FALSE
"ambiguous_dropped","Overall",NA,"Calcifier","ZOO_COMMON_00899",TRUE,FALSE,FALSE,FALSE
"ambiguous_dropped","Overall",NA,"Calcifier","ZOO_COMMON_00904",TRUE,FALSE,FALSE,FALSE
"ambiguous_dropped","Overall",NA,"Calcifier","ZOO_COMMON_00905",TRUE,FALSE,FALSE,FALSE
"ambiguous_dropped","Overall",NA,"Calcifier","ZOO_COMMON_00906",TRUE,FALSE,FALSE,FALSE
"ambiguous_dropped","Overall",NA,"Calcifier","ZOO_COMMON_00909",TRUE,FALSE,FALSE,FALSE
"ambiguous_dropped","Overall",NA,"Calcifier","ZOO_COMMON_00910",TRUE,FALSE,FALSE,FALSE
"ambiguous_dropped","Overall",NA,"Non-calcifier","ZOO_COMMON_00006",TRUE,FALSE,FALSE,FALSE
"ambiguous_dropped","Overall",NA,"Non-calcifier","ZOO_COMMON_00007",TRUE,FALSE,FALSE,FALSE
"ambiguous_dropped","Overall",NA,"Non-calcifier","ZOO_COMMON_00008",TRUE,FALSE,FALSE,FALSE
"ambiguous_dropped","Overall",NA,"Non-calcifier","ZOO_COMMON_00009",TRUE,FALSE,FALSE,FALSE
"ambiguous_dropped","Overall",NA,"Non-calcifier","ZOO_COMMON_00010",TRUE,FALSE,FALSE,FALSE
"ambiguous_dropped","Overall",NA,"Non-calcifier","ZOO_COMMON_00011",TRUE,FALSE,FALSE,FALSE
"ambiguous_dropped","Overall",NA,"Non-calcifier","ZOO_COMMON_00014",TRUE,TRUE,TRUE,TRUE
"ambiguous_dropped","Overall",NA,"Non-calcifier","ZOO_COMMON_00022",TRUE,FALSE,FALSE,FALSE
"ambiguous_dropped","Overall",NA,"Non-calcifier","ZOO_COMMON_00024",FALSE,TRUE,FALSE,FALSE
"ambiguous_dropped","Overall",NA,"Non-calcifier","ZOO_COMMON_00025",TRUE,FALSE,FALSE,FALSE
"ambiguous_dropped","Overall",NA,"Non-calcifier","ZOO_COMMON_00026",TRUE,TRUE,TRUE,TRUE
"ambiguous_dropped","Overall",NA,"Non-calcifier","ZOO_COMMON_00029",TRUE,TRUE,TRUE,TRUE
"ambiguous_dropped","Overall",NA,"Non-calcifier","ZOO_COMMON_00030",TRUE,TRUE,TRUE,TRUE
"ambiguous_dropped","Overall",NA,"Non-calcifier","ZOO_COMMON_00041",TRUE,FALSE,FALSE,FALSE
"ambiguous_dropped","Overall",NA,"Non-calcifier","ZOO_COMMON_00043",TRUE,TRUE,TRUE,TRUE
"ambiguous_dropped","Overall",NA,"Non-calcifier","ZOO_COMMON_00044",TRUE,TRUE,TRUE,TRUE
"ambiguous_dropped","Overall",NA,"Non-calcifier","ZOO_COMMON_00045",TRUE,TRUE,TRUE,TRUE
"ambiguous_dropped","Overall",NA,"Non-calcifier","ZOO_COMMON_00058",TRUE,TRUE,TRUE,TRUE
"ambiguous_dropped","Overall",NA,"Non-calcifier","ZOO_COMMON_00063",TRUE,FALSE,FALSE,FALSE
"ambiguous_dropped","Overall",NA,"Non-calcifier","ZOO_COMMON_00064",TRUE,FALSE,FALSE,FALSE
"ambiguous_dropped","Overall",NA,"Non-calcifier","ZOO_COMMON_00065",TRUE,FALSE,FALSE,FALSE
"ambiguous_dropped","Overall",NA,"Non-calcifier","ZOO_COMMON_00068",FALSE,TRUE,FALSE,FALSE
"ambiguous_dropped","Overall",NA,"Non-calcifier","ZOO_COMMON_00069",FALSE,TRUE,FALSE,FALSE
"ambiguous_dropped","Overall",NA,"Non-calcifier","ZOO_COMMON_00104",TRUE,FALSE,FALSE,FALSE
"ambiguous_dropped","Overall",NA,"Non-calcifier","ZOO_COMMON_00105",TRUE,FALSE,FALSE,FALSE
"ambiguous_dropped","Overall",NA,"Non-calcifier","ZOO_COMMON_00106",TRUE,FALSE,FALSE,FALSE
"ambiguous_dropped","Overall",NA,"Non-calcifier","ZOO_COMMON_00107",TRUE,FALSE,FALSE,FALSE
"ambiguous_dropped","Overall",NA,"Non-calcifier","ZOO_COMMON_00109",FALSE,TRUE,FALSE,FALSE
"ambiguous_dropped","Overall",NA,"Non-calcifier","ZOO_COMMON_00110",FALSE,TRUE,FALSE,FALSE
"ambiguous_dropped","Overall",NA,"Non-calcifier","ZOO_COMMON_00111",FALSE,TRUE,FALSE,FALSE
"ambiguous_dropped","Overall",NA,"Non-calcifier","ZOO_COMMON_00112",FALSE,TRUE,FALSE,FALSE
"ambiguous_dropped","Overall",NA,"Non-calcifier","ZOO_COMMON_00116",TRUE,FALSE,FALSE,FALSE
"ambiguous_dropped","Overall",NA,"Non-calcifier","ZOO_COMMON_00117",TRUE,FALSE,FALSE,FALSE
"ambiguous_dropped","Overall",NA,"Non-calcifier","ZOO_COMMON_00118",TRUE,FALSE,FALSE,FALSE
"ambiguous_dropped","Overall",NA,"Non-calcifier","ZOO_COMMON_00120",TRUE,TRUE,TRUE,TRUE
"ambiguous_dropped","Overall",NA,"Non-calcifier","ZOO_COMMON_00135",TRUE,TRUE,TRUE,TRUE
"ambiguous_dropped","Overall",NA,"Non-calcifier","ZOO_COMMON_00137",TRUE,TRUE,TRUE,TRUE
"ambiguous_dropped","Overall",NA,"Non-calcifier","ZOO_COMMON_00138",TRUE,TRUE,TRUE,TRUE
"ambiguous_dropped","Overall",NA,"Non-calcifier","ZOO_COMMON_00139",TRUE,TRUE,TRUE,TRUE
"ambiguous_dropped","Overall",NA,"Non-calcifier","ZOO_COMMON_00163",FALSE,TRUE,TRUE,FALSE
"ambiguous_dropped","Overall",NA,"Non-calcifier","ZOO_COMMON_00164",TRUE,FALSE,FALSE,FALSE
"ambiguous_dropped","Overall",NA,"Non-calcifier","ZOO_COMMON_00165",TRUE,FALSE,FALSE,FALSE
"ambiguous_dropped","Overall",NA,"Non-calcifier","ZOO_COMMON_00172",TRUE,FALSE,FALSE,FALSE
"ambiguous_dropped","Overall",NA,"Non-calcifier","ZOO_COMMON_00173",FALSE,TRUE,FALSE,FALSE
"ambiguous_dropped","Overall",NA,"Non-calcifier","ZOO_COMMON_00174",FALSE,TRUE,FALSE,FALSE
"ambiguous_dropped","Overall",NA,"Non-calcifier","ZOO_COMMON_00175",FALSE,TRUE,TRUE,FALSE
"ambiguous_dropped","Overall",NA,"Non-calcifier","ZOO_COMMON_00178",FALSE,TRUE,FALSE,FALSE
"ambiguous_dropped","Overall",NA,"Non-calcifier","ZOO_COMMON_00182",TRUE,TRUE,TRUE,TRUE
"ambiguous_dropped","Overall",NA,"Non-calcifier","ZOO_COMMON_00183",TRUE,TRUE,TRUE,TRUE
"ambiguous_dropped","Overall",NA,"Non-calcifier","ZOO_COMMON_00184",TRUE,TRUE,TRUE,TRUE
"ambiguous_dropped","Overall",NA,"Non-calcifier","ZOO_COMMON_00185",TRUE,FALSE,FALSE,FALSE
"ambiguous_dropped","Overall",NA,"Non-calcifier","ZOO_COMMON_00190",FALSE,TRUE,FALSE,FALSE
"ambiguous_dropped","Overall",NA,"Non-calcifier","ZOO_COMMON_00191",FALSE,TRUE,FALSE,FALSE
"ambiguous_dropped","Overall",NA,"Non-calcifier","ZOO_COMMON_00197",FALSE,TRUE,FALSE,FALSE
"ambiguous_dropped","Overall",NA,"Non-calcifier","ZOO_COMMON_00198",FALSE,TRUE,FALSE,FALSE
"ambiguous_dropped","Overall",NA,"Non-calcifier","ZOO_COMMON_00199",TRUE,TRUE,TRUE,TRUE
"ambiguous_dropped","Overall",NA,"Non-calcifier","ZOO_COMMON_00215",TRUE,FALSE,FALSE,FALSE
"ambiguous_dropped","Overall",NA,"Non-calcifier","ZOO_COMMON_00216",FALSE,TRUE,TRUE,FALSE
"ambiguous_dropped","Overall",NA,"Non-calcifier","ZOO_COMMON_00217",FALSE,TRUE,TRUE,FALSE
"ambiguous_dropped","Overall",NA,"Non-calcifier","ZOO_COMMON_00218",FALSE,TRUE,TRUE,FALSE
"ambiguous_dropped","Overall",NA,"Non-calcifier","ZOO_COMMON_00223",TRUE,FALSE,FALSE,FALSE
"ambiguous_dropped","Overall",NA,"Non-calcifier","ZOO_COMMON_00228",FALSE,TRUE,FALSE,FALSE
"ambiguous_dropped","Overall",NA,"Non-calcifier","ZOO_COMMON_00233",TRUE,FALSE,FALSE,FALSE
"ambiguous_dropped","Overall",NA,"Non-calcifier","ZOO_COMMON_00243",FALSE,TRUE,FALSE,FALSE
"ambiguous_dropped","Overall",NA,"Non-calcifier","ZOO_COMMON_00244",TRUE,TRUE,TRUE,TRUE
"ambiguous_dropped","Overall",NA,"Non-calcifier","ZOO_COMMON_00245",TRUE,TRUE,TRUE,TRUE
"ambiguous_dropped","Overall",NA,"Non-calcifier","ZOO_COMMON_00255",TRUE,TRUE,TRUE,TRUE
"ambiguous_dropped","Overall",NA,"Non-calcifier","ZOO_COMMON_00258",TRUE,TRUE,TRUE,TRUE
"ambiguous_dropped","Overall",NA,"Non-calcifier","ZOO_COMMON_00262",TRUE,FALSE,FALSE,FALSE
"ambiguous_dropped","Overall",NA,"Non-calcifier","ZOO_COMMON_00263",TRUE,FALSE,FALSE,FALSE
"ambiguous_dropped","Overall",NA,"Non-calcifier","ZOO_COMMON_00264",TRUE,FALSE,FALSE,FALSE
"ambiguous_dropped","Overall",NA,"Non-calcifier","ZOO_COMMON_00287",FALSE,TRUE,FALSE,FALSE
"ambiguous_dropped","Overall",NA,"Non-calcifier","ZOO_COMMON_00288",TRUE,FALSE,FALSE,FALSE
"ambiguous_dropped","Overall",NA,"Non-calcifier","ZOO_COMMON_00290",TRUE,FALSE,FALSE,FALSE
"ambiguous_dropped","Overall",NA,"Non-calcifier","ZOO_COMMON_00291",TRUE,FALSE,FALSE,FALSE
"ambiguous_dropped","Overall",NA,"Non-calcifier","ZOO_COMMON_00292",TRUE,FALSE,FALSE,FALSE
"ambiguous_dropped","Overall",NA,"Non-calcifier","ZOO_COMMON_00308",TRUE,FALSE,FALSE,FALSE
"ambiguous_dropped","Overall",NA,"Non-calcifier","ZOO_COMMON_00309",TRUE,FALSE,FALSE,FALSE
"ambiguous_dropped","Overall",NA,"Non-calcifier","ZOO_COMMON_00310",TRUE,FALSE,FALSE,FALSE
"ambiguous_dropped","Overall",NA,"Non-calcifier","ZOO_COMMON_00311",TRUE,FALSE,FALSE,FALSE
"ambiguous_dropped","Overall",NA,"Non-calcifier","ZOO_COMMON_00312",TRUE,FALSE,FALSE,FALSE
"ambiguous_dropped","Overall",NA,"Non-calcifier","ZOO_COMMON_00313",TRUE,FALSE,FALSE,FALSE
"ambiguous_dropped","Overall",NA,"Non-calcifier","ZOO_COMMON_00329",FALSE,TRUE,FALSE,FALSE
"ambiguous_dropped","Overall",NA,"Non-calcifier","ZOO_COMMON_00339",TRUE,FALSE,FALSE,FALSE
"ambiguous_dropped","Overall",NA,"Non-calcifier","ZOO_COMMON_00340",TRUE,FALSE,FALSE,FALSE
"ambiguous_dropped","Overall",NA,"Non-calcifier","ZOO_COMMON_00341",TRUE,FALSE,FALSE,FALSE
"ambiguous_dropped","Overall",NA,"Non-calcifier","ZOO_COMMON_00342",TRUE,FALSE,FALSE,FALSE
"ambiguous_dropped","Overall",NA,"Non-calcifier","ZOO_COMMON_00354",TRUE,FALSE,FALSE,FALSE
"ambiguous_dropped","Overall",NA,"Non-calcifier","ZOO_COMMON_00355",FALSE,TRUE,FALSE,FALSE
"ambiguous_dropped","Overall",NA,"Non-calcifier","ZOO_COMMON_00362",TRUE,FALSE,FALSE,FALSE
"ambiguous_dropped","Overall",NA,"Non-calcifier","ZOO_COMMON_00363",FALSE,TRUE,FALSE,FALSE
"ambiguous_dropped","Overall",NA,"Non-calcifier","ZOO_COMMON_00364",FALSE,TRUE,FALSE,FALSE
"ambiguous_dropped","Overall",NA,"Non-calcifier","ZOO_COMMON_00368",TRUE,FALSE,FALSE,FALSE
"ambiguous_dropped","Overall",NA,"Non-calcifier","ZOO_COMMON_00369",TRUE,FALSE,FALSE,FALSE
"ambiguous_dropped","Overall",NA,"Non-calcifier","ZOO_COMMON_00374",TRUE,FALSE,FALSE,FALSE
"ambiguous_dropped","Overall",NA,"Non-calcifier","ZOO_COMMON_00384",TRUE,FALSE,FALSE,FALSE
"ambiguous_dropped","Overall",NA,"Non-calcifier","ZOO_COMMON_00385",TRUE,TRUE,TRUE,TRUE
"ambiguous_dropped","Overall",NA,"Non-calcifier","ZOO_COMMON_00386",TRUE,FALSE,FALSE,FALSE
"ambiguous_dropped","Overall",NA,"Non-calcifier","ZOO_COMMON_00387",TRUE,FALSE,FALSE,FALSE
"ambiguous_dropped","Overall",NA,"Non-calcifier","ZOO_COMMON_00388",TRUE,FALSE,FALSE,FALSE
"ambiguous_dropped","Overall",NA,"Non-calcifier","ZOO_COMMON_00389",TRUE,FALSE,FALSE,FALSE
"ambiguous_dropped","Overall",NA,"Non-calcifier","ZOO_COMMON_00390",TRUE,FALSE,FALSE,FALSE
"ambiguous_dropped","Overall",NA,"Non-calcifier","ZOO_COMMON_00391",FALSE,TRUE,FALSE,FALSE
"ambiguous_dropped","Overall",NA,"Non-calcifier","ZOO_COMMON_00392",FALSE,TRUE,FALSE,FALSE
"ambiguous_dropped","Overall",NA,"Non-calcifier","ZOO_COMMON_00393",FALSE,TRUE,FALSE,FALSE
"ambiguous_dropped","Overall",NA,"Non-calcifier","ZOO_COMMON_00394",FALSE,TRUE,FALSE,FALSE
"ambiguous_dropped","Overall",NA,"Non-calcifier","ZOO_COMMON_00395",TRUE,FALSE,FALSE,FALSE
"ambiguous_dropped","Overall",NA,"Non-calcifier","ZOO_COMMON_00403",TRUE,TRUE,TRUE,TRUE
"ambiguous_dropped","Overall",NA,"Non-calcifier","ZOO_COMMON_00404",FALSE,TRUE,TRUE,FALSE
"ambiguous_dropped","Overall",NA,"Non-calcifier","ZOO_COMMON_00410",FALSE,TRUE,FALSE,FALSE
"ambiguous_dropped","Overall",NA,"Non-calcifier","ZOO_COMMON_00411",FALSE,TRUE,FALSE,FALSE
"ambiguous_dropped","Overall",NA,"Non-calcifier","ZOO_COMMON_00418",FALSE,TRUE,FALSE,FALSE
"ambiguous_dropped","Overall",NA,"Non-calcifier","ZOO_COMMON_00422",TRUE,FALSE,FALSE,FALSE
"ambiguous_dropped","Overall",NA,"Non-calcifier","ZOO_COMMON_00427",FALSE,TRUE,FALSE,FALSE
"ambiguous_dropped","Overall",NA,"Non-calcifier","ZOO_COMMON_00428",FALSE,TRUE,FALSE,FALSE
"ambiguous_dropped","Overall",NA,"Non-calcifier","ZOO_COMMON_00429",FALSE,TRUE,FALSE,FALSE
"ambiguous_dropped","Overall",NA,"Non-calcifier","ZOO_COMMON_00430",FALSE,TRUE,FALSE,FALSE
"ambiguous_dropped","Overall",NA,"Non-calcifier","ZOO_COMMON_00435",FALSE,TRUE,FALSE,FALSE
"ambiguous_dropped","Overall",NA,"Non-calcifier","ZOO_COMMON_00444",TRUE,FALSE,FALSE,FALSE
"ambiguous_dropped","Overall",NA,"Non-calcifier","ZOO_COMMON_00447",FALSE,TRUE,TRUE,FALSE
"ambiguous_dropped","Overall",NA,"Non-calcifier","ZOO_COMMON_00452",TRUE,TRUE,TRUE,TRUE
"ambiguous_dropped","Overall",NA,"Non-calcifier","ZOO_COMMON_00453",TRUE,TRUE,TRUE,TRUE
"ambiguous_dropped","Overall",NA,"Non-calcifier","ZOO_COMMON_00454",FALSE,TRUE,FALSE,FALSE
"ambiguous_dropped","Overall",NA,"Non-calcifier","ZOO_COMMON_00455",FALSE,TRUE,FALSE,FALSE
"ambiguous_dropped","Overall",NA,"Non-calcifier","ZOO_COMMON_00470",TRUE,TRUE,TRUE,TRUE
"ambiguous_dropped","Overall",NA,"Non-calcifier","ZOO_COMMON_00471",TRUE,TRUE,TRUE,TRUE
"ambiguous_dropped","Overall",NA,"Non-calcifier","ZOO_COMMON_00472",TRUE,TRUE,TRUE,TRUE
"ambiguous_dropped","Overall",NA,"Non-calcifier","ZOO_COMMON_00473",TRUE,FALSE,FALSE,FALSE
"ambiguous_dropped","Overall",NA,"Non-calcifier","ZOO_COMMON_00474",TRUE,FALSE,FALSE,FALSE
"ambiguous_dropped","Overall",NA,"Non-calcifier","ZOO_COMMON_00475",TRUE,FALSE,FALSE,FALSE
"ambiguous_dropped","Overall",NA,"Non-calcifier","ZOO_COMMON_00476",TRUE,FALSE,FALSE,FALSE
"ambiguous_dropped","Overall",NA,"Non-calcifier","ZOO_COMMON_00480",FALSE,TRUE,FALSE,FALSE
"ambiguous_dropped","Overall",NA,"Non-calcifier","ZOO_COMMON_00486",TRUE,FALSE,FALSE,FALSE
"ambiguous_dropped","Overall",NA,"Non-calcifier","ZOO_COMMON_00494",TRUE,FALSE,FALSE,FALSE
"ambiguous_dropped","Overall",NA,"Non-calcifier","ZOO_COMMON_00495",TRUE,FALSE,FALSE,FALSE
"ambiguous_dropped","Overall",NA,"Non-calcifier","ZOO_COMMON_00496",TRUE,FALSE,FALSE,FALSE
"ambiguous_dropped","Overall",NA,"Non-calcifier","ZOO_COMMON_00497",TRUE,FALSE,FALSE,FALSE
"ambiguous_dropped","Overall",NA,"Non-calcifier","ZOO_COMMON_00535",FALSE,TRUE,FALSE,FALSE
"ambiguous_dropped","Overall",NA,"Non-calcifier","ZOO_COMMON_00538",TRUE,FALSE,FALSE,FALSE
"ambiguous_dropped","Overall",NA,"Non-calcifier","ZOO_COMMON_00539",FALSE,TRUE,FALSE,FALSE
"ambiguous_dropped","Overall",NA,"Non-calcifier","ZOO_COMMON_00542",FALSE,TRUE,FALSE,FALSE
"ambiguous_dropped","Overall",NA,"Non-calcifier","ZOO_COMMON_00549",TRUE,FALSE,FALSE,FALSE
"ambiguous_dropped","Overall",NA,"Non-calcifier","ZOO_COMMON_00550",TRUE,FALSE,FALSE,FALSE
"ambiguous_dropped","Overall",NA,"Non-calcifier","ZOO_COMMON_00552",TRUE,FALSE,FALSE,FALSE
"ambiguous_dropped","Overall",NA,"Non-calcifier","ZOO_COMMON_00555",TRUE,FALSE,FALSE,FALSE
"ambiguous_dropped","Overall",NA,"Non-calcifier","ZOO_COMMON_00557",FALSE,TRUE,FALSE,FALSE
"ambiguous_dropped","Overall",NA,"Non-calcifier","ZOO_COMMON_00558",TRUE,TRUE,TRUE,TRUE
"ambiguous_dropped","Overall",NA,"Non-calcifier","ZOO_COMMON_00561",TRUE,FALSE,FALSE,FALSE
"ambiguous_dropped","Overall",NA,"Non-calcifier","ZOO_COMMON_00570",TRUE,FALSE,FALSE,FALSE
"ambiguous_dropped","Overall",NA,"Non-calcifier","ZOO_COMMON_00574",FALSE,TRUE,FALSE,FALSE
"ambiguous_dropped","Overall",NA,"Non-calcifier","ZOO_COMMON_00575",TRUE,TRUE,TRUE,TRUE
"ambiguous_dropped","Overall",NA,"Non-calcifier","ZOO_COMMON_00576",FALSE,FALSE,TRUE,FALSE
"ambiguous_dropped","Overall",NA,"Non-calcifier","ZOO_COMMON_00577",TRUE,FALSE,FALSE,FALSE
"ambiguous_dropped","Overall",NA,"Non-calcifier","ZOO_COMMON_00586",TRUE,FALSE,FALSE,FALSE
"ambiguous_dropped","Overall",NA,"Non-calcifier","ZOO_COMMON_00587",FALSE,TRUE,FALSE,FALSE
"ambiguous_dropped","Overall",NA,"Non-calcifier","ZOO_COMMON_00593",TRUE,FALSE,FALSE,FALSE
"ambiguous_dropped","Overall",NA,"Non-calcifier","ZOO_COMMON_00594",TRUE,FALSE,FALSE,FALSE
"ambiguous_dropped","Overall",NA,"Non-calcifier","ZOO_COMMON_00595",TRUE,FALSE,FALSE,FALSE
"ambiguous_dropped","Overall",NA,"Non-calcifier","ZOO_COMMON_00604",FALSE,TRUE,TRUE,FALSE
"ambiguous_dropped","Overall",NA,"Non-calcifier","ZOO_COMMON_00605",FALSE,TRUE,TRUE,FALSE
"ambiguous_dropped","Overall",NA,"Non-calcifier","ZOO_COMMON_00610",TRUE,FALSE,FALSE,FALSE
"ambiguous_dropped","Overall",NA,"Non-calcifier","ZOO_COMMON_00611",FALSE,TRUE,FALSE,FALSE
"ambiguous_dropped","Overall",NA,"Non-calcifier","ZOO_COMMON_00613",TRUE,FALSE,FALSE,FALSE
"ambiguous_dropped","Overall",NA,"Non-calcifier","ZOO_COMMON_00619",TRUE,TRUE,TRUE,TRUE
"ambiguous_dropped","Overall",NA,"Non-calcifier","ZOO_COMMON_00642",FALSE,TRUE,FALSE,FALSE
"ambiguous_dropped","Overall",NA,"Non-calcifier","ZOO_COMMON_00643",FALSE,TRUE,FALSE,FALSE
"ambiguous_dropped","Overall",NA,"Non-calcifier","ZOO_COMMON_00644",TRUE,FALSE,FALSE,FALSE
"ambiguous_dropped","Overall",NA,"Non-calcifier","ZOO_COMMON_00652",TRUE,FALSE,FALSE,FALSE
"ambiguous_dropped","Overall",NA,"Non-calcifier","ZOO_COMMON_00659",TRUE,TRUE,TRUE,TRUE
"ambiguous_dropped","Overall",NA,"Non-calcifier","ZOO_COMMON_00660",TRUE,TRUE,TRUE,TRUE
"ambiguous_dropped","Overall",NA,"Non-calcifier","ZOO_COMMON_00661",TRUE,TRUE,TRUE,TRUE
"ambiguous_dropped","Overall",NA,"Non-calcifier","ZOO_COMMON_00668",TRUE,TRUE,TRUE,TRUE
"ambiguous_dropped","Overall",NA,"Non-calcifier","ZOO_COMMON_00670",TRUE,TRUE,TRUE,TRUE
"ambiguous_dropped","Overall",NA,"Non-calcifier","ZOO_COMMON_00674",TRUE,TRUE,TRUE,TRUE
"ambiguous_dropped","Overall",NA,"Non-calcifier","ZOO_COMMON_00675",TRUE,TRUE,TRUE,TRUE
"ambiguous_dropped","Overall",NA,"Non-calcifier","ZOO_COMMON_00676",TRUE,FALSE,FALSE,FALSE
"ambiguous_dropped","Overall",NA,"Non-calcifier","ZOO_COMMON_00682",TRUE,FALSE,FALSE,FALSE
"ambiguous_dropped","Overall",NA,"Non-calcifier","ZOO_COMMON_00685",FALSE,TRUE,FALSE,FALSE
"ambiguous_dropped","Overall",NA,"Non-calcifier","ZOO_COMMON_00692",TRUE,TRUE,TRUE,TRUE
"ambiguous_dropped","Overall",NA,"Non-calcifier","ZOO_COMMON_00695",FALSE,TRUE,TRUE,FALSE
"ambiguous_dropped","Overall",NA,"Non-calcifier","ZOO_COMMON_00700",TRUE,FALSE,FALSE,FALSE
"ambiguous_dropped","Overall",NA,"Non-calcifier","ZOO_COMMON_00702",FALSE,TRUE,TRUE,FALSE
"ambiguous_dropped","Overall",NA,"Non-calcifier","ZOO_COMMON_00704",TRUE,FALSE,FALSE,FALSE
"ambiguous_dropped","Overall",NA,"Non-calcifier","ZOO_COMMON_00713",TRUE,FALSE,FALSE,FALSE
"ambiguous_dropped","Overall",NA,"Non-calcifier","ZOO_COMMON_00721",FALSE,TRUE,FALSE,FALSE
"ambiguous_dropped","Overall",NA,"Non-calcifier","ZOO_COMMON_00722",TRUE,FALSE,FALSE,FALSE
"ambiguous_dropped","Overall",NA,"Non-calcifier","ZOO_COMMON_00730",TRUE,TRUE,TRUE,TRUE
"ambiguous_dropped","Overall",NA,"Non-calcifier","ZOO_COMMON_00731",TRUE,TRUE,TRUE,TRUE
"ambiguous_dropped","Overall",NA,"Non-calcifier","ZOO_COMMON_00732",TRUE,TRUE,TRUE,TRUE
"ambiguous_dropped","Overall",NA,"Non-calcifier","ZOO_COMMON_00733",TRUE,FALSE,FALSE,FALSE
"ambiguous_dropped","Overall",NA,"Non-calcifier","ZOO_COMMON_00734",FALSE,TRUE,TRUE,FALSE
"ambiguous_dropped","Overall",NA,"Non-calcifier","ZOO_COMMON_00735",TRUE,FALSE,FALSE,FALSE
"ambiguous_dropped","Overall",NA,"Non-calcifier","ZOO_COMMON_00736",FALSE,TRUE,TRUE,FALSE
"ambiguous_dropped","Overall",NA,"Non-calcifier","ZOO_COMMON_00737",TRUE,FALSE,FALSE,FALSE
"ambiguous_dropped","Overall",NA,"Non-calcifier","ZOO_COMMON_00745",TRUE,FALSE,FALSE,FALSE
"ambiguous_dropped","Overall",NA,"Non-calcifier","ZOO_COMMON_00752",FALSE,TRUE,FALSE,FALSE
"ambiguous_dropped","Overall",NA,"Non-calcifier","ZOO_COMMON_00753",TRUE,FALSE,FALSE,FALSE
"ambiguous_dropped","Overall",NA,"Non-calcifier","ZOO_COMMON_00754",TRUE,FALSE,FALSE,FALSE
"ambiguous_dropped","Overall",NA,"Non-calcifier","ZOO_COMMON_00755",TRUE,FALSE,FALSE,FALSE
"ambiguous_dropped","Overall",NA,"Non-calcifier","ZOO_COMMON_00758",TRUE,TRUE,TRUE,TRUE
"ambiguous_dropped","Overall",NA,"Non-calcifier","ZOO_COMMON_00770",TRUE,FALSE,FALSE,FALSE
"ambiguous_dropped","Overall",NA,"Non-calcifier","ZOO_COMMON_00771",TRUE,FALSE,FALSE,FALSE
"ambiguous_dropped","Overall",NA,"Non-calcifier","ZOO_COMMON_00788",TRUE,FALSE,FALSE,FALSE
"ambiguous_dropped","Overall",NA,"Non-calcifier","ZOO_COMMON_00792",TRUE,FALSE,FALSE,FALSE
"ambiguous_dropped","Overall",NA,"Non-calcifier","ZOO_COMMON_00793",TRUE,FALSE,FALSE,FALSE
"ambiguous_dropped","Overall",NA,"Non-calcifier","ZOO_COMMON_00795",TRUE,FALSE,FALSE,FALSE
"ambiguous_dropped","Overall",NA,"Non-calcifier","ZOO_COMMON_00796",TRUE,FALSE,FALSE,FALSE
"ambiguous_dropped","Overall",NA,"Non-calcifier","ZOO_COMMON_00797",TRUE,FALSE,FALSE,FALSE
"ambiguous_dropped","Overall",NA,"Non-calcifier","ZOO_COMMON_00798",TRUE,FALSE,FALSE,FALSE
"ambiguous_dropped","Overall",NA,"Non-calcifier","ZOO_COMMON_00799",TRUE,FALSE,FALSE,FALSE
"ambiguous_dropped","Overall",NA,"Non-calcifier","ZOO_COMMON_00800",TRUE,FALSE,FALSE,FALSE
"ambiguous_dropped","Overall",NA,"Non-calcifier","ZOO_COMMON_00801",TRUE,FALSE,FALSE,FALSE
"ambiguous_dropped","Overall",NA,"Non-calcifier","ZOO_COMMON_00804",TRUE,FALSE,FALSE,FALSE
"ambiguous_dropped","Overall",NA,"Non-calcifier","ZOO_COMMON_00805",TRUE,FALSE,FALSE,FALSE
"ambiguous_dropped","Overall",NA,"Non-calcifier","ZOO_COMMON_00806",TRUE,FALSE,FALSE,FALSE
"ambiguous_dropped","Overall",NA,"Non-calcifier","ZOO_COMMON_00807",TRUE,FALSE,FALSE,FALSE
"ambiguous_dropped","Overall",NA,"Non-calcifier","ZOO_COMMON_00808",TRUE,FALSE,FALSE,FALSE
"ambiguous_dropped","Overall",NA,"Non-calcifier","ZOO_COMMON_00809",TRUE,FALSE,FALSE,FALSE
"ambiguous_dropped","Overall",NA,"Non-calcifier","ZOO_COMMON_00810",TRUE,FALSE,FALSE,FALSE
"ambiguous_dropped","Overall",NA,"Non-calcifier","ZOO_COMMON_00811",TRUE,FALSE,FALSE,FALSE
"ambiguous_dropped","Overall",NA,"Non-calcifier","ZOO_COMMON_00812",TRUE,FALSE,FALSE,FALSE
"ambiguous_dropped","Overall",NA,"Non-calcifier","ZOO_COMMON_00814",FALSE,TRUE,FALSE,FALSE
"ambiguous_dropped","Overall",NA,"Non-calcifier","ZOO_COMMON_00827",FALSE,TRUE,FALSE,FALSE
"ambiguous_dropped","Overall",NA,"Non-calcifier","ZOO_COMMON_00836",TRUE,FALSE,FALSE,FALSE
"ambiguous_dropped","Overall",NA,"Non-calcifier","ZOO_COMMON_00837",FALSE,TRUE,FALSE,FALSE
"ambiguous_dropped","Overall",NA,"Non-calcifier","ZOO_COMMON_00838",FALSE,TRUE,FALSE,FALSE
"ambiguous_dropped","Overall",NA,"Non-calcifier","ZOO_COMMON_00840",FALSE,TRUE,FALSE,FALSE
"ambiguous_dropped","Overall",NA,"Non-calcifier","ZOO_COMMON_00858",TRUE,TRUE,TRUE,TRUE
"ambiguous_dropped","Overall",NA,"Non-calcifier","ZOO_COMMON_00860",TRUE,FALSE,FALSE,FALSE
"ambiguous_dropped","Overall",NA,"Non-calcifier","ZOO_COMMON_00861",FALSE,TRUE,TRUE,FALSE
"ambiguous_dropped","Overall",NA,"Non-calcifier","ZOO_COMMON_00865",FALSE,TRUE,TRUE,FALSE
"ambiguous_dropped","Overall",NA,"Non-calcifier","ZOO_COMMON_00866",TRUE,FALSE,FALSE,FALSE
"ambiguous_dropped","Overall",NA,"Non-calcifier","ZOO_COMMON_00869",TRUE,TRUE,TRUE,TRUE
"ambiguous_dropped","Overall",NA,"Non-calcifier","ZOO_COMMON_00870",TRUE,TRUE,TRUE,TRUE
"ambiguous_dropped","Overall",NA,"Non-calcifier","ZOO_COMMON_00876",TRUE,FALSE,FALSE,FALSE
"ambiguous_dropped","Overall",NA,"Non-calcifier","ZOO_COMMON_00885",TRUE,FALSE,FALSE,FALSE
"ambiguous_dropped","Overall",NA,"Non-calcifier","ZOO_COMMON_00893",TRUE,FALSE,FALSE,FALSE
"ambiguous_dropped","Overall",NA,"Non-calcifier","ZOO_COMMON_00900",TRUE,FALSE,FALSE,FALSE
"ambiguous_dropped","Overall",NA,"Non-calcifier","ZOO_COMMON_00901",TRUE,FALSE,FALSE,FALSE
"ambiguous_dropped","Overall",NA,"Non-calcifier","ZOO_COMMON_00902",TRUE,FALSE,FALSE,FALSE
"ambiguous_dropped","Overall",NA,"Non-calcifier","ZOO_COMMON_00903",TRUE,FALSE,FALSE,FALSE
"ambiguous_dropped","Overall",NA,"Non-calcifier","ZOO_COMMON_00907",FALSE,TRUE,FALSE,FALSE
"ambiguous_dropped","Overall",NA,"Non-calcifier","ZOO_COMMON_00908",FALSE,TRUE,FALSE,FALSE
"ambiguous_dropped","Overall",NA,"Non-calcifier","ZOO_COMMON_00911",TRUE,FALSE,FALSE,FALSE
"ambiguous_dropped","Overall",NA,"Non-calcifier","ZOO_COMMON_00913",TRUE,FALSE,FALSE,FALSE
"ambiguous_dropped","Overall",NA,"Non-calcifier","ZOO_COMMON_00914",TRUE,FALSE,FALSE,FALSE
"ambiguous_dropped","Overall",NA,"Non-calcifier","ZOO_COMMON_00915",FALSE,TRUE,FALSE,FALSE
"ambiguous_negative","Growth","Growth","Calcifier","ZOO_COMMON_00001",TRUE,FALSE,FALSE,FALSE
"ambiguous_negative","Growth","Growth","Calcifier","ZOO_COMMON_00002",TRUE,FALSE,FALSE,FALSE
"ambiguous_negative","Growth","Growth","Calcifier","ZOO_COMMON_00003",TRUE,FALSE,FALSE,FALSE
"ambiguous_negative","Growth","Growth","Calcifier","ZOO_COMMON_00004",TRUE,FALSE,FALSE,FALSE
"ambiguous_negative","Growth","Growth","Calcifier","ZOO_COMMON_00019",FALSE,FALSE,TRUE,FALSE
"ambiguous_negative","Growth","Growth","Calcifier","ZOO_COMMON_00020",TRUE,FALSE,FALSE,FALSE
"ambiguous_negative","Growth","Growth","Calcifier","ZOO_COMMON_00021",FALSE,TRUE,FALSE,FALSE
"ambiguous_negative","Growth","Growth","Calcifier","ZOO_COMMON_00027",TRUE,FALSE,FALSE,FALSE
"ambiguous_negative","Growth","Growth","Calcifier","ZOO_COMMON_00033",TRUE,TRUE,TRUE,TRUE
"ambiguous_negative","Growth","Growth","Calcifier","ZOO_COMMON_00035",TRUE,TRUE,TRUE,TRUE
"ambiguous_negative","Growth","Growth","Calcifier","ZOO_COMMON_00046",TRUE,FALSE,FALSE,FALSE
"ambiguous_negative","Growth","Growth","Calcifier","ZOO_COMMON_00049",TRUE,FALSE,FALSE,FALSE
"ambiguous_negative","Growth","Growth","Calcifier","ZOO_COMMON_00061",TRUE,FALSE,FALSE,FALSE
"ambiguous_negative","Growth","Growth","Calcifier","ZOO_COMMON_00062",TRUE,FALSE,FALSE,FALSE
"ambiguous_negative","Growth","Growth","Calcifier","ZOO_COMMON_00066",FALSE,TRUE,TRUE,FALSE
"ambiguous_negative","Growth","Growth","Calcifier","ZOO_COMMON_00067",TRUE,TRUE,TRUE,TRUE
"ambiguous_negative","Growth","Growth","Calcifier","ZOO_COMMON_00071",TRUE,TRUE,TRUE,TRUE
"ambiguous_negative","Growth","Growth","Calcifier","ZOO_COMMON_00073",TRUE,TRUE,TRUE,TRUE
"ambiguous_negative","Growth","Growth","Calcifier","ZOO_COMMON_00074",TRUE,TRUE,TRUE,TRUE
"ambiguous_negative","Growth","Growth","Calcifier","ZOO_COMMON_00096",FALSE,TRUE,FALSE,FALSE
"ambiguous_negative","Growth","Growth","Calcifier","ZOO_COMMON_00097",TRUE,FALSE,FALSE,FALSE
"ambiguous_negative","Growth","Growth","Calcifier","ZOO_COMMON_00099",TRUE,FALSE,FALSE,FALSE
"ambiguous_negative","Growth","Growth","Calcifier","ZOO_COMMON_00101",TRUE,FALSE,FALSE,FALSE
"ambiguous_negative","Growth","Growth","Calcifier","ZOO_COMMON_00114",TRUE,FALSE,FALSE,FALSE
"ambiguous_negative","Growth","Growth","Calcifier","ZOO_COMMON_00121",TRUE,FALSE,FALSE,FALSE
"ambiguous_negative","Growth","Growth","Calcifier","ZOO_COMMON_00122",TRUE,FALSE,FALSE,FALSE
"ambiguous_negative","Growth","Growth","Calcifier","ZOO_COMMON_00123",TRUE,FALSE,FALSE,FALSE
"ambiguous_negative","Growth","Growth","Calcifier","ZOO_COMMON_00124",TRUE,FALSE,FALSE,FALSE
"ambiguous_negative","Growth","Growth","Calcifier","ZOO_COMMON_00125",TRUE,FALSE,FALSE,FALSE
"ambiguous_negative","Growth","Growth","Calcifier","ZOO_COMMON_00143",TRUE,FALSE,FALSE,FALSE
"ambiguous_negative","Growth","Growth","Calcifier","ZOO_COMMON_00145",TRUE,FALSE,FALSE,FALSE
"ambiguous_negative","Growth","Growth","Calcifier","ZOO_COMMON_00149",TRUE,FALSE,FALSE,FALSE
"ambiguous_negative","Growth","Growth","Calcifier","ZOO_COMMON_00152",TRUE,FALSE,FALSE,FALSE
"ambiguous_negative","Growth","Growth","Calcifier","ZOO_COMMON_00154",TRUE,FALSE,FALSE,FALSE
"ambiguous_negative","Growth","Growth","Calcifier","ZOO_COMMON_00155",TRUE,FALSE,FALSE,FALSE
"ambiguous_negative","Growth","Growth","Calcifier","ZOO_COMMON_00157",TRUE,TRUE,TRUE,TRUE
"ambiguous_negative","Growth","Growth","Calcifier","ZOO_COMMON_00179",FALSE,TRUE,FALSE,FALSE
"ambiguous_negative","Growth","Growth","Calcifier","ZOO_COMMON_00192",TRUE,FALSE,FALSE,FALSE
"ambiguous_negative","Growth","Growth","Calcifier","ZOO_COMMON_00194",TRUE,FALSE,FALSE,FALSE
"ambiguous_negative","Growth","Growth","Calcifier","ZOO_COMMON_00201",TRUE,FALSE,FALSE,FALSE
"ambiguous_negative","Growth","Growth","Calcifier","ZOO_COMMON_00202",TRUE,FALSE,FALSE,FALSE
"ambiguous_negative","Growth","Growth","Calcifier","ZOO_COMMON_00203",TRUE,FALSE,FALSE,FALSE
"ambiguous_negative","Growth","Growth","Calcifier","ZOO_COMMON_00204",TRUE,FALSE,FALSE,FALSE
"ambiguous_negative","Growth","Growth","Calcifier","ZOO_COMMON_00205",TRUE,FALSE,FALSE,FALSE
"ambiguous_negative","Growth","Growth","Calcifier","ZOO_COMMON_00206",TRUE,FALSE,FALSE,FALSE
"ambiguous_negative","Growth","Growth","Calcifier","ZOO_COMMON_00208",FALSE,TRUE,FALSE,FALSE
"ambiguous_negative","Growth","Growth","Calcifier","ZOO_COMMON_00209",FALSE,FALSE,TRUE,FALSE
"ambiguous_negative","Growth","Growth","Calcifier","ZOO_COMMON_00210",TRUE,FALSE,FALSE,FALSE
"ambiguous_negative","Growth","Growth","Calcifier","ZOO_COMMON_00211",FALSE,TRUE,FALSE,FALSE
"ambiguous_negative","Growth","Growth","Calcifier","ZOO_COMMON_00213",TRUE,FALSE,FALSE,FALSE
"ambiguous_negative","Growth","Growth","Calcifier","ZOO_COMMON_00221",TRUE,FALSE,FALSE,FALSE
"ambiguous_negative","Growth","Growth","Calcifier","ZOO_COMMON_00225",TRUE,FALSE,FALSE,FALSE
"ambiguous_negative","Growth","Growth","Calcifier","ZOO_COMMON_00226",TRUE,FALSE,FALSE,FALSE
"ambiguous_negative","Growth","Growth","Calcifier","ZOO_COMMON_00229",TRUE,FALSE,FALSE,FALSE
"ambiguous_negative","Growth","Growth","Calcifier","ZOO_COMMON_00230",TRUE,FALSE,FALSE,FALSE
"ambiguous_negative","Growth","Growth","Calcifier","ZOO_COMMON_00231",TRUE,FALSE,FALSE,FALSE
"ambiguous_negative","Growth","Growth","Calcifier","ZOO_COMMON_00232",TRUE,FALSE,FALSE,FALSE
"ambiguous_negative","Growth","Growth","Calcifier","ZOO_COMMON_00253",TRUE,FALSE,FALSE,FALSE
"ambiguous_negative","Growth","Growth","Calcifier","ZOO_COMMON_00254",TRUE,FALSE,FALSE,FALSE
"ambiguous_negative","Growth","Growth","Calcifier","ZOO_COMMON_00256",TRUE,FALSE,FALSE,FALSE
"ambiguous_negative","Growth","Growth","Calcifier","ZOO_COMMON_00257",TRUE,FALSE,FALSE,FALSE
"ambiguous_negative","Growth","Growth","Calcifier","ZOO_COMMON_00259",TRUE,FALSE,FALSE,FALSE
"ambiguous_negative","Growth","Growth","Calcifier","ZOO_COMMON_00260",TRUE,FALSE,FALSE,FALSE
"ambiguous_negative","Growth","Growth","Calcifier","ZOO_COMMON_00261",TRUE,FALSE,FALSE,FALSE
"ambiguous_negative","Growth","Growth","Calcifier","ZOO_COMMON_00266",TRUE,TRUE,TRUE,TRUE
"ambiguous_negative","Growth","Growth","Calcifier","ZOO_COMMON_00275",TRUE,FALSE,TRUE,FALSE
"ambiguous_negative","Growth","Growth","Calcifier","ZOO_COMMON_00282",FALSE,TRUE,FALSE,FALSE
"ambiguous_negative","Growth","Growth","Calcifier","ZOO_COMMON_00284",FALSE,FALSE,TRUE,FALSE
"ambiguous_negative","Growth","Growth","Calcifier","ZOO_COMMON_00286",TRUE,FALSE,FALSE,FALSE
"ambiguous_negative","Growth","Growth","Calcifier","ZOO_COMMON_00294",TRUE,FALSE,FALSE,FALSE
"ambiguous_negative","Growth","Growth","Calcifier","ZOO_COMMON_00296",TRUE,FALSE,FALSE,FALSE
"ambiguous_negative","Growth","Growth","Calcifier","ZOO_COMMON_00301",TRUE,FALSE,FALSE,FALSE
"ambiguous_negative","Growth","Growth","Calcifier","ZOO_COMMON_00304",TRUE,FALSE,FALSE,FALSE
"ambiguous_negative","Growth","Growth","Calcifier","ZOO_COMMON_00306",TRUE,FALSE,FALSE,FALSE
"ambiguous_negative","Growth","Growth","Calcifier","ZOO_COMMON_00314",TRUE,FALSE,FALSE,FALSE
"ambiguous_negative","Growth","Growth","Calcifier","ZOO_COMMON_00315",TRUE,FALSE,FALSE,FALSE
"ambiguous_negative","Growth","Growth","Calcifier","ZOO_COMMON_00319",TRUE,FALSE,FALSE,FALSE
"ambiguous_negative","Growth","Growth","Calcifier","ZOO_COMMON_00321",TRUE,FALSE,FALSE,FALSE
"ambiguous_negative","Growth","Growth","Calcifier","ZOO_COMMON_00322",TRUE,FALSE,FALSE,FALSE
"ambiguous_negative","Growth","Growth","Calcifier","ZOO_COMMON_00324",TRUE,FALSE,FALSE,FALSE
"ambiguous_negative","Growth","Growth","Calcifier","ZOO_COMMON_00330",TRUE,FALSE,FALSE,FALSE
"ambiguous_negative","Growth","Growth","Calcifier","ZOO_COMMON_00331",TRUE,FALSE,FALSE,FALSE
"ambiguous_negative","Growth","Growth","Calcifier","ZOO_COMMON_00335",TRUE,FALSE,FALSE,FALSE
"ambiguous_negative","Growth","Growth","Calcifier","ZOO_COMMON_00338",TRUE,FALSE,FALSE,FALSE
"ambiguous_negative","Growth","Growth","Calcifier","ZOO_COMMON_00348",TRUE,FALSE,FALSE,FALSE
"ambiguous_negative","Growth","Growth","Calcifier","ZOO_COMMON_00349",FALSE,TRUE,TRUE,FALSE
"ambiguous_negative","Growth","Growth","Calcifier","ZOO_COMMON_00352",TRUE,FALSE,FALSE,FALSE
"ambiguous_negative","Growth","Growth","Calcifier","ZOO_COMMON_00356",TRUE,TRUE,TRUE,TRUE
"ambiguous_negative","Growth","Growth","Calcifier","ZOO_COMMON_00357",TRUE,FALSE,FALSE,FALSE
"ambiguous_negative","Growth","Growth","Calcifier","ZOO_COMMON_00358",TRUE,FALSE,FALSE,FALSE
"ambiguous_negative","Growth","Growth","Calcifier","ZOO_COMMON_00371",TRUE,FALSE,FALSE,FALSE
"ambiguous_negative","Growth","Growth","Calcifier","ZOO_COMMON_00372",FALSE,TRUE,TRUE,FALSE
"ambiguous_negative","Growth","Growth","Calcifier","ZOO_COMMON_00375",TRUE,FALSE,FALSE,FALSE
"ambiguous_negative","Growth","Growth","Calcifier","ZOO_COMMON_00376",FALSE,TRUE,FALSE,FALSE
"ambiguous_negative","Growth","Growth","Calcifier","ZOO_COMMON_00378",FALSE,TRUE,FALSE,FALSE
"ambiguous_negative","Growth","Growth","Calcifier","ZOO_COMMON_00379",TRUE,FALSE,FALSE,FALSE
"ambiguous_negative","Growth","Growth","Calcifier","ZOO_COMMON_00382",TRUE,FALSE,FALSE,FALSE
"ambiguous_negative","Growth","Growth","Calcifier","ZOO_COMMON_00396",TRUE,FALSE,FALSE,FALSE
"ambiguous_negative","Growth","Growth","Calcifier","ZOO_COMMON_00397",FALSE,TRUE,FALSE,FALSE
"ambiguous_negative","Growth","Growth","Calcifier","ZOO_COMMON_00398",TRUE,FALSE,FALSE,FALSE
"ambiguous_negative","Growth","Growth","Calcifier","ZOO_COMMON_00399",TRUE,FALSE,FALSE,FALSE
"ambiguous_negative","Growth","Growth","Calcifier","ZOO_COMMON_00400",TRUE,FALSE,FALSE,FALSE
"ambiguous_negative","Growth","Growth","Calcifier","ZOO_COMMON_00401",TRUE,FALSE,FALSE,FALSE
"ambiguous_negative","Growth","Growth","Calcifier","ZOO_COMMON_00406",TRUE,TRUE,TRUE,TRUE
"ambiguous_negative","Growth","Growth","Calcifier","ZOO_COMMON_00412",TRUE,FALSE,FALSE,FALSE
"ambiguous_negative","Growth","Growth","Calcifier","ZOO_COMMON_00421",TRUE,FALSE,FALSE,FALSE
"ambiguous_negative","Growth","Growth","Calcifier","ZOO_COMMON_00423",TRUE,FALSE,FALSE,FALSE
"ambiguous_negative","Growth","Growth","Calcifier","ZOO_COMMON_00425",TRUE,FALSE,FALSE,FALSE
"ambiguous_negative","Growth","Growth","Calcifier","ZOO_COMMON_00431",TRUE,FALSE,FALSE,FALSE
"ambiguous_negative","Growth","Growth","Calcifier","ZOO_COMMON_00433",FALSE,TRUE,TRUE,FALSE
"ambiguous_negative","Growth","Growth","Calcifier","ZOO_COMMON_00434",TRUE,FALSE,FALSE,FALSE
"ambiguous_negative","Growth","Growth","Calcifier","ZOO_COMMON_00436",TRUE,FALSE,FALSE,FALSE
"ambiguous_negative","Growth","Growth","Calcifier","ZOO_COMMON_00437",TRUE,FALSE,FALSE,FALSE
"ambiguous_negative","Growth","Growth","Calcifier","ZOO_COMMON_00446",TRUE,FALSE,FALSE,FALSE
"ambiguous_negative","Growth","Growth","Calcifier","ZOO_COMMON_00449",FALSE,TRUE,FALSE,FALSE
"ambiguous_negative","Growth","Growth","Calcifier","ZOO_COMMON_00450",TRUE,FALSE,FALSE,FALSE
"ambiguous_negative","Growth","Growth","Calcifier","ZOO_COMMON_00457",TRUE,FALSE,FALSE,FALSE
"ambiguous_negative","Growth","Growth","Calcifier","ZOO_COMMON_00465",TRUE,FALSE,FALSE,FALSE
"ambiguous_negative","Growth","Growth","Calcifier","ZOO_COMMON_00467",FALSE,TRUE,TRUE,FALSE
"ambiguous_negative","Growth","Growth","Calcifier","ZOO_COMMON_00482",FALSE,TRUE,FALSE,FALSE
"ambiguous_negative","Growth","Growth","Calcifier","ZOO_COMMON_00483",TRUE,FALSE,FALSE,FALSE
"ambiguous_negative","Growth","Growth","Calcifier","ZOO_COMMON_00484",TRUE,FALSE,FALSE,FALSE
"ambiguous_negative","Growth","Growth","Calcifier","ZOO_COMMON_00485",TRUE,FALSE,FALSE,FALSE
"ambiguous_negative","Growth","Growth","Calcifier","ZOO_COMMON_00490",TRUE,TRUE,TRUE,TRUE
"ambiguous_negative","Growth","Growth","Calcifier","ZOO_COMMON_00491",TRUE,TRUE,TRUE,TRUE
"ambiguous_negative","Growth","Growth","Calcifier","ZOO_COMMON_00501",TRUE,FALSE,FALSE,FALSE
"ambiguous_negative","Growth","Growth","Calcifier","ZOO_COMMON_00503",TRUE,FALSE,FALSE,FALSE
"ambiguous_negative","Growth","Growth","Calcifier","ZOO_COMMON_00504",TRUE,FALSE,FALSE,FALSE
"ambiguous_negative","Growth","Growth","Calcifier","ZOO_COMMON_00505",TRUE,FALSE,FALSE,FALSE
"ambiguous_negative","Growth","Growth","Calcifier","ZOO_COMMON_00506",TRUE,FALSE,FALSE,FALSE
"ambiguous_negative","Growth","Growth","Calcifier","ZOO_COMMON_00507",TRUE,FALSE,FALSE,FALSE
"ambiguous_negative","Growth","Growth","Calcifier","ZOO_COMMON_00508",TRUE,FALSE,FALSE,FALSE
"ambiguous_negative","Growth","Growth","Calcifier","ZOO_COMMON_00509",TRUE,FALSE,FALSE,FALSE
"ambiguous_negative","Growth","Growth","Calcifier","ZOO_COMMON_00510",TRUE,FALSE,FALSE,FALSE
"ambiguous_negative","Growth","Growth","Calcifier","ZOO_COMMON_00511",TRUE,FALSE,FALSE,FALSE
"ambiguous_negative","Growth","Growth","Calcifier","ZOO_COMMON_00512",TRUE,FALSE,FALSE,FALSE
"ambiguous_negative","Growth","Growth","Calcifier","ZOO_COMMON_00513",TRUE,FALSE,FALSE,FALSE
"ambiguous_negative","Growth","Growth","Calcifier","ZOO_COMMON_00514",TRUE,FALSE,FALSE,FALSE
"ambiguous_negative","Growth","Growth","Calcifier","ZOO_COMMON_00515",TRUE,FALSE,FALSE,FALSE
"ambiguous_negative","Growth","Growth","Calcifier","ZOO_COMMON_00516",TRUE,FALSE,FALSE,FALSE
"ambiguous_negative","Growth","Growth","Calcifier","ZOO_COMMON_00517",TRUE,FALSE,FALSE,FALSE
"ambiguous_negative","Growth","Growth","Calcifier","ZOO_COMMON_00518",TRUE,FALSE,FALSE,FALSE
"ambiguous_negative","Growth","Growth","Calcifier","ZOO_COMMON_00520",TRUE,FALSE,FALSE,FALSE
"ambiguous_negative","Growth","Growth","Calcifier","ZOO_COMMON_00527",TRUE,FALSE,FALSE,FALSE
"ambiguous_negative","Growth","Growth","Calcifier","ZOO_COMMON_00529",TRUE,FALSE,FALSE,FALSE
"ambiguous_negative","Growth","Growth","Calcifier","ZOO_COMMON_00530",TRUE,FALSE,FALSE,FALSE
"ambiguous_negative","Growth","Growth","Calcifier","ZOO_COMMON_00531",TRUE,TRUE,TRUE,TRUE
"ambiguous_negative","Growth","Growth","Calcifier","ZOO_COMMON_00533",TRUE,FALSE,FALSE,FALSE
"ambiguous_negative","Growth","Growth","Calcifier","ZOO_COMMON_00537",TRUE,FALSE,FALSE,FALSE
"ambiguous_negative","Growth","Growth","Calcifier","ZOO_COMMON_00545",FALSE,TRUE,FALSE,FALSE
"ambiguous_negative","Growth","Growth","Calcifier","ZOO_COMMON_00547",TRUE,FALSE,FALSE,FALSE
"ambiguous_negative","Growth","Growth","Calcifier","ZOO_COMMON_00559",TRUE,FALSE,FALSE,FALSE
"ambiguous_negative","Growth","Growth","Calcifier","ZOO_COMMON_00560",TRUE,FALSE,FALSE,FALSE
"ambiguous_negative","Growth","Growth","Calcifier","ZOO_COMMON_00563",TRUE,TRUE,TRUE,TRUE
"ambiguous_negative","Growth","Growth","Calcifier","ZOO_COMMON_00567",TRUE,FALSE,FALSE,FALSE
"ambiguous_negative","Growth","Growth","Calcifier","ZOO_COMMON_00573",TRUE,FALSE,FALSE,FALSE
"ambiguous_negative","Growth","Growth","Calcifier","ZOO_COMMON_00581",FALSE,FALSE,TRUE,FALSE
"ambiguous_negative","Growth","Growth","Calcifier","ZOO_COMMON_00583",FALSE,TRUE,FALSE,FALSE
"ambiguous_negative","Growth","Growth","Calcifier","ZOO_COMMON_00585",FALSE,TRUE,FALSE,FALSE
"ambiguous_negative","Growth","Growth","Calcifier","ZOO_COMMON_00588",TRUE,FALSE,FALSE,FALSE
"ambiguous_negative","Growth","Growth","Calcifier","ZOO_COMMON_00591",TRUE,FALSE,FALSE,FALSE
"ambiguous_negative","Growth","Growth","Calcifier","ZOO_COMMON_00599",TRUE,FALSE,FALSE,FALSE
"ambiguous_negative","Growth","Growth","Calcifier","ZOO_COMMON_00600",TRUE,FALSE,FALSE,FALSE
"ambiguous_negative","Growth","Growth","Calcifier","ZOO_COMMON_00601",TRUE,FALSE,FALSE,FALSE
"ambiguous_negative","Growth","Growth","Calcifier","ZOO_COMMON_00612",TRUE,FALSE,FALSE,FALSE
"ambiguous_negative","Growth","Growth","Calcifier","ZOO_COMMON_00615",FALSE,TRUE,FALSE,FALSE
"ambiguous_negative","Growth","Growth","Calcifier","ZOO_COMMON_00617",TRUE,FALSE,FALSE,FALSE
"ambiguous_negative","Growth","Growth","Calcifier","ZOO_COMMON_00623",FALSE,TRUE,FALSE,FALSE
"ambiguous_negative","Growth","Growth","Calcifier","ZOO_COMMON_00624",TRUE,TRUE,TRUE,TRUE
"ambiguous_negative","Growth","Growth","Calcifier","ZOO_COMMON_00626",FALSE,FALSE,TRUE,FALSE
"ambiguous_negative","Growth","Growth","Calcifier","ZOO_COMMON_00628",TRUE,FALSE,FALSE,FALSE
"ambiguous_negative","Growth","Growth","Calcifier","ZOO_COMMON_00630",FALSE,TRUE,FALSE,FALSE
"ambiguous_negative","Growth","Growth","Calcifier","ZOO_COMMON_00633",FALSE,TRUE,FALSE,FALSE
"ambiguous_negative","Growth","Growth","Calcifier","ZOO_COMMON_00634",TRUE,FALSE,FALSE,FALSE
"ambiguous_negative","Growth","Growth","Calcifier","ZOO_COMMON_00635",TRUE,FALSE,FALSE,FALSE
"ambiguous_negative","Growth","Growth","Calcifier","ZOO_COMMON_00636",TRUE,FALSE,FALSE,FALSE
"ambiguous_negative","Growth","Growth","Calcifier","ZOO_COMMON_00638",FALSE,TRUE,FALSE,FALSE
"ambiguous_negative","Growth","Growth","Calcifier","ZOO_COMMON_00639",TRUE,FALSE,FALSE,FALSE
"ambiguous_negative","Growth","Growth","Calcifier","ZOO_COMMON_00641",FALSE,TRUE,FALSE,FALSE
"ambiguous_negative","Growth","Growth","Calcifier","ZOO_COMMON_00645",TRUE,FALSE,FALSE,FALSE
"ambiguous_negative","Growth","Growth","Calcifier","ZOO_COMMON_00646",TRUE,FALSE,FALSE,FALSE
"ambiguous_negative","Growth","Growth","Calcifier","ZOO_COMMON_00649",FALSE,FALSE,TRUE,FALSE
"ambiguous_negative","Growth","Growth","Calcifier","ZOO_COMMON_00653",TRUE,FALSE,FALSE,FALSE
"ambiguous_negative","Growth","Growth","Calcifier","ZOO_COMMON_00657",TRUE,FALSE,FALSE,FALSE
"ambiguous_negative","Growth","Growth","Calcifier","ZOO_COMMON_00671",TRUE,FALSE,FALSE,FALSE
"ambiguous_negative","Growth","Growth","Calcifier","ZOO_COMMON_00672",TRUE,FALSE,FALSE,FALSE
"ambiguous_negative","Growth","Growth","Calcifier","ZOO_COMMON_00673",TRUE,FALSE,FALSE,FALSE
"ambiguous_negative","Growth","Growth","Calcifier","ZOO_COMMON_00679",TRUE,FALSE,FALSE,FALSE
"ambiguous_negative","Growth","Growth","Calcifier","ZOO_COMMON_00681",TRUE,FALSE,FALSE,FALSE
"ambiguous_negative","Growth","Growth","Calcifier","ZOO_COMMON_00686",TRUE,FALSE,FALSE,FALSE
"ambiguous_negative","Growth","Growth","Calcifier","ZOO_COMMON_00697",TRUE,TRUE,TRUE,TRUE
"ambiguous_negative","Growth","Growth","Calcifier","ZOO_COMMON_00703",TRUE,FALSE,FALSE,FALSE
"ambiguous_negative","Growth","Growth","Calcifier","ZOO_COMMON_00714",TRUE,FALSE,FALSE,FALSE
"ambiguous_negative","Growth","Growth","Calcifier","ZOO_COMMON_00715",TRUE,FALSE,FALSE,FALSE
"ambiguous_negative","Growth","Growth","Calcifier","ZOO_COMMON_00716",TRUE,FALSE,FALSE,FALSE
"ambiguous_negative","Growth","Growth","Calcifier","ZOO_COMMON_00717",TRUE,FALSE,FALSE,FALSE
"ambiguous_negative","Growth","Growth","Calcifier","ZOO_COMMON_00718",TRUE,FALSE,FALSE,FALSE
"ambiguous_negative","Growth","Growth","Calcifier","ZOO_COMMON_00720",TRUE,FALSE,FALSE,FALSE
"ambiguous_negative","Growth","Growth","Calcifier","ZOO_COMMON_00724",FALSE,TRUE,TRUE,FALSE
"ambiguous_negative","Growth","Growth","Calcifier","ZOO_COMMON_00725",TRUE,FALSE,FALSE,FALSE
"ambiguous_negative","Growth","Growth","Calcifier","ZOO_COMMON_00726",FALSE,TRUE,TRUE,FALSE
"ambiguous_negative","Growth","Growth","Calcifier","ZOO_COMMON_00727",TRUE,FALSE,FALSE,FALSE
"ambiguous_negative","Growth","Growth","Calcifier","ZOO_COMMON_00738",TRUE,FALSE,FALSE,FALSE
"ambiguous_negative","Growth","Growth","Calcifier","ZOO_COMMON_00742",TRUE,TRUE,TRUE,TRUE
"ambiguous_negative","Growth","Growth","Calcifier","ZOO_COMMON_00749",TRUE,TRUE,TRUE,TRUE
"ambiguous_negative","Growth","Growth","Calcifier","ZOO_COMMON_00759",TRUE,FALSE,FALSE,FALSE
"ambiguous_negative","Growth","Growth","Calcifier","ZOO_COMMON_00760",TRUE,FALSE,FALSE,FALSE
"ambiguous_negative","Growth","Growth","Calcifier","ZOO_COMMON_00761",TRUE,FALSE,FALSE,FALSE
"ambiguous_negative","Growth","Growth","Calcifier","ZOO_COMMON_00763",TRUE,FALSE,FALSE,FALSE
"ambiguous_negative","Growth","Growth","Calcifier","ZOO_COMMON_00766",FALSE,TRUE,FALSE,FALSE
"ambiguous_negative","Growth","Growth","Calcifier","ZOO_COMMON_00767",TRUE,FALSE,FALSE,FALSE
"ambiguous_negative","Growth","Growth","Calcifier","ZOO_COMMON_00775",TRUE,FALSE,FALSE,FALSE
"ambiguous_negative","Growth","Growth","Calcifier","ZOO_COMMON_00779",TRUE,FALSE,FALSE,FALSE
"ambiguous_negative","Growth","Growth","Calcifier","ZOO_COMMON_00780",TRUE,FALSE,FALSE,FALSE
"ambiguous_negative","Growth","Growth","Calcifier","ZOO_COMMON_00781",TRUE,FALSE,FALSE,FALSE
"ambiguous_negative","Growth","Growth","Calcifier","ZOO_COMMON_00783",TRUE,FALSE,FALSE,FALSE
"ambiguous_negative","Growth","Growth","Calcifier","ZOO_COMMON_00784",FALSE,TRUE,TRUE,FALSE
"ambiguous_negative","Growth","Growth","Calcifier","ZOO_COMMON_00785",FALSE,TRUE,TRUE,FALSE
"ambiguous_negative","Growth","Growth","Calcifier","ZOO_COMMON_00786",TRUE,FALSE,FALSE,FALSE
"ambiguous_negative","Growth","Growth","Calcifier","ZOO_COMMON_00787",TRUE,FALSE,FALSE,FALSE
"ambiguous_negative","Growth","Growth","Calcifier","ZOO_COMMON_00789",TRUE,FALSE,FALSE,FALSE
"ambiguous_negative","Growth","Growth","Calcifier","ZOO_COMMON_00790",TRUE,FALSE,FALSE,FALSE
"ambiguous_negative","Growth","Growth","Calcifier","ZOO_COMMON_00802",TRUE,FALSE,FALSE,FALSE
"ambiguous_negative","Growth","Growth","Calcifier","ZOO_COMMON_00817",TRUE,FALSE,FALSE,FALSE
"ambiguous_negative","Growth","Growth","Calcifier","ZOO_COMMON_00818",TRUE,FALSE,FALSE,FALSE
"ambiguous_negative","Growth","Growth","Calcifier","ZOO_COMMON_00824",TRUE,FALSE,FALSE,FALSE
"ambiguous_negative","Growth","Growth","Calcifier","ZOO_COMMON_00828",TRUE,FALSE,FALSE,FALSE
"ambiguous_negative","Growth","Growth","Calcifier","ZOO_COMMON_00842",TRUE,FALSE,FALSE,FALSE
"ambiguous_negative","Growth","Growth","Calcifier","ZOO_COMMON_00843",TRUE,FALSE,FALSE,FALSE
"ambiguous_negative","Growth","Growth","Calcifier","ZOO_COMMON_00844",FALSE,TRUE,TRUE,FALSE
"ambiguous_negative","Growth","Growth","Calcifier","ZOO_COMMON_00845",TRUE,TRUE,TRUE,TRUE
"ambiguous_negative","Growth","Growth","Calcifier","ZOO_COMMON_00848",TRUE,FALSE,FALSE,FALSE
"ambiguous_negative","Growth","Growth","Calcifier","ZOO_COMMON_00851",TRUE,FALSE,FALSE,FALSE
"ambiguous_negative","Growth","Growth","Calcifier","ZOO_COMMON_00855",TRUE,FALSE,FALSE,FALSE
"ambiguous_negative","Growth","Growth","Calcifier","ZOO_COMMON_00859",TRUE,FALSE,FALSE,FALSE
"ambiguous_negative","Growth","Growth","Calcifier","ZOO_COMMON_00862",TRUE,TRUE,TRUE,TRUE
"ambiguous_negative","Growth","Growth","Calcifier","ZOO_COMMON_00867",TRUE,FALSE,FALSE,FALSE
"ambiguous_negative","Growth","Growth","Calcifier","ZOO_COMMON_00868",TRUE,FALSE,FALSE,FALSE
"ambiguous_negative","Growth","Growth","Calcifier","ZOO_COMMON_00873",TRUE,FALSE,FALSE,FALSE
"ambiguous_negative","Growth","Growth","Calcifier","ZOO_COMMON_00875",TRUE,FALSE,FALSE,FALSE
"ambiguous_negative","Growth","Growth","Calcifier","ZOO_COMMON_00878",TRUE,FALSE,FALSE,FALSE
"ambiguous_negative","Growth","Growth","Calcifier","ZOO_COMMON_00881",FALSE,FALSE,TRUE,FALSE
"ambiguous_negative","Growth","Growth","Calcifier","ZOO_COMMON_00882",TRUE,FALSE,FALSE,FALSE
"ambiguous_negative","Growth","Growth","Calcifier","ZOO_COMMON_00883",FALSE,TRUE,FALSE,FALSE
"ambiguous_negative","Growth","Growth","Calcifier","ZOO_COMMON_00888",TRUE,FALSE,FALSE,FALSE
"ambiguous_negative","Growth","Growth","Calcifier","ZOO_COMMON_00889",TRUE,FALSE,FALSE,FALSE
"ambiguous_negative","Growth","Growth","Calcifier","ZOO_COMMON_00890",TRUE,FALSE,FALSE,FALSE
"ambiguous_negative","Growth","Growth","Calcifier","ZOO_COMMON_00891",TRUE,FALSE,FALSE,FALSE
"ambiguous_negative","Growth","Growth","Calcifier","ZOO_COMMON_00892",TRUE,FALSE,FALSE,FALSE
"ambiguous_negative","Growth","Growth","Calcifier","ZOO_COMMON_00894",TRUE,TRUE,TRUE,TRUE
"ambiguous_negative","Growth","Growth","Calcifier","ZOO_COMMON_00896",TRUE,FALSE,FALSE,FALSE
"ambiguous_negative","Growth","Growth","Calcifier","ZOO_COMMON_00899",TRUE,FALSE,FALSE,FALSE
"ambiguous_negative","Growth","Growth","Calcifier","ZOO_COMMON_00906",TRUE,FALSE,FALSE,FALSE
"ambiguous_negative","Growth","Growth","Calcifier","ZOO_COMMON_00910",TRUE,FALSE,FALSE,FALSE
"ambiguous_negative","Growth","Growth","Non-calcifier","ZOO_COMMON_00005",FALSE,FALSE,TRUE,FALSE
"ambiguous_negative","Growth","Growth","Non-calcifier","ZOO_COMMON_00006",TRUE,FALSE,FALSE,FALSE
"ambiguous_negative","Growth","Growth","Non-calcifier","ZOO_COMMON_00007",TRUE,FALSE,FALSE,FALSE
"ambiguous_negative","Growth","Growth","Non-calcifier","ZOO_COMMON_00026",TRUE,TRUE,TRUE,TRUE
"ambiguous_negative","Growth","Growth","Non-calcifier","ZOO_COMMON_00030",TRUE,TRUE,TRUE,TRUE
"ambiguous_negative","Growth","Growth","Non-calcifier","ZOO_COMMON_00040",TRUE,FALSE,FALSE,FALSE
"ambiguous_negative","Growth","Growth","Non-calcifier","ZOO_COMMON_00043",TRUE,TRUE,TRUE,TRUE
"ambiguous_negative","Growth","Growth","Non-calcifier","ZOO_COMMON_00050",TRUE,FALSE,FALSE,FALSE
"ambiguous_negative","Growth","Growth","Non-calcifier","ZOO_COMMON_00058",TRUE,TRUE,TRUE,TRUE
"ambiguous_negative","Growth","Growth","Non-calcifier","ZOO_COMMON_00064",TRUE,FALSE,FALSE,FALSE
"ambiguous_negative","Growth","Growth","Non-calcifier","ZOO_COMMON_00065",TRUE,FALSE,FALSE,FALSE
"ambiguous_negative","Growth","Growth","Non-calcifier","ZOO_COMMON_00107",TRUE,FALSE,FALSE,FALSE
"ambiguous_negative","Growth","Growth","Non-calcifier","ZOO_COMMON_00117",TRUE,FALSE,FALSE,FALSE
"ambiguous_negative","Growth","Growth","Non-calcifier","ZOO_COMMON_00120",TRUE,TRUE,TRUE,TRUE
"ambiguous_negative","Growth","Growth","Non-calcifier","ZOO_COMMON_00161",TRUE,FALSE,FALSE,FALSE
"ambiguous_negative","Growth","Growth","Non-calcifier","ZOO_COMMON_00162",TRUE,FALSE,FALSE,FALSE
"ambiguous_negative","Growth","Growth","Non-calcifier","ZOO_COMMON_00183",TRUE,TRUE,TRUE,TRUE
"ambiguous_negative","Growth","Growth","Non-calcifier","ZOO_COMMON_00199",TRUE,TRUE,TRUE,TRUE
"ambiguous_negative","Growth","Growth","Non-calcifier","ZOO_COMMON_00215",TRUE,FALSE,FALSE,FALSE
"ambiguous_negative","Growth","Growth","Non-calcifier","ZOO_COMMON_00216",FALSE,TRUE,TRUE,FALSE
"ambiguous_negative","Growth","Growth","Non-calcifier","ZOO_COMMON_00217",FALSE,TRUE,TRUE,FALSE
"ambiguous_negative","Growth","Growth","Non-calcifier","ZOO_COMMON_00235",TRUE,FALSE,FALSE,FALSE
"ambiguous_negative","Growth","Growth","Non-calcifier","ZOO_COMMON_00244",TRUE,TRUE,TRUE,TRUE
"ambiguous_negative","Growth","Growth","Non-calcifier","ZOO_COMMON_00245",TRUE,TRUE,TRUE,TRUE
"ambiguous_negative","Growth","Growth","Non-calcifier","ZOO_COMMON_00258",TRUE,TRUE,TRUE,TRUE
"ambiguous_negative","Growth","Growth","Non-calcifier","ZOO_COMMON_00295",TRUE,FALSE,FALSE,FALSE
"ambiguous_negative","Growth","Growth","Non-calcifier","ZOO_COMMON_00308",TRUE,FALSE,FALSE,FALSE
"ambiguous_negative","Growth","Growth","Non-calcifier","ZOO_COMMON_00310",TRUE,FALSE,FALSE,FALSE
"ambiguous_negative","Growth","Growth","Non-calcifier","ZOO_COMMON_00311",TRUE,FALSE,FALSE,FALSE
"ambiguous_negative","Growth","Growth","Non-calcifier","ZOO_COMMON_00312",TRUE,FALSE,FALSE,FALSE
"ambiguous_negative","Growth","Growth","Non-calcifier","ZOO_COMMON_00313",TRUE,FALSE,FALSE,FALSE
"ambiguous_negative","Growth","Growth","Non-calcifier","ZOO_COMMON_00368",TRUE,FALSE,FALSE,FALSE
"ambiguous_negative","Growth","Growth","Non-calcifier","ZOO_COMMON_00369",TRUE,FALSE,FALSE,FALSE
"ambiguous_negative","Growth","Growth","Non-calcifier","ZOO_COMMON_00374",TRUE,FALSE,FALSE,FALSE
"ambiguous_negative","Growth","Growth","Non-calcifier","ZOO_COMMON_00402",TRUE,FALSE,FALSE,FALSE
"ambiguous_negative","Growth","Growth","Non-calcifier","ZOO_COMMON_00422",TRUE,FALSE,FALSE,FALSE
"ambiguous_negative","Growth","Growth","Non-calcifier","ZOO_COMMON_00444",TRUE,FALSE,FALSE,FALSE
"ambiguous_negative","Growth","Growth","Non-calcifier","ZOO_COMMON_00447",FALSE,TRUE,TRUE,FALSE
"ambiguous_negative","Growth","Growth","Non-calcifier","ZOO_COMMON_00453",TRUE,TRUE,TRUE,TRUE
"ambiguous_negative","Growth","Growth","Non-calcifier","ZOO_COMMON_00472",TRUE,TRUE,TRUE,TRUE
"ambiguous_negative","Growth","Growth","Non-calcifier","ZOO_COMMON_00477",TRUE,FALSE,FALSE,FALSE
"ambiguous_negative","Growth","Growth","Non-calcifier","ZOO_COMMON_00534",TRUE,FALSE,FALSE,FALSE
"ambiguous_negative","Growth","Growth","Non-calcifier","ZOO_COMMON_00558",TRUE,TRUE,TRUE,TRUE
"ambiguous_negative","Growth","Growth","Non-calcifier","ZOO_COMMON_00568",TRUE,FALSE,FALSE,FALSE
"ambiguous_negative","Growth","Growth","Non-calcifier","ZOO_COMMON_00569",TRUE,FALSE,FALSE,FALSE
"ambiguous_negative","Growth","Growth","Non-calcifier","ZOO_COMMON_00574",FALSE,TRUE,FALSE,FALSE
"ambiguous_negative","Growth","Growth","Non-calcifier","ZOO_COMMON_00575",TRUE,TRUE,TRUE,TRUE
"ambiguous_negative","Growth","Growth","Non-calcifier","ZOO_COMMON_00576",FALSE,FALSE,TRUE,FALSE
"ambiguous_negative","Growth","Growth","Non-calcifier","ZOO_COMMON_00590",TRUE,FALSE,FALSE,FALSE
"ambiguous_negative","Growth","Growth","Non-calcifier","ZOO_COMMON_00595",TRUE,FALSE,FALSE,FALSE
"ambiguous_negative","Growth","Growth","Non-calcifier","ZOO_COMMON_00604",FALSE,TRUE,TRUE,FALSE
"ambiguous_negative","Growth","Growth","Non-calcifier","ZOO_COMMON_00652",TRUE,FALSE,FALSE,FALSE
"ambiguous_negative","Growth","Growth","Non-calcifier","ZOO_COMMON_00655",TRUE,FALSE,FALSE,FALSE
"ambiguous_negative","Growth","Growth","Non-calcifier","ZOO_COMMON_00661",TRUE,TRUE,TRUE,TRUE
"ambiguous_negative","Growth","Growth","Non-calcifier","ZOO_COMMON_00669",TRUE,TRUE,TRUE,TRUE
"ambiguous_negative","Growth","Growth","Non-calcifier","ZOO_COMMON_00674",TRUE,TRUE,TRUE,TRUE
"ambiguous_negative","Growth","Growth","Non-calcifier","ZOO_COMMON_00676",TRUE,FALSE,FALSE,FALSE
"ambiguous_negative","Growth","Growth","Non-calcifier","ZOO_COMMON_00682",TRUE,FALSE,FALSE,FALSE
"ambiguous_negative","Growth","Growth","Non-calcifier","ZOO_COMMON_00692",TRUE,TRUE,TRUE,TRUE
"ambiguous_negative","Growth","Growth","Non-calcifier","ZOO_COMMON_00695",FALSE,TRUE,TRUE,FALSE
"ambiguous_negative","Growth","Growth","Non-calcifier","ZOO_COMMON_00705",TRUE,FALSE,FALSE,FALSE
"ambiguous_negative","Growth","Growth","Non-calcifier","ZOO_COMMON_00722",TRUE,FALSE,FALSE,FALSE
"ambiguous_negative","Growth","Growth","Non-calcifier","ZOO_COMMON_00745",TRUE,FALSE,FALSE,FALSE
"ambiguous_negative","Growth","Growth","Non-calcifier","ZOO_COMMON_00753",TRUE,FALSE,FALSE,FALSE
"ambiguous_negative","Growth","Growth","Non-calcifier","ZOO_COMMON_00755",TRUE,FALSE,FALSE,FALSE
"ambiguous_negative","Growth","Growth","Non-calcifier","ZOO_COMMON_00757",TRUE,FALSE,FALSE,FALSE
"ambiguous_negative","Growth","Growth","Non-calcifier","ZOO_COMMON_00758",TRUE,TRUE,TRUE,TRUE
"ambiguous_negative","Growth","Growth","Non-calcifier","ZOO_COMMON_00788",TRUE,FALSE,FALSE,FALSE
"ambiguous_negative","Growth","Growth","Non-calcifier","ZOO_COMMON_00826",TRUE,FALSE,FALSE,FALSE
"ambiguous_negative","Growth","Growth","Non-calcifier","ZOO_COMMON_00836",TRUE,FALSE,FALSE,FALSE
"ambiguous_negative","Growth","Growth","Non-calcifier","ZOO_COMMON_00860",TRUE,FALSE,FALSE,FALSE
"ambiguous_negative","Growth","Growth","Non-calcifier","ZOO_COMMON_00861",FALSE,TRUE,TRUE,FALSE
"ambiguous_negative","Growth","Growth","Non-calcifier","ZOO_COMMON_00869",TRUE,TRUE,TRUE,TRUE
"ambiguous_negative","Growth","Growth","Non-calcifier","ZOO_COMMON_00879",TRUE,FALSE,FALSE,FALSE
"ambiguous_negative","Development","Development","Calcifier","ZOO_COMMON_00027",TRUE,FALSE,FALSE,FALSE
"ambiguous_negative","Development","Development","Calcifier","ZOO_COMMON_00037",TRUE,TRUE,TRUE,TRUE
"ambiguous_negative","Development","Development","Calcifier","ZOO_COMMON_00038",TRUE,TRUE,TRUE,TRUE
"ambiguous_negative","Development","Development","Calcifier","ZOO_COMMON_00047",TRUE,FALSE,FALSE,FALSE
"ambiguous_negative","Development","Development","Calcifier","ZOO_COMMON_00052",FALSE,TRUE,FALSE,FALSE
"ambiguous_negative","Development","Development","Calcifier","ZOO_COMMON_00053",FALSE,TRUE,FALSE,FALSE
"ambiguous_negative","Development","Development","Calcifier","ZOO_COMMON_00062",TRUE,FALSE,FALSE,FALSE
"ambiguous_negative","Development","Development","Calcifier","ZOO_COMMON_00067",TRUE,TRUE,TRUE,TRUE
"ambiguous_negative","Development","Development","Calcifier","ZOO_COMMON_00070",TRUE,TRUE,TRUE,TRUE
"ambiguous_negative","Development","Development","Calcifier","ZOO_COMMON_00071",TRUE,TRUE,TRUE,TRUE
"ambiguous_negative","Development","Development","Calcifier","ZOO_COMMON_00073",TRUE,TRUE,TRUE,TRUE
"ambiguous_negative","Development","Development","Calcifier","ZOO_COMMON_00074",TRUE,TRUE,TRUE,TRUE
"ambiguous_negative","Development","Development","Calcifier","ZOO_COMMON_00087",TRUE,FALSE,TRUE,FALSE
"ambiguous_negative","Development","Development","Calcifier","ZOO_COMMON_00088",FALSE,TRUE,FALSE,FALSE
"ambiguous_negative","Development","Development","Calcifier","ZOO_COMMON_00098",FALSE,TRUE,FALSE,FALSE
"ambiguous_negative","Development","Development","Calcifier","ZOO_COMMON_00113",TRUE,FALSE,FALSE,FALSE
"ambiguous_negative","Development","Development","Calcifier","ZOO_COMMON_00115",TRUE,FALSE,FALSE,FALSE
"ambiguous_negative","Development","Development","Calcifier","ZOO_COMMON_00121",TRUE,FALSE,FALSE,FALSE
"ambiguous_negative","Development","Development","Calcifier","ZOO_COMMON_00122",TRUE,FALSE,FALSE,FALSE
"ambiguous_negative","Development","Development","Calcifier","ZOO_COMMON_00154",TRUE,FALSE,FALSE,FALSE
"ambiguous_negative","Development","Development","Calcifier","ZOO_COMMON_00186",FALSE,TRUE,FALSE,FALSE
"ambiguous_negative","Development","Development","Calcifier","ZOO_COMMON_00187",FALSE,TRUE,FALSE,FALSE
"ambiguous_negative","Development","Development","Calcifier","ZOO_COMMON_00206",TRUE,FALSE,FALSE,FALSE
"ambiguous_negative","Development","Development","Calcifier","ZOO_COMMON_00213",TRUE,FALSE,FALSE,FALSE
"ambiguous_negative","Development","Development","Calcifier","ZOO_COMMON_00219",TRUE,FALSE,FALSE,FALSE
"ambiguous_negative","Development","Development","Calcifier","ZOO_COMMON_00221",TRUE,FALSE,FALSE,FALSE
"ambiguous_negative","Development","Development","Calcifier","ZOO_COMMON_00229",TRUE,FALSE,FALSE,FALSE
"ambiguous_negative","Development","Development","Calcifier","ZOO_COMMON_00230",TRUE,FALSE,FALSE,FALSE
"ambiguous_negative","Development","Development","Calcifier","ZOO_COMMON_00231",TRUE,FALSE,FALSE,FALSE
"ambiguous_negative","Development","Development","Calcifier","ZOO_COMMON_00232",TRUE,FALSE,FALSE,FALSE
"ambiguous_negative","Development","Development","Calcifier","ZOO_COMMON_00237",TRUE,TRUE,TRUE,TRUE
"ambiguous_negative","Development","Development","Calcifier","ZOO_COMMON_00239",TRUE,FALSE,FALSE,FALSE
"ambiguous_negative","Development","Development","Calcifier","ZOO_COMMON_00248",TRUE,FALSE,FALSE,FALSE
"ambiguous_negative","Development","Development","Calcifier","ZOO_COMMON_00249",FALSE,TRUE,TRUE,FALSE
"ambiguous_negative","Development","Development","Calcifier","ZOO_COMMON_00250",TRUE,FALSE,FALSE,FALSE
"ambiguous_negative","Development","Development","Calcifier","ZOO_COMMON_00251",TRUE,FALSE,FALSE,FALSE
"ambiguous_negative","Development","Development","Calcifier","ZOO_COMMON_00253",TRUE,FALSE,FALSE,FALSE
"ambiguous_negative","Development","Development","Calcifier","ZOO_COMMON_00254",TRUE,FALSE,FALSE,FALSE
"ambiguous_negative","Development","Development","Calcifier","ZOO_COMMON_00265",FALSE,TRUE,FALSE,FALSE
"ambiguous_negative","Development","Development","Calcifier","ZOO_COMMON_00266",FALSE,TRUE,TRUE,FALSE
"ambiguous_negative","Development","Development","Calcifier","ZOO_COMMON_00277",TRUE,TRUE,TRUE,TRUE
"ambiguous_negative","Development","Development","Calcifier","ZOO_COMMON_00283",FALSE,FALSE,TRUE,FALSE
"ambiguous_negative","Development","Development","Calcifier","ZOO_COMMON_00285",FALSE,TRUE,FALSE,FALSE
"ambiguous_negative","Development","Development","Calcifier","ZOO_COMMON_00326",TRUE,TRUE,TRUE,TRUE
"ambiguous_negative","Development","Development","Calcifier","ZOO_COMMON_00333",TRUE,FALSE,FALSE,FALSE
"ambiguous_negative","Development","Development","Calcifier","ZOO_COMMON_00334",TRUE,FALSE,FALSE,FALSE
"ambiguous_negative","Development","Development","Calcifier","ZOO_COMMON_00335",TRUE,FALSE,FALSE,FALSE
"ambiguous_negative","Development","Development","Calcifier","ZOO_COMMON_00336",TRUE,FALSE,FALSE,FALSE
"ambiguous_negative","Development","Development","Calcifier","ZOO_COMMON_00337",TRUE,FALSE,FALSE,FALSE
"ambiguous_negative","Development","Development","Calcifier","ZOO_COMMON_00346",TRUE,TRUE,TRUE,TRUE
"ambiguous_negative","Development","Development","Calcifier","ZOO_COMMON_00347",TRUE,TRUE,TRUE,TRUE
"ambiguous_negative","Development","Development","Calcifier","ZOO_COMMON_00351",TRUE,FALSE,FALSE,FALSE
"ambiguous_negative","Development","Development","Calcifier","ZOO_COMMON_00376",FALSE,TRUE,FALSE,FALSE
"ambiguous_negative","Development","Development","Calcifier","ZOO_COMMON_00378",FALSE,TRUE,FALSE,FALSE
"ambiguous_negative","Development","Development","Calcifier","ZOO_COMMON_00381",TRUE,FALSE,FALSE,FALSE
"ambiguous_negative","Development","Development","Calcifier","ZOO_COMMON_00383",TRUE,FALSE,FALSE,FALSE
"ambiguous_negative","Development","Development","Calcifier","ZOO_COMMON_00406",TRUE,TRUE,TRUE,TRUE
"ambiguous_negative","Development","Development","Calcifier","ZOO_COMMON_00407",FALSE,TRUE,FALSE,FALSE
"ambiguous_negative","Development","Development","Calcifier","ZOO_COMMON_00413",TRUE,FALSE,FALSE,FALSE
"ambiguous_negative","Development","Development","Calcifier","ZOO_COMMON_00414",TRUE,FALSE,FALSE,FALSE
"ambiguous_negative","Development","Development","Calcifier","ZOO_COMMON_00415",TRUE,TRUE,FALSE,FALSE
"ambiguous_negative","Development","Development","Calcifier","ZOO_COMMON_00416",TRUE,FALSE,FALSE,FALSE
"ambiguous_negative","Development","Development","Calcifier","ZOO_COMMON_00417",TRUE,FALSE,FALSE,FALSE
"ambiguous_negative","Development","Development","Calcifier","ZOO_COMMON_00420",FALSE,TRUE,FALSE,FALSE
"ambiguous_negative","Development","Development","Calcifier","ZOO_COMMON_00423",TRUE,FALSE,FALSE,FALSE
"ambiguous_negative","Development","Development","Calcifier","ZOO_COMMON_00425",TRUE,FALSE,FALSE,FALSE
"ambiguous_negative","Development","Development","Calcifier","ZOO_COMMON_00432",TRUE,TRUE,TRUE,TRUE
"ambiguous_negative","Development","Development","Calcifier","ZOO_COMMON_00434",TRUE,FALSE,FALSE,FALSE
"ambiguous_negative","Development","Development","Calcifier","ZOO_COMMON_00436",TRUE,FALSE,FALSE,FALSE
"ambiguous_negative","Development","Development","Calcifier","ZOO_COMMON_00448",FALSE,TRUE,FALSE,FALSE
"ambiguous_negative","Development","Development","Calcifier","ZOO_COMMON_00450",TRUE,FALSE,FALSE,FALSE
"ambiguous_negative","Development","Development","Calcifier","ZOO_COMMON_00456",FALSE,TRUE,FALSE,FALSE
"ambiguous_negative","Development","Development","Calcifier","ZOO_COMMON_00464",FALSE,FALSE,TRUE,FALSE
"ambiguous_negative","Development","Development","Calcifier","ZOO_COMMON_00465",TRUE,FALSE,FALSE,FALSE
"ambiguous_negative","Development","Development","Calcifier","ZOO_COMMON_00467",FALSE,TRUE,FALSE,FALSE
"ambiguous_negative","Development","Development","Calcifier","ZOO_COMMON_00481",FALSE,TRUE,FALSE,FALSE
"ambiguous_negative","Development","Development","Calcifier","ZOO_COMMON_00483",TRUE,FALSE,FALSE,FALSE
"ambiguous_negative","Development","Development","Calcifier","ZOO_COMMON_00489",FALSE,TRUE,FALSE,FALSE
"ambiguous_negative","Development","Development","Calcifier","ZOO_COMMON_00532",TRUE,FALSE,FALSE,FALSE
"ambiguous_negative","Development","Development","Calcifier","ZOO_COMMON_00546",FALSE,TRUE,FALSE,FALSE
"ambiguous_negative","Development","Development","Calcifier","ZOO_COMMON_00556",TRUE,FALSE,FALSE,FALSE
"ambiguous_negative","Development","Development","Calcifier","ZOO_COMMON_00563",TRUE,TRUE,TRUE,TRUE
"ambiguous_negative","Development","Development","Calcifier","ZOO_COMMON_00564",TRUE,TRUE,TRUE,TRUE
"ambiguous_negative","Development","Development","Calcifier","ZOO_COMMON_00565",FALSE,TRUE,FALSE,FALSE
"ambiguous_negative","Development","Development","Calcifier","ZOO_COMMON_00567",TRUE,FALSE,FALSE,FALSE
"ambiguous_negative","Development","Development","Calcifier","ZOO_COMMON_00581",FALSE,FALSE,TRUE,FALSE
"ambiguous_negative","Development","Development","Calcifier","ZOO_COMMON_00583",FALSE,TRUE,FALSE,FALSE
"ambiguous_negative","Development","Development","Calcifier","ZOO_COMMON_00585",FALSE,TRUE,FALSE,FALSE
"ambiguous_negative","Development","Development","Calcifier","ZOO_COMMON_00602",TRUE,FALSE,FALSE,FALSE
"ambiguous_negative","Development","Development","Calcifier","ZOO_COMMON_00626",FALSE,FALSE,TRUE,FALSE
"ambiguous_negative","Development","Development","Calcifier","ZOO_COMMON_00628",TRUE,FALSE,FALSE,FALSE
"ambiguous_negative","Development","Development","Calcifier","ZOO_COMMON_00630",FALSE,TRUE,FALSE,FALSE
"ambiguous_negative","Development","Development","Calcifier","ZOO_COMMON_00631",TRUE,TRUE,TRUE,TRUE
"ambiguous_negative","Development","Development","Calcifier","ZOO_COMMON_00632",TRUE,TRUE,TRUE,TRUE
"ambiguous_negative","Development","Development","Calcifier","ZOO_COMMON_00634",TRUE,FALSE,FALSE,FALSE
"ambiguous_negative","Development","Development","Calcifier","ZOO_COMMON_00640",FALSE,TRUE,FALSE,FALSE
"ambiguous_negative","Development","Development","Calcifier","ZOO_COMMON_00647",TRUE,TRUE,TRUE,TRUE
"ambiguous_negative","Development","Development","Calcifier","ZOO_COMMON_00648",TRUE,FALSE,FALSE,FALSE
"ambiguous_negative","Development","Development","Calcifier","ZOO_COMMON_00649",TRUE,TRUE,TRUE,TRUE
"ambiguous_negative","Development","Development","Calcifier","ZOO_COMMON_00650",FALSE,FALSE,TRUE,FALSE
"ambiguous_negative","Development","Development","Calcifier","ZOO_COMMON_00656",TRUE,TRUE,TRUE,TRUE
"ambiguous_negative","Development","Development","Calcifier","ZOO_COMMON_00679",TRUE,FALSE,FALSE,FALSE
"ambiguous_negative","Development","Development","Calcifier","ZOO_COMMON_00697",TRUE,TRUE,TRUE,TRUE
"ambiguous_negative","Development","Development","Calcifier","ZOO_COMMON_00706",FALSE,TRUE,FALSE,FALSE
"ambiguous_negative","Development","Development","Calcifier","ZOO_COMMON_00707",FALSE,TRUE,FALSE,FALSE
"ambiguous_negative","Development","Development","Calcifier","ZOO_COMMON_00708",FALSE,TRUE,FALSE,FALSE
"ambiguous_negative","Development","Development","Calcifier","ZOO_COMMON_00710",FALSE,TRUE,FALSE,FALSE
"ambiguous_negative","Development","Development","Calcifier","ZOO_COMMON_00711",FALSE,TRUE,FALSE,FALSE
"ambiguous_negative","Development","Development","Calcifier","ZOO_COMMON_00712",FALSE,TRUE,FALSE,FALSE
"ambiguous_negative","Development","Development","Calcifier","ZOO_COMMON_00720",TRUE,FALSE,FALSE,FALSE
"ambiguous_negative","Development","Development","Calcifier","ZOO_COMMON_00740",FALSE,TRUE,FALSE,FALSE
"ambiguous_negative","Development","Development","Calcifier","ZOO_COMMON_00741",TRUE,FALSE,FALSE,FALSE
"ambiguous_negative","Development","Development","Calcifier","ZOO_COMMON_00742",TRUE,TRUE,TRUE,TRUE
"ambiguous_negative","Development","Development","Calcifier","ZOO_COMMON_00756",TRUE,TRUE,TRUE,TRUE
"ambiguous_negative","Development","Development","Calcifier","ZOO_COMMON_00763",TRUE,FALSE,FALSE,FALSE
"ambiguous_negative","Development","Development","Calcifier","ZOO_COMMON_00764",TRUE,FALSE,FALSE,FALSE
"ambiguous_negative","Development","Development","Calcifier","ZOO_COMMON_00765",FALSE,FALSE,TRUE,FALSE
"ambiguous_negative","Development","Development","Calcifier","ZOO_COMMON_00767",TRUE,FALSE,FALSE,FALSE
"ambiguous_negative","Development","Development","Calcifier","ZOO_COMMON_00774",TRUE,FALSE,FALSE,FALSE
"ambiguous_negative","Development","Development","Calcifier","ZOO_COMMON_00784",FALSE,TRUE,TRUE,FALSE
"ambiguous_negative","Development","Development","Calcifier","ZOO_COMMON_00785",FALSE,TRUE,TRUE,FALSE
"ambiguous_negative","Development","Development","Calcifier","ZOO_COMMON_00813",FALSE,TRUE,FALSE,FALSE
"ambiguous_negative","Development","Development","Calcifier","ZOO_COMMON_00817",TRUE,FALSE,FALSE,FALSE
"ambiguous_negative","Development","Development","Calcifier","ZOO_COMMON_00820",FALSE,TRUE,FALSE,FALSE
"ambiguous_negative","Development","Development","Calcifier","ZOO_COMMON_00821",TRUE,TRUE,TRUE,TRUE
"ambiguous_negative","Development","Development","Calcifier","ZOO_COMMON_00822",TRUE,TRUE,TRUE,TRUE
"ambiguous_negative","Development","Development","Calcifier","ZOO_COMMON_00823",TRUE,TRUE,TRUE,TRUE
"ambiguous_negative","Development","Development","Calcifier","ZOO_COMMON_00841",TRUE,FALSE,FALSE,FALSE
"ambiguous_negative","Development","Development","Calcifier","ZOO_COMMON_00845",TRUE,TRUE,TRUE,TRUE
"ambiguous_negative","Development","Development","Calcifier","ZOO_COMMON_00863",TRUE,TRUE,TRUE,TRUE
"ambiguous_negative","Development","Development","Calcifier","ZOO_COMMON_00867",TRUE,FALSE,FALSE,FALSE
"ambiguous_negative","Development","Development","Calcifier","ZOO_COMMON_00868",TRUE,FALSE,FALSE,FALSE
"ambiguous_negative","Development","Development","Calcifier","ZOO_COMMON_00894",TRUE,TRUE,TRUE,TRUE
"ambiguous_negative","Development","Development","Calcifier","ZOO_COMMON_00895",TRUE,TRUE,TRUE,TRUE
"ambiguous_negative","Development","Development","Calcifier","ZOO_COMMON_00896",TRUE,FALSE,FALSE,FALSE
"ambiguous_negative","Development","Development","Calcifier","ZOO_COMMON_00897",TRUE,FALSE,FALSE,FALSE
"ambiguous_negative","Development","Development","Calcifier","ZOO_COMMON_00899",TRUE,FALSE,FALSE,FALSE
"ambiguous_negative","Development","Development","Calcifier","ZOO_COMMON_00909",TRUE,FALSE,FALSE,FALSE
"ambiguous_negative","Development","Development","Non-calcifier","ZOO_COMMON_00026",TRUE,TRUE,TRUE,TRUE
"ambiguous_negative","Development","Development","Non-calcifier","ZOO_COMMON_00029",TRUE,TRUE,TRUE,TRUE
"ambiguous_negative","Development","Development","Non-calcifier","ZOO_COMMON_00043",TRUE,TRUE,TRUE,TRUE
"ambiguous_negative","Development","Development","Non-calcifier","ZOO_COMMON_00058",TRUE,TRUE,TRUE,TRUE
"ambiguous_negative","Development","Development","Non-calcifier","ZOO_COMMON_00136",TRUE,TRUE,TRUE,TRUE
"ambiguous_negative","Development","Development","Non-calcifier","ZOO_COMMON_00137",TRUE,TRUE,TRUE,TRUE
"ambiguous_negative","Development","Development","Non-calcifier","ZOO_COMMON_00138",TRUE,TRUE,TRUE,TRUE
"ambiguous_negative","Development","Development","Non-calcifier","ZOO_COMMON_00139",TRUE,TRUE,TRUE,TRUE
"ambiguous_negative","Development","Development","Non-calcifier","ZOO_COMMON_00199",TRUE,TRUE,TRUE,TRUE
"ambiguous_negative","Development","Development","Non-calcifier","ZOO_COMMON_00233",TRUE,FALSE,FALSE,FALSE
"ambiguous_negative","Development","Development","Non-calcifier","ZOO_COMMON_00255",TRUE,TRUE,TRUE,TRUE
"ambiguous_negative","Development","Development","Non-calcifier","ZOO_COMMON_00310",TRUE,FALSE,FALSE,FALSE
"ambiguous_negative","Development","Development","Non-calcifier","ZOO_COMMON_00404",FALSE,TRUE,TRUE,FALSE
"ambiguous_negative","Development","Development","Non-calcifier","ZOO_COMMON_00471",TRUE,TRUE,TRUE,TRUE
"ambiguous_negative","Development","Development","Non-calcifier","ZOO_COMMON_00538",TRUE,FALSE,FALSE,FALSE
"ambiguous_negative","Development","Development","Non-calcifier","ZOO_COMMON_00558",TRUE,TRUE,TRUE,TRUE
"ambiguous_negative","Development","Development","Non-calcifier","ZOO_COMMON_00570",TRUE,FALSE,FALSE,FALSE
"ambiguous_negative","Development","Development","Non-calcifier","ZOO_COMMON_00575",TRUE,TRUE,TRUE,TRUE
"ambiguous_negative","Development","Development","Non-calcifier","ZOO_COMMON_00576",FALSE,FALSE,TRUE,FALSE
"ambiguous_negative","Development","Development","Non-calcifier","ZOO_COMMON_00604",FALSE,TRUE,TRUE,FALSE
"ambiguous_negative","Development","Development","Non-calcifier","ZOO_COMMON_00619",TRUE,TRUE,TRUE,TRUE
"ambiguous_negative","Development","Development","Non-calcifier","ZOO_COMMON_00661",TRUE,TRUE,TRUE,TRUE
"ambiguous_negative","Development","Development","Non-calcifier","ZOO_COMMON_00668",TRUE,FALSE,TRUE,FALSE
"ambiguous_negative","Development","Development","Non-calcifier","ZOO_COMMON_00700",TRUE,FALSE,FALSE,FALSE
"ambiguous_negative","Development","Development","Non-calcifier","ZOO_COMMON_00702",FALSE,TRUE,TRUE,FALSE
"ambiguous_negative","Development","Development","Non-calcifier","ZOO_COMMON_00722",TRUE,FALSE,FALSE,FALSE
"ambiguous_negative","Development","Development","Non-calcifier","ZOO_COMMON_00730",TRUE,TRUE,TRUE,TRUE
"ambiguous_negative","Development","Development","Non-calcifier","ZOO_COMMON_00731",TRUE,TRUE,TRUE,TRUE
"ambiguous_negative","Development","Development","Non-calcifier","ZOO_COMMON_00732",TRUE,TRUE,TRUE,TRUE
"ambiguous_negative","Development","Development","Non-calcifier","ZOO_COMMON_00733",TRUE,FALSE,FALSE,FALSE
"ambiguous_negative","Development","Development","Non-calcifier","ZOO_COMMON_00734",FALSE,TRUE,TRUE,FALSE
"ambiguous_negative","Development","Development","Non-calcifier","ZOO_COMMON_00735",TRUE,FALSE,FALSE,FALSE
"ambiguous_negative","Development","Development","Non-calcifier","ZOO_COMMON_00736",FALSE,TRUE,TRUE,FALSE
"ambiguous_negative","Development","Development","Non-calcifier","ZOO_COMMON_00737",TRUE,FALSE,FALSE,FALSE
"ambiguous_negative","Development","Development","Non-calcifier","ZOO_COMMON_00860",TRUE,FALSE,FALSE,FALSE
"ambiguous_negative","Development","Development","Non-calcifier","ZOO_COMMON_00861",FALSE,TRUE,TRUE,FALSE
"ambiguous_negative","Development","Development","Non-calcifier","ZOO_COMMON_00869",TRUE,TRUE,TRUE,TRUE
"ambiguous_negative","Physiology","Physiology","Calcifier","ZOO_COMMON_00019",FALSE,FALSE,TRUE,FALSE
"ambiguous_negative","Physiology","Physiology","Calcifier","ZOO_COMMON_00020",TRUE,FALSE,FALSE,FALSE
"ambiguous_negative","Physiology","Physiology","Calcifier","ZOO_COMMON_00021",FALSE,TRUE,FALSE,FALSE
"ambiguous_negative","Physiology","Physiology","Calcifier","ZOO_COMMON_00023",TRUE,FALSE,FALSE,FALSE
"ambiguous_negative","Physiology","Physiology","Calcifier","ZOO_COMMON_00037",TRUE,TRUE,TRUE,TRUE
"ambiguous_negative","Physiology","Physiology","Calcifier","ZOO_COMMON_00039",TRUE,TRUE,TRUE,TRUE
"ambiguous_negative","Physiology","Physiology","Calcifier","ZOO_COMMON_00048",FALSE,TRUE,FALSE,FALSE
"ambiguous_negative","Physiology","Physiology","Calcifier","ZOO_COMMON_00071",TRUE,TRUE,TRUE,TRUE
"ambiguous_negative","Physiology","Physiology","Calcifier","ZOO_COMMON_00077",TRUE,TRUE,TRUE,TRUE
"ambiguous_negative","Physiology","Physiology","Calcifier","ZOO_COMMON_00089",TRUE,FALSE,FALSE,FALSE
"ambiguous_negative","Physiology","Physiology","Calcifier","ZOO_COMMON_00090",TRUE,FALSE,FALSE,FALSE
"ambiguous_negative","Physiology","Physiology","Calcifier","ZOO_COMMON_00091",TRUE,FALSE,FALSE,FALSE
"ambiguous_negative","Physiology","Physiology","Calcifier","ZOO_COMMON_00092",TRUE,FALSE,FALSE,FALSE
"ambiguous_negative","Physiology","Physiology","Calcifier","ZOO_COMMON_00093",TRUE,FALSE,FALSE,FALSE
"ambiguous_negative","Physiology","Physiology","Calcifier","ZOO_COMMON_00094",TRUE,FALSE,FALSE,FALSE
"ambiguous_negative","Physiology","Physiology","Calcifier","ZOO_COMMON_00095",TRUE,FALSE,FALSE,FALSE
"ambiguous_negative","Physiology","Physiology","Calcifier","ZOO_COMMON_00100",TRUE,FALSE,FALSE,FALSE
"ambiguous_negative","Physiology","Physiology","Calcifier","ZOO_COMMON_00141",TRUE,FALSE,FALSE,FALSE
"ambiguous_negative","Physiology","Physiology","Calcifier","ZOO_COMMON_00144",TRUE,FALSE,FALSE,FALSE
"ambiguous_negative","Physiology","Physiology","Calcifier","ZOO_COMMON_00147",TRUE,FALSE,FALSE,FALSE
"ambiguous_negative","Physiology","Physiology","Calcifier","ZOO_COMMON_00150",TRUE,FALSE,FALSE,FALSE
"ambiguous_negative","Physiology","Physiology","Calcifier","ZOO_COMMON_00156",TRUE,TRUE,TRUE,TRUE
"ambiguous_negative","Physiology","Physiology","Calcifier","ZOO_COMMON_00158",FALSE,FALSE,TRUE,FALSE
"ambiguous_negative","Physiology","Physiology","Calcifier","ZOO_COMMON_00159",FALSE,TRUE,FALSE,FALSE
"ambiguous_negative","Physiology","Physiology","Calcifier","ZOO_COMMON_00160",TRUE,FALSE,FALSE,FALSE
"ambiguous_negative","Physiology","Physiology","Calcifier","ZOO_COMMON_00188",TRUE,FALSE,FALSE,FALSE
"ambiguous_negative","Physiology","Physiology","Calcifier","ZOO_COMMON_00189",TRUE,FALSE,FALSE,FALSE
"ambiguous_negative","Physiology","Physiology","Calcifier","ZOO_COMMON_00192",TRUE,FALSE,FALSE,FALSE
"ambiguous_negative","Physiology","Physiology","Calcifier","ZOO_COMMON_00193",TRUE,FALSE,FALSE,FALSE
"ambiguous_negative","Physiology","Physiology","Calcifier","ZOO_COMMON_00207",TRUE,FALSE,FALSE,FALSE
"ambiguous_negative","Physiology","Physiology","Calcifier","ZOO_COMMON_00208",FALSE,TRUE,TRUE,FALSE
"ambiguous_negative","Physiology","Physiology","Calcifier","ZOO_COMMON_00209",FALSE,FALSE,TRUE,FALSE
"ambiguous_negative","Physiology","Physiology","Calcifier","ZOO_COMMON_00210",TRUE,FALSE,FALSE,FALSE
"ambiguous_negative","Physiology","Physiology","Calcifier","ZOO_COMMON_00211",FALSE,TRUE,FALSE,FALSE
"ambiguous_negative","Physiology","Physiology","Calcifier","ZOO_COMMON_00212",TRUE,FALSE,FALSE,FALSE
"ambiguous_negative","Physiology","Physiology","Calcifier","ZOO_COMMON_00220",TRUE,FALSE,FALSE,FALSE
"ambiguous_negative","Physiology","Physiology","Calcifier","ZOO_COMMON_00234",TRUE,FALSE,FALSE,FALSE
"ambiguous_negative","Physiology","Physiology","Calcifier","ZOO_COMMON_00247",TRUE,TRUE,TRUE,TRUE
"ambiguous_negative","Physiology","Physiology","Calcifier","ZOO_COMMON_00259",TRUE,FALSE,FALSE,FALSE
"ambiguous_negative","Physiology","Physiology","Calcifier","ZOO_COMMON_00260",TRUE,FALSE,FALSE,FALSE
"ambiguous_negative","Physiology","Physiology","Calcifier","ZOO_COMMON_00261",TRUE,FALSE,FALSE,FALSE
"ambiguous_negative","Physiology","Physiology","Calcifier","ZOO_COMMON_00296",TRUE,FALSE,FALSE,FALSE
"ambiguous_negative","Physiology","Physiology","Calcifier","ZOO_COMMON_00298",TRUE,TRUE,TRUE,TRUE
"ambiguous_negative","Physiology","Physiology","Calcifier","ZOO_COMMON_00299",TRUE,TRUE,TRUE,TRUE
"ambiguous_negative","Physiology","Physiology","Calcifier","ZOO_COMMON_00300",TRUE,FALSE,FALSE,FALSE
"ambiguous_negative","Physiology","Physiology","Calcifier","ZOO_COMMON_00314",TRUE,FALSE,FALSE,FALSE
"ambiguous_negative","Physiology","Physiology","Calcifier","ZOO_COMMON_00315",TRUE,FALSE,FALSE,FALSE
"ambiguous_negative","Physiology","Physiology","Calcifier","ZOO_COMMON_00317",TRUE,FALSE,FALSE,FALSE
"ambiguous_negative","Physiology","Physiology","Calcifier","ZOO_COMMON_00330",TRUE,FALSE,FALSE,FALSE
"ambiguous_negative","Physiology","Physiology","Calcifier","ZOO_COMMON_00331",TRUE,FALSE,FALSE,FALSE
"ambiguous_negative","Physiology","Physiology","Calcifier","ZOO_COMMON_00348",TRUE,FALSE,FALSE,FALSE
"ambiguous_negative","Physiology","Physiology","Calcifier","ZOO_COMMON_00349",FALSE,TRUE,TRUE,FALSE
"ambiguous_negative","Physiology","Physiology","Calcifier","ZOO_COMMON_00353",TRUE,FALSE,FALSE,FALSE
"ambiguous_negative","Physiology","Physiology","Calcifier","ZOO_COMMON_00360",TRUE,FALSE,FALSE,FALSE
"ambiguous_negative","Physiology","Physiology","Calcifier","ZOO_COMMON_00361",TRUE,FALSE,FALSE,FALSE
"ambiguous_negative","Physiology","Physiology","Calcifier","ZOO_COMMON_00370",TRUE,FALSE,FALSE,FALSE
"ambiguous_negative","Physiology","Physiology","Calcifier","ZOO_COMMON_00372",FALSE,TRUE,TRUE,FALSE
"ambiguous_negative","Physiology","Physiology","Calcifier","ZOO_COMMON_00415",FALSE,FALSE,TRUE,FALSE
"ambiguous_negative","Physiology","Physiology","Calcifier","ZOO_COMMON_00417",FALSE,TRUE,TRUE,FALSE
"ambiguous_negative","Physiology","Physiology","Calcifier","ZOO_COMMON_00432",FALSE,TRUE,TRUE,FALSE
"ambiguous_negative","Physiology","Physiology","Calcifier","ZOO_COMMON_00434",TRUE,FALSE,FALSE,FALSE
"ambiguous_negative","Physiology","Physiology","Calcifier","ZOO_COMMON_00446",TRUE,FALSE,FALSE,FALSE
"ambiguous_negative","Physiology","Physiology","Calcifier","ZOO_COMMON_00458",TRUE,FALSE,FALSE,FALSE
"ambiguous_negative","Physiology","Physiology","Calcifier","ZOO_COMMON_00459",FALSE,TRUE,TRUE,FALSE
"ambiguous_negative","Physiology","Physiology","Calcifier","ZOO_COMMON_00460",FALSE,TRUE,TRUE,FALSE
"ambiguous_negative","Physiology","Physiology","Calcifier","ZOO_COMMON_00490",TRUE,TRUE,TRUE,TRUE
"ambiguous_negative","Physiology","Physiology","Calcifier","ZOO_COMMON_00491",TRUE,TRUE,TRUE,TRUE
"ambiguous_negative","Physiology","Physiology","Calcifier","ZOO_COMMON_00492",TRUE,FALSE,FALSE,FALSE
"ambiguous_negative","Physiology","Physiology","Calcifier","ZOO_COMMON_00493",TRUE,FALSE,FALSE,FALSE
"ambiguous_negative","Physiology","Physiology","Calcifier","ZOO_COMMON_00498",TRUE,FALSE,FALSE,FALSE
"ambiguous_negative","Physiology","Physiology","Calcifier","ZOO_COMMON_00499",TRUE,FALSE,FALSE,FALSE
"ambiguous_negative","Physiology","Physiology","Calcifier","ZOO_COMMON_00500",TRUE,FALSE,FALSE,FALSE
"ambiguous_negative","Physiology","Physiology","Calcifier","ZOO_COMMON_00502",TRUE,FALSE,FALSE,FALSE
"ambiguous_negative","Physiology","Physiology","Calcifier","ZOO_COMMON_00503",TRUE,FALSE,FALSE,FALSE
"ambiguous_negative","Physiology","Physiology","Calcifier","ZOO_COMMON_00504",TRUE,FALSE,FALSE,FALSE
"ambiguous_negative","Physiology","Physiology","Calcifier","ZOO_COMMON_00505",TRUE,FALSE,FALSE,FALSE
"ambiguous_negative","Physiology","Physiology","Calcifier","ZOO_COMMON_00506",TRUE,FALSE,FALSE,FALSE
"ambiguous_negative","Physiology","Physiology","Calcifier","ZOO_COMMON_00507",TRUE,FALSE,FALSE,FALSE
"ambiguous_negative","Physiology","Physiology","Calcifier","ZOO_COMMON_00508",TRUE,FALSE,FALSE,FALSE
"ambiguous_negative","Physiology","Physiology","Calcifier","ZOO_COMMON_00509",TRUE,FALSE,FALSE,FALSE
"ambiguous_negative","Physiology","Physiology","Calcifier","ZOO_COMMON_00510",TRUE,FALSE,FALSE,FALSE
"ambiguous_negative","Physiology","Physiology","Calcifier","ZOO_COMMON_00511",TRUE,FALSE,FALSE,FALSE
"ambiguous_negative","Physiology","Physiology","Calcifier","ZOO_COMMON_00512",TRUE,FALSE,FALSE,FALSE
"ambiguous_negative","Physiology","Physiology","Calcifier","ZOO_COMMON_00513",TRUE,FALSE,FALSE,FALSE
"ambiguous_negative","Physiology","Physiology","Calcifier","ZOO_COMMON_00514",TRUE,FALSE,FALSE,FALSE
"ambiguous_negative","Physiology","Physiology","Calcifier","ZOO_COMMON_00515",TRUE,FALSE,FALSE,FALSE
"ambiguous_negative","Physiology","Physiology","Calcifier","ZOO_COMMON_00516",TRUE,FALSE,FALSE,FALSE
"ambiguous_negative","Physiology","Physiology","Calcifier","ZOO_COMMON_00517",TRUE,FALSE,FALSE,FALSE
"ambiguous_negative","Physiology","Physiology","Calcifier","ZOO_COMMON_00518",TRUE,FALSE,FALSE,FALSE
"ambiguous_negative","Physiology","Physiology","Calcifier","ZOO_COMMON_00519",TRUE,FALSE,FALSE,FALSE
"ambiguous_negative","Physiology","Physiology","Calcifier","ZOO_COMMON_00521",TRUE,FALSE,FALSE,FALSE
"ambiguous_negative","Physiology","Physiology","Calcifier","ZOO_COMMON_00522",TRUE,FALSE,FALSE,FALSE
"ambiguous_negative","Physiology","Physiology","Calcifier","ZOO_COMMON_00523",TRUE,FALSE,FALSE,FALSE
"ambiguous_negative","Physiology","Physiology","Calcifier","ZOO_COMMON_00524",FALSE,FALSE,TRUE,FALSE
"ambiguous_negative","Physiology","Physiology","Calcifier","ZOO_COMMON_00525",FALSE,TRUE,FALSE,FALSE
"ambiguous_negative","Physiology","Physiology","Calcifier","ZOO_COMMON_00531",TRUE,TRUE,TRUE,TRUE
"ambiguous_negative","Physiology","Physiology","Calcifier","ZOO_COMMON_00545",FALSE,TRUE,FALSE,FALSE
"ambiguous_negative","Physiology","Physiology","Calcifier","ZOO_COMMON_00559",TRUE,FALSE,FALSE,FALSE
"ambiguous_negative","Physiology","Physiology","Calcifier","ZOO_COMMON_00560",TRUE,FALSE,FALSE,FALSE
"ambiguous_negative","Physiology","Physiology","Calcifier","ZOO_COMMON_00571",TRUE,FALSE,FALSE,FALSE
"ambiguous_negative","Physiology","Physiology","Calcifier","ZOO_COMMON_00572",TRUE,FALSE,FALSE,FALSE
"ambiguous_negative","Physiology","Physiology","Calcifier","ZOO_COMMON_00606",TRUE,FALSE,FALSE,FALSE
"ambiguous_negative","Physiology","Physiology","Calcifier","ZOO_COMMON_00607",TRUE,FALSE,FALSE,FALSE
"ambiguous_negative","Physiology","Physiology","Calcifier","ZOO_COMMON_00608",TRUE,FALSE,FALSE,FALSE
"ambiguous_negative","Physiology","Physiology","Calcifier","ZOO_COMMON_00614",TRUE,TRUE,TRUE,TRUE
"ambiguous_negative","Physiology","Physiology","Calcifier","ZOO_COMMON_00618",TRUE,FALSE,FALSE,FALSE
"ambiguous_negative","Physiology","Physiology","Calcifier","ZOO_COMMON_00624",TRUE,TRUE,TRUE,TRUE
"ambiguous_negative","Physiology","Physiology","Calcifier","ZOO_COMMON_00647",FALSE,FALSE,TRUE,FALSE
"ambiguous_negative","Physiology","Physiology","Calcifier","ZOO_COMMON_00672",TRUE,FALSE,FALSE,FALSE
"ambiguous_negative","Physiology","Physiology","Calcifier","ZOO_COMMON_00673",TRUE,FALSE,FALSE,FALSE
"ambiguous_negative","Physiology","Physiology","Calcifier","ZOO_COMMON_00677",TRUE,FALSE,FALSE,FALSE
"ambiguous_negative","Physiology","Physiology","Calcifier","ZOO_COMMON_00678",TRUE,FALSE,FALSE,FALSE
"ambiguous_negative","Physiology","Physiology","Calcifier","ZOO_COMMON_00681",TRUE,FALSE,FALSE,FALSE
"ambiguous_negative","Physiology","Physiology","Calcifier","ZOO_COMMON_00684",TRUE,FALSE,FALSE,FALSE
"ambiguous_negative","Physiology","Physiology","Calcifier","ZOO_COMMON_00696",TRUE,TRUE,TRUE,TRUE
"ambiguous_negative","Physiology","Physiology","Calcifier","ZOO_COMMON_00698",TRUE,TRUE,TRUE,TRUE
"ambiguous_negative","Physiology","Physiology","Calcifier","ZOO_COMMON_00724",FALSE,TRUE,TRUE,FALSE
"ambiguous_negative","Physiology","Physiology","Calcifier","ZOO_COMMON_00725",TRUE,FALSE,FALSE,FALSE
"ambiguous_negative","Physiology","Physiology","Calcifier","ZOO_COMMON_00726",FALSE,TRUE,TRUE,FALSE
"ambiguous_negative","Physiology","Physiology","Calcifier","ZOO_COMMON_00727",TRUE,FALSE,FALSE,FALSE
"ambiguous_negative","Physiology","Physiology","Calcifier","ZOO_COMMON_00739",TRUE,FALSE,FALSE,FALSE
"ambiguous_negative","Physiology","Physiology","Calcifier","ZOO_COMMON_00746",FALSE,TRUE,TRUE,FALSE
"ambiguous_negative","Physiology","Physiology","Calcifier","ZOO_COMMON_00747",TRUE,FALSE,FALSE,FALSE
"ambiguous_negative","Physiology","Physiology","Calcifier","ZOO_COMMON_00748",TRUE,TRUE,TRUE,TRUE
"ambiguous_negative","Physiology","Physiology","Calcifier","ZOO_COMMON_00751",TRUE,TRUE,TRUE,TRUE
"ambiguous_negative","Physiology","Physiology","Calcifier","ZOO_COMMON_00760",TRUE,FALSE,FALSE,FALSE
"ambiguous_negative","Physiology","Physiology","Calcifier","ZOO_COMMON_00791",FALSE,TRUE,TRUE,FALSE
"ambiguous_negative","Physiology","Physiology","Calcifier","ZOO_COMMON_00815",TRUE,FALSE,FALSE,FALSE
"ambiguous_negative","Physiology","Physiology","Calcifier","ZOO_COMMON_00816",TRUE,FALSE,FALSE,FALSE
"ambiguous_negative","Physiology","Physiology","Calcifier","ZOO_COMMON_00829",TRUE,FALSE,FALSE,FALSE
"ambiguous_negative","Physiology","Physiology","Calcifier","ZOO_COMMON_00830",TRUE,FALSE,FALSE,FALSE
"ambiguous_negative","Physiology","Physiology","Calcifier","ZOO_COMMON_00831",TRUE,FALSE,FALSE,FALSE
"ambiguous_negative","Physiology","Physiology","Calcifier","ZOO_COMMON_00832",TRUE,FALSE,FALSE,FALSE
"ambiguous_negative","Physiology","Physiology","Calcifier","ZOO_COMMON_00833",TRUE,FALSE,FALSE,FALSE
"ambiguous_negative","Physiology","Physiology","Calcifier","ZOO_COMMON_00834",TRUE,FALSE,FALSE,FALSE
"ambiguous_negative","Physiology","Physiology","Calcifier","ZOO_COMMON_00835",TRUE,FALSE,FALSE,FALSE
"ambiguous_negative","Physiology","Physiology","Calcifier","ZOO_COMMON_00841",TRUE,FALSE,FALSE,FALSE
"ambiguous_negative","Physiology","Physiology","Calcifier","ZOO_COMMON_00843",TRUE,FALSE,FALSE,FALSE
"ambiguous_negative","Physiology","Physiology","Calcifier","ZOO_COMMON_00844",FALSE,TRUE,TRUE,FALSE
"ambiguous_negative","Physiology","Physiology","Calcifier","ZOO_COMMON_00847",TRUE,FALSE,FALSE,FALSE
"ambiguous_negative","Physiology","Physiology","Calcifier","ZOO_COMMON_00849",TRUE,FALSE,FALSE,FALSE
"ambiguous_negative","Physiology","Physiology","Calcifier","ZOO_COMMON_00850",TRUE,FALSE,FALSE,FALSE
"ambiguous_negative","Physiology","Physiology","Calcifier","ZOO_COMMON_00852",TRUE,FALSE,FALSE,FALSE
"ambiguous_negative","Physiology","Physiology","Calcifier","ZOO_COMMON_00853",TRUE,FALSE,FALSE,FALSE
"ambiguous_negative","Physiology","Physiology","Calcifier","ZOO_COMMON_00854",TRUE,FALSE,FALSE,FALSE
"ambiguous_negative","Physiology","Physiology","Calcifier","ZOO_COMMON_00856",TRUE,FALSE,FALSE,FALSE
"ambiguous_negative","Physiology","Physiology","Calcifier","ZOO_COMMON_00857",TRUE,FALSE,FALSE,FALSE
"ambiguous_negative","Physiology","Physiology","Calcifier","ZOO_COMMON_00862",TRUE,TRUE,TRUE,TRUE
"ambiguous_negative","Physiology","Physiology","Calcifier","ZOO_COMMON_00864",TRUE,TRUE,TRUE,TRUE
"ambiguous_negative","Physiology","Physiology","Calcifier","ZOO_COMMON_00880",TRUE,FALSE,FALSE,FALSE
"ambiguous_negative","Physiology","Physiology","Calcifier","ZOO_COMMON_00904",TRUE,FALSE,FALSE,FALSE
"ambiguous_negative","Physiology","Physiology","Calcifier","ZOO_COMMON_00905",TRUE,FALSE,FALSE,FALSE
"ambiguous_negative","Physiology","Physiology","Non-calcifier","ZOO_COMMON_00008",TRUE,FALSE,FALSE,FALSE
"ambiguous_negative","Physiology","Physiology","Non-calcifier","ZOO_COMMON_00010",TRUE,FALSE,FALSE,FALSE
"ambiguous_negative","Physiology","Physiology","Non-calcifier","ZOO_COMMON_00013",TRUE,FALSE,FALSE,FALSE
"ambiguous_negative","Physiology","Physiology","Non-calcifier","ZOO_COMMON_00022",TRUE,FALSE,FALSE,FALSE
"ambiguous_negative","Physiology","Physiology","Non-calcifier","ZOO_COMMON_00024",FALSE,TRUE,FALSE,FALSE
"ambiguous_negative","Physiology","Physiology","Non-calcifier","ZOO_COMMON_00026",TRUE,TRUE,TRUE,TRUE
"ambiguous_negative","Physiology","Physiology","Non-calcifier","ZOO_COMMON_00043",TRUE,TRUE,TRUE,TRUE
"ambiguous_negative","Physiology","Physiology","Non-calcifier","ZOO_COMMON_00054",TRUE,FALSE,FALSE,FALSE
"ambiguous_negative","Physiology","Physiology","Non-calcifier","ZOO_COMMON_00055",TRUE,FALSE,FALSE,FALSE
"ambiguous_negative","Physiology","Physiology","Non-calcifier","ZOO_COMMON_00056",TRUE,FALSE,FALSE,FALSE
"ambiguous_negative","Physiology","Physiology","Non-calcifier","ZOO_COMMON_00058",TRUE,TRUE,TRUE,TRUE
"ambiguous_negative","Physiology","Physiology","Non-calcifier","ZOO_COMMON_00108",TRUE,FALSE,FALSE,FALSE
"ambiguous_negative","Physiology","Physiology","Non-calcifier","ZOO_COMMON_00109",FALSE,TRUE,FALSE,FALSE
"ambiguous_negative","Physiology","Physiology","Non-calcifier","ZOO_COMMON_00110",FALSE,TRUE,FALSE,FALSE
"ambiguous_negative","Physiology","Physiology","Non-calcifier","ZOO_COMMON_00111",FALSE,TRUE,FALSE,FALSE
"ambiguous_negative","Physiology","Physiology","Non-calcifier","ZOO_COMMON_00112",FALSE,TRUE,FALSE,FALSE
"ambiguous_negative","Physiology","Physiology","Non-calcifier","ZOO_COMMON_00119",TRUE,FALSE,FALSE,FALSE
"ambiguous_negative","Physiology","Physiology","Non-calcifier","ZOO_COMMON_00126",TRUE,FALSE,FALSE,FALSE
"ambiguous_negative","Physiology","Physiology","Non-calcifier","ZOO_COMMON_00127",TRUE,FALSE,FALSE,FALSE
"ambiguous_negative","Physiology","Physiology","Non-calcifier","ZOO_COMMON_00163",FALSE,TRUE,TRUE,FALSE
"ambiguous_negative","Physiology","Physiology","Non-calcifier","ZOO_COMMON_00173",FALSE,TRUE,FALSE,FALSE
"ambiguous_negative","Physiology","Physiology","Non-calcifier","ZOO_COMMON_00174",FALSE,TRUE,FALSE,FALSE
"ambiguous_negative","Physiology","Physiology","Non-calcifier","ZOO_COMMON_00175",FALSE,TRUE,TRUE,FALSE
"ambiguous_negative","Physiology","Physiology","Non-calcifier","ZOO_COMMON_00177",TRUE,FALSE,FALSE,FALSE
"ambiguous_negative","Physiology","Physiology","Non-calcifier","ZOO_COMMON_00178",FALSE,TRUE,FALSE,FALSE
"ambiguous_negative","Physiology","Physiology","Non-calcifier","ZOO_COMMON_00181",TRUE,TRUE,TRUE,TRUE
"ambiguous_negative","Physiology","Physiology","Non-calcifier","ZOO_COMMON_00184",TRUE,TRUE,TRUE,TRUE
"ambiguous_negative","Physiology","Physiology","Non-calcifier","ZOO_COMMON_00200",TRUE,TRUE,TRUE,TRUE
"ambiguous_negative","Physiology","Physiology","Non-calcifier","ZOO_COMMON_00214",TRUE,FALSE,FALSE,FALSE
"ambiguous_negative","Physiology","Physiology","Non-calcifier","ZOO_COMMON_00216",FALSE,TRUE,TRUE,FALSE
"ambiguous_negative","Physiology","Physiology","Non-calcifier","ZOO_COMMON_00218",FALSE,TRUE,TRUE,FALSE
"ambiguous_negative","Physiology","Physiology","Non-calcifier","ZOO_COMMON_00228",FALSE,TRUE,FALSE,FALSE
"ambiguous_negative","Physiology","Physiology","Non-calcifier","ZOO_COMMON_00233",TRUE,FALSE,FALSE,FALSE
"ambiguous_negative","Physiology","Physiology","Non-calcifier","ZOO_COMMON_00243",FALSE,TRUE,FALSE,FALSE
"ambiguous_negative","Physiology","Physiology","Non-calcifier","ZOO_COMMON_00246",TRUE,TRUE,TRUE,TRUE
"ambiguous_negative","Physiology","Physiology","Non-calcifier","ZOO_COMMON_00262",TRUE,FALSE,FALSE,FALSE
"ambiguous_negative","Physiology","Physiology","Non-calcifier","ZOO_COMMON_00263",TRUE,FALSE,FALSE,FALSE
"ambiguous_negative","Physiology","Physiology","Non-calcifier","ZOO_COMMON_00264",TRUE,FALSE,FALSE,FALSE
"ambiguous_negative","Physiology","Physiology","Non-calcifier","ZOO_COMMON_00287",FALSE,TRUE,FALSE,FALSE
"ambiguous_negative","Physiology","Physiology","Non-calcifier","ZOO_COMMON_00289",TRUE,FALSE,FALSE,FALSE
"ambiguous_negative","Physiology","Physiology","Non-calcifier","ZOO_COMMON_00362",TRUE,FALSE,FALSE,FALSE
"ambiguous_negative","Physiology","Physiology","Non-calcifier","ZOO_COMMON_00384",TRUE,FALSE,FALSE,FALSE
"ambiguous_negative","Physiology","Physiology","Non-calcifier","ZOO_COMMON_00386",TRUE,FALSE,FALSE,FALSE
"ambiguous_negative","Physiology","Physiology","Non-calcifier","ZOO_COMMON_00387",TRUE,FALSE,FALSE,FALSE
"ambiguous_negative","Physiology","Physiology","Non-calcifier","ZOO_COMMON_00388",TRUE,FALSE,FALSE,FALSE
"ambiguous_negative","Physiology","Physiology","Non-calcifier","ZOO_COMMON_00389",TRUE,FALSE,FALSE,FALSE
"ambiguous_negative","Physiology","Physiology","Non-calcifier","ZOO_COMMON_00391",FALSE,TRUE,FALSE,FALSE
"ambiguous_negative","Physiology","Physiology","Non-calcifier","ZOO_COMMON_00392",FALSE,TRUE,FALSE,FALSE
"ambiguous_negative","Physiology","Physiology","Non-calcifier","ZOO_COMMON_00393",FALSE,TRUE,FALSE,FALSE
"ambiguous_negative","Physiology","Physiology","Non-calcifier","ZOO_COMMON_00395",TRUE,FALSE,FALSE,FALSE
"ambiguous_negative","Physiology","Physiology","Non-calcifier","ZOO_COMMON_00403",TRUE,TRUE,TRUE,TRUE
"ambiguous_negative","Physiology","Physiology","Non-calcifier","ZOO_COMMON_00404",FALSE,TRUE,TRUE,FALSE
"ambiguous_negative","Physiology","Physiology","Non-calcifier","ZOO_COMMON_00405",TRUE,FALSE,FALSE,FALSE
"ambiguous_negative","Physiology","Physiology","Non-calcifier","ZOO_COMMON_00443",TRUE,FALSE,FALSE,FALSE
"ambiguous_negative","Physiology","Physiology","Non-calcifier","ZOO_COMMON_00445",TRUE,FALSE,FALSE,FALSE
"ambiguous_negative","Physiology","Physiology","Non-calcifier","ZOO_COMMON_00452",TRUE,TRUE,TRUE,TRUE
"ambiguous_negative","Physiology","Physiology","Non-calcifier","ZOO_COMMON_00453",TRUE,TRUE,TRUE,TRUE
"ambiguous_negative","Physiology","Physiology","Non-calcifier","ZOO_COMMON_00454",FALSE,TRUE,FALSE,FALSE
"ambiguous_negative","Physiology","Physiology","Non-calcifier","ZOO_COMMON_00469",TRUE,TRUE,TRUE,TRUE
"ambiguous_negative","Physiology","Physiology","Non-calcifier","ZOO_COMMON_00470",TRUE,TRUE,TRUE,TRUE
"ambiguous_negative","Physiology","Physiology","Non-calcifier","ZOO_COMMON_00480",FALSE,TRUE,FALSE,FALSE
"ambiguous_negative","Physiology","Physiology","Non-calcifier","ZOO_COMMON_00486",TRUE,FALSE,FALSE,FALSE
"ambiguous_negative","Physiology","Physiology","Non-calcifier","ZOO_COMMON_00494",TRUE,FALSE,FALSE,FALSE
"ambiguous_negative","Physiology","Physiology","Non-calcifier","ZOO_COMMON_00495",TRUE,FALSE,FALSE,FALSE
"ambiguous_negative","Physiology","Physiology","Non-calcifier","ZOO_COMMON_00496",TRUE,FALSE,FALSE,FALSE
"ambiguous_negative","Physiology","Physiology","Non-calcifier","ZOO_COMMON_00497",TRUE,FALSE,FALSE,FALSE
"ambiguous_negative","Physiology","Physiology","Non-calcifier","ZOO_COMMON_00535",FALSE,TRUE,FALSE,FALSE
"ambiguous_negative","Physiology","Physiology","Non-calcifier","ZOO_COMMON_00548",TRUE,FALSE,FALSE,FALSE
"ambiguous_negative","Physiology","Physiology","Non-calcifier","ZOO_COMMON_00549",TRUE,FALSE,FALSE,FALSE
"ambiguous_negative","Physiology","Physiology","Non-calcifier","ZOO_COMMON_00551",TRUE,FALSE,FALSE,FALSE
"ambiguous_negative","Physiology","Physiology","Non-calcifier","ZOO_COMMON_00553",TRUE,FALSE,FALSE,FALSE
"ambiguous_negative","Physiology","Physiology","Non-calcifier","ZOO_COMMON_00554",TRUE,FALSE,FALSE,FALSE
"ambiguous_negative","Physiology","Physiology","Non-calcifier","ZOO_COMMON_00578",TRUE,FALSE,FALSE,FALSE
"ambiguous_negative","Physiology","Physiology","Non-calcifier","ZOO_COMMON_00589",TRUE,FALSE,FALSE,FALSE
"ambiguous_negative","Physiology","Physiology","Non-calcifier","ZOO_COMMON_00593",TRUE,FALSE,FALSE,FALSE
"ambiguous_negative","Physiology","Physiology","Non-calcifier","ZOO_COMMON_00613",TRUE,FALSE,FALSE,FALSE
"ambiguous_negative","Physiology","Physiology","Non-calcifier","ZOO_COMMON_00658",TRUE,TRUE,TRUE,TRUE
"ambiguous_negative","Physiology","Physiology","Non-calcifier","ZOO_COMMON_00660",TRUE,TRUE,TRUE,TRUE
"ambiguous_negative","Physiology","Physiology","Non-calcifier","ZOO_COMMON_00662",TRUE,TRUE,TRUE,TRUE
"ambiguous_negative","Physiology","Physiology","Non-calcifier","ZOO_COMMON_00663",TRUE,TRUE,TRUE,TRUE
"ambiguous_negative","Physiology","Physiology","Non-calcifier","ZOO_COMMON_00664",TRUE,TRUE,TRUE,TRUE
"ambiguous_negative","Physiology","Physiology","Non-calcifier","ZOO_COMMON_00665",TRUE,TRUE,TRUE,TRUE
"ambiguous_negative","Physiology","Physiology","Non-calcifier","ZOO_COMMON_00666",TRUE,TRUE,TRUE,TRUE
"ambiguous_negative","Physiology","Physiology","Non-calcifier","ZOO_COMMON_00667",TRUE,TRUE,TRUE,TRUE
"ambiguous_negative","Physiology","Physiology","Non-calcifier","ZOO_COMMON_00669",TRUE,TRUE,TRUE,TRUE
"ambiguous_negative","Physiology","Physiology","Non-calcifier","ZOO_COMMON_00674",TRUE,TRUE,TRUE,TRUE
"ambiguous_negative","Physiology","Physiology","Non-calcifier","ZOO_COMMON_00683",TRUE,FALSE,FALSE,FALSE
"ambiguous_negative","Physiology","Physiology","Non-calcifier","ZOO_COMMON_00688",TRUE,TRUE,TRUE,TRUE
"ambiguous_negative","Physiology","Physiology","Non-calcifier","ZOO_COMMON_00690",TRUE,FALSE,FALSE,FALSE
"ambiguous_negative","Physiology","Physiology","Non-calcifier","ZOO_COMMON_00691",TRUE,TRUE,TRUE,TRUE
"ambiguous_negative","Physiology","Physiology","Non-calcifier","ZOO_COMMON_00693",TRUE,TRUE,TRUE,TRUE
"ambiguous_negative","Physiology","Physiology","Non-calcifier","ZOO_COMMON_00694",TRUE,FALSE,FALSE,FALSE
"ambiguous_negative","Physiology","Physiology","Non-calcifier","ZOO_COMMON_00695",FALSE,TRUE,TRUE,FALSE
"ambiguous_negative","Physiology","Physiology","Non-calcifier","ZOO_COMMON_00699",TRUE,FALSE,FALSE,FALSE
"ambiguous_negative","Physiology","Physiology","Non-calcifier","ZOO_COMMON_00701",FALSE,TRUE,TRUE,FALSE
"ambiguous_negative","Physiology","Physiology","Non-calcifier","ZOO_COMMON_00704",TRUE,FALSE,FALSE,FALSE
"ambiguous_negative","Physiology","Physiology","Non-calcifier","ZOO_COMMON_00705",TRUE,FALSE,FALSE,FALSE
"ambiguous_negative","Physiology","Physiology","Non-calcifier","ZOO_COMMON_00713",TRUE,FALSE,FALSE,FALSE
"ambiguous_negative","Physiology","Physiology","Non-calcifier","ZOO_COMMON_00721",FALSE,TRUE,FALSE,FALSE
"ambiguous_negative","Physiology","Physiology","Non-calcifier","ZOO_COMMON_00722",TRUE,FALSE,FALSE,FALSE
"ambiguous_negative","Physiology","Physiology","Non-calcifier","ZOO_COMMON_00723",FALSE,TRUE,FALSE,FALSE
"ambiguous_negative","Physiology","Physiology","Non-calcifier","ZOO_COMMON_00728",TRUE,FALSE,FALSE,FALSE
"ambiguous_negative","Physiology","Physiology","Non-calcifier","ZOO_COMMON_00729",TRUE,FALSE,FALSE,FALSE
"ambiguous_negative","Physiology","Physiology","Non-calcifier","ZOO_COMMON_00762",FALSE,TRUE,FALSE,FALSE
"ambiguous_negative","Physiology","Physiology","Non-calcifier","ZOO_COMMON_00796",TRUE,FALSE,FALSE,FALSE
"ambiguous_negative","Physiology","Physiology","Non-calcifier","ZOO_COMMON_00797",TRUE,FALSE,FALSE,FALSE
"ambiguous_negative","Physiology","Physiology","Non-calcifier","ZOO_COMMON_00798",TRUE,FALSE,FALSE,FALSE
"ambiguous_negative","Physiology","Physiology","Non-calcifier","ZOO_COMMON_00799",TRUE,FALSE,FALSE,FALSE
"ambiguous_negative","Physiology","Physiology","Non-calcifier","ZOO_COMMON_00800",TRUE,FALSE,FALSE,FALSE
"ambiguous_negative","Physiology","Physiology","Non-calcifier","ZOO_COMMON_00801",TRUE,FALSE,FALSE,FALSE
"ambiguous_negative","Physiology","Physiology","Non-calcifier","ZOO_COMMON_00805",TRUE,FALSE,FALSE,FALSE
"ambiguous_negative","Physiology","Physiology","Non-calcifier","ZOO_COMMON_00814",FALSE,TRUE,FALSE,FALSE
"ambiguous_negative","Physiology","Physiology","Non-calcifier","ZOO_COMMON_00827",FALSE,TRUE,FALSE,FALSE
"ambiguous_negative","Physiology","Physiology","Non-calcifier","ZOO_COMMON_00858",TRUE,TRUE,TRUE,TRUE
"ambiguous_negative","Physiology","Physiology","Non-calcifier","ZOO_COMMON_00860",TRUE,FALSE,FALSE,FALSE
"ambiguous_negative","Physiology","Physiology","Non-calcifier","ZOO_COMMON_00861",FALSE,TRUE,TRUE,FALSE
"ambiguous_negative","Physiology","Physiology","Non-calcifier","ZOO_COMMON_00865",FALSE,TRUE,TRUE,FALSE
"ambiguous_negative","Physiology","Physiology","Non-calcifier","ZOO_COMMON_00866",TRUE,FALSE,FALSE,FALSE
"ambiguous_negative","Physiology","Physiology","Non-calcifier","ZOO_COMMON_00884",TRUE,FALSE,FALSE,FALSE
"ambiguous_negative","Physiology","Physiology","Non-calcifier","ZOO_COMMON_00885",TRUE,FALSE,FALSE,FALSE
"ambiguous_negative","Physiology","Physiology","Non-calcifier","ZOO_COMMON_00886",TRUE,FALSE,FALSE,FALSE
"ambiguous_negative","Physiology","Physiology","Non-calcifier","ZOO_COMMON_00887",TRUE,FALSE,FALSE,FALSE
"ambiguous_negative","Physiology","Physiology","Non-calcifier","ZOO_COMMON_00911",TRUE,FALSE,FALSE,FALSE
"ambiguous_negative","Physiology","Physiology","Non-calcifier","ZOO_COMMON_00913",TRUE,FALSE,FALSE,FALSE
"ambiguous_negative","Reproduction","Reproduction","Calcifier","ZOO_COMMON_00034",TRUE,TRUE,TRUE,TRUE
"ambiguous_negative","Reproduction","Reproduction","Calcifier","ZOO_COMMON_00036",TRUE,TRUE,TRUE,TRUE
"ambiguous_negative","Reproduction","Reproduction","Calcifier","ZOO_COMMON_00047",TRUE,FALSE,FALSE,FALSE
"ambiguous_negative","Reproduction","Reproduction","Calcifier","ZOO_COMMON_00059",FALSE,TRUE,FALSE,FALSE
"ambiguous_negative","Reproduction","Reproduction","Calcifier","ZOO_COMMON_00060",FALSE,TRUE,FALSE,FALSE
"ambiguous_negative","Reproduction","Reproduction","Calcifier","ZOO_COMMON_00061",TRUE,FALSE,FALSE,FALSE
"ambiguous_negative","Reproduction","Reproduction","Calcifier","ZOO_COMMON_00062",TRUE,FALSE,FALSE,FALSE
"ambiguous_negative","Reproduction","Reproduction","Calcifier","ZOO_COMMON_00070",TRUE,TRUE,TRUE,TRUE
"ambiguous_negative","Reproduction","Reproduction","Calcifier","ZOO_COMMON_00073",TRUE,TRUE,TRUE,TRUE
"ambiguous_negative","Reproduction","Reproduction","Calcifier","ZOO_COMMON_00078",TRUE,TRUE,TRUE,TRUE
"ambiguous_negative","Reproduction","Reproduction","Calcifier","ZOO_COMMON_00079",TRUE,TRUE,TRUE,TRUE
"ambiguous_negative","Reproduction","Reproduction","Calcifier","ZOO_COMMON_00080",TRUE,TRUE,TRUE,TRUE
"ambiguous_negative","Reproduction","Reproduction","Calcifier","ZOO_COMMON_00081",TRUE,TRUE,TRUE,TRUE
"ambiguous_negative","Reproduction","Reproduction","Calcifier","ZOO_COMMON_00082",TRUE,TRUE,TRUE,TRUE
"ambiguous_negative","Reproduction","Reproduction","Calcifier","ZOO_COMMON_00083",TRUE,TRUE,TRUE,TRUE
"ambiguous_negative","Reproduction","Reproduction","Calcifier","ZOO_COMMON_00084",TRUE,TRUE,TRUE,TRUE
"ambiguous_negative","Reproduction","Reproduction","Calcifier","ZOO_COMMON_00087",TRUE,FALSE,TRUE,FALSE
"ambiguous_negative","Reproduction","Reproduction","Calcifier","ZOO_COMMON_00088",FALSE,TRUE,FALSE,FALSE
"ambiguous_negative","Reproduction","Reproduction","Calcifier","ZOO_COMMON_00098",FALSE,TRUE,FALSE,FALSE
"ambiguous_negative","Reproduction","Reproduction","Calcifier","ZOO_COMMON_00155",TRUE,FALSE,FALSE,FALSE
"ambiguous_negative","Reproduction","Reproduction","Calcifier","ZOO_COMMON_00227",TRUE,FALSE,FALSE,FALSE
"ambiguous_negative","Reproduction","Reproduction","Calcifier","ZOO_COMMON_00229",TRUE,FALSE,FALSE,FALSE
"ambiguous_negative","Reproduction","Reproduction","Calcifier","ZOO_COMMON_00230",TRUE,FALSE,FALSE,FALSE
"ambiguous_negative","Reproduction","Reproduction","Calcifier","ZOO_COMMON_00231",TRUE,FALSE,FALSE,FALSE
"ambiguous_negative","Reproduction","Reproduction","Calcifier","ZOO_COMMON_00232",TRUE,FALSE,FALSE,FALSE
"ambiguous_negative","Reproduction","Reproduction","Calcifier","ZOO_COMMON_00236",TRUE,TRUE,TRUE,TRUE
"ambiguous_negative","Reproduction","Reproduction","Calcifier","ZOO_COMMON_00238",TRUE,FALSE,FALSE,FALSE
"ambiguous_negative","Reproduction","Reproduction","Calcifier","ZOO_COMMON_00240",TRUE,FALSE,FALSE,FALSE
"ambiguous_negative","Reproduction","Reproduction","Calcifier","ZOO_COMMON_00241",TRUE,FALSE,FALSE,FALSE
"ambiguous_negative","Reproduction","Reproduction","Calcifier","ZOO_COMMON_00242",TRUE,FALSE,FALSE,FALSE
"ambiguous_negative","Reproduction","Reproduction","Calcifier","ZOO_COMMON_00252",TRUE,FALSE,FALSE,FALSE
"ambiguous_negative","Reproduction","Reproduction","Calcifier","ZOO_COMMON_00266",TRUE,FALSE,FALSE,FALSE
"ambiguous_negative","Reproduction","Reproduction","Calcifier","ZOO_COMMON_00267",FALSE,TRUE,TRUE,FALSE
"ambiguous_negative","Reproduction","Reproduction","Calcifier","ZOO_COMMON_00268",TRUE,FALSE,FALSE,FALSE
"ambiguous_negative","Reproduction","Reproduction","Calcifier","ZOO_COMMON_00269",FALSE,TRUE,TRUE,FALSE
"ambiguous_negative","Reproduction","Reproduction","Calcifier","ZOO_COMMON_00270",TRUE,FALSE,FALSE,FALSE
"ambiguous_negative","Reproduction","Reproduction","Calcifier","ZOO_COMMON_00271",FALSE,TRUE,TRUE,FALSE
"ambiguous_negative","Reproduction","Reproduction","Calcifier","ZOO_COMMON_00272",TRUE,FALSE,FALSE,FALSE
"ambiguous_negative","Reproduction","Reproduction","Calcifier","ZOO_COMMON_00273",FALSE,TRUE,TRUE,FALSE
"ambiguous_negative","Reproduction","Reproduction","Calcifier","ZOO_COMMON_00274",TRUE,FALSE,FALSE,FALSE
"ambiguous_negative","Reproduction","Reproduction","Calcifier","ZOO_COMMON_00278",TRUE,TRUE,TRUE,TRUE
"ambiguous_negative","Reproduction","Reproduction","Calcifier","ZOO_COMMON_00279",TRUE,TRUE,TRUE,TRUE
"ambiguous_negative","Reproduction","Reproduction","Calcifier","ZOO_COMMON_00280",TRUE,TRUE,TRUE,TRUE
"ambiguous_negative","Reproduction","Reproduction","Calcifier","ZOO_COMMON_00281",TRUE,TRUE,TRUE,TRUE
"ambiguous_negative","Reproduction","Reproduction","Calcifier","ZOO_COMMON_00296",TRUE,FALSE,FALSE,FALSE
"ambiguous_negative","Reproduction","Reproduction","Calcifier","ZOO_COMMON_00297",TRUE,TRUE,TRUE,TRUE
"ambiguous_negative","Reproduction","Reproduction","Calcifier","ZOO_COMMON_00317",TRUE,FALSE,FALSE,FALSE
"ambiguous_negative","Reproduction","Reproduction","Calcifier","ZOO_COMMON_00318",TRUE,FALSE,FALSE,FALSE
"ambiguous_negative","Reproduction","Reproduction","Calcifier","ZOO_COMMON_00320",TRUE,FALSE,FALSE,FALSE
"ambiguous_negative","Reproduction","Reproduction","Calcifier","ZOO_COMMON_00321",TRUE,FALSE,FALSE,FALSE
"ambiguous_negative","Reproduction","Reproduction","Calcifier","ZOO_COMMON_00322",TRUE,FALSE,FALSE,FALSE
"ambiguous_negative","Reproduction","Reproduction","Calcifier","ZOO_COMMON_00325",TRUE,FALSE,FALSE,FALSE
"ambiguous_negative","Reproduction","Reproduction","Calcifier","ZOO_COMMON_00332",TRUE,FALSE,FALSE,FALSE
"ambiguous_negative","Reproduction","Reproduction","Calcifier","ZOO_COMMON_00333",TRUE,FALSE,FALSE,FALSE
"ambiguous_negative","Reproduction","Reproduction","Calcifier","ZOO_COMMON_00334",TRUE,FALSE,FALSE,FALSE
"ambiguous_negative","Reproduction","Reproduction","Calcifier","ZOO_COMMON_00335",TRUE,FALSE,FALSE,FALSE
"ambiguous_negative","Reproduction","Reproduction","Calcifier","ZOO_COMMON_00336",TRUE,FALSE,FALSE,FALSE
"ambiguous_negative","Reproduction","Reproduction","Calcifier","ZOO_COMMON_00337",TRUE,FALSE,FALSE,FALSE
"ambiguous_negative","Reproduction","Reproduction","Calcifier","ZOO_COMMON_00338",TRUE,FALSE,FALSE,FALSE
"ambiguous_negative","Reproduction","Reproduction","Calcifier","ZOO_COMMON_00350",TRUE,FALSE,FALSE,FALSE
"ambiguous_negative","Reproduction","Reproduction","Calcifier","ZOO_COMMON_00351",TRUE,FALSE,FALSE,FALSE
"ambiguous_negative","Reproduction","Reproduction","Calcifier","ZOO_COMMON_00358",TRUE,FALSE,FALSE,FALSE
"ambiguous_negative","Reproduction","Reproduction","Calcifier","ZOO_COMMON_00359",TRUE,FALSE,FALSE,FALSE
"ambiguous_negative","Reproduction","Reproduction","Calcifier","ZOO_COMMON_00365",TRUE,FALSE,FALSE,FALSE
"ambiguous_negative","Reproduction","Reproduction","Calcifier","ZOO_COMMON_00366",FALSE,FALSE,TRUE,FALSE
"ambiguous_negative","Reproduction","Reproduction","Calcifier","ZOO_COMMON_00367",FALSE,TRUE,FALSE,FALSE
"ambiguous_negative","Reproduction","Reproduction","Calcifier","ZOO_COMMON_00373",TRUE,FALSE,FALSE,FALSE
"ambiguous_negative","Reproduction","Reproduction","Calcifier","ZOO_COMMON_00376",FALSE,TRUE,FALSE,FALSE
"ambiguous_negative","Reproduction","Reproduction","Calcifier","ZOO_COMMON_00377",FALSE,TRUE,FALSE,FALSE
"ambiguous_negative","Reproduction","Reproduction","Calcifier","ZOO_COMMON_00378",FALSE,TRUE,FALSE,FALSE
"ambiguous_negative","Reproduction","Reproduction","Calcifier","ZOO_COMMON_00379",TRUE,FALSE,FALSE,FALSE
"ambiguous_negative","Reproduction","Reproduction","Calcifier","ZOO_COMMON_00380",TRUE,FALSE,FALSE,FALSE
"ambiguous_negative","Reproduction","Reproduction","Calcifier","ZOO_COMMON_00383",TRUE,FALSE,FALSE,FALSE
"ambiguous_negative","Reproduction","Reproduction","Calcifier","ZOO_COMMON_00407",FALSE,TRUE,FALSE,FALSE
"ambiguous_negative","Reproduction","Reproduction","Calcifier","ZOO_COMMON_00413",TRUE,FALSE,FALSE,FALSE
"ambiguous_negative","Reproduction","Reproduction","Calcifier","ZOO_COMMON_00414",TRUE,FALSE,FALSE,FALSE
"ambiguous_negative","Reproduction","Reproduction","Calcifier","ZOO_COMMON_00415",TRUE,TRUE,TRUE,TRUE
"ambiguous_negative","Reproduction","Reproduction","Calcifier","ZOO_COMMON_00416",TRUE,FALSE,FALSE,FALSE
"ambiguous_negative","Reproduction","Reproduction","Calcifier","ZOO_COMMON_00417",TRUE,TRUE,TRUE,TRUE
"ambiguous_negative","Reproduction","Reproduction","Calcifier","ZOO_COMMON_00420",FALSE,TRUE,FALSE,FALSE
"ambiguous_negative","Reproduction","Reproduction","Calcifier","ZOO_COMMON_00425",TRUE,FALSE,FALSE,FALSE
"ambiguous_negative","Reproduction","Reproduction","Calcifier","ZOO_COMMON_00426",TRUE,FALSE,FALSE,FALSE
"ambiguous_negative","Reproduction","Reproduction","Calcifier","ZOO_COMMON_00436",TRUE,FALSE,FALSE,FALSE
"ambiguous_negative","Reproduction","Reproduction","Calcifier","ZOO_COMMON_00437",TRUE,FALSE,FALSE,FALSE
"ambiguous_negative","Reproduction","Reproduction","Calcifier","ZOO_COMMON_00439",TRUE,FALSE,FALSE,FALSE
"ambiguous_negative","Reproduction","Reproduction","Calcifier","ZOO_COMMON_00440",TRUE,FALSE,FALSE,FALSE
"ambiguous_negative","Reproduction","Reproduction","Calcifier","ZOO_COMMON_00441",TRUE,FALSE,FALSE,FALSE
"ambiguous_negative","Reproduction","Reproduction","Calcifier","ZOO_COMMON_00442",TRUE,FALSE,FALSE,FALSE
"ambiguous_negative","Reproduction","Reproduction","Calcifier","ZOO_COMMON_00456",FALSE,TRUE,FALSE,FALSE
"ambiguous_negative","Reproduction","Reproduction","Calcifier","ZOO_COMMON_00466",TRUE,FALSE,FALSE,FALSE
"ambiguous_negative","Reproduction","Reproduction","Calcifier","ZOO_COMMON_00468",FALSE,TRUE,TRUE,FALSE
"ambiguous_negative","Reproduction","Reproduction","Calcifier","ZOO_COMMON_00483",TRUE,FALSE,FALSE,FALSE
"ambiguous_negative","Reproduction","Reproduction","Calcifier","ZOO_COMMON_00488",FALSE,TRUE,FALSE,FALSE
"ambiguous_negative","Reproduction","Reproduction","Calcifier","ZOO_COMMON_00520",TRUE,FALSE,FALSE,FALSE
"ambiguous_negative","Reproduction","Reproduction","Calcifier","ZOO_COMMON_00528",TRUE,FALSE,FALSE,FALSE
"ambiguous_negative","Reproduction","Reproduction","Calcifier","ZOO_COMMON_00566",TRUE,FALSE,FALSE,FALSE
"ambiguous_negative","Reproduction","Reproduction","Calcifier","ZOO_COMMON_00580",FALSE,FALSE,TRUE,FALSE
"ambiguous_negative","Reproduction","Reproduction","Calcifier","ZOO_COMMON_00582",FALSE,TRUE,FALSE,FALSE
"ambiguous_negative","Reproduction","Reproduction","Calcifier","ZOO_COMMON_00584",FALSE,TRUE,FALSE,FALSE
"ambiguous_negative","Reproduction","Reproduction","Calcifier","ZOO_COMMON_00592",TRUE,FALSE,FALSE,FALSE
"ambiguous_negative","Reproduction","Reproduction","Calcifier","ZOO_COMMON_00625",FALSE,FALSE,TRUE,FALSE
"ambiguous_negative","Reproduction","Reproduction","Calcifier","ZOO_COMMON_00627",TRUE,FALSE,FALSE,FALSE
"ambiguous_negative","Reproduction","Reproduction","Calcifier","ZOO_COMMON_00629",FALSE,TRUE,FALSE,FALSE
"ambiguous_negative","Reproduction","Reproduction","Calcifier","ZOO_COMMON_00631",TRUE,TRUE,TRUE,TRUE
"ambiguous_negative","Reproduction","Reproduction","Calcifier","ZOO_COMMON_00632",TRUE,TRUE,TRUE,TRUE
"ambiguous_negative","Reproduction","Reproduction","Calcifier","ZOO_COMMON_00646",TRUE,FALSE,FALSE,FALSE
"ambiguous_negative","Reproduction","Reproduction","Calcifier","ZOO_COMMON_00648",TRUE,TRUE,TRUE,TRUE
"ambiguous_negative","Reproduction","Reproduction","Calcifier","ZOO_COMMON_00650",TRUE,TRUE,TRUE,TRUE
"ambiguous_negative","Reproduction","Reproduction","Calcifier","ZOO_COMMON_00651",TRUE,TRUE,TRUE,TRUE
"ambiguous_negative","Reproduction","Reproduction","Calcifier","ZOO_COMMON_00653",TRUE,FALSE,FALSE,FALSE
"ambiguous_negative","Reproduction","Reproduction","Calcifier","ZOO_COMMON_00656",TRUE,TRUE,TRUE,TRUE
"ambiguous_negative","Reproduction","Reproduction","Calcifier","ZOO_COMMON_00680",FALSE,TRUE,FALSE,FALSE
"ambiguous_negative","Reproduction","Reproduction","Calcifier","ZOO_COMMON_00706",FALSE,TRUE,FALSE,FALSE
"ambiguous_negative","Reproduction","Reproduction","Calcifier","ZOO_COMMON_00709",FALSE,TRUE,FALSE,FALSE
"ambiguous_negative","Reproduction","Reproduction","Calcifier","ZOO_COMMON_00711",FALSE,TRUE,FALSE,FALSE
"ambiguous_negative","Reproduction","Reproduction","Calcifier","ZOO_COMMON_00712",FALSE,TRUE,FALSE,FALSE
"ambiguous_negative","Reproduction","Reproduction","Calcifier","ZOO_COMMON_00720",TRUE,FALSE,FALSE,FALSE
"ambiguous_negative","Reproduction","Reproduction","Calcifier","ZOO_COMMON_00743",TRUE,FALSE,FALSE,FALSE
"ambiguous_negative","Reproduction","Reproduction","Calcifier","ZOO_COMMON_00744",TRUE,FALSE,FALSE,FALSE
"ambiguous_negative","Reproduction","Reproduction","Calcifier","ZOO_COMMON_00763",TRUE,FALSE,FALSE,FALSE
"ambiguous_negative","Reproduction","Reproduction","Calcifier","ZOO_COMMON_00764",TRUE,FALSE,FALSE,FALSE
"ambiguous_negative","Reproduction","Reproduction","Calcifier","ZOO_COMMON_00767",TRUE,FALSE,FALSE,FALSE
"ambiguous_negative","Reproduction","Reproduction","Calcifier","ZOO_COMMON_00768",TRUE,FALSE,FALSE,FALSE
"ambiguous_negative","Reproduction","Reproduction","Calcifier","ZOO_COMMON_00769",TRUE,FALSE,FALSE,FALSE
"ambiguous_negative","Reproduction","Reproduction","Calcifier","ZOO_COMMON_00776",TRUE,FALSE,FALSE,FALSE
"ambiguous_negative","Reproduction","Reproduction","Calcifier","ZOO_COMMON_00777",TRUE,FALSE,FALSE,FALSE
"ambiguous_negative","Reproduction","Reproduction","Calcifier","ZOO_COMMON_00780",TRUE,FALSE,FALSE,FALSE
"ambiguous_negative","Reproduction","Reproduction","Calcifier","ZOO_COMMON_00783",TRUE,FALSE,FALSE,FALSE
"ambiguous_negative","Reproduction","Reproduction","Calcifier","ZOO_COMMON_00786",TRUE,FALSE,FALSE,FALSE
"ambiguous_negative","Reproduction","Reproduction","Calcifier","ZOO_COMMON_00817",TRUE,FALSE,FALSE,FALSE
"ambiguous_negative","Reproduction","Reproduction","Calcifier","ZOO_COMMON_00819",TRUE,FALSE,FALSE,FALSE
"ambiguous_negative","Reproduction","Reproduction","Calcifier","ZOO_COMMON_00821",TRUE,TRUE,TRUE,TRUE
"ambiguous_negative","Reproduction","Reproduction","Calcifier","ZOO_COMMON_00822",TRUE,FALSE,TRUE,FALSE
"ambiguous_negative","Reproduction","Reproduction","Calcifier","ZOO_COMMON_00823",TRUE,FALSE,TRUE,FALSE
"ambiguous_negative","Reproduction","Reproduction","Calcifier","ZOO_COMMON_00824",TRUE,FALSE,FALSE,FALSE
"ambiguous_negative","Reproduction","Reproduction","Calcifier","ZOO_COMMON_00825",TRUE,FALSE,FALSE,FALSE
"ambiguous_negative","Reproduction","Reproduction","Calcifier","ZOO_COMMON_00867",TRUE,FALSE,FALSE,FALSE
"ambiguous_negative","Reproduction","Reproduction","Calcifier","ZOO_COMMON_00868",TRUE,FALSE,FALSE,FALSE
"ambiguous_negative","Reproduction","Reproduction","Calcifier","ZOO_COMMON_00892",TRUE,FALSE,FALSE,FALSE
"ambiguous_negative","Reproduction","Reproduction","Calcifier","ZOO_COMMON_00896",TRUE,FALSE,FALSE,FALSE
"ambiguous_negative","Reproduction","Reproduction","Calcifier","ZOO_COMMON_00897",TRUE,FALSE,FALSE,FALSE
"ambiguous_negative","Reproduction","Reproduction","Calcifier","ZOO_COMMON_00898",TRUE,FALSE,FALSE,FALSE
"ambiguous_negative","Reproduction","Reproduction","Calcifier","ZOO_COMMON_00899",TRUE,FALSE,FALSE,FALSE
"ambiguous_negative","Reproduction","Reproduction","Calcifier","ZOO_COMMON_00906",TRUE,FALSE,FALSE,FALSE
"ambiguous_negative","Reproduction","Reproduction","Calcifier","ZOO_COMMON_00909",TRUE,FALSE,FALSE,FALSE
"ambiguous_negative","Reproduction","Reproduction","Non-calcifier","ZOO_COMMON_00009",TRUE,FALSE,FALSE,FALSE
"ambiguous_negative","Reproduction","Reproduction","Non-calcifier","ZOO_COMMON_00011",TRUE,FALSE,FALSE,FALSE
"ambiguous_negative","Reproduction","Reproduction","Non-calcifier","ZOO_COMMON_00012",TRUE,FALSE,FALSE,FALSE
"ambiguous_negative","Reproduction","Reproduction","Non-calcifier","ZOO_COMMON_00014",TRUE,TRUE,TRUE,TRUE
"ambiguous_negative","Reproduction","Reproduction","Non-calcifier","ZOO_COMMON_00015",TRUE,FALSE,FALSE,FALSE
"ambiguous_negative","Reproduction","Reproduction","Non-calcifier","ZOO_COMMON_00016",TRUE,FALSE,FALSE,FALSE
"ambiguous_negative","Reproduction","Reproduction","Non-calcifier","ZOO_COMMON_00017",TRUE,FALSE,FALSE,FALSE
"ambiguous_negative","Reproduction","Reproduction","Non-calcifier","ZOO_COMMON_00018",TRUE,FALSE,FALSE,FALSE
"ambiguous_negative","Reproduction","Reproduction","Non-calcifier","ZOO_COMMON_00022",TRUE,FALSE,FALSE,FALSE
"ambiguous_negative","Reproduction","Reproduction","Non-calcifier","ZOO_COMMON_00025",TRUE,FALSE,FALSE,FALSE
"ambiguous_negative","Reproduction","Reproduction","Non-calcifier","ZOO_COMMON_00026",TRUE,TRUE,TRUE,TRUE
"ambiguous_negative","Reproduction","Reproduction","Non-calcifier","ZOO_COMMON_00063",TRUE,FALSE,FALSE,FALSE
"ambiguous_negative","Reproduction","Reproduction","Non-calcifier","ZOO_COMMON_00068",FALSE,TRUE,FALSE,FALSE
"ambiguous_negative","Reproduction","Reproduction","Non-calcifier","ZOO_COMMON_00069",FALSE,TRUE,FALSE,FALSE
"ambiguous_negative","Reproduction","Reproduction","Non-calcifier","ZOO_COMMON_00102",TRUE,FALSE,FALSE,FALSE
"ambiguous_negative","Reproduction","Reproduction","Non-calcifier","ZOO_COMMON_00104",TRUE,FALSE,FALSE,FALSE
"ambiguous_negative","Reproduction","Reproduction","Non-calcifier","ZOO_COMMON_00105",TRUE,FALSE,FALSE,FALSE
"ambiguous_negative","Reproduction","Reproduction","Non-calcifier","ZOO_COMMON_00106",TRUE,FALSE,FALSE,FALSE
"ambiguous_negative","Reproduction","Reproduction","Non-calcifier","ZOO_COMMON_00118",TRUE,FALSE,FALSE,FALSE
"ambiguous_negative","Reproduction","Reproduction","Non-calcifier","ZOO_COMMON_00131",FALSE,TRUE,FALSE,FALSE
"ambiguous_negative","Reproduction","Reproduction","Non-calcifier","ZOO_COMMON_00132",FALSE,TRUE,FALSE,FALSE
"ambiguous_negative","Reproduction","Reproduction","Non-calcifier","ZOO_COMMON_00133",FALSE,TRUE,FALSE,FALSE
"ambiguous_negative","Reproduction","Reproduction","Non-calcifier","ZOO_COMMON_00134",FALSE,TRUE,FALSE,FALSE
"ambiguous_negative","Reproduction","Reproduction","Non-calcifier","ZOO_COMMON_00135",TRUE,TRUE,TRUE,TRUE
"ambiguous_negative","Reproduction","Reproduction","Non-calcifier","ZOO_COMMON_00139",TRUE,TRUE,TRUE,TRUE
"ambiguous_negative","Reproduction","Reproduction","Non-calcifier","ZOO_COMMON_00140",TRUE,FALSE,FALSE,FALSE
"ambiguous_negative","Reproduction","Reproduction","Non-calcifier","ZOO_COMMON_00164",TRUE,FALSE,FALSE,FALSE
"ambiguous_negative","Reproduction","Reproduction","Non-calcifier","ZOO_COMMON_00165",TRUE,FALSE,FALSE,FALSE
"ambiguous_negative","Reproduction","Reproduction","Non-calcifier","ZOO_COMMON_00166",TRUE,FALSE,FALSE,FALSE
"ambiguous_negative","Reproduction","Reproduction","Non-calcifier","ZOO_COMMON_00170",TRUE,FALSE,FALSE,FALSE
"ambiguous_negative","Reproduction","Reproduction","Non-calcifier","ZOO_COMMON_00172",TRUE,FALSE,FALSE,FALSE
"ambiguous_negative","Reproduction","Reproduction","Non-calcifier","ZOO_COMMON_00180",TRUE,FALSE,FALSE,FALSE
"ambiguous_negative","Reproduction","Reproduction","Non-calcifier","ZOO_COMMON_00182",TRUE,TRUE,TRUE,TRUE
"ambiguous_negative","Reproduction","Reproduction","Non-calcifier","ZOO_COMMON_00185",TRUE,FALSE,FALSE,FALSE
"ambiguous_negative","Reproduction","Reproduction","Non-calcifier","ZOO_COMMON_00190",FALSE,TRUE,FALSE,FALSE
"ambiguous_negative","Reproduction","Reproduction","Non-calcifier","ZOO_COMMON_00191",FALSE,TRUE,FALSE,FALSE
"ambiguous_negative","Reproduction","Reproduction","Non-calcifier","ZOO_COMMON_00197",FALSE,TRUE,FALSE,FALSE
"ambiguous_negative","Reproduction","Reproduction","Non-calcifier","ZOO_COMMON_00198",FALSE,TRUE,FALSE,FALSE
"ambiguous_negative","Reproduction","Reproduction","Non-calcifier","ZOO_COMMON_00223",TRUE,FALSE,FALSE,FALSE
"ambiguous_negative","Reproduction","Reproduction","Non-calcifier","ZOO_COMMON_00224",TRUE,FALSE,FALSE,FALSE
"ambiguous_negative","Reproduction","Reproduction","Non-calcifier","ZOO_COMMON_00233",TRUE,FALSE,FALSE,FALSE
"ambiguous_negative","Reproduction","Reproduction","Non-calcifier","ZOO_COMMON_00329",FALSE,TRUE,FALSE,FALSE
"ambiguous_negative","Reproduction","Reproduction","Non-calcifier","ZOO_COMMON_00354",TRUE,FALSE,FALSE,FALSE
"ambiguous_negative","Reproduction","Reproduction","Non-calcifier","ZOO_COMMON_00355",FALSE,TRUE,FALSE,FALSE
"ambiguous_negative","Reproduction","Reproduction","Non-calcifier","ZOO_COMMON_00363",FALSE,TRUE,FALSE,FALSE
"ambiguous_negative","Reproduction","Reproduction","Non-calcifier","ZOO_COMMON_00364",FALSE,TRUE,FALSE,FALSE
"ambiguous_negative","Reproduction","Reproduction","Non-calcifier","ZOO_COMMON_00385",TRUE,TRUE,TRUE,TRUE
"ambiguous_negative","Reproduction","Reproduction","Non-calcifier","ZOO_COMMON_00386",TRUE,FALSE,FALSE,FALSE
"ambiguous_negative","Reproduction","Reproduction","Non-calcifier","ZOO_COMMON_00390",TRUE,FALSE,FALSE,FALSE
"ambiguous_negative","Reproduction","Reproduction","Non-calcifier","ZOO_COMMON_00394",FALSE,TRUE,FALSE,FALSE
"ambiguous_negative","Reproduction","Reproduction","Non-calcifier","ZOO_COMMON_00405",TRUE,FALSE,FALSE,FALSE
"ambiguous_negative","Reproduction","Reproduction","Non-calcifier","ZOO_COMMON_00410",FALSE,TRUE,FALSE,FALSE
"ambiguous_negative","Reproduction","Reproduction","Non-calcifier","ZOO_COMMON_00411",FALSE,TRUE,FALSE,FALSE
"ambiguous_negative","Reproduction","Reproduction","Non-calcifier","ZOO_COMMON_00418",FALSE,TRUE,FALSE,FALSE
"ambiguous_negative","Reproduction","Reproduction","Non-calcifier","ZOO_COMMON_00427",FALSE,TRUE,FALSE,FALSE
"ambiguous_negative","Reproduction","Reproduction","Non-calcifier","ZOO_COMMON_00428",FALSE,TRUE,FALSE,FALSE
"ambiguous_negative","Reproduction","Reproduction","Non-calcifier","ZOO_COMMON_00429",FALSE,TRUE,FALSE,FALSE
"ambiguous_negative","Reproduction","Reproduction","Non-calcifier","ZOO_COMMON_00430",FALSE,TRUE,FALSE,FALSE
"ambiguous_negative","Reproduction","Reproduction","Non-calcifier","ZOO_COMMON_00435",FALSE,TRUE,FALSE,FALSE
"ambiguous_negative","Reproduction","Reproduction","Non-calcifier","ZOO_COMMON_00447",FALSE,TRUE,TRUE,FALSE
"ambiguous_negative","Reproduction","Reproduction","Non-calcifier","ZOO_COMMON_00451",TRUE,FALSE,FALSE,FALSE
"ambiguous_negative","Reproduction","Reproduction","Non-calcifier","ZOO_COMMON_00455",FALSE,TRUE,FALSE,FALSE
"ambiguous_negative","Reproduction","Reproduction","Non-calcifier","ZOO_COMMON_00471",TRUE,TRUE,TRUE,TRUE
"ambiguous_negative","Reproduction","Reproduction","Non-calcifier","ZOO_COMMON_00478",TRUE,FALSE,FALSE,FALSE
"ambiguous_negative","Reproduction","Reproduction","Non-calcifier","ZOO_COMMON_00538",TRUE,FALSE,FALSE,FALSE
"ambiguous_negative","Reproduction","Reproduction","Non-calcifier","ZOO_COMMON_00539",FALSE,TRUE,FALSE,FALSE
"ambiguous_negative","Reproduction","Reproduction","Non-calcifier","ZOO_COMMON_00540",TRUE,TRUE,TRUE,TRUE
"ambiguous_negative","Reproduction","Reproduction","Non-calcifier","ZOO_COMMON_00541",TRUE,TRUE,TRUE,TRUE
"ambiguous_negative","Reproduction","Reproduction","Non-calcifier","ZOO_COMMON_00542",FALSE,TRUE,FALSE,FALSE
"ambiguous_negative","Reproduction","Reproduction","Non-calcifier","ZOO_COMMON_00543",TRUE,FALSE,FALSE,FALSE
"ambiguous_negative","Reproduction","Reproduction","Non-calcifier","ZOO_COMMON_00544",TRUE,FALSE,FALSE,FALSE
"ambiguous_negative","Reproduction","Reproduction","Non-calcifier","ZOO_COMMON_00550",TRUE,FALSE,FALSE,FALSE
"ambiguous_negative","Reproduction","Reproduction","Non-calcifier","ZOO_COMMON_00552",TRUE,FALSE,FALSE,FALSE
"ambiguous_negative","Reproduction","Reproduction","Non-calcifier","ZOO_COMMON_00555",TRUE,FALSE,FALSE,FALSE
"ambiguous_negative","Reproduction","Reproduction","Non-calcifier","ZOO_COMMON_00557",FALSE,TRUE,FALSE,FALSE
"ambiguous_negative","Reproduction","Reproduction","Non-calcifier","ZOO_COMMON_00558",TRUE,TRUE,TRUE,TRUE
"ambiguous_negative","Reproduction","Reproduction","Non-calcifier","ZOO_COMMON_00561",TRUE,FALSE,FALSE,FALSE
"ambiguous_negative","Reproduction","Reproduction","Non-calcifier","ZOO_COMMON_00579",TRUE,FALSE,FALSE,FALSE
"ambiguous_negative","Reproduction","Reproduction","Non-calcifier","ZOO_COMMON_00587",FALSE,TRUE,FALSE,FALSE
"ambiguous_negative","Reproduction","Reproduction","Non-calcifier","ZOO_COMMON_00605",FALSE,TRUE,TRUE,FALSE
"ambiguous_negative","Reproduction","Reproduction","Non-calcifier","ZOO_COMMON_00610",TRUE,FALSE,FALSE,FALSE
"ambiguous_negative","Reproduction","Reproduction","Non-calcifier","ZOO_COMMON_00611",FALSE,TRUE,FALSE,FALSE
"ambiguous_negative","Reproduction","Reproduction","Non-calcifier","ZOO_COMMON_00620",TRUE,FALSE,FALSE,FALSE
"ambiguous_negative","Reproduction","Reproduction","Non-calcifier","ZOO_COMMON_00642",FALSE,TRUE,FALSE,FALSE
"ambiguous_negative","Reproduction","Reproduction","Non-calcifier","ZOO_COMMON_00643",FALSE,TRUE,FALSE,FALSE
"ambiguous_negative","Reproduction","Reproduction","Non-calcifier","ZOO_COMMON_00652",TRUE,FALSE,FALSE,FALSE
"ambiguous_negative","Reproduction","Reproduction","Non-calcifier","ZOO_COMMON_00654",TRUE,FALSE,FALSE,FALSE
"ambiguous_negative","Reproduction","Reproduction","Non-calcifier","ZOO_COMMON_00660",TRUE,TRUE,TRUE,TRUE
"ambiguous_negative","Reproduction","Reproduction","Non-calcifier","ZOO_COMMON_00668",TRUE,TRUE,TRUE,TRUE
"ambiguous_negative","Reproduction","Reproduction","Non-calcifier","ZOO_COMMON_00685",FALSE,TRUE,FALSE,FALSE
"ambiguous_negative","Reproduction","Reproduction","Non-calcifier","ZOO_COMMON_00702",FALSE,TRUE,TRUE,FALSE
"ambiguous_negative","Reproduction","Reproduction","Non-calcifier","ZOO_COMMON_00719",TRUE,FALSE,FALSE,FALSE
"ambiguous_negative","Reproduction","Reproduction","Non-calcifier","ZOO_COMMON_00730",TRUE,TRUE,TRUE,TRUE
"ambiguous_negative","Reproduction","Reproduction","Non-calcifier","ZOO_COMMON_00731",TRUE,TRUE,TRUE,TRUE
"ambiguous_negative","Reproduction","Reproduction","Non-calcifier","ZOO_COMMON_00732",TRUE,TRUE,TRUE,TRUE
"ambiguous_negative","Reproduction","Reproduction","Non-calcifier","ZOO_COMMON_00733",TRUE,FALSE,FALSE,FALSE
"ambiguous_negative","Reproduction","Reproduction","Non-calcifier","ZOO_COMMON_00734",FALSE,TRUE,TRUE,FALSE
"ambiguous_negative","Reproduction","Reproduction","Non-calcifier","ZOO_COMMON_00735",TRUE,FALSE,FALSE,FALSE
"ambiguous_negative","Reproduction","Reproduction","Non-calcifier","ZOO_COMMON_00736",FALSE,TRUE,TRUE,FALSE
"ambiguous_negative","Reproduction","Reproduction","Non-calcifier","ZOO_COMMON_00737",TRUE,FALSE,FALSE,FALSE
"ambiguous_negative","Reproduction","Reproduction","Non-calcifier","ZOO_COMMON_00752",FALSE,TRUE,FALSE,FALSE
"ambiguous_negative","Reproduction","Reproduction","Non-calcifier","ZOO_COMMON_00754",TRUE,FALSE,FALSE,FALSE
"ambiguous_negative","Reproduction","Reproduction","Non-calcifier","ZOO_COMMON_00772",TRUE,FALSE,FALSE,FALSE
"ambiguous_negative","Reproduction","Reproduction","Non-calcifier","ZOO_COMMON_00773",TRUE,FALSE,FALSE,FALSE
"ambiguous_negative","Reproduction","Reproduction","Non-calcifier","ZOO_COMMON_00794",TRUE,FALSE,FALSE,FALSE
"ambiguous_negative","Reproduction","Reproduction","Non-calcifier","ZOO_COMMON_00795",TRUE,FALSE,FALSE,FALSE
"ambiguous_negative","Reproduction","Reproduction","Non-calcifier","ZOO_COMMON_00826",TRUE,FALSE,FALSE,FALSE
"ambiguous_negative","Reproduction","Reproduction","Non-calcifier","ZOO_COMMON_00836",TRUE,FALSE,FALSE,FALSE
"ambiguous_negative","Reproduction","Reproduction","Non-calcifier","ZOO_COMMON_00837",FALSE,TRUE,FALSE,FALSE
"ambiguous_negative","Reproduction","Reproduction","Non-calcifier","ZOO_COMMON_00838",FALSE,TRUE,FALSE,FALSE
"ambiguous_negative","Reproduction","Reproduction","Non-calcifier","ZOO_COMMON_00840",FALSE,TRUE,FALSE,FALSE
"ambiguous_negative","Reproduction","Reproduction","Non-calcifier","ZOO_COMMON_00846",TRUE,FALSE,FALSE,FALSE
"ambiguous_negative","Reproduction","Reproduction","Non-calcifier","ZOO_COMMON_00874",TRUE,FALSE,FALSE,FALSE
"ambiguous_negative","Reproduction","Reproduction","Non-calcifier","ZOO_COMMON_00893",TRUE,FALSE,FALSE,FALSE
"ambiguous_negative","Reproduction","Reproduction","Non-calcifier","ZOO_COMMON_00900",TRUE,FALSE,FALSE,FALSE
"ambiguous_negative","Reproduction","Reproduction","Non-calcifier","ZOO_COMMON_00901",TRUE,FALSE,FALSE,FALSE
"ambiguous_negative","Reproduction","Reproduction","Non-calcifier","ZOO_COMMON_00902",TRUE,FALSE,FALSE,FALSE
"ambiguous_negative","Reproduction","Reproduction","Non-calcifier","ZOO_COMMON_00903",TRUE,FALSE,FALSE,FALSE
"ambiguous_negative","Reproduction","Reproduction","Non-calcifier","ZOO_COMMON_00907",FALSE,TRUE,FALSE,FALSE
"ambiguous_negative","Reproduction","Reproduction","Non-calcifier","ZOO_COMMON_00908",FALSE,TRUE,FALSE,FALSE
"ambiguous_negative","Reproduction","Reproduction","Non-calcifier","ZOO_COMMON_00914",TRUE,FALSE,FALSE,FALSE
"ambiguous_negative","Reproduction","Reproduction","Non-calcifier","ZOO_COMMON_00915",FALSE,TRUE,FALSE,FALSE
"ambiguous_negative","Survival","Survival","Calcifier","ZOO_COMMON_00027",TRUE,FALSE,FALSE,FALSE
"ambiguous_negative","Survival","Survival","Calcifier","ZOO_COMMON_00028",TRUE,FALSE,FALSE,FALSE
"ambiguous_negative","Survival","Survival","Calcifier","ZOO_COMMON_00042",FALSE,TRUE,FALSE,FALSE
"ambiguous_negative","Survival","Survival","Calcifier","ZOO_COMMON_00075",TRUE,TRUE,TRUE,TRUE
"ambiguous_negative","Survival","Survival","Calcifier","ZOO_COMMON_00100",TRUE,FALSE,FALSE,FALSE
"ambiguous_negative","Survival","Survival","Calcifier","ZOO_COMMON_00101",TRUE,FALSE,FALSE,FALSE
"ambiguous_negative","Survival","Survival","Calcifier","ZOO_COMMON_00124",TRUE,FALSE,FALSE,FALSE
"ambiguous_negative","Survival","Survival","Calcifier","ZOO_COMMON_00142",TRUE,FALSE,FALSE,FALSE
"ambiguous_negative","Survival","Survival","Calcifier","ZOO_COMMON_00146",TRUE,FALSE,FALSE,FALSE
"ambiguous_negative","Survival","Survival","Calcifier","ZOO_COMMON_00148",TRUE,FALSE,FALSE,FALSE
"ambiguous_negative","Survival","Survival","Calcifier","ZOO_COMMON_00151",TRUE,FALSE,FALSE,FALSE
"ambiguous_negative","Survival","Survival","Calcifier","ZOO_COMMON_00153",TRUE,FALSE,FALSE,FALSE
"ambiguous_negative","Survival","Survival","Calcifier","ZOO_COMMON_00156",TRUE,TRUE,TRUE,TRUE
"ambiguous_negative","Survival","Survival","Calcifier","ZOO_COMMON_00186",FALSE,TRUE,FALSE,FALSE
"ambiguous_negative","Survival","Survival","Calcifier","ZOO_COMMON_00187",FALSE,TRUE,FALSE,FALSE
"ambiguous_negative","Survival","Survival","Calcifier","ZOO_COMMON_00195",TRUE,FALSE,FALSE,FALSE
"ambiguous_negative","Survival","Survival","Calcifier","ZOO_COMMON_00196",FALSE,TRUE,FALSE,FALSE
"ambiguous_negative","Survival","Survival","Calcifier","ZOO_COMMON_00213",TRUE,FALSE,FALSE,FALSE
"ambiguous_negative","Survival","Survival","Calcifier","ZOO_COMMON_00221",TRUE,FALSE,FALSE,FALSE
"ambiguous_negative","Survival","Survival","Calcifier","ZOO_COMMON_00222",TRUE,FALSE,FALSE,FALSE
"ambiguous_negative","Survival","Survival","Calcifier","ZOO_COMMON_00227",TRUE,FALSE,FALSE,FALSE
"ambiguous_negative","Survival","Survival","Calcifier","ZOO_COMMON_00229",TRUE,FALSE,FALSE,FALSE
"ambiguous_negative","Survival","Survival","Calcifier","ZOO_COMMON_00230",TRUE,FALSE,FALSE,FALSE
"ambiguous_negative","Survival","Survival","Calcifier","ZOO_COMMON_00231",TRUE,FALSE,FALSE,FALSE
"ambiguous_negative","Survival","Survival","Calcifier","ZOO_COMMON_00232",TRUE,FALSE,FALSE,FALSE
"ambiguous_negative","Survival","Survival","Calcifier","ZOO_COMMON_00266",TRUE,TRUE,TRUE,TRUE
"ambiguous_negative","Survival","Survival","Calcifier","ZOO_COMMON_00267",FALSE,TRUE,TRUE,FALSE
"ambiguous_negative","Survival","Survival","Calcifier","ZOO_COMMON_00269",FALSE,TRUE,TRUE,FALSE
"ambiguous_negative","Survival","Survival","Calcifier","ZOO_COMMON_00271",FALSE,TRUE,TRUE,FALSE
"ambiguous_negative","Survival","Survival","Calcifier","ZOO_COMMON_00273",FALSE,TRUE,TRUE,FALSE
"ambiguous_negative","Survival","Survival","Calcifier","ZOO_COMMON_00276",TRUE,TRUE,TRUE,TRUE
"ambiguous_negative","Survival","Survival","Calcifier","ZOO_COMMON_00283",FALSE,TRUE,TRUE,FALSE
"ambiguous_negative","Survival","Survival","Calcifier","ZOO_COMMON_00286",TRUE,FALSE,FALSE,FALSE
"ambiguous_negative","Survival","Survival","Calcifier","ZOO_COMMON_00297",TRUE,TRUE,TRUE,TRUE
"ambiguous_negative","Survival","Survival","Calcifier","ZOO_COMMON_00301",TRUE,FALSE,FALSE,FALSE
"ambiguous_negative","Survival","Survival","Calcifier","ZOO_COMMON_00303",FALSE,TRUE,FALSE,FALSE
"ambiguous_negative","Survival","Survival","Calcifier","ZOO_COMMON_00304",TRUE,FALSE,FALSE,FALSE
"ambiguous_negative","Survival","Survival","Calcifier","ZOO_COMMON_00306",TRUE,FALSE,FALSE,FALSE
"ambiguous_negative","Survival","Survival","Calcifier","ZOO_COMMON_00307",FALSE,TRUE,FALSE,FALSE
"ambiguous_negative","Survival","Survival","Calcifier","ZOO_COMMON_00316",TRUE,FALSE,FALSE,FALSE
"ambiguous_negative","Survival","Survival","Calcifier","ZOO_COMMON_00317",TRUE,FALSE,FALSE,FALSE
"ambiguous_negative","Survival","Survival","Calcifier","ZOO_COMMON_00318",TRUE,FALSE,FALSE,FALSE
"ambiguous_negative","Survival","Survival","Calcifier","ZOO_COMMON_00319",TRUE,FALSE,FALSE,FALSE
"ambiguous_negative","Survival","Survival","Calcifier","ZOO_COMMON_00321",TRUE,FALSE,FALSE,FALSE
"ambiguous_negative","Survival","Survival","Calcifier","ZOO_COMMON_00322",TRUE,FALSE,FALSE,FALSE
"ambiguous_negative","Survival","Survival","Calcifier","ZOO_COMMON_00323",TRUE,FALSE,FALSE,FALSE
"ambiguous_negative","Survival","Survival","Calcifier","ZOO_COMMON_00325",TRUE,FALSE,FALSE,FALSE
"ambiguous_negative","Survival","Survival","Calcifier","ZOO_COMMON_00333",TRUE,FALSE,FALSE,FALSE
"ambiguous_negative","Survival","Survival","Calcifier","ZOO_COMMON_00334",TRUE,FALSE,FALSE,FALSE
"ambiguous_negative","Survival","Survival","Calcifier","ZOO_COMMON_00338",TRUE,FALSE,FALSE,FALSE
"ambiguous_negative","Survival","Survival","Calcifier","ZOO_COMMON_00379",TRUE,FALSE,FALSE,FALSE
"ambiguous_negative","Survival","Survival","Calcifier","ZOO_COMMON_00424",TRUE,FALSE,FALSE,FALSE
"ambiguous_negative","Survival","Survival","Calcifier","ZOO_COMMON_00437",TRUE,FALSE,FALSE,FALSE
"ambiguous_negative","Survival","Survival","Calcifier","ZOO_COMMON_00438",TRUE,FALSE,FALSE,FALSE
"ambiguous_negative","Survival","Survival","Calcifier","ZOO_COMMON_00457",TRUE,FALSE,FALSE,FALSE
"ambiguous_negative","Survival","Survival","Calcifier","ZOO_COMMON_00482",FALSE,TRUE,FALSE,FALSE
"ambiguous_negative","Survival","Survival","Calcifier","ZOO_COMMON_00487",TRUE,FALSE,FALSE,FALSE
"ambiguous_negative","Survival","Survival","Calcifier","ZOO_COMMON_00520",TRUE,FALSE,FALSE,FALSE
"ambiguous_negative","Survival","Survival","Calcifier","ZOO_COMMON_00526",TRUE,FALSE,FALSE,FALSE
"ambiguous_negative","Survival","Survival","Calcifier","ZOO_COMMON_00531",FALSE,TRUE,TRUE,FALSE
"ambiguous_negative","Survival","Survival","Calcifier","ZOO_COMMON_00564",TRUE,TRUE,TRUE,TRUE
"ambiguous_negative","Survival","Survival","Calcifier","ZOO_COMMON_00581",FALSE,FALSE,TRUE,FALSE
"ambiguous_negative","Survival","Survival","Calcifier","ZOO_COMMON_00583",FALSE,TRUE,FALSE,FALSE
"ambiguous_negative","Survival","Survival","Calcifier","ZOO_COMMON_00585",FALSE,TRUE,FALSE,FALSE
"ambiguous_negative","Survival","Survival","Calcifier","ZOO_COMMON_00603",TRUE,FALSE,FALSE,FALSE
"ambiguous_negative","Survival","Survival","Calcifier","ZOO_COMMON_00622",FALSE,TRUE,FALSE,FALSE
"ambiguous_negative","Survival","Survival","Calcifier","ZOO_COMMON_00634",TRUE,FALSE,FALSE,FALSE
"ambiguous_negative","Survival","Survival","Calcifier","ZOO_COMMON_00635",TRUE,FALSE,FALSE,FALSE
"ambiguous_negative","Survival","Survival","Calcifier","ZOO_COMMON_00636",TRUE,FALSE,FALSE,FALSE
"ambiguous_negative","Survival","Survival","Calcifier","ZOO_COMMON_00637",TRUE,FALSE,FALSE,FALSE
"ambiguous_negative","Survival","Survival","Calcifier","ZOO_COMMON_00645",TRUE,FALSE,FALSE,FALSE
"ambiguous_negative","Survival","Survival","Calcifier","ZOO_COMMON_00679",TRUE,FALSE,FALSE,FALSE
"ambiguous_negative","Survival","Survival","Calcifier","ZOO_COMMON_00697",TRUE,TRUE,TRUE,TRUE
"ambiguous_negative","Survival","Survival","Calcifier","ZOO_COMMON_00724",FALSE,TRUE,TRUE,FALSE
"ambiguous_negative","Survival","Survival","Calcifier","ZOO_COMMON_00726",FALSE,TRUE,TRUE,FALSE
"ambiguous_negative","Survival","Survival","Calcifier","ZOO_COMMON_00738",TRUE,FALSE,FALSE,FALSE
"ambiguous_negative","Survival","Survival","Calcifier","ZOO_COMMON_00750",TRUE,TRUE,TRUE,TRUE
"ambiguous_negative","Survival","Survival","Calcifier","ZOO_COMMON_00763",TRUE,FALSE,FALSE,FALSE
"ambiguous_negative","Survival","Survival","Calcifier","ZOO_COMMON_00764",TRUE,FALSE,FALSE,FALSE
"ambiguous_negative","Survival","Survival","Calcifier","ZOO_COMMON_00766",FALSE,TRUE,FALSE,FALSE
"ambiguous_negative","Survival","Survival","Calcifier","ZOO_COMMON_00778",TRUE,FALSE,FALSE,FALSE
"ambiguous_negative","Survival","Survival","Calcifier","ZOO_COMMON_00780",TRUE,FALSE,FALSE,FALSE
"ambiguous_negative","Survival","Survival","Calcifier","ZOO_COMMON_00782",TRUE,FALSE,FALSE,FALSE
"ambiguous_negative","Survival","Survival","Calcifier","ZOO_COMMON_00784",FALSE,TRUE,TRUE,FALSE
"ambiguous_negative","Survival","Survival","Calcifier","ZOO_COMMON_00785",FALSE,TRUE,TRUE,FALSE
"ambiguous_negative","Survival","Survival","Calcifier","ZOO_COMMON_00786",TRUE,FALSE,FALSE,FALSE
"ambiguous_negative","Survival","Survival","Calcifier","ZOO_COMMON_00813",FALSE,TRUE,FALSE,FALSE
"ambiguous_negative","Survival","Survival","Calcifier","ZOO_COMMON_00824",TRUE,FALSE,FALSE,FALSE
"ambiguous_negative","Survival","Survival","Calcifier","ZOO_COMMON_00843",TRUE,FALSE,FALSE,FALSE
"ambiguous_negative","Survival","Survival","Calcifier","ZOO_COMMON_00844",FALSE,TRUE,TRUE,FALSE
"ambiguous_negative","Survival","Survival","Calcifier","ZOO_COMMON_00871",TRUE,FALSE,FALSE,FALSE
"ambiguous_negative","Survival","Survival","Calcifier","ZOO_COMMON_00872",TRUE,FALSE,FALSE,FALSE
"ambiguous_negative","Survival","Survival","Calcifier","ZOO_COMMON_00875",TRUE,FALSE,FALSE,FALSE
"ambiguous_negative","Survival","Survival","Calcifier","ZOO_COMMON_00877",TRUE,FALSE,FALSE,FALSE
"ambiguous_negative","Survival","Survival","Calcifier","ZOO_COMMON_00896",TRUE,FALSE,FALSE,FALSE
"ambiguous_negative","Survival","Survival","Calcifier","ZOO_COMMON_00897",TRUE,FALSE,FALSE,FALSE
"ambiguous_negative","Survival","Survival","Calcifier","ZOO_COMMON_00904",TRUE,FALSE,FALSE,FALSE
"ambiguous_negative","Survival","Survival","Calcifier","ZOO_COMMON_00905",TRUE,FALSE,FALSE,FALSE
"ambiguous_negative","Survival","Survival","Calcifier","ZOO_COMMON_00906",TRUE,FALSE,FALSE,FALSE
"ambiguous_negative","Survival","Survival","Non-calcifier","ZOO_COMMON_00029",TRUE,TRUE,TRUE,TRUE
"ambiguous_negative","Survival","Survival","Non-calcifier","ZOO_COMMON_00031",FALSE,TRUE,FALSE,FALSE
"ambiguous_negative","Survival","Survival","Non-calcifier","ZOO_COMMON_00032",FALSE,TRUE,FALSE,FALSE
"ambiguous_negative","Survival","Survival","Non-calcifier","ZOO_COMMON_00041",TRUE,FALSE,FALSE,FALSE
"ambiguous_negative","Survival","Survival","Non-calcifier","ZOO_COMMON_00043",TRUE,TRUE,TRUE,TRUE
"ambiguous_negative","Survival","Survival","Non-calcifier","ZOO_COMMON_00044",TRUE,TRUE,TRUE,TRUE
"ambiguous_negative","Survival","Survival","Non-calcifier","ZOO_COMMON_00045",TRUE,TRUE,TRUE,TRUE
"ambiguous_negative","Survival","Survival","Non-calcifier","ZOO_COMMON_00051",TRUE,FALSE,FALSE,FALSE
"ambiguous_negative","Survival","Survival","Non-calcifier","ZOO_COMMON_00057",FALSE,TRUE,FALSE,FALSE
"ambiguous_negative","Survival","Survival","Non-calcifier","ZOO_COMMON_00103",TRUE,FALSE,FALSE,FALSE
"ambiguous_negative","Survival","Survival","Non-calcifier","ZOO_COMMON_00116",TRUE,FALSE,FALSE,FALSE
"ambiguous_negative","Survival","Survival","Non-calcifier","ZOO_COMMON_00128",FALSE,TRUE,FALSE,FALSE
"ambiguous_negative","Survival","Survival","Non-calcifier","ZOO_COMMON_00129",FALSE,TRUE,FALSE,FALSE
"ambiguous_negative","Survival","Survival","Non-calcifier","ZOO_COMMON_00130",FALSE,TRUE,FALSE,FALSE
"ambiguous_negative","Survival","Survival","Non-calcifier","ZOO_COMMON_00167",TRUE,FALSE,FALSE,FALSE
"ambiguous_negative","Survival","Survival","Non-calcifier","ZOO_COMMON_00168",TRUE,FALSE,FALSE,FALSE
"ambiguous_negative","Survival","Survival","Non-calcifier","ZOO_COMMON_00169",TRUE,FALSE,FALSE,FALSE
"ambiguous_negative","Survival","Survival","Non-calcifier","ZOO_COMMON_00170",TRUE,FALSE,FALSE,FALSE
"ambiguous_negative","Survival","Survival","Non-calcifier","ZOO_COMMON_00171",TRUE,FALSE,FALSE,FALSE
"ambiguous_negative","Survival","Survival","Non-calcifier","ZOO_COMMON_00184",TRUE,TRUE,TRUE,TRUE
"ambiguous_negative","Survival","Survival","Non-calcifier","ZOO_COMMON_00185",TRUE,FALSE,FALSE,FALSE
"ambiguous_negative","Survival","Survival","Non-calcifier","ZOO_COMMON_00199",TRUE,TRUE,TRUE,TRUE
"ambiguous_negative","Survival","Survival","Non-calcifier","ZOO_COMMON_00223",TRUE,FALSE,FALSE,FALSE
"ambiguous_negative","Survival","Survival","Non-calcifier","ZOO_COMMON_00235",TRUE,FALSE,FALSE,FALSE
"ambiguous_negative","Survival","Survival","Non-calcifier","ZOO_COMMON_00288",TRUE,FALSE,FALSE,FALSE
"ambiguous_negative","Survival","Survival","Non-calcifier","ZOO_COMMON_00290",TRUE,FALSE,FALSE,FALSE
"ambiguous_negative","Survival","Survival","Non-calcifier","ZOO_COMMON_00291",TRUE,FALSE,FALSE,FALSE
"ambiguous_negative","Survival","Survival","Non-calcifier","ZOO_COMMON_00292",TRUE,FALSE,FALSE,FALSE
"ambiguous_negative","Survival","Survival","Non-calcifier","ZOO_COMMON_00293",FALSE,TRUE,FALSE,FALSE
"ambiguous_negative","Survival","Survival","Non-calcifier","ZOO_COMMON_00309",TRUE,FALSE,FALSE,FALSE
"ambiguous_negative","Survival","Survival","Non-calcifier","ZOO_COMMON_00310",TRUE,FALSE,FALSE,FALSE
"ambiguous_negative","Survival","Survival","Non-calcifier","ZOO_COMMON_00311",TRUE,FALSE,FALSE,FALSE
"ambiguous_negative","Survival","Survival","Non-calcifier","ZOO_COMMON_00312",TRUE,FALSE,FALSE,FALSE
"ambiguous_negative","Survival","Survival","Non-calcifier","ZOO_COMMON_00313",TRUE,FALSE,FALSE,FALSE
"ambiguous_negative","Survival","Survival","Non-calcifier","ZOO_COMMON_00327",FALSE,TRUE,FALSE,FALSE
"ambiguous_negative","Survival","Survival","Non-calcifier","ZOO_COMMON_00328",FALSE,TRUE,FALSE,FALSE
"ambiguous_negative","Survival","Survival","Non-calcifier","ZOO_COMMON_00339",TRUE,FALSE,FALSE,FALSE
"ambiguous_negative","Survival","Survival","Non-calcifier","ZOO_COMMON_00340",TRUE,FALSE,FALSE,FALSE
"ambiguous_negative","Survival","Survival","Non-calcifier","ZOO_COMMON_00341",TRUE,FALSE,FALSE,FALSE
"ambiguous_negative","Survival","Survival","Non-calcifier","ZOO_COMMON_00342",TRUE,FALSE,FALSE,FALSE
"ambiguous_negative","Survival","Survival","Non-calcifier","ZOO_COMMON_00343",FALSE,TRUE,FALSE,FALSE
"ambiguous_negative","Survival","Survival","Non-calcifier","ZOO_COMMON_00344",FALSE,TRUE,FALSE,FALSE
"ambiguous_negative","Survival","Survival","Non-calcifier","ZOO_COMMON_00345",FALSE,TRUE,FALSE,FALSE
"ambiguous_negative","Survival","Survival","Non-calcifier","ZOO_COMMON_00403",TRUE,TRUE,TRUE,TRUE
"ambiguous_negative","Survival","Survival","Non-calcifier","ZOO_COMMON_00408",TRUE,FALSE,FALSE,FALSE
"ambiguous_negative","Survival","Survival","Non-calcifier","ZOO_COMMON_00409",FALSE,TRUE,FALSE,FALSE
"ambiguous_negative","Survival","Survival","Non-calcifier","ZOO_COMMON_00419",FALSE,TRUE,FALSE,FALSE
"ambiguous_negative","Survival","Survival","Non-calcifier","ZOO_COMMON_00473",TRUE,FALSE,FALSE,FALSE
"ambiguous_negative","Survival","Survival","Non-calcifier","ZOO_COMMON_00474",TRUE,FALSE,FALSE,FALSE
"ambiguous_negative","Survival","Survival","Non-calcifier","ZOO_COMMON_00475",TRUE,FALSE,FALSE,FALSE
"ambiguous_negative","Survival","Survival","Non-calcifier","ZOO_COMMON_00476",TRUE,FALSE,FALSE,FALSE
"ambiguous_negative","Survival","Survival","Non-calcifier","ZOO_COMMON_00479",TRUE,FALSE,FALSE,FALSE
"ambiguous_negative","Survival","Survival","Non-calcifier","ZOO_COMMON_00494",TRUE,FALSE,FALSE,FALSE
"ambiguous_negative","Survival","Survival","Non-calcifier","ZOO_COMMON_00536",FALSE,TRUE,FALSE,FALSE
"ambiguous_negative","Survival","Survival","Non-calcifier","ZOO_COMMON_00538",TRUE,FALSE,FALSE,FALSE
"ambiguous_negative","Survival","Survival","Non-calcifier","ZOO_COMMON_00555",TRUE,FALSE,FALSE,FALSE
"ambiguous_negative","Survival","Survival","Non-calcifier","ZOO_COMMON_00561",TRUE,FALSE,FALSE,FALSE
"ambiguous_negative","Survival","Survival","Non-calcifier","ZOO_COMMON_00574",FALSE,TRUE,FALSE,FALSE
"ambiguous_negative","Survival","Survival","Non-calcifier","ZOO_COMMON_00577",TRUE,FALSE,FALSE,FALSE
"ambiguous_negative","Survival","Survival","Non-calcifier","ZOO_COMMON_00586",TRUE,FALSE,FALSE,FALSE
"ambiguous_negative","Survival","Survival","Non-calcifier","ZOO_COMMON_00594",TRUE,FALSE,FALSE,FALSE
"ambiguous_negative","Survival","Survival","Non-calcifier","ZOO_COMMON_00596",TRUE,FALSE,FALSE,FALSE
"ambiguous_negative","Survival","Survival","Non-calcifier","ZOO_COMMON_00619",TRUE,TRUE,TRUE,TRUE
"ambiguous_negative","Survival","Survival","Non-calcifier","ZOO_COMMON_00644",TRUE,FALSE,FALSE,FALSE
"ambiguous_negative","Survival","Survival","Non-calcifier","ZOO_COMMON_00655",TRUE,FALSE,FALSE,FALSE
"ambiguous_negative","Survival","Survival","Non-calcifier","ZOO_COMMON_00659",TRUE,TRUE,TRUE,TRUE
"ambiguous_negative","Survival","Survival","Non-calcifier","ZOO_COMMON_00668",TRUE,TRUE,TRUE,TRUE
"ambiguous_negative","Survival","Survival","Non-calcifier","ZOO_COMMON_00670",TRUE,TRUE,TRUE,TRUE
"ambiguous_negative","Survival","Survival","Non-calcifier","ZOO_COMMON_00675",TRUE,TRUE,TRUE,TRUE
"ambiguous_negative","Survival","Survival","Non-calcifier","ZOO_COMMON_00685",FALSE,TRUE,FALSE,FALSE
"ambiguous_negative","Survival","Survival","Non-calcifier","ZOO_COMMON_00702",FALSE,TRUE,TRUE,FALSE
"ambiguous_negative","Survival","Survival","Non-calcifier","ZOO_COMMON_00722",TRUE,FALSE,FALSE,FALSE
"ambiguous_negative","Survival","Survival","Non-calcifier","ZOO_COMMON_00757",TRUE,FALSE,FALSE,FALSE
"ambiguous_negative","Survival","Survival","Non-calcifier","ZOO_COMMON_00770",TRUE,FALSE,FALSE,FALSE
"ambiguous_negative","Survival","Survival","Non-calcifier","ZOO_COMMON_00771",TRUE,FALSE,FALSE,FALSE
"ambiguous_negative","Survival","Survival","Non-calcifier","ZOO_COMMON_00792",TRUE,FALSE,FALSE,FALSE
"ambiguous_negative","Survival","Survival","Non-calcifier","ZOO_COMMON_00793",TRUE,FALSE,FALSE,FALSE
"ambiguous_negative","Survival","Survival","Non-calcifier","ZOO_COMMON_00804",TRUE,FALSE,FALSE,FALSE
"ambiguous_negative","Survival","Survival","Non-calcifier","ZOO_COMMON_00806",TRUE,FALSE,FALSE,FALSE
"ambiguous_negative","Survival","Survival","Non-calcifier","ZOO_COMMON_00807",TRUE,FALSE,FALSE,FALSE
"ambiguous_negative","Survival","Survival","Non-calcifier","ZOO_COMMON_00808",TRUE,FALSE,FALSE,FALSE
"ambiguous_negative","Survival","Survival","Non-calcifier","ZOO_COMMON_00809",TRUE,FALSE,FALSE,FALSE
"ambiguous_negative","Survival","Survival","Non-calcifier","ZOO_COMMON_00810",TRUE,FALSE,FALSE,FALSE
"ambiguous_negative","Survival","Survival","Non-calcifier","ZOO_COMMON_00811",TRUE,FALSE,FALSE,FALSE
"ambiguous_negative","Survival","Survival","Non-calcifier","ZOO_COMMON_00812",TRUE,FALSE,FALSE,FALSE
"ambiguous_negative","Survival","Survival","Non-calcifier","ZOO_COMMON_00870",TRUE,TRUE,TRUE,TRUE
"ambiguous_negative","Survival","Survival","Non-calcifier","ZOO_COMMON_00876",TRUE,FALSE,FALSE,FALSE
"ambiguous_negative","Survival","Survival","Non-calcifier","ZOO_COMMON_00893",TRUE,FALSE,FALSE,FALSE
"ambiguous_negative","Survival","Survival","Non-calcifier","ZOO_COMMON_00912",FALSE,TRUE,FALSE,FALSE
"ambiguous_negative","Overall",NA,"Calcifier","ZOO_COMMON_00001",TRUE,FALSE,FALSE,FALSE
"ambiguous_negative","Overall",NA,"Calcifier","ZOO_COMMON_00002",TRUE,FALSE,FALSE,FALSE
"ambiguous_negative","Overall",NA,"Calcifier","ZOO_COMMON_00003",TRUE,FALSE,FALSE,FALSE
"ambiguous_negative","Overall",NA,"Calcifier","ZOO_COMMON_00004",TRUE,FALSE,FALSE,FALSE
"ambiguous_negative","Overall",NA,"Calcifier","ZOO_COMMON_00019",FALSE,FALSE,TRUE,FALSE
"ambiguous_negative","Overall",NA,"Calcifier","ZOO_COMMON_00020",TRUE,FALSE,FALSE,FALSE
"ambiguous_negative","Overall",NA,"Calcifier","ZOO_COMMON_00021",FALSE,TRUE,FALSE,FALSE
"ambiguous_negative","Overall",NA,"Calcifier","ZOO_COMMON_00023",TRUE,FALSE,FALSE,FALSE
"ambiguous_negative","Overall",NA,"Calcifier","ZOO_COMMON_00027",TRUE,FALSE,FALSE,FALSE
"ambiguous_negative","Overall",NA,"Calcifier","ZOO_COMMON_00028",TRUE,FALSE,FALSE,FALSE
"ambiguous_negative","Overall",NA,"Calcifier","ZOO_COMMON_00033",TRUE,TRUE,TRUE,TRUE
"ambiguous_negative","Overall",NA,"Calcifier","ZOO_COMMON_00034",TRUE,TRUE,TRUE,TRUE
"ambiguous_negative","Overall",NA,"Calcifier","ZOO_COMMON_00035",TRUE,TRUE,TRUE,TRUE
"ambiguous_negative","Overall",NA,"Calcifier","ZOO_COMMON_00036",TRUE,TRUE,TRUE,TRUE
"ambiguous_negative","Overall",NA,"Calcifier","ZOO_COMMON_00037",TRUE,TRUE,TRUE,TRUE
"ambiguous_negative","Overall",NA,"Calcifier","ZOO_COMMON_00038",TRUE,TRUE,TRUE,TRUE
"ambiguous_negative","Overall",NA,"Calcifier","ZOO_COMMON_00039",TRUE,TRUE,TRUE,TRUE
"ambiguous_negative","Overall",NA,"Calcifier","ZOO_COMMON_00042",FALSE,TRUE,FALSE,FALSE
"ambiguous_negative","Overall",NA,"Calcifier","ZOO_COMMON_00046",TRUE,FALSE,FALSE,FALSE
"ambiguous_negative","Overall",NA,"Calcifier","ZOO_COMMON_00047",TRUE,FALSE,FALSE,FALSE
"ambiguous_negative","Overall",NA,"Calcifier","ZOO_COMMON_00048",FALSE,TRUE,FALSE,FALSE
"ambiguous_negative","Overall",NA,"Calcifier","ZOO_COMMON_00049",TRUE,FALSE,FALSE,FALSE
"ambiguous_negative","Overall",NA,"Calcifier","ZOO_COMMON_00052",FALSE,TRUE,FALSE,FALSE
"ambiguous_negative","Overall",NA,"Calcifier","ZOO_COMMON_00053",FALSE,TRUE,FALSE,FALSE
"ambiguous_negative","Overall",NA,"Calcifier","ZOO_COMMON_00059",FALSE,TRUE,FALSE,FALSE
"ambiguous_negative","Overall",NA,"Calcifier","ZOO_COMMON_00060",FALSE,TRUE,FALSE,FALSE
"ambiguous_negative","Overall",NA,"Calcifier","ZOO_COMMON_00061",TRUE,FALSE,FALSE,FALSE
"ambiguous_negative","Overall",NA,"Calcifier","ZOO_COMMON_00062",TRUE,FALSE,FALSE,FALSE
"ambiguous_negative","Overall",NA,"Calcifier","ZOO_COMMON_00066",FALSE,TRUE,TRUE,FALSE
"ambiguous_negative","Overall",NA,"Calcifier","ZOO_COMMON_00067",TRUE,TRUE,TRUE,TRUE
"ambiguous_negative","Overall",NA,"Calcifier","ZOO_COMMON_00070",TRUE,TRUE,TRUE,TRUE
"ambiguous_negative","Overall",NA,"Calcifier","ZOO_COMMON_00071",TRUE,TRUE,TRUE,TRUE
"ambiguous_negative","Overall",NA,"Calcifier","ZOO_COMMON_00073",TRUE,TRUE,TRUE,TRUE
"ambiguous_negative","Overall",NA,"Calcifier","ZOO_COMMON_00074",TRUE,TRUE,TRUE,TRUE
"ambiguous_negative","Overall",NA,"Calcifier","ZOO_COMMON_00075",TRUE,TRUE,TRUE,TRUE
"ambiguous_negative","Overall",NA,"Calcifier","ZOO_COMMON_00077",TRUE,TRUE,TRUE,TRUE
"ambiguous_negative","Overall",NA,"Calcifier","ZOO_COMMON_00078",TRUE,TRUE,TRUE,TRUE
"ambiguous_negative","Overall",NA,"Calcifier","ZOO_COMMON_00079",TRUE,TRUE,TRUE,TRUE
"ambiguous_negative","Overall",NA,"Calcifier","ZOO_COMMON_00080",TRUE,TRUE,TRUE,TRUE
"ambiguous_negative","Overall",NA,"Calcifier","ZOO_COMMON_00081",TRUE,TRUE,TRUE,TRUE
"ambiguous_negative","Overall",NA,"Calcifier","ZOO_COMMON_00082",TRUE,TRUE,TRUE,TRUE
"ambiguous_negative","Overall",NA,"Calcifier","ZOO_COMMON_00083",TRUE,TRUE,TRUE,TRUE
"ambiguous_negative","Overall",NA,"Calcifier","ZOO_COMMON_00084",TRUE,TRUE,TRUE,TRUE
"ambiguous_negative","Overall",NA,"Calcifier","ZOO_COMMON_00087",TRUE,FALSE,TRUE,FALSE
"ambiguous_negative","Overall",NA,"Calcifier","ZOO_COMMON_00088",FALSE,TRUE,FALSE,FALSE
"ambiguous_negative","Overall",NA,"Calcifier","ZOO_COMMON_00089",TRUE,FALSE,FALSE,FALSE
"ambiguous_negative","Overall",NA,"Calcifier","ZOO_COMMON_00090",TRUE,FALSE,FALSE,FALSE
"ambiguous_negative","Overall",NA,"Calcifier","ZOO_COMMON_00091",TRUE,FALSE,FALSE,FALSE
"ambiguous_negative","Overall",NA,"Calcifier","ZOO_COMMON_00092",TRUE,FALSE,FALSE,FALSE
"ambiguous_negative","Overall",NA,"Calcifier","ZOO_COMMON_00093",TRUE,FALSE,FALSE,FALSE
"ambiguous_negative","Overall",NA,"Calcifier","ZOO_COMMON_00094",TRUE,FALSE,FALSE,FALSE
"ambiguous_negative","Overall",NA,"Calcifier","ZOO_COMMON_00095",TRUE,FALSE,FALSE,FALSE
"ambiguous_negative","Overall",NA,"Calcifier","ZOO_COMMON_00096",FALSE,TRUE,FALSE,FALSE
"ambiguous_negative","Overall",NA,"Calcifier","ZOO_COMMON_00097",TRUE,FALSE,FALSE,FALSE
"ambiguous_negative","Overall",NA,"Calcifier","ZOO_COMMON_00098",FALSE,TRUE,FALSE,FALSE
"ambiguous_negative","Overall",NA,"Calcifier","ZOO_COMMON_00099",TRUE,FALSE,FALSE,FALSE
"ambiguous_negative","Overall",NA,"Calcifier","ZOO_COMMON_00100",TRUE,FALSE,FALSE,FALSE
"ambiguous_negative","Overall",NA,"Calcifier","ZOO_COMMON_00101",TRUE,FALSE,FALSE,FALSE
"ambiguous_negative","Overall",NA,"Calcifier","ZOO_COMMON_00113",TRUE,FALSE,FALSE,FALSE
"ambiguous_negative","Overall",NA,"Calcifier","ZOO_COMMON_00114",TRUE,FALSE,FALSE,FALSE
"ambiguous_negative","Overall",NA,"Calcifier","ZOO_COMMON_00115",TRUE,FALSE,FALSE,FALSE
"ambiguous_negative","Overall",NA,"Calcifier","ZOO_COMMON_00121",TRUE,FALSE,FALSE,FALSE
"ambiguous_negative","Overall",NA,"Calcifier","ZOO_COMMON_00122",TRUE,FALSE,FALSE,FALSE
"ambiguous_negative","Overall",NA,"Calcifier","ZOO_COMMON_00123",TRUE,FALSE,FALSE,FALSE
"ambiguous_negative","Overall",NA,"Calcifier","ZOO_COMMON_00124",TRUE,FALSE,FALSE,FALSE
"ambiguous_negative","Overall",NA,"Calcifier","ZOO_COMMON_00125",TRUE,FALSE,FALSE,FALSE
"ambiguous_negative","Overall",NA,"Calcifier","ZOO_COMMON_00141",TRUE,FALSE,FALSE,FALSE
"ambiguous_negative","Overall",NA,"Calcifier","ZOO_COMMON_00142",TRUE,FALSE,FALSE,FALSE
"ambiguous_negative","Overall",NA,"Calcifier","ZOO_COMMON_00143",TRUE,FALSE,FALSE,FALSE
"ambiguous_negative","Overall",NA,"Calcifier","ZOO_COMMON_00144",TRUE,FALSE,FALSE,FALSE
"ambiguous_negative","Overall",NA,"Calcifier","ZOO_COMMON_00145",TRUE,FALSE,FALSE,FALSE
"ambiguous_negative","Overall",NA,"Calcifier","ZOO_COMMON_00146",TRUE,FALSE,FALSE,FALSE
"ambiguous_negative","Overall",NA,"Calcifier","ZOO_COMMON_00147",TRUE,FALSE,FALSE,FALSE
"ambiguous_negative","Overall",NA,"Calcifier","ZOO_COMMON_00148",TRUE,FALSE,FALSE,FALSE
"ambiguous_negative","Overall",NA,"Calcifier","ZOO_COMMON_00149",TRUE,FALSE,FALSE,FALSE
"ambiguous_negative","Overall",NA,"Calcifier","ZOO_COMMON_00150",TRUE,FALSE,FALSE,FALSE
"ambiguous_negative","Overall",NA,"Calcifier","ZOO_COMMON_00151",TRUE,FALSE,FALSE,FALSE
"ambiguous_negative","Overall",NA,"Calcifier","ZOO_COMMON_00152",TRUE,FALSE,FALSE,FALSE
"ambiguous_negative","Overall",NA,"Calcifier","ZOO_COMMON_00153",TRUE,FALSE,FALSE,FALSE
"ambiguous_negative","Overall",NA,"Calcifier","ZOO_COMMON_00154",TRUE,FALSE,FALSE,FALSE
"ambiguous_negative","Overall",NA,"Calcifier","ZOO_COMMON_00155",TRUE,FALSE,FALSE,FALSE
"ambiguous_negative","Overall",NA,"Calcifier","ZOO_COMMON_00156",TRUE,TRUE,TRUE,TRUE
"ambiguous_negative","Overall",NA,"Calcifier","ZOO_COMMON_00157",TRUE,TRUE,TRUE,TRUE
"ambiguous_negative","Overall",NA,"Calcifier","ZOO_COMMON_00158",FALSE,FALSE,TRUE,FALSE
"ambiguous_negative","Overall",NA,"Calcifier","ZOO_COMMON_00159",FALSE,TRUE,FALSE,FALSE
"ambiguous_negative","Overall",NA,"Calcifier","ZOO_COMMON_00160",TRUE,FALSE,FALSE,FALSE
"ambiguous_negative","Overall",NA,"Calcifier","ZOO_COMMON_00179",FALSE,TRUE,FALSE,FALSE
"ambiguous_negative","Overall",NA,"Calcifier","ZOO_COMMON_00186",FALSE,TRUE,FALSE,FALSE
"ambiguous_negative","Overall",NA,"Calcifier","ZOO_COMMON_00187",FALSE,TRUE,FALSE,FALSE
"ambiguous_negative","Overall",NA,"Calcifier","ZOO_COMMON_00188",TRUE,FALSE,FALSE,FALSE
"ambiguous_negative","Overall",NA,"Calcifier","ZOO_COMMON_00189",TRUE,FALSE,FALSE,FALSE
"ambiguous_negative","Overall",NA,"Calcifier","ZOO_COMMON_00192",TRUE,FALSE,FALSE,FALSE
"ambiguous_negative","Overall",NA,"Calcifier","ZOO_COMMON_00193",TRUE,FALSE,FALSE,FALSE
"ambiguous_negative","Overall",NA,"Calcifier","ZOO_COMMON_00194",TRUE,FALSE,FALSE,FALSE
"ambiguous_negative","Overall",NA,"Calcifier","ZOO_COMMON_00195",TRUE,FALSE,FALSE,FALSE
"ambiguous_negative","Overall",NA,"Calcifier","ZOO_COMMON_00196",FALSE,TRUE,FALSE,FALSE
"ambiguous_negative","Overall",NA,"Calcifier","ZOO_COMMON_00201",TRUE,FALSE,FALSE,FALSE
"ambiguous_negative","Overall",NA,"Calcifier","ZOO_COMMON_00202",TRUE,FALSE,FALSE,FALSE
"ambiguous_negative","Overall",NA,"Calcifier","ZOO_COMMON_00203",TRUE,FALSE,FALSE,FALSE
"ambiguous_negative","Overall",NA,"Calcifier","ZOO_COMMON_00204",TRUE,FALSE,FALSE,FALSE
"ambiguous_negative","Overall",NA,"Calcifier","ZOO_COMMON_00205",TRUE,FALSE,FALSE,FALSE
"ambiguous_negative","Overall",NA,"Calcifier","ZOO_COMMON_00206",TRUE,FALSE,FALSE,FALSE
"ambiguous_negative","Overall",NA,"Calcifier","ZOO_COMMON_00207",TRUE,FALSE,FALSE,FALSE
"ambiguous_negative","Overall",NA,"Calcifier","ZOO_COMMON_00208",FALSE,TRUE,TRUE,FALSE
"ambiguous_negative","Overall",NA,"Calcifier","ZOO_COMMON_00209",FALSE,FALSE,TRUE,FALSE
"ambiguous_negative","Overall",NA,"Calcifier","ZOO_COMMON_00210",TRUE,FALSE,FALSE,FALSE
"ambiguous_negative","Overall",NA,"Calcifier","ZOO_COMMON_00211",FALSE,TRUE,FALSE,FALSE
"ambiguous_negative","Overall",NA,"Calcifier","ZOO_COMMON_00212",TRUE,FALSE,FALSE,FALSE
"ambiguous_negative","Overall",NA,"Calcifier","ZOO_COMMON_00213",TRUE,FALSE,FALSE,FALSE
"ambiguous_negative","Overall",NA,"Calcifier","ZOO_COMMON_00219",TRUE,FALSE,FALSE,FALSE
"ambiguous_negative","Overall",NA,"Calcifier","ZOO_COMMON_00220",TRUE,FALSE,FALSE,FALSE
"ambiguous_negative","Overall",NA,"Calcifier","ZOO_COMMON_00221",TRUE,FALSE,FALSE,FALSE
"ambiguous_negative","Overall",NA,"Calcifier","ZOO_COMMON_00222",TRUE,FALSE,FALSE,FALSE
"ambiguous_negative","Overall",NA,"Calcifier","ZOO_COMMON_00225",TRUE,FALSE,FALSE,FALSE
"ambiguous_negative","Overall",NA,"Calcifier","ZOO_COMMON_00226",TRUE,FALSE,FALSE,FALSE
"ambiguous_negative","Overall",NA,"Calcifier","ZOO_COMMON_00227",TRUE,FALSE,FALSE,FALSE
"ambiguous_negative","Overall",NA,"Calcifier","ZOO_COMMON_00229",TRUE,FALSE,FALSE,FALSE
"ambiguous_negative","Overall",NA,"Calcifier","ZOO_COMMON_00230",TRUE,FALSE,FALSE,FALSE
"ambiguous_negative","Overall",NA,"Calcifier","ZOO_COMMON_00231",TRUE,FALSE,FALSE,FALSE
"ambiguous_negative","Overall",NA,"Calcifier","ZOO_COMMON_00232",TRUE,FALSE,FALSE,FALSE
"ambiguous_negative","Overall",NA,"Calcifier","ZOO_COMMON_00234",TRUE,FALSE,FALSE,FALSE
"ambiguous_negative","Overall",NA,"Calcifier","ZOO_COMMON_00236",TRUE,TRUE,TRUE,TRUE
"ambiguous_negative","Overall",NA,"Calcifier","ZOO_COMMON_00237",TRUE,TRUE,TRUE,TRUE
"ambiguous_negative","Overall",NA,"Calcifier","ZOO_COMMON_00238",TRUE,FALSE,FALSE,FALSE
"ambiguous_negative","Overall",NA,"Calcifier","ZOO_COMMON_00239",TRUE,FALSE,FALSE,FALSE
"ambiguous_negative","Overall",NA,"Calcifier","ZOO_COMMON_00240",TRUE,FALSE,FALSE,FALSE
"ambiguous_negative","Overall",NA,"Calcifier","ZOO_COMMON_00241",TRUE,FALSE,FALSE,FALSE
"ambiguous_negative","Overall",NA,"Calcifier","ZOO_COMMON_00242",TRUE,FALSE,FALSE,FALSE
"ambiguous_negative","Overall",NA,"Calcifier","ZOO_COMMON_00247",TRUE,TRUE,TRUE,TRUE
"ambiguous_negative","Overall",NA,"Calcifier","ZOO_COMMON_00248",TRUE,FALSE,FALSE,FALSE
"ambiguous_negative","Overall",NA,"Calcifier","ZOO_COMMON_00249",FALSE,TRUE,TRUE,FALSE
"ambiguous_negative","Overall",NA,"Calcifier","ZOO_COMMON_00250",TRUE,FALSE,FALSE,FALSE
"ambiguous_negative","Overall",NA,"Calcifier","ZOO_COMMON_00251",TRUE,FALSE,FALSE,FALSE
"ambiguous_negative","Overall",NA,"Calcifier","ZOO_COMMON_00252",TRUE,FALSE,FALSE,FALSE
"ambiguous_negative","Overall",NA,"Calcifier","ZOO_COMMON_00253",TRUE,FALSE,FALSE,FALSE
"ambiguous_negative","Overall",NA,"Calcifier","ZOO_COMMON_00254",TRUE,FALSE,FALSE,FALSE
"ambiguous_negative","Overall",NA,"Calcifier","ZOO_COMMON_00256",TRUE,FALSE,FALSE,FALSE
"ambiguous_negative","Overall",NA,"Calcifier","ZOO_COMMON_00257",TRUE,FALSE,FALSE,FALSE
"ambiguous_negative","Overall",NA,"Calcifier","ZOO_COMMON_00259",TRUE,FALSE,FALSE,FALSE
"ambiguous_negative","Overall",NA,"Calcifier","ZOO_COMMON_00260",TRUE,FALSE,FALSE,FALSE
"ambiguous_negative","Overall",NA,"Calcifier","ZOO_COMMON_00261",TRUE,FALSE,FALSE,FALSE
"ambiguous_negative","Overall",NA,"Calcifier","ZOO_COMMON_00265",FALSE,TRUE,FALSE,FALSE
"ambiguous_negative","Overall",NA,"Calcifier","ZOO_COMMON_00266",TRUE,TRUE,TRUE,TRUE
"ambiguous_negative","Overall",NA,"Calcifier","ZOO_COMMON_00267",FALSE,TRUE,TRUE,FALSE
"ambiguous_negative","Overall",NA,"Calcifier","ZOO_COMMON_00268",TRUE,FALSE,FALSE,FALSE
"ambiguous_negative","Overall",NA,"Calcifier","ZOO_COMMON_00269",FALSE,TRUE,TRUE,FALSE
"ambiguous_negative","Overall",NA,"Calcifier","ZOO_COMMON_00270",TRUE,FALSE,FALSE,FALSE
"ambiguous_negative","Overall",NA,"Calcifier","ZOO_COMMON_00271",FALSE,TRUE,TRUE,FALSE
"ambiguous_negative","Overall",NA,"Calcifier","ZOO_COMMON_00272",TRUE,FALSE,FALSE,FALSE
"ambiguous_negative","Overall",NA,"Calcifier","ZOO_COMMON_00273",FALSE,TRUE,TRUE,FALSE
"ambiguous_negative","Overall",NA,"Calcifier","ZOO_COMMON_00274",TRUE,FALSE,FALSE,FALSE
"ambiguous_negative","Overall",NA,"Calcifier","ZOO_COMMON_00275",TRUE,FALSE,TRUE,FALSE
"ambiguous_negative","Overall",NA,"Calcifier","ZOO_COMMON_00276",TRUE,TRUE,TRUE,TRUE
"ambiguous_negative","Overall",NA,"Calcifier","ZOO_COMMON_00277",TRUE,TRUE,TRUE,TRUE
"ambiguous_negative","Overall",NA,"Calcifier","ZOO_COMMON_00278",TRUE,TRUE,TRUE,TRUE
"ambiguous_negative","Overall",NA,"Calcifier","ZOO_COMMON_00279",TRUE,TRUE,TRUE,TRUE
"ambiguous_negative","Overall",NA,"Calcifier","ZOO_COMMON_00280",TRUE,TRUE,TRUE,TRUE
"ambiguous_negative","Overall",NA,"Calcifier","ZOO_COMMON_00281",TRUE,TRUE,TRUE,TRUE
"ambiguous_negative","Overall",NA,"Calcifier","ZOO_COMMON_00282",FALSE,TRUE,FALSE,FALSE
"ambiguous_negative","Overall",NA,"Calcifier","ZOO_COMMON_00283",FALSE,TRUE,TRUE,FALSE
"ambiguous_negative","Overall",NA,"Calcifier","ZOO_COMMON_00284",FALSE,FALSE,TRUE,FALSE
"ambiguous_negative","Overall",NA,"Calcifier","ZOO_COMMON_00285",FALSE,TRUE,FALSE,FALSE
"ambiguous_negative","Overall",NA,"Calcifier","ZOO_COMMON_00286",TRUE,FALSE,FALSE,FALSE
"ambiguous_negative","Overall",NA,"Calcifier","ZOO_COMMON_00294",TRUE,FALSE,FALSE,FALSE
"ambiguous_negative","Overall",NA,"Calcifier","ZOO_COMMON_00296",TRUE,FALSE,FALSE,FALSE
"ambiguous_negative","Overall",NA,"Calcifier","ZOO_COMMON_00297",TRUE,TRUE,TRUE,TRUE
"ambiguous_negative","Overall",NA,"Calcifier","ZOO_COMMON_00298",TRUE,TRUE,TRUE,TRUE
"ambiguous_negative","Overall",NA,"Calcifier","ZOO_COMMON_00299",TRUE,TRUE,TRUE,TRUE
"ambiguous_negative","Overall",NA,"Calcifier","ZOO_COMMON_00300",TRUE,FALSE,FALSE,FALSE
"ambiguous_negative","Overall",NA,"Calcifier","ZOO_COMMON_00301",TRUE,FALSE,FALSE,FALSE
"ambiguous_negative","Overall",NA,"Calcifier","ZOO_COMMON_00303",FALSE,TRUE,FALSE,FALSE
"ambiguous_negative","Overall",NA,"Calcifier","ZOO_COMMON_00304",TRUE,FALSE,FALSE,FALSE
"ambiguous_negative","Overall",NA,"Calcifier","ZOO_COMMON_00306",TRUE,FALSE,FALSE,FALSE
"ambiguous_negative","Overall",NA,"Calcifier","ZOO_COMMON_00307",FALSE,TRUE,FALSE,FALSE
"ambiguous_negative","Overall",NA,"Calcifier","ZOO_COMMON_00314",TRUE,FALSE,FALSE,FALSE
"ambiguous_negative","Overall",NA,"Calcifier","ZOO_COMMON_00315",TRUE,FALSE,FALSE,FALSE
"ambiguous_negative","Overall",NA,"Calcifier","ZOO_COMMON_00316",TRUE,FALSE,FALSE,FALSE
"ambiguous_negative","Overall",NA,"Calcifier","ZOO_COMMON_00317",TRUE,FALSE,FALSE,FALSE
"ambiguous_negative","Overall",NA,"Calcifier","ZOO_COMMON_00318",TRUE,FALSE,FALSE,FALSE
"ambiguous_negative","Overall",NA,"Calcifier","ZOO_COMMON_00319",TRUE,FALSE,FALSE,FALSE
"ambiguous_negative","Overall",NA,"Calcifier","ZOO_COMMON_00320",TRUE,FALSE,FALSE,FALSE
"ambiguous_negative","Overall",NA,"Calcifier","ZOO_COMMON_00321",TRUE,FALSE,FALSE,FALSE
"ambiguous_negative","Overall",NA,"Calcifier","ZOO_COMMON_00322",TRUE,FALSE,FALSE,FALSE
"ambiguous_negative","Overall",NA,"Calcifier","ZOO_COMMON_00323",TRUE,FALSE,FALSE,FALSE
"ambiguous_negative","Overall",NA,"Calcifier","ZOO_COMMON_00324",TRUE,FALSE,FALSE,FALSE
"ambiguous_negative","Overall",NA,"Calcifier","ZOO_COMMON_00325",TRUE,FALSE,FALSE,FALSE
"ambiguous_negative","Overall",NA,"Calcifier","ZOO_COMMON_00326",TRUE,TRUE,TRUE,TRUE
"ambiguous_negative","Overall",NA,"Calcifier","ZOO_COMMON_00330",TRUE,FALSE,FALSE,FALSE
"ambiguous_negative","Overall",NA,"Calcifier","ZOO_COMMON_00331",TRUE,FALSE,FALSE,FALSE
"ambiguous_negative","Overall",NA,"Calcifier","ZOO_COMMON_00332",TRUE,FALSE,FALSE,FALSE
"ambiguous_negative","Overall",NA,"Calcifier","ZOO_COMMON_00333",TRUE,FALSE,FALSE,FALSE
"ambiguous_negative","Overall",NA,"Calcifier","ZOO_COMMON_00334",TRUE,FALSE,FALSE,FALSE
"ambiguous_negative","Overall",NA,"Calcifier","ZOO_COMMON_00335",TRUE,FALSE,FALSE,FALSE
"ambiguous_negative","Overall",NA,"Calcifier","ZOO_COMMON_00336",TRUE,FALSE,FALSE,FALSE
"ambiguous_negative","Overall",NA,"Calcifier","ZOO_COMMON_00337",TRUE,FALSE,FALSE,FALSE
"ambiguous_negative","Overall",NA,"Calcifier","ZOO_COMMON_00338",TRUE,FALSE,FALSE,FALSE
"ambiguous_negative","Overall",NA,"Calcifier","ZOO_COMMON_00346",TRUE,TRUE,TRUE,TRUE
"ambiguous_negative","Overall",NA,"Calcifier","ZOO_COMMON_00347",TRUE,TRUE,TRUE,TRUE
"ambiguous_negative","Overall",NA,"Calcifier","ZOO_COMMON_00348",TRUE,FALSE,FALSE,FALSE
"ambiguous_negative","Overall",NA,"Calcifier","ZOO_COMMON_00349",FALSE,TRUE,TRUE,FALSE
"ambiguous_negative","Overall",NA,"Calcifier","ZOO_COMMON_00350",TRUE,FALSE,FALSE,FALSE
"ambiguous_negative","Overall",NA,"Calcifier","ZOO_COMMON_00351",TRUE,FALSE,FALSE,FALSE
"ambiguous_negative","Overall",NA,"Calcifier","ZOO_COMMON_00352",TRUE,FALSE,FALSE,FALSE
"ambiguous_negative","Overall",NA,"Calcifier","ZOO_COMMON_00353",TRUE,FALSE,FALSE,FALSE
"ambiguous_negative","Overall",NA,"Calcifier","ZOO_COMMON_00356",TRUE,TRUE,TRUE,TRUE
"ambiguous_negative","Overall",NA,"Calcifier","ZOO_COMMON_00357",TRUE,FALSE,FALSE,FALSE
"ambiguous_negative","Overall",NA,"Calcifier","ZOO_COMMON_00358",TRUE,FALSE,FALSE,FALSE
"ambiguous_negative","Overall",NA,"Calcifier","ZOO_COMMON_00359",TRUE,FALSE,FALSE,FALSE
"ambiguous_negative","Overall",NA,"Calcifier","ZOO_COMMON_00360",TRUE,FALSE,FALSE,FALSE
"ambiguous_negative","Overall",NA,"Calcifier","ZOO_COMMON_00361",TRUE,FALSE,FALSE,FALSE
"ambiguous_negative","Overall",NA,"Calcifier","ZOO_COMMON_00365",TRUE,FALSE,FALSE,FALSE
"ambiguous_negative","Overall",NA,"Calcifier","ZOO_COMMON_00366",FALSE,FALSE,TRUE,FALSE
"ambiguous_negative","Overall",NA,"Calcifier","ZOO_COMMON_00367",FALSE,TRUE,FALSE,FALSE
"ambiguous_negative","Overall",NA,"Calcifier","ZOO_COMMON_00370",TRUE,FALSE,FALSE,FALSE
"ambiguous_negative","Overall",NA,"Calcifier","ZOO_COMMON_00371",TRUE,FALSE,FALSE,FALSE
"ambiguous_negative","Overall",NA,"Calcifier","ZOO_COMMON_00372",FALSE,TRUE,TRUE,FALSE
"ambiguous_negative","Overall",NA,"Calcifier","ZOO_COMMON_00373",TRUE,FALSE,FALSE,FALSE
"ambiguous_negative","Overall",NA,"Calcifier","ZOO_COMMON_00375",TRUE,FALSE,FALSE,FALSE
"ambiguous_negative","Overall",NA,"Calcifier","ZOO_COMMON_00376",FALSE,TRUE,FALSE,FALSE
"ambiguous_negative","Overall",NA,"Calcifier","ZOO_COMMON_00377",FALSE,TRUE,FALSE,FALSE
"ambiguous_negative","Overall",NA,"Calcifier","ZOO_COMMON_00378",FALSE,TRUE,FALSE,FALSE
"ambiguous_negative","Overall",NA,"Calcifier","ZOO_COMMON_00379",TRUE,FALSE,FALSE,FALSE
"ambiguous_negative","Overall",NA,"Calcifier","ZOO_COMMON_00380",TRUE,FALSE,FALSE,FALSE
"ambiguous_negative","Overall",NA,"Calcifier","ZOO_COMMON_00381",TRUE,FALSE,FALSE,FALSE
"ambiguous_negative","Overall",NA,"Calcifier","ZOO_COMMON_00382",TRUE,FALSE,FALSE,FALSE
"ambiguous_negative","Overall",NA,"Calcifier","ZOO_COMMON_00383",TRUE,FALSE,FALSE,FALSE
"ambiguous_negative","Overall",NA,"Calcifier","ZOO_COMMON_00396",TRUE,FALSE,FALSE,FALSE
"ambiguous_negative","Overall",NA,"Calcifier","ZOO_COMMON_00397",FALSE,TRUE,FALSE,FALSE
"ambiguous_negative","Overall",NA,"Calcifier","ZOO_COMMON_00398",TRUE,FALSE,FALSE,FALSE
"ambiguous_negative","Overall",NA,"Calcifier","ZOO_COMMON_00399",TRUE,FALSE,FALSE,FALSE
"ambiguous_negative","Overall",NA,"Calcifier","ZOO_COMMON_00400",TRUE,FALSE,FALSE,FALSE
"ambiguous_negative","Overall",NA,"Calcifier","ZOO_COMMON_00401",TRUE,FALSE,FALSE,FALSE
"ambiguous_negative","Overall",NA,"Calcifier","ZOO_COMMON_00406",TRUE,TRUE,TRUE,TRUE
"ambiguous_negative","Overall",NA,"Calcifier","ZOO_COMMON_00407",FALSE,TRUE,FALSE,FALSE
"ambiguous_negative","Overall",NA,"Calcifier","ZOO_COMMON_00412",TRUE,FALSE,FALSE,FALSE
"ambiguous_negative","Overall",NA,"Calcifier","ZOO_COMMON_00413",TRUE,FALSE,FALSE,FALSE
"ambiguous_negative","Overall",NA,"Calcifier","ZOO_COMMON_00414",TRUE,FALSE,FALSE,FALSE
"ambiguous_negative","Overall",NA,"Calcifier","ZOO_COMMON_00415",TRUE,TRUE,TRUE,TRUE
"ambiguous_negative","Overall",NA,"Calcifier","ZOO_COMMON_00416",TRUE,FALSE,FALSE,FALSE
"ambiguous_negative","Overall",NA,"Calcifier","ZOO_COMMON_00417",TRUE,TRUE,TRUE,TRUE
"ambiguous_negative","Overall",NA,"Calcifier","ZOO_COMMON_00420",FALSE,TRUE,FALSE,FALSE
"ambiguous_negative","Overall",NA,"Calcifier","ZOO_COMMON_00421",TRUE,FALSE,FALSE,FALSE
"ambiguous_negative","Overall",NA,"Calcifier","ZOO_COMMON_00423",TRUE,FALSE,FALSE,FALSE
"ambiguous_negative","Overall",NA,"Calcifier","ZOO_COMMON_00424",TRUE,FALSE,FALSE,FALSE
"ambiguous_negative","Overall",NA,"Calcifier","ZOO_COMMON_00425",TRUE,FALSE,FALSE,FALSE
"ambiguous_negative","Overall",NA,"Calcifier","ZOO_COMMON_00426",TRUE,FALSE,FALSE,FALSE
"ambiguous_negative","Overall",NA,"Calcifier","ZOO_COMMON_00431",TRUE,FALSE,FALSE,FALSE
"ambiguous_negative","Overall",NA,"Calcifier","ZOO_COMMON_00432",TRUE,TRUE,TRUE,TRUE
"ambiguous_negative","Overall",NA,"Calcifier","ZOO_COMMON_00433",FALSE,TRUE,TRUE,FALSE
"ambiguous_negative","Overall",NA,"Calcifier","ZOO_COMMON_00434",TRUE,FALSE,FALSE,FALSE
"ambiguous_negative","Overall",NA,"Calcifier","ZOO_COMMON_00436",TRUE,FALSE,FALSE,FALSE
"ambiguous_negative","Overall",NA,"Calcifier","ZOO_COMMON_00437",TRUE,FALSE,FALSE,FALSE
"ambiguous_negative","Overall",NA,"Calcifier","ZOO_COMMON_00438",TRUE,FALSE,FALSE,FALSE
"ambiguous_negative","Overall",NA,"Calcifier","ZOO_COMMON_00439",TRUE,FALSE,FALSE,FALSE
"ambiguous_negative","Overall",NA,"Calcifier","ZOO_COMMON_00440",TRUE,FALSE,FALSE,FALSE
"ambiguous_negative","Overall",NA,"Calcifier","ZOO_COMMON_00441",TRUE,FALSE,FALSE,FALSE
"ambiguous_negative","Overall",NA,"Calcifier","ZOO_COMMON_00442",TRUE,FALSE,FALSE,FALSE
"ambiguous_negative","Overall",NA,"Calcifier","ZOO_COMMON_00446",TRUE,FALSE,FALSE,FALSE
"ambiguous_negative","Overall",NA,"Calcifier","ZOO_COMMON_00448",FALSE,TRUE,FALSE,FALSE
"ambiguous_negative","Overall",NA,"Calcifier","ZOO_COMMON_00449",FALSE,TRUE,FALSE,FALSE
"ambiguous_negative","Overall",NA,"Calcifier","ZOO_COMMON_00450",TRUE,FALSE,FALSE,FALSE
"ambiguous_negative","Overall",NA,"Calcifier","ZOO_COMMON_00456",FALSE,TRUE,FALSE,FALSE
"ambiguous_negative","Overall",NA,"Calcifier","ZOO_COMMON_00457",TRUE,FALSE,FALSE,FALSE
"ambiguous_negative","Overall",NA,"Calcifier","ZOO_COMMON_00458",TRUE,FALSE,FALSE,FALSE
"ambiguous_negative","Overall",NA,"Calcifier","ZOO_COMMON_00459",FALSE,TRUE,TRUE,FALSE
"ambiguous_negative","Overall",NA,"Calcifier","ZOO_COMMON_00460",FALSE,TRUE,TRUE,FALSE
"ambiguous_negative","Overall",NA,"Calcifier","ZOO_COMMON_00464",FALSE,FALSE,TRUE,FALSE
"ambiguous_negative","Overall",NA,"Calcifier","ZOO_COMMON_00465",TRUE,FALSE,FALSE,FALSE
"ambiguous_negative","Overall",NA,"Calcifier","ZOO_COMMON_00466",TRUE,FALSE,FALSE,FALSE
"ambiguous_negative","Overall",NA,"Calcifier","ZOO_COMMON_00467",FALSE,TRUE,TRUE,FALSE
"ambiguous_negative","Overall",NA,"Calcifier","ZOO_COMMON_00468",FALSE,TRUE,TRUE,FALSE
"ambiguous_negative","Overall",NA,"Calcifier","ZOO_COMMON_00481",FALSE,TRUE,FALSE,FALSE
"ambiguous_negative","Overall",NA,"Calcifier","ZOO_COMMON_00482",FALSE,TRUE,FALSE,FALSE
"ambiguous_negative","Overall",NA,"Calcifier","ZOO_COMMON_00483",TRUE,FALSE,FALSE,FALSE
"ambiguous_negative","Overall",NA,"Calcifier","ZOO_COMMON_00484",TRUE,FALSE,FALSE,FALSE
"ambiguous_negative","Overall",NA,"Calcifier","ZOO_COMMON_00485",TRUE,FALSE,FALSE,FALSE
"ambiguous_negative","Overall",NA,"Calcifier","ZOO_COMMON_00487",TRUE,FALSE,FALSE,FALSE
"ambiguous_negative","Overall",NA,"Calcifier","ZOO_COMMON_00488",FALSE,TRUE,FALSE,FALSE
"ambiguous_negative","Overall",NA,"Calcifier","ZOO_COMMON_00489",FALSE,TRUE,FALSE,FALSE
"ambiguous_negative","Overall",NA,"Calcifier","ZOO_COMMON_00490",TRUE,TRUE,TRUE,TRUE
"ambiguous_negative","Overall",NA,"Calcifier","ZOO_COMMON_00491",TRUE,TRUE,TRUE,TRUE
"ambiguous_negative","Overall",NA,"Calcifier","ZOO_COMMON_00492",TRUE,FALSE,FALSE,FALSE
"ambiguous_negative","Overall",NA,"Calcifier","ZOO_COMMON_00493",TRUE,FALSE,FALSE,FALSE
"ambiguous_negative","Overall",NA,"Calcifier","ZOO_COMMON_00498",TRUE,FALSE,FALSE,FALSE
"ambiguous_negative","Overall",NA,"Calcifier","ZOO_COMMON_00499",TRUE,FALSE,FALSE,FALSE
"ambiguous_negative","Overall",NA,"Calcifier","ZOO_COMMON_00500",TRUE,FALSE,FALSE,FALSE
"ambiguous_negative","Overall",NA,"Calcifier","ZOO_COMMON_00501",TRUE,FALSE,FALSE,FALSE
"ambiguous_negative","Overall",NA,"Calcifier","ZOO_COMMON_00502",TRUE,FALSE,FALSE,FALSE
"ambiguous_negative","Overall",NA,"Calcifier","ZOO_COMMON_00503",TRUE,FALSE,FALSE,FALSE
"ambiguous_negative","Overall",NA,"Calcifier","ZOO_COMMON_00504",TRUE,FALSE,FALSE,FALSE
"ambiguous_negative","Overall",NA,"Calcifier","ZOO_COMMON_00505",TRUE,FALSE,FALSE,FALSE
"ambiguous_negative","Overall",NA,"Calcifier","ZOO_COMMON_00506",TRUE,FALSE,FALSE,FALSE
"ambiguous_negative","Overall",NA,"Calcifier","ZOO_COMMON_00507",TRUE,FALSE,FALSE,FALSE
"ambiguous_negative","Overall",NA,"Calcifier","ZOO_COMMON_00508",TRUE,FALSE,FALSE,FALSE
"ambiguous_negative","Overall",NA,"Calcifier","ZOO_COMMON_00509",TRUE,FALSE,FALSE,FALSE
"ambiguous_negative","Overall",NA,"Calcifier","ZOO_COMMON_00510",TRUE,FALSE,FALSE,FALSE
"ambiguous_negative","Overall",NA,"Calcifier","ZOO_COMMON_00511",TRUE,FALSE,FALSE,FALSE
"ambiguous_negative","Overall",NA,"Calcifier","ZOO_COMMON_00512",TRUE,FALSE,FALSE,FALSE
"ambiguous_negative","Overall",NA,"Calcifier","ZOO_COMMON_00513",TRUE,FALSE,FALSE,FALSE
"ambiguous_negative","Overall",NA,"Calcifier","ZOO_COMMON_00514",TRUE,FALSE,FALSE,FALSE
"ambiguous_negative","Overall",NA,"Calcifier","ZOO_COMMON_00515",TRUE,FALSE,FALSE,FALSE
"ambiguous_negative","Overall",NA,"Calcifier","ZOO_COMMON_00516",TRUE,FALSE,FALSE,FALSE
"ambiguous_negative","Overall",NA,"Calcifier","ZOO_COMMON_00517",TRUE,FALSE,FALSE,FALSE
"ambiguous_negative","Overall",NA,"Calcifier","ZOO_COMMON_00518",TRUE,FALSE,FALSE,FALSE
"ambiguous_negative","Overall",NA,"Calcifier","ZOO_COMMON_00519",TRUE,FALSE,FALSE,FALSE
"ambiguous_negative","Overall",NA,"Calcifier","ZOO_COMMON_00520",TRUE,FALSE,FALSE,FALSE
"ambiguous_negative","Overall",NA,"Calcifier","ZOO_COMMON_00521",TRUE,FALSE,FALSE,FALSE
"ambiguous_negative","Overall",NA,"Calcifier","ZOO_COMMON_00522",TRUE,FALSE,FALSE,FALSE
"ambiguous_negative","Overall",NA,"Calcifier","ZOO_COMMON_00523",TRUE,FALSE,FALSE,FALSE
"ambiguous_negative","Overall",NA,"Calcifier","ZOO_COMMON_00524",FALSE,FALSE,TRUE,FALSE
"ambiguous_negative","Overall",NA,"Calcifier","ZOO_COMMON_00525",FALSE,TRUE,FALSE,FALSE
"ambiguous_negative","Overall",NA,"Calcifier","ZOO_COMMON_00526",TRUE,FALSE,FALSE,FALSE
"ambiguous_negative","Overall",NA,"Calcifier","ZOO_COMMON_00527",TRUE,FALSE,FALSE,FALSE
"ambiguous_negative","Overall",NA,"Calcifier","ZOO_COMMON_00528",TRUE,FALSE,FALSE,FALSE
"ambiguous_negative","Overall",NA,"Calcifier","ZOO_COMMON_00529",TRUE,FALSE,FALSE,FALSE
"ambiguous_negative","Overall",NA,"Calcifier","ZOO_COMMON_00530",TRUE,FALSE,FALSE,FALSE
"ambiguous_negative","Overall",NA,"Calcifier","ZOO_COMMON_00531",TRUE,TRUE,TRUE,TRUE
"ambiguous_negative","Overall",NA,"Calcifier","ZOO_COMMON_00532",TRUE,FALSE,FALSE,FALSE
"ambiguous_negative","Overall",NA,"Calcifier","ZOO_COMMON_00533",TRUE,FALSE,FALSE,FALSE
"ambiguous_negative","Overall",NA,"Calcifier","ZOO_COMMON_00537",TRUE,FALSE,FALSE,FALSE
"ambiguous_negative","Overall",NA,"Calcifier","ZOO_COMMON_00545",FALSE,TRUE,FALSE,FALSE
"ambiguous_negative","Overall",NA,"Calcifier","ZOO_COMMON_00546",FALSE,TRUE,FALSE,FALSE
"ambiguous_negative","Overall",NA,"Calcifier","ZOO_COMMON_00547",TRUE,FALSE,FALSE,FALSE
"ambiguous_negative","Overall",NA,"Calcifier","ZOO_COMMON_00556",TRUE,FALSE,FALSE,FALSE
"ambiguous_negative","Overall",NA,"Calcifier","ZOO_COMMON_00559",TRUE,FALSE,FALSE,FALSE
"ambiguous_negative","Overall",NA,"Calcifier","ZOO_COMMON_00560",TRUE,FALSE,FALSE,FALSE
"ambiguous_negative","Overall",NA,"Calcifier","ZOO_COMMON_00563",TRUE,TRUE,TRUE,TRUE
"ambiguous_negative","Overall",NA,"Calcifier","ZOO_COMMON_00564",TRUE,TRUE,TRUE,TRUE
"ambiguous_negative","Overall",NA,"Calcifier","ZOO_COMMON_00565",FALSE,TRUE,FALSE,FALSE
"ambiguous_negative","Overall",NA,"Calcifier","ZOO_COMMON_00566",TRUE,FALSE,FALSE,FALSE
"ambiguous_negative","Overall",NA,"Calcifier","ZOO_COMMON_00567",TRUE,FALSE,FALSE,FALSE
"ambiguous_negative","Overall",NA,"Calcifier","ZOO_COMMON_00571",TRUE,FALSE,FALSE,FALSE
"ambiguous_negative","Overall",NA,"Calcifier","ZOO_COMMON_00572",TRUE,FALSE,FALSE,FALSE
"ambiguous_negative","Overall",NA,"Calcifier","ZOO_COMMON_00573",TRUE,FALSE,FALSE,FALSE
"ambiguous_negative","Overall",NA,"Calcifier","ZOO_COMMON_00580",FALSE,FALSE,TRUE,FALSE
"ambiguous_negative","Overall",NA,"Calcifier","ZOO_COMMON_00581",FALSE,FALSE,TRUE,FALSE
"ambiguous_negative","Overall",NA,"Calcifier","ZOO_COMMON_00582",FALSE,TRUE,FALSE,FALSE
"ambiguous_negative","Overall",NA,"Calcifier","ZOO_COMMON_00583",FALSE,TRUE,FALSE,FALSE
"ambiguous_negative","Overall",NA,"Calcifier","ZOO_COMMON_00584",FALSE,TRUE,FALSE,FALSE
"ambiguous_negative","Overall",NA,"Calcifier","ZOO_COMMON_00585",FALSE,TRUE,FALSE,FALSE
"ambiguous_negative","Overall",NA,"Calcifier","ZOO_COMMON_00588",TRUE,FALSE,FALSE,FALSE
"ambiguous_negative","Overall",NA,"Calcifier","ZOO_COMMON_00591",TRUE,FALSE,FALSE,FALSE
"ambiguous_negative","Overall",NA,"Calcifier","ZOO_COMMON_00592",TRUE,FALSE,FALSE,FALSE
"ambiguous_negative","Overall",NA,"Calcifier","ZOO_COMMON_00599",TRUE,FALSE,FALSE,FALSE
"ambiguous_negative","Overall",NA,"Calcifier","ZOO_COMMON_00600",TRUE,FALSE,FALSE,FALSE
"ambiguous_negative","Overall",NA,"Calcifier","ZOO_COMMON_00601",TRUE,FALSE,FALSE,FALSE
"ambiguous_negative","Overall",NA,"Calcifier","ZOO_COMMON_00602",TRUE,FALSE,FALSE,FALSE
"ambiguous_negative","Overall",NA,"Calcifier","ZOO_COMMON_00603",TRUE,FALSE,FALSE,FALSE
"ambiguous_negative","Overall",NA,"Calcifier","ZOO_COMMON_00606",TRUE,FALSE,FALSE,FALSE
"ambiguous_negative","Overall",NA,"Calcifier","ZOO_COMMON_00607",TRUE,FALSE,FALSE,FALSE
"ambiguous_negative","Overall",NA,"Calcifier","ZOO_COMMON_00608",TRUE,FALSE,FALSE,FALSE
"ambiguous_negative","Overall",NA,"Calcifier","ZOO_COMMON_00612",TRUE,FALSE,FALSE,FALSE
"ambiguous_negative","Overall",NA,"Calcifier","ZOO_COMMON_00614",TRUE,TRUE,TRUE,TRUE
"ambiguous_negative","Overall",NA,"Calcifier","ZOO_COMMON_00615",FALSE,TRUE,FALSE,FALSE
"ambiguous_negative","Overall",NA,"Calcifier","ZOO_COMMON_00617",TRUE,FALSE,FALSE,FALSE
"ambiguous_negative","Overall",NA,"Calcifier","ZOO_COMMON_00618",TRUE,FALSE,FALSE,FALSE
"ambiguous_negative","Overall",NA,"Calcifier","ZOO_COMMON_00622",FALSE,TRUE,FALSE,FALSE
"ambiguous_negative","Overall",NA,"Calcifier","ZOO_COMMON_00623",FALSE,TRUE,FALSE,FALSE
"ambiguous_negative","Overall",NA,"Calcifier","ZOO_COMMON_00624",TRUE,TRUE,TRUE,TRUE
"ambiguous_negative","Overall",NA,"Calcifier","ZOO_COMMON_00625",FALSE,FALSE,TRUE,FALSE
"ambiguous_negative","Overall",NA,"Calcifier","ZOO_COMMON_00626",FALSE,FALSE,TRUE,FALSE
"ambiguous_negative","Overall",NA,"Calcifier","ZOO_COMMON_00627",TRUE,FALSE,FALSE,FALSE
"ambiguous_negative","Overall",NA,"Calcifier","ZOO_COMMON_00628",TRUE,FALSE,FALSE,FALSE
"ambiguous_negative","Overall",NA,"Calcifier","ZOO_COMMON_00629",FALSE,TRUE,FALSE,FALSE
"ambiguous_negative","Overall",NA,"Calcifier","ZOO_COMMON_00630",FALSE,TRUE,FALSE,FALSE
"ambiguous_negative","Overall",NA,"Calcifier","ZOO_COMMON_00631",TRUE,TRUE,TRUE,TRUE
"ambiguous_negative","Overall",NA,"Calcifier","ZOO_COMMON_00632",TRUE,TRUE,TRUE,TRUE
"ambiguous_negative","Overall",NA,"Calcifier","ZOO_COMMON_00633",FALSE,TRUE,FALSE,FALSE
"ambiguous_negative","Overall",NA,"Calcifier","ZOO_COMMON_00634",TRUE,FALSE,FALSE,FALSE
"ambiguous_negative","Overall",NA,"Calcifier","ZOO_COMMON_00635",TRUE,FALSE,FALSE,FALSE
"ambiguous_negative","Overall",NA,"Calcifier","ZOO_COMMON_00636",TRUE,FALSE,FALSE,FALSE
"ambiguous_negative","Overall",NA,"Calcifier","ZOO_COMMON_00637",TRUE,FALSE,FALSE,FALSE
"ambiguous_negative","Overall",NA,"Calcifier","ZOO_COMMON_00638",FALSE,TRUE,FALSE,FALSE
"ambiguous_negative","Overall",NA,"Calcifier","ZOO_COMMON_00639",TRUE,FALSE,FALSE,FALSE
"ambiguous_negative","Overall",NA,"Calcifier","ZOO_COMMON_00640",FALSE,TRUE,FALSE,FALSE
"ambiguous_negative","Overall",NA,"Calcifier","ZOO_COMMON_00641",FALSE,TRUE,FALSE,FALSE
"ambiguous_negative","Overall",NA,"Calcifier","ZOO_COMMON_00645",TRUE,FALSE,FALSE,FALSE
"ambiguous_negative","Overall",NA,"Calcifier","ZOO_COMMON_00646",TRUE,FALSE,FALSE,FALSE
"ambiguous_negative","Overall",NA,"Calcifier","ZOO_COMMON_00647",TRUE,TRUE,TRUE,TRUE
"ambiguous_negative","Overall",NA,"Calcifier","ZOO_COMMON_00648",TRUE,TRUE,TRUE,TRUE
"ambiguous_negative","Overall",NA,"Calcifier","ZOO_COMMON_00649",TRUE,TRUE,TRUE,TRUE
"ambiguous_negative","Overall",NA,"Calcifier","ZOO_COMMON_00650",TRUE,TRUE,TRUE,TRUE
"ambiguous_negative","Overall",NA,"Calcifier","ZOO_COMMON_00651",TRUE,TRUE,TRUE,TRUE
"ambiguous_negative","Overall",NA,"Calcifier","ZOO_COMMON_00653",TRUE,FALSE,FALSE,FALSE
"ambiguous_negative","Overall",NA,"Calcifier","ZOO_COMMON_00656",TRUE,TRUE,TRUE,TRUE
"ambiguous_negative","Overall",NA,"Calcifier","ZOO_COMMON_00657",TRUE,FALSE,FALSE,FALSE
"ambiguous_negative","Overall",NA,"Calcifier","ZOO_COMMON_00671",TRUE,FALSE,FALSE,FALSE
"ambiguous_negative","Overall",NA,"Calcifier","ZOO_COMMON_00672",TRUE,FALSE,FALSE,FALSE
"ambiguous_negative","Overall",NA,"Calcifier","ZOO_COMMON_00673",TRUE,FALSE,FALSE,FALSE
"ambiguous_negative","Overall",NA,"Calcifier","ZOO_COMMON_00677",TRUE,FALSE,FALSE,FALSE
"ambiguous_negative","Overall",NA,"Calcifier","ZOO_COMMON_00678",TRUE,FALSE,FALSE,FALSE
"ambiguous_negative","Overall",NA,"Calcifier","ZOO_COMMON_00679",TRUE,FALSE,FALSE,FALSE
"ambiguous_negative","Overall",NA,"Calcifier","ZOO_COMMON_00680",FALSE,TRUE,FALSE,FALSE
"ambiguous_negative","Overall",NA,"Calcifier","ZOO_COMMON_00681",TRUE,FALSE,FALSE,FALSE
"ambiguous_negative","Overall",NA,"Calcifier","ZOO_COMMON_00684",TRUE,FALSE,FALSE,FALSE
"ambiguous_negative","Overall",NA,"Calcifier","ZOO_COMMON_00686",TRUE,FALSE,FALSE,FALSE
"ambiguous_negative","Overall",NA,"Calcifier","ZOO_COMMON_00696",TRUE,TRUE,TRUE,TRUE
"ambiguous_negative","Overall",NA,"Calcifier","ZOO_COMMON_00697",TRUE,TRUE,TRUE,TRUE
"ambiguous_negative","Overall",NA,"Calcifier","ZOO_COMMON_00698",TRUE,TRUE,TRUE,TRUE
"ambiguous_negative","Overall",NA,"Calcifier","ZOO_COMMON_00703",TRUE,FALSE,FALSE,FALSE
"ambiguous_negative","Overall",NA,"Calcifier","ZOO_COMMON_00706",FALSE,TRUE,FALSE,FALSE
"ambiguous_negative","Overall",NA,"Calcifier","ZOO_COMMON_00707",FALSE,TRUE,FALSE,FALSE
"ambiguous_negative","Overall",NA,"Calcifier","ZOO_COMMON_00708",FALSE,TRUE,FALSE,FALSE
"ambiguous_negative","Overall",NA,"Calcifier","ZOO_COMMON_00709",FALSE,TRUE,FALSE,FALSE
"ambiguous_negative","Overall",NA,"Calcifier","ZOO_COMMON_00710",FALSE,TRUE,FALSE,FALSE
"ambiguous_negative","Overall",NA,"Calcifier","ZOO_COMMON_00711",FALSE,TRUE,FALSE,FALSE
"ambiguous_negative","Overall",NA,"Calcifier","ZOO_COMMON_00712",FALSE,TRUE,FALSE,FALSE
"ambiguous_negative","Overall",NA,"Calcifier","ZOO_COMMON_00714",TRUE,FALSE,FALSE,FALSE
"ambiguous_negative","Overall",NA,"Calcifier","ZOO_COMMON_00715",TRUE,FALSE,FALSE,FALSE
"ambiguous_negative","Overall",NA,"Calcifier","ZOO_COMMON_00716",TRUE,FALSE,FALSE,FALSE
"ambiguous_negative","Overall",NA,"Calcifier","ZOO_COMMON_00717",TRUE,FALSE,FALSE,FALSE
"ambiguous_negative","Overall",NA,"Calcifier","ZOO_COMMON_00718",TRUE,FALSE,FALSE,FALSE
"ambiguous_negative","Overall",NA,"Calcifier","ZOO_COMMON_00720",TRUE,FALSE,FALSE,FALSE
"ambiguous_negative","Overall",NA,"Calcifier","ZOO_COMMON_00724",FALSE,TRUE,TRUE,FALSE
"ambiguous_negative","Overall",NA,"Calcifier","ZOO_COMMON_00725",TRUE,FALSE,FALSE,FALSE
"ambiguous_negative","Overall",NA,"Calcifier","ZOO_COMMON_00726",FALSE,TRUE,TRUE,FALSE
"ambiguous_negative","Overall",NA,"Calcifier","ZOO_COMMON_00727",TRUE,FALSE,FALSE,FALSE
"ambiguous_negative","Overall",NA,"Calcifier","ZOO_COMMON_00738",TRUE,FALSE,FALSE,FALSE
"ambiguous_negative","Overall",NA,"Calcifier","ZOO_COMMON_00739",TRUE,FALSE,FALSE,FALSE
"ambiguous_negative","Overall",NA,"Calcifier","ZOO_COMMON_00740",FALSE,TRUE,FALSE,FALSE
"ambiguous_negative","Overall",NA,"Calcifier","ZOO_COMMON_00741",TRUE,FALSE,FALSE,FALSE
"ambiguous_negative","Overall",NA,"Calcifier","ZOO_COMMON_00742",TRUE,TRUE,TRUE,TRUE
"ambiguous_negative","Overall",NA,"Calcifier","ZOO_COMMON_00743",TRUE,FALSE,FALSE,FALSE
"ambiguous_negative","Overall",NA,"Calcifier","ZOO_COMMON_00744",TRUE,FALSE,FALSE,FALSE
"ambiguous_negative","Overall",NA,"Calcifier","ZOO_COMMON_00746",FALSE,TRUE,TRUE,FALSE
"ambiguous_negative","Overall",NA,"Calcifier","ZOO_COMMON_00747",TRUE,FALSE,FALSE,FALSE
"ambiguous_negative","Overall",NA,"Calcifier","ZOO_COMMON_00748",TRUE,TRUE,TRUE,TRUE
"ambiguous_negative","Overall",NA,"Calcifier","ZOO_COMMON_00749",TRUE,TRUE,TRUE,TRUE
"ambiguous_negative","Overall",NA,"Calcifier","ZOO_COMMON_00750",TRUE,TRUE,TRUE,TRUE
"ambiguous_negative","Overall",NA,"Calcifier","ZOO_COMMON_00751",TRUE,TRUE,TRUE,TRUE
"ambiguous_negative","Overall",NA,"Calcifier","ZOO_COMMON_00756",TRUE,TRUE,TRUE,TRUE
"ambiguous_negative","Overall",NA,"Calcifier","ZOO_COMMON_00759",TRUE,FALSE,FALSE,FALSE
"ambiguous_negative","Overall",NA,"Calcifier","ZOO_COMMON_00760",TRUE,FALSE,FALSE,FALSE
"ambiguous_negative","Overall",NA,"Calcifier","ZOO_COMMON_00761",TRUE,FALSE,FALSE,FALSE
"ambiguous_negative","Overall",NA,"Calcifier","ZOO_COMMON_00763",TRUE,FALSE,FALSE,FALSE
"ambiguous_negative","Overall",NA,"Calcifier","ZOO_COMMON_00764",TRUE,FALSE,FALSE,FALSE
"ambiguous_negative","Overall",NA,"Calcifier","ZOO_COMMON_00765",FALSE,FALSE,TRUE,FALSE
"ambiguous_negative","Overall",NA,"Calcifier","ZOO_COMMON_00766",FALSE,TRUE,FALSE,FALSE
"ambiguous_negative","Overall",NA,"Calcifier","ZOO_COMMON_00767",TRUE,FALSE,FALSE,FALSE
"ambiguous_negative","Overall",NA,"Calcifier","ZOO_COMMON_00768",TRUE,FALSE,FALSE,FALSE
"ambiguous_negative","Overall",NA,"Calcifier","ZOO_COMMON_00769",TRUE,FALSE,FALSE,FALSE
"ambiguous_negative","Overall",NA,"Calcifier","ZOO_COMMON_00774",TRUE,FALSE,FALSE,FALSE
"ambiguous_negative","Overall",NA,"Calcifier","ZOO_COMMON_00775",TRUE,FALSE,FALSE,FALSE
"ambiguous_negative","Overall",NA,"Calcifier","ZOO_COMMON_00776",TRUE,FALSE,FALSE,FALSE
"ambiguous_negative","Overall",NA,"Calcifier","ZOO_COMMON_00777",TRUE,FALSE,FALSE,FALSE
"ambiguous_negative","Overall",NA,"Calcifier","ZOO_COMMON_00778",TRUE,FALSE,FALSE,FALSE
"ambiguous_negative","Overall",NA,"Calcifier","ZOO_COMMON_00779",TRUE,FALSE,FALSE,FALSE
"ambiguous_negative","Overall",NA,"Calcifier","ZOO_COMMON_00780",TRUE,FALSE,FALSE,FALSE
"ambiguous_negative","Overall",NA,"Calcifier","ZOO_COMMON_00781",TRUE,FALSE,FALSE,FALSE
"ambiguous_negative","Overall",NA,"Calcifier","ZOO_COMMON_00782",TRUE,FALSE,FALSE,FALSE
"ambiguous_negative","Overall",NA,"Calcifier","ZOO_COMMON_00783",TRUE,FALSE,FALSE,FALSE
"ambiguous_negative","Overall",NA,"Calcifier","ZOO_COMMON_00784",FALSE,TRUE,TRUE,FALSE
"ambiguous_negative","Overall",NA,"Calcifier","ZOO_COMMON_00785",FALSE,TRUE,TRUE,FALSE
"ambiguous_negative","Overall",NA,"Calcifier","ZOO_COMMON_00786",TRUE,FALSE,FALSE,FALSE
"ambiguous_negative","Overall",NA,"Calcifier","ZOO_COMMON_00787",TRUE,FALSE,FALSE,FALSE
"ambiguous_negative","Overall",NA,"Calcifier","ZOO_COMMON_00789",TRUE,FALSE,FALSE,FALSE
"ambiguous_negative","Overall",NA,"Calcifier","ZOO_COMMON_00790",TRUE,FALSE,FALSE,FALSE
"ambiguous_negative","Overall",NA,"Calcifier","ZOO_COMMON_00791",FALSE,TRUE,TRUE,FALSE
"ambiguous_negative","Overall",NA,"Calcifier","ZOO_COMMON_00802",TRUE,FALSE,FALSE,FALSE
"ambiguous_negative","Overall",NA,"Calcifier","ZOO_COMMON_00813",FALSE,TRUE,FALSE,FALSE
"ambiguous_negative","Overall",NA,"Calcifier","ZOO_COMMON_00815",TRUE,FALSE,FALSE,FALSE
"ambiguous_negative","Overall",NA,"Calcifier","ZOO_COMMON_00816",TRUE,FALSE,FALSE,FALSE
"ambiguous_negative","Overall",NA,"Calcifier","ZOO_COMMON_00817",TRUE,FALSE,FALSE,FALSE
"ambiguous_negative","Overall",NA,"Calcifier","ZOO_COMMON_00818",TRUE,FALSE,FALSE,FALSE
"ambiguous_negative","Overall",NA,"Calcifier","ZOO_COMMON_00819",TRUE,FALSE,FALSE,FALSE
"ambiguous_negative","Overall",NA,"Calcifier","ZOO_COMMON_00820",FALSE,TRUE,FALSE,FALSE
"ambiguous_negative","Overall",NA,"Calcifier","ZOO_COMMON_00821",TRUE,TRUE,TRUE,TRUE
"ambiguous_negative","Overall",NA,"Calcifier","ZOO_COMMON_00822",TRUE,TRUE,TRUE,TRUE
"ambiguous_negative","Overall",NA,"Calcifier","ZOO_COMMON_00823",TRUE,TRUE,TRUE,TRUE
"ambiguous_negative","Overall",NA,"Calcifier","ZOO_COMMON_00824",TRUE,FALSE,FALSE,FALSE
"ambiguous_negative","Overall",NA,"Calcifier","ZOO_COMMON_00825",TRUE,FALSE,FALSE,FALSE
"ambiguous_negative","Overall",NA,"Calcifier","ZOO_COMMON_00828",TRUE,FALSE,FALSE,FALSE
"ambiguous_negative","Overall",NA,"Calcifier","ZOO_COMMON_00829",TRUE,FALSE,FALSE,FALSE
"ambiguous_negative","Overall",NA,"Calcifier","ZOO_COMMON_00830",TRUE,FALSE,FALSE,FALSE
"ambiguous_negative","Overall",NA,"Calcifier","ZOO_COMMON_00831",TRUE,FALSE,FALSE,FALSE
"ambiguous_negative","Overall",NA,"Calcifier","ZOO_COMMON_00832",TRUE,FALSE,FALSE,FALSE
"ambiguous_negative","Overall",NA,"Calcifier","ZOO_COMMON_00833",TRUE,FALSE,FALSE,FALSE
"ambiguous_negative","Overall",NA,"Calcifier","ZOO_COMMON_00834",TRUE,FALSE,FALSE,FALSE
"ambiguous_negative","Overall",NA,"Calcifier","ZOO_COMMON_00835",TRUE,FALSE,FALSE,FALSE
"ambiguous_negative","Overall",NA,"Calcifier","ZOO_COMMON_00841",TRUE,FALSE,FALSE,FALSE
"ambiguous_negative","Overall",NA,"Calcifier","ZOO_COMMON_00842",TRUE,FALSE,FALSE,FALSE
"ambiguous_negative","Overall",NA,"Calcifier","ZOO_COMMON_00843",TRUE,FALSE,FALSE,FALSE
"ambiguous_negative","Overall",NA,"Calcifier","ZOO_COMMON_00844",FALSE,TRUE,TRUE,FALSE
"ambiguous_negative","Overall",NA,"Calcifier","ZOO_COMMON_00845",TRUE,TRUE,TRUE,TRUE
"ambiguous_negative","Overall",NA,"Calcifier","ZOO_COMMON_00847",TRUE,FALSE,FALSE,FALSE
"ambiguous_negative","Overall",NA,"Calcifier","ZOO_COMMON_00848",TRUE,FALSE,FALSE,FALSE
"ambiguous_negative","Overall",NA,"Calcifier","ZOO_COMMON_00849",TRUE,FALSE,FALSE,FALSE
"ambiguous_negative","Overall",NA,"Calcifier","ZOO_COMMON_00850",TRUE,FALSE,FALSE,FALSE
"ambiguous_negative","Overall",NA,"Calcifier","ZOO_COMMON_00851",TRUE,FALSE,FALSE,FALSE
"ambiguous_negative","Overall",NA,"Calcifier","ZOO_COMMON_00852",TRUE,FALSE,FALSE,FALSE
"ambiguous_negative","Overall",NA,"Calcifier","ZOO_COMMON_00853",TRUE,FALSE,FALSE,FALSE
"ambiguous_negative","Overall",NA,"Calcifier","ZOO_COMMON_00854",TRUE,FALSE,FALSE,FALSE
"ambiguous_negative","Overall",NA,"Calcifier","ZOO_COMMON_00855",TRUE,FALSE,FALSE,FALSE
"ambiguous_negative","Overall",NA,"Calcifier","ZOO_COMMON_00856",TRUE,FALSE,FALSE,FALSE
"ambiguous_negative","Overall",NA,"Calcifier","ZOO_COMMON_00857",TRUE,FALSE,FALSE,FALSE
"ambiguous_negative","Overall",NA,"Calcifier","ZOO_COMMON_00859",TRUE,FALSE,FALSE,FALSE
"ambiguous_negative","Overall",NA,"Calcifier","ZOO_COMMON_00862",TRUE,TRUE,TRUE,TRUE
"ambiguous_negative","Overall",NA,"Calcifier","ZOO_COMMON_00863",TRUE,TRUE,TRUE,TRUE
"ambiguous_negative","Overall",NA,"Calcifier","ZOO_COMMON_00864",TRUE,TRUE,TRUE,TRUE
"ambiguous_negative","Overall",NA,"Calcifier","ZOO_COMMON_00867",TRUE,FALSE,FALSE,FALSE
"ambiguous_negative","Overall",NA,"Calcifier","ZOO_COMMON_00868",TRUE,FALSE,FALSE,FALSE
"ambiguous_negative","Overall",NA,"Calcifier","ZOO_COMMON_00871",TRUE,FALSE,FALSE,FALSE
"ambiguous_negative","Overall",NA,"Calcifier","ZOO_COMMON_00872",TRUE,FALSE,FALSE,FALSE
"ambiguous_negative","Overall",NA,"Calcifier","ZOO_COMMON_00873",TRUE,FALSE,FALSE,FALSE
"ambiguous_negative","Overall",NA,"Calcifier","ZOO_COMMON_00875",TRUE,FALSE,FALSE,FALSE
"ambiguous_negative","Overall",NA,"Calcifier","ZOO_COMMON_00877",TRUE,FALSE,FALSE,FALSE
"ambiguous_negative","Overall",NA,"Calcifier","ZOO_COMMON_00878",TRUE,FALSE,FALSE,FALSE
"ambiguous_negative","Overall",NA,"Calcifier","ZOO_COMMON_00880",TRUE,FALSE,FALSE,FALSE
"ambiguous_negative","Overall",NA,"Calcifier","ZOO_COMMON_00881",FALSE,FALSE,TRUE,FALSE
"ambiguous_negative","Overall",NA,"Calcifier","ZOO_COMMON_00882",TRUE,FALSE,FALSE,FALSE
"ambiguous_negative","Overall",NA,"Calcifier","ZOO_COMMON_00883",FALSE,TRUE,FALSE,FALSE
"ambiguous_negative","Overall",NA,"Calcifier","ZOO_COMMON_00888",TRUE,FALSE,FALSE,FALSE
"ambiguous_negative","Overall",NA,"Calcifier","ZOO_COMMON_00889",TRUE,FALSE,FALSE,FALSE
"ambiguous_negative","Overall",NA,"Calcifier","ZOO_COMMON_00890",TRUE,FALSE,FALSE,FALSE
"ambiguous_negative","Overall",NA,"Calcifier","ZOO_COMMON_00891",TRUE,FALSE,FALSE,FALSE
"ambiguous_negative","Overall",NA,"Calcifier","ZOO_COMMON_00892",TRUE,FALSE,FALSE,FALSE
"ambiguous_negative","Overall",NA,"Calcifier","ZOO_COMMON_00894",TRUE,TRUE,TRUE,TRUE
"ambiguous_negative","Overall",NA,"Calcifier","ZOO_COMMON_00895",TRUE,TRUE,TRUE,TRUE
"ambiguous_negative","Overall",NA,"Calcifier","ZOO_COMMON_00896",TRUE,FALSE,FALSE,FALSE
"ambiguous_negative","Overall",NA,"Calcifier","ZOO_COMMON_00897",TRUE,FALSE,FALSE,FALSE
"ambiguous_negative","Overall",NA,"Calcifier","ZOO_COMMON_00898",TRUE,FALSE,FALSE,FALSE
"ambiguous_negative","Overall",NA,"Calcifier","ZOO_COMMON_00899",TRUE,FALSE,FALSE,FALSE
"ambiguous_negative","Overall",NA,"Calcifier","ZOO_COMMON_00904",TRUE,FALSE,FALSE,FALSE
"ambiguous_negative","Overall",NA,"Calcifier","ZOO_COMMON_00905",TRUE,FALSE,FALSE,FALSE
"ambiguous_negative","Overall",NA,"Calcifier","ZOO_COMMON_00906",TRUE,FALSE,FALSE,FALSE
"ambiguous_negative","Overall",NA,"Calcifier","ZOO_COMMON_00909",TRUE,FALSE,FALSE,FALSE
"ambiguous_negative","Overall",NA,"Calcifier","ZOO_COMMON_00910",TRUE,FALSE,FALSE,FALSE
"ambiguous_negative","Overall",NA,"Non-calcifier","ZOO_COMMON_00005",FALSE,FALSE,TRUE,FALSE
"ambiguous_negative","Overall",NA,"Non-calcifier","ZOO_COMMON_00006",TRUE,FALSE,FALSE,FALSE
"ambiguous_negative","Overall",NA,"Non-calcifier","ZOO_COMMON_00007",TRUE,FALSE,FALSE,FALSE
"ambiguous_negative","Overall",NA,"Non-calcifier","ZOO_COMMON_00008",TRUE,FALSE,FALSE,FALSE
"ambiguous_negative","Overall",NA,"Non-calcifier","ZOO_COMMON_00009",TRUE,FALSE,FALSE,FALSE
"ambiguous_negative","Overall",NA,"Non-calcifier","ZOO_COMMON_00010",TRUE,FALSE,FALSE,FALSE
"ambiguous_negative","Overall",NA,"Non-calcifier","ZOO_COMMON_00011",TRUE,FALSE,FALSE,FALSE
"ambiguous_negative","Overall",NA,"Non-calcifier","ZOO_COMMON_00012",TRUE,FALSE,FALSE,FALSE
"ambiguous_negative","Overall",NA,"Non-calcifier","ZOO_COMMON_00013",TRUE,FALSE,FALSE,FALSE
"ambiguous_negative","Overall",NA,"Non-calcifier","ZOO_COMMON_00014",TRUE,TRUE,TRUE,TRUE
"ambiguous_negative","Overall",NA,"Non-calcifier","ZOO_COMMON_00015",TRUE,FALSE,FALSE,FALSE
"ambiguous_negative","Overall",NA,"Non-calcifier","ZOO_COMMON_00016",TRUE,FALSE,FALSE,FALSE
"ambiguous_negative","Overall",NA,"Non-calcifier","ZOO_COMMON_00017",TRUE,FALSE,FALSE,FALSE
"ambiguous_negative","Overall",NA,"Non-calcifier","ZOO_COMMON_00018",TRUE,FALSE,FALSE,FALSE
"ambiguous_negative","Overall",NA,"Non-calcifier","ZOO_COMMON_00022",TRUE,FALSE,FALSE,FALSE
"ambiguous_negative","Overall",NA,"Non-calcifier","ZOO_COMMON_00024",FALSE,TRUE,FALSE,FALSE
"ambiguous_negative","Overall",NA,"Non-calcifier","ZOO_COMMON_00025",TRUE,FALSE,FALSE,FALSE
"ambiguous_negative","Overall",NA,"Non-calcifier","ZOO_COMMON_00026",TRUE,TRUE,TRUE,TRUE
"ambiguous_negative","Overall",NA,"Non-calcifier","ZOO_COMMON_00029",TRUE,TRUE,TRUE,TRUE
"ambiguous_negative","Overall",NA,"Non-calcifier","ZOO_COMMON_00030",TRUE,TRUE,TRUE,TRUE
"ambiguous_negative","Overall",NA,"Non-calcifier","ZOO_COMMON_00031",FALSE,TRUE,FALSE,FALSE
"ambiguous_negative","Overall",NA,"Non-calcifier","ZOO_COMMON_00032",FALSE,TRUE,FALSE,FALSE
"ambiguous_negative","Overall",NA,"Non-calcifier","ZOO_COMMON_00040",TRUE,FALSE,FALSE,FALSE
"ambiguous_negative","Overall",NA,"Non-calcifier","ZOO_COMMON_00041",TRUE,FALSE,FALSE,FALSE
"ambiguous_negative","Overall",NA,"Non-calcifier","ZOO_COMMON_00043",TRUE,TRUE,TRUE,TRUE
"ambiguous_negative","Overall",NA,"Non-calcifier","ZOO_COMMON_00044",TRUE,TRUE,TRUE,TRUE
"ambiguous_negative","Overall",NA,"Non-calcifier","ZOO_COMMON_00045",TRUE,TRUE,TRUE,TRUE
"ambiguous_negative","Overall",NA,"Non-calcifier","ZOO_COMMON_00050",TRUE,FALSE,FALSE,FALSE
"ambiguous_negative","Overall",NA,"Non-calcifier","ZOO_COMMON_00051",TRUE,FALSE,FALSE,FALSE
"ambiguous_negative","Overall",NA,"Non-calcifier","ZOO_COMMON_00054",TRUE,FALSE,FALSE,FALSE
"ambiguous_negative","Overall",NA,"Non-calcifier","ZOO_COMMON_00055",TRUE,FALSE,FALSE,FALSE
"ambiguous_negative","Overall",NA,"Non-calcifier","ZOO_COMMON_00056",TRUE,FALSE,FALSE,FALSE
"ambiguous_negative","Overall",NA,"Non-calcifier","ZOO_COMMON_00057",FALSE,TRUE,FALSE,FALSE
"ambiguous_negative","Overall",NA,"Non-calcifier","ZOO_COMMON_00058",TRUE,TRUE,TRUE,TRUE
"ambiguous_negative","Overall",NA,"Non-calcifier","ZOO_COMMON_00063",TRUE,FALSE,FALSE,FALSE
"ambiguous_negative","Overall",NA,"Non-calcifier","ZOO_COMMON_00064",TRUE,FALSE,FALSE,FALSE
"ambiguous_negative","Overall",NA,"Non-calcifier","ZOO_COMMON_00065",TRUE,FALSE,FALSE,FALSE
"ambiguous_negative","Overall",NA,"Non-calcifier","ZOO_COMMON_00068",FALSE,TRUE,FALSE,FALSE
"ambiguous_negative","Overall",NA,"Non-calcifier","ZOO_COMMON_00069",FALSE,TRUE,FALSE,FALSE
"ambiguous_negative","Overall",NA,"Non-calcifier","ZOO_COMMON_00102",TRUE,FALSE,FALSE,FALSE
"ambiguous_negative","Overall",NA,"Non-calcifier","ZOO_COMMON_00103",TRUE,FALSE,FALSE,FALSE
"ambiguous_negative","Overall",NA,"Non-calcifier","ZOO_COMMON_00104",TRUE,FALSE,FALSE,FALSE
"ambiguous_negative","Overall",NA,"Non-calcifier","ZOO_COMMON_00105",TRUE,FALSE,FALSE,FALSE
"ambiguous_negative","Overall",NA,"Non-calcifier","ZOO_COMMON_00106",TRUE,FALSE,FALSE,FALSE
"ambiguous_negative","Overall",NA,"Non-calcifier","ZOO_COMMON_00107",TRUE,FALSE,FALSE,FALSE
"ambiguous_negative","Overall",NA,"Non-calcifier","ZOO_COMMON_00108",TRUE,FALSE,FALSE,FALSE
"ambiguous_negative","Overall",NA,"Non-calcifier","ZOO_COMMON_00109",FALSE,TRUE,FALSE,FALSE
"ambiguous_negative","Overall",NA,"Non-calcifier","ZOO_COMMON_00110",FALSE,TRUE,FALSE,FALSE
"ambiguous_negative","Overall",NA,"Non-calcifier","ZOO_COMMON_00111",FALSE,TRUE,FALSE,FALSE
"ambiguous_negative","Overall",NA,"Non-calcifier","ZOO_COMMON_00112",FALSE,TRUE,FALSE,FALSE
"ambiguous_negative","Overall",NA,"Non-calcifier","ZOO_COMMON_00116",TRUE,FALSE,FALSE,FALSE
"ambiguous_negative","Overall",NA,"Non-calcifier","ZOO_COMMON_00117",TRUE,FALSE,FALSE,FALSE
"ambiguous_negative","Overall",NA,"Non-calcifier","ZOO_COMMON_00118",TRUE,FALSE,FALSE,FALSE
"ambiguous_negative","Overall",NA,"Non-calcifier","ZOO_COMMON_00119",TRUE,FALSE,FALSE,FALSE
"ambiguous_negative","Overall",NA,"Non-calcifier","ZOO_COMMON_00120",TRUE,TRUE,TRUE,TRUE
"ambiguous_negative","Overall",NA,"Non-calcifier","ZOO_COMMON_00126",TRUE,FALSE,FALSE,FALSE
"ambiguous_negative","Overall",NA,"Non-calcifier","ZOO_COMMON_00127",TRUE,FALSE,FALSE,FALSE
"ambiguous_negative","Overall",NA,"Non-calcifier","ZOO_COMMON_00128",FALSE,TRUE,FALSE,FALSE
"ambiguous_negative","Overall",NA,"Non-calcifier","ZOO_COMMON_00129",FALSE,TRUE,FALSE,FALSE
"ambiguous_negative","Overall",NA,"Non-calcifier","ZOO_COMMON_00130",FALSE,TRUE,FALSE,FALSE
"ambiguous_negative","Overall",NA,"Non-calcifier","ZOO_COMMON_00131",FALSE,TRUE,FALSE,FALSE
"ambiguous_negative","Overall",NA,"Non-calcifier","ZOO_COMMON_00132",FALSE,TRUE,FALSE,FALSE
"ambiguous_negative","Overall",NA,"Non-calcifier","ZOO_COMMON_00133",FALSE,TRUE,FALSE,FALSE
"ambiguous_negative","Overall",NA,"Non-calcifier","ZOO_COMMON_00134",FALSE,TRUE,FALSE,FALSE
"ambiguous_negative","Overall",NA,"Non-calcifier","ZOO_COMMON_00135",TRUE,TRUE,TRUE,TRUE
"ambiguous_negative","Overall",NA,"Non-calcifier","ZOO_COMMON_00136",TRUE,TRUE,TRUE,TRUE
"ambiguous_negative","Overall",NA,"Non-calcifier","ZOO_COMMON_00137",TRUE,TRUE,TRUE,TRUE
"ambiguous_negative","Overall",NA,"Non-calcifier","ZOO_COMMON_00138",TRUE,TRUE,TRUE,TRUE
"ambiguous_negative","Overall",NA,"Non-calcifier","ZOO_COMMON_00139",TRUE,TRUE,TRUE,TRUE
"ambiguous_negative","Overall",NA,"Non-calcifier","ZOO_COMMON_00140",TRUE,FALSE,FALSE,FALSE
"ambiguous_negative","Overall",NA,"Non-calcifier","ZOO_COMMON_00161",TRUE,FALSE,FALSE,FALSE
"ambiguous_negative","Overall",NA,"Non-calcifier","ZOO_COMMON_00162",TRUE,FALSE,FALSE,FALSE
"ambiguous_negative","Overall",NA,"Non-calcifier","ZOO_COMMON_00163",FALSE,TRUE,TRUE,FALSE
"ambiguous_negative","Overall",NA,"Non-calcifier","ZOO_COMMON_00164",TRUE,FALSE,FALSE,FALSE
"ambiguous_negative","Overall",NA,"Non-calcifier","ZOO_COMMON_00165",TRUE,FALSE,FALSE,FALSE
"ambiguous_negative","Overall",NA,"Non-calcifier","ZOO_COMMON_00166",TRUE,FALSE,FALSE,FALSE
"ambiguous_negative","Overall",NA,"Non-calcifier","ZOO_COMMON_00167",TRUE,FALSE,FALSE,FALSE
"ambiguous_negative","Overall",NA,"Non-calcifier","ZOO_COMMON_00168",TRUE,FALSE,FALSE,FALSE
"ambiguous_negative","Overall",NA,"Non-calcifier","ZOO_COMMON_00169",TRUE,FALSE,FALSE,FALSE
"ambiguous_negative","Overall",NA,"Non-calcifier","ZOO_COMMON_00170",TRUE,FALSE,FALSE,FALSE
"ambiguous_negative","Overall",NA,"Non-calcifier","ZOO_COMMON_00171",TRUE,FALSE,FALSE,FALSE
"ambiguous_negative","Overall",NA,"Non-calcifier","ZOO_COMMON_00172",TRUE,FALSE,FALSE,FALSE
"ambiguous_negative","Overall",NA,"Non-calcifier","ZOO_COMMON_00173",FALSE,TRUE,FALSE,FALSE
"ambiguous_negative","Overall",NA,"Non-calcifier","ZOO_COMMON_00174",FALSE,TRUE,FALSE,FALSE
"ambiguous_negative","Overall",NA,"Non-calcifier","ZOO_COMMON_00175",FALSE,TRUE,TRUE,FALSE
"ambiguous_negative","Overall",NA,"Non-calcifier","ZOO_COMMON_00177",TRUE,FALSE,FALSE,FALSE
"ambiguous_negative","Overall",NA,"Non-calcifier","ZOO_COMMON_00178",FALSE,TRUE,FALSE,FALSE
"ambiguous_negative","Overall",NA,"Non-calcifier","ZOO_COMMON_00180",TRUE,FALSE,FALSE,FALSE
"ambiguous_negative","Overall",NA,"Non-calcifier","ZOO_COMMON_00181",TRUE,TRUE,TRUE,TRUE
"ambiguous_negative","Overall",NA,"Non-calcifier","ZOO_COMMON_00182",TRUE,TRUE,TRUE,TRUE
"ambiguous_negative","Overall",NA,"Non-calcifier","ZOO_COMMON_00183",TRUE,TRUE,TRUE,TRUE
"ambiguous_negative","Overall",NA,"Non-calcifier","ZOO_COMMON_00184",TRUE,TRUE,TRUE,TRUE
"ambiguous_negative","Overall",NA,"Non-calcifier","ZOO_COMMON_00185",TRUE,FALSE,FALSE,FALSE
"ambiguous_negative","Overall",NA,"Non-calcifier","ZOO_COMMON_00190",FALSE,TRUE,FALSE,FALSE
"ambiguous_negative","Overall",NA,"Non-calcifier","ZOO_COMMON_00191",FALSE,TRUE,FALSE,FALSE
"ambiguous_negative","Overall",NA,"Non-calcifier","ZOO_COMMON_00197",FALSE,TRUE,FALSE,FALSE
"ambiguous_negative","Overall",NA,"Non-calcifier","ZOO_COMMON_00198",FALSE,TRUE,FALSE,FALSE
"ambiguous_negative","Overall",NA,"Non-calcifier","ZOO_COMMON_00199",TRUE,TRUE,TRUE,TRUE
"ambiguous_negative","Overall",NA,"Non-calcifier","ZOO_COMMON_00200",TRUE,TRUE,TRUE,TRUE
"ambiguous_negative","Overall",NA,"Non-calcifier","ZOO_COMMON_00214",TRUE,FALSE,FALSE,FALSE
"ambiguous_negative","Overall",NA,"Non-calcifier","ZOO_COMMON_00215",TRUE,FALSE,FALSE,FALSE
"ambiguous_negative","Overall",NA,"Non-calcifier","ZOO_COMMON_00216",FALSE,TRUE,TRUE,FALSE
"ambiguous_negative","Overall",NA,"Non-calcifier","ZOO_COMMON_00217",FALSE,TRUE,TRUE,FALSE
"ambiguous_negative","Overall",NA,"Non-calcifier","ZOO_COMMON_00218",FALSE,TRUE,TRUE,FALSE
"ambiguous_negative","Overall",NA,"Non-calcifier","ZOO_COMMON_00223",TRUE,FALSE,FALSE,FALSE
"ambiguous_negative","Overall",NA,"Non-calcifier","ZOO_COMMON_00224",TRUE,FALSE,FALSE,FALSE
"ambiguous_negative","Overall",NA,"Non-calcifier","ZOO_COMMON_00228",FALSE,TRUE,FALSE,FALSE
"ambiguous_negative","Overall",NA,"Non-calcifier","ZOO_COMMON_00233",TRUE,FALSE,FALSE,FALSE
"ambiguous_negative","Overall",NA,"Non-calcifier","ZOO_COMMON_00235",TRUE,FALSE,FALSE,FALSE
"ambiguous_negative","Overall",NA,"Non-calcifier","ZOO_COMMON_00243",FALSE,TRUE,FALSE,FALSE
"ambiguous_negative","Overall",NA,"Non-calcifier","ZOO_COMMON_00244",TRUE,TRUE,TRUE,TRUE
"ambiguous_negative","Overall",NA,"Non-calcifier","ZOO_COMMON_00245",TRUE,TRUE,TRUE,TRUE
"ambiguous_negative","Overall",NA,"Non-calcifier","ZOO_COMMON_00246",TRUE,TRUE,TRUE,TRUE
"ambiguous_negative","Overall",NA,"Non-calcifier","ZOO_COMMON_00255",TRUE,TRUE,TRUE,TRUE
"ambiguous_negative","Overall",NA,"Non-calcifier","ZOO_COMMON_00258",TRUE,TRUE,TRUE,TRUE
"ambiguous_negative","Overall",NA,"Non-calcifier","ZOO_COMMON_00262",TRUE,FALSE,FALSE,FALSE
"ambiguous_negative","Overall",NA,"Non-calcifier","ZOO_COMMON_00263",TRUE,FALSE,FALSE,FALSE
"ambiguous_negative","Overall",NA,"Non-calcifier","ZOO_COMMON_00264",TRUE,FALSE,FALSE,FALSE
"ambiguous_negative","Overall",NA,"Non-calcifier","ZOO_COMMON_00287",FALSE,TRUE,FALSE,FALSE
"ambiguous_negative","Overall",NA,"Non-calcifier","ZOO_COMMON_00288",TRUE,FALSE,FALSE,FALSE
"ambiguous_negative","Overall",NA,"Non-calcifier","ZOO_COMMON_00289",TRUE,FALSE,FALSE,FALSE
"ambiguous_negative","Overall",NA,"Non-calcifier","ZOO_COMMON_00290",TRUE,FALSE,FALSE,FALSE
"ambiguous_negative","Overall",NA,"Non-calcifier","ZOO_COMMON_00291",TRUE,FALSE,FALSE,FALSE
"ambiguous_negative","Overall",NA,"Non-calcifier","ZOO_COMMON_00292",TRUE,FALSE,FALSE,FALSE
"ambiguous_negative","Overall",NA,"Non-calcifier","ZOO_COMMON_00293",FALSE,TRUE,FALSE,FALSE
"ambiguous_negative","Overall",NA,"Non-calcifier","ZOO_COMMON_00295",TRUE,FALSE,FALSE,FALSE
"ambiguous_negative","Overall",NA,"Non-calcifier","ZOO_COMMON_00308",TRUE,FALSE,FALSE,FALSE
"ambiguous_negative","Overall",NA,"Non-calcifier","ZOO_COMMON_00309",TRUE,FALSE,FALSE,FALSE
"ambiguous_negative","Overall",NA,"Non-calcifier","ZOO_COMMON_00310",TRUE,FALSE,FALSE,FALSE
"ambiguous_negative","Overall",NA,"Non-calcifier","ZOO_COMMON_00311",TRUE,FALSE,FALSE,FALSE
"ambiguous_negative","Overall",NA,"Non-calcifier","ZOO_COMMON_00312",TRUE,FALSE,FALSE,FALSE
"ambiguous_negative","Overall",NA,"Non-calcifier","ZOO_COMMON_00313",TRUE,FALSE,FALSE,FALSE
"ambiguous_negative","Overall",NA,"Non-calcifier","ZOO_COMMON_00327",FALSE,TRUE,FALSE,FALSE
"ambiguous_negative","Overall",NA,"Non-calcifier","ZOO_COMMON_00328",FALSE,TRUE,FALSE,FALSE
"ambiguous_negative","Overall",NA,"Non-calcifier","ZOO_COMMON_00329",FALSE,TRUE,FALSE,FALSE
"ambiguous_negative","Overall",NA,"Non-calcifier","ZOO_COMMON_00339",TRUE,FALSE,FALSE,FALSE
"ambiguous_negative","Overall",NA,"Non-calcifier","ZOO_COMMON_00340",TRUE,FALSE,FALSE,FALSE
"ambiguous_negative","Overall",NA,"Non-calcifier","ZOO_COMMON_00341",TRUE,FALSE,FALSE,FALSE
"ambiguous_negative","Overall",NA,"Non-calcifier","ZOO_COMMON_00342",TRUE,FALSE,FALSE,FALSE
"ambiguous_negative","Overall",NA,"Non-calcifier","ZOO_COMMON_00343",FALSE,TRUE,FALSE,FALSE
"ambiguous_negative","Overall",NA,"Non-calcifier","ZOO_COMMON_00344",FALSE,TRUE,FALSE,FALSE
"ambiguous_negative","Overall",NA,"Non-calcifier","ZOO_COMMON_00345",FALSE,TRUE,FALSE,FALSE
"ambiguous_negative","Overall",NA,"Non-calcifier","ZOO_COMMON_00354",TRUE,FALSE,FALSE,FALSE
"ambiguous_negative","Overall",NA,"Non-calcifier","ZOO_COMMON_00355",FALSE,TRUE,FALSE,FALSE
"ambiguous_negative","Overall",NA,"Non-calcifier","ZOO_COMMON_00362",TRUE,FALSE,FALSE,FALSE
"ambiguous_negative","Overall",NA,"Non-calcifier","ZOO_COMMON_00363",FALSE,TRUE,FALSE,FALSE
"ambiguous_negative","Overall",NA,"Non-calcifier","ZOO_COMMON_00364",FALSE,TRUE,FALSE,FALSE
"ambiguous_negative","Overall",NA,"Non-calcifier","ZOO_COMMON_00368",TRUE,FALSE,FALSE,FALSE
"ambiguous_negative","Overall",NA,"Non-calcifier","ZOO_COMMON_00369",TRUE,FALSE,FALSE,FALSE
"ambiguous_negative","Overall",NA,"Non-calcifier","ZOO_COMMON_00374",TRUE,FALSE,FALSE,FALSE
"ambiguous_negative","Overall",NA,"Non-calcifier","ZOO_COMMON_00384",TRUE,FALSE,FALSE,FALSE
"ambiguous_negative","Overall",NA,"Non-calcifier","ZOO_COMMON_00385",TRUE,TRUE,TRUE,TRUE
"ambiguous_negative","Overall",NA,"Non-calcifier","ZOO_COMMON_00386",TRUE,FALSE,FALSE,FALSE
"ambiguous_negative","Overall",NA,"Non-calcifier","ZOO_COMMON_00387",TRUE,FALSE,FALSE,FALSE
"ambiguous_negative","Overall",NA,"Non-calcifier","ZOO_COMMON_00388",TRUE,FALSE,FALSE,FALSE
"ambiguous_negative","Overall",NA,"Non-calcifier","ZOO_COMMON_00389",TRUE,FALSE,FALSE,FALSE
"ambiguous_negative","Overall",NA,"Non-calcifier","ZOO_COMMON_00390",TRUE,FALSE,FALSE,FALSE
"ambiguous_negative","Overall",NA,"Non-calcifier","ZOO_COMMON_00391",FALSE,TRUE,FALSE,FALSE
"ambiguous_negative","Overall",NA,"Non-calcifier","ZOO_COMMON_00392",FALSE,TRUE,FALSE,FALSE
"ambiguous_negative","Overall",NA,"Non-calcifier","ZOO_COMMON_00393",FALSE,TRUE,FALSE,FALSE
"ambiguous_negative","Overall",NA,"Non-calcifier","ZOO_COMMON_00394",FALSE,TRUE,FALSE,FALSE
"ambiguous_negative","Overall",NA,"Non-calcifier","ZOO_COMMON_00395",TRUE,FALSE,FALSE,FALSE
"ambiguous_negative","Overall",NA,"Non-calcifier","ZOO_COMMON_00402",TRUE,FALSE,FALSE,FALSE
"ambiguous_negative","Overall",NA,"Non-calcifier","ZOO_COMMON_00403",TRUE,TRUE,TRUE,TRUE
"ambiguous_negative","Overall",NA,"Non-calcifier","ZOO_COMMON_00404",FALSE,TRUE,TRUE,FALSE
"ambiguous_negative","Overall",NA,"Non-calcifier","ZOO_COMMON_00405",TRUE,FALSE,FALSE,FALSE
"ambiguous_negative","Overall",NA,"Non-calcifier","ZOO_COMMON_00408",TRUE,FALSE,FALSE,FALSE
"ambiguous_negative","Overall",NA,"Non-calcifier","ZOO_COMMON_00409",FALSE,TRUE,FALSE,FALSE
"ambiguous_negative","Overall",NA,"Non-calcifier","ZOO_COMMON_00410",FALSE,TRUE,FALSE,FALSE
"ambiguous_negative","Overall",NA,"Non-calcifier","ZOO_COMMON_00411",FALSE,TRUE,FALSE,FALSE
"ambiguous_negative","Overall",NA,"Non-calcifier","ZOO_COMMON_00418",FALSE,TRUE,FALSE,FALSE
"ambiguous_negative","Overall",NA,"Non-calcifier","ZOO_COMMON_00419",FALSE,TRUE,FALSE,FALSE
"ambiguous_negative","Overall",NA,"Non-calcifier","ZOO_COMMON_00422",TRUE,FALSE,FALSE,FALSE
"ambiguous_negative","Overall",NA,"Non-calcifier","ZOO_COMMON_00427",FALSE,TRUE,FALSE,FALSE
"ambiguous_negative","Overall",NA,"Non-calcifier","ZOO_COMMON_00428",FALSE,TRUE,FALSE,FALSE
"ambiguous_negative","Overall",NA,"Non-calcifier","ZOO_COMMON_00429",FALSE,TRUE,FALSE,FALSE
"ambiguous_negative","Overall",NA,"Non-calcifier","ZOO_COMMON_00430",FALSE,TRUE,FALSE,FALSE
"ambiguous_negative","Overall",NA,"Non-calcifier","ZOO_COMMON_00435",FALSE,TRUE,FALSE,FALSE
"ambiguous_negative","Overall",NA,"Non-calcifier","ZOO_COMMON_00443",TRUE,FALSE,FALSE,FALSE
"ambiguous_negative","Overall",NA,"Non-calcifier","ZOO_COMMON_00444",TRUE,FALSE,FALSE,FALSE
"ambiguous_negative","Overall",NA,"Non-calcifier","ZOO_COMMON_00445",TRUE,FALSE,FALSE,FALSE
"ambiguous_negative","Overall",NA,"Non-calcifier","ZOO_COMMON_00447",FALSE,TRUE,TRUE,FALSE
"ambiguous_negative","Overall",NA,"Non-calcifier","ZOO_COMMON_00451",TRUE,FALSE,FALSE,FALSE
"ambiguous_negative","Overall",NA,"Non-calcifier","ZOO_COMMON_00452",TRUE,TRUE,TRUE,TRUE
"ambiguous_negative","Overall",NA,"Non-calcifier","ZOO_COMMON_00453",TRUE,TRUE,TRUE,TRUE
"ambiguous_negative","Overall",NA,"Non-calcifier","ZOO_COMMON_00454",FALSE,TRUE,FALSE,FALSE
"ambiguous_negative","Overall",NA,"Non-calcifier","ZOO_COMMON_00455",FALSE,TRUE,FALSE,FALSE
"ambiguous_negative","Overall",NA,"Non-calcifier","ZOO_COMMON_00469",TRUE,TRUE,TRUE,TRUE
"ambiguous_negative","Overall",NA,"Non-calcifier","ZOO_COMMON_00470",TRUE,TRUE,TRUE,TRUE
"ambiguous_negative","Overall",NA,"Non-calcifier","ZOO_COMMON_00471",TRUE,TRUE,TRUE,TRUE
"ambiguous_negative","Overall",NA,"Non-calcifier","ZOO_COMMON_00472",TRUE,TRUE,TRUE,TRUE
"ambiguous_negative","Overall",NA,"Non-calcifier","ZOO_COMMON_00473",TRUE,FALSE,FALSE,FALSE
"ambiguous_negative","Overall",NA,"Non-calcifier","ZOO_COMMON_00474",TRUE,FALSE,FALSE,FALSE
"ambiguous_negative","Overall",NA,"Non-calcifier","ZOO_COMMON_00475",TRUE,FALSE,FALSE,FALSE
"ambiguous_negative","Overall",NA,"Non-calcifier","ZOO_COMMON_00476",TRUE,FALSE,FALSE,FALSE
"ambiguous_negative","Overall",NA,"Non-calcifier","ZOO_COMMON_00477",TRUE,FALSE,FALSE,FALSE
"ambiguous_negative","Overall",NA,"Non-calcifier","ZOO_COMMON_00478",TRUE,FALSE,FALSE,FALSE
"ambiguous_negative","Overall",NA,"Non-calcifier","ZOO_COMMON_00479",TRUE,FALSE,FALSE,FALSE
"ambiguous_negative","Overall",NA,"Non-calcifier","ZOO_COMMON_00480",FALSE,TRUE,FALSE,FALSE
"ambiguous_negative","Overall",NA,"Non-calcifier","ZOO_COMMON_00486",TRUE,FALSE,FALSE,FALSE
"ambiguous_negative","Overall",NA,"Non-calcifier","ZOO_COMMON_00494",TRUE,FALSE,FALSE,FALSE
"ambiguous_negative","Overall",NA,"Non-calcifier","ZOO_COMMON_00495",TRUE,FALSE,FALSE,FALSE
"ambiguous_negative","Overall",NA,"Non-calcifier","ZOO_COMMON_00496",TRUE,FALSE,FALSE,FALSE
"ambiguous_negative","Overall",NA,"Non-calcifier","ZOO_COMMON_00497",TRUE,FALSE,FALSE,FALSE
"ambiguous_negative","Overall",NA,"Non-calcifier","ZOO_COMMON_00534",TRUE,FALSE,FALSE,FALSE
"ambiguous_negative","Overall",NA,"Non-calcifier","ZOO_COMMON_00535",FALSE,TRUE,FALSE,FALSE
"ambiguous_negative","Overall",NA,"Non-calcifier","ZOO_COMMON_00536",FALSE,TRUE,FALSE,FALSE
"ambiguous_negative","Overall",NA,"Non-calcifier","ZOO_COMMON_00538",TRUE,FALSE,FALSE,FALSE
"ambiguous_negative","Overall",NA,"Non-calcifier","ZOO_COMMON_00539",FALSE,TRUE,FALSE,FALSE
"ambiguous_negative","Overall",NA,"Non-calcifier","ZOO_COMMON_00540",TRUE,TRUE,TRUE,TRUE
"ambiguous_negative","Overall",NA,"Non-calcifier","ZOO_COMMON_00541",TRUE,TRUE,TRUE,TRUE
"ambiguous_negative","Overall",NA,"Non-calcifier","ZOO_COMMON_00542",FALSE,TRUE,FALSE,FALSE
"ambiguous_negative","Overall",NA,"Non-calcifier","ZOO_COMMON_00543",TRUE,FALSE,FALSE,FALSE
"ambiguous_negative","Overall",NA,"Non-calcifier","ZOO_COMMON_00544",TRUE,FALSE,FALSE,FALSE
"ambiguous_negative","Overall",NA,"Non-calcifier","ZOO_COMMON_00548",TRUE,FALSE,FALSE,FALSE
"ambiguous_negative","Overall",NA,"Non-calcifier","ZOO_COMMON_00549",TRUE,FALSE,FALSE,FALSE
"ambiguous_negative","Overall",NA,"Non-calcifier","ZOO_COMMON_00550",TRUE,FALSE,FALSE,FALSE
"ambiguous_negative","Overall",NA,"Non-calcifier","ZOO_COMMON_00551",TRUE,FALSE,FALSE,FALSE
"ambiguous_negative","Overall",NA,"Non-calcifier","ZOO_COMMON_00552",TRUE,FALSE,FALSE,FALSE
"ambiguous_negative","Overall",NA,"Non-calcifier","ZOO_COMMON_00553",TRUE,FALSE,FALSE,FALSE
"ambiguous_negative","Overall",NA,"Non-calcifier","ZOO_COMMON_00554",TRUE,FALSE,FALSE,FALSE
"ambiguous_negative","Overall",NA,"Non-calcifier","ZOO_COMMON_00555",TRUE,FALSE,FALSE,FALSE
"ambiguous_negative","Overall",NA,"Non-calcifier","ZOO_COMMON_00557",FALSE,TRUE,FALSE,FALSE
"ambiguous_negative","Overall",NA,"Non-calcifier","ZOO_COMMON_00558",TRUE,TRUE,TRUE,TRUE
"ambiguous_negative","Overall",NA,"Non-calcifier","ZOO_COMMON_00561",TRUE,FALSE,FALSE,FALSE
"ambiguous_negative","Overall",NA,"Non-calcifier","ZOO_COMMON_00568",TRUE,FALSE,FALSE,FALSE
"ambiguous_negative","Overall",NA,"Non-calcifier","ZOO_COMMON_00569",TRUE,FALSE,FALSE,FALSE
"ambiguous_negative","Overall",NA,"Non-calcifier","ZOO_COMMON_00570",TRUE,FALSE,FALSE,FALSE
"ambiguous_negative","Overall",NA,"Non-calcifier","ZOO_COMMON_00574",FALSE,TRUE,FALSE,FALSE
"ambiguous_negative","Overall",NA,"Non-calcifier","ZOO_COMMON_00575",TRUE,TRUE,TRUE,TRUE
"ambiguous_negative","Overall",NA,"Non-calcifier","ZOO_COMMON_00576",FALSE,FALSE,TRUE,FALSE
"ambiguous_negative","Overall",NA,"Non-calcifier","ZOO_COMMON_00577",TRUE,FALSE,FALSE,FALSE
"ambiguous_negative","Overall",NA,"Non-calcifier","ZOO_COMMON_00578",TRUE,FALSE,FALSE,FALSE
"ambiguous_negative","Overall",NA,"Non-calcifier","ZOO_COMMON_00579",TRUE,FALSE,FALSE,FALSE
"ambiguous_negative","Overall",NA,"Non-calcifier","ZOO_COMMON_00586",TRUE,FALSE,FALSE,FALSE
"ambiguous_negative","Overall",NA,"Non-calcifier","ZOO_COMMON_00587",FALSE,TRUE,FALSE,FALSE
"ambiguous_negative","Overall",NA,"Non-calcifier","ZOO_COMMON_00589",TRUE,FALSE,FALSE,FALSE
"ambiguous_negative","Overall",NA,"Non-calcifier","ZOO_COMMON_00590",TRUE,FALSE,FALSE,FALSE
"ambiguous_negative","Overall",NA,"Non-calcifier","ZOO_COMMON_00593",TRUE,FALSE,FALSE,FALSE
"ambiguous_negative","Overall",NA,"Non-calcifier","ZOO_COMMON_00594",TRUE,FALSE,FALSE,FALSE
"ambiguous_negative","Overall",NA,"Non-calcifier","ZOO_COMMON_00595",TRUE,FALSE,FALSE,FALSE
"ambiguous_negative","Overall",NA,"Non-calcifier","ZOO_COMMON_00596",TRUE,FALSE,FALSE,FALSE
"ambiguous_negative","Overall",NA,"Non-calcifier","ZOO_COMMON_00604",FALSE,TRUE,TRUE,FALSE
"ambiguous_negative","Overall",NA,"Non-calcifier","ZOO_COMMON_00605",FALSE,TRUE,TRUE,FALSE
"ambiguous_negative","Overall",NA,"Non-calcifier","ZOO_COMMON_00610",TRUE,FALSE,FALSE,FALSE
"ambiguous_negative","Overall",NA,"Non-calcifier","ZOO_COMMON_00611",FALSE,TRUE,FALSE,FALSE
"ambiguous_negative","Overall",NA,"Non-calcifier","ZOO_COMMON_00613",TRUE,FALSE,FALSE,FALSE
"ambiguous_negative","Overall",NA,"Non-calcifier","ZOO_COMMON_00619",TRUE,TRUE,TRUE,TRUE
"ambiguous_negative","Overall",NA,"Non-calcifier","ZOO_COMMON_00620",TRUE,FALSE,FALSE,FALSE
"ambiguous_negative","Overall",NA,"Non-calcifier","ZOO_COMMON_00642",FALSE,TRUE,FALSE,FALSE
"ambiguous_negative","Overall",NA,"Non-calcifier","ZOO_COMMON_00643",FALSE,TRUE,FALSE,FALSE
"ambiguous_negative","Overall",NA,"Non-calcifier","ZOO_COMMON_00644",TRUE,FALSE,FALSE,FALSE
"ambiguous_negative","Overall",NA,"Non-calcifier","ZOO_COMMON_00652",TRUE,FALSE,FALSE,FALSE
"ambiguous_negative","Overall",NA,"Non-calcifier","ZOO_COMMON_00654",TRUE,FALSE,FALSE,FALSE
"ambiguous_negative","Overall",NA,"Non-calcifier","ZOO_COMMON_00655",TRUE,FALSE,FALSE,FALSE
"ambiguous_negative","Overall",NA,"Non-calcifier","ZOO_COMMON_00658",TRUE,TRUE,TRUE,TRUE
"ambiguous_negative","Overall",NA,"Non-calcifier","ZOO_COMMON_00659",TRUE,TRUE,TRUE,TRUE
"ambiguous_negative","Overall",NA,"Non-calcifier","ZOO_COMMON_00660",TRUE,TRUE,TRUE,TRUE
"ambiguous_negative","Overall",NA,"Non-calcifier","ZOO_COMMON_00661",TRUE,TRUE,TRUE,TRUE
"ambiguous_negative","Overall",NA,"Non-calcifier","ZOO_COMMON_00662",TRUE,TRUE,TRUE,TRUE
"ambiguous_negative","Overall",NA,"Non-calcifier","ZOO_COMMON_00663",TRUE,TRUE,TRUE,TRUE
"ambiguous_negative","Overall",NA,"Non-calcifier","ZOO_COMMON_00664",TRUE,TRUE,TRUE,TRUE
"ambiguous_negative","Overall",NA,"Non-calcifier","ZOO_COMMON_00665",TRUE,TRUE,TRUE,TRUE
"ambiguous_negative","Overall",NA,"Non-calcifier","ZOO_COMMON_00666",TRUE,TRUE,TRUE,TRUE
"ambiguous_negative","Overall",NA,"Non-calcifier","ZOO_COMMON_00667",TRUE,TRUE,TRUE,TRUE
"ambiguous_negative","Overall",NA,"Non-calcifier","ZOO_COMMON_00668",TRUE,TRUE,TRUE,TRUE
"ambiguous_negative","Overall",NA,"Non-calcifier","ZOO_COMMON_00669",TRUE,TRUE,TRUE,TRUE
"ambiguous_negative","Overall",NA,"Non-calcifier","ZOO_COMMON_00670",TRUE,TRUE,TRUE,TRUE
"ambiguous_negative","Overall",NA,"Non-calcifier","ZOO_COMMON_00674",TRUE,TRUE,TRUE,TRUE
"ambiguous_negative","Overall",NA,"Non-calcifier","ZOO_COMMON_00675",TRUE,TRUE,TRUE,TRUE
"ambiguous_negative","Overall",NA,"Non-calcifier","ZOO_COMMON_00676",TRUE,FALSE,FALSE,FALSE
"ambiguous_negative","Overall",NA,"Non-calcifier","ZOO_COMMON_00682",TRUE,FALSE,FALSE,FALSE
"ambiguous_negative","Overall",NA,"Non-calcifier","ZOO_COMMON_00683",TRUE,FALSE,FALSE,FALSE
"ambiguous_negative","Overall",NA,"Non-calcifier","ZOO_COMMON_00685",FALSE,TRUE,FALSE,FALSE
"ambiguous_negative","Overall",NA,"Non-calcifier","ZOO_COMMON_00688",TRUE,TRUE,TRUE,TRUE
"ambiguous_negative","Overall",NA,"Non-calcifier","ZOO_COMMON_00690",TRUE,FALSE,FALSE,FALSE
"ambiguous_negative","Overall",NA,"Non-calcifier","ZOO_COMMON_00691",TRUE,TRUE,TRUE,TRUE
"ambiguous_negative","Overall",NA,"Non-calcifier","ZOO_COMMON_00692",TRUE,TRUE,TRUE,TRUE
"ambiguous_negative","Overall",NA,"Non-calcifier","ZOO_COMMON_00693",TRUE,TRUE,TRUE,TRUE
"ambiguous_negative","Overall",NA,"Non-calcifier","ZOO_COMMON_00694",TRUE,FALSE,FALSE,FALSE
"ambiguous_negative","Overall",NA,"Non-calcifier","ZOO_COMMON_00695",FALSE,TRUE,TRUE,FALSE
"ambiguous_negative","Overall",NA,"Non-calcifier","ZOO_COMMON_00699",TRUE,FALSE,FALSE,FALSE
"ambiguous_negative","Overall",NA,"Non-calcifier","ZOO_COMMON_00700",TRUE,FALSE,FALSE,FALSE
"ambiguous_negative","Overall",NA,"Non-calcifier","ZOO_COMMON_00701",FALSE,TRUE,TRUE,FALSE
"ambiguous_negative","Overall",NA,"Non-calcifier","ZOO_COMMON_00702",FALSE,TRUE,TRUE,FALSE
"ambiguous_negative","Overall",NA,"Non-calcifier","ZOO_COMMON_00704",TRUE,FALSE,FALSE,FALSE
"ambiguous_negative","Overall",NA,"Non-calcifier","ZOO_COMMON_00705",TRUE,FALSE,FALSE,FALSE
"ambiguous_negative","Overall",NA,"Non-calcifier","ZOO_COMMON_00713",TRUE,FALSE,FALSE,FALSE
"ambiguous_negative","Overall",NA,"Non-calcifier","ZOO_COMMON_00719",TRUE,FALSE,FALSE,FALSE
"ambiguous_negative","Overall",NA,"Non-calcifier","ZOO_COMMON_00721",FALSE,TRUE,FALSE,FALSE
"ambiguous_negative","Overall",NA,"Non-calcifier","ZOO_COMMON_00722",TRUE,FALSE,FALSE,FALSE
"ambiguous_negative","Overall",NA,"Non-calcifier","ZOO_COMMON_00723",FALSE,TRUE,FALSE,FALSE
"ambiguous_negative","Overall",NA,"Non-calcifier","ZOO_COMMON_00728",TRUE,FALSE,FALSE,FALSE
"ambiguous_negative","Overall",NA,"Non-calcifier","ZOO_COMMON_00729",TRUE,FALSE,FALSE,FALSE
"ambiguous_negative","Overall",NA,"Non-calcifier","ZOO_COMMON_00730",TRUE,TRUE,TRUE,TRUE
"ambiguous_negative","Overall",NA,"Non-calcifier","ZOO_COMMON_00731",TRUE,TRUE,TRUE,TRUE
"ambiguous_negative","Overall",NA,"Non-calcifier","ZOO_COMMON_00732",TRUE,TRUE,TRUE,TRUE
"ambiguous_negative","Overall",NA,"Non-calcifier","ZOO_COMMON_00733",TRUE,FALSE,FALSE,FALSE
"ambiguous_negative","Overall",NA,"Non-calcifier","ZOO_COMMON_00734",FALSE,TRUE,TRUE,FALSE
"ambiguous_negative","Overall",NA,"Non-calcifier","ZOO_COMMON_00735",TRUE,FALSE,FALSE,FALSE
"ambiguous_negative","Overall",NA,"Non-calcifier","ZOO_COMMON_00736",FALSE,TRUE,TRUE,FALSE
"ambiguous_negative","Overall",NA,"Non-calcifier","ZOO_COMMON_00737",TRUE,FALSE,FALSE,FALSE
"ambiguous_negative","Overall",NA,"Non-calcifier","ZOO_COMMON_00745",TRUE,FALSE,FALSE,FALSE
"ambiguous_negative","Overall",NA,"Non-calcifier","ZOO_COMMON_00752",FALSE,TRUE,FALSE,FALSE
"ambiguous_negative","Overall",NA,"Non-calcifier","ZOO_COMMON_00753",TRUE,FALSE,FALSE,FALSE
"ambiguous_negative","Overall",NA,"Non-calcifier","ZOO_COMMON_00754",TRUE,FALSE,FALSE,FALSE
"ambiguous_negative","Overall",NA,"Non-calcifier","ZOO_COMMON_00755",TRUE,FALSE,FALSE,FALSE
"ambiguous_negative","Overall",NA,"Non-calcifier","ZOO_COMMON_00757",TRUE,FALSE,FALSE,FALSE
"ambiguous_negative","Overall",NA,"Non-calcifier","ZOO_COMMON_00758",TRUE,TRUE,TRUE,TRUE
"ambiguous_negative","Overall",NA,"Non-calcifier","ZOO_COMMON_00762",FALSE,TRUE,FALSE,FALSE
"ambiguous_negative","Overall",NA,"Non-calcifier","ZOO_COMMON_00770",TRUE,FALSE,FALSE,FALSE
"ambiguous_negative","Overall",NA,"Non-calcifier","ZOO_COMMON_00771",TRUE,FALSE,FALSE,FALSE
"ambiguous_negative","Overall",NA,"Non-calcifier","ZOO_COMMON_00772",TRUE,FALSE,FALSE,FALSE
"ambiguous_negative","Overall",NA,"Non-calcifier","ZOO_COMMON_00773",TRUE,FALSE,FALSE,FALSE
"ambiguous_negative","Overall",NA,"Non-calcifier","ZOO_COMMON_00788",TRUE,FALSE,FALSE,FALSE
"ambiguous_negative","Overall",NA,"Non-calcifier","ZOO_COMMON_00792",TRUE,FALSE,FALSE,FALSE
"ambiguous_negative","Overall",NA,"Non-calcifier","ZOO_COMMON_00793",TRUE,FALSE,FALSE,FALSE
"ambiguous_negative","Overall",NA,"Non-calcifier","ZOO_COMMON_00794",TRUE,FALSE,FALSE,FALSE
"ambiguous_negative","Overall",NA,"Non-calcifier","ZOO_COMMON_00795",TRUE,FALSE,FALSE,FALSE
"ambiguous_negative","Overall",NA,"Non-calcifier","ZOO_COMMON_00796",TRUE,FALSE,FALSE,FALSE
"ambiguous_negative","Overall",NA,"Non-calcifier","ZOO_COMMON_00797",TRUE,FALSE,FALSE,FALSE
"ambiguous_negative","Overall",NA,"Non-calcifier","ZOO_COMMON_00798",TRUE,FALSE,FALSE,FALSE
"ambiguous_negative","Overall",NA,"Non-calcifier","ZOO_COMMON_00799",TRUE,FALSE,FALSE,FALSE
"ambiguous_negative","Overall",NA,"Non-calcifier","ZOO_COMMON_00800",TRUE,FALSE,FALSE,FALSE
"ambiguous_negative","Overall",NA,"Non-calcifier","ZOO_COMMON_00801",TRUE,FALSE,FALSE,FALSE
"ambiguous_negative","Overall",NA,"Non-calcifier","ZOO_COMMON_00804",TRUE,FALSE,FALSE,FALSE
"ambiguous_negative","Overall",NA,"Non-calcifier","ZOO_COMMON_00805",TRUE,FALSE,FALSE,FALSE
"ambiguous_negative","Overall",NA,"Non-calcifier","ZOO_COMMON_00806",TRUE,FALSE,FALSE,FALSE
"ambiguous_negative","Overall",NA,"Non-calcifier","ZOO_COMMON_00807",TRUE,FALSE,FALSE,FALSE
"ambiguous_negative","Overall",NA,"Non-calcifier","ZOO_COMMON_00808",TRUE,FALSE,FALSE,FALSE
"ambiguous_negative","Overall",NA,"Non-calcifier","ZOO_COMMON_00809",TRUE,FALSE,FALSE,FALSE
"ambiguous_negative","Overall",NA,"Non-calcifier","ZOO_COMMON_00810",TRUE,FALSE,FALSE,FALSE
"ambiguous_negative","Overall",NA,"Non-calcifier","ZOO_COMMON_00811",TRUE,FALSE,FALSE,FALSE
"ambiguous_negative","Overall",NA,"Non-calcifier","ZOO_COMMON_00812",TRUE,FALSE,FALSE,FALSE
"ambiguous_negative","Overall",NA,"Non-calcifier","ZOO_COMMON_00814",FALSE,TRUE,FALSE,FALSE
"ambiguous_negative","Overall",NA,"Non-calcifier","ZOO_COMMON_00826",TRUE,FALSE,FALSE,FALSE
"ambiguous_negative","Overall",NA,"Non-calcifier","ZOO_COMMON_00827",FALSE,TRUE,FALSE,FALSE
"ambiguous_negative","Overall",NA,"Non-calcifier","ZOO_COMMON_00836",TRUE,FALSE,FALSE,FALSE
"ambiguous_negative","Overall",NA,"Non-calcifier","ZOO_COMMON_00837",FALSE,TRUE,FALSE,FALSE
"ambiguous_negative","Overall",NA,"Non-calcifier","ZOO_COMMON_00838",FALSE,TRUE,FALSE,FALSE
"ambiguous_negative","Overall",NA,"Non-calcifier","ZOO_COMMON_00840",FALSE,TRUE,FALSE,FALSE
"ambiguous_negative","Overall",NA,"Non-calcifier","ZOO_COMMON_00846",TRUE,FALSE,FALSE,FALSE
"ambiguous_negative","Overall",NA,"Non-calcifier","ZOO_COMMON_00858",TRUE,TRUE,TRUE,TRUE
"ambiguous_negative","Overall",NA,"Non-calcifier","ZOO_COMMON_00860",TRUE,FALSE,FALSE,FALSE
"ambiguous_negative","Overall",NA,"Non-calcifier","ZOO_COMMON_00861",FALSE,TRUE,TRUE,FALSE
"ambiguous_negative","Overall",NA,"Non-calcifier","ZOO_COMMON_00865",FALSE,TRUE,TRUE,FALSE
"ambiguous_negative","Overall",NA,"Non-calcifier","ZOO_COMMON_00866",TRUE,FALSE,FALSE,FALSE
"ambiguous_negative","Overall",NA,"Non-calcifier","ZOO_COMMON_00869",TRUE,TRUE,TRUE,TRUE
"ambiguous_negative","Overall",NA,"Non-calcifier","ZOO_COMMON_00870",TRUE,TRUE,TRUE,TRUE
"ambiguous_negative","Overall",NA,"Non-calcifier","ZOO_COMMON_00874",TRUE,FALSE,FALSE,FALSE
"ambiguous_negative","Overall",NA,"Non-calcifier","ZOO_COMMON_00876",TRUE,FALSE,FALSE,FALSE
"ambiguous_negative","Overall",NA,"Non-calcifier","ZOO_COMMON_00879",TRUE,FALSE,FALSE,FALSE
"ambiguous_negative","Overall",NA,"Non-calcifier","ZOO_COMMON_00884",TRUE,FALSE,FALSE,FALSE
"ambiguous_negative","Overall",NA,"Non-calcifier","ZOO_COMMON_00885",TRUE,FALSE,FALSE,FALSE
"ambiguous_negative","Overall",NA,"Non-calcifier","ZOO_COMMON_00886",TRUE,FALSE,FALSE,FALSE
"ambiguous_negative","Overall",NA,"Non-calcifier","ZOO_COMMON_00887",TRUE,FALSE,FALSE,FALSE
"ambiguous_negative","Overall",NA,"Non-calcifier","ZOO_COMMON_00893",TRUE,FALSE,FALSE,FALSE
"ambiguous_negative","Overall",NA,"Non-calcifier","ZOO_COMMON_00900",TRUE,FALSE,FALSE,FALSE
"ambiguous_negative","Overall",NA,"Non-calcifier","ZOO_COMMON_00901",TRUE,FALSE,FALSE,FALSE
"ambiguous_negative","Overall",NA,"Non-calcifier","ZOO_COMMON_00902",TRUE,FALSE,FALSE,FALSE
"ambiguous_negative","Overall",NA,"Non-calcifier","ZOO_COMMON_00903",TRUE,FALSE,FALSE,FALSE
"ambiguous_negative","Overall",NA,"Non-calcifier","ZOO_COMMON_00907",FALSE,TRUE,FALSE,FALSE
"ambiguous_negative","Overall",NA,"Non-calcifier","ZOO_COMMON_00908",FALSE,TRUE,FALSE,FALSE
"ambiguous_negative","Overall",NA,"Non-calcifier","ZOO_COMMON_00911",TRUE,FALSE,FALSE,FALSE
"ambiguous_negative","Overall",NA,"Non-calcifier","ZOO_COMMON_00912",FALSE,TRUE,FALSE,FALSE
"ambiguous_negative","Overall",NA,"Non-calcifier","ZOO_COMMON_00913",TRUE,FALSE,FALSE,FALSE
"ambiguous_negative","Overall",NA,"Non-calcifier","ZOO_COMMON_00914",TRUE,FALSE,FALSE,FALSE
"ambiguous_negative","Overall",NA,"Non-calcifier","ZOO_COMMON_00915",FALSE,TRUE,FALSE,FALSE
