Meta_analysis_reference,Author,Year,Title,Link,Biota_Group,Broad_subgroup,Group,Species,Treatment,N_C,N_T,C_value_CO2,C_value_Temp,T_value_CO2,T_value_Temp,Metric,Metric_Type,Unit,Response_category,Biota_C,Biota_C_sd,Biota_T,Biota_T_sd,Reference_ei,Reference_vei,Source_fig,Notes_1,Include,Rechecked?,Control_Treatment_Values,Notes_2,Duplicate,delta_CO2,delta_T,Author_clean,Title_clean,Species_clean,Group_clean,Year_clean,C_value_CO2_num,C_value_Temp_num,N_C_num,study_key,Study_ID,ES_ID,common_key,Common_id,yi,vi,Weight,BubbleSize
Alter et al. 2024,"Alter K, Peck MA",2021,NA,NA,Zooplankton,Meroplankton,Fish larvae,Belone belone,T,5,5,365,14.4,377,15.9,Hatching success,positive,%,Reproduction,98.4,1.788854382,99.1,0.894427191,0.0071,1e-4,NA,NA,Yes,NA,NA,NA,,12,1.5,Alter_K_Peck_MA,NA,Belone_belone,Fish_larvae,2021,365,14.4,5,Alter_K_Peck_MA__2021__NA,ZOO_STUDY_0018,ZOO_ES_000001,ZOO_STUDY_0018__Belone_belone__Fish_larvae__CO2365.00__T14.40__NC5,ZOO_COMMON_00026,0.007088637277734536,8.239015714445367e-5,110.1697425115438,4.25
Alter et al. 2024,"Alter K, Peck MA",2021,NA,NA,Zooplankton,Meroplankton,Fish larvae,Belone belone,T,5,5,365,14.4,432,17.1,Hatching success,positive,%,Reproduction,98.4,1.788854382,93.3,14.98165545,-0.0532,0.0052,NA,NA,Yes,NA,NA,NA,,67,2.700000000000001,Alter_K_Peck_MA,NA,Belone_belone,Fish_larvae,2021,365,14.4,5,Alter_K_Peck_MA__2021__NA,ZOO_STUDY_0018,ZOO_ES_000005,ZOO_STUDY_0018__Belone_belone__Fish_larvae__CO2365.00__T14.40__NC5,ZOO_COMMON_00026,-0.05322069620490965,0.005222969819933571,13.836977725708158,2.75
Alter et al. 2024,"Alter K, Peck MA",2021,NA,NA,Zooplankton,Meroplankton,Fish larvae,Belone belone,T,5,5,365,14.4,377,15.9,Fertilization success,positive,%,Reproduction,99.9,0.223606798,99.9,0.223606798,0,1e-4,NA,NA,Yes,NA,NA,NA,,12,1.5,Alter_K_Peck_MA,NA,Belone_belone,Fish_larvae,2021,365,14.4,5,Alter_K_Peck_MA__2021__NA,ZOO_STUDY_0018,ZOO_ES_000006,ZOO_STUDY_0018__Belone_belone__Fish_larvae__CO2365.00__T14.40__NC5,ZOO_COMMON_00026,0,2.0040060124914824e-6,706.3996736155158,4.25
Alter et al. 2024,"Alter K, Peck MA",2021,NA,NA,Zooplankton,Meroplankton,Fish larvae,Belone belone,T,5,5,365,14.4,377,15.9,Egg volume,ambiguous,mm3,Growth,18.6,0.223606798,18.4,0.447213595,-0.0108,1e-4,NA,NA,Yes,NA,NA,NA,,12,1.5,Alter_K_Peck_MA,NA,Belone_belone,Fish_larvae,2021,365,14.4,5,Alter_K_Peck_MA__2021__NA,ZOO_STUDY_0018,ZOO_ES_000009,ZOO_STUDY_0018__Belone_belone__Fish_larvae__CO2365.00__T14.40__NC5,ZOO_COMMON_00026,-0.01081091610421573,1.4705252354689697e-4,82.46387890265504,4.25
Alter et al. 2024,"Alter K, Peck MA",2021,NA,NA,Zooplankton,Meroplankton,Fish larvae,Belone belone,T,5,5,365,14.4,377,15.9,Abnormal larvae,positive,%,Development,0.713,0.715541753,1.468,0.447213595,-0.0076,1e-4,NA,NA,Yes,NA,NA,NA,,12,1.5,Alter_K_Peck_MA,NA,Belone_belone,Fish_larvae,2021,365,14.4,5,Alter_K_Peck_MA__2021__NA,ZOO_STUDY_0018,ZOO_ES_000011,ZOO_STUDY_0018__Belone_belone__Fish_larvae__CO2365.00__T14.40__NC5,ZOO_COMMON_00026,0.722174788760165,0.21998976821046154,2.13205674312321,2.5
Alter et al. 2024,"Alter K, Peck MA",2021,NA,NA,Zooplankton,Meroplankton,Fish larvae,Belone belone,T,5,5,365,14.4,432,17.1,Egg volume,ambiguous,mm3,Growth,18.6,0.223606798,16.8,0.670820393,-0.1018,3e-4,NA,NA,Yes,NA,NA,NA,,67,2.700000000000001,Alter_K_Peck_MA,NA,Belone_belone,Fish_larvae,2021,365,14.4,5,Alter_K_Peck_MA__2021__NA,ZOO_STUDY_0018,ZOO_ES_000012,ZOO_STUDY_0018__Belone_belone__Fish_larvae__CO2365.00__T14.40__NC5,ZOO_COMMON_00026,-0.10178269430994236,3.477826265787284e-4,53.6223765985408,4.25
Alter et al. 2024,"Alter K, Peck MA",2021,NA,NA,Zooplankton,Meroplankton,Fish larvae,Belone belone,T,5,5,365,14.4,377,15.9,Hatch duration,ambiguous,h,Development,53.3,1.565247584,18.7,1.341640786,-1.0474,0.0012,NA,NA,Yes,NA,NA,NA,,12,1.5,Alter_K_Peck_MA,NA,Belone_belone,Fish_larvae,2021,365,14.4,5,Alter_K_Peck_MA__2021__NA,ZOO_STUDY_0018,ZOO_ES_000018,ZOO_STUDY_0018__Belone_belone__Fish_larvae__CO2365.00__T14.40__NC5,ZOO_COMMON_00026,-1.0474128073112579,0.001201964414849888,28.843914191369397,3.5
Alter et al. 2024,"Alter K, Peck MA",2021,NA,NA,Zooplankton,Meroplankton,Fish larvae,Belone belone,T,5,5,365,14.4,432,17.1,Saggitae diameter at hatch,ambiguous,um/cm,Growth,10.763,0.380131556,11.17,0.245967478,0.0371,3e-4,NA,NA,Yes,NA,NA,NA,,67,2.700000000000001,Alter_K_Peck_MA,NA,Belone_belone,Fish_larvae,2021,365,14.4,5,Alter_K_Peck_MA__2021__NA,ZOO_STUDY_0018,ZOO_ES_000020,ZOO_STUDY_0018__Belone_belone__Fish_larvae__CO2365.00__T14.40__NC5,ZOO_COMMON_00026,0.03711728679894816,3.464566684251804e-4,53.72489032447826,4.25
Alter et al. 2024,"Alter K, Peck MA",2021,NA,NA,Zooplankton,Meroplankton,Fish larvae,Belone belone,T,5,5,365,14.4,432,17.1,Heart rates,ambiguous,%,Physiology,102.427,7.93804132,120.904,6.149186938,0.1658,0.0017,NA,NA,Yes,NA,NA,NA,,67,2.700000000000001,Alter_K_Peck_MA,NA,Belone_belone,Fish_larvae,2021,365,14.4,5,Alter_K_Peck_MA__2021__NA,ZOO_STUDY_0018,ZOO_ES_000023,ZOO_STUDY_0018__Belone_belone__Fish_larvae__CO2365.00__T14.40__NC5,ZOO_COMMON_00026,0.16584649254273168,0.0017185840283780148,24.122072272000587,3.5
Alter et al. 2024,"Alter K, Peck MA",2021,NA,NA,Zooplankton,Meroplankton,Fish larvae,Belone belone,T,5,5,365,14.4,432,17.1,Abnormal larvae,positive,%,Development,0.713,0.715541753,4.667,7.311942286,-0.0406,0.0012,NA,NA,Yes,NA,NA,NA,,67,2.700000000000001,Alter_K_Peck_MA,NA,Belone_belone,Fish_larvae,2021,365,14.4,5,Alter_K_Peck_MA__2021__NA,ZOO_STUDY_0018,ZOO_ES_000025,ZOO_STUDY_0018__Belone_belone__Fish_larvae__CO2365.00__T14.40__NC5,ZOO_COMMON_00026,1.8787903255355196,0.6923588647797734,1.2018060097532728,2.5
Alter et al. 2024,"Alter K, Peck MA",2021,NA,NA,Zooplankton,Meroplankton,Fish larvae,Belone belone,T,5,5,365,14.4,377,15.9,Saggitae diameter at hatch,ambiguous,um/cm,Growth,10.763,0.380131556,10.646,0.491934955,-0.0109,7e-4,NA,NA,Yes,NA,NA,NA,,12,1.5,Alter_K_Peck_MA,NA,Belone_belone,Fish_larvae,2021,365,14.4,5,Alter_K_Peck_MA__2021__NA,ZOO_STUDY_0018,ZOO_ES_000026,ZOO_STUDY_0018__Belone_belone__Fish_larvae__CO2365.00__T14.40__NC5,ZOO_COMMON_00026,-0.010930091531595486,6.765211893499688e-4,38.44672029558568,4.25
Alter et al. 2024,"Alter K, Peck MA",2021,NA,NA,Zooplankton,Meroplankton,Fish larvae,Belone belone,T,5,5,365,14.4,377,15.9,Heart rates,ambiguous,%,Physiology,102.427,7.93804132,134.683,8.675943753,0.2738,0.002,NA,NA,Yes,NA,NA,NA,,12,1.5,Alter_K_Peck_MA,NA,Belone_belone,Fish_larvae,2021,365,14.4,5,Alter_K_Peck_MA__2021__NA,ZOO_STUDY_0018,ZOO_ES_000029,ZOO_STUDY_0018__Belone_belone__Fish_larvae__CO2365.00__T14.40__NC5,ZOO_COMMON_00026,0.2737735193419762,0.0020311576776399966,22.188512099859405,3.5
Alter et al. 2024,"Alter K, Peck MA",2021,NA,NA,Zooplankton,Meroplankton,Fish larvae,Belone belone,T,5,5,365,14.4,432,17.1,Fertilization success,positive,%,Reproduction,99.9,0.223606798,85,10.73312629,-0.1615,0.0032,NA,NA,Yes,NA,NA,NA,,67,2.700000000000001,Alter_K_Peck_MA,NA,Belone_belone,Fish_larvae,2021,365,14.4,5,Alter_K_Peck_MA__2021__NA,ZOO_STUDY_0018,ZOO_ES_000031,ZOO_STUDY_0018__Belone_belone__Fish_larvae__CO2365.00__T14.40__NC5,ZOO_COMMON_00026,-0.16151842916419148,0.0031899293374585405,17.705551896201722,3.5
Alter et al. 2024,"Alter K, Peck MA",2021,NA,NA,Zooplankton,Meroplankton,Fish larvae,Belone belone,T,5,5,365,14.4,377,15.9,Length at hatch,positive,mm,Growth,13.493,0.201246118,12.908,0.268328157,-0.0443,1e-4,NA,NA,Yes,NA,NA,NA,,12,1.5,Alter_K_Peck_MA,NA,Belone_belone,Fish_larvae,2021,365,14.4,5,Alter_K_Peck_MA__2021__NA,ZOO_STUDY_0018,ZOO_ES_000032,ZOO_STUDY_0018__Belone_belone__Fish_larvae__CO2365.00__T14.40__NC5,ZOO_COMMON_00026,-0.044323758258934955,1.3091660357416888e-4,87.39822956061032,4.25
Alter et al. 2024,"Alter K, Peck MA",2021,NA,NA,Zooplankton,Meroplankton,Fish larvae,Belone belone,T,5,5,365,14.4,432,17.1,Length at hatch,positive,mm,Growth,13.493,0.201246118,12.578,0.402492236,-0.0702,2e-4,NA,NA,Yes,NA,NA,NA,,67,2.700000000000001,Alter_K_Peck_MA,NA,Belone_belone,Fish_larvae,2021,365,14.4,5,Alter_K_Peck_MA__2021__NA,ZOO_STUDY_0018,ZOO_ES_000034,ZOO_STUDY_0018__Belone_belone__Fish_larvae__CO2365.00__T14.40__NC5,ZOO_COMMON_00026,-0.07022177632733873,2.492867404472991e-4,63.33596770643106,4.25
Alter et al. 2024,"Alter K, Peck MA",2021,NA,NA,Zooplankton,Meroplankton,Fish larvae,Belone belone,T,5,5,365,14.4,432,17.1,Hatch duration,ambiguous,h,Development,53.3,1.565247584,24.2,8.273451517,-0.7896,0.0235,NA,NA,Yes,NA,NA,NA,,67,2.700000000000001,Alter_K_Peck_MA,NA,Belone_belone,Fish_larvae,2021,365,14.4,5,Alter_K_Peck_MA__2021__NA,ZOO_STUDY_0018,ZOO_ES_000037,ZOO_STUDY_0018__Belone_belone__Fish_larvae__CO2365.00__T14.40__NC5,ZOO_COMMON_00026,-0.7895836980091581,0.023548616670304987,6.516543518577425,2
Alter et al. 2024,"Anlauf H, D´Croz L, O`Dea A",2011,NA,NA,Zooplankton,Meroplankton,Cnidaria,Porites panamensis,T,5,5,487,28.4,493,29.6,Mortality,positive,% total planulae,Survival,45.9,10.95673309,61.3,29.9633109,-0.335,0.1281,NA,NA,Yes,NA,NA,NA,,6,1.2000000000000028,Anlauf_H_D_Croz_L_O_Dea_A,NA,Porites_panamensis,Cnidaria,2011,487,28.4,5,Anlauf_H_D_Croz_L_O_Dea_A__2011__NA,ZOO_STUDY_0021,ZOO_ES_000042,ZOO_STUDY_0021__Porites_panamensis__Cnidaria__CO2487.00__T28.40__NC5,ZOO_COMMON_00029,0.2893147258756663,0.059181052741629804,4.110632549609177,2
Alter et al. 2024,"Anlauf H, D´Croz L, O`Dea A",2011,NA,NA,Zooplankton,Meroplankton,Cnidaria,Porites panamensis,T,5,5,487,28.4,493,29.6,Settlement,positive,% total planulae,Development,46.7,13.64001466,30.5,25.26756815,-0.426,0.1543,NA,NA,Yes,NA,NA,NA,,6,1.2000000000000028,Anlauf_H_D_Croz_L_O_Dea_A,NA,Porites_panamensis,Cnidaria,2011,487,28.4,5,Anlauf_H_D_Croz_L_O_Dea_A__2011__NA,ZOO_STUDY_0021,ZOO_ES_000046,ZOO_STUDY_0021__Porites_panamensis__Cnidaria__CO2487.00__T28.40__NC5,ZOO_COMMON_00029,-0.4260174810614858,0.15432601806118654,2.545542924031878,2.5
Alter et al. 2024,"Anlauf H, D´Croz L, O`Dea A",2011,NA,NA,Zooplankton,Meroplankton,Cnidaria,Porites panamensis,T,27,5,546,28.9,540,29.9,biomass,positive,µg*polyp-1,Growth,18.6,9.353074361,14,2.236067977,-0.284,0.0145,NA,NA,Yes,NA,NA,NA,,-6,1,Anlauf_H_D_Croz_L_O_Dea_A,NA,Porites_panamensis,Cnidaria,2011,546,28.9,27,Anlauf_H_D_Croz_L_O_Dea_A__2011__NA,ZOO_STUDY_0021,ZOO_ES_000047,ZOO_STUDY_0021__Porites_panamensis__Cnidaria__CO2546.00__T28.90__NC27,ZOO_COMMON_00030,-0.284104251103897,0.014467285351242927,8.313932156301245,2.75
Alter et al. 2024,"Anlauf H, D´Croz L, O`Dea A",2011,NA,NA,Zooplankton,Meroplankton,Cnidaria,Porites panamensis,T,27,5,546,28.9,540,29.9,skeletal mass,ambiguous,µg*polyp-1,Growth,79,35.33383647,85.8,20.1246118,0.083,0.0184,NA,NA,Yes,NA,NA,NA,,-6,1,Anlauf_H_D_Croz_L_O_Dea_A,NA,Porites_panamensis,Cnidaria,2011,546,28.9,27,Anlauf_H_D_Croz_L_O_Dea_A__2011__NA,ZOO_STUDY_0021,ZOO_ES_000048,ZOO_STUDY_0021__Porites_panamensis__Cnidaria__CO2546.00__T28.90__NC27,ZOO_COMMON_00030,0.08257115402689512,0.018412052091289058,7.369684612851282,2
Alter et al. 2024,"Armstrong, Allen, Beltrand, Dubousquet, Stillman, Mills",2017,NA,NA,Zooplankton,Meroplankton,Mollusca,Stylocheilus striatus,T,44,44,420,27,420,31,Hatching success,positive,%,Reproduction,93.8,7.42923953,39.42,18.50676633,-0.867,0.0052,NA,NA,Yes,NA,NA,NA,,0,4,Armstrong_Allen_Beltrand_Dubousquet_Stillman_Mills,NA,Stylocheilus_striatus,Mollusca,2017,420,27,44,Armstrong_Allen_Beltrand_Dubousquet_Stillman_Mills__2017__NA,ZOO_STUDY_0024,ZOO_ES_000054,ZOO_STUDY_0024__Stylocheilus_striatus__Mollusca__CO2420.00__T27.00__NC44,ZOO_COMMON_00034,-0.8668915542876048,0.0051518491003435685,13.932159349074583,2.75
Alter et al. 2024,"Armstrong, Allen, Beltrand, Dubousquet, Stillman, Mills",2017,NA,NA,Zooplankton,Meroplankton,Mollusca,Stylocheilus striatus,T,440,440,420,27,420,31,Shell length,positive,µm,Growth,106.8775852,34.40093022,85.76931578,50.13306294,-0.22,0.001,NA,NA,Yes,NA,NA,NA,,0,4,Armstrong_Allen_Beltrand_Dubousquet_Stillman_Mills,NA,Stylocheilus_striatus,Mollusca,2017,420,27,440,Armstrong_Allen_Beltrand_Dubousquet_Stillman_Mills__2017__NA,ZOO_STUDY_0024,ZOO_ES_000058,ZOO_STUDY_0024__Stylocheilus_striatus__Mollusca__CO2420.00__T27.00__NC440,ZOO_COMMON_00035,-0.22002279838108113,0.0010119414577087179,31.435639932486403,3.5
Alter et al. 2024,"Arnberg M, Calosi P, Spicer JI, Tandberg AHS, Nilsen M, Westerlund S, Bechmann RK",2013,NA,NA,Zooplankton,Meroplankton,Arthropoda,Pandalus Borealis,T,23,23,406,6.7,443,9.5,Hatching success,positive,%,Reproduction,98.74,4.460123317,97,4.651956578,-0.018,2e-4,NA,NA,Yes,NA,NA,NA,,37,2.8,Arnberg_M_Calosi_P_Spicer_JI_Tandberg_AHS_Nilsen_M_Westerlund_S_Bechmann_RK,NA,Pandalus_Borealis,Arthropoda,2013,406,6.7,23,Arnberg_M_Calosi_P_Spicer_JI_Tandberg_AHS_Nilsen_M_Westerlund_S_Bechmann_RK__2013__NA,ZOO_STUDY_0025,ZOO_ES_000063,ZOO_STUDY_0025__Pandalus_Borealis__Arthropoda__CO2406.00__T6.70__NC23,ZOO_COMMON_00036,-0.017779154327333933,1.8871144460365277e-4,72.79488770107535,4.25
Alter et al. 2024,"Arnberg M, Calosi P, Spicer JI, Tandberg AHS, Nilsen M, Westerlund S, Bechmann RK",2013,NA,NA,Zooplankton,Meroplankton,Arthropoda,Pandalus Borealis,T,74,74,406,6.7,443,9.5,Time to first hatch,ambiguous,days,Development,17.82,9.806650804,14.5,8.172209004,-0.206,0.0084,NA,NA,Yes,NA,NA,NA,,37,2.8,Arnberg_M_Calosi_P_Spicer_JI_Tandberg_AHS_Nilsen_M_Westerlund_S_Bechmann_RK,NA,Pandalus_Borealis,Arthropoda,2013,406,6.7,74,Arnberg_M_Calosi_P_Spicer_JI_Tandberg_AHS_Nilsen_M_Westerlund_S_Bechmann_RK__2013__NA,ZOO_STUDY_0025,ZOO_ES_000067,ZOO_STUDY_0025__Pandalus_Borealis__Arthropoda__CO2406.00__T6.70__NC74,ZOO_COMMON_00038,-0.2061727726161346,0.008385061832023966,10.920609183607532,2.75
Alter et al. 2024,"Arnberg M, Calosi P, Spicer JI, Tandberg AHS, Nilsen M, Westerlund S, Bechmann RK",2013,NA,NA,Zooplankton,Meroplankton,Arthropoda,Pandalus Borealis,T,33,27,406,6.7,443,9.5,Larval stage,ambiguous,%,Development,63.51,28.49303073,72.92,25.98076211,0.138,0.0108,NA,NA,Yes,NA,NA,NA,,37,2.8,Arnberg_M_Calosi_P_Spicer_JI_Tandberg_AHS_Nilsen_M_Westerlund_S_Bechmann_RK,NA,Pandalus_Borealis,Arthropoda,2013,406,6.7,33,Arnberg_M_Calosi_P_Spicer_JI_Tandberg_AHS_Nilsen_M_Westerlund_S_Bechmann_RK__2013__NA,ZOO_STUDY_0025,ZOO_ES_000068,ZOO_STUDY_0025__Pandalus_Borealis__Arthropoda__CO2406.00__T6.70__NC33,ZOO_COMMON_00037,0.13816557599557894,0.010800898760630891,9.622104125916712,2.75
Alter et al. 2024,"Arnberg M, Calosi P, Spicer JI, Tandberg AHS, Nilsen M, Westerlund S, Bechmann RK",2013,NA,NA,Zooplankton,Meroplankton,Arthropoda,Pandalus Borealis,T,9,9,406,6.7,443,9.5,Oxygen consumption,ambiguous,nmolO2/h/mg DW,Physiology,50.09,6.48,58.37,12.99,0.153,0.0074,NA,NA,Yes,NA,NA,NA,,37,2.8,Arnberg_M_Calosi_P_Spicer_JI_Tandberg_AHS_Nilsen_M_Westerlund_S_Bechmann_RK,NA,Pandalus_Borealis,Arthropoda,2013,406,6.7,9,Arnberg_M_Calosi_P_Spicer_JI_Tandberg_AHS_Nilsen_M_Westerlund_S_Bechmann_RK__2013__NA,ZOO_STUDY_0025,ZOO_ES_000069,ZOO_STUDY_0025__Pandalus_Borealis__Arthropoda__CO2406.00__T6.70__NC9,ZOO_COMMON_00039,0.1529806718461742,0.007362500266855727,11.654330723754178,2.75
Alter et al. 2024,"Arnberg M, Calosi P, Spicer JI, Tandberg AHS, Nilsen M, Westerlund S, Bechmann RK",2013,NA,NA,Zooplankton,Meroplankton,Arthropoda,Pandalus Borealis,T,33,27,406,6.7,443,9.5,number of artemia eaten,ambiguous,ind/h,Physiology,2.78,1.723368794,3.68,1.299038106,0.28,0.0163,NA,NA,Yes,NA,NA,NA,,37,2.8,Arnberg_M_Calosi_P_Spicer_JI_Tandberg_AHS_Nilsen_M_Westerlund_S_Bechmann_RK,NA,Pandalus_Borealis,Arthropoda,2013,406,6.7,33,Arnberg_M_Calosi_P_Spicer_JI_Tandberg_AHS_Nilsen_M_Westerlund_S_Bechmann_RK__2013__NA,ZOO_STUDY_0025,ZOO_ES_000070,ZOO_STUDY_0025__Pandalus_Borealis__Arthropoda__CO2406.00__T6.70__NC33,ZOO_COMMON_00037,0.28046182447829404,0.01626049466192578,7.842113496410202,2.75
Alter et al. 2024,"Baragi LV, Anil AC",2015,NA,NA,Zooplankton,Meroplankton,Arthropoda,Balanus amphitrite,T,3,3,416,29.8,412,33.9,Mortality,positive,%,Survival,20.17,7.551741521,59.66,9.249151312,-0.683,0.0205,NA,NA,Yes,NA,NA,NA,,-4,4.099999999999998,Baragi_LV_Anil_AC,NA,Balanus_amphitrite,Arthropoda,2015,416,29.8,3,Baragi_LV_Anil_AC__2015__NA,ZOO_STUDY_0029,ZOO_ES_000078,ZOO_STUDY_0029__Balanus_amphitrite__Arthropoda__CO2416.00__T29.80__NC3,ZOO_COMMON_00043,1.0844654271204819,0.05473781750752832,4.274213988571113,2
Alter et al. 2024,"Baragi LV, Anil AC",2015,NA,NA,Zooplankton,Meroplankton,Arthropoda,Balanus amphitrite,T,3,3,416,29.8,412,33.9,Metamorphosis,positive,%,Development,54.85,6.30466494,43.04,9.197189788,-0.242,0.0196,NA,NA,Yes,NA,NA,NA,,-4,4.099999999999998,Baragi_LV_Anil_AC,NA,Balanus_amphitrite,Arthropoda,2015,416,29.8,3,Baragi_LV_Anil_AC__2015__NA,ZOO_STUDY_0029,ZOO_ES_000083,ZOO_STUDY_0029__Balanus_amphitrite__Arthropoda__CO2416.00__T29.80__NC3,ZOO_COMMON_00043,-0.2424722708677103,0.01962506888475049,7.13829357460631,2
Alter et al. 2024,"Baragi LV, Anil AC",2015,NA,NA,Zooplankton,Meroplankton,Arthropoda,Balanus amphitrite,T,3,3,416,29.8,412,33.9,larval length,positive,um,Growth,490.45,8.417766925,438.2,15.17276507,-0.113,5e-4,NA,NA,Yes,NA,NA,NA,,-4,4.099999999999998,Baragi_LV_Anil_AC,NA,Balanus_amphitrite,Arthropoda,2015,416,29.8,3,Baragi_LV_Anil_AC__2015__NA,ZOO_STUDY_0029,ZOO_ES_000084,ZOO_STUDY_0029__Balanus_amphitrite__Arthropoda__CO2416.00__T29.80__NC3,ZOO_COMMON_00043,-0.11264790984895852,4.978285254969506e-4,44.81878830318199,4.25
Alter et al. 2024,"Baragi LV, Anil AC",2015,NA,NA,Zooplankton,Meroplankton,Arthropoda,Balanus amphitrite,T,3,3,416,29.8,412,33.9,larval duration,ambiguous,days,Development,4.66,0.571576766,4.33,0.571576766,-0.073,0.011,NA,NA,Yes,NA,NA,NA,,-4,4.099999999999998,Baragi_LV_Anil_AC,NA,Balanus_amphitrite,Arthropoda,2015,416,29.8,3,Baragi_LV_Anil_AC__2015__NA,ZOO_STUDY_0029,ZOO_ES_000085,ZOO_STUDY_0029__Balanus_amphitrite__Arthropoda__CO2416.00__T29.80__NC3,ZOO_COMMON_00043,-0.07344790612315602,0.01082316878702256,9.612199685733398,2.75
Alter et al. 2024,"Baragi LV, Anil AC",2015,NA,NA,Zooplankton,Meroplankton,Arthropoda,Balanus amphitrite,T,3,3,416,29.8,412,33.9,RNA:DNA ratio,ambiguous,NA,Physiology,1.27,0.034641016,1.19,0.034641016,-0.065,6e-4,NA,NA,Yes,NA,NA,NA,,-4,4.099999999999998,Baragi_LV_Anil_AC,NA,Balanus_amphitrite,Arthropoda,2015,416,29.8,3,Baragi_LV_Anil_AC__2015__NA,ZOO_STUDY_0029,ZOO_ES_000086,ZOO_STUDY_0029__Balanus_amphitrite__Arthropoda__CO2416.00__T29.80__NC3,ZOO_COMMON_00043,-0.06506359334706201,5.304664189123181e-4,43.41812372857523,4.25
Alter et al. 2024,"Baria MVB, Kurihara H, Harii S",2015,NA,NA,Zooplankton,Meroplankton,Cnidaria,Fungia fungites,T,3,3,420,28.1,527,34.1,Survival,positive,%,Survival,68.77,19.91858429,61.08,22.17025034,-0.119,0.0719,NA,NA,Yes,NA,NA,NA,,107,6,Baria_MVB_Kurihara_H_Harii_S,NA,Fungia_fungites,Cnidaria,2015,420,28.1,3,Baria_MVB_Kurihara_H_Harii_S__2015__NA,ZOO_STUDY_0030,ZOO_ES_000096,ZOO_STUDY_0030__Fungia_fungites__Cnidaria__CO2420.00__T28.10__NC3,ZOO_COMMON_00044,-0.11858312298131309,0.07187980265241231,3.7298946201740253,2.5
Alter et al. 2024,"Baria MVB, Kurihara H, Harii S",2015,NA,NA,Zooplankton,Meroplankton,Cnidaria,Fungia fungites,T,3,3,420,28.1,474,31.2,Survival,positive,%,Survival,68.77,19.91858429,66.96,8.608292514,-0.027,0.0334,NA,NA,Yes,NA,NA,NA,,54,3.099999999999998,Baria_MVB_Kurihara_H_Harii_S,NA,Fungia_fungites,Cnidaria,2015,420,28.1,3,Baria_MVB_Kurihara_H_Harii_S__2015__NA,ZOO_STUDY_0030,ZOO_ES_000097,ZOO_STUDY_0030__Fungia_fungites__Cnidaria__CO2420.00__T28.10__NC3,ZOO_COMMON_00044,-0.026672177150524924,0.033473008656138524,5.46578601481617,2
Alter et al. 2024,"Baria MVB, Kurihara H, Harii S",2015,NA,NA,Zooplankton,Meroplankton,Cnidaria,Lithophyllon repanda,T,3,3,419,28.1,473,31,Survival,positive,%,Survival,59.72,6.789639166,63.8,4.070319398,0.066,0.0057,NA,NA,Yes,NA,NA,NA,,54,2.8999999999999986,Baria_MVB_Kurihara_H_Harii_S,NA,Lithophyllon_repanda,Cnidaria,2015,419,28.1,3,Baria_MVB_Kurihara_H_Harii_S__2015__NA,ZOO_STUDY_0030,ZOO_ES_000098,ZOO_STUDY_0030__Lithophyllon_repanda__Cnidaria__CO2419.00__T28.10__NC3,ZOO_COMMON_00045,0.06608621767975449,0.005665296809953597,13.285829234489107,2.75
Alter et al. 2024,"Bignami, Sponaugle, Hauff, Cowen",2017,NA,NA,Zooplankton,Meroplankton,Fish larvae,Rachycentron canadum,T,3,3,608,27,745,32,Flextion,positive,%,Development,45.31356954,24.22013247,73.2659148,9.476343038,0.4805,0.1008,NA,NA,Yes,NA,NA,NA,,137,5,Bignami_Sponaugle_Hauff_Cowen,NA,Rachycentron_canadum,Fish_larvae,2017,608,27,3,Bignami_Sponaugle_Hauff_Cowen__2017__NA,ZOO_STUDY_0040,ZOO_ES_000105,ZOO_STUDY_0040__Rachycentron_canadum__Fish_larvae__CO2608.00__T27.00__NC3,ZOO_COMMON_00058,0.48048895521462986,0.10080674679486262,3.1495985382729472,2.5
Alter et al. 2024,"Bignami, Sponaugle, Hauff, Cowen",2017,NA,NA,Zooplankton,Meroplankton,Fish larvae,Rachycentron canadum,T,3,3,608,27,745,32,Ucrit,positive,BL/sec,Physiology,7.819494585,1.350624457,10.72202166,1.200555072,0.3157,0.0141,NA,NA,Yes,NA,NA,NA,,137,5,Bignami_Sponaugle_Hauff_Cowen,NA,Rachycentron_canadum,Fish_larvae,2017,608,27,3,Bignami_Sponaugle_Hauff_Cowen__2017__NA,ZOO_STUDY_0040,ZOO_ES_000107,ZOO_STUDY_0040__Rachycentron_canadum__Fish_larvae__CO2608.00__T27.00__NC3,ZOO_COMMON_00058,0.31567980415442753,0.01412384046838237,8.414408617811457,2.75
Alter et al. 2024,"Bignami, Sponaugle, Hauff, Cowen",2017,NA,NA,Zooplankton,Meroplankton,Fish larvae,Rachycentron canadum,T,3,3,608,27,745,32,Length,positive,mm,Growth,17.05491329,1.354785458,21.11540154,0.58078098,0.2136,0.0024,NA,NA,Yes,NA,NA,NA,,137,5,Bignami_Sponaugle_Hauff_Cowen,NA,Rachycentron_canadum,Fish_larvae,2017,608,27,3,Bignami_Sponaugle_Hauff_Cowen__2017__NA,ZOO_STUDY_0040,ZOO_ES_000108,ZOO_STUDY_0040__Rachycentron_canadum__Fish_larvae__CO2608.00__T27.00__NC3,ZOO_COMMON_00058,0.2135643732996458,0.0023555712819273095,20.604015813226862,3.5
Alter et al. 2024,"Bylenga CH, Cummings VJ, Ryan KG",2017,NA,NA,Zooplankton,Meroplankton,Mollusca,Laternula elliptica,T,3,3,458,-1.6,462,0.4,Malformation,positive,%,Development,29.04,7.430497964,36.11,7.880831174,-0.105,0.0087,NA,NA,Yes,NA,NA,NA,,4,2,Bylenga_CH_Cummings_VJ_Ryan_KG,NA,Laternula_elliptica,Mollusca,2017,458,-1.6,3,Bylenga_CH_Cummings_VJ_Ryan_KG__2017__NA,ZOO_STUDY_0049,ZOO_ES_000120,ZOO_STUDY_0049__Laternula_elliptica__Mollusca__CO2458.00__T-1.60__NC3,ZOO_COMMON_00071,0.21789564533277103,0.03770032413261684,5.150239886230881,2
Alter et al. 2024,"Bylenga CH, Cummings VJ, Ryan KG",2017,NA,NA,Zooplankton,Meroplankton,Mollusca,Laternula elliptica,T,3,3,458,-1.6,460,-0.5,Shell damage,negative,% area,Physiology,3.43,0.571576766,3.27,1.26439709,-0.002,1e-4,NA,NA,Yes,NA,NA,NA,,2,1.1,Bylenga_CH_Cummings_VJ_Ryan_KG,NA,Laternula_elliptica,Mollusca,2017,458,-1.6,3,Bylenga_CH_Cummings_VJ_Ryan_KG__2017__NA,ZOO_STUDY_0049,ZOO_ES_000121,ZOO_STUDY_0049__Laternula_elliptica__Mollusca__CO2458.00__T-1.60__NC3,ZOO_COMMON_00071,-0.047770276268686546,0.05909315489287729,4.113688584603703,2
Alter et al. 2024,"Bylenga CH, Cummings VJ, Ryan KG",2017,NA,NA,Zooplankton,Meroplankton,Mollusca,Laternula elliptica,T,3,3,458,-1.6,462,0.4,Shell damage,negative,% area,Physiology,3.43,0.571576766,4.65,2.234345542,0.013,2e-4,NA,NA,Yes,NA,NA,NA,,4,2,Bylenga_CH_Cummings_VJ_Ryan_KG,NA,Laternula_elliptica,Mollusca,2017,458,-1.6,3,Bylenga_CH_Cummings_VJ_Ryan_KG__2017__NA,ZOO_STUDY_0049,ZOO_ES_000122,ZOO_STUDY_0049__Laternula_elliptica__Mollusca__CO2458.00__T-1.60__NC3,ZOO_COMMON_00071,0.3043069584214164,0.0862178457095432,3.405661003157338,2.5
Alter et al. 2024,"Bylenga CH, Cummings VJ, Ryan KG",2017,NA,NA,Zooplankton,Meroplankton,Mollusca,Laternula elliptica,T,3,3,458,-1.6,460,-0.5,Malformation,positive,%,Development,29.04,7.430497964,22.8,2.494153163,0.084,0.004,NA,NA,Yes,NA,NA,NA,,2,1.1,Bylenga_CH_Cummings_VJ_Ryan_KG,NA,Laternula_elliptica,Mollusca,2017,458,-1.6,3,Bylenga_CH_Cummings_VJ_Ryan_KG__2017__NA,ZOO_STUDY_0049,ZOO_ES_000123,ZOO_STUDY_0049__Laternula_elliptica__Mollusca__CO2458.00__T-1.60__NC3,ZOO_COMMON_00071,-0.24191365399620018,0.025812266772586905,6.224248560384734,2
Alter et al. 2024,"Bylenga CH, Cummings VJ, Ryan KG",2017,NA,NA,Zooplankton,Meroplankton,Mollusca,Laternula elliptica,T,3,3,458,-1.6,460,-0.5,Growth at PII,positive,µm,Growth,5.98,0.242487113,7.64,1.073871501,0.246,0.0071,NA,NA,Yes,NA,NA,NA,,2,1.1,Bylenga_CH_Cummings_VJ_Ryan_KG,NA,Laternula_elliptica,Mollusca,2017,458,-1.6,3,Bylenga_CH_Cummings_VJ_Ryan_KG__2017__NA,ZOO_STUDY_0049,ZOO_ES_000124,ZOO_STUDY_0049__Laternula_elliptica__Mollusca__CO2458.00__T-1.60__NC3,ZOO_COMMON_00071,0.24497703521588862,0.007133712218452385,11.83974114126863,2.75
Alter et al. 2024,"Bylenga CH, Cummings VJ, Ryan KG",2017,NA,NA,Zooplankton,Meroplankton,Mollusca,Laternula elliptica,T,3,3,458,-1.6,462,0.4,Growth at PII,positive,µm,Growth,5.98,0.242487113,7.97,0.571576766,0.288,0.0023,NA,NA,Yes,NA,NA,NA,,4,2,Bylenga_CH_Cummings_VJ_Ryan_KG,NA,Laternula_elliptica,Mollusca,2017,458,-1.6,3,Bylenga_CH_Cummings_VJ_Ryan_KG__2017__NA,ZOO_STUDY_0049,ZOO_ES_000125,ZOO_STUDY_0049__Laternula_elliptica__Mollusca__CO2458.00__T-1.60__NC3,ZOO_COMMON_00071,0.28726392483958324,0.0022624886639940342,21.023585917347212,3.5
Alter et al. 2024,"Bylenga CH, Cummings VJ, Ryan KG",2015,NA,NA,Zooplankton,Meroplankton,Mollusca,Laternula elliptica,T,6,6,350,-1.6,393,0.4,Abnormalities,positive,%,Development,61.38,7.495438613,56.11,6.123724357,0.128,0.0095,NA,NA,Yes,NA,NA,NA,,43,2,Bylenga_CH_Cummings_VJ_Ryan_KG,NA,Laternula_elliptica,Mollusca,2015,350,-1.6,6,Bylenga_CH_Cummings_VJ_Ryan_KG__2015__NA,ZOO_STUDY_0048,ZOO_ES_000137,ZOO_STUDY_0048__Laternula_elliptica__Mollusca__CO2350.00__T-1.60__NC6,ZOO_COMMON_00070,-0.08976999942870949,0.00447053686331373,14.956161972032804,2.75
Alter et al. 2024,"Bylenga CH, Cummings VJ, Ryan KG",2015,NA,NA,Zooplankton,Meroplankton,Mollusca,Laternula elliptica,T,6,6,350,-1.6,367,-0.5,Abnormalities,positive,%,Development,61.38,7.495438613,50.83,6.809581485,0.242,0.0095,NA,NA,Yes,NA,NA,NA,,17,1.1,Bylenga_CH_Cummings_VJ_Ryan_KG,NA,Laternula_elliptica,Mollusca,2015,350,-1.6,6,Bylenga_CH_Cummings_VJ_Ryan_KG__2015__NA,ZOO_STUDY_0048,ZOO_ES_000138,ZOO_STUDY_0048__Laternula_elliptica__Mollusca__CO2350.00__T-1.60__NC6,ZOO_COMMON_00070,-0.18859731773277902,0.005476585744208007,13.512790830230578,2.75
Alter et al. 2024,"Bylenga CH, Cummings VJ, Ryan KG",2015,NA,NA,Zooplankton,Meroplankton,Mollusca,Laternula elliptica,T,6,6,350,-1.6,393,0.4,Fertilization success,positive,%,Reproduction,84.13,2.302520358,81.53,6.95655087,-0.031,0.0013,NA,NA,Yes,NA,NA,NA,,43,2,Bylenga_CH_Cummings_VJ_Ryan_KG,NA,Laternula_elliptica,Mollusca,2015,350,-1.6,6,Bylenga_CH_Cummings_VJ_Ryan_KG__2015__NA,ZOO_STUDY_0048,ZOO_ES_000141,ZOO_STUDY_0048__Laternula_elliptica__Mollusca__CO2350.00__T-1.60__NC6,ZOO_COMMON_00070,-0.03139217088790277,0.001338233915664893,27.335938194310817,3.5
Alter et al. 2024,"Bylenga CH, Cummings VJ, Ryan KG",2015,NA,NA,Zooplankton,Meroplankton,Mollusca,Laternula elliptica,T,6,6,350,-1.6,367,-0.5,Fertilization success,positive,%,Reproduction,84.13,2.302520358,81.77,4.041658076,-0.028,5e-4,NA,NA,Yes,NA,NA,NA,,17,1.1,Bylenga_CH_Cummings_VJ_Ryan_KG,NA,Laternula_elliptica,Mollusca,2015,350,-1.6,6,Bylenga_CH_Cummings_VJ_Ryan_KG__2015__NA,ZOO_STUDY_0048,ZOO_ES_000142,ZOO_STUDY_0048__Laternula_elliptica__Mollusca__CO2350.00__T-1.60__NC6,ZOO_COMMON_00070,-0.028452793388836342,5.320139123151077e-4,43.354931593192376,4.25
Alter et al. 2024,"Byrne M, Foo S, Soars NA, Wolfe KDL, Nguyen HD, Hardy N, Dworjanyn SA",2013,NA,NA,Zooplankton,Meroplankton,Echinodermata,Heliocidaris tuberculata,T,8,8,338,20,335,24,Arm asymmetry,negative,µm,Development,13.29,2.177888886,22.59,5.628569978,-0.53,0.0111,NA,NA,Yes,NA,NA,NA,,-3,4,Byrne_M_Foo_S_Soars_NA_Wolfe_KDL_Nguyen_HD_Hardy_N_Dworjanyn_SA,NA,Heliocidaris_tuberculata,Echinodermata,2013,338,20,8,Byrne_M_Foo_S_Soars_NA_Wolfe_KDL_Nguyen_HD_Hardy_N_Dworjanyn_SA__2013__NA,ZOO_STUDY_0051,ZOO_ES_000159,ZOO_STUDY_0051__Heliocidaris_tuberculata__Echinodermata__CO2338.00__T20.00__NC8,ZOO_COMMON_00073,0.5304954577547579,0.01111706042364815,9.48429419393456,2.75
Alter et al. 2024,"Byrne M, Foo S, Soars NA, Wolfe KDL, Nguyen HD, Hardy N, Dworjanyn SA",2013,NA,NA,Zooplankton,Meroplankton,Echinodermata,Heliocidaris tuberculata,T,8,8,338,20,335,24,growth rate,positive,µm,Growth,377.16,44.60429576,475.74,17.84737516,0.232,0.0019,NA,NA,Yes,NA,NA,NA,,-3,4,Byrne_M_Foo_S_Soars_NA_Wolfe_KDL_Nguyen_HD_Hardy_N_Dworjanyn_SA,NA,Heliocidaris_tuberculata,Echinodermata,2013,338,20,8,Byrne_M_Foo_S_Soars_NA_Wolfe_KDL_Nguyen_HD_Hardy_N_Dworjanyn_SA__2013__NA,ZOO_STUDY_0051,ZOO_ES_000160,ZOO_STUDY_0051__Heliocidaris_tuberculata__Echinodermata__CO2338.00__T20.00__NC8,ZOO_COMMON_00073,0.23220198591488597,0.0019242062896122688,22.796815534734137,3.5
Alter et al. 2024,"Byrne M, Foo S, Soars NA, Wolfe KDL, Nguyen HD, Hardy N, Dworjanyn SA",2013,NA,NA,Zooplankton,Meroplankton,Echinodermata,Heliocidaris tuberculata,T,8,8,338,20,335,24,Normal gastrulae,positive,%,Development,95.25,3.563818177,87.02,9.842926394,-0.09,0.0018,NA,NA,Yes,NA,NA,NA,,-3,4,Byrne_M_Foo_S_Soars_NA_Wolfe_KDL_Nguyen_HD_Hardy_N_Dworjanyn_SA,NA,Heliocidaris_tuberculata,Echinodermata,2013,338,20,8,Byrne_M_Foo_S_Soars_NA_Wolfe_KDL_Nguyen_HD_Hardy_N_Dworjanyn_SA__2013__NA,ZOO_STUDY_0051,ZOO_ES_000161,ZOO_STUDY_0051__Heliocidaris_tuberculata__Echinodermata__CO2338.00__T20.00__NC8,ZOO_COMMON_00073,-0.09036703671427629,0.0017742537713273001,23.74062409254987,3.5
Alter et al. 2024,"Byrne M, Gonzalez-Bernat M, Doo S, Foo S, Soars N, Lamare M",2013,NA,NA,Zooplankton,Meroplankton,Echinodermata,Patiriella regularis,T,9,9,423,19,432,23,Mortality,positive,%,Survival,35.13,3.75,48.83,8.7,-0.237,0.0036,NA,NA,Yes,NA,NA,NA,,9,4,Byrne_M_Gonzalez_Bernat_M_Doo_S_Foo_S_Soars_N_Lamare_M,NA,Patiriella_regularis,Echinodermata,2013,423,19,9,Byrne_M_Gonzalez_Bernat_M_Doo_S_Foo_S_Soars_N_Lamare_M__2013__NA,ZOO_STUDY_0052,ZOO_ES_000183,ZOO_STUDY_0052__Patiriella_regularis__Echinodermata__CO2423.00__T19.00__NC9,ZOO_COMMON_00075,0.3292894117958331,0.0047932262902375825,14.44395190471914,2.75
Alter et al. 2024,"Byrne M, Gonzalez-Bernat M, Doo S, Foo S, Soars N, Lamare M",2013,NA,NA,Zooplankton,Meroplankton,Echinodermata,Patiriella regularis,T,9,9,423,19,427,21,Mortality,positive,%,Survival,35.13,3.75,41.08,9.54,-0.096,0.0033,NA,NA,Yes,NA,NA,NA,,4,2,Byrne_M_Gonzalez_Bernat_M_Doo_S_Foo_S_Soars_N_Lamare_M,NA,Patiriella_regularis,Echinodermata,2013,423,19,9,Byrne_M_Gonzalez_Bernat_M_Doo_S_Foo_S_Soars_N_Lamare_M__2013__NA,ZOO_STUDY_0052,ZOO_ES_000184,ZOO_STUDY_0052__Patiriella_regularis__Echinodermata__CO2423.00__T19.00__NC9,ZOO_COMMON_00075,0.15646591878262164,0.007258385063218131,11.737618718979,2.75
Alter et al. 2024,"Byrne M, Gonzalez-Bernat M, Doo S, Foo S, Soars N, Lamare M",2013,NA,NA,Zooplankton,Meroplankton,Echinodermata,Patiriella regularis,T,7,7,423,19,432,23,Normal,positive,%,Development,96.05,5.317960135,77.47,18.46734415,-0.215,0.0086,NA,NA,Yes,NA,NA,NA,,9,4,Byrne_M_Gonzalez_Bernat_M_Doo_S_Foo_S_Soars_N_Lamare_M,NA,Patiriella_regularis,Echinodermata,2013,423,19,7,Byrne_M_Gonzalez_Bernat_M_Doo_S_Foo_S_Soars_N_Lamare_M__2013__NA,ZOO_STUDY_0052,ZOO_ES_000187,ZOO_STUDY_0052__Patiriella_regularis__Echinodermata__CO2423.00__T19.00__NC7,ZOO_COMMON_00074,-0.21497812457075452,0.00855582329240857,10.811080393139076,2.75
Alter et al. 2024,"Byrne M, Gonzalez-Bernat M, Doo S, Foo S, Soars N, Lamare M",2013,NA,NA,Zooplankton,Meroplankton,Echinodermata,Patiriella regularis,T,7,7,423,19,427,21,Normal,positive,%,Development,96.05,5.317960135,83.02,12.01171095,-0.146,0.0034,NA,NA,Yes,NA,NA,NA,,4,2,Byrne_M_Gonzalez_Bernat_M_Doo_S_Foo_S_Soars_N_Lamare_M,NA,Patiriella_regularis,Echinodermata,2013,423,19,7,Byrne_M_Gonzalez_Bernat_M_Doo_S_Foo_S_Soars_N_Lamare_M__2013__NA,ZOO_STUDY_0052,ZOO_ES_000188,ZOO_STUDY_0052__Patiriella_regularis__Echinodermata__CO2423.00__T19.00__NC7,ZOO_COMMON_00074,-0.145787346589673,0.003428439424573775,17.078580052386595,3.5
Alter et al. 2024,"Byrne M, Gonzalez-Bernat M, Doo S, Foo S, Soars N, Lamare M",2013,NA,NA,Zooplankton,Meroplankton,Echinodermata,Patiriella regularis,T,7,7,423,19,432,23,length,positive,µm,Growth,402.31,15.60993274,353.47,30.08219241,-0.129,0.0012,NA,NA,Yes,NA,NA,NA,,9,4,Byrne_M_Gonzalez_Bernat_M_Doo_S_Foo_S_Soars_N_Lamare_M,NA,Patiriella_regularis,Echinodermata,2013,423,19,7,Byrne_M_Gonzalez_Bernat_M_Doo_S_Foo_S_Soars_N_Lamare_M__2013__NA,ZOO_STUDY_0052,ZOO_ES_000189,ZOO_STUDY_0052__Patiriella_regularis__Echinodermata__CO2423.00__T19.00__NC7,ZOO_COMMON_00074,-0.1294243196127314,0.0012497744959775257,28.28682287948468,3.5
Alter et al. 2024,"Byrne M, Gonzalez-Bernat M, Doo S, Foo S, Soars N, Lamare M",2013,NA,NA,Zooplankton,Meroplankton,Echinodermata,Patiriella regularis,T,7,7,423,19,427,21,length,positive,µm,Growth,402.31,15.60993274,376.21,34.52705461,-0.067,0.0014,NA,NA,Yes,NA,NA,NA,,4,2,Byrne_M_Gonzalez_Bernat_M_Doo_S_Foo_S_Soars_N_Lamare_M,NA,Patiriella_regularis,Echinodermata,2013,423,19,7,Byrne_M_Gonzalez_Bernat_M_Doo_S_Foo_S_Soars_N_Lamare_M__2013__NA,ZOO_STUDY_0052,ZOO_ES_000190,ZOO_STUDY_0052__Patiriella_regularis__Echinodermata__CO2423.00__T19.00__NC7,ZOO_COMMON_00074,-0.0670754375994733,0.0014183336733287128,26.552828662016573,3.5
Alter et al. 2024,"Byrne M, Ho M, Wong E, Soars NA, Selvakumaraswamy P, Shepard-Brennand H, Dworjanyn SA, Davis AR",2011,NA,NA,Zooplankton,Meroplankton,Mollusca,Haliotis coccoradiata,T,10,10,342,20,342,24,calcified larvae,positive,%,Development,59.7,31.30654884,22.6,34.15259873,-0.971,0.2559,NA,NA,Yes,NA,NA,NA,,0,4,Byrne_M_Ho_M_Wong_E_Soars_NA_Selvakumaraswamy_P_Shepard_Brennand_H_Dworjanyn_SA_Davis_AR,NA,Haliotis_coccoradiata,Mollusca,2011,342,20,10,Byrne_M_Ho_M_Wong_E_Soars_NA_Selvakumaraswamy_P_Shepard_Brennand_H_Dworjanyn_SA_Davis_AR__2011__NA,ZOO_STUDY_0054,ZOO_ES_000201,ZOO_STUDY_0054__Haliotis_coccoradiata__Mollusca__CO2342.00__T20.00__NC10,ZOO_COMMON_00077,-0.9713821141203162,0.25586487845492994,1.9769453406658244,2.5
Alter et al. 2024,"Byrne M, Ho M, Wong E, Soars NA, Selvakumaraswamy P, Shepard-Brennand H, Dworjanyn SA, Davis AR",2011,NA,NA,Zooplankton,Meroplankton,Mollusca,Haliotis coccoradiata,T,10,10,342,20,342,22,calcified larvae,positive,%,Development,59.7,31.30654884,37,22.45217139,-0.478,0.0643,NA,NA,Yes,NA,NA,NA,,0,2,Byrne_M_Ho_M_Wong_E_Soars_NA_Selvakumaraswamy_P_Shepard_Brennand_H_Dworjanyn_SA_Davis_AR,NA,Haliotis_coccoradiata,Mollusca,2011,342,20,10,Byrne_M_Ho_M_Wong_E_Soars_NA_Selvakumaraswamy_P_Shepard_Brennand_H_Dworjanyn_SA_Davis_AR__2011__NA,ZOO_STUDY_0054,ZOO_ES_000202,ZOO_STUDY_0054__Haliotis_coccoradiata__Mollusca__CO2342.00__T20.00__NC10,ZOO_COMMON_00077,-0.4784141077543321,0.06432180376375232,3.9429465749259025,2
Alter et al. 2024,"Byrne M, Soars N, Selvykumaraswamy P, Dworjanyn SA, Davis AR",2010,NA,NA,Zooplankton,Meroplankton,Echinodermata,Heliocidaris erythrogramma,T,12,12,367,22,370,24,Fertilization,positive,%,Reproduction,74.53,5.40399852,72.52,4.919024293,-0.027,8e-4,NA,NA,Yes,NA,NA,NA,,3,2,Byrne_M_Soars_N_Selvykumaraswamy_P_Dworjanyn_SA_Davis_AR,NA,Heliocidaris_erythrogramma,Echinodermata,2010,367,22,12,Byrne_M_Soars_N_Selvykumaraswamy_P_Dworjanyn_SA_Davis_AR__2010__NA,ZOO_STUDY_0056,ZOO_ES_000216,ZOO_STUDY_0056__Heliocidaris_erythrogramma__Echinodermata__CO2367.00__T22.00__NC12,ZOO_COMMON_00084,-0.027339343006952267,8.215217573337376e-4,34.88915611800282,4.25
Alter et al. 2024,"Byrne M, Soars N, Selvykumaraswamy P, Dworjanyn SA, Davis AR",2010,NA,NA,Zooplankton,Meroplankton,Echinodermata,Heliocidaris erythrogramma,T,12,12,367,22,373,26,Fertilization,positive,%,Reproduction,74.53,5.40399852,74.28,4.364768035,-0.003,7e-4,NA,NA,Yes,NA,NA,NA,,6,4,Byrne_M_Soars_N_Selvykumaraswamy_P_Dworjanyn_SA_Davis_AR,NA,Heliocidaris_erythrogramma,Echinodermata,2010,367,22,12,Byrne_M_Soars_N_Selvykumaraswamy_P_Dworjanyn_SA_Davis_AR__2010__NA,ZOO_STUDY_0056,ZOO_ES_000217,ZOO_STUDY_0056__Heliocidaris_erythrogramma__Echinodermata__CO2367.00__T22.00__NC12,ZOO_COMMON_00084,-0.0033599924090973706,7.258518740694087e-4,37.11726766633172,4.25
Alter et al. 2024,"Byrne M, Soars NA, Ho MA, Wong E, McElroy D, Selvakumaraswamy P, Dworjanyn SA, Davis AR",2010,NA,NA,Zooplankton,Meroplankton,Echinodermata,Heliocidaris erythrogramma,T,3,3,330,22,332,24,Fertilization success,positive,%,Reproduction,90.33,8.157959304,86.82,10.20177926,-0.04,0.0073,NA,NA,Yes,NA,NA,NA,,2,2,Byrne_M_Soars_NA_Ho_MA_Wong_E_McElroy_D_Selvakumaraswamy_P_Dworjanyn_SA_Davis_AR,NA,Heliocidaris_erythrogramma,Echinodermata,2010,330,22,3,Byrne_M_Soars_NA_Ho_MA_Wong_E_McElroy_D_Selvakumaraswamy_P_Dworjanyn_SA_Davis_AR__2010__NA,ZOO_STUDY_0055,ZOO_ES_000237,ZOO_STUDY_0055__Heliocidaris_erythrogramma__Echinodermata__CO2330.00__T22.00__NC3,ZOO_COMMON_00080,-0.03963262129030476,0.007321273975355286,11.687097586279256,2.75
Alter et al. 2024,"Byrne M, Soars NA, Ho MA, Wong E, McElroy D, Selvakumaraswamy P, Dworjanyn SA, Davis AR",2010,NA,NA,Zooplankton,Meroplankton,Echinodermata,Heliocidaris tuberculata,T,3,3,327,20,335,26,Fertilization success,positive,%,Reproduction,95.9,5.092229374,92.99,8.140638796,-0.031,0.0035,NA,NA,Yes,NA,NA,NA,,8,6,Byrne_M_Soars_NA_Ho_MA_Wong_E_McElroy_D_Selvakumaraswamy_P_Dworjanyn_SA_Davis_AR,NA,Heliocidaris_tuberculata,Echinodermata,2010,327,20,3,Byrne_M_Soars_NA_Ho_MA_Wong_E_McElroy_D_Selvakumaraswamy_P_Dworjanyn_SA_Davis_AR__2010__NA,ZOO_STUDY_0055,ZOO_ES_000238,ZOO_STUDY_0055__Heliocidaris_tuberculata__Echinodermata__CO2327.00__T20.00__NC3,ZOO_COMMON_00081,-0.030814021399286705,0.003494449460072317,16.91650409278793,3.5
Alter et al. 2024,"Byrne M, Soars NA, Ho MA, Wong E, McElroy D, Selvakumaraswamy P, Dworjanyn SA, Davis AR",2010,NA,NA,Zooplankton,Meroplankton,Echinodermata,Centrostephanus rodgersii,T,3,3,324,18,332,24,Fertilization success,positive,%,Reproduction,96.12,5.213472931,94.96,5.213472931,-0.012,0.002,NA,NA,Yes,NA,NA,NA,,8,6,Byrne_M_Soars_NA_Ho_MA_Wong_E_McElroy_D_Selvakumaraswamy_P_Dworjanyn_SA_Davis_AR,NA,Centrostephanus_rodgersii,Echinodermata,2010,324,18,3,Byrne_M_Soars_NA_Ho_MA_Wong_E_McElroy_D_Selvakumaraswamy_P_Dworjanyn_SA_Davis_AR__2010__NA,ZOO_STUDY_0055,ZOO_ES_000239,ZOO_STUDY_0055__Centrostephanus_rodgersii__Echinodermata__CO2324.00__T18.00__NC3,ZOO_COMMON_00078,-0.01214166056685567,0.0019853657699217004,22.442939311272564,3.5
Alter et al. 2024,"Byrne M, Soars NA, Ho MA, Wong E, McElroy D, Selvakumaraswamy P, Dworjanyn SA, Davis AR",2010,NA,NA,Zooplankton,Meroplankton,Echinodermata,Centrostephanus rodgersii,T,3,3,324,18,330,22,Fertilization success,positive,%,Reproduction,96.12,5.213472931,96.14,5.213472931,0,0.002,NA,NA,Yes,NA,NA,NA,,6,4,Byrne_M_Soars_NA_Ho_MA_Wong_E_McElroy_D_Selvakumaraswamy_P_Dworjanyn_SA_Davis_AR,NA,Centrostephanus_rodgersii,Echinodermata,2010,324,18,3,Byrne_M_Soars_NA_Ho_MA_Wong_E_McElroy_D_Selvakumaraswamy_P_Dworjanyn_SA_Davis_AR__2010__NA,ZOO_STUDY_0055,ZOO_ES_000240,ZOO_STUDY_0055__Centrostephanus_rodgersii__Echinodermata__CO2324.00__T18.00__NC3,ZOO_COMMON_00078,2.0805159754643646e-4,0.0019608533584549,22.582781983144343,3.5
Alter et al. 2024,"Byrne M, Soars NA, Ho MA, Wong E, McElroy D, Selvakumaraswamy P, Dworjanyn SA, Davis AR",2010,NA,NA,Zooplankton,Meroplankton,Echinodermata,Tripneustes gratilla,T,3,3,327,20,335,26,Fertilization success,positive,%,Reproduction,87.97,12.52272734,88,15.64041879,0,0.0173,NA,NA,Yes,NA,NA,NA,,8,6,Byrne_M_Soars_NA_Ho_MA_Wong_E_McElroy_D_Selvakumaraswamy_P_Dworjanyn_SA_Davis_AR,NA,Tripneustes_gratilla,Echinodermata,2010,327,20,3,Byrne_M_Soars_NA_Ho_MA_Wong_E_McElroy_D_Selvakumaraswamy_P_Dworjanyn_SA_Davis_AR__2010__NA,ZOO_STUDY_0055,ZOO_ES_000241,ZOO_STUDY_0055__Tripneustes_gratilla__Echinodermata__CO2327.00__T20.00__NC3,ZOO_COMMON_00083,3.4096721362337253e-4,0.01728427929150758,7.60631597147199,2
Alter et al. 2024,"Byrne M, Soars NA, Ho MA, Wong E, McElroy D, Selvakumaraswamy P, Dworjanyn SA, Davis AR",2010,NA,NA,Zooplankton,Meroplankton,Mollusca,Haliotis coccoradiata,T,3,3,327,20,335,26,Fertilization success,positive,%,Reproduction,97.55,3.204293994,97.59,3.204293994,0,7e-4,NA,NA,Yes,NA,NA,NA,,8,6,Byrne_M_Soars_NA_Ho_MA_Wong_E_McElroy_D_Selvakumaraswamy_P_Dworjanyn_SA_Davis_AR,NA,Haliotis_coccoradiata,Mollusca,2010,327,20,3,Byrne_M_Soars_NA_Ho_MA_Wong_E_McElroy_D_Selvakumaraswamy_P_Dworjanyn_SA_Davis_AR__2010__NA,ZOO_STUDY_0055,ZOO_ES_000242,ZOO_STUDY_0055__Haliotis_coccoradiata__Mollusca__CO2327.00__T20.00__NC3,ZOO_COMMON_00079,4.0996208424960457e-4,7.190198783197355e-4,37.29319150925364,4.25
Alter et al. 2024,"Byrne M, Soars NA, Ho MA, Wong E, McElroy D, Selvakumaraswamy P, Dworjanyn SA, Davis AR",2010,NA,NA,Zooplankton,Meroplankton,Echinodermata,Heliocidaris tuberculata,T,3,3,327,20,332,24,Fertilization success,positive,%,Reproduction,95.9,5.092229374,96.5,3.065729929,0.006,0.0013,NA,NA,Yes,NA,NA,NA,,5,4,Byrne_M_Soars_NA_Ho_MA_Wong_E_McElroy_D_Selvakumaraswamy_P_Dworjanyn_SA_Davis_AR,NA,Heliocidaris_tuberculata,Echinodermata,2010,327,20,3,Byrne_M_Soars_NA_Ho_MA_Wong_E_McElroy_D_Selvakumaraswamy_P_Dworjanyn_SA_Davis_AR__2010__NA,ZOO_STUDY_0055,ZOO_ES_000243,ZOO_STUDY_0055__Heliocidaris_tuberculata__Echinodermata__CO2327.00__T20.00__NC3,ZOO_COMMON_00081,0.006237026455547698,0.0012762754444627237,27.991604499039234,3.5
Alter et al. 2024,"Byrne M, Soars NA, Ho MA, Wong E, McElroy D, Selvakumaraswamy P, Dworjanyn SA, Davis AR",2010,NA,NA,Zooplankton,Meroplankton,Echinodermata,Heliocidaris erythrogramma,T,3,3,330,22,335,26,Fertilization success,positive,%,Reproduction,90.33,8.157959304,90.97,9.162548772,0.007,0.0061,NA,NA,Yes,NA,NA,NA,,5,4,Byrne_M_Soars_NA_Ho_MA_Wong_E_McElroy_D_Selvakumaraswamy_P_Dworjanyn_SA_Davis_AR,NA,Heliocidaris_erythrogramma,Echinodermata,2010,330,22,3,Byrne_M_Soars_NA_Ho_MA_Wong_E_McElroy_D_Selvakumaraswamy_P_Dworjanyn_SA_Davis_AR__2010__NA,ZOO_STUDY_0055,ZOO_ES_000244,ZOO_STUDY_0055__Heliocidaris_erythrogramma__Echinodermata__CO2330.00__T22.00__NC3,ZOO_COMMON_00080,0.007060150672218385,0.006100346648051504,12.803324207688163,2.75
Alter et al. 2024,"Byrne M, Soars NA, Ho MA, Wong E, McElroy D, Selvakumaraswamy P, Dworjanyn SA, Davis AR",2010,NA,NA,Zooplankton,Meroplankton,Mollusca,Haliotis coccoradiata,T,3,3,327,20,330,22,Fertilization success,positive,%,Reproduction,97.55,3.204293994,99.42,1.073871501,0.019,4e-4,NA,NA,Yes,NA,NA,NA,,3,2,Byrne_M_Soars_NA_Ho_MA_Wong_E_McElroy_D_Selvakumaraswamy_P_Dworjanyn_SA_Davis_AR,NA,Haliotis_coccoradiata,Mollusca,2010,327,20,3,Byrne_M_Soars_NA_Ho_MA_Wong_E_McElroy_D_Selvakumaraswamy_P_Dworjanyn_SA_Davis_AR__2010__NA,ZOO_STUDY_0055,ZOO_ES_000245,ZOO_STUDY_0055__Haliotis_coccoradiata__Mollusca__CO2327.00__T20.00__NC3,ZOO_COMMON_00079,0.018988233597406298,3.9854713820208266e-4,50.091051973708616,4.25
Alter et al. 2024,"Byrne M, Soars NA, Ho MA, Wong E, McElroy D, Selvakumaraswamy P, Dworjanyn SA, Davis AR",2010,NA,NA,Zooplankton,Meroplankton,Echinodermata,Tripneustes gratilla,T,3,3,327,20,332,24,Fertilization success,positive,%,Reproduction,87.97,12.52272734,89.79,13.56195782,0.02,0.0144,NA,NA,Yes,NA,NA,NA,,5,4,Byrne_M_Soars_NA_Ho_MA_Wong_E_McElroy_D_Selvakumaraswamy_P_Dworjanyn_SA_Davis_AR,NA,Tripneustes_gratilla,Echinodermata,2010,327,20,3,Byrne_M_Soars_NA_Ho_MA_Wong_E_McElroy_D_Selvakumaraswamy_P_Dworjanyn_SA_Davis_AR__2010__NA,ZOO_STUDY_0055,ZOO_ES_000246,ZOO_STUDY_0055__Tripneustes_gratilla__Echinodermata__CO2327.00__T20.00__NC3,ZOO_COMMON_00083,0.020477763268134188,0.014359166935980626,8.345173643031039,2.75
Alter et al. 2024,"Byrne M, Soars NA, Ho MA, Wong E, McElroy D, Selvakumaraswamy P, Dworjanyn SA, Davis AR",2010,NA,NA,Zooplankton,Meroplankton,Echinodermata,Patiriella regularis,T,3,3,330,22,335,26,Fertilization success,positive,%,Reproduction,89.93,8.556330989,91.84,6.408587988,0.021,0.0046,NA,NA,Yes,NA,NA,NA,,5,4,Byrne_M_Soars_NA_Ho_MA_Wong_E_McElroy_D_Selvakumaraswamy_P_Dworjanyn_SA_Davis_AR,NA,Patiriella_regularis,Echinodermata,2010,330,22,3,Byrne_M_Soars_NA_Ho_MA_Wong_E_McElroy_D_Selvakumaraswamy_P_Dworjanyn_SA_Davis_AR__2010__NA,ZOO_STUDY_0055,ZOO_ES_000247,ZOO_STUDY_0055__Patiriella_regularis__Echinodermata__CO2330.00__T22.00__NC3,ZOO_COMMON_00082,0.021016342644832188,0.0046405613058129605,14.679617610117731,2.75
Alter et al. 2024,"Byrne M, Soars NA, Ho MA, Wong E, McElroy D, Selvakumaraswamy P, Dworjanyn SA, Davis AR",2010,NA,NA,Zooplankton,Meroplankton,Echinodermata,Patiriella regularis,T,3,3,330,22,332,24,Fertilization success,positive,%,Reproduction,89.93,8.556330989,93.66,10.68675348,0.041,0.0074,NA,NA,Yes,NA,NA,NA,,2,2,Byrne_M_Soars_NA_Ho_MA_Wong_E_McElroy_D_Selvakumaraswamy_P_Dworjanyn_SA_Davis_AR,NA,Patiriella_regularis,Echinodermata,2010,330,22,3,Byrne_M_Soars_NA_Ho_MA_Wong_E_McElroy_D_Selvakumaraswamy_P_Dworjanyn_SA_Davis_AR__2010__NA,ZOO_STUDY_0055,ZOO_ES_000248,ZOO_STUDY_0055__Patiriella_regularis__Echinodermata__CO2330.00__T22.00__NC3,ZOO_COMMON_00082,0.040639613828971397,0.00735720527006802,11.658523793155702,2.75
Alter et al. 2024,"Chakravarti, Jarrold, Gibbin, Christen, Massamba-N'Siala, Blier, Calosi",2016,NA,NA,Zooplankton,Meroplankton,Annelida,Ophryotrocha labronica,T,12,12,386,27,402,29.9,Egg volume,positive,mm3,Growth,0.62,0.034641016,0.5438,0.034641016,-0.128,8e-4,NA,NA,Yes,NA,NA,NA,,16,2.8999999999999986,Chakravarti_Jarrold_Gibbin_Christen_Massamba_N_Siala_Blier_Calosi,NA,Ophryotrocha_labronica,Annelida,2016,386,27,12,Chakravarti_Jarrold_Gibbin_Christen_Massamba_N_Siala_Blier_Calosi__2016__NA,ZOO_STUDY_0076,ZOO_ES_000280,ZOO_STUDY_0076__Ophryotrocha_labronica__Annelida__CO2386.00__T27.00__NC12,ZOO_COMMON_00122,-0.13113794584076693,5.983051769911387e-4,40.88261053665803,4.25
Alter et al. 2024,"Chua CM, Leggat W, Moya A, Baird AH",2013,NA,NA,Zooplankton,Meroplankton,Cnidaria,Acropora millepora,T,270,270,474,26.5,521,28.9,Metamorphosis,positive,%,Development,55.7,76.57161354,28.76,114.8574203,-0.661,0.0662,NA,NA,Yes,NA,NA,NA,,47,2.3999999999999986,Chua_CM_Leggat_W_Moya_A_Baird_AH,NA,Acropora_millepora,Cnidaria,2013,474,26.5,270,Chua_CM_Leggat_W_Moya_A_Baird_AH__2013__NA,ZOO_STUDY_0087,ZOO_ES_000286,ZOO_STUDY_0087__Acropora_millepora__Cnidaria__CO2474.00__T26.50__NC270,ZOO_COMMON_00140,-0.6609946140803925,0.06607071822932774,3.8904110138383134,2
Alter et al. 2024,"Chua CM, Leggat W, Moya A, Baird AH",2013,NA,NA,Zooplankton,Meroplankton,Cnidaria,Acropora tenuis,T,270,270,421,25.7,499,28.5,Metamorphosis,positive,%,Development,52.59,131.9463641,69.95,63.91922246,0.285,0.0264,NA,NA,Yes,NA,NA,NA,,78,2.8000000000000007,Chua_CM_Leggat_W_Moya_A_Baird_AH,NA,Acropora_tenuis,Cnidaria,2013,421,25.7,270,Chua_CM_Leggat_W_Moya_A_Baird_AH__2013__NA,ZOO_STUDY_0087,ZOO_ES_000287,ZOO_STUDY_0087__Acropora_tenuis__Cnidaria__CO2421.00__T25.70__NC270,ZOO_COMMON_00141,0.28525471351023735,0.02640702723896231,6.153755589994519,2
Alter et al. 2024,"Chua CM, Leggat W, Moya A, Baird AH",2013,NA,NA,Zooplankton,Meroplankton,Cnidaria,Acropora tenuis,T,3,3,421,25.7,499,28.5,Time to motile stage,ambiguous,h,Development,81.28,3.827832285,62.5,3.186973486,-0.263,0.0016,NA,NA,Yes,NA,NA,NA,,78,2.8000000000000007,Chua_CM_Leggat_W_Moya_A_Baird_AH,NA,Acropora_tenuis,Cnidaria,2013,421,25.7,3,Chua_CM_Leggat_W_Moya_A_Baird_AH__2013__NA,ZOO_STUDY_0087,ZOO_ES_000288,ZOO_STUDY_0087__Acropora_tenuis__Cnidaria__CO2421.00__T25.70__NC3,ZOO_COMMON_00142,-0.26273342708781594,0.0016060075592018858,24.953197699881184,3.5
Alter et al. 2024,"Chua CM, Leggat W, Moya A, Baird AH",2013,NA,NA,Zooplankton,Meroplankton,Cnidaria,Acropora millepora,T,9,9,456,26.2,514,28.8,Time to motile stage,ambiguous,h,Development,65.94,2.04,57.72,3.15,-0.133,4e-4,NA,NA,Yes,NA,NA,NA,,58,2.6000000000000014,Chua_CM_Leggat_W_Moya_A_Baird_AH,NA,Acropora_millepora,Cnidaria,2013,456,26.2,9,Chua_CM_Leggat_W_Moya_A_Baird_AH__2013__NA,ZOO_STUDY_0087,ZOO_ES_000289,ZOO_STUDY_0087__Acropora_millepora__Cnidaria__CO2456.00__T26.20__NC9,ZOO_COMMON_00139,-0.1331415037379149,4.3726793976344596e-4,47.82182896415478,4.25
Alter et al. 2024,"Chua CM, Leggat W, Moya A, Baird AH",2013,NA,NA,Zooplankton,Meroplankton,Cnidaria,Acropora millepora,T,9,9,439,25.97,506,28.6,Fertilization,positive,%,Reproduction,91.15,3.3,93.62,1.53,0.027,2e-4,NA,NA,Yes,NA,NA,NA,,67,2.6300000000000026,Chua_CM_Leggat_W_Moya_A_Baird_AH,NA,Acropora_millepora,Cnidaria,2013,439,25.97,9,Chua_CM_Leggat_W_Moya_A_Baird_AH__2013__NA,ZOO_STUDY_0087,ZOO_ES_000290,ZOO_STUDY_0087__Acropora_millepora__Cnidaria__CO2439.00__T25.97__NC9,ZOO_COMMON_00138,0.026737534747252552,1.7531294457529746e-4,75.52539544250087,4.25
Alter et al. 2024,"Chua CM, Leggat W, Moya A, Baird AH",2013,NA,NA,Zooplankton,Meroplankton,Cnidaria,Acropora tenuis,T,3,3,421,25.7,499,28.5,Fertilization,positive,%,Reproduction,90.12,4.278165495,93.83,7.482459489,0.04,0.0029,NA,NA,Yes,NA,NA,NA,,78,2.8000000000000007,Chua_CM_Leggat_W_Moya_A_Baird_AH,NA,Acropora_tenuis,Cnidaria,2013,421,25.7,3,Chua_CM_Leggat_W_Moya_A_Baird_AH__2013__NA,ZOO_STUDY_0087,ZOO_ES_000291,ZOO_STUDY_0087__Acropora_tenuis__Cnidaria__CO2421.00__T25.70__NC3,ZOO_COMMON_00142,0.04034251873791465,0.002870940168954256,18.663278168968667,3.5
Alter et al. 2024,"Cole VJ, Parker LM, O'Connor SJ, O'Connor WA, Scanes E, Byrne M, Ross PM",2016,NA,NA,Zooplankton,Meroplankton,Mollusca,Ostrea angasi,T,3,3,388,26,394,30,Mortality,positive,%,Survival,4.19,6.84160069,17.67,22.96699371,-0.152,0.0276,NA,NA,Yes,NA,NA,NA,,6,4,Cole_VJ_Parker_LM_O_Connor_SJ_O_Connor_WA_Scanes_E_Byrne_M_Ross_PM,NA,Ostrea_angasi,Mollusca,2016,388,26,3,Cole_VJ_Parker_LM_O_Connor_SJ_O_Connor_WA_Scanes_E_Byrne_M_Ross_PM__2016__NA,ZOO_STUDY_0094,ZOO_ES_000302,ZOO_STUDY_0094__Ostrea_angasi__Mollusca__CO2388.00__T26.00__NC3,ZOO_COMMON_00162,1.4391675523975587,1.4518592909440287,0.8299228765552693,2.5
Alter et al. 2024,"Cole VJ, Parker LM, O'Connor SJ, O'Connor WA, Scanes E, Byrne M, Ross PM",2016,NA,NA,Zooplankton,Meroplankton,Mollusca,Ostrea angasi,T,3,3,388,26,394,30,Number of algal cells cleared/12 hr,ambiguous,mL-1,Physiology,26308.2,6586.400324,6441.24,1478.582492,-1.407,0.0385,NA,NA,Yes,NA,NA,NA,,6,4,Cole_VJ_Parker_LM_O_Connor_SJ_O_Connor_WA_Scanes_E_Byrne_M_Ross_PM,NA,Ostrea_angasi,Mollusca,2016,388,26,3,Cole_VJ_Parker_LM_O_Connor_SJ_O_Connor_WA_Scanes_E_Byrne_M_Ross_PM__2016__NA,ZOO_STUDY_0094,ZOO_ES_000305,ZOO_STUDY_0094__Ostrea_angasi__Mollusca__CO2388.00__T26.00__NC3,ZOO_COMMON_00162,-1.407159609495075,0.03845691347842406,5.099326118673861,2
Alter et al. 2024,"Cole VJ, Parker LM, O'Connor SJ, O'Connor WA, Scanes E, Byrne M, Ross PM",2016,NA,NA,Zooplankton,Meroplankton,Mollusca,Ostrea angasi,T,90,90,388,26,394,30,Shell length,positive,µm,Growth,292.33,52.46218638,292.33,59.95678444,0,8e-4,NA,NA,Yes,NA,NA,NA,,6,4,Cole_VJ_Parker_LM_O_Connor_SJ_O_Connor_WA_Scanes_E_Byrne_M_Ross_PM,NA,Ostrea_angasi,Mollusca,2016,388,26,90,Cole_VJ_Parker_LM_O_Connor_SJ_O_Connor_WA_Scanes_E_Byrne_M_Ross_PM__2016__NA,ZOO_STUDY_0094,ZOO_ES_000307,ZOO_STUDY_0094__Ostrea_angasi__Mollusca__CO2388.00__T26.00__NC90,ZOO_COMMON_00163,0,8.252506079325919e-4,34.810244487497506,4.25
Alter et al. 2024,"Dahlke F, Lucassen M, Bickmeyer U, Wohlrab S, Puvanendran V, Mortensen A, Chierici M, Pörtner HO, Storch D",2020,NA,NA,Zooplankton,Meroplankton,Fish larvae,Gadus morhua,T,6,6,380,6.2,468,9.6,Enzyme activity,ambiguous,umol ATP mg-1 protein h-1,Physiology,2.46,0.563382641,4.93,1.175755077,0.6952,0.0182,NA,NA,Yes,NA,NA,NA,,88,3.3999999999999995,Dahlke_F_Lucassen_M_Bickmeyer_U_Wohlrab_S_Puvanendran_V_Mortensen_A_Chierici_M_P_rtner_HO_Storch_D,NA,Gadus_morhua,Fish_larvae,2020,380,6.2,6,Dahlke_F_Lucassen_M_Bickmeyer_U_Wohlrab_S_Puvanendran_V_Mortensen_A_Chierici_M_P_rtner_HO_Storch_D__2020__NA,ZOO_STUDY_0109,ZOO_ES_000313,ZOO_STUDY_0109__Gadus_morhua__Fish_larvae__CO2380.00__T6.20__NC6,ZOO_COMMON_00190,0.6951776381103272,0.018221059829625692,7.408208262841226,2
Alter et al. 2024,"Dahlke F, Lucassen M, Bickmeyer U, Wohlrab S, Puvanendran V, Mortensen A, Chierici M, Pörtner HO, Storch D",2020,NA,NA,Zooplankton,Meroplankton,Fish larvae,Gadus morhua,T,6,6,380,6.2,468,9.6,Total embryo mortality,positive,%,Survival,13.1,3.184336666,16,2.939387691,-0.0339,4e-4,NA,NA,Yes,NA,NA,NA,,88,3.3999999999999995,Dahlke_F_Lucassen_M_Bickmeyer_U_Wohlrab_S_Puvanendran_V_Mortensen_A_Chierici_M_P_rtner_HO_Storch_D,NA,Gadus_morhua,Fish_larvae,2020,380,6.2,6,Dahlke_F_Lucassen_M_Bickmeyer_U_Wohlrab_S_Puvanendran_V_Mortensen_A_Chierici_M_P_rtner_HO_Storch_D__2020__NA,ZOO_STUDY_0109,ZOO_ES_000317,ZOO_STUDY_0109__Gadus_morhua__Fish_larvae__CO2380.00__T6.20__NC6,ZOO_COMMON_00190,0.1999764920326754,0.01547291096196108,8.039221353748824,2.75
Alter et al. 2024,"Dahlke FT, Leo E, Mark FC, Portner HO, Bickmeyer U, Frickenhaus S, Storch D",2017,NA,NA,Zooplankton,Meroplankton,Fish larvae,Gadus morhua,T,5,5,415,6.2,417,12.1,hatching success,positive,%,Reproduction,62.3311,6.421092804,21.22,5.00879227,-1.0775,0.0133,NA,NA,Yes,NA,NA,NA,,2,5.8999999999999995,Dahlke_FT_Leo_E_Mark_FC_Portner_HO_Bickmeyer_U_Frickenhaus_S_Storch_D,NA,Gadus_morhua,Fish_larvae,2017,415,6.2,5,Dahlke_FT_Leo_E_Mark_FC_Portner_HO_Bickmeyer_U_Frickenhaus_S_Storch_D__2017__NA,ZOO_STUDY_0108,ZOO_ES_000318,ZOO_STUDY_0108__Gadus_morhua__Fish_larvae__CO2415.00__T6.20__NC5,ZOO_COMMON_00188,-1.077516365481765,0.013265534846306711,8.682356569842355,2.75
Alter et al. 2024,"Dahlke FT, Leo E, Mark FC, Portner HO, Bickmeyer U, Frickenhaus S, Storch D",2017,NA,NA,Zooplankton,Meroplankton,Fish larvae,Gadus morhua,T,5,5,415,6.2,422,9.1,hatching success,positive,%,Reproduction,62.3311,6.421092804,37.97,14.22139234,-0.4957,0.0302,NA,NA,Yes,NA,NA,NA,,7,2.8999999999999995,Dahlke_FT_Leo_E_Mark_FC_Portner_HO_Bickmeyer_U_Frickenhaus_S_Storch_D,NA,Gadus_morhua,Fish_larvae,2017,415,6.2,5,Dahlke_FT_Leo_E_Mark_FC_Portner_HO_Bickmeyer_U_Frickenhaus_S_Storch_D__2017__NA,ZOO_STUDY_0108,ZOO_ES_000320,ZOO_STUDY_0108__Gadus_morhua__Fish_larvae__CO2415.00__T6.20__NC5,ZOO_COMMON_00188,-0.4956641244238911,0.030178924680480994,5.756362289521703,2
Alter et al. 2024,"Dahlke FT, Leo E, Mark FC, Portner HO, Bickmeyer U, Frickenhaus S, Storch D",2017,NA,NA,Zooplankton,Meroplankton,Fish larvae,Gadus morhua,T,3,3,415,6.2,422,9.1,Ln O2 consumption rates,ambiguous,nmol ind-1 h-1,Physiology,1.3148,0.08660254,1.71,0.08660254,0.2628,0.0023,NA,NA,Yes,NA,NA,NA,,7,2.8999999999999995,Dahlke_FT_Leo_E_Mark_FC_Portner_HO_Bickmeyer_U_Frickenhaus_S_Storch_D,NA,Gadus_morhua,Fish_larvae,2017,415,6.2,3,Dahlke_FT_Leo_E_Mark_FC_Portner_HO_Bickmeyer_U_Frickenhaus_S_Storch_D__2017__NA,ZOO_STUDY_0108,ZOO_ES_000325,ZOO_STUDY_0108__Gadus_morhua__Fish_larvae__CO2415.00__T6.20__NC3,ZOO_COMMON_00187,0.2628088077066412,0.002301138128633033,20.84628427121983,3.5
Alter et al. 2024,"Dahlke FT, Leo E, Mark FC, Portner HO, Bickmeyer U, Frickenhaus S, Storch D",2017,NA,NA,Zooplankton,Meroplankton,Fish larvae,Gadus morhua,T,7,7,415,6.2,422,9.1,IPC-cover,ambiguous,% of yolk sac area,Growth,22.24,2.169516075,25.1482,2.169516075,0.1229,0.0024,NA,NA,Yes,NA,NA,NA,,7,2.8999999999999995,Dahlke_FT_Leo_E_Mark_FC_Portner_HO_Bickmeyer_U_Frickenhaus_S_Storch_D,NA,Gadus_morhua,Fish_larvae,2017,415,6.2,7,Dahlke_FT_Leo_E_Mark_FC_Portner_HO_Bickmeyer_U_Frickenhaus_S_Storch_D__2017__NA,ZOO_STUDY_0108,ZOO_ES_000327,ZOO_STUDY_0108__Gadus_morhua__Fish_larvae__CO2415.00__T6.20__NC7,ZOO_COMMON_00189,0.12289385402552995,0.002422631405309717,20.3168478664839,3.5
Alter et al. 2024,"Dahlke FT, Leo E, Mark FC, Portner HO, Bickmeyer U, Frickenhaus S, Storch D",2017,NA,NA,Zooplankton,Meroplankton,Fish larvae,Gadus morhua,T,3,3,415,6.2,417,12.1,Ln O2 consumption rates,ambiguous,nmol ind-1 h-1,Physiology,1.3148,0.08660254,1.81,0.103923048,0.3196,0.0025,NA,NA,Yes,NA,NA,NA,,2,5.8999999999999995,Dahlke_FT_Leo_E_Mark_FC_Portner_HO_Bickmeyer_U_Frickenhaus_S_Storch_D,NA,Gadus_morhua,Fish_larvae,2017,415,6.2,3,Dahlke_FT_Leo_E_Mark_FC_Portner_HO_Bickmeyer_U_Frickenhaus_S_Storch_D__2017__NA,ZOO_STUDY_0108,ZOO_ES_000329,ZOO_STUDY_0108__Gadus_morhua__Fish_larvae__CO2415.00__T6.20__NC3,ZOO_COMMON_00187,0.3196422824698072,0.002545041761914224,19.822231480176946,3.5
Alter et al. 2024,"Dahlke FT, Leo E, Mark FC, Portner HO, Bickmeyer U, Frickenhaus S, Storch D",2017,NA,NA,Zooplankton,Meroplankton,Fish larvae,Gadus morhua,T,7,7,415,6.2,417,12.1,IPC-cover,ambiguous,% of yolk sac area,Growth,22.24,2.169516075,17.7223,2.169516075,-0.2271,0.0035,NA,NA,Yes,NA,NA,NA,,2,5.8999999999999995,Dahlke_FT_Leo_E_Mark_FC_Portner_HO_Bickmeyer_U_Frickenhaus_S_Storch_D,NA,Gadus_morhua,Fish_larvae,2017,415,6.2,7,Dahlke_FT_Leo_E_Mark_FC_Portner_HO_Bickmeyer_U_Frickenhaus_S_Storch_D__2017__NA,ZOO_STUDY_0108,ZOO_ES_000330,ZOO_STUDY_0108__Gadus_morhua__Fish_larvae__CO2415.00__T6.20__NC7,ZOO_COMMON_00189,-0.22706873578859843,0.003500290431953083,16.902383824497132,3.5
Alter et al. 2024,"Dahlke FT, Leo E, Mark FC, Portner HO, Bickmeyer U, Frickenhaus S, Storch D",2017,NA,NA,Zooplankton,Meroplankton,Fish larvae,Gadus morhua,T,7,7,415,6.2,422,9.1,mass,positive,mm2,Growth,0.6302,0.238117618,0.6322,0.246054872,0.0033,0.0415,NA,NA,Yes,NA,NA,NA,,7,2.8999999999999995,Dahlke_FT_Leo_E_Mark_FC_Portner_HO_Bickmeyer_U_Frickenhaus_S_Storch_D,NA,Gadus_morhua,Fish_larvae,2017,415,6.2,7,Dahlke_FT_Leo_E_Mark_FC_Portner_HO_Bickmeyer_U_Frickenhaus_S_Storch_D__2017__NA,ZOO_STUDY_0108,ZOO_ES_000333,ZOO_STUDY_0108__Gadus_morhua__Fish_larvae__CO2415.00__T6.20__NC7,ZOO_COMMON_00189,0.003168570458343098,0.04203519482440961,4.877457206371564,2
Alter et al. 2024,"Dahlke FT, Leo E, Mark FC, Portner HO, Bickmeyer U, Frickenhaus S, Storch D",2017,NA,NA,Zooplankton,Meroplankton,Fish larvae,Gadus morhua,T,7,7,415,6.2,417,12.1,mass,positive,mm2,Growth,0.6302,0.238117618,0.3554,0.246054872,-0.5728,0.0883,NA,NA,Yes,NA,NA,NA,,2,5.8999999999999995,Dahlke_FT_Leo_E_Mark_FC_Portner_HO_Bickmeyer_U_Frickenhaus_S_Storch_D,NA,Gadus_morhua,Fish_larvae,2017,415,6.2,7,Dahlke_FT_Leo_E_Mark_FC_Portner_HO_Bickmeyer_U_Frickenhaus_S_Storch_D__2017__NA,ZOO_STUDY_0108,ZOO_ES_000336,ZOO_STUDY_0108__Gadus_morhua__Fish_larvae__CO2415.00__T6.20__NC7,ZOO_COMMON_00189,-0.5727933136026232,0.08887005569726816,3.35445734522558,2.5
Alter et al. 2024,"Dong, Sun",2018,NA,NA,Zooplankton,Meroplankton,Cnidaria,Aurelia coerulea,T,4,4,375,24,368,27,Mortality,positive,%,Survival,13.61698077,24.839248,31.64555707,13.3,0.843,0.876,NA,NA,Yes,NA,NA,NA,,-7,3,Dong_Sun,NA,Aurelia_coerulea,Cnidaria,2018,375,24,4,Dong_Sun__2018__NA,ZOO_STUDY_0121,ZOO_ES_000340,ZOO_STUDY_0121__Aurelia_coerulea__Cnidaria__CO2375.00__T24.00__NC4,ZOO_COMMON_00207,0.8432801618650824,0.8760284429226726,1.068417262799485,2.5
Alter et al. 2024,"Dong, Sun",2018,NA,NA,Zooplankton,Meroplankton,Cnidaria,Aurelia coerulea,T,4,4,375,24,368,27,Larval size,positive,%/d,Growth,2.60609347,1.5,1.897518603,0.98,-0.317,0.1493,NA,NA,Yes,NA,NA,NA,,-7,3,Dong_Sun,NA,Aurelia_coerulea,Cnidaria,2018,375,24,4,Dong_Sun__2018__NA,ZOO_STUDY_0121,ZOO_ES_000348,ZOO_STUDY_0121__Aurelia_coerulea__Cnidaria__CO2375.00__T24.00__NC4,ZOO_COMMON_00207,-0.3173053110967514,0.14950515612450765,2.5862584020464716,2.5
Alter et al. 2024,"Dong, Sun",2018,NA,NA,Zooplankton,Meroplankton,Cnidaria,Aurelia coerulea,T,5,5,375,24,368,27,Number of lines crossed,ambiguous,s min-1,Physiology,20.37934259,20.66632925,25.61587836,20.30349724,0.229,0.3314,NA,NA,Yes,NA,NA,NA,,-7,3,Dong_Sun,NA,Aurelia_coerulea,Cnidaria,2018,375,24,5,Dong_Sun__2018__NA,ZOO_STUDY_0121,ZOO_ES_000349,ZOO_STUDY_0121__Aurelia_coerulea__Cnidaria__CO2375.00__T24.00__NC5,ZOO_COMMON_00208,0.2286906379796605,0.3313198645190901,1.7373057716062208,2.5
Alter et al. 2024,"Dong, Sun",2018,NA,NA,Zooplankton,Meroplankton,Cnidaria,Aurelia coerulea,T,4,4,375,24,368,27,Settlement success,positive,%,Development,46.04796521,25.54,31.25865601,13.1,-0.387,0.1209,NA,NA,Yes,NA,NA,NA,,-7,3,Dong_Sun,NA,Aurelia_coerulea,Cnidaria,2018,375,24,4,Dong_Sun__2018__NA,ZOO_STUDY_0121,ZOO_ES_000350,ZOO_STUDY_0121__Aurelia_coerulea__Cnidaria__CO2375.00__T24.00__NC4,ZOO_COMMON_00207,-0.38738724504156824,0.12081395324886018,2.877010535573203,2.5
Alter et al. 2024,"Ericson JA, Ho MA, Miskelly A, King CK, Virtue P, Tilbrook B, Byrne M",2012,NA,NA,Zooplankton,Meroplankton,Echinodermata,Sterechinus neumayeri,T,8,8,450,-0.5,450,2.9,Normal Blastulae,positive,%,Development,99.28,0.509116882,88.95,9.220672427,-0.11,0.0013,NA,NA,Yes,NA,NA,NA,,0,3.4,Ericson_JA_Ho_MA_Miskelly_A_King_CK_Virtue_P_Tilbrook_B_Byrne_M,NA,Sterechinus_neumayeri,Echinodermata,2012,450,-0.5,8,Ericson_JA_Ho_MA_Miskelly_A_King_CK_Virtue_P_Tilbrook_B_Byrne_M__2012__NA,ZOO_STUDY_0142,ZOO_ES_000360,ZOO_STUDY_0142__Sterechinus_neumayeri__Echinodermata__CO2450.00__T-0.50__NC8,ZOO_COMMON_00245,-0.10986972678450765,0.0013464952438711952,27.25195029392325,3.5
Alter et al. 2024,"Ericson JA, Ho MA, Miskelly A, King CK, Virtue P, Tilbrook B, Byrne M",2012,NA,NA,Zooplankton,Meroplankton,Echinodermata,Sterechinus neumayeri,T,8,8,450,-0.5,450,0.9,Normal Blastulae,positive,%,Development,99.28,0.509116882,97.64,2.573868684,-0.017,1e-4,NA,NA,Yes,NA,NA,NA,,0,1.4,Ericson_JA_Ho_MA_Miskelly_A_King_CK_Virtue_P_Tilbrook_B_Byrne_M,NA,Sterechinus_neumayeri,Echinodermata,2012,450,-0.5,8,Ericson_JA_Ho_MA_Miskelly_A_King_CK_Virtue_P_Tilbrook_B_Byrne_M__2012__NA,ZOO_STUDY_0142,ZOO_ES_000361,ZOO_STUDY_0142__Sterechinus_neumayeri__Echinodermata__CO2450.00__T-0.50__NC8,ZOO_COMMON_00245,-0.016656895371592404,9.014864844926198e-5,105.32231345369398,4.25
Alter et al. 2024,"Ericson JA, Ho MA, Miskelly A, King CK, Virtue P, Tilbrook B, Byrne M",2012,NA,NA,Zooplankton,Meroplankton,Echinodermata,Sterechinus neumayeri,T,10,10,450,-0.5,450,2.9,Fertilization,positive,%,Reproduction,96.99,2.972541001,96.99,2.972541001,0,2e-4,NA,NA,Yes,NA,NA,NA,,0,3.4,Ericson_JA_Ho_MA_Miskelly_A_King_CK_Virtue_P_Tilbrook_B_Byrne_M,NA,Sterechinus_neumayeri,Echinodermata,2012,450,-0.5,10,Ericson_JA_Ho_MA_Miskelly_A_King_CK_Virtue_P_Tilbrook_B_Byrne_M__2012__NA,ZOO_STUDY_0142,ZOO_ES_000362,ZOO_STUDY_0142__Sterechinus_neumayeri__Echinodermata__CO2450.00__T-0.50__NC10,ZOO_COMMON_00244,0,1.8785890402945514e-4,72.9598794649913,4.25
Alter et al. 2024,"Ericson JA, Ho MA, Miskelly A, King CK, Virtue P, Tilbrook B, Byrne M",2012,NA,NA,Zooplankton,Meroplankton,Echinodermata,Sterechinus neumayeri,T,10,10,450,-0.5,450,0.9,Fertilization,positive,%,Reproduction,96.99,2.972541001,98.87,1.201665511,0.019,1e-4,NA,NA,Yes,NA,NA,NA,,0,1.4,Ericson_JA_Ho_MA_Miskelly_A_King_CK_Virtue_P_Tilbrook_B_Byrne_M,NA,Sterechinus_neumayeri,Echinodermata,2012,450,-0.5,10,Ericson_JA_Ho_MA_Miskelly_A_King_CK_Virtue_P_Tilbrook_B_Byrne_M__2012__NA,ZOO_STUDY_0142,ZOO_ES_000363,ZOO_STUDY_0142__Sterechinus_neumayeri__Echinodermata__CO2450.00__T-0.50__NC10,ZOO_COMMON_00244,0.019197975503590228,1.0870141208398036e-4,95.91408919989141,4.25
Alter et al. 2024,"Findlay HS, Kendall MA, Spicer JI, Widdicombe S",2009,NA,NA,Zooplankton,Meroplankton,Arthropoda,Semibalanus balanoides,T,5,5,409,14.4,423,19.8,mean daily growth rate,positive,µm*d-1,Growth,14.35,8.429976275,4.39,5.500727225,-1.184,0.3841,NA,NA,Yes,NA,NA,NA,,14,5.4,Findlay_HS_Kendall_MA_Spicer_JI_Widdicombe_S,NA,Semibalanus_balanoides,Arthropoda,2009,409,14.4,5,Findlay_HS_Kendall_MA_Spicer_JI_Widdicombe_S__2009__NA,ZOO_STUDY_0148,ZOO_ES_000378,ZOO_STUDY_0148__Semibalanus_balanoides__Arthropoda__CO2409.00__T14.40__NC5,ZOO_COMMON_00253,-1.1844207151185502,0.38302896001933956,1.615787315135623,2.5
Alter et al. 2024,"Findlay HS, Kendall MA, Spicer JI, Widdicombe S",2009,NA,NA,Zooplankton,Meroplankton,Arthropoda,Elminius modestus,T,5,5,413,14.7,412,19.7,mean daily growth rate,positive,µm*d-1,Growth,6.14,1.609968944,6.68,1.00623059,0.084,0.0185,NA,NA,Yes,NA,NA,NA,,-1,5,Findlay_HS_Kendall_MA_Spicer_JI_Widdicombe_S,NA,Elminius_modestus,Arthropoda,2009,413,14.7,5,Findlay_HS_Kendall_MA_Spicer_JI_Widdicombe_S__2009__NA,ZOO_STUDY_0148,ZOO_ES_000380,ZOO_STUDY_0148__Elminius_modestus__Arthropoda__CO2413.00__T14.70__NC5,ZOO_COMMON_00252,0.0842932453895033,0.01828888856126246,7.3944579429394715,2
Alter et al. 2024,"Flynn EE, Bjelde BE, Miller NA, Todgham AE",2015,NA,NA,Zooplankton,Meroplankton,Fish larvae,Gymnodraco acuticeps,T,9,8,425,-0.6,456,1.9,Osmolarity,ambiguous,mosmol kg-1,Physiology,699.5261,48.33,679.6209,37.53351079,-0.0289,9e-4,NA,NA,Yes,NA,NA,NA,,31,2.5,Flynn_EE_Bjelde_BE_Miller_NA_Todgham_AE,NA,Gymnodraco_acuticeps,Fish_larvae,2015,425,-0.6,9,Flynn_EE_Bjelde_BE_Miller_NA_Todgham_AE__2015__NA,ZOO_STUDY_0150,ZOO_ES_000386,ZOO_STUDY_0150__Gymnodraco_acuticeps__Fish_larvae__CO2425.00__T-0.60__NC9,ZOO_COMMON_00255,-0.028867963066177487,9.116296975037132e-4,33.12003352985433,3.5
Alter et al. 2024,"Fonseca JG, Laranjeiro F, Freitas DB, Oliveira IB, Rocha RJM, Machado J, Hinzmann M, Barroso CM, Galante-Oliveira S",2020,NA,NA,Zooplankton,Meroplankton,Mollusca,Tritia reticulata,T,24,24,533,18.9,541,21.7,Activity,ambiguous,s min-1,Physiology,26.1,6.368673331,40.7,4.898979486,0.444,0.0031,NA,NA,Yes,NA,NA,NA,,8,2.8000000000000007,Fonseca_JG_Laranjeiro_F_Freitas_DB_Oliveira_IB_Rocha_RJM_Machado_J_Hinzmann_M_Barroso_CM_Galante_Oliveira_S,NA,Tritia_reticulata,Mollusca,2020,533,18.9,24,Fonseca_JG_Laranjeiro_F_Freitas_DB_Oliveira_IB_Rocha_RJM_Machado_J_Hinzmann_M_Barroso_CM_Galante_Oliveira_S__2020__NA,ZOO_STUDY_0151,ZOO_ES_000391,ZOO_STUDY_0151__Tritia_reticulata__Mollusca__CO2533.00__T18.90__NC24,ZOO_COMMON_00256,0.4442927781199016,0.0030845657185743424,18.005408801588707,3.5
Alter et al. 2024,"Fonseca JG, Laranjeiro F, Freitas DB, Oliveira IB, Rocha RJM, Machado J, Hinzmann M, Barroso CM, Galante-Oliveira S",2020,NA,NA,Zooplankton,Meroplankton,Mollusca,Tritia reticulata,T,24,24,533,18.9,560,21,Activity,ambiguous,s min-1,Physiology,26.1,6.368673331,42.4,4.898979486,0.485,0.003,NA,NA,Yes,NA,NA,NA,,27,2.1000000000000014,Fonseca_JG_Laranjeiro_F_Freitas_DB_Oliveira_IB_Rocha_RJM_Machado_J_Hinzmann_M_Barroso_CM_Galante_Oliveira_S,NA,Tritia_reticulata,Mollusca,2020,533,18.9,24,Fonseca_JG_Laranjeiro_F_Freitas_DB_Oliveira_IB_Rocha_RJM_Machado_J_Hinzmann_M_Barroso_CM_Galante_Oliveira_S__2020__NA,ZOO_STUDY_0151,ZOO_ES_000392,ZOO_STUDY_0151__Tritia_reticulata__Mollusca__CO2533.00__T18.90__NC24,ZOO_COMMON_00256,0.48521304790926434,0.003037127386203233,18.145481463267622,3.5
Alter et al. 2024,"Foster T, Gilmour JP, Chua CM, Falter J, Mccullouch M",2015,NA,NA,Zooplankton,Meroplankton,Cnidaria,Acropora spicifera,T,4,4,242,24.4,275,27.6,Settlement,positive,%,Development,33.54,5.54,33.3,3.98,-0.007,0.0104,NA,NA,Yes,NA,NA,NA,,33,3.200000000000003,Foster_T_Gilmour_JP_Chua_CM_Falter_J_Mccullouch_M,NA,Acropora_spicifera,Cnidaria,2015,242,24.4,4,Foster_T_Gilmour_JP_Chua_CM_Falter_J_Mccullouch_M__2015__NA,ZOO_STUDY_0156,ZOO_ES_000395,ZOO_STUDY_0156__Acropora_spicifera__Cnidaria__CO2242.00__T24.40__NC4,ZOO_COMMON_00264,-0.007181359408664697,0.010391999144931469,9.809580801860015,2.75
Alter et al. 2024,"Frommel AY, Colin J. Brauner, Bridie J.M. Allan, Simon Nicol, Darren M. Parsons, Steve M.J. Pether, Alvin N. Setiawan, Neville Smith and Philip L. Munday",2019,NA,NA,Zooplankton,Meroplankton,Fish larvae,Seriola lalandi,T,13,16,462,21.1,538,24.8,Total length at 11 dph,positive,cm,Growth,0.9231,0.144222051,1.1,0.2096,0.1754,0.0043,NA,NA,Yes,NA,NA,NA,,76,3.6999999999999993,Frommel_AY_Colin_J_Brauner_Bridie_J_M_Allan_Simon_Nicol_Darren_M_Parsons_Steve_M_J_Pether_Alvin_N_Setiawan_Neville_Smith_and_Philip_L_Munday,NA,Seriola_lalandi,Fish_larvae,2019,462,21.1,13,Frommel_AY_Colin_J_Brauner_Bridie_J_M_Allan_Simon_Nicol_Darren_M_Parsons_Steve_M_J_Pether_Alvin_N_Setiawan_Neville_Smith_and_Philip_L_Munday__2019__NA,ZOO_STUDY_0159,ZOO_ES_000399,ZOO_STUDY_0159__Seriola_lalandi__Fish_larvae__CO2462.00__T21.10__NC13,ZOO_COMMON_00270,0.1753278877903561,0.004146907032422204,15.528798348135423,2.75
Alter et al. 2024,"Garcia E, Clemente S, Hernandez JC",2015,NA,NA,Zooplankton,Meroplankton,Echinodermata,Paracentrotus lividus,T,5,5,311,18.8,305,20.5,Density,positive,larvae/ml,Survival,0.67,0.536656315,0.38,0.581377674,-0.559,0.5811,NA,NA,Yes,NA,NA,NA,,-6,1.6999999999999993,Garcia_E_Clemente_S_Hernandez_JC,NA,Paracentrotus_lividus,Echinodermata,2015,311,18.8,5,Garcia_E_Clemente_S_Hernandez_JC__2015__NA,ZOO_STUDY_0166,ZOO_ES_000404,ZOO_STUDY_0166__Paracentrotus_lividus__Echinodermata__CO2311.00__T18.80__NC5,ZOO_COMMON_00288,-0.5671064596645803,0.5964576998737349,1.2948223145770417,2.5
Alter et al. 2024,"Garcia E, Clemente S, Hernandez JC",2015,NA,NA,Zooplankton,Meroplankton,Echinodermata,Paracentrotus lividus,T,135,135,346,18.8,340,22.4,Settlement,positive,%,Development,5.74,2.323790008,3.96,2.323790008,-0.371,0.0039,NA,NA,Yes,NA,NA,NA,,-6,3.599999999999998,Garcia_E_Clemente_S_Hernandez_JC,NA,Paracentrotus_lividus,Echinodermata,2015,346,18.8,135,Garcia_E_Clemente_S_Hernandez_JC__2015__NA,ZOO_STUDY_0166,ZOO_ES_000411,ZOO_STUDY_0166__Paracentrotus_lividus__Echinodermata__CO2346.00__T18.80__NC135,ZOO_COMMON_00289,-0.3712151850650859,0.0037648091021461882,16.297782590211963,3.5
Alter et al. 2024,"Garcia E, Clemente S, Hernandez JC",2015,NA,NA,Zooplankton,Meroplankton,Echinodermata,Paracentrotus lividus,T,135,135,346,18.8,326,20.4,Settlement,positive,%,Development,5.74,2.323790008,11.28,2.323790008,0.676,0.0016,NA,NA,Yes,NA,NA,NA,,-20,1.5999999999999979,Garcia_E_Clemente_S_Hernandez_JC,NA,Paracentrotus_lividus,Echinodermata,2015,346,18.8,135,Garcia_E_Clemente_S_Hernandez_JC__2015__NA,ZOO_STUDY_0166,ZOO_ES_000414,ZOO_STUDY_0166__Paracentrotus_lividus__Echinodermata__CO2346.00__T18.80__NC135,ZOO_COMMON_00289,0.6755720357384377,0.0015284194795998996,25.578714702245914,3.5
Alter et al. 2024,"Garcia E, Hernandez JC, Clemente S",2018,NA,NA,Zooplankton,Meroplankton,Echinodermata,Arbacia lixula,T,3,3,541,23,561,25.1,Fertilization,positive,%,Reproduction,97.65,3.758550252,92.02,3.290896534,-0.059,9e-4,NA,NA,Yes,NA,NA,NA,,20,2.1000000000000014,Garcia_E_Hernandez_JC_Clemente_S,NA,Arbacia_lixula,Echinodermata,2018,541,23,3,Garcia_E_Hernandez_JC_Clemente_S__2018__NA,ZOO_STUDY_0167,ZOO_ES_000431,ZOO_STUDY_0167__Arbacia_lixula__Echinodermata__CO2541.00__T23.00__NC3,ZOO_COMMON_00290,-0.05938371259536551,9.201540679453567e-4,32.966263435087946,3.5
Alter et al. 2024,"Garcia E, Hernandez JC, Clemente S",2018,NA,NA,Zooplankton,Meroplankton,Echinodermata,Diadema africanum,T,3,3,574,23,580,25.1,Fertilization,positive,%,Reproduction,15.97,1.247076581,19.31,1.247076581,0.19,0.0034,NA,NA,Yes,NA,NA,NA,,6,2.1000000000000014,Garcia_E_Hernandez_JC_Clemente_S,NA,Diadema_africanum,Echinodermata,2018,574,23,3,Garcia_E_Hernandez_JC_Clemente_S__2018__NA,ZOO_STUDY_0167,ZOO_ES_000432,ZOO_STUDY_0167__Diadema_africanum__Echinodermata__CO2574.00__T23.00__NC3,ZOO_COMMON_00291,0.18991113421350192,0.0034228893004733564,17.09242067611111,3.5
Alter et al. 2024,"Garcia E, Hernandez JC, Clemente S",2018,NA,NA,Zooplankton,Meroplankton,Echinodermata,Paracentrotus lividus,T,3,3,899,19.2,1034,23,Fertilization,positive,%,Reproduction,100,0,96.46,2.026499445,-0.036,1e-4,NA,NA,Yes,NA,NA,NA,,135,3.8000000000000007,Garcia_E_Hernandez_JC_Clemente_S,NA,Paracentrotus_lividus,Echinodermata,2018,899,19.2,3,Garcia_E_Hernandez_JC_Clemente_S__2018__NA,ZOO_STUDY_0167,ZOO_ES_000433,ZOO_STUDY_0167__Paracentrotus_lividus__Echinodermata__CO2899.00__T19.20__NC3,ZOO_COMMON_00292,-0.036041771347265654,1.4712186051311842e-4,82.444444438569235,4.25
Alter et al. 2024,"Garcia E, Hernandez JC, Clemente S",2018,NA,NA,Zooplankton,Meroplankton,Echinodermata,Paracentrotus lividus,T,3,3,899,19.2,910,25.2,Fertilization,positive,%,Reproduction,100,0,96.46,2.528794179,-0.036,2e-4,NA,NA,Yes,NA,NA,NA,,11,6,Garcia_E_Hernandez_JC_Clemente_S,NA,Paracentrotus_lividus,Echinodermata,2018,899,19.2,3,Garcia_E_Hernandez_JC_Clemente_S__2018__NA,ZOO_STUDY_0167,ZOO_ES_000434,ZOO_STUDY_0167__Paracentrotus_lividus__Echinodermata__CO2899.00__T19.20__NC3,ZOO_COMMON_00292,-0.036041771347265654,2.29092671351104e-4,66.0684931520059,4.25
Alter et al. 2024,"Garcia E, Hernandez JC, Clemente S",2018,NA,NA,Zooplankton,Meroplankton,Echinodermata,Paracentrotus lividus,T,3,3,899,19.2,963,21.2,Fertilization,positive,%,Reproduction,100,0,97.47,1.004589468,-0.026,1e-4,NA,NA,Yes,NA,NA,NA,,64,2,Garcia_E_Hernandez_JC_Clemente_S,NA,Paracentrotus_lividus,Echinodermata,2018,899,19.2,3,Garcia_E_Hernandez_JC_Clemente_S__2018__NA,ZOO_STUDY_0167,ZOO_ES_000435,ZOO_STUDY_0167__Paracentrotus_lividus__Echinodermata__CO2899.00__T19.20__NC3,ZOO_COMMON_00292,-0.02562554763897273,3.540903202714751e-5,168.05172420316322,4.25
Alter et al. 2024,"Garcia E, Hernandez JC, Clemente S",2018,NA,NA,Zooplankton,Meroplankton,Echinodermata,Sphaerechinus granularis,T,3,3,489,19.3,593,25.2,Fertilization,positive,%,Reproduction,98.48,7.101408311,20.81,7.621023553,-1.554,0.0464,NA,NA,Yes,NA,NA,NA,,104,5.899999999999999,Garcia_E_Hernandez_JC_Clemente_S,NA,Sphaerechinus_granularis,Echinodermata,2018,489,19.3,3,Garcia_E_Hernandez_JC_Clemente_S__2018__NA,ZOO_STUDY_0167,ZOO_ES_000436,ZOO_STUDY_0167__Sphaerechinus_granularis__Echinodermata__CO2489.00__T19.30__NC3,ZOO_COMMON_00293,-1.5544198414706552,0.04643881589734426,4.640442880075318,2
Alter et al. 2024,"Garcia E, Hernandez JC, Clemente S",2018,NA,NA,Zooplankton,Meroplankton,Echinodermata,Sphaerechinus granularis,T,3,3,489,19.3,518,22.9,Fertilization,positive,%,Reproduction,98.48,7.101408311,61.93,6.599113577,-0.464,0.0055,NA,NA,Yes,NA,NA,NA,,29,3.599999999999998,Garcia_E_Hernandez_JC_Clemente_S,NA,Sphaerechinus_granularis,Echinodermata,2018,489,19.3,3,Garcia_E_Hernandez_JC_Clemente_S__2018__NA,ZOO_STUDY_0167,ZOO_ES_000437,ZOO_STUDY_0167__Sphaerechinus_granularis__Echinodermata__CO2489.00__T19.30__NC3,ZOO_COMMON_00293,-0.4638487669262286,0.00551813392723674,13.46182317328248,2.75
Alter et al. 2024,"Garcia E, Hernandez JC, Clemente S",2018,NA,NA,Zooplankton,Meroplankton,Echinodermata,Sphaerechinus granularis,T,3,3,489,19.3,467,21.1,Fertilization,positive,%,Reproduction,98.48,7.101408311,97.46,7.621023553,-0.01,0.0038,NA,NA,Yes,NA,NA,NA,,-22,1.8000000000000007,Garcia_E_Hernandez_JC_Clemente_S,NA,Sphaerechinus_granularis,Echinodermata,2018,489,19.3,3,Garcia_E_Hernandez_JC_Clemente_S__2018__NA,ZOO_STUDY_0167,ZOO_ES_000438,ZOO_STUDY_0167__Sphaerechinus_granularis__Echinodermata__CO2489.00__T19.30__NC3,ZOO_COMMON_00293,-0.010411444460838028,0.0037715185513041032,16.28327943744623,3.5
Alter et al. 2024,"Gianguzza P, Visconti G, Gianguzza F, Vizzini S, Sara G, Dupont S",2014,NA,NA,Zooplankton,Meroplankton,Echinodermata,Arbacia lixula,T,6,6,498,20.4,518,24.4,Mortality,positive,%,Survival,11.14,20.64919853,37.65,37.62416245,-0.354,0.0697,NA,NA,Yes,NA,NA,NA,,20,4,Gianguzza_P_Visconti_G_Gianguzza_F_Vizzini_S_Sara_G_Dupont_S,NA,Arbacia_lixula,Echinodermata,2014,498,20.4,6,Gianguzza_P_Visconti_G_Gianguzza_F_Vizzini_S_Sara_G_Dupont_S__2014__NA,ZOO_STUDY_0178,ZOO_ES_000456,ZOO_STUDY_0178__Arbacia_lixula__Echinodermata__CO2498.00__T20.40__NC6,ZOO_COMMON_00309,1.2177907197467646,0.7390820627263803,1.1631980591831959,2.5
Alter et al. 2024,"Gianguzza P, Visconti G, Gianguzza F, Vizzini S, Sara G, Dupont S",2014,NA,NA,Zooplankton,Meroplankton,Echinodermata,Arbacia lixula,T,6,6,498,20.4,509,26.1,Mortality,positive,%,Survival,11.14,20.64919853,31.62,39.85319812,-0.262,0.0656,NA,NA,Yes,NA,NA,NA,,11,5.700000000000003,Gianguzza_P_Visconti_G_Gianguzza_F_Vizzini_S_Sara_G_Dupont_S,NA,Arbacia_lixula,Echinodermata,2014,498,20.4,6,Gianguzza_P_Visconti_G_Gianguzza_F_Vizzini_S_Sara_G_Dupont_S__2014__NA,ZOO_STUDY_0178,ZOO_ES_000457,ZOO_STUDY_0178__Arbacia_lixula__Echinodermata__CO2498.00__T20.40__NC6,ZOO_COMMON_00309,1.043247597282188,0.8374034614856585,1.092779713517995,2.5
Alter et al. 2024,"Gianguzza P, Visconti G, Gianguzza F, Vizzini S, Sara G, Dupont S",2014,NA,NA,Zooplankton,Meroplankton,Echinodermata,Arbacia lixula,T,6,6,498,20.4,509,26.1,Fertilization success,positive,%,Reproduction,85.86,13.47219359,52.87,55.79937634,-0.485,0.1898,NA,NA,Yes,NA,NA,NA,,11,5.700000000000003,Gianguzza_P_Visconti_G_Gianguzza_F_Vizzini_S_Sara_G_Dupont_S,NA,Arbacia_lixula,Echinodermata,2014,498,20.4,6,Gianguzza_P_Visconti_G_Gianguzza_F_Vizzini_S_Sara_G_Dupont_S__2014__NA,ZOO_STUDY_0178,ZOO_ES_000462,ZOO_STUDY_0178__Arbacia_lixula__Echinodermata__CO2498.00__T20.40__NC6,ZOO_COMMON_00309,-0.4848819925490557,0.18975077520747602,2.2956634544698957,2.5
Alter et al. 2024,"Gianguzza P, Visconti G, Gianguzza F, Vizzini S, Sara G, Dupont S",2014,NA,NA,Zooplankton,Meroplankton,Echinodermata,Arbacia lixula,T,6,6,498,20.4,518,24.4,Fertilization success,positive,%,Reproduction,85.86,13.47219359,64.92,51.92918255,-0.28,0.1107,NA,NA,Yes,NA,NA,NA,,20,4,Gianguzza_P_Visconti_G_Gianguzza_F_Vizzini_S_Sara_G_Dupont_S,NA,Arbacia_lixula,Echinodermata,2014,498,20.4,6,Gianguzza_P_Visconti_G_Gianguzza_F_Vizzini_S_Sara_G_Dupont_S__2014__NA,ZOO_STUDY_0178,ZOO_ES_000463,ZOO_STUDY_0178__Arbacia_lixula__Echinodermata__CO2498.00__T20.40__NC6,ZOO_COMMON_00309,-0.279562320150024,0.11074206271611814,3.004994598710195,2.5
Alter et al. 2024,"Gobler CJ, Merlo LR, Morrell BK and Griffith AW",2018,NA,NA,Zooplankton,Meroplankton,Fish larvae,Menidia beryllina,T,4,4,389,19,372,29,Survival,positive,%,Survival,33.9,24,37,8.2,0.0875,0.1376,NA,NA,Yes,NA,NA,NA,,-17,10,Gobler_CJ_Merlo_LR_Morrell_BK_and_Griffith_AW,NA,Menidia_beryllina,Fish_larvae,2018,389,19,4,Gobler_CJ_Merlo_LR_Morrell_BK_and_Griffith_AW__2018__NA,ZOO_STUDY_0185,ZOO_ES_000467,ZOO_STUDY_0185__Menidia_beryllina__Fish_larvae__CO2389.00__T19.00__NC4,ZOO_COMMON_00320,0.08750289825781993,0.13758250513235668,2.695990723618586,2.5
Alter et al. 2024,"Gobler CJ, Merlo LR, Morrell BK and Griffith AW",2018,NA,NA,Zooplankton,Meroplankton,Fish larvae,Menidia beryllina,T,4,4,389,19,372,29,Survival,positive,Percent hatch,Survival,80.2,12,96,3.1,0.1798,0.0059,NA,NA,Yes,NA,NA,NA,,-17,10,Gobler_CJ_Merlo_LR_Morrell_BK_and_Griffith_AW,NA,Menidia_beryllina,Fish_larvae,2018,389,19,4,Gobler_CJ_Merlo_LR_Morrell_BK_and_Griffith_AW__2018__NA,ZOO_STUDY_0185,ZOO_ES_000468,ZOO_STUDY_0185__Menidia_beryllina__Fish_larvae__CO2389.00__T19.00__NC4,ZOO_COMMON_00320,0.17982467659536747,0.005857668052310624,13.065848598917364,2.75
Alter et al. 2024,"Gobler CJ, Merlo LR, Morrell BK and Griffith AW",2018,NA,NA,Zooplankton,Meroplankton,Fish larvae,Menidia beryllina,T,4,4,389,19,372,29,Length,positive,mm,Growth,4.05,0.24,5.81,0.2,0.3609,0.0011,NA,NA,Yes,NA,NA,NA,,-17,10,Gobler_CJ_Merlo_LR_Morrell_BK_and_Griffith_AW,NA,Menidia_beryllina,Fish_larvae,2018,389,19,4,Gobler_CJ_Merlo_LR_Morrell_BK_and_Griffith_AW__2018__NA,ZOO_STUDY_0185,ZOO_ES_000473,ZOO_STUDY_0185__Menidia_beryllina__Fish_larvae__CO2389.00__T19.00__NC4,ZOO_COMMON_00320,0.36086368974537203,0.0011741577051506769,29.18346020809569,3.5
Alter et al. 2024,"Gobler CJ, Merlo LR, Morrell BK and Griffith AW",2018,NA,NA,Zooplankton,Meroplankton,Fish larvae,Menidia beryllina,T,4,4,389,19,372,29,Time to hatch,ambiguous,days,Development,9,0.02,4.4,0.5,-0.7156,0.0032,NA,NA,Yes,NA,NA,NA,,-17,10,Gobler_CJ_Merlo_LR_Morrell_BK_and_Griffith_AW,NA,Menidia_beryllina,Fish_larvae,2018,389,19,4,Gobler_CJ_Merlo_LR_Morrell_BK_and_Griffith_AW__2018__NA,ZOO_STUDY_0185,ZOO_ES_000476,ZOO_STUDY_0185__Menidia_beryllina__Fish_larvae__CO2389.00__T19.00__NC4,ZOO_COMMON_00320,-0.7156200364120038,0.003229540353025201,17.596635671081472,3.5
Alter et al. 2024,"Gravinese PM, Enochs IC, Manzello DP, van Woesik R",2018,NA,NA,Zooplankton,Meroplankton,Arthropoda,Menippe mercenaria,T,8,8,484,30.1,524,32,Molt stage duration Z5,ambiguous,days,Development,5.71,0.395979797,5.25,0.424264069,-0.084,0.0014,NA,NA,Yes,NA,NA,NA,,40,1.8999999999999986,Gravinese_PM_Enochs_IC_Manzello_DP_van_Woesik_R,NA,Menippe_mercenaria,Arthropoda,2018,484,30.1,8,Gravinese_PM_Enochs_IC_Manzello_DP_van_Woesik_R__2018__NA,ZOO_STUDY_0193,ZOO_ES_000479,ZOO_STUDY_0193__Menippe_mercenaria__Arthropoda__CO2484.00__T30.10__NC8,ZOO_COMMON_00342,-0.08399094706438652,0.0014174779192463016,26.560842636252218,3.5
Alter et al. 2024,"Hardy NA,  Byrne M",2014,NA,NA,Zooplankton,Meroplankton,Echinodermata,Heliocidaris erythrogramma,T,9,9,291,20,260,26,Normal,positive,%,Development,88.6,6.9,45.09,11.61,-0.675,0.008,NA,NA,Yes,NA,NA,NA,,-31,6,Hardy_NA_Byrne_M,NA,Heliocidaris_erythrogramma,Echinodermata,2014,291,20,9,Hardy_NA_Byrne_M__2014__NA,ZOO_STUDY_0209,ZOO_ES_000481,ZOO_STUDY_0209__Heliocidaris_erythrogramma__Echinodermata__CO2291.00__T20.00__NC9,ZOO_COMMON_00374,-0.6754713651780422,0.008040393300064931,11.152220650261972,2.75
Alter et al. 2024,"Hardy NA,  Byrne M",2014,NA,NA,Zooplankton,Meroplankton,Echinodermata,Heliocidaris erythrogramma,T,9,9,291,20,267,24,Normal,positive,%,Development,88.6,6.9,78.18,12.36,-0.125,0.0035,NA,NA,Yes,NA,NA,NA,,-24,4,Hardy_NA_Byrne_M,NA,Heliocidaris_erythrogramma,Echinodermata,2014,291,20,9,Hardy_NA_Byrne_M__2014__NA,ZOO_STUDY_0209,ZOO_ES_000482,ZOO_STUDY_0209__Heliocidaris_erythrogramma__Echinodermata__CO2291.00__T20.00__NC9,ZOO_COMMON_00374,-0.12511799724622635,0.0034510628426603854,17.022508752090648,3.5
Alter et al. 2024,"Hardy NA,  Byrne M",2014,NA,NA,Zooplankton,Meroplankton,Echinodermata,Heliocidaris tuberculata,T,9,9,291,20,260,26,Normal,positive,%,Development,96.15,3.99,87.3,10.2,-0.097,0.0017,NA,NA,Yes,NA,NA,NA,,-31,6,Hardy_NA_Byrne_M,NA,Heliocidaris_tuberculata,Echinodermata,2014,291,20,9,Hardy_NA_Byrne_M__2014__NA,ZOO_STUDY_0209,ZOO_ES_000483,ZOO_STUDY_0209__Heliocidaris_tuberculata__Echinodermata__CO2291.00__T20.00__NC9,ZOO_COMMON_00375,-0.09655900918923228,0.001708143116600996,24.195682244678387,3.5
Alter et al. 2024,"Hardy NA,  Byrne M",2014,NA,NA,Zooplankton,Meroplankton,Echinodermata,Heliocidaris tuberculata,T,9,9,291,20,267,24,Normal,positive,%,Development,96.15,3.99,91.44,9.09,-0.05,0.0013,NA,NA,Yes,NA,NA,NA,,-24,4,Hardy_NA_Byrne_M,NA,Heliocidaris_tuberculata,Echinodermata,2014,291,20,9,Hardy_NA_Byrne_M__2014__NA,ZOO_STUDY_0209,ZOO_ES_000484,ZOO_STUDY_0209__Heliocidaris_tuberculata__Echinodermata__CO2291.00__T20.00__NC9,ZOO_COMMON_00375,-0.05022645254823357,0.001289366032464884,27.84914635994617,3.5
Alter et al. 2024,"Jiang L, Sun YF, Zhang YY, Tian Y, Lei XM, Zhou GW, Yuan T, Yuan XC, Liu S, Huang H",2021,NA,NA,Zooplankton,Meroplankton,Cnidaria,Pocillopora damicornis,T,4,4,516,28.7,518,31.2,Malondialdehyde,negative,nmol/mg/P,Physiology,25.51,8.56,37.14,14.28,-0.376,0.0651,NA,NA,Yes,NA,NA,NA,,2,2.5,Jiang_L_Sun_YF_Zhang_YY_Tian_Y_Lei_XM_Zhou_GW_Yuan_T_Yuan_XC_Liu_S_Huang_H,NA,Pocillopora_damicornis,Cnidaria,2021,516,28.7,4,Jiang_L_Sun_YF_Zhang_YY_Tian_Y_Lei_XM_Zhou_GW_Yuan_T_Yuan_XC_Liu_S_Huang_H__2021__NA,ZOO_STUDY_0252,ZOO_ES_000504,ZOO_STUDY_0252__Pocillopora_damicornis__Cnidaria__CO2516.00__T28.70__NC4,ZOO_COMMON_00436,0.37562402377083964,0.06510759088301298,3.919080525900913,2
Alter et al. 2024,"Jiang L, Sun YF, Zhang YY, Tian Y, Lei XM, Zhou GW, Yuan T, Yuan XC, Liu S, Huang H",2021,NA,NA,Zooplankton,Meroplankton,Cnidaria,Pocillopora damicornis,T,4,4,516,28.7,553,32.8,Malondialdehyde,negative,nmol/mg/P,Physiology,25.51,8.56,33.87,3.68,-0.283,0.0311,NA,NA,Yes,NA,NA,NA,,37,4.099999999999998,Jiang_L_Sun_YF_Zhang_YY_Tian_Y_Lei_XM_Zhou_GW_Yuan_T_Yuan_XC_Liu_S_Huang_H,NA,Pocillopora_damicornis,Cnidaria,2021,516,28.7,4,Jiang_L_Sun_YF_Zhang_YY_Tian_Y_Lei_XM_Zhou_GW_Yuan_T_Yuan_XC_Liu_S_Huang_H__2021__NA,ZOO_STUDY_0252,ZOO_ES_000505,ZOO_STUDY_0252__Pocillopora_damicornis__Cnidaria__CO2516.00__T28.70__NC4,ZOO_COMMON_00436,0.2834591346759602,0.031100481483320327,5.670435877190373,2
Alter et al. 2024,"Jiang L, Sun YF, Zhang YY, Tian Y, Lei XM, Zhou GW, Yuan T, Yuan XC, Liu S, Huang H",2021,NA,NA,Zooplankton,Meroplankton,Cnidaria,Pocillopora damicornis,T,4,4,516,28.7,524,31.8,Malondialdehyde,negative,nmol/mg/P,Physiology,25.51,8.56,32.85,6.94,-0.253,0.0393,NA,NA,Yes,NA,NA,NA,,8,3.1000000000000014,Jiang_L_Sun_YF_Zhang_YY_Tian_Y_Lei_XM_Zhou_GW_Yuan_T_Yuan_XC_Liu_S_Huang_H,NA,Pocillopora_damicornis,Cnidaria,2021,516,28.7,4,Jiang_L_Sun_YF_Zhang_YY_Tian_Y_Lei_XM_Zhou_GW_Yuan_T_Yuan_XC_Liu_S_Huang_H__2021__NA,ZOO_STUDY_0252,ZOO_ES_000506,ZOO_STUDY_0252__Pocillopora_damicornis__Cnidaria__CO2516.00__T28.70__NC4,ZOO_COMMON_00436,0.25288121277689946,0.039307283956973346,5.043865323615312,2
Alter et al. 2024,"Jiang L, Sun YF, Zhang YY, Tian Y, Lei XM, Zhou GW, Yuan T, Yuan XC, Liu S, Huang H",2021,NA,NA,Zooplankton,Meroplankton,Cnidaria,Pocillopora damicornis,T,4,4,516,28.7,553,32.8,Survival,positive,%,Survival,97.53,3.18,94.31,7.42,-0.0336,0.0018,NA,NA,Yes,NA,NA,NA,,37,4.099999999999998,Jiang_L_Sun_YF_Zhang_YY_Tian_Y_Lei_XM_Zhou_GW_Yuan_T_Yuan_XC_Liu_S_Huang_H,NA,Pocillopora_damicornis,Cnidaria,2021,516,28.7,4,Jiang_L_Sun_YF_Zhang_YY_Tian_Y_Lei_XM_Zhou_GW_Yuan_T_Yuan_XC_Liu_S_Huang_H__2021__NA,ZOO_STUDY_0252,ZOO_ES_000508,ZOO_STUDY_0252__Pocillopora_damicornis__Cnidaria__CO2516.00__T28.70__NC4,ZOO_COMMON_00436,-0.03357279442813023,0.0018132832051736796,23.48373551254388,3.5
Alter et al. 2024,"Jiang L, Sun YF, Zhang YY, Tian Y, Lei XM, Zhou GW, Yuan T, Yuan XC, Liu S, Huang H",2021,NA,NA,Zooplankton,Meroplankton,Cnidaria,Pocillopora damicornis,T,4,4,516,28.7,524,31.8,Survival,positive,%,Survival,97.53,3.18,96.41,0,-0.0116,3e-4,NA,NA,Yes,NA,NA,NA,,8,3.1000000000000014,Jiang_L_Sun_YF_Zhang_YY_Tian_Y_Lei_XM_Zhou_GW_Yuan_T_Yuan_XC_Liu_S_Huang_H,NA,Pocillopora_damicornis,Cnidaria,2021,516,28.7,4,Jiang_L_Sun_YF_Zhang_YY_Tian_Y_Lei_XM_Zhou_GW_Yuan_T_Yuan_XC_Liu_S_Huang_H__2021__NA,ZOO_STUDY_0252,ZOO_ES_000512,ZOO_STUDY_0252__Pocillopora_damicornis__Cnidaria__CO2516.00__T28.70__NC4,ZOO_COMMON_00436,-0.011550092307634666,2.65777248010479e-4,61.33962264150942,4.25
Alter et al. 2024,"Jiang L, Sun YF, Zhang YY, Tian Y, Lei XM, Zhou GW, Yuan T, Yuan XC, Liu S, Huang H",2021,NA,NA,Zooplankton,Meroplankton,Cnidaria,Pocillopora damicornis,T,4,4,516,28.7,518,31.2,Survival,positive,%,Survival,97.53,3.18,98.51,1.86,0.01,4e-4,NA,NA,Yes,NA,NA,NA,,2,2.5,Jiang_L_Sun_YF_Zhang_YY_Tian_Y_Lei_XM_Zhou_GW_Yuan_T_Yuan_XC_Liu_S_Huang_H,NA,Pocillopora_damicornis,Cnidaria,2021,516,28.7,4,Jiang_L_Sun_YF_Zhang_YY_Tian_Y_Lei_XM_Zhou_GW_Yuan_T_Yuan_XC_Liu_S_Huang_H__2021__NA,ZOO_STUDY_0252,ZOO_ES_000513,ZOO_STUDY_0252__Pocillopora_damicornis__Cnidaria__CO2516.00__T28.70__NC4,ZOO_COMMON_00436,0.00999804288366409,3.54903421065849e-4,53.081710262755664,4.25
Alter et al. 2024,"Kamya PZ, Dworjanyn SA, Hardy N, Mos B, Uthicke S, Byrne M",2014,NA,NA,Zooplankton,Meroplankton,Echinodermata,Acanthaster planci,T,5,5,477,26.3,480,27.8,Length:width ratio,positive,NA,Growth,1.5,0.04472136,1.54,0.04472136,0.026,3e-4,NA,NA,Yes,NA,NA,NA,,3,1.5,Kamya_PZ_Dworjanyn_SA_Hardy_N_Mos_B_Uthicke_S_Byrne_M,NA,Acanthaster_planci,Echinodermata,2014,477,26.3,5,Kamya_PZ_Dworjanyn_SA_Hardy_N_Mos_B_Uthicke_S_Byrne_M__2014__NA,ZOO_STUDY_0254,ZOO_ES_000519,ZOO_STUDY_0254__Acanthaster_planci__Echinodermata__CO2477.00__T26.30__NC5,ZOO_COMMON_00439,0.026317308317373358,3.4644029107466323e-4,53.726160183938404,4.25
Alter et al. 2024,"Kamya PZ, Dworjanyn SA, Hardy N, Mos B, Uthicke S, Byrne M",2014,NA,NA,Zooplankton,Meroplankton,Echinodermata,Acanthaster planci,T,5,5,477,26.3,480,27.8,Normal larvae,positive,%,Development,70.26,5.433645185,74.43,3.1081344889999998,0.058,0.0015,NA,NA,Yes,NA,NA,NA,,3,1.5,Kamya_PZ_Dworjanyn_SA_Hardy_N_Mos_B_Uthicke_S_Byrne_M,NA,Acanthaster_planci,Echinodermata,2014,477,26.3,5,Kamya_PZ_Dworjanyn_SA_Hardy_N_Mos_B_Uthicke_S_Byrne_M__2014__NA,ZOO_STUDY_0254,ZOO_ES_000520,ZOO_STUDY_0254__Acanthaster_planci__Echinodermata__CO2477.00__T26.30__NC5,ZOO_COMMON_00439,0.05765643953413844,0.0015449447632413242,25.441547362235283,3.5
Alter et al. 2024,"Karelitz SE, Uthicke S, Foo SA, Barker MF, Byrne M, Pecorino D, Lamare MD",2017,NA,NA,Zooplankton,Meroplankton,Echinodermata,Sterechinus neumayeri,T,4,4,454,-1.1,454,3.3,Normal development,positive,%,Development,88.74,5.3,9.93,3.98,-2.19,0.0409,NA,NA,Yes,NA,NA,NA,,0,4.4,Karelitz_SE_Uthicke_S_Foo_SA_Barker_MF_Byrne_M_Pecorino_D_Lamare_MD,NA,Sterechinus_neumayeri,Echinodermata,2017,454,-1.1,4,Karelitz_SE_Uthicke_S_Foo_SA_Barker_MF_Byrne_M_Pecorino_D_Lamare_MD__2017__NA,ZOO_STUDY_0260,ZOO_ES_000533,ZOO_STUDY_0260__Sterechinus_neumayeri__Echinodermata__CO2454.00__T-1.10__NC4,ZOO_COMMON_00450,-2.190150267893682,0.041053060243067485,4.935455400431225,2
Alter et al. 2024,"Karelitz SE, Uthicke S, Foo SA, Barker MF, Byrne M, Pecorino D, Lamare MD",2017,NA,NA,Zooplankton,Meroplankton,Echinodermata,Odontaster validus,T,4,4,413,-0.5,413,7,Normal development,positive,%,Development,96,1.34,36.67,4,-0.962,0.003,NA,NA,Yes,NA,NA,NA,,0,7.5,Karelitz_SE_Uthicke_S_Foo_SA_Barker_MF_Byrne_M_Pecorino_D_Lamare_MD,NA,Odontaster_validus,Echinodermata,2017,413,-0.5,4,Karelitz_SE_Uthicke_S_Foo_SA_Barker_MF_Byrne_M_Pecorino_D_Lamare_MD__2017__NA,ZOO_STUDY_0260,ZOO_ES_000534,ZOO_STUDY_0260__Odontaster_validus__Echinodermata__CO2413.00__T-0.50__NC4,ZOO_COMMON_00448,-0.9623892093846015,0.0030233745060312227,18.18670518215108,3.5
Alter et al. 2024,"Karelitz SE, Uthicke S, Foo SA, Barker MF, Byrne M, Pecorino D, Lamare MD",2017,NA,NA,Zooplankton,Meroplankton,Echinodermata,Sterechinus neumayeri,T,4,4,454,-1.1,454,5.7,Fertilized eggs,positive,%,Reproduction,90.48,3.18,57.14,11.12,-0.46,0.0098,NA,NA,Yes,NA,NA,NA,,0,6.800000000000001,Karelitz_SE_Uthicke_S_Foo_SA_Barker_MF_Byrne_M_Pecorino_D_Lamare_MD,NA,Sterechinus_neumayeri,Echinodermata,2017,454,-1.1,4,Karelitz_SE_Uthicke_S_Foo_SA_Barker_MF_Byrne_M_Pecorino_D_Lamare_MD__2017__NA,ZOO_STUDY_0260,ZOO_ES_000535,ZOO_STUDY_0260__Sterechinus_neumayeri__Echinodermata__CO2454.00__T-1.10__NC4,ZOO_COMMON_00450,-0.45962443500523803,0.009777045171277763,10.113376819786444,2.75
Alter et al. 2024,"Karelitz SE, Uthicke S, Foo SA, Barker MF, Byrne M, Pecorino D, Lamare MD",2017,NA,NA,Zooplankton,Meroplankton,Echinodermata,Fellaster zelandiae,T,4,4,441,17.5,441,27,Fertilized eggs,positive,%,Reproduction,82.84,10.44,66.42,8.96,-0.221,0.0085,NA,NA,Yes,NA,NA,NA,,0,9.5,Karelitz_SE_Uthicke_S_Foo_SA_Barker_MF_Byrne_M_Pecorino_D_Lamare_MD,NA,Fellaster_zelandiae,Echinodermata,2017,441,17.5,4,Karelitz_SE_Uthicke_S_Foo_SA_Barker_MF_Byrne_M_Pecorino_D_Lamare_MD__2017__NA,ZOO_STUDY_0260,ZOO_ES_000536,ZOO_STUDY_0260__Fellaster_zelandiae__Echinodermata__CO2441.00__T17.50__NC4,ZOO_COMMON_00447,-0.22091282057878286,0.0085200864554242,10.83372978375007,2.75
Alter et al. 2024,"Karelitz SE, Uthicke S, Foo SA, Barker MF, Byrne M, Pecorino D, Lamare MD",2017,NA,NA,Zooplankton,Meroplankton,Echinodermata,Arachnoides placenta,T,4,4,565,25.9,565,34.8,Fertilized eggs,positive,%,Reproduction,91.11,4.44,74.07,2.96,-0.207,0.001,NA,NA,Yes,NA,NA,NA,,0,8.899999999999999,Karelitz_SE_Uthicke_S_Foo_SA_Barker_MF_Byrne_M_Pecorino_D_Lamare_MD,NA,Arachnoides_placenta,Echinodermata,2017,565,25.9,4,Karelitz_SE_Uthicke_S_Foo_SA_Barker_MF_Byrne_M_Pecorino_D_Lamare_MD__2017__NA,ZOO_STUDY_0260,ZOO_ES_000537,ZOO_STUDY_0260__Arachnoides_placenta__Echinodermata__CO2565.00__T25.90__NC4,ZOO_COMMON_00446,-0.2070569757005693,9.929536208026924e-4,31.7347819120106,3.5
Alter et al. 2024,"Karelitz SE, Uthicke S, Foo SA, Barker MF, Byrne M, Pecorino D, Lamare MD",2017,NA,NA,Zooplankton,Meroplankton,Echinodermata,Sterechinus neumayeri,T,4,4,454,-1.1,454,3.3,Fertilized eggs,positive,%,Reproduction,90.48,3.18,87.3,11.12,-0.036,0.0044,NA,NA,Yes,NA,NA,NA,,0,4.4,Karelitz_SE_Uthicke_S_Foo_SA_Barker_MF_Byrne_M_Pecorino_D_Lamare_MD,NA,Sterechinus_neumayeri,Echinodermata,2017,454,-1.1,4,Karelitz_SE_Uthicke_S_Foo_SA_Barker_MF_Byrne_M_Pecorino_D_Lamare_MD__2017__NA,ZOO_STUDY_0260,ZOO_ES_000538,ZOO_STUDY_0260__Sterechinus_neumayeri__Echinodermata__CO2454.00__T-1.10__NC4,ZOO_COMMON_00450,-0.035778368962308606,0.004365024576136559,15.135844363484194,2.75
Alter et al. 2024,"Karelitz SE, Uthicke S, Foo SA, Barker MF, Byrne M, Pecorino D, Lamare MD",2017,NA,NA,Zooplankton,Meroplankton,Echinodermata,Odontaster validus,T,4,4,413,-0.5,413,7,Fertilized eggs,positive,%,Reproduction,74.81,2.96,80.74,2.96,0.076,7e-4,NA,NA,Yes,NA,NA,NA,,0,7.5,Karelitz_SE_Uthicke_S_Foo_SA_Barker_MF_Byrne_M_Pecorino_D_Lamare_MD,NA,Odontaster_validus,Echinodermata,2017,413,-0.5,4,Karelitz_SE_Uthicke_S_Foo_SA_Barker_MF_Byrne_M_Pecorino_D_Lamare_MD__2017__NA,ZOO_STUDY_0260,ZOO_ES_000539,ZOO_STUDY_0260__Odontaster_validus__Echinodermata__CO2413.00__T-0.50__NC4,ZOO_COMMON_00448,0.07628254954048115,7.273901048892307e-4,37.07800046866267,4.25
Alter et al. 2024,"Ko GWK, Dineshram R, Campanati C, Chan VBS, Havenhand J, Thiyagarajan V",2014,NA,NA,Zooplankton,Meroplankton,Mollusca,Crassostrea gigas,T,4,4,437,23.9,396,29.9,Lipid index,ambiguous,NA,Physiology,0.1,0,0.06,0.02,-0.528,0.0081,NA,NA,Yes,NA,NA,NA,,-41,6,Ko_GWK_Dineshram_R_Campanati_C_Chan_VBS_Havenhand_J_Thiyagarajan_V,NA,Crassostrea_gigas,Mollusca,2014,437,23.9,4,Ko_GWK_Dineshram_R_Campanati_C_Chan_VBS_Havenhand_J_Thiyagarajan_V__2014__NA,ZOO_STUDY_0272,ZOO_ES_000553,ZOO_STUDY_0272__Crassostrea_gigas__Mollusca__CO2437.00__T23.90__NC4,ZOO_COMMON_00465,-0.5108256237659907,0.02777777777777778,5.999999999999999,2
Alter et al. 2024,"Ko GWK, Dineshram R, Campanati C, Chan VBS, Havenhand J, Thiyagarajan V",2014,NA,NA,Zooplankton,Meroplankton,Mollusca,Crassostrea gigas,T,4,4,519,23.9,532,30.1,growth rate,positive,µm*d-1*10^3,Growth,2.79,0.16,4.05,0.38,0.373,0.003,NA,NA,Yes,NA,NA,NA,,13,6.200000000000003,Ko_GWK_Dineshram_R_Campanati_C_Chan_VBS_Havenhand_J_Thiyagarajan_V,NA,Crassostrea_gigas,Mollusca,2014,519,23.9,4,Ko_GWK_Dineshram_R_Campanati_C_Chan_VBS_Havenhand_J_Thiyagarajan_V__2014__NA,ZOO_STUDY_0272,ZOO_ES_000554,ZOO_STUDY_0272__Crassostrea_gigas__Mollusca__CO2519.00__T23.90__NC4,ZOO_COMMON_00466,0.3726752852851734,0.0030230728323849773,18.18761258880364,3.5
Alter et al. 2024,"Ko GWK, Dineshram R, Campanati C, Chan VBS, Havenhand J, Thiyagarajan V",2014,NA,NA,Zooplankton,Meroplankton,Mollusca,Crassostrea gigas,T,4,4,437,23.9,396,29.9,Metamorphosis,positive,%,Development,27.5,3.26,49.25,7,0.583,0.0085,NA,NA,Yes,NA,NA,NA,,-41,6,Ko_GWK_Dineshram_R_Campanati_C_Chan_VBS_Havenhand_J_Thiyagarajan_V,NA,Crassostrea_gigas,Mollusca,2014,437,23.9,4,Ko_GWK_Dineshram_R_Campanati_C_Chan_VBS_Havenhand_J_Thiyagarajan_V__2014__NA,ZOO_STUDY_0272,ZOO_ES_000555,ZOO_STUDY_0272__Crassostrea_gigas__Mollusca__CO2437.00__T23.90__NC4,ZOO_COMMON_00465,0.5827233629455724,0.008563631111382742,10.806150813236053,2.75
Alter et al. 2024,"Laubenstein TD, Jodie L. Rummer, Simon Nicol, Darren M. Parsons, Stephen M. J. Pether, Stephen Pope, Neville Smith and Philip L. Munday",2018,NA,NA,Zooplankton,Meroplankton,Fish larvae,Seriola lalandi,T,29,29,462,21.1,538,24.8,Time Active,ambiguous,%,Physiology,45.7133,17.34023068,72.6403,12.37080059,0.4631,0.006,NA,NA,Yes,NA,NA,NA,,76,3.6999999999999993,Laubenstein_TD_Jodie_L_Rummer_Simon_Nicol_Darren_M_Parsons_Stephen_M_J_Pether_Stephen_Pope_Neville_Smith_and_Philip_L_Munday,NA,Seriola_lalandi,Fish_larvae,2018,462,21.1,29,Laubenstein_TD_Jodie_L_Rummer_Simon_Nicol_Darren_M_Parsons_Stephen_M_J_Pether_Stephen_Pope_Neville_Smith_and_Philip_L_Munday__2018__NA,ZOO_STUDY_0293,ZOO_ES_000560,ZOO_STUDY_0293__Seriola_lalandi__Fish_larvae__CO2462.00__T21.10__NC29,ZOO_COMMON_00504,0.4631305802344719,0.005961752910392085,12.951289575829275,2.75
Alter et al. 2024,"Laubenstein TD, Jodie L. Rummer, Simon Nicol, Darren M. Parsons, Stephen M. J. Pether, Stephen Pope, Neville Smith and Philip L. Munday",2018,NA,NA,Zooplankton,Meroplankton,Fish larvae,Seriola lalandi,T,29,29,462,21.1,538,24.8,Mass,positive,g,Growth,0.0231,0.004846648,0.0314,0.008077747,0.3072,0.0036,NA,NA,Yes,NA,NA,NA,,76,3.6999999999999993,Laubenstein_TD_Jodie_L_Rummer_Simon_Nicol_Darren_M_Parsons_Stephen_M_J_Pether_Stephen_Pope_Neville_Smith_and_Philip_L_Munday,NA,Seriola_lalandi,Fish_larvae,2018,462,21.1,29,Laubenstein_TD_Jodie_L_Rummer_Simon_Nicol_Darren_M_Parsons_Stephen_M_J_Pether_Stephen_Pope_Neville_Smith_and_Philip_L_Munday__2018__NA,ZOO_STUDY_0293,ZOO_ES_000562,ZOO_STUDY_0293__Seriola_lalandi__Fish_larvae__CO2462.00__T21.10__NC29,ZOO_COMMON_00504,0.3069752753864598,0.0038000020727484186,16.222137688812353,3.5
Alter et al. 2024,"Laubenstein TD, Jodie L. Rummer, Simon Nicol, Darren M. Parsons, Stephen M. J. Pether, Stephen Pope, Neville Smith and Philip L. Munday",2018,NA,NA,Zooplankton,Meroplankton,Fish larvae,Seriola lalandi,T,13,12,462,21.1,538,24.8,Resting metabolic rate,ambiguous,mg kg-1 hr-1,Physiology,702.3333,99.76560379,880.1667,135.9375828,0.2257,0.0035,NA,NA,Yes,NA,NA,NA,,76,3.6999999999999993,Laubenstein_TD_Jodie_L_Rummer_Simon_Nicol_Darren_M_Parsons_Stephen_M_J_Pether_Stephen_Pope_Neville_Smith_and_Philip_L_Munday,NA,Seriola_lalandi,Fish_larvae,2018,462,21.1,13,Laubenstein_TD_Jodie_L_Rummer_Simon_Nicol_Darren_M_Parsons_Stephen_M_J_Pether_Stephen_Pope_Neville_Smith_and_Philip_L_Munday__2018__NA,ZOO_STUDY_0293,ZOO_ES_000564,ZOO_STUDY_0293__Seriola_lalandi__Fish_larvae__CO2462.00__T21.10__NC13,ZOO_COMMON_00503,0.22570324367525932,0.003539921667742271,16.80750209350525,3.5
Alter et al. 2024,"Laubenstein TD, Jodie L. Rummer, Simon Nicol, Darren M. Parsons, Stephen M. J. Pether, Stephen Pope, Neville Smith and Philip L. Munday",2018,NA,NA,Zooplankton,Meroplankton,Fish larvae,Seriola lalandi,T,13,12,462,21.1,538,24.8,aerobic scope,positive,mg kg-1 hr-1,Physiology,1046.75,322.7689502,788.9167,407.1535297,-0.2828,0.0295,NA,NA,Yes,NA,NA,NA,,76,3.6999999999999993,Laubenstein_TD_Jodie_L_Rummer_Simon_Nicol_Darren_M_Parsons_Stephen_M_J_Pether_Stephen_Pope_Neville_Smith_and_Philip_L_Munday,NA,Seriola_lalandi,Fish_larvae,2018,462,21.1,13,Laubenstein_TD_Jodie_L_Rummer_Simon_Nicol_Darren_M_Parsons_Stephen_M_J_Pether_Stephen_Pope_Neville_Smith_and_Philip_L_Munday__2018__NA,ZOO_STUDY_0293,ZOO_ES_000571,ZOO_STUDY_0293__Seriola_lalandi__Fish_larvae__CO2462.00__T21.10__NC13,ZOO_COMMON_00503,-0.28278466630632937,0.029509892711461507,5.821249112469528,2
Alter et al. 2024,"Leo E, Dahlke FT, Storch D, Pörtner HO, Mark FC",2018,NA,NA,Zooplankton,Meroplankton,Fish larvae,Clupea harengus,T,6,6,415,6.2,403,14.1,Hatching success,positive,% fertilized eggs,Reproduction,75.4159,7.244365914,50.8318,3.169394778,-0.3945,0.0022,NA,NA,Yes,NA,NA,NA,,-12,7.8999999999999995,Leo_E_Dahlke_FT_Storch_D_P_rtner_HO_Mark_FC,NA,Clupea_harengus,Fish_larvae,2018,415,6.2,6,Leo_E_Dahlke_FT_Storch_D_P_rtner_HO_Mark_FC__2018__NA,ZOO_STUDY_0302,ZOO_ES_000582,ZOO_STUDY_0302__Clupea_harengus__Fish_larvae__CO2415.00__T6.20__NC6,ZOO_COMMON_00522,-0.394495985124408,0.0021858178442243172,21.389124898054217,3.5
Alter et al. 2024,"Leo E, Dahlke FT, Storch D, Pörtner HO, Mark FC",2018,NA,NA,Zooplankton,Meroplankton,Fish larvae,Clupea harengus,T,6,6,415,6.2,408,10,Hatching success,positive,% fertilized eggs,Reproduction,75.4159,7.244365914,73.9372,15.84697389,-0.0198,0.0092,NA,NA,Yes,NA,NA,NA,,-7,3.8,Leo_E_Dahlke_FT_Storch_D_P_rtner_HO_Mark_FC,NA,Clupea_harengus,Fish_larvae,2018,415,6.2,6,Leo_E_Dahlke_FT_Storch_D_P_rtner_HO_Mark_FC__2018__NA,ZOO_STUDY_0302,ZOO_ES_000584,ZOO_STUDY_0302__Clupea_harengus__Fish_larvae__CO2415.00__T6.20__NC6,ZOO_COMMON_00522,-0.019802043865004382,0.009194122488925364,10.429052586833842,2.75
Alter et al. 2024,"Leo E, Dahlke FT, Storch D, Pörtner HO, Mark FC",2018,NA,NA,Zooplankton,Meroplankton,Fish larvae,Clupea harengus,T,6,6,415,6.2,403,14.1,Deformities,positive,% hatched larvae,Development,5.511,3.184336666,8.9178,1.349913797,-0.0367,2e-4,NA,NA,Yes,NA,NA,NA,,-12,7.8999999999999995,Leo_E_Dahlke_FT_Storch_D_P_rtner_HO_Mark_FC,NA,Clupea_harengus,Fish_larvae,2018,415,6.2,6,Leo_E_Dahlke_FT_Storch_D_P_rtner_HO_Mark_FC__2018__NA,ZOO_STUDY_0302,ZOO_ES_000586,ZOO_STUDY_0302__Clupea_harengus__Fish_larvae__CO2415.00__T6.20__NC6,ZOO_COMMON_00522,0.4813031844996689,0.059463928414759164,4.100843555127861,2
Alter et al. 2024,"Leo E, Dahlke FT, Storch D, Pörtner HO, Mark FC",2018,NA,NA,Zooplankton,Meroplankton,Fish larvae,Clupea harengus,T,6,6,415,6.2,408,10,Deformities,positive,% hatched larvae,Development,5.511,3.184336666,7.3146,5.890532933,-0.0193,9e-4,NA,NA,Yes,NA,NA,NA,,-7,3.8,Leo_E_Dahlke_FT_Storch_D_P_rtner_HO_Mark_FC,NA,Clupea_harengus,Fish_larvae,2018,415,6.2,6,Leo_E_Dahlke_FT_Storch_D_P_rtner_HO_Mark_FC__2018__NA,ZOO_STUDY_0302,ZOO_ES_000587,ZOO_STUDY_0302__Clupea_harengus__Fish_larvae__CO2415.00__T6.20__NC6,ZOO_COMMON_00522,0.2831262559159203,0.16373278750244075,2.4713381429971997,2.5
Alter et al. 2024,"Leo E, Dahlke FT, Storch D, Pörtner HO, Mark FC",2018,NA,NA,Zooplankton,Meroplankton,Fish larvae,Clupea harengus,T,60,60,415,6.2,403,14.1,Length at hatch,positive,mm,Growth,10.039,1.859032006,9.9024,2.645247625,-0.0137,0.0018,NA,NA,Yes,NA,NA,NA,,-12,7.8999999999999995,Leo_E_Dahlke_FT_Storch_D_P_rtner_HO_Mark_FC,NA,Clupea_harengus,Fish_larvae,2018,415,6.2,60,Leo_E_Dahlke_FT_Storch_D_P_rtner_HO_Mark_FC__2018__NA,ZOO_STUDY_0302,ZOO_ES_000589,ZOO_STUDY_0302__Clupea_harengus__Fish_larvae__CO2415.00__T6.20__NC60,ZOO_COMMON_00523,-0.013700355706429487,0.0017608581747704678,23.830755509327513,3.5
Alter et al. 2024,"Leo E, Dahlke FT, Storch D, Pörtner HO, Mark FC",2018,NA,NA,Zooplankton,Meroplankton,Fish larvae,Clupea harengus,T,60,60,415,6.2,408,10,Length at hatch,positive,mm,Growth,10.039,1.859032006,9.9024,2.645247625,-0.0137,0.0018,NA,NA,Yes,NA,NA,NA,,-7,3.8,Leo_E_Dahlke_FT_Storch_D_P_rtner_HO_Mark_FC,NA,Clupea_harengus,Fish_larvae,2018,415,6.2,60,Leo_E_Dahlke_FT_Storch_D_P_rtner_HO_Mark_FC__2018__NA,ZOO_STUDY_0302,ZOO_ES_000590,ZOO_STUDY_0302__Clupea_harengus__Fish_larvae__CO2415.00__T6.20__NC60,ZOO_COMMON_00523,-0.013700355706429487,0.0017608581747704678,23.830755509327513,3.5
Alter et al. 2024,"Leo E, Dahlke FT, Storch D, Pörtner HO, Mark FC",2018,NA,NA,Zooplankton,Meroplankton,Fish larvae,Clupea harengus,T,2,2,415,6.2,403,14.1,MO2,ambiguous,nmol O2 (eggs*h)-1,Physiology,5.5552,0.523259018,11.6335,1.338694558,0.7392,0.0111,NA,NA,Yes,NA,NA,NA,,-12,7.8999999999999995,Leo_E_Dahlke_FT_Storch_D_P_rtner_HO_Mark_FC,NA,Clupea_harengus,Fish_larvae,2018,415,6.2,2,Leo_E_Dahlke_FT_Storch_D_P_rtner_HO_Mark_FC__2018__NA,ZOO_STUDY_0302,ZOO_ES_000597,ZOO_STUDY_0302__Clupea_harengus__Fish_larvae__CO2415.00__T6.20__NC2,ZOO_COMMON_00520,0.7391544410413715,0.011056954374255067,9.510037758238793,2.75
Alter et al. 2024,"Leo E, Dahlke FT, Storch D, Pörtner HO, Mark FC",2018,NA,NA,Zooplankton,Meroplankton,Fish larvae,Clupea harengus,T,2,2,415,6.2,408,10,MO2,ambiguous,nmol O2 (eggs*h)-1,Physiology,5.5552,0.523259018,7.6726,0.951200042,0.3229,0.0122,NA,NA,Yes,NA,NA,NA,,-7,3.8,Leo_E_Dahlke_FT_Storch_D_P_rtner_HO_Mark_FC,NA,Clupea_harengus,Fish_larvae,2018,415,6.2,2,Leo_E_Dahlke_FT_Storch_D_P_rtner_HO_Mark_FC__2018__NA,ZOO_STUDY_0302,ZOO_ES_000599,ZOO_STUDY_0302__Clupea_harengus__Fish_larvae__CO2415.00__T6.20__NC2,ZOO_COMMON_00520,0.32292111494439946,0.012120857762963939,9.08308383322196,2.75
Alter et al. 2024,"Leo E, Dahlke FT, Storch D, Pörtner HO, Mark FC",2018,NA,NA,Zooplankton,Meroplankton,Fish larvae,Clupea harengus,T,3,3,415,6.2,403,14.1,ETS mitochondrial capacity,positive,nmol O2 (eggs*h)-1,Physiology,4.5273,1.662768775,5.9455,1.826447577,0.2725,0.0768,NA,NA,Yes,NA,NA,NA,,-12,7.8999999999999995,Leo_E_Dahlke_FT_Storch_D_P_rtner_HO_Mark_FC,NA,Clupea_harengus,Fish_larvae,2018,415,6.2,3,Leo_E_Dahlke_FT_Storch_D_P_rtner_HO_Mark_FC__2018__NA,ZOO_STUDY_0302,ZOO_ES_000603,ZOO_STUDY_0302__Clupea_harengus__Fish_larvae__CO2415.00__T6.20__NC3,ZOO_COMMON_00521,0.27250889558501895,0.07642082905427791,3.617379954023366,2.5
Alter et al. 2024,"Leo E, Dahlke FT, Storch D, Pörtner HO, Mark FC",2018,NA,NA,Zooplankton,Meroplankton,Fish larvae,Clupea harengus,T,3,3,415,6.2,408,10,ETS mitochondrial capacity,positive,nmol O2 (eggs*h)-1,Physiology,4.5273,1.662768775,6.6727,2.141507618,0.3879,0.0796,NA,NA,Yes,NA,NA,NA,,-7,3.8,Leo_E_Dahlke_FT_Storch_D_P_rtner_HO_Mark_FC,NA,Clupea_harengus,Fish_larvae,2018,415,6.2,3,Leo_E_Dahlke_FT_Storch_D_P_rtner_HO_Mark_FC__2018__NA,ZOO_STUDY_0302,ZOO_ES_000604,ZOO_STUDY_0302__Clupea_harengus__Fish_larvae__CO2415.00__T6.20__NC3,ZOO_COMMON_00521,0.3878988403098087,0.07929713460770721,3.551168279919858,2.5
Alter et al. 2024,"Miller GM, Kroon FJ, Metcalfe S, Munday PL",2015,NA,NA,Zooplankton,Meroplankton,Fish larvae,Amphiprion melanopus,T,4,4,400,28.4,411,29.8,eggs that survived to hatching,positive,%,Reproduction,46.6981,9.0566,7.6415,3.3962,-1.8101,0.0588,NA,NA,Yes,NA,NA,NA,,11,1.4000000000000021,Miller_GM_Kroon_FJ_Metcalfe_S_Munday_PL,NA,Amphiprion_melanopus,Fish_larvae,2015,400,28.4,4,Miller_GM_Kroon_FJ_Metcalfe_S_Munday_PL__2015__NA,ZOO_STUDY_0353,ZOO_ES_000609,ZOO_STUDY_0353__Amphiprion_melanopus__Fish_larvae__CO2400.00__T28.40__NC4,ZOO_COMMON_00617,-1.810109559636592,0.05878518942114534,4.12444996137515,2
Alter et al. 2024,"Miller GM, Kroon FJ, Metcalfe S, Munday PL",2015,NA,NA,Zooplankton,Meroplankton,Fish larvae,Amphiprion melanopus,T,4,4,400,28.4,411,29.8,hatching length,positive,mm²,Growth,3.2444,0.02,3.1556,0.0296,-0.0278,1e-4,NA,NA,Yes,NA,NA,NA,,11,1.4000000000000021,Miller_GM_Kroon_FJ_Metcalfe_S_Munday_PL,NA,Amphiprion_melanopus,Fish_larvae,2015,400,28.4,4,Miller_GM_Kroon_FJ_Metcalfe_S_Munday_PL__2015__NA,ZOO_STUDY_0353,ZOO_ES_000611,ZOO_STUDY_0353__Amphiprion_melanopus__Fish_larvae__CO2400.00__T28.40__NC4,ZOO_COMMON_00617,-0.027751780975255116,3.1496967964539e-5,178.18273697936695,4.25
Alter et al. 2024,"Miller GM, Kroon FJ, Metcalfe S, Munday PL",2015,NA,NA,Zooplankton,Meroplankton,Fish larvae,Amphiprion melanopus,T,4,4,400,28.4,411,29.8,yolk area,ambiguous,mm²,Development,0.4232,0.0068,0.4096,0.0164,-0.0326,5e-4,NA,NA,Yes,NA,NA,NA,,11,1.4000000000000021,Miller_GM_Kroon_FJ_Metcalfe_S_Munday_PL,NA,Amphiprion_melanopus,Fish_larvae,2015,400,28.4,4,Miller_GM_Kroon_FJ_Metcalfe_S_Munday_PL__2015__NA,ZOO_STUDY_0353,ZOO_ES_000614,ZOO_STUDY_0353__Amphiprion_melanopus__Fish_larvae__CO2400.00__T28.40__NC4,ZOO_COMMON_00617,-0.03266380681879157,4.653272127105026e-4,46.357581917453196,4.25
Alter et al. 2024,"Mos B, Dworjanyn SA, Mamo LT, Kelaher BP",2019,NA,NA,Zooplankton,Meroplankton,Echinodermata,Tripneustes gratilla,T,5,5,491,24.4,513,26.8,Test diameter,positive,µm,Growth,714.77,60.0384252,761.74,127.5676781,0.064,0.007,NA,NA,Yes,NA,NA,NA,,22,2.400000000000002,Mos_B_Dworjanyn_SA_Mamo_LT_Kelaher_BP,NA,Tripneustes_gratilla,Echinodermata,2019,491,24.4,5,Mos_B_Dworjanyn_SA_Mamo_LT_Kelaher_BP__2019__NA,ZOO_STUDY_0357,ZOO_ES_000624,ZOO_STUDY_0357__Tripneustes_gratilla__Echinodermata__CO2491.00__T24.40__NC5,ZOO_COMMON_00622,0.06364447749033274,0.007020253309230121,11.935032571124463,2.75
Alter et al. 2024,"Mos B, Dworjanyn SA, Mamo LT, Kelaher BP",2019,NA,NA,Zooplankton,Meroplankton,Echinodermata,Tripneustes gratilla,T,7,7,491,24.4,513,26.8,Settlement,positive,%,Development,38.18,21.29829805,48.31,13.7314493,0.235,0.056,NA,NA,Yes,NA,NA,NA,,22,2.400000000000002,Mos_B_Dworjanyn_SA_Mamo_LT_Kelaher_BP,NA,Tripneustes_gratilla,Echinodermata,2019,491,24.4,7,Mos_B_Dworjanyn_SA_Mamo_LT_Kelaher_BP__2019__NA,ZOO_STUDY_0357,ZOO_ES_000625,ZOO_STUDY_0357__Tripneustes_gratilla__Echinodermata__CO2491.00__T24.40__NC7,ZOO_COMMON_00623,0.23532676026871374,0.05599638519801519,4.225907667088514,2
Alter et al. 2024,"Mos B, Dworjanyn SA, Mamo LT, Kelaher BP",2019,NA,NA,Zooplankton,Meroplankton,Echinodermata,Tripneustes gratilla,T,5,5,491,24.4,513,26.8,Abnormalities,positive,%,Development,55.27,20.81779287,24.15,54.00104166,0.528,0.1446,NA,NA,Yes,NA,NA,NA,,22,2.400000000000002,Mos_B_Dworjanyn_SA_Mamo_LT_Kelaher_BP,NA,Tripneustes_gratilla,Echinodermata,2019,491,24.4,5,Mos_B_Dworjanyn_SA_Mamo_LT_Kelaher_BP__2019__NA,ZOO_STUDY_0357,ZOO_ES_000626,ZOO_STUDY_0357__Tripneustes_gratilla__Echinodermata__CO2491.00__T24.40__NC5,ZOO_COMMON_00622,-0.82794588574659,1.0283739915258703,0.9861079447584028,2.5
Alter et al. 2024,"Mos B, Dworjanyn SA, Mamo LT, Kelaher BP",2019,NA,NA,Zooplankton,Meroplankton,Echinodermata,Tripneustes gratilla,T,7,7,491,24.4,513,26.8,Survival,positive,%,Survival,20.73,12.22337106,20.46,15.71576279,-0.013,0.134,NA,NA,Yes,NA,NA,NA,,22,2.400000000000002,Mos_B_Dworjanyn_SA_Mamo_LT_Kelaher_BP,NA,Tripneustes_gratilla,Echinodermata,2019,491,24.4,7,Mos_B_Dworjanyn_SA_Mamo_LT_Kelaher_BP__2019__NA,ZOO_STUDY_0357,ZOO_ES_000628,ZOO_STUDY_0357__Tripneustes_gratilla__Echinodermata__CO2491.00__T24.40__NC7,ZOO_COMMON_00623,-0.013110165924207752,0.13395619294490724,2.7322384694552384,2.5
Alter et al. 2024,"Murray CS, Baumann H",2018,NA,NA,Zooplankton,Meroplankton,Fish larvae,Menidia menidia,T,5,10,345,19.7,403,23.9,Survival,positive,%,Survival,96,0.9999696,80,1.280722452,-0.1823,1e-4,NA,NA,Yes,NA,NA,NA,,58,4.199999999999999,Murray_CS_Baumann_H,NA,Menidia_menidia,Fish_larvae,2018,345,19.7,5,Murray_CS_Baumann_H__2018__NA,ZOO_STUDY_0366,ZOO_ES_000642,ZOO_STUDY_0366__Menidia_menidia__Fish_larvae__CO2345.00__T19.70__NC5,ZOO_COMMON_00634,-0.1823215567939546,4.732897569976395e-5,145.35716607266613,4.25
Alter et al. 2024,"Murray CS, Baumann H",2018,NA,NA,Zooplankton,Meroplankton,Fish larvae,Menidia menidia,T,5,10,345,19.7,353,28.2,Survival,positive,%,Survival,96,0.9999696,63,2.785650391,-0.4212,2e-4,NA,NA,Yes,NA,NA,NA,,8,8.5,Murray_CS_Baumann_H,NA,Menidia_menidia,Fish_larvae,2018,345,19.7,5,Murray_CS_Baumann_H__2018__NA,ZOO_STUDY_0366,ZOO_ES_000644,ZOO_STUDY_0366__Menidia_menidia__Fish_larvae__CO2345.00__T19.70__NC5,ZOO_COMMON_00634,-0.42121346507630353,2.1721148546042975e-4,67.85136783887317,4.25
Alter et al. 2024,"Murray CS, Baumann H",2018,NA,NA,Zooplankton,Meroplankton,Fish larvae,Menidia menidia,T,5,10,345,19.7,403,23.9,Survival,positive,%,Survival,82,1.999939199,58,2.561128677,-0.3463,3e-4,NA,NA,Yes,NA,NA,NA,,58,4.199999999999999,Murray_CS_Baumann_H,NA,Menidia_menidia,Fish_larvae,2018,345,19.7,5,Murray_CS_Baumann_H__2018__NA,ZOO_STUDY_0366,ZOO_ES_000648,ZOO_STUDY_0366__Menidia_menidia__Fish_larvae__CO2345.00__T19.70__NC5,ZOO_COMMON_00634,-0.3462762367178338,3.1395708356608343e-4,56.43712174539899,4.25
Alter et al. 2024,"Murray CS, Baumann H",2018,NA,NA,Zooplankton,Meroplankton,Fish larvae,Menidia menidia,T,5,10,345,19.7,353,28.2,Survival,positive,%,Survival,82,1.999939199,22.5,7.13852559,-1.2932,0.0102,NA,NA,Yes,NA,NA,NA,,8,8.5,Murray_CS_Baumann_H,NA,Menidia_menidia,Fish_larvae,2018,345,19.7,5,Murray_CS_Baumann_H__2018__NA,ZOO_STUDY_0366,ZOO_ES_000652,ZOO_STUDY_0366__Menidia_menidia__Fish_larvae__CO2345.00__T19.70__NC5,ZOO_COMMON_00634,-1.2932039380538787,0.010184855511223905,9.908834251953603,2.75
Alter et al. 2024,"Murray CS, Baumann H",2018,NA,NA,Zooplankton,Meroplankton,Fish larvae,Menidia menidia,T,5,10,345,19.7,379,23.6,Hatch length,positive,mm,Growth,5.55,0.027503636,5.405,0.041742065,-0.0265,1e-4,NA,NA,Yes,NA,NA,NA,,34,3.900000000000002,Murray_CS_Baumann_H,NA,Menidia_menidia,Fish_larvae,2018,345,19.7,5,Murray_CS_Baumann_H__2018__NA,ZOO_STUDY_0366,ZOO_ES_000656,ZOO_STUDY_0366__Menidia_menidia__Fish_larvae__CO2345.00__T19.70__NC5,ZOO_COMMON_00634,-0.026473476667171498,1.0875872845601288e-5,303.2270489218908,4.25
Alter et al. 2024,"Murray CS, Baumann H",2018,NA,NA,Zooplankton,Meroplankton,Fish larvae,Menidia menidia,T,5,10,345,19.7,353,28.2,Hatch length,positive,mm,Growth,5.55,0.027503636,4.65,0.02687936,-0.1769,1e-4,NA,NA,Yes,NA,NA,NA,,8,8.5,Murray_CS_Baumann_H,NA,Menidia_menidia,Fish_larvae,2018,345,19.7,5,Murray_CS_Baumann_H__2018__NA,ZOO_STUDY_0366,ZOO_ES_000659,ZOO_STUDY_0366__Menidia_menidia__Fish_larvae__CO2345.00__T19.70__NC5,ZOO_COMMON_00634,-0.17693070815907808,8.253040999834165e-6,348.09116356944855,4.25
Alter et al. 2024,"Murray CS, Baumann H",2018,NA,NA,Zooplankton,Meroplankton,Fish larvae,Menidia menidia,T,5,10,345,19.7,353,28.2,Growth rate,positive,mm d-1,Growth,0.33,0.00491935,0.44,0.024665766,0.2877,4e-4,NA,NA,Yes,NA,NA,NA,,8,8.5,Murray_CS_Baumann_H,NA,Menidia_menidia,Fish_larvae,2018,345,19.7,5,Murray_CS_Baumann_H__2018__NA,ZOO_STUDY_0366,ZOO_ES_000662,ZOO_STUDY_0366__Menidia_menidia__Fish_larvae__CO2345.00__T19.70__NC5,ZOO_COMMON_00634,0.28768207245178085,3.5870065730146943e-4,52.79999893208496,4.25
Alter et al. 2024,"Murray CS, Baumann H",2018,NA,NA,Zooplankton,Meroplankton,Fish larvae,Menidia menidia,T,5,10,345,19.7,379,23.6,Growth rate,positive,mm d-1,Growth,0.33,0.00491935,0.39,0.013597794,0.1671,2e-4,NA,NA,Yes,NA,NA,NA,,34,3.900000000000002,Murray_CS_Baumann_H,NA,Menidia_menidia,Fish_larvae,2018,345,19.7,5,Murray_CS_Baumann_H__2018__NA,ZOO_STUDY_0366,ZOO_ES_000664,ZOO_STUDY_0366__Menidia_menidia__Fish_larvae__CO2345.00__T19.70__NC5,ZOO_COMMON_00634,0.16705408466316624,1.6600921368849198e-4,77.61289868163053,4.25
Alter et al. 2024,"Murray CS, Wiley D, Baumann H",2019,NA,NA,Zooplankton,Meroplankton,Fish larvae,Ammodytes dubius,T,38,40,385,4.9,379,7.1,Hatch length,positive,mm,Growth,5.47,0.3082207,5.24,0.230213814,-0.043,1e-4,NA,NA,Yes,NA,NA,NA,,-6,2.1999999999999993,Murray_CS_Wiley_D_Baumann_H,NA,Ammodytes_dubius,Fish_larvae,2019,385,4.9,38,Murray_CS_Wiley_D_Baumann_H__2019__NA,ZOO_STUDY_0367,ZOO_ES_000673,ZOO_STUDY_0367__Ammodytes_dubius__Fish_larvae__CO2385.00__T4.90__NC38,ZOO_COMMON_00635,-0.04295711810093895,1.318084001917144e-4,87.10206585474883,4.25
Alter et al. 2024,"Murray CS, Wiley D, Baumann H",2019,NA,NA,Zooplankton,Meroplankton,Fish larvae,Ammodytes dubius,T,38,28,385,4.9,404,10,Hatch length,positive,mm,Growth,5.47,0.3082207,5.41,0.200018799,-0.011,1e-4,NA,NA,Yes,NA,NA,NA,,19,5.1,Murray_CS_Wiley_D_Baumann_H,NA,Ammodytes_dubius,Fish_larvae,2019,385,4.9,38,Murray_CS_Wiley_D_Baumann_H__2019__NA,ZOO_STUDY_0367,ZOO_ES_000674,ZOO_STUDY_0367__Ammodytes_dubius__Fish_larvae__CO2385.00__T4.90__NC38,ZOO_COMMON_00635,-0.01102952357549962,1.323726576759105e-4,86.91622506091042,4.25
Alter et al. 2024,"Murray CS, Wiley D, Baumann H",2019,NA,NA,Zooplankton,Meroplankton,Fish larvae,Ammodytes dubius,T,38,40,385,4.9,379,7.1,Yolk sac area,ambiguous,mm2,Development,0.167,0.06164414,0.184,0.036049965,0.0969,0.0025,NA,NA,Yes,NA,NA,NA,,-6,2.1999999999999993,Murray_CS_Wiley_D_Baumann_H,NA,Ammodytes_dubius,Fish_larvae,2019,385,4.9,38,Murray_CS_Wiley_D_Baumann_H__2019__NA,ZOO_STUDY_0367,ZOO_ES_000678,ZOO_STUDY_0367__Ammodytes_dubius__Fish_larvae__CO2385.00__T4.90__NC38,ZOO_COMMON_00635,0.09694194519223054,0.004545295710784226,14.832656129860402,2.75
Alter et al. 2024,"Murray CS, Wiley D, Baumann H",2019,NA,NA,Zooplankton,Meroplankton,Fish larvae,Ammodytes dubius,T,38,28,385,4.9,404,10,Yolk sac area,ambiguous,mm2,Development,0.167,0.06164414,0.159,0.028044964,-0.0491,0.0027,NA,NA,Yes,NA,NA,NA,,19,5.1,Murray_CS_Wiley_D_Baumann_H,NA,Ammodytes_dubius,Fish_larvae,2019,385,4.9,38,Murray_CS_Wiley_D_Baumann_H__2019__NA,ZOO_STUDY_0367,ZOO_ES_000680,ZOO_STUDY_0367__Ammodytes_dubius__Fish_larvae__CO2385.00__T4.90__NC38,ZOO_COMMON_00635,-0.04908961019652363,0.004696754200883444,14.59153844577671,2.75
Alter et al. 2024,"Padilla-Gamiño JL, Kelly MW, Evans TJ, Hofmann GE",2013,NA,NA,Zooplankton,Meroplankton,Echinodermata,Strongylocentrotus purpuratus,T,8,8,397,13.6,398,18.4,length,positive,mm,Growth,0.32,0,0.32,0.028284271,0.006,5e-4,NA,NA,Yes,NA,NA,NA,,1,4.799999999999999,Padilla_Gami_o_JL_Kelly_MW_Evans_TJ_Hofmann_GE,NA,Strongylocentrotus_purpuratus,Echinodermata,2013,397,13.6,8,Padilla_Gami_o_JL_Kelly_MW_Evans_TJ_Hofmann_GE__2013__NA,ZOO_STUDY_0391,ZOO_ES_000688,ZOO_STUDY_0391__Strongylocentrotus_purpuratus__Echinodermata__CO2397.00__T13.60__NC8,ZOO_COMMON_00676,0,9.765624829119153e-4,32.00000027997118,3.5
Alter et al. 2024,"Padilla-Gamiño JL, Kelly MW, Evans TJ, Hofmann GE",2013,NA,NA,Zooplankton,Meroplankton,Echinodermata,Strongylocentrotus purpuratus,T,6,6,397,13.6,398,18.4,Respiration,ambiguous,pmol O2/hr/larva,Physiology,8.23,1.347219359,12.86,2.351510153,0.446,0.01,NA,NA,Yes,NA,NA,NA,,1,4.799999999999999,Padilla_Gami_o_JL_Kelly_MW_Evans_TJ_Hofmann_GE,NA,Strongylocentrotus_purpuratus,Echinodermata,2013,397,13.6,6,Padilla_Gami_o_JL_Kelly_MW_Evans_TJ_Hofmann_GE__2013__NA,ZOO_STUDY_0391,ZOO_ES_000689,ZOO_STUDY_0391__Strongylocentrotus_purpuratus__Echinodermata__CO2397.00__T13.60__NC6,ZOO_COMMON_00675,0.44633570412049484,0.010038705991815836,9.980703004260237,2.75
Alter et al. 2024,"Pansch C, Nasrolahi A, Appelhans YS, Wahl M",2012,NA,NA,Zooplankton,Meroplankton,Arthropoda,Amphibalanus improvisus,T,6,6,414,19.6,378,26.9,larval duration,ambiguous,days,Development,17.62,4.237617255,10.6,4.507061127,-0.509,0.0399,NA,NA,Yes,NA,NA,NA,,-36,7.299999999999997,Pansch_C_Nasrolahi_A_Appelhans_YS_Wahl_M,NA,Amphibalanus_improvisus,Arthropoda,2012,414,19.6,6,Pansch_C_Nasrolahi_A_Appelhans_YS_Wahl_M__2012__NA,ZOO_STUDY_0394,ZOO_ES_000696,ZOO_STUDY_0394__Amphibalanus_improvisus__Arthropoda__CO2414.00__T19.60__NC6,ZOO_COMMON_00680,-0.5081806193900121,0.03977179415201264,5.014324185903304,2
Alter et al. 2024,"Pansch C, Nasrolahi A, Appelhans YS, Wahl M",2012,NA,NA,Zooplankton,Meroplankton,Arthropoda,Amphibalanus improvisus,T,6,6,414,19.6,378,26.9,settlement,positive,%,Development,24.65,17.66082105,19.64,12.76184156,-0.227,0.1561,NA,NA,Yes,NA,NA,NA,,-36,7.299999999999997,Pansch_C_Nasrolahi_A_Appelhans_YS_Wahl_M,NA,Amphibalanus_improvisus,Arthropoda,2012,414,19.6,6,Pansch_C_Nasrolahi_A_Appelhans_YS_Wahl_M__2012__NA,ZOO_STUDY_0394,ZOO_ES_000697,ZOO_STUDY_0394__Amphibalanus_improvisus__Arthropoda__CO2414.00__T19.60__NC6,ZOO_COMMON_00680,-0.22720859756237924,0.15592408215054954,2.5324647083214766,2.5
Alter et al. 2024,"Pansch C, Nasrolahi A, Appelhans YS, Wahl M",2012,NA,NA,Zooplankton,Meroplankton,Arthropoda,Amphibalanus improvisus,T,6,6,414,19.6,378,26.9,Survival,positive,%,Survival,54.22,13.76613235,19.88,12.78633646,-1.003,0.0797,NA,NA,Yes,NA,NA,NA,,-36,7.299999999999997,Pansch_C_Nasrolahi_A_Appelhans_YS_Wahl_M,NA,Amphibalanus_improvisus,Arthropoda,2012,414,19.6,6,Pansch_C_Nasrolahi_A_Appelhans_YS_Wahl_M__2012__NA,ZOO_STUDY_0394,ZOO_ES_000699,ZOO_STUDY_0394__Amphibalanus_improvisus__Arthropoda__CO2414.00__T19.60__NC6,ZOO_COMMON_00680,-1.0033356428420916,0.07968956175555607,3.542413716002452,2.5
Alter et al. 2024,"Pardo, Costa",2021,NA,NA,Zooplankton,Meroplankton,Arthropoda,Leptuca thayeri,T,3,3,8271,26.1,10190,29.9,Survival,positive,%,Survival,93.84,7.395856948,75.11848341,25.85951856,-0.223,0.0416,NA,NA,Yes,NA,NA,NA,,1919,3.799999999999997,Pardo_Costa,NA,Leptuca_thayeri,Arthropoda,2021,8271,26.1,3,Pardo_Costa__2021__NA,ZOO_STUDY_0396,ZOO_ES_000707,ZOO_STUDY_0396__Leptuca_thayeri__Arthropoda__CO28271.00__T26.10__NC3,ZOO_COMMON_00683,-0.2225245585467747,0.04157314990524873,4.904486397445141,2
Alter et al. 2024,"Parker, Ross, O'Connor",2010,NA,NA,Zooplankton,Meroplankton,Mollusca,Saccostrea glomerata,T,3,3,375,18,375,26,Abnormalities,positive,%,Development,40.87,3.966396349,5.01,2.476832655,0.474,0.0017,NA,NA,Yes,NA,NA,NA,,0,8,Parker_Ross_O_Connor,NA,Saccostrea_glomerata,Mollusca,2010,375,18,3,Parker_Ross_O_Connor__2010__NA,ZOO_STUDY_0399,ZOO_ES_000715,ZOO_STUDY_0399__Saccostrea_glomerata__Mollusca__CO2375.00__T18.00__NC3,ZOO_COMMON_00692,-2.0989603824794125,0.08460930364037382,3.437881790504988,2.5
Alter et al. 2024,"Parker, Ross, O'Connor",2010,NA,NA,Zooplankton,Meroplankton,Mollusca,Saccostrea glomerata,T,3,3,375,18,375,22,Abnormalities,positive,%,Development,40.87,3.966396349,6.08,2.961806881,0.463,0.0018,NA,NA,Yes,NA,NA,NA,,0,4,Parker_Ross_O_Connor,NA,Saccostrea_glomerata,Mollusca,2010,375,18,3,Parker_Ross_O_Connor__2010__NA,ZOO_STUDY_0399,ZOO_ES_000716,ZOO_STUDY_0399__Saccostrea_glomerata__Mollusca__CO2375.00__T18.00__NC3,ZOO_COMMON_00692,-1.9053916015981103,0.08224107119076264,3.487029494554334,2.5
Alter et al. 2024,"Parker, Ross, O'Connor",2010,NA,NA,Zooplankton,Meroplankton,Mollusca,Crassostrea gigas,T,3,3,375,18,375,26,Abnormalities,positive,%,Development,22.01,4.95366531,6.72,2.961806881,0.179,0.0017,NA,NA,Yes,NA,NA,NA,,0,8,Parker_Ross_O_Connor,NA,Crassostrea_gigas,Mollusca,2010,375,18,3,Parker_Ross_O_Connor__2010__NA,ZOO_STUDY_0399,ZOO_ES_000717,ZOO_STUDY_0399__Crassostrea_gigas__Mollusca__CO2375.00__T18.00__NC3,ZOO_COMMON_00691,-1.1864087410033122,0.081636719541488,3.4999128280861487,2.5
Alter et al. 2024,"Parker, Ross, O'Connor",2010,NA,NA,Zooplankton,Meroplankton,Mollusca,Crassostrea gigas,T,3,3,375,18,375,22,Abnormalities,positive,%,Development,22.01,4.95366531,9.51,1.489563695,0.149,0.0014,NA,NA,Yes,NA,NA,NA,,0,4,Parker_Ross_O_Connor,NA,Crassostrea_gigas,Mollusca,2010,375,18,3,Parker_Ross_O_Connor__2010__NA,ZOO_STUDY_0399,ZOO_ES_000718,ZOO_STUDY_0399__Crassostrea_gigas__Mollusca__CO2375.00__T18.00__NC3,ZOO_COMMON_00691,-0.8391530189810714,0.02506243523283138,6.316672580409252,2
Alter et al. 2024,"Parker, Ross, O'Connor",2010,NA,NA,Zooplankton,Meroplankton,Mollusca,Saccostrea glomerata,T,3,3,375,18,375,22,Fertilization success,positive,%,Reproduction,55.2,3.897114317,67.81,7.811549142,0.206,0.0061,NA,NA,Yes,NA,NA,NA,,0,4,Parker_Ross_O_Connor,NA,Saccostrea_glomerata,Mollusca,2010,375,18,3,Parker_Ross_O_Connor__2010__NA,ZOO_STUDY_0399,ZOO_ES_000719,ZOO_STUDY_0399__Saccostrea_glomerata__Mollusca__CO2375.00__T18.00__NC3,ZOO_COMMON_00692,0.20574672341270103,0.006084944040496099,12.819518271288674,2.75
Alter et al. 2024,"Parker, Ross, O'Connor",2010,NA,NA,Zooplankton,Meroplankton,Mollusca,Crassostrea gigas,T,3,3,375,18,375,22,Fertilization success,positive,%,Reproduction,86.8,5.352036995,84.27,4.867062769,-0.03,0.0024,NA,NA,Yes,NA,NA,NA,,0,4,Parker_Ross_O_Connor,NA,Crassostrea_gigas,Mollusca,2010,375,18,3,Parker_Ross_O_Connor__2010__NA,ZOO_STUDY_0399,ZOO_ES_000720,ZOO_STUDY_0399__Crassostrea_gigas__Mollusca__CO2375.00__T18.00__NC3,ZOO_COMMON_00691,-0.029580691882042487,0.002379196738297714,20.50146150626432,3.5
Alter et al. 2024,"Parker, Ross, O'Connor",2010,NA,NA,Zooplankton,Meroplankton,Mollusca,Saccostrea glomerata,T,3,3,375,18,375,26,Fertilization success,positive,%,Reproduction,55.2,3.897114317,89.7,2.442191639,0.486,0.0019,NA,NA,Yes,NA,NA,NA,,0,8,Parker_Ross_O_Connor,NA,Saccostrea_glomerata,Mollusca,2010,375,18,3,Parker_Ross_O_Connor__2010__NA,ZOO_STUDY_0399,ZOO_ES_000721,ZOO_STUDY_0399__Saccostrea_glomerata__Mollusca__CO2375.00__T18.00__NC3,ZOO_COMMON_00692,0.4855078157817008,0.0019085374464899347,22.890203689188784,3.5
Alter et al. 2024,"Parker, Ross, O'Connor",2010,NA,NA,Zooplankton,Meroplankton,Mollusca,Crassostrea gigas,T,3,3,375,18,375,26,Fertilization success,positive,%,Reproduction,86.8,5.352036995,91.85,1.454922678,0.057,0.0014,NA,NA,Yes,NA,NA,NA,,0,8,Parker_Ross_O_Connor,NA,Crassostrea_gigas,Mollusca,2010,375,18,3,Parker_Ross_O_Connor__2010__NA,ZOO_STUDY_0399,ZOO_ES_000722,ZOO_STUDY_0399__Crassostrea_gigas__Mollusca__CO2375.00__T18.00__NC3,ZOO_COMMON_00691,0.05655018999483008,0.001350931725970535,27.207165567819693,3.5
Alter et al. 2024,"Pecorino D, Barker MF, Dworjanyn SA, Byrne M, Lamare MD",2014,NA,NA,Zooplankton,Meroplankton,Echinodermata,Centrostephanus rodgersii,T,200,200,506,21,511,24,Hatching,positive,%,Reproduction,80.99,69.86214998,80.99,34.08254685,0,0.0046,NA,NA,Yes,NA,NA,NA,,5,3,Pecorino_D_Barker_MF_Dworjanyn_SA_Byrne_M_Lamare_MD,NA,Centrostephanus_rodgersii,Echinodermata,2014,506,21,200,Pecorino_D_Barker_MF_Dworjanyn_SA_Byrne_M_Lamare_MD__2014__NA,ZOO_STUDY_0411,ZOO_ES_000757,ZOO_STUDY_0411__Centrostephanus_rodgersii__Echinodermata__CO2506.00__T21.00__NC200,ZOO_COMMON_00710,0,0.004605877314237713,14.73478547200206,2.75
Alter et al. 2024,"Pecorino D, Barker MF, Dworjanyn SA, Byrne M, Lamare MD",2014,NA,NA,Zooplankton,Meroplankton,Echinodermata,Centrostephanus rodgersii,T,200,200,468,14,478,17,Hatching,positive,%,Reproduction,36.25,75.23616152,82.13,57.41707063,0.818,0.024,NA,NA,Yes,NA,NA,NA,,10,3,Pecorino_D_Barker_MF_Dworjanyn_SA_Byrne_M_Lamare_MD,NA,Centrostephanus_rodgersii,Echinodermata,2014,468,14,200,Pecorino_D_Barker_MF_Dworjanyn_SA_Byrne_M_Lamare_MD__2014__NA,ZOO_STUDY_0411,ZOO_ES_000758,ZOO_STUDY_0411__Centrostephanus_rodgersii__Echinodermata__CO2468.00__T14.00__NC200,ZOO_COMMON_00708,0.817863976451417,0.023981795744784304,6.457421719776854,2
Alter et al. 2024,"Pecorino D, Barker MF, Dworjanyn SA, Byrne M, Lamare MD",2014,NA,NA,Zooplankton,Meroplankton,Echinodermata,Centrostephanus rodgersii,T,150,150,506,21,511,24,Abnormalities,positive,%,Development,5.77,27.31181063,12.44,152.358262,-0.073,0.0207,NA,NA,Yes,NA,NA,NA,,5,3,Pecorino_D_Barker_MF_Dworjanyn_SA_Byrne_M_Lamare_MD,NA,Centrostephanus_rodgersii,Echinodermata,2014,506,21,150,Pecorino_D_Barker_MF_Dworjanyn_SA_Byrne_M_Lamare_MD__2014__NA,ZOO_STUDY_0411,ZOO_ES_000767,ZOO_STUDY_0411__Centrostephanus_rodgersii__Echinodermata__CO2506.00__T21.00__NC150,ZOO_COMMON_00709,0.7682450067910253,1.149368183569865,0.932761075518994,2.5
Alter et al. 2024,"Pecorino D, Barker MF, Dworjanyn SA, Byrne M, Lamare MD",2014,NA,NA,Zooplankton,Meroplankton,Echinodermata,Centrostephanus rodgersii,T,150,150,468,14,478,17,Abnormalities,positive,%,Development,6.22,43.47844293,9.33,114.2686965,-0.034,0.012,NA,NA,Yes,NA,NA,NA,,10,3,Pecorino_D_Barker_MF_Dworjanyn_SA_Byrne_M_Lamare_MD,NA,Centrostephanus_rodgersii,Echinodermata,2014,468,14,150,Pecorino_D_Barker_MF_Dworjanyn_SA_Byrne_M_Lamare_MD__2014__NA,ZOO_STUDY_0411,ZOO_ES_000768,ZOO_STUDY_0411__Centrostephanus_rodgersii__Echinodermata__CO2468.00__T14.00__NC150,ZOO_COMMON_00707,0.4054651081081644,1.3257436336701143,0.8685008040739601,2.5
Alter et al. 2024,"Pecorino D, Barker MF, Dworjanyn SA, Byrne M, Lamare MD",2014,NA,NA,Zooplankton,Meroplankton,Echinodermata,Centrostephanus rodgersii,T,200,200,468,14,478,17,Fertilization,positive,%,Reproduction,97.98,42.85067094,97.22,26.72863633,-0.008,0.0013,NA,NA,Yes,NA,NA,NA,,10,3,Pecorino_D_Barker_MF_Dworjanyn_SA_Byrne_M_Lamare_MD,NA,Centrostephanus_rodgersii,Echinodermata,2014,468,14,200,Pecorino_D_Barker_MF_Dworjanyn_SA_Byrne_M_Lamare_MD__2014__NA,ZOO_STUDY_0411,ZOO_ES_000769,ZOO_STUDY_0411__Centrostephanus_rodgersii__Echinodermata__CO2468.00__T14.00__NC200,ZOO_COMMON_00708,-0.007786924593119337,0.001334266617367526,27.376548265530396,3.5
Alter et al. 2024,"Pecorino D, Barker MF, Dworjanyn SA, Byrne M, Lamare MD",2014,NA,NA,Zooplankton,Meroplankton,Echinodermata,Centrostephanus rodgersii,T,150,150,506,21,511,24,Gastrulation,ambiguous,%,Development,79.55,59.89002421,82.66,38.0895655,0.038,0.0052,NA,NA,Yes,NA,NA,NA,,5,3,Pecorino_D_Barker_MF_Dworjanyn_SA_Byrne_M_Lamare_MD,NA,Centrostephanus_rodgersii,Echinodermata,2014,506,21,150,Pecorino_D_Barker_MF_Dworjanyn_SA_Byrne_M_Lamare_MD__2014__NA,ZOO_STUDY_0411,ZOO_ES_000770,ZOO_STUDY_0411__Centrostephanus_rodgersii__Echinodermata__CO2506.00__T21.00__NC150,ZOO_COMMON_00709,0.03835005429979038,0.005194221466849424,13.875216510020032,2.75
Alter et al. 2024,"Pecorino D, Barker MF, Dworjanyn SA, Byrne M, Lamare MD",2014,NA,NA,Zooplankton,Meroplankton,Echinodermata,Centrostephanus rodgersii,T,150,150,468,14,478,17,Gastrulation,ambiguous,%,Development,76.88,70.79025357,81.33,54.37867229,0.056,0.0086,NA,NA,Yes,NA,NA,NA,,10,3,Pecorino_D_Barker_MF_Dworjanyn_SA_Byrne_M_Lamare_MD,NA,Centrostephanus_rodgersii,Echinodermata,2014,468,14,150,Pecorino_D_Barker_MF_Dworjanyn_SA_Byrne_M_Lamare_MD__2014__NA,ZOO_STUDY_0411,ZOO_ES_000771,ZOO_STUDY_0411__Centrostephanus_rodgersii__Echinodermata__CO2468.00__T14.00__NC150,ZOO_COMMON_00707,0.056269187516646904,0.008632678741038069,10.762848085397728,2.75
Alter et al. 2024,"Pecorino D, Barker MF, Dworjanyn SA, Byrne M, Lamare MD",2014,NA,NA,Zooplankton,Meroplankton,Echinodermata,Centrostephanus rodgersii,T,200,200,506,21,511,24,Fertilization,positive,%,Reproduction,81.94,42.85067094,90.15,67.88225099,0.095,0.0042,NA,NA,Yes,NA,NA,NA,,5,3,Pecorino_D_Barker_MF_Dworjanyn_SA_Byrne_M_Lamare_MD,NA,Centrostephanus_rodgersii,Echinodermata,2014,506,21,200,Pecorino_D_Barker_MF_Dworjanyn_SA_Byrne_M_Lamare_MD__2014__NA,ZOO_STUDY_0411,ZOO_ES_000772,ZOO_STUDY_0411__Centrostephanus_rodgersii__Echinodermata__CO2506.00__T21.00__NC200,ZOO_COMMON_00710,0.09548767753060133,0.004202379567982967,15.425965718070145,2.75
Alter et al. 2024,"Pimentel MS, Faleiro F, Dionísio G, Repolho T, Pousão P, Machado J, Rosa R",2014,NA,NA,Zooplankton,Meroplankton,Fish larvae,Solea senegalensis,T,3,3,400,18.2,425,22,larval survival,positive,%,Survival,45.5993,0.03273576,38.764,0.028059223,-0.1624,1e-4,NA,NA,Yes,NA,NA,NA,,25,3.8000000000000007,Pimentel_MS_Faleiro_F_Dion_sio_G_Repolho_T_Pous_o_P_Machado_J_Rosa_R,NA,Solea_senegalensis,Fish_larvae,2014,400,18.2,3,Pimentel_MS_Faleiro_F_Dion_sio_G_Repolho_T_Pous_o_P_Machado_J_Rosa_R__2014__NA,ZOO_STUDY_0419,ZOO_ES_000797,ZOO_STUDY_0419__Solea_senegalensis__Fish_larvae__CO2400.00__T18.20__NC3,ZOO_COMMON_00720,-0.16240038465301784,3.464454223399449e-7,1698.9577792390185,2.5
Alter et al. 2024,"Pimentel MS, Faleiro F, Dionísio G, Repolho T, Pousão P, Machado J, Rosa R",2014,NA,NA,Zooplankton,Meroplankton,Fish larvae,Solea senegalensis,T,60,60,400,18.2,425,22,otolith area,ambiguous,mm²,Growth,564.5161,6.738991022,1782.2581,4.838905393,1.1497,1e-4,NA,NA,Yes,NA,NA,NA,,25,3.8000000000000007,Pimentel_MS_Faleiro_F_Dion_sio_G_Repolho_T_Pous_o_P_Machado_J_Rosa_R,NA,Solea_senegalensis,Fish_larvae,2014,400,18.2,60,Pimentel_MS_Faleiro_F_Dion_sio_G_Repolho_T_Pous_o_P_Machado_J_Rosa_R__2014__NA,ZOO_STUDY_0419,ZOO_ES_000800,ZOO_STUDY_0419__Solea_senegalensis__Fish_larvae__CO2400.00__T18.20__NC60,ZOO_COMMON_00722,1.1496675308064686,2.4979790908420395e-6,632.7113141531927,4.25
Alter et al. 2024,"Pimentel MS, Faleiro F, Dionísio G, Repolho T, Pousão P, Machado J, Rosa R",2014,NA,NA,Zooplankton,Meroplankton,Fish larvae,Solea senegalensis,T,9,9,400,18.2,425,22,oxygen consumption rates (hatchling),ambiguous,µmol O2 g-1 h-1 WW,Physiology,27.7941,0.09,36.1765,0.0588,0.2636,1e-4,NA,NA,Yes,NA,NA,NA,,25,3.8000000000000007,Pimentel_MS_Faleiro_F_Dion_sio_G_Repolho_T_Pous_o_P_Machado_J_Rosa_R,NA,Solea_senegalensis,Fish_larvae,2014,400,18.2,9,Pimentel_MS_Faleiro_F_Dion_sio_G_Repolho_T_Pous_o_P_Machado_J_Rosa_R__2014__NA,ZOO_STUDY_0419,ZOO_ES_000804,ZOO_STUDY_0419__Solea_senegalensis__Fish_larvae__CO2400.00__T18.20__NC9,ZOO_COMMON_00723,0.26358596880135643,1.4585648831351328e-6,828.0129391118147,4.25
Alter et al. 2024,"Pimentel MS, Faleiro F, Dionísio G, Repolho T, Pousão P, Machado J, Rosa R",2014,NA,NA,Zooplankton,Meroplankton,Fish larvae,Solea senegalensis,T,9,9,400,18.2,425,22,oxygen consumption rates (postlarva),ambiguous,µmol O2 g-1 h-1 WW,Physiology,22.9412,0.09,34.8529,0.0663,0.4182,1e-4,NA,NA,Yes,NA,NA,NA,,25,3.8000000000000007,Pimentel_MS_Faleiro_F_Dion_sio_G_Repolho_T_Pous_o_P_Machado_J_Rosa_R,NA,Solea_senegalensis,Fish_larvae,2014,400,18.2,9,Pimentel_MS_Faleiro_F_Dion_sio_G_Repolho_T_Pous_o_P_Machado_J_Rosa_R__2014__NA,ZOO_STUDY_0419,ZOO_ES_000807,ZOO_STUDY_0419__Solea_senegalensis__Fish_larvae__CO2400.00__T18.20__NC9,ZOO_COMMON_00723,0.4182019268097975,2.1121303270968236e-6,688.081123508941,4.25
Alter et al. 2024,"Pimentel MS, Faleiro F, Machado J, Pousao-Ferreira P, Rosa R",2020,NA,NA,Zooplankton,Meroplankton,Fish larvae,Sparus aurata,T,12,12,342,18.4,337,22.3,Heart rates,ambiguous,beats per min,Physiology,98.8,11.08512517,128.2,7.967433715,0.2605,0.0014,NA,NA,Yes,NA,NA,NA,,-5,3.900000000000002,Pimentel_MS_Faleiro_F_Machado_J_Pousao_Ferreira_P_Rosa_R,NA,Sparus_aurata,Fish_larvae,2020,342,18.4,12,Pimentel_MS_Faleiro_F_Machado_J_Pousao_Ferreira_P_Rosa_R__2020__NA,ZOO_STUDY_0421,ZOO_ES_000820,ZOO_STUDY_0421__Sparus_aurata__Fish_larvae__CO2342.00__T18.40__NC12,ZOO_COMMON_00726,0.2604939397327474,0.0013708949029496782,27.008341676782894,3.5
Alter et al. 2024,"Pimentel MS, Faleiro F, Machado J, Pousao-Ferreira P, Rosa R",2020,NA,NA,Zooplankton,Meroplankton,Fish larvae,Sparus aurata,T,9,9,342,18.4,337,22.3,Oxygen consumption rate,ambiguous,umol O2 h-1mgWW-1,Physiology,29.8,2.4,36.6,2.4,0.2055,0.0012,NA,NA,Yes,NA,NA,NA,,-5,3.900000000000002,Pimentel_MS_Faleiro_F_Machado_J_Pousao_Ferreira_P_Rosa_R,NA,Sparus_aurata,Fish_larvae,2020,342,18.4,9,Pimentel_MS_Faleiro_F_Machado_J_Pousao_Ferreira_P_Rosa_R__2020__NA,ZOO_STUDY_0421,ZOO_ES_000821,ZOO_STUDY_0421__Sparus_aurata__Fish_larvae__CO2342.00__T18.40__NC9,ZOO_COMMON_00728,0.2055398468959619,0.0011984570768981176,28.88608985570896,3.5
Alter et al. 2024,"Pimentel MS, Faleiro F, Machado J, Pousao-Ferreira P, Rosa R",2020,NA,NA,Zooplankton,Meroplankton,Fish larvae,Sparus aurata,T,3,3,342,18.4,337,22.3,Citrate synthase activity,ambiguous,U mg protein-1,Physiology,1.85,0.433012702,2.08,0.190525589,0.1172,0.0396,NA,NA,Yes,NA,NA,NA,,-5,3.900000000000002,Pimentel_MS_Faleiro_F_Machado_J_Pousao_Ferreira_P_Rosa_R,NA,Sparus_aurata,Fish_larvae,2020,342,18.4,3,Pimentel_MS_Faleiro_F_Machado_J_Pousao_Ferreira_P_Rosa_R__2020__NA,ZOO_STUDY_0421,ZOO_ES_000822,ZOO_STUDY_0421__Sparus_aurata__Fish_larvae__CO2342.00__T18.40__NC3,ZOO_COMMON_00727,0.11718225462299321,0.021058287306376152,6.891098801512133,2
Alter et al. 2024,"Pimentel MS, Faleiro F, Machado J, Pousão-Ferreira P, Rosa R",2019,NA,NA,Zooplankton,Meroplankton,Fish larvae,Sparus aurata,T,12,12,342,18.4,337,22.3,Routine heart rates,ambiguous,Beats/min,Physiology,98.4,3.186973486,127.3,3.200137072,0.2575,1e-4,NA,NA,Yes,NA,NA,NA,,-5,3.900000000000002,Pimentel_MS_Faleiro_F_Machado_J_Pous_o_Ferreira_P_Rosa_R,NA,Sparus_aurata,Fish_larvae,2019,342,18.4,12,Pimentel_MS_Faleiro_F_Machado_J_Pous_o_Ferreira_P_Rosa_R__2019__NA,ZOO_STUDY_0420,ZOO_ES_000829,ZOO_STUDY_0420__Sparus_aurata__Fish_larvae__CO2342.00__T18.40__NC12,ZOO_COMMON_00724,0.2575057015051531,1.4007711192947777e-4,84.49215955666308,4.25
Alter et al. 2024,"Pimentel MS, Faleiro F, Machado J, Pousão-Ferreira P, Rosa R",2019,NA,NA,Zooplankton,Meroplankton,Fish larvae,Sparus aurata,T,9,9,342,18.4,337,22.3,Oxygen consumption rate,ambiguous,µmol O2 h-1 g-1,Physiology,29.7711,2.58,36.7811,2.1459,0.2114,0.0012,NA,NA,Yes,NA,NA,NA,,-5,3.900000000000002,Pimentel_MS_Faleiro_F_Machado_J_Pous_o_Ferreira_P_Rosa_R,NA,Sparus_aurata,Fish_larvae,2019,342,18.4,9,Pimentel_MS_Faleiro_F_Machado_J_Pous_o_Ferreira_P_Rosa_R__2019__NA,ZOO_STUDY_0420,ZOO_ES_000830,ZOO_STUDY_0420__Sparus_aurata__Fish_larvae__CO2342.00__T18.40__NC9,ZOO_COMMON_00725,0.21144600199274258,0.0012126678934864256,28.716338254293465,3.5
Alter et al. 2024,"Pimentel, Filipa Faleiro, Mário Diniz, Jorge Machado, Pedro Pousão-
Ferreira, Myron A. Peck, Hans O. Pörtner, Rui Rosa",2015,NA,NA,Zooplankton,Meroplankton,Fish larvae,Solea senegalensis,T,9,9,400,18.2,424,22,Oxygen consumption rate at 30 dph,ambiguous,?mol O2 h-1 g-1,Physiology,22.8,3.69,34.7,3.9,0.42,0.0043,NA,NA,Yes,NA,NA,NA,,24,3.8000000000000007,Pimentel_Filipa_Faleiro_M_rio_Diniz_Jorge_Machado_Pedro_Pous_o_Ferreira_Myron_A_Peck_Hans_O_P_rtner_Rui_Rosa,NA,Solea_senegalensis,Fish_larvae,2015,400,18.2,9,Pimentel_Filipa_Faleiro_M_rio_Diniz_Jorge_Machado_Pedro_Pous_o_Ferreira_Myron_A_Peck_Hans_O_P_rtner_Rui_Rosa__2015__NA,ZOO_STUDY_0418,ZOO_ES_000835,ZOO_STUDY_0418__Solea_senegalensis__Fish_larvae__CO2400.00__T18.20__NC9,ZOO_COMMON_00719,0.41997915099241856,0.004313868128110632,15.2253248489896,2.75
Alter et al. 2024,"Pitts KA, Campbell JE, Figueiredo J, Fogarty ND",2020,NA,NA,Zooplankton,Meroplankton,Cnidaria,Orbicella faveolata,T,3,3,419,28.3,415,29.9,Fertilization,positive,%,Reproduction,88.07,2.823242816,86.99,6.096818843,-0.012,0.002,NA,NA,Yes,NA,NA,NA,,-4,1.5999999999999979,Pitts_KA_Campbell_JE_Figueiredo_J_Fogarty_ND,NA,Orbicella_faveolata,Cnidaria,2020,419,28.3,3,Pitts_KA_Campbell_JE_Figueiredo_J_Fogarty_ND__2020__NA,ZOO_STUDY_0422,ZOO_ES_000838,ZOO_STUDY_0422__Orbicella_faveolata__Cnidaria__CO2419.00__T28.30__NC3,ZOO_COMMON_00729,-0.012338783297918734,0.001979915631919235,22.473807559938805,3.5
Alter et al. 2024,"Pitts KA, Campbell JE, Figueiredo J, Fogarty ND",2020,NA,NA,Zooplankton,Meroplankton,Cnidaria,Orbicella faveolata,T,3,3,419,28.3,415,29.9,Survival,positive,%,Survival,56.2,2.771281292,8.3,2.078460969,-1.913,0.0217,NA,NA,Yes,NA,NA,NA,,-4,1.5999999999999979,Pitts_KA_Campbell_JE_Figueiredo_J_Fogarty_ND,NA,Orbicella_faveolata,Cnidaria,2020,419,28.3,3,Pitts_KA_Campbell_JE_Figueiredo_J_Fogarty_ND__2020__NA,ZOO_STUDY_0422,ZOO_ES_000842,ZOO_STUDY_0422__Orbicella_faveolata__Cnidaria__CO2419.00__T28.30__NC3,ZOO_COMMON_00729,-1.9126612420970932,0.02171341537707957,6.786344929572761,2
Alter et al. 2024,"Pope EC, Ellis RP, Scolamacchia M, Scolding JWS, Keay A, Chingombe P, Shields RJ, Wilcox R, Speirs DC, Wilson RW, Lewis C, Flynn KJ",2014,NA,NA,Zooplankton,Meroplankton,Fish larvae,Dicentrarchus labrax,T,3,3,598.3299999999999,17,586,18.9,daily mortality rate,negative,n*d-1,Survival,0.0656,0.019225764,0.0204,0.004849742,1.1701,0.0469,NA,NA,Yes,NA,NA,NA,,-12.329999999999927,1.8999999999999986,Pope_EC_Ellis_RP_Scolamacchia_M_Scolding_JWS_Keay_A_Chingombe_P_Shields_RJ_Wilcox_R_Speirs_DC_Wilson_RW_Lewis_C_Flynn_KJ,NA,Dicentrarchus_labrax,Fish_larvae,2014,598.3299999999999,17,3,Pope_EC_Ellis_RP_Scolamacchia_M_Scolding_JWS_Keay_A_Chingombe_P_Shields_RJ_Wilcox_R_Speirs_DC_Wilson_RW_Lewis_C_Flynn_KJ__2014__NA,ZOO_STUDY_0423,ZOO_ES_000847,ZOO_STUDY_0423__Dicentrarchus_labrax__Fish_larvae__CO2598.33__T17.00__NC3,ZOO_COMMON_00731,-1.1680407950998726,0.047470022341328216,4.589763225525196,2
Alter et al. 2024,"Pope EC, Ellis RP, Scolamacchia M, Scolding JWS, Keay A, Chingombe P, Shields RJ, Wilcox R, Speirs DC, Wilson RW, Lewis C, Flynn KJ",2014,NA,NA,Zooplankton,Meroplankton,Fish larvae,Dicentrarchus labrax,T,10,10,598.3299999999999,17,586,18.9,C:N ratios (42 days),ambiguous,NA,Physiology,3.8459,0.474341649,3.6557,0.029409182,-0.0507,0.0015,NA,NA,Yes,NA,NA,NA,,-12.329999999999927,1.8999999999999986,Pope_EC_Ellis_RP_Scolamacchia_M_Scolding_JWS_Keay_A_Chingombe_P_Shields_RJ_Wilcox_R_Speirs_DC_Wilson_RW_Lewis_C_Flynn_KJ,NA,Dicentrarchus_labrax,Fish_larvae,2014,598.3299999999999,17,10,Pope_EC_Ellis_RP_Scolamacchia_M_Scolding_JWS_Keay_A_Chingombe_P_Shields_RJ_Wilcox_R_Speirs_DC_Wilson_RW_Lewis_C_Flynn_KJ__2014__NA,ZOO_STUDY_0423,ZOO_ES_000852,ZOO_STUDY_0423__Dicentrarchus_labrax__Fish_larvae__CO2598.33__T17.00__NC10,ZOO_COMMON_00730,-0.05072005245623984,0.001527672587318153,25.584966765097356,3.5
Alter et al. 2024,"Pope EC, Ellis RP, Scolamacchia M, Scolding JWS, Keay A, Chingombe P, Shields RJ, Wilcox R, Speirs DC, Wilson RW, Lewis C, Flynn KJ",2014,NA,NA,Zooplankton,Meroplankton,Fish larvae,Dicentrarchus labrax,T,10,10,598.3299999999999,17,586,18.9,eye diameter (42 days),ambiguous,um,Growth,768,44.27188724,922,113.8419958,0.1828,0.0019,NA,NA,Yes,NA,NA,NA,,-12.329999999999927,1.8999999999999986,Pope_EC_Ellis_RP_Scolamacchia_M_Scolding_JWS_Keay_A_Chingombe_P_Shields_RJ_Wilcox_R_Speirs_DC_Wilson_RW_Lewis_C_Flynn_KJ,NA,Dicentrarchus_labrax,Fish_larvae,2014,598.3299999999999,17,10,Pope_EC_Ellis_RP_Scolamacchia_M_Scolding_JWS_Keay_A_Chingombe_P_Shields_RJ_Wilcox_R_Speirs_DC_Wilson_RW_Lewis_C_Flynn_KJ__2014__NA,ZOO_STUDY_0423,ZOO_ES_000853,ZOO_STUDY_0423__Dicentrarchus_labrax__Fish_larvae__CO2598.33__T17.00__NC10,ZOO_COMMON_00730,0.1827554904089216,0.0018568577386599938,23.2065555101173,3.5
Alter et al. 2024,"Putnam HM, Mayfield AB, Fan TY, Chen CS, Gates RD",2013,NA,NA,Zooplankton,Meroplankton,Cnidaria,Pocillopora damicornis ,T,3,4,420,25.3,413,29,Respiration,ambiguous,nmol O2 larva-1 min-1,Physiology,0.1,0.017320508,0.08,0.02,-0.304,0.0469,NA,NA,Yes,NA,NA,NA,,-7,3.6999999999999993,Putnam_HM_Mayfield_AB_Fan_TY_Chen_CS_Gates_RD,NA,Pocillopora_damicornis,Cnidaria,2013,420,25.3,3,Putnam_HM_Mayfield_AB_Fan_TY_Chen_CS_Gates_RD__2013__NA,ZOO_STUDY_0427,ZOO_ES_000859,ZOO_STUDY_0427__Pocillopora_damicornis__Cnidaria__CO2420.00__T25.30__NC3,ZOO_COMMON_00736,-0.22314355131420985,0.02562499991260213,6.24695048619732,2
Alter et al. 2024,"Putnam HM, Mayfield AB, Fan TY, Chen CS, Gates RD",2013,NA,NA,Zooplankton,Meroplankton,Cnidaria,Pocillopora damicornis ,T,3,4,420,25.3,413,29,RNA/DNA,ambiguous,ratio,Physiology,0.96,0.744781847,0.82,0.44,-0.155,0.2714,NA,NA,Yes,NA,NA,NA,,-7,3.6999999999999993,Putnam_HM_Mayfield_AB_Fan_TY_Chen_CS_Gates_RD,NA,Pocillopora_damicornis,Cnidaria,2013,420,25.3,3,Putnam_HM_Mayfield_AB_Fan_TY_Chen_CS_Gates_RD__2013__NA,ZOO_STUDY_0427,ZOO_ES_000860,ZOO_STUDY_0427__Pocillopora_damicornis__Cnidaria__CO2420.00__T25.30__NC3,ZOO_COMMON_00736,-0.15762894420358317,0.27261030385267637,1.9152649746054204,2.5
Alter et al. 2024,"Putnam HM, Mayfield AB, Fan TY, Chen CS, Gates RD",2013,NA,NA,Zooplankton,Meroplankton,Cnidaria,Pocillopora damicornis ,T,3,4,420,25.3,413,29,host hsp70 xpression,ambiguous,NA,Physiology,2.94,1.368320138,2.88,1.32,-0.021,0.124,NA,NA,Yes,NA,NA,NA,,-7,3.6999999999999993,Putnam_HM_Mayfield_AB_Fan_TY_Chen_CS_Gates_RD,NA,Pocillopora_damicornis,Cnidaria,2013,420,25.3,3,Putnam_HM_Mayfield_AB_Fan_TY_Chen_CS_Gates_RD__2013__NA,ZOO_STUDY_0427,ZOO_ES_000861,ZOO_STUDY_0427__Pocillopora_damicornis__Cnidaria__CO2420.00__T25.30__NC3,ZOO_COMMON_00736,-0.020619287202735703,0.1247210725298232,2.8315881199513124,2.5
Alter et al. 2024,"Putnam HM, Mayfield AB, Fan TY, Chen CS, Gates RD",2013,NA,NA,Zooplankton,Meroplankton,Cnidaria,Pocillopora damicornis ,T,3,4,420,25.3,413,29,Larval size,positive,mm2,Growth,0.58,0.034641016,0.61,0.08,0.056,0.0055,NA,NA,Yes,NA,NA,NA,,-7,3.6999999999999993,Putnam_HM_Mayfield_AB_Fan_TY_Chen_CS_Gates_RD,NA,Pocillopora_damicornis,Cnidaria,2013,420,25.3,3,Putnam_HM_Mayfield_AB_Fan_TY_Chen_CS_Gates_RD__2013__NA,ZOO_STUDY_0427,ZOO_ES_000862,ZOO_STUDY_0427__Pocillopora_damicornis__Cnidaria__CO2420.00__T25.30__NC3,ZOO_COMMON_00736,0.050430853626891904,0.005488980008212302,13.497526086341166,2.75
Alter et al. 2024,"Putnam HM, Mayfield AB, Fan TY, Chen CS, Gates RD",2013,NA,NA,Zooplankton,Meroplankton,Cnidaria,Pocillopora damicornis ,T,4,4,420,25.3,413,29,Survival,positive,%,Survival,87.18,3.3,73.88,1.56,-0.166,5e-4,NA,NA,Yes,NA,NA,NA,,-7,3.6999999999999993,Putnam_HM_Mayfield_AB_Fan_TY_Chen_CS_Gates_RD,NA,Pocillopora_damicornis,Cnidaria,2013,420,25.3,4,Putnam_HM_Mayfield_AB_Fan_TY_Chen_CS_Gates_RD__2013__NA,ZOO_STUDY_0427,ZOO_ES_000868,ZOO_STUDY_0427__Pocillopora_damicornis__Cnidaria__CO2420.00__T25.30__NC4,ZOO_COMMON_00737,-0.16553279147920746,4.69671282025469e-4,46.14269932453188,4.25
Alter et al. 2024,"Rivest EB, Hofmann GE",2014,NA,NA,Zooplankton,Meroplankton,Cnidaria,Pocillopora damicornis,T,6,6,436,27.5,477,30.7,CS activity (Day 11),ambiguous,µmol larva-1 min-1,Physiology,8271.34,1352.706216,8563.88,1096.783527,0.035,0.0072,NA,NA,Yes,NA,NA,NA,,41,3.1999999999999993,Rivest_EB_Hofmann_GE,NA,Pocillopora_damicornis,Cnidaria,2014,436,27.5,6,Rivest_EB_Hofmann_GE__2014__NA,ZOO_STUDY_0438,ZOO_ES_000882,ZOO_STUDY_0438__Pocillopora_damicornis__Cnidaria__CO2436.00__T27.50__NC6,ZOO_COMMON_00753,0.034756831136547164,0.007191320674261103,11.792222700673486,2.75
Alter et al. 2024,"Rivest EB, Hofmann GE",2014,NA,NA,Zooplankton,Meroplankton,Cnidaria,Pocillopora damicornis,T,6,6,436,27.5,477,30.7,O2 comsumption (Day 11),ambiguous,nmol larva-1 min-1,Physiology,0.09,0.024494897,0.14,0,0.371,0.0041,NA,NA,Yes,NA,NA,NA,,41,3.1999999999999993,Rivest_EB_Hofmann_GE,NA,Pocillopora_damicornis,Cnidaria,2014,436,27.5,6,Rivest_EB_Hofmann_GE__2014__NA,ZOO_STUDY_0438,ZOO_ES_000883,ZOO_STUDY_0438__Pocillopora_damicornis__Cnidaria__CO2436.00__T27.50__NC6,ZOO_COMMON_00753,0.4418327522790394,0.012345678581082492,9.000000157195435,2.75
Alter et al. 2024,"Rivest EB, Kelly MW, DeBiasse MB, Hofmann GE",2018,NA,NA,Zooplankton,Meroplankton,Cnidaria,Pocillopora damicornis,T,20,20,466,28.4,467,31.1,Larval area,positive,mm²,Growth,0.65,0.178885438,0.7,0.134164079,0.074,0.0054,NA,NA,Yes,NA,NA,NA,,1,2.700000000000003,Rivest_EB_Kelly_MW_DeBiasse_MB_Hofmann_GE,NA,Pocillopora_damicornis,Cnidaria,2018,466,28.4,20,Rivest_EB_Kelly_MW_DeBiasse_MB_Hofmann_GE__2018__NA,ZOO_STUDY_0439,ZOO_ES_000889,ZOO_STUDY_0439__Pocillopora_damicornis__Cnidaria__CO2466.00__T28.40__NC20,ZOO_COMMON_00754,0.074107972153721835,0.005623716943514517,13.334854253066755,2.75
Alter et al. 2024,"Rivest EB, Kelly MW, DeBiasse MB, Hofmann GE",2018,NA,NA,Zooplankton,Meroplankton,Cnidaria,Pocillopora damicornis,T,4,4,466,28.4,467,31.1,Symbiodinum density,ambiguous,x10³ cells larva-1,Physiology,8.11,1.48,9.62,2.88,0.17,0.0307,NA,NA,Yes,NA,NA,NA,,1,2.700000000000003,Rivest_EB_Kelly_MW_DeBiasse_MB_Hofmann_GE,NA,Pocillopora_damicornis,Cnidaria,2018,466,28.4,4,Rivest_EB_Kelly_MW_DeBiasse_MB_Hofmann_GE__2018__NA,ZOO_STUDY_0439,ZOO_ES_000890,ZOO_STUDY_0439__Pocillopora_damicornis__Cnidaria__CO2466.00__T28.40__NC4,ZOO_COMMON_00755,0.17074639655029356,0.030732260812844532,5.704305084038707,2
Alter et al. 2024,"Rivest EB, Kelly MW, DeBiasse MB, Hofmann GE",2018,NA,NA,Zooplankton,Meroplankton,Cnidaria,Pocillopora damicornis,T,4,4,466,28.4,467,31.1,Total protein,ambiguous,µg larva-1,Physiology,12.77,2.44,18.91,7.86,0.392,0.0522,NA,NA,Yes,NA,NA,NA,,1,2.700000000000003,Rivest_EB_Kelly_MW_DeBiasse_MB_Hofmann_GE,NA,Pocillopora_damicornis,Cnidaria,2018,466,28.4,4,Rivest_EB_Kelly_MW_DeBiasse_MB_Hofmann_GE__2018__NA,ZOO_STUDY_0439,ZOO_ES_000891,ZOO_STUDY_0439__Pocillopora_damicornis__Cnidaria__CO2466.00__T28.40__NC4,ZOO_COMMON_00755,0.3925922126259183,0.052319079853609105,4.371897299111945,2
Alter et al. 2024,"Rosa R, Trübenbach K, Pimentel MS, Boavida-Portugal J, Faleiro F, Baptista M, Dionisio G, Calado R, Pörtner HO, Repolho T",2014,NA,NA,Zooplankton,Meroplankton,Mollusca,Loligo vulgaris,T,45,45,433,13.2,440,15.1,Abnormalities,positive,%,Development,7.92,2.01246118,10.24,68.69200827,-0.026,0.013,NA,NA,Yes,NA,NA,NA,,7,1.9000000000000004,Rosa_R_Tr_benbach_K_Pimentel_MS_Boavida_Portugal_J_Faleiro_F_Baptista_M_Dionisio_G_Calado_R_P_rtner_HO_Repolho_T,NA,Loligo_vulgaris,Mollusca,2014,433,13.2,45,Rosa_R_Tr_benbach_K_Pimentel_MS_Boavida_Portugal_J_Faleiro_F_Baptista_M_Dionisio_G_Calado_R_P_rtner_HO_Repolho_T__2014__NA,ZOO_STUDY_0441,ZOO_ES_000901,ZOO_STUDY_0441__Loligo_vulgaris__Mollusca__CO2433.00__T13.20__NC45,ZOO_COMMON_00759,0.2569104137850273,1.0014348026066495,0.9992833697717248,2.5
Alter et al. 2024,"Rosa R, Trübenbach K, Pimentel MS, Boavida-Portugal J, Faleiro F, Baptista M, Dionisio G, Calado R, Pörtner HO, Repolho T",2014,NA,NA,Zooplankton,Meroplankton,Mollusca,Loligo vulgaris,T,60,60,433,13.2,440,15.1,LT100,positive,°C,Physiology,32.9,0.542217668,33.09,0.077459667,0.006,1e-4,NA,NA,Yes,NA,NA,NA,,7,1.9000000000000004,Rosa_R_Tr_benbach_K_Pimentel_MS_Boavida_Portugal_J_Faleiro_F_Baptista_M_Dionisio_G_Calado_R_P_rtner_HO_Repolho_T,NA,Loligo_vulgaris,Mollusca,2014,433,13.2,60,Rosa_R_Tr_benbach_K_Pimentel_MS_Boavida_Portugal_J_Faleiro_F_Baptista_M_Dionisio_G_Calado_R_P_rtner_HO_Repolho_T__2014__NA,ZOO_STUDY_0441,ZOO_ES_000902,ZOO_STUDY_0441__Loligo_vulgaris__Mollusca__CO2433.00__T13.20__NC60,ZOO_COMMON_00760,0.005758464162194744,4.618263786807977e-6,465.3295497036854,4.25
Alter et al. 2024,"Rosa R, Trübenbach K, Pimentel MS, Boavida-Portugal J, Faleiro F, Baptista M, Dionisio G, Calado R, Pörtner HO, Repolho T",2014,NA,NA,Zooplankton,Meroplankton,Mollusca,Loligo vulgaris,T,3,3,433,13.2,440,15.1,heat shock protein levels,ambiguous,ng mg-1 wet mass,Physiology,0.32,0.017320508,0.44,0.017320508,0.334,4e-4,NA,NA,Yes,NA,NA,NA,,7,1.9000000000000004,Rosa_R_Tr_benbach_K_Pimentel_MS_Boavida_Portugal_J_Faleiro_F_Baptista_M_Dionisio_G_Calado_R_P_rtner_HO_Repolho_T,NA,Loligo_vulgaris,Mollusca,2014,433,13.2,3,Rosa_R_Tr_benbach_K_Pimentel_MS_Boavida_Portugal_J_Faleiro_F_Baptista_M_Dionisio_G_Calado_R_P_rtner_HO_Repolho_T__2014__NA,ZOO_STUDY_0441,ZOO_ES_000903,ZOO_STUDY_0441__Loligo_vulgaris__Mollusca__CO2433.00__T13.20__NC3,ZOO_COMMON_00758,0.3184537311185346,0.0014930914125705337,25.87955481079293,3.5
Alter et al. 2024,"Rosa R, Trübenbach K, Pimentel MS, Boavida-Portugal J, Faleiro F, Baptista M, Dionisio G, Calado R, Pörtner HO, Repolho T",2014,NA,NA,Zooplankton,Meroplankton,Mollusca,Loligo vulgaris,T,45,45,433,13.2,440,15.1,Abnormalities,positive,%,Development,6.83,2.482035455,32.9,220.6999094,-0.328,0.2405,NA,NA,Yes,NA,NA,NA,,7,1.9000000000000004,Rosa_R_Tr_benbach_K_Pimentel_MS_Boavida_Portugal_J_Faleiro_F_Baptista_M_Dionisio_G_Calado_R_P_rtner_HO_Repolho_T,NA,Loligo_vulgaris,Mollusca,2014,433,13.2,45,Rosa_R_Tr_benbach_K_Pimentel_MS_Boavida_Portugal_J_Faleiro_F_Baptista_M_Dionisio_G_Calado_R_P_rtner_HO_Repolho_T__2014__NA,ZOO_STUDY_0441,ZOO_ES_000904,ZOO_STUDY_0441__Loligo_vulgaris__Mollusca__CO2433.00__T13.20__NC45,ZOO_COMMON_00759,1.5721479841886274,1.0029346888946538,0.9985358773241448,2.5
Alter et al. 2024,"Rosa R, Trübenbach K, Pimentel MS, Boavida-Portugal J, Faleiro F, Baptista M, Dionisio G, Calado R, Pörtner HO, Repolho T",2014,NA,NA,Zooplankton,Meroplankton,Mollusca,Loligo vulgaris,T,45,45,433,13.2,440,15.1,development time,ambiguous,days,Development,27.12,1.073312629,23.63,0.872066511,-0.138,1e-4,NA,NA,Yes,NA,NA,NA,,7,1.9000000000000004,Rosa_R_Tr_benbach_K_Pimentel_MS_Boavida_Portugal_J_Faleiro_F_Baptista_M_Dionisio_G_Calado_R_P_rtner_HO_Repolho_T,NA,Loligo_vulgaris,Mollusca,2014,433,13.2,45,Rosa_R_Tr_benbach_K_Pimentel_MS_Boavida_Portugal_J_Faleiro_F_Baptista_M_Dionisio_G_Calado_R_P_rtner_HO_Repolho_T__2014__NA,ZOO_STUDY_0441,ZOO_ES_000905,ZOO_STUDY_0441__Loligo_vulgaris__Mollusca__CO2433.00__T13.20__NC45,ZOO_COMMON_00759,-0.13775437187337838,6.507281427441347e-5,123.96531983281726,4.25
Alter et al. 2024,"Rosa R, Trübenbach K, Pimentel MS, Boavida-Portugal J, Faleiro F, Baptista M, Dionisio G, Calado R, Pörtner HO, Repolho T",2014,NA,NA,Zooplankton,Meroplankton,Mollusca,Loligo vulgaris,T,60,60,433,13.2,440,15.1,LT100,positive,°C,Physiology,35.06,0.077459667,36.17,0.232379001,0.031,1e-4,NA,NA,Yes,NA,NA,NA,,7,1.9000000000000004,Rosa_R_Tr_benbach_K_Pimentel_MS_Boavida_Portugal_J_Faleiro_F_Baptista_M_Dionisio_G_Calado_R_P_rtner_HO_Repolho_T,NA,Loligo_vulgaris,Mollusca,2014,433,13.2,60,Rosa_R_Tr_benbach_K_Pimentel_MS_Boavida_Portugal_J_Faleiro_F_Baptista_M_Dionisio_G_Calado_R_P_rtner_HO_Repolho_T__2014__NA,ZOO_STUDY_0441,ZOO_ES_000906,ZOO_STUDY_0441__Loligo_vulgaris__Mollusca__CO2433.00__T13.20__NC60,ZOO_COMMON_00760,0.031169166470918108,7.692854579705466e-7,1140.1348966680323,4.25
Alter et al. 2024,"Rosa R, Trübenbach K, Pimentel MS, Boavida-Portugal J, Faleiro F, Baptista M, Dionisio G, Calado R, Pörtner HO, Repolho T",2014,NA,NA,Zooplankton,Meroplankton,Mollusca,Loligo vulgaris,T,45,45,433,13.2,440,15.1,growth rate,positive,% day-1,Growth,4.36,0.402492236,5.15,0.603738354,0.168,5e-4,NA,NA,Yes,NA,NA,NA,,7,1.9000000000000004,Rosa_R_Tr_benbach_K_Pimentel_MS_Boavida_Portugal_J_Faleiro_F_Baptista_M_Dionisio_G_Calado_R_P_rtner_HO_Repolho_T,NA,Loligo_vulgaris,Mollusca,2014,433,13.2,45,Rosa_R_Tr_benbach_K_Pimentel_MS_Boavida_Portugal_J_Faleiro_F_Baptista_M_Dionisio_G_Calado_R_P_rtner_HO_Repolho_T__2014__NA,ZOO_STUDY_0441,ZOO_ES_000907,ZOO_STUDY_0441__Loligo_vulgaris__Mollusca__CO2433.00__T13.20__NC45,ZOO_COMMON_00759,0.1665246573147019,4.947790731673343e-4,44.95669108122153,4.25
Alter et al. 2024,"Rosa R, Trübenbach K, Pimentel MS, Boavida-Portugal J, Faleiro F, Baptista M, Dionisio G, Calado R, Pörtner HO, Repolho T",2014,NA,NA,Zooplankton,Meroplankton,Mollusca,Loligo vulgaris,T,3,3,433,13.2,440,15.1,heat shock protein levels,ambiguous,ng mg-1 wet mass,Physiology,0.36,0.08660254,0.44,0.034641016,0.197,0.0178,NA,NA,Yes,NA,NA,NA,,7,1.9000000000000004,Rosa_R_Tr_benbach_K_Pimentel_MS_Boavida_Portugal_J_Faleiro_F_Baptista_M_Dionisio_G_Calado_R_P_rtner_HO_Repolho_T,NA,Loligo_vulgaris,Mollusca,2014,433,13.2,3,Rosa_R_Tr_benbach_K_Pimentel_MS_Boavida_Portugal_J_Faleiro_F_Baptista_M_Dionisio_G_Calado_R_P_rtner_HO_Repolho_T__2014__NA,ZOO_STUDY_0441,ZOO_ES_000908,ZOO_STUDY_0441__Loligo_vulgaris__Mollusca__CO2433.00__T13.20__NC3,ZOO_COMMON_00758,0.20067069546215124,0.02135623897262049,6.842859359024325,2
Alter et al. 2024,"Rosa R, Trübenbach K, Pimentel MS, Boavida-Portugal J, Faleiro F, Baptista M, Dionisio G, Calado R, Pörtner HO, Repolho T",2014,NA,NA,Zooplankton,Meroplankton,Mollusca,Loligo vulgaris,T,45,45,433,13.2,440,15.1,Survival,positive,%,Survival,96.29,0.939148551,93.06,0.670820393,-0.034,1e-4,NA,NA,Yes,NA,NA,NA,,7,1.9000000000000004,Rosa_R_Tr_benbach_K_Pimentel_MS_Boavida_Portugal_J_Faleiro_F_Baptista_M_Dionisio_G_Calado_R_P_rtner_HO_Repolho_T,NA,Loligo_vulgaris,Mollusca,2014,433,13.2,45,Rosa_R_Tr_benbach_K_Pimentel_MS_Boavida_Portugal_J_Faleiro_F_Baptista_M_Dionisio_G_Calado_R_P_rtner_HO_Repolho_T__2014__NA,ZOO_STUDY_0441,ZOO_ES_000918,ZOO_STUDY_0441__Loligo_vulgaris__Mollusca__CO2433.00__T13.20__NC45,ZOO_COMMON_00759,-0.034120024835690155,3.2686576670365825e-6,553.1148019032253,4.25
Alter et al. 2024,"Schutter M, Nozawa Y, Kurihara H",2015,NA,NA,Zooplankton,Meroplankton,Cnidaria,Acropora hyacinthus,T,5,5,404,27,446,31,Fertilization,positive,%,Reproduction,41.89,5.634891303,20.72,5.187677708,-0.704,0.0161,NA,NA,Yes,NA,NA,NA,,42,4,Schutter_M_Nozawa_Y_Kurihara_H,NA,Acropora_hyacinthus,Cnidaria,2015,404,27,5,Schutter_M_Nozawa_Y_Kurihara_H__2015__NA,ZOO_STUDY_0460,ZOO_ES_000927,ZOO_STUDY_0460__Acropora_hyacinthus__Cnidaria__CO2404.00__T27.00__NC5,ZOO_COMMON_00796,-0.7039477175676613,0.01615601351977307,7.867430154776006,2.75
Alter et al. 2024,"Schutter M, Nozawa Y, Kurihara H",2015,NA,NA,Zooplankton,Meroplankton,Cnidaria,Platygyra contorta,T,5,5,550,27,558,31,Fertilization,positive,%,Reproduction,97.3,1.118033989,74.55,5.187677708,-0.266,0.001,NA,NA,Yes,NA,NA,NA,,8,4,Schutter_M_Nozawa_Y_Kurihara_H,NA,Platygyra_contorta,Cnidaria,2015,550,27,5,Schutter_M_Nozawa_Y_Kurihara_H__2015__NA,ZOO_STUDY_0460,ZOO_ES_000928,ZOO_STUDY_0460__Platygyra_contorta__Cnidaria__CO2550.00__T27.00__NC5,ZOO_COMMON_00798,-0.2663289479812119,9.948644515456553e-4,31.704290852433022,3.5
Alter et al. 2024,"Schutter M, Nozawa Y, Kurihara H",2015,NA,NA,Zooplankton,Meroplankton,Cnidaria,Acropora hyacinthus,T,5,5,478,27,526,31,Fertilization,positive,%,Reproduction,98.65,0.894427191,98.42,0.223606798,-0.002,1e-4,NA,NA,Yes,NA,NA,NA,,48,4,Schutter_M_Nozawa_Y_Kurihara_H,NA,Acropora_hyacinthus,Cnidaria,2015,478,27,5,Schutter_M_Nozawa_Y_Kurihara_H__2015__NA,ZOO_STUDY_0460,ZOO_ES_000929,ZOO_STUDY_0460__Acropora_hyacinthus__Cnidaria__CO2478.00__T27.00__NC5,ZOO_COMMON_00797,-0.002334197030792206,1.7473273182119555e-5,239.22847212132868,4.25
Alter et al. 2024,"Sheppard Brennand H, Soars N, Dworjanyn SA, Davis AR, Byrne M",2010,NA,NA,Zooplankton,Meroplankton,Echinodermata,Tripneustes gratilla,T,35,35,448,23.5,455,26.1,Arm asymmetry,negative,µm,Development,7.3,6.803491751,12.16,6.803491751,-0.511,0.0339,NA,NA,Yes,NA,NA,NA,,7,2.6000000000000014,Sheppard_Brennand_H_Soars_N_Dworjanyn_SA_Davis_AR_Byrne_M,NA,Tripneustes_gratilla,Echinodermata,2010,448,23.5,35,Sheppard_Brennand_H_Soars_N_Dworjanyn_SA_Davis_AR_Byrne_M__2010__NA,ZOO_STUDY_0466,ZOO_ES_000941,ZOO_STUDY_0466__Tripneustes_gratilla__Echinodermata__CO2448.00__T23.50__NC35,ZOO_COMMON_00808,0.5102775283836756,0.0337609717171497,5.442425977944057,2
Alter et al. 2024,"Sheppard Brennand H, Soars N, Dworjanyn SA, Davis AR, Byrne M",2010,NA,NA,Zooplankton,Meroplankton,Echinodermata,Tripneustes gratilla,T,35,35,448,23.5,455,26.1,Arm length,positive,µm,Growth,138.67,47.32863826,178.67,23.66431913,0.253,0.0038,NA,NA,Yes,NA,NA,NA,,7,2.6000000000000014,Sheppard_Brennand_H_Soars_N_Dworjanyn_SA_Davis_AR_Byrne_M,NA,Tripneustes_gratilla,Echinodermata,2010,448,23.5,35,Sheppard_Brennand_H_Soars_N_Dworjanyn_SA_Davis_AR_Byrne_M__2010__NA,ZOO_STUDY_0466,ZOO_ES_000942,ZOO_STUDY_0466__Tripneustes_gratilla__Echinodermata__CO2448.00__T23.50__NC35,ZOO_COMMON_00808,0.25344351917930297,0.003829448867800324,16.159646735795715,3.5
Alter et al. 2024,"Small DP, Calosi P, Boothroyd D, Widdicombe S, Spicer J",2015,NA,NA,Zooplankton,Meroplankton,Arthropoda,Homarus americanus,T,18,18,454,17.2,426,21.3,length,positive,mm,Growth,13.31,1.527350647,12.15,0.67882251,-0.091,9e-4,NA,NA,Yes,NA,NA,NA,,-28,4.100000000000001,Small_DP_Calosi_P_Boothroyd_D_Widdicombe_S_Spicer_J,NA,Homarus_americanus,Arthropoda,2015,454,17.2,18,Small_DP_Calosi_P_Boothroyd_D_Widdicombe_S_Spicer_J__2015__NA,ZOO_STUDY_0472,ZOO_ES_000951,ZOO_STUDY_0472__Homarus_americanus__Arthropoda__CO2454.00__T17.20__NC18,ZOO_COMMON_00817,-0.09118646262046282,9.04973512191466e-4,33.24161123195675,3.5
Alter et al. 2024,"Small DP, Calosi P, Boothroyd D, Widdicombe S, Spicer J",2015,NA,NA,Zooplankton,Meroplankton,Arthropoda,Homarus americanus,T,9,9,454,17.2,426,21.3,Carapace [Ca2+],ambiguous,(mmol mg-1),Physiology,3.81,0.93,4.03,0.48,0.057,0.0081,NA,NA,Yes,NA,NA,NA,,-28,4.100000000000001,Small_DP_Calosi_P_Boothroyd_D_Widdicombe_S_Spicer_J,NA,Homarus_americanus,Arthropoda,2015,454,17.2,9,Small_DP_Calosi_P_Boothroyd_D_Widdicombe_S_Spicer_J__2015__NA,ZOO_STUDY_0472,ZOO_ES_000952,ZOO_STUDY_0472__Homarus_americanus__Arthropoda__CO2454.00__T17.20__NC9,ZOO_COMMON_00819,0.05613718681998199,0.008196502787779811,11.04550825419089,2.75
Alter et al. 2024,"Small DP, Calosi P, Boothroyd D, Widdicombe S, Spicer J",2015,NA,NA,Zooplankton,Meroplankton,Arthropoda,Homarus americanus,T,6,6,454,17.2,426,21.3,Survival,positive,%,Survival,7.77,4.066152973,19.51,12.17396402,0.921,0.1105,NA,NA,Yes,NA,NA,NA,,-28,4.100000000000001,Small_DP_Calosi_P_Boothroyd_D_Widdicombe_S_Spicer_J,NA,Homarus_americanus,Arthropoda,2015,454,17.2,6,Small_DP_Calosi_P_Boothroyd_D_Widdicombe_S_Spicer_J__2015__NA,ZOO_STUDY_0472,ZOO_ES_000956,ZOO_STUDY_0472__Homarus_americanus__Arthropoda__CO2454.00__T17.20__NC6,ZOO_COMMON_00818,0.9206569902554639,0.11053605320503779,3.0077935465620698,2.5
Alter et al. 2024,"Sparks, Foo, Uthicke, Byrne, Lamare",2017,NA,NA,Zooplankton,Meroplankton,Echinodermata,Acanthaster planci,T,75,75,491,28,564,30,Gastrulation,ambiguous,%,Development,69.86531987,1.185803587,28.61952862,0.563742683,-0.892,0,NA,NA,Yes,NA,NA,NA,,73,2,Sparks_Foo_Uthicke_Byrne_Lamare,NA,Acanthaster_planci,Echinodermata,2017,491,28,75,Sparks_Foo_Uthicke_Byrne_Lamare__2017__NA,ZOO_STUDY_0476,ZOO_ES_000958,ZOO_STUDY_0476__Acanthaster_planci__Echinodermata__CO2491.00__T28.00__NC75,ZOO_COMMON_00824,-0.8924800832309537,9.014365104080184e-6,333.06763091537186,4.25
Alter et al. 2024,"Sparks, Foo, Uthicke, Byrne, Lamare",2017,NA,NA,Zooplankton,Meroplankton,Echinodermata,Acanthaster planci,T,75,75,491,28,518,30,Gastrulation,ambiguous,%,Development,69.86531987,1.185803587,59.25925926,0.894212539,-0.165,0,NA,NA,Yes,NA,NA,NA,,27,2,Sparks_Foo_Uthicke_Byrne_Lamare,NA,Acanthaster_planci,Echinodermata,2017,491,28,75,Sparks_Foo_Uthicke_Byrne_Lamare__2017__NA,ZOO_STUDY_0476,ZOO_ES_000959,ZOO_STUDY_0476__Acanthaster_planci__Echinodermata__CO2491.00__T28.00__NC75,ZOO_COMMON_00824,-0.16464734468708903,6.877012577496062e-6,381.32922490122166,4.25
Alter et al. 2024,"Sswat M, Stiasny MH, Jutfelt F, Riebesell U, Clemmesen C",2018,NA,NA,Zooplankton,Meroplankton,Fish larvae,Clupea harengus,T,30,30,475,10.4,479,12.4,Instantaneous growth rate,positive,none,Growth,0.0123,0.00219089,0.0284,0.004929503,0.8329,0.002,NA,NA,Yes,NA,NA,NA,,4,2,Sswat_M_Stiasny_MH_Jutfelt_F_Riebesell_U_Clemmesen_C,NA,Clupea_harengus,Fish_larvae,2018,475,10.4,30,Sswat_M_Stiasny_MH_Jutfelt_F_Riebesell_U_Clemmesen_C__2018__NA,ZOO_STUDY_0478,ZOO_ES_000963,ZOO_STUDY_0478__Clupea_harengus__Fish_larvae__CO2475.00__T10.40__NC30,ZOO_COMMON_00826,0.8367898827887886,0.0020618363488883427,22.022818731382426,3.5
Alter et al. 2024,"Van Colen C, Jansson A, Saunier A, Lacoue-Labathe T, Vincx M",2018,NA,NA,Zooplankton,Meroplankton,Mollusca,Limecola balthica,T,5,5,681,15,805,18,Hatching,positive,%,Reproduction,38.97,3.465905365,29.66,3.085773809,-0.273,0.0037,NA,NA,Yes,NA,NA,NA,,124,3,Van_Colen_C_Jansson_A_Saunier_A_Lacoue_Labathe_T_Vincx_M,NA,Limecola_balthica,Mollusca,2018,681,15,5,Van_Colen_C_Jansson_A_Saunier_A_Lacoue_Labathe_T_Vincx_M__2018__NA,ZOO_STUDY_0515,ZOO_ES_000978,ZOO_STUDY_0515__Limecola_balthica__Mollusca__CO2681.00__T15.00__NC5,ZOO_COMMON_00893,-0.2729927826408318,0.0037467763439367804,16.33695509154119,3.5
Alter et al. 2024,"Van Colen C, Jansson A, Saunier A, Lacoue-Labathe T, Vincx M",2018,NA,NA,Zooplankton,Meroplankton,Mollusca,Limecola balthica,T,5,5,366,15,440,18,Hatching,positive,%,Reproduction,70.34,6.93181073,61.38,3.085773809,-0.136,0.0025,NA,NA,Yes,NA,NA,NA,,74,3,Van_Colen_C_Jansson_A_Saunier_A_Lacoue_Labathe_T_Vincx_M,NA,Limecola_balthica,Mollusca,2018,366,15,5,Van_Colen_C_Jansson_A_Saunier_A_Lacoue_Labathe_T_Vincx_M__2018__NA,ZOO_STUDY_0515,ZOO_ES_000979,ZOO_STUDY_0515__Limecola_balthica__Mollusca__CO2366.00__T15.00__NC5,ZOO_COMMON_00892,-0.1362565778542463,0.0024477910056932535,20.212164896318896,3.5
Alter et al. 2024,"Van Colen C, Jansson A, Saunier A, Lacoue-Labathe T, Vincx M",2018,NA,NA,Zooplankton,Meroplankton,Mollusca,Limecola balthica,T,5,5,848,15,997,18,Hatching,positive,%,Reproduction,22.07,6.93181073,22.93,5.791416062,0.038,0.0325,NA,NA,Yes,NA,NA,NA,,149,3,Van_Colen_C_Jansson_A_Saunier_A_Lacoue_Labathe_T_Vincx_M,NA,Limecola_balthica,Mollusca,2018,848,15,5,Van_Colen_C_Jansson_A_Saunier_A_Lacoue_Labathe_T_Vincx_M__2018__NA,ZOO_STUDY_0515,ZOO_ES_000980,ZOO_STUDY_0515__Limecola_balthica__Mollusca__CO2848.00__T15.00__NC5,ZOO_COMMON_00894,0.03822687660116798,0.03248787915952818,5.54803662591315,2
Alter et al. 2024,"Van Colen C, Jansson A, Saunier A, Lacoue-Labathe T, Vincx M",2018,NA,NA,Zooplankton,Meroplankton,Mollusca,Limecola balthica,T,5,5,681,15,805,18,Hatching size,positive,µm,Growth,121.93,1.02859127,116.96,1.229837388,-0.042,1e-4,NA,NA,Yes,NA,NA,NA,,124,3,Van_Colen_C_Jansson_A_Saunier_A_Lacoue_Labathe_T_Vincx_M,NA,Limecola_balthica,Mollusca,2018,681,15,5,Van_Colen_C_Jansson_A_Saunier_A_Lacoue_Labathe_T_Vincx_M__2018__NA,ZOO_STUDY_0515,ZOO_ES_001005,ZOO_STUDY_0515__Limecola_balthica__Mollusca__CO2681.00__T15.00__NC5,ZOO_COMMON_00893,-0.04161511357070515,3.634608909235532e-5,165.87126493306656,4.25
Alter et al. 2024,"Van Colen C, Jansson A, Saunier A, Lacoue-Labathe T, Vincx M",2018,NA,NA,Zooplankton,Meroplankton,Mollusca,Limecola balthica,T,5,5,848,15,997,18,Hatching size,positive,µm,Growth,141.35,4.114365079,138.4,3.488266045,-0.021,3e-4,NA,NA,Yes,NA,NA,NA,,149,3,Van_Colen_C_Jansson_A_Saunier_A_Lacoue_Labathe_T_Vincx_M,NA,Limecola_balthica,Mollusca,2018,848,15,5,Van_Colen_C_Jansson_A_Saunier_A_Lacoue_Labathe_T_Vincx_M__2018__NA,ZOO_STUDY_0515,ZOO_ES_001006,ZOO_STUDY_0515__Limecola_balthica__Mollusca__CO2848.00__T15.00__NC5,ZOO_COMMON_00894,-0.021091040956030104,2.965016414973571e-4,58.074629656367584,4.25
Alter et al. 2024,"Van Colen C, Jansson A, Saunier A, Lacoue-Labathe T, Vincx M",2018,NA,NA,Zooplankton,Meroplankton,Mollusca,Limecola balthica,T,5,5,366,15,440,18,Hatching size,positive,µm,Growth,136.2,1.431083506,137.67,1.431083506,0.011,1e-4,NA,NA,Yes,NA,NA,NA,,74,3,Van_Colen_C_Jansson_A_Saunier_A_Lacoue_Labathe_T_Vincx_M,NA,Limecola_balthica,Mollusca,2018,366,15,5,Van_Colen_C_Jansson_A_Saunier_A_Lacoue_Labathe_T_Vincx_M__2018__NA,ZOO_STUDY_0515,ZOO_ES_001007,ZOO_STUDY_0515__Limecola_balthica__Mollusca__CO2366.00__T15.00__NC5,ZOO_COMMON_00892,0.01073512335943973,4.369166026915402e-5,151.28669170848178,4.25
Alter et al. 2024,"Visconti G, Gianguzza F, Butera E, Costa V, Vizzini S, Byrne M, Gianguzza P",2017,NA,NA,Zooplankton,Meroplankton,Echinodermata,Arbacia lixula,T,25,25,418,20.3,427,24.3,Asymmetry,negative,µm,Development,17.86,24.15,29.24,27.3,-0.493,0.1081,NA,NA,Yes,NA,NA,NA,,9,4,Visconti_G_Gianguzza_F_Butera_E_Costa_V_Vizzini_S_Byrne_M_Gianguzza_P,NA,Arbacia_lixula,Echinodermata,2017,418,20.3,25,Visconti_G_Gianguzza_F_Butera_E_Costa_V_Vizzini_S_Byrne_M_Gianguzza_P__2017__NA,ZOO_STUDY_0526,ZOO_ES_001021,ZOO_STUDY_0526__Arbacia_lixula__Echinodermata__CO2418.00__T20.30__NC25,ZOO_COMMON_00916,0.4929740594332247,0.10800430692897542,3.042842425141874,2.5
Alter et al. 2024,"Visconti G, Gianguzza F, Butera E, Costa V, Vizzini S, Byrne M, Gianguzza P",2017,NA,NA,Zooplankton,Meroplankton,Echinodermata,Arbacia lixula,T,25,25,418,20.3,427,24.3,Body length,positive,µm,Growth,97.86,12.45,111.84,12.45,0.134,0.0011,NA,NA,Yes,NA,NA,NA,,9,4,Visconti_G_Gianguzza_F_Butera_E_Costa_V_Vizzini_S_Byrne_M_Gianguzza_P,NA,Arbacia_lixula,Echinodermata,2017,418,20.3,25,Visconti_G_Gianguzza_F_Butera_E_Costa_V_Vizzini_S_Byrne_M_Gianguzza_P__2017__NA,ZOO_STUDY_0526,ZOO_ES_001022,ZOO_STUDY_0526__Arbacia_lixula__Echinodermata__CO2418.00__T20.30__NC25,ZOO_COMMON_00916,0.13353139262452257,0.0011431066225878806,29.577170820889588,3.5
Alter et al. 2024,"Visconti G, Gianguzza F, Butera E, Costa V, Vizzini S, Byrne M, Gianguzza P",2017,NA,NA,Zooplankton,Meroplankton,Echinodermata,Arbacia lixula,T,25,25,418,20.3,395,26.3,Body length,positive,µm,Growth,97.86,12.45,117.44,9.3,0.182,9e-4,NA,NA,Yes,NA,NA,NA,,-23,6,Visconti_G_Gianguzza_F_Butera_E_Costa_V_Vizzini_S_Byrne_M_Gianguzza_P,NA,Arbacia_lixula,Echinodermata,2017,418,20.3,25,Visconti_G_Gianguzza_F_Butera_E_Costa_V_Vizzini_S_Byrne_M_Gianguzza_P__2017__NA,ZOO_STUDY_0526,ZOO_ES_001023,ZOO_STUDY_0526__Arbacia_lixula__Echinodermata__CO2418.00__T20.30__NC25,ZOO_COMMON_00916,0.18238967900522787,8.98261493599664e-4,33.365574613555474,3.5
Alter et al. 2024,"Visconti G, Gianguzza F, Butera E, Costa V, Vizzini S, Byrne M, Gianguzza P",2017,NA,NA,Zooplankton,Meroplankton,Echinodermata,Arbacia lixula,T,25,25,418,20.3,395,26.3,Asymmetry,negative,µm,Development,17.86,24.15,14.11,26.9,0.235,0.2186,NA,NA,Yes,NA,NA,NA,,-23,6,Visconti_G_Gianguzza_F_Butera_E_Costa_V_Vizzini_S_Byrne_M_Gianguzza_P,NA,Arbacia_lixula,Echinodermata,2017,418,20.3,25,Visconti_G_Gianguzza_F_Butera_E_Costa_V_Vizzini_S_Byrne_M_Gianguzza_P__2017__NA,ZOO_STUDY_0526,ZOO_ES_001024,ZOO_STUDY_0526__Arbacia_lixula__Echinodermata__CO2418.00__T20.30__NC25,ZOO_COMMON_00916,-0.23567980958363038,0.21851798641355596,2.139224703005088,2.5
Alter et al. 2024,"Walther K, Anger K, Pörtner HO",2010,NA,NA,Zooplankton,Meroplankton,Arthropoda,Hyas araneus,T,279,279,354,3,346,9,Developmental period zoea 2,ambiguous,days,Development,72.33,112.9142613,19.09,15.19999671,-1.332,0.011,NA,NA,Yes,NA,NA,NA,,-8,6,Walther_K_Anger_K_P_rtner_HO,NA,Hyas_araneus,Arthropoda,2010,354,3,279,Walther_K_Anger_K_P_rtner_HO__2010__NA,ZOO_STUDY_0532,ZOO_ES_001034,ZOO_STUDY_0532__Hyas_araneus__Arthropoda__CO2354.00__T3.00__NC279,ZOO_COMMON_00934,-1.3320743431235331,0.01100719784058107,9.531507935402633,2.75
Alter et al. 2024,"Walther K, Anger K, Pörtner HO",2010,NA,NA,Zooplankton,Meroplankton,Arthropoda,Hyas araneus,T,279,279,354,3,346,9,Developmental period zoea 2,ambiguous,days,Development,59.17,25.05493963,20.72,56.29009771,-1.049,0.0271,NA,NA,Yes,NA,NA,NA,,-8,6,Walther_K_Anger_K_P_rtner_HO,NA,Hyas_araneus,Arthropoda,2010,354,3,279,Walther_K_Anger_K_P_rtner_HO__2010__NA,ZOO_STUDY_0532,ZOO_ES_001035,ZOO_STUDY_0532__Hyas_araneus__Arthropoda__CO2354.00__T3.00__NC279,ZOO_COMMON_00934,-1.0493152392973206,0.027095984152579203,6.075017526022461,2
Alter et al. 2024,"Walther K, Anger K, Pörtner HO",2010,NA,NA,Zooplankton,Meroplankton,Arthropoda,Hyas araneus,T,10,10,354,3,346,9,C:N ratio,ambiguous,NA,Physiology,4.29,1.549516053,5.42,0.790569415,0.234,0.0152,NA,NA,Yes,NA,NA,NA,,-8,6,Walther_K_Anger_K_P_rtner_HO,NA,Hyas_araneus,Arthropoda,2010,354,3,10,Walther_K_Anger_K_P_rtner_HO__2010__NA,ZOO_STUDY_0532,ZOO_ES_001036,ZOO_STUDY_0532__Hyas_araneus__Arthropoda__CO2354.00__T3.00__NC10,ZOO_COMMON_00933,0.2338090825116293,0.015173564220598429,8.1181336415116,2.75
Alter et al. 2024,"Walther K, Anger K, Pörtner HO",2010,NA,NA,Zooplankton,Meroplankton,Arthropoda,Hyas araneus,T,10,10,354,3,346,9,dry weight M14,positive,µg ind-1,Growth,356.48,71.27773846,577.98,89.01811613,0.483,0.0064,NA,NA,Yes,NA,NA,NA,,-8,6,Walther_K_Anger_K_P_rtner_HO,NA,Hyas_araneus,Arthropoda,2010,354,3,10,Walther_K_Anger_K_P_rtner_HO__2010__NA,ZOO_STUDY_0532,ZOO_ES_001037,ZOO_STUDY_0532__Hyas_araneus__Arthropoda__CO2354.00__T3.00__NC10,ZOO_COMMON_00933,0.48326112869872273,0.006370041245088429,12.529359712728926,2.75
Alter et al. 2024,"Walther, Sartoris, Pörtner",2011,NA,NA,Zooplankton,Meroplankton,Arthropoda,Hyas araneus,T,9,9,354,3,346,9,calcium content,ambiguous,mg/l/mg FW,Physiology,2.332,0.678,3.132,0.465,0.295,0.0118,NA,NA,Yes,NA,NA,NA,,-8,6,Walther_Sartoris_P_rtner,NA,Hyas_araneus,Arthropoda,2011,354,3,9,Walther_Sartoris_P_rtner__2011__NA,ZOO_STUDY_0533,ZOO_ES_001054,ZOO_STUDY_0533__Hyas_araneus__Arthropoda__CO2354.00__T3.00__NC9,ZOO_COMMON_00935,0.29494550964031085,0.011841212217220225,9.189712352083015,2.75
Alter et al. 2024,"Walther, Sartoris, Pörtner",2011,NA,NA,Zooplankton,Meroplankton,Arthropoda,Hyas araneus,T,9,9,354,3,346,9,calcium content,ambiguous,mg/l/mg FW,Physiology,4.143,1.089,4.283,0.732,0.033,0.0109,NA,NA,Yes,NA,NA,NA,,-8,6,Walther_Sartoris_P_rtner,NA,Hyas_araneus,Arthropoda,2011,354,3,9,Walther_Sartoris_P_rtner__2011__NA,ZOO_STUDY_0533,ZOO_ES_001055,ZOO_STUDY_0533__Hyas_araneus__Arthropoda__CO2354.00__T3.00__NC9,ZOO_COMMON_00935,0.03323353553796937,0.010922369935381971,9.568449279557585,2.75
Alter et al. 2024,"Watson SA, Bridie J. M. Allan, David E. McQueen, Simon Nicol, Darren M. Parsons, Stephen M. J. Pether, Stephen Pope, Alvin N. Setiawan, Neville Smith, Carly Wilson, Philip L. Munday",2018,NA,NA,Zooplankton,Meroplankton,Fish larvae,Seriola lalandi,T,5,5,462,21.1,538,24.8,Survival at 1 dph,positive,%,Survival,79.4,11.85116028,72.4,5.813776741,-0.0923,0.0057,NA,NA,Yes,NA,NA,NA,,76,3.6999999999999993,Watson_SA_Bridie_J_M_Allan_David_E_McQueen_Simon_Nicol_Darren_M_Parsons_Stephen_M_J_Pether_Stephen_Pope_Alvin_N_Setiawan_Neville_Smith_Carly_Wilson_Philip_L_Munday,NA,Seriola_lalandi,Fish_larvae,2018,462,21.1,5,Watson_SA_Bridie_J_M_Allan_David_E_McQueen_Simon_Nicol_Darren_M_Parsons_Stephen_M_J_Pether_Stephen_Pope_Alvin_N_Setiawan_Neville_Smith_Carly_Wilson_Philip_L_Munday__2018__NA,ZOO_STUDY_0538,ZOO_ES_001062,ZOO_STUDY_0538__Seriola_lalandi__Fish_larvae__CO2462.00__T21.10__NC5,ZOO_COMMON_00941,-0.09229206886141934,0.00574528974090724,13.193014272007684,2.75
Alter et al. 2024,"Watson SA, Bridie J. M. Allan, David E. McQueen, Simon Nicol, Darren M. Parsons, Stephen M. J. Pether, Stephen Pope, Alvin N. Setiawan, Neville Smith, Carly Wilson, Philip L. Munday",2018,NA,NA,Zooplankton,Meroplankton,Fish larvae,Seriola lalandi,T,5,5,462,21.1,538,24.8,Survival from 1 to 25 dph,positive,%,Survival,2.5,1.341640786,1.2,0.447213595,-0.734,0.0854,NA,NA,Yes,NA,NA,NA,,76,3.6999999999999993,Watson_SA_Bridie_J_M_Allan_David_E_McQueen_Simon_Nicol_Darren_M_Parsons_Stephen_M_J_Pether_Stephen_Pope_Alvin_N_Setiawan_Neville_Smith_Carly_Wilson_Philip_L_Munday,NA,Seriola_lalandi,Fish_larvae,2018,462,21.1,5,Watson_SA_Bridie_J_M_Allan_David_E_McQueen_Simon_Nicol_Darren_M_Parsons_Stephen_M_J_Pether_Stephen_Pope_Alvin_N_Setiawan_Neville_Smith_Carly_Wilson_Philip_L_Munday__2018__NA,ZOO_STUDY_0538,ZOO_ES_001066,ZOO_STUDY_0538__Seriola_lalandi__Fish_larvae__CO2462.00__T21.10__NC5,ZOO_COMMON_00941,-0.7339691750802004,0.08537777767274833,3.4223748590771224,2.5
Alter et al. 2024,"Watson SA, Bridie J. M. Allan, David E. McQueen, Simon Nicol, Darren M. Parsons, Stephen M. J. Pether, Stephen Pope, Alvin N. Setiawan, Neville Smith, Carly Wilson, Philip L. Munday",2018,NA,NA,Zooplankton,Meroplankton,Fish larvae,Seriola lalandi,T,180,180,462,21.1,538,24.8,Standard length at 21dph,positive,mm,Growth,7.54,2.549117494,10.46,3.219937888,0.3273,0.0012,NA,NA,Yes,NA,NA,NA,,76,3.6999999999999993,Watson_SA_Bridie_J_M_Allan_David_E_McQueen_Simon_Nicol_Darren_M_Parsons_Stephen_M_J_Pether_Stephen_Pope_Alvin_N_Setiawan_Neville_Smith_Carly_Wilson_Philip_L_Munday,NA,Seriola_lalandi,Fish_larvae,2018,462,21.1,180,Watson_SA_Bridie_J_M_Allan_David_E_McQueen_Simon_Nicol_Darren_M_Parsons_Stephen_M_J_Pether_Stephen_Pope_Alvin_N_Setiawan_Neville_Smith_Carly_Wilson_Philip_L_Munday__2018__NA,ZOO_STUDY_0538,ZOO_ES_001068,ZOO_STUDY_0538__Seriola_lalandi__Fish_larvae__CO2462.00__T21.10__NC180,ZOO_COMMON_00940,0.3273362766169122,0.001161438931693546,29.342817344607738,3.5
Alter et al. 2024,"Watson SA, Bridie J. M. Allan, David E. McQueen, Simon Nicol, Darren M. Parsons, Stephen M. J. Pether, Stephen Pope, Alvin N. Setiawan, Neville Smith, Carly Wilson, Philip L. Munday",2018,NA,NA,Zooplankton,Meroplankton,Fish larvae,Seriola lalandi,T,180,180,462,21.1,538,24.8,Yolk area at 1 dph,ambiguous,mm2,Development,0.136,0.013416408,0.11,0.013416408,-0.2122,1e-4,NA,NA,Yes,NA,NA,NA,,76,3.6999999999999993,Watson_SA_Bridie_J_M_Allan_David_E_McQueen_Simon_Nicol_Darren_M_Parsons_Stephen_M_J_Pether_Stephen_Pope_Alvin_N_Setiawan_Neville_Smith_Carly_Wilson_Philip_L_Munday,NA,Seriola_lalandi,Fish_larvae,2018,462,21.1,180,Watson_SA_Bridie_J_M_Allan_David_E_McQueen_Simon_Nicol_Darren_M_Parsons_Stephen_M_J_Pether_Stephen_Pope_Alvin_N_Setiawan_Neville_Smith_Carly_Wilson_Philip_L_Munday__2018__NA,ZOO_STUDY_0538,ZOO_ES_001070,ZOO_STUDY_0538__Seriola_lalandi__Fish_larvae__CO2462.00__T21.10__NC180,ZOO_COMMON_00940,-0.2121745199436359,1.3671037479507912e-4,85.52621706203925,4.25
Alter et al. 2024,"Zakroff CJ, Mooney TA",2020,NA,NA,Zooplankton,Meroplankton,Mollusca,Doryteuthis pealeii,T,10,10,387,19.5,452,27.5,Yolk-sac volume,ambiguous,mm3,Development,0.03,0.031622777,0.02,0.031622777,-0.511,0.3415,NA,NA,Yes,NA,NA,NA,,65,8,Zakroff_CJ_Mooney_TA,NA,Doryteuthis_pealeii,Mollusca,2020,387,19.5,10,Zakroff_CJ_Mooney_TA__2020__NA,ZOO_STUDY_0556,ZOO_ES_001076,ZOO_STUDY_0556__Doryteuthis_pealeii__Mollusca__CO2387.00__T19.50__NC10,ZOO_COMMON_00967,-0.4054651081081643,0.36111112020812436,1.6641005677149021,2.5
Alter et al. 2024,"Zakroff CJ, Mooney TA",2020,NA,NA,Zooplankton,Meroplankton,Mollusca,Doryteuthis pealeii,T,10,10,387,19.5,452,27.5,Dorsal mantle length,positive,mm,Growth,1.73,0.221359436,1.52,0.316227766,-0.129,0.006,NA,NA,Yes,NA,NA,NA,,65,8,Zakroff_CJ_Mooney_TA,NA,Doryteuthis_pealeii,Mollusca,2020,387,19.5,10,Zakroff_CJ_Mooney_TA__2020__NA,ZOO_STUDY_0556,ZOO_ES_001077,ZOO_STUDY_0556__Doryteuthis_pealeii__Mollusca__CO2387.00__T19.50__NC10,ZOO_COMMON_00967,-0.12941107365150256,0.005965462903124833,12.947261668531727,2.75
Alter et al. 2024,"Zakroff CJ, Mooney TA",2020,NA,NA,Zooplankton,Meroplankton,Mollusca,Doryteuthis pealeii,T,3,3,387,19.5,452,27.5,Time to 50% hatching,ambiguous,days,Development,15.8,0.173205081,9.4,0.346410162,-0.519,5e-4,NA,NA,Yes,NA,NA,NA,,65,8,Zakroff_CJ_Mooney_TA,NA,Doryteuthis_pealeii,Mollusca,2020,387,19.5,3,Zakroff_CJ_Mooney_TA__2020__NA,ZOO_STUDY_0556,ZOO_ES_001078,ZOO_STUDY_0556__Doryteuthis_pealeii__Mollusca__CO2387.00__T19.50__NC3,ZOO_COMMON_00968,-0.519300250756963,4.927512109294432e-4,45.04910320608248,4.25
Hamraj et al. 2021,"Almeda et al.,2011",2011,NA,https://www.researchgate.net/publication/232084670_Metabolic_rates_and_carbon_budget_of_early_developmental_stages_of_the_marine_cyclopoid_copepod_Oithona_davisae,Zooplankton,Holoplankton,Non-calanoid copepod,Oithona davisae,T,3,3,NA,16,NA,20,Respiration (Metabolic rate / oxygen consumption rate of early developmental stages of Oithona davisae),negative,NA,Physiology,0.011210213,0.001995898,0.021451622,0.001475206,0.648975022,0.0121,NA,NA,Yes,NA,NA,NA,,NA,4,Almeda_et_al_2011,NA,Oithona_davisae,Non_calanoid_copepod,2011,NA,16,3,Almeda_et_al_2011__2011__NA,ZOO_STUDY_0016,ZOO_ES_001096,ZOO_STUDY_0016__Oithona_davisae__Non_calanoid_copepod__CO2NA__T16.00__NC3,ZOO_COMMON_00024,0.6489750224351538,0.012142806454989791,9.074871070344345,2.75
Hamraj et al. 2021,"Almeda et al.,2011",2011,NA,https://www.researchgate.net/publication/232084670_Metabolic_rates_and_carbon_budget_of_early_developmental_stages_of_the_marine_cyclopoid_copepod_Oithona_davisae,Zooplankton,Holoplankton,Non-calanoid copepod,Oithona davisae,T,3,3,NA,16,NA,24,Respiration (Metabolic rate / oxygen consumption rate of early developmental stages of Oithona davisae),negative,NA,Physiology,0.011210213,0.001995898,0.030532659,0.001924959,1.00197166,0.0119,NA,NA,Yes,NA,NA,NA,,NA,8,Almeda_et_al_2011,NA,Oithona_davisae,Non_calanoid_copepod,2011,NA,16,3,Almeda_et_al_2011__2011__NA,ZOO_STUDY_0016,ZOO_ES_001097,ZOO_STUDY_0016__Oithona_davisae__Non_calanoid_copepod__CO2NA__T16.00__NC3,ZOO_COMMON_00024,1.0019716598196413,0.011891344485024975,9.170320612545323,2.75
Hamraj et al. 2021,"Brugnano et al., 2009",2009,NA,https://www.researchgate.net/publication/225131770_Temperature_effects_on_fecundity_development_and_survival_of_the_benthopelagic_calanoid_copepod_Pseudocyclops_xiphophorus,Zooplankton,Holoplankton,Non-calanoid copepod,Pseudocyclops xiphophorus,T,87,65,NA,16,NA,20,Egg hatching (egg development time),negative,NA,Reproduction,83.12708063,27.60341185,99.64615385,2.852798896,0.181254921,0.00128,NA,NA,Yes,NA,NA,NA,,NA,4,Brugnano_et_al_2009,NA,Pseudocyclops_xiphophorus,Non_calanoid_copepod,2009,NA,16,87,Brugnano_et_al_2009__2009__NA,ZOO_STUDY_0047,ZOO_ES_001104,ZOO_STUDY_0047__Pseudocyclops_xiphophorus__Non_calanoid_copepod__CO2NA__T16.00__NC87,ZOO_COMMON_00069,0.18125492052777015,0.0012800317302117134,27.95050328519637,3.5
Hamraj et al. 2021,"Brugnano et al., 2009",2009,NA,https://www.researchgate.net/publication/225131770_Temperature_effects_on_fecundity_development_and_survival_of_the_benthopelagic_calanoid_copepod_Pseudocyclops_xiphophorus,Zooplankton,Holoplankton,Calanoid copepod,Pseudocyclops xiphophorus,T,87,65,NA,16,NA,20,Egg production,positive,NA,Reproduction,1.669061285,0.838917342,2.804748986,0.741125636,0.519052683,0.00398,NA,NA,Yes,NA,NA,NA,,NA,4,Brugnano_et_al_2009,NA,Pseudocyclops_xiphophorus,Calanoid_copepod,2009,NA,16,87,Brugnano_et_al_2009__2009__NA,ZOO_STUDY_0047,ZOO_ES_001105,ZOO_STUDY_0047__Pseudocyclops_xiphophorus__Calanoid_copepod__CO2NA__T16.00__NC87,ZOO_COMMON_00068,0.5190526833152028,0.0039780453077604356,15.85495951471969,2.75
Hamraj et al. 2021,"Brugnano et al., 2009",2009,NA,https://www.researchgate.net/publication/225131770_Temperature_effects_on_fecundity_development_and_survival_of_the_benthopelagic_calanoid_copepod_Pseudocyclops_xiphophorus,Zooplankton,Holoplankton,Non-calanoid copepod,Pseudocyclops xiphophorus,T,87,34,NA,16,NA,24,Egg production,positive,NA,Reproduction,1.669061285,0.838917342,4.750055479,1.775106862,1.045894934,0.00701,NA,NA,Yes,NA,NA,NA,,NA,8,Brugnano_et_al_2009,NA,Pseudocyclops_xiphophorus,Non_calanoid_copepod,2009,NA,16,87,Brugnano_et_al_2009__2009__NA,ZOO_STUDY_0047,ZOO_ES_001106,ZOO_STUDY_0047__Pseudocyclops_xiphophorus__Non_calanoid_copepod__CO2NA__T16.00__NC87,ZOO_COMMON_00069,1.0458949341696948,0.007011306464830789,11.94264504940349,2.75
Hamraj et al. 2021,Cass and Daly 2014,2014,NA,https://www.sciencedirect.com/science/article/abs/pii/S0967063714001782,Zooplankton,Holoplankton,Calanoid copepod,Eucalanus inermis,T,45,9,NA,10,NA,17,"Respiration (Oxygen consumption rate; also urea, ammonium, and phosphate excretion rates)",negative,NA,Physiology,1.7425,0.2475,2.415,0.075,0.326378423,5.55e-4,NA,NA,Yes,NA,NA,NA,,NA,7,Cass_and_Daly_2014,NA,Eucalanus_inermis,Calanoid_copepod,2014,NA,10,45,Cass_and_Daly_2014__2014__NA,ZOO_STUDY_0071,ZOO_ES_001111,ZOO_STUDY_0071__Eucalanus_inermis__Calanoid_copepod__CO2NA__T10.00__NC45,ZOO_COMMON_00111,0.32637842345199414,5.554875596136043e-4,42.42900345069599,4.25
Hamraj et al. 2021,Cass and Daly 2014,2014,NA,https://www.sciencedirect.com/science/article/abs/pii/S0967063714001782,Zooplankton,Holoplankton,Calanoid copepod,Rhincalanus rostrifrons,T,9,2,NA,10,NA,17,"Respiration (Oxygen consumption rate; also urea, ammonium, and phosphate excretion rates)",negative,NA,Physiology,5.615,0.71,7.0125,0.4175,0.222252683,0.00355,NA,NA,Yes,NA,NA,NA,,NA,7,Cass_and_Daly_2014,NA,Rhincalanus_rostrifrons,Calanoid_copepod,2014,NA,10,9,Cass_and_Daly_2014__2014__NA,ZOO_STUDY_0071,ZOO_ES_001112,ZOO_STUDY_0071__Rhincalanus_rostrifrons__Calanoid_copepod__CO2NA__T10.00__NC9,ZOO_COMMON_00112,0.22225268265840817,0.0035488385864908124,16.78637329488322,3.5
Hamraj et al. 2021,Cass and Daly 2014,2014,NA,https://www.sciencedirect.com/science/article/abs/pii/S0967063714001782,Zooplankton,Holoplankton,Calanoid copepod,Subeucalanus subtenuis,T,22,11,NA,10,NA,17,"Respiration (Oxygen consumption rate; also urea, ammonium, and phosphate excretion rates)",negative,NA,Physiology,7.7575,1.1425,10.7375,1.1625,0.32508217,0.00205,NA,NA,Yes,NA,NA,NA,,NA,7,Cass_and_Daly_2014,NA,Subeucalanus_subtenuis,Calanoid_copepod,2014,NA,10,22,Cass_and_Daly_2014__2014__NA,ZOO_STUDY_0071,ZOO_ES_001113,ZOO_STUDY_0071__Subeucalanus_subtenuis__Calanoid_copepod__CO2NA__T10.00__NC22,ZOO_COMMON_00113,0.3250821699699756,0.002051512217573153,22.078163548615514,3.5
Hamraj et al. 2021,"Castellani et al., 2005",2005,NA,https://nora.nerc.ac.uk/id/eprint/124057/,Zooplankton,Holoplankton,Non-calanoid copepod,Oithona similis,T,8,9,NA,5,NA,10,Respiration (Respiration rate of Oithona similis; metabolic cost as % body C d⁻¹ / energy demand),negative,NA,Physiology,0.057498635,0.023640682,0.082723771,0.041922354,0.363745789,0.0497,NA,NA,Yes,NA,NA,NA,,NA,5,Castellani_et_al_2005,NA,Oithona_similis,Non_calanoid_copepod,2005,NA,5,8,Castellani_et_al_2005__2005__NA,ZOO_STUDY_0072,ZOO_ES_001114,ZOO_STUDY_0072__Oithona_similis__Non_calanoid_copepod__CO2NA__T5.00__NC8,ZOO_COMMON_00114,0.363745788854125,0.04966642762801203,4.487128824937337,2
Hamraj et al. 2021,"Castellani et al., 2005",2005,NA,https://nora.nerc.ac.uk/id/eprint/124057/,Zooplankton,Holoplankton,Non-calanoid copepod,Oithona similis,T,8,7,NA,5,NA,15,Respiration (Respiration rate of Oithona similis; metabolic cost as % body C d⁻¹ / energy demand),negative,NA,Physiology,0.057498635,0.023640682,0.194045758,0.05499807,1.216332789,0.0326,NA,NA,Yes,NA,NA,NA,,NA,10,Castellani_et_al_2005,NA,Oithona_similis,Non_calanoid_copepod,2005,NA,5,8,Castellani_et_al_2005__2005__NA,ZOO_STUDY_0072,ZOO_ES_001115,ZOO_STUDY_0072__Oithona_similis__Non_calanoid_copepod__CO2NA__T5.00__NC8,ZOO_COMMON_00114,1.2163327888396105,0.03260669914338335,5.5379187775944185,2
Hamraj et al. 2021,Chinnery and williams 2003,2003,NA,https://www.int-res.com/journals/meps/articles/meps263149,Zooplankton,Holoplankton,Calanoid copepod,Acartia bifilosa,T,50,50,NA,5,NA,10,Egg hatching (diapause egg production),ambiguous,NA,Reproduction,19.5,5.23,53.4,24.8,1.00739628,0.00575,NA,NA,Yes,NA,NA,NA,,NA,5,Chinnery_and_williams_2003,NA,Acartia_bifilosa,Calanoid_copepod,2003,NA,5,50,Chinnery_and_williams_2003__2003__NA,ZOO_STUDY_0086,ZOO_ES_001116,ZOO_STUDY_0086__Acartia_bifilosa__Calanoid_copepod__CO2NA__T5.00__NC50,ZOO_COMMON_00134,1.007396280396448,0.00575238880327189,13.184870964231814,2.75
Hamraj et al. 2021,Chinnery and williams 2003,2003,NA,https://www.int-res.com/journals/meps/articles/meps263149,Zooplankton,Holoplankton,Calanoid copepod,Acartia clausi,T,50,50,NA,5,NA,10,Egg hatching (diapause egg production),ambiguous,NA,Reproduction,41.6,33.6,33.1,13.3,-0.228566885,0.0163,NA,NA,Yes,NA,NA,NA,,NA,5,Chinnery_and_williams_2003,NA,Acartia_clausi,Calanoid_copepod,2003,NA,5,50,Chinnery_and_williams_2003__2003__NA,ZOO_STUDY_0086,ZOO_ES_001117,ZOO_STUDY_0086__Acartia_clausi__Calanoid_copepod__CO2NA__T5.00__NC50,ZOO_COMMON_00135,-0.2285668848842003,0.016276406016069833,7.838279444995866,2.75
Hamraj et al. 2021,Chinnery and williams 2003,2003,NA,https://www.int-res.com/journals/meps/articles/meps263149,Zooplankton,Holoplankton,Calanoid copepod,Acartia discaudata,T,50,50,NA,5,NA,10,Egg hatching (diapause egg production),ambiguous,NA,Reproduction,42.6,10.7,60.3,4.37,0.34747785,0.00137,NA,NA,Yes,NA,NA,NA,,NA,5,Chinnery_and_williams_2003,NA,Acartia_discaudata,Calanoid_copepod,2003,NA,5,50,Chinnery_and_williams_2003__2003__NA,ZOO_STUDY_0086,ZOO_ES_001118,ZOO_STUDY_0086__Acartia_discaudata__Calanoid_copepod__CO2NA__T5.00__NC50,ZOO_COMMON_00136,0.34747785045781493,0.0013668054953787521,27.04871524382464,3.5
Hamraj et al. 2021,Chinnery and williams 2003,2003,NA,https://www.int-res.com/journals/meps/articles/meps263149,Zooplankton,Holoplankton,Calanoid copepod,Acartia tonsa,T,50,50,NA,5,NA,10,Egg hatching (diapause egg production),ambiguous,NA,Reproduction,13.1,7.09,21.9,11.9,0.513874407,0.0118,NA,NA,Yes,NA,NA,NA,,NA,5,Chinnery_and_williams_2003,NA,Acartia_tonsa,Calanoid_copepod,2003,NA,5,50,Chinnery_and_williams_2003__2003__NA,ZOO_STUDY_0086,ZOO_ES_001119,ZOO_STUDY_0086__Acartia_tonsa__Calanoid_copepod__CO2NA__T5.00__NC50,ZOO_COMMON_00137,0.5138744066153493,0.011763626168053203,9.219967551559918,2.75
Hamraj et al. 2021,"Cruz et al., 2013",2013,NA,https://sapientia.ualg.pt/entities/publication/0f501c5a-eb18-47d3-b352-4dfd5fcbb5af?,Zooplankton,Holoplankton,Calanoid copepod,Centropages chierchiae,T,5,5,NA,8,NA,13,Respiration (Respiration rate of male and female Centropages chierchiae across temperatures),negative,NA,Physiology,2.73,0.96,4.31,1.59,0.456636295,0.052,NA,NA,Yes,NA,NA,NA,,NA,5,Cruz_et_al_2013,NA,Centropages_chierchiae,Calanoid_copepod,2013,NA,8,5,Cruz_et_al_2013__2013__NA,ZOO_STUDY_0103,ZOO_ES_001150,ZOO_STUDY_0103__Centropages_chierchiae__Calanoid_copepod__CO2NA__T8.00__NC5,ZOO_COMMON_00180,0.45663629491878804,0.05195015836451533,4.387393243453168,2
Hamraj et al. 2021,"Cruz et al., 2013",2013,NA,https://sapientia.ualg.pt/entities/publication/0f501c5a-eb18-47d3-b352-4dfd5fcbb5af?,Zooplankton,Holoplankton,Calanoid copepod,Centropages chierchiae,T,4,4,NA,8,NA,13,Respiration (Respiration rate of male and female Centropages chierchiae across temperatures),negative,NA,Physiology,2.81,0.87,5.58,1.9,0.686004293,0.0529,NA,NA,Yes,NA,NA,NA,,NA,5,Cruz_et_al_2013,NA,Centropages_chierchiae,Calanoid_copepod,2013,NA,8,4,Cruz_et_al_2013__2013__NA,ZOO_STUDY_0103,ZOO_ES_001151,ZOO_STUDY_0103__Centropages_chierchiae__Calanoid_copepod__CO2NA__T8.00__NC4,ZOO_COMMON_00179,0.6860042930475652,0.052949729761797966,4.3457838938477655,2
Hamraj et al. 2021,"cruz et al., 2013-2",2013,NA,https://www.researchgate.net/publication/250217566_Development_and_egg_production_in_Centropages_typicus_Copepoda_Clanoida_fed_different_food_types_A_laboratory_study,Zooplankton,Holoplankton,Calanoid copepod,Centropages chierchiae,T,5,5,NA,13,NA,19,Egg hatching,positive,NA,Reproduction,20,19.35200248,75.8,5.540758071,1.332366019,0.188318636,NA,NA,Yes,NA,NA,NA,,NA,6,cruz_et_al_2013_2,NA,Centropages_chierchiae,Calanoid_copepod,2013,NA,13,5,cruz_et_al_2013_2__2013__NA,ZOO_STUDY_0564,ZOO_ES_001152,ZOO_STUDY_0564__Centropages_chierchiae__Calanoid_copepod__CO2NA__T13.00__NC5,ZOO_COMMON_00980,1.332366019094335,0.18831863638512658,2.3043760328550174,2.5
Hamraj et al. 2021,"Devreker et al., 2009",2009,NA,https://www.sciencedirect.com/science/article/abs/pii/S0022098108005352,Zooplankton,Holoplankton,Non-calanoid copepod,Eurytemora affinis,T,15,24,NA,10,NA,15,Egg production,positive,NA,Reproduction,4.851863493,0.901708118,12.44884834,3.189718681,0.942265259,0.00504,NA,NA,Yes,NA,NA,NA,,NA,5,Devreker_et_al_2009,NA,Eurytemora_affinis,Non_calanoid_copepod,2009,NA,10,15,Devreker_et_al_2009__2009__NA,ZOO_STUDY_0114,ZOO_ES_001153,ZOO_STUDY_0114__Eurytemora_affinis__Non_calanoid_copepod__CO2NA__T10.00__NC15,ZOO_COMMON_00196,0.9422652593062679,0.00503811703163985,14.088536263953559,2.75
Hamraj et al. 2021,"Devreker et al., 2009",2009,NA,https://www.researchgate.net/publication/225131770_Temperature_effects_on_fecundity_development_and_survival_of_the_benthopelagic_calanoid_copepod_Pseudocyclops_xiphophorus,Zooplankton,Holoplankton,Non-calanoid copepod,Pseudocyclops xiphophorus,T,87,34,NA,16,NA,24,Egg hatching (egg development time),negative,NA,Reproduction,83.12708063,27.60341185,99.02941176,4.033836388,0.175046366,0.00132,NA,NA,Yes,NA,NA,NA,,NA,8,Devreker_et_al_2009,NA,Pseudocyclops_xiphophorus,Non_calanoid_copepod,2009,NA,16,87,Devreker_et_al_2009__2009__NA,ZOO_STUDY_0114,ZOO_ES_001154,ZOO_STUDY_0114__Pseudocyclops_xiphophorus__Non_calanoid_copepod__CO2NA__T16.00__NC87,ZOO_COMMON_00197,0.1750463656992852,0.0013162229981151024,27.56355707749272,3.5
Hamraj et al. 2021,"Doan et al., 2019",2019,NA,https://www.nature.com/articles/s41598-019-40996-7,Zooplankton,Holoplankton,Calanoid copepod,Pseudodiaptomus annandalei,T,25,25,NA,30,NA,34,Egg production,positive,NA,Reproduction,20,5,15.5,10,-0.25489225,0.0191,NA,NA,Yes,NA,NA,NA,,NA,4,Doan_et_al_2019,NA,Pseudodiaptomus_annandalei,Calanoid_copepod,2019,NA,30,25,Doan_et_al_2019__2019__NA,ZOO_STUDY_0120,ZOO_ES_001155,ZOO_STUDY_0120__Pseudodiaptomus_annandalei__Calanoid_copepod__CO2NA__T30.00__NC25,ZOO_COMMON_00206,-0.25489224962879004,0.019149323621227888,7.226421355172951,2
Hamraj et al. 2021,"Doan et al., 2019",2019,NA,https://www.nature.com/articles/s41598-019-40996-7,Zooplankton,Holoplankton,Calanoid copepod,Pseudodiaptomus annandalei,T,25,25,NA,30,NA,34,Egg production,positive,NA,Reproduction,14,5,13,2.5,-0.0741,0.00658,NA,NA,Yes,NA,NA,NA,,NA,4,Doan_et_al_2019,NA,Pseudodiaptomus_annandalei,Calanoid_copepod,2019,NA,30,25,Doan_et_al_2019__2019__NA,ZOO_STUDY_0120,ZOO_ES_001156,ZOO_STUDY_0120__Pseudodiaptomus_annandalei__Calanoid_copepod__CO2NA__T30.00__NC25,ZOO_COMMON_00206,-0.07410797215372185,0.006581330757154932,12.326595398910454,2.75
Hamraj et al. 2021,"Doan et al., 2019",2019,NA,https://www.researchgate.net/publication/331382468_Extreme_temperature_impairs_growth_and_productivity_in_a_common_tropical_marine_copepod,Zooplankton,Holoplankton,Calanoid copepod,Pseudodiaptomus annandalei,T,12,12,NA,30,NA,34,Egg hatching,positive,NA,Reproduction,87,34.64101615,70,17.32050808,-0.217412877,0.0183,NA,NA,Yes,NA,NA,NA,,NA,4,Doan_et_al_2019,NA,Pseudodiaptomus_annandalei,Calanoid_copepod,2019,NA,30,12,Doan_et_al_2019__2019__NA,ZOO_STUDY_0120,ZOO_ES_001157,ZOO_STUDY_0120__Pseudodiaptomus_annandalei__Calanoid_copepod__CO2NA__T30.00__NC12,ZOO_COMMON_00205,-0.2174128766052247,0.018313825729957278,7.389421866316651,2
Hamraj et al. 2021,"Doan et al., 2019",2019,NA,https://www.researchgate.net/publication/331382468_Extreme_temperature_impairs_growth_and_productivity_in_a_common_tropical_marine_copepod,Zooplankton,Holoplankton,Calanoid copepod,Pseudodiaptomus annandalei,T,12,12,NA,30,NA,34,Egg hatching,positive,NA,Reproduction,87,6.92820323,68,41.56921938,-0.246400413,0.0317,NA,NA,Yes,NA,NA,NA,,NA,4,Doan_et_al_2019,NA,Pseudodiaptomus_annandalei,Calanoid_copepod,2019,NA,30,12,Doan_et_al_2019__2019__NA,ZOO_STUDY_0120,ZOO_ES_001158,ZOO_STUDY_0120__Pseudodiaptomus_annandalei__Calanoid_copepod__CO2NA__T30.00__NC12,ZOO_COMMON_00205,-0.24640041347847697,0.031670339906077566,5.619188974313276,2
Hamraj et al. 2021,"Doan et al., 2019",2019,NA,https://www.nature.com/articles/s41598-019-40996-7,Zooplankton,Holoplankton,Calanoid copepod,Pseudodiaptomus annandalei,T,25,25,NA,30,NA,34,Egg production,positive,NA,Reproduction,14,2.5,12.5,0.5,-0.113328685,0.00134,NA,NA,Yes,NA,NA,NA,,NA,4,Doan_et_al_2019,NA,Pseudodiaptomus_annandalei,Calanoid_copepod,2019,NA,30,25,Doan_et_al_2019__2019__NA,ZOO_STUDY_0120,ZOO_ES_001159,ZOO_STUDY_0120__Pseudodiaptomus_annandalei__Calanoid_copepod__CO2NA__T30.00__NC25,ZOO_COMMON_00206,-0.11332868530700312,0.0013395102040816326,27.322912218247353,3.5
Hamraj et al. 2021,"Doan et al., 2019",2019,NA,https://www.researchgate.net/publication/331382468_Extreme_temperature_impairs_growth_and_productivity_in_a_common_tropical_marine_copepod,Zooplankton,Holoplankton,Calanoid copepod,Pseudodiaptomus annandalei,T,12,12,NA,30,NA,34,Egg hatching,positive,NA,Reproduction,85,6.92820323,66,31.17691454,-0.252996514,0.0191,NA,NA,Yes,NA,NA,NA,,NA,4,Doan_et_al_2019,NA,Pseudodiaptomus_annandalei,Calanoid_copepod,2019,NA,30,12,Doan_et_al_2019__2019__NA,ZOO_STUDY_0120,ZOO_ES_001160,ZOO_STUDY_0120__Pseudodiaptomus_annandalei__Calanoid_copepod__CO2NA__T30.00__NC12,ZOO_COMMON_00205,-0.2529965144638909,0.019148674544748546,7.2265438299785325,2
Hamraj et al. 2021,Durbin and Durbin 1992,1992,NA,https://aslopubs.onlinelibrary.wiley.com/doi/10.4319/lo.1992.37.2.0361?,Zooplankton,Holoplankton,Calanoid copepod,Acartia hudsonica,T,4,6,NA,4.5,NA,8,Feeding rate (feeding threshold),negative,NA,Physiology,15.375,1.108677891,14,2.75680975,-0.0937,0.00776,NA,from Warming feeding sheet,Yes,NA,NA,NA,,NA,3.5,Durbin_and_Durbin_1992,NA,Acartia_hudsonica,Calanoid_copepod,1992,NA,4.5,4,Durbin_and_Durbin_1992__1992__NA,ZOO_STUDY_0137,ZOO_ES_001161,ZOO_STUDY_0137__Acartia_hudsonica__Calanoid_copepod__CO2NA__T4.50__NC4,ZOO_COMMON_00236,-0.093685484077323,0.007762516729844312,11.35007484587299,2.75
Hamraj et al. 2021,Durbin and Durbin 1992,1992,NA,https://aslopubs.onlinelibrary.wiley.com/doi/10.4319/lo.1992.37.2.0361?,Zooplankton,Holoplankton,Calanoid copepod,Acartia hudsonica,T,4,4,NA,4.5,NA,12,Feeding rate (feeding threshold),negative,NA,Physiology,15.375,1.108677891,18.75,1.040833,0.198450939,0.00207,NA,from Warming feeding sheet,Yes,NA,NA,NA,,NA,7.5,Durbin_and_Durbin_1992,NA,Acartia_hudsonica,Calanoid_copepod,1992,NA,4.5,4,Durbin_and_Durbin_1992__1992__NA,ZOO_STUDY_0137,ZOO_ES_001162,ZOO_STUDY_0137__Acartia_hudsonica__Calanoid_copepod__CO2NA__T4.50__NC4,ZOO_COMMON_00236,0.19845093872383823,0.0020703020685561993,21.977745600220587,3.5
Hamraj et al. 2021,"Garrido et al., 2013",2013,NA,https://academic.oup.com/plankt/article-abstract/35/4/843/1530711?redirectedFrom=fulltext&login=false,Zooplankton,Holoplankton,Calanoid copepod,Centropages chierchiae,T,3,5,NA,8,NA,13,Feeding rate (ingestion rate),positive,NA,Physiology,21.516175,4.453376188,18.0319148,3.09426352,-0.176661746,0.0202,NA,from Warming feeding sheet,Yes,NA,NA,NA,,NA,5,Garrido_et_al_2013,NA,Centropages_chierchiae,Calanoid_copepod,2013,NA,8,3,Garrido_et_al_2013__2013__NA,ZOO_STUDY_0171,ZOO_ES_001163,ZOO_STUDY_0171__Centropages_chierchiae__Calanoid_copepod__CO2NA__T8.00__NC3,ZOO_COMMON_00299,-0.17666174550717317,0.020169234906583337,7.041339556568739,2
Hamraj et al. 2021,"Grenvald et al., 2012",2012,NA,https://www.researchgate.net/publication/233395984_Effects_of_pyrene_exposure_and_temperature_on_early_development_of_two_co-existing_Arctic_copepods,Zooplankton,Holoplankton,Calanoid copepod,Calanus glacialis,T,6,6,NA,0,NA,5,Egg hatching,positive,NA,Reproduction,76.14035,3.85965,65.63906,5.47441,-0.148407402,0.00159,NA,NA,Yes,NA,NA,NA,,NA,5,Grenvald_et_al_2012,NA,Calanus_glacialis,Calanoid_copepod,2012,NA,0,6,Grenvald_et_al_2012__2012__NA,ZOO_STUDY_0194,ZOO_ES_001164,ZOO_STUDY_0194__Calanus_glacialis__Calanoid_copepod__CO2NA__T0.00__NC6,ZOO_COMMON_00346,-0.148407402156071,0.0015875748483381122,25.09764055370141,3.5
Hamraj et al. 2021,"Grenvald et al., 2012",2012,NA,https://www.researchgate.net/publication/233395984_Effects_of_pyrene_exposure_and_temperature_on_early_development_of_two_co-existing_Arctic_copepods,Zooplankton,Holoplankton,Calanoid copepod,Calanus glacialis,T,6,6,NA,0,NA,10,Egg hatching,positive,NA,Reproduction,76.14035,3.85965,82.82912,3.36929,0.0842,7.04e-4,NA,NA,Yes,NA,NA,NA,,NA,10,Grenvald_et_al_2012,NA,Calanus_glacialis,Calanoid_copepod,2012,NA,0,6,Grenvald_et_al_2012__2012__NA,ZOO_STUDY_0194,ZOO_ES_001166,ZOO_STUDY_0194__Calanus_glacialis__Calanoid_copepod__CO2NA__T0.00__NC6,ZOO_COMMON_00346,0.08420134264458626,7.040451327446728e-4,37.687710030648404,4.25
Hamraj et al. 2021,"Grenvald et al., 2012",2012,NA,https://www.researchgate.net/publication/233395984_Effects_of_pyrene_exposure_and_temperature_on_early_development_of_two_co-existing_Arctic_copepods,Zooplankton,Holoplankton,Calanoid copepod,Calanus finmarchicus,T,6,6,NA,0,NA,10,Egg hatching,positive,NA,Reproduction,82.16783,4.54546,76.98113,7.92453,-0.0652,0.00228,NA,NA,Yes,NA,NA,NA,,NA,10,Grenvald_et_al_2012,NA,Calanus_finmarchicus,Calanoid_copepod,2012,NA,0,6,Grenvald_et_al_2012__2012__NA,ZOO_STUDY_0194,ZOO_ES_001168,ZOO_STUDY_0194__Calanus_finmarchicus__Calanoid_copepod__CO2NA__T0.00__NC6,ZOO_COMMON_00344,-0.06520353604411784,0.002276184445179053,20.960241124320483,3.5
Hamraj et al. 2021,Hall and Burn 2001,2001,NA,https://academic.oup.com/plankt/article-abstract/23/1/97/1410457?redirectedFrom=fulltext&login=false,Zooplankton,Holoplankton,Calanoid copepod,Boeckella hamata,T,7,7,NA,10,NA,20,Egg production,positive,NA,Reproduction,1.27,0.21,1.7,0.42332021,0.291611351,0.0128,NA,NA,Yes,NA,NA,NA,,NA,10,Hall_and_Burn_2001,NA,Boeckella_hamata,Calanoid_copepod,2001,NA,10,7,Hall_and_Burn_2001__2001__NA,ZOO_STUDY_0204,ZOO_ES_001169,ZOO_STUDY_0204__Boeckella_hamata__Calanoid_copepod__CO2NA__T10.00__NC7,ZOO_COMMON_00365,0.29161135059167037,0.012764139309516566,8.851242354318735,2.75
Hamraj et al. 2021,Hall and Burn 2002,2002,NA,https://www.sciencedirect.com/science/article/abs/pii/S0272771401909230,Zooplankton,Holoplankton,Calanoid copepod,Gladioferens pectinatus,T,10,10,NA,10,NA,20,Egg production,positive,NA,Reproduction,1.3,0.790569415,2.4,1.264911064,0.613104473,0.0648,NA,NA,Yes,NA,NA,NA,,NA,10,Hall_and_Burn_2002,NA,Gladioferens_pectinatus,Calanoid_copepod,2002,NA,10,10,Hall_and_Burn_2002__2002__NA,ZOO_STUDY_0205,ZOO_ES_001170,ZOO_STUDY_0205__Gladioferens_pectinatus__Calanoid_copepod__CO2NA__T10.00__NC10,ZOO_COMMON_00366,0.6131044728864088,0.06476002629159139,3.9295832307162866,2
Hamraj et al. 2021,Hall and Burn 2002,2002,NA,https://www.sciencedirect.com/science/article/abs/pii/S0272771401909230,Zooplankton,Holoplankton,Calanoid copepod,Gladioferens pectinatus,T,10,10,NA,10,NA,20,Egg production,positive,NA,Reproduction,2.9,0.632455532,2.6,1.264911064,-0.109199292,0.0284,NA,NA,Yes,NA,NA,NA,,NA,10,Hall_and_Burn_2002,NA,Gladioferens_pectinatus,Calanoid_copepod,2002,NA,10,10,Hall_and_Burn_2002__2002__NA,ZOO_STUDY_0205,ZOO_ES_001171,ZOO_STUDY_0205__Gladioferens_pectinatus__Calanoid_copepod__CO2NA__T10.00__NC10,ZOO_COMMON_00366,-0.10919929196499197,0.028424881618598394,5.931310609663003,2
Lang et al. 2023,Suckling et al. 2015,2015,NA,NA,Zooplankton,Meroplankton,Echinoderm,Sterechinus neumayeri,T,8,8,NA,-0.3,NA,1.8,Survival (%),positive,NA,Survival,21.21,3.45,92.17,23.96,1.4692,0.0117533,NA,NA,Yes,NA,NA,NA,,NA,2.1,Suckling_et_al_2015,NA,Sterechinus_neumayeri,Echinoderm,2015,NA,-0.3,8,Suckling_et_al_2015__2015__NA,ZOO_STUDY_0485,ZOO_ES_001173,ZOO_STUDY_0485__Sterechinus_neumayeri__Echinoderm__CO2NA__T-0.30__NC8,ZOO_COMMON_00834,1.4691619294289817,0.011754287130494692,9.223629557000509,2.75
Leung et al. 2022,"García et al., 2018. Mar Environ Res",NA,NA,NA,Zooplankton,Meroplankton,Urchin larvae,Sphaerechinus granularis,T,3,3,489,19,466.8,21,Larval density,ambiguous,NA,Survival,3.5,9.5,15,9.5,1.455287232606842,0.0276,NA,NA,Yes,NA,NA,NA,,-22.19999999999999,2,Garc_a_et_al_2018_Mar_Environ_Res,NA,Sphaerechinus_granularis,Urchin_larvae,NA,489,19,3,Garc_a_et_al_2018_Mar_Environ_Res__NA__NA,ZOO_STUDY_0165,ZOO_ES_001174,ZOO_STUDY_0165__Sphaerechinus_granularis__Urchin_larvae__CO2489.00__T19.00__NC3,ZOO_COMMON_00285,1.455287232606842,2.589486016628874,0.621431430338941,2.5
Hamraj et al. 2021,Chinnery and Williams 2004,2004,NA,https://link.springer.com/article/10.1007/s00227-004-1354-2,Zooplankton,Holoplankton,Calanoid copepod,Acartia discaudata,T,3,3,NA,5,NA,10,Survival,ambiguous,NA,Survival,11.9,4.13,43.3,31.8,1.291614235,0.21993649,NA,not sure which specific metric was looked into,Yes,NA,NA,NA,,NA,5,Chinnery_and_Williams_2004,NA,Acartia_discaudata,Calanoid_copepod,2004,NA,5,3,Chinnery_and_Williams_2004__2004__NA,ZOO_STUDY_0085,ZOO_ES_001175,ZOO_STUDY_0085__Acartia_discaudata__Calanoid_copepod__CO2NA__T5.00__NC3,ZOO_COMMON_00133,1.2916142348909603,0.21993648980732516,2.132314966986627,2.5
Hamraj et al. 2021,Chinnery and Williams 2004,2004,NA,https://link.springer.com/article/10.1007/s00227-004-1354-2,Zooplankton,Holoplankton,Calanoid copepod,Acartia clausi,T,3,3,NA,5,NA,10,Survival,ambiguous,NA,Survival,20,0.01,59.6,13.6,1.091923301,0.0174,NA,not sure which specific metric was looked into,Yes,NA,NA,NA,,NA,5,Chinnery_and_Williams_2004,NA,Acartia_clausi,Calanoid_copepod,2004,NA,5,3,Chinnery_and_Williams_2004__2004__NA,ZOO_STUDY_0085,ZOO_ES_001177,ZOO_STUDY_0085__Acartia_clausi__Calanoid_copepod__CO2NA__T5.00__NC3,ZOO_COMMON_00132,1.091923300517313,0.017356658862964128,7.590439729022633,2
Hamraj et al. 2021,"Hemraj et al., 2018",2018,NA,https://www.sciencedirect.com/science/article/abs/pii/S0022098117303581?,Zooplankton,Holoplankton,Calanoid copepod,Acartia fancetti,T,6,6,NA,15,NA,20,Egg production,positive,NA,Reproduction,4.1,0.5,9,0.5,0.786237604,0.00299,NA,NA,Yes,NA,NA,NA,,NA,5,Hemraj_et_al_2018,NA,Acartia_fancetti,Calanoid_copepod,2018,NA,15,6,Hemraj_et_al_2018__2018__NA,ZOO_STUDY_0215,ZOO_ES_001185,ZOO_STUDY_0215__Acartia_fancetti__Calanoid_copepod__CO2NA__T15.00__NC6,ZOO_COMMON_00383,0.7862376036259573,0.00299308661559967,18.27849177107379,3.5
Hamraj et al. 2021,"Hemraj et al., 2018",2018,NA,https://www.researchgate.net/publication/320842294_A_neritic_species_in_a_hypersaline_lagoon_population_structure_of_Acartia_fancetti_in_relation_to_hyperhaline_and_thermal_stresses,Zooplankton,Holoplankton,Calanoid copepod,Acartia fancetti,T,6,6,NA,15,NA,20,Egg hatching,positive,NA,Reproduction,100,0,97,3,-0.0305,1.59e-4,NA,NA,Yes,NA,NA,NA,,NA,5,Hemraj_et_al_2018,NA,Acartia_fancetti,Calanoid_copepod,2018,NA,15,6,Hemraj_et_al_2018__2018__NA,ZOO_STUDY_0215,ZOO_ES_001186,ZOO_STUDY_0215__Acartia_fancetti__Calanoid_copepod__CO2NA__T15.00__NC6,ZOO_COMMON_00383,-0.030459207484708574,1.5942183016261026e-4,79.20016834998943,4.25
Hamraj et al. 2021,"Hildebrandt et al., 2014",2014,NA,https://www.sciencedirect.com/science/article/abs/pii/S0025326X14000745,Zooplankton,Holoplankton,Calanoid copepod,Calanus hyperboreus,T,94,95,NA,0,NA,10,Respiration (Respiration/metabolic response under elevated CO₂ and temperature),negative,NA,Physiology,0.010722519,0.004832452,0.012011112,0.007867617,0.113486112,0.00668,NA,NA,Yes,NA,NA,NA,,NA,10,Hildebrandt_et_al_2014,NA,Calanus_hyperboreus,Calanoid_copepod,2014,NA,0,94,Hildebrandt_et_al_2014__2014__NA,ZOO_STUDY_0222,ZOO_ES_001187,ZOO_STUDY_0222__Calanus_hyperboreus__Calanoid_copepod__CO2NA__T0.00__NC94,ZOO_COMMON_00392,0.11348611193234304,0.006677236563700884,12.237751173481104,2.75
Hamraj et al. 2021,Hjorth and Nielsen 2011,2011,NA,https://link.springer.com/article/10.1007/s00227-011-1653-3,Zooplankton,Holoplankton,Calanoid copepod,Calanus finmarchicus,T,15,15,NA,0.5,NA,5,Egg production,positive,NA,Reproduction,0.009524054,4.76e-4,0.014973642,7.49e-4,0.452470857,3.33e-4,NA,NA,Yes,NA,NA,NA,,NA,4.5,Hjorth_and_Nielsen_2011,NA,Calanus_finmarchicus,Calanoid_copepod,2011,NA,0.5,15,Hjorth_and_Nielsen_2011__2011__NA,ZOO_STUDY_0224,ZOO_ES_001193,ZOO_STUDY_0224__Calanus_finmarchicus__Calanoid_copepod__CO2NA__T0.50__NC15,ZOO_COMMON_00395,0.45247085692015904,3.333330448212591e-4,54.772279454217674,4.25
Hamraj et al. 2021,Hjorth and Nielsen 2011,2011,NA,https://link.springer.com/article/10.1007/s00227-011-1653-3,Zooplankton,Holoplankton,Calanoid copepod,Calanus finmarchicus,T,15,15,NA,0.5,NA,5,Egg hatching,positive,NA,Reproduction,40.426693,8.653507,52.778408,8.973648,0.266611883,0.00498,NA,NA,Yes,NA,NA,NA,,NA,4.5,Hjorth_and_Nielsen_2011,NA,Calanus_finmarchicus,Calanoid_copepod,2011,NA,0.5,15,Hjorth_and_Nielsen_2011__2011__NA,ZOO_STUDY_0224,ZOO_ES_001194,ZOO_STUDY_0224__Calanus_finmarchicus__Calanoid_copepod__CO2NA__T0.50__NC15,ZOO_COMMON_00395,0.26661188306879563,0.004981848913109107,14.16787523852068,2.75
Hamraj et al. 2021,Hjorth and Nielsen 2011,2011,NA,https://link.springer.com/article/10.1007/s00227-011-1653-3,Zooplankton,Holoplankton,Calanoid copepod,Calanus finmarchicus,T,15,15,NA,0.5,NA,8,Egg production,positive,NA,Reproduction,0.009524054,4.76e-4,0.017627683,8.81e-4,0.615649966,3.33e-4,NA,NA,Yes,NA,NA,NA,,NA,7.5,Hjorth_and_Nielsen_2011,NA,Calanus_finmarchicus,Calanoid_copepod,2011,NA,0.5,15,Hjorth_and_Nielsen_2011__2011__NA,ZOO_STUDY_0224,ZOO_ES_001195,ZOO_STUDY_0224__Calanus_finmarchicus__Calanoid_copepod__CO2NA__T0.50__NC15,ZOO_COMMON_00395,0.6156499655681956,3.33046225985249e-4,54.79585927493414,4.25
Hamraj et al. 2021,Hjorth and Nielsen 2011,2011,NA,https://link.springer.com/article/10.1007/s00227-011-1653-3,Zooplankton,Holoplankton,Calanoid copepod,Calanus finmarchicus,T,15,15,NA,0.5,NA,8,Egg hatching,positive,NA,Reproduction,40.426693,8.653507,66.73214,10.096,0.501196411,0.00458,NA,NA,Yes,NA,NA,NA,,NA,7.5,Hjorth_and_Nielsen_2011,NA,Calanus_finmarchicus,Calanoid_copepod,2011,NA,0.5,15,Hjorth_and_Nielsen_2011__2011__NA,ZOO_STUDY_0224,ZOO_ES_001196,ZOO_STUDY_0224__Calanus_finmarchicus__Calanoid_copepod__CO2NA__T0.50__NC15,ZOO_COMMON_00395,0.5011964113242774,0.00458055540821033,14.775457244980656,2.75
Hamraj et al. 2021,Hjorth and Nielsen 2011,2011,NA,https://link.springer.com/article/10.1007/s00227-011-1653-3,Zooplankton,Holoplankton,Calanoid copepod,Calanus glacialis,T,10,10,NA,0.5,NA,5,Egg production,positive,NA,Reproduction,0.015582907,7.79e-4,0.01599074,8e-4,0.0258,5e-4,NA,NA,Yes,NA,NA,NA,,NA,4.5,Hjorth_and_Nielsen_2011,NA,Calanus_glacialis,Calanoid_copepod,2011,NA,0.5,10,Hjorth_and_Nielsen_2011__2011__NA,ZOO_STUDY_0224,ZOO_ES_001197,ZOO_STUDY_0224__Calanus_glacialis__Calanoid_copepod__CO2NA__T0.50__NC10,ZOO_COMMON_00396,0.025835196295782764,5.001963598288183e-4,44.712580657138275,4.25
Hamraj et al. 2021,Hjorth and Nielsen 2011,2011,NA,https://link.springer.com/article/10.1007/s00227-011-1653-3,Zooplankton,Holoplankton,Calanoid copepod,Calanus glacialis,T,10,10,NA,0.5,NA,5,Egg hatching,positive,NA,Reproduction,58.26889,9.935746,70.619675,6.571281,0.192240457,0.00377,NA,NA,Yes,NA,NA,NA,,NA,4.5,Hjorth_and_Nielsen_2011,NA,Calanus_glacialis,Calanoid_copepod,2011,NA,0.5,10,Hjorth_and_Nielsen_2011__2011__NA,ZOO_STUDY_0224,ZOO_ES_001198,ZOO_STUDY_0224__Calanus_glacialis__Calanoid_copepod__CO2NA__T0.50__NC10,ZOO_COMMON_00396,0.1922404566738588,0.0037734138060308096,16.27918966092322,3.5
Hamraj et al. 2021,Hjorth and Nielsen 2011,2011,NA,https://link.springer.com/article/10.1007/s00227-011-1653-3,Zooplankton,Holoplankton,Calanoid copepod,Calanus glacialis,T,10,10,NA,0.5,NA,8,Egg production,positive,NA,Reproduction,0.015582907,7.79e-4,0.013525776,6.76e-4,-0.14157741,5e-4,NA,NA,Yes,NA,NA,NA,,NA,7.5,Hjorth_and_Nielsen_2011,NA,Calanus_glacialis,Calanoid_copepod,2011,NA,0.5,10,Hjorth_and_Nielsen_2011__2011__NA,ZOO_STUDY_0224,ZOO_ES_001199,ZOO_STUDY_0224__Calanus_glacialis__Calanoid_copepod__CO2NA__T0.50__NC10,ZOO_COMMON_00396,-0.14157741008586822,4.996932607627784e-4,44.73508366061943,4.25
Hamraj et al. 2021,Hjorth and Nielsen 2011,2011,NA,https://link.springer.com/article/10.1007/s00227-011-1653-3,Zooplankton,Holoplankton,Calanoid copepod,Calanus glacialis,T,10,10,NA,0.5,NA,8,Egg hatching,positive,NA,Reproduction,58.26889,9.935746,74.63784,5.60937,0.247579285,0.00347,NA,NA,Yes,NA,NA,NA,,NA,7.5,Hjorth_and_Nielsen_2011,NA,Calanus_glacialis,Calanoid_copepod,2011,NA,0.5,10,Hjorth_and_Nielsen_2011__2011__NA,ZOO_STUDY_0224,ZOO_ES_001200,ZOO_STUDY_0224__Calanus_glacialis__Calanoid_copepod__CO2NA__T0.50__NC10,ZOO_COMMON_00396,0.2475792854935295,0.003472371847647538,16.970197111509805,3.5
Hamraj et al. 2021,Isla et al 2004,2004,NA,https://academic.oup.com/plankt/article-abstract/26/5/579/1586614?redirectedFrom=PDF&login=false,Zooplankton,Holoplankton,Calanoid copepod,Pseudodiaptomus hessei,T,5,5,NA,10,NA,15,"Respiration (Basal metabolic rate / respiration rate under temperature, salinity, and sex treatments)",negative,NA,Physiology,2.670623,0.4451038,3.6350148,0.6676558,0.308301404,0.0123,NA,NA,Yes,NA,NA,NA,,NA,5,Isla_et_al_2004,NA,Pseudodiaptomus_hessei,Calanoid_copepod,2004,NA,10,5,Isla_et_al_2004__2004__NA,ZOO_STUDY_0242,ZOO_ES_001209,ZOO_STUDY_0242__Pseudodiaptomus_hessei__Calanoid_copepod__CO2NA__T10.00__NC5,ZOO_COMMON_00424,0.3083014039765135,0.012302743807324905,9.015690820694443,2.75
Hamraj et al. 2021,Isla et al 2004,2004,NA,https://academic.oup.com/plankt/article-abstract/26/5/579/1586614?redirectedFrom=PDF&login=false,Zooplankton,Holoplankton,Calanoid copepod,Pseudodiaptomus hessei,T,5,5,NA,10,NA,15,"Respiration (Basal metabolic rate / respiration rate under temperature, salinity, and sex treatments)",negative,NA,Physiology,1.9287834,0.5192878,2.670623,0.8160236,0.325422337,0.0332,NA,NA,Yes,NA,NA,NA,,NA,5,Isla_et_al_2004,NA,Pseudodiaptomus_hessei,Calanoid_copepod,2004,NA,10,5,Isla_et_al_2004__2004__NA,ZOO_STUDY_0242,ZOO_ES_001210,ZOO_STUDY_0242__Pseudodiaptomus_hessei__Calanoid_copepod__CO2NA__T10.00__NC5,ZOO_COMMON_00424,0.3254223370671051,0.03316987445652666,5.490704686275977,2
Hamraj et al. 2021,Isla et al 2004,2004,NA,https://academic.oup.com/plankt/article-abstract/26/5/579/1586614?redirectedFrom=PDF&login=false,Zooplankton,Holoplankton,Calanoid copepod,Pseudodiaptomus hessei,T,5,5,NA,10,NA,20,"Respiration (Basal metabolic rate / respiration rate under temperature, salinity, and sex treatments)",negative,NA,Physiology,2.670623,0.4451038,7.1958456,1.7062316,0.991192081,0.0168,NA,NA,Yes,NA,NA,NA,,NA,10,Isla_et_al_2004,NA,Pseudodiaptomus_hessei,Calanoid_copepod,2004,NA,10,5,Isla_et_al_2004__2004__NA,ZOO_STUDY_0242,ZOO_ES_001211,ZOO_STUDY_0242__Pseudodiaptomus_hessei__Calanoid_copepod__CO2NA__T10.00__NC5,ZOO_COMMON_00424,0.9911920809659456,0.01680011003939417,7.715142231194272,2.75
Hamraj et al. 2021,Isla et al 2004,2004,NA,https://academic.oup.com/plankt/article-abstract/26/5/579/1586614?redirectedFrom=PDF&login=false,Zooplankton,Holoplankton,Calanoid copepod,Pseudodiaptomus hessei,T,5,5,NA,10,NA,20,"Respiration (Basal metabolic rate / respiration rate under temperature, salinity, and sex treatments)",negative,NA,Physiology,1.9287834,0.5192878,5.267062,0.4451035,1.00458327,0.0159,NA,NA,Yes,NA,NA,NA,,NA,10,Isla_et_al_2004,NA,Pseudodiaptomus_hessei,Calanoid_copepod,2004,NA,10,5,Isla_et_al_2004__2004__NA,ZOO_STUDY_0242,ZOO_ES_001212,ZOO_STUDY_0242__Pseudodiaptomus_hessei__Calanoid_copepod__CO2NA__T10.00__NC5,ZOO_COMMON_00424,1.0045832703784447,0.015925325186540072,7.924207612244194,2.75
Hamraj et al. 2021,"Isla et al., 2008",2008,NA,https://onlinelibrary.wiley.com/doi/abs/10.1111/j.1365-2486.2008.01531.x,Zooplankton,Holoplankton,Calanoid copepod,Pseudocalanus sp,T,8,4,NA,5,NA,7,Egg production,positive,NA,Reproduction,0.6868707,0.301220983,1.46795,0.4,0.759476084,0.0426,NA,NA,Yes,NA,NA,NA,,NA,2,Isla_et_al_2008,NA,Pseudocalanus_sp,Calanoid_copepod,2008,NA,5,8,Isla_et_al_2008__2008__NA,ZOO_STUDY_0243,ZOO_ES_001213,ZOO_STUDY_0243__Pseudocalanus_sp__Calanoid_copepod__CO2NA__T5.00__NC8,ZOO_COMMON_00427,0.7594760837471921,0.04260232183460473,4.844883802176182,2
Hamraj et al. 2021,"Isla et al., 2008",2008,NA,https://onlinelibrary.wiley.com/doi/abs/10.1111/j.1365-2486.2008.01531.x,Zooplankton,Holoplankton,Calanoid copepod,Pseudocalanus sp,T,5,18,NA,0,NA,2,Respiration (Respiration/metabolic rate),negative,NA,Physiology,0.068713628,0.033180482,0.10773352,0.033110494,0.449713221,0.0519,NA,NA,Yes,NA,NA,NA,,NA,2,Isla_et_al_2008,NA,Pseudocalanus_sp,Calanoid_copepod,2008,NA,0,5,Isla_et_al_2008__2008__NA,ZOO_STUDY_0243,ZOO_ES_001214,ZOO_STUDY_0243__Pseudocalanus_sp__Calanoid_copepod__CO2NA__T0.00__NC5,ZOO_COMMON_00426,0.44971322137153,0.051882302659374636,4.39026139278982,2
Hamraj et al. 2021,"Isla et al., 2008",2008,NA,https://onlinelibrary.wiley.com/doi/abs/10.1111/j.1365-2486.2008.01531.x,Zooplankton,Holoplankton,Calanoid copepod,Pseudocalanus sp,T,5,9,NA,0,NA,4,Respiration (Respiration/metabolic rate),negative,NA,Physiology,0.068713628,0.033180482,0.192436569,0.053306702,1.029819038,0.0552,NA,NA,Yes,NA,NA,NA,,NA,4,Isla_et_al_2008,NA,Pseudocalanus_sp,Calanoid_copepod,2008,NA,0,5,Isla_et_al_2008__2008__NA,ZOO_STUDY_0243,ZOO_ES_001215,ZOO_STUDY_0243__Pseudocalanus_sp__Calanoid_copepod__CO2NA__T0.00__NC5,ZOO_COMMON_00426,1.0298190384595551,0.05516075764431014,4.2577963826572125,2
Hamraj et al. 2021,"Isla et al., 2008",2008,NA,https://onlinelibrary.wiley.com/doi/abs/10.1111/j.1365-2486.2008.01531.x,Zooplankton,Holoplankton,Calanoid copepod,Pseudocalanus sp,T,5,9,NA,0,NA,6,Respiration (Respiration/metabolic rate),negative,NA,Physiology,0.068713628,0.033180482,0.141983529,0.033253482,0.725763509,0.0527,NA,NA,Yes,NA,NA,NA,,NA,6,Isla_et_al_2008,NA,Pseudocalanus_sp,Calanoid_copepod,2008,NA,0,5,Isla_et_al_2008__2008__NA,ZOO_STUDY_0243,ZOO_ES_001216,ZOO_STUDY_0243__Pseudocalanus_sp__Calanoid_copepod__CO2NA__T0.00__NC5,ZOO_COMMON_00426,0.7257635086367441,0.05272949507756272,4.354849930366981,2
Hamraj et al. 2021,"Isla et al., 2008",2008,NA,https://onlinelibrary.wiley.com/doi/abs/10.1111/j.1365-2486.2008.01531.x?,Zooplankton,Holoplankton,Calanoid copepod,Pseudocalanus sp,T,11,10,NA,0,NA,2,Feeding rate (ingestion rate),positive,NA,Physiology,0.445443023,0.171126256,0.429599253,0.111506085,-0.0362,0.0202,NA,from Warming feeding sheet,Yes,NA,NA,NA,,NA,2,Isla_et_al_2008,NA,Pseudocalanus_sp,Calanoid_copepod,2008,NA,0,11,Isla_et_al_2008__2008__NA,ZOO_STUDY_0243,ZOO_ES_001217,ZOO_STUDY_0243__Pseudocalanus_sp__Calanoid_copepod__CO2NA__T0.00__NC11,ZOO_COMMON_00425,-0.036216539864776263,0.020154082018712247,7.043986082001647,2
Hamraj et al. 2021,"Isla et al., 2008",2008,NA,https://onlinelibrary.wiley.com/doi/abs/10.1111/j.1365-2486.2008.01531.x,Zooplankton,Holoplankton,Calanoid copepod,Pseudocalanus sp,T,8,8,NA,5,NA,9,Egg production,positive,NA,Reproduction,0.6868707,0.301220983,2.324096,0.301157768,1.21894036,0.0261,NA,NA,Yes,NA,NA,NA,,NA,4,Isla_et_al_2008,NA,Pseudocalanus_sp,Calanoid_copepod,2008,NA,5,8,Isla_et_al_2008__2008__NA,ZOO_STUDY_0243,ZOO_ES_001218,ZOO_STUDY_0243__Pseudocalanus_sp__Calanoid_copepod__CO2NA__T5.00__NC8,ZOO_COMMON_00427,1.2189403603064353,0.026138670854164117,6.1852641286147385,2
Hamraj et al. 2021,"Isla et al., 2008",2008,NA,https://onlinelibrary.wiley.com/doi/abs/10.1111/j.1365-2486.2008.01531.x?,Zooplankton,Holoplankton,Calanoid copepod,Pseudocalanus sp,T,11,11,NA,0,NA,4,Feeding rate (ingestion rate),positive,NA,Physiology,0.445443023,0.171126256,0.555193489,0.248715382,0.220247338,0.0317,NA,from Warming feeding sheet,Yes,NA,NA,NA,,NA,4,Isla_et_al_2008,NA,Pseudocalanus_sp,Calanoid_copepod,2008,NA,0,11,Isla_et_al_2008__2008__NA,ZOO_STUDY_0243,ZOO_ES_001219,ZOO_STUDY_0243__Pseudocalanus_sp__Calanoid_copepod__CO2NA__T0.00__NC11,ZOO_COMMON_00425,0.22024733758725007,0.03166118709209542,5.620001130768006,2
Hamraj et al. 2021,"Isla et al., 2008",2008,NA,https://onlinelibrary.wiley.com/doi/abs/10.1111/j.1365-2486.2008.01531.x,Zooplankton,Holoplankton,Calanoid copepod,Pseudocalanus sp,T,8,8,NA,5,NA,11,Egg production,positive,NA,Reproduction,0.6868707,0.301220983,1.75629685,1.264795606,0.938816744,0.0889,NA,NA,Yes,NA,NA,NA,,NA,6,Isla_et_al_2008,NA,Pseudocalanus_sp,Calanoid_copepod,2008,NA,5,8,Isla_et_al_2008__2008__NA,ZOO_STUDY_0243,ZOO_ES_001220,ZOO_STUDY_0243__Pseudocalanus_sp__Calanoid_copepod__CO2NA__T5.00__NC8,ZOO_COMMON_00427,0.9388167439811256,0.08886662099215784,3.3545221696800938,2.5
Hamraj et al. 2021,"Isla et al., 2008",2008,NA,https://onlinelibrary.wiley.com/doi/abs/10.1111/j.1365-2486.2008.01531.x,Zooplankton,Holoplankton,Calanoid copepod,Pseudocalanus sp,T,11,10,NA,0,NA,6,Feeding rate (ingestion rate),positive,NA,Physiology,0.445443023,0.171126256,0.427468702,0.11053301,-0.0412,0.0201,NA,from Warming feeding sheet,Yes,NA,NA,NA,,NA,6,Isla_et_al_2008,NA,Pseudocalanus_sp,Calanoid_copepod,2008,NA,0,11,Isla_et_al_2008__2008__NA,ZOO_STUDY_0243,ZOO_ES_001221,ZOO_STUDY_0243__Pseudocalanus_sp__Calanoid_copepod__CO2NA__T0.00__NC11,ZOO_COMMON_00425,-0.0411882702303024,0.020103165088456068,7.052900880565051,2
Hamraj et al. 2021,"Kang yet al., 2016",2016,NA,https://www.kci.go.kr/kciportal/landing/article.kci?arti_id=ART002174853,Zooplankton,Holoplankton,Calanoid copepod,Calanus sinicus,T,5,5,NA,8,NA,12,Egg production,positive,NA,Reproduction,2.4,3.697972417,3.6,3.959166579,0.405465108,0.716724537,NA,NA,Yes,NA,NA,NA,,NA,4,Kang_yet_al_2016,NA,Calanus_sinicus,Calanoid_copepod,2016,NA,8,5,Kang_yet_al_2016__2016__NA,ZOO_STUDY_0258,ZOO_ES_001223,ZOO_STUDY_0258__Calanus_sinicus__Calanoid_copepod__CO2NA__T8.00__NC5,ZOO_COMMON_00443,0.4054651081081644,0.7167245369333243,1.1812011568702263,2.5
Hamraj et al. 2021,"Kang yet al., 2016",2016,NA,https://www.kci.go.kr/kciportal/landing/article.kci?arti_id=ART002174853,Zooplankton,Holoplankton,Calanoid copepod,Calanus sinicus,T,6,6,NA,8,NA,12,Egg hatching,positive,NA,Reproduction,92,2,75,3,-0.204300464,3.45e-4,NA,NA,Yes,NA,NA,NA,,NA,4,Kang_yet_al_2016,NA,Calanus_sinicus,Calanoid_copepod,2016,NA,8,6,Kang_yet_al_2016__2016__NA,ZOO_STUDY_0258,ZOO_ES_001224,ZOO_STUDY_0258__Calanus_sinicus__Calanoid_copepod__CO2NA__T8.00__NC6,ZOO_COMMON_00444,-0.20430046351272993,3.4543163201008196e-4,53.80454309889632,4.25
Hamraj et al. 2021,Karlsson et 2018,2018,NA,https://link.springer.com/article/10.1007/s00227-017-3279-6,Zooplankton,Holoplankton,Calanoid copepod,Eurytemora affinis,T,423,423,NA,15,NA,20,Egg hatching,positive,NA,Reproduction,52,13,77,6,0.392561703,1.62e-4,NA,NA,Yes,NA,NA,NA,,NA,5,Karlsson_et_2018,NA,Eurytemora_affinis,Calanoid_copepod,2018,NA,15,423,Karlsson_et_2018__2018__NA,ZOO_STUDY_0261,ZOO_ES_001225,ZOO_STUDY_0261__Eurytemora_affinis__Calanoid_copepod__CO2NA__T15.00__NC423,ZOO_COMMON_00451,0.39256170327225653,1.6210839297327277e-4,78.54114888159121,4.25
Hamraj et al. 2021,"Kjellrup et al., 2012",2012,NA,https://www.int-res.com/journals/meps/articles/meps09551,Zooplankton,Holoplankton,Calanoid copepod,Calanus finmarchicus,T,25,25,NA,0,NA,2.5,Egg production,positive,NA,Reproduction,0.9,0.5,3.4,1,1.329135947,0.0158,NA,NA,Yes,NA,NA,NA,,NA,2.5,Kjellrup_et_al_2012,NA,Calanus_finmarchicus,Calanoid_copepod,2012,NA,0,25,Kjellrup_et_al_2012__2012__NA,ZOO_STUDY_0270,ZOO_ES_001227,ZOO_STUDY_0270__Calanus_finmarchicus__Calanoid_copepod__CO2NA__T0.00__NC25,ZOO_COMMON_00460,1.329135947279942,0.015805886624802427,7.954091247123555,2.75
Hamraj et al. 2021,"Kjellrup et al., 2012",2012,NA,https://www.int-res.com/journals/meps/articles/meps09551,Zooplankton,Holoplankton,Calanoid copepod,Calanus finmarchicus,T,30,30,NA,0,NA,5,Egg production,positive,NA,Reproduction,5,1.2,5.4,0.7,0.077,0.00248,NA,NA,Yes,NA,NA,NA,,NA,5,Kjellrup_et_al_2012,NA,Calanus_finmarchicus,Calanoid_copepod,2012,NA,0,30,Kjellrup_et_al_2012__2012__NA,ZOO_STUDY_0270,ZOO_ES_001228,ZOO_STUDY_0270__Calanus_finmarchicus__Calanoid_copepod__CO2NA__T0.00__NC30,ZOO_COMMON_00461,0.0769610411361284,0.0024801280292638317,20.079964918137552,3.5
Hamraj et al. 2021,"Kjellrup et al., 2012",2012,NA,https://www.int-res.com/journals/meps/articles/meps09551,Zooplankton,Holoplankton,Calanoid copepod,Calanus finmarchicus,T,30,30,NA,0,NA,7.5,Egg production,positive,NA,Reproduction,5,1.2,8.1,0.8,0.482426149,0.00225,NA,NA,Yes,NA,NA,NA,,NA,7.5,Kjellrup_et_al_2012,NA,Calanus_finmarchicus,Calanoid_copepod,2012,NA,0,30,Kjellrup_et_al_2012__2012__NA,ZOO_STUDY_0270,ZOO_ES_001229,ZOO_STUDY_0270__Calanus_finmarchicus__Calanoid_copepod__CO2NA__T0.00__NC30,ZOO_COMMON_00461,0.4824261492442926,0.0022451536859218616,21.10459209369119,3.5
Hamraj et al. 2021,"Kjellrup et al., 2012",2012,NA,https://www.int-res.com/journals/meps/articles/meps09551,Zooplankton,Holoplankton,Calanoid copepod,Calanus finmarchicus,T,30,30,NA,0,NA,10,Egg production,positive,NA,Reproduction,5,1.2,7.1,1,0.350656872,0.00258,NA,NA,Yes,NA,NA,NA,,NA,10,Kjellrup_et_al_2012,NA,Calanus_finmarchicus,Calanoid_copepod,2012,NA,0,30,Kjellrup_et_al_2012__2012__NA,ZOO_STUDY_0270,ZOO_ES_001230,ZOO_STUDY_0270__Calanus_finmarchicus__Calanoid_copepod__CO2NA__T0.00__NC30,ZOO_COMMON_00461,0.35065687161316933,0.00258124446207763,19.682734366299524,3.5
Hamraj et al. 2021,"Kjellrup et al., 2012",2012,NA,https://www.int-res.com/journals/meps/articles/meps09551,Zooplankton,Holoplankton,Calanoid copepod,Calanus glacialis,T,15,15,NA,0,NA,2.5,Egg production,positive,NA,Reproduction,6,1.9,15.8,0.9,0.968250471,0.0069,NA,NA,Yes,NA,NA,NA,,NA,2.5,Kjellrup_et_al_2012,NA,Calanus_glacialis,Calanoid_copepod,2012,NA,0,15,Kjellrup_et_al_2012__2012__NA,ZOO_STUDY_0270,ZOO_ES_001231,ZOO_STUDY_0270__Calanus_glacialis__Calanoid_copepod__CO2NA__T0.00__NC15,ZOO_COMMON_00462,0.9682504708048661,0.0069014966737286874,12.03727988077144,2.75
Hamraj et al. 2021,"Kjellrup et al., 2012",2012,NA,https://www.int-res.com/journals/meps/articles/meps09551,Zooplankton,Holoplankton,Calanoid copepod,Calanus glacialis,T,15,15,NA,0,NA,5,Egg production,positive,NA,Reproduction,6,1.9,21,2.1,1.252762968,0.00735,NA,NA,Yes,NA,NA,NA,,NA,5,Kjellrup_et_al_2012,NA,Calanus_glacialis,Calanoid_copepod,2012,NA,0,15,Kjellrup_et_al_2012__2012__NA,ZOO_STUDY_0270,ZOO_ES_001232,ZOO_STUDY_0270__Calanus_glacialis__Calanoid_copepod__CO2NA__T0.00__NC15,ZOO_COMMON_00462,1.252762968495368,0.007351851851851852,11.662767730410362,2.75
Hamraj et al. 2021,"Kjellrup et al., 2012",2012,NA,https://www.int-res.com/journals/meps/articles/meps09551,Zooplankton,Holoplankton,Calanoid copepod,Calanus glacialis,T,15,15,NA,0,NA,7.5,Egg production,positive,NA,Reproduction,6,1.9,18.4,1.6,1.120591195,0.00719,NA,NA,Yes,NA,NA,NA,,NA,7.5,Kjellrup_et_al_2012,NA,Calanus_glacialis,Calanoid_copepod,2012,NA,0,15,Kjellrup_et_al_2012__2012__NA,ZOO_STUDY_0270,ZOO_ES_001233,ZOO_STUDY_0270__Calanus_glacialis__Calanoid_copepod__CO2NA__T0.00__NC15,ZOO_COMMON_00462,1.1205911953868848,0.007189280963383043,11.793895400575638,2.75
Hamraj et al. 2021,"Kjellrup et al., 2012",2012,NA,https://www.int-res.com/journals/meps/articles/meps09551,Zooplankton,Holoplankton,Calanoid copepod,Calanus glacialis,T,15,15,NA,0,NA,10,Egg production,positive,NA,Reproduction,6,1.9,12.3,2.1,0.717839793,0.00863,NA,NA,Yes,NA,NA,NA,,NA,10,Kjellrup_et_al_2012,NA,Calanus_glacialis,Calanoid_copepod,2012,NA,0,15,Kjellrup_et_al_2012__2012__NA,ZOO_STUDY_0270,ZOO_ES_001234,ZOO_STUDY_0270__Calanus_glacialis__Calanoid_copepod__CO2NA__T0.00__NC15,ZOO_COMMON_00462,0.717839793150317,0.008628472910745366,10.765470866865932,2.75
Hamraj et al. 2021,"Kjellrup et al., 2012",2012,NA,https://www.int-res.com/journals/meps/articles/meps09551,Zooplankton,Holoplankton,Calanoid copepod,Calanus glacialis,T,20,20,NA,0,NA,2.5,Egg production,positive,NA,Reproduction,12.9,6.3,25.9,7.7,0.697015657,0.0163,NA,NA,Yes,NA,NA,NA,,NA,2.5,Kjellrup_et_al_2012,NA,Calanus_glacialis,Calanoid_copepod,2012,NA,0,20,Kjellrup_et_al_2012__2012__NA,ZOO_STUDY_0270,ZOO_ES_001235,ZOO_STUDY_0270__Calanus_glacialis__Calanoid_copepod__CO2NA__T0.00__NC20,ZOO_COMMON_00463,0.6970156573378656,0.01634464921120966,7.821898893108611,2.75
Hamraj et al. 2021,"Kjellrup et al., 2012",2012,NA,https://www.int-res.com/journals/meps/articles/meps09551,Zooplankton,Holoplankton,Calanoid copepod,Calanus glacialis,T,20,20,NA,0,NA,5,Egg production,positive,NA,Reproduction,12.9,6.3,27.6,7.8,0.760588461,0.0159,NA,NA,Yes,NA,NA,NA,,NA,5,Kjellrup_et_al_2012,NA,Calanus_glacialis,Calanoid_copepod,2012,NA,0,20,Kjellrup_et_al_2012__2012__NA,ZOO_STUDY_0270,ZOO_ES_001236,ZOO_STUDY_0270__Calanus_glacialis__Calanoid_copepod__CO2NA__T0.00__NC20,ZOO_COMMON_00463,0.760588461355478,0.015918748805106936,7.925844274501684,2.75
Hamraj et al. 2021,"Kjellrup et al., 2012",2012,NA,https://www.int-res.com/journals/meps/articles/meps09551,Zooplankton,Holoplankton,Calanoid copepod,Calanus glacialis,T,20,20,NA,0,NA,7.5,Egg production,positive,NA,Reproduction,12.9,6.3,43.1,8.4,1.206295686,0.0138,NA,NA,Yes,NA,NA,NA,,NA,7.5,Kjellrup_et_al_2012,NA,Calanus_glacialis,Calanoid_copepod,2012,NA,0,20,Kjellrup_et_al_2012__2012__NA,ZOO_STUDY_0270,ZOO_ES_001237,ZOO_STUDY_0270__Calanus_glacialis__Calanoid_copepod__CO2NA__T0.00__NC20,ZOO_COMMON_00463,1.2062956857420757,0.013824579644373957,8.504994411411337,2.75
Hamraj et al. 2021,"Kjellrup et al., 2012",2012,NA,https://www.int-res.com/journals/meps/articles/meps09551,Zooplankton,Holoplankton,Calanoid copepod,Calanus finmarchicus,T,25,25,NA,0,NA,5,Egg production,positive,NA,Reproduction,0.9,0.5,2.1,3,0.84729786,0.094,NA,NA,Yes,NA,NA,NA,,NA,5,Kjellrup_et_al_2012,NA,Calanus_finmarchicus,Calanoid_copepod,2012,NA,0,25,Kjellrup_et_al_2012__2012__NA,ZOO_STUDY_0270,ZOO_ES_001238,ZOO_STUDY_0270__Calanus_finmarchicus__Calanoid_copepod__CO2NA__T0.00__NC25,ZOO_COMMON_00460,0.8472978603872037,0.09397833207357016,3.262016350394536,2.5
Hamraj et al. 2021,"Kjellrup et al., 2012",2012,NA,https://www.int-res.com/journals/meps/articles/meps09551,Zooplankton,Holoplankton,Calanoid copepod,Calanus glacialis,T,20,20,NA,0,NA,10,Egg production,positive,NA,Reproduction,12.9,6.3,42.6,10,1.194626942,0.0147,NA,NA,Yes,NA,NA,NA,,NA,10,Kjellrup_et_al_2012,NA,Calanus_glacialis,Calanoid_copepod,2012,NA,0,20,Kjellrup_et_al_2012__2012__NA,ZOO_STUDY_0270,ZOO_ES_001239,ZOO_STUDY_0270__Calanus_glacialis__Calanoid_copepod__CO2NA__T0.00__NC20,ZOO_COMMON_00463,1.1946269419076982,0.014680550320852574,8.253322812012781,2.75
Hamraj et al. 2021,"Kjellrup et al., 2012",2012,NA,https://www.int-res.com/journals/meps/articles/meps09551,Zooplankton,Holoplankton,Calanoid copepod,Calanus glacialis,T,20,20,NA,0,NA,2.5,Egg production,positive,NA,Reproduction,3.4,1.4,5.2,1.9,0.424883194,0.0152,NA,NA,Yes,NA,NA,NA,,NA,2.5,Kjellrup_et_al_2012,NA,Calanus_glacialis,Calanoid_copepod,2012,NA,0,20,Kjellrup_et_al_2012__2012__NA,ZOO_STUDY_0270,ZOO_ES_001240,ZOO_STUDY_0270__Calanus_glacialis__Calanoid_copepod__CO2NA__T0.00__NC20,ZOO_COMMON_00463,0.424883193965266,0.015152804508507195,8.123692758767238,2.75
Hamraj et al. 2021,"Kjellrup et al., 2012",2012,NA,https://www.int-res.com/journals/meps/articles/meps09551,Zooplankton,Holoplankton,Calanoid copepod,Calanus glacialis,T,20,20,NA,0,NA,5,Egg production,positive,NA,Reproduction,3.4,1.4,7.3,2.7,0.764098917,0.0153,NA,NA,Yes,NA,NA,NA,,NA,5,Kjellrup_et_al_2012,NA,Calanus_glacialis,Calanoid_copepod,2012,NA,0,20,Kjellrup_et_al_2012__2012__NA,ZOO_STUDY_0270,ZOO_ES_001241,ZOO_STUDY_0270__Calanus_glacialis__Calanoid_copepod__CO2NA__T0.00__NC20,ZOO_COMMON_00463,0.7640989165322297,0.015317441095630685,8.07991683244712,2.75
Hamraj et al. 2021,"Kjellrup et al., 2012",2012,NA,https://www.int-res.com/journals/meps/articles/meps09551,Zooplankton,Holoplankton,Calanoid copepod,Calanus glacialis,T,20,20,NA,0,NA,7.5,Egg production,positive,NA,Reproduction,3.4,1.4,8.7,2.8,0.939547594,0.0137,NA,NA,Yes,NA,NA,NA,,NA,7.5,Kjellrup_et_al_2012,NA,Calanus_glacialis,Calanoid_copepod,2012,NA,0,20,Kjellrup_et_al_2012__2012__NA,ZOO_STUDY_0270,ZOO_ES_001242,ZOO_STUDY_0270__Calanus_glacialis__Calanoid_copepod__CO2NA__T0.00__NC20,ZOO_COMMON_00463,0.9395475940384223,0.013656528336078552,8.557163792956601,2.75
Hamraj et al. 2021,"Kjellrup et al., 2012",2012,NA,https://www.int-res.com/journals/meps/articles/meps09551,Zooplankton,Holoplankton,Calanoid copepod,Calanus glacialis,T,20,20,NA,0,NA,10,Egg production,positive,NA,Reproduction,3.4,1.4,6.8,2.6,0.693147181,0.0158,NA,NA,Yes,NA,NA,NA,,NA,10,Kjellrup_et_al_2012,NA,Calanus_glacialis,Calanoid_copepod,2012,NA,0,20,Kjellrup_et_al_2012__2012__NA,ZOO_STUDY_0270,ZOO_ES_001243,ZOO_STUDY_0270__Calanus_glacialis__Calanoid_copepod__CO2NA__T0.00__NC20,ZOO_COMMON_00463,0.6931471805599453,0.01578719723183391,7.958798009336879,2.75
Hamraj et al. 2021,"Kjellrup et al., 2012",2012,NA,https://www.int-res.com/journals/meps/articles/meps09551,Zooplankton,Holoplankton,Calanoid copepod,Calanus finmarchicus,T,30,30,NA,0,NA,2.5,Egg production,positive,NA,Reproduction,3,0.3,11.1,1.9,1.30833282,0.00131,NA,NA,Yes,NA,NA,NA,,NA,2.5,Kjellrup_et_al_2012,NA,Calanus_finmarchicus,Calanoid_copepod,2012,NA,0,30,Kjellrup_et_al_2012__2012__NA,ZOO_STUDY_0270,ZOO_ES_001246,ZOO_STUDY_0270__Calanus_finmarchicus__Calanoid_copepod__CO2NA__T0.00__NC30,ZOO_COMMON_00461,1.3083328196501787,0.0013099856613370128,27.62909940795593,3.5
Hamraj et al. 2021,"Kjellrup et al., 2012",2012,NA,https://www.int-res.com/journals/meps/articles/meps09551,Zooplankton,Holoplankton,Calanoid copepod,Calanus finmarchicus,T,30,30,NA,0,NA,5,Egg production,positive,NA,Reproduction,3,0.3,12.3,1.7,1.410986974,9.7e-4,NA,NA,Yes,NA,NA,NA,,NA,5,Kjellrup_et_al_2012,NA,Calanus_finmarchicus,Calanoid_copepod,2012,NA,0,30,Kjellrup_et_al_2012__2012__NA,ZOO_STUDY_0270,ZOO_ES_001247,ZOO_STUDY_0270__Calanus_finmarchicus__Calanoid_copepod__CO2NA__T0.00__NC30,ZOO_COMMON_00461,1.4109869737102623,9.700795381937558e-4,32.1067486335793,3.5
Hamraj et al. 2021,"Kjellrup et al., 2012",2012,NA,https://www.int-res.com/journals/meps/articles/meps09551,Zooplankton,Holoplankton,Calanoid copepod,Calanus finmarchicus,T,30,30,NA,0,NA,2.5,Egg production,positive,NA,Reproduction,5,1.2,5.6,1,0.113328685,0.00298,NA,NA,Yes,NA,NA,NA,,NA,2.5,Kjellrup_et_al_2012,NA,Calanus_finmarchicus,Calanoid_copepod,2012,NA,0,30,Kjellrup_et_al_2012__2012__NA,ZOO_STUDY_0270,ZOO_ES_001250,ZOO_STUDY_0270__Calanus_finmarchicus__Calanoid_copepod__CO2NA__T0.00__NC30,ZOO_COMMON_00461,0.11332868530700307,0.0029829251700680274,18.30959848306612,3.5
Hamraj et al. 2021,"Koch et al., 2017",2017,NA,https://journals.plos.org/plosone/article?id=10.1371%2Fjournal.pone.0174384,Zooplankton,Holoplankton,Non-calanoid copepod,Nitocra spinipes,T,34,139,NA,15,NA,20,Egg production,positive,NA,Reproduction,27.65,6.59,23.76,10.78,-0.151622233,0.00315,NA,NA,Yes,NA,NA,NA,,NA,5,Koch_et_al_2017,NA,Nitocra_spinipes,Non_calanoid_copepod,2017,NA,15,34,Koch_et_al_2017__2017__NA,ZOO_STUDY_0274,ZOO_ES_001251,ZOO_STUDY_0274__Nitocra_spinipes__Non_calanoid_copepod__CO2NA__T15.00__NC34,ZOO_COMMON_00468,-0.15162223347389953,0.003151626222300611,17.812818688567724,3.5
Hamraj et al. 2021,"Koch et al., 2017",2017,NA,https://journals.plos.org/plosone/article?id=10.1371%2Fjournal.pone.0174384,Zooplankton,Holoplankton,Non-calanoid copepod,Nitocra spinipes,T,34,43,NA,15,NA,25,Egg production,positive,NA,Reproduction,27.65,6.59,10.95,4.94,-0.926286272,0.0064,NA,NA,Yes,NA,NA,NA,,NA,10,Koch_et_al_2017,NA,Nitocra_spinipes,Non_calanoid_copepod,2017,NA,15,34,Koch_et_al_2017__2017__NA,ZOO_STUDY_0274,ZOO_ES_001252,ZOO_STUDY_0274__Nitocra_spinipes__Non_calanoid_copepod__CO2NA__T15.00__NC34,ZOO_COMMON_00468,-0.926286271705834,0.006403937778849605,12.496156286465391,2.75
Hamraj et al. 2021,Lechette et al 2016,2016,NA,https://academic.oup.com/plankt/article-abstract/38/3/456/2223391,Zooplankton,Holoplankton,Calanoid copepod,Pseudodiaptomus annandalei,T,10,10,NA,24,NA,26,"Respiration (Weight-specific respiration rate, Rsp)",negative,NA,Physiology,7.4608927,0.823791355,11.744696,2.058196876,0.453726662,0.00429,NA,NA,Yes,NA,NA,NA,,NA,2,Lechette_et_al_2016,NA,Pseudodiaptomus_annandalei,Calanoid_copepod,2016,NA,24,10,Lechette_et_al_2016__2016__NA,ZOO_STUDY_0294,ZOO_ES_001253,ZOO_STUDY_0294__Pseudodiaptomus_annandalei__Calanoid_copepod__CO2NA__T24.00__NC10,ZOO_COMMON_00505,0.45372666248552185,0.004290211926487836,15.267243316690607,2.75
Hamraj et al. 2021,Lechette et al 2016,2016,NA,https://academic.oup.com/plankt/article-abstract/38/3/456/2223391,Zooplankton,Holoplankton,Calanoid copepod,Pseudodiaptomus annandalei,T,10,10,NA,24,NA,28,"Respiration (Weight-specific respiration rate, Rsp)",negative,NA,Physiology,7.4608927,0.823791355,12.844799,2.882273785,0.54326391,0.00625,NA,NA,Yes,NA,NA,NA,,NA,4,Lechette_et_al_2016,NA,Pseudodiaptomus_annandalei,Calanoid_copepod,2016,NA,24,10,Lechette_et_al_2016__2016__NA,ZOO_STUDY_0294,ZOO_ES_001254,ZOO_STUDY_0294__Pseudodiaptomus_annandalei__Calanoid_copepod__CO2NA__T24.00__NC10,ZOO_COMMON_00505,0.5432639103915525,0.006254327721539271,12.644733567387135,2.75
Hamraj et al. 2021,Lechette et al 2016,2016,NA,https://academic.oup.com/plankt/article-abstract/38/3/456/2223391,Zooplankton,Holoplankton,Calanoid copepod,Pseudodiaptomus annandalei,T,10,10,NA,24,NA,30,"Respiration (Weight-specific respiration rate, Rsp)",negative,NA,Physiology,7.4608927,0.823791355,14.856627,4.323127653,0.688770956,0.00969,NA,NA,Yes,NA,NA,NA,,NA,6,Lechette_et_al_2016,NA,Pseudodiaptomus_annandalei,Calanoid_copepod,2016,NA,24,10,Lechette_et_al_2016__2016__NA,ZOO_STUDY_0294,ZOO_ES_001255,ZOO_STUDY_0294__Pseudodiaptomus_annandalei__Calanoid_copepod__CO2NA__T24.00__NC10,ZOO_COMMON_00505,0.6887709563936645,0.009686647254245213,10.160457358856897,2.75
Hamraj et al. 2021,Lechette et al 2016,2016,NA,https://academic.oup.com/plankt/article-abstract/38/3/456/2223391,Zooplankton,Holoplankton,Calanoid copepod,Pseudodiaptomus annandalei,T,10,10,NA,24,NA,32,"Respiration (Weight-specific respiration rate, Rsp)",negative,NA,Physiology,7.4608927,0.823791355,17.91345,11.32293361,0.875876755,0.0412,NA,NA,Yes,NA,NA,NA,,NA,8,Lechette_et_al_2016,NA,Pseudodiaptomus_annandalei,Calanoid_copepod,2016,NA,24,10,Lechette_et_al_2016__2016__NA,ZOO_STUDY_0294,ZOO_ES_001256,ZOO_STUDY_0294__Pseudodiaptomus_annandalei__Calanoid_copepod__CO2NA__T24.00__NC10,ZOO_COMMON_00505,0.8758767554018696,0.04117306301699478,4.928257726992015,2
Hamraj et al. 2021,Lechette et al 2016,2016,NA,https://academic.oup.com/plankt/article-abstract/38/3/456/2223391,Zooplankton,Holoplankton,Calanoid copepod,Pseudodiaptomus annandalei,T,10,10,NA,24,NA,34,"Respiration (Weight-specific respiration rate, Rsp)",negative,NA,Physiology,7.4608927,0.823791355,20.5792,12.35317521,1.014605785,0.0373,NA,NA,Yes,NA,NA,NA,,NA,10,Lechette_et_al_2016,NA,Pseudodiaptomus_annandalei,Calanoid_copepod,2016,NA,24,10,Lechette_et_al_2016__2016__NA,ZOO_STUDY_0294,ZOO_ES_001257,ZOO_STUDY_0294__Pseudodiaptomus_annandalei__Calanoid_copepod__CO2NA__T24.00__NC10,ZOO_COMMON_00505,1.0146057850226515,0.03725212182904846,5.181130040224163,2
Hamraj et al. 2021,"Lee et al., 2003",2003,NA,https://academic.oup.com/plankt/article-abstract/25/3/261/1432768?redirectedFrom=fulltext&login=false,Zooplankton,Holoplankton,Calanoid copepod,Pseudocalanus newmani,T,26,25,NA,3,NA,6,Egg production,positive,NA,Reproduction,3.427837219,0.315672256,3.174158112,0.363555239,-0.0769,8.51e-4,NA,NA,Yes,NA,NA,NA,,NA,3,Lee_et_al_2003,NA,Pseudocalanus_newmani,Calanoid_copepod,2003,NA,3,26,Lee_et_al_2003__2003__NA,ZOO_STUDY_0295,ZOO_ES_001258,ZOO_STUDY_0295__Pseudocalanus_newmani__Calanoid_copepod__CO2NA__T3.00__NC26,ZOO_COMMON_00506,-0.07688707829379483,8.509207542016209e-4,34.281154690939445,4.25
Hamraj et al. 2021,"Lee et al., 2003",2003,NA,https://academic.oup.com/plankt/article-abstract/25/3/261/1432768?redirectedFrom=fulltext&login=false,Zooplankton,Holoplankton,Calanoid copepod,Pseudocalanus newmani,T,26,22,NA,3,NA,10,Egg production,positive,NA,Reproduction,3.427837219,0.315672256,2.553293541,0.254427477,-0.294545403,7.78e-4,NA,NA,Yes,NA,NA,NA,,NA,7,Lee_et_al_2003,NA,Pseudocalanus_newmani,Calanoid_copepod,2003,NA,3,26,Lee_et_al_2003__2003__NA,ZOO_STUDY_0295,ZOO_ES_001259,ZOO_STUDY_0295__Pseudocalanus_newmani__Calanoid_copepod__CO2NA__T3.00__NC26,ZOO_COMMON_00506,-0.29454540340390145,7.775213556385787e-4,35.862770487002436,4.25
Hamraj et al. 2021,"Li et al., 2008",2008,NA,https://pubmed.ncbi.nlm.nih.gov/19082418/,Zooplankton,Holoplankton,Calanoid copepod,Schmackeria dubia,T,5,5,NA,15,NA,20,Feeding rate (ingestion rate),positive,NA,Physiology,1.1669322,2.2410285,1.9359556,0.5976247,0.50622280099999994,0.756680231,NA,from Warming feeding sheet,Yes,NA,NA,NA,,NA,5,Li_et_al_2008,NA,Schmackeria_dubia,Calanoid_copepod,2008,NA,15,5,Li_et_al_2008__2008__NA,ZOO_STUDY_0306,ZOO_ES_001262,ZOO_STUDY_0306__Schmackeria_dubia__Calanoid_copepod__CO2NA__T15.00__NC5,ZOO_COMMON_00532,0.5062228007767946,0.7566802310659485,1.1495921938121194,2.5
Hamraj et al. 2021,"Li et al., 2008",2008,NA,https://pubmed.ncbi.nlm.nih.gov/19082418/,Zooplankton,Holoplankton,Calanoid copepod,Schmackeria dubia,T,5,5,NA,15,NA,25,Feeding rate (ingestion rate),positive,NA,Physiology,1.1669322,2.2410285,2.2966113,1.6534178,0.677056435,0.84128355,NA,from Warming feeding sheet,Yes,NA,NA,NA,,NA,10,Li_et_al_2008,NA,Schmackeria_dubia,Calanoid_copepod,2008,NA,15,5,Li_et_al_2008__2008__NA,ZOO_STUDY_0306,ZOO_ES_001263,ZOO_STUDY_0306__Schmackeria_dubia__Calanoid_copepod__CO2NA__T15.00__NC5,ZOO_COMMON_00532,0.6770564347345298,0.8412835503474194,1.0902567932570095,2.5
Hamraj et al. 2021,"Mathews et al., 2018",2018,NA,https://pmc.ncbi.nlm.nih.gov/articles/PMC6096765/,Zooplankton,Holoplankton,Calanoid copepod,Parvocalanus crassiorostris,T,3,3,NA,24,NA,28,Feeding rate (ingestion rate),positive,NA,Physiology,29.896286,22.67716445,39.31752,22.94298056,0.273935962,0.305290846,NA,from Warming feeding sheet,Yes,NA,NA,NA,,NA,4,Mathews_et_al_2018,NA,Parvocalanus_crassiorostris,Calanoid_copepod,2018,NA,24,3,Mathews_et_al_2018__2018__NA,ZOO_STUDY_0338,ZOO_ES_001266,ZOO_STUDY_0338__Parvocalanus_crassiorostris__Calanoid_copepod__CO2NA__T24.00__NC3,ZOO_COMMON_00591,0.27393596242734103,0.3052908464011359,1.8098521936922165,2.5
Hamraj et al. 2021,"Mathews et al., 2018",2018,NA,https://pmc.ncbi.nlm.nih.gov/articles/PMC6096765/,Zooplankton,Holoplankton,Calanoid copepod,Parvocalanus crassiorostris,T,3,3,NA,24,NA,28,Feeding rate (ingestion rate),positive,NA,Physiology,614.1034,605.2995186,92.69069,44.95582904,-1.890895282,0.402255684,NA,from Warming feeding sheet,Yes,NA,NA,NA,,NA,4,Mathews_et_al_2018,NA,Parvocalanus_crassiorostris,Calanoid_copepod,2018,NA,24,3,Mathews_et_al_2018__2018__NA,ZOO_STUDY_0338,ZOO_ES_001270,ZOO_STUDY_0338__Parvocalanus_crassiorostris__Calanoid_copepod__CO2NA__T24.00__NC3,ZOO_COMMON_00591,-1.8908952818488225,0.4022556841010869,1.5766994102510317,2.5
Hamraj et al. 2021,"Mathews et al., 2018",2018,NA,https://pmc.ncbi.nlm.nih.gov/articles/PMC6096765/,Zooplankton,Holoplankton,Calanoid copepod,Parvocalanus crassiorostris,T,3,3,NA,24,NA,32,Feeding rate (ingestion rate),positive,NA,Physiology,614.1034,605.2995186,108.46702,59.75008905,-1.733717154,0.424993137,NA,from Warming feeding sheet,Yes,NA,NA,NA,,NA,8,Mathews_et_al_2018,NA,Parvocalanus_crassiorostris,Calanoid_copepod,2018,NA,24,3,Mathews_et_al_2018__2018__NA,ZOO_STUDY_0338,ZOO_ES_001272,ZOO_STUDY_0338__Parvocalanus_crassiorostris__Calanoid_copepod__CO2NA__T24.00__NC3,ZOO_COMMON_00591,-1.733717154236874,0.4249931370191278,1.5339423629413242,2.5
Hamraj et al. 2021,"Mathews et al., 2018",2018,NA,https://pmc.ncbi.nlm.nih.gov/articles/PMC6096765/,Zooplankton,Holoplankton,Calanoid copepod,Parvocalanus crassiorostris,T,3,3,NA,24,NA,28,Feeding rate (ingestion rate),positive,NA,Physiology,44.593258,5.828319791,150.72198,28.03826527,1.217854266,0.0172,NA,from Warming feeding sheet,Yes,NA,NA,NA,,NA,4,Mathews_et_al_2018,NA,Parvocalanus_crassiorostris,Calanoid_copepod,2018,NA,24,3,Mathews_et_al_2018__2018__NA,ZOO_STUDY_0338,ZOO_ES_001274,ZOO_STUDY_0338__Parvocalanus_crassiorostris__Calanoid_copepod__CO2NA__T24.00__NC3,ZOO_COMMON_00591,1.2178542660044225,0.017229398279214797,7.618420585368741,2
Hamraj et al. 2021,"Mathews et al., 2018",2018,NA,https://pmc.ncbi.nlm.nih.gov/articles/PMC6096765/,Zooplankton,Holoplankton,Calanoid copepod,Parvocalanus crassiorostris,T,3,3,NA,24,NA,32,Feeding rate (ingestion rate),positive,NA,Physiology,44.593258,5.828319791,49.13367,27.01810466,0.097,0.106487062,NA,from Warming feeding sheet,Yes,NA,NA,NA,,NA,8,Mathews_et_al_2018,NA,Parvocalanus_crassiorostris,Calanoid_copepod,2018,NA,24,3,Mathews_et_al_2018__2018__NA,ZOO_STUDY_0338,ZOO_ES_001275,ZOO_STUDY_0338__Parvocalanus_crassiorostris__Calanoid_copepod__CO2NA__T24.00__NC3,ZOO_COMMON_00591,0.09696186148675519,0.10648706201646829,3.064443210343785,2.5
Hamraj et al. 2021,"Mathews et al., 2018",2018,NA,https://pmc.ncbi.nlm.nih.gov/articles/PMC6096765/,Zooplankton,Holoplankton,Calanoid copepod,Parvocalanus crassiorostris,T,3,3,NA,24,NA,32,Feeding rate (ingestion rate),positive,NA,Physiology,24.590122,20.47802631,64.787605,35.68887398,0.968769487,0.332319882,NA,from Warming feeding sheet,Yes,NA,NA,NA,,NA,8,Mathews_et_al_2018,NA,Parvocalanus_crassiorostris,Calanoid_copepod,2018,NA,24,3,Mathews_et_al_2018__2018__NA,ZOO_STUDY_0338,ZOO_ES_001277,ZOO_STUDY_0338__Parvocalanus_crassiorostris__Calanoid_copepod__CO2NA__T24.00__NC3,ZOO_COMMON_00591,0.9687694866153109,0.3323198823166417,1.7346898497887495,2.5
Hamraj et al. 2021,"Mayor et al., 2012",2012,NA,https://academic.oup.com/plankt/article-abstract/34/3/258/1509733?redirectedFrom=fulltext&login=false,Zooplankton,Holoplankton,Calanoid copepod,Calanus helgolandicus,T,8,9,NA,8,NA,10,Egg hatching,positive,NA,Reproduction,46.44444444,13.03772,58.77777778,14.6353833,0.235506999,0.0167,NA,NA,Yes,NA,NA,NA,,NA,2,Mayor_et_al_2012,NA,Calanus_helgolandicus,Calanoid_copepod,2012,NA,8,8,Mayor_et_al_2012__2012__NA,ZOO_STUDY_0342,ZOO_ES_001278,ZOO_STUDY_0342__Calanus_helgolandicus__Calanoid_copepod__CO2NA__T8.00__NC8,ZOO_COMMON_00598,0.23550699946704404,0.016738949560244666,7.7292241053113715,2.75
Hamraj et al. 2021,"Mayor et al., 2012-2",2012,NA,https://academic.oup.com/plankt/article-abstract/34/3/258/1509733?redirectedFrom=fulltext&login=false,Zooplankton,Holoplankton,Calanoid copepod,Calanus helgolandicus,T,8,8,NA,8,NA,12,Egg hatching,positive,NA,Reproduction,46.44444444,13.03772,62.25,12.47569065,0.29290168,0.0149,NA,NA,Yes,NA,NA,NA,,NA,4,Mayor_et_al_2012_2,NA,Calanus_helgolandicus,Calanoid_copepod,2012,NA,8,8,Mayor_et_al_2012_2__2012__NA,ZOO_STUDY_0341,ZOO_ES_001279,ZOO_STUDY_0341__Calanus_helgolandicus__Calanoid_copepod__CO2NA__T8.00__NC8,ZOO_COMMON_00595,0.29290168025197394,0.014870872669768248,8.200338359849273,2.75
Hamraj et al. 2021,Milione and Zheng 2008,2008,NA,https://www.sciencedirect.com/science/article/pii/S0044848607011775,Zooplankton,Holoplankton,Calanoid copepod,Acartia sinjiensis,T,5,5,NA,10,NA,15,Egg hatching,positive,NA,Reproduction,20,0.002236068,10,15.65247584,-0.693147181,0.490000002,NA,NA,Yes,NA,NA,NA,,NA,5,Milione_and_Zheng_2008,NA,Acartia_sinjiensis,Calanoid_copepod,2008,NA,10,5,Milione_and_Zheng_2008__2008__NA,ZOO_STUDY_0352,ZOO_ES_001280,ZOO_STUDY_0352__Acartia_sinjiensis__Calanoid_copepod__CO2NA__T10.00__NC5,ZOO_COMMON_00616,-0.6931471805599453,0.4900000023435674,1.4285714251551496,2.5
Hamraj et al. 2021,Milione and Zheng 2008,2008,NA,https://www.sciencedirect.com/science/article/pii/S0044848607011775,Zooplankton,Holoplankton,Calanoid copepod,Acartia sinjiensis,T,5,5,NA,10,NA,20,Egg hatching,positive,NA,Reproduction,20,0.002236068,58,26.83281573,1.064710737,0.0428,NA,NA,Yes,NA,NA,NA,,NA,10,Milione_and_Zheng_2008,NA,Acartia_sinjiensis,Calanoid_copepod,2008,NA,10,5,Milione_and_Zheng_2008__2008__NA,ZOO_STUDY_0352,ZOO_ES_001281,ZOO_STUDY_0352__Acartia_sinjiensis__Calanoid_copepod__CO2NA__T10.00__NC5,ZOO_COMMON_00616,1.0647107369924282,0.04280618561534698,4.833333192192836,2
Hamraj et al. 2021,Nielsen et al 2007,2007,NA,https://link.springer.com/article/10.1007/s00360-006-0128-1,Zooplankton,Holoplankton,Calanoid copepod,Acartia tonsa,T,6,6,NA,9,NA,14,Egg hatching,positive,NA,Reproduction,10,5,18,1,0.587786665,0.0422,NA,NA,Yes,NA,NA,NA,,NA,5,Nielsen_et_al_2007,NA,Acartia_tonsa,Calanoid_copepod,2007,NA,9,6,Nielsen_et_al_2007__2007__NA,ZOO_STUDY_0372,ZOO_ES_001282,ZOO_STUDY_0372__Acartia_tonsa__Calanoid_copepod__CO2NA__T9.00__NC6,ZOO_COMMON_00648,0.5877866649021191,0.04218106995884773,4.869016027204135,2
Hamraj et al. 2021,Ozaki and Ikeda 1997,1997,NA,https://www.plankton.jp/PBE/issue/vol44_1_2/vol44_1_2_091.pdf,Zooplankton,Holoplankton,Calanoid copepod,Paraeuchaeta elongata,T,11,15,NA,2,NA,5,Egg hatching (egg development time),negative,NA,Reproduction,100,1,100,1,0,1.58e-5,NA,NA,Yes,NA,NA,NA,,NA,3,Ozaki_and_Ikeda_1997,NA,Paraeuchaeta_elongata,Calanoid_copepod,1997,NA,2,11,Ozaki_and_Ikeda_1997__1997__NA,ZOO_STUDY_0388,ZOO_ES_001284,ZOO_STUDY_0388__Paraeuchaeta_elongata__Calanoid_copepod__CO2NA__T2.00__NC11,ZOO_COMMON_00672,0,1.5757575757575756e-5,251.91573682788945,4.25
Hamraj et al. 2021,Ozaki and Ikeda 1997,1997,NA,https://www.plankton.jp/PBE/issue/vol44_1_2/vol44_1_2_091.pdf,Zooplankton,Holoplankton,Calanoid copepod,Paraeuchaeta elongata,T,11,16,NA,2,NA,10,Egg hatching (egg development time),negative,NA,Reproduction,100,1,100,1,0,1.53e-5,NA,NA,Yes,NA,NA,NA,,NA,8,Ozaki_and_Ikeda_1997,NA,Paraeuchaeta_elongata,Calanoid_copepod,1997,NA,2,11,Ozaki_and_Ikeda_1997__1997__NA,ZOO_STUDY_0388,ZOO_ES_001285,ZOO_STUDY_0388__Paraeuchaeta_elongata__Calanoid_copepod__CO2NA__T2.00__NC11,ZOO_COMMON_00672,0,1.534090909090909e-5,255.31389540169013,4.25
Hamraj et al. 2021,"Pasternak et al., 2012",2012,NA,https://link.springer.com/article/10.1134/S0001437013040085,Zooplankton,Holoplankton,Calanoid copepod,Calanus finmarchicus,T,10,10,NA,0,NA,2.5,Egg production,positive,NA,Reproduction,4,4.74341649,10,6.32455532,0.916290732,0.180625,NA,NA,Yes,NA,NA,NA,,NA,2.5,Pasternak_et_al_2012,NA,Calanus_finmarchicus,Calanoid_copepod,2012,NA,0,10,Pasternak_et_al_2012__2012__NA,ZOO_STUDY_0408,ZOO_ES_001286,ZOO_STUDY_0408__Calanus_finmarchicus__Calanoid_copepod__CO2NA__T0.00__NC10,ZOO_COMMON_00702,0.9162907318741551,0.18062499998076484,2.352941176595873,2.5
Hamraj et al. 2021,"Pasternak et al., 2012",2012,NA,https://link.springer.com/article/10.1134/S0001437013040085,Zooplankton,Holoplankton,Calanoid copepod,Calanus finmarchicus,T,10,10,NA,0,NA,5,Egg production,positive,NA,Reproduction,11,6.32455532,12,6.32455532,0.087,0.0608,NA,NA,Yes,NA,NA,NA,,NA,5,Pasternak_et_al_2012,NA,Calanus_finmarchicus,Calanoid_copepod,2012,NA,0,10,Pasternak_et_al_2012__2012__NA,ZOO_STUDY_0408,ZOO_ES_001287,ZOO_STUDY_0408__Calanus_finmarchicus__Calanoid_copepod__CO2NA__T0.00__NC10,ZOO_COMMON_00702,0.0870113769896297,0.060835629010968666,4.054347771319956,2
Hamraj et al. 2021,"Pasternak et al., 2012",2012,NA,https://link.springer.com/article/10.1134/S0001437013040085,Zooplankton,Holoplankton,Calanoid copepod,Calanus finmarchicus,T,10,10,NA,0,NA,7.5,Egg production,positive,NA,Reproduction,11,6.32455532,14,11.06797181,0.241162057,0.0956,NA,NA,Yes,NA,NA,NA,,NA,7.5,Pasternak_et_al_2012,NA,Calanus_finmarchicus,Calanoid_copepod,2012,NA,0,10,Pasternak_et_al_2012__2012__NA,ZOO_STUDY_0408,ZOO_ES_001288,ZOO_STUDY_0408__Calanus_finmarchicus__Calanoid_copepod__CO2NA__T0.00__NC10,ZOO_COMMON_00702,0.24116205681688804,0.09555785122949323,3.234944337385003,2.5
Hamraj et al. 2021,"Pasternak et al., 2012",2012,NA,https://link.springer.com/article/10.1134/S0001437013040085,Zooplankton,Holoplankton,Calanoid copepod,Calanus finmarchicus,T,10,10,NA,0,NA,10,Egg production,positive,NA,Reproduction,11,6.32455532,16,9.486832981,0.374693449,0.0682,NA,NA,Yes,NA,NA,NA,,NA,10,Pasternak_et_al_2012,NA,Calanus_finmarchicus,Calanoid_copepod,2012,NA,0,10,Pasternak_et_al_2012__2012__NA,ZOO_STUDY_0408,ZOO_ES_001289,ZOO_STUDY_0408__Calanus_finmarchicus__Calanoid_copepod__CO2NA__T0.00__NC10,ZOO_COMMON_00702,0.3746934494414107,0.06821410123981672,3.828802098401492,2
Hamraj et al. 2021,"Pasternak et al., 2012",2012,NA,https://link.springer.com/article/10.1134/S0001437013040085,Zooplankton,Holoplankton,Calanoid copepod,Calanus finmarchicus,T,10,10,NA,0,NA,2.5,Egg production,positive,NA,Reproduction,3,9.486832981,4,12.64911064,0.287682072,2,NA,NA,Yes,NA,NA,NA,,NA,2.5,Pasternak_et_al_2012,NA,Calanus_finmarchicus,Calanoid_copepod,2012,NA,0,10,Pasternak_et_al_2012__2012__NA,ZOO_STUDY_0408,ZOO_ES_001290,ZOO_STUDY_0408__Calanus_finmarchicus__Calanoid_copepod__CO2NA__T0.00__NC10,ZOO_COMMON_00702,0.28768207245178085,1.9999999999978335,0.7071067811869305,2.5
Hamraj et al. 2021,"Pasternak et al., 2012",2012,NA,https://link.springer.com/article/10.1134/S0001437013040085,Zooplankton,Holoplankton,Calanoid copepod,Calanus finmarchicus,T,10,10,NA,0,NA,5,Egg production,positive,NA,Reproduction,3,9.486832981,6,11.06797181,0.693147181,1.340277778,NA,NA,Yes,NA,NA,NA,,NA,5,Pasternak_et_al_2012,NA,Calanus_finmarchicus,Calanoid_copepod,2012,NA,0,10,Pasternak_et_al_2012__2012__NA,ZOO_STUDY_0408,ZOO_ES_001291,ZOO_STUDY_0408__Calanus_finmarchicus__Calanoid_copepod__CO2NA__T0.00__NC10,ZOO_COMMON_00702,0.6931471805599453,1.3402777778458665,0.8637789008764927,2.5
Hamraj et al. 2021,"Pasternak et al., 2012",2012,NA,https://link.springer.com/article/10.1134/S0001437013040085,Zooplankton,Holoplankton,Calanoid copepod,Calanus finmarchicus,T,10,10,NA,0,NA,7.5,Egg production,positive,NA,Reproduction,3,9.486832981,5,12.64911064,0.510825624,1.64,NA,NA,Yes,NA,NA,NA,,NA,7.5,Pasternak_et_al_2012,NA,Calanus_finmarchicus,Calanoid_copepod,2012,NA,0,10,Pasternak_et_al_2012__2012__NA,ZOO_STUDY_0408,ZOO_ES_001292,ZOO_STUDY_0408__Calanus_finmarchicus__Calanoid_copepod__CO2NA__T0.00__NC10,ZOO_COMMON_00702,0.5108256237659907,1.6400000000361707,0.7808688094344192,2.5
Hamraj et al. 2021,"Pasternak et al., 2012",2012,NA,https://link.springer.com/article/10.1134/S0001437013040085,Zooplankton,Holoplankton,Calanoid copepod,Calanus finmarchicus,T,10,10,NA,0,NA,10,Egg production,positive,NA,Reproduction,3,9.486832981,11,28.46049894,1.299282984,1.669421488,NA,NA,Yes,NA,NA,NA,,NA,10,Pasternak_et_al_2012,NA,Calanus_finmarchicus,Calanoid_copepod,2012,NA,0,10,Pasternak_et_al_2012__2012__NA,ZOO_STUDY_0408,ZOO_ES_001293,ZOO_STUDY_0408__Calanus_finmarchicus__Calanoid_copepod__CO2NA__T0.00__NC10,ZOO_COMMON_00702,1.2992829841302609,1.6694214876363433,0.7739572991956628,2.5
Hamraj et al. 2021,"Pasternak et al., 2012",2012,NA,https://link.springer.com/article/10.1134/S0001437013040085,Zooplankton,Holoplankton,Calanoid copepod,Calanus finmarchicus,T,10,10,NA,0,NA,2.5,Egg production,positive,NA,Reproduction,9,6.32455532,11,9.486832981,0.200670695,0.123762881,NA,NA,Yes,NA,NA,NA,,NA,2.5,Pasternak_et_al_2012,NA,Calanus_finmarchicus,Calanoid_copepod,2012,NA,0,10,Pasternak_et_al_2012__2012__NA,ZOO_STUDY_0408,ZOO_ES_001294,ZOO_STUDY_0408__Calanus_finmarchicus__Calanoid_copepod__CO2NA__T0.00__NC10,ZOO_COMMON_00702,0.20067069546215124,0.1237628813411398,2.842528280201341,2.5
Hamraj et al. 2021,"Pasternak et al., 2012",2012,NA,https://link.springer.com/article/10.1134/S0001437013040085,Zooplankton,Holoplankton,Calanoid copepod,Calanus finmarchicus,T,10,10,NA,0,NA,5,Egg production,positive,NA,Reproduction,9,6.32455532,11,1.58113883,0.200670695,0.0514,NA,NA,Yes,NA,NA,NA,,NA,5,Pasternak_et_al_2012,NA,Calanus_finmarchicus,Calanoid_copepod,2012,NA,0,10,Pasternak_et_al_2012__2012__NA,ZOO_STUDY_0408,ZOO_ES_001295,ZOO_STUDY_0408__Calanus_finmarchicus__Calanoid_copepod__CO2NA__T0.00__NC10,ZOO_COMMON_00702,0.20067069546215124,0.05144883174638314,4.408717195506292,2
Hamraj et al. 2021,"Pasternak et al., 2012",2012,NA,https://link.springer.com/article/10.1134/S0001437013040085,Zooplankton,Holoplankton,Calanoid copepod,Calanus finmarchicus,T,10,10,NA,0,NA,7.5,Egg production,positive,NA,Reproduction,9,6.32455532,10,3.16227766,0.105360516,0.0594,NA,NA,Yes,NA,NA,NA,,NA,7.5,Pasternak_et_al_2012,NA,Calanus_finmarchicus,Calanoid_copepod,2012,NA,0,10,Pasternak_et_al_2012__2012__NA,ZOO_STUDY_0408,ZOO_ES_001296,ZOO_STUDY_0408__Calanus_finmarchicus__Calanoid_copepod__CO2NA__T0.00__NC10,ZOO_COMMON_00702,0.10536051565782635,0.059382716043058906,4.103646773506482,2
Hamraj et al. 2021,"Pasternak et al., 2012",2012,NA,https://link.springer.com/article/10.1134/S0001437013040085,Zooplankton,Holoplankton,Calanoid copepod,Calanus finmarchicus,T,10,10,NA,0,NA,5,Egg production,positive,NA,Reproduction,4,4.74341649,7,4.74341649,0.559615788,0.186543367,NA,NA,Yes,NA,NA,NA,,NA,5,Pasternak_et_al_2012,NA,Calanus_finmarchicus,Calanoid_copepod,2012,NA,0,10,Pasternak_et_al_2012__2012__NA,ZOO_STUDY_0408,ZOO_ES_001297,ZOO_STUDY_0408__Calanus_finmarchicus__Calanoid_copepod__CO2NA__T0.00__NC10,ZOO_COMMON_00702,0.5596157879354227,0.18654336732707336,2.3153150457885063,2.5
Hamraj et al. 2021,"Pasternak et al., 2012",2012,NA,https://link.springer.com/article/10.1134/S0001437013040085,Zooplankton,Holoplankton,Calanoid copepod,Calanus finmarchicus,T,10,10,NA,0,NA,10,Egg production,positive,NA,Reproduction,9,6.32455532,9,1.58113883,0,0.0525,NA,NA,Yes,NA,NA,NA,,NA,10,Pasternak_et_al_2012,NA,Calanus_finmarchicus,Calanoid_copepod,2012,NA,0,10,Pasternak_et_al_2012__2012__NA,ZOO_STUDY_0408,ZOO_ES_001298,ZOO_STUDY_0408__Calanus_finmarchicus__Calanoid_copepod__CO2NA__T0.00__NC10,ZOO_COMMON_00702,0,0.05246913579688157,4.365641250886448,2
Hamraj et al. 2021,"Pasternak et al., 2012",2012,NA,https://link.springer.com/article/10.1134/S0001437013040085,Zooplankton,Holoplankton,Calanoid copepod,Calanus finmarchicus,T,10,10,NA,0,NA,2.5,Egg production,positive,NA,Reproduction,9,3.16227766,9,3.16227766,0,0.0247,NA,NA,Yes,NA,NA,NA,,NA,2.5,Pasternak_et_al_2012,NA,Calanus_finmarchicus,Calanoid_copepod,2012,NA,0,10,Pasternak_et_al_2012__2012__NA,ZOO_STUDY_0408,ZOO_ES_001299,ZOO_STUDY_0408__Calanus_finmarchicus__Calanoid_copepod__CO2NA__T0.00__NC10,ZOO_COMMON_00702,0,0.024691358022061915,6.3639610310177845,2
Hamraj et al. 2021,"Pasternak et al., 2012",2012,NA,https://link.springer.com/article/10.1134/S0001437013040085,Zooplankton,Holoplankton,Calanoid copepod,Calanus finmarchicus,T,10,10,NA,0,NA,5,Egg production,positive,NA,Reproduction,9,3.16227766,9,4.74341649,0,0.0401,NA,NA,Yes,NA,NA,NA,,NA,5,Pasternak_et_al_2012,NA,Calanus_finmarchicus,Calanoid_copepod,2012,NA,0,10,Pasternak_et_al_2012__2012__NA,ZOO_STUDY_0408,ZOO_ES_001300,ZOO_STUDY_0408__Calanus_finmarchicus__Calanoid_copepod__CO2NA__T0.00__NC10,ZOO_COMMON_00702,0,0.040123456785850616,4.992301766292883,2
Hamraj et al. 2021,"Pasternak et al., 2012",2012,NA,https://link.springer.com/article/10.1134/S0001437013040085,Zooplankton,Holoplankton,Calanoid copepod,Calanus finmarchicus,T,10,10,NA,0,NA,7.5,Egg production,positive,NA,Reproduction,9,3.16227766,8,3.16227766,-0.117783036,0.028,NA,NA,Yes,NA,NA,NA,,NA,7.5,Pasternak_et_al_2012,NA,Calanus_finmarchicus,Calanoid_copepod,2012,NA,0,10,Pasternak_et_al_2012__2012__NA,ZOO_STUDY_0408,ZOO_ES_001301,ZOO_STUDY_0408__Calanus_finmarchicus__Calanoid_copepod__CO2NA__T0.00__NC10,ZOO_COMMON_00702,-0.11778303565638351,0.027970679009367012,5.979274549787651,2
Hamraj et al. 2021,"Pasternak et al., 2012",2012,NA,https://link.springer.com/article/10.1134/S0001437013040085,Zooplankton,Holoplankton,Calanoid copepod,Calanus finmarchicus,T,10,10,NA,0,NA,10,Egg production,positive,NA,Reproduction,9,3.16227766,5,3.16227766,-0.587786665,0.0523,NA,NA,Yes,NA,NA,NA,,NA,10,Pasternak_et_al_2012,NA,Calanus_finmarchicus,Calanoid_copepod,2012,NA,0,10,Pasternak_et_al_2012__2012__NA,ZOO_STUDY_0408,ZOO_ES_001302,ZOO_STUDY_0408__Calanus_finmarchicus__Calanoid_copepod__CO2NA__T0.00__NC10,ZOO_COMMON_00702,-0.587786664902119,0.05234567900677126,4.370786380840417,2
Hamraj et al. 2021,"Pasternak et al., 2012",2012,NA,https://link.springer.com/article/10.1134/S0001437013040085,Zooplankton,Holoplankton,Calanoid copepod,Calanus glacialis,T,10,10,NA,0,NA,2.5,Egg production,positive,NA,Reproduction,25,9.486832981,33,18.97366596,0.277631737,0.0475,NA,NA,Yes,NA,NA,NA,,NA,2.5,Pasternak_et_al_2012,NA,Calanus_glacialis,Calanoid_copepod,2012,NA,0,10,Pasternak_et_al_2012__2012__NA,ZOO_STUDY_0408,ZOO_ES_001303,ZOO_STUDY_0408__Calanus_glacialis__Calanoid_copepod__CO2NA__T0.00__NC10,ZOO_COMMON_00703,0.27763173659827955,0.04745785123765131,4.590351736187089,2
Hamraj et al. 2021,"Pasternak et al., 2012",2012,NA,https://link.springer.com/article/10.1134/S0001437013040085,Zooplankton,Holoplankton,Calanoid copepod,Calanus glacialis,T,10,10,NA,0,NA,5,Egg production,positive,NA,Reproduction,25,9.486832981,31,14.23024947,0.21511138,0.0355,NA,NA,Yes,NA,NA,NA,,NA,5,Pasternak_et_al_2012,NA,Calanus_glacialis,Calanoid_copepod,2012,NA,0,10,Pasternak_et_al_2012__2012__NA,ZOO_STUDY_0408,ZOO_ES_001304,ZOO_STUDY_0408__Calanus_glacialis__Calanoid_copepod__CO2NA__T0.00__NC10,ZOO_COMMON_00703,0.2151113796169455,0.03547180020737485,5.309558194573995,2
Hamraj et al. 2021,"Pasternak et al., 2012",2012,NA,https://link.springer.com/article/10.1134/S0001437013040085,Zooplankton,Holoplankton,Calanoid copepod,Calanus glacialis,T,10,10,NA,0,NA,7.5,Egg production,positive,NA,Reproduction,25,9.486832981,22,15.8113883,-0.127833372,0.0661,NA,NA,Yes,NA,NA,NA,,NA,7.5,Pasternak_et_al_2012,NA,Calanus_glacialis,Calanoid_copepod,2012,NA,0,10,Pasternak_et_al_2012__2012__NA,ZOO_STUDY_0408,ZOO_ES_001305,ZOO_STUDY_0408__Calanus_glacialis__Calanoid_copepod__CO2NA__T0.00__NC10,ZOO_COMMON_00703,-0.12783337150988489,0.06605289255798513,3.890935930365476,2
Hamraj et al. 2021,"Pasternak et al., 2012",2012,NA,https://link.springer.com/article/10.1134/S0001437013040085,Zooplankton,Holoplankton,Calanoid copepod,Calanus glacialis,T,10,10,NA,0,NA,10,Egg production,positive,NA,Reproduction,25,9.486832981,14,12.64911064,-0.579818495,0.096,NA,NA,Yes,NA,NA,NA,,NA,10,Pasternak_et_al_2012,NA,Calanus_glacialis,Calanoid_copepod,2012,NA,0,10,Pasternak_et_al_2012__2012__NA,ZOO_STUDY_0408,ZOO_ES_001306,ZOO_STUDY_0408__Calanus_glacialis__Calanoid_copepod__CO2NA__T0.00__NC10,ZOO_COMMON_00703,-0.579818495252942,0.09603265305403352,3.2269373697465817,2.5
Hamraj et al. 2021,"Pasternak et al., 2012",2012,NA,https://link.springer.com/article/10.1134/S0001437013040085,Zooplankton,Holoplankton,Calanoid copepod,Calanus finmarchicus,T,10,10,NA,0,NA,7.5,Egg production,positive,NA,Reproduction,4,4.74341649,17,11.06797181,1.446918983,0.183012543,NA,NA,Yes,NA,NA,NA,,NA,7.5,Pasternak_et_al_2012,NA,Calanus_finmarchicus,Calanoid_copepod,2012,NA,0,10,Pasternak_et_al_2012__2012__NA,ZOO_STUDY_0408,ZOO_ES_001307,ZOO_STUDY_0408__Calanus_finmarchicus__Calanoid_copepod__CO2NA__T0.00__NC10,ZOO_COMMON_00702,1.4469189829363254,0.18301254323310573,2.3375428022033833,2.5
Hamraj et al. 2021,"Pasternak et al., 2012",2012,NA,https://link.springer.com/article/10.1134/S0001437013040085,Zooplankton,Holoplankton,Calanoid copepod,Calanus finmarchicus,T,10,10,NA,0,NA,10,Egg production,positive,NA,Reproduction,4,4.74341649,12,7.90569415,1.098612289,0.184027778,NA,NA,Yes,NA,NA,NA,,NA,10,Pasternak_et_al_2012,NA,Calanus_finmarchicus,Calanoid_copepod,2012,NA,0,10,Pasternak_et_al_2012__2012__NA,ZOO_STUDY_0408,ZOO_ES_001308,ZOO_STUDY_0408__Calanus_finmarchicus__Calanoid_copepod__CO2NA__T0.00__NC10,ZOO_COMMON_00702,1.0986122886681098,0.18402777775818024,2.331086069781555,2.5
Hamraj et al. 2021,"Pasternak et al., 2012",2012,NA,https://link.springer.com/article/10.1134/S0001437013040085,Zooplankton,Holoplankton,Calanoid copepod,Calanus finmarchicus,T,10,10,NA,0,NA,2.5,Egg production,positive,NA,Reproduction,9,12.64911064,16,12.64911064,0.575364145,0.260030864,NA,NA,Yes,NA,NA,NA,,NA,2.5,Pasternak_et_al_2012,NA,Calanus_finmarchicus,Calanoid_copepod,2012,NA,0,10,Pasternak_et_al_2012__2012__NA,ZOO_STUDY_0408,ZOO_ES_001309,ZOO_STUDY_0408__Calanus_finmarchicus__Calanoid_copepod__CO2NA__T0.00__NC10,ZOO_COMMON_00702,0.5753641449035618,0.26003086416983956,1.9610449586346541,2.5
Hamraj et al. 2021,"Pasternak et al., 2012",2012,NA,https://link.springer.com/article/10.1134/S0001437013040085,Zooplankton,Holoplankton,Calanoid copepod,Calanus finmarchicus,T,10,10,NA,0,NA,5,Egg production,positive,NA,Reproduction,9,12.64911064,12,6.32455532,0.287682072,0.225308642,NA,NA,Yes,NA,NA,NA,,NA,5,Pasternak_et_al_2012,NA,Calanus_finmarchicus,Calanoid_copepod,2012,NA,0,10,Pasternak_et_al_2012__2012__NA,ZOO_STUDY_0408,ZOO_ES_001310,ZOO_STUDY_0408__Calanus_finmarchicus__Calanoid_copepod__CO2NA__T0.00__NC10,ZOO_COMMON_00702,0.28768207245178085,0.22530864195131498,2.1067406496425263,2.5
Hamraj et al. 2021,"Pasternak et al., 2012",2012,NA,https://link.springer.com/article/10.1134/S0001437013040085,Zooplankton,Holoplankton,Calanoid copepod,Calanus finmarchicus,T,10,10,NA,0,NA,7.5,Egg production,positive,NA,Reproduction,9,12.64911064,23,14.23024947,0.938269639,0.235810637,NA,NA,Yes,NA,NA,NA,,NA,7.5,Pasternak_et_al_2012,NA,Calanus_finmarchicus,Calanoid_copepod,2012,NA,0,10,Pasternak_et_al_2012__2012__NA,ZOO_STUDY_0408,ZOO_ES_001311,ZOO_STUDY_0408__Calanus_finmarchicus__Calanoid_copepod__CO2NA__T0.00__NC10,ZOO_COMMON_00702,0.9382696385929302,0.23581063732931862,2.0592937621616803,2.5
Hamraj et al. 2021,"Pasternak et al., 2012",2012,NA,https://link.springer.com/article/10.1134/S0001437013040085,Zooplankton,Holoplankton,Calanoid copepod,Calanus finmarchicus,T,10,10,NA,0,NA,10,Egg production,positive,NA,Reproduction,9,12.64911064,22,14.23024947,0.893817876,0.239369707,NA,NA,Yes,NA,NA,NA,,NA,10,Pasternak_et_al_2012,NA,Calanus_finmarchicus,Calanoid_copepod,2012,NA,0,10,Pasternak_et_al_2012__2012__NA,ZOO_STUDY_0408,ZOO_ES_001312,ZOO_STUDY_0408__Calanus_finmarchicus__Calanoid_copepod__CO2NA__T0.00__NC10,ZOO_COMMON_00702,0.8938178760220965,0.23936970714724642,2.043927118128716,2.5
Hamraj et al. 2021,"Pasternak et al., 2012",2012,NA,https://link.springer.com/article/10.1134/S0001437013040085,Zooplankton,Holoplankton,Calanoid copepod,Calanus finmarchicus,T,10,10,NA,0,NA,2.5,Egg production,positive,NA,Reproduction,11,6.32455532,20,9.486832981,0.597837001,0.0556,NA,NA,Yes,NA,NA,NA,,NA,2.5,Pasternak_et_al_2012,NA,Calanus_finmarchicus,Calanoid_copepod,2012,NA,0,10,Pasternak_et_al_2012__2012__NA,ZOO_STUDY_0408,ZOO_ES_001313,ZOO_STUDY_0408__Calanus_finmarchicus__Calanoid_copepod__CO2NA__T0.00__NC10,ZOO_COMMON_00702,0.5978370007556204,0.05555785123849634,4.2425530320152145,2
Hamraj et al. 2021,Preziosi and Runge 2014,2014,NA,https://academic.oup.com/plankt/article-abstract/36/5/1381/1855785,Zooplankton,Holoplankton,Calanoid copepod,Calanus finmarchicus,T,30,30,NA,6,NA,15,Egg hatching,positive,NA,Reproduction,80.7101,9.86058,69.20421,12.3223,-0.153802023,0.00155,NA,NA,Yes,NA,NA,NA,,NA,9,Preziosi_and_Runge_2014,NA,Calanus_finmarchicus,Calanoid_copepod,2014,NA,6,30,Preziosi_and_Runge_2014__2014__NA,ZOO_STUDY_0426,ZOO_ES_001314,ZOO_STUDY_0426__Calanus_finmarchicus__Calanoid_copepod__CO2NA__T6.00__NC30,ZOO_COMMON_00735,-0.1538020234160065,0.0015543507465116883,25.36445218356637,3.5
Hamraj et al. 2021,"Rhyne et al., 2009",2009,NA,https://www.sciencedirect.com/science/article/abs/pii/S0044848609002725,Zooplankton,Holoplankton,Calanoid copepod,Pseudodiaptomus pelagicus,T,6,6,NA,24,NA,26,Egg production,positive,NA,Reproduction,16.2,1.5,10.9,6.4,-0.396248453,0.0589,NA,NA,Yes,NA,NA,NA,,NA,2,Rhyne_et_al_2009,NA,Pseudodiaptomus_pelagicus,Calanoid_copepod,2009,NA,24,6,Rhyne_et_al_2009__2009__NA,ZOO_STUDY_0435,ZOO_ES_001315,ZOO_STUDY_0435__Pseudodiaptomus_pelagicus__Calanoid_copepod__CO2NA__T24.00__NC6,ZOO_COMMON_00747,-0.39624845300324024,0.05888758557416682,4.120862519681949,2
Hamraj et al. 2021,"Rhyne et al., 2009",2009,NA,https://www.sciencedirect.com/science/article/abs/pii/S0044848609002725,Zooplankton,Holoplankton,Calanoid copepod,Pseudodiaptomus pelagicus,T,6,6,NA,24,NA,28,Egg production,positive,NA,Reproduction,16.2,1.5,25.2,1,0.441832752,0.00169,NA,NA,Yes,NA,NA,NA,,NA,4,Rhyne_et_al_2009,NA,Pseudodiaptomus_pelagicus,Calanoid_copepod,2009,NA,24,6,Rhyne_et_al_2009__2009__NA,ZOO_STUDY_0435,ZOO_ES_001317,ZOO_STUDY_0435__Pseudodiaptomus_pelagicus__Calanoid_copepod__CO2NA__T24.00__NC6,ZOO_COMMON_00747,0.44183275227903923,0.0016913486931123616,24.315512290121188,3.5
Hu et al. 2024,Davis A R et al,2013,Complex Responses of Intertidal Molluscan Embryos to a Warming and Acidifying Ocean in the Presence of UV Radiation,https://journals.plos.org/plosone/article?id=10.1371%2Fjournal.pone.0055939#s5,Zooplankton,Meroplankton,Mollusca,Dolabrifera brazieri,T,6,6,NA,22,NA,26,mortality,negative,NA,Survival,47.342,81.832,43.02,32.14,0.547270514,0.163334223,Fig 1b,"for ei and vei, I used yi and vi from the source database, but there are also the main_effect and variance columns (which probably are the pooled or estimated version of lnrr); hence, the values I pasted here reflect more of the raw values I think",Yes,NA,NA,NA,,NA,4,Davis_A_R_et_al,Complex_Responses_of_Intertidal_Molluscan_Embryos_to_a_Warming_and_Acidifying_Ocean_in_the_Presence_of_UV_Radiation,Dolabrifera_brazieri,Mollusca,2013,NA,22,6,Davis_A_R_et_al__2013__Complex_Responses_of_Intertidal_Molluscan_Embryos_to_a_Warming_and_Acidifying_Ocean_in_the_Presence_of_UV_Radiation,ZOO_STUDY_0111,ZOO_ES_001318,ZOO_STUDY_0111__Dolabrifera_brazieri__Mollusca__CO2NA__T22.00__NC6,ZOO_COMMON_00193,-0.095732726924615,0.5909935090150382,1.3007943578362136,2.5
Hamraj et al. 2021,"Rhyne et al., 2009",2009,NA,https://www.sciencedirect.com/science/article/abs/pii/S0044848609002725,Zooplankton,Holoplankton,Calanoid copepod,Pseudodiaptomus pelagicus,T,6,6,NA,24,NA,30,Egg production,positive,NA,Reproduction,16.2,1.5,23.7,2.3,0.380463806,0.003,NA,NA,Yes,NA,NA,NA,,NA,6,Rhyne_et_al_2009,NA,Pseudodiaptomus_pelagicus,Calanoid_copepod,2009,NA,24,6,Rhyne_et_al_2009__2009__NA,ZOO_STUDY_0435,ZOO_ES_001319,ZOO_STUDY_0435__Pseudodiaptomus_pelagicus__Calanoid_copepod__CO2NA__T24.00__NC6,ZOO_COMMON_00747,0.38046380590274714,0.0029985657627733826,18.261784393868922,3.5
Hamraj et al. 2021,"Rhyne et al., 2009",2009,NA,https://www.sciencedirect.com/science/article/abs/pii/S0044848609002725,Zooplankton,Holoplankton,Calanoid copepod,Pseudodiaptomus pelagicus,T,6,6,NA,24,NA,32,Egg production,positive,NA,Reproduction,16.2,1.5,20.6,2.6,0.240279834,0.00408,NA,NA,Yes,NA,NA,NA,,NA,8,Rhyne_et_al_2009,NA,Pseudodiaptomus_pelagicus,Calanoid_copepod,2009,NA,24,6,Rhyne_et_al_2009__2009__NA,ZOO_STUDY_0435,ZOO_ES_001321,ZOO_STUDY_0435__Pseudodiaptomus_pelagicus__Calanoid_copepod__CO2NA__T24.00__NC6,ZOO_COMMON_00747,0.2402798335571971,0.004083876511229713,15.648175178486936,2.75
Hamraj et al. 2021,"Rhyne et al., 2009",2009,NA,https://www.sciencedirect.com/science/article/abs/pii/S0044848609002725,Zooplankton,Holoplankton,Calanoid copepod,Pseudodiaptomus pelagicus,T,6,6,NA,24,NA,34,Egg production,positive,NA,Reproduction,16.2,1.5,19.1,2.1,0.164677093,0.00344,NA,NA,Yes,NA,NA,NA,,NA,10,Rhyne_et_al_2009,NA,Pseudodiaptomus_pelagicus,Calanoid_copepod,2009,NA,24,6,Rhyne_et_al_2009__2009__NA,ZOO_STUDY_0435,ZOO_ES_001323,ZOO_STUDY_0435__Pseudodiaptomus_pelagicus__Calanoid_copepod__CO2NA__T24.00__NC6,ZOO_COMMON_00747,0.16467709281424592,0.0034436454365939046,17.04083162308212,3.5
Hamraj et al. 2021,Chinnery and Williams 2004,2004,NA,https://link.springer.com/article/10.1007/s00227-004-1354-2,Zooplankton,Holoplankton,Calanoid copepod,Acartia bifilosa,T,3,3,NA,5,NA,10,Survival,ambiguous,NA,Survival,42.8,29.5,70.9,5.24,0.504732331,0.160177005,NA,not sure which specific metric was looked into,Yes,NA,NA,NA,,NA,5,Chinnery_and_Williams_2004,NA,Acartia_bifilosa,Calanoid_copepod,2004,NA,5,3,Chinnery_and_Williams_2004__2004__NA,ZOO_STUDY_0085,ZOO_ES_001324,ZOO_STUDY_0085__Acartia_bifilosa__Calanoid_copepod__CO2NA__T5.00__NC3,ZOO_COMMON_00131,0.5047323309503309,0.16017700493815676,2.49861829523018,2.5
Hamraj et al. 2021,"Scheffler et al., 2019",2019,NA,https://pubmed.ncbi.nlm.nih.gov/30690151/,Zooplankton,Holoplankton,Non-calanoid copepod,Tigriopus californicus,T,16,16,NA,20,NA,25,Respiration (Oxygen consumption rate / metabolic rate),negative,NA,Physiology,0.15157117,0.07393712,0.1116451,0.05914976,-0.305730193,0.0324,NA,NA,Yes,NA,NA,NA,,NA,5,Scheffler_et_al_2019,NA,Tigriopus_californicus,Non_calanoid_copepod,2019,NA,20,16,Scheffler_et_al_2019__2019__NA,ZOO_STUDY_0452,ZOO_ES_001333,ZOO_STUDY_0452__Tigriopus_californicus__Non_calanoid_copepod__CO2NA__T20.00__NC16,ZOO_COMMON_00783,-0.3057301934436578,0.03241519826126697,5.554253007850517,2
Hamraj et al. 2021,"Scheffler et al., 2019",2019,NA,https://pubmed.ncbi.nlm.nih.gov/30690151/,Zooplankton,Holoplankton,Non-calanoid copepod,Tigriopus californicus,T,16,16,NA,20,NA,25,Respiration (Oxygen consumption rate / metabolic rate),negative,NA,Physiology,0.17818853,0.14787436,0.12643254,0.06802212,-0.343133262,0.0611,NA,NA,Yes,NA,NA,NA,,NA,5,Scheffler_et_al_2019,NA,Tigriopus_californicus,Non_calanoid_copepod,2019,NA,20,16,Scheffler_et_al_2019__2019__NA,ZOO_STUDY_0452,ZOO_ES_001334,ZOO_STUDY_0452__Tigriopus_californicus__Non_calanoid_copepod__CO2NA__T20.00__NC16,ZOO_COMMON_00783,-0.3431332617936299,0.061134373528845085,4.0444294763188,2
Hamraj et al. 2021,"Scheffler et al., 2019",2019,NA,https://pubmed.ncbi.nlm.nih.gov/30690151/,Zooplankton,Holoplankton,Non-calanoid copepod,Tigriopus californicus,T,16,16,NA,20,NA,25,Respiration (Oxygen consumption rate / metabolic rate),negative,NA,Physiology,0.32310537,0.32236596,0.15157117,0.09463952,-0.756923209,0.0866,NA,NA,Yes,NA,NA,NA,,NA,5,Scheffler_et_al_2019,NA,Tigriopus_californicus,Non_calanoid_copepod,2019,NA,20,16,Scheffler_et_al_2019__2019__NA,ZOO_STUDY_0452,ZOO_ES_001335,ZOO_STUDY_0452__Tigriopus_californicus__Non_calanoid_copepod__CO2NA__T20.00__NC16,ZOO_COMMON_00783,-0.756923209314329,0.0865806992952707,3.398517068199172,2.5
Hamraj et al. 2021,"Scheffler et al., 2019",2019,NA,https://pubmed.ncbi.nlm.nih.gov/30690151/,Zooplankton,Holoplankton,Non-calanoid copepod,Tigriopus californicus,T,16,16,NA,20,NA,27.5,Respiration (Oxygen consumption rate / metabolic rate),negative,NA,Physiology,0.15157117,0.07393712,0.11608133,0.0621072,-0.266764217,0.0328,NA,NA,Yes,NA,NA,NA,,NA,7.5,Scheffler_et_al_2019,NA,Tigriopus_californicus,Non_calanoid_copepod,2019,NA,20,16,Scheffler_et_al_2019__2019__NA,ZOO_STUDY_0452,ZOO_ES_001336,ZOO_STUDY_0452__Tigriopus_californicus__Non_calanoid_copepod__CO2NA__T20.00__NC16,ZOO_COMMON_00783,-0.2667642174936882,0.032763272915306126,5.524670234581574,2
Hamraj et al. 2021,"Scheffler et al., 2019",2019,NA,https://pubmed.ncbi.nlm.nih.gov/30690151/,Zooplankton,Holoplankton,Non-calanoid copepod,Tigriopus californicus,T,16,16,NA,20,NA,27.5,Respiration (Oxygen consumption rate / metabolic rate),negative,NA,Physiology,0.17818853,0.14787436,0.046580408,0.044362288,-1.341662124,0.0997,NA,NA,Yes,NA,NA,NA,,NA,7.5,Scheffler_et_al_2019,NA,Tigriopus_californicus,Non_calanoid_copepod,2019,NA,20,16,Scheffler_et_al_2019__2019__NA,ZOO_STUDY_0452,ZOO_ES_001337,ZOO_STUDY_0452__Tigriopus_californicus__Non_calanoid_copepod__CO2NA__T20.00__NC16,ZOO_COMMON_00783,-1.3416621235421826,0.09973270045806604,3.166512528750415,2.5
Hamraj et al. 2021,"Scheffler et al., 2019",2019,NA,https://pubmed.ncbi.nlm.nih.gov/30690151/,Zooplankton,Holoplankton,Non-calanoid copepod,Tigriopus californicus,T,16,16,NA,20,NA,27.5,Respiration (Oxygen consumption rate / metabolic rate),negative,NA,Physiology,0.32310537,0.32236596,0.1530499,0.10646952,-0.747214481,0.0925,NA,NA,Yes,NA,NA,NA,,NA,7.5,Scheffler_et_al_2019,NA,Tigriopus_californicus,Non_calanoid_copepod,2019,NA,20,16,Scheffler_et_al_2019__2019__NA,ZOO_STUDY_0452,ZOO_ES_001338,ZOO_STUDY_0452__Tigriopus_californicus__Non_calanoid_copepod__CO2NA__T20.00__NC16,ZOO_COMMON_00783,-0.7472144809237892,0.09246003177480519,3.2886903262012024,2.5
Hamraj et al. 2021,"Scheffler et al., 2019",2019,NA,https://pubmed.ncbi.nlm.nih.gov/30690151/,Zooplankton,Holoplankton,Non-calanoid copepod,Tigriopus californicus,T,16,16,NA,20,NA,30,Respiration (Oxygen consumption rate / metabolic rate),negative,NA,Physiology,0.15157117,0.07393712,0.11829945,0.06210716,-0.247836162,0.0321,NA,NA,Yes,NA,NA,NA,,NA,10,Scheffler_et_al_2019,NA,Tigriopus_californicus,Non_calanoid_copepod,2019,NA,20,16,Scheffler_et_al_2019__2019__NA,ZOO_STUDY_0452,ZOO_ES_001339,ZOO_STUDY_0452__Tigriopus_californicus__Non_calanoid_copepod__CO2NA__T20.00__NC16,ZOO_COMMON_00783,-0.24783616184284352,0.03209861948859291,5.581575745408291,2
Hamraj et al. 2021,"Scheffler et al., 2019",2019,NA,https://pubmed.ncbi.nlm.nih.gov/30690151/,Zooplankton,Holoplankton,Non-calanoid copepod,Tigriopus californicus,T,16,16,NA,20,NA,30,Respiration (Oxygen consumption rate / metabolic rate),negative,NA,Physiology,0.17818853,0.14787436,0.19149722,0.11534196,0.072,0.0657,NA,NA,Yes,NA,NA,NA,,NA,10,Scheffler_et_al_2019,NA,Tigriopus_californicus,Non_calanoid_copepod,2019,NA,20,16,Scheffler_et_al_2019__2019__NA,ZOO_STUDY_0452,ZOO_ES_001340,ZOO_STUDY_0452__Tigriopus_californicus__Non_calanoid_copepod__CO2NA__T20.00__NC16,ZOO_COMMON_00783,0.07203114445994477,0.06571745427797655,3.9008534449022543,2
Hamraj et al. 2021,"Scheffler et al., 2019",2019,NA,https://pubmed.ncbi.nlm.nih.gov/30690151/,Zooplankton,Holoplankton,Non-calanoid copepod,Tigriopus californicus,T,16,16,NA,20,NA,30,Respiration (Oxygen consumption rate / metabolic rate),negative,NA,Physiology,0.32310537,0.32236596,0.13308688,0.10055448,-0.886976345,0.0979,NA,NA,Yes,NA,NA,NA,,NA,10,Scheffler_et_al_2019,NA,Tigriopus_californicus,Non_calanoid_copepod,2019,NA,20,16,Scheffler_et_al_2019__2019__NA,ZOO_STUDY_0452,ZOO_ES_001341,ZOO_STUDY_0452__Tigriopus_californicus__Non_calanoid_copepod__CO2NA__T20.00__NC16,ZOO_COMMON_00783,-0.8869763448931499,0.09789324700906457,3.1961240942580584,2.5
Hamraj et al. 2021,"Souissi et al., 2016",2016,NA,https://www.researchgate.net/publication/294090600_Evaluation_of_the_Copepod_Eurytemora_affinis_Life_History_Response_to_Temperature_and_Salinity_Increases,Zooplankton,Holoplankton,Calanoid copepod,Eurytemora affinis,T,6,6,NA,20,NA,24,Egg production,positive,NA,Reproduction,37.51295075,12.13286848,26.7661555,8.699028544,-0.337547992,0.035,NA,NA,Yes,NA,NA,NA,,NA,4,Souissi_et_al_2016,NA,Eurytemora_affinis,Calanoid_copepod,2016,NA,20,6,Souissi_et_al_2016__2016__NA,ZOO_STUDY_0473,ZOO_ES_001343,ZOO_STUDY_0473__Eurytemora_affinis__Calanoid_copepod__CO2NA__T20.00__NC6,ZOO_COMMON_00820,-0.33754799172244976,0.03503893171706132,5.342254476317538,2
Hamraj et al. 2021,"Van-Dihn et al., 2019",2019,NA,https://pubmed.ncbi.nlm.nih.gov/31392619/,Zooplankton,Holoplankton,Calanoid copepod,Calanus finmarchicus,T,3,3,NA,10,NA,14,Feeding rate (ingestion rate),positive,NA,Physiology,1.474509833,0.498764335,1.600000033,0.14117645,0.0817,0.0407,NA,from Warming feeding sheet,Yes,NA,NA,NA,,NA,4,Van_Dihn_et_al_2019,NA,Calanus_finmarchicus,Calanoid_copepod,2019,NA,10,3,Van_Dihn_et_al_2019__2019__NA,ZOO_STUDY_0518,ZOO_ES_001382,ZOO_STUDY_0518__Calanus_finmarchicus__Calanoid_copepod__CO2NA__T10.00__NC3,ZOO_COMMON_00898,0.08167803191852252,0.04073458334327995,4.954711375141931,2
Hamraj et al. 2021,"Van-Dihn et al., 2019",2019,NA,https://pubmed.ncbi.nlm.nih.gov/31392619/,Zooplankton,Holoplankton,Calanoid copepod,Calanus finmarchicus,T,3,3,NA,10,NA,14,Feeding rate (ingestion rate),positive,NA,Physiology,12.93023267,0.167700014,8.248062,0.373060749,-0.449589924,7.38e-4,NA,from Warming feeding sheet,Yes,NA,NA,NA,,NA,4,Van_Dihn_et_al_2019,NA,Calanus_finmarchicus,Calanoid_copepod,2019,NA,10,3,Van_Dihn_et_al_2019__2019__NA,ZOO_STUDY_0518,ZOO_ES_001383,ZOO_STUDY_0518__Calanus_finmarchicus__Calanoid_copepod__CO2NA__T10.00__NC3,ZOO_COMMON_00898,-0.4495899235478809,7.37991161327539e-4,36.81072912450979,4.25
Hamraj et al. 2021,"Vehmaa et al., 2012",2012,NA,https://journals.plos.org/plosone/article?id=10.1371%2Fjournal.pone.0048538,Zooplankton,Holoplankton,Non-calanoid copepod,Acartia sp,T,5,5,NA,17,NA,20,Egg production,positive,NA,Reproduction,4,1.58113883,6.6,1.917028951,0.500775288,0.0481,NA,NA,Yes,NA,NA,NA,,NA,3,Vehmaa_et_al_2012,NA,Acartia_sp,Non_calanoid_copepod,2012,NA,17,5,Vehmaa_et_al_2012__2012__NA,ZOO_STUDY_0523,ZOO_ES_001385,ZOO_STUDY_0523__Acartia_sp__Non_calanoid_copepod__CO2NA__T17.00__NC5,ZOO_COMMON_00911,0.5007752879124892,0.04812327822886753,4.558504604066938,2
Hamraj et al. 2021,"Vehmaa et al., 2012",2012,Maternal effects may act as an adaptation mechanism for copepods facing pH and temperature changes,https://journals.plos.org/plosone/article?id=10.1371%2Fjournal.pone.0048538,Zooplankton,Holoplankton,Calanoid copepod,Acartia sp,T,19,18,NA,17,NA,20,Egg hatching,positive,NA,Reproduction,91.52631579,7.662088641,91.5,6.455731608,-2.88e-4,6.45e-4,NA,NA,Yes,NA,NA,NA,,NA,3,Vehmaa_et_al_2012,Maternal_effects_may_act_as_an_adaptation_mechanism_for_copepods_facing_pH_and_temperature_changes,Acartia_sp,Calanoid_copepod,2012,NA,17,19,Vehmaa_et_al_2012__2012__Maternal_effects_may_act_as_an_adaptation_mechanism_for_copepods_facing_pH_and_temperature_changes,ZOO_STUDY_0522,ZOO_ES_001386,ZOO_STUDY_0522__Acartia_sp__Calanoid_copepod__CO2NA__T17.00__NC19,ZOO_COMMON_00908,-2.875629121173966e-4,6.454007858910255e-4,39.36273396770157,4.25
Hamraj et al. 2021,"Vehmaa et al., 2012",2012,Maternal effects may act as an adaptation mechanism for copepods facing pH and temperature changes,https://journals.plos.org/plosone/article?id=10.1371%2Fjournal.pone.0048538,Zooplankton,Holoplankton,Calanoid copepod,Acartia sp,T,33,24,NA,17,NA,20,Egg hatching,positive,NA,Reproduction,92.21212121,6.632107394,98.41666667,2.552350437,0.0651,1.85e-4,NA,NA,Yes,NA,NA,NA,,NA,3,Vehmaa_et_al_2012,Maternal_effects_may_act_as_an_adaptation_mechanism_for_copepods_facing_pH_and_temperature_changes,Acartia_sp,Calanoid_copepod,2012,NA,17,33,Vehmaa_et_al_2012__2012__Maternal_effects_may_act_as_an_adaptation_mechanism_for_copepods_facing_pH_and_temperature_changes,ZOO_STUDY_0522,ZOO_ES_001387,ZOO_STUDY_0522__Acartia_sp__Calanoid_copepod__CO2NA__T17.00__NC33,ZOO_COMMON_00909,0.06511857803574425,1.8477614109415813e-4,73.5659848736697,4.25
Hamraj et al. 2021,"zervoudaki et al., 2014",2014,NA,https://www.researchgate.net/publication/281248127_Effects_of_low_pH_and_raised_temperature_on_egg_production_hatching_and_metabolic_rates_of_a_Mediterranean_copepod_species_Acartia_clausi_under_oligotrophic_conditions,Zooplankton,Holoplankton,Calanoid copepod,Acartia clausi,T,5,5,NA,16,NA,20,Egg hatching,positive,NA,Reproduction,45.34,12.07592647,51.82,10.51769937,0.13358653,0.0224,NA,NA,Yes,NA,NA,NA,,NA,4,zervoudaki_et_al_2014,NA,Acartia_clausi,Calanoid_copepod,2014,NA,16,5,zervoudaki_et_al_2014__2014__NA,ZOO_STUDY_0572,ZOO_ES_001388,ZOO_STUDY_0572__Acartia_clausi__Calanoid_copepod__CO2NA__T16.00__NC5,ZOO_COMMON_00989,0.13358653005458082,0.02242660703424388,6.677566371278967,2
Hamraj et al. 2021,"zervoudaki et al., 2014",2014,NA,https://ejournals.epublishing.ekt.gr/index.php/hcmr-med-mar-sc/article/view/12496,Zooplankton,Holoplankton,Calanoid copepod,Acartia clausi,T,5,5,NA,16,NA,20,Egg production,positive,NA,Reproduction,3.88,1.194571053,3.02,0.855569985,-0.250578322,0.035,NA,NA,Yes,NA,NA,NA,,NA,4,zervoudaki_et_al_2014,NA,Acartia_clausi,Calanoid_copepod,2014,NA,16,5,zervoudaki_et_al_2014__2014__NA,ZOO_STUDY_0572,ZOO_ES_001389,ZOO_STUDY_0572__Acartia_clausi__Calanoid_copepod__CO2NA__T16.00__NC5,ZOO_COMMON_00989,-0.25057832224840376,0.03500984017589451,5.344473597329207,2
Leung et al. 2022,"García et al., 2018. Mar Environ Res",NA,NA,NA,Zooplankton,Meroplankton,Urchin larvae,Diadema africanum,T,3,3,456.4,19,580.6,25,Larval density,ambiguous,NA,Survival,11.5,5.5,17.5,5,0.41985384556026406,3.1e-5,NA,NA,Yes,NA,NA,NA,,124.20000000000005,6,Garc_a_et_al_2018_Mar_Environ_Res,NA,Diadema_africanum,Urchin_larvae,NA,456.4,19,3,Garc_a_et_al_2018_Mar_Environ_Res__NA__NA,ZOO_STUDY_0165,ZOO_ES_001416,ZOO_STUDY_0165__Diadema_africanum__Urchin_larvae__CO2456.40__T19.00__NC3,ZOO_COMMON_00281,0.41985384556026406,0.10345537080616746,3.109019737638254,2.5
Leung et al. 2022,"Marques et al., 2020. Environ Pollut",NA,NA,NA,Zooplankton,Holoplankton,Foraminifer,Amphistegina gibbosa,T,5,5,333.2,26.9,331.5,28.2,Bleaching frequency,ambiguous,NA,Survival,7.7,4.3421052631578885,11,4.391447368421041,0.3566749439387324,0.00963,NA,NA,Yes,NA,NA,NA,,-1.6999999999999886,1.3000000000000007,Marques_et_al_2020_Environ_Pollut,NA,Amphistegina_gibbosa,Foraminifer,NA,333.2,26.9,5,Marques_et_al_2020_Environ_Pollut__NA__NA,ZOO_STUDY_0334,ZOO_ES_001424,ZOO_STUDY_0334__Amphistegina_gibbosa__Foraminifer__CO2333.20__T26.90__NC5,ZOO_COMMON_00586,0.3566749439387324,0.09547456573200658,3.23635500217966,2.5
Leung et al. 2022,"García et al., 2018. Mar Environ Res",NA,NA,NA,Zooplankton,Meroplankton,Urchin larvae,Arbacia lixula,T,3,3,394.4,19,540.6,23,Larval density,ambiguous,NA,Survival,240,10,342,6,0.3541718137206139,0.00274,NA,NA,Yes,NA,NA,NA,,146.20000000000005,4,Garc_a_et_al_2018_Mar_Environ_Res,NA,Arbacia_lixula,Urchin_larvae,NA,394.4,19,3,Garc_a_et_al_2018_Mar_Environ_Res__NA__NA,ZOO_STUDY_0165,ZOO_ES_001425,ZOO_STUDY_0165__Arbacia_lixula__Urchin_larvae__CO2394.40__T19.00__NC3,ZOO_COMMON_00279,0.3541718137206139,6.812993741664101e-4,38.31166309900635,4.25
Leung et al. 2022,"García et al., 2018. Mar Environ Res",NA,NA,NA,Zooplankton,Meroplankton,Urchin larvae,Diadema africanum,T,3,3,456.4,19,511.8,21,Larval density,ambiguous,NA,Survival,11.5,5.5,15.5,5,0.29849298855599654,0.034,NA,NA,Yes,NA,NA,NA,,55.400000000000034,2,Garc_a_et_al_2018_Mar_Environ_Res,NA,Diadema_africanum,Urchin_larvae,NA,456.4,19,3,Garc_a_et_al_2018_Mar_Environ_Res__NA__NA,ZOO_STUDY_0165,ZOO_ES_001428,ZOO_STUDY_0165__Diadema_africanum__Urchin_larvae__CO2456.40__T19.00__NC3,ZOO_COMMON_00281,0.29849298855599654,0.11093057732998406,3.0024401800589664,2.5
Leung et al. 2022,"García et al., 2018. Mar Environ Res",NA,NA,NA,Zooplankton,Meroplankton,Urchin larvae,Arbacia lixula,T,3,3,394.4,19,560.6,25,Larval density,ambiguous,NA,Survival,240,10,308,5,0.24946085963158324,7.789115646,NA,NA,Yes,NA,NA,NA,,166.20000000000005,6,Garc_a_et_al_2018_Mar_Environ_Res,NA,Arbacia_lixula,Urchin_larvae,NA,394.4,19,3,Garc_a_et_al_2018_Mar_Environ_Res__NA__NA,ZOO_STUDY_0165,ZOO_ES_001439,ZOO_STUDY_0165__Arbacia_lixula__Urchin_larvae__CO2394.40__T19.00__NC3,ZOO_COMMON_00279,0.24946085963158324,6.665487590812266e-4,38.73325882230232,4.25
Hoppit et al. 2022,"Mayor et al., 2012",2012,NA,NA,Zooplankton,Holoplankton,Calanoid copepod,Calanus helgolandicus,T,5,4,380,10,380,12,Reproduction,positive,NA,Reproduction,0.51,0.08,0.52,0.09,0.0194,0.0124,"Data from figure 2, batch 1",NA,Yes,NA,NA,NA,,0,2,Mayor_et_al_2012,NA,Calanus_helgolandicus,Calanoid_copepod,2012,380,10,5,Mayor_et_al_2012__2012__NA,ZOO_STUDY_0342,ZOO_ES_001443,ZOO_STUDY_0342__Calanus_helgolandicus__Calanoid_copepod__CO2380.00__T10.00__NC5,ZOO_COMMON_00597,0.019418085857101516,0.012410089485382272,8.976613851404673,2.75
Hoppit et al. 2022,"Mayor et al., 2012",2012,NA,NA,Zooplankton,Holoplankton,Calanoid copepod,Calanus helgolandicus,T,4,4,380,10,380,12,Reproduction,positive,NA,Reproduction,0.66,0.18,0.69,0.06,0.0445,0.0205,"Data from figure 2, batch 2",NA,Yes,NA,NA,NA,,0,2,Mayor_et_al_2012,NA,Calanus_helgolandicus,Calanoid_copepod,2012,380,10,4,Mayor_et_al_2012__2012__NA,ZOO_STUDY_0342,ZOO_ES_001444,ZOO_STUDY_0342__Calanus_helgolandicus__Calanoid_copepod__CO2380.00__T10.00__NC4,ZOO_COMMON_00596,0.044451762570833796,0.020485400490556013,6.9867912965498205,2
Hoppit et al. 2022,"Schiffer et al., 2014",NA,NA,NA,Zooplankton,Meroplankton,Decapod,Hyas araneus,T,5,5,428,10,428,13,Metabolic response,ambiguous,NA,Physiology,0.288,0.152,1.059,0.138,1.302119865,0.0591,Data from figure 1C,NA,Yes,NA,NA,NA,,0,3,Schiffer_et_al_2014,NA,Hyas_araneus,Decapod,NA,428,10,5,Schiffer_et_al_2014__NA__NA,ZOO_STUDY_0457,ZOO_ES_001470,ZOO_STUDY_0457__Hyas_araneus__Decapod__CO2428.00__T10.00__NC5,ZOO_COMMON_00789,1.3021198654654607,0.05910609992996364,4.113238083154689,2
Hoppit et al. 2022,"Styf et al., 2013",NA,NA,NA,Zooplankton,Meroplankton,Decapod,Nephrops norvegicus,T,12,12,422,10,466,11.709999999999999,Metabolic response,ambiguous,NA,Physiology,2.75,0.21,2.69,0.18,-0.0221,8.59e-4,Data from figure 3b,NA,Yes,NA,NA,NA,,44,1.709999999999999,Styf_et_al_2013,NA,Nephrops_norvegicus,Decapod,NA,422,10,12,Styf_et_al_2013__NA__NA,ZOO_STUDY_0482,ZOO_ES_001475,ZOO_STUDY_0482__Nephrops_norvegicus__Decapod__CO2422.00__T10.00__NC12,ZOO_COMMON_00830,-0.02205971806473222,8.59079585014575e-4,34.11797924448466,4.25
Hoppit et al. 2022,"Styf et al., 2013",NA,NA,NA,Zooplankton,Meroplankton,Decapod,Nephrops norvegicus,T,12,12,422,10,518,13.57,Metabolic response,ambiguous,NA,Physiology,2.75,0.21,3.48,0.1,0.235431382,5.55e-4,Data from figure 3b,NA,Yes,NA,NA,NA,,96,3.5700000000000003,Styf_et_al_2013,NA,Nephrops_norvegicus,Decapod,NA,422,10,12,Styf_et_al_2013__NA__NA,ZOO_STUDY_0482,ZOO_ES_001476,ZOO_STUDY_0482__Nephrops_norvegicus__Decapod__CO2422.00__T10.00__NC12,ZOO_COMMON_00830,0.235431382107903,5.54761792973878e-4,42.45674823307217,4.25
Hu et al. 2024,Comeau S et al,2010,Response of the Arctic Pteropod Limacina helicina to Projected Future Environmental Conditions,https://journals.plos.org/plosone/article?id=10.1371%2Fjournal.pone.0011362,Zooplankton,Holoplankton,Pteropod,Limacina helicina,T,20,20,NA,0,NA,4,Active absorbation of CaCO3,positive,NA,Physiology,0.51,0.56,0.04,0.05,0.0935,7.06e-4,Supporting information Tab S5,"for ei and vei, I used yi and vi from the source database, but there are also the main_effect and variance columns (which probably are the pooled or estimated version of lnrr); hence, the values I pasted here reflect more of the raw values I think",Yes,NA,NA,NA,,NA,4,Comeau_S_et_al,Response_of_the_Arctic_Pteropod_Limacina_helicina_to_Projected_Future_Environmental_Conditions,Limacina_helicina,Pteropod,2010,NA,0,20,Comeau_S_et_al__2010__Response_of_the_Arctic_Pteropod_Limacina_helicina_to_Projected_Future_Environmental_Conditions,ZOO_STUDY_0095,ZOO_ES_001500,ZOO_STUDY_0095__Limacina_helicina__Pteropod__CO2NA__T0.00__NC20,ZOO_COMMON_00165,-2.5455312716044354,0.13840950595924648,2.687924344830137,2.5
Leung et al. 2022,"García et al., 2018. Mar Environ Res",NA,NA,NA,Zooplankton,Meroplankton,Urchin larvae,Arbacia lixula,T,3,3,394.4,19,448.2,21,Larval density,ambiguous,NA,Survival,240,10,302,8,0.2297880940328783,0.15957782,NA,NA,Yes,NA,NA,NA,,53.80000000000001,2,Garc_a_et_al_2018_Mar_Environ_Res,NA,Arbacia_lixula,Urchin_larvae,NA,394.4,19,3,Garc_a_et_al_2018_Mar_Environ_Res__NA__NA,ZOO_STUDY_0165,ZOO_ES_001501,ZOO_STUDY_0165__Arbacia_lixula__Urchin_larvae__CO2394.40__T19.00__NC3,ZOO_COMMON_00279,0.2297880940328783,8.126115732415894e-4,35.07991225217898,4.25
Hu et al. 2024,Davis A R et al,2013,Complex Responses of Intertidal Molluscan Embryos to a Warming and Acidifying Ocean in the Presence of UV Radiation,https://journals.plos.org/plosone/article?id=10.1371%2Fjournal.pone.0055939#s5,Zooplankton,Meroplankton,Mollusca,Bembicium nanum,T,8,8,NA,22,NA,26,Mean developmental stage,positive,NA,Development,1.95,2.632,1.98,0.531,0.299914641,0.133963507,Fig 2a,"for ei and vei, I used yi and vi from the source database, but there are also the main_effect and variance columns (which probably are the pooled or estimated version of lnrr); hence, the values I pasted here reflect more of the raw values I think",Yes,NA,NA,NA,,NA,4,Davis_A_R_et_al,Complex_Responses_of_Intertidal_Molluscan_Embryos_to_a_Warming_and_Acidifying_Ocean_in_the_Presence_of_UV_Radiation,Bembicium_nanum,Mollusca,2013,NA,22,8,Davis_A_R_et_al__2013__Complex_Responses_of_Intertidal_Molluscan_Embryos_to_a_Warming_and_Acidifying_Ocean_in_the_Presence_of_UV_Radiation,ZOO_STUDY_0111,ZOO_ES_001505,ZOO_STUDY_0111__Bembicium_nanum__Mollusca__CO2NA__T22.00__NC8,ZOO_COMMON_00192,0.01526747213078838,0.23671615570715224,2.055351244882528,2.5
Hu et al. 2024,Davis A R et al,2013,Complex Responses of Intertidal Molluscan Embryos to a Warming and Acidifying Ocean in the Presence of UV Radiation,https://journals.plos.org/plosone/article?id=10.1371%2Fjournal.pone.0055939#s5,Zooplankton,Meroplankton,Mollusca,Dolabrifera brazieri,T,6,6,NA,22,NA,26,Mean developmental stage,positive,NA,Development,2.91,3.736,0.735,0.412,0.249862439,0.0127,Fig 2b,"for ei and vei, I used yi and vi from the source database, but there are also the main_effect and variance columns (which probably are the pooled or estimated version of lnrr); hence, the values I pasted here reflect more of the raw values I think",Yes,NA,NA,NA,,NA,4,Davis_A_R_et_al,Complex_Responses_of_Intertidal_Molluscan_Embryos_to_a_Warming_and_Acidifying_Ocean_in_the_Presence_of_UV_Radiation,Dolabrifera_brazieri,Mollusca,2013,NA,22,6,Davis_A_R_et_al__2013__Complex_Responses_of_Intertidal_Molluscan_Embryos_to_a_Warming_and_Acidifying_Ocean_in_the_Presence_of_UV_Radiation,ZOO_STUDY_0111,ZOO_ES_001506,ZOO_STUDY_0111__Dolabrifera_brazieri__Mollusca__CO2NA__T22.00__NC6,ZOO_COMMON_00193,-1.3760378609527015,0.3270795923641487,1.7485307572024722,2.5
Hu et al. 2024,Doo et al,2019,Amelioration of ocean acidification and warming effects through physiological buffering of a macroalgae,https://onlinelibrary.wiley.com/doi/10.1002/ece3.6552?utm_medium=article&utm_source=researchgate.net,Zooplankton,Holoplankton,Foraminifera,Marginopora vertebralis,T,10,10,NA,0,NA,3,mg CaCO3 day-1,positive,NA,Physiology,0.87,0.287,0.4016,0.2973,-1.109010996,0.128614804,Fig 1a,"for ei and vei, I used yi and vi from the source database, but there are also the main_effect and variance columns (which probably are the pooled or estimated version of lnrr); hence, the values I pasted here reflect more of the raw values I think",Yes,NA,NA,NA,,NA,3,Doo_et_al,Amelioration_of_ocean_acidification_and_warming_effects_through_physiological_buffering_of_a_macroalgae,Marginopora_vertebralis,Foraminifera,2019,NA,0,10,Doo_et_al__2019__Amelioration_of_ocean_acidification_and_warming_effects_through_physiological_buffering_of_a_macroalgae,ZOO_STUDY_0125,ZOO_ES_001511,ZOO_STUDY_0125__Marginopora_vertebralis__Foraminifera__CO2NA__T0.00__NC10,ZOO_COMMON_00219,-0.7730366432711099,0.06568517246138753,3.90181188927005,2
Hu et al. 2024,Doo et al,2019,Amelioration of ocean acidification and warming effects through physiological buffering of a macroalgae,https://onlinelibrary.wiley.com/doi/10.1002/ece3.6552?utm_medium=article&utm_source=researchgate.net,Zooplankton,Holoplankton,Foraminifera,Marginopora vertebralis,T,10,10,NA,0,NA,3,growth (g-1.day-1),positive,NA,Growth,0.522,0.561,0.1233,0.1075,0.0721,0.00925,Fig 1a,"for ei and vei, I used yi and vi from the source database, but there are also the main_effect and variance columns (which probably are the pooled or estimated version of lnrr); hence, the values I pasted here reflect more of the raw values I think",Yes,NA,NA,NA,,NA,3,Doo_et_al,Amelioration_of_ocean_acidification_and_warming_effects_through_physiological_buffering_of_a_macroalgae,Marginopora_vertebralis,Foraminifera,2019,NA,0,10,Doo_et_al__2019__Amelioration_of_ocean_acidification_and_warming_effects_through_physiological_buffering_of_a_macroalgae,ZOO_STUDY_0125,ZOO_ES_001512,ZOO_STUDY_0125__Marginopora_vertebralis__Foraminifera__CO2NA__T0.00__NC10,ZOO_COMMON_00219,-1.4430471777123401,0.1915142346061966,2.2850697990009174,2.5
Hu et al. 2024,Nguyen H D et al,2012,"Noncalcifying larvae in a changing ocean: warming, notacidiÃ¯Â¬Âcation/hypercapnia, is the dominant stressor ondevelopment of the sea star Meridiastra calcar",https://onlinelibrary.wiley.com/doi/epdf/10.1111/j.1365-2486.2012.02714.x,Zooplankton,Meroplankton,Echinoderm,Meridiastra calcar,T,10,10,NA,19,NA,21,Mean % hatched,positive,NA,Reproduction,89.932,42.47,7.4883,19.7579,-0.750255885,0.0223,Fig 3,"for ei and vei, I used yi and vi from the source database, but there are also the main_effect and variance columns (which probably are the pooled or estimated version of lnrr); hence, the values I pasted here reflect more of the raw values I think",Yes,NA,NA,NA,,NA,2,Nguyen_H_D_et_al,Noncalcifying_larvae_in_a_changing_ocean_warming_notacidi_cation_hypercapnia_is_the_dominant_stressor_ondevelopment_of_the_sea_star_Meridiastra_calcar,Meridiastra_calcar,Echinoderm,2012,NA,19,10,Nguyen_H_D_et_al__2012__Noncalcifying_larvae_in_a_changing_ocean_warming_notacidi_cation_hypercapnia_is_the_dominant_stressor_ondevelopment_of_the_sea_star_Meridiastra_calcar,ZOO_STUDY_0369,ZOO_ES_001517,ZOO_STUDY_0369__Meridiastra_calcar__Echinoderm__CO2NA__T19.00__NC10,ZOO_COMMON_00643,-2.4857120267234456,0.7184712659206399,1.1797644300669163,2.5
Hu et al. 2024,Nguyen H D et al,2012,"Noncalcifying larvae in a changing ocean: warming, notacidiÃ¯Â¬Âcation/hypercapnia, is the dominant stressor ondevelopment of the sea star Meridiastra calcar",https://onlinelibrary.wiley.com/doi/epdf/10.1111/j.1365-2486.2012.02714.x,Zooplankton,Meroplankton,Echinoderm,Meridiastra calcar,T,12,12,NA,19,NA,21,Mean % normal larvae,positive,NA,Development,38.619,50.765,8.0159,12.838,0.273462757,0.00892,Fig 5,"for ei and vei, I used yi and vi from the source database, but there are also the main_effect and variance columns (which probably are the pooled or estimated version of lnrr); hence, the values I pasted here reflect more of the raw values I think",Yes,NA,NA,NA,,NA,2,Nguyen_H_D_et_al,Noncalcifying_larvae_in_a_changing_ocean_warming_notacidi_cation_hypercapnia_is_the_dominant_stressor_ondevelopment_of_the_sea_star_Meridiastra_calcar,Meridiastra_calcar,Echinoderm,2012,NA,19,12,Nguyen_H_D_et_al__2012__Noncalcifying_larvae_in_a_changing_ocean_warming_notacidi_cation_hypercapnia_is_the_dominant_stressor_ondevelopment_of_the_sea_star_Meridiastra_calcar,ZOO_STUDY_0369,ZOO_ES_001518,ZOO_STUDY_0369__Meridiastra_calcar__Echinoderm__CO2NA__T19.00__NC12,ZOO_COMMON_00644,-1.5723173141308122,0.3577457358535615,1.6719095059829807,2.5
Hu et al. 2024,Nguyen H D et al,2012,"Noncalcifying larvae in a changing ocean: warming, notacidiÃ¯Â¬Âcation/hypercapnia, is the dominant stressor ondevelopment of the sea star Meridiastra calcar",https://onlinelibrary.wiley.com/doi/epdf/10.1111/j.1365-2486.2012.02714.x,Zooplankton,Meroplankton,Echinoderm,Meridiastra calcar,T,12,12,NA,19,NA,23,Mean lenght,positive,NA,Growth,579.815,524.262,44.6003,33.7646,-0.100717528,8.39e-4,Fig 6,"for ei and vei, I used yi and vi from the source database, but there are also the main_effect and variance columns (which probably are the pooled or estimated version of lnrr); hence, the values I pasted here reflect more of the raw values I think",Yes,NA,NA,NA,,NA,4,Nguyen_H_D_et_al,Noncalcifying_larvae_in_a_changing_ocean_warming_notacidi_cation_hypercapnia_is_the_dominant_stressor_ondevelopment_of_the_sea_star_Meridiastra_calcar,Meridiastra_calcar,Echinoderm,2012,NA,19,12,Nguyen_H_D_et_al__2012__Noncalcifying_larvae_in_a_changing_ocean_warming_notacidi_cation_hypercapnia_is_the_dominant_stressor_ondevelopment_of_the_sea_star_Meridiastra_calcar,ZOO_STUDY_0369,ZOO_ES_001519,ZOO_STUDY_0369__Meridiastra_calcar__Echinoderm__CO2NA__T19.00__NC12,ZOO_COMMON_00644,-2.5649685016821087,0.11588995292882788,2.937494801902262,2.5
Hamraj et al. 2021,"Rhyne et al., 2009",2009,NA,https://www.sciencedirect.com/science/article/pii/S0044848609002725,Zooplankton,Holoplankton,Calanoid copepod,Pseudodiaptomus pelagicus,T,6,6,NA,24,NA,28,Survival,ambiguous,NA,Survival,81.3,22.7,100,9,0.207024169,0.0143,NA,not sure which specific metric was looked into,Yes,NA,NA,NA,,NA,4,Rhyne_et_al_2009,NA,Pseudodiaptomus_pelagicus,Calanoid_copepod,2009,NA,24,6,Rhyne_et_al_2009__2009__NA,ZOO_STUDY_0435,ZOO_ES_001521,ZOO_STUDY_0435__Pseudodiaptomus_pelagicus__Calanoid_copepod__CO2NA__T24.00__NC6,ZOO_COMMON_00747,0.20702416943432644,0.014343297214644963,8.349789003297055,2.75
Hu et al. 2024,Davis A R et al,2013,Complex Responses of Intertidal Molluscan Embryos to a Warming and Acidifying Ocean in the Presence of UV Radiation,https://journals.plos.org/plosone/article?id=10.1371%2Fjournal.pone.0055939#s5,Zooplankton,Meroplankton,Mollusca,Bembicium nanum,T,8,8,NA,22,NA,26,mortality,negative,NA,Survival,76.845,92.187,22.95,4.124,0.182028717,0.0114,Fig 1a,"for ei and vei, I used yi and vi from the source database, but there are also the main_effect and variance columns (which probably are the pooled or estimated version of lnrr); hence, the values I pasted here reflect more of the raw values I think",Yes,NA,NA,NA,,NA,4,Davis_A_R_et_al,Complex_Responses_of_Intertidal_Molluscan_Embryos_to_a_Warming_and_Acidifying_Ocean_in_the_Presence_of_UV_Radiation,Bembicium_nanum,Mollusca,2013,NA,22,8,Davis_A_R_et_al__2013__Complex_Responses_of_Intertidal_Molluscan_Embryos_to_a_Warming_and_Acidifying_Ocean_in_the_Presence_of_UV_Radiation,ZOO_STUDY_0111,ZOO_ES_001633,ZOO_STUDY_0111__Bembicium_nanum__Mollusca__CO2NA__T22.00__NC8,ZOO_COMMON_00192,-1.2084724695527211,0.18393089458210155,2.33169992339907,2.5
Hamraj et al. 2021,"Anzueto-Sanchez et al., 2014",2014,NA,https://www.researchgate.net/publication/353413415_Grazing_by_the_Copepod_Parvocalanus_crassirostris_on_Picochlorum_sp_at_Harmful_Bloom_Densities_and_the_Role_of_Particle_Size,Zooplankton,Holoplankton,Calanoid copepod,Pseudodiaptomus euryhalinus,T,3,3,NA,19.4,NA,24.2,Survival,ambiguous,NA,Survival,67,13.9,80.2,11.4,0.179830895,0.0211,NA,not sure which specific metric was looked into,Yes,NA,NA,NA,,NA,4.800000000000001,Anzueto_Sanchez_et_al_2014,NA,Pseudodiaptomus_euryhalinus,Calanoid_copepod,2014,NA,19.4,3,Anzueto_Sanchez_et_al_2014__2014__NA,ZOO_STUDY_0023,ZOO_ES_001634,ZOO_STUDY_0023__Pseudodiaptomus_euryhalinus__Calanoid_copepod__CO2NA__T19.40__NC3,ZOO_COMMON_00032,0.17983089548150277,0.02108195484822216,6.887229587991168,2
Hamraj et al. 2021,"Beyrend-Dur et al., 2011",2011,NA,https://ui.adsabs.harvard.edu/abs/2011JEMBE.404....1B/abstract,Zooplankton,Holoplankton,Calanoid copepod,Pseudodiaptomus annandalei,T,3,3,NA,18,NA,25,Survival,ambiguous,NA,Survival,0.037612516,0.059968449,0.040927857,0.04755424,0.0845,1.297350659,NA,not sure which specific metric was looked into,Yes,NA,NA,NA,,NA,7,Beyrend_Dur_et_al_2011,NA,Pseudodiaptomus_annandalei,Calanoid_copepod,2011,NA,18,3,Beyrend_Dur_et_al_2011__2011__NA,ZOO_STUDY_0039,ZOO_ES_001673,ZOO_STUDY_0039__Pseudodiaptomus_annandalei__Calanoid_copepod__CO2NA__T18.00__NC3,ZOO_COMMON_00057,0.08447406410318138,1.2973506590958237,0.8779530898112361,2.5
Hamraj et al. 2021,"Anzueto-Sanchez et al., 2014",2004,NA,https://www.researchgate.net/publication/353413415_Grazing_by_the_Copepod_Parvocalanus_crassirostris_on_Picochlorum_sp_at_Harmful_Bloom_Densities_and_the_Role_of_Particle_Size,Zooplankton,Holoplankton,Calanoid copepod,Pseudodiaptomus euryhalinus,T,3,3,NA,19.4,NA,21.9,Survival,ambiguous,NA,Survival,67,13.9,71.3,11.6,0.0622,0.0232,NA,not sure which specific metric was looked into,Yes,NA,NA,NA,,NA,2.5,Anzueto_Sanchez_et_al_2014,NA,Pseudodiaptomus_euryhalinus,Calanoid_copepod,2004,NA,19.4,3,Anzueto_Sanchez_et_al_2014__2004__NA,ZOO_STUDY_0022,ZOO_ES_001677,ZOO_STUDY_0022__Pseudodiaptomus_euryhalinus__Calanoid_copepod__CO2NA__T19.40__NC3,ZOO_COMMON_00031,0.06220370802928414,0.023169909607748992,6.569583399045671,2
Hamraj et al. 2021,"Rhyne et al., 2009",2009,NA,https://www.sciencedirect.com/science/article/pii/S0044848609002725,Zooplankton,Holoplankton,Calanoid copepod,Pseudodiaptomus pelagicus,T,6,6,NA,24,NA,26,Survival,ambiguous,NA,Survival,81.3,22.7,86.3,24.6,0.0597,0.0265,NA,not sure which specific metric was looked into,Yes,NA,NA,NA,,NA,2,Rhyne_et_al_2009,NA,Pseudodiaptomus_pelagicus,Calanoid_copepod,2009,NA,24,6,Rhyne_et_al_2009__2009__NA,ZOO_STUDY_0435,ZOO_ES_001678,ZOO_STUDY_0435__Pseudodiaptomus_pelagicus__Calanoid_copepod__CO2NA__T24.00__NC6,ZOO_COMMON_00747,0.059683581535617404,0.026535751317863544,6.138811609231209,2
Hamraj et al. 2021,"Hammock et al., 2015",2015,NA,https://www.researchgate.net/publication/277588464_Low_Food_Availability_Narrows_the_Tolerance_of_the_Copepod_Eurytemora_affinis_to_Salinity_but_Not_to_Temperature,Zooplankton,Holoplankton,Calanoid copepod,Eurytemora affinis,T,6,4,NA,20,NA,25,Survival,ambiguous,NA,Survival,0.815553107,0.116574893,0.862845575,0.129719767,0.0564,0.00906,NA,not sure which specific metric was looked into,Yes,NA,NA,NA,,NA,5,Hammock_et_al_2015,NA,Eurytemora_affinis,Calanoid_copepod,2015,NA,20,6,Hammock_et_al_2015__2015__NA,ZOO_STUDY_0207,ZOO_ES_001679,ZOO_STUDY_0207__Eurytemora_affinis__Calanoid_copepod__CO2NA__T20.00__NC6,ZOO_COMMON_00371,0.05636919337496768,0.009055782454111773,10.508410011541752,2.75
Hamraj et al. 2021,"Hammock et al., 2015",2015,NA,https://www.researchgate.net/publication/277588464_Low_Food_Availability_Narrows_the_Tolerance_of_the_Copepod_Eurytemora_affinis_to_Salinity_but_Not_to_Temperature,Zooplankton,Holoplankton,Calanoid copepod,Eurytemora affinis,T,6,3,NA,20,NA,30,Survival,ambiguous,NA,Survival,0.815553107,0.116574893,0.862463723,0.059242676,0.0559,0.00498,NA,not sure which specific metric was looked into,Yes,NA,NA,NA,,NA,10,Hammock_et_al_2015,NA,Eurytemora_affinis,Calanoid_copepod,2015,NA,20,6,Hammock_et_al_2015__2015__NA,ZOO_STUDY_0207,ZOO_ES_001680,ZOO_STUDY_0207__Eurytemora_affinis__Calanoid_copepod__CO2NA__T20.00__NC6,ZOO_COMMON_00371,0.05592654577934218,0.004978065912160886,14.173257540373857,2.75
Leung et al. 2022,"García et al., 2018. Mar Environ Res",NA,NA,NA,Zooplankton,Meroplankton,Urchin larvae,Paracentrotus lividus,T,3,3,899.1,19,863.1,21,Larval density,ambiguous,NA,Survival,240,9,251,5,0.04481401578979264,0.00183,NA,NA,Yes,NA,NA,NA,,-36,2,Garc_a_et_al_2018_Mar_Environ_Res,NA,Paracentrotus_lividus,Urchin_larvae,NA,899.1,19,3,Garc_a_et_al_2018_Mar_Environ_Res__NA__NA,ZOO_STUDY_0165,ZOO_ES_001688,ZOO_STUDY_0165__Paracentrotus_lividus__Urchin_larvae__CO2899.10__T19.00__NC3,ZOO_COMMON_00283,0.04481401578979264,6.010230327031846e-4,40.790069211288895,4.25
Lang et al. 2023,Balogh and Byrne 2020,2020,NA,NA,Zooplankton,Meroplankton,Echinoderm,Parvulastra exigua,T,6,6,NA,18,NA,20,Survival day 10 (%),positive,NA,Survival,96.07,4.83,99.39,7.01,0.034,0.0012485,NA,NA,Yes,NA,NA,NA,,NA,2,Balogh_and_Byrne_2020,NA,Parvulastra_exigua,Echinoderm,2020,NA,18,6,Balogh_and_Byrne_2020__2020__NA,ZOO_STUDY_0028,ZOO_ES_001717,ZOO_STUDY_0028__Parvulastra_exigua__Echinoderm__CO2NA__T18.00__NC6,ZOO_COMMON_00042,0.03397441255826705,0.001250362351674685,28.280172597310525,3.5
Hamraj et al. 2021,"Kang et al., 2016",2016,NA,https://www.kci.go.kr/kciportal/landing/article.kci?arti_id=ART002174853,Zooplankton,Holoplankton,Calanoid copepod,Calanus sinicus,T,8,8,NA,8,NA,12,Survival,ambiguous,NA,Survival,95.54435367,8.508063,97.96370667,6.391130667,0.025,0.00152,NA,not sure which specific metric was looked into,Yes,NA,NA,NA,,NA,4,Kang_et_al_2016,NA,Calanus_sinicus,Calanoid_copepod,2016,NA,8,8,Kang_et_al_2016__2016__NA,ZOO_STUDY_0257,ZOO_ES_001721,ZOO_STUDY_0257__Calanus_sinicus__Calanoid_copepod__CO2NA__T8.00__NC8,ZOO_COMMON_00442,0.025006493971109888,0.0015232287480741015,25.622260138460266,3.5
Hamraj et al. 2021,"Grenvald et al., 2012",2012,NA,https://www.researchgate.net/publication/234092642_Effects_of_a_future_warmer_ocean_on_the_coexisting_copepods_Calanus_finmarchicus_and_C-glacialis_in_Disko_Bay_western_Greenland,Zooplankton,Holoplankton,Calanoid copepod,Calanus finmarchicus,T,5,5,NA,0,NA,5,Survival,ambiguous,NA,Survival,95,5,97,3,0.0208,7.45e-4,NA,not sure which specific metric was looked into,Yes,NA,NA,NA,,NA,5,Grenvald_et_al_2012,NA,Calanus_finmarchicus,Calanoid_copepod,2012,NA,0,5,Grenvald_et_al_2012__2012__NA,ZOO_STUDY_0194,ZOO_ES_001723,ZOO_STUDY_0194__Calanus_finmarchicus__Calanoid_copepod__CO2NA__T0.00__NC5,ZOO_COMMON_00343,0.020834086902842053,7.453228166937473e-4,36.62923020770571,4.25
Hamraj et al. 2021,"Han et al., 2018",2018,NA,https://repository.kopri.re.kr/handle/201206/10852,Zooplankton,Holoplankton,Non-calanoid copepod,Tigriopus japonicus,T,10,10,NA,20,NA,22,Survival,ambiguous,NA,Survival,98.51486111,8.157205904,99.97069,0.092686358,0.0147,6.86e-4,NA,not sure which specific metric was looked into,Yes,NA,NA,NA,,NA,2,Han_et_al_2018,NA,Tigriopus_japonicus,Non_calanoid_copepod,2018,NA,20,10,Han_et_al_2018__2018__NA,ZOO_STUDY_0208,ZOO_ES_001728,ZOO_STUDY_0208__Tigriopus_japonicus__Non_calanoid_copepod__CO2NA__T20.00__NC10,ZOO_COMMON_00372,0.01466963201501961,6.856994431157802e-4,38.18854409776365,4.25
Hamraj et al. 2021,"Han et al., 2018",2018,NA,https://repository.kopri.re.kr/handle/201206/10852,Zooplankton,Holoplankton,Non-calanoid copepod,Tigriopus japonicus,T,10,10,NA,20,NA,24,Survival,ambiguous,NA,Survival,98.51486111,8.157205904,99.92087,0.250231031,0.0142,6.86e-4,NA,not sure which specific metric was looked into,Yes,NA,NA,NA,,NA,4,Han_et_al_2018,NA,Tigriopus_japonicus,Non_calanoid_copepod,2018,NA,20,10,Han_et_al_2018__2018__NA,ZOO_STUDY_0208,ZOO_ES_001730,ZOO_STUDY_0208__Tigriopus_japonicus__Non_calanoid_copepod__CO2NA__T20.00__NC10,ZOO_COMMON_00372,0.01417116173411758,6.862406329451987e-4,38.17348281533306,4.25
Hamraj et al. 2021,"Han et al., 2018",2018,NA,https://repository.kopri.re.kr/handle/201206/10852,Zooplankton,Holoplankton,Non-calanoid copepod,Tigriopus japonicus,T,10,10,NA,20,NA,26,Survival,ambiguous,NA,Survival,98.51486111,8.157205904,99.86518,0.426338274,0.0136,6.87e-4,NA,not sure which specific metric was looked into,Yes,NA,NA,NA,,NA,6,Han_et_al_2018,NA,Tigriopus_japonicus,Non_calanoid_copepod,2018,NA,20,10,Han_et_al_2018__2018__NA,ZOO_STUDY_0208,ZOO_ES_001732,ZOO_STUDY_0208__Tigriopus_japonicus__Non_calanoid_copepod__CO2NA__T20.00__NC10,ZOO_COMMON_00372,0.0136136653379238,6.874360393863272e-4,38.14027777514231,4.25
Hamraj et al. 2021,"Han et al., 2018",2018,NA,https://repository.kopri.re.kr/handle/201206/10852,Zooplankton,Holoplankton,Non-calanoid copepod,Tigriopus japonicus,T,10,10,NA,20,NA,28,Survival,ambiguous,NA,Survival,98.51486111,8.157205904,99.81389,0.588531495,0.0131,6.89e-4,NA,not sure which specific metric was looked into,Yes,NA,NA,NA,,NA,8,Han_et_al_2018,NA,Tigriopus_japonicus,Non_calanoid_copepod,2018,NA,20,10,Han_et_al_2018__2018__NA,ZOO_STUDY_0208,ZOO_ES_001733,ZOO_STUDY_0208__Tigriopus_japonicus__Non_calanoid_copepod__CO2NA__T20.00__NC10,ZOO_COMMON_00372,0.013099940978851001,6.890901069709503e-4,38.09447498410466,4.25
Hamraj et al. 2021,"Han et al., 2018",2018,NA,https://repository.kopri.re.kr/handle/201206/10852,Zooplankton,Holoplankton,Non-calanoid copepod,Tigriopus japonicus,T,10,10,NA,20,NA,30,Survival,ambiguous,NA,Survival,98.51486111,8.157205904,99.76113,0.755373265,0.0126,6.91e-4,NA,not sure which specific metric was looked into,Yes,NA,NA,NA,,NA,10,Han_et_al_2018,NA,Tigriopus_japonicus,Non_calanoid_copepod,2018,NA,20,10,Han_et_al_2018__2018__NA,ZOO_STUDY_0208,ZOO_ES_001734,ZOO_STUDY_0208__Tigriopus_japonicus__Non_calanoid_copepod__CO2NA__T20.00__NC10,ZOO_COMMON_00372,0.01257121748200181,6.913467301111097e-4,38.03225212676829,4.25
Lang et al. 2023,Tyler et al. 2000,2000,NA,NA,Zooplankton,Meroplankton,Echinoderm,Sterechinus neumayeri,T,3,3,NA,0.9,NA,2.5,Survival of blastulae (%),positive,NA,Survival,94.84,3.18,95.26,2.76,0.0044,6.546e-4,NA,NA,Yes,NA,NA,NA,,NA,1.6,Tyler_et_al_2000,NA,Sterechinus_neumayeri,Echinoderm,2000,NA,0.9,3,Tyler_et_al_2000__2000__NA,ZOO_STUDY_0509,ZOO_ES_001739,ZOO_STUDY_0509__Sterechinus_neumayeri__Echinoderm__CO2NA__T0.90__NC3,ZOO_COMMON_00883,0.004418734175509526,6.545751905164354e-4,39.085910173028786,4.25
Lang et al. 2023,Balogh and Byrne 2020,2020,NA,NA,Zooplankton,Meroplankton,Echinoderm,Parvulastra exigua,T,6,6,NA,18,NA,22,Survival day 10 (%),positive,NA,Survival,96.07,4.83,96.16,5.05,9e-4,8.794e-4,NA,NA,Yes,NA,NA,NA,,NA,4,Balogh_and_Byrne_2020,NA,Parvulastra_exigua,Echinoderm,2020,NA,18,6,Balogh_and_Byrne_2020__2020__NA,ZOO_STUDY_0028,ZOO_ES_001740,ZOO_STUDY_0028__Parvulastra_exigua__Echinoderm__CO2NA__T18.00__NC6,ZOO_COMMON_00042,9.363783652503865e-4,8.809429177224343e-4,33.69194753852324,3.5
Hamraj et al. 2021,"Han et al., 2018",2018,NA,https://repository.kopri.re.kr/handle/201206/10852,Zooplankton,Holoplankton,Non-calanoid copepod,Tigriopus kingsejongensis,T,10,10,NA,8,NA,12,Survival,ambiguous,NA,Survival,100,0.01,99.42053,1.832445036,-0.00581,3.4e-5,NA,not sure which specific metric was looked into,Yes,NA,NA,NA,,NA,4,Han_et_al_2018,NA,Tigriopus_kingsejongensis,Non_calanoid_copepod,2018,NA,8,10,Han_et_al_2018__2018__NA,ZOO_STUDY_0208,ZOO_ES_001769,ZOO_STUDY_0208__Tigriopus_kingsejongensis__Non_calanoid_copepod__CO2NA__T8.00__NC10,ZOO_COMMON_00373,-0.005811554416442039,3.3972112206794934e-5,171.56896251431934,4.25
Lang et al. 2023,Li et al. 2011,2011,NA,NA,Zooplankton,Meroplankton,Echinoderm,Apostichopus japonicus,T,30,30,NA,21,NA,24,Survival day 1 pre-feeding (%),positive,NA,Survival,98.7,7.12,97.8,7.12,-0.0092,3.502e-4,NA,NA,Yes,NA,NA,NA,,NA,3,Li_et_al_2011,NA,Apostichopus_japonicus,Echinoderm,2011,NA,21,30,Li_et_al_2011__2011__NA,ZOO_STUDY_0308,ZOO_ES_001771,ZOO_STUDY_0308__Apostichopus_japonicus__Echinoderm__CO2NA__T21.00__NC30,ZOO_COMMON_00534,-0.009160369398664278,3.5013130449376397e-4,53.442224744980386,4.25
Lang et al. 2023,Li et al. 2011,2011,NA,NA,Zooplankton,Meroplankton,Echinoderm,Apostichopus japonicus,T,30,30,NA,21,NA,24,Survival day 5 feeding (%),positive,NA,Survival,98.3,9.31,96.7,9.31,-0.0164,6.081e-4,NA,NA,Yes,NA,NA,NA,,NA,3,Li_et_al_2011,NA,Apostichopus_japonicus,Echinoderm,2011,NA,21,30,Li_et_al_2011__2011__NA,ZOO_STUDY_0308,ZOO_ES_001809,ZOO_STUDY_0308__Apostichopus_japonicus__Echinoderm__CO2NA__T21.00__NC30,ZOO_COMMON_00534,-0.01641062469387215,6.079762131459198e-4,40.556148631889066,4.25
Hamraj et al. 2021,"Han et al., 2018",2018,NA,https://repository.kopri.re.kr/handle/201206/10852,Zooplankton,Holoplankton,Non-calanoid copepod,Tigriopus kingsejongensis,T,10,10,NA,8,NA,16,Survival,ambiguous,NA,Survival,100,0.01,98.36061,2.836120342,-0.0165,8.31e-5,NA,not sure which specific metric was looked into,Yes,NA,NA,NA,,NA,8,Han_et_al_2018,NA,Tigriopus_kingsejongensis,Non_calanoid_copepod,2018,NA,8,10,Han_et_al_2018__2018__NA,ZOO_STUDY_0208,ZOO_ES_001810,ZOO_STUDY_0208__Tigriopus_kingsejongensis__Non_calanoid_copepod__CO2NA__T8.00__NC10,ZOO_COMMON_00373,-0.01652976695131875,8.314039940132724e-5,109.67154123876149,4.25
Hamraj et al. 2021,"Han et al., 2018",2018,NA,https://repository.kopri.re.kr/handle/201206/10852,Zooplankton,Holoplankton,Non-calanoid copepod,Tigriopus kingsejongensis,T,10,10,NA,8,NA,14,Survival,ambiguous,NA,Survival,100,0.01,97.542366,7.771721095,-0.0249,6.35e-4,NA,not sure which specific metric was looked into,Yes,NA,NA,NA,,NA,6,Han_et_al_2018,NA,Tigriopus_kingsejongensis,Non_calanoid_copepod,2018,NA,8,10,Han_et_al_2018__2018__NA,ZOO_STUDY_0208,ZOO_ES_001854,ZOO_STUDY_0208__Tigriopus_kingsejongensis__Non_calanoid_copepod__CO2NA__T8.00__NC10,ZOO_COMMON_00373,-0.024883379285180394,6.348169672680715e-4,39.68950998142694,4.25
Leung et al. 2022,"Dineshram et al., 2016. Glob Change Biol",NA,NA,NA,Zooplankton,Meroplankton,Oyster larvae,Crassostrea gigas,T,3,3,514.2,24,529.6,30,Larval survival,positive,NA,Survival,100,0,97,2.253468824899409,-0.030459207484708574,2.39e-4,NA,NA,Yes,NA,NA,NA,,15.399999999999977,6,Dineshram_et_al_2016_Glob_Change_Biol,NA,Crassostrea_gigas,Oyster_larvae,NA,514.2,24,3,Dineshram_et_al_2016_Glob_Change_Biol__NA__NA,ZOO_STUDY_0119,ZOO_ES_001860,ZOO_STUDY_0119__Crassostrea_gigas__Oyster_larvae__CO2514.20__T24.00__NC3,ZOO_COMMON_00204,-0.030459207484708574,1.799029916318958e-4,74.555692307694,4.25
Lang et al. 2023,Li et al. 2011,2011,NA,NA,Zooplankton,Meroplankton,Echinoderm,Apostichopus japonicus,T,30,30,NA,21,NA,24,Survival day 8 feeding  (%),positive,NA,Survival,90.8,12.05,87.7,6.57,-0.0347,7.743e-4,NA,NA,Yes,NA,NA,NA,,NA,3,Li_et_al_2011,NA,Apostichopus_japonicus,Echinoderm,2011,NA,21,30,Li_et_al_2011__2011__NA,ZOO_STUDY_0308,ZOO_ES_001874,ZOO_STUDY_0308__Apostichopus_japonicus__Echinoderm__CO2NA__T21.00__NC30,ZOO_COMMON_00534,-0.03473738622911024,7.741308273073444e-4,35.9412203349962,4.25
Leung et al. 2022,"Schmidt et al., 2014. Coral Reefs",NA,NA,NA,Zooplankton,Holoplankton,Foraminifera,Marginopora vertebralis,T,3,3,479,28,499,31,Survival,positive,NA,Survival,98,1.4,94,3.03,-0.041672696400568074,9.19e-4,NA,NA,Yes,NA,NA,NA,,20,3,Schmidt_et_al_2014_Coral_Reefs,NA,Marginopora_vertebralis,Foraminifera,NA,479,28,3,Schmidt_et_al_2014_Coral_Reefs__NA__NA,ZOO_STUDY_0458,ZOO_ES_001879,ZOO_STUDY_0458__Marginopora_vertebralis__Foraminifera__CO2479.00__T28.00__NC3,ZOO_COMMON_00792,-0.041672696400568074,4.1437171065800696e-4,49.1252700594618,4.25
Lang et al. 2023,Li et al. 2011,2011,NA,NA,Zooplankton,Meroplankton,Echinoderm,Apostichopus japonicus,T,30,30,NA,21,NA,24,Survival day 3 pre-feeding  (%),positive,NA,Survival,95.9,2.19,91.7,4.93,-0.0448,1.137e-4,NA,NA,Yes,NA,NA,NA,,NA,3,Li_et_al_2011,NA,Apostichopus_japonicus,Echinoderm,2011,NA,21,30,Li_et_al_2011__2011__NA,ZOO_STUDY_0308,ZOO_ES_001884,ZOO_STUDY_0308__Apostichopus_japonicus__Echinoderm__CO2NA__T21.00__NC30,ZOO_COMMON_00534,-0.04478360262697343,1.1372925098631332e-4,93.7699988194454,4.25
Ross et al. 2024,Gibbs et al. 2021c,2021,Energetic lipid responses of larval oysters to ocean acidification,https://www.sciencedirect.com/science/article/abs/pii/S0025326X21004756,Zooplankton,Meroplankton,Mollusca,Saccostrea glomerata,T,3,3,NA,24,NA,28,Larval mortality at 9 days,negative,NA,Survival,95.58232932,4.173616404,100,0.001,-0.0452,6.36e-4,NA,"flip sign because we are looking at mortality, instead of survival",Yes,NA,NA,NA,,NA,4,Gibbs_et_al_2021c,Energetic_lipid_responses_of_larval_oysters_to_ocean_acidification,Saccostrea_glomerata,Mollusca,2021,NA,24,3,Gibbs_et_al_2021c__2021__Energetic_lipid_responses_of_larval_oysters_to_ocean_acidification,ZOO_STUDY_0183,ZOO_ES_001885,ZOO_STUDY_0183__Saccostrea_glomerata__Mollusca__CO2NA__T24.00__NC3,ZOO_COMMON_00317,0.04518222276466142,6.355483703457399e-4,39.66666562549158,4.25
Hamraj et al. 2021,"Anzueto-Sanchez et al., 2014",2014,NA,https://www.researchgate.net/publication/353413415_Grazing_by_the_Copepod_Parvocalanus_crassirostris_on_Picochlorum_sp_at_Harmful_Bloom_Densities_and_the_Role_of_Particle_Size,Zooplankton,Holoplankton,Calanoid copepod,Pseudodiaptomus euryhalinus,T,3,3,NA,19.4,NA,27.8,Survival,ambiguous,NA,Survival,67,13.9,64,11.4,-0.0458,0.0249,NA,not sure which specific metric was looked into,Yes,NA,NA,NA,,NA,8.400000000000002,Anzueto_Sanchez_et_al_2014,NA,Pseudodiaptomus_euryhalinus,Calanoid_copepod,2014,NA,19.4,3,Anzueto_Sanchez_et_al_2014__2014__NA,ZOO_STUDY_0023,ZOO_ES_001887,ZOO_STUDY_0023__Pseudodiaptomus_euryhalinus__Calanoid_copepod__CO2NA__T19.40__NC3,ZOO_COMMON_00032,-0.04580953603129422,0.024923093980888468,6.3343057495602135,2
Hamraj et al. 2021,"Grenvald et al., 2012",2012,NA,https://www.researchgate.net/publication/234092642_Effects_of_a_future_warmer_ocean_on_the_coexisting_copepods_Calanus_finmarchicus_and_C-glacialis_in_Disko_Bay_western_Greenland,Zooplankton,Holoplankton,Calanoid copepod,Calanus glacialis,T,5,5,NA,0,NA,5,Survival,ambiguous,NA,Survival,96,2,91,8,-0.0535,0.00163,NA,not sure which specific metric was looked into,Yes,NA,NA,NA,,NA,5,Grenvald_et_al_2012,NA,Calanus_glacialis,Calanoid_copepod,2012,NA,0,5,Grenvald_et_al_2012__2012__NA,ZOO_STUDY_0194,ZOO_ES_001914,ZOO_STUDY_0194__Calanus_glacialis__Calanoid_copepod__CO2NA__T0.00__NC5,ZOO_COMMON_00345,-0.053488684950986236,0.0016325125957680903,24.749802040178324,3.5
Hamraj et al. 2021,souissi et al 2016,2016,NA,https://www.researchgate.net/publication/294090600_Evaluation_of_the_Copepod_Eurytemora_affinis_Life_History_Response_to_Temperature_and_Salinity_Increases,Zooplankton,Holoplankton,Calanoid copepod,Eurytemora affinis,T,7,5,NA,20,NA,24,Survival,ambiguous,NA,Survival,52.82960025,16.89,49.76393225,9.52,-0.0598,0.0219,NA,not sure which specific metric was looked into,Yes,NA,NA,NA,,NA,4,souissi_et_al_2016,NA,Eurytemora_affinis,Calanoid_copepod,2016,NA,20,7,souissi_et_al_2016__2016__NA,ZOO_STUDY_0570,ZOO_ES_001917,ZOO_STUDY_0570__Eurytemora_affinis__Calanoid_copepod__CO2NA__T20.00__NC7,ZOO_COMMON_00986,-0.059781174798756526,0.02192119087177527,6.754106870601039,2
Lang et al. 2023,Li et al. 2011,2011,NA,NA,Zooplankton,Meroplankton,Echinoderm,Apostichopus japonicus,T,30,30,NA,21,NA,27,Survival day 1 pre-feeding (%),positive,NA,Survival,98.7,7.12,92,10.41,-0.0703,6e-4,NA,NA,Yes,NA,NA,NA,,NA,6,Li_et_al_2011,NA,Apostichopus_japonicus,Echinoderm,2011,NA,21,30,Li_et_al_2011__2011__NA,ZOO_STUDY_0308,ZOO_ES_001920,ZOO_STUDY_0308__Apostichopus_japonicus__Echinoderm__CO2NA__T21.00__NC30,ZOO_COMMON_00534,-0.07029636939039562,6.002425130991697e-4,40.81658108342167,4.25
Hamraj et al. 2021,"Han et al., 2018",2018,NA,https://repository.kopri.re.kr/handle/201206/10852,Zooplankton,Holoplankton,Non-calanoid copepod,Tigriopus kingsejongensis,T,10,10,NA,8,NA,18,Survival,ambiguous,NA,Survival,100,0.01,92.44074,9.926452821,-0.0786,0.00115,NA,not sure which specific metric was looked into,Yes,NA,NA,NA,,NA,10,Han_et_al_2018,NA,Tigriopus_kingsejongensis,Non_calanoid_copepod,2018,NA,8,10,Han_et_al_2018__2018__NA,ZOO_STUDY_0208,ZOO_ES_001937,ZOO_STUDY_0208__Tigriopus_kingsejongensis__Non_calanoid_copepod__CO2NA__T8.00__NC10,ZOO_COMMON_00373,-0.07860239542139533,0.001153086042868514,29.44890440783156,3.5
Ross et al. 2024,Gibbs et al. 2021c,2021,Energetic lipid responses of larval oysters to ocean acidification,https://www.sciencedirect.com/science/article/abs/pii/S0025326X21004756,Zooplankton,Meroplankton,Mollusca,Saccostrea glomerata,T,3,3,NA,24,NA,28,Larval mortality at 9 days,negative,NA,Survival,92.1686747,7.303828707,100,0.001,-0.0815,0.00209,NA,"flip sign because we are looking at mortality, instead of survival",Yes,NA,NA,NA,,NA,4,Gibbs_et_al_2021c,Energetic_lipid_responses_of_larval_oysters_to_ocean_acidification,Saccostrea_glomerata,Mollusca,2021,NA,24,3,Gibbs_et_al_2021c__2021__Energetic_lipid_responses_of_larval_oysters_to_ocean_acidification,ZOO_STUDY_0183,ZOO_ES_001939,ZOO_STUDY_0183__Saccostrea_glomerata__Mollusca__CO2NA__T24.00__NC3,ZOO_COMMON_00317,0.08154986695103593,0.0020932120459726906,21.85714268224675,3.5
Kindinger et al. 2022,"D. Astorga, J. Ruiz, L. Prieto,  Hydrobiologia 690, 141–155 (2012).",2012,Ecological aspects of early life stages of Cotylorhiza tuberculata (Scyphozoa: Rhizostomae) affecting its pelagic population success.,NA,Zooplankton,Meroplankton,Cnidaria,Cotylorhiza tuberculata,T,3,3,NA,20,NA,25,ingestion rate,positive,prey/day,Physiology,121.67,24.29,392,55.43,1.169949378,0.019950101,NA,NA,Yes,NA,NA,NA,,NA,5,D_Astorga_J_Ruiz_L_Prieto_Hydrobiologia_690_141_155_2012_,Ecological_aspects_of_early_life_stages_of_Cotylorhiza_tuberculata_Scyphozoa_Rhizostomae_affecting_its_pelagic_population_success_,Cotylorhiza_tuberculata,Cnidaria,2012,NA,20,3,D_Astorga_J_Ruiz_L_Prieto_Hydrobiologia_690_141_155_2012___2012__Ecological_aspects_of_early_life_stages_of_Cotylorhiza_tuberculata_Scyphozoa_Rhizostomae_affecting_its_pelagic_population_success_,ZOO_STUDY_0105,ZOO_ES_001952,ZOO_STUDY_0105__Cotylorhiza_tuberculata__Cnidaria__CO2NA__T20.00__NC3,ZOO_COMMON_00184,1.1699493779911048,0.019950100977206512,7.079905336550177,2
Kindinger et al. 2022,"F. Faleiro, et al.,  Conserv Physiol 4 (2016).",2016,Small pelagics in a changing ocean: biological responses of sardine early stages to warming.,NA,Zooplankton,Meroplankton,Fish larvae,Sardina pilchardus,T,12,12,NA,15,NA,17.1,attack frequency,positive,attacks/min,Physiology,10.7588,6.6926,6.8504,4.9434,-0.45141698,0.07564124,NA,NA,Yes,NA,NA,NA,,NA,2.1000000000000014,F_Faleiro_et_al_Conserv_Physiol_4_2016_,Small_pelagics_in_a_changing_ocean_biological_responses_of_sardine_early_stages_to_warming_,Sardina_pilchardus,Fish_larvae,2016,NA,15,12,F_Faleiro_et_al_Conserv_Physiol_4_2016___2016__Small_pelagics_in_a_changing_ocean_biological_responses_of_sardine_early_stages_to_warming_,ZOO_STUDY_0147,ZOO_ES_001953,ZOO_STUDY_0147__Sardina_pilchardus__Fish_larvae__CO2NA__T15.00__NC12,ZOO_COMMON_00251,-0.4514169796209425,0.07564123998077973,3.6359732564225538,2.5
Kindinger et al. 2022,"U. Grote, A. Pasternak, E. Arashkevich, E. Halvorsen, A. Nikishina",2015,Thermal response of ingestion and egestion rates in the Arctic copepod Calanus glacialis and possible metabolic consequences in a warming ocean.,NA,Zooplankton,Holoplankton,Calanoid copepod,Calanus,T,3,3,NA,2.5,NA,10,daily ingestion rate,positive,NA,Physiology,61.785,18.65156715,100.7396333,9.266528709,0.488878684,0.0332,NA,NA,Yes,NA,NA,NA,,NA,7.5,U_Grote_A_Pasternak_E_Arashkevich_E_Halvorsen_A_Nikishina,Thermal_response_of_ingestion_and_egestion_rates_in_the_Arctic_copepod_Calanus_glacialis_and_possible_metabolic_consequences_in_a_warming_ocean_,Calanus,Calanoid_copepod,2015,NA,2.5,3,U_Grote_A_Pasternak_E_Arashkevich_E_Halvorsen_A_Nikishina__2015__Thermal_response_of_ingestion_and_egestion_rates_in_the_Arctic_copepod_Calanus_glacialis_and_possible_metabolic_consequences_in_a_warming_ocean_,ZOO_STUDY_0510,ZOO_ES_001977,ZOO_STUDY_0510__Calanus__Calanoid_copepod__CO2NA__T2.50__NC3,ZOO_COMMON_00884,0.48887868369119575,0.033197298848735506,5.488436273552816,2
Kindinger et al. 2022,"W. Li, et al.",2015,Combined effects of short-term ocean acidification and heat shock in a benthic copepod Tigriopus japonicus Mori.,NA,Zooplankton,Holoplankton,Non-calanoid copepod,Tigriopus,T,3,3,399,20,1007,24,feeding rate,positive,NA,Physiology,969.2063,336.5482,1267.1098,393.7044,0.268016349,0.0724,NA,NA,Yes,NA,NA,NA,,608,4,W_Li_et_al_,Combined_effects_of_short_term_ocean_acidification_and_heat_shock_in_a_benthic_copepod_Tigriopus_japonicus_Mori_,Tigriopus,Non_calanoid_copepod,2015,399,20,3,W_Li_et_al___2015__Combined_effects_of_short_term_ocean_acidification_and_heat_shock_in_a_benthic_copepod_Tigriopus_japonicus_Mori_,ZOO_STUDY_0529,ZOO_ES_001979,ZOO_STUDY_0529__Tigriopus__Non_calanoid_copepod__CO2399.00__T20.00__NC3,ZOO_COMMON_00929,0.2680163488435497,0.07237246385780124,3.7171776819782534,2.5
Kruft Welton et al. 2024,"C. Sanchez-Lazo, I. Martinez-Pita",2012,"Effect of temperature on survival, growth and development of Mytilus galloprovincialis larvae.",NA,Zooplankton,Meroplankton,Mollusca,Mytilus galloprovincialis,T,30,30,NA,20,NA,24,growth rate,positive,NA,Growth,9.06,6.57267069,8.71,2.19089023,-0.0394,0.0197,table 1,NA,Yes,NA,NA,NA,,NA,4,C_Sanchez_Lazo_I_Martinez_Pita,Effect_of_temperature_on_survival_growth_and_development_of_Mytilus_galloprovincialis_larvae_,Mytilus_galloprovincialis,Mollusca,2012,NA,20,30,C_Sanchez_Lazo_I_Martinez_Pita__2012__Effect_of_temperature_on_survival_growth_and_development_of_Mytilus_galloprovincialis_larvae_,ZOO_STUDY_0062,ZOO_ES_001986,ZOO_STUDY_0062__Mytilus_galloprovincialis__Mollusca__CO2NA__T20.00__NC30,ZOO_COMMON_00097,-0.03939732919047651,0.019652124659457627,7.133378111651859,2
Kruft Welton et al. 2024,"D. Carstensen, J. Laudien, W. Sielfeld, M. E. Oliva, W. E. Arntz",2010,EARLY LARVAL DEVELOPMENT OF DONAX OBESULUS: RESPONSE TO EL NINO TEMPERATURE AND SALINITY CONDITIONS.,NA,Zooplankton,Meroplankton,Mollusca,Donax ohesulus,T,90,90,NA,17.8,NA,24.6,growth um/day,positive,NA,Growth,161.04,8.2,177.16,7.65,0.0954,4.95e-5,fig 2 larvae not fed ? Length data also available,NA,Yes,NA,NA,NA,,NA,6.800000000000001,D_Carstensen_J_Laudien_W_Sielfeld_M_E_Oliva_W_E_Arntz,EARLY_LARVAL_DEVELOPMENT_OF_DONAX_OBESULUS_RESPONSE_TO_EL_NINO_TEMPERATURE_AND_SALINITY_CONDITIONS_,Donax_ohesulus,Mollusca,2010,NA,17.8,90,D_Carstensen_J_Laudien_W_Sielfeld_M_E_Oliva_W_E_Arntz__2010__EARLY_LARVAL_DEVELOPMENT_OF_DONAX_OBESULUS_RESPONSE_TO_EL_NINO_TEMPERATURE_AND_SALINITY_CONDITIONS_,ZOO_STUDY_0106,ZOO_ES_001988,ZOO_STUDY_0106__Donax_ohesulus__Mollusca__CO2NA__T17.80__NC90,ZOO_COMMON_00185,0.09540049772346142,4.952635940894229e-5,142.0959819381975,4.25
Kruft Welton et al. 2024,"J. Perez-Larruscain, M. Delgado, J. I. Gairin",2011,Larval growth and development of the smooth clam Callista chione (Mollusca: Bivalvia) under laboratory conditions.Ã‚Â ,NA,Zooplankton,Meroplankton,Mollusca,Callista chione,T,50,50,NA,19,NA,23,length,positive,NA,Growth,223.1,11.2,230.2,17.8,0.0313,1.7e-4,fig2,NA,Yes,NA,NA,NA,,NA,4,J_Perez_Larruscain_M_Delgado_J_I_Gairin,Larval_growth_and_development_of_the_smooth_clam_Callista_chione_Mollusca_Bivalvia_under_laboratory_conditions_,Callista_chione,Mollusca,2011,NA,19,50,J_Perez_Larruscain_M_Delgado_J_I_Gairin__2011__Larval_growth_and_development_of_the_smooth_clam_Callista_chione_Mollusca_Bivalvia_under_laboratory_conditions_,ZOO_STUDY_0246,ZOO_ES_001996,ZOO_STUDY_0246__Callista_chione__Mollusca__CO2NA__T19.00__NC50,ZOO_COMMON_00430,0.03132839484929551,1.6998444397516173e-4,76.70000822158786,4.25
Hamraj et al. 2021,"Mathews et al., 2018",2018,NA,https://pubmed.ncbi.nlm.nih.gov/29948318/,Zooplankton,Holoplankton,Calanoid copepod,Parvocalanus crassirostris,T,3,3,NA,24,NA,28,Survival,ambiguous,NA,Survival,100,0.743482809,91.68514,3.962464594,-0.0868,6.41e-4,NA,not sure which specific metric was looked into,Yes,NA,NA,NA,,NA,4,Mathews_et_al_2018,NA,Parvocalanus_crassirostris,Calanoid_copepod,2018,NA,24,3,Mathews_et_al_2018__2018__NA,ZOO_STUDY_0338,ZOO_ES_002014,ZOO_STUDY_0338__Parvocalanus_crassirostris__Calanoid_copepod__CO2NA__T24.00__NC3,ZOO_COMMON_00592,-0.0868098700207954,6.410291593293622e-4,39.4967269264563,4.25
Lang et al. 2023,Benitez Villalobos et al. 2006,2006,NA,NA,Zooplankton,Meroplankton,Echinoderm,Asterias rubens,T,3,3,NA,15,NA,20,Abnormal embryos 48 hrs (%),negative,NA,Development,24.39,15.45,99.19,1.62,-1.4029,0.1338446,NA,NA,Yes,NA,NA,NA,,NA,5,Benitez_Villalobos_et_al_2006,NA,Asterias_rubens,Echinoderm,2006,NA,15,3,Benitez_Villalobos_et_al_2006__2006__NA,ZOO_STUDY_0036,ZOO_ES_002017,ZOO_STUDY_0036__Asterias_rubens__Echinoderm__CO2NA__T15.00__NC3,ZOO_COMMON_00052,1.4028639905300735,0.133844557182028,2.733377671368795,2.5
Lang et al. 2023,Benitez Villalobos et al. 2006,2006,NA,NA,Zooplankton,Meroplankton,Echinoderm,Asterias rubens,T,3,3,NA,15,NA,20,Abnormal embryos 6 hrs (%),negative,NA,Development,17.65,10.92,46.22,5.04,-0.9627,0.1315588,NA,NA,Yes,NA,NA,NA,,NA,5,Benitez_Villalobos_et_al_2006,NA,Asterias_rubens,Echinoderm,2006,NA,15,3,Benitez_Villalobos_et_al_2006__2006__NA,ZOO_STUDY_0036,ZOO_ES_002019,ZOO_STUDY_0036__Asterias_rubens__Echinoderm__CO2NA__T15.00__NC3,ZOO_COMMON_00052,0.962676821466929,0.1315587878254516,2.7570209635822955,2.5
Lang et al. 2023,Benitez Villalobos et al. 2006,2006,NA,NA,Zooplankton,Meroplankton,Echinoderm,Marthasterias glacialis,T,3,3,NA,15,NA,20,Abnormal embryos 6 hrs (%),negative,NA,Development,9.17,1.66,38.33,2.5,-1.4303,0.0123414,NA,NA,Yes,NA,NA,NA,,NA,5,Benitez_Villalobos_et_al_2006,NA,Marthasterias_glacialis,Echinoderm,2006,NA,15,3,Benitez_Villalobos_et_al_2006__2006__NA,ZOO_STUDY_0036,ZOO_ES_002020,ZOO_STUDY_0036__Marthasterias_glacialis__Echinoderm__CO2NA__T15.00__NC3,ZOO_COMMON_00053,1.4302955931240902,0.012341376055770684,9.001568837784932,2.75
Lang et al. 2023,Benitez Villalobos et al. 2006,2006,NA,NA,Zooplankton,Meroplankton,Echinoderm,Asterias rubens,T,3,3,NA,15,NA,20,Early bipinnaria swimming 24 hrs (%),positive,NA,Development,98.9,2.96,96.87,3.14,-0.0207,6.488e-4,NA,NA,Yes,NA,NA,NA,,NA,5,Benitez_Villalobos_et_al_2006,NA,Asterias_rubens,Echinoderm,2006,NA,15,3,Benitez_Villalobos_et_al_2006__2006__NA,ZOO_STUDY_0036,ZOO_ES_002021,ZOO_STUDY_0036__Asterias_rubens__Echinoderm__CO2NA__T15.00__NC3,ZOO_COMMON_00052,-0.020739365190372946,6.48821016108244e-4,39.258847455517255,4.25
Lang et al. 2023,Benitez Villalobos et al. 2006,2006,NA,NA,Zooplankton,Meroplankton,Echinoderm,Asterias rubens,T,3,3,NA,15,NA,20,Embryos at 64 cell stage 6 hrs (%),positive,NA,Development,36.97,11.77,21.85,5.04,-0.5259,0.0515209,NA,NA,Yes,NA,NA,NA,,NA,5,Benitez_Villalobos_et_al_2006,NA,Asterias_rubens,Echinoderm,2006,NA,15,3,Benitez_Villalobos_et_al_2006__2006__NA,ZOO_STUDY_0036,ZOO_ES_002022,ZOO_STUDY_0036__Asterias_rubens__Echinoderm__CO2NA__T15.00__NC3,ZOO_COMMON_00052,-0.5259058514069412,0.051520922720514985,4.405631653174002,2
Lang et al. 2023,Benitez Villalobos et al. 2006,2006,NA,NA,Zooplankton,Meroplankton,Echinoderm,Marthasterias glacialis,T,3,3,NA,15,NA,20,Embryos at early gastrula stage (%),positive,NA,Development,100,0,10.66,1.64,-2.2387,0.0078895,NA,NA,Yes,NA,NA,NA,,NA,5,Benitez_Villalobos_et_al_2006,NA,Marthasterias_glacialis,Echinoderm,2006,NA,15,3,Benitez_Villalobos_et_al_2006__2006__NA,ZOO_STUDY_0036,ZOO_ES_002023,ZOO_STUDY_0036__Marthasterias_glacialis__Echinoderm__CO2NA__T15.00__NC3,ZOO_COMMON_00053,-2.238671767250393,0.007889546351084811,11.258330249197703,2.75
Lang et al. 2023,Binet and Doyle 2013,2013,NA,NA,Zooplankton,Meroplankton,Echinoderm,Heliocidaris tuberculata,T,4,4,NA,20,NA,24,Fertilisation 15 mins (%),positive,NA,Reproduction,92.96,3.7,88.08,1.94,-0.053900000000000003,5.173e-4,NA,NA,Yes,NA,NA,NA,,NA,4,Binet_and_Doyle_2013,NA,Heliocidaris_tuberculata,Echinoderm,2013,NA,20,4,Binet_and_Doyle_2013__2013__NA,ZOO_STUDY_0041,ZOO_ES_002025,ZOO_STUDY_0041__Heliocidaris_tuberculata__Echinoderm__CO2NA__T20.00__NC4,ZOO_COMMON_00060,-0.053923800689176495,5.173310099906244e-4,43.96587735747478,4.25
Lang et al. 2023,Binet and Doyle 2013,2013,NA,NA,Zooplankton,Meroplankton,Echinoderm,Heliocidaris tuberculata,T,4,4,NA,20,NA,26,Fertilisation 15 mins (%),positive,NA,Reproduction,92.96,3.7,77.63,17.6,-0.1802,0.0132461,NA,NA,Yes,NA,NA,NA,,NA,6,Binet_and_Doyle_2013,NA,Heliocidaris_tuberculata,Echinoderm,2013,NA,20,4,Binet_and_Doyle_2013__2013__NA,ZOO_STUDY_0041,ZOO_ES_002026,ZOO_STUDY_0041__Heliocidaris_tuberculata__Echinoderm__CO2NA__T20.00__NC4,ZOO_COMMON_00060,-0.18021534268601205,0.013246141178527803,8.688710161782584,2.75
Lang et al. 2023,Binet and Doyle 2013,2013,NA,NA,Zooplankton,Meroplankton,Echinoderm,Heliocidaris tuberculata,T,3,3,NA,20,NA,24,Sperm mitochondrial activity 180 mins (Rh123 %),positive,NA,Reproduction,89.47,8.26,92.13,7.07,0.0293,0.0048036,NA,NA,Yes,NA,NA,NA,,NA,4,Binet_and_Doyle_2013,NA,Heliocidaris_tuberculata,Echinoderm,2013,NA,20,3,Binet_and_Doyle_2013__2013__NA,ZOO_STUDY_0041,ZOO_ES_002027,ZOO_STUDY_0041__Heliocidaris_tuberculata__Echinoderm__CO2NA__T20.00__NC3,ZOO_COMMON_00059,0.029297249561335968,0.0048040612783755154,14.427654403507768,2.75
Lang et al. 2023,Binet and Doyle 2013,2013,NA,NA,Zooplankton,Meroplankton,Echinoderm,Heliocidaris tuberculata,T,3,3,NA,20,NA,26,Sperm mitochondrial activity 180 mins (Rh123 %),positive,NA,Reproduction,89.47,8.26,91.46,6.74,0.022,0.0046514,NA,NA,Yes,NA,NA,NA,,NA,6,Binet_and_Doyle_2013,NA,Heliocidaris_tuberculata,Echinoderm,2013,NA,20,3,Binet_and_Doyle_2013__2013__NA,ZOO_STUDY_0041,ZOO_ES_002028,ZOO_STUDY_0041__Heliocidaris_tuberculata__Echinoderm__CO2NA__T20.00__NC3,ZOO_COMMON_00059,0.02199834467040456,0.004651323232892394,14.66262540663748,2.75
Lang et al. 2023,Binet and Doyle 2013,2013,NA,NA,Zooplankton,Meroplankton,Echinoderm,Heliocidaris tuberculata,T,3,3,NA,20,NA,24,Sperm mitochondrial activity 60 mins (Rh123 %),positive,NA,Reproduction,91.61,0.61,91.89,1.35,0.0031,8.66e-5,NA,NA,Yes,NA,NA,NA,,NA,4,Binet_and_Doyle_2013,NA,Heliocidaris_tuberculata,Echinoderm,2013,NA,20,3,Binet_and_Doyle_2013__2013__NA,ZOO_STUDY_0041,ZOO_ES_002029,ZOO_STUDY_0041__Heliocidaris_tuberculata__Echinoderm__CO2NA__T20.00__NC3,ZOO_COMMON_00059,0.003051773485676226,8.67257764621e-5,107.38061861837943,4.25
Lang et al. 2023,Binet and Doyle 2013,2013,NA,NA,Zooplankton,Meroplankton,Echinoderm,Heliocidaris tuberculata,T,3,3,NA,20,NA,26,Sperm mitochondrial activity 60 mins (Rh123 %),positive,NA,Reproduction,91.61,0.61,96.86,2.6,0.0557,2.544e-4,NA,NA,Yes,NA,NA,NA,,NA,6,Binet_and_Doyle_2013,NA,Heliocidaris_tuberculata,Echinoderm,2013,NA,20,3,Binet_and_Doyle_2013__2013__NA,ZOO_STUDY_0041,ZOO_ES_002030,ZOO_STUDY_0041__Heliocidaris_tuberculata__Echinoderm__CO2NA__T20.00__NC3,ZOO_COMMON_00059,0.055726200947965696,2.5495907684983815e-4,62.62745462922915,4.25
Lang et al. 2023,Byrne et al. 2009,2009,NA,NA,Zooplankton,Meroplankton,Echinoderm,Heliocidaris erythrogramma,T,5,5,NA,20,NA,24,Fertilisation (%),positive,NA,Reproduction,96.22,2.28,92.32,7.62,-0.0414,0.0014767,NA,NA,Yes,NA,NA,NA,,NA,4,Byrne_et_al_2009,NA,Heliocidaris_erythrogramma,Echinoderm,2009,NA,20,5,Byrne_et_al_2009__2009__NA,ZOO_STUDY_0059,ZOO_ES_002031,ZOO_STUDY_0059__Heliocidaris_erythrogramma__Echinoderm__CO2NA__T20.00__NC5,ZOO_COMMON_00088,-0.04137643351151823,0.0014748343472191644,26.039244431543086,3.5
Lang et al. 2023,Byrne et al. 2009,2009,NA,NA,Zooplankton,Meroplankton,Echinoderm,Heliocidaris erythrogramma,T,5,5,NA,20,NA,26,Fertilisation (%),positive,NA,Reproduction,96.22,2.28,95.79,2.12,-0.0045,2.107e-4,NA,NA,Yes,NA,NA,NA,,NA,6,Byrne_et_al_2009,NA,Heliocidaris_erythrogramma,Echinoderm,2009,NA,20,5,Byrne_et_al_2009__2009__NA,ZOO_STUDY_0059,ZOO_ES_002032,ZOO_STUDY_0059__Heliocidaris_erythrogramma__Echinoderm__CO2NA__T20.00__NC5,ZOO_COMMON_00088,-0.004478940876507253,2.102600555609787e-4,68.96386810442414,4.25
Lang et al. 2023,Byrne et al. 2009,2009,NA,NA,Zooplankton,Meroplankton,Echinoderm,Heliocidaris erythrogramma,T,5,5,NA,20,NA,24,Cleavage (%),positive,NA,Development,81.02,7.62,40.36,27.79,-0.6969,0.096622,NA,NA,Yes,NA,NA,NA,,NA,4,Byrne_et_al_2009,NA,Heliocidaris_erythrogramma,Echinoderm,2009,NA,20,5,Byrne_et_al_2009__2009__NA,ZOO_STUDY_0059,ZOO_ES_002033,ZOO_STUDY_0059__Heliocidaris_erythrogramma__Echinoderm__CO2NA__T20.00__NC5,ZOO_COMMON_00088,-0.6968568422891362,0.09659016557888499,3.2176110500220534,2.5
Lang et al. 2023,Byrne et al. 2009,2009,NA,NA,Zooplankton,Meroplankton,Echinoderm,Heliocidaris erythrogramma,T,5,5,NA,20,NA,26,Cleavage (%),positive,NA,Development,81.02,7.62,19.99,9.68,-1.3995,0.0486906,NA,NA,Yes,NA,NA,NA,,NA,6,Byrne_et_al_2009,NA,Heliocidaris_erythrogramma,Echinoderm,2009,NA,20,5,Byrne_et_al_2009__2009__NA,ZOO_STUDY_0059,ZOO_ES_002034,ZOO_STUDY_0059__Heliocidaris_erythrogramma__Echinoderm__CO2NA__T20.00__NC5,ZOO_COMMON_00088,-1.3994638892622357,0.04866719890074118,4.532959352244711,2
Lang et al. 2023,Byrne et al. 2009,2009,NA,NA,Zooplankton,Meroplankton,Echinoderm,Heliocidaris erythrogramma,T,5,5,NA,20,NA,24,Gastrulation (%),positive,NA,Development,83.29,4.7,46.24,18.78,-0.5885,0.0336364,NA,NA,Yes,NA,NA,NA,,NA,4,Byrne_et_al_2009,NA,Heliocidaris_erythrogramma,Echinoderm,2009,NA,20,5,Byrne_et_al_2009__2009__NA,ZOO_STUDY_0059,ZOO_ES_002035,ZOO_STUDY_0059__Heliocidaris_erythrogramma__Echinoderm__CO2NA__T20.00__NC5,ZOO_COMMON_00088,-0.588483269583127,0.033627097627818736,5.453248739181852,2
Lang et al. 2023,"Caballes et al., 2017",2017,NA,NA,Zooplankton,Meroplankton,Echinoderm,Acanthaster sp.,T,5,5,NA,28,NA,30,Cleavage (%),positive,NA,Development,87.68,1.49,82.07,3.54,-0.0661,4.299e-4,NA,NA,Yes,NA,NA,NA,,NA,2,Caballes_et_al_2017,NA,Acanthaster_sp_,Echinoderm,2017,NA,28,5,Caballes_et_al_2017__2017__NA,ZOO_STUDY_0064,ZOO_ES_002037,ZOO_STUDY_0064__Acanthaster_sp___Echinoderm__CO2NA__T28.00__NC5,ZOO_COMMON_00099,-0.06612128155808528,4.2986341720353333e-4,48.231942887783184,4.25
Lang et al. 2023,"Caballes et al., 2017",2017,NA,NA,Zooplankton,Meroplankton,Echinoderm,Acanthaster sp.,T,5,5,NA,28,NA,32,Cleavage (%),positive,NA,Development,87.68,1.49,77.79,1.86,-0.1197,1.721e-4,NA,NA,Yes,NA,NA,NA,,NA,4,Caballes_et_al_2017,NA,Acanthaster_sp_,Echinoderm,2017,NA,28,5,Caballes_et_al_2017__2017__NA,ZOO_STUDY_0064,ZOO_ES_002038,ZOO_STUDY_0064__Acanthaster_sp___Echinoderm__CO2NA__T28.00__NC5,ZOO_COMMON_00099,-0.11968093498102268,1.7209925065409405e-4,76.2272952889193,4.25
Lang et al. 2023,"Caballes et al., 2017",2017,NA,NA,Zooplankton,Meroplankton,Echinoderm,Acanthaster sp.,T,5,5,NA,28,NA,34,Cleavage (%),positive,NA,Development,87.68,1.49,48.39,1.73,-0.5944,3.134e-4,NA,NA,Yes,NA,NA,NA,,NA,6,Caballes_et_al_2017,NA,Acanthaster_sp_,Echinoderm,2017,NA,28,5,Caballes_et_al_2017__2017__NA,ZOO_STUDY_0064,ZOO_ES_002039,ZOO_STUDY_0064__Acanthaster_sp___Echinoderm__CO2NA__T28.00__NC5,ZOO_COMMON_00099,-0.5944006423944782,3.1338606993099635e-4,56.488514743937664,4.25
Lang et al. 2023,"Caballes et al., 2017",2017,NA,NA,Zooplankton,Meroplankton,Echinoderm,Acanthaster sp.,T,5,5,NA,28,NA,36,Cleavage (%),positive,NA,Development,87.68,1.49,7,6.06,-2.5278,0.14995,NA,NA,Yes,NA,NA,NA,,NA,8,Caballes_et_al_2017,NA,Acanthaster_sp_,Echinoderm,2017,NA,28,5,Caballes_et_al_2017__2017__NA,ZOO_STUDY_0064,ZOO_ES_002040,ZOO_STUDY_0064__Acanthaster_sp___Echinoderm__CO2NA__T28.00__NC5,ZOO_COMMON_00099,-2.527783674144392,0.14995000147546064,2.5824193238621915,2.5
Lang et al. 2023,"Caballes et al., 2017",2017,NA,NA,Zooplankton,Meroplankton,Echinoderm,Acanthaster sp.,T,5,5,NA,28,NA,30,Fertilisation (%),positive,NA,Reproduction,98.82,1.47,96.73,1.83,-0.0214,1.158e-4,NA,NA,Yes,NA,NA,NA,,NA,2,Caballes_et_al_2017,NA,Acanthaster_sp_,Echinoderm,2017,NA,28,5,Caballes_et_al_2017__2017__NA,ZOO_STUDY_0064,ZOO_ES_002041,ZOO_STUDY_0064__Acanthaster_sp___Echinoderm__CO2NA__T28.00__NC5,ZOO_COMMON_00099,-0.02137642122314821,1.1583927030417723e-4,92.91206091577796,4.25
Lang et al. 2023,"Caballes et al., 2017",2017,NA,NA,Zooplankton,Meroplankton,Echinoderm,Acanthaster sp.,T,5,5,NA,28,NA,32,Fertilisation (%),positive,NA,Reproduction,98.82,1.47,89.73,8.44,-0.0965,0.0018137,NA,NA,Yes,NA,NA,NA,,NA,4,Caballes_et_al_2017,NA,Acanthaster_sp_,Echinoderm,2017,NA,28,5,Caballes_et_al_2017__2017__NA,ZOO_STUDY_0064,ZOO_ES_002042,ZOO_STUDY_0064__Acanthaster_sp___Echinoderm__CO2NA__T28.00__NC5,ZOO_COMMON_00099,-0.09649485210763752,0.0018137114127582668,23.480963156589915,3.5
Lang et al. 2023,"Caballes et al., 2017",2017,NA,NA,Zooplankton,Meroplankton,Echinoderm,Acanthaster sp.,T,5,5,NA,28,NA,34,Fertilisation (%),positive,NA,Reproduction,98.82,1.47,71.89,7.04,-0.3182,0.0019622,NA,NA,Yes,NA,NA,NA,,NA,6,Caballes_et_al_2017,NA,Acanthaster_sp_,Echinoderm,2017,NA,28,5,Caballes_et_al_2017__2017__NA,ZOO_STUDY_0064,ZOO_ES_002043,ZOO_STUDY_0064__Acanthaster_sp___Echinoderm__CO2NA__T28.00__NC5,ZOO_COMMON_00099,-0.31816284042182374,0.001962210991988252,22.574968234458982,3.5
Lang et al. 2023,"Caballes et al., 2017",2017,NA,NA,Zooplankton,Meroplankton,Echinoderm,Acanthaster sp.,T,5,5,NA,28,NA,36,Fertilisation (%),positive,NA,Reproduction,98.82,1.47,18.88,5.73,-1.6552,0.0184662,NA,NA,Yes,NA,NA,NA,,NA,8,Caballes_et_al_2017,NA,Acanthaster_sp_,Echinoderm,2017,NA,28,5,Caballes_et_al_2017__2017__NA,ZOO_STUDY_0064,ZOO_ES_002044,ZOO_STUDY_0064__Acanthaster_sp___Echinoderm__CO2NA__T28.00__NC5,ZOO_COMMON_00099,-1.6551968527002494,0.018466191882918107,7.358873340373302,2
Lang et al. 2023,"Caballes et al., 2017",2017,NA,NA,Zooplankton,Meroplankton,Echinoderm,Acanthaster sp.,T,5,5,NA,28,NA,30,Gastrulation (%),positive,NA,Development,83.43,8.73,80.83,3.06,-0.0317,0.0024765,NA,NA,Yes,NA,NA,NA,,NA,2,Caballes_et_al_2017,NA,Acanthaster_sp_,Echinoderm,2017,NA,28,5,Caballes_et_al_2017__2017__NA,ZOO_STUDY_0064,ZOO_ES_002045,ZOO_STUDY_0064__Acanthaster_sp___Echinoderm__CO2NA__T28.00__NC5,ZOO_COMMON_00099,-0.03165977316823032,0.0024764821169089833,20.094740487557385,3.5
Lang et al. 2023,"Caballes et al., 2017",2017,NA,NA,Zooplankton,Meroplankton,Echinoderm,Acanthaster sp.,T,5,5,NA,28,NA,32,Gastrulation (%),positive,NA,Development,83.43,8.73,70.54,5.97,-0.1678,0.0036224,NA,NA,Yes,NA,NA,NA,,NA,4,Caballes_et_al_2017,NA,Acanthaster_sp_,Echinoderm,2017,NA,28,5,Caballes_et_al_2017__2017__NA,ZOO_STUDY_0064,ZOO_ES_002046,ZOO_STUDY_0064__Acanthaster_sp___Echinoderm__CO2NA__T28.00__NC5,ZOO_COMMON_00099,-0.16782803210607727,0.003622391390899766,16.615075286174815,3.5
Lang et al. 2023,"Caballes et al., 2017",2017,NA,NA,Zooplankton,Meroplankton,Echinoderm,Acanthaster sp.,T,5,5,NA,28,NA,34,Gastrulation (%),positive,NA,Development,83.43,8.73,47.42,6.55,-0.565,0.0060057,NA,NA,Yes,NA,NA,NA,,NA,6,Caballes_et_al_2017,NA,Acanthaster_sp_,Echinoderm,2017,NA,28,5,Caballes_et_al_2017__2017__NA,ZOO_STUDY_0064,ZOO_ES_002047,ZOO_STUDY_0064__Acanthaster_sp___Echinoderm__CO2NA__T28.00__NC5,ZOO_COMMON_00099,-0.5649638762767237,0.0060056823278372105,12.903835614681485,2.75
Lang et al. 2023,"Caballes et al., 2017",2017,NA,NA,Zooplankton,Meroplankton,Echinoderm,Acanthaster sp.,T,5,5,NA,28,NA,30,Sperm motility ESW (%),positive,NA,Reproduction,71.25,10.44,71.83,3.65,0.0081,0.0048104,NA,NA,Yes,NA,NA,NA,,NA,2,Caballes_et_al_2017,NA,Acanthaster_sp_,Echinoderm,2017,NA,28,5,Caballes_et_al_2017__2017__NA,ZOO_STUDY_0064,ZOO_ES_002049,ZOO_STUDY_0064__Acanthaster_sp___Echinoderm__CO2NA__T28.00__NC5,ZOO_COMMON_00099,0.008107396937950241,0.004810413359574549,14.418125502392183,2.75
Lang et al. 2023,"Caballes et al., 2017",2017,NA,NA,Zooplankton,Meroplankton,Echinoderm,Acanthaster sp.,T,5,5,NA,28,NA,32,Sperm motility ESW (%),positive,NA,Reproduction,71.25,10.44,71.05,6.98,-0.0028,0.0062242,NA,NA,Yes,NA,NA,NA,,NA,4,Caballes_et_al_2017,NA,Acanthaster_sp_,Echinoderm,2017,NA,28,5,Caballes_et_al_2017__2017__NA,ZOO_STUDY_0064,ZOO_ES_002050,ZOO_STUDY_0064__Acanthaster_sp___Echinoderm__CO2NA__T28.00__NC5,ZOO_COMMON_00099,-0.0028109646056503164,0.006224238311472951,12.675260504132508,2.75
Lang et al. 2023,"Caballes et al., 2017",2017,NA,NA,Zooplankton,Meroplankton,Echinoderm,Acanthaster sp.,T,5,5,NA,28,NA,34,Sperm motility ESW (%),positive,NA,Reproduction,71.25,10.44,75.7,5.65,0.0606,0.0054081,NA,NA,Yes,NA,NA,NA,,NA,6,Caballes_et_al_2017,NA,Acanthaster_sp_,Echinoderm,2017,NA,28,5,Caballes_et_al_2017__2017__NA,ZOO_STUDY_0064,ZOO_ES_002051,ZOO_STUDY_0064__Acanthaster_sp___Echinoderm__CO2NA__T28.00__NC5,ZOO_COMMON_00099,0.0605833412946432,0.005408120354975953,13.598056019064552,2.75
Lang et al. 2023,"Caballes et al., 2017",2017,NA,NA,Zooplankton,Meroplankton,Echinoderm,Acanthaster sp.,T,5,5,NA,28,NA,36,Sperm motility ESW (%),positive,NA,Reproduction,71.25,10.44,59.84,10.56,-0.1745,0.0105224,NA,NA,Yes,NA,NA,NA,,NA,8,Caballes_et_al_2017,NA,Acanthaster_sp_,Echinoderm,2017,NA,28,5,Caballes_et_al_2017__2017__NA,ZOO_STUDY_0064,ZOO_ES_002052,ZOO_STUDY_0064__Acanthaster_sp___Echinoderm__CO2NA__T28.00__NC5,ZOO_COMMON_00099,-0.174520485482538,0.010522365946189457,9.748623529339575,2.75
Lang et al. 2023,"Caballes et al., 2017",2017,NA,NA,Zooplankton,Meroplankton,Echinoderm,Acanthaster sp.,T,5,5,NA,28,NA,30,Sperm motility FSW (%),positive,NA,Reproduction,69.43,2.82,65.56,3.66,-0.0574,9.533e-4,NA,NA,Yes,NA,NA,NA,,NA,2,Caballes_et_al_2017,NA,Acanthaster_sp_,Echinoderm,2017,NA,28,5,Caballes_et_al_2017__2017__NA,ZOO_STUDY_0064,ZOO_ES_002053,ZOO_STUDY_0064__Acanthaster_sp___Echinoderm__CO2NA__T28.00__NC5,ZOO_COMMON_00099,-0.057353296889553144,9.532637870707728e-4,32.3886951908909,3.5
Lang et al. 2023,"Caballes et al., 2017",2017,NA,NA,Zooplankton,Meroplankton,Echinoderm,Acanthaster sp.,T,5,5,NA,28,NA,32,Sperm motility FSW (%),positive,NA,Reproduction,69.43,2.82,70.03,5.69,0.0086,0.0016503,NA,NA,Yes,NA,NA,NA,,NA,4,Caballes_et_al_2017,NA,Acanthaster_sp_,Echinoderm,2017,NA,28,5,Caballes_et_al_2017__2017__NA,ZOO_STUDY_0064,ZOO_ES_002054,ZOO_STUDY_0064__Acanthaster_sp___Echinoderm__CO2NA__T28.00__NC5,ZOO_COMMON_00099,0.008604670902244234,0.0016502806788071197,24.61620457370583,3.5
Lang et al. 2023,"Caballes et al., 2017",2017,NA,NA,Zooplankton,Meroplankton,Echinoderm,Acanthaster sp.,T,5,5,NA,28,NA,34,Sperm motility FSW (%),positive,NA,Reproduction,69.43,2.82,74.73,6.39,0.0736,0.0017923,NA,NA,Yes,NA,NA,NA,,NA,6,Caballes_et_al_2017,NA,Acanthaster_sp_,Echinoderm,2017,NA,28,5,Caballes_et_al_2017__2017__NA,ZOO_STUDY_0064,ZOO_ES_002055,ZOO_STUDY_0064__Acanthaster_sp___Echinoderm__CO2NA__T28.00__NC5,ZOO_COMMON_00099,0.07356256717701665,0.0017922569092833568,23.621086410482864,3.5
Lang et al. 2023,"Caballes et al., 2017",2017,NA,NA,Zooplankton,Meroplankton,Echinoderm,Acanthaster sp.,T,5,5,NA,28,NA,36,Sperm motility FSW (%),positive,NA,Reproduction,69.43,2.82,52.76,13.86,-0.2746,0.0141321,NA,NA,Yes,NA,NA,NA,,NA,8,Caballes_et_al_2017,NA,Acanthaster_sp_,Echinoderm,2017,NA,28,5,Caballes_et_al_2017__2017__NA,ZOO_STUDY_0064,ZOO_ES_002056,ZOO_STUDY_0064__Acanthaster_sp___Echinoderm__CO2NA__T28.00__NC5,ZOO_COMMON_00099,-0.2745657229160683,0.014132093607077718,8.411951252849791,2.75
Lang et al. 2023,"Caballes et al., 2017",2017,NA,NA,Zooplankton,Meroplankton,Echinoderm,Acanthaster sp.,T,5,5,NA,28,NA,30,Sperm speed ESW (um s-1),positive,NA,Reproduction,229.16,15.45,225.94,12.22,-0.0142,0.0014941,NA,NA,Yes,NA,NA,NA,,NA,2,Caballes_et_al_2017,NA,Acanthaster_sp_,Echinoderm,2017,NA,28,5,Caballes_et_al_2017__2017__NA,ZOO_STUDY_0064,ZOO_ES_002057,ZOO_STUDY_0064__Acanthaster_sp___Echinoderm__CO2NA__T28.00__NC5,ZOO_COMMON_00099,-0.014150972241594352,0.001494135945840566,25.870507179554686,3.5
Lang et al. 2023,"Caballes et al., 2017",2017,NA,NA,Zooplankton,Meroplankton,Echinoderm,Acanthaster sp.,T,5,5,NA,28,NA,32,Sperm speed ESW (um s-1),positive,NA,Reproduction,229.16,15.45,239.13,10.02,0.0426,0.0012602,NA,NA,Yes,NA,NA,NA,,NA,4,Caballes_et_al_2017,NA,Acanthaster_sp_,Echinoderm,2017,NA,28,5,Caballes_et_al_2017__2017__NA,ZOO_STUDY_0064,ZOO_ES_002058,ZOO_STUDY_0064__Acanthaster_sp___Echinoderm__CO2NA__T28.00__NC5,ZOO_COMMON_00099,0.042586887567564485,0.0012602488902826755,28.1690264866747,3.5
Lang et al. 2023,"Caballes et al., 2017",2017,NA,NA,Zooplankton,Meroplankton,Echinoderm,Acanthaster sp.,T,5,5,NA,28,NA,34,Sperm speed ESW (um s-1),positive,NA,Reproduction,229.16,15.45,238.1,19.36,0.0383,0.0022314,NA,NA,Yes,NA,NA,NA,,NA,6,Caballes_et_al_2017,NA,Acanthaster_sp_,Echinoderm,2017,NA,28,5,Caballes_et_al_2017__2017__NA,ZOO_STUDY_0064,ZOO_ES_002059,ZOO_STUDY_0064__Acanthaster_sp___Echinoderm__CO2NA__T28.00__NC5,ZOO_COMMON_00099,0.038270303952439966,0.0022313705172286777,21.16967324651081,3.5
Lang et al. 2023,"Caballes et al., 2017",2017,NA,NA,Zooplankton,Meroplankton,Echinoderm,Acanthaster sp.,T,5,5,NA,28,NA,36,Sperm speed ESW (um s-1),positive,NA,Reproduction,229.16,15.45,228.05,26.31,-0.0049,0.0035711,NA,NA,Yes,NA,NA,NA,,NA,8,Caballes_et_al_2017,NA,Acanthaster_sp_,Echinoderm,2017,NA,28,5,Caballes_et_al_2017__2017__NA,ZOO_STUDY_0064,ZOO_ES_002060,ZOO_STUDY_0064__Acanthaster_sp___Echinoderm__CO2NA__T28.00__NC5,ZOO_COMMON_00099,-0.004855546382667521,0.003571116516887746,16.733931612559857,3.5
Lang et al. 2023,"Caballes et al., 2017",2017,NA,NA,Zooplankton,Meroplankton,Echinoderm,Acanthaster sp.,T,5,5,NA,28,NA,30,Sperm speed FSW (um s-1),positive,NA,Reproduction,220.89,14.74,222.59,11.57,0.0077,0.0014309,NA,NA,Yes,NA,NA,NA,,NA,2,Caballes_et_al_2017,NA,Acanthaster_sp_,Echinoderm,2017,NA,28,5,Caballes_et_al_2017__2017__NA,ZOO_STUDY_0064,ZOO_ES_002061,ZOO_STUDY_0064__Acanthaster_sp___Echinoderm__CO2NA__T28.00__NC5,ZOO_COMMON_00099,0.0076666741537835875,0.0014309425888196592,26.435583155403762,3.5
Lang et al. 2023,"Caballes et al., 2017",2017,NA,NA,Zooplankton,Meroplankton,Echinoderm,Acanthaster sp.,T,5,5,NA,28,NA,32,Sperm speed FSW (um s-1),positive,NA,Reproduction,220.89,14.74,235.69,14.83,0.0649,0.0016824,NA,NA,Yes,NA,NA,NA,,NA,4,Caballes_et_al_2017,NA,Acanthaster_sp_,Echinoderm,2017,NA,28,5,Caballes_et_al_2017__2017__NA,ZOO_STUDY_0064,ZOO_ES_002062,ZOO_STUDY_0064__Acanthaster_sp___Echinoderm__CO2NA__T28.00__NC5,ZOO_COMMON_00099,0.06485254217956125,0.0016824062384964257,24.38004848434643,3.5
Lang et al. 2023,"Caballes et al., 2017",2017,NA,NA,Zooplankton,Meroplankton,Echinoderm,Acanthaster sp.,T,5,5,NA,28,NA,34,Sperm speed FSW (um s-1),positive,NA,Reproduction,220.89,14.74,232.36,19.78,0.0506,0.0023399,NA,NA,Yes,NA,NA,NA,,NA,6,Caballes_et_al_2017,NA,Acanthaster_sp_,Echinoderm,2017,NA,28,5,Caballes_et_al_2017__2017__NA,ZOO_STUDY_0064,ZOO_ES_002063,ZOO_STUDY_0064__Acanthaster_sp___Echinoderm__CO2NA__T28.00__NC5,ZOO_COMMON_00099,0.05062305307559663,0.002339884971750506,20.672963885396292,3.5
Lang et al. 2023,"Caballes et al., 2017",2017,NA,NA,Zooplankton,Meroplankton,Echinoderm,Acanthaster sp.,T,5,5,NA,28,NA,36,Sperm speed FSW (um s-1),positive,NA,Reproduction,220.89,14.74,220.21,18.55,-0.0031,0.0023098,NA,NA,Yes,NA,NA,NA,,NA,8,Caballes_et_al_2017,NA,Acanthaster_sp_,Echinoderm,2017,NA,28,5,Caballes_et_al_2017__2017__NA,ZOO_STUDY_0064,ZOO_ES_002064,ZOO_STUDY_0064__Acanthaster_sp___Echinoderm__CO2NA__T28.00__NC5,ZOO_COMMON_00099,-0.0030832035306342996,0.0023097803058097464,20.807248932030646,3.5
Lang et al. 2023,Gall et al. 2021,2021,NA,NA,Zooplankton,Meroplankton,Echinoderm,Heliocidaris erythrogramma,T,10.5,10.5,NA,19.47,NA,21.02,Metamorphosing into juveniles 10 days (%),positive,NA,Development,40.29,14.52,43.71,17.14,0.0815,0.0270111,NA,NA,Yes,NA,NA,NA,,NA,1.5500000000000007,Gall_et_al_2021,NA,Heliocidaris_erythrogramma,Echinoderm,2021,NA,19.47,10.5,Gall_et_al_2021__2021__NA,ZOO_STUDY_0163,ZOO_ES_002065,ZOO_STUDY_0163__Heliocidaris_erythrogramma__Echinoderm__CO2NA__T19.47__NC10,ZOO_COMMON_00277,0.0814736096719672,0.027013792800402094,6.084252339622596,2
Lang et al. 2023,Gall et al. 2021,2021,NA,NA,Zooplankton,Meroplankton,Echinoderm,Heliocidaris erythrogramma,T,10.5,10.5,NA,19.47,NA,22.810000000000002,Metamorphosing into juveniles 10 days (%),positive,NA,Development,40.29,14.52,37.03,13.67,-0.0844,0.0253513,NA,NA,Yes,NA,NA,NA,,NA,3.3400000000000034,Gall_et_al_2021,NA,Heliocidaris_erythrogramma,Echinoderm,2021,NA,19.47,10.5,Gall_et_al_2021__2021__NA,ZOO_STUDY_0163,ZOO_ES_002066,ZOO_STUDY_0163__Heliocidaris_erythrogramma__Echinoderm__CO2NA__T19.47__NC10,ZOO_COMMON_00277,-0.0843749042777345,0.02534839410013951,6.280941879393487,2
Lang et al. 2023,Gall et al. 2021,2021,NA,NA,Zooplankton,Meroplankton,Echinoderm,Heliocidaris erythrogramma,T,10.5,10.5,NA,19.47,NA,24.54,Metamorphosing into juveniles 10 days (%),positive,NA,Development,40.29,14.52,47.58,15.52,0.1663,0.022499,NA,NA,Yes,NA,NA,NA,,NA,5.07,Gall_et_al_2021,NA,Heliocidaris_erythrogramma,Echinoderm,2021,NA,19.47,10.5,Gall_et_al_2021__2021__NA,ZOO_STUDY_0163,ZOO_ES_002067,ZOO_STUDY_0163__Heliocidaris_erythrogramma__Echinoderm__CO2NA__T19.47__NC10,ZOO_COMMON_00277,0.16630920567155566,0.022502590170378194,6.66628297084935,2
Lang et al. 2023,Gall et al. 2021,2021,NA,NA,Zooplankton,Meroplankton,Echinoderm,Heliocidaris erythrogramma,T,10.5,10.5,NA,19.47,NA,26.419999999999998,Metamorphosing into juveniles 10 days (%),positive,NA,Development,40.29,14.52,9.58,15.72,-1.4364,0.2686663,NA,NA,Yes,NA,NA,NA,,NA,6.949999999999999,Gall_et_al_2021,NA,Heliocidaris_erythrogramma,Echinoderm,2021,NA,19.47,10.5,Gall_et_al_2021__2021__NA,ZOO_STUDY_0163,ZOO_ES_002068,ZOO_STUDY_0163__Heliocidaris_erythrogramma__Echinoderm__CO2NA__T19.47__NC10,ZOO_COMMON_00277,-1.4364257072204867,0.2688088301137231,1.9287601947791293,2.5
Lang et al. 2023,Gall et al. 2021,2021,NA,NA,Zooplankton,Meroplankton,Echinoderm,Heliocidaris erythrogramma,T,10.5,10.5,NA,19.47,NA,21.02,Metamorphosing into juveniles 5 days (%),positive,NA,Development,26.94,13.16,31.27,15.13,0.149,0.0450158,NA,NA,Yes,NA,NA,NA,,NA,1.5500000000000007,Gall_et_al_2021,NA,Heliocidaris_erythrogramma,Echinoderm,2021,NA,19.47,10.5,Gall_et_al_2021__2021__NA,ZOO_STUDY_0163,ZOO_ES_002069,ZOO_STUDY_0163__Heliocidaris_erythrogramma__Echinoderm__CO2NA__T19.47__NC10,ZOO_COMMON_00277,0.1490470004875319,0.04502252447539912,4.7128658573481115,2
Lang et al. 2023,Gall et al. 2021,2021,NA,NA,Zooplankton,Meroplankton,Echinoderm,Heliocidaris erythrogramma,T,10.5,10.5,NA,19.47,NA,22.810000000000002,Metamorphosing into juveniles 5 days (%),positive,NA,Development,26.94,13.16,22.37,20.16,-0.1859,0.1000244,NA,NA,Yes,NA,NA,NA,,NA,3.3400000000000034,Gall_et_al_2021,NA,Heliocidaris_erythrogramma,Echinoderm,2021,NA,19.47,10.5,Gall_et_al_2021__2021__NA,ZOO_STUDY_0163,ZOO_ES_002070,ZOO_STUDY_0163__Heliocidaris_erythrogramma__Echinoderm__CO2NA__T19.47__NC10,ZOO_COMMON_00277,-0.18589139548017963,0.10007613036794051,3.161074620224875,2.5
Lang et al. 2023,Gall et al. 2021,2021,NA,NA,Zooplankton,Meroplankton,Echinoderm,Heliocidaris erythrogramma,T,10.5,10.5,NA,19.47,NA,24.54,Metamorphosing into juveniles 5 days (%),positive,NA,Development,26.94,13.16,30.76,21.22,0.1326,0.068055,NA,NA,Yes,NA,NA,NA,,NA,5.07,Gall_et_al_2021,NA,Heliocidaris_erythrogramma,Echinoderm,2021,NA,19.47,10.5,Gall_et_al_2021__2021__NA,ZOO_STUDY_0163,ZOO_ES_002071,ZOO_STUDY_0163__Heliocidaris_erythrogramma__Echinoderm__CO2NA__T19.47__NC10,ZOO_COMMON_00277,0.1326029736552253,0.06805028388512838,3.8334078632143638,2
Lang et al. 2023,Gall et al. 2021,2021,NA,NA,Zooplankton,Meroplankton,Echinoderm,Heliocidaris erythrogramma,T,10.5,10.5,NA,19.47,NA,26.419999999999998,Metamorphosing into juveniles 5 days (%),positive,NA,Development,26.94,13.16,20.45,14.94,-0.2756,0.0735298,NA,NA,Yes,NA,NA,NA,,NA,6.949999999999999,Gall_et_al_2021,NA,Heliocidaris_erythrogramma,Echinoderm,2021,NA,19.47,10.5,Gall_et_al_2021__2021__NA,ZOO_STUDY_0163,ZOO_ES_002072,ZOO_STUDY_0163__Heliocidaris_erythrogramma__Echinoderm__CO2NA__T19.47__NC10,ZOO_COMMON_00277,-0.2756292884934072,0.07355682882681569,3.687130433052759,2.5
Lang et al. 2023,Ho et al. 2013,2013,NA,NA,Zooplankton,Meroplankton,Echinoderm,Sterechinus neumayeri,T,6,6,NA,1,NA,3,Fertilisation 1000:1 (%),positive,NA,Reproduction,87.2,4.9,89.56,9.82,0.0267,0.0025308,NA,NA,Yes,NA,NA,NA,,NA,2,Ho_et_al_2013,NA,Sterechinus_neumayeri,Echinoderm,2013,NA,1,6,Ho_et_al_2013__2013__NA,ZOO_STUDY_0226,ZOO_ES_002073,ZOO_STUDY_0226__Sterechinus_neumayeri__Echinoderm__CO2NA__T1.00__NC6,ZOO_COMMON_00399,0.026704460815620203,0.0025300192756308585,19.880993577413232,3.5
Lang et al. 2023,Ho et al. 2013,2013,NA,NA,Zooplankton,Meroplankton,Echinoderm,Sterechinus neumayeri,T,6,6,NA,1,NA,5,Fertilisation 1000:1 (%),positive,NA,Reproduction,87.2,4.9,88.42,8.5,0.0139,0.0020662,NA,NA,Yes,NA,NA,NA,,NA,4,Ho_et_al_2013,NA,Sterechinus_neumayeri,Echinoderm,2013,NA,1,6,Ho_et_al_2013__2013__NA,ZOO_STUDY_0226,ZOO_ES_002074,ZOO_STUDY_0226__Sterechinus_neumayeri__Echinoderm__CO2NA__T1.00__NC6,ZOO_COMMON_00399,0.013893857483163224,0.0020664991894927204,21.99795859931115,3.5
Lang et al. 2023,Ho et al. 2013,2013,NA,NA,Zooplankton,Meroplankton,Echinoderm,Sterechinus neumayeri,T,6,6,NA,1,NA,3,Fertilisation 5:1 (%),positive,NA,Reproduction,63.2,3.92,46.18,5.9,-0.3138,0.0033644,NA,NA,Yes,NA,NA,NA,,NA,2,Ho_et_al_2013,NA,Sterechinus_neumayeri,Echinoderm,2013,NA,1,6,Ho_et_al_2013__2013__NA,ZOO_STUDY_0226,ZOO_ES_002075,ZOO_STUDY_0226__Sterechinus_neumayeri__Echinoderm__CO2NA__T1.00__NC6,ZOO_COMMON_00399,-0.31375749722646246,0.0033616660855955516,17.247363384990134,3.5
Lang et al. 2023,Ho et al. 2013,2013,NA,NA,Zooplankton,Meroplankton,Echinoderm,Sterechinus neumayeri,T,6,6,NA,1,NA,5,Fertilisation 5:1 (%),positive,NA,Reproduction,63.2,3.92,72.2,5.68,0.1331,0.0016735,NA,NA,Yes,NA,NA,NA,,NA,4,Ho_et_al_2013,NA,Sterechinus_neumayeri,Echinoderm,2013,NA,1,6,Ho_et_al_2013__2013__NA,ZOO_STUDY_0226,ZOO_ES_002076,ZOO_STUDY_0226__Sterechinus_neumayeri__Echinoderm__CO2NA__T1.00__NC6,ZOO_COMMON_00399,0.1331357447459689,0.001672694240232122,24.450723769907043,3.5
Lang et al. 2023,Hue et al. 2020,2020,NA,NA,Zooplankton,Meroplankton,Echinoderm,Acanthaster sp.,T,291,291,NA,27,NA,29,Maximum diameter of eggs 2018/19 (mm),ambiguous,NA,Growth,0.24,0.04,0.22,0.01,-0.087,9.74e-5,NA,NA,Yes,NA,NA,NA,,NA,2,Hue_et_al_2020,NA,Acanthaster_sp_,Echinoderm,2020,NA,27,291,Hue_et_al_2020__2020__NA,ZOO_STUDY_0236,ZOO_ES_002077,ZOO_STUDY_0236__Acanthaster_sp___Echinoderm__CO2NA__T27.00__NC291,ZOO_COMMON_00409,-0.08701137698962969,1.0255633498370145e-4,98.74582756521139,4.25
Lang et al. 2023,Hue et al. 2020,2020,NA,NA,Zooplankton,Meroplankton,Echinoderm,Acanthaster sp.,T,554,554,NA,27,NA,29,Maximum diameter of eggs 2019/20 (mm),ambiguous,NA,Growth,0.25,0.03,0.24,0.02,-0.0408,4.08e-5,NA,NA,Yes,NA,NA,NA,,NA,2,Hue_et_al_2020,NA,Acanthaster_sp_,Echinoderm,2020,NA,27,554,Hue_et_al_2020__2020__NA,ZOO_STUDY_0236,ZOO_ES_002078,ZOO_STUDY_0236__Acanthaster_sp___Echinoderm__CO2NA__T27.00__NC554,ZOO_COMMON_00411,-0.040821994520255166,3.852787805856398e-5,161.10627439731263,4.25
Lang et al. 2023,Hue et al. 2020,2020,NA,NA,Zooplankton,Meroplankton,Echinoderm,Acanthaster sp.,T,30,30,NA,27,NA,29,Fertilisation 2018/19 (%),positive,NA,Reproduction,76.21,19.81,21.93,26.53,-1.2456,0.0510478,NA,NA,Yes,NA,NA,NA,,NA,2,Hue_et_al_2020,NA,Acanthaster_sp_,Echinoderm,2020,NA,27,30,Hue_et_al_2020__2020__NA,ZOO_STUDY_0236,ZOO_ES_002079,ZOO_STUDY_0236__Acanthaster_sp___Echinoderm__CO2NA__T27.00__NC30,ZOO_COMMON_00410,-1.2456371252482292,0.051036127139111875,4.4265068912304,2
Lang et al. 2023,Hue et al. 2020,2020,NA,NA,Zooplankton,Meroplankton,Echinoderm,Acanthaster sp.,T,30,30,NA,27,NA,29,Fertilisation 2019/20 (%),positive,NA,Reproduction,96.51,4.64,94.07,8.2,-0.0256,3.305e-4,NA,NA,Yes,NA,NA,NA,,NA,2,Hue_et_al_2020,NA,Acanthaster_sp_,Echinoderm,2020,NA,27,30,Hue_et_al_2020__2020__NA,ZOO_STUDY_0236,ZOO_ES_002080,ZOO_STUDY_0236__Acanthaster_sp___Echinoderm__CO2NA__T27.00__NC30,ZOO_COMMON_00410,-0.025607443935184708,3.303314482657189e-4,55.02056417488373,4.25
Lang et al. 2023,Hue et al. 2020,2020,NA,NA,Zooplankton,Meroplankton,Echinoderm,Acanthaster sp.,T,291,291,NA,27,NA,29,Sphericity of eggs 2018/19,ambiguous,NA,Reproduction,0.87,0.06,0.9,0.07,0.0339,3.48e-5,NA,NA,Yes,NA,NA,NA,,NA,2,Hue_et_al_2020,NA,Acanthaster_sp_,Echinoderm,2020,NA,27,291,Hue_et_al_2020__2020__NA,ZOO_STUDY_0236,ZOO_ES_002081,ZOO_STUDY_0236__Acanthaster_sp___Echinoderm__CO2NA__T27.00__NC291,ZOO_COMMON_00409,0.033901551675681416,3.7132732936152474e-5,164.1048977822534,4.25
Lang et al. 2023,Hue et al. 2020,2020,NA,NA,Zooplankton,Meroplankton,Echinoderm,Acanthaster sp.,T,554,554,NA,27,NA,29,Sphericity of eggs 2019/20,ambiguous,NA,Reproduction,0.91,0.06,0.9,0.07,-0.011,1.99e-5,NA,NA,Yes,NA,NA,NA,,NA,2,Hue_et_al_2020,NA,Acanthaster_sp_,Echinoderm,2020,NA,27,554,Hue_et_al_2020__2020__NA,ZOO_STUDY_0236,ZOO_ES_002082,ZOO_STUDY_0236__Acanthaster_sp___Echinoderm__CO2NA__T27.00__NC554,ZOO_COMMON_00411,-0.011049836186584935,1.8766577196113966e-5,230.8380862678766,4.25
Lang et al. 2023,Hue et al. 2020,2020,NA,NA,Zooplankton,Meroplankton,Echinoderm,Acanthaster sp.,T,291,291,NA,27,NA,29,Volume of eggs x10-3 2018/19 (mm3),ambiguous,NA,Development,6.27,2.62,4.46,0.61,-0.3406,6.664e-4,NA,NA,Yes,NA,NA,NA,,NA,2,Hue_et_al_2020,NA,Acanthaster_sp_,Echinoderm,2020,NA,27,291,Hue_et_al_2020__2020__NA,ZOO_STUDY_0236,ZOO_ES_002083,ZOO_STUDY_0236__Acanthaster_sp___Echinoderm__CO2NA__T27.00__NC291,ZOO_COMMON_00409,-0.34062758861285664,6.643152603878054e-4,38.79831685692297,4.25
Lang et al. 2023,Hue et al. 2020,2020,NA,NA,Zooplankton,Meroplankton,Echinoderm,Acanthaster sp.,T,554,554,NA,27,NA,29,Volume of eggs x10-3 2019/20 (mm3),ambiguous,NA,Development,7.06,2.55,5.84,1.79,-0.1897,4.052e-4,NA,NA,Yes,NA,NA,NA,,NA,2,Hue_et_al_2020,NA,Acanthaster_sp_,Echinoderm,2020,NA,27,554,Hue_et_al_2020__2020__NA,ZOO_STUDY_0236,ZOO_ES_002084,ZOO_STUDY_0236__Acanthaster_sp___Echinoderm__CO2NA__T27.00__NC554,ZOO_COMMON_00411,-0.18971425466501496,4.05062313229117e-4,49.686577262971085,4.25
Lang et al. 2023,"Kamya et al., 2014",2014,NA,NA,Zooplankton,Meroplankton,Echinoderm,Acanthaster sp.,T,10,10,NA,26,NA,28,Fertilisation (%),positive,NA,Reproduction,92.75,8.41,93.22,5.28,0.0051,0.0011434,NA,NA,Yes,NA,NA,NA,,NA,2,Kamya_et_al_2014,NA,Acanthaster_sp_,Echinoderm,2014,NA,26,10,Kamya_et_al_2014__2014__NA,ZOO_STUDY_0255,ZOO_ES_002085,ZOO_STUDY_0255__Acanthaster_sp___Echinoderm__CO2NA__T26.00__NC10,ZOO_COMMON_00440,0.005054589457050264,0.001142986081204341,29.578730410789884,3.5
Lang et al. 2023,"Kamya et al., 2014",2014,NA,NA,Zooplankton,Meroplankton,Echinoderm,Acanthaster sp.,T,10,10,NA,26,NA,30,Fertilisation (%),positive,NA,Reproduction,92.75,8.41,89.33,9.68,-0.0376,0.0019959,NA,NA,Yes,NA,NA,NA,,NA,4,Kamya_et_al_2014,NA,Acanthaster_sp_,Echinoderm,2014,NA,26,10,Kamya_et_al_2014__2014__NA,ZOO_STUDY_0255,ZOO_ES_002086,ZOO_STUDY_0255__Acanthaster_sp___Echinoderm__CO2NA__T26.00__NC10,ZOO_COMMON_00440,-0.03757032377379679,0.0019964125608835964,22.380761188681593,3.5
Lang et al. 2023,"Kamya et al., 2014",2014,NA,NA,Zooplankton,Meroplankton,Echinoderm,Acanthaster sp.,T,10,10,NA,26,NA,28,Normal Gastrulae (%),positive,NA,Development,88.88,8.22,88.73,5.57,-0.0017,0.0012492,NA,NA,Yes,NA,NA,NA,,NA,2,Kamya_et_al_2014,NA,Acanthaster_sp_,Echinoderm,2014,NA,26,10,Kamya_et_al_2014__2014__NA,ZOO_STUDY_0255,ZOO_ES_002087,ZOO_STUDY_0255__Acanthaster_sp___Echinoderm__CO2NA__T26.00__NC10,ZOO_COMMON_00440,-0.0016890944841280015,0.001249400039639831,28.291061468503663,3.5
Lang et al. 2023,"Kamya et al., 2014",2014,NA,NA,Zooplankton,Meroplankton,Echinoderm,Acanthaster sp.,T,10,10,NA,26,NA,30,Normal Gastrulae (%),positive,NA,Development,88.88,8.22,77.54,9.27,-0.1365,0.0022836,NA,NA,Yes,NA,NA,NA,,NA,4,Kamya_et_al_2014,NA,Acanthaster_sp_,Echinoderm,2014,NA,26,10,Kamya_et_al_2014__2014__NA,ZOO_STUDY_0255,ZOO_ES_002088,ZOO_STUDY_0255__Acanthaster_sp___Echinoderm__CO2NA__T26.00__NC10,ZOO_COMMON_00440,-0.13649321308859136,0.002284582548013514,20.921680835426308,3.5
Lang et al. 2023,Kashenko 2006,2006,NA,NA,Zooplankton,Meroplankton,Echinoderm,Asterina pectinifera,T,6,6,NA,22,NA,25,Abnormal blastulae (%),negative,NA,Development,12.3,4.04,73.1,4.86,-1.7822,0.0187047,NA,NA,Yes,NA,NA,NA,,NA,3,Kashenko_2006,NA,Asterina_pectinifera,Echinoderm,2006,NA,22,6,Kashenko_2006__2006__NA,ZOO_STUDY_0263,ZOO_ES_002089,ZOO_STUDY_0263__Asterina_pectinifera__Echinoderm__CO2NA__T22.00__NC6,ZOO_COMMON_00453,1.7822291043773608,0.018717171976486882,7.30936896025188,2
Lang et al. 2023,Kashenko 2006,2006,NA,NA,Zooplankton,Meroplankton,Echinoderm,Asterina pectinifera,T,6,6,NA,22,NA,25,Blastulae released from egg membranes (%),positive,NA,Development,96,2.67,84.5,6.96,-0.1276,0.0012588,NA,NA,Yes,NA,NA,NA,,NA,3,Kashenko_2006,NA,Asterina_pectinifera,Echinoderm,2006,NA,22,6,Kashenko_2006__2006__NA,ZOO_STUDY_0263,ZOO_ES_002090,ZOO_STUDY_0263__Asterina_pectinifera__Echinoderm__CO2NA__T22.00__NC6,ZOO_COMMON_00453,-0.12759665710470802,0.0012596392376414006,28.17584242391327,3.5
Lang et al. 2023,Kashenko 2006,2006,NA,NA,Zooplankton,Meroplankton,Echinoderm,Asterina pectinifera,T,6,6,NA,22,NA,25,Fertilisation (%),positive,NA,Reproduction,98.1,1.14,98.4,1.24,0.0031,4.91e-5,NA,NA,Yes,NA,NA,NA,,NA,3,Kashenko_2006,NA,Asterina_pectinifera,Echinoderm,2006,NA,22,6,Kashenko_2006__2006__NA,ZOO_STUDY_0263,ZOO_ES_002091,ZOO_STUDY_0263__Asterina_pectinifera__Echinoderm__CO2NA__T22.00__NC6,ZOO_COMMON_00453,0.0030534374868904698,4.897397619555699e-5,142.89509354945588,4.25
Lang et al. 2023,Lamare et al. 2014,2014,NA,NA,Zooplankton,Meroplankton,Echinoderm,Acanthaster sp.,T,6,6,NA,27.2,NA,28.7,Abnormal embryos 16 hrs  (%),negative,NA,Development,22.85,9.77,23.32,7.64,-0.0204,0.0483911,NA,NA,Yes,NA,NA,NA,,NA,1.5,Lamare_et_al_2014,NA,Acanthaster_sp_,Echinoderm,2014,NA,27.2,6,Lamare_et_al_2014__2014__NA,ZOO_STUDY_0289,ZOO_ES_002092,ZOO_STUDY_0289__Acanthaster_sp___Echinoderm__CO2NA__T27.20__NC6,ZOO_COMMON_00498,0.020360244142077922,0.048358193135375385,4.547418950414552,2
Lang et al. 2023,Lamare et al. 2014,2014,NA,NA,Zooplankton,Meroplankton,Echinoderm,Acanthaster sp.,T,6,6,NA,27.2,NA,30.2,Abnormal embryos 16 hrs  (%),negative,NA,Development,22.85,9.77,30.69,8.06,-0.295,0.0419832,NA,NA,Yes,NA,NA,NA,,NA,3,Lamare_et_al_2014,NA,Acanthaster_sp_,Echinoderm,2014,NA,27.2,6,Lamare_et_al_2014__2014__NA,ZOO_STUDY_0289,ZOO_ES_002093,ZOO_STUDY_0289__Acanthaster_sp___Echinoderm__CO2NA__T27.20__NC6,ZOO_COMMON_00498,0.294985751291431,0.041964935506011596,4.881538512583157,2
Lang et al. 2023,Lamare et al. 2014,2014,NA,NA,Zooplankton,Meroplankton,Echinoderm,Acanthaster sp.,T,6,6,NA,27.2,NA,31.6,Abnormal embryos 16 hrs  (%),negative,NA,Development,22.85,9.77,49.35,34.61,-0.77,0.1124715,NA,NA,Yes,NA,NA,NA,,NA,4.400000000000002,Lamare_et_al_2014,NA,Acanthaster_sp_,Echinoderm,2014,NA,27.2,6,Lamare_et_al_2014__2014__NA,ZOO_STUDY_0289,ZOO_ES_002094,ZOO_STUDY_0289__Acanthaster_sp___Echinoderm__CO2NA__T27.20__NC6,ZOO_COMMON_00498,0.7699866485392768,0.11244379427636059,2.9821690184810934,2.5
Lang et al. 2023,Lamare et al. 2014,2014,NA,NA,Zooplankton,Meroplankton,Echinoderm,Acanthaster sp.,T,6,6,NA,27.2,NA,31.6,Abnormal embryos 24 hrs  (%),negative,NA,Development,36.75,3.36,80.73,7.2,-0.787,0.002716,NA,NA,Yes,NA,NA,NA,,NA,4.400000000000002,Lamare_et_al_2014,NA,Acanthaster_sp_,Echinoderm,2014,NA,27.2,6,Lamare_et_al_2014__2014__NA,ZOO_STUDY_0289,ZOO_ES_002095,ZOO_STUDY_0289__Acanthaster_sp___Echinoderm__CO2NA__T27.20__NC6,ZOO_COMMON_00498,0.7869720277480785,0.0027188929480709534,19.178027889106065,3.5
Lang et al. 2023,Lamare et al. 2014,2014,NA,NA,Zooplankton,Meroplankton,Echinoderm,Acanthaster sp.,T,6,6,NA,27.2,NA,28.7,Abnormal embryos 5 hrs  (%),negative,NA,Development,33.9,5.61,22.99,3.94,0.3884,0.0094675,NA,NA,Yes,NA,NA,NA,,NA,1.5,Lamare_et_al_2014,NA,Acanthaster_sp_,Echinoderm,2014,NA,27.2,6,Lamare_et_al_2014__2014__NA,ZOO_STUDY_0289,ZOO_ES_002096,ZOO_STUDY_0289__Acanthaster_sp___Echinoderm__CO2NA__T27.20__NC6,ZOO_COMMON_00498,-0.38835567561131434,0.009459428359002535,10.281762167979872,2.75
Lang et al. 2023,Lamare et al. 2014,2014,NA,NA,Zooplankton,Meroplankton,Echinoderm,Acanthaster sp.,T,6,6,NA,27.2,NA,30.2,Abnormal embryos 5 hrs  (%),negative,NA,Development,33.9,5.61,26.64,3.5,0.241,0.0074446,NA,NA,Yes,NA,NA,NA,,NA,3,Lamare_et_al_2014,NA,Acanthaster_sp_,Echinoderm,2014,NA,27.2,6,Lamare_et_al_2014__2014__NA,ZOO_STUDY_0289,ZOO_ES_002097,ZOO_STUDY_0289__Acanthaster_sp___Echinoderm__CO2NA__T27.20__NC6,ZOO_COMMON_00498,-0.24100116871421612,0.007441153957429711,11.592573414330221,2.75
Lang et al. 2023,Lamare et al. 2014,2014,NA,NA,Zooplankton,Meroplankton,Echinoderm,Acanthaster sp.,T,6,6,NA,27.2,NA,31.6,Abnormal embryos 5 hrs  (%),negative,NA,Development,33.9,5.61,29.34,5.95,0.1445,0.0114227,NA,NA,Yes,NA,NA,NA,,NA,4.400000000000002,Lamare_et_al_2014,NA,Acanthaster_sp_,Echinoderm,2014,NA,27.2,6,Lamare_et_al_2014__2014__NA,ZOO_STUDY_0289,ZOO_ES_002098,ZOO_STUDY_0289__Acanthaster_sp___Echinoderm__CO2NA__T27.20__NC6,ZOO_COMMON_00498,-0.14446324167156885,0.011418599188307278,9.35822721691834,2.75
Lang et al. 2023,Lamare et al. 2014,2014,NA,NA,Zooplankton,Meroplankton,Echinoderm,Acanthaster sp.,T,6,6,NA,27.2,NA,33.2,Abnormal embryos 5 hrs  (%),negative,NA,Development,33.9,5.61,64.4,3.99,-0.6417,0.0052038,NA,NA,Yes,NA,NA,NA,,NA,6.0000000000000036,Lamare_et_al_2014,NA,Acanthaster_sp_,Echinoderm,2014,NA,27.2,6,Lamare_et_al_2014__2014__NA,ZOO_STUDY_0289,ZOO_ES_002099,ZOO_STUDY_0289__Acanthaster_sp___Echinoderm__CO2NA__T27.20__NC6,ZOO_COMMON_00498,0.6416986187239034,0.005204077826151603,13.86207067134813,2.75
Lang et al. 2023,Lamare et al. 2014,2014,NA,NA,Zooplankton,Meroplankton,Echinoderm,Acanthaster sp.,T,6,6,NA,27.2,NA,28.7,Abnormal embryos 72 hrs  (%),negative,NA,Development,16.3,8.82,16.09,4.02,0.013,0.0591677,NA,NA,Yes,NA,NA,NA,,NA,1.5,Lamare_et_al_2014,NA,Acanthaster_sp_,Echinoderm,2014,NA,27.2,6,Lamare_et_al_2014__2014__NA,ZOO_STUDY_0289,ZOO_ES_002100,ZOO_STUDY_0289__Acanthaster_sp___Echinoderm__CO2NA__T27.20__NC6,ZOO_COMMON_00498,-0.012967146808424845,0.05920269893997293,4.109880998548725,2
Lang et al. 2023,Lamare et al. 2014,2014,NA,NA,Zooplankton,Meroplankton,Echinoderm,Acanthaster sp.,T,6,6,NA,27.2,NA,30.2,Abnormal embryos 72 hrs  (%),negative,NA,Development,16.3,8.82,21.05,9.21,-0.2557,0.0806846,NA,NA,Yes,NA,NA,NA,,NA,3,Lamare_et_al_2014,NA,Acanthaster_sp_,Echinoderm,2014,NA,27.2,6,Lamare_et_al_2014__2014__NA,ZOO_STUDY_0289,ZOO_ES_002101,ZOO_STUDY_0289__Acanthaster_sp___Echinoderm__CO2NA__T27.20__NC6,ZOO_COMMON_00498,0.25573545231567385,0.08070434803244157,3.5200718914067237,2.5
Lang et al. 2023,Lamare et al. 2014,2014,NA,NA,Zooplankton,Meroplankton,Echinoderm,Acanthaster sp.,T,6,6,NA,27.2,NA,31.6,Abnormal embryos 72 hrs  (%),negative,NA,Development,16.3,8.82,32.48,9.36,-0.6895,0.062611,NA,NA,Yes,NA,NA,NA,,NA,4.400000000000002,Lamare_et_al_2014,NA,Acanthaster_sp_,Echinoderm,2014,NA,27.2,6,Lamare_et_al_2014__2014__NA,ZOO_STUDY_0289,ZOO_ES_002102,ZOO_STUDY_0289__Acanthaster_sp___Echinoderm__CO2NA__T27.20__NC6,ZOO_COMMON_00498,0.6894594074807605,0.06264000612263285,3.9955273171104313,2
Lang et al. 2023,Lamare et al. 2014,2014,NA,NA,Zooplankton,Meroplankton,Echinoderm,Acanthaster sp.,T,6,6,NA,27.2,NA,28.7,Bipinnaria 72 hrs (%),positive,NA,Development,70.46,9.04,72.66,7.5,0.0307,0.0045162,NA,NA,Yes,NA,NA,NA,,NA,1.5,Lamare_et_al_2014,NA,Acanthaster_sp_,Echinoderm,2014,NA,27.2,6,Lamare_et_al_2014__2014__NA,ZOO_STUDY_0289,ZOO_ES_002103,ZOO_STUDY_0289__Acanthaster_sp___Echinoderm__CO2NA__T27.20__NC6,ZOO_COMMON_00498,0.030745853879964244,0.004519215286867647,14.875394240670092,2.75
Lang et al. 2023,Lamare et al. 2014,2014,NA,NA,Zooplankton,Meroplankton,Echinoderm,Acanthaster sp.,T,6,6,NA,27.2,NA,30.2,Bipinnaria 72 hrs (%),positive,NA,Development,70.46,9.04,68.28,9.92,-0.0314,0.0062609,NA,NA,Yes,NA,NA,NA,,NA,3,Lamare_et_al_2014,NA,Acanthaster_sp_,Echinoderm,2014,NA,27.2,6,Lamare_et_al_2014__2014__NA,ZOO_STUDY_0289,ZOO_ES_002104,ZOO_STUDY_0289__Acanthaster_sp___Echinoderm__CO2NA__T27.20__NC6,ZOO_COMMON_00498,-0.03142827498685159,0.006261383531823319,12.637607028218012,2.75
Lang et al. 2023,Lamare et al. 2014,2014,NA,NA,Zooplankton,Meroplankton,Echinoderm,Acanthaster sp.,T,6,6,NA,27.2,NA,31.6,Bipinnaria 72 hrs (%),positive,NA,Development,70.46,9.04,61.99,10.97,-0.1281,0.0079655,NA,NA,Yes,NA,NA,NA,,NA,4.400000000000002,Lamare_et_al_2014,NA,Acanthaster_sp_,Echinoderm,2014,NA,27.2,6,Lamare_et_al_2014__2014__NA,ZOO_STUDY_0289,ZOO_ES_002105,ZOO_STUDY_0289__Acanthaster_sp___Echinoderm__CO2NA__T27.20__NC6,ZOO_COMMON_00498,-0.1280720911992634,0.007962848517909394,11.206391044929667,2.75
Lang et al. 2023,Lamare et al. 2014,2014,NA,NA,Zooplankton,Meroplankton,Echinoderm,Acanthaster sp.,T,6,6,NA,27.2,NA,28.7,Cleaved embryos 5 hrs (%),positive,NA,Development,65.76,9.36,76.69,6,0.1538,0.004395,NA,NA,Yes,NA,NA,NA,,NA,1.5,Lamare_et_al_2014,NA,Acanthaster_sp_,Echinoderm,2014,NA,27.2,6,Lamare_et_al_2014__2014__NA,ZOO_STUDY_0289,ZOO_ES_002106,ZOO_STUDY_0289__Acanthaster_sp___Echinoderm__CO2NA__T27.20__NC6,ZOO_COMMON_00498,0.15375957102884336,0.004396751282111131,15.081135797373827,2.75
Lang et al. 2023,Lamare et al. 2014,2014,NA,NA,Zooplankton,Meroplankton,Echinoderm,Acanthaster sp.,T,6,6,NA,27.2,NA,30.2,Cleaved embryos 5 hrs (%),positive,NA,Development,65.76,9.36,72.7,3.63,0.1003,0.0037889,NA,NA,Yes,NA,NA,NA,,NA,3,Lamare_et_al_2014,NA,Acanthaster_sp_,Echinoderm,2014,NA,27.2,6,Lamare_et_al_2014__2014__NA,ZOO_STUDY_0289,ZOO_ES_002107,ZOO_STUDY_0289__Acanthaster_sp___Echinoderm__CO2NA__T27.20__NC6,ZOO_COMMON_00498,0.10032963379154923,0.003792099592390313,16.23903181346907,3.5
Lang et al. 2023,Lamare et al. 2014,2014,NA,NA,Zooplankton,Meroplankton,Echinoderm,Acanthaster sp.,T,6,6,NA,27.2,NA,31.6,Cleaved embryos 5 hrs (%),positive,NA,Development,65.76,9.36,70.52,11.44,0.0699,0.0077599,NA,NA,Yes,NA,NA,NA,,NA,4.400000000000002,Lamare_et_al_2014,NA,Acanthaster_sp_,Echinoderm,2014,NA,27.2,6,Lamare_et_al_2014__2014__NA,ZOO_STUDY_0289,ZOO_ES_002108,ZOO_STUDY_0289__Acanthaster_sp___Echinoderm__CO2NA__T27.20__NC6,ZOO_COMMON_00498,0.06988460678174489,0.007762654790437236,11.349973913584186,2.75
Lang et al. 2023,Lamare et al. 2014,2014,NA,NA,Zooplankton,Meroplankton,Echinoderm,Acanthaster sp.,T,6,6,NA,27.2,NA,33.2,Cleaved embryos 5 hrs (%),positive,NA,Development,65.76,9.36,35.87,6.15,-0.6061,0.0082709,NA,NA,Yes,NA,NA,NA,,NA,6.0000000000000036,Lamare_et_al_2014,NA,Acanthaster_sp_,Echinoderm,2014,NA,27.2,6,Lamare_et_al_2014__2014__NA,ZOO_STUDY_0289,ZOO_ES_002109,ZOO_STUDY_0289__Acanthaster_sp___Echinoderm__CO2NA__T27.20__NC6,ZOO_COMMON_00498,-0.6061104592037334,0.008275903154495891,10.992394346048378,2.75
Lang et al. 2023,Lamare et al. 2014,2014,NA,NA,Zooplankton,Meroplankton,Echinoderm,Acanthaster sp.,T,6,6,NA,27.2,NA,28.7,Gastrulae 16 hrs (%),positive,NA,Development,36.08,11.59,56.34,12.61,0.4457,0.0255422,NA,NA,Yes,NA,NA,NA,,NA,1.5,Lamare_et_al_2014,NA,Acanthaster_sp_,Echinoderm,2014,NA,27.2,6,Lamare_et_al_2014__2014__NA,ZOO_STUDY_0289,ZOO_ES_002110,ZOO_STUDY_0289__Acanthaster_sp___Echinoderm__CO2NA__T27.20__NC6,ZOO_COMMON_00498,0.44566606725380375,0.02554739009158597,6.256432023375876,2
Lang et al. 2023,Lamare et al. 2014,2014,NA,NA,Zooplankton,Meroplankton,Echinoderm,Acanthaster sp.,T,6,6,NA,27.2,NA,30.2,Gastrulae 16 hrs (%),positive,NA,Development,36.08,11.59,60.91,9.09,0.5237,0.0208965,NA,NA,Yes,NA,NA,NA,,NA,3,Lamare_et_al_2014,NA,Acanthaster_sp_,Echinoderm,2014,NA,27.2,6,Lamare_et_al_2014__2014__NA,ZOO_STUDY_0289,ZOO_ES_002111,ZOO_STUDY_0289__Acanthaster_sp___Echinoderm__CO2NA__T27.20__NC6,ZOO_COMMON_00498,0.5236586696539703,0.020910108983583406,6.915472391159926,2
Lang et al. 2023,Lamare et al. 2014,2014,NA,NA,Zooplankton,Meroplankton,Echinoderm,Acanthaster sp.,T,6,6,NA,27.2,NA,31.6,Gastrulae 16 hrs (%),positive,NA,Development,36.08,11.59,46.58,11.86,0.2554,0.0279833,NA,NA,Yes,NA,NA,NA,,NA,4.400000000000002,Lamare_et_al_2014,NA,Acanthaster_sp_,Echinoderm,2014,NA,27.2,6,Lamare_et_al_2014__2014__NA,ZOO_STUDY_0289,ZOO_ES_002112,ZOO_STUDY_0289__Acanthaster_sp___Echinoderm__CO2NA__T27.20__NC6,ZOO_COMMON_00498,0.25543256926177205,0.028003043299203896,5.975818301869355,2
Lang et al. 2023,Lamare et al. 2014,2014,NA,NA,Zooplankton,Meroplankton,Echinoderm,Acanthaster sp.,T,6,6,NA,27.2,NA,28.7,Gastrulae 24 hrs (%),positive,NA,Development,44.04,10.09,32,19.01,-0.3194,0.0675581,NA,NA,Yes,NA,NA,NA,,NA,1.5,Lamare_et_al_2014,NA,Acanthaster_sp_,Echinoderm,2014,NA,27.2,6,Lamare_et_al_2014__2014__NA,ZOO_STUDY_0289,ZOO_ES_002113,ZOO_STUDY_0289__Acanthaster_sp___Echinoderm__CO2NA__T27.20__NC6,ZOO_COMMON_00498,-0.3193624090547527,0.06756693337097977,3.8470948670034733,2
Lang et al. 2023,Lamare et al. 2014,2014,NA,NA,Zooplankton,Meroplankton,Echinoderm,Acanthaster sp.,T,6,6,NA,27.2,NA,30.2,Gastrulae 24 hrs (%),positive,NA,Development,44.04,10.09,27.5,19.77,-0.4709,0.0948674,NA,NA,Yes,NA,NA,NA,,NA,3,Lamare_et_al_2014,NA,Acanthaster_sp_,Echinoderm,2014,NA,27.2,6,Lamare_et_al_2014__2014__NA,ZOO_STUDY_0289,ZOO_ES_002114,ZOO_STUDY_0289__Acanthaster_sp___Echinoderm__CO2NA__T27.20__NC6,ZOO_COMMON_00498,-0.4709123071819535,0.09488693788522734,3.2463607893911566,2.5
Lang et al. 2023,Lamare et al. 2014,2014,NA,NA,Zooplankton,Meroplankton,Echinoderm,Acanthaster sp.,T,6,6,NA,27.2,NA,31.6,Gastrulae 24 hrs (%),positive,NA,Development,44.04,10.09,4.04,8.21,-2.3889,0.6963376,NA,NA,Yes,NA,NA,NA,,NA,4.400000000000002,Lamare_et_al_2014,NA,Acanthaster_sp_,Echinoderm,2014,NA,27.2,6,Lamare_et_al_2014__2014__NA,ZOO_STUDY_0289,ZOO_ES_002115,ZOO_STUDY_0289__Acanthaster_sp___Echinoderm__CO2NA__T27.20__NC6,ZOO_COMMON_00498,-2.3888536198814205,0.6970399425514907,1.1977637561866776,2.5
Lang et al. 2023,Lamare et al. 2014,2014,NA,NA,Zooplankton,Meroplankton,Echinoderm,Acanthaster sp.,T,60,60,NA,27.2,NA,28.7,Larval length (um),positive,NA,Growth,566.5,121.38,583.3,97.44,0.0292,0.0012303,NA,NA,Yes,NA,NA,NA,,NA,1.5,Lamare_et_al_2014,NA,Acanthaster_sp_,Echinoderm,2014,NA,27.2,60,Lamare_et_al_2014__2014__NA,ZOO_STUDY_0289,ZOO_ES_002116,ZOO_STUDY_0289__Acanthaster_sp___Echinoderm__CO2NA__T27.20__NC60,ZOO_COMMON_00499,0.029224553291530796,0.0012302365304391154,28.510556250724143,3.5
Lang et al. 2023,Lamare et al. 2014,2014,NA,NA,Zooplankton,Meroplankton,Echinoderm,Acanthaster sp.,T,60,60,NA,27.2,NA,30.2,Larval length (um),positive,NA,Growth,566.5,121.38,551.73,107.51,-0.0264,0.001398,NA,NA,Yes,NA,NA,NA,,NA,3,Lamare_et_al_2014,NA,Acanthaster_sp_,Echinoderm,2014,NA,27.2,60,Lamare_et_al_2014__2014__NA,ZOO_STUDY_0289,ZOO_ES_002117,ZOO_STUDY_0289__Acanthaster_sp___Echinoderm__CO2NA__T27.20__NC60,ZOO_COMMON_00499,-0.026418284289061646,0.0013979830761016974,26.745396645601737,3.5
Lang et al. 2023,Lamare et al. 2014,2014,NA,NA,Zooplankton,Meroplankton,Echinoderm,Acanthaster sp.,T,60,60,NA,27.2,NA,31.6,Larval length (um),positive,NA,Growth,566.5,121.38,511.38,138.89,-0.1024,0.0019945,NA,NA,Yes,NA,NA,NA,,NA,4.400000000000002,Lamare_et_al_2014,NA,Acanthaster_sp_,Echinoderm,2014,NA,27.2,60,Lamare_et_al_2014__2014__NA,ZOO_STUDY_0289,ZOO_ES_002118,ZOO_STUDY_0289__Acanthaster_sp___Echinoderm__CO2NA__T27.20__NC60,ZOO_COMMON_00499,-0.10236412670579972,0.001994572380622467,22.391082985116483,3.5
Lang et al. 2023,Lamare et al. 2014,2014,NA,NA,Zooplankton,Meroplankton,Echinoderm,Acanthaster sp.,T,60,60,NA,27.2,NA,28.7,Larval width (um),positive,NA,Growth,371.8,84.59,381.06,76.53,0.0246,0.0015349,NA,NA,Yes,NA,NA,NA,,NA,1.5,Lamare_et_al_2014,NA,Acanthaster_sp_,Echinoderm,2014,NA,27.2,60,Lamare_et_al_2014__2014__NA,ZOO_STUDY_0289,ZOO_ES_002119,ZOO_STUDY_0289__Acanthaster_sp___Echinoderm__CO2NA__T27.20__NC60,ZOO_COMMON_00499,0.02460076775559476,0.0015349580516997236,25.52417680774822,3.5
Lang et al. 2023,Lamare et al. 2014,2014,NA,NA,Zooplankton,Meroplankton,Echinoderm,Acanthaster sp.,T,60,60,NA,27.2,NA,30.2,Larval width (um),positive,NA,Growth,371.8,84.59,369.72,88.69,-0.0056,0.0018217,NA,NA,Yes,NA,NA,NA,,NA,3,Lamare_et_al_2014,NA,Acanthaster_sp_,Echinoderm,2014,NA,27.2,60,Lamare_et_al_2014__2014__NA,ZOO_STUDY_0289,ZOO_ES_002120,ZOO_STUDY_0289__Acanthaster_sp___Echinoderm__CO2NA__T27.20__NC60,ZOO_COMMON_00499,-0.005610112890766788,0.001821790466910733,23.42884004940532,3.5
Lang et al. 2023,Lamare et al. 2014,2014,NA,NA,Zooplankton,Meroplankton,Echinoderm,Acanthaster sp.,T,60,60,NA,27.2,NA,31.6,Larval width (um),positive,NA,Growth,371.8,84.59,345.14,84.2,-0.0744,0.0018545,NA,NA,Yes,NA,NA,NA,,NA,4.400000000000002,Lamare_et_al_2014,NA,Acanthaster_sp_,Echinoderm,2014,NA,27.2,60,Lamare_et_al_2014__2014__NA,ZOO_STUDY_0289,ZOO_ES_002121,ZOO_STUDY_0289__Acanthaster_sp___Echinoderm__CO2NA__T27.20__NC60,ZOO_COMMON_00499,-0.0744059434679108,0.001854649359639526,23.220367723001726,3.5
Lang et al. 2023,Lee et al. 2004,2004,NA,NA,Zooplankton,Meroplankton,Echinoderm,Asterias amurensis,T,3,3,NA,10,NA,15,Fertilisation (%),positive,NA,Reproduction,95.96,2.65,96.65,2.21,0.0072,4.285e-4,NA,NA,Yes,NA,NA,NA,,NA,5,Lee_et_al_2004,NA,Asterias_amurensis,Echinoderm,2004,NA,10,3,Lee_et_al_2004__2004__NA,ZOO_STUDY_0296,ZOO_ES_002122,ZOO_STUDY_0296__Asterias_amurensis__Echinoderm__CO2NA__T10.00__NC3,ZOO_COMMON_00507,0.007164767682846274,4.2849329420704464e-4,48.30899304590615,4.25
Lang et al. 2023,Lee et al. 2004,2004,NA,NA,Zooplankton,Meroplankton,Echinoderm,Asterias amurensis,T,3,3,NA,10,NA,20,Fertilisation (%),positive,NA,Reproduction,95.96,2.65,96.77,1.11,0.0084,2.981e-4,NA,NA,Yes,NA,NA,NA,,NA,10,Lee_et_al_2004,NA,Asterias_amurensis,Echinoderm,2004,NA,10,3,Lee_et_al_2004__2004__NA,ZOO_STUDY_0296,ZOO_ES_002123,ZOO_STUDY_0296__Asterias_amurensis__Echinoderm__CO2NA__T10.00__NC3,ZOO_COMMON_00507,0.008405590921357276,2.980659029394934e-4,57.92204023753979,4.25
Lang et al. 2023,Lee et al. 2004,2004,NA,NA,Zooplankton,Meroplankton,Echinoderm,Asterias amurensis,T,3,3,NA,10,NA,15,Hatching (%),positive,NA,Reproduction,60.69,9.49,74.57,10.8,0.206,0.0151423,NA,NA,Yes,NA,NA,NA,,NA,5,Lee_et_al_2004,NA,Asterias_amurensis,Echinoderm,2004,NA,10,3,Lee_et_al_2004__2004__NA,ZOO_STUDY_0296,ZOO_ES_002124,ZOO_STUDY_0296__Asterias_amurensis__Echinoderm__CO2NA__T10.00__NC3,ZOO_COMMON_00507,0.20595934170793956,0.015142306401734973,8.126508334385575,2.75
Lang et al. 2023,Lee et al. 2004,2004,NA,NA,Zooplankton,Meroplankton,Echinoderm,Asterias amurensis,T,3,3,NA,10,NA,20,Hatching (%),positive,NA,Reproduction,60.69,9.49,21.11,4.47,-1.056,0.0230961,NA,NA,Yes,NA,NA,NA,,NA,10,Lee_et_al_2004,NA,Asterias_amurensis,Echinoderm,2004,NA,10,3,Lee_et_al_2004__2004__NA,ZOO_STUDY_0296,ZOO_ES_002125,ZOO_STUDY_0296__Asterias_amurensis__Echinoderm__CO2NA__T10.00__NC3,ZOO_COMMON_00507,-1.0560320779875345,0.023096098567139886,6.5800726378151575,2
Lang et al. 2023,Lee et al. 2004,2004,NA,NA,Zooplankton,Meroplankton,Echinoderm,Asterias amurensis,T,3,3,NA,10,NA,15,Normal larvae (%),positive,NA,Development,53.77,8.38,66.37,16.28,0.2105,0.0281523,NA,NA,Yes,NA,NA,NA,,NA,5,Lee_et_al_2004,NA,Asterias_amurensis,Echinoderm,2004,NA,10,3,Lee_et_al_2004__2004__NA,ZOO_STUDY_0296,ZOO_ES_002126,ZOO_STUDY_0296__Asterias_amurensis__Echinoderm__CO2NA__T10.00__NC3,ZOO_COMMON_00507,0.21052945633624695,0.0281522832627447,5.959957847912367,2
Lang et al. 2023,Lee et al. 2004,2004,NA,NA,Zooplankton,Meroplankton,Echinoderm,Asterias amurensis,T,3,3,NA,10,NA,20,Normal larvae (%),positive,NA,Development,53.77,8.38,13.27,6.26,-1.3992,0.0822761,NA,NA,Yes,NA,NA,NA,,NA,10,Lee_et_al_2004,NA,Asterias_amurensis,Echinoderm,2004,NA,10,3,Lee_et_al_2004__2004__NA,ZOO_STUDY_0296,ZOO_ES_002127,ZOO_STUDY_0296__Asterias_amurensis__Echinoderm__CO2NA__T10.00__NC3,ZOO_COMMON_00507,-1.3992098424774706,0.08227608645893492,3.4862874061072073,2.5
Lang et al. 2023,Li et al. 2010,2010,NA,NA,Zooplankton,Meroplankton,Echinoderm,Apostichopus japonicus,T,3,3,NA,21,NA,24,Settlement (%),positive,NA,Development,31.76,8.57,23.45,8.78,-0.3033,0.0710357,NA,NA,Yes,NA,NA,NA,,NA,3,Li_et_al_2010,NA,Apostichopus_japonicus,Echinoderm,2010,NA,21,3,Li_et_al_2010__2010__NA,ZOO_STUDY_0307,ZOO_ES_002128,ZOO_STUDY_0307__Apostichopus_japonicus__Echinoderm__CO2NA__T21.00__NC3,ZOO_COMMON_00533,-0.3033371414866466,0.07099906402037805,3.752957862553714,2.5
Lang et al. 2023,Li et al. 2010,2010,NA,NA,Zooplankton,Meroplankton,Echinoderm,Apostichopus japonicus,T,3,3,NA,21,NA,27,Settlement (%),positive,NA,Development,31.76,8.57,16.5,8.38,-0.6548,0.1103357,NA,NA,Yes,NA,NA,NA,,NA,6,Li_et_al_2010,NA,Apostichopus_japonicus,Echinoderm,2010,NA,21,3,Li_et_al_2010__2010__NA,ZOO_STUDY_0307,ZOO_ES_002129,ZOO_STUDY_0307__Apostichopus_japonicus__Echinoderm__CO2NA__T21.00__NC3,ZOO_COMMON_00533,-0.6548472554724001,0.11025082562861163,3.0116817329224808,2.5
Lang et al. 2023,Li et al. 2011,2011,NA,NA,Zooplankton,Meroplankton,Echinoderm,Apostichopus japonicus,T,30,30,NA,21,NA,24,Growth rate  day 1 pre-feeding (um/d),positive,NA,Growth,32.6,15.88,42.9,16.98,0.2746,0.013135,NA,NA,Yes,NA,NA,NA,,NA,3,Li_et_al_2011,NA,Apostichopus_japonicus,Echinoderm,2011,NA,21,30,Li_et_al_2011__2011__NA,ZOO_STUDY_0308,ZOO_ES_002130,ZOO_STUDY_0308__Apostichopus_japonicus__Echinoderm__CO2NA__T21.00__NC30,ZOO_COMMON_00534,0.2745595375613093,0.013131450291526695,8.726571532628146,2.75
Lang et al. 2023,Li et al. 2011,2011,NA,NA,Zooplankton,Meroplankton,Echinoderm,Apostichopus japonicus,T,30,30,NA,21,NA,27,Growth rate  day 1 pre-feeding (um/d),positive,NA,Growth,32.6,15.88,6.7,18.07,-1.5822,0.2505064,NA,NA,Yes,NA,NA,NA,,NA,6,Li_et_al_2011,NA,Apostichopus_japonicus,Echinoderm,2011,NA,21,30,Li_et_al_2011__2011__NA,ZOO_STUDY_0308,ZOO_ES_002131,ZOO_STUDY_0308__Apostichopus_japonicus__Echinoderm__CO2NA__T21.00__NC30,ZOO_COMMON_00534,-1.5822047619757416,0.2503724018338349,1.9985120547990254,2.5
Lang et al. 2023,Li et al. 2011,2011,NA,NA,Zooplankton,Meroplankton,Echinoderm,Apostichopus japonicus,T,30,30,NA,21,NA,24,Growth rate  day 3 pre-feeding (um/d),positive,NA,Growth,126.8,9.86,145.4,9.86,0.1369,3.548e-4,NA,NA,Yes,NA,NA,NA,,NA,3,Li_et_al_2011,NA,Apostichopus_japonicus,Echinoderm,2011,NA,21,30,Li_et_al_2011__2011__NA,ZOO_STUDY_0308,ZOO_ES_002132,ZOO_STUDY_0308__Apostichopus_japonicus__Echinoderm__CO2NA__T21.00__NC30,ZOO_COMMON_00534,0.13687752309629342,3.548416767559002e-4,53.086328309652224,4.25
Lang et al. 2023,Li et al. 2011,2011,NA,NA,Zooplankton,Meroplankton,Echinoderm,Apostichopus japonicus,T,30,30,NA,21,NA,27,Growth rate  day 3 pre-feeding (um/d),positive,NA,Growth,126.8,9.86,152.5,12.6,0.1846,4.29e-4,NA,NA,Yes,NA,NA,NA,,NA,6,Li_et_al_2011,NA,Apostichopus_japonicus,Echinoderm,2011,NA,21,30,Li_et_al_2011__2011__NA,ZOO_STUDY_0308,ZOO_ES_002133,ZOO_STUDY_0308__Apostichopus_japonicus__Echinoderm__CO2NA__T21.00__NC30,ZOO_COMMON_00534,0.18455355404434082,4.291069616721058e-4,48.274437251398055,4.25
Lang et al. 2023,Li et al. 2011,2011,NA,NA,Zooplankton,Meroplankton,Echinoderm,Apostichopus japonicus,T,30,30,NA,21,NA,24,Growth rate  day 5 feeding (um/d),positive,NA,Growth,84.1,12.6,96.1,15.34,0.1334,0.0015969,NA,NA,Yes,NA,NA,NA,,NA,3,Li_et_al_2011,NA,Apostichopus_japonicus,Echinoderm,2011,NA,21,30,Li_et_al_2011__2011__NA,ZOO_STUDY_0308,ZOO_ES_002134,ZOO_STUDY_0308__Apostichopus_japonicus__Echinoderm__CO2NA__T21.00__NC30,ZOO_COMMON_00534,0.13338274899734442,0.00159755964284962,25.01908712711171,3.5
Lang et al. 2023,Li et al. 2011,2011,NA,NA,Zooplankton,Meroplankton,Echinoderm,Apostichopus japonicus,T,30,30,NA,21,NA,27,Growth rate  day 5 feeding (um/d),positive,NA,Growth,84.1,12.6,118.7,14.79,0.3446,0.0012653,NA,NA,Yes,NA,NA,NA,,NA,6,Li_et_al_2011,NA,Apostichopus_japonicus,Echinoderm,2011,NA,21,30,Li_et_al_2011__2011__NA,ZOO_STUDY_0308,ZOO_ES_002135,ZOO_STUDY_0308__Apostichopus_japonicus__Echinoderm__CO2NA__T21.00__NC30,ZOO_COMMON_00534,0.34459273463672,0.0012657214031631964,28.108064276179306,3.5
Lang et al. 2023,Li et al. 2011,2011,NA,NA,Zooplankton,Meroplankton,Echinoderm,Apostichopus japonicus,T,30,30,NA,21,NA,24,Growth rate  day 8 feeding (um/d),positive,NA,Growth,80.7,9.86,93.6,9.86,0.1483,8.673e-4,NA,NA,Yes,NA,NA,NA,,NA,3,Li_et_al_2011,NA,Apostichopus_japonicus,Echinoderm,2011,NA,21,30,Li_et_al_2011__2011__NA,ZOO_STUDY_0308,ZOO_ES_002136,ZOO_STUDY_0308__Apostichopus_japonicus__Echinoderm__CO2NA__T21.00__NC30,ZOO_COMMON_00534,0.1482918082076432,8.675029409056889e-4,33.951934323193306,2.5
Lang et al. 2023,Li et al. 2011,2011,NA,NA,Zooplankton,Meroplankton,Echinoderm,Apostichopus japonicus,T,30,30,NA,21,NA,27,Growth rate  day 8 feeding (um/d),positive,NA,Growth,80.7,9.86,77.3,8.76,-0.043,9.259e-4,NA,NA,Yes,NA,NA,NA,,NA,6,Li_et_al_2011,NA,Apostichopus_japonicus,Echinoderm,2011,NA,21,30,Li_et_al_2011__2011__NA,ZOO_STUDY_0308,ZOO_ES_002137,ZOO_STUDY_0308__Apostichopus_japonicus__Echinoderm__CO2NA__T21.00__NC30,ZOO_COMMON_00534,-0.0430446196825269,9.256888708809828e-4,32.86756108706858,3.5
Lang et al. 2023,Li et al. 2011,2011,NA,NA,Zooplankton,Meroplankton,Echinoderm,Apostichopus japonicus,T,30,30,NA,21,NA,27,Survival day 5 feeding (%),positive,NA,Survival,98.3,9.31,90,13.69,-0.0882,0.0010707,NA,NA,Yes,NA,NA,NA,,NA,6,Li_et_al_2011,NA,Apostichopus_japonicus,Echinoderm,2011,NA,21,30,Li_et_al_2011__2011__NA,ZOO_STUDY_0308,ZOO_ES_002140,ZOO_STUDY_0308__Apostichopus_japonicus__Echinoderm__CO2NA__T21.00__NC30,ZOO_COMMON_00534,-0.08821435682285579,0.0010702595904056632,30.567184331128882,3.5
Hamraj et al. 2021,"Rhyne et al., 2009",2009,NA,https://www.sciencedirect.com/science/article/pii/S0044848609002725,Zooplankton,Holoplankton,Calanoid copepod,Pseudodiaptomus pelagicus,T,6,6,NA,24,NA,30,Survival,ambiguous,NA,Survival,81.3,22.7,74.3,9.8,-0.09,0.0159,NA,not sure which specific metric was looked into,Yes,NA,NA,NA,,NA,6,Rhyne_et_al_2009,NA,Pseudodiaptomus_pelagicus,Calanoid_copepod,2009,NA,24,6,Rhyne_et_al_2009__2009__NA,ZOO_STUDY_0435,ZOO_ES_002141,ZOO_STUDY_0435__Pseudodiaptomus_pelagicus__Calanoid_copepod__CO2NA__T24.00__NC6,ZOO_COMMON_00747,-0.09003506483005148,0.015892798285504012,7.932312483594265,2.75
Lang et al. 2023,Ling et al. 2008,2008,NA,NA,Zooplankton,Meroplankton,Echinoderm,Centrostephanus rodgersii,T,3,3,NA,12,NA,14,Development time (h),negative,NA,Development,240.09,53.73,163.66,26.79,0.3832,0.0256281,NA,NA,Yes,NA,NA,NA,,NA,2,Ling_et_al_2008,NA,Centrostephanus_rodgersii,Echinoderm,2008,NA,12,3,Ling_et_al_2008__2008__NA,ZOO_STUDY_0313,ZOO_ES_002144,ZOO_STUDY_0313__Centrostephanus_rodgersii__Echinoderm__CO2NA__T12.00__NC3,ZOO_COMMON_00541,-0.38322274794782885,0.02562595074585198,6.246834590724981,2
Lang et al. 2023,Ling et al. 2008,2008,NA,NA,Zooplankton,Meroplankton,Echinoderm,Centrostephanus rodgersii,T,3,3,NA,12,NA,14.5,Development time (h),negative,NA,Development,240.09,53.73,147.5,26.78,0.4872,0.0276789,NA,NA,Yes,NA,NA,NA,,NA,2.5,Ling_et_al_2008,NA,Centrostephanus_rodgersii,Echinoderm,2008,NA,12,3,Ling_et_al_2008__2008__NA,ZOO_STUDY_0313,ZOO_ES_002145,ZOO_STUDY_0313__Centrostephanus_rodgersii__Echinoderm__CO2NA__T12.00__NC3,ZOO_COMMON_00541,-0.48718567726719,0.027682078054834795,6.010362352984613,2
Lang et al. 2023,Ling et al. 2008,2008,NA,NA,Zooplankton,Meroplankton,Echinoderm,Centrostephanus rodgersii,T,3,3,NA,12,NA,15.5,Development time (h),negative,NA,Development,240.09,53.73,107.62,15.61,0.8024,0.0237022,NA,NA,Yes,NA,NA,NA,,NA,3.5,Ling_et_al_2008,NA,Centrostephanus_rodgersii,Echinoderm,2008,NA,12,3,Ling_et_al_2008__2008__NA,ZOO_STUDY_0313,ZOO_ES_002146,ZOO_STUDY_0313__Centrostephanus_rodgersii__Echinoderm__CO2NA__T12.00__NC3,ZOO_COMMON_00541,-0.8024073489857908,0.023707063930515172,6.494730199621048,2
Lang et al. 2023,Ling et al. 2008,2008,NA,NA,Zooplankton,Meroplankton,Echinoderm,Centrostephanus rodgersii,T,3,3,NA,12,NA,16,Development time (h),negative,NA,Development,240.09,53.73,116.52,46.35,0.723,0.0694368,NA,NA,Yes,NA,NA,NA,,NA,4,Ling_et_al_2008,NA,Centrostephanus_rodgersii,Echinoderm,2008,NA,12,3,Ling_et_al_2008__2008__NA,ZOO_STUDY_0313,ZOO_ES_002147,ZOO_STUDY_0313__Centrostephanus_rodgersii__Echinoderm__CO2NA__T12.00__NC3,ZOO_COMMON_00541,-0.7229509209558306,0.06943865992020513,3.7948912473044287,2.5
Lang et al. 2023,Ling et al. 2008,2008,NA,NA,Zooplankton,Meroplankton,Echinoderm,Centrostephanus rodgersii,T,3,3,NA,12,NA,17.5,Development time (h),negative,NA,Development,240.09,53.73,89.31,9.75,0.9889,0.0206669,NA,NA,Yes,NA,NA,NA,,NA,5.5,Ling_et_al_2008,NA,Centrostephanus_rodgersii,Echinoderm,2008,NA,12,3,Ling_et_al_2008__2008__NA,ZOO_STUDY_0313,ZOO_ES_002148,ZOO_STUDY_0313__Centrostephanus_rodgersii__Echinoderm__CO2NA__T12.00__NC3,ZOO_COMMON_00541,-0.9889003893512698,0.020666867462891248,6.956049644182027,2
Lang et al. 2023,Ling et al. 2008,2008,NA,NA,Zooplankton,Meroplankton,Echinoderm,Centrostephanus rodgersii,T,3,3,NA,12,NA,18,Development time (h),negative,NA,Development,240.09,53.73,95.88,23.75,0.9179,0.0371395,NA,NA,Yes,NA,NA,NA,,NA,6,Ling_et_al_2008,NA,Centrostephanus_rodgersii,Echinoderm,2008,NA,12,3,Ling_et_al_2008__2008__NA,ZOO_STUDY_0313,ZOO_ES_002149,ZOO_STUDY_0313__Centrostephanus_rodgersii__Echinoderm__CO2NA__T12.00__NC3,ZOO_COMMON_00541,-0.917916443480881,0.03714681473986675,5.188468806528064,2
Lang et al. 2023,Ling et al. 2008,2008,NA,NA,Zooplankton,Meroplankton,Echinoderm,Centrostephanus rodgersii,T,2,2,NA,12,NA,13,Fertilisation (%),positive,NA,Reproduction,96.98,2.81,96.49,3.54,-0.0051,0.0010924,NA,NA,Yes,NA,NA,NA,,NA,1,Ling_et_al_2008,NA,Centrostephanus_rodgersii,Echinoderm,2008,NA,12,2,Ling_et_al_2008__2008__NA,ZOO_STUDY_0313,ZOO_ES_002150,ZOO_STUDY_0313__Centrostephanus_rodgersii__Echinoderm__CO2NA__T12.00__NC2,ZOO_COMMON_00540,-0.005065395644913911,0.0010927717777378422,30.25068859115945,3.5
Lang et al. 2023,Ling et al. 2008,2008,NA,NA,Zooplankton,Meroplankton,Echinoderm,Centrostephanus rodgersii,T,2,2,NA,12,NA,14,Fertilisation (%),positive,NA,Reproduction,96.98,2.81,95.97,2.83,-0.0105,8.554e-4,NA,NA,Yes,NA,NA,NA,,NA,2,Ling_et_al_2008,NA,Centrostephanus_rodgersii,Echinoderm,2008,NA,12,2,Ling_et_al_2008__2008__NA,ZOO_STUDY_0313,ZOO_ES_002151,ZOO_STUDY_0313__Centrostephanus_rodgersii__Echinoderm__CO2NA__T12.00__NC2,ZOO_COMMON_00540,-0.010469129047669916,8.545589871570241e-4,34.20810188713786,4.25
Lang et al. 2023,Ling et al. 2008,2008,NA,NA,Zooplankton,Meroplankton,Echinoderm,Centrostephanus rodgersii,T,2,2,NA,12,NA,15,Fertilisation (%),positive,NA,Reproduction,96.98,2.81,99,1.44,0.0206,5.272e-4,NA,NA,Yes,NA,NA,NA,,NA,3,Ling_et_al_2008,NA,Centrostephanus_rodgersii,Echinoderm,2008,NA,12,2,Ling_et_al_2008__2008__NA,ZOO_STUDY_0313,ZOO_ES_002152,ZOO_STUDY_0313__Centrostephanus_rodgersii__Echinoderm__CO2NA__T12.00__NC2,ZOO_COMMON_00540,0.020615078457383754,5.255617809462616e-4,43.62024616984641,4.25
Lang et al. 2023,Ling et al. 2008,2008,NA,NA,Zooplankton,Meroplankton,Echinoderm,Centrostephanus rodgersii,T,2,2,NA,12,NA,16,Fertilisation (%),positive,NA,Reproduction,96.98,2.81,96.98,4.26,0,0.0013844,NA,NA,Yes,NA,NA,NA,,NA,4,Ling_et_al_2008,NA,Centrostephanus_rodgersii,Echinoderm,2008,NA,12,2,Ling_et_al_2008__2008__NA,ZOO_STUDY_0313,ZOO_ES_002153,ZOO_STUDY_0313__Centrostephanus_rodgersii__Echinoderm__CO2NA__T12.00__NC2,ZOO_COMMON_00540,0,0.0013845489952473118,26.874836797735636,3.5
Lang et al. 2023,Ling et al. 2008,2008,NA,NA,Zooplankton,Meroplankton,Echinoderm,Centrostephanus rodgersii,T,2,2,NA,12,NA,17,Fertilisation (%),positive,NA,Reproduction,96.98,2.81,98.5,2.14,0.0156,6.561e-4,NA,NA,Yes,NA,NA,NA,,NA,5,Ling_et_al_2008,NA,Centrostephanus_rodgersii,Echinoderm,2008,NA,12,2,Ling_et_al_2008__2008__NA,ZOO_STUDY_0313,ZOO_ES_002154,ZOO_STUDY_0313__Centrostephanus_rodgersii__Echinoderm__CO2NA__T12.00__NC2,ZOO_COMMON_00540,0.015551776500836938,6.55783768731748e-4,39.04987682910274,4.25
Lang et al. 2023,Ling et al. 2008,2008,NA,NA,Zooplankton,Meroplankton,Echinoderm,Centrostephanus rodgersii,T,2,2,NA,12,NA,18,Fertilisation (%),positive,NA,Reproduction,96.98,2.81,98.98,1.43,0.0204,5.252e-4,NA,NA,Yes,NA,NA,NA,,NA,6,Ling_et_al_2008,NA,Centrostephanus_rodgersii,Echinoderm,2008,NA,12,2,Ling_et_al_2008__2008__NA,ZOO_STUDY_0313,ZOO_ES_002155,ZOO_STUDY_0313__Centrostephanus_rodgersii__Echinoderm__CO2NA__T12.00__NC2,ZOO_COMMON_00540,0.020413037846533696,5.241398073037786e-4,43.67937622184381,4.25
Lang et al. 2023,Ling et al. 2008,2008,NA,NA,Zooplankton,Meroplankton,Echinoderm,Centrostephanus rodgersii,T,2,2,NA,12,NA,19,Fertilisation (%),positive,NA,Reproduction,96.98,2.81,98.99,0.2,0.0205,4.231e-4,NA,NA,Yes,NA,NA,NA,,NA,7,Ling_et_al_2008,NA,Centrostephanus_rodgersii,Echinoderm,2008,NA,12,2,Ling_et_al_2008__2008__NA,ZOO_STUDY_0313,ZOO_ES_002156,ZOO_STUDY_0313__Centrostephanus_rodgersii__Echinoderm__CO2NA__T12.00__NC2,ZOO_COMMON_00540,0.020514063254509662,4.218176773870641e-4,48.68975754883317,4.25
Lang et al. 2023,Ling et al. 2008,2008,NA,NA,Zooplankton,Meroplankton,Echinoderm,Centrostephanus rodgersii,T,2,2,NA,12,NA,20,Fertilisation (%),positive,NA,Reproduction,96.98,2.81,99.51,0.76,0.0258,4.505e-4,NA,NA,Yes,NA,NA,NA,,NA,8,Ling_et_al_2008,NA,Centrostephanus_rodgersii,Echinoderm,2008,NA,12,2,Ling_et_al_2008__2008__NA,ZOO_STUDY_0313,ZOO_ES_002157,ZOO_STUDY_0313__Centrostephanus_rodgersii__Echinoderm__CO2NA__T12.00__NC2,ZOO_COMMON_00540,0.025753369949864616,4.489417748802679e-4,47.1959780416485,4.25
Lang et al. 2023,Ling et al. 2008,2008,NA,NA,Zooplankton,Meroplankton,Echinoderm,Centrostephanus rodgersii,T,3,3,NA,12,NA,13,Yield advanced two-arm plutei (%),positive,NA,Development,14.66,5.18,15.76,8.9,0.0724,0.1479669,NA,NA,Yes,NA,NA,NA,,NA,1,Ling_et_al_2008,NA,Centrostephanus_rodgersii,Echinoderm,2008,NA,12,3,Ling_et_al_2008__2008__NA,ZOO_STUDY_0313,ZOO_ES_002158,ZOO_STUDY_0313__Centrostephanus_rodgersii__Echinoderm__CO2NA__T12.00__NC3,ZOO_COMMON_00541,0.07235238797122764,0.14792015580112047,2.600077674300363,2.5
Lang et al. 2023,Ling et al. 2008,2008,NA,NA,Zooplankton,Meroplankton,Echinoderm,Centrostephanus rodgersii,T,3,3,NA,12,NA,14,Yield advanced two-arm plutei (%),positive,NA,Development,14.66,5.18,17.13,6.58,0.1557,0.0908081,NA,NA,Yes,NA,NA,NA,,NA,2,Ling_et_al_2008,NA,Centrostephanus_rodgersii,Echinoderm,2008,NA,12,3,Ling_et_al_2008__2008__NA,ZOO_STUDY_0313,ZOO_ES_002159,ZOO_STUDY_0313__Centrostephanus_rodgersii__Echinoderm__CO2NA__T12.00__NC3,ZOO_COMMON_00541,0.15570861587752308,0.09080004679178907,3.318615702912052,2.5
Lang et al. 2023,Ling et al. 2008,2008,NA,NA,Zooplankton,Meroplankton,Echinoderm,Centrostephanus rodgersii,T,3,3,NA,12,NA,15,Yield advanced two-arm plutei (%),positive,NA,Development,14.66,5.18,17.15,1.33,0.1569,0.043614,NA,NA,Yes,NA,NA,NA,,NA,3,Ling_et_al_2008,NA,Centrostephanus_rodgersii,Echinoderm,2008,NA,12,3,Ling_et_al_2008__2008__NA,ZOO_STUDY_0313,ZOO_ES_002160,ZOO_STUDY_0313__Centrostephanus_rodgersii__Echinoderm__CO2NA__T12.00__NC3,ZOO_COMMON_00541,0.1568754771534433,0.04362167748579132,4.787941315645422,2
Lang et al. 2023,Ling et al. 2008,2008,NA,NA,Zooplankton,Meroplankton,Echinoderm,Centrostephanus rodgersii,T,3,3,NA,12,NA,16,Yield advanced two-arm plutei (%),positive,NA,Development,14.66,5.18,10.2,4.12,-0.3627,0.0960426,NA,NA,Yes,NA,NA,NA,,NA,4,Ling_et_al_2008,NA,Centrostephanus_rodgersii,Echinoderm,2008,NA,12,3,Ling_et_al_2008__2008__NA,ZOO_STUDY_0313,ZOO_ES_002161,ZOO_STUDY_0313__Centrostephanus_rodgersii__Echinoderm__CO2NA__T12.00__NC3,ZOO_COMMON_00541,-0.36273497616828015,0.0960011684311624,3.227466480897132,2.5
Lang et al. 2023,Ling et al. 2008,2008,NA,NA,Zooplankton,Meroplankton,Echinoderm,Centrostephanus rodgersii,T,3,3,NA,12,NA,17,Yield advanced two-arm plutei (%),positive,NA,Development,14.66,5.18,9.65,1.94,-0.4182,0.0550686,NA,NA,Yes,NA,NA,NA,,NA,5,Ling_et_al_2008,NA,Centrostephanus_rodgersii,Echinoderm,2008,NA,12,3,Ling_et_al_2008__2008__NA,ZOO_STUDY_0313,ZOO_ES_002162,ZOO_STUDY_0313__Centrostephanus_rodgersii__Echinoderm__CO2NA__T12.00__NC3,ZOO_COMMON_00541,-0.41816478110761085,0.055088817772459664,4.260575579993265,2
Lang et al. 2023,Ling et al. 2008,2008,NA,NA,Zooplankton,Meroplankton,Echinoderm,Centrostephanus rodgersii,T,3,3,NA,12,NA,18,Yield advanced two-arm plutei (%),positive,NA,Development,14.66,5.18,8.26,3.05,-0.5737,0.0869992,NA,NA,Yes,NA,NA,NA,,NA,6,Ling_et_al_2008,NA,Centrostephanus_rodgersii,Echinoderm,2008,NA,12,3,Ling_et_al_2008__2008__NA,ZOO_STUDY_0313,ZOO_ES_002163,ZOO_STUDY_0313__Centrostephanus_rodgersii__Echinoderm__CO2NA__T12.00__NC3,ZOO_COMMON_00541,-0.5736981089256189,0.08706532905249822,3.3890453251604615,2.5
Lang et al. 2023,Ling et al. 2008,2008,NA,NA,Zooplankton,Meroplankton,Echinoderm,Centrostephanus rodgersii,T,3,3,NA,12,NA,19,Yield advanced two-arm plutei (%),positive,NA,Development,14.66,5.18,6.78,4.23,-0.7711,0.1711132,NA,NA,Yes,NA,NA,NA,,NA,7,Ling_et_al_2008,NA,Centrostephanus_rodgersii,Echinoderm,2008,NA,12,3,Ling_et_al_2008__2008__NA,ZOO_STUDY_0313,ZOO_ES_002164,ZOO_STUDY_0313__Centrostephanus_rodgersii__Echinoderm__CO2NA__T12.00__NC3,ZOO_COMMON_00541,-0.7711455945062012,0.17136478399829586,2.415678928537805,2.5
Lang et al. 2023,McEdward 1985,1985,NA,NA,Zooplankton,Meroplankton,Echinoderm,Dendraster excentricus,T,10,10,NA,12,NA,17,Larval length (um),positive,NA,Growth,435,25.3,456,37.95,0.0471,0.0010307,NA,NA,Yes,NA,NA,NA,,NA,5,McEdward_1985,NA,Dendraster_excentricus,Echinoderm,1985,NA,12,10,McEdward_1985__1985__NA,ZOO_STUDY_0345,ZOO_ES_002166,ZOO_STUDY_0345__Dendraster_excentricus__Echinoderm__CO2NA__T12.00__NC10,ZOO_COMMON_00602,0.04714677842570208,0.0010308874175338502,31.14543353901787,3.5
Lang et al. 2023,McEdward 1985,1985,NA,NA,Zooplankton,Meroplankton,Echinoderm,Dendraster excentricus,T,10,10,NA,12,NA,22,Larval length (um),positive,NA,Growth,435,25.3,427,34.79,-0.0186,0.0010019,NA,NA,Yes,NA,NA,NA,,NA,10,McEdward_1985,NA,Dendraster_excentricus,Echinoderm,1985,NA,12,10,McEdward_1985__1985__NA,ZOO_STUDY_0345,ZOO_ES_002167,ZOO_STUDY_0345__Dendraster_excentricus__Echinoderm__CO2NA__T12.00__NC10,ZOO_COMMON_00602,-0.018562017860059538,0.0010020934969719947,31.589727390427317,3.5
Lang et al. 2023,McEdward 1985,1985,NA,NA,Zooplankton,Meroplankton,Echinoderm,Dendraster excentricus,T,10,10,NA,12,NA,17,Ciliated band length (mm),positive,NA,Growth,2.3,0.09,2.26,0.25,-0.0175,0.0014232,NA,NA,Yes,NA,NA,NA,,NA,5,McEdward_1985,NA,Dendraster_excentricus,Echinoderm,1985,NA,12,10,McEdward_1985__1985__NA,ZOO_STUDY_0345,ZOO_ES_002168,ZOO_STUDY_0345__Dendraster_excentricus__Echinoderm__CO2NA__T12.00__NC10,ZOO_COMMON_00602,-0.017544309650909508,0.0013767857853991558,26.950499156166636,3.5
Lang et al. 2023,McEdward 1985,1985,NA,NA,Zooplankton,Meroplankton,Echinoderm,Dendraster excentricus,T,10,10,NA,12,NA,22,Ciliated band length (mm),positive,NA,Growth,2.3,0.09,2.2,0.19,-0.0445,9.139e-4,NA,NA,Yes,NA,NA,NA,,NA,10,McEdward_1985,NA,Dendraster_excentricus,Echinoderm,1985,NA,12,10,McEdward_1985__1985__NA,ZOO_STUDY_0345,ZOO_ES_002169,ZOO_STUDY_0345__Dendraster_excentricus__Echinoderm__CO2NA__T12.00__NC10,ZOO_COMMON_00602,-0.04445176257083369,8.989868612226405e-4,33.35211101769857,3.5
Lang et al. 2023,McEdward 1985,1985,NA,NA,Zooplankton,Meroplankton,Echinoderm,Dendraster excentricus,T,10,10,NA,12,NA,17,Protein content (ng larvae-1),positive,NA,Physiology,110,37.95,87,31.62,-0.2346,0.0251126,NA,NA,Yes,NA,NA,NA,,NA,5,McEdward_1985,NA,Dendraster_excentricus,Echinoderm,1985,NA,12,10,McEdward_1985__1985__NA,ZOO_STUDY_0345,ZOO_ES_002170,ZOO_STUDY_0345__Dendraster_excentricus__Echinoderm__CO2NA__T12.00__NC10,ZOO_COMMON_00602,-0.23457224713783253,0.02511196492271106,6.3104401478547025,2
Lang et al. 2023,McEdward 1985,1985,NA,NA,Zooplankton,Meroplankton,Echinoderm,Dendraster excentricus,T,10,10,NA,12,NA,22,Protein content (ng larvae-1),positive,NA,Physiology,110,37.95,99,22.14,-0.1054,0.0169003,NA,NA,Yes,NA,NA,NA,,NA,10,McEdward_1985,NA,Dendraster_excentricus,Echinoderm,1985,NA,12,10,McEdward_1985__1985__NA,ZOO_STUDY_0345,ZOO_ES_002171,ZOO_STUDY_0345__Dendraster_excentricus__Echinoderm__CO2NA__T12.00__NC10,ZOO_COMMON_00602,-0.10536051565782628,0.01690382231404959,7.691437945881832,2.5
Lang et al. 2023,McEdward 1985,1985,NA,NA,Zooplankton,Meroplankton,Echinoderm,Dendraster excentricus,T,30,30,NA,12,NA,17,Symmetry (ratio),ambiguous,NA,Development,1.05,0.05,1.04,0.05,-0.0096,1.832e-4,NA,NA,Yes,NA,NA,NA,,NA,5,McEdward_1985,NA,Dendraster_excentricus,Echinoderm,1985,NA,12,30,McEdward_1985__1985__NA,ZOO_STUDY_0345,ZOO_ES_002172,ZOO_STUDY_0345__Dendraster_excentricus__Echinoderm__CO2NA__T12.00__NC30,ZOO_COMMON_00603,-0.009569451016150672,1.526321409563168e-4,80.94257231973563,4.25
Lang et al. 2023,McEdward 1985,1985,NA,NA,Zooplankton,Meroplankton,Echinoderm,Dendraster excentricus,T,30,30,NA,12,NA,22,Symmetry (ratio),ambiguous,NA,Development,1.05,0.05,1.07,0.11,0.0189,4.401e-4,NA,NA,Yes,NA,NA,NA,,NA,10,McEdward_1985,NA,Dendraster_excentricus,Echinoderm,1985,NA,12,30,McEdward_1985__1985__NA,ZOO_STUDY_0345,ZOO_ES_002173,ZOO_STUDY_0345__Dendraster_excentricus__Echinoderm__CO2NA__T12.00__NC30,ZOO_COMMON_00603,0.018868484304382736,4.2787274360836617e-4,48.3440120012191,4.25
Lang et al. 2023,Mos et al. 2011,2011,NA,NA,Zooplankton,Meroplankton,Echinoderm,Tripneustes gratilla,T,10,10,NA,23.9,NA,25.1,Settlement (%),positive,NA,Development,81.95,12.68,83.09,15.4,0.0138,0.0058296,NA,NA,Yes,NA,NA,NA,,NA,1.2000000000000028,Mos_et_al_2011,NA,Tripneustes_gratilla,Echinoderm,2011,NA,23.9,10,Mos_et_al_2011__2011__NA,ZOO_STUDY_0358,ZOO_ES_002174,ZOO_STUDY_0358__Tripneustes_gratilla__Echinoderm__CO2NA__T23.90__NC10,ZOO_COMMON_00624,0.013815052487051255,0.005829226558433885,13.097684732450146,2.75
Lang et al. 2023,Mos et al. 2011,2011,NA,NA,Zooplankton,Meroplankton,Echinoderm,Tripneustes gratilla,T,10,10,NA,23.9,NA,28.1,Settlement (%),positive,NA,Development,81.95,12.68,80.52,9.08,-0.0176,0.0036648,NA,NA,Yes,NA,NA,NA,,NA,4.200000000000003,Mos_et_al_2011,NA,Tripneustes_gratilla,Echinoderm,2011,NA,23.9,10,Mos_et_al_2011__2011__NA,ZOO_STUDY_0358,ZOO_ES_002175,ZOO_STUDY_0358__Tripneustes_gratilla__Echinoderm__CO2NA__T23.90__NC10,ZOO_COMMON_00624,-0.01760370441824809,0.0036657306079077127,16.516564858084124,3.5
Lang et al. 2023,Mos et al. 2011,2011,NA,NA,Zooplankton,Meroplankton,Echinoderm,Tripneustes gratilla,T,10,10,NA,23.9,NA,30.4,Settlement (%),positive,NA,Development,81.95,12.68,77.94,13.6,-0.0502,0.0054382,NA,NA,Yes,NA,NA,NA,,NA,6.5,Mos_et_al_2011,NA,Tripneustes_gratilla,Echinoderm,2011,NA,23.9,10,Mos_et_al_2011__2011__NA,ZOO_STUDY_0358,ZOO_ES_002176,ZOO_STUDY_0358__Tripneustes_gratilla__Echinoderm__CO2NA__T23.90__NC10,ZOO_COMMON_00624,-0.05017000527927553,0.005438878335137219,13.559551596814533,2.75
Lang et al. 2023,Mos et al. 2011,2011,NA,NA,Zooplankton,Meroplankton,Echinoderm,Tripneustes gratilla,T,10,10,NA,23.9,NA,33.4,Settlement (%),positive,NA,Development,81.95,12.68,29.51,19.92,-1.0214,0.047971,NA,NA,Yes,NA,NA,NA,,NA,9.5,Mos_et_al_2011,NA,Tripneustes_gratilla,Echinoderm,2011,NA,23.9,10,Mos_et_al_2011__2011__NA,ZOO_STUDY_0358,ZOO_ES_002177,ZOO_STUDY_0358__Tripneustes_gratilla__Echinoderm__CO2NA__T23.90__NC10,ZOO_COMMON_00624,-1.0213801162349907,0.047960021759013434,4.566256613937914,2
Lang et al. 2023,Mos et al. 2011,2011,NA,NA,Zooplankton,Meroplankton,Echinoderm,Tripneustes gratilla,T,10,10,NA,23.9,NA,25.1,Settlement with spine development (%),positive,NA,Development,30.66,12.68,30.95,10.88,0.0094,0.0294595,NA,NA,Yes,NA,NA,NA,,NA,1.2000000000000028,Mos_et_al_2011,NA,Tripneustes_gratilla,Echinoderm,2011,NA,23.9,10,Mos_et_al_2011__2011__NA,ZOO_STUDY_0358,ZOO_ES_002178,ZOO_STUDY_0358__Tripneustes_gratilla__Echinoderm__CO2NA__T23.90__NC10,ZOO_COMMON_00624,0.009414125686937069,0.02946152975652636,5.826025126598764,2
Lang et al. 2023,Mos et al. 2011,2011,NA,NA,Zooplankton,Meroplankton,Echinoderm,Tripneustes gratilla,T,10,10,NA,23.9,NA,28.1,Settlement with spine development (%),positive,NA,Development,30.66,12.68,33.24,8.16,0.0808,0.0231303,NA,NA,Yes,NA,NA,NA,,NA,4.200000000000003,Mos_et_al_2011,NA,Tripneustes_gratilla,Echinoderm,2011,NA,23.9,10,Mos_et_al_2011__2011__NA,ZOO_STUDY_0358,ZOO_ES_002179,ZOO_STUDY_0358__Tripneustes_gratilla__Echinoderm__CO2NA__T23.90__NC10,ZOO_COMMON_00624,0.08079509654357943,0.023130267493833845,6.575210672547596,2
Lang et al. 2023,Mos et al. 2011,2011,NA,NA,Zooplankton,Meroplankton,Echinoderm,Tripneustes gratilla,T,10,10,NA,23.9,NA,30.4,Settlement with spine development (%),positive,NA,Development,30.66,12.68,18.91,10.88,-0.4833,0.0501987,NA,NA,Yes,NA,NA,NA,,NA,6.5,Mos_et_al_2011,NA,Tripneustes_gratilla,Echinoderm,2011,NA,23.9,10,Mos_et_al_2011__2011__NA,ZOO_STUDY_0358,ZOO_ES_002180,ZOO_STUDY_0358__Tripneustes_gratilla__Echinoderm__CO2NA__T23.90__NC10,ZOO_COMMON_00624,-0.48326799077330185,0.05020742532574436,4.462888375234457,2
Lang et al. 2023,Mos et al. 2011,2011,NA,NA,Zooplankton,Meroplankton,Echinoderm,Tripneustes gratilla,T,10,10,NA,23.9,NA,33.4,Settlement with spine development (%),positive,NA,Development,30.66,12.68,2.87,4.55,-2.3686,0.268851,NA,NA,Yes,NA,NA,NA,,NA,9.5,Mos_et_al_2011,NA,Tripneustes_gratilla,Echinoderm,2011,NA,23.9,10,Mos_et_al_2011__2011__NA,ZOO_STUDY_0358,ZOO_ES_002181,ZOO_STUDY_0358__Tripneustes_gratilla__Echinoderm__CO2NA__T23.90__NC10,ZOO_COMMON_00624,-2.3686468436721384,0.2684423518696265,1.9300763201243771,2.5
Lang et al. 2023,Nguyen et al. 2012,2012,NA,NA,Zooplankton,Meroplankton,Echinoderm,Meridiastra calcar,T,10,10,NA,19,NA,21,Hatching (%),positive,NA,Reproduction,90.44,6.83,73.71,14.89,-0.2045,0.0046535,NA,NA,Yes,NA,NA,NA,,NA,2,Nguyen_et_al_2012,NA,Meridiastra_calcar,Echinoderm,2012,NA,19,10,Nguyen_et_al_2012__2012__NA,ZOO_STUDY_0370,ZOO_ES_002182,ZOO_STUDY_0370__Meridiastra_calcar__Echinoderm__CO2NA__T19.00__NC10,ZOO_COMMON_00645,-0.2045481722085717,0.004651040130887383,14.66307164612046,2.75
Lang et al. 2023,Nguyen et al. 2012,2012,NA,NA,Zooplankton,Meroplankton,Echinoderm,Meridiastra calcar,T,10,10,NA,19,NA,23,Hatching (%),positive,NA,Reproduction,90.44,6.83,42.45,19.26,-0.7564,0.021152,NA,NA,Yes,NA,NA,NA,,NA,4,Nguyen_et_al_2012,NA,Meridiastra_calcar,Echinoderm,2012,NA,19,10,Nguyen_et_al_2012__2012__NA,ZOO_STUDY_0370,ZOO_ES_002183,ZOO_STUDY_0370__Meridiastra_calcar__Echinoderm__CO2NA__T19.00__NC10,ZOO_COMMON_00645,-0.7563597346524127,0.02115562108526834,6.875228079648684,2
Lang et al. 2023,Nguyen et al. 2012,2012,NA,NA,Zooplankton,Meroplankton,Echinoderm,Meridiastra calcar,T,12,12,NA,19,NA,21,Normal larvae (%),positive,NA,Development,61.44,6.65,49.01,14.79,-0.226,0.0085673,NA,NA,Yes,NA,NA,NA,,NA,2,Nguyen_et_al_2012,NA,Meridiastra_calcar,Echinoderm,2012,NA,19,12,Nguyen_et_al_2012__2012__NA,ZOO_STUDY_0370,ZOO_ES_002184,ZOO_STUDY_0370__Meridiastra_calcar__Echinoderm__CO2NA__T19.00__NC12,ZOO_COMMON_00646,-0.22603672991796056,0.008565266808437822,10.805118946196268,2.75
Leung et al. 2022,"Schmidt et al., 2014. Coral Reefs",NA,NA,NA,Zooplankton,Holoplankton,Foraminifera,Heterostegina depressa,T,3,3,479,28,499,31,Survival,positive,NA,Survival,93,3.21,84,3.69,-0.10178269430994236,7.98e-4,NA,NA,Yes,NA,NA,NA,,20,3,Schmidt_et_al_2014_Coral_Reefs,NA,Heterostegina_depressa,Foraminifera,NA,479,28,3,Schmidt_et_al_2014_Coral_Reefs__NA__NA,ZOO_STUDY_0458,ZOO_ES_002187,ZOO_STUDY_0458__Heterostegina_depressa__Foraminifera__CO2479.00__T28.00__NC3,ZOO_COMMON_00790,-0.10178269430994236,0.0010403608503755301,31.00330548184373,3.5
Lang et al. 2023,Nguyen et al. 2012,2012,NA,NA,Zooplankton,Meroplankton,Echinoderm,Meridiastra calcar,T,12,12,NA,19,NA,21,Larval length (um),positive,NA,Growth,580.06,38.76,554.01,42.85,-0.0459,8.707e-4,NA,NA,Yes,NA,NA,NA,,NA,2,Nguyen_et_al_2012,NA,Meridiastra_calcar,Echinoderm,2012,NA,19,12,Nguyen_et_al_2012__2012__NA,ZOO_STUDY_0370,ZOO_ES_002188,ZOO_STUDY_0370__Meridiastra_calcar__Echinoderm__CO2NA__T19.00__NC12,ZOO_COMMON_00646,-0.04594880934003211,8.706065350378637e-4,33.89136327428001,3.5
Lang et al. 2023,Nguyen et al. 2012,2012,NA,NA,Zooplankton,Meroplankton,Echinoderm,Meridiastra calcar,T,12,12,NA,19,NA,23,Larval length (um),positive,NA,Growth,580.06,38.76,523.65,32.42,-0.1023,6.916e-4,NA,NA,Yes,NA,NA,NA,,NA,4,Nguyen_et_al_2012,NA,Meridiastra_calcar,Echinoderm,2012,NA,19,12,Nguyen_et_al_2012__2012__NA,ZOO_STUDY_0370,ZOO_ES_002189,ZOO_STUDY_0370__Meridiastra_calcar__Echinoderm__CO2NA__T19.00__NC12,ZOO_COMMON_00646,-0.10230802424676841,6.915038702381359e-4,38.027930580099486,4.25
Lang et al. 2023,Parvez et al. 2018,2018,NA,NA,Zooplankton,Meroplankton,Echinoderm,Tripneustes gratilla,T,45,45,NA,28,NA,31,Larval width prism (um),positive,NA,Growth,113.99,3.69,110.36,31.8,-0.0324,0.001868,NA,NA,Yes,NA,NA,NA,,NA,3,Parvez_et_al_2018,NA,Tripneustes_gratilla,Echinoderm,2018,NA,28,45,Parvez_et_al_2018__2018__NA,ZOO_STUDY_0407,ZOO_ES_002190,ZOO_STUDY_0407__Tripneustes_gratilla__Echinoderm__CO2NA__T28.00__NC45,ZOO_COMMON_00701,-0.03236297589960183,0.0018683799793677372,23.134887796268355,3.5
Lang et al. 2023,Parvez et al. 2018,2018,NA,NA,Zooplankton,Meroplankton,Echinoderm,Tripneustes gratilla,T,45,45,NA,28,NA,31,Larval length prism (um),positive,NA,Growth,121.96,4.7,113.62,6.44,-0.0708,1.043e-4,NA,NA,Yes,NA,NA,NA,,NA,3,Parvez_et_al_2018,NA,Tripneustes_gratilla,Echinoderm,2018,NA,28,45,Parvez_et_al_2018__2018__NA,ZOO_STUDY_0407,ZOO_ES_002191,ZOO_STUDY_0407__Tripneustes_gratilla__Echinoderm__CO2NA__T28.00__NC45,ZOO_COMMON_00701,-0.07083357499107316,1.0439463318373827e-4,97.8725522503224,4.25
Lang et al. 2023,Parvez et al. 2018,2018,NA,NA,Zooplankton,Meroplankton,Echinoderm,Tripneustes gratilla,T,45,45,NA,28,NA,31,Larval length 4-arm (um),positive,NA,Growth,250.42,4.02,238.51,3.29,-0.0487,1e-5,NA,NA,Yes,NA,NA,NA,,NA,3,Parvez_et_al_2018,NA,Tripneustes_gratilla,Echinoderm,2018,NA,28,45,Parvez_et_al_2018__2018__NA,ZOO_STUDY_0407,ZOO_ES_002192,ZOO_STUDY_0407__Tripneustes_gratilla__Echinoderm__CO2NA__T28.00__NC45,ZOO_COMMON_00701,-0.048728270070215914,9.95496521332851e-6,316.94224264634397,4.25
Lang et al. 2023,Parvez et al. 2018,2018,NA,NA,Zooplankton,Meroplankton,Echinoderm,Tripneustes gratilla,T,45,45,NA,28,NA,31,Post-oral arm length 4-arm (um),positive,NA,Growth,133.32,3.15,120.47,3.15,-0.1014,2.76e-5,NA,NA,Yes,NA,NA,NA,,NA,3,Parvez_et_al_2018,NA,Tripneustes_gratilla,Echinoderm,2018,NA,28,45,Parvez_et_al_2018__2018__NA,ZOO_STUDY_0407,ZOO_ES_002193,ZOO_STUDY_0407__Tripneustes_gratilla__Echinoderm__CO2NA__T28.00__NC45,ZOO_COMMON_00701,-0.10135149416077757,2.7598859112351106e-5,190.35068116370203,4.25
Lang et al. 2023,Parvez et al. 2018,2018,NA,NA,Zooplankton,Meroplankton,Echinoderm,Tripneustes gratilla,T,45,45,NA,28,NA,31,Body length 4 arm (um),positive,NA,Growth,175.31,3.09,147.48,15.16,-0.1729,2.417e-4,NA,NA,Yes,NA,NA,NA,,NA,3,Parvez_et_al_2018,NA,Tripneustes_gratilla,Echinoderm,2018,NA,28,45,Parvez_et_al_2018__2018__NA,ZOO_STUDY_0407,ZOO_ES_002194,ZOO_STUDY_0407__Tripneustes_gratilla__Echinoderm__CO2NA__T28.00__NC45,ZOO_COMMON_00701,-0.17286326199983915,2.4171549047324927e-4,64.32025512247436,4.25
Lang et al. 2023,Parvez et al. 2018,2018,NA,NA,Zooplankton,Meroplankton,Echinoderm,Tripneustes gratilla,T,45,45,NA,28,NA,31,Anterior lateral arm length 4-arm (um),positive,NA,Growth,92.35,2.28,83.17,3.09,-0.1047,4.41e-5,NA,NA,Yes,NA,NA,NA,,NA,3,Parvez_et_al_2018,NA,Tripneustes_gratilla,Echinoderm,2018,NA,28,45,Parvez_et_al_2018__2018__NA,ZOO_STUDY_0407,ZOO_ES_002195,ZOO_STUDY_0407__Tripneustes_gratilla__Echinoderm__CO2NA__T28.00__NC45,ZOO_COMMON_00701,-0.10469900076465273,4.4219180751866834e-5,150.38158361871672,4.25
Lang et al. 2023,Parvez et al. 2018,2018,NA,NA,Zooplankton,Meroplankton,Echinoderm,Tripneustes gratilla,T,10,10,NA,28,NA,31,Time to reach 2 cell stage (h),negative,NA,Development,1.22,0.01,1.08,0.03,0.1219,8.39e-5,NA,NA,Yes,NA,NA,NA,,NA,3,Parvez_et_al_2018,NA,Tripneustes_gratilla,Echinoderm,2018,NA,28,10,Parvez_et_al_2018__2018__NA,ZOO_STUDY_0407,ZOO_ES_002196,ZOO_STUDY_0407__Tripneustes_gratilla__Echinoderm__CO2NA__T28.00__NC10,ZOO_COMMON_00700,-0.12188981760903676,8.387911785295999e-5,109.1875378319328,4.25
Lang et al. 2023,Parvez et al. 2018,2018,NA,NA,Zooplankton,Meroplankton,Echinoderm,Tripneustes gratilla,T,10,10,NA,28,NA,34,Time to reach 2 cell stage (h),negative,NA,Development,1.22,0.01,1.01,0.05,0.1889,2.518e-4,NA,NA,Yes,NA,NA,NA,,NA,6,Parvez_et_al_2018,NA,Tripneustes_gratilla,Echinoderm,2018,NA,28,10,Parvez_et_al_2018__2018__NA,ZOO_STUDY_0407,ZOO_ES_002197,ZOO_STUDY_0407__Tripneustes_gratilla__Echinoderm__CO2NA__T28.00__NC10,ZOO_COMMON_00700,-0.18890052789199707,2.517926363775298e-4,63.02001285787554,4.25
Lang et al. 2023,Rahman et al. 2009,2009,NA,NA,Zooplankton,Meroplankton,Echinoderm,Tripneustes gratilla,T,5,5,NA,25,NA,29,Hatching (%),positive,NA,Reproduction,96.51,2.27,94.25,4.51,-0.0237,5.686e-4,NA,NA,Yes,NA,NA,NA,,NA,4,Rahman_et_al_2009,NA,Tripneustes_gratilla,Echinoderm,2009,NA,25,5,Rahman_et_al_2009__2009__NA,ZOO_STUDY_0431,ZOO_ES_002199,ZOO_STUDY_0431__Tripneustes_gratilla__Echinoderm__CO2NA__T25.00__NC5,ZOO_COMMON_00742,-0.02369580359092457,5.685987701413055e-4,41.93696933137567,4.25
Lang et al. 2023,Rahman et al. 2009,2009,NA,NA,Zooplankton,Meroplankton,Echinoderm,Tripneustes gratilla,T,5,5,NA,25,NA,31,Hatching (%),positive,NA,Reproduction,96.51,2.27,47.54,4.01,-0.7081,0.0015336,NA,NA,Yes,NA,NA,NA,,NA,6,Rahman_et_al_2009,NA,Tripneustes_gratilla,Echinoderm,2009,NA,25,5,Rahman_et_al_2009__2009__NA,ZOO_STUDY_0431,ZOO_ES_002200,ZOO_STUDY_0431__Tripneustes_gratilla__Echinoderm__CO2NA__T25.00__NC5,ZOO_COMMON_00742,-0.7080751679869969,0.0015336315563569335,25.53521282989115,3.5
Lang et al. 2023,Rupp 1973,1973,NA,NA,Zooplankton,Meroplankton,Echinoderm,Acanthaster sp.,T,3,3,NA,28,NA,31,Cleavage (%),positive,NA,Development,97.5,3.81,96.6,5.2,-0.0093,0.0014736,NA,NA,Yes,NA,NA,NA,,NA,3,Rupp_1973,NA,Acanthaster_sp_,Echinoderm,1973,NA,28,3,Rupp_1973__1973__NA,ZOO_STUDY_0446,ZOO_ES_002201,ZOO_STUDY_0446__Acanthaster_sp___Echinoderm__CO2NA__T28.00__NC3,ZOO_COMMON_00768,-0.009273636785329215,0.00147489977868407,26.038666831346234,3.5
Lang et al. 2023,Rupp 1973,1973,NA,NA,Zooplankton,Meroplankton,Echinoderm,Acanthaster sp.,T,3,3,NA,28,NA,34,Cleavage (%),positive,NA,Development,97.5,3.81,35.2,35.33,-1.0188,0.3363821,NA,NA,Yes,NA,NA,NA,,NA,6,Rupp_1973,NA,Acanthaster_sp_,Echinoderm,1973,NA,28,3,Rupp_1973__1973__NA,ZOO_STUDY_0446,ZOO_ES_002202,ZOO_STUDY_0446__Acanthaster_sp___Echinoderm__CO2NA__T28.00__NC3,ZOO_COMMON_00768,-1.01880629539975,0.3363090030484884,1.7243711699353017,2.5
Lang et al. 2023,Rupp 1973,1973,NA,NA,Zooplankton,Meroplankton,Echinoderm,Culcita novaeguineae,T,3,3,NA,28,NA,31,Cleavage (%),positive,NA,Development,96.6,9.7,97.6,6.93,0.0103,0.0050403,NA,NA,Yes,NA,NA,NA,,NA,3,Rupp_1973,NA,Culcita_novaeguineae,Echinoderm,1973,NA,28,3,Rupp_1973__1973__NA,ZOO_STUDY_0446,ZOO_ES_002203,ZOO_STUDY_0446__Culcita_novaeguineae__Echinoderm__CO2NA__T28.00__NC3,ZOO_COMMON_00769,0.010298752200574473,0.005041523060049456,14.083776386660393,2.75
Lang et al. 2023,Rupp 1973,1973,NA,NA,Zooplankton,Meroplankton,Echinoderm,Culcita novaeguineae,T,3,3,NA,28,NA,34,Cleavage (%),positive,NA,Development,96.6,9.7,51.1,17.67,-0.6368,0.0432042,NA,NA,Yes,NA,NA,NA,,NA,6,Rupp_1973,NA,Culcita_novaeguineae,Echinoderm,1973,NA,28,3,Rupp_1973__1973__NA,ZOO_STUDY_0446,ZOO_ES_002204,ZOO_STUDY_0446__Culcita_novaeguineae__Echinoderm__CO2NA__T28.00__NC3,ZOO_COMMON_00769,-0.6367942440088136,0.04321849474591337,4.810222679282797,2
Lang et al. 2023,Rupp 1973,1973,NA,NA,Zooplankton,Meroplankton,Echinoderm,Linckia laevigata,T,3,3,NA,28,NA,31,Cleavage (%),positive,NA,Development,97.9,4.16,94,6.58,-0.0407,0.0022352,NA,NA,Yes,NA,NA,NA,,NA,3,Rupp_1973,NA,Linckia_laevigata,Echinoderm,1973,NA,28,3,Rupp_1973__1973__NA,ZOO_STUDY_0446,ZOO_ES_002206,ZOO_STUDY_0446__Linckia_laevigata__Echinoderm__CO2NA__T28.00__NC3,ZOO_COMMON_00774,-0.04065176726646086,0.00223519962800701,21.151532636366646,3.5
Lang et al. 2023,Rupp 1973,1973,NA,NA,Zooplankton,Meroplankton,Echinoderm,Linckia laevigata,T,3,3,NA,28,NA,34,Cleavage (%),positive,NA,Development,97.9,4.16,30.2,31.18,-1.1761,0.3558486,NA,NA,Yes,NA,NA,NA,,NA,6,Rupp_1973,NA,Linckia_laevigata,Echinoderm,1973,NA,28,3,Rupp_1973__1973__NA,ZOO_STUDY_0446,ZOO_ES_002207,ZOO_STUDY_0446__Linckia_laevigata__Echinoderm__CO2NA__T28.00__NC3,ZOO_COMMON_00774,-1.1761046251556408,0.35591976170861755,1.676192715776539,2.5
Lang et al. 2023,Rupp 1973,1973,NA,NA,Zooplankton,Meroplankton,Echinoderm,Diadema savignyi,T,2,2,NA,28,NA,31,Cleavage (%),positive,NA,Development,96.6,0.14,95.4,4.81,-0.0125,0.0012712,NA,NA,Yes,NA,NA,NA,,NA,3,Rupp_1973,NA,Diadema_savignyi,Echinoderm,1973,NA,28,2,Rupp_1973__1973__NA,ZOO_STUDY_0446,ZOO_ES_002208,ZOO_STUDY_0446__Diadema_savignyi__Echinoderm__CO2NA__T28.00__NC2,ZOO_COMMON_00770,-0.012500162764231382,0.0012721024610078784,28.037478502378438,3.5
Lang et al. 2023,Rupp 1973,1973,NA,NA,Zooplankton,Meroplankton,Echinoderm,Diadema savignyi,T,2,2,NA,28,NA,34,Cleavage (%),positive,NA,Development,96.6,0.14,26.8,28,-1.2822,0.5458353,NA,NA,Yes,NA,NA,NA,,NA,6,Rupp_1973,NA,Diadema_savignyi,Echinoderm,1973,NA,28,2,Rupp_1973__1973__NA,ZOO_STUDY_0446,ZOO_ES_002209,ZOO_STUDY_0446__Diadema_savignyi__Echinoderm__CO2NA__T28.00__NC2,ZOO_COMMON_00770,-1.2821768537016611,0.5457796200369182,1.3536031073836452,2.5
Lang et al. 2023,Rupp 1973,1973,NA,NA,Zooplankton,Meroplankton,Echinoderm,Echinometra mathaei,T,3,3,NA,28,NA,31,Cleavage (%),positive,NA,Development,98.3,1.39,97.1,3.81,-0.0123,5.796e-4,NA,NA,Yes,NA,NA,NA,,NA,3,Rupp_1973,NA,Echinometra_mathaei,Echinoderm,1973,NA,28,3,Rupp_1973__1973__NA,ZOO_STUDY_0446,ZOO_ES_002211,ZOO_STUDY_0446__Echinometra_mathaei__Echinoderm__CO2NA__T28.00__NC3,ZOO_COMMON_00773,-0.012282651855841695,5.798544186900159e-4,41.527952058835496,4.25
Lang et al. 2023,Rupp 1973,1973,NA,NA,Zooplankton,Meroplankton,Echinoderm,Echinometra mathaei,T,3,3,NA,28,NA,34,Cleavage (%),positive,NA,Development,98.3,1.39,92.4,11.09,-0.0619,0.0048637,NA,NA,Yes,NA,NA,NA,,NA,6,Rupp_1973,NA,Echinometra_mathaei,Echinoderm,1973,NA,28,3,Rupp_1973__1973__NA,ZOO_STUDY_0446,ZOO_ES_002212,ZOO_STUDY_0446__Echinometra_mathaei__Echinoderm__CO2NA__T28.00__NC3,ZOO_COMMON_00773,-0.06189704850548227,0.004868381935366475,14.33202901999871,2.75
Lang et al. 2023,Rupp 1973,1973,NA,NA,Zooplankton,Meroplankton,Echinoderm,Echinometra mathaei,T,20,20,NA,28,NA,31,Cleavage (%),positive,NA,Development,99.5,2.68,99.4,1.79,-0.001,5.26e-5,NA,NA,Yes,NA,NA,NA,,NA,3,Rupp_1973,NA,Echinometra_mathaei,Echinoderm,1973,NA,28,20,Rupp_1973__1973__NA,ZOO_STUDY_0446,ZOO_ES_002214,ZOO_STUDY_0446__Echinometra_mathaei__Echinoderm__CO2NA__T28.00__NC20,ZOO_COMMON_00772,-0.0010055305020186497,5.248832162917986e-5,138.02846460414548,4.25
Lang et al. 2023,Rupp 1973,1973,NA,NA,Zooplankton,Meroplankton,Echinoderm,Echinometra mathaei,T,20,20,NA,28,NA,34,Cleavage (%),positive,NA,Development,99.5,2.68,98.9,2.68,-0.006,7.32e-5,NA,NA,Yes,NA,NA,NA,,NA,6,Rupp_1973,NA,Echinometra_mathaei,Echinoderm,1973,NA,28,20,Rupp_1973__1973__NA,ZOO_STUDY_0446,ZOO_ES_002215,ZOO_STUDY_0446__Echinometra_mathaei__Echinoderm__CO2NA__T28.00__NC20,ZOO_COMMON_00772,-0.006048405535880592,7.298912538448126e-5,117.04986582417844,4.25
Lang et al. 2023,Rupp 1973,1973,NA,NA,Zooplankton,Meroplankton,Echinoderm,Acanthaster sp.,T,3,3,NA,28,NA,31,Fertilisation (%),positive,NA,Reproduction,99.8,0.69,90.9,11.78,-0.0934,0.0056122,NA,NA,Yes,NA,NA,NA,,NA,3,Rupp_1973,NA,Acanthaster_sp_,Echinoderm,1973,NA,28,3,Rupp_1973__1973__NA,ZOO_STUDY_0446,ZOO_ES_002217,ZOO_STUDY_0446__Acanthaster_sp___Echinoderm__CO2NA__T28.00__NC3,ZOO_COMMON_00768,-0.09340818213398505,0.005614045370641266,13.346335592167136,2.75
Lang et al. 2023,Rupp 1973,1973,NA,NA,Zooplankton,Meroplankton,Echinoderm,Acanthaster sp.,T,3,3,NA,28,NA,34,Fertilisation (%),positive,NA,Reproduction,99.8,0.69,70.2,18.71,-0.3518,0.0236847,NA,NA,Yes,NA,NA,NA,,NA,6,Rupp_1973,NA,Acanthaster_sp_,Echinoderm,1973,NA,28,3,Rupp_1973__1973__NA,ZOO_STUDY_0446,ZOO_ES_002218,ZOO_STUDY_0446__Acanthaster_sp___Echinoderm__CO2NA__T28.00__NC3,ZOO_COMMON_00768,-0.3518198722856528,0.02369431966889827,6.496476597390062,2
Lang et al. 2023,Rupp 1973,1973,NA,NA,Zooplankton,Meroplankton,Echinoderm,Acanthaster sp.,T,3,3,NA,28,NA,36,Fertilisation (%),positive,NA,Reproduction,99.8,0.69,19.9,17.49,-1.6124,0.2576106,NA,NA,Yes,NA,NA,NA,,NA,8,Rupp_1973,NA,Acanthaster_sp_,Echinoderm,1973,NA,28,3,Rupp_1973__1973__NA,ZOO_STUDY_0446,ZOO_ES_002219,ZOO_STUDY_0446__Acanthaster_sp___Echinoderm__CO2NA__T28.00__NC3,ZOO_COMMON_00768,-1.6124484515869715,0.2575010981869967,1.9706543541059083,2.5
Lang et al. 2023,Rupp 1973,1973,NA,NA,Zooplankton,Meroplankton,Echinoderm,Linckia laevigata,T,3,3,NA,28,NA,31,Fertilisation (%),positive,NA,Reproduction,97.3,6.24,97.5,6.24,0.0021,0.0027322,NA,NA,Yes,NA,NA,NA,,NA,3,Rupp_1973,NA,Linckia_laevigata,Echinoderm,1973,NA,28,3,Rupp_1973__1973__NA,ZOO_STUDY_0446,ZOO_ES_002220,ZOO_STUDY_0446__Linckia_laevigata__Echinoderm__CO2NA__T28.00__NC3,ZOO_COMMON_00774,0.002053388811842228,0.0027362853164245877,19.116981066973846,3.5
Lang et al. 2023,Rupp 1973,1973,NA,NA,Zooplankton,Meroplankton,Echinoderm,Linckia laevigata,T,3,3,NA,28,NA,34,Fertilisation (%),positive,NA,Reproduction,97.3,6.24,91,15.93,-0.0669,0.0115899,NA,NA,Yes,NA,NA,NA,,NA,6,Rupp_1973,NA,Linckia_laevigata,Echinoderm,1973,NA,28,3,Rupp_1973__1973__NA,ZOO_STUDY_0446,ZOO_ES_002221,ZOO_STUDY_0446__Linckia_laevigata__Echinoderm__CO2NA__T28.00__NC3,ZOO_COMMON_00774,-0.06693948267510927,0.011585696579154531,9.29049651534605,2.75
Lang et al. 2023,Rupp 1973,1973,NA,NA,Zooplankton,Meroplankton,Echinoderm,Linckia laevigata,T,3,3,NA,28,NA,36,Fertilisation (%),positive,NA,Reproduction,97.3,6.24,21.8,2.08,-1.4959,0.004399,NA,NA,Yes,NA,NA,NA,,NA,8,Rupp_1973,NA,Linckia_laevigata,Echinoderm,1973,NA,28,3,Rupp_1973__1973__NA,ZOO_STUDY_0446,ZOO_ES_002222,ZOO_STUDY_0446__Linckia_laevigata__Echinoderm__CO2NA__T28.00__NC3,ZOO_COMMON_00774,-1.495889019396916,0.004405488918814959,15.066172771555879,2.75
Lang et al. 2023,Rupp 1973,1973,NA,NA,Zooplankton,Meroplankton,Echinoderm,Echinometra mathaei,T,3,3,NA,28,NA,31,Fertilisation (%),positive,NA,Reproduction,96.4,3.46,95.5,5.89,-0.0094,0.0016979,NA,NA,Yes,NA,NA,NA,,NA,3,Rupp_1973,NA,Echinometra_mathaei,Echinoderm,1973,NA,28,3,Rupp_1973__1973__NA,ZOO_STUDY_0446,ZOO_ES_002223,ZOO_STUDY_0446__Echinometra_mathaei__Echinoderm__CO2NA__T28.00__NC3,ZOO_COMMON_00773,-0.009379954129815446,0.0016973660216937849,24.27237358865431,3.5
Lang et al. 2023,Rupp 1973,1973,NA,NA,Zooplankton,Meroplankton,Echinoderm,Echinometra mathaei,T,3,3,NA,28,NA,34,Fertilisation (%),positive,NA,Reproduction,96.4,3.46,95.9,8.31,-0.0052,0.0029356,NA,NA,Yes,NA,NA,NA,,NA,6,Rupp_1973,NA,Echinometra_mathaei,Echinoderm,1973,NA,28,3,Rupp_1973__1973__NA,ZOO_STUDY_0446,ZOO_ES_002224,ZOO_STUDY_0446__Echinometra_mathaei__Echinoderm__CO2NA__T28.00__NC3,ZOO_COMMON_00773,-0.005200219727107375,0.0029323151302465865,18.46692899623456,3.5
Lang et al. 2023,Rupp 1973,1973,NA,NA,Zooplankton,Meroplankton,Echinoderm,Echinometra mathaei,T,3,3,NA,28,NA,36,Fertilisation (%),positive,NA,Reproduction,96.4,3.46,95.4,3.12,-0.0104,7.864e-4,NA,NA,Yes,NA,NA,NA,,NA,8,Rupp_1973,NA,Echinometra_mathaei,Echinoderm,1973,NA,28,3,Rupp_1973__1973__NA,ZOO_STUDY_0446,ZOO_ES_002225,ZOO_STUDY_0446__Echinometra_mathaei__Echinoderm__CO2NA__T28.00__NC3,ZOO_COMMON_00773,-0.01042762316225905,7.859406493245791e-4,35.67016549865485,4.25
Lang et al. 2023,Rupp 1973,1973,NA,NA,Zooplankton,Meroplankton,Echinoderm,Echinometra mathaei,T,18,18,NA,28,NA,31,Fertilisation (%),positive,NA,Reproduction,99.8,0.85,99.5,1.7,-0.003,2.02e-5,NA,NA,Yes,NA,NA,NA,,NA,3,Rupp_1973,NA,Echinometra_mathaei,Echinoderm,1973,NA,28,18,Rupp_1973__1973__NA,ZOO_STUDY_0446,ZOO_ES_002226,ZOO_STUDY_0446__Echinometra_mathaei__Echinoderm__CO2NA__T28.00__NC18,ZOO_COMMON_00771,-0.003010539152871152,2.0247316095909414e-5,222.2369501833222,4.25
Lang et al. 2023,Rupp 1973,1973,NA,NA,Zooplankton,Meroplankton,Echinoderm,Echinometra mathaei,T,18,18,NA,28,NA,34,Fertilisation (%),positive,NA,Reproduction,99.8,0.85,99.5,2.55,-0.003,4.04e-5,NA,NA,Yes,NA,NA,NA,,NA,6,Rupp_1973,NA,Echinometra_mathaei,Echinoderm,1973,NA,28,18,Rupp_1973__1973__NA,ZOO_STUDY_0446,ZOO_ES_002227,ZOO_STUDY_0446__Echinometra_mathaei__Echinoderm__CO2NA__T28.00__NC18,ZOO_COMMON_00771,-0.003010539152871152,4.0518970290949374e-5,157.09805203091528,4.25
Lang et al. 2023,Rupp 1973,1973,NA,NA,Zooplankton,Meroplankton,Echinoderm,Echinometra mathaei,T,18,25,NA,28,NA,36,Fertilisation (%),positive,NA,Reproduction,99.8,0.85,97.7,2,-0.0213,2.08e-5,NA,NA,Yes,NA,NA,NA,,NA,8,Rupp_1973,NA,Echinometra_mathaei,Echinoderm,1973,NA,28,18,Rupp_1973__1973__NA,ZOO_STUDY_0446,ZOO_ES_002228,ZOO_STUDY_0446__Echinometra_mathaei__Echinoderm__CO2NA__T28.00__NC18,ZOO_COMMON_00771,-0.0212666242686812,2.0792186450073774e-5,219.30569994672894,4.25
Lang et al. 2023,Sewell and Young 1999,1999,NA,NA,Zooplankton,Meroplankton,Echinoderm,Echinometra lucunter,T,3,3,NA,29,NA,31,Embryos at 4 cell stage 1 hr (%),positive,NA,Development,42.11,13.68,87.37,5.26,0.7299,0.0363869,NA,NA,Yes,NA,NA,NA,,NA,2,Sewell_and_Young_1999,NA,Echinometra_lucunter,Echinoderm,1999,NA,29,3,Sewell_and_Young_1999__1999__NA,ZOO_STUDY_0464,ZOO_ES_002229,ZOO_STUDY_0464__Echinometra_lucunter__Echinoderm__CO2NA__T29.00__NC3,ZOO_COMMON_00806,0.7298667321361668,0.036386917420833394,5.242366351691522,2
Lang et al. 2023,Sewell and Young 1999,1999,NA,NA,Zooplankton,Meroplankton,Echinoderm,Echinometra lucunter,T,3,3,NA,29,NA,34,Embryos at 4 cell stage 1 hr (%),positive,NA,Development,42.11,13.68,92.63,4.21,0.7883,0.0358673,NA,NA,Yes,NA,NA,NA,,NA,5,Sewell_and_Young_1999,NA,Echinometra_lucunter,Echinoderm,1999,NA,29,3,Sewell_and_Young_1999__1999__NA,ZOO_STUDY_0464,ZOO_ES_002230,ZOO_STUDY_0464__Echinometra_lucunter__Echinoderm__CO2NA__T29.00__NC3,ZOO_COMMON_00806,0.7883278210920996,0.03586731087697417,5.280202659248275,2
Lang et al. 2023,Sewell and Young 1999,1999,NA,NA,Zooplankton,Meroplankton,Echinoderm,Echinometra lucunter,T,3,3,NA,29,NA,36,Embryos at blastula stage 8 hr (%),positive,NA,Development,100,0,10.87,7.61,-2.2192,0.1633763,NA,NA,Yes,NA,NA,NA,,NA,7,Sewell_and_Young_1999,NA,Echinometra_lucunter,Echinoderm,1999,NA,29,3,Sewell_and_Young_1999__1999__NA,ZOO_STUDY_0464,ZOO_ES_002232,ZOO_STUDY_0464__Echinometra_lucunter__Echinoderm__CO2NA__T29.00__NC3,ZOO_COMMON_00806,-2.2191634848549735,0.16337626777050968,2.474033150890105,2.5
Lang et al. 2023,Sewell and Young 1999,1999,NA,NA,Zooplankton,Meroplankton,Echinoderm,Echinometra lucunter,T,3,3,NA,29,NA,31,No of cleavages,positive,NA,Development,3.13,0.07,3.92,0.03,0.2251,1.862e-4,NA,NA,Yes,NA,NA,NA,,NA,2,Sewell_and_Young_1999,NA,Echinometra_lucunter,Echinoderm,1999,NA,29,3,Sewell_and_Young_1999__1999__NA,ZOO_STUDY_0464,ZOO_ES_002233,ZOO_STUDY_0464__Echinometra_lucunter__Echinoderm__CO2NA__T29.00__NC3,ZOO_COMMON_00806,0.22505864925030936,1.8624251980605457e-4,73.27580201510453,4.25
Lang et al. 2023,Sewell and Young 1999,1999,NA,NA,Zooplankton,Meroplankton,Echinoderm,Echinometra lucunter,T,3,3,NA,29,NA,34,No of cleavages,positive,NA,Development,3.13,0.07,3.96,0.06,0.2352,2.432e-4,NA,NA,Yes,NA,NA,NA,,NA,5,Sewell_and_Young_1999,NA,Echinometra_lucunter,Echinoderm,1999,NA,29,3,Sewell_and_Young_1999__1999__NA,ZOO_STUDY_0464,ZOO_ES_002234,ZOO_STUDY_0464__Echinometra_lucunter__Echinoderm__CO2NA__T29.00__NC3,ZOO_COMMON_00806,0.23521102071432734,2.4324220823298924e-4,64.11808328495658,4.25
Lang et al. 2023,Sewell and Young 1999,1999,NA,NA,Zooplankton,Meroplankton,Echinoderm,Echinometra lucunter,T,3,3,NA,29,NA,36,No of cleavages,positive,NA,Development,3.13,0.07,0.69,0.32,-1.5121,0.0718603,NA,NA,Yes,NA,NA,NA,,NA,7,Sewell_and_Young_1999,NA,Echinometra_lucunter,Echinoderm,1999,NA,29,3,Sewell_and_Young_1999__1999__NA,ZOO_STUDY_0464,ZOO_ES_002235,ZOO_STUDY_0464__Echinometra_lucunter__Echinoderm__CO2NA__T29.00__NC3,ZOO_COMMON_00806,-1.512096685942894,0.07186034119257721,3.7303996572994267,2.5
Lang et al. 2023,Suckling et al. 2015,2015,NA,NA,Zooplankton,Meroplankton,Echinoderm,Sterechinus neumayeri,T,8,8,NA,-0.3,NA,1.8,Egg size 17 months (um),ambiguous,NA,Growth,154.75,6.14,167.24,3.59,0.0776,2.543e-4,NA,NA,Yes,NA,NA,NA,,NA,2.1,Suckling_et_al_2015,NA,Sterechinus_neumayeri,Echinoderm,2015,NA,-0.3,8,Suckling_et_al_2015__2015__NA,ZOO_STUDY_0485,ZOO_ES_002236,ZOO_STUDY_0485__Sterechinus_neumayeri__Echinoderm__CO2NA__T-0.30__NC8,ZOO_COMMON_00834,0.07761899492365883,2.543815155154258e-4,62.69851067317064,4.25
Lang et al. 2023,Suckling et al. 2015,2015,NA,NA,Zooplankton,Meroplankton,Echinoderm,Sterechinus neumayeri,T,8,8,NA,-0.3,NA,1.8,Egg size 6 months (um),ambiguous,NA,Growth,170.35,3.71,149.24,3.48,-0.1323,1.271e-4,NA,NA,Yes,NA,NA,NA,,NA,2.1,Suckling_et_al_2015,NA,Sterechinus_neumayeri,Echinoderm,2015,NA,-0.3,8,Suckling_et_al_2015__2015__NA,ZOO_STUDY_0485,ZOO_ES_002237,ZOO_STUDY_0485__Sterechinus_neumayeri__Echinoderm__CO2NA__T-0.30__NC8,ZOO_COMMON_00834,-0.13229939575401833,1.2725590968083907e-4,88.64638302399982,4.25
Lang et al. 2023,Tyler et al. 2000,2000,NA,NA,Zooplankton,Meroplankton,Echinoderm,Sterechinus neumayeri,T,3,3,NA,0.9,NA,2.5,Abnormal embryos 24 hrs (%),negative,NA,Development,3.08,3.84,3.85,4.61,-0.2231,0.9960555,NA,NA,Yes,NA,NA,NA,,NA,1.6,Tyler_et_al_2000,NA,Sterechinus_neumayeri,Echinoderm,2000,NA,0.9,3,Tyler_et_al_2000__2000__NA,ZOO_STUDY_0509,ZOO_ES_002240,ZOO_STUDY_0509__Sterechinus_neumayeri__Echinoderm__CO2NA__T0.90__NC3,ZOO_COMMON_00883,0.22314355131420976,0.9960555461854164,1.0019780806705043,2.5
Lang et al. 2023,Tyler et al. 2000,2000,NA,NA,Zooplankton,Meroplankton,Echinoderm,Sterechinus neumayeri,T,3,3,NA,0.9,NA,2.5,Abnormal embryos 48 hrs (%),negative,NA,Development,11.45,3.05,15.27,1.52,-0.2879,0.0269548,NA,NA,Yes,NA,NA,NA,,NA,1.6,Tyler_et_al_2000,NA,Sterechinus_neumayeri,Echinoderm,2000,NA,0.9,3,Tyler_et_al_2000__2000__NA,ZOO_STUDY_0509,ZOO_ES_002241,ZOO_STUDY_0509__Sterechinus_neumayeri__Echinoderm__CO2NA__T0.90__NC3,ZOO_COMMON_00883,0.28790038923029243,0.02695481951118373,6.090904440034571,2
Lang et al. 2023,Tyler et al. 2000,2000,NA,NA,Zooplankton,Meroplankton,Echinoderm,Sterechinus neumayeri,T,3,3,NA,0.9,NA,2.5,Embryos at 32 cell stage 24 hrs (%),positive,NA,Development,86.92,14.62,89.23,1.54,0.0262,0.0095298,NA,NA,Yes,NA,NA,NA,,NA,1.6,Tyler_et_al_2000,NA,Sterechinus_neumayeri,Echinoderm,2000,NA,0.9,3,Tyler_et_al_2000__2000__NA,ZOO_STUDY_0509,ZOO_ES_002242,ZOO_STUDY_0509__Sterechinus_neumayeri__Echinoderm__CO2NA__T0.90__NC3,ZOO_COMMON_00883,0.02622915052383112,0.009529773952245208,10.243743619036177,2.75
Lang et al. 2023,Tyler et al. 2000,2000,NA,NA,Zooplankton,Meroplankton,Echinoderm,Sterechinus neumayeri,T,3,3,NA,0.9,NA,2.5,Embryos at blastulas stage 48 hrs (%),positive,NA,Development,93.13,3.05,87.79,0.76,-0.059,3.825e-4,NA,NA,Yes,NA,NA,NA,,NA,1.6,Tyler_et_al_2000,NA,Sterechinus_neumayeri,Echinoderm,2000,NA,0.9,3,Tyler_et_al_2000__2000__NA,ZOO_STUDY_0509,ZOO_ES_002243,ZOO_STUDY_0509__Sterechinus_neumayeri__Echinoderm__CO2NA__T0.90__NC3,ZOO_COMMON_00883,-0.05904876759544892,3.825004208823601e-4,51.130971125618316,4.25
Lang et al. 2023,Tyler et al. 2000,2000,NA,NA,Zooplankton,Meroplankton,Echinoderm,Sterechinus neumayeri,T,3,3,NA,0.9,NA,2.5,Survival of prisms (%),positive,NA,Survival,90.83,6.55,81.22,3.5,-0.1118,0.0023524,NA,NA,Yes,NA,NA,NA,,NA,1.6,Tyler_et_al_2000,NA,Sterechinus_neumayeri,Echinoderm,2000,NA,0.9,3,Tyler_et_al_2000__2000__NA,ZOO_STUDY_0509,ZOO_ES_002244,ZOO_STUDY_0509__Sterechinus_neumayeri__Echinoderm__CO2NA__T0.90__NC3,ZOO_COMMON_00883,-0.11182810525597048,0.002352413119916829,20.61784182753958,3.5
Lang et al. 2023,Uthicke et al. 2015,2015,NA,NA,Zooplankton,Meroplankton,Echinoderm,Acanthaster sp.,T,6,6,NA,28,NA,29,Mid-late brachiolaria day 10 (%),positive,NA,Development,1.9,0.97,4.56,2.11,0.8755,0.0791964,NA,NA,Yes,NA,NA,NA,,NA,1,Uthicke_et_al_2015,NA,Acanthaster_sp_,Echinoderm,2015,NA,28,6,Uthicke_et_al_2015__2015__NA,ZOO_STUDY_0514,ZOO_ES_002247,ZOO_STUDY_0514__Acanthaster_sp___Echinoderm__CO2NA__T28.00__NC6,ZOO_COMMON_00891,0.8754687373538999,0.07912437801374782,3.5550428963890113,2.5
Lang et al. 2023,Uthicke et al. 2015,2015,NA,NA,Zooplankton,Meroplankton,Echinoderm,Acanthaster sp.,T,6,6,NA,28,NA,30,Mid-late brachiolaria day 10 (%),positive,NA,Development,1.9,0.97,9.2,3.43,1.5773,0.0668168,NA,NA,Yes,NA,NA,NA,,NA,2,Uthicke_et_al_2015,NA,Acanthaster_sp_,Echinoderm,2015,NA,28,6,Uthicke_et_al_2015__2015__NA,ZOO_STUDY_0514,ZOO_ES_002248,ZOO_STUDY_0514__Acanthaster_sp___Echinoderm__CO2NA__T28.00__NC6,ZOO_COMMON_00891,1.5773495978825998,0.06660606837148089,3.874744768524773,2
Lang et al. 2023,Uthicke et al. 2015,2015,NA,NA,Zooplankton,Meroplankton,Echinoderm,Acanthaster sp.,T,6,6,NA,28,NA,29,Mid-late brachiolaria day 17 (%),positive,NA,Development,7,1.93,6.27,2.52,-0.1101,0.0394493,NA,NA,Yes,NA,NA,NA,,NA,1,Uthicke_et_al_2015,NA,Acanthaster_sp_,Echinoderm,2015,NA,28,6,Uthicke_et_al_2015__2015__NA,ZOO_STUDY_0514,ZOO_ES_002249,ZOO_STUDY_0514__Acanthaster_sp___Echinoderm__CO2NA__T28.00__NC6,ZOO_COMMON_00891,-0.11013379441048401,0.03959218845753544,5.025684786982361,2
Lang et al. 2023,Uthicke et al. 2015,2015,NA,NA,Zooplankton,Meroplankton,Echinoderm,Acanthaster sp.,T,6,6,NA,28,NA,30,Mid-late brachiolaria day 17 (%),positive,NA,Development,7,1.93,8.78,3.49,0.2266,0.038917,NA,NA,Yes,NA,NA,NA,,NA,2,Uthicke_et_al_2015,NA,Acanthaster_sp_,Echinoderm,2015,NA,28,6,Uthicke_et_al_2015__2015__NA,ZOO_STUDY_0514,ZOO_ES_002250,ZOO_STUDY_0514__Acanthaster_sp___Echinoderm__CO2NA__T28.00__NC6,ZOO_COMMON_00891,0.22656625859171195,0.03900334834075286,5.063479477843959,2
Leung et al. 2022,"Albright and Mason et al., 2013. Plos One",NA,NA,NA,Zooplankton,Meroplankton,Coral larvae,Acropora tenuis,T,6,6,434,27,488,30,Fertilization success,positive,NA,Reproduction,97.7,0.9797958971132712,96.6,1.224744871391589,-0.011322817830264887,5.98e-4,NA,NA,Yes,NA,NA,NA,,54,3,Albright_and_Mason_et_al_2013_Plos_One,NA,Acropora_tenuis,Coral_larvae,NA,434,27,6,Albright_and_Mason_et_al_2013_Plos_One__NA__NA,ZOO_STUDY_0010,ZOO_ES_002257,ZOO_STUDY_0010__Acropora_tenuis__Coral_larvae__CO2434.00__T27.00__NC6,ZOO_COMMON_00014,-0.011322817830264887,4.355299824877294e-5,151.5273301114211,4.25
Leung et al. 2022,"Albright and Mason et al., 2013. Plos One",NA,NA,NA,Zooplankton,Meroplankton,Coral larvae,Acropora tenuis,T,6,6,434,27,488,30,Fertilization success,positive,NA,Reproduction,98.3,1.224744871391589,83.6,4.898979485566356,-0.16198050706246495,4.36e-5,NA,NA,Yes,NA,NA,NA,,54,3,Albright_and_Mason_et_al_2013_Plos_One,NA,Acropora_tenuis,Coral_larvae,NA,434,27,6,Albright_and_Mason_et_al_2013_Plos_One__NA__NA,ZOO_STUDY_0010,ZOO_ES_002259,ZOO_STUDY_0010__Acropora_tenuis__Coral_larvae__CO2434.00__T27.00__NC6,ZOO_COMMON_00014,-0.16198050706246495,5.982033964807738e-4,40.88608834705732,4.25
Ross et al. 2024,Gibbs et al. 2021a,NA,NA,https://academic.oup.com/icesjms/article/78/6/2017/6306814,Zooplankton,Meroplankton,Mollusca,Saccostrea glomerata,T,3,3,NA,24,NA,28,larval mortality (%) at 9 days of age,negative,NA,Survival,79.36507937,12.83000598,89.55223881,8.617168197,-0.120763664,0.0118,NA,"flip sign because we are looking at mortality, instead of survival",Yes,NA,NA,NA,,NA,4,Gibbs_et_al_2021a,NA,Saccostrea_glomerata,Mollusca,NA,NA,24,3,Gibbs_et_al_2021a__NA__NA,ZOO_STUDY_0181,ZOO_ES_002268,ZOO_STUDY_0181__Saccostrea_glomerata__Mollusca__CO2NA__T24.00__NC3,ZOO_COMMON_00313,0.12076366377752124,0.011797530860235234,9.20670947736436,2.75
Hamraj et al. 2021,"Grenvald et al., 2012",2012,NA,https://www.researchgate.net/publication/234092642_Effects_of_a_future_warmer_ocean_on_the_coexisting_copepods_Calanus_finmarchicus_and_C-glacialis_in_Disko_Bay_western_Greenland,Zooplankton,Holoplankton,Calanoid copepod,Calanus finmarchicus,T,5,5,NA,0,NA,10,Survival,ambiguous,NA,Survival,95,5,83,7,-0.135036284,0.00198,NA,not sure which specific metric was looked into,Yes,NA,NA,NA,,NA,10,Grenvald_et_al_2012,NA,Calanus_finmarchicus,Calanoid_copepod,2012,NA,0,5,Grenvald_et_al_2012__2012__NA,ZOO_STUDY_0194,ZOO_ES_002275,ZOO_STUDY_0194__Calanus_finmarchicus__Calanoid_copepod__CO2NA__T0.00__NC5,ZOO_COMMON_00343,-0.13503628380394286,0.0019765743211808623,22.49279502365677,3.5
Lang et al. 2023,Balogh and Byrne 2020,2020,NA,NA,Zooplankton,Meroplankton,Echinoderm,Parvulastra exigua,T,6,6,NA,18,NA,24,Survival day 10 (%),positive,NA,Survival,96.07,4.83,83.61,8.28,-0.1389,0.0020547,NA,NA,Yes,NA,NA,NA,,NA,6,Balogh_and_Byrne_2020,NA,Parvulastra_exigua,Echinoderm,2020,NA,18,6,Balogh_and_Byrne_2020__2020__NA,ZOO_STUDY_0028,ZOO_ES_002276,ZOO_STUDY_0028__Parvulastra_exigua__Echinoderm__CO2NA__T18.00__NC6,ZOO_COMMON_00042,-0.13891396225968053,0.0020558069925613017,22.055089806988715,3.5
Leung et al. 2022,"García et al., 2018. Mar Environ Res",NA,NA,NA,Zooplankton,Meroplankton,Urchin larvae,Diadema africanum,T,3,3,456.4,19,574,23,Larval density,ambiguous,NA,Survival,11.5,5.5,10,5,-0.13976194237515874,192.0762445,NA,NA,Yes,NA,NA,NA,,117.60000000000002,4,Garc_a_et_al_2018_Mar_Environ_Res,NA,Diadema_africanum,Urchin_larvae,NA,456.4,19,3,Garc_a_et_al_2018_Mar_Environ_Res__NA__NA,ZOO_STUDY_0165,ZOO_ES_002277,ZOO_STUDY_0165__Diadema_africanum__Urchin_larvae__CO2456.40__T19.00__NC3,ZOO_COMMON_00281,-0.13976194237515874,0.1595778197857593,2.503304824511491,2.5
Ross et al. 2024,Gibbs et al. 2021c,2021,Energetic lipid responses of larval oysters to ocean acidification,https://www.sciencedirect.com/science/article/abs/pii/S0025326X21004756,Zooplankton,Meroplankton,Mollusca,Saccostrea glomerata,T,3,3,NA,24,NA,28,Larval mortality at 9 days,negative,NA,Survival,85.14056225,9.738438275,97.99196787,1.391205468,-0.140581951,0.00443,NA,"flip sign because we are looking at mortality, instead of survival",Yes,NA,NA,NA,,NA,4,Gibbs_et_al_2021c,Energetic_lipid_responses_of_larval_oysters_to_ocean_acidification,Saccostrea_glomerata,Mollusca,2021,NA,24,3,Gibbs_et_al_2021c__2021__Energetic_lipid_responses_of_larval_oysters_to_ocean_acidification,ZOO_STUDY_0183,ZOO_ES_002278,ZOO_STUDY_0183__Saccostrea_glomerata__Mollusca__CO2NA__T24.00__NC3,ZOO_COMMON_00317,0.1405819505942329,0.004428168795797261,15.027540821516762,2.75
Leung et al. 2022,"Basso et al., 2015a. Estuar Coast",NA,NA,NA,Zooplankton,Meroplankton,Bivalve larvae,Pinna nobilis,T,29,29,400,20,1000,23,NA,ambiguous,NA,Physiology,1.75,2.66565658,0.76,0.666414145,-0.834052633637183,0.106521429,NA,NA,Yes,NA,NA,NA,,600,3,Basso_et_al_2015a_Estuar_Coast,NA,Pinna_nobilis,Bivalve_larvae,NA,400,20,29,Basso_et_al_2015a_Estuar_Coast__NA__NA,ZOO_STUDY_0033,ZOO_ES_002290,ZOO_STUDY_0033__Pinna_nobilis__Bivalve_larvae__CO2400.00__T20.00__NC29,ZOO_COMMON_00048,-0.834052633637183,0.10652142940385094,3.063948824361668,2.5
Leung et al. 2022,"Brennand et al., 2010. Plos One",NA,NA,NA,Zooplankton,Meroplankton,Urchin larvae,Tripneustes gratilla,T,3,3,448,24,455,27,Arm asymmetry,negative,NA,Development,7,1.8341872308280867,12,1.9484247927003726,0.5389965007326869,0.0165,NA,NA,Yes,NA,NA,NA,,7,3,Brennand_et_al_2010_Plos_One,NA,Tripneustes_gratilla,Urchin_larvae,NA,448,24,3,Brennand_et_al_2010_Plos_One__NA__NA,ZOO_STUDY_0046,ZOO_ES_002298,ZOO_STUDY_0046__Tripneustes_gratilla__Urchin_larvae__CO2448.00__T24.00__NC3,ZOO_COMMON_00067,0.5389965007326869,0.031673873882331297,5.618875488277185,2
Leung et al. 2022,"Brennand et al., 2010. Plos One",NA,NA,NA,Zooplankton,Meroplankton,Urchin larvae,Tripneustes gratilla,T,3,3,448,24,455,27,Post oral arm length,positive,NA,Growth,135,12.86972736273995,175,6.275546404234903,-0.232931558,0.00394,NA,NA,Yes,NA,NA,NA,,7,3,Brennand_et_al_2010_Plos_One,NA,Tripneustes_gratilla,Urchin_larvae,NA,448,24,3,Brennand_et_al_2010_Plos_One__NA__NA,ZOO_STUDY_0046,ZOO_ES_002303,ZOO_STUDY_0046__Tripneustes_gratilla__Urchin_larvae__CO2448.00__T24.00__NC3,ZOO_COMMON_00067,0.2595111954850846,0.0034580060027728033,17.005410836370714,3.5
Leung et al. 2022,"Brennand et al., 2010. Plos One",NA,NA,NA,Zooplankton,Meroplankton,Urchin larvae,Tripneustes gratilla,T,3,3,448,24,455,27,Normal larvae,positive,NA,Development,78,10.14454027019416,74,15.351510047816651,-0.05264373348542203,0.02,NA,NA,Yes,NA,NA,NA,,7,3,Brennand_et_al_2010_Plos_One,NA,Tripneustes_gratilla,Urchin_larvae,NA,448,24,3,Brennand_et_al_2010_Plos_One__NA__NA,ZOO_STUDY_0046,ZOO_ES_002307,ZOO_STUDY_0046__Tripneustes_gratilla__Urchin_larvae__CO2448.00__T24.00__NC3,ZOO_COMMON_00067,-0.05264373348542203,0.019983939272430994,7.073908685317276,2
Leung et al. 2022,"Brennand et al., 2010. Plos One",NA,Impact of Ocean Warming and Ocean Acidification on Larval Development and Calcification in the Sea Urchin Tripneustes gratilla,https://journals.plos.org/plosone/article?id=10.1371%2Fjournal.pone.0011372,Zooplankton,Meroplankton,Urchin larvae,Tripneustes gratilla,T,3,3,448,24,455,27,Total length of calcite rod,positive,NA,Growth,380,31.956656966215416,450,10.54188020224508,0.0274,0.0635,NA,NA,Yes,NA,NA,NA,,7,3,Brennand_et_al_2010_Plos_One,Impact_of_Ocean_Warming_and_Ocean_Acidification_on_Larval_Development_and_Calcification_in_the_Sea_Urchin_Tripneustes_gratilla,Tripneustes_gratilla,Urchin_larvae,NA,448,24,3,Brennand_et_al_2010_Plos_One__NA__Impact_of_Ocean_Warming_and_Ocean_Acidification_on_Larval_Development_and_Calcification_in_the_Sea_Urchin_Tripneustes_gratilla,ZOO_STUDY_0045,ZOO_ES_002313,ZOO_STUDY_0045__Tripneustes_gratilla__Urchin_larvae__CO2448.00__T24.00__NC3,ZOO_COMMON_00066,0.1690763300439339,0.0025403372604479468,19.840577584026946,3.5
Hamraj et al. 2021,"Karlsson et al., 2018",2018,NA,https://www.researchgate.net/publication/322580319_Life-history_responses_to_changing_temperature_and_salinity_of_the_Baltic_Sea_copepod_Eurytemora_affinis,Zooplankton,Holoplankton,Calanoid copepod,Eurytemora affinis,T,5,10,NA,15,NA,20,Survival,ambiguous,NA,Survival,80.132,10.2557,68.72641,12.25318,-0.153541725,0.00645,NA,not sure which specific metric was looked into,Yes,NA,NA,NA,,NA,5,Karlsson_et_al_2018,NA,Eurytemora_affinis,Calanoid_copepod,2018,NA,15,5,Karlsson_et_al_2018__2018__NA,ZOO_STUDY_0262,ZOO_ES_002328,ZOO_STUDY_0262__Eurytemora_affinis__Calanoid_copepod__CO2NA__T15.00__NC5,ZOO_COMMON_00452,-0.153541724527085,0.006454741483186392,12.446882031180156,2.75
Hamraj et al. 2021,"Grenvald et al., 2012",2012,NA,https://www.researchgate.net/publication/234092642_Effects_of_a_future_warmer_ocean_on_the_coexisting_copepods_Calanus_finmarchicus_and_C-glacialis_in_Disko_Bay_western_Greenland,Zooplankton,Holoplankton,Calanoid copepod,Calanus glacialis,T,5,5,NA,0,NA,10,Survival,ambiguous,NA,Survival,96,2,81,6,-0.169899037,0.00118,NA,not sure which specific metric was looked into,Yes,NA,NA,NA,,NA,10,Grenvald_et_al_2012,NA,Calanus_glacialis,Calanoid_copepod,2012,NA,0,5,Grenvald_et_al_2012__2012__NA,ZOO_STUDY_0194,ZOO_ES_002377,ZOO_STUDY_0194__Calanus_glacialis__Calanoid_copepod__CO2NA__T0.00__NC5,ZOO_COMMON_00345,-0.16989903679539747,0.001184199245541838,29.059464700640703,3.5
Ross et al. 2024,Gibbs et al. 2021c,2021,Energetic lipid responses of larval oysters to ocean acidification,https://www.sciencedirect.com/science/article/abs/pii/S0025326X21004756,Zooplankton,Meroplankton,Mollusca,Saccostrea glomerata,T,3,3,NA,24,NA,28,Larval mortality at 9 days,negative,NA,Survival,81.92771084,9.390636909,98.3935743,1.739006835,-0.183138217,0.00448,NA,"flip sign because we are looking at mortality, instead of survival",Yes,NA,NA,NA,,NA,4,Gibbs_et_al_2021c,Energetic_lipid_responses_of_larval_oysters_to_ocean_acidification,Saccostrea_glomerata,Mollusca,2021,NA,24,3,Gibbs_et_al_2021c__2021__Energetic_lipid_responses_of_larval_oysters_to_ocean_acidification,ZOO_STUDY_0183,ZOO_ES_002389,ZOO_STUDY_0183__Saccostrea_glomerata__Mollusca__CO2NA__T24.00__NC3,ZOO_COMMON_00317,0.18313821677025846,0.004483448542307864,14.934610660283877,2.75
Lang et al. 2023,Tyler et al. 2000,2000,NA,NA,Zooplankton,Meroplankton,Echinoderm,Sterechinus neumayeri,T,3,3,NA,0.9,NA,2.5,Survival of 4-arm plutei (%),positive,NA,Survival,95.28,2.57,79.31,7.76,-0.1835,0.0034337,NA,NA,Yes,NA,NA,NA,,NA,1.6,Tyler_et_al_2000,NA,Sterechinus_neumayeri,Echinoderm,2000,NA,0.9,3,Tyler_et_al_2000__2000__NA,ZOO_STUDY_0509,ZOO_ES_002391,ZOO_STUDY_0509__Sterechinus_neumayeri__Echinoderm__CO2NA__T0.90__NC3,ZOO_COMMON_00883,-0.18345570095181643,0.0034336597751680313,17.06559243943033,3.5
Leung et al. 2022,"Comeau et al., 2016. Coral Reefs",NA,NA,NA,Zooplankton,Meroplankton,Coral larvae,Acropora pulchra,T,10,10,330,27,420,30,Calcification rate,positive,NA,Physiology,1.08,0.23546892043425138,0.66,0.18557748580758157,-0.49247648509779424,0.0127,NA,NA,Yes,NA,NA,NA,,90,3,Comeau_et_al_2016_Coral_Reefs,NA,Acropora_pulchra,Coral_larvae,NA,330,27,10,Comeau_et_al_2016_Coral_Reefs__NA__NA,ZOO_STUDY_0098,ZOO_ES_002402,ZOO_STUDY_0098__Acropora_pulchra__Coral_larvae__CO2330.00__T27.00__NC10,ZOO_COMMON_00169,-0.49247648509779424,0.012659674863586726,8.88768643734627,2.75
Leung et al. 2022,"Cumbo et al., 2013. J Exp Mar Biol Ecol",NA,NA,NA,Zooplankton,Meroplankton,Coral larvae,Pocillopora damicornis,T,4,4,467.5,24,474.8,30.5,Larval respiration rate,ambiguous,NA,Physiology,1.85,0.17792676637442,3.6,0.5131511088189802,0.6657482063718309,0.0285,NA,NA,Yes,NA,NA,NA,,7.300000000000011,6.5,Cumbo_et_al_2013_J_Exp_Mar_Biol_Ecol,NA,Pocillopora_damicornis,Coral_larvae,NA,467.5,24,4,Cumbo_et_al_2013_J_Exp_Mar_Biol_Ecol__NA__NA,ZOO_STUDY_0104,ZOO_ES_002404,ZOO_STUDY_0104__Pocillopora_damicornis__Coral_larvae__CO2467.50__T24.00__NC4,ZOO_COMMON_00181,0.6657482063718309,0.007392039698112543,11.6310213983131,2.75
Leung et al. 2022,"Cumbo et al., 2013. J Exp Mar Biol Ecol",NA,NA,NA,Zooplankton,Meroplankton,Coral larvae,Pocillopora damicornis,T,4,4,467.5,24,474.8,30.5,Protein content,positive,NA,Physiology,56.4285714285714,11.9099378881988,45.9549689440993,8.0900621118014,-0.2053136348253381,9.24e-4,NA,NA,Yes,NA,NA,NA,,7.300000000000011,6.5,Cumbo_et_al_2013_J_Exp_Mar_Biol_Ecol,NA,Pocillopora_damicornis,Coral_larvae,NA,467.5,24,4,Cumbo_et_al_2013_J_Exp_Mar_Biol_Ecol__NA__NA,ZOO_STUDY_0104,ZOO_ES_002408,ZOO_STUDY_0104__Pocillopora_damicornis__Coral_larvae__CO2467.50__T24.00__NC4,ZOO_COMMON_00181,-0.2053136348253381,0.0188846185725924,7.276891361261839,2
Leung et al. 2022,"Cumbo et al., 2013. J Exp Mar Biol Ecol",NA,NA,NA,Zooplankton,Meroplankton,Coral larvae,Pocillopora damicornis,T,4,4,467.5,24,474.8,30.5,Symbiodinium density,ambiguous,NA,Physiology,2.04,0.6,1.89,0.35,-0.0763729787845741,0.0827,NA,NA,Yes,NA,NA,NA,,7.300000000000011,6.5,Cumbo_et_al_2013_J_Exp_Mar_Biol_Ecol,NA,Pocillopora_damicornis,Coral_larvae,NA,467.5,24,4,Cumbo_et_al_2013_J_Exp_Mar_Biol_Ecol__NA__NA,ZOO_STUDY_0104,ZOO_ES_002411,ZOO_STUDY_0104__Pocillopora_damicornis__Coral_larvae__CO2467.50__T24.00__NC4,ZOO_COMMON_00181,-0.0763729787845741,0.030199685780872502,5.754383312610305,2
Hamraj et al. 2021,"Rhyne et al., 2009",2009,NA,https://www.sciencedirect.com/science/article/pii/S0044848609002725,Zooplankton,Holoplankton,Calanoid copepod,Pseudodiaptomus pelagicus,T,6,6,NA,24,NA,32,Survival,ambiguous,NA,Survival,81.3,22.7,66.7,8.9,-0.197941064,0.016,NA,not sure which specific metric was looked into,Yes,NA,NA,NA,,NA,8,Rhyne_et_al_2009,NA,Pseudodiaptomus_pelagicus,Calanoid_copepod,2009,NA,24,6,Rhyne_et_al_2009__2009__NA,ZOO_STUDY_0435,ZOO_ES_002416,ZOO_STUDY_0435__Pseudodiaptomus_pelagicus__Calanoid_copepod__CO2NA__T24.00__NC6,ZOO_COMMON_00747,-0.19794106363218675,0.015960704065941952,7.915420245655066,2.75
Ross et al. 2024,Gibbs et al. 2021a,NA,NA,https://academic.oup.com/icesjms/article/78/6/2017/6306814,Zooplankton,Meroplankton,Mollusca,Saccostrea glomerata,T,3,3,NA,24,NA,28,larval mortality (%) at 9 days of age,negative,NA,Survival,72.48677249,10.08071899,88.35978836,7.33143199,-0.198012887,0.00874,NA,"flip sign because we are looking at mortality, instead of survival",Yes,NA,NA,NA,,NA,4,Gibbs_et_al_2021a,NA,Saccostrea_glomerata,Mollusca,NA,NA,24,3,Gibbs_et_al_2021a__NA__NA,ZOO_STUDY_0181,ZOO_ES_002433,ZOO_STUDY_0181__Saccostrea_glomerata__Mollusca__CO2NA__T24.00__NC3,ZOO_COMMON_00313,0.19801288654649976,0.008741612154776758,10.695577354077454,2.75
Leung et al. 2022,"Doo et al., 2020. Ecol Evol",NA,NA,NA,Zooplankton,Holoplankton,Foraminifer,Marginopora vertebralis,T,10,10,528.6,26,526.9,29,Chl a content,ambiguous,NA,Physiology,0.195,0.06324555320336755,0.21,0.09486832980505139,0.074107972153721835,0.0843,NA,NA,Yes,NA,NA,NA,,-1.7000000000000455,3,Doo_et_al_2020_Ecol_Evol,NA,Marginopora_vertebralis,Foraminifer,NA,528.6,26,10,Doo_et_al_2020_Ecol_Evol__NA__NA,ZOO_STUDY_0124,ZOO_ES_002455,ZOO_STUDY_0124__Marginopora_vertebralis__Foraminifer__CO2528.60__T26.00__NC10,ZOO_COMMON_00215,0.074107972153721835,0.030927558400085868,5.686266135141138,2
Leung et al. 2022,"Doo et al., 2020. Ecol Evol",NA,NA,NA,Zooplankton,Holoplankton,Foraminifer,Marginopora vertebralis,T,10,10,528.6,26,526.9,29,Maximum photochemical efficiency,positive,NA,Physiology,0.71,0.006324555320336759,0.71,0.0031622776601683794,0,0.174903207,NA,NA,Yes,NA,NA,NA,,-1.7000000000000455,3,Doo_et_al_2020_Ecol_Evol,NA,Marginopora_vertebralis,Foraminifer,NA,528.6,26,10,Doo_et_al_2020_Ecol_Evol__NA__NA,ZOO_STUDY_0124,ZOO_ES_002461,ZOO_STUDY_0124__Marginopora_vertebralis__Foraminifer__CO2528.60__T26.00__NC10,ZOO_COMMON_00215,0,9.918666931164451e-6,317.52165280497013,4.25
Leung et al. 2022,"Doo et al., 2020. Ecol Evol",NA,NA,NA,Zooplankton,Holoplankton,Foraminifer,Marginopora vertebralis,T,10,10,528.6,26,526.9,29,Net photosynthetic rate,positive,NA,Physiology,0.12,0.158113883008419,0.04,0.0632455532033676,-1.0986122886681096,0.118701495,NA,NA,Yes,NA,NA,NA,,-1.7000000000000455,3,Doo_et_al_2020_Ecol_Evol,NA,Marginopora_vertebralis,Foraminifer,NA,528.6,26,10,Doo_et_al_2020_Ecol_Evol__NA__NA,ZOO_STUDY_0124,ZOO_ES_002463,ZOO_STUDY_0124__Marginopora_vertebralis__Foraminifer__CO2528.60__T26.00__NC10,ZOO_COMMON_00215,-1.0986122886681096,0.42361111111111127,1.5364425591947515,2.5
Leung et al. 2022,"Doo et al., 2020. Ecol Evol",NA,NA,NA,Zooplankton,Holoplankton,Foraminifer,Marginopora vertebralis,T,10,10,528.6,26,526.9,29,Respiration rate,ambiguous,NA,Physiology,0.095,0.06324555320336755,0.05,0.0316227766016838,-0.6418538861723948,9.81e-6,NA,NA,Yes,NA,NA,NA,,-1.7000000000000455,3,Doo_et_al_2020_Ecol_Evol,NA,Marginopora_vertebralis,Foraminifer,NA,528.6,26,10,Doo_et_al_2020_Ecol_Evol__NA__NA,ZOO_STUDY_0124,ZOO_ES_002467,ZOO_STUDY_0124__Marginopora_vertebralis__Foraminifer__CO2528.60__T26.00__NC10,ZOO_COMMON_00215,-0.6418538861723948,0.08432132963988914,3.443747309573466,2.5
Ross et al. 2024,Gibbs et al. 2021a,NA,NA,https://academic.oup.com/icesjms/article/78/6/2017/6306814,Zooplankton,Meroplankton,Mollusca,Saccostrea glomerata,T,3,3,NA,24,NA,28,larval mortality (%) at 9 days of age,negative,NA,Survival,58.73015873,10.99714798,72.13930348,6.893734557,-0.205645648,0.0147,NA,"flip sign because we are looking at mortality, instead of survival",Yes,NA,NA,NA,,NA,4,Gibbs_et_al_2021a,NA,Saccostrea_glomerata,Mollusca,NA,NA,24,3,Gibbs_et_al_2021a__NA__NA,ZOO_STUDY_0181,ZOO_ES_002470,ZOO_STUDY_0181__Saccostrea_glomerata__Mollusca__CO2NA__T24.00__NC3,ZOO_COMMON_00313,0.2056456480756474,0.014731358272620763,8.239077804458539,2.75
Leung et al. 2022,"Dorey et al., 2013. Mar Biol",NA,NA,NA,Zooplankton,Meroplankton,Cuttlefish larvae,Sepia officinalis,T,5,5,376,16,370,19,Body dry weight (Embryo),positive,NA,Growth,33,0.714286,27,1.688312,-0.0346,2.39e-6,NA,NA,Yes,NA,NA,NA,,-6,3,Dorey_et_al_2013_Mar_Biol,NA,Sepia_officinalis,Cuttlefish_larvae,NA,376,16,5,Dorey_et_al_2013_Mar_Biol__NA__NA,ZOO_STUDY_0128,ZOO_ES_002482,ZOO_STUDY_0128__Sepia_officinalis__Cuttlefish_larvae__CO2376.00__T16.00__NC5,ZOO_COMMON_00225,-0.2006706954621511,8.757035001056582e-4,33.792588296017826,3.5
Leung et al. 2022,"Dorey et al., 2013. Mar Biol",NA,NA,NA,Zooplankton,Meroplankton,Cuttlefish larvae,Sepia officinalis,T,9,9,376,16,370,19,Ca content (Embryo),positive,NA,Physiology,17.2,1.8,12,0.7393,-0.36000273403140703,0.00128,NA,NA,Yes,NA,NA,NA,,-6,3,Dorey_et_al_2013_Mar_Biol,NA,Sepia_officinalis,Cuttlefish_larvae,NA,376,16,9,Dorey_et_al_2013_Mar_Biol__NA__NA,ZOO_STUDY_0128,ZOO_ES_002487,ZOO_STUDY_0128__Sepia_officinalis__Cuttlefish_larvae__CO2376.00__T16.00__NC9,ZOO_COMMON_00226,-0.36000273403140703,0.0016386058455062462,24.703742402850864,3.5
Leung et al. 2022,"Dorey et al., 2013. Mar Biol",NA,NA,NA,Zooplankton,Meroplankton,Cuttlefish larvae,Sepia officinalis,T,5,5,376,16,370,19,Cuttlebone weight (Embryo),positive,NA,Growth,1.2,0.077075,3,0.627273,-0.200670695,8.76e-4,NA,NA,Yes,NA,NA,NA,,-6,3,Dorey_et_al_2013_Mar_Biol,NA,Sepia_officinalis,Cuttlefish_larvae,NA,376,16,5,Dorey_et_al_2013_Mar_Biol__NA__NA,ZOO_STUDY_0128,ZOO_ES_002488,ZOO_STUDY_0128__Sepia_officinalis__Cuttlefish_larvae__CO2376.00__T16.00__NC5,ZOO_COMMON_00225,0.9162907318741551,0.009568886426338888,10.222786717844254,2.75
Leung et al. 2022,"Dorey et al., 2013. Mar Biol",NA,NA,NA,Zooplankton,Meroplankton,Cuttlefish larvae,Sepia officinalis,T,10,10,376,16,370,19,Egg fresh weight,positive,NA,Growth,1.52,0.024496,2.32,0.097011,0.0135,2.46e-6,NA,NA,Yes,NA,NA,NA,,-6,3,Dorey_et_al_2013_Mar_Biol,NA,Sepia_officinalis,Cuttlefish_larvae,NA,376,16,10,Dorey_et_al_2013_Mar_Biol__NA__NA,ZOO_STUDY_0128,ZOO_ES_002491,ZOO_STUDY_0128__Sepia_officinalis__Cuttlefish_larvae__CO2376.00__T16.00__NC10,ZOO_COMMON_00224,0.4228568508200335,2.008220104850301e-4,70.56581222379535,4.25
Leung et al. 2022,"Dorey et al., 2013. Mar Biol",NA,NA,NA,Zooplankton,Meroplankton,Cuttlefish larvae,Sepia officinalis,T,10,10,376,16,370,19,Perivitelline fluid pH,ambiguous,NA,Physiology,7.35,0.023837,7.45,0.028,0.013513719166722855,2.01e-4,NA,NA,Yes,NA,NA,NA,,-6,3,Dorey_et_al_2013_Mar_Biol,NA,Sepia_officinalis,Cuttlefish_larvae,NA,376,16,10,Dorey_et_al_2013_Mar_Biol__NA__NA,ZOO_STUDY_0128,ZOO_ES_002494,ZOO_STUDY_0128__Sepia_officinalis__Cuttlefish_larvae__CO2376.00__T16.00__NC10,ZOO_COMMON_00224,0.013513719166722855,2.464337718603649e-6,637.0153357745786,4.25
Lang et al. 2023,Suckling et al. 2015,2015,NA,NA,Zooplankton,Meroplankton,Echinoderm,Sterechinus neumayeri,T,8,8,NA,-0.3,NA,1.8,Survival (%),positive,NA,Survival,72.49,11.14,58.54,14.34,-0.2137,0.010455,NA,NA,Yes,NA,NA,NA,,NA,2.1,Suckling_et_al_2015,NA,Sterechinus_neumayeri,Echinoderm,2015,NA,-0.3,8,Suckling_et_al_2015__2015__NA,ZOO_STUDY_0485,ZOO_ES_002502,ZOO_STUDY_0485__Sterechinus_neumayeri__Echinoderm__CO2NA__T-0.30__NC8,ZOO_COMMON_00834,-0.21373834004904652,0.010452772023309827,9.781022563534933,2.75
Lang et al. 2023,Li et al. 2011,2011,NA,NA,Zooplankton,Meroplankton,Echinoderm,Apostichopus japonicus,T,30,30,NA,21,NA,27,Survival day 3 pre-feeding (%),positive,NA,Survival,95.9,2.19,77.3,14.79,-0.21560000000000001,0.0012374,NA,NA,Yes,NA,NA,NA,,NA,6,Li_et_al_2011,NA,Apostichopus_japonicus,Echinoderm,2011,NA,21,30,Li_et_al_2011__2011__NA,ZOO_STUDY_0308,ZOO_ES_002505,ZOO_STUDY_0308__Apostichopus_japonicus__Echinoderm__CO2NA__T21.00__NC30,ZOO_COMMON_00534,-0.2156120262960164,0.001237653681945084,28.42499722186114,3.5
Leung et al. 2022,"Foo et al., 2016. Mar Biol",NA,NA,NA,Zooplankton,Meroplankton,Urchin larvae,Sterechinus neumayeri,T,3,3,442,-1,527.6,2,Embryo cleavage success,positive,NA,Development,88,4.55312,81.5,10.25002,-0.07673379423138944,0.00572,NA,NA,Yes,NA,NA,NA,,85.60000000000002,3,Foo_et_al_2016_Mar_Biol,NA,Sterechinus_neumayeri,Urchin_larvae,NA,442,-1,3,Foo_et_al_2016_Mar_Biol__NA__NA,ZOO_STUDY_0153,ZOO_ES_002559,ZOO_STUDY_0153__Sterechinus_neumayeri__Urchin_larvae__CO2442.00__T-1.00__NC3,ZOO_COMMON_00258,-0.07673379423138944,0.006164798402975898,12.736220238825448,2.75
Leung et al. 2022,"Foo et al., 2016. Mar Biol",NA,NA,NA,Zooplankton,Meroplankton,Urchin larvae,Sterechinus neumayeri,T,3,3,442,-1,527.6,2,Normal blastulae,positive,NA,Development,84,5.809859,80,8.714789,-0.048790164169432056,0.00622,NA,NA,Yes,NA,NA,NA,,85.60000000000002,3,Foo_et_al_2016_Mar_Biol,NA,Sterechinus_neumayeri,Urchin_larvae,NA,442,-1,3,Foo_et_al_2016_Mar_Biol__NA__NA,ZOO_STUDY_0153,ZOO_ES_002562,ZOO_STUDY_0153__Sterechinus_neumayeri__Urchin_larvae__CO2442.00__T-1.00__NC3,ZOO_COMMON_00258,-0.048790164169432056,0.005550199948702778,13.422879314808952,2.75
Ross et al. 2024,Gibbs et al. 2021c,2021,Energetic lipid responses of larval oysters to ocean acidification,https://www.sciencedirect.com/science/article/abs/pii/S0025326X21004756,Zooplankton,Meroplankton,Mollusca,Saccostrea glomerata,T,3,3,NA,24,NA,28,Larval mortality at 9 days,negative,NA,Survival,78.31325301,13.21645195,100,0.001,-0.244453338,0.00949,NA,"flip sign because we are looking at mortality, instead of survival",Yes,NA,NA,NA,,NA,4,Gibbs_et_al_2021c,Energetic_lipid_responses_of_larval_oysters_to_ocean_acidification,Saccostrea_glomerata,Mollusca,2021,NA,24,3,Gibbs_et_al_2021c__2021__Energetic_lipid_responses_of_larval_oysters_to_ocean_acidification,ZOO_STUDY_0183,ZOO_ES_002586,ZOO_STUDY_0183__Saccostrea_glomerata__Mollusca__CO2NA__T24.00__NC3,ZOO_COMMON_00317,0.2444533379271147,0.00949375414971421,10.263157872804916,2.75
Leung et al. 2022,"García et al., 2015. Mar Environ Res",NA,NA,NA,Zooplankton,Meroplankton,Urchin larvae,Paracentrotus lividus,T,3,3,310.6,19,313.6,22.5,Body length,positive,NA,Growth,0.68,0.05999999999999994,0.7,0.07,-0.176456437,0.00306,NA,NA,Yes,NA,NA,NA,,3,3.5,Garc_a_et_al_2015_Mar_Environ_Res,NA,Paracentrotus_lividus,Urchin_larvae,NA,310.6,19,3,Garc_a_et_al_2015_Mar_Environ_Res__NA__NA,ZOO_STUDY_0164,ZOO_ES_002589,ZOO_STUDY_0164__Paracentrotus_lividus__Urchin_larvae__CO2310.60__T19.00__NC3,ZOO_COMMON_00278,0.028987536873252187,0.005928489042675889,12.987572629308241,2.75
Leung et al. 2022,"García et al., 2015. Mar Environ Res",NA,NA,NA,Zooplankton,Meroplankton,Urchin larvae,Paracentrotus lividus,T,3,3,310.6,19,313.6,22.5,Larval settlement,ambiguous,NA,Development,6,2,4,2,-0.40546510810816444,NA,NA,NA,Yes,NA,NA,NA,,3,3.5,Garc_a_et_al_2015_Mar_Environ_Res,NA,Paracentrotus_lividus,Urchin_larvae,NA,310.6,19,3,Garc_a_et_al_2015_Mar_Environ_Res__NA__NA,ZOO_STUDY_0164,ZOO_ES_002595,ZOO_STUDY_0164__Paracentrotus_lividus__Urchin_larvae__CO2310.60__T19.00__NC3,ZOO_COMMON_00278,-0.40546510810816444,0.12037037037037036,2.8823067684915684,2.5
Leung et al. 2022,"García et al., 2015. Mar Environ Res",NA,NA,NA,Zooplankton,Meroplankton,Urchin larvae,Paracentrotus lividus,T,3,3,310.6,19,313.6,22.5,Postoral arm length,positive,NA,Growth,0.69,0.07,0.72,0.06,-0.405465108,0.12037037,NA,NA,Yes,NA,NA,NA,,3,3.5,Garc_a_et_al_2015_Mar_Environ_Res,NA,Paracentrotus_lividus,Urchin_larvae,NA,310.6,19,3,Garc_a_et_al_2015_Mar_Environ_Res__NA__NA,ZOO_STUDY_0164,ZOO_ES_002599,ZOO_STUDY_0164__Paracentrotus_lividus__Urchin_larvae__CO2310.60__T19.00__NC3,ZOO_COMMON_00278,0.0425596144187959,0.005745466638661347,13.192811169918183,2.75
Leung et al. 2022,"García et al., 2015. Mar Environ Res",NA,NA,NA,Zooplankton,Meroplankton,Urchin larvae,Paracentrotus lividus,T,3,3,310.6,19,313.6,22.5,Stomach volume,positive,NA,Growth,0.135,0.014999999999999986,0.23,0.02,-1.791759469,16.66666667,NA,NA,Yes,NA,NA,NA,,3,3.5,Garc_a_et_al_2015_Mar_Environ_Res,NA,Paracentrotus_lividus,Urchin_larvae,NA,310.6,19,3,Garc_a_et_al_2015_Mar_Environ_Res__NA__NA,ZOO_STUDY_0164,ZOO_ES_002606,ZOO_STUDY_0164__Paracentrotus_lividus__Urchin_larvae__CO2310.60__T19.00__NC3,ZOO_COMMON_00278,0.532804530484766,0.006635705228437839,12.275988056637475,2.75
Hamraj et al. 2021,"Karlsson et al., 2018",2018,NA,https://www.researchgate.net/publication/322580319_Life-history_responses_to_changing_temperature_and_salinity_of_the_Baltic_Sea_copepod_Eurytemora_affinis,Zooplankton,Holoplankton,Calanoid copepod,Eurytemora affinis,T,5,10,NA,15,NA,20,Survival,ambiguous,NA,Survival,79.008224,10.542186,61.337143,13.957847,-0.253166367,0.00874,NA,not sure which specific metric was looked into,Yes,NA,NA,NA,,NA,5,Karlsson_et_al_2018,NA,Eurytemora_affinis,Calanoid_copepod,2018,NA,15,5,Karlsson_et_al_2018__2018__NA,ZOO_STUDY_0262,ZOO_ES_002610,ZOO_STUDY_0262__Eurytemora_affinis__Calanoid_copepod__CO2NA__T15.00__NC5,ZOO_COMMON_00452,-0.2531663671723755,0.00873912382648687,10.697099944557781,2.75
Hamraj et al. 2021,"Rhyne et al., 2009",2009,NA,https://www.sciencedirect.com/science/article/pii/S0044848609002725,Zooplankton,Holoplankton,Calanoid copepod,Pseudodiaptomus pelagicus,T,6,6,NA,24,NA,34,Survival,ambiguous,NA,Survival,81.3,22.7,62.5,10,-0.26297946,0.0173,NA,not sure which specific metric was looked into,Yes,NA,NA,NA,,NA,10,Rhyne_et_al_2009,NA,Pseudodiaptomus_pelagicus,Calanoid_copepod,2009,NA,24,6,Rhyne_et_al_2009__2009__NA,ZOO_STUDY_0435,ZOO_ES_002613,ZOO_STUDY_0435__Pseudodiaptomus_pelagicus__Calanoid_copepod__CO2NA__T24.00__NC6,ZOO_COMMON_00747,-0.2629794598114091,0.01725996388131163,7.611671880718085,2
Hamraj et al. 2021,"Mathews et al., 2018",2018,NA,https://pubmed.ncbi.nlm.nih.gov/29948318/,Zooplankton,Holoplankton,Calanoid copepod,Parvocalanus crassirostris,T,3,3,NA,24,NA,32,Survival,ambiguous,NA,Survival,100,0.743482809,75.03708,7.870473511,-0.287187795,0.00369,NA,not sure which specific metric was looked into,Yes,NA,NA,NA,,NA,8,Mathews_et_al_2018,NA,Parvocalanus_crassirostris,Calanoid_copepod,2018,NA,24,3,Mathews_et_al_2018__2018__NA,ZOO_STUDY_0338,ZOO_ES_002622,ZOO_STUDY_0338__Parvocalanus_crassirostris__Calanoid_copepod__CO2NA__T24.00__NC3,ZOO_COMMON_00592,-0.28718779462719357,0.0036855750735359546,16.472039270269075,3.5
Ross et al. 2024,Gibbs et al. 2021c,2021,Energetic lipid responses of larval oysters to ocean acidification,https://www.sciencedirect.com/science/article/abs/pii/S0025326X21004756,Zooplankton,Meroplankton,Mollusca,Saccostrea glomerata,T,3,3,NA,24,NA,28,Larval mortality at 9 days,negative,NA,Survival,65.26104418,14.60765741,88.95582329,1e-4,-0.309744588,0.0167,NA,"flip sign because we are looking at mortality, instead of survival",Yes,NA,NA,NA,,NA,4,Gibbs_et_al_2021c,Energetic_lipid_responses_of_larval_oysters_to_ocean_acidification,Saccostrea_glomerata,Mollusca,2021,NA,24,3,Gibbs_et_al_2021c__2021__Energetic_lipid_responses_of_larval_oysters_to_ocean_acidification,ZOO_STUDY_0183,ZOO_ES_002630,ZOO_STUDY_0183__Saccostrea_glomerata__Mollusca__CO2NA__T24.00__NC3,ZOO_COMMON_00317,0.3097445876292707,0.016700591707323107,7.738095240099942,2.75
Hamraj et al. 2021,"Garzke et al., 2015",2015,NA,https://www.jstor.org/stable/43671921,Zooplankton,Holoplankton,Calanoid copepod,Acartia sp,T,7,7,NA,13.5,NA,17.5,Survival,ambiguous,NA,Survival,17.13,8.73,12.51,6.82,-0.314302988,0.0796,NA,not sure which specific metric was looked into,Yes,NA,NA,NA,,NA,4,Garzke_et_al_2015,NA,Acartia_sp,Calanoid_copepod,2015,NA,13.5,7,Garzke_et_al_2015__2015__NA,ZOO_STUDY_0174,ZOO_ES_002633,ZOO_STUDY_0174__Acartia_sp__Calanoid_copepod__CO2NA__T13.50__NC7,ZOO_COMMON_00305,-0.3143029878572088,0.07956123540998344,3.545269389679966,2.5
Leung et al. 2022,"García et al., 2018. Mar Environ Res",NA,NA,NA,Zooplankton,Meroplankton,Urchin larvae,Paracentrotus lividus,T,3,3,899.1,19,1033.6,23,Larval density,ambiguous,NA,Survival,240,9,175,7,-0.3158529494184773,0.00481,NA,NA,Yes,NA,NA,NA,,134.4999999999999,4,Garc_a_et_al_2018_Mar_Environ_Res,NA,Paracentrotus_lividus,Urchin_larvae,NA,899.1,19,3,Garc_a_et_al_2018_Mar_Environ_Res__NA__NA,ZOO_STUDY_0165,ZOO_ES_002634,ZOO_STUDY_0165__Paracentrotus_lividus__Urchin_larvae__CO2899.10__T19.00__NC3,ZOO_COMMON_00283,-0.3158529494184773,0.0010020833333333333,31.589887589559385,3.5
Leung et al. 2022,"García et al., 2018. Mar Environ Res",NA,NA,NA,Zooplankton,Meroplankton,Urchin larvae,Diadema africanum,T,3,3,456.4,19,580.6,25,Fertilized eggs,positive,NA,Reproduction,15,1,19.5,1,0.26236426446749106,0.00158,NA,NA,Yes,NA,NA,NA,,124.20000000000005,6,Garc_a_et_al_2018_Mar_Environ_Res,NA,Diadema_africanum,Urchin_larvae,NA,456.4,19,3,Garc_a_et_al_2018_Mar_Environ_Res__NA__NA,ZOO_STUDY_0165,ZOO_ES_002637,ZOO_STUDY_0165__Diadema_africanum__Urchin_larvae__CO2456.40__T19.00__NC3,ZOO_COMMON_00281,0.26236426446749106,0.002358097742713127,20.592975306406313,3.5
Leung et al. 2022,"García et al., 2018. Mar Environ Res",NA,NA,NA,Zooplankton,Meroplankton,Urchin larvae,Diadema africanum,T,3,3,456.4,19,511.8,21,Fertilized eggs,positive,NA,Reproduction,15,1,16,1.5,0.06453852113757116,7.65e-4,NA,NA,Yes,NA,NA,NA,,55.400000000000034,2,Garc_a_et_al_2018_Mar_Environ_Res,NA,Diadema_africanum,Urchin_larvae,NA,456.4,19,3,Garc_a_et_al_2018_Mar_Environ_Res__NA__NA,ZOO_STUDY_0165,ZOO_ES_002640,ZOO_STUDY_0165__Diadema_africanum__Urchin_larvae__CO2456.40__T19.00__NC3,ZOO_COMMON_00281,0.06453852113757116,0.004411168981481481,15.056469632553267,2.75
Leung et al. 2022,"García et al., 2018. Mar Environ Res",NA,NA,NA,Zooplankton,Meroplankton,Urchin larvae,Diadema africanum,T,3,3,456.4,19,574,23,Fertilized eggs,positive,NA,Reproduction,15,1,16,1,0.06453852113757116,9.82e-4,NA,NA,Yes,NA,NA,NA,,117.60000000000002,4,Garc_a_et_al_2018_Mar_Environ_Res,NA,Diadema_africanum,Urchin_larvae,NA,456.4,19,3,Garc_a_et_al_2018_Mar_Environ_Res__NA__NA,ZOO_STUDY_0165,ZOO_ES_002641,ZOO_STUDY_0165__Diadema_africanum__Urchin_larvae__CO2456.40__T19.00__NC3,ZOO_COMMON_00281,0.06453852113757116,0.0027835648148148147,18.95393255373563,3.5
Leung et al. 2022,"García et al., 2018. Mar Environ Res",NA,NA,NA,Zooplankton,Meroplankton,Urchin larvae,Arbacia lixula,T,3,3,394.4,19,540.6,23,Fertilized eggs,positive,NA,Reproduction,94,4,98,4,0.04167269640056808,8.51e-4,NA,NA,Yes,NA,NA,NA,,146.20000000000005,4,Garc_a_et_al_2018_Mar_Environ_Res,NA,Arbacia_lixula,Urchin_larvae,NA,394.4,19,3,Garc_a_et_al_2018_Mar_Environ_Res__NA__NA,ZOO_STUDY_0165,ZOO_ES_002642,ZOO_STUDY_0165__Arbacia_lixula__Urchin_larvae__CO2394.40__T19.00__NC3,ZOO_COMMON_00279,0.04167269640056808,0.0011589155391279488,29.374745118200075,3.5
Leung et al. 2022,"García et al., 2018. Mar Environ Res",NA,NA,NA,Zooplankton,Meroplankton,Urchin larvae,Sphaerechinus granularis,T,3,3,489,19,466.8,21,Fertilized eggs,positive,NA,Reproduction,99,4,98,5,-0.010152371464017962,3.4e-7,NA,NA,Yes,NA,NA,NA,,-22.19999999999999,2,Garc_a_et_al_2018_Mar_Environ_Res,NA,Sphaerechinus_granularis,Urchin_larvae,NA,489,19,3,Garc_a_et_al_2018_Mar_Environ_Res__NA__NA,ZOO_STUDY_0165,ZOO_ES_002653,ZOO_STUDY_0165__Sphaerechinus_granularis__Urchin_larvae__CO2489.00__T19.00__NC3,ZOO_COMMON_00285,-0.010152371464017962,0.0014118561767058396,26.613670210841924,3.5
Leung et al. 2022,"García et al., 2018. Mar Environ Res",NA,NA,NA,Zooplankton,Meroplankton,Urchin larvae,Arbacia lixula,T,3,3,394.4,19,560.6,25,Fertilized eggs,positive,NA,Reproduction,94,4,92,3.5,-0.02150620522096362,0.024,NA,NA,Yes,NA,NA,NA,,166.20000000000005,6,Garc_a_et_al_2018_Mar_Environ_Res,NA,Arbacia_lixula,Urchin_larvae,NA,394.4,19,3,Garc_a_et_al_2018_Mar_Environ_Res__NA__NA,ZOO_STUDY_0165,ZOO_ES_002655,ZOO_STUDY_0165__Arbacia_lixula__Urchin_larvae__CO2394.40__T19.00__NC3,ZOO_COMMON_00279,-0.02150620522096362,0.001086026781371847,30.34448229801222,3.5
Leung et al. 2022,"García et al., 2018. Mar Environ Res",NA,NA,NA,Zooplankton,Meroplankton,Urchin larvae,Arbacia lixula,T,3,3,394.4,19,448.2,21,Fertilized eggs,positive,NA,Reproduction,94,4,84,4,-0.11247798342669033,8.13e-4,NA,NA,Yes,NA,NA,NA,,53.80000000000001,2,Garc_a_et_al_2018_Mar_Environ_Res,NA,Arbacia_lixula,Urchin_larvae,NA,394.4,19,3,Garc_a_et_al_2018_Mar_Environ_Res__NA__NA,ZOO_STUDY_0165,ZOO_ES_002664,ZOO_STUDY_0165__Arbacia_lixula__Urchin_larvae__CO2394.40__T19.00__NC3,ZOO_COMMON_00279,-0.11247798342669033,0.00135944926735847,27.12179927609554,3.5
Leung et al. 2022,"García et al., 2018. Mar Environ Res",NA,NA,NA,Zooplankton,Meroplankton,Urchin larvae,Sphaerechinus granularis,T,3,3,489,19,518.1,23,Fertilized eggs,positive,NA,Reproduction,99,4,64,4,-0.43623676677491796,5.15e-5,NA,NA,Yes,NA,NA,NA,,29.100000000000023,4,Garc_a_et_al_2018_Mar_Environ_Res,NA,Sphaerechinus_granularis,Urchin_larvae,NA,489,19,3,Garc_a_et_al_2018_Mar_Environ_Res__NA__NA,ZOO_STUDY_0165,ZOO_ES_002669,ZOO_STUDY_0165__Sphaerechinus_granularis__Urchin_larvae__CO2489.00__T19.00__NC3,ZOO_COMMON_00285,-0.43623676677491796,0.0018462454936571098,23.273155745825107,3.5
Leung et al. 2022,"García et al., 2018. Mar Environ Res",NA,NA,NA,Zooplankton,Meroplankton,Urchin larvae,Sphaerechinus granularis,T,3,3,489,19,592.8,25,Fertilized eggs,positive,NA,Reproduction,99,4,23.5,6.5,-1.4381194289844765,0,NA,NA,Yes,NA,NA,NA,,103.79999999999995,6,Garc_a_et_al_2018_Mar_Environ_Res,NA,Sphaerechinus_granularis,Urchin_larvae,NA,489,19,3,Garc_a_et_al_2018_Mar_Environ_Res__NA__NA,ZOO_STUDY_0165,ZOO_ES_002672,ZOO_STUDY_0165__Sphaerechinus_granularis__Urchin_larvae__CO2489.00__T19.00__NC3,ZOO_COMMON_00285,-1.4381194289844765,0.026045897485508625,6.196270040689607,2
Leung et al. 2022,"Gardner et al., 2018. Mar Biol",NA,NA,NA,Zooplankton,Holoplankton,Pteropod,Limacina helicina antarctica,T,14,13,342,1.7,343,3.5,Shell size,positive,NA,Growth,113,5.7270266124090945,104.5,6.43848442047141,-0.0782,4.75e-4,NA,NA,Yes,NA,NA,NA,,1,1.8,Gardner_et_al_2018_Mar_Biol,NA,Limacina_helicina_antarctica,Pteropod,NA,342,1.7,14,Gardner_et_al_2018_Mar_Biol__NA__NA,ZOO_STUDY_0168,ZOO_ES_002683,ZOO_STUDY_0168__Limacina_helicina_antarctica__Pteropod__CO2342.00__T1.70__NC14,ZOO_COMMON_00294,-0.07820074730747488,4.754792808470968e-4,45.86001594715718,4.25
Leung et al. 2022,"Rosa et al., 2013. Proc R Soc B",NA,NA,NA,Zooplankton,Meroplankton,Cuttlefish larvae,Sepia officinalis,T,3,3,400,18,424.5,22,Survival of embryos,positive,NA,Survival,92,7.6261723983917,64,17.976775346136698,-0.3629054936893685,1.2e-5,NA,NA,Yes,NA,NA,NA,,24.5,4,Rosa_et_al_2013_Proc_R_Soc_B,NA,Sepia_officinalis,Cuttlefish_larvae,NA,400,18,3,Rosa_et_al_2013_Proc_R_Soc_B__NA__NA,ZOO_STUDY_0442,ZOO_ES_002721,ZOO_STUDY_0442__Sepia_officinalis__Cuttlefish_larvae__CO2400.00__T18.00__NC3,ZOO_COMMON_00764,-0.3629054936893685,0.02858961675020837,5.914197634121106,2
Ross et al. 2024,Gibbs et al. 2021c,2021,Energetic lipid responses of larval oysters to ocean acidification,https://www.sciencedirect.com/science/article/abs/pii/S0025326X21004756,Zooplankton,Meroplankton,Mollusca,Saccostrea glomerata,T,3,3,NA,24,NA,28,Larval mortality at 9 days,negative,NA,Survival,45.58232932,10.78184238,66.46586345,2.086808202,-0.377168358,0.019,NA,"flip sign because we are looking at mortality, instead of survival",Yes,NA,NA,NA,,NA,4,Gibbs_et_al_2021c,Energetic_lipid_responses_of_larval_oysters_to_ocean_acidification,Saccostrea_glomerata,Mollusca,2021,NA,24,3,Gibbs_et_al_2021c__2021__Energetic_lipid_responses_of_larval_oysters_to_ocean_acidification,ZOO_STUDY_0183,ZOO_ES_002728,ZOO_STUDY_0183__Saccostrea_glomerata__Mollusca__CO2NA__T24.00__NC3,ZOO_COMMON_00317,0.3771683577783465,0.018978276492846738,7.258913399944948,2
Ross et al. 2024,Gibbs et al. 2021c,2021,Energetic lipid responses of larval oysters to ocean acidification,https://www.sciencedirect.com/science/article/abs/pii/S0025326X21004756,Zooplankton,Meroplankton,Mollusca,Saccostrea glomerata,T,3,3,NA,24,NA,28,Larval mortality at 9 days,negative,NA,Survival,68.07228916,16.69446562,100,0.001,-0.38459997,0.02,NA,"flip sign because we are looking at mortality, instead of survival",Yes,NA,NA,NA,,NA,4,Gibbs_et_al_2021c,Energetic_lipid_responses_of_larval_oysters_to_ocean_acidification,Saccostrea_glomerata,Mollusca,2021,NA,24,3,Gibbs_et_al_2021c__2021__Energetic_lipid_responses_of_larval_oysters_to_ocean_acidification,ZOO_STUDY_0183,ZOO_ES_002729,ZOO_STUDY_0183__Saccostrea_glomerata__Mollusca__CO2NA__T24.00__NC3,ZOO_COMMON_00317,0.3845999695946452,0.020048555137432176,7.062499992415104,2
Ross et al. 2024,Gibbs et al. 2021c,2021,Energetic lipid responses of larval oysters to ocean acidification,https://www.sciencedirect.com/science/article/abs/pii/S0025326X21004756,Zooplankton,Meroplankton,Mollusca,Saccostrea glomerata,T,3,3,NA,24,NA,28,Larval mortality at 9 days,negative,NA,Survival,60.04016064,14.60765741,90.36144578,3.825815037,-0.408804009,0.0203,NA,"flip sign because we are looking at mortality, instead of survival",Yes,NA,NA,NA,,NA,4,Gibbs_et_al_2021c,Energetic_lipid_responses_of_larval_oysters_to_ocean_acidification,Saccostrea_glomerata,Mollusca,2021,NA,24,3,Gibbs_et_al_2021c__2021__Energetic_lipid_responses_of_larval_oysters_to_ocean_acidification,ZOO_STUDY_0183,ZOO_ES_002780,ZOO_STUDY_0183__Saccostrea_glomerata__Mollusca__CO2NA__T24.00__NC3,ZOO_COMMON_00317,0.4088040093818216,0.020328853773112353,7.013641350216806,2
Leung et al. 2022,"Harney et al., 2016. J Proteom",NA,NA,NA,Zooplankton,Meroplankton,Oyster larvae,Crassostrea gigas,T,3,3,376,20,351.5,22,ATP-synthase expression,ambiguous,NA,Physiology,24.25,0.052661,24.9,0.552317,0.026451186087169634,8.82e-5,NA,NA,Yes,NA,NA,NA,,-24.5,2,Harney_et_al_2016_J_Proteom,NA,Crassostrea_gigas,Oyster_larvae,NA,376,20,3,Harney_et_al_2016_J_Proteom__NA__NA,ZOO_STUDY_0210,ZOO_ES_002787,ZOO_STUDY_0210__Crassostrea_gigas__Oyster_larvae__CO2376.00__T20.00__NC3,ZOO_COMMON_00377,0.026451186087169634,1.655768494064243e-4,77.71416636291178,4.25
Leung et al. 2022,"Harney et al., 2016. J Proteom",NA,NA,NA,Zooplankton,Meroplankton,Oyster larvae,Crassostrea gigas,T,3,3,376,20,351.5,22,Birefringence (calcification),positive,NA,Physiology,100,6.933983,110,7.121388,0.09531017980432493,5.96e-5,NA,NA,Yes,NA,NA,NA,,-24.5,2,Harney_et_al_2016_J_Proteom,NA,Crassostrea_gigas,Oyster_larvae,NA,376,20,3,Harney_et_al_2016_J_Proteom__NA__NA,ZOO_STUDY_0210,ZOO_ES_002789,ZOO_STUDY_0210__Crassostrea_gigas__Oyster_larvae__CO2376.00__T20.00__NC3,ZOO_COMMON_00377,0.09531017980432493,0.0029997551664499634,18.258163633876897,3.5
Leung et al. 2022,"Harney et al., 2016. J Proteom",NA,NA,NA,Zooplankton,Meroplankton,Oyster larvae,Crassostrea gigas,T,3,3,376,20,351.5,22,Larval size,positive,NA,Growth,4000,233.7746,4100,257.7925,0.0296,0.00516,NA,NA,Yes,NA,NA,NA,,-24.5,2,Harney_et_al_2016_J_Proteom,NA,Crassostrea_gigas,Oyster_larvae,NA,376,20,3,Harney_et_al_2016_J_Proteom__NA__NA,ZOO_STUDY_0210,ZOO_ES_002793,ZOO_STUDY_0210__Crassostrea_gigas__Oyster_larvae__CO2376.00__T20.00__NC3,ZOO_COMMON_00377,0.024692612590371414,0.0024563597351560823,20.17688018720148,3.5
Leung et al. 2022,"Harney et al., 2016. J Proteom",NA,NA,NA,Zooplankton,Meroplankton,Oyster larvae,Crassostrea gigas,T,3,3,376,20,351.5,22,Shell matrix protein expression,ambiguous,NA,Physiology,22.75,0.25966,22.53,0.132997,-0.009717390952806342,0.00286,NA,NA,Yes,NA,NA,NA,,-24.5,2,Harney_et_al_2016_J_Proteom,NA,Crassostrea_gigas,Oyster_larvae,NA,376,20,3,Harney_et_al_2016_J_Proteom__NA__NA,ZOO_STUDY_0210,ZOO_ES_002796,ZOO_STUDY_0210__Crassostrea_gigas__Oyster_larvae__CO2376.00__T20.00__NC3,ZOO_COMMON_00377,-0.009717390952806342,5.5039179626044324e-5,134.79197104857977,4.25
Leung et al. 2022,"Harney et al., 2016. J Proteom",NA,NA,NA,Zooplankton,Meroplankton,Oyster larvae,Crassostrea gigas,T,3,3,376,20,351.5,22,SOD expression,ambiguous,NA,Physiology,21.43,0.06769061436862511,21.78,0.3794276565938999,0.016200308019328754,1.2e-4,NA,NA,Yes,NA,NA,NA,,-24.5,2,Harney_et_al_2016_J_Proteom,NA,Crassostrea_gigas,Oyster_larvae,NA,376,20,3,Harney_et_al_2016_J_Proteom__NA__NA,ZOO_STUDY_0210,ZOO_ES_002798,ZOO_STUDY_0210__Crassostrea_gigas__Oyster_larvae__CO2376.00__T20.00__NC3,ZOO_COMMON_00377,0.016200308019328754,1.0448859114435705e-4,97.82853800188236,4.25
Leung et al. 2022,"Hernandez et al., 2020. J Plankton Res",NA,NA,NA,Zooplankton,Meroplankton,Urchin larvae,Diadema africanum,T,5,5,310.6,23,313.6,26,Postoral arm length,positive,NA,Growth,225,19.27644808189601,250,27.537782974136245,-0.612079357,0.0125,NA,NA,Yes,NA,NA,NA,,3,3,Hernandez_et_al_2020_J_Plankton_Res,NA,Diadema_africanum,Urchin_larvae,NA,310.6,23,5,Hernandez_et_al_2020_J_Plankton_Res__NA__NA,ZOO_STUDY_0216,ZOO_ES_002810,ZOO_STUDY_0216__Diadema_africanum__Urchin_larvae__CO2310.60__T23.00__NC5,ZOO_COMMON_00384,0.10536051565782635,0.0038946304729672735,16.0238500127387,3.5
Leung et al. 2022,"Hoshijima et al., 2017. Conserv Physiol",NA,NA,NA,Zooplankton,Holoplankton,Pteropod,Limacina helicina antarctica,T,3,3,315,-0.8,400,4,Dry weight,positive,NA,Growth,0.145,0.0045000000000000005,0.15,0.004125,0.230523659,0.0567,NA,"8.2, 7.95, 7.7-0.8C 8.11, 7.95,7.7 4C",Yes,NA,NA,NA,,85,4.8,Hoshijima_et_al_2017_Conserv_Physiol,NA,Limacina_helicina_antarctica,Pteropod,NA,315,-0.8,3,Hoshijima_et_al_2017_Conserv_Physiol__NA__NA,ZOO_STUDY_0231,ZOO_ES_002825,ZOO_STUDY_0231__Limacina_helicina_antarctica__Pteropod__CO2315.00__T-0.80__NC3,ZOO_COMMON_00404,0.033901551675681416,5.731297066983751e-4,41.77087186652594,4.25
Leung et al. 2022,"Hoshijima et al., 2017. Conserv Physiol",NA,NA,NA,Zooplankton,Holoplankton,Pteropod,Limacina helicina antarctica,T,3,3,315,-0.8,400,4,Respiration rate,ambiguous,NA,Physiology,0.0135,0.0015,0.022,0.0045000000000000005,0.488352767913932,5.73e-4,NA,"8.2, 7.95, 7.7-0.8C 8.11, 7.95,7.7 4C",Yes,NA,NA,NA,,85,4.8,Hoshijima_et_al_2017_Conserv_Physiol,NA,Limacina_helicina_antarctica,Pteropod,NA,315,-0.8,3,Hoshijima_et_al_2017_Conserv_Physiol__NA__NA,ZOO_STUDY_0231,ZOO_ES_002829,ZOO_STUDY_0231__Limacina_helicina_antarctica__Pteropod__CO2315.00__T-0.80__NC3,ZOO_COMMON_00404,0.488352767913932,0.0180615073291841,7.440857786523696,2
Leung et al. 2022,"Iguchi et al., 2014. Zygote",NA,NA,NA,Zooplankton,Meroplankton,Coral larvae,Acropora digitifera,T,12,12,438,27.2,500,31.6,Fertilization success,positive,NA,Reproduction,93,11.559849661194106,87,15.41313288159196,-0.06669137449867228,0.0039,NA,NA,Yes,NA,NA,NA,,62,4.400000000000002,Iguchi_et_al_2014_Zygote,NA,Acropora_digitifera,Coral_larvae,NA,438,27.2,12,Iguchi_et_al_2014_Zygote__NA__NA,ZOO_STUDY_0240,ZOO_ES_002869,ZOO_STUDY_0240__Acropora_digitifera__Coral_larvae__CO2438.00__T27.20__NC12,ZOO_COMMON_00418,-0.06669137449867228,0.003903074002963988,16.006508410972003,3.5
Leung et al. 2022,"Jiang et al., 2020. Coral Reefs",NA,NA,NA,Zooplankton,Meroplankton,Coral larvae,Pocillopora damicornis,T,4,4,548,29,523,30.8,CA activity,ambiguous,NA,Physiology,9.9,2.807017543859498,9.5,1.7543859649121991,-0.041242958534049134,0.0286,NA,NA,Yes,NA,NA,NA,,-25,1.8000000000000007,Jiang_et_al_2020_Coral_Reefs,NA,Pocillopora_damicornis,Coral_larvae,NA,548,29,4,Jiang_et_al_2020_Coral_Reefs__NA__NA,ZOO_STUDY_0253,ZOO_ES_002874,ZOO_STUDY_0253__Pocillopora_damicornis__Coral_larvae__CO2548.00__T29.00__NC4,ZOO_COMMON_00437,-0.041242958534049134,0.028624281398514716,5.9106154361128524,2
Leung et al. 2022,"Jiang et al., 2020. Coral Reefs",NA,NA,NA,Zooplankton,Meroplankton,Coral larvae,Pocillopora damicornis,T,4,4,548,29,523,30.8,Larval settlement,ambiguous,NA,Development,72,14.534883720930196,75,9.593023255813819,0.0408219945202552,0.0211,NA,NA,Yes,NA,NA,NA,,-25,1.8000000000000007,Jiang_et_al_2020_Coral_Reefs,NA,Pocillopora_damicornis,Coral_larvae,NA,548,29,4,Jiang_et_al_2020_Coral_Reefs__NA__NA,ZOO_STUDY_0253,ZOO_ES_002877,ZOO_STUDY_0253__Pocillopora_damicornis__Coral_larvae__CO2548.00__T29.00__NC4,ZOO_COMMON_00437,0.0408219945202552,0.01427826456910292,8.368782626955783,2.75
Leung et al. 2022,"Jiang et al., 2020. Coral Reefs",NA,NA,NA,Zooplankton,Meroplankton,Coral larvae,Pocillopora damicornis,T,4,4,548,29,523,30.8,Net photosynthesis,positive,NA,Physiology,0.125,0.06,0.14,0.04,0.11332868530700327,NA,NA,NA,Yes,NA,NA,NA,,-25,1.8000000000000007,Jiang_et_al_2020_Coral_Reefs,NA,Pocillopora_damicornis,Coral_larvae,NA,548,29,4,Jiang_et_al_2020_Coral_Reefs__NA__NA,ZOO_STUDY_0253,ZOO_ES_002880,ZOO_STUDY_0253__Pocillopora_damicornis__Coral_larvae__CO2548.00__T29.00__NC4,ZOO_COMMON_00437,0.11332868530700327,0.07800816326530612,3.580387018373778,2.5
Leung et al. 2022,"Jiang et al., 2020. Coral Reefs",NA,NA,NA,Zooplankton,Meroplankton,Coral larvae,Pocillopora damicornis,T,4,4,548,29,523,30.8,Respiration rate,ambiguous,NA,Physiology,0.19,0.04,0.22,0.06,0.14660347419187544,0.0297,NA,NA,Yes,NA,NA,NA,,-25,1.8000000000000007,Jiang_et_al_2020_Coral_Reefs,NA,Pocillopora_damicornis,Coral_larvae,NA,548,29,4,Jiang_et_al_2020_Coral_Reefs__NA__NA,ZOO_STUDY_0253,ZOO_ES_002882,ZOO_STUDY_0253__Pocillopora_damicornis__Coral_larvae__CO2548.00__T29.00__NC4,ZOO_COMMON_00437,0.14660347419187544,0.029675373732286348,5.804995687136726,2
Leung et al. 2022,"Jiang et al., 2020. Coral Reefs",NA,NA,NA,Zooplankton,Meroplankton,Coral larvae,Pocillopora damicornis,T,4,4,548,29,523,30.8,Partially metamorphosed larvae,negative,NA,Development,5,6.9565217391304195,28,4.637681159420396,1.7227665977411035,0.0673,NA,No experiment / Not tested,Yes,NA,NA,NA,,-25,1.8000000000000007,Jiang_et_al_2020_Coral_Reefs,NA,Pocillopora_damicornis,Coral_larvae,NA,548,29,4,Jiang_et_al_2020_Coral_Reefs__NA__NA,ZOO_STUDY_0253,ZOO_ES_002884,ZOO_STUDY_0253__Pocillopora_damicornis__Coral_larvae__CO2548.00__T29.00__NC4,ZOO_COMMON_00437,1.7227665977411035,0.49079039303181704,1.4274206441552344,2.5
Leung et al. 2022,Lacoue-Labarthe et al. 2009. Biogeosciences,NA,NA,NA,Zooplankton,Meroplankton,Cephalopod larvae,Sepia officinalis,T,10,10,404,16,399,19,Egg weight,ambiguous,NA,Reproduction,1.07,1.55,1.6,0.28,0.4023449807719207,0.213025539,NA,NA,Yes,NA,NA,NA,,-5,3,Lacoue_Labarthe_et_al_2009_Biogeosciences,NA,Sepia_officinalis,Cephalopod_larvae,NA,404,16,10,Lacoue_Labarthe_et_al_2009_Biogeosciences__NA__NA,ZOO_STUDY_0288,ZOO_ES_002935,ZOO_STUDY_0288__Sepia_officinalis__Cephalopod_larvae__CO2404.00__T16.00__NC10,ZOO_COMMON_00497,0.4023449807719207,0.2129061544676391,2.1672344328956212,2.5
Leung et al. 2022,Lacoue-Labarthe et al. 2009. Biogeosciences,NA,NA,NA,Zooplankton,Meroplankton,Cephalopod larvae,Sepia officinalis,T,10,10,404,16,399,19,Hatchling weight,positive,NA,Growth,0.105,0.033,0.137,0.0050000000000000044,0.287682072,0.011,NA,NA,Yes,NA,NA,NA,,-5,3,Lacoue_Labarthe_et_al_2009_Biogeosciences,NA,Sepia_officinalis,Cephalopod_larvae,NA,404,16,10,Lacoue_Labarthe_et_al_2009_Biogeosciences__NA__NA,ZOO_STUDY_0288,ZOO_ES_002936,ZOO_STUDY_0288__Sepia_officinalis__Cephalopod_larvae__CO2404.00__T16.00__NC10,ZOO_COMMON_00497,0.2660205756706017,0.010010749379404382,9.99462963951336,2.75
Leung et al. 2022,"Lefevre et al., 2015. J Exp Biol",NA,NA,NA,Zooplankton,Meroplankton,Gastropod larvae,Gibberulus gibberulus gibbosus,T,10,8,416.7,28,453.5,33,Absolute aerobic scope,positive,NA,Physiology,300,47.434164902525694,390,84.8528137423857,0.26236426446749106,0.00484,NA,NA,Yes,NA,NA,NA,,36.80000000000001,5,Lefevre_et_al_2015_J_Exp_Biol,NA,Gibberulus_gibberulus_gibbosus,Gastropod_larvae,NA,416.7,28,10,Lefevre_et_al_2015_J_Exp_Biol__NA__NA,ZOO_STUDY_0298,ZOO_ES_002951,ZOO_STUDY_0298__Gibberulus_gibberulus_gibbosus__Gastropod_larvae__CO2416.70__T28.00__NC10,ZOO_COMMON_00510,0.26236426446749106,0.00841715976331361,10.899767011908281,2.75
Leung et al. 2022,"Lefevre et al., 2015. J Exp Biol",NA,NA,NA,Zooplankton,Meroplankton,Gastropod larvae,Gibberulus gibberulus gibbosus,T,10,9,416.7,28,453.5,33,Maximum oxygen uptake,positive,NA,Physiology,390,63.24555320336759,510,75,0.26826398659467937,0.00503,NA,NA,Yes,NA,NA,NA,,36.80000000000001,5,Lefevre_et_al_2015_J_Exp_Biol,NA,Gibberulus_gibberulus_gibbosus,Gastropod_larvae,NA,416.7,28,10,Lefevre_et_al_2015_J_Exp_Biol__NA__NA,ZOO_STUDY_0298,ZOO_ES_002953,ZOO_STUDY_0298__Gibberulus_gibberulus_gibbosus__Gastropod_larvae__CO2416.70__T28.00__NC10,ZOO_COMMON_00510,0.26826398659467937,0.0050327707367899014,14.096017379227197,2.75
Leung et al. 2022,"Lefevre et al., 2015. J Exp Biol",NA,NA,NA,Zooplankton,Meroplankton,Gastropod larvae,Gibberulus gibberulus gibbosus,T,11,9,416.7,28,453.5,33,Resting oxygen uptake,ambiguous,NA,Physiology,90,16.583123951776997,123,15,0.31237468504215243,0.00622,NA,NA,Yes,NA,NA,NA,,36.80000000000001,5,Lefevre_et_al_2015_J_Exp_Biol,NA,Gibberulus_gibberulus_gibbosus,Gastropod_larvae,NA,416.7,28,11,Lefevre_et_al_2015_J_Exp_Biol__NA__NA,ZOO_STUDY_0298,ZOO_ES_002956,ZOO_STUDY_0298__Gibberulus_gibberulus_gibbosus__Gastropod_larvae__CO2416.70__T28.00__NC11,ZOO_COMMON_00511,0.31237468504215243,0.004738875302032153,14.526545861851742,2.75
Leung et al. 2022,"Lenz et al., 2019. Mar Pollut Bull",NA,NA,NA,Zooplankton,Meroplankton,Urchin larvae,Lytechinus variegatus,T,10,10,518.9,28,525.9,31,Average rod length,positive,NA,Growth,0.5,0.029801,0.47,0.09829,-0.0619,0.00512,NA,NA,Yes,NA,NA,NA,,7,3,Lenz_et_al_2019_Mar_Pollut_Bull,NA,Lytechinus_variegatus,Urchin_larvae,NA,518.9,28,10,Lenz_et_al_2019_Mar_Pollut_Bull__NA__NA,ZOO_STUDY_0301,ZOO_ES_002957,ZOO_STUDY_0301__Lytechinus_variegatus__Urchin_larvae__CO2518.90__T28.00__NC10,ZOO_COMMON_00518,-0.06187540371808753,0.004728677640309462,14.542201086378343,2.75
Leung et al. 2022,"Lenz et al., 2019. Mar Pollut Bull",NA,NA,NA,Zooplankton,Meroplankton,Urchin larvae,Lytechinus variegatus,T,3,3,518.9,28,525.9,31,Fertilization success,positive,NA,Reproduction,97.8,1.248218,97.9,8.917558,0.0010219724956931895,0.00331,NA,NA,Yes,NA,NA,NA,,7,3,Lenz_et_al_2019_Mar_Pollut_Bull,NA,Lytechinus_variegatus,Urchin_larvae,NA,518.9,28,3,Lenz_et_al_2019_Mar_Pollut_Bull__NA__NA,ZOO_STUDY_0301,ZOO_ES_002960,ZOO_STUDY_0301__Lytechinus_variegatus__Urchin_larvae__CO2518.90__T28.00__NC3,ZOO_COMMON_00519,0.0010219724956931895,0.002819998889878069,18.831093135394603,3.5
Leung et al. 2022,"Lenz et al., 2019. Mar Pollut Bull",NA,NA,NA,Zooplankton,Meroplankton,Urchin larvae,Lytechinus variegatus,T,10,10,518.9,28,525.9,31,Larval asymmetry,negative,NA,Development,0.09,0.004993,0.05,0.040059,-0.587786664902119,0.0645,NA,NA,Yes,NA,NA,NA,,7,3,Lenz_et_al_2019_Mar_Pollut_Bull,NA,Lytechinus_variegatus,Urchin_larvae,NA,518.9,28,10,Lenz_et_al_2019_Mar_Pollut_Bull__NA__NA,ZOO_STUDY_0301,ZOO_ES_002965,ZOO_STUDY_0301__Lytechinus_variegatus__Urchin_larvae__CO2518.90__T28.00__NC10,ZOO_COMMON_00518,-0.587786664902119,0.06449671762271603,3.9375963473585482,2
Leung et al. 2022,"Lenz et al., 2019. Mar Pollut Bull",NA,NA,NA,Zooplankton,Meroplankton,Urchin larvae,Lytechinus variegatus,T,10,10,518.9,28,525.9,31,Larval body length,positive,NA,Growth,0.48,0.015193,0.47,0.084146,-0.0253,0.122061555,NA,NA,Yes,NA,NA,NA,,7,3,Lenz_et_al_2019_Mar_Pollut_Bull,NA,Lytechinus_variegatus,Urchin_larvae,NA,518.9,28,10,Lenz_et_al_2019_Mar_Pollut_Bull__NA__NA,ZOO_STUDY_0301,ZOO_ES_002967,ZOO_STUDY_0301__Lytechinus_variegatus__Urchin_larvae__CO2518.90__T28.00__NC10,ZOO_COMMON_00518,-0.02105340919783238,0.003305504277227826,17.393265978976295,3.5
Leung et al. 2022,"Lischka and Riebesell, 2017. Polar Biol",NA,NA,NA,Zooplankton,Holoplankton,Pteropod,Limacina helicina,T,3,3,350,2.3,350,5.6,Dry mass,positive,NA,Growth,0.476,0.14,0.582,0.092,0.983424635,0.054,NA,experiment A/B,Yes,NA,NA,NA,,0,3.3,Lischka_and_Riebesell_2017_Polar_Biol,NA,Limacina_helicina,Pteropod,NA,350,2.3,3,Lischka_and_Riebesell_2017_Polar_Biol__NA__NA,ZOO_STUDY_0314,ZOO_ES_002985,ZOO_STUDY_0314__Limacina_helicina__Pteropod__CO2350.00__T2.30__NC3,ZOO_COMMON_00542,0.20105259350001772,0.03716436202045027,5.187243785268965,2
Leung et al. 2022,"Lischka and Riebesell, 2017. Polar Biol",NA,NA,NA,Zooplankton,Holoplankton,Pteropod,Limacina helicina,T,3,3,350,2.3,350,6.8,Dry mass,positive,NA,Growth,0.476,0.14,0.44,0.452,0.63377663,0.0573,NA,experiment A/B,Yes,NA,NA,NA,,0,4.5,Lischka_and_Riebesell_2017_Polar_Biol,NA,Limacina_helicina,Pteropod,NA,350,2.3,3,Lischka_and_Riebesell_2017_Polar_Biol__NA__NA,ZOO_STUDY_0314,ZOO_ES_002988,ZOO_STUDY_0314__Limacina_helicina__Pteropod__CO2350.00__T2.30__NC3,ZOO_COMMON_00542,-0.0786431273191131,0.38059814883658866,1.620938972466554,2.5
Leung et al. 2022,"Lischka and Riebesell, 2017. Polar Biol",NA,NA,NA,Zooplankton,Holoplankton,Pteropod,Limacina retroversa,T,3,3,350,2.3,350,5.6,Dry mass,positive,NA,Growth,0.46,0.126,0.431,0.063,0.706057249,0.0732,NA,experiment A/B,Yes,NA,NA,NA,,0,3.3,Lischka_and_Riebesell_2017_Polar_Biol,NA,Limacina_retroversa,Pteropod,NA,350,2.3,3,Lischka_and_Riebesell_2017_Polar_Biol__NA__NA,ZOO_STUDY_0314,ZOO_ES_002991,ZOO_STUDY_0314__Limacina_retroversa__Pteropod__CO2350.00__T2.30__NC3,ZOO_COMMON_00543,-0.06511839937939298,0.03213150647900937,5.578718608574208,2
Leung et al. 2022,"Lischka and Riebesell, 2017. Polar Biol",NA,NA,NA,Zooplankton,Holoplankton,Pteropod,Limacina retroversa,T,3,3,350,2.3,350,6.8,Dry mass,positive,NA,Growth,0.46,0.126,0.529,0.051,0.547364029,0.0261,NA,experiment A/B,Yes,NA,NA,NA,,0,4.5,Lischka_and_Riebesell_2017_Polar_Biol,NA,Limacina_retroversa,Pteropod,NA,350,2.3,3,Lischka_and_Riebesell_2017_Polar_Biol__NA__NA,ZOO_STUDY_0314,ZOO_ES_002994,ZOO_STUDY_0314__Limacina_retroversa__Pteropod__CO2350.00__T2.30__NC3,ZOO_COMMON_00543,0.13976194237515863,0.028107639695398458,5.964689092060575,2
Leung et al. 2022,"Lischka and Riebesell, 2017. Polar Biol",NA,NA,NA,Zooplankton,Holoplankton,Pteropod,Limacina helicina,T,3,3,350,2.3,350,5.6,Dry mass,positive,NA,Growth,0.552,0.155,0.68,0.332,0.0763,0.0285,NA,experiment A/B,Yes,NA,NA,NA,,0,3.3,Lischka_and_Riebesell_2017_Polar_Biol,NA,Limacina_helicina,Pteropod,NA,350,2.3,3,Lischka_and_Riebesell_2017_Polar_Biol__NA__NA,ZOO_STUDY_0314,ZOO_ES_002997,ZOO_STUDY_0314__Limacina_helicina__Pteropod__CO2350.00__T2.30__NC3,ZOO_COMMON_00542,0.20854475189305702,0.10574023820148665,3.0752459682491873,2.5
Leung et al. 2022,"Lischka and Riebesell, 2017. Polar Biol",NA,NA,NA,Zooplankton,Holoplankton,Pteropod,Limacina helicina,T,3,3,350,2.3,350,6.8,Dry mass,positive,NA,Growth,0.552,0.155,0.565,0.116,-0.0481,0.016,NA,experiment A/B,Yes,NA,NA,NA,,0,4.5,Lischka_and_Riebesell_2017_Polar_Biol,NA,Limacina_helicina,Pteropod,NA,350,2.3,3,Lischka_and_Riebesell_2017_Polar_Biol__NA__NA,ZOO_STUDY_0314,ZOO_ES_003000,ZOO_STUDY_0314__Limacina_helicina__Pteropod__CO2350.00__T2.30__NC3,ZOO_COMMON_00542,0.023277684869345408,0.04033303308940861,4.97931451052275,2
Leung et al. 2022,"Lischka and Riebesell, 2017. Polar Biol",NA,NA,NA,Zooplankton,Holoplankton,Pteropod,Limacina retroversa,T,3,3,350,2.3,350,5.6,Dry mass,positive,NA,Growth,0.472,0.046,0.616,0.245,0.0314,0.00793,NA,experiment A/B,Yes,NA,NA,NA,,0,3.3,Lischka_and_Riebesell_2017_Polar_Biol,NA,Limacina_retroversa,Pteropod,NA,350,2.3,3,Lischka_and_Riebesell_2017_Polar_Biol__NA__NA,ZOO_STUDY_0314,ZOO_ES_003003,ZOO_STUDY_0314__Limacina_retroversa__Pteropod__CO2350.00__T2.30__NC3,ZOO_COMMON_00543,0.2662679779479645,0.05589499085155701,4.229738860160717,2
Leung et al. 2022,"Lischka and Riebesell, 2017. Polar Biol",NA,NA,NA,Zooplankton,Holoplankton,Pteropod,Limacina helicina,T,3,3,350,2.3,350,5.6,Oxygen consumption rate,ambiguous,NA,Physiology,7.72,2.89,26.17,18.38,1.2207993525053698,0.0265,NA,NA,Yes,NA,NA,NA,,0,3.3,Lischka_and_Riebesell_2017_Polar_Biol,NA,Limacina_helicina,Pteropod,NA,350,2.3,3,Lischka_and_Riebesell_2017_Polar_Biol__NA__NA,ZOO_STUDY_0314,ZOO_ES_003012,ZOO_STUDY_0314__Limacina_helicina__Pteropod__CO2350.00__T2.30__NC3,ZOO_COMMON_00542,1.2207993525053698,0.2111361266329583,2.176299814286332,2.5
Leung et al. 2022,"Lischka and Riebesell, 2017. Polar Biol",NA,NA,NA,Zooplankton,Holoplankton,Pteropod,Limacina retroversa,T,3,3,350,2.3,350,6.8,Oxygen consumption rate,ambiguous,NA,Physiology,9.62,1.08,25.72,9.94,0.9834246346918036,0.0287,NA,NA,Yes,NA,NA,NA,,0,4.5,Lischka_and_Riebesell_2017_Polar_Biol,NA,Limacina_retroversa,Pteropod,NA,350,2.3,3,Lischka_and_Riebesell_2017_Polar_Biol__NA__NA,ZOO_STUDY_0314,ZOO_ES_003014,ZOO_STUDY_0314__Limacina_retroversa__Pteropod__CO2350.00__T2.30__NC3,ZOO_COMMON_00543,0.9834246346918036,0.053987496141939303,4.303813138232072,2
Leung et al. 2022,"Lischka and Riebesell, 2017. Polar Biol",NA,NA,NA,Zooplankton,Holoplankton,Pteropod,Limacina helicina,T,3,3,350,2.3,350,6.8,Oxygen consumption rate,ambiguous,NA,Physiology,7.72,2.89,14.55,2.59,0.6337766295808168,0.0372,NA,NA,Yes,NA,NA,NA,,0,4.5,Lischka_and_Riebesell_2017_Polar_Biol,NA,Limacina_helicina,Pteropod,NA,350,2.3,3,Lischka_and_Riebesell_2017_Polar_Biol__NA__NA,ZOO_STUDY_0314,ZOO_ES_003017,ZOO_STUDY_0314__Limacina_helicina__Pteropod__CO2350.00__T2.30__NC3,ZOO_COMMON_00542,0.6337766295808168,0.057275371653880934,4.178458007973435,2
Leung et al. 2022,"Lischka and Riebesell, 2017. Polar Biol",NA,NA,NA,Zooplankton,Holoplankton,Pteropod,Limacina retroversa,T,3,3,350,2.3,350,5.6,Oxygen consumption rate,ambiguous,NA,Physiology,9.62,1.08,17.87,1.04,0.6192790644937217,0.0801,NA,NA,Yes,NA,NA,NA,,0,3.3,Lischka_and_Riebesell_2017_Polar_Biol,NA,Limacina_retroversa,Pteropod,NA,350,2.3,3,Lischka_and_Riebesell_2017_Polar_Biol__NA__NA,ZOO_STUDY_0314,ZOO_ES_003019,ZOO_STUDY_0314__Limacina_retroversa__Pteropod__CO2350.00__T2.30__NC3,ZOO_COMMON_00543,0.6192790644937217,0.005330232833607651,13.6970458620804,2.75
Leung et al. 2022,"Lischka and Riebesell, 2017. Polar Biol",NA,NA,NA,Zooplankton,Holoplankton,Pteropod,Limacina retroversa,T,3,3,350,2.3,350,5.6,Oxygen consumption rate,ambiguous,NA,Physiology,16.15,2.28,16.88,4.61,0.04420943949914546,0.00829,NA,experiment A/B,Yes,NA,NA,NA,,0,3.3,Lischka_and_Riebesell_2017_Polar_Biol,NA,Limacina_retroversa,Pteropod,NA,350,2.3,3,Lischka_and_Riebesell_2017_Polar_Biol__NA__NA,ZOO_STUDY_0314,ZOO_ES_003025,ZOO_STUDY_0314__Limacina_retroversa__Pteropod__CO2350.00__T2.30__NC3,ZOO_COMMON_00543,0.04420943949914546,0.031505578542992574,5.633862851288963,2
Leung et al. 2022,"Lischka and Riebesell, 2017. Polar Biol",NA,NA,NA,Zooplankton,Holoplankton,Pteropod,Limacina helicina,T,3,3,350,2.3,350,5.6,Oxygen consumption rate,ambiguous,NA,Physiology,15.01,3.08,14.98,4.85,-0.0020006675562971713,0.00489,NA,experiment A/B,Yes,NA,NA,NA,,0,3.3,Lischka_and_Riebesell_2017_Polar_Biol,NA,Limacina_helicina,Pteropod,NA,350,2.3,3,Lischka_and_Riebesell_2017_Polar_Biol__NA__NA,ZOO_STUDY_0314,ZOO_ES_003027,ZOO_STUDY_0314__Limacina_helicina__Pteropod__CO2350.00__T2.30__NC3,ZOO_COMMON_00542,-0.0020006675562971713,0.04897646881091359,4.518624630640169,2
Leung et al. 2022,"Lischka and Riebesell, 2017. Polar Biol",NA,NA,NA,Zooplankton,Holoplankton,Pteropod,Limacina helicina,T,3,3,350,2.3,350,6.8,Oxygen consumption rate,ambiguous,NA,Physiology,15.01,3.08,14.36,2.84,-0.044270082025292534,0.0158,NA,experiment A/B,Yes,NA,NA,NA,,0,4.5,Lischka_and_Riebesell_2017_Polar_Biol,NA,Limacina_helicina,Pteropod,NA,350,2.3,3,Lischka_and_Riebesell_2017_Polar_Biol__NA__NA,ZOO_STUDY_0314,ZOO_ES_003029,ZOO_STUDY_0314__Limacina_helicina__Pteropod__CO2350.00__T2.30__NC3,ZOO_COMMON_00542,-0.044270082025292534,0.02707307305284226,6.077587531606417,2
Leung et al. 2022,"Lischka and Riebesell, 2017. Polar Biol",NA,NA,NA,Zooplankton,Holoplankton,Pteropod,Limacina retroversa,T,3,3,350,2.3,350,6.8,Oxygen consumption rate,ambiguous,NA,Physiology,16.15,2.28,9.91,6.1,-0.48837570132676883,0.00818,NA,experiment A/B,Yes,NA,NA,NA,,0,4.5,Lischka_and_Riebesell_2017_Polar_Biol,NA,Limacina_retroversa,Pteropod,NA,350,2.3,3,Lischka_and_Riebesell_2017_Polar_Biol__NA__NA,ZOO_STUDY_0314,ZOO_ES_003032,ZOO_STUDY_0314__Limacina_retroversa__Pteropod__CO2350.00__T2.30__NC3,ZOO_COMMON_00543,-0.48837570132676883,0.13294003784377423,2.742660810332843,2.5
Leung et al. 2022,"Lischka and Riebesell, 2017. Polar Biol",NA,NA,NA,Zooplankton,Holoplankton,Pteropod,Limacina helicina,T,3,3,350,2.3,350,5.6,Size,positive,NA,Growth,939,66,994,82,0.0458,0.00637,NA,experiment A/B,Yes,NA,NA,NA,,0,3.3,Lischka_and_Riebesell_2017_Polar_Biol,NA,Limacina_helicina,Pteropod,NA,350,2.3,3,Lischka_and_Riebesell_2017_Polar_Biol__NA__NA,ZOO_STUDY_0314,ZOO_ES_003033,ZOO_STUDY_0314__Limacina_helicina__Pteropod__CO2350.00__T2.30__NC3,ZOO_COMMON_00542,0.05692172744831104,0.003915252771897537,15.981594132185753,3.5
Leung et al. 2022,"Lischka and Riebesell, 2017. Polar Biol",NA,NA,NA,Zooplankton,Holoplankton,Pteropod,Limacina helicina,T,3,3,350,2.3,350,6.8,Size,positive,NA,Growth,939,66,983,117,0.219747962,0.0341,NA,NA,Yes,NA,NA,NA,,0,4.5,Lischka_and_Riebesell_2017_Polar_Biol,NA,Limacina_helicina,Pteropod,NA,350,2.3,3,Lischka_and_Riebesell_2017_Polar_Biol__NA__NA,ZOO_STUDY_0314,ZOO_ES_003036,ZOO_STUDY_0314__Limacina_helicina__Pteropod__CO2350.00__T2.30__NC3,ZOO_COMMON_00542,0.04579364093890366,0.006368969161689764,12.530414196820406,2.75
Leung et al. 2022,"Lischka and Riebesell, 2017. Polar Biol",NA,NA,NA,Zooplankton,Holoplankton,Pteropod,Limacina retroversa,T,3,3,350,2.3,350,5.6,Size,positive,NA,Growth,1033,124,975,143,0.218786246,0.0403,NA,NA,Yes,NA,NA,NA,,0,3.3,Lischka_and_Riebesell_2017_Polar_Biol,NA,Limacina_retroversa,Pteropod,NA,350,2.3,3,Lischka_and_Riebesell_2017_Polar_Biol__NA__NA,ZOO_STUDY_0314,ZOO_ES_003039,ZOO_STUDY_0314__Limacina_retroversa__Pteropod__CO2350.00__T2.30__NC3,ZOO_COMMON_00543,-0.05778499812179142,0.011973468643647796,9.138817599842007,2.75
Leung et al. 2022,"Lischka and Riebesell, 2017. Polar Biol",NA,NA,NA,Zooplankton,Holoplankton,Pteropod,Limacina retroversa,T,3,3,350,2.3,350,6.8,Size,positive,NA,Growth,1033,124,983,95,0.19133875,0.0775,NA,NA,Yes,NA,NA,NA,,0,4.5,Lischka_and_Riebesell_2017_Polar_Biol,NA,Limacina_retroversa,Pteropod,NA,350,2.3,3,Lischka_and_Riebesell_2017_Polar_Biol__NA__NA,ZOO_STUDY_0314,ZOO_ES_003042,ZOO_STUDY_0314__Limacina_retroversa__Pteropod__CO2350.00__T2.30__NC3,ZOO_COMMON_00543,-0.049613348972472,0.007916383567152584,11.239230697876865,2.75
Leung et al. 2022,"Lischka and Riebesell, 2017. Polar Biol",NA,NA,NA,Zooplankton,Holoplankton,Pteropod,Limacina helicina,T,3,3,350,2.3,350,5.6,Size,positive,NA,Growth,931,81,969,97,-0.054,0.048,NA,NA,Yes,NA,NA,NA,,0,3.3,Lischka_and_Riebesell_2017_Polar_Biol,NA,Limacina_helicina,Pteropod,NA,350,2.3,3,Lischka_and_Riebesell_2017_Polar_Biol__NA__NA,ZOO_STUDY_0314,ZOO_ES_003045,ZOO_STUDY_0314__Limacina_helicina__Pteropod__CO2350.00__T2.30__NC3,ZOO_COMMON_00542,0.040005334613699206,0.005863403727589091,13.059456424295943,2.75
Leung et al. 2022,"Lischka and Riebesell, 2017. Polar Biol",NA,NA,NA,Zooplankton,Holoplankton,Pteropod,Limacina helicina,T,3,3,350,2.3,350,6.8,Size,positive,NA,Growth,931,81,915,113,-0.0838,0.01,NA,experiment A/B,Yes,NA,NA,NA,,0,4.5,Lischka_and_Riebesell_2017_Polar_Biol,NA,Limacina_helicina,Pteropod,NA,350,2.3,3,Lischka_and_Riebesell_2017_Polar_Biol__NA__NA,ZOO_STUDY_0314,ZOO_ES_003048,ZOO_STUDY_0314__Limacina_helicina__Pteropod__CO2350.00__T2.30__NC3,ZOO_COMMON_00542,-0.017335212001545787,0.007607045280631171,11.465473616720457,2.75
Leung et al. 2022,"Lischka and Riebesell, 2017. Polar Biol",NA,NA,NA,Zooplankton,Holoplankton,Pteropod,Limacina retroversa,T,3,3,350,2.3,350,5.6,Size,positive,NA,Growth,1064,145,1030,76,-0.184003643,0.0396,NA,NA,Yes,NA,NA,NA,,0,3.3,Lischka_and_Riebesell_2017_Polar_Biol,NA,Limacina_retroversa,Pteropod,NA,350,2.3,3,Lischka_and_Riebesell_2017_Polar_Biol__NA__NA,ZOO_STUDY_0314,ZOO_ES_003051,ZOO_STUDY_0314__Limacina_retroversa__Pteropod__CO2350.00__T2.30__NC3,ZOO_COMMON_00543,-0.032476588677908196,0.008005393512272946,11.176572960832527,2.75
Leung et al. 2022,"Lischka and Riebesell, 2017. Polar Biol",NA,NA,NA,Zooplankton,Holoplankton,Pteropod,Limacina retroversa,T,3,3,350,2.3,350,6.8,Size,positive,NA,Growth,1064,145,1014,174,-0.369360103,0.0817,NA,NA,Yes,NA,NA,NA,,0,4.5,Lischka_and_Riebesell_2017_Polar_Biol,NA,Limacina_retroversa,Pteropod,NA,350,2.3,3,Lischka_and_Riebesell_2017_Polar_Biol__NA__NA,ZOO_STUDY_0314,ZOO_ES_003053,ZOO_STUDY_0314__Limacina_retroversa__Pteropod__CO2350.00__T2.30__NC3,ZOO_COMMON_00543,-0.048132485750461175,0.01600583142119067,7.904253874343022,2.75
Lang et al. 2023,Nguyen et al. 2012,2012,NA,NA,Zooplankton,Meroplankton,Echinoderm,Meridiastra calcar,T,12,12,NA,19,NA,21,Mortality day 5 (%),negative,NA,Survival,26.22,5.02,43.7,10.6,-0.5108,0.0079614,NA,NA,Yes,NA,NA,NA,,NA,2,Nguyen_et_al_2012,NA,Meridiastra_calcar,Echinoderm,2012,NA,19,12,Nguyen_et_al_2012__2012__NA,ZOO_STUDY_0370,ZOO_ES_003116,ZOO_STUDY_0370__Meridiastra_calcar__Echinoderm__CO2NA__T19.00__NC12,ZOO_COMMON_00646,0.5108256237659907,0.00795771002584674,11.210008584297126,2.75
Leung et al. 2022,"Marques et al., 2020. Environ Pollut",NA,NA,NA,Zooplankton,Holoplankton,Foraminifer,Amphistegina gibbosa,T,5,5,333.2,26.9,331.5,28.2,Ca2+-ATPase activity,positive,NA,Physiology,123,17.25,90,11.25,-0.31237468504215243,0.33009008,NA,NA,Yes,NA,NA,NA,,-1.6999999999999886,1.3000000000000007,Marques_et_al_2020_Environ_Pollut,NA,Amphistegina_gibbosa,Foraminifer,NA,333.2,26.9,5,Marques_et_al_2020_Environ_Pollut__NA__NA,ZOO_STUDY_0334,ZOO_ES_003118,ZOO_STUDY_0334__Amphistegina_gibbosa__Foraminifer__CO2333.20__T26.90__NC5,ZOO_COMMON_00586,-0.31237468504215243,0.0070586704342653185,11.902509788605217,2.75
Leung et al. 2022,"Marques et al., 2020. Environ Pollut",NA,NA,NA,Zooplankton,Holoplankton,Foraminifer,Amphistegina gibbosa,T,5,5,333.2,26.9,331.5,28.2,Growth (change in size),positive,NA,Growth,0.145,0.069009584664537,0.025,0.029832268370607002,-0.312374685,0.00706,NA,NA,Yes,NA,NA,NA,,-1.6999999999999886,1.3000000000000007,Marques_et_al_2020_Environ_Pollut,NA,Amphistegina_gibbosa,Foraminifer,NA,333.2,26.9,5,Marques_et_al_2020_Environ_Pollut__NA__NA,ZOO_STUDY_0334,ZOO_ES_003122,ZOO_STUDY_0334__Amphistegina_gibbosa__Foraminifer__CO2333.20__T26.90__NC5,ZOO_COMMON_00586,-1.7578579175523736,0.3300900801824894,1.740539018080889,2.5
Leung et al. 2022,"Marques et al., 2020. Environ Pollut",NA,NA,NA,Zooplankton,Holoplankton,Foraminifer,Amphistegina gibbosa,T,5,5,333.2,26.9,331.5,28.2,Chl a content,ambiguous,NA,Physiology,27.7,0.7731958762886997,23,2.371134020618551,-0.1859381972641431,0.209311651,NA,NA,Yes,NA,NA,NA,,-1.6999999999999886,1.3000000000000007,Marques_et_al_2020_Environ_Pollut,NA,Amphistegina_gibbosa,Foraminifer,NA,333.2,26.9,5,Marques_et_al_2020_Environ_Pollut__NA__NA,ZOO_STUDY_0334,ZOO_ES_003125,ZOO_STUDY_0334__Amphistegina_gibbosa__Foraminifer__CO2333.20__T26.90__NC5,ZOO_COMMON_00586,-0.1859381972641431,0.002281453844259083,20.93602154087603,3.5
Leung et al. 2022,"Marques et al., 2020. Environ Pollut",NA,NA,NA,Zooplankton,Holoplankton,Foraminifer,Amphistegina gibbosa,T,5,5,333.2,26.9,331.5,28.2,H+-ATPase activity,ambiguous,NA,Physiology,127,11.423076923076739,30,18.69230769230775,-1.442989704796436,0.0178,NA,NA,Yes,NA,NA,NA,,-1.6999999999999886,1.3000000000000007,Marques_et_al_2020_Environ_Pollut,NA,Amphistegina_gibbosa,Foraminifer,NA,333.2,26.9,5,Marques_et_al_2020_Environ_Pollut__NA__NA,ZOO_STUDY_0334,ZOO_ES_003127,ZOO_STUDY_0334__Amphistegina_gibbosa__Foraminifer__CO2333.20__T26.90__NC5,ZOO_COMMON_00586,-1.442989704796436,0.0792630085615205,3.5519326610207496,2.5
Leung et al. 2022,"Marques et al., 2020. Environ Pollut",NA,NA,NA,Zooplankton,Holoplankton,Foraminifer,Amphistegina gibbosa,T,5,5,333.2,26.9,331.5,28.2,Respiration rate,ambiguous,NA,Physiology,0.006,0.002417910447761198,0.002,0.0018805970149253699,-1.0986122886681098,0.268622449,NA,NA,Yes,NA,NA,NA,,-1.6999999999999886,1.3000000000000007,Marques_et_al_2020_Environ_Pollut,NA,Amphistegina_gibbosa,Foraminifer,NA,333.2,26.9,5,Marques_et_al_2020_Environ_Pollut__NA__NA,ZOO_STUDY_0334,ZOO_ES_003130,ZOO_STUDY_0334__Amphistegina_gibbosa__Foraminifer__CO2333.20__T26.90__NC5,ZOO_COMMON_00586,-1.0986122886681098,0.2093116507017148,2.185764150415843,2.5
Ross et al. 2024,Gibbs et al. 2021a,NA,NA,https://academic.oup.com/icesjms/article/78/6/2017/6306814,Zooplankton,Meroplankton,Mollusca,Saccostrea glomerata,T,3,3,NA,24,NA,28,larval mortality (%) at 9 days of age,negative,NA,Survival,40.21164021,4.582144994,67.1957672,10.99714798,-0.513453746,0.0133,NA,"flip sign because we are looking at mortality, instead of survival",Yes,NA,NA,NA,,NA,4,Gibbs_et_al_2021a,NA,Saccostrea_glomerata,Mollusca,NA,NA,24,3,Gibbs_et_al_2021a__NA__NA,ZOO_STUDY_0181,ZOO_ES_003172,ZOO_STUDY_0181__Saccostrea_glomerata__Mollusca__CO2NA__T24.00__NC3,ZOO_COMMON_00313,0.513453746276042,0.013256272696313666,8.685389218940328,2.75
Leung et al. 2022,"Ordoñez et al., 2017. Plos One",NA,NA,NA,Zooplankton,Meroplankton,Coralline algae,Porolithon cf. onkodes,T,3,3,424,26,554,28,Abnormal germling development,negative,NA,Development,12,3.4641016151377544,7.5,4.330127018922193,-0.4700036292457356,0.0142,NA,Control: pH 7.81 to 8.01; medium: pH 7.82–7.91; high: pH 7.67–7.70,Yes,NA,NA,NA,,130,2,Ordo_ez_et_al_2017_Plos_One,NA,Porolithon_cf_onkodes,Coralline_algae,NA,424,26,3,Ordo_ez_et_al_2017_Plos_One__NA__NA,ZOO_STUDY_0385,ZOO_ES_003191,ZOO_STUDY_0385__Porolithon_cf_onkodes__Coralline_algae__CO2424.00__T26.00__NC3,ZOO_COMMON_00665,-0.4700036292457356,0.13888888888888887,2.683281572999748,2.5
Leung et al. 2022,"Ordoñez et al., 2017. Plos One",NA,NA,NA,Zooplankton,Meroplankton,Coralline algae,Porolithon cf. onkodes,T,3,3,424,26,554,28,Coverage,positive,NA,Growth,0.57,0.29444863728670917,0.59,0.05196152422706631,-0.30538165,0.0912,NA,Control: pH 7.81 to 8.01; medium: pH 7.82–7.91; high: pH 7.67–7.70,Yes,NA,NA,NA,,130,2,Ordo_ez_et_al_2017_Plos_One,NA,Porolithon_cf_onkodes,Coralline_algae,NA,424,26,3,Ordo_ez_et_al_2017_Plos_One__NA__NA,ZOO_STUDY_0385,ZOO_ES_003192,ZOO_STUDY_0385__Porolithon_cf_onkodes__Coralline_algae__CO2424.00__T26.00__NC3,ZOO_COMMON_00665,0.034486176071169404,0.09153591023830816,3.305249496373456,2.5
Leung et al. 2022,"Ordoñez et al., 2017. Plos One",NA,NA,NA,Zooplankton,Meroplankton,Coralline algae,Porolithon cf. onkodes,T,3,3,424,26,554,28,Germling growth,positive,NA,Growth,4.5,0.6928203230275509,7.6,1.5588457268119895,0.0345,0.0915,NA,Control: pH 7.81 to 8.01; medium: pH 7.82–7.91; high: pH 7.67–7.70,Yes,NA,NA,NA,,130,2,Ordo_ez_et_al_2017_Plos_One,NA,Porolithon_cf_onkodes,Coralline_algae,NA,424,26,3,Ordo_ez_et_al_2017_Plos_One__NA__NA,ZOO_STUDY_0385,ZOO_ES_003195,ZOO_STUDY_0385__Porolithon_cf_onkodes__Coralline_algae__CO2424.00__T26.00__NC3,ZOO_COMMON_00665,0.5240708505160113,0.021924780274272422,6.75355397565555,2
Leung et al. 2022,"Ordoñez et al., 2017. Plos One",NA,NA,NA,Zooplankton,Meroplankton,Coralline algae,Porolithon cf. onkodes,T,6,6,424,26,554,28,Spore germination success,positive,NA,Reproduction,90,4.898979485566356,92,2.449489742783178,0.021978906718775167,0.227076247,NA,Control: pH 7.81 to 8.01; medium: pH 7.82–7.91; high: pH 7.67–7.70,Yes,NA,NA,NA,,130,2,Ordo_ez_et_al_2017_Plos_One,NA,Porolithon_cf_onkodes,Coralline_algae,NA,424,26,6,Ordo_ez_et_al_2017_Plos_One__NA__NA,ZOO_STUDY_0385,ZOO_ES_003198,ZOO_STUDY_0385__Porolithon_cf_onkodes__Coralline_algae__CO2424.00__T26.00__NC6,ZOO_COMMON_00666,0.021978906718775167,6.119746085089499e-4,40.423442752894864,4.25
Ross et al. 2024,Gibbs et al. 2021c,2021,Energetic lipid responses of larval oysters to ocean acidification,https://www.sciencedirect.com/science/article/abs/pii/S0025326X21004756,Zooplankton,Meroplankton,Mollusca,Saccostrea glomerata,T,3,3,NA,24,NA,28,Larval mortality at 9 days,negative,NA,Survival,20.48192771,8.695034175,36.34538153,3.130212303,-0.573524218,0.0625,NA,"flip sign because we are looking at mortality, instead of survival",Yes,NA,NA,NA,,NA,4,Gibbs_et_al_2021c,Energetic_lipid_responses_of_larval_oysters_to_ocean_acidification,Saccostrea_glomerata,Mollusca,2021,NA,24,3,Gibbs_et_al_2021c__2021__Energetic_lipid_responses_of_larval_oysters_to_ocean_acidification,ZOO_STUDY_0183,ZOO_ES_003214,ZOO_STUDY_0183__Saccostrea_glomerata__Mollusca__CO2NA__T24.00__NC3,ZOO_COMMON_00317,0.5735242181299134,0.06254550083922696,3.9985447676680583,2
Hamraj et al. 2021,"Mathews et al., 2018",2018,NA,https://pubmed.ncbi.nlm.nih.gov/29948318/,Zooplankton,Holoplankton,Calanoid copepod,Parvocalanus crassirostris,T,3,3,NA,24,NA,32,Survival,ambiguous,NA,Survival,100,0.770708916,53.441948,11.76486851,-0.626574205,0.0162,NA,not sure which specific metric was looked into,Yes,NA,NA,NA,,NA,8,Mathews_et_al_2018,NA,Parvocalanus_crassirostris,Calanoid_copepod,2018,NA,24,3,Mathews_et_al_2018__2018__NA,ZOO_STUDY_0338,ZOO_ES_003230,ZOO_STUDY_0338__Parvocalanus_crassirostris__Calanoid_copepod__CO2NA__T24.00__NC3,ZOO_COMMON_00592,-0.6265742053282543,0.016174107049112544,7.863028384377696,2.75
Leung et al. 2022,"Pereira et al., 2020. Mar Environ Res",NA,NA,NA,Zooplankton,Meroplankton,Urchin larvae,Echinometra lucunter,T,5,5,5.06,26,35.120000000000005,28,Fertilization success,positive,NA,Reproduction,90,2.36,80,5.53,-0.11778303565638351,0.002,NA,NA,Yes,NA,NA,NA,,30.060000000000006,2,Pereira_et_al_2020_Mar_Environ_Res,NA,Echinometra_lucunter,Urchin_larvae,NA,5.06,26,5,Pereira_et_al_2020_Mar_Environ_Res__NA__NA,ZOO_STUDY_0416,ZOO_ES_003240,ZOO_STUDY_0416__Echinometra_lucunter__Urchin_larvae__CO25.06__T26.00__NC5,ZOO_COMMON_00717,-0.11778303565638351,0.0010931741126543211,30.2451213040334,3.5
Leung et al. 2022,"Pereira et al., 2020. Mar Environ Res",NA,NA,NA,Zooplankton,Meroplankton,Urchin larvae,Echinometra lucunter,T,5,5,5.06,26,35.120000000000005,28,Pluteus development rate,ambiguous,NA,Development,80,2.07,79.5,3.31,-0.006269613013595374,0.00504,NA,NA,Yes,NA,NA,NA,,30.060000000000006,2,Pereira_et_al_2020_Mar_Environ_Res,NA,Echinometra_lucunter,Urchin_larvae,NA,5.06,26,5,Pereira_et_al_2020_Mar_Environ_Res__NA__NA,ZOO_STUDY_0416,ZOO_ES_003246,ZOO_STUDY_0416__Echinometra_lucunter__Urchin_larvae__CO25.06__T26.00__NC5,ZOO_COMMON_00717,-0.006269613013595374,4.8060143598453384e-4,45.61497781222903,4.25
Ross et al. 2024,Gibbs et al. 2021c,2021,Energetic lipid responses of larval oysters to ocean acidification,https://www.sciencedirect.com/science/article/abs/pii/S0025326X21004756,Zooplankton,Meroplankton,Mollusca,Saccostrea glomerata,T,3,3,NA,24,NA,28,Larval mortality at 9 days,negative,NA,Survival,52.81124498,15.30326015,100,0.001,-0.638446045,0.028,NA,"flip sign because we are looking at mortality, instead of survival",Yes,NA,NA,NA,,NA,4,Gibbs_et_al_2021c,Energetic_lipid_responses_of_larval_oysters_to_ocean_acidification,Saccostrea_glomerata,Mollusca,2021,NA,24,3,Gibbs_et_al_2021c__2021__Energetic_lipid_responses_of_larval_oysters_to_ocean_acidification,ZOO_STUDY_0183,ZOO_ES_003253,ZOO_STUDY_0183__Saccostrea_glomerata__Mollusca__CO2NA__T24.00__NC3,ZOO_COMMON_00317,0.6384460448453676,0.02798941726798834,5.977272722626933,2
Leung et al. 2022,"Vihtakari et al., 2013. Water",NA,NA,NA,Zooplankton,Meroplankton,Mussel larvae,Mytilus galloprovincialis,T,3,3,490,17,504,20,Larval survival,positive,NA,Survival,45,9.04689385778256,23,9.689888114127918,-0.6711682738411702,0.0726,NA,NA,Yes,NA,NA,NA,,14,3,Vihtakari_et_al_2013_Water,NA,Mytilus_galloprovincialis,Mussel_larvae,NA,490,17,3,Vihtakari_et_al_2013_Water__NA__NA,ZOO_STUDY_0525,ZOO_ES_003269,ZOO_STUDY_0525__Mytilus_galloprovincialis__Mussel_larvae__CO2490.00__T17.00__NC3,ZOO_COMMON_00915,-0.6711682738411702,0.07263705826599776,3.7104012391074708,2.5
Leung et al. 2022,"Rivest and Hofmann, 2015. J Exp Mar Biol Ecol",NA,NA,NA,Zooplankton,Meroplankton,Coral larvae,Pocillopora damicornis,T,6,6,477,28.1,473,30.7,Larval length,positive,NA,Growth,0.942,0.07536891516255892,0.947,0.06280742930213225,0.0462,0.00919,NA,NA,Yes,NA,NA,NA,,-4,2.599999999999998,Rivest_and_Hofmann_2015_J_Exp_Mar_Biol_Ecol,NA,Pocillopora_damicornis,Coral_larvae,NA,477,28.1,6,Rivest_and_Hofmann_2015_J_Exp_Mar_Biol_Ecol__NA__NA,ZOO_STUDY_0440,ZOO_ES_003290,ZOO_STUDY_0440__Pocillopora_damicornis__Coral_larvae__CO2477.00__T28.10__NC6,ZOO_COMMON_00757,0.005293818609715295,0.0018000319003797043,23.570017181449803,3.5
Leung et al. 2022,"Rivest and Hofmann, 2015. J Exp Mar Biol Ecol",NA,NA,NA,Zooplankton,Meroplankton,Coral larvae,Pocillopora damicornis,T,6,6,477,28.1,473,30.7,Symbiont density,ambiguous,NA,Physiology,5.752,0.9320009753028707,4.312,2.6526181604773864,-0.28814578681204944,0.0164,NA,NA,Yes,NA,NA,NA,,-4,2.599999999999998,Rivest_and_Hofmann_2015_J_Exp_Mar_Biol_Ecol,NA,Pocillopora_damicornis,Coral_larvae,NA,477,28.1,6,Rivest_and_Hofmann_2015_J_Exp_Mar_Biol_Ecol__NA__NA,ZOO_STUDY_0440,ZOO_ES_003294,ZOO_STUDY_0440__Pocillopora_damicornis__Coral_larvae__CO2477.00__T28.10__NC6,ZOO_COMMON_00757,-0.28814578681204944,0.06744825992942759,3.850477810786977,2
Leung et al. 2022,"Rosa et al., 2013. Proc R Soc B",NA,NA,NA,Zooplankton,Meroplankton,Cuttlefish larvae,Sepia officinalis,T,3,3,400,18,424.5,22,Development time,negative,NA,Development,49,2.6293005240373972,32.5,5.591250854408798,-0.4105802087749349,9.66e-6,NA,NA,Yes,NA,NA,NA,,24.5,4,Rosa_et_al_2013_Proc_R_Soc_B,NA,Sepia_officinalis,Cuttlefish_larvae,NA,400,18,3,Rosa_et_al_2013_Proc_R_Soc_B__NA__NA,ZOO_STUDY_0442,ZOO_ES_003297,ZOO_STUDY_0442__Sepia_officinalis__Cuttlefish_larvae__CO2400.00__T18.00__NC3,ZOO_COMMON_00764,-0.4105802087749349,0.010825516811455603,9.611157199537661,2.75
Leung et al. 2022,"Rosa et al., 2013. Proc R Soc B",NA,NA,NA,Zooplankton,Meroplankton,Cuttlefish larvae,Sepia officinalis,T,20,20,400,18,424.5,22,Perivitelline fluid pH (embryo),ambiguous,NA,Physiology,7.52,0.06766917293233021,7.53,0.03873814972213019,0.0013289038500537342,0.0108,NA,NA,Yes,NA,NA,NA,,24.5,4,Rosa_et_al_2013_Proc_R_Soc_B,NA,Sepia_officinalis,Cuttlefish_larvae,NA,400,18,20,Rosa_et_al_2013_Proc_R_Soc_B__NA__NA,ZOO_STUDY_0442,ZOO_ES_003298,ZOO_STUDY_0442__Sepia_officinalis__Cuttlefish_larvae__CO2400.00__T18.00__NC20,ZOO_COMMON_00763,0.0013289038500537342,5.372002745296652e-6,431.45140444898163,4.25
Leung et al. 2022,"Rosa et al., 2013. Proc R Soc B",NA,NA,NA,Zooplankton,Meroplankton,Cuttlefish larvae,Sepia officinalis,T,20,20,400,18,424.5,22,Perivitelline fluid pH (pre-hatching),ambiguous,NA,Physiology,7.14,0.08108108108107981,7.5,0.048648648648649484,0.04919024419077178,0.0477,NA,NA,Yes,NA,NA,NA,,24.5,4,Rosa_et_al_2013_Proc_R_Soc_B,NA,Sepia_officinalis,Cuttlefish_larvae,NA,400,18,20,Rosa_et_al_2013_Proc_R_Soc_B__NA__NA,ZOO_STUDY_0442,ZOO_ES_003301,ZOO_STUDY_0442__Sepia_officinalis__Cuttlefish_larvae__CO2400.00__T18.00__NC20,ZOO_COMMON_00763,0.04919024419077178,8.551541443286246e-6,341.9619599809183,4.25
Leung et al. 2022,"Rosa et al., 2013. Proc R Soc B",NA,NA,NA,Zooplankton,Meroplankton,Cuttlefish larvae,Sepia officinalis,T,3,3,400,18,424.5,22,Premature hatching,negative,NA,Reproduction,34,7.2930648769575,78,1.8523489932885013,0.8303483020734302,5.4e-6,NA,NA,Yes,NA,NA,NA,,24.5,4,Rosa_et_al_2013_Proc_R_Soc_B,NA,Sepia_officinalis,Cuttlefish_larvae,NA,400,18,3,Rosa_et_al_2013_Proc_R_Soc_B__NA__NA,ZOO_STUDY_0442,ZOO_ES_003305,ZOO_STUDY_0442__Sepia_officinalis__Cuttlefish_larvae__CO2400.00__T18.00__NC3,ZOO_COMMON_00764,0.8303483020734302,0.015525013047575234,8.02572016654997,2.75
Leung et al. 2022,"Rosa et al., 2013. Proc R Soc B",NA,NA,NA,Zooplankton,Meroplankton,Cuttlefish larvae,Sepia officinalis,T,20,20,400,18,424.5,22,Routine metabolic rates (embryo),ambiguous,NA,Physiology,1.4,0.51923305942598,2.2,0.29057996903656,0.4519851237430574,0.018,NA,NA,Yes,NA,NA,NA,,24.5,4,Rosa_et_al_2013_Proc_R_Soc_B,NA,Sepia_officinalis,Cuttlefish_larvae,NA,400,18,20,Rosa_et_al_2013_Proc_R_Soc_B__NA__NA,ZOO_STUDY_0442,ZOO_ES_003306,ZOO_STUDY_0442__Sepia_officinalis__Cuttlefish_larvae__CO2400.00__T18.00__NC20,ZOO_COMMON_00763,0.4519851237430574,0.007749906934551269,11.359304888940038,2.75
Leung et al. 2022,"Rosa et al., 2013. Proc R Soc B",NA,NA,NA,Zooplankton,Meroplankton,Cuttlefish larvae,Sepia officinalis,T,20,20,400,18,424.5,22,Routine metabolic rates (pre-hatching),ambiguous,NA,Physiology,5.8,2.6576865512080303,4,0.9835364549925196,-0.37156355643248296,0.0135,NA,NA,Yes,NA,NA,NA,,24.5,4,Rosa_et_al_2013_Proc_R_Soc_B,NA,Sepia_officinalis,Cuttlefish_larvae,NA,400,18,20,Rosa_et_al_2013_Proc_R_Soc_B__NA__NA,ZOO_STUDY_0442,ZOO_ES_003310,ZOO_STUDY_0442__Sepia_officinalis__Cuttlefish_larvae__CO2400.00__T18.00__NC20,ZOO_COMMON_00763,-0.37156355643248296,0.013521311648032422,8.599844303427801,2.75
Lang et al. 2023,Nguyen et al. 2012,2012,NA,NA,Zooplankton,Meroplankton,Echinoderm,Meridiastra calcar,T,12,12,NA,19,NA,21,Mortality  day 3 (%),negative,NA,Survival,17.56,12.57,34.45,12.54,-0.6739,0.0537749,NA,NA,Yes,NA,NA,NA,,NA,2,Nguyen_et_al_2012,NA,Meridiastra_calcar,Echinoderm,2012,NA,19,12,Nguyen_et_al_2012__2012__NA,ZOO_STUDY_0370,ZOO_ES_003312,ZOO_STUDY_0370__Meridiastra_calcar__Echinoderm__CO2NA__T19.00__NC12,ZOO_COMMON_00646,0.6738854092526971,0.05374290582475827,4.31359560174606,2
Leung et al. 2022,"Schmidt et al., 2014. Coral Reefs",NA,NA,NA,Zooplankton,Holoplankton,Foraminifera,Heterostegina depressa,T,3,3,479,28,499,31,Growth,positive,NA,Growth,0.35,0.6739252233086176,0.25,0.4786758595463073,-0.0645,0.307845805,NA,NA,Yes,NA,NA,NA,,20,3,Schmidt_et_al_2014_Coral_Reefs,NA,Heterostegina_depressa,Foraminifera,NA,479,28,3,Schmidt_et_al_2014_Coral_Reefs__NA__NA,ZOO_STUDY_0458,ZOO_ES_003339,ZOO_STUDY_0458__Heterostegina_depressa__Foraminifera__CO2479.00__T28.00__NC3,ZOO_COMMON_00790,-0.3364722366212129,2.4578806544105216,0.6378515340223659,2.5
Leung et al. 2022,"Schmidt et al., 2014. Coral Reefs",NA,NA,NA,Zooplankton,Holoplankton,Foraminifera,Marginopora vertebralis,T,3,3,479,28,499,31,Growth,positive,NA,Growth,0.1,0.05668529915679871,0.11,0.0692820323027537,-0.162518929,0.314650059,NA,NA,Yes,NA,NA,NA,,20,3,Schmidt_et_al_2014_Coral_Reefs,NA,Marginopora_vertebralis,Foraminifera,NA,479,28,3,Schmidt_et_al_2014_Coral_Reefs__NA__NA,ZOO_STUDY_0458,ZOO_ES_003341,ZOO_STUDY_0458__Marginopora_vertebralis__Foraminifera__CO2479.00__T28.00__NC3,ZOO_COMMON_00792,0.09531017980432474,0.23933884297519784,2.044058902179745,2.5
Leung et al. 2022,"Schmidt et al., 2014. Coral Reefs",NA,NA,NA,Zooplankton,Holoplankton,Foraminifera,Heterostegina depressa,T,3,3,479,28,499,31,Chl a content,ambiguous,NA,Physiology,0.15,0.03855592551095152,0.09,0.07562893080994149,-0.5108256237659907,2.476036853,NA,NA,Yes,NA,NA,NA,,20,3,Schmidt_et_al_2014_Coral_Reefs,NA,Heterostegina_depressa,Foraminifera,NA,479,28,3,Schmidt_et_al_2014_Coral_Reefs__NA__NA,ZOO_STUDY_0458,ZOO_ES_003343,ZOO_STUDY_0458__Heterostegina_depressa__Foraminifera__CO2479.00__T28.00__NC3,ZOO_COMMON_00790,-0.5108256237659907,0.25740315047642354,1.971029257682712,2.5
Leung et al. 2022,"Schmidt et al., 2014. Coral Reefs",NA,NA,NA,Zooplankton,Holoplankton,Foraminifera,Marginopora vertebralis,T,3,3,479,28,499,31,Chl a content,ambiguous,NA,Physiology,0.15,0.05635096805446779,0.085,0.13197989886440792,-0.5679840376059391,0.95605235,NA,NA,Yes,NA,NA,NA,,20,3,Schmidt_et_al_2014_Coral_Reefs,NA,Marginopora_vertebralis,Foraminifera,NA,479,28,3,Schmidt_et_al_2014_Coral_Reefs__NA__NA,ZOO_STUDY_0458,ZOO_ES_003344,ZOO_STUDY_0458__Marginopora_vertebralis__Foraminifera__CO2479.00__T28.00__NC3,ZOO_COMMON_00792,-0.5679840376059391,0.8506740518481953,1.08422247889488,2.5
Leung et al. 2022,"Schmidt et al., 2014. Coral Reefs",NA,NA,NA,Zooplankton,Holoplankton,Foraminifera,Heterostegina depressa,T,3,3,479,28,499,31,Maximum quantum yield of PSII,positive,NA,Physiology,0.73,0.02205913764356622,0.722,0.02777817332893549,-0.011019395249610538,1.016581633,NA,NA,Yes,NA,NA,NA,,20,3,Schmidt_et_al_2014_Coral_Reefs,NA,Heterostegina_depressa,Foraminifera,NA,479,28,3,Schmidt_et_al_2014_Coral_Reefs__NA__NA,ZOO_STUDY_0458,ZOO_ES_003349,ZOO_STUDY_0458__Heterostegina_depressa__Foraminifera__CO2479.00__T28.00__NC3,ZOO_COMMON_00790,-0.011019395249610538,7.97790059428596e-4,35.404273715339336,4.25
Leung et al. 2022,"Schmidt et al., 2014. Coral Reefs",NA,NA,NA,Zooplankton,Holoplankton,Foraminifera,Marginopora vertebralis,T,3,3,479,28,499,31,Maximum quantum yield of PSII,positive,NA,Physiology,0.708,0.01634010195819695,0.693,0.032680203916394285,-0.021414094503816584,0.25740315,NA,NA,Yes,NA,NA,NA,,20,3,Schmidt_et_al_2014_Coral_Reefs,NA,Marginopora_vertebralis,Foraminifera,NA,479,28,3,Schmidt_et_al_2014_Coral_Reefs__NA__NA,ZOO_STUDY_0458,ZOO_ES_003351,ZOO_STUDY_0458__Marginopora_vertebralis__Foraminifera__CO2479.00__T28.00__NC3,ZOO_COMMON_00792,-0.021414094503816584,9.18829601936174e-4,32.990014831420375,3.5
Leung et al. 2022,"Schmidt et al., 2014. Coral Reefs",NA,NA,NA,Zooplankton,Holoplankton,Foraminifera,Marginopora vertebralis,T,3,3,479,28,499,31,Oxygen production,positive,NA,Physiology,0.027,0.033385906870530564,0.015,0.016985812267462805,-0.587786664902119,0.974347631,NA,NA,Yes,NA,NA,NA,,20,3,Schmidt_et_al_2014_Coral_Reefs,NA,Marginopora_vertebralis,Foraminifera,NA,479,28,3,Schmidt_et_al_2014_Coral_Reefs__NA__NA,ZOO_STUDY_0458,ZOO_ES_003355,ZOO_STUDY_0458__Marginopora_vertebralis__Foraminifera__CO2479.00__T28.00__NC3,ZOO_COMMON_00792,-0.587786664902119,0.937090310533483,1.0330212998911197,2.5
Leung et al. 2022,"Schmidt et al., 2014. Coral Reefs",NA,NA,NA,Zooplankton,Holoplankton,Foraminifera,Heterostegina depressa,T,3,3,479,28,499,31,Oxygen production,positive,NA,Physiology,0.039,0.06120749592930591,0.019,0.01288578861669608,-0.719122666963206,0.850674052,NA,NA,Yes,NA,NA,NA,,20,3,Schmidt_et_al_2014_Coral_Reefs,NA,Heterostegina_depressa,Foraminifera,NA,479,28,3,Schmidt_et_al_2014_Coral_Reefs__NA__NA,ZOO_STUDY_0458,ZOO_ES_003356,ZOO_STUDY_0458__Heterostegina_depressa__Foraminifera__CO2479.00__T28.00__NC3,ZOO_COMMON_00790,-0.719122666963206,0.9743476313694548,1.0130783471464586,2.5
Leung et al. 2022,"Schmidt et al., 2014. Coral Reefs",NA,NA,NA,Zooplankton,Holoplankton,Foraminifera,Marginopora vertebralis,T,3,3,479,28,499,31,Respiration rate,ambiguous,NA,Physiology,0.016,0.011876919823329515,0.015,0.009155125697149801,-0.06453852113757118,0.510204082,NA,NA,Yes,NA,NA,NA,,20,3,Schmidt_et_al_2014_Coral_Reefs,NA,Marginopora_vertebralis,Foraminifera,NA,479,28,3,Schmidt_et_al_2014_Coral_Reefs__NA__NA,ZOO_STUDY_0458,ZOO_ES_003360,ZOO_STUDY_0458__Marginopora_vertebralis__Foraminifera__CO2479.00__T28.00__NC3,ZOO_COMMON_00792,-0.06453852113757118,0.3078458049886649,1.802326133978894,2.5
Leung et al. 2022,"Schmidt et al., 2014. Coral Reefs",NA,NA,NA,Zooplankton,Holoplankton,Foraminifera,Heterostegina depressa,T,3,3,479,28,499,31,Respiration rate,ambiguous,NA,Physiology,0.006,0.00964999735645517,0.004,0.002721794126179662,-0.40546510810816444,0.0025,NA,NA,Yes,NA,NA,NA,,20,3,Schmidt_et_al_2014_Coral_Reefs,NA,Heterostegina_depressa,Foraminifera,NA,479,28,3,Schmidt_et_al_2014_Coral_Reefs__NA__NA,ZOO_STUDY_0458,ZOO_ES_003361,ZOO_STUDY_0458__Heterostegina_depressa__Foraminifera__CO2479.00__T28.00__NC3,ZOO_COMMON_00790,-0.40546510810816444,1.0165816326530603,0.9918108857661408,2.5
Leung et al. 2022,"Schutter et al., 2015. J Mar Sci Eng",NA,NA,NA,Zooplankton,Meroplankton,Coral larvae,Acropora hyacinthus (Lyudao),T,5,5,562,27,590,31,Early developmental success,positive,NA,Reproduction,38,5.5,5,3.5,-2.0281482472922856,0.0827,NA,NA,Yes,NA,NA,NA,,28,4,Schutter_et_al_2015_J_Mar_Sci_Eng,NA,Acropora_hyacinthus_Lyudao_,Coral_larvae,NA,562,27,5,Schutter_et_al_2015_J_Mar_Sci_Eng__NA__NA,ZOO_STUDY_0461,ZOO_ES_003371,ZOO_STUDY_0461__Acropora_hyacinthus_Lyudao___Coral_larvae__CO2562.00__T27.00__NC5,ZOO_COMMON_00802,-2.0281482472922856,0.10218975069252079,3.12821309856961,2.5
Leung et al. 2022,"Schutter et al., 2015. J Mar Sci Eng",NA,NA,NA,Zooplankton,Meroplankton,Coral larvae,Acropora hyacinthus (Kochi),T,5,5,562,27,590,31,Fertilization success,positive,NA,Reproduction,86.5,4,90,0.5,0.039665256392431354,5.21e-5,NA,NA,Yes,NA,NA,NA,,28,4,Schutter_et_al_2015_J_Mar_Sci_Eng,NA,Acropora_hyacinthus_Kochi_,Coral_larvae,NA,562,27,5,Schutter_et_al_2015_J_Mar_Sci_Eng__NA__NA,ZOO_STUDY_0461,ZOO_ES_003383,ZOO_STUDY_0461__Acropora_hyacinthus_Kochi___Coral_larvae__CO2562.00__T27.00__NC5,ZOO_COMMON_00800,0.039665256392431354,4.3385167942731954e-4,48.009740498500896,4.25
Leung et al. 2022,"Schutter et al., 2015. J Mar Sci Eng",NA,NA,NA,Zooplankton,Meroplankton,Coral larvae,Acropora hyacinthus (Lyudao),T,5,5,562,27,590,31,Fertilization success,positive,NA,Reproduction,41,6,20,5,-0.7178397931503169,0.00256,NA,NA,Yes,NA,NA,NA,,28,4,Schutter_et_al_2015_J_Mar_Sci_Eng,NA,Acropora_hyacinthus_Lyudao_,Coral_larvae,NA,562,27,5,Schutter_et_al_2015_J_Mar_Sci_Eng__NA__NA,ZOO_STUDY_0461,ZOO_ES_003387,ZOO_STUDY_0461__Acropora_hyacinthus_Lyudao___Coral_larvae__CO2562.00__T27.00__NC5,ZOO_COMMON_00802,-0.7178397931503169,0.016783164782867344,7.719036076102616,2.75
Leung et al. 2022,"Sinutok et al., 2011. Limnol Oceanogr",NA,NA,NA,Zooplankton,Holoplankton,Foraminifera,Marginopora vertebralis,T,4,4,338.5,28,390.5,32,Chl a content,ambiguous,NA,Physiology,9.3,4.6,5.9,2.8,-0.4550620492475365,7.08e-5,NA,"Four pH levels were set/tested, with one value/control around pH 8.1.",Yes,NA,NA,NA,,52,4,Sinutok_et_al_2011_Limnol_Oceanogr,NA,Marginopora_vertebralis,Foraminifera,NA,338.5,28,4,Sinutok_et_al_2011_Limnol_Oceanogr__NA__NA,ZOO_STUDY_0470,ZOO_ES_003411,ZOO_STUDY_0470__Marginopora_vertebralis__Foraminifera__CO2338.50__T28.00__NC4,ZOO_COMMON_00814,-0.4550620492475365,0.11746879954073394,2.917687230917655,2.5
Leung et al. 2022,"Sinutok et al., 2011. Limnol Oceanogr",NA,NA,NA,Zooplankton,Holoplankton,Foraminifera,Marginopora vertebralis,T,4,4,338.5,28,386.7,30,Chl a content,ambiguous,NA,Physiology,9.3,4.6,5.4,1,-0.5436154465889815,7.06e-5,NA,"Four pH levels were set/tested, with one value/control around pH 8.1.",Yes,NA,NA,NA,,48.19999999999999,2,Sinutok_et_al_2011_Limnol_Oceanogr,NA,Marginopora_vertebralis,Foraminifera,NA,338.5,28,4,Sinutok_et_al_2011_Limnol_Oceanogr__NA__NA,ZOO_STUDY_0470,ZOO_ES_003412,ZOO_STUDY_0470__Marginopora_vertebralis__Foraminifera__CO2338.50__T28.00__NC4,ZOO_COMMON_00814,-0.5436154465889815,0.06973652845044526,3.786777936056148,2.5
Leung et al. 2022,"Sinutok et al., 2011. Limnol Oceanogr",NA,NA,NA,Zooplankton,Holoplankton,Foraminifera,Marginopora vertebralis,T,4,4,338.5,28,386.7,30,Crystal width,positive,NA,Physiology,0.12,0.002,0.12,0.002,0,0.00773,NA,"Four pH levels were set/tested, with one value/control around pH 8.1.",Yes,NA,NA,NA,,48.19999999999999,2,Sinutok_et_al_2011_Limnol_Oceanogr,NA,Marginopora_vertebralis,Foraminifera,NA,338.5,28,4,Sinutok_et_al_2011_Limnol_Oceanogr__NA__NA,ZOO_STUDY_0470,ZOO_ES_003423,ZOO_STUDY_0470__Marginopora_vertebralis__Foraminifera__CO2338.50__T28.00__NC4,ZOO_COMMON_00814,0,1.388888888888889e-4,84.8528137423857,4.25
Leung et al. 2022,"Sinutok et al., 2011. Limnol Oceanogr",NA,NA,NA,Zooplankton,Holoplankton,Foraminifera,Marginopora vertebralis,T,4,4,338.5,28,390.5,32,Crystal width,positive,NA,Physiology,0.12,0.002,0.095,0.01,-0.23361485118150507,1.39e-4,NA,"Four pH levels were set/tested, with one value/control around pH 8.1.",Yes,NA,NA,NA,,52,4,Sinutok_et_al_2011_Limnol_Oceanogr,NA,Marginopora_vertebralis,Foraminifera,NA,338.5,28,4,Sinutok_et_al_2011_Limnol_Oceanogr__NA__NA,ZOO_STUDY_0470,ZOO_ES_003424,ZOO_STUDY_0470__Marginopora_vertebralis__Foraminifera__CO2338.50__T28.00__NC4,ZOO_COMMON_00814,-0.23361485118150507,0.0028395275469375193,18.766226634824946,3.5
Leung et al. 2022,"Sinutok et al., 2011. Limnol Oceanogr",NA,NA,NA,Zooplankton,Holoplankton,Foraminifera,Marginopora vertebralis,T,4,4,338.5,28,386.7,30,Maximum quantum yield,positive,NA,Physiology,0.145,0.3,0.19,0.02,0.27029032973991185,1.214556478,NA,NA,Yes,NA,NA,NA,,48.19999999999999,2,Sinutok_et_al_2011_Limnol_Oceanogr,NA,Marginopora_vertebralis,Foraminifera,NA,338.5,28,4,Sinutok_et_al_2011_Limnol_Oceanogr__NA__NA,ZOO_STUDY_0470,ZOO_ES_003425,ZOO_STUDY_0470__Marginopora_vertebralis__Foraminifera__CO2338.50__T28.00__NC4,ZOO_COMMON_00814,0.27029032973991185,1.072924660985965,0.9654179873851982,2.5
Leung et al. 2022,"Sinutok et al., 2011. Limnol Oceanogr",NA,NA,NA,Zooplankton,Holoplankton,Foraminifera,Marginopora vertebralis,T,4,4,338.5,28,390.5,32,Maximum quantum yield,positive,NA,Physiology,0.145,0.3,0.14,0.1,-0.03509131981126994,0.18877551,NA,"Four pH levels were set/tested, with one value/control around pH 8.1.",Yes,NA,NA,NA,,52,4,Sinutok_et_al_2011_Limnol_Oceanogr,NA,Marginopora_vertebralis,Foraminifera,NA,338.5,28,4,Sinutok_et_al_2011_Limnol_Oceanogr__NA__NA,ZOO_STUDY_0470,ZOO_ES_003429,ZOO_STUDY_0470__Marginopora_vertebralis__Foraminifera__CO2338.50__T28.00__NC4,ZOO_COMMON_00814,-0.03509131981126994,1.1977055982916354,0.9137448878909754,2.5
Leung et al. 2022,"Sinutok et al., 2011. Limnol Oceanogr",NA,NA,NA,Zooplankton,Holoplankton,Foraminifera,Marginopora vertebralis,T,4,4,338.5,28,390.5,32,Oxygen production,positive,NA,Physiology,8.4,1.2,7.6,1.6,-0.10008345855698265,0.00901,NA,"Four pH levels were set/tested, with one value/control around pH 8.1.",Yes,NA,NA,NA,,52,4,Sinutok_et_al_2011_Limnol_Oceanogr,NA,Marginopora_vertebralis,Foraminifera,NA,338.5,28,4,Sinutok_et_al_2011_Limnol_Oceanogr__NA__NA,ZOO_STUDY_0470,ZOO_ES_003433,ZOO_STUDY_0470__Marginopora_vertebralis__Foraminifera__CO2338.50__T28.00__NC4,ZOO_COMMON_00814,-0.10008345855698265,0.01618237322629883,7.861019856721705,2.75
Leung et al. 2022,"Sinutok et al., 2011. Limnol Oceanogr",NA,NA,NA,Zooplankton,Holoplankton,Foraminifera,Marginopora vertebralis,T,4,4,338.5,28,386.7,30,Oxygen production,positive,NA,Physiology,8.4,1.2,7.5,5.8,-0.11332868530700324,0.1174688,NA,NA,Yes,NA,NA,NA,,48.19999999999999,2,Sinutok_et_al_2011_Limnol_Oceanogr,NA,Marginopora_vertebralis,Foraminifera,NA,338.5,28,4,Sinutok_et_al_2011_Limnol_Oceanogr__NA__NA,ZOO_STUDY_0470,ZOO_ES_003434,ZOO_STUDY_0470__Marginopora_vertebralis__Foraminifera__CO2338.50__T28.00__NC4,ZOO_COMMON_00814,-0.11332868530700324,0.15461315192743766,2.543178147058128,2.5
Leung et al. 2022,"Sinutok et al., 2011. Limnol Oceanogr",NA,NA,NA,Zooplankton,Holoplankton,Foraminifera,Marginopora vertebralis,T,4,4,338.5,28,340.8,34,Oxygen production,positive,NA,Physiology,8.4,1.2,4.1,1.2,-0.717244732139006,0.0656,NA,NA,Yes,NA,NA,NA,,2.3000000000000114,6,Sinutok_et_al_2011_Limnol_Oceanogr,NA,Marginopora_vertebralis,Foraminifera,NA,338.5,28,4,Sinutok_et_al_2011_Limnol_Oceanogr__NA__NA,ZOO_STUDY_0470,ZOO_ES_003435,ZOO_STUDY_0470__Marginopora_vertebralis__Foraminifera__CO2338.50__T28.00__NC4,ZOO_COMMON_00814,-0.717244732139006,0.026517864730663233,6.140881607716877,2
Leung et al. 2022,"Sinutok et al., 2014. Mar Biol",NA,NA,NA,Zooplankton,Holoplankton,Foraminifera,Marginopora vertebralis,T,4,4,381,28,427,32,Calcifiation rate,positive,NA,Physiology,0.11,0.06,0.06,0.06,-0.6061358035703156,0.00443,NA,NA,Yes,NA,NA,NA,,46,4,Sinutok_et_al_2014_Mar_Biol,NA,Marginopora_vertebralis,Foraminifera,NA,381,28,4,Sinutok_et_al_2014_Mar_Biol__NA__NA,ZOO_STUDY_0471,ZOO_ES_003445,ZOO_STUDY_0471__Marginopora_vertebralis__Foraminifera__CO2381.00__T28.00__NC4,ZOO_COMMON_00816,-0.6061358035703156,0.3243801652892562,1.7557911458287687,2.5
Leung et al. 2022,"Sinutok et al., 2014. Mar Biol",NA,NA,NA,Zooplankton,Holoplankton,Foraminifera,Marginopora vertebralis,T,4,4,381,28,427,32,Chl a content,ambiguous,NA,Physiology,16.3,1.4,6.1,0.6,-0.9828763366334512,0.120298533,NA,NA,Yes,NA,NA,NA,,46,4,Sinutok_et_al_2014_Mar_Biol,NA,Marginopora_vertebralis,Foraminifera,NA,381,28,4,Sinutok_et_al_2014_Mar_Biol__NA__NA,ZOO_STUDY_0471,ZOO_ES_003447,ZOO_STUDY_0471__Marginopora_vertebralis__Foraminifera__CO2381.00__T28.00__NC4,ZOO_COMMON_00816,-0.9828763366334512,0.004262959231695895,15.315966590513709,2.75
Leung et al. 2022,"Sinutok et al., 2014. Mar Biol",NA,NA,NA,Zooplankton,Holoplankton,Foraminifera,Marginopora vertebralis,T,4,4,381,28,427,32,Maximum quantum yield of PSII,positive,NA,Physiology,0.7,0.002,0.06,0.1,-2.456735772821304,0.00814,NA,NA,Yes,NA,NA,NA,,46,4,Sinutok_et_al_2014_Mar_Biol,NA,Marginopora_vertebralis,Foraminifera,NA,381,28,4,Sinutok_et_al_2014_Mar_Biol__NA__NA,ZOO_STUDY_0471,ZOO_ES_003451,ZOO_STUDY_0471__Marginopora_vertebralis__Foraminifera__CO2381.00__T28.00__NC4,ZOO_COMMON_00816,-2.456735772821304,0.6944464852607711,1.19999823673858,2.5
Ross et al. 2024,Gibbs et al. 2021a,NA,NA,https://academic.oup.com/icesjms/article/78/6/2017/6306814,Zooplankton,Meroplankton,Mollusca,Saccostrea glomerata,T,3,3,NA,24,NA,28,larval mortality (%) at 9 days of age,negative,NA,Survival,44.44444444,12.83000598,93.12169312,3.665715995,-0.739667196,0.0283,NA,"flip sign because we are looking at mortality, instead of survival",Yes,NA,NA,NA,,NA,4,Gibbs_et_al_2021a,NA,Saccostrea_glomerata,Mollusca,NA,NA,24,3,Gibbs_et_al_2021a__NA__NA,ZOO_STUDY_0181,ZOO_ES_003493,ZOO_STUDY_0181__Saccostrea_glomerata__Mollusca__CO2NA__T24.00__NC3,ZOO_COMMON_00313,0.7396671962766564,0.02829430670038863,5.944981008581905,2
Ross et al. 2024,Gibbs et al. 2021a,NA,NA,https://academic.oup.com/icesjms/article/78/6/2017/6306814,Zooplankton,Meroplankton,Mollusca,Saccostrea glomerata,T,3,3,NA,24,NA,28,larval mortality (%) at 9 days of age,negative,NA,Survival,19.57671958,2.749286996,41.26984127,5.498573992,-0.745790914,0.0125,NA,"flip sign because we are looking at mortality, instead of survival",Yes,NA,NA,NA,,NA,4,Gibbs_et_al_2021a,NA,Saccostrea_glomerata,Mollusca,NA,NA,24,3,Gibbs_et_al_2021a__NA__NA,ZOO_STUDY_0181,ZOO_ES_003504,ZOO_STUDY_0181__Saccostrea_glomerata__Mollusca__CO2NA__T24.00__NC3,ZOO_COMMON_00313,0.7457909138816459,0.01249130146905977,8.947385616211498,2.75
Leung et al. 2022,"Talmage and Gobler, 2011. Plos One",NA,NA,NA,Zooplankton,Meroplankton,Bivalve larvae,Mercenaria mercenaria,T,4,4,375.3,24,379,28,Diameter of larvae,positive,NA,Growth,455,35,450,35,-1.098612289,0.0125,NA,NA,Yes,NA,NA,NA,,3.6999999999999886,4,Talmage_and_Gobler_2011_Plos_One,NA,Mercenaria_mercenaria,Bivalve_larvae,NA,375.3,24,4,Talmage_and_Gobler_2011_Plos_One__NA__NA,ZOO_STUDY_0494,ZOO_ES_003508,ZOO_STUDY_0494__Mercenaria_mercenaria__Bivalve_larvae__CO2375.30__T24.00__NC4,ZOO_COMMON_00853,-0.011049836186584935,0.002991635619840748,18.282923928307873,3.5
Leung et al. 2022,"Talmage and Gobler, 2011. Plos One",NA,NA,NA,Zooplankton,Meroplankton,Bivalve larvae,Crassostrea virginica,T,4,4,400,24,399.5,28,Diameter of larvae,positive,NA,Growth,475,25,460,20,-2.862200881,0.00396,NA,NA,Yes,NA,NA,NA,,-0.5,4,Talmage_and_Gobler_2011_Plos_One,NA,Crassostrea_virginica,Bivalve_larvae,NA,400,24,4,Talmage_and_Gobler_2011_Plos_One__NA__NA,ZOO_STUDY_0494,ZOO_ES_003510,ZOO_STUDY_0494__Crassostrea_virginica__Bivalve_larvae__CO2400.00__T24.00__NC4,ZOO_COMMON_00852,-0.03208831455150051,0.0011651105676837603,29.296546561829402,3.5
Leung et al. 2022,"Talmage and Gobler, 2011. Plos One",NA,NA,NA,Zooplankton,Meroplankton,Bivalve larvae,Mercenaria mercenaria,T,4,4,375.3,24,379,28,Metamorphosis,ambiguous,NA,Development,15,3,13,1,-0.1431008436406733,0.00414,NA,NA,Yes,NA,NA,NA,,3.6999999999999886,4,Talmage_and_Gobler_2011_Plos_One,NA,Mercenaria_mercenaria,Bivalve_larvae,NA,375.3,24,4,Talmage_and_Gobler_2011_Plos_One__NA__NA,ZOO_STUDY_0494,ZOO_ES_003512,ZOO_STUDY_0494__Mercenaria_mercenaria__Bivalve_larvae__CO2375.30__T24.00__NC4,ZOO_COMMON_00853,-0.1431008436406733,0.011479289940828403,9.333456062030596,2.75
Leung et al. 2022,"Talmage and Gobler, 2011. Plos One",NA,NA,NA,Zooplankton,Meroplankton,Bivalve larvae,Mercenaria mercenaria,T,4,4,375.3,24,379,28,Survival of larvae,positive,NA,Survival,30,2,14,1,-0.7621400520468967,0.0934,NA,NA,Yes,NA,NA,NA,,3.6999999999999886,4,Talmage_and_Gobler_2011_Plos_One,NA,Mercenaria_mercenaria,Bivalve_larvae,NA,375.3,24,4,Talmage_and_Gobler_2011_Plos_One__NA__NA,ZOO_STUDY_0494,ZOO_ES_003519,ZOO_STUDY_0494__Mercenaria_mercenaria__Bivalve_larvae__CO2375.30__T24.00__NC4,ZOO_COMMON_00853,-0.7621400520468967,0.0023866213151927437,20.469547510800332,3.5
Leung et al. 2022,"Talmage and Gobler, 2011. Plos One",NA,NA,NA,Zooplankton,Meroplankton,Bivalve larvae,Crassostrea virginica,T,4,4,400,24,399.5,28,Survival of larvae,positive,NA,Survival,73,1,34,2,-0.7640989165322298,9.12e-4,NA,NA,Yes,NA,NA,NA,,-0.5,4,Talmage_and_Gobler_2011_Plos_One,NA,Crassostrea_virginica,Bivalve_larvae,NA,400,24,4,Talmage_and_Gobler_2011_Plos_One__NA__NA,ZOO_STUDY_0494,ZOO_ES_003520,ZOO_STUDY_0494__Crassostrea_virginica__Bivalve_larvae__CO2400.00__T24.00__NC4,ZOO_COMMON_00852,-0.7640989165322298,9.119650200216742e-4,33.11394397933983,3.5
Hamraj et al. 2021,"Mathews et al., 2018",2018,NA,https://pubmed.ncbi.nlm.nih.gov/29948318/,Zooplankton,Holoplankton,Calanoid copepod,Parvocalanus crassirostris,T,3,3,NA,24,NA,28,Survival,ambiguous,NA,Survival,100,0.770708916,46.277126,9.03334471,-0.770522386,0.0127,NA,not sure which specific metric was looked into,Yes,NA,NA,NA,,NA,4,Mathews_et_al_2018,NA,Parvocalanus_crassirostris,Calanoid_copepod,2018,NA,24,3,Mathews_et_al_2018__2018__NA,ZOO_STUDY_0338,ZOO_ES_003530,ZOO_STUDY_0338__Parvocalanus_crassirostris__Calanoid_copepod__CO2NA__T24.00__NC3,ZOO_COMMON_00592,-0.7705223858502077,0.012720952875050033,8.866254190399255,2.75
Leung et al. 2022,"Thiyagarajan and Ko, 2012. Aquaculture",NA,NA,NA,Zooplankton,Meroplankton,Oyster larvae,Crassostrea angulata,T,4,4,696,24,475.7,30,Larval shell area,positive,NA,Physiology,7.2,0.5,6.4,1.2,-0.11778303565638339,0.00999,NA,NA,Yes,NA,NA,NA,,-220.3,6,Thiyagarajan_and_Ko_2012_Aquaculture,NA,Crassostrea_angulata,Oyster_larvae,NA,696,24,4,Thiyagarajan_and_Ko_2012_Aquaculture__NA__NA,ZOO_STUDY_0497,ZOO_ES_003535,ZOO_STUDY_0497__Crassostrea_angulata__Oyster_larvae__CO2696.00__T24.00__NC4,ZOO_COMMON_00859,-0.11778303565638339,0.009994695216049381,10.002653447719506,2.75
Lang et al. 2023,Li et al. 2011,2011,NA,NA,Zooplankton,Meroplankton,Echinoderm,Apostichopus japonicus,T,30,30,NA,21,NA,27,Survival day 8 feeding (%),positive,NA,Survival,90.8,12.05,41.7,24.1,-0.7782,0.0117206,NA,NA,Yes,NA,NA,NA,,NA,6,Li_et_al_2011,NA,Apostichopus_japonicus,Echinoderm,2011,NA,21,30,Li_et_al_2011__2011__NA,ZOO_STUDY_0308,ZOO_ES_003539,ZOO_STUDY_0308__Apostichopus_japonicus__Echinoderm__CO2NA__T21.00__NC30,ZOO_COMMON_00534,-0.7781581568024917,0.011720789082560065,9.23680073241887,2.75
Leung et al. 2022,"Vihtakari et al., 2013. Water",NA,NA,NA,Zooplankton,Meroplankton,Mussel larvae,Mytilus galloprovincialis,T,3,3,490,17,504,20,Calcification rate,positive,NA,Physiology,2.3,1.7296110255950556,9.8,3.1192636146725166,1.4494732627414222,0.00116,NA,NA,Yes,NA,NA,NA,,14,3,Vihtakari_et_al_2013_Water,NA,Mytilus_galloprovincialis,Mussel_larvae,NA,490,17,3,Vihtakari_et_al_2013_Water__NA__NA,ZOO_STUDY_0525,ZOO_ES_003585,ZOO_STUDY_0525__Mytilus_galloprovincialis__Mussel_larvae__CO2490.00__T17.00__NC3,ZOO_COMMON_00915,1.4494732627414222,0.22227371264521134,2.121074623975994,2.5
Ross et al. 2024,Gibbs et al. 2021a,NA,NA,https://academic.oup.com/icesjms/article/78/6/2017/6306814,Zooplankton,Meroplankton,Mollusca,Saccostrea glomerata,T,3,3,NA,24,NA,28,larval mortality (%) at 9 days of age,negative,NA,Survival,38.0952381,11.91357698,85.5721393,3.446867279,-0.809270465,0.0331,NA,"flip sign because we are looking at mortality, instead of survival",Yes,NA,NA,NA,,NA,4,Gibbs_et_al_2021a,NA,Saccostrea_glomerata,Mollusca,NA,NA,24,3,Gibbs_et_al_2021a__NA__NA,ZOO_STUDY_0181,ZOO_ES_003588,ZOO_STUDY_0181__Saccostrea_glomerata__Mollusca__CO2NA__T24.00__NC3,ZOO_COMMON_00313,0.8092704646322667,0.033141141498649045,5.493084356970083,2
Leung et al. 2022,"Vihtakari et al., 2013. Water",NA,NA,NA,Zooplankton,Meroplankton,Mussel larvae,Mytilus galloprovincialis,T,3,3,490,17,504,20,Larval respiration rate,ambiguous,NA,Physiology,0.12,0.106784631897591,0.6,0.14257393768275337,1.6094379124341003,0.611936025,NA,NA,Yes,NA,NA,NA,,14,3,Vihtakari_et_al_2013_Water,NA,Mytilus_galloprovincialis,Mussel_larvae,NA,490,17,3,Vihtakari_et_al_2013_Water__NA__NA,ZOO_STUDY_0525,ZOO_ES_003589,ZOO_STUDY_0525__Mytilus_galloprovincialis__Mussel_larvae__CO2490.00__T17.00__NC3,ZOO_COMMON_00915,1.6094379124341003,0.28277895179996837,1.8805135187162096,2.5
Leung et al. 2022,"Vihtakari et al., 2013. Water",NA,NA,NA,Zooplankton,Meroplankton,Mussel larvae,Mytilus galloprovincialis,T,3,3,490,17,504,20,Larval size,positive,NA,Growth,74.7,1.7213712162517885,65.2,3.2036593416696393,-0.116278144,0.00101,NA,NA,Yes,NA,NA,NA,,14,3,Vihtakari_et_al_2013_Water,NA,Mytilus_galloprovincialis,Mussel_larvae,NA,490,17,3,Vihtakari_et_al_2013_Water__NA__NA,ZOO_STUDY_0525,ZOO_ES_003592,ZOO_STUDY_0525__Mytilus_galloprovincialis__Mussel_larvae__CO2490.00__T17.00__NC3,ZOO_COMMON_00915,-0.13602062320616437,9.817836576325692e-4,31.91479804850185,3.5
Ross et al. 2024,Gibbs et al. 2021c,2021,Energetic lipid responses of larval oysters to ocean acidification,https://www.sciencedirect.com/science/article/abs/pii/S0025326X21004756,Zooplankton,Meroplankton,Mollusca,Saccostrea glomerata,T,3,3,NA,24,NA,28,Larval mortality at 9 days,negative,NA,Survival,30.12048193,9.738438275,67.87148594,10.78184238,-0.812410601,0.0433,NA,"flip sign because we are looking at mortality, instead of survival",Yes,NA,NA,NA,,NA,4,Gibbs_et_al_2021c,Energetic_lipid_responses_of_larval_oysters_to_ocean_acidification,Saccostrea_glomerata,Mollusca,2021,NA,24,3,Gibbs_et_al_2021c__2021__Energetic_lipid_responses_of_larval_oysters_to_ocean_acidification,ZOO_STUDY_0183,ZOO_ES_003594,ZOO_STUDY_0183__Saccostrea_glomerata__Mollusca__CO2NA__T24.00__NC3,ZOO_COMMON_00317,0.8124106012551418,0.04325626475657504,4.808122153035135,2
Leung et al. 2022,"Waller et al., 2017. ICES J Mar Sci",NA,NA,NA,Zooplankton,Meroplankton,Lobster larvae,Homarus americanus,T,3,3,360,16,347,19,Dry mass (Stage III),positive,NA,Growth,3,0.2,2.8,0.4,0.0645,0.00278,NA,NA,Yes,NA,NA,NA,,-13,3,Waller_et_al_2017_ICES_J_Mar_Sci,NA,Homarus_americanus,Lobster_larvae,NA,360,16,3,Waller_et_al_2017_ICES_J_Mar_Sci__NA__NA,ZOO_STUDY_0531,ZOO_ES_003624,ZOO_STUDY_0531__Homarus_americanus__Lobster_larvae__CO2360.00__T16.00__NC3,ZOO_COMMON_00932,-0.06899287148695156,0.008284202569916858,10.986886676038703,2.75
Leung et al. 2022,"Waller et al., 2017. ICES J Mar Sci",NA,NA,NA,Zooplankton,Meroplankton,Lobster larvae,Homarus americanus,T,3,3,360,16,347,19,Larval development (Stage IV),ambiguous,NA,Development,26,7,13.5,1.5,-0.6554068525770982,0.00367,NA,NA,Yes,NA,NA,NA,,-13,3,Waller_et_al_2017_ICES_J_Mar_Sci,NA,Homarus_americanus,Lobster_larvae,NA,360,16,3,Waller_et_al_2017_ICES_J_Mar_Sci__NA__NA,ZOO_STUDY_0531,ZOO_ES_003627,ZOO_STUDY_0531__Homarus_americanus__Lobster_larvae__CO2360.00__T16.00__NC3,ZOO_COMMON_00932,-0.6554068525770982,0.0282769620376458,5.94680400999239,2
Leung et al. 2022,"Waller et al., 2017. ICES J Mar Sci",NA,NA,NA,Zooplankton,Meroplankton,Lobster larvae,Homarus americanus,T,3,3,360,16,347,19,Larval feeding rate (Stage IV),ambiguous,NA,Physiology,9.3,2.8,10,2,0.07257069283483537,0.0283,NA,NA,Yes,NA,NA,NA,,-13,3,Waller_et_al_2017_ICES_J_Mar_Sci,NA,Homarus_americanus,Lobster_larvae,NA,360,16,3,Waller_et_al_2017_ICES_J_Mar_Sci__NA__NA,ZOO_STUDY_0531,ZOO_ES_003630,ZOO_STUDY_0531__Homarus_americanus__Lobster_larvae__CO2360.00__T16.00__NC3,ZOO_COMMON_00932,0.07257069283483537,0.04354877249778394,4.791947385323397,2
Leung et al. 2022,"Waller et al., 2017. ICES J Mar Sci",NA,NA,NA,Zooplankton,Meroplankton,Lobster larvae,Homarus americanus,T,3,3,360,16,347,19,Oxygen consumption rate (Stage IV),ambiguous,NA,Physiology,910,70,1180,30,0.25982511794881474,0.00828,NA,NA,Yes,NA,NA,NA,,-13,3,Waller_et_al_2017_ICES_J_Mar_Sci,NA,Homarus_americanus,Lobster_larvae,NA,360,16,3,Waller_et_al_2017_ICES_J_Mar_Sci__NA__NA,ZOO_STUDY_0531,ZOO_ES_003632,ZOO_STUDY_0531__Homarus_americanus__Lobster_larvae__CO2360.00__T16.00__NC3,ZOO_COMMON_00932,0.25982511794881474,0.002187841916699672,21.37922858050105,3.5
Leung et al. 2022,"Walther et al., 2011. Mar Biol",NA,NA,NA,Zooplankton,Meroplankton,Crab larvae,Svalbard,T,10,10,354,3,346,9,Calcium content,positive,NA,Physiology,2.25,0.25,3.1,0.1,0.32047189527477177,6.75e-4,NA,NA,Yes,NA,NA,NA,,-8,6,Walther_et_al_2011_Mar_Biol,NA,Svalbard,Crab_larvae,NA,354,3,10,Walther_et_al_2011_Mar_Biol__NA__NA,ZOO_STUDY_0534,ZOO_ES_003636,ZOO_STUDY_0534__Svalbard__Crab_larvae__CO2354.00__T3.00__NC10,ZOO_COMMON_00936,0.32047189527477177,0.001338626173867242,27.331932770009843,3.5
Ross et al. 2024,Gibbs et al. 2021a,NA,NA,https://academic.oup.com/icesjms/article/78/6/2017/6306814,Zooplankton,Meroplankton,Mollusca,Saccostrea glomerata,T,3,3,NA,24,NA,28,larval mortality (%) at 9 days of age,negative,NA,Survival,40.86021505,11.17452134,94.17989418,4.582144994,-0.835049869,0.0257,NA,"flip sign because we are looking at mortality, instead of survival",Yes,NA,NA,NA,,NA,4,Gibbs_et_al_2021a,NA,Saccostrea_glomerata,Mollusca,NA,NA,24,3,Gibbs_et_al_2021a__NA__NA,ZOO_STUDY_0181,ZOO_ES_003650,ZOO_STUDY_0181__Saccostrea_glomerata__Mollusca__CO2NA__T24.00__NC3,ZOO_COMMON_00313,0.8350498687525418,0.025719789718604807,6.235428350406774,2
Ross et al. 2024,Gibbs et al. 2021a,NA,NA,https://academic.oup.com/icesjms/article/78/6/2017/6306814,Zooplankton,Meroplankton,Mollusca,Saccostrea glomerata,T,3,3,NA,24,NA,28,larval mortality (%) at 9 days of age,negative,NA,Survival,20.63492063,10.99714798,47.76119403,12.06403548,-0.839228652,0.115941917,NA,"flip sign because we are looking at mortality, instead of survival",Yes,NA,NA,NA,,NA,4,Gibbs_et_al_2021a,NA,Saccostrea_glomerata,Mollusca,NA,NA,24,3,Gibbs_et_al_2021a__NA__NA,ZOO_STUDY_0181,ZOO_ES_003656,ZOO_STUDY_0181__Saccostrea_glomerata__Mollusca__CO2NA__T24.00__NC3,ZOO_COMMON_00313,0.8392286525803431,0.11594191730605896,2.9368364455502043,2.5
Leung et al. 2022,"García et al., 2018. Mar Environ Res",NA,NA,NA,Zooplankton,Meroplankton,Urchin larvae,Paracentrotus lividus,T,3,3,899.1,19,910.2,25,Larval density,ambiguous,NA,Survival,240,9,102,7,-0.8556661100577202,1.40957782,NA,NA,Yes,NA,NA,NA,,11.100000000000023,6,Garc_a_et_al_2018_Mar_Environ_Res,NA,Paracentrotus_lividus,Urchin_larvae,NA,899.1,19,3,Garc_a_et_al_2018_Mar_Environ_Res__NA__NA,ZOO_STUDY_0165,ZOO_ES_003658,ZOO_STUDY_0165__Paracentrotus_lividus__Urchin_larvae__CO2899.10__T19.00__NC3,ZOO_COMMON_00283,-0.8556661100577202,0.002038659009355376,22.147652696700757,3.5
Lang et al. 2023,Nguyen et al. 2012,2012,NA,NA,Zooplankton,Meroplankton,Echinoderm,Meridiastra calcar,T,12,12,NA,19,NA,23,Mortality day 5 (%),negative,NA,Survival,26.22,5.02,68.31,20.02,-0.9575,0.0102178,NA,NA,Yes,NA,NA,NA,,NA,4,Nguyen_et_al_2012,NA,Meridiastra_calcar,Echinoderm,2012,NA,19,12,Nguyen_et_al_2012__2012__NA,ZOO_STUDY_0370,ZOO_ES_003704,ZOO_STUDY_0370__Meridiastra_calcar__Echinoderm__CO2NA__T19.00__NC12,ZOO_COMMON_00646,0.9575336904082042,0.010212425210829384,9.895450153632419,2.75
Ross et al. 2024,Gibbs et al. 2021a,NA,NA,https://academic.oup.com/icesjms/article/78/6/2017/6306814,Zooplankton,Meroplankton,Mollusca,Saccostrea glomerata,T,3,3,NA,24,NA,28,larval mortality (%) at 9 days of age,negative,NA,Survival,30.68783069,12.83000598,84.65608466,6.415002991,-1.014730805,0.0602,NA,"flip sign because we are looking at mortality, instead of survival",Yes,NA,NA,NA,,NA,4,Gibbs_et_al_2021a,NA,Saccostrea_glomerata,Mollusca,NA,NA,24,3,Gibbs_et_al_2021a__NA__NA,ZOO_STUDY_0181,ZOO_ES_003713,ZOO_STUDY_0181__Saccostrea_glomerata__Mollusca__CO2NA__T24.00__NC3,ZOO_COMMON_00313,1.0147308046629682,0.06017803393604332,4.0764395129253215,2
Ross et al. 2024,Gibbs et al. 2021a,NA,NA,https://academic.oup.com/icesjms/article/78/6/2017/6306814,Zooplankton,Meroplankton,Mollusca,Saccostrea glomerata,T,3,3,NA,24,NA,28,larval mortality (%) at 9 days of age,negative,NA,Survival,30.64516129,11.17452134,85.18518519,5.498573992,-1.022352756,0.0457,NA,"flip sign because we are looking at mortality, instead of survival",Yes,NA,NA,NA,,NA,4,Gibbs_et_al_2021a,NA,Saccostrea_glomerata,Mollusca,NA,NA,24,3,Gibbs_et_al_2021a__NA__NA,ZOO_STUDY_0181,ZOO_ES_003715,ZOO_STUDY_0181__Saccostrea_glomerata__Mollusca__CO2NA__T24.00__NC3,ZOO_COMMON_00313,1.0223527558705199,0.04571016495451314,4.6772825471313615,2
Ross et al. 2024,Gibbs et al. 2021c,2021,Energetic lipid responses of larval oysters to ocean acidification,https://www.sciencedirect.com/science/article/abs/pii/S0025326X21004756,Zooplankton,Meroplankton,Mollusca,Saccostrea glomerata,T,3,3,NA,24,NA,28,Larval mortality at 9 days,negative,NA,Survival,34.13654618,11.12964374,98.99598394,1.043404101,-1.064710737,0.0355,NA,"flip sign because we are looking at mortality, instead of survival",Yes,NA,NA,NA,,NA,4,Gibbs_et_al_2021c,Energetic_lipid_responses_of_larval_oysters_to_ocean_acidification,Saccostrea_glomerata,Mollusca,2021,NA,24,3,Gibbs_et_al_2021c__2021__Energetic_lipid_responses_of_larval_oysters_to_ocean_acidification,ZOO_STUDY_0183,ZOO_ES_003717,ZOO_STUDY_0183__Saccostrea_glomerata__Mollusca__CO2NA__T24.00__NC3,ZOO_COMMON_00317,1.0647107371742537,0.03546955550982377,5.309726200114909,2
Lang et al. 2023,Nguyen et al. 2012,2012,NA,NA,Zooplankton,Meroplankton,Echinoderm,Meridiastra calcar,T,12,12,NA,19,NA,23,Mortality day 3 (%),negative,NA,Survival,17.56,12.57,62.86,19.09,-1.2753,0.0504165,NA,NA,Yes,NA,NA,NA,,NA,4,Nguyen_et_al_2012,NA,Meridiastra_calcar,Echinoderm,2012,NA,19,12,Nguyen_et_al_2012__2012__NA,ZOO_STUDY_0370,ZOO_ES_003723,ZOO_STUDY_0370__Meridiastra_calcar__Echinoderm__CO2NA__T19.00__NC12,ZOO_COMMON_00646,1.2752864431624509,0.050386892484819104,4.4549333662367525,2
Ross et al. 2024,Gibbs et al. 2021a,NA,NA,https://academic.oup.com/icesjms/article/78/6/2017/6306814,Zooplankton,Meroplankton,Mollusca,Saccostrea glomerata,T,3,3,NA,24,NA,28,larval mortality (%) at 9 days of age,negative,NA,Survival,18.8172043,13.96815167,72.48677249,4.582144994,-1.348632523,0.185005453,NA,"flip sign because we are looking at mortality, instead of survival",Yes,NA,NA,NA,,NA,4,Gibbs_et_al_2021a,NA,Saccostrea_glomerata,Mollusca,NA,NA,24,3,Gibbs_et_al_2021a__NA__NA,ZOO_STUDY_0181,ZOO_ES_003728,ZOO_STUDY_0181__Saccostrea_glomerata__Mollusca__CO2NA__T24.00__NC3,ZOO_COMMON_00313,1.3486325230939387,0.18500545289515585,2.3249185115156488,2.5
Ross et al. 2024,Gibbs et al. 2021a,NA,NA,https://academic.oup.com/icesjms/article/78/6/2017/6306814,Zooplankton,Meroplankton,Mollusca,Saccostrea glomerata,T,3,3,NA,24,NA,28,larval mortality (%) at 9 days of age,negative,NA,Survival,5.82010582,7.33143199,22.75132275,8.247860988,-1.363304843,0.572733083,NA,"flip sign because we are looking at mortality, instead of survival",Yes,NA,NA,NA,,NA,4,Gibbs_et_al_2021a,NA,Saccostrea_glomerata,Mollusca,NA,NA,24,3,Gibbs_et_al_2021a__NA__NA,ZOO_STUDY_0181,ZOO_ES_003729,ZOO_STUDY_0181__Saccostrea_glomerata__Mollusca__CO2NA__T24.00__NC3,ZOO_COMMON_00313,1.3633048428552341,0.5727330833902341,1.3213682422656832,2.5
Ross et al. 2024,Gibbs et al. 2021a,NA,NA,https://academic.oup.com/icesjms/article/78/6/2017/6306814,Zooplankton,Meroplankton,Mollusca,Saccostrea glomerata,T,3,3,NA,24,NA,28,larval mortality (%) at 9 days of age,negative,NA,Survival,14.81481481,7.33143199,82.53968254,9.164289987,-1.717651497,0.0857,NA,"flip sign because we are looking at mortality, instead of survival",Yes,NA,NA,NA,,NA,4,Gibbs_et_al_2021a,NA,Saccostrea_glomerata,Mollusca,NA,NA,24,3,Gibbs_et_al_2021a__NA__NA,ZOO_STUDY_0181,ZOO_ES_003768,ZOO_STUDY_0181__Saccostrea_glomerata__Mollusca__CO2NA__T24.00__NC3,ZOO_COMMON_00313,1.7176514974031794,0.08574179184512314,3.4151023378052816,2.5
Ross et al. 2024,Gibbs et al. 2021c,2021,Energetic lipid responses of larval oysters to ocean acidification,https://www.sciencedirect.com/science/article/abs/pii/S0025326X21004756,Zooplankton,Meroplankton,Mollusca,Saccostrea glomerata,T,3,3,NA,24,NA,28,Larval mortality at 9 days,negative,NA,Survival,13.65461847,5.912623239,87.14859438,6.608225973,-1.853536829,0.0644,NA,"flip sign because we are looking at mortality, instead of survival",Yes,NA,NA,NA,,NA,4,Gibbs_et_al_2021c,Energetic_lipid_responses_of_larval_oysters_to_ocean_acidification,Saccostrea_glomerata,Mollusca,2021,NA,24,3,Gibbs_et_al_2021c__2021__Energetic_lipid_responses_of_larval_oysters_to_ocean_acidification,ZOO_STUDY_0183,ZOO_ES_003772,ZOO_STUDY_0183__Saccostrea_glomerata__Mollusca__CO2NA__T24.00__NC3,ZOO_COMMON_00317,1.8535368292381638,0.06441658353316661,3.9400447667760905,2
Lang et al. 2023,Balogh and Byrne 2020,2020,NA,NA,Zooplankton,Meroplankton,Echinoderm,Parvulastra exigua,T,6,6,NA,18,NA,26,Survival day 10 (%),positive,NA,Survival,96.07,4.83,14.25,17.32,-1.9083,0.2465757,NA,NA,Yes,NA,NA,NA,,NA,8,Balogh_and_Byrne_2020,NA,Parvulastra_exigua,Echinoderm,2020,NA,18,6,Balogh_and_Byrne_2020__2020__NA,ZOO_STUDY_0028,ZOO_ES_003774,ZOO_STUDY_0028__Parvulastra_exigua__Echinoderm__CO2NA__T18.00__NC6,ZOO_COMMON_00042,-1.9083201857069876,0.24663644033031007,2.013591541371538,2.5
Lang et al. 2023,Balogh and Byrne 2020,2020,NA,NA,Zooplankton,Meroplankton,Echinoderm,Parvulastra exigua,T,6,6,NA,18,NA,28,Survival day 10 (%),positive,NA,Survival,96.07,4.83,7.63,5.85,-2.533,0.098538,NA,NA,Yes,NA,NA,NA,,NA,10,Balogh_and_Byrne_2020,NA,Parvulastra_exigua,Echinoderm,2020,NA,18,6,Balogh_and_Byrne_2020__2020__NA,ZOO_STUDY_0028,ZOO_ES_003779,ZOO_STUDY_0028__Parvulastra_exigua__Echinoderm__CO2NA__T18.00__NC6,ZOO_COMMON_00042,-2.5329892471252813,0.09839540447785122,3.1879580089279465,2.5
Ross et al. 2024,Parker 2010,NA,NA,https://link.springer.com/article/10.1007/s00227-010-1508-3,Zooplankton,Meroplankton,Mollusca,Saccostrea glomerata,T,3,3,NA,26,NA,30,NA,positive,NA,Growth,75.59879226,0.756303445,71.66892428,1.260505741,-0.0534,1.36e-4,NA,NA,Yes,NA,NA,NA,,NA,4,Parker_2010,NA,Saccostrea_glomerata,Mollusca,NA,NA,26,3,Parker_2010__NA__NA,ZOO_STUDY_0397,ZOO_ES_003809,ZOO_STUDY_0397__Saccostrea_glomerata__Mollusca__CO2NA__T26.00__NC3,ZOO_COMMON_00684,-0.053383067116269764,1.3647255058046312e-4,85.60070585686061,4.25
Ross et al. 2024,Parker 2010,NA,NA,https://link.springer.com/article/10.1007/s00227-010-1508-3,Zooplankton,Meroplankton,Mollusca,Saccostrea glomerata,T,3,3,NA,26,NA,30,NA,positive,NA,Growth,70.21341763,1.512606889,69.92231629,1.512606889,-0.00415,3.11e-4,NA,NA,Yes,NA,NA,NA,,NA,4,Parker_2010,NA,Saccostrea_glomerata,Mollusca,NA,NA,26,3,Parker_2010__NA__NA,ZOO_STUDY_0397,ZOO_ES_003810,ZOO_STUDY_0397__Saccostrea_glomerata__Mollusca__CO2NA__T26.00__NC3,ZOO_COMMON_00684,-0.004154568582450167,3.106910319964068e-4,56.73298586845608,4.25
Ross et al. 2024,Parker 2010,NA,NA,https://link.springer.com/article/10.1007/s00227-010-1508-3,Zooplankton,Meroplankton,Mollusca,Saccostrea glomerata,T,3,3,NA,26,NA,30,NA,positive,NA,Growth,67.44795498,1.008404593,67.44795498,1.260505741,0,1.91e-4,NA,NA,Yes,NA,NA,NA,,NA,4,Parker_2010,NA,Saccostrea_glomerata,Mollusca,NA,NA,26,3,Parker_2010__NA__NA,ZOO_STUDY_0397,ZOO_ES_003811,ZOO_STUDY_0397__Saccostrea_glomerata__Mollusca__CO2NA__T26.00__NC3,ZOO_COMMON_00684,0,1.9093022159928218e-4,72.37068139760459,4.25
Ross et al. 2024,Parker 2010,NA,NA,https://link.springer.com/article/10.1007/s00227-010-1508-3,Zooplankton,Meroplankton,Mollusca,Saccostrea glomerata,T,3,3,NA,26,NA,30,NA,positive,NA,Growth,64.68249233,2.016809186,64.53694166,0.756303445,-0.00225,3.7e-4,NA,NA,Yes,NA,NA,NA,,NA,4,Parker_2010,NA,Saccostrea_glomerata,Mollusca,NA,NA,26,3,Parker_2010__NA__NA,ZOO_STUDY_0397,ZOO_ES_003812,ZOO_STUDY_0397__Saccostrea_glomerata__Mollusca__CO2NA__T26.00__NC3,ZOO_COMMON_00684,-0.002252768442967362,3.6984476793095627e-4,51.99843350617056,4.25
Ross et al. 2024,Parker 2010,NA,NA,https://link.springer.com/article/10.1007/s00227-010-1508-3,Zooplankton,Meroplankton,Mollusca,Saccostrea glomerata,T,3,3,NA,26,NA,30,NA,positive,NA,Growth,74.37037037,1.539600718,71.25925926,1.539600718,-0.0427,2.98e-4,NA,NA,Yes,NA,NA,NA,,NA,4,Parker_2010,NA,Saccostrea_glomerata,Mollusca,NA,NA,26,3,Parker_2010__NA__NA,ZOO_STUDY_0397,ZOO_ES_003813,ZOO_STUDY_0397__Saccostrea_glomerata__Mollusca__CO2NA__T26.00__NC3,ZOO_COMMON_00684,-0.04273284957059303,2.9845586258186584e-4,57.884187670664126,4.25
Ross et al. 2024,Parker 2010,NA,NA,https://link.springer.com/article/10.1007/s00227-010-1508-3,Zooplankton,Meroplankton,Mollusca,Saccostrea glomerata,T,3,3,NA,26,NA,30,NA,positive,NA,Growth,67.85185185,1.283000598,68.88888889,1.283000598,0.0152,2.35e-4,NA,NA,Yes,NA,NA,NA,,NA,4,Parker_2010,NA,Saccostrea_glomerata,Mollusca,NA,NA,26,3,Parker_2010__NA__NA,ZOO_STUDY_0397,ZOO_ES_003814,ZOO_STUDY_0397__Saccostrea_glomerata__Mollusca__CO2NA__T26.00__NC3,ZOO_COMMON_00684,0.015168221516592976,2.348018592708515e-4,65.26032529519665,4.25
Ross et al. 2024,Parker et al. 2009,NA,NA,https://onlinelibrary.wiley.com/doi/10.1111/j.1365-2486.2009.01895.x,Zooplankton,Meroplankton,Mollusca,Saccostrea glomerata,T,5,5,NA,26,NA,30,NA,positive,NA,Growth,71.13043478,0.777762775,67.30434783,1.944406937,-0.0553,1.91e-4,NA,NA,Yes,NA,NA,NA,,NA,4,Parker_et_al_2009,NA,Saccostrea_glomerata,Mollusca,NA,NA,26,5,Parker_et_al_2009__NA__NA,ZOO_STUDY_0400,ZOO_ES_003815,ZOO_STUDY_0400__Saccostrea_glomerata__Mollusca__CO2NA__T26.00__NC5,ZOO_COMMON_00693,-0.0552904629182057,0.00019083559009365518,72.38862275156558,4.25
Ross et al. 2024,Parker et al. 2009,NA,NA,https://onlinelibrary.wiley.com/doi/10.1111/j.1365-2486.2009.01895.x,Zooplankton,Meroplankton,Mollusca,Saccostrea glomerata,T,5,5,NA,26,NA,30,NA,positive,NA,Growth,76.2295082,0.366568521,72.78688525,1.466274084,-0.0462,8.58e-5,NA,NA,Yes,NA,NA,NA,,NA,4,Parker_et_al_2009,NA,Saccostrea_glomerata,Mollusca,NA,NA,26,5,Parker_et_al_2009__NA__NA,ZOO_STUDY_0400,ZOO_ES_003816,ZOO_STUDY_0400__Saccostrea_glomerata__Mollusca__CO2NA__T26.00__NC5,ZOO_COMMON_00693,-0.04621284314183605,8.578705547792981e-5,107.96652395584938,4.25
Ross et al. 2024,Parker et al. 2009,NA,NA,https://onlinelibrary.wiley.com/doi/10.1111/j.1365-2486.2009.01895.x,Zooplankton,Meroplankton,Mollusca,Saccostrea glomerata,T,5,5,NA,26,NA,30,NA,positive,NA,Growth,67.13043478,1.55552555,58.7826087,3.499932487,-0.132791474,8.16e-4,NA,NA,Yes,NA,NA,NA,,NA,4,Parker_et_al_2009,NA,Saccostrea_glomerata,Mollusca,NA,NA,26,5,Parker_et_al_2009__NA__NA,ZOO_STUDY_0400,ZOO_ES_003817,ZOO_STUDY_0400__Saccostrea_glomerata__Mollusca__CO2NA__T26.00__NC5,ZOO_COMMON_00693,-0.13279147386898757,8.16394221531104e-4,34.998548966167625,4.25
Ross et al. 2024,Parker et al. 2009,NA,NA,https://onlinelibrary.wiley.com/doi/10.1111/j.1365-2486.2009.01895.x,Zooplankton,Meroplankton,Mollusca,Saccostrea glomerata,T,5,5,NA,26,NA,30,NA,positive,NA,Growth,73.7704918,1.099705563,70.49180328,2.565979646,-0.0455,3.09e-4,NA,NA,Yes,NA,NA,NA,,NA,4,Parker_et_al_2009,NA,Saccostrea_glomerata,Mollusca,NA,NA,26,5,Parker_et_al_2009__NA__NA,ZOO_STUDY_0400,ZOO_ES_003818,ZOO_STUDY_0400__Saccostrea_glomerata__Mollusca__CO2NA__T26.00__NC5,ZOO_COMMON_00693,-0.0454623740137083,3.0945255689134667e-4,56.8463994261472,4.25
Ross et al. 2024,Parker et al. 2009,NA,NA,https://onlinelibrary.wiley.com/doi/10.1111/j.1365-2486.2009.01895.x,Zooplankton,Meroplankton,Mollusca,Saccostrea glomerata,T,5,5,NA,26,NA,30,NA,positive,NA,Growth,70.7826087,0.777762775,65.39130435,1.944406937,-0.0792,2.01e-4,NA,NA,Yes,NA,NA,NA,,NA,4,Parker_et_al_2009,NA,Saccostrea_glomerata,Mollusca,NA,NA,26,5,Parker_et_al_2009__NA__NA,ZOO_STUDY_0400,ZOO_ES_003819,ZOO_STUDY_0400__Saccostrea_glomerata__Mollusca__CO2NA__T26.00__NC5,ZOO_COMMON_00693,-0.07922404208088087,2.0098085308383964e-4,70.53792132673264,4.25
Ross et al. 2024,Parker et al. 2009,NA,NA,https://onlinelibrary.wiley.com/doi/10.1111/j.1365-2486.2009.01895.x,Zooplankton,Meroplankton,Mollusca,Saccostrea glomerata,T,5,5,NA,26,NA,30,NA,positive,NA,Growth,77.54098361,1.832842605,72.45901639,1.466274084,-0.0678,1.94e-4,NA,NA,Yes,NA,NA,NA,,NA,4,Parker_et_al_2009,NA,Saccostrea_glomerata,Mollusca,NA,NA,26,5,Parker_et_al_2009__NA__NA,ZOO_STUDY_0400,ZOO_ES_003820,ZOO_STUDY_0400__Saccostrea_glomerata__Mollusca__CO2NA__T26.00__NC5,ZOO_COMMON_00693,-0.06778550650614361,1.9364073625419202e-4,71.86238677428504,4.25
Ross et al. 2024,Parker et al. 2009,NA,NA,https://onlinelibrary.wiley.com/doi/10.1111/j.1365-2486.2009.01895.x,Zooplankton,Meroplankton,Mollusca,Saccostrea glomerata,T,5,5,NA,26,NA,30,NA,positive,NA,Growth,68.52173913,1.55552555,63.47826087,3.111051099,-0.0765,5.83e-4,NA,NA,Yes,NA,NA,NA,,NA,4,Parker_et_al_2009,NA,Saccostrea_glomerata,Mollusca,NA,NA,26,5,Parker_et_al_2009__NA__NA,ZOO_STUDY_0400,ZOO_ES_003821,ZOO_STUDY_0400__Saccostrea_glomerata__Mollusca__CO2NA__T26.00__NC5,ZOO_COMMON_00693,-0.07645355570224786,5.834591929210801e-4,41.39946764147889,4.25
Ross et al. 2024,Parker et al. 2009,NA,NA,https://onlinelibrary.wiley.com/doi/10.1111/j.1365-2486.2009.01895.x,Zooplankton,Meroplankton,Mollusca,Saccostrea glomerata,T,5,5,NA,26,NA,30,NA,positive,NA,Growth,75.08196721,1.466274084,70.49180328,2.565979646,-0.0631,3.41e-4,NA,NA,Yes,NA,NA,NA,,NA,4,Parker_et_al_2009,NA,Saccostrea_glomerata,Mollusca,NA,NA,26,5,Parker_et_al_2009__NA__NA,ZOO_STUDY_0400,ZOO_ES_003822,ZOO_STUDY_0400__Saccostrea_glomerata__Mollusca__CO2NA__T26.00__NC5,ZOO_COMMON_00693,-0.06308397536648754,3.4128430857246903e-4,54.13047518119808,4.25
Ross et al. 2024,Parker et al. 2009,NA,NA,https://onlinelibrary.wiley.com/doi/10.1111/j.1365-2486.2009.01895.x,Zooplankton,Meroplankton,Mollusca,Saccostrea glomerata,T,5,5,NA,26,NA,30,NA,positive,NA,Growth,68.34782609,0.777762775,61.91304348,1.944406937,-0.0989,2.23e-4,NA,NA,Yes,NA,NA,NA,,NA,4,Parker_et_al_2009,NA,Saccostrea_glomerata,Mollusca,NA,NA,26,5,Parker_et_al_2009__NA__NA,ZOO_STUDY_0400,ZOO_ES_003823,ZOO_STUDY_0400__Saccostrea_glomerata__Mollusca__CO2NA__T26.00__NC5,ZOO_COMMON_00693,-0.09887888103367015,2.2315896358567958e-4,66.94109808262533,4.25
Ross et al. 2024,Parker et al. 2009,NA,NA,https://onlinelibrary.wiley.com/doi/10.1111/j.1365-2486.2009.01895.x,Zooplankton,Meroplankton,Mollusca,Saccostrea glomerata,T,5,5,NA,26,NA,30,NA,positive,NA,Growth,74.59016393,1.466274084,64.59016393,4.03225373,-0.14394651,8.57e-4,NA,NA,Yes,NA,NA,NA,,NA,4,Parker_et_al_2009,NA,Saccostrea_glomerata,Mollusca,NA,NA,26,5,Parker_et_al_2009__NA__NA,ZOO_STUDY_0400,ZOO_ES_003824,ZOO_STUDY_0400__Saccostrea_glomerata__Mollusca__CO2NA__T26.00__NC5,ZOO_COMMON_00693,-0.1439465096622039,8.567437252577505e-4,34.164457885360626,4.25
Ross et al. 2024,Parker et al. 2009,NA,NA,https://onlinelibrary.wiley.com/doi/10.1111/j.1365-2486.2009.01895.x,Zooplankton,Meroplankton,Mollusca,Saccostrea glomerata,T,5,5,NA,26,NA,30,NA,positive,NA,Growth,67.65217391,1.166644162,63.13043478,2.333288324,-0.0692,3.33e-4,NA,NA,Yes,NA,NA,NA,,NA,4,Parker_et_al_2009,NA,Saccostrea_glomerata,Mollusca,NA,NA,26,5,Parker_et_al_2009__NA__NA,ZOO_STUDY_0400,ZOO_ES_003825,ZOO_STUDY_0400__Saccostrea_glomerata__Mollusca__CO2NA__T26.00__NC5,ZOO_COMMON_00693,-0.06917650934993075,3.326815948939411e-4,54.825880175541776,4.25
Ross et al. 2024,Parker et al. 2009,NA,NA,https://onlinelibrary.wiley.com/doi/10.1111/j.1365-2486.2009.01895.x,Zooplankton,Meroplankton,Mollusca,Saccostrea glomerata,T,5,5,NA,26,NA,30,NA,positive,NA,Growth,72.78688525,1.466274084,66.8852459,2.199411125,-0.0846,2.97e-4,NA,NA,Yes,NA,NA,NA,,NA,4,Parker_et_al_2009,NA,Saccostrea_glomerata,Mollusca,NA,NA,26,5,Parker_et_al_2009__NA__NA,ZOO_STUDY_0400,ZOO_ES_003826,ZOO_STUDY_0400__Saccostrea_glomerata__Mollusca__CO2NA__T26.00__NC5,ZOO_COMMON_00693,-0.08455738810887914,2.974252190674292e-4,57.984391631466806,4.25
Ross et al. 2024,Parker et al. 2017a,NA,NA,NA,Zooplankton,Meroplankton,Mollusca,Saccostrea glomerata,T,3,3,NA,26,NA,28,NA,positive,NA,Growth,138.1666667,3.319764048,125.9166667,2.184223737,-0.0928,2.93e-4,NA,NA,Yes,NA,NA,NA,,NA,2,Parker_et_al_2017a,NA,Saccostrea_glomerata,Mollusca,NA,NA,26,3,Parker_et_al_2017a__NA__NA,ZOO_STUDY_0405,ZOO_ES_003834,ZOO_STUDY_0405__Saccostrea_glomerata__Mollusca__CO2NA__T26.00__NC3,ZOO_COMMON_00698,-0.09284037339903005,2.9273743026575895e-4,58.44681799042336,4.25
