Meta_analysis_reference,Author,Year,Title,Link,Biota_Group,Broad_subgroup,Group,Species,Treatment,N_C,N_T,C_value_CO2,C_value_Temp,T_value_CO2,T_value_Temp,Metric,Metric_Type,Unit,Response_category,Biota_C,Biota_C_sd,Biota_T,Biota_T_sd,Reference_ei,Reference_vei,Source_fig,Notes_1,Include,Rechecked?,Control_Treatment_Values,Notes_2,Duplicate,delta_CO2,delta_T,Author_clean,Title_clean,Species_clean,Group_clean,Year_clean,C_value_CO2_num,C_value_Temp_num,N_C_num,study_key,Study_ID,ES_ID,common_key,Common_id,yi,vi
Alter et al. 2024,"Alter K, Peck MA",2021,NA,NA,Zooplankton,Meroplankton,Fish larvae,Belone belone,TpH,5,5,365,14.4,1292,15.9,Hatching success,positive,%,Reproduction,98.4,1.788854382,97.9,3.130495168,-0.0051,3e-4,NA,NA,Yes,NA,NA,NA,,927,1.5,Alter_K_Peck_MA,NA,Belone_belone,Fish_larvae,2021,365,14.4,5,Alter_K_Peck_MA__2021__NA,ZOO_STUDY_0018,ZOO_ES_000003,ZOO_STUDY_0018__Belone_belone__Fish_larvae__CO2365.00__T14.40__NC5,ZOO_COMMON_00026,-0.005094254521743083,2.705969860314017e-4
Alter et al. 2024,"Alter K, Peck MA",2021,NA,NA,Zooplankton,Meroplankton,Fish larvae,Belone belone,TpH,5,5,365,14.4,1218,17.1,Hatching success,positive,%,Reproduction,98.4,1.788854382,88.9,8.94427191,-0.1015,0.0021,NA,NA,Yes,NA,NA,NA,,853,2.700000000000001,Alter_K_Peck_MA,NA,Belone_belone,Fish_larvae,2021,365,14.4,5,Alter_K_Peck_MA__2021__NA,ZOO_STUDY_0018,ZOO_ES_000004,ZOO_STUDY_0018__Belone_belone__Fish_larvae__CO2365.00__T14.40__NC5,ZOO_COMMON_00026,-0.10152866153834886,0.0020905920668642794
Alter et al. 2024,"Alter K, Peck MA",2021,NA,NA,Zooplankton,Meroplankton,Fish larvae,Belone belone,TpH,5,5,365,14.4,1292,15.9,Fertilization success,positive,%,Reproduction,99.9,0.223606798,97.4,2.906888371,-0.0253,2e-4,NA,NA,Yes,NA,NA,NA,,927,1.5,Alter_K_Peck_MA,NA,Belone_belone,Fish_larvae,2021,365,14.4,5,Alter_K_Peck_MA__2021__NA,ZOO_STUDY_0018,ZOO_ES_000010,ZOO_STUDY_0018__Belone_belone__Fish_larvae__CO2365.00__T14.40__NC5,ZOO_COMMON_00026,-0.02534347500601841,0.00017914501498198946
Alter et al. 2024,"Alter K, Peck MA",2021,NA,NA,Zooplankton,Meroplankton,Fish larvae,Belone belone,TpH,5,5,365,14.4,1218,17.1,Egg volume,ambiguous,mm3,Growth,18.6,0.223606798,16.3,0.670820393,-0.132,4e-4,NA,NA,Yes,NA,NA,NA,,853,2.700000000000001,Alter_K_Peck_MA,NA,Belone_belone,Fish_larvae,2021,365,14.4,5,Alter_K_Peck_MA__2021__NA,ZOO_STUDY_0018,ZOO_ES_000013,ZOO_STUDY_0018__Belone_belone__Fish_larvae__CO2365.00__T14.40__NC5,ZOO_COMMON_00026,-0.13199647290643893,3.6764571312867454e-4
Alter et al. 2024,"Alter K, Peck MA",2021,NA,NA,Zooplankton,Meroplankton,Fish larvae,Belone belone,TpH,5,5,365,14.4,1292,15.9,Egg volume,ambiguous,mm3,Growth,18.6,0.223606798,19.2,0.894427191,0.0317,5e-4,NA,NA,Yes,NA,NA,NA,,927,1.5,Alter_K_Peck_MA,NA,Belone_belone,Fish_larvae,2021,365,14.4,5,Alter_K_Peck_MA__2021__NA,ZOO_STUDY_0018,ZOO_ES_000014,ZOO_STUDY_0018__Belone_belone__Fish_larvae__CO2365.00__T14.40__NC5,ZOO_COMMON_00026,0.03174869831458027,4.6293285357379703e-4
Alter et al. 2024,"Alter K, Peck MA",2021,NA,NA,Zooplankton,Meroplankton,Fish larvae,Belone belone,TpH,5,5,365,14.4,1218,17.1,Fertilization success,positive,%,Reproduction,99.9,0.223606798,88.1,4.248529157,-0.1257,5e-4,NA,NA,Yes,NA,NA,NA,,853,2.700000000000001,Alter_K_Peck_MA,NA,Belone_belone,Fish_larvae,2021,365,14.4,5,Alter_K_Peck_MA__2021__NA,ZOO_STUDY_0018,ZOO_ES_000015,ZOO_STUDY_0018__Belone_belone__Fish_larvae__CO2365.00__T14.40__NC5,ZOO_COMMON_00026,-0.12569715271237414,4.661116902458554e-4
Alter et al. 2024,"Alter K, Peck MA",2021,NA,NA,Zooplankton,Meroplankton,Fish larvae,Belone belone,TpH,5,5,365,14.4,1218,17.1,Saggitae diameter at hatch,ambiguous,um/cm,Growth,10.763,0.380131556,11.692,0.223606798,0.0828,3e-4,NA,NA,Yes,NA,NA,NA,,853,2.700000000000001,Alter_K_Peck_MA,NA,Belone_belone,Fish_larvae,2021,365,14.4,5,Alter_K_Peck_MA__2021__NA,ZOO_STUDY_0018,ZOO_ES_000016,ZOO_STUDY_0018__Belone_belone__Fish_larvae__CO2365.00__T14.40__NC5,ZOO_COMMON_00026,0.08279052096683831,3.226287298389616e-4
Alter et al. 2024,"Alter K, Peck MA",2021,NA,NA,Zooplankton,Meroplankton,Fish larvae,Belone belone,TpH,5,5,365,14.4,1292,15.9,Saggitae diameter at hatch,ambiguous,um/cm,Growth,10.763,0.380131556,11.359,0.268328157,0.053900000000000003,4e-4,NA,NA,Yes,NA,NA,NA,,927,1.5,Alter_K_Peck_MA,NA,Belone_belone,Fish_larvae,2021,365,14.4,5,Alter_K_Peck_MA__2021__NA,ZOO_STUDY_0018,ZOO_ES_000017,ZOO_STUDY_0018__Belone_belone__Fish_larvae__CO2365.00__T14.40__NC5,ZOO_COMMON_00026,0.05389605496712344,3.6108202329678473e-4
Alter et al. 2024,"Alter K, Peck MA",2021,NA,NA,Zooplankton,Meroplankton,Fish larvae,Belone belone,TpH,5,5,365,14.4,1292,15.9,Heart rates,ambiguous,%,Physiology,102.427,7.93804132,137.316,2.079543219,0.2931,0.0012,NA,NA,Yes,NA,NA,NA,,927,1.5,Alter_K_Peck_MA,NA,Belone_belone,Fish_larvae,2021,365,14.4,5,Alter_K_Peck_MA__2021__NA,ZOO_STUDY_0018,ZOO_ES_000019,ZOO_STUDY_0018__Belone_belone__Fish_larvae__CO2365.00__T14.40__NC5,ZOO_COMMON_00026,0.2931344893984902,0.001247103968254822
Alter et al. 2024,"Alter K, Peck MA",2021,NA,NA,Zooplankton,Meroplankton,Fish larvae,Belone belone,TpH,5,5,365,14.4,1218,17.1,Heart rates,ambiguous,%,Physiology,102.427,7.93804132,121.959,5.813776741,0.1745,0.0017,NA,NA,Yes,NA,NA,NA,,853,2.700000000000001,Alter_K_Peck_MA,NA,Belone_belone,Fish_larvae,2021,365,14.4,5,Alter_K_Peck_MA__2021__NA,ZOO_STUDY_0018,ZOO_ES_000022,ZOO_STUDY_0018__Belone_belone__Fish_larvae__CO2365.00__T14.40__NC5,ZOO_COMMON_00026,0.17453457295170843,0.0016557189160506251
Alter et al. 2024,"Alter K, Peck MA",2021,NA,NA,Zooplankton,Meroplankton,Fish larvae,Belone belone,TpH,5,5,365,14.4,1292,15.9,Abnormal larvae,positive,%,Development,0.713,0.715541753,6.032,4.785185472,-0.0551,5e-4,NA,NA,Yes,NA,NA,NA,,927,1.5,Alter_K_Peck_MA,NA,Belone_belone,Fish_larvae,2021,365,14.4,5,Alter_K_Peck_MA__2021__NA,ZOO_STUDY_0018,ZOO_ES_000028,ZOO_STUDY_0018__Belone_belone__Fish_larvae__CO2365.00__T14.40__NC5,ZOO_COMMON_00026,2.135352489273496,0.3272934613145193
Alter et al. 2024,"Alter K, Peck MA",2021,NA,NA,Zooplankton,Meroplankton,Fish larvae,Belone belone,TpH,5,5,365,14.4,1218,17.1,Abnormal larvae,positive,%,Development,0.713,0.715541753,22.778,7.513188404,-0.2513,0.0019,NA,NA,Yes,NA,NA,NA,,853,2.700000000000001,Alter_K_Peck_MA,NA,Belone_belone,Fish_larvae,2021,365,14.4,5,Alter_K_Peck_MA__2021__NA,ZOO_STUDY_0018,ZOO_ES_000030,ZOO_STUDY_0018__Belone_belone__Fish_larvae__CO2365.00__T14.40__NC5,ZOO_COMMON_00026,3.4640690164200003,0.22318791317930287
Alter et al. 2024,"Alter K, Peck MA",2021,NA,NA,Zooplankton,Meroplankton,Fish larvae,Belone belone,TpH,5,5,365,14.4,1292,15.9,Length at hatch,positive,mm,Growth,13.493,0.201246118,12.864,0.514295635,-0.0477,4e-4,NA,NA,Yes,NA,NA,NA,,927,1.5,Alter_K_Peck_MA,NA,Belone_belone,Fish_larvae,2021,365,14.4,5,Alter_K_Peck_MA__2021__NA,ZOO_STUDY_0018,ZOO_ES_000033,ZOO_STUDY_0018__Belone_belone__Fish_larvae__CO2365.00__T14.40__NC5,ZOO_COMMON_00026,-0.04773832001203971,3.641618431411873e-4
Alter et al. 2024,"Alter K, Peck MA",2021,NA,NA,Zooplankton,Meroplankton,Fish larvae,Belone belone,TpH,5,5,365,14.4,1218,17.1,Length at hatch,positive,mm,Growth,13.493,0.201246118,12.306,0.178885438,-0.0921,1e-4,NA,NA,Yes,NA,NA,NA,,853,2.700000000000001,Alter_K_Peck_MA,NA,Belone_belone,Fish_larvae,2021,365,14.4,5,Alter_K_Peck_MA__2021__NA,ZOO_STUDY_0018,ZOO_ES_000035,ZOO_STUDY_0018__Belone_belone__Fish_larvae__CO2365.00__T14.40__NC5,ZOO_COMMON_00026,-0.09208408413035181,8.675219191579459e-5
Alter et al. 2024,"Alter K, Peck MA",2021,NA,NA,Zooplankton,Meroplankton,Fish larvae,Belone belone,TpH,5,5,365,14.4,1292,15.9,Hatch duration,ambiguous,h,Development,53.3,1.565247584,20.2,3.577708764,-0.9703,0.0064,NA,NA,Yes,NA,NA,NA,,927,1.5,Alter_K_Peck_MA,NA,Belone_belone,Fish_larvae,2021,365,14.4,5,Alter_K_Peck_MA__2021__NA,ZOO_STUDY_0018,ZOO_ES_000036,ZOO_STUDY_0018__Belone_belone__Fish_larvae__CO2365.00__T14.40__NC5,ZOO_COMMON_00026,-0.9702537267646397,0.006446375875223799
Alter et al. 2024,"Alter K, Peck MA",2021,NA,NA,Zooplankton,Meroplankton,Fish larvae,Belone belone,TpH,5,5,365,14.4,1218,17.1,Hatch duration,ambiguous,h,Development,53.3,1.565247584,19.7,7.155417528,-0.9953,0.0266,NA,NA,Yes,NA,NA,NA,,853,2.700000000000001,Alter_K_Peck_MA,NA,Belone_belone,Fish_larvae,2021,365,14.4,5,Alter_K_Peck_MA__2021__NA,ZOO_STUDY_0018,ZOO_ES_000038,ZOO_STUDY_0018__Belone_belone__Fish_larvae__CO2365.00__T14.40__NC5,ZOO_COMMON_00026,-0.9953176954278561,0.026558113357740082
Alter et al. 2024,"Anlauf H, D´Croz L, O`Dea A",2011,NA,NA,Zooplankton,Meroplankton,Cnidaria,Porites panamensis,TpH,5,4,487,28.4,950,29.5,Mortality,positive,% total planulae,Survival,45.9,10.95673309,39,24.4,0.12,0.0482,NA,NA,Yes,NA,NA,NA,,463,1.1000000000000014,Anlauf_H_D_Croz_L_O_Dea_A,NA,Porites_panamensis,Cnidaria,2011,487,28.4,5,Anlauf_H_D_Croz_L_O_Dea_A__2011__NA,ZOO_STUDY_0021,ZOO_ES_000043,ZOO_STUDY_0021__Porites_panamensis__Cnidaria__CO2487.00__T28.40__NC5,ZOO_COMMON_00029,-0.16290347093685306,0.10925304975416836
Alter et al. 2024,"Anlauf H, D´Croz L, O`Dea A",2011,NA,NA,Zooplankton,Meroplankton,Cnidaria,Porites panamensis,TpH,27,5,546,28.9,1006,29.9,biomass,positive,µg*polyp-1,Growth,18.6,9.353074361,10.2,3.130495168,-0.601,0.0282,NA,NA,Yes,NA,NA,NA,,460,1,Anlauf_H_D_Croz_L_O_Dea_A,NA,Porites_panamensis,Cnidaria,2011,546,28.9,27,Anlauf_H_D_Croz_L_O_Dea_A__2011__NA,ZOO_STUDY_0021,ZOO_ES_000049,ZOO_STUDY_0021__Porites_panamensis__Cnidaria__CO2546.00__T28.90__NC27,ZOO_COMMON_00030,-0.6007738604289302,0.028204152643447333
Alter et al. 2024,"Anlauf H, D´Croz L, O`Dea A",2011,NA,NA,Zooplankton,Meroplankton,Cnidaria,Porites panamensis,TpH,27,5,546,28.9,1006,29.9,skeletal mass,ambiguous,µg*polyp-1,Growth,79,35.33383647,49.4,13.86362146,-0.469,0.0232,NA,NA,Yes,NA,NA,NA,,460,1,Anlauf_H_D_Croz_L_O_Dea_A,NA,Porites_panamensis,Cnidaria,2011,546,28.9,27,Anlauf_H_D_Croz_L_O_Dea_A__2011__NA,ZOO_STUDY_0021,ZOO_ES_000050,ZOO_STUDY_0021__Porites_panamensis__Cnidaria__CO2546.00__T28.90__NC27,ZOO_COMMON_00030,-0.46949742827314467,0.023160843384842762
Alter et al. 2024,"Anlauf H, D´Croz L, O`Dea A",2011,NA,NA,Zooplankton,Meroplankton,Cnidaria,Porites panamensis,TpH,5,4,487,28.4,950,29.5,Settlement,positive,% total planulae,Development,46.7,13.64001466,45.9,25.2,-0.017,0.0924,NA,NA,Yes,NA,NA,NA,,463,1.1000000000000014,Anlauf_H_D_Croz_L_O_Dea_A,NA,Porites_panamensis,Cnidaria,2011,487,28.4,5,Anlauf_H_D_Croz_L_O_Dea_A__2011__NA,ZOO_STUDY_0021,ZOO_ES_000051,ZOO_STUDY_0021__Porites_panamensis__Cnidaria__CO2487.00__T28.40__NC5,ZOO_COMMON_00029,-0.017279047608352287,0.09241747416734875
Alter et al. 2024,"Armstrong, Allen, Beltrand, Dubousquet, Stillman, Mills",2017,NA,NA,Zooplankton,Meroplankton,Mollusca,Stylocheilus striatus,TpH,44,44,420,27,1113,31,Hatching success,positive,%,Reproduction,93.8,7.42923953,25.91,25.93600586,-1.286,0.0229,NA,NA,Yes,NA,NA,NA,,693,4,Armstrong_Allen_Beltrand_Dubousquet_Stillman_Mills,NA,Stylocheilus_striatus,Mollusca,2017,420,27,44,Armstrong_Allen_Beltrand_Dubousquet_Stillman_Mills__2017__NA,ZOO_STUDY_0024,ZOO_ES_000055,ZOO_STUDY_0024__Stylocheilus_striatus__Mollusca__CO2420.00__T27.00__NC44,ZOO_COMMON_00034,-1.2865358614381603,0.022915489066450655
Alter et al. 2024,"Armstrong, Allen, Beltrand, Dubousquet, Stillman, Mills",2017,NA,NA,Zooplankton,Meroplankton,Mollusca,Stylocheilus striatus,TpH,440,440,420,27,1113,31,Shell length,positive,µm,Growth,106.8775852,34.40093022,71.7798617,191.5124957,-0.398,0.0164,NA,NA,Yes,NA,NA,NA,,693,4,Armstrong_Allen_Beltrand_Dubousquet_Stillman_Mills,NA,Stylocheilus_striatus,Mollusca,2017,420,27,440,Armstrong_Allen_Beltrand_Dubousquet_Stillman_Mills__2017__NA,ZOO_STUDY_0024,ZOO_ES_000060,ZOO_STUDY_0024__Stylocheilus_striatus__Mollusca__CO2420.00__T27.00__NC440,ZOO_COMMON_00035,-0.3980801569731529,0.01641388653974835
Alter et al. 2024,"Armstrong, Allen, Beltrand, Dubousquet, Stillman, Mills",2017,NA,NA,Zooplankton,Meroplankton,Mollusca,Stylocheilus striatus,TpH,20,20,420,27,1113,31,Growth rate,positive,um/d,Growth,1.535,21.7793021,8.576,19.85628364,1.72,10.3294,NA,NA,Yes,NA,NA,NA,,693,4,Armstrong_Allen_Beltrand_Dubousquet_Stillman_Mills,NA,Stylocheilus_striatus,Mollusca,2017,420,27,20,Armstrong_Allen_Beltrand_Dubousquet_Stillman_Mills__2017__NA,ZOO_STUDY_0024,ZOO_ES_000061,ZOO_STUDY_0024__Stylocheilus_striatus__Mollusca__CO2420.00__T27.00__NC20,ZOO_COMMON_00033,1.7204372232892857,10.333672664394783
Alter et al. 2024,"Arnberg M, Calosi P, Spicer JI, Tandberg AHS, Nilsen M, Westerlund S, Bechmann RK",2013,NA,NA,Zooplankton,Meroplankton,Arthropoda,Pandalus Borealis,TpH,23,23,406,6.7,1449,9.5,Hatching success,positive,%,Reproduction,98.74,4.460123317,95.2,4.795831523,-0.037,2e-4,NA,NA,Yes,NA,NA,NA,,1043,2.8,Arnberg_M_Calosi_P_Spicer_JI_Tandberg_AHS_Nilsen_M_Westerlund_S_Bechmann_RK,NA,Pandalus_Borealis,Arthropoda,2013,406,6.7,23,Arnberg_M_Calosi_P_Spicer_JI_Tandberg_AHS_Nilsen_M_Westerlund_S_Bechmann_RK__2013__NA,ZOO_STUDY_0025,ZOO_ES_000064,ZOO_STUDY_0025__Pandalus_Borealis__Arthropoda__CO2406.00__T6.70__NC23,ZOO_COMMON_00036,-0.036510191033397116,1.9904969752087772e-4
Alter et al. 2024,"Arnberg M, Calosi P, Spicer JI, Tandberg AHS, Nilsen M, Westerlund S, Bechmann RK",2013,NA,NA,Zooplankton,Meroplankton,Arthropoda,Pandalus Borealis,TpH,74,74,406,6.7,1449,9.5,Time to first hatch,ambiguous,days,Development,17.82,9.806650804,14.5,8.172209004,-0.206,0.0084,NA,NA,Yes,NA,NA,NA,,1043,2.8,Arnberg_M_Calosi_P_Spicer_JI_Tandberg_AHS_Nilsen_M_Westerlund_S_Bechmann_RK,NA,Pandalus_Borealis,Arthropoda,2013,406,6.7,74,Arnberg_M_Calosi_P_Spicer_JI_Tandberg_AHS_Nilsen_M_Westerlund_S_Bechmann_RK__2013__NA,ZOO_STUDY_0025,ZOO_ES_000071,ZOO_STUDY_0025__Pandalus_Borealis__Arthropoda__CO2406.00__T6.70__NC74,ZOO_COMMON_00038,-0.2061727726161346,0.008385061832023966
Alter et al. 2024,"Arnberg M, Calosi P, Spicer JI, Tandberg AHS, Nilsen M, Westerlund S, Bechmann RK",2013,NA,NA,Zooplankton,Meroplankton,Arthropoda,Pandalus Borealis,TpH,33,24,406,6.7,1449,9.5,Larval stage,ambiguous,%,Development,63.51,28.49303073,63.96,48.5488867,0.007,0.0301,NA,NA,Yes,NA,NA,NA,,1043,2.8,Arnberg_M_Calosi_P_Spicer_JI_Tandberg_AHS_Nilsen_M_Westerlund_S_Bechmann_RK,NA,Pandalus_Borealis,Arthropoda,2013,406,6.7,33,Arnberg_M_Calosi_P_Spicer_JI_Tandberg_AHS_Nilsen_M_Westerlund_S_Bechmann_RK__2013__NA,ZOO_STUDY_0025,ZOO_ES_000072,ZOO_STUDY_0025__Pandalus_Borealis__Arthropoda__CO2406.00__T6.70__NC33,ZOO_COMMON_00037,0.007060514150869962,0.030105873583740506
Alter et al. 2024,"Arnberg M, Calosi P, Spicer JI, Tandberg AHS, Nilsen M, Westerlund S, Bechmann RK",2013,NA,NA,Zooplankton,Meroplankton,Arthropoda,Pandalus Borealis,TpH,9,7,406,6.7,1449,9.5,Oxygen consumption,ambiguous,nmolO2/h/mg DW,Physiology,50.09,6.48,55.85,16.05971046,0.109,0.0137,NA,NA,Yes,NA,NA,NA,,1043,2.8,Arnberg_M_Calosi_P_Spicer_JI_Tandberg_AHS_Nilsen_M_Westerlund_S_Bechmann_RK,NA,Pandalus_Borealis,Arthropoda,2013,406,6.7,9,Arnberg_M_Calosi_P_Spicer_JI_Tandberg_AHS_Nilsen_M_Westerlund_S_Bechmann_RK__2013__NA,ZOO_STUDY_0025,ZOO_ES_000073,ZOO_STUDY_0025__Pandalus_Borealis__Arthropoda__CO2406.00__T6.70__NC9,ZOO_COMMON_00039,0.10884813814568416,0.013671746042324209
Alter et al. 2024,"Arnberg M, Calosi P, Spicer JI, Tandberg AHS, Nilsen M, Westerlund S, Bechmann RK",2013,NA,NA,Zooplankton,Meroplankton,Arthropoda,Pandalus Borealis,TpH,33,24,406,6.7,1449,9.5,number of artemia eaten,ambiguous,ind/h,Physiology,2.78,1.723368794,4.06,4.262112152,0.379,0.0576,NA,NA,Yes,NA,NA,NA,,1043,2.8,Arnberg_M_Calosi_P_Spicer_JI_Tandberg_AHS_Nilsen_M_Westerlund_S_Bechmann_RK,NA,Pandalus_Borealis,Arthropoda,2013,406,6.7,33,Arnberg_M_Calosi_P_Spicer_JI_Tandberg_AHS_Nilsen_M_Westerlund_S_Bechmann_RK__2013__NA,ZOO_STUDY_0025,ZOO_ES_000074,ZOO_STUDY_0025__Pandalus_Borealis__Arthropoda__CO2406.00__T6.70__NC33,ZOO_COMMON_00037,0.3787320459110956,0.05756372730893674
Alter et al. 2024,"Baragi LV, Anil AC",2015,NA,NA,Zooplankton,Meroplankton,Arthropoda,Balanus amphitrite,TpH,3,3,416,29.8,781,33.9,Mortality,positive,%,Survival,20.17,7.551741521,79.83,5.455960044,-1.376,0.0274,NA,NA,Yes,NA,NA,NA,,365,4.099999999999998,Baragi_LV_Anil_AC,NA,Balanus_amphitrite,Arthropoda,2015,416,29.8,3,Baragi_LV_Anil_AC__2015__NA,ZOO_STUDY_0029,ZOO_ES_000079,ZOO_STUDY_0029__Balanus_amphitrite__Arthropoda__CO2416.00__T29.80__NC3,ZOO_COMMON_00043,1.375703021691587,0.048283278160015014
Alter et al. 2024,"Baragi LV, Anil AC",2015,NA,NA,Zooplankton,Meroplankton,Arthropoda,Balanus amphitrite,TpH,3,3,416,29.8,781,33.9,Metamorphosis,positive,%,Development,54.85,6.30466494,37.01,9.456997409,-0.393,0.0262,NA,NA,Yes,NA,NA,NA,,365,4.099999999999998,Baragi_LV_Anil_AC,NA,Balanus_amphitrite,Arthropoda,2015,416,29.8,3,Baragi_LV_Anil_AC__2015__NA,ZOO_STUDY_0029,ZOO_ES_000087,ZOO_STUDY_0029__Balanus_amphitrite__Arthropoda__CO2416.00__T29.80__NC3,ZOO_COMMON_00043,-0.3934140403231747,0.02616844309546977
Alter et al. 2024,"Baragi LV, Anil AC",2015,NA,NA,Zooplankton,Meroplankton,Arthropoda,Balanus amphitrite,TpH,3,3,416,29.8,781,33.9,RNA:DNA ratio,ambiguous,NA,Physiology,1.27,0.034641016,1.01,0.034641016,-0.229,7e-4,NA,NA,Yes,NA,NA,NA,,365,4.099999999999998,Baragi_LV_Anil_AC,NA,Balanus_amphitrite,Arthropoda,2015,416,29.8,3,Baragi_LV_Anil_AC__2015__NA,ZOO_STUDY_0029,ZOO_ES_000088,ZOO_STUDY_0029__Balanus_amphitrite__Arthropoda__CO2416.00__T29.80__NC3,ZOO_COMMON_00043,-0.2290665696173318,6.401189101692575e-4
Alter et al. 2024,"Baragi LV, Anil AC",2015,NA,NA,Zooplankton,Meroplankton,Arthropoda,Balanus amphitrite,TpH,3,3,416,29.8,781,33.9,larval duration,ambiguous,days,Development,4.66,0.571576766,4,0.034641016,-0.153,0.005,NA,NA,Yes,NA,NA,NA,,365,4.099999999999998,Baragi_LV_Anil_AC,NA,Balanus_amphitrite,Arthropoda,2015,416,29.8,3,Baragi_LV_Anil_AC__2015__NA,ZOO_STUDY_0029,ZOO_ES_000089,ZOO_STUDY_0029__Balanus_amphitrite__Arthropoda__CO2416.00__T29.80__NC3,ZOO_COMMON_00043,-0.15272108701766385,0.005039828040928862
Alter et al. 2024,"Baragi LV, Anil AC",2015,NA,NA,Zooplankton,Meroplankton,Arthropoda,Balanus amphitrite,TpH,3,3,416,29.8,781,33.9,larval length,positive,um,Growth,490.45,8.417766925,490.45,5.057588358,0,1e-4,NA,NA,Yes,NA,NA,NA,,365,4.099999999999998,Baragi_LV_Anil_AC,NA,Balanus_amphitrite,Arthropoda,2015,416,29.8,3,Baragi_LV_Anil_AC__2015__NA,ZOO_STUDY_0029,ZOO_ES_000090,ZOO_STUDY_0029__Balanus_amphitrite__Arthropoda__CO2416.00__T29.80__NC3,ZOO_COMMON_00043,0,1.3364030638728948e-4
Alter et al. 2024,"Baria MVB, Kurihara H, Harii S",2015,NA,NA,Zooplankton,Meroplankton,Cnidaria,Fungia fungites,TpH,3,3,420,28.1,1968,31.2,Survival,positive,%,Survival,68.77,19.91858429,51.58,7.239972376,-0.288,0.0345,NA,NA,Yes,NA,NA,NA,,1548,3.099999999999998,Baria_MVB_Kurihara_H_Harii_S,NA,Fungia_fungites,Cnidaria,2015,420,28.1,3,Baria_MVB_Kurihara_H_Harii_S__2015__NA,ZOO_STUDY_0030,ZOO_ES_000099,ZOO_STUDY_0030__Fungia_fungites__Cnidaria__CO2420.00__T28.10__NC3,ZOO_COMMON_00044,-0.287633602878546,0.03453123888349548
Alter et al. 2024,"Baria MVB, Kurihara H, Harii S",2015,NA,NA,Zooplankton,Meroplankton,Cnidaria,Fungia fungites,TpH,3,3,420,28.1,1191,31.2,Survival,positive,%,Survival,68.77,19.91858429,56.11,17.19926452,-0.203,0.0592,NA,NA,Yes,NA,NA,NA,,771,3.099999999999998,Baria_MVB_Kurihara_H_Harii_S,NA,Fungia_fungites,Cnidaria,2015,420,28.1,3,Baria_MVB_Kurihara_H_Harii_S__2015__NA,ZOO_STUDY_0030,ZOO_ES_000100,ZOO_STUDY_0030__Fungia_fungites__Cnidaria__CO2420.00__T28.10__NC3,ZOO_COMMON_00044,-0.20345355356886408,0.05928361943640358
Alter et al. 2024,"Baria MVB, Kurihara H, Harii S",2015,NA,NA,Zooplankton,Meroplankton,Cnidaria,Fungia fungites,TpH,3,3,420,28.1,2189,34.1,Survival,positive,%,Survival,68.77,19.91858429,60.63,24.42191639,-0.126,0.0821,NA,NA,Yes,NA,NA,NA,,1769,6,Baria_MVB_Kurihara_H_Harii_S,NA,Fungia_fungites,Cnidaria,2015,420,28.1,3,Baria_MVB_Kurihara_H_Harii_S__2015__NA,ZOO_STUDY_0030,ZOO_ES_000101,ZOO_STUDY_0030__Fungia_fungites__Cnidaria__CO2420.00__T28.10__NC3,ZOO_COMMON_00044,-0.12597778324810532,0.08204718130808478
Alter et al. 2024,"Baria MVB, Kurihara H, Harii S",2015,NA,NA,Zooplankton,Meroplankton,Cnidaria,Fungia fungites,TpH,3,3,420,28.1,1325,34.1,Survival,positive,%,Survival,68.77,19.91858429,61.99,17.63227722,-0.104,0.0549,NA,NA,Yes,NA,NA,NA,,905,6,Baria_MVB_Kurihara_H_Harii_S,NA,Fungia_fungites,Cnidaria,2015,420,28.1,3,Baria_MVB_Kurihara_H_Harii_S__2015__NA,ZOO_STUDY_0030,ZOO_ES_000102,ZOO_STUDY_0030__Fungia_fungites__Cnidaria__CO2420.00__T28.10__NC3,ZOO_COMMON_00044,-0.1037945216179166,0.05493211308262451
Alter et al. 2024,"Baria MVB, Kurihara H, Harii S",2015,NA,NA,Zooplankton,Meroplankton,Cnidaria,Lithophyllon repanda,TpH,3,3,419,28.1,1981,31,Survival,positive,%,Survival,59.72,6.789639166,54.29,14.02961154,-0.095,0.0266,NA,NA,Yes,NA,NA,NA,,1562,2.8999999999999986,Baria_MVB_Kurihara_H_Harii_S,NA,Lithophyllon_repanda,Cnidaria,2015,419,28.1,3,Baria_MVB_Kurihara_H_Harii_S__2015__NA,ZOO_STUDY_0030,ZOO_ES_000103,ZOO_STUDY_0030__Lithophyllon_repanda__Cnidaria__CO2419.00__T28.10__NC3,ZOO_COMMON_00045,-0.09532692475362986,0.026568830118424803
Alter et al. 2024,"Baria MVB, Kurihara H, Harii S",2015,NA,NA,Zooplankton,Meroplankton,Cnidaria,Lithophyllon repanda,TpH,3,3,419,28.1,1188,31,Survival,positive,%,Survival,59.72,6.789639166,61.08,8.157959304,0.023,0.0102,NA,NA,Yes,NA,NA,NA,,769,2.8999999999999986,Baria_MVB_Kurihara_H_Harii_S,NA,Lithophyllon_repanda,Cnidaria,2015,419,28.1,3,Baria_MVB_Kurihara_H_Harii_S__2015__NA,ZOO_STUDY_0030,ZOO_ES_000104,ZOO_STUDY_0030__Lithophyllon_repanda__Cnidaria__CO2419.00__T28.10__NC3,ZOO_COMMON_00045,0.022517507679442023,0.01025482199732098
Alter et al. 2024,"Bignami, Sponaugle, Hauff, Cowen",2017,NA,NA,Zooplankton,Meroplankton,Fish larvae,Rachycentron canadum,TpH,3,3,608,27,2113,32,Ucrit,positive,BL/sec,Physiology,7.819494585,1.350624457,11.06859206,0.412690806,0.3475,0.0104,NA,NA,Yes,NA,NA,NA,,1505,5,Bignami_Sponaugle_Hauff_Cowen,NA,Rachycentron_canadum,Fish_larvae,2017,608,27,3,Bignami_Sponaugle_Hauff_Cowen__2017__NA,ZOO_STUDY_0040,ZOO_ES_000106,ZOO_STUDY_0040__Rachycentron_canadum__Fish_larvae__CO2608.00__T27.00__NC3,ZOO_COMMON_00058,0.3474916320522657,0.010408061784622702
Alter et al. 2024,"Bignami, Sponaugle, Hauff, Cowen",2017,NA,NA,Zooplankton,Meroplankton,Fish larvae,Rachycentron canadum,TpH,3,3,608,27,2113,32,Length,positive,mm,Growth,17.05491329,1.354785458,20.92696588,0.83871517,0.2046,0.0026,NA,NA,Yes,NA,NA,NA,,1505,5,Bignami_Sponaugle_Hauff_Cowen,NA,Rachycentron_canadum,Fish_larvae,2017,608,27,3,Bignami_Sponaugle_Hauff_Cowen__2017__NA,ZOO_STUDY_0040,ZOO_ES_000109,ZOO_STUDY_0040__Rachycentron_canadum__Fish_larvae__CO2608.00__T27.00__NC3,ZOO_COMMON_00058,0.20460022910947867,0.0026388154217032427
Alter et al. 2024,"Bignami, Sponaugle, Hauff, Cowen",2017,NA,NA,Zooplankton,Meroplankton,Fish larvae,Rachycentron canadum,TpH,3,3,608,27,2113,32,Flextion,positive,%,Development,45.31356954,24.22013247,48.36940578,21.04724864,0.0653,0.1583,NA,NA,Yes,NA,NA,NA,,1505,5,Bignami_Sponaugle_Hauff_Cowen,NA,Rachycentron_canadum,Fish_larvae,2017,608,27,3,Bignami_Sponaugle_Hauff_Cowen__2017__NA,ZOO_STUDY_0040,ZOO_ES_000110,ZOO_STUDY_0040__Rachycentron_canadum__Fish_larvae__CO2608.00__T27.00__NC3,ZOO_COMMON_00058,0.06526096589439381,0.15834463525269316
Alter et al. 2024,"Bylenga CH, Cummings VJ, Ryan KG",2017,NA,NA,Zooplankton,Meroplankton,Mollusca,Laternula elliptica,TpH,3,3,458,-1.6,1052,0.4,Malformation,positive,%,Development,29.04,7.430497964,54.8,2.615396719,-0.451,0.0048,NA,NA,Yes,NA,NA,NA,,594,2,Bylenga_CH_Cummings_VJ_Ryan_KG,NA,Laternula_elliptica,Mollusca,2017,458,-1.6,3,Bylenga_CH_Cummings_VJ_Ryan_KG__2017__NA,ZOO_STUDY_0049,ZOO_ES_000126,ZOO_STUDY_0049__Laternula_elliptica__Mollusca__CO2458.00__T-1.60__NC3,ZOO_COMMON_00071,0.6350160039973745,0.022582611050293504
Alter et al. 2024,"Bylenga CH, Cummings VJ, Ryan KG",2017,NA,NA,Zooplankton,Meroplankton,Mollusca,Laternula elliptica,TpH,3,3,458,-1.6,1021,-0.5,Malformation,positive,%,Development,29.04,7.430497964,49.24,23.62517302,-0.335,0.0759,NA,NA,Yes,NA,NA,NA,,563,1.1,Bylenga_CH_Cummings_VJ_Ryan_KG,NA,Laternula_elliptica,Mollusca,2017,458,-1.6,3,Bylenga_CH_Cummings_VJ_Ryan_KG__2017__NA,ZOO_STUDY_0049,ZOO_ES_000127,ZOO_STUDY_0049__Laternula_elliptica__Mollusca__CO2458.00__T-1.60__NC3,ZOO_COMMON_00071,0.5280321113596574,0.09855819777514938
Alter et al. 2024,"Bylenga CH, Cummings VJ, Ryan KG",2017,NA,NA,Zooplankton,Meroplankton,Mollusca,Laternula elliptica,TpH,3,3,458,-1.6,704,-0.5,Malformation,positive,%,Development,29.04,7.430497964,48.74,11.3622533,-0.325,0.02,NA,NA,Yes,NA,NA,NA,,246,1.1,Bylenga_CH_Cummings_VJ_Ryan_KG,NA,Laternula_elliptica,Mollusca,2017,458,-1.6,3,Bylenga_CH_Cummings_VJ_Ryan_KG__2017__NA,ZOO_STUDY_0049,ZOO_ES_000128,ZOO_STUDY_0049__Laternula_elliptica__Mollusca__CO2458.00__T-1.60__NC3,ZOO_COMMON_00071,0.5178258582404649,0.03993827581443318
Alter et al. 2024,"Bylenga CH, Cummings VJ, Ryan KG",2017,NA,NA,Zooplankton,Meroplankton,Mollusca,Laternula elliptica,TpH,3,3,458,-1.6,704,-0.5,Shell damage,negative,% area,Physiology,3.43,0.571576766,5.17,1.472243186,0.018,1e-4,NA,NA,Yes,NA,NA,NA,,246,1.1,Bylenga_CH_Cummings_VJ_Ryan_KG,NA,Laternula_elliptica,Mollusca,2017,458,-1.6,3,Bylenga_CH_Cummings_VJ_Ryan_KG__2017__NA,ZOO_STUDY_0049,ZOO_ES_000129,ZOO_STUDY_0049__Laternula_elliptica__Mollusca__CO2458.00__T-1.60__NC3,ZOO_COMMON_00071,0.41031242734248907,0.03628701441869679
Alter et al. 2024,"Bylenga CH, Cummings VJ, Ryan KG",2017,NA,NA,Zooplankton,Meroplankton,Mollusca,Laternula elliptica,TpH,3,3,458,-1.6,704,-0.5,Growth at PII,positive,µm,Growth,5.98,0.242487113,6.16,0.190525589,0.03,9e-4,NA,NA,Yes,NA,NA,NA,,246,1.1,Bylenga_CH_Cummings_VJ_Ryan_KG,NA,Laternula_elliptica,Mollusca,2017,458,-1.6,3,Bylenga_CH_Cummings_VJ_Ryan_KG__2017__NA,ZOO_STUDY_0049,ZOO_ES_000130,ZOO_STUDY_0049__Laternula_elliptica__Mollusca__CO2458.00__T-1.60__NC3,ZOO_COMMON_00071,0.029656209582888022,8.669698545292967e-4
Alter et al. 2024,"Bylenga CH, Cummings VJ, Ryan KG",2017,NA,NA,Zooplankton,Meroplankton,Mollusca,Laternula elliptica,TpH,3,3,458,-1.6,1052,0.4,Shell damage,negative,% area,Physiology,3.43,0.571576766,7.6,1.108512517,0.044,1e-4,NA,NA,Yes,NA,NA,NA,,594,2,Bylenga_CH_Cummings_VJ_Ryan_KG,NA,Laternula_elliptica,Mollusca,2017,458,-1.6,3,Bylenga_CH_Cummings_VJ_Ryan_KG__2017__NA,ZOO_STUDY_0049,ZOO_ES_000131,ZOO_STUDY_0049__Laternula_elliptica__Mollusca__CO2458.00__T-1.60__NC3,ZOO_COMMON_00071,0.7955879861144367,0.016347759998526334
Alter et al. 2024,"Bylenga CH, Cummings VJ, Ryan KG",2017,NA,NA,Zooplankton,Meroplankton,Mollusca,Laternula elliptica,TpH,3,3,458,-1.6,1021,-0.5,Shell damage,negative,% area,Physiology,3.43,0.571576766,9.62,1.316358614,0.066,1e-4,NA,NA,Yes,NA,NA,NA,,563,1.1,Bylenga_CH_Cummings_VJ_Ryan_KG,NA,Laternula_elliptica,Mollusca,2017,458,-1.6,3,Bylenga_CH_Cummings_VJ_Ryan_KG__2017__NA,ZOO_STUDY_0049,ZOO_ES_000132,ZOO_STUDY_0049__Laternula_elliptica__Mollusca__CO2458.00__T-1.60__NC3,ZOO_COMMON_00071,1.0312840034997663,0.015497675743148327
Alter et al. 2024,"Bylenga CH, Cummings VJ, Ryan KG",2017,NA,NA,Zooplankton,Meroplankton,Mollusca,Laternula elliptica,TpH,3,3,458,-1.6,1021,-0.5,Growth at PII,positive,µm,Growth,5.98,0.242487113,8.94,1.004589468,0.403,0.0048,NA,NA,Yes,NA,NA,NA,,563,1.1,Bylenga_CH_Cummings_VJ_Ryan_KG,NA,Laternula_elliptica,Mollusca,2017,458,-1.6,3,Bylenga_CH_Cummings_VJ_Ryan_KG__2017__NA,ZOO_STUDY_0049,ZOO_ES_000133,ZOO_STUDY_0049__Laternula_elliptica__Mollusca__CO2458.00__T-1.60__NC3,ZOO_COMMON_00071,0.40211502122288234,0.00475711191341197
Alter et al. 2024,"Bylenga CH, Cummings VJ, Ryan KG",2017,NA,NA,Zooplankton,Meroplankton,Mollusca,Laternula elliptica,TpH,3,3,458,-1.6,1052,0.4,Growth at PII,positive,µm,Growth,5.98,0.242487113,10.14,2.320948082,0.529,0.018,NA,NA,Yes,NA,NA,NA,,594,2,Bylenga_CH_Cummings_VJ_Ryan_KG,NA,Laternula_elliptica,Mollusca,2017,458,-1.6,3,Bylenga_CH_Cummings_VJ_Ryan_KG__2017__NA,ZOO_STUDY_0049,ZOO_ES_000134,ZOO_STUDY_0049__Laternula_elliptica__Mollusca__CO2458.00__T-1.60__NC3,ZOO_COMMON_00071,0.5280674302004967,0.018011688735728077
Alter et al. 2024,"Bylenga CH, Cummings VJ, Ryan KG",2015,NA,NA,Zooplankton,Meroplankton,Mollusca,Laternula elliptica,TpH,6,6,350,-1.6,893,0.4,Abnormalities,positive,%,Development,61.38,7.495438613,61.38,3.404790742,0,0.0076,NA,NA,Yes,NA,NA,NA,,543,2,Bylenga_CH_Cummings_VJ_Ryan_KG,NA,Laternula_elliptica,Mollusca,2015,350,-1.6,6,Bylenga_CH_Cummings_VJ_Ryan_KG__2015__NA,ZOO_STUDY_0048,ZOO_ES_000143,ZOO_STUDY_0048__Laternula_elliptica__Mollusca__CO2350.00__T-1.60__NC6,ZOO_COMMON_00070,0,0.0029981915879585203
Alter et al. 2024,"Bylenga CH, Cummings VJ, Ryan KG",2015,NA,NA,Zooplankton,Meroplankton,Mollusca,Laternula elliptica,TpH,6,6,350,-1.6,569,-0.5,Abnormalities,positive,%,Development,61.38,7.495438613,55.83,8.156800843,0.134,0.012,NA,NA,Yes,NA,NA,NA,,219,1.1,Bylenga_CH_Cummings_VJ_Ryan_KG,NA,Laternula_elliptica,Mollusca,2015,350,-1.6,6,Bylenga_CH_Cummings_VJ_Ryan_KG__2015__NA,ZOO_STUDY_0048,ZOO_ES_000144,ZOO_STUDY_0048__Laternula_elliptica__Mollusca__CO2350.00__T-1.60__NC6,ZOO_COMMON_00070,-0.09477268986932107,0.006042926753280685
Alter et al. 2024,"Bylenga CH, Cummings VJ, Ryan KG",2015,NA,NA,Zooplankton,Meroplankton,Mollusca,Laternula elliptica,TpH,6,6,350,-1.6,835,-0.5,Abnormalities,positive,%,Development,61.38,7.495438613,54.44,10.87573446,0.165,0.0158,NA,NA,Yes,NA,NA,NA,,485,1.1,Bylenga_CH_Cummings_VJ_Ryan_KG,NA,Laternula_elliptica,Mollusca,2015,350,-1.6,6,Bylenga_CH_Cummings_VJ_Ryan_KG__2015__NA,ZOO_STUDY_0048,ZOO_ES_000145,ZOO_STUDY_0048__Laternula_elliptica__Mollusca__CO2350.00__T-1.60__NC6,ZOO_COMMON_00070,-0.11998487140832484,0.00913701361535416
Alter et al. 2024,"Bylenga CH, Cummings VJ, Ryan KG",2015,NA,NA,Zooplankton,Meroplankton,Mollusca,Laternula elliptica,TpH,6,6,350,-1.6,893,0.4,veliger stage,ambiguous,%,Development,13.25,7.421953921,89.01,7.421953921,1.905,0.0535,NA,NA,Yes,NA,NA,NA,,543,2,Bylenga_CH_Cummings_VJ_Ryan_KG,NA,Laternula_elliptica,Mollusca,2015,350,-1.6,6,Bylenga_CH_Cummings_VJ_Ryan_KG__2015__NA,ZOO_STUDY_0048,ZOO_ES_000146,ZOO_STUDY_0048__Laternula_elliptica__Mollusca__CO2350.00__T-1.60__NC6,ZOO_COMMON_00070,1.9047511705386089,0.05345299500959403
Alter et al. 2024,"Bylenga CH, Cummings VJ, Ryan KG",2015,NA,NA,Zooplankton,Meroplankton,Mollusca,Laternula elliptica,TpH,6,6,350,-1.6,569,-0.5,veliger stage,ambiguous,%,Development,13.25,7.421953921,93.56,5.560341716,1.955,0.0529,NA,NA,Yes,NA,NA,NA,,219,1.1,Bylenga_CH_Cummings_VJ_Ryan_KG,NA,Laternula_elliptica,Mollusca,2015,350,-1.6,6,Bylenga_CH_Cummings_VJ_Ryan_KG__2015__NA,ZOO_STUDY_0048,ZOO_ES_000147,ZOO_STUDY_0048__Laternula_elliptica__Mollusca__CO2350.00__T-1.60__NC6,ZOO_COMMON_00070,1.954605389283747,0.05288286639393302
Alter et al. 2024,"Bylenga CH, Cummings VJ, Ryan KG",2015,NA,NA,Zooplankton,Meroplankton,Mollusca,Laternula elliptica,TpH,6,6,350,-1.6,835,-0.5,veliger stage,ambiguous,%,Development,13.25,7.421953921,95.83,4.629535614,1.979,0.0527,NA,NA,Yes,NA,NA,NA,,485,1.1,Bylenga_CH_Cummings_VJ_Ryan_KG,NA,Laternula_elliptica,Mollusca,2015,350,-1.6,6,Bylenga_CH_Cummings_VJ_Ryan_KG__2015__NA,ZOO_STUDY_0048,ZOO_ES_000148,ZOO_STUDY_0048__Laternula_elliptica__Mollusca__CO2350.00__T-1.60__NC6,ZOO_COMMON_00070,1.9785782359234396,0.05268317128132874
Alter et al. 2024,"Bylenga CH, Cummings VJ, Ryan KG",2015,NA,NA,Zooplankton,Meroplankton,Mollusca,Laternula elliptica,TpH,6,6,350,-1.6,569,-0.5,Fertilization success,positive,%,Reproduction,84.13,2.302520358,80.59,4.041658076,-0.043,5e-4,NA,NA,Yes,NA,NA,NA,,219,1.1,Bylenga_CH_Cummings_VJ_Ryan_KG,NA,Laternula_elliptica,Mollusca,2015,350,-1.6,6,Bylenga_CH_Cummings_VJ_Ryan_KG__2015__NA,ZOO_STUDY_0048,ZOO_ES_000149,ZOO_STUDY_0048__Laternula_elliptica__Mollusca__CO2350.00__T-1.60__NC6,ZOO_COMMON_00070,-0.04298864922630212,5.44024897503708e-4
Alter et al. 2024,"Bylenga CH, Cummings VJ, Ryan KG",2015,NA,NA,Zooplankton,Meroplankton,Mollusca,Laternula elliptica,TpH,6,6,350,-1.6,893,0.4,Fertilization success,positive,%,Reproduction,84.13,2.302520358,81.77,5.780795793,-0.028,0.001,NA,NA,Yes,NA,NA,NA,,543,2,Bylenga_CH_Cummings_VJ_Ryan_KG,NA,Laternula_elliptica,Mollusca,2015,350,-1.6,6,Bylenga_CH_Cummings_VJ_Ryan_KG__2015__NA,ZOO_STUDY_0048,ZOO_ES_000150,ZOO_STUDY_0048__Laternula_elliptica__Mollusca__CO2350.00__T-1.60__NC6,ZOO_COMMON_00070,-0.028452793388836342,9.57822803689892e-4
Alter et al. 2024,"Bylenga CH, Cummings VJ, Ryan KG",2015,NA,NA,Zooplankton,Meroplankton,Mollusca,Laternula elliptica,TpH,6,6,350,-1.6,835,-0.5,Fertilization success,positive,%,Reproduction,84.13,2.302520358,86.02,4.041658076,0.022,5e-4,NA,NA,Yes,NA,NA,NA,,485,1.1,Bylenga_CH_Cummings_VJ_Ryan_KG,NA,Laternula_elliptica,Mollusca,2015,350,-1.6,6,Bylenga_CH_Cummings_VJ_Ryan_KG__2015__NA,ZOO_STUDY_0048,ZOO_ES_000151,ZOO_STUDY_0048__Laternula_elliptica__Mollusca__CO2350.00__T-1.60__NC6,ZOO_COMMON_00070,0.022216605792868122,4.92773277851256e-4
Alter et al. 2024,"Byrne M, Foo S, Soars NA, Wolfe KDL, Nguyen HD, Hardy N, Dworjanyn SA",2013,NA,NA,Zooplankton,Meroplankton,Echinodermata,Heliocidaris tuberculata,TpH,8,8,338,20,1274,24,Arm asymmetry,negative,µm,Development,13.29,2.177888886,31.01,5.939696962,-0.847,0.0079,NA,NA,Yes,NA,NA,NA,,936,4,Byrne_M_Foo_S_Soars_NA_Wolfe_KDL_Nguyen_HD_Hardy_N_Dworjanyn_SA,NA,Heliocidaris_tuberculata,Echinodermata,2013,338,20,8,Byrne_M_Foo_S_Soars_NA_Wolfe_KDL_Nguyen_HD_Hardy_N_Dworjanyn_SA__2013__NA,ZOO_STUDY_0051,ZOO_ES_000162,ZOO_STUDY_0051__Heliocidaris_tuberculata__Echinodermata__CO2338.00__T20.00__NC8,ZOO_COMMON_00073,0.8472978603872037,0.007942857175092702
Alter et al. 2024,"Byrne M, Foo S, Soars NA, Wolfe KDL, Nguyen HD, Hardy N, Dworjanyn SA",2013,NA,NA,Zooplankton,Meroplankton,Echinodermata,Heliocidaris tuberculata,TpH,8,8,338,20,2092,24,Arm asymmetry,negative,µm,Development,13.29,2.177888886,28.9,6.590235201,-0.777,0.0099,NA,NA,Yes,NA,NA,NA,,1754,4,Byrne_M_Foo_S_Soars_NA_Wolfe_KDL_Nguyen_HD_Hardy_N_Dworjanyn_SA,NA,Heliocidaris_tuberculata,Echinodermata,2013,338,20,8,Byrne_M_Foo_S_Soars_NA_Wolfe_KDL_Nguyen_HD_Hardy_N_Dworjanyn_SA__2013__NA,ZOO_STUDY_0051,ZOO_ES_000163,ZOO_STUDY_0051__Heliocidaris_tuberculata__Echinodermata__CO2338.00__T20.00__NC8,ZOO_COMMON_00073,0.7768297223932326,0.009856888451990151
Alter et al. 2024,"Byrne M, Foo S, Soars NA, Wolfe KDL, Nguyen HD, Hardy N, Dworjanyn SA",2013,NA,NA,Zooplankton,Meroplankton,Echinodermata,Heliocidaris tuberculata,TpH,8,8,338,20,762,24,Arm asymmetry,negative,µm,Development,13.29,2.177888886,26.13,6.590235201,-0.676,0.0113,NA,NA,Yes,NA,NA,NA,,424,4,Byrne_M_Foo_S_Soars_NA_Wolfe_KDL_Nguyen_HD_Hardy_N_Dworjanyn_SA,NA,Heliocidaris_tuberculata,Echinodermata,2013,338,20,8,Byrne_M_Foo_S_Soars_NA_Wolfe_KDL_Nguyen_HD_Hardy_N_Dworjanyn_SA__2013__NA,ZOO_STUDY_0051,ZOO_ES_000164,ZOO_STUDY_0051__Heliocidaris_tuberculata__Echinodermata__CO2338.00__T20.00__NC8,ZOO_COMMON_00073,0.6760722068073672,0.01130805286295296
Alter et al. 2024,"Byrne M, Foo S, Soars NA, Wolfe KDL, Nguyen HD, Hardy N, Dworjanyn SA",2013,NA,NA,Zooplankton,Meroplankton,Echinodermata,Heliocidaris tuberculata,TpH,8,8,338,20,1274,24,growth rate,positive,µm,Growth,377.16,44.60429576,439.74,26.7569206,0.154,0.0022,NA,NA,Yes,NA,NA,NA,,936,4,Byrne_M_Foo_S_Soars_NA_Wolfe_KDL_Nguyen_HD_Hardy_N_Dworjanyn_SA,NA,Heliocidaris_tuberculata,Echinodermata,2013,338,20,8,Byrne_M_Foo_S_Soars_NA_Wolfe_KDL_Nguyen_HD_Hardy_N_Dworjanyn_SA__2013__NA,ZOO_STUDY_0051,ZOO_ES_000165,ZOO_STUDY_0051__Heliocidaris_tuberculata__Echinodermata__CO2338.00__T20.00__NC8,ZOO_COMMON_00073,0.1535141425683372,0.0022110813822079642
Alter et al. 2024,"Byrne M, Foo S, Soars NA, Wolfe KDL, Nguyen HD, Hardy N, Dworjanyn SA",2013,NA,NA,Zooplankton,Meroplankton,Echinodermata,Heliocidaris tuberculata,TpH,8,8,338,20,2092,24,growth rate,positive,µm,Growth,377.16,44.60429576,439.89,44.60429576,0.154,0.003,NA,NA,Yes,NA,NA,NA,,1754,4,Byrne_M_Foo_S_Soars_NA_Wolfe_KDL_Nguyen_HD_Hardy_N_Dworjanyn_SA,NA,Heliocidaris_tuberculata,Echinodermata,2013,338,20,8,Byrne_M_Foo_S_Soars_NA_Wolfe_KDL_Nguyen_HD_Hardy_N_Dworjanyn_SA__2013__NA,ZOO_STUDY_0051,ZOO_ES_000166,ZOO_STUDY_0051__Heliocidaris_tuberculata__Echinodermata__CO2338.00__T20.00__NC8,ZOO_COMMON_00073,0.15385519505962084,0.003033497893099625
Alter et al. 2024,"Byrne M, Foo S, Soars NA, Wolfe KDL, Nguyen HD, Hardy N, Dworjanyn SA",2013,NA,NA,Zooplankton,Meroplankton,Echinodermata,Heliocidaris tuberculata,TpH,8,8,338,20,762,24,growth rate,positive,µm,Growth,377.16,44.60429576,460.1,35.69475031,0.199,0.0025,NA,NA,Yes,NA,NA,NA,,424,4,Byrne_M_Foo_S_Soars_NA_Wolfe_KDL_Nguyen_HD_Hardy_N_Dworjanyn_SA,NA,Heliocidaris_tuberculata,Echinodermata,2013,338,20,8,Byrne_M_Foo_S_Soars_NA_Wolfe_KDL_Nguyen_HD_Hardy_N_Dworjanyn_SA__2013__NA,ZOO_STUDY_0051,ZOO_ES_000167,ZOO_STUDY_0051__Heliocidaris_tuberculata__Echinodermata__CO2338.00__T20.00__NC8,ZOO_COMMON_00073,0.19877435656394643,0.0025006247587930526
Alter et al. 2024,"Byrne M, Foo S, Soars NA, Wolfe KDL, Nguyen HD, Hardy N, Dworjanyn SA",2013,NA,NA,Zooplankton,Meroplankton,Echinodermata,Heliocidaris tuberculata,TpH,8,8,338,20,2092,24,Normal gastrulae,positive,%,Development,95.25,3.563818177,72.78,7.155920626,-0.269,0.0014,NA,NA,Yes,NA,NA,NA,,1754,4,Byrne_M_Foo_S_Soars_NA_Wolfe_KDL_Nguyen_HD_Hardy_N_Dworjanyn_SA,NA,Heliocidaris_tuberculata,Echinodermata,2013,338,20,8,Byrne_M_Foo_S_Soars_NA_Wolfe_KDL_Nguyen_HD_Hardy_N_Dworjanyn_SA__2013__NA,ZOO_STUDY_0051,ZOO_ES_000168,ZOO_STUDY_0051__Heliocidaris_tuberculata__Echinodermata__CO2338.00__T20.00__NC8,ZOO_COMMON_00073,-0.26906382182279653,0.00138340646606054
Alter et al. 2024,"Byrne M, Foo S, Soars NA, Wolfe KDL, Nguyen HD, Hardy N, Dworjanyn SA",2013,NA,NA,Zooplankton,Meroplankton,Echinodermata,Heliocidaris tuberculata,TpH,8,8,338,20,1274,24,Normal gastrulae,positive,%,Development,95.25,3.563818177,76.89,12.52993216,-0.214,0.0035,NA,NA,Yes,NA,NA,NA,,936,4,Byrne_M_Foo_S_Soars_NA_Wolfe_KDL_Nguyen_HD_Hardy_N_Dworjanyn_SA,NA,Heliocidaris_tuberculata,Echinodermata,2013,338,20,8,Byrne_M_Foo_S_Soars_NA_Wolfe_KDL_Nguyen_HD_Hardy_N_Dworjanyn_SA__2013__NA,ZOO_STUDY_0051,ZOO_ES_000169,ZOO_STUDY_0051__Heliocidaris_tuberculata__Echinodermata__CO2338.00__T20.00__NC8,ZOO_COMMON_00073,-0.21412918496272088,0.003494451372313285
Alter et al. 2024,"Byrne M, Foo S, Soars NA, Wolfe KDL, Nguyen HD, Hardy N, Dworjanyn SA",2013,NA,NA,Zooplankton,Meroplankton,Echinodermata,Heliocidaris tuberculata,TpH,8,8,338,20,762,24,Normal gastrulae,positive,%,Development,95.25,3.563818177,88.29,6.250823946,-0.076,8e-4,NA,NA,Yes,NA,NA,NA,,424,4,Byrne_M_Foo_S_Soars_NA_Wolfe_KDL_Nguyen_HD_Hardy_N_Dworjanyn_SA,NA,Heliocidaris_tuberculata,Echinodermata,2013,338,20,8,Byrne_M_Foo_S_Soars_NA_Wolfe_KDL_Nguyen_HD_Hardy_N_Dworjanyn_SA__2013__NA,ZOO_STUDY_0051,ZOO_ES_000170,ZOO_STUDY_0051__Heliocidaris_tuberculata__Echinodermata__CO2338.00__T20.00__NC8,ZOO_COMMON_00073,-0.07587816309331916,8.015474879459958e-4
Alter et al. 2024,"Byrne M, Gonzalez-Bernat M, Doo S, Foo S, Soars N, Lamare M",2013,NA,NA,Zooplankton,Meroplankton,Echinodermata,Patiriella regularis,TpH,9,9,423,19,1772,21,Mortality,positive,%,Survival,35.13,3.75,62.39,9.96,-0.545,0.0082,NA,NA,Yes,NA,NA,NA,,1349,2,Byrne_M_Gonzalez_Bernat_M_Doo_S_Foo_S_Soars_N_Lamare_M,NA,Patiriella_regularis,Echinodermata,2013,423,19,9,Byrne_M_Gonzalez_Bernat_M_Doo_S_Foo_S_Soars_N_Lamare_M__2013__NA,ZOO_STUDY_0052,ZOO_ES_000177,ZOO_STUDY_0052__Patiriella_regularis__Echinodermata__CO2423.00__T19.00__NC9,ZOO_COMMON_00075,0.5743495398449592,0.004097780704267396
Alter et al. 2024,"Byrne M, Gonzalez-Bernat M, Doo S, Foo S, Soars N, Lamare M",2013,NA,NA,Zooplankton,Meroplankton,Echinodermata,Patiriella regularis,TpH,9,9,423,19,1805,23,Mortality,positive,%,Survival,35.13,3.75,60.31,9.54,-0.491,0.0068,NA,NA,Yes,NA,NA,NA,,1382,4,Byrne_M_Gonzalez_Bernat_M_Doo_S_Foo_S_Soars_N_Lamare_M,NA,Patiriella_regularis,Echinodermata,2013,423,19,9,Byrne_M_Gonzalez_Bernat_M_Doo_S_Foo_S_Soars_N_Lamare_M__2013__NA,ZOO_STUDY_0052,ZOO_ES_000178,ZOO_STUDY_0052__Patiriella_regularis__Echinodermata__CO2423.00__T19.00__NC9,ZOO_COMMON_00075,0.5404424611851597,0.004046284596709454
Alter et al. 2024,"Byrne M, Gonzalez-Bernat M, Doo S, Foo S, Soars N, Lamare M",2013,NA,NA,Zooplankton,Meroplankton,Echinodermata,Patiriella regularis,TpH,9,9,423,19,1094,23,Mortality,positive,%,Survival,35.13,3.75,51.87,10.8,-0.298,0.006,NA,NA,Yes,NA,NA,NA,,671,4,Byrne_M_Gonzalez_Bernat_M_Doo_S_Foo_S_Soars_N_Lamare_M,NA,Patiriella_regularis,Echinodermata,2013,423,19,9,Byrne_M_Gonzalez_Bernat_M_Doo_S_Foo_S_Soars_N_Lamare_M__2013__NA,ZOO_STUDY_0052,ZOO_ES_000179,ZOO_STUDY_0052__Patiriella_regularis__Echinodermata__CO2423.00__T19.00__NC9,ZOO_COMMON_00075,0.38968512208557304,0.006083041588380939
Alter et al. 2024,"Byrne M, Gonzalez-Bernat M, Doo S, Foo S, Soars N, Lamare M",2013,NA,NA,Zooplankton,Meroplankton,Echinodermata,Patiriella regularis,TpH,9,9,423,19,1076,21,Mortality,positive,%,Survival,35.13,3.75,43.71,3.75,-0.142,9e-4,NA,NA,Yes,NA,NA,NA,,653,2,Byrne_M_Gonzalez_Bernat_M_Doo_S_Foo_S_Soars_N_Lamare_M,NA,Patiriella_regularis,Echinodermata,2013,423,19,9,Byrne_M_Gonzalez_Bernat_M_Doo_S_Foo_S_Soars_N_Lamare_M__2013__NA,ZOO_STUDY_0052,ZOO_ES_000180,ZOO_STUDY_0052__Patiriella_regularis__Echinodermata__CO2423.00__T19.00__NC9,ZOO_COMMON_00075,0.21852144259748738,0.0020839088073244007
Alter et al. 2024,"Byrne M, Gonzalez-Bernat M, Doo S, Foo S, Soars N, Lamare M",2013,NA,NA,Zooplankton,Meroplankton,Echinodermata,Patiriella regularis,TpH,7,7,423,19,1805,23,length,positive,µm,Growth,402.31,15.60993274,353.89,46.77688318,-0.128,0.0027,NA,NA,Yes,NA,NA,NA,,1382,4,Byrne_M_Gonzalez_Bernat_M_Doo_S_Foo_S_Soars_N_Lamare_M,NA,Patiriella_regularis,Echinodermata,2013,423,19,7,Byrne_M_Gonzalez_Bernat_M_Doo_S_Foo_S_Soars_N_Lamare_M__2013__NA,ZOO_STUDY_0052,ZOO_ES_000191,ZOO_STUDY_0052__Patiriella_regularis__Echinodermata__CO2423.00__T19.00__NC7,ZOO_COMMON_00074,-0.1282368053361068,0.0027109756148490298
Alter et al. 2024,"Byrne M, Gonzalez-Bernat M, Doo S, Foo S, Soars N, Lamare M",2013,NA,NA,Zooplankton,Meroplankton,Echinodermata,Patiriella regularis,TpH,7,7,423,19,1076,21,Normal,positive,%,Development,96.05,5.317960135,84.87,9.789279851,-0.124,0.0023,NA,NA,Yes,NA,NA,NA,,653,2,Byrne_M_Gonzalez_Bernat_M_Doo_S_Foo_S_Soars_N_Lamare_M,NA,Patiriella_regularis,Echinodermata,2013,423,19,7,Byrne_M_Gonzalez_Bernat_M_Doo_S_Foo_S_Soars_N_Lamare_M__2013__NA,ZOO_STUDY_0052,ZOO_ES_000192,ZOO_STUDY_0052__Patiriella_regularis__Echinodermata__CO2423.00__T19.00__NC7,ZOO_COMMON_00074,-0.12374821523298012,0.0023385415187030262
Alter et al. 2024,"Byrne M, Gonzalez-Bernat M, Doo S, Foo S, Soars N, Lamare M",2013,NA,NA,Zooplankton,Meroplankton,Echinodermata,Patiriella regularis,TpH,7,7,423,19,1094,23,length,positive,µm,Growth,402.31,15.60993274,358.1,45.66566763,-0.116,0.0025,NA,NA,Yes,NA,NA,NA,,671,4,Byrne_M_Gonzalez_Bernat_M_Doo_S_Foo_S_Soars_N_Lamare_M,NA,Patiriella_regularis,Echinodermata,2013,423,19,7,Byrne_M_Gonzalez_Bernat_M_Doo_S_Foo_S_Soars_N_Lamare_M__2013__NA,ZOO_STUDY_0052,ZOO_ES_000193,ZOO_STUDY_0052__Patiriella_regularis__Echinodermata__CO2423.00__T19.00__NC7,ZOO_COMMON_00074,-0.11641065871426047,0.00253819819247245
Alter et al. 2024,"Byrne M, Gonzalez-Bernat M, Doo S, Foo S, Soars N, Lamare M",2013,NA,NA,Zooplankton,Meroplankton,Echinodermata,Patiriella regularis,TpH,7,7,423,19,1094,23,Normal,positive,%,Development,96.05,5.317960135,85.79,12.64669127,-0.113,0.0035,NA,NA,Yes,NA,NA,NA,,671,4,Byrne_M_Gonzalez_Bernat_M_Doo_S_Foo_S_Soars_N_Lamare_M,NA,Patiriella_regularis,Echinodermata,2013,423,19,7,Byrne_M_Gonzalez_Bernat_M_Doo_S_Foo_S_Soars_N_Lamare_M__2013__NA,ZOO_STUDY_0052,ZOO_ES_000194,ZOO_STUDY_0052__Patiriella_regularis__Echinodermata__CO2423.00__T19.00__NC7,ZOO_COMMON_00074,-0.11296643962969169,0.0035423568079406506
Alter et al. 2024,"Byrne M, Gonzalez-Bernat M, Doo S, Foo S, Soars N, Lamare M",2013,NA,NA,Zooplankton,Meroplankton,Echinodermata,Patiriella regularis,TpH,7,7,423,19,1076,21,length,positive,µm,Growth,402.31,15.60993274,367.78,18.94357939,-0.09,6e-4,NA,NA,Yes,NA,NA,NA,,653,2,Byrne_M_Gonzalez_Bernat_M_Doo_S_Foo_S_Soars_N_Lamare_M,NA,Patiriella_regularis,Echinodermata,2013,423,19,7,Byrne_M_Gonzalez_Bernat_M_Doo_S_Foo_S_Soars_N_Lamare_M__2013__NA,ZOO_STUDY_0052,ZOO_ES_000195,ZOO_STUDY_0052__Patiriella_regularis__Echinodermata__CO2423.00__T19.00__NC7,ZOO_COMMON_00074,-0.08973800240594056,5.940805204754601e-4
Alter et al. 2024,"Byrne M, Gonzalez-Bernat M, Doo S, Foo S, Soars N, Lamare M",2013,NA,NA,Zooplankton,Meroplankton,Echinodermata,Patiriella regularis,TpH,7,7,423,19,1772,21,length,positive,µm,Growth,402.31,15.60993274,368.21,48.99931428,-0.089,0.0027,NA,NA,Yes,NA,NA,NA,,1349,2,Byrne_M_Gonzalez_Bernat_M_Doo_S_Foo_S_Soars_N_Lamare_M,NA,Patiriella_regularis,Echinodermata,2013,423,19,7,Byrne_M_Gonzalez_Bernat_M_Doo_S_Foo_S_Soars_N_Lamare_M__2013__NA,ZOO_STUDY_0052,ZOO_ES_000196,ZOO_STUDY_0052__Patiriella_regularis__Echinodermata__CO2423.00__T19.00__NC7,ZOO_COMMON_00074,-0.08856950813583885,0.002744898156378135
Alter et al. 2024,"Byrne M, Gonzalez-Bernat M, Doo S, Foo S, Soars N, Lamare M",2013,NA,NA,Zooplankton,Meroplankton,Echinodermata,Patiriella regularis,TpH,7,7,423,19,1772,21,Normal,positive,%,Development,96.05,5.317960135,88.4,10.9004954,-0.083,0.0026,NA,NA,Yes,NA,NA,NA,,1349,2,Byrne_M_Gonzalez_Bernat_M_Doo_S_Foo_S_Soars_N_Lamare_M,NA,Patiriella_regularis,Echinodermata,2013,423,19,7,Byrne_M_Gonzalez_Bernat_M_Doo_S_Foo_S_Soars_N_Lamare_M__2013__NA,ZOO_STUDY_0052,ZOO_ES_000197,ZOO_STUDY_0052__Patiriella_regularis__Echinodermata__CO2423.00__T19.00__NC7,ZOO_COMMON_00074,-0.0829969195709678,0.002610073064760479
Alter et al. 2024,"Byrne M, Gonzalez-Bernat M, Doo S, Foo S, Soars N, Lamare M",2013,NA,NA,Zooplankton,Meroplankton,Echinodermata,Patiriella regularis,TpH,7,7,423,19,1805,23,Normal,positive,%,Development,96.05,5.317960135,93.86,3.333646652,-0.023,6e-4,NA,NA,Yes,NA,NA,NA,,1382,4,Byrne_M_Gonzalez_Bernat_M_Doo_S_Foo_S_Soars_N_Lamare_M,NA,Patiriella_regularis,Echinodermata,2013,423,19,7,Byrne_M_Gonzalez_Bernat_M_Doo_S_Foo_S_Soars_N_Lamare_M__2013__NA,ZOO_STUDY_0052,ZOO_ES_000198,ZOO_STUDY_0052__Patiriella_regularis__Echinodermata__CO2423.00__T19.00__NC7,ZOO_COMMON_00074,-0.023064578848294045,6.181330760563336e-4
Alter et al. 2024,"Byrne M, Ho M, Wong E, Soars NA, Selvakumaraswamy P, Shepard-Brennand H, Dworjanyn SA, Davis AR",2011,NA,NA,Zooplankton,Meroplankton,Mollusca,Haliotis coccoradiata,TpH,10,10,342,20,1817,22,calcified larvae,positive,%,Development,59.7,31.30654884,0.4,2.213594362,-5.006,3.09,NA,NA,Yes,NA,NA,NA,,1475,2,Byrne_M_Ho_M_Wong_E_Soars_NA_Selvakumaraswamy_P_Shepard_Brennand_H_Dworjanyn_SA_Davis_AR,NA,Haliotis_coccoradiata,Mollusca,2011,342,20,10,Byrne_M_Ho_M_Wong_E_Soars_NA_Selvakumaraswamy_P_Shepard_Brennand_H_Dworjanyn_SA_Davis_AR__2011__NA,ZOO_STUDY_0054,ZOO_ES_000203,ZOO_STUDY_0054__Haliotis_coccoradiata__Mollusca__CO2342.00__T20.00__NC10,ZOO_COMMON_00077,-5.0056227522727115,3.08999930525457
Alter et al. 2024,"Byrne M, Ho M, Wong E, Soars NA, Selvakumaraswamy P, Shepard-Brennand H, Dworjanyn SA, Davis AR",2011,NA,NA,Zooplankton,Meroplankton,Mollusca,Haliotis coccoradiata,TpH,10,10,342,20,1851,24,calcified larvae,positive,%,Development,59.7,31.30654884,1.1,1.264911064,-3.994,0.1597,NA,NA,Yes,NA,NA,NA,,1509,4,Byrne_M_Ho_M_Wong_E_Soars_NA_Selvakumaraswamy_P_Shepard_Brennand_H_Dworjanyn_SA_Davis_AR,NA,Haliotis_coccoradiata,Mollusca,2011,342,20,10,Byrne_M_Ho_M_Wong_E_Soars_NA_Selvakumaraswamy_P_Shepard_Brennand_H_Dworjanyn_SA_Davis_AR__2011__NA,ZOO_STUDY_0054,ZOO_ES_000204,ZOO_STUDY_0054__Haliotis_coccoradiata__Mollusca__CO2342.00__T20.00__NC10,ZOO_COMMON_00077,-3.9940218405942316,0.15973071052529983
Alter et al. 2024,"Byrne M, Ho M, Wong E, Soars NA, Selvakumaraswamy P, Shepard-Brennand H, Dworjanyn SA, Davis AR",2011,NA,NA,Zooplankton,Meroplankton,Mollusca,Haliotis coccoradiata,TpH,10,10,342,20,1121,24,calcified larvae,positive,%,Development,59.7,31.30654884,5.9,10.11928851,-2.314,0.3217,NA,NA,Yes,NA,NA,NA,,779,4,Byrne_M_Ho_M_Wong_E_Soars_NA_Selvakumaraswamy_P_Shepard_Brennand_H_Dworjanyn_SA_Davis_AR,NA,Haliotis_coccoradiata,Mollusca,2011,342,20,10,Byrne_M_Ho_M_Wong_E_Soars_NA_Selvakumaraswamy_P_Shepard_Brennand_H_Dworjanyn_SA_Davis_AR__2011__NA,ZOO_STUDY_0054,ZOO_ES_000205,ZOO_STUDY_0054__Haliotis_coccoradiata__Mollusca__CO2342.00__T20.00__NC10,ZOO_COMMON_00077,-2.3143796694868826,0.32166764786343294
Alter et al. 2024,"Byrne M, Ho M, Wong E, Soars NA, Selvakumaraswamy P, Shepard-Brennand H, Dworjanyn SA, Davis AR",2011,NA,NA,Zooplankton,Meroplankton,Mollusca,Haliotis coccoradiata,TpH,10,10,342,20,1102,22,calcified larvae,positive,%,Development,59.7,31.30654884,16.3,22.45217139,-1.298,0.2172,NA,NA,Yes,NA,NA,NA,,760,2,Byrne_M_Ho_M_Wong_E_Soars_NA_Selvakumaraswamy_P_Shepard_Brennand_H_Dworjanyn_SA_Davis_AR,NA,Haliotis_coccoradiata,Mollusca,2011,342,20,10,Byrne_M_Ho_M_Wong_E_Soars_NA_Selvakumaraswamy_P_Shepard_Brennand_H_Dworjanyn_SA_Davis_AR__2011__NA,ZOO_STUDY_0054,ZOO_ES_000206,ZOO_STUDY_0054__Haliotis_coccoradiata__Mollusca__CO2342.00__T20.00__NC10,ZOO_COMMON_00077,-1.2981669125858397,0.21723170052441054
Alter et al. 2024,"Byrne M, Soars N, Selvykumaraswamy P, Dworjanyn SA, Davis AR",2010,NA,NA,Zooplankton,Meroplankton,Echinodermata,Heliocidaris erythrogramma,TpH,12,12,367,22,1142,26,Fertilization,positive,%,Reproduction,74.53,5.40399852,69.07,4.67653718,-0.076,8e-4,NA,NA,Yes,NA,NA,NA,,775,4,Byrne_M_Soars_N_Selvykumaraswamy_P_Dworjanyn_SA_Davis_AR,NA,Heliocidaris_erythrogramma,Echinodermata,2010,367,22,12,Byrne_M_Soars_N_Selvykumaraswamy_P_Dworjanyn_SA_Davis_AR__2010__NA,ZOO_STUDY_0056,ZOO_ES_000218,ZOO_STUDY_0056__Heliocidaris_erythrogramma__Echinodermata__CO2367.00__T22.00__NC12,ZOO_COMMON_00084,-0.07608124579272108,8.201360421793969e-4
Alter et al. 2024,"Byrne M, Soars N, Selvykumaraswamy P, Dworjanyn SA, Davis AR",2010,NA,NA,Zooplankton,Meroplankton,Echinodermata,Heliocidaris erythrogramma,TpH,12,12,367,22,1124,24,Fertilization,positive,%,Reproduction,74.53,5.40399852,69.97,3.637306696,-0.063,7e-4,NA,NA,Yes,NA,NA,NA,,757,2,Byrne_M_Soars_N_Selvykumaraswamy_P_Dworjanyn_SA_Davis_AR,NA,Heliocidaris_erythrogramma,Echinodermata,2010,367,22,12,Byrne_M_Soars_N_Selvykumaraswamy_P_Dworjanyn_SA_Davis_AR__2010__NA,ZOO_STUDY_0056,ZOO_ES_000219,ZOO_STUDY_0056__Heliocidaris_erythrogramma__Echinodermata__CO2367.00__T22.00__NC12,ZOO_COMMON_00084,-0.06313515013579715,6.633068026131116e-4
Alter et al. 2024,"Byrne M, Soars N, Selvykumaraswamy P, Dworjanyn SA, Davis AR",2010,NA,NA,Zooplankton,Meroplankton,Echinodermata,Heliocidaris erythrogramma,TpH,12,12,367,22,1858,24,Fertilization,positive,%,Reproduction,74.53,5.40399852,70.48,5.750408681,-0.056,0.001,NA,NA,Yes,NA,NA,NA,,1491,2,Byrne_M_Soars_N_Selvykumaraswamy_P_Dworjanyn_SA_Davis_AR,NA,Heliocidaris_erythrogramma,Echinodermata,2010,367,22,12,Byrne_M_Soars_N_Selvykumaraswamy_P_Dworjanyn_SA_Davis_AR__2010__NA,ZOO_STUDY_0056,ZOO_ES_000220,ZOO_STUDY_0056__Heliocidaris_erythrogramma__Echinodermata__CO2367.00__T22.00__NC12,ZOO_COMMON_00084,-0.05587274726567829,9.928473109543031e-4
Alter et al. 2024,"Byrne M, Soars N, Selvykumaraswamy P, Dworjanyn SA, Davis AR",2010,NA,NA,Zooplankton,Meroplankton,Echinodermata,Heliocidaris erythrogramma,TpH,12,12,367,22,1892,26,Fertilization,positive,%,Reproduction,74.53,5.40399852,72.63,4.260844987,-0.026,7e-4,NA,NA,Yes,NA,NA,NA,,1525,4,Byrne_M_Soars_N_Selvykumaraswamy_P_Dworjanyn_SA_Davis_AR,NA,Heliocidaris_erythrogramma,Echinodermata,2010,367,22,12,Byrne_M_Soars_N_Selvykumaraswamy_P_Dworjanyn_SA_Davis_AR__2010__NA,ZOO_STUDY_0056,ZOO_ES_000221,ZOO_STUDY_0056__Heliocidaris_erythrogramma__Echinodermata__CO2367.00__T22.00__NC12,ZOO_COMMON_00084,-0.02582366927552568,7.249131528623551e-4
Alter et al. 2024,"Byrne M, Soars NA, Ho MA, Wong E, McElroy D, Selvakumaraswamy P, Dworjanyn SA, Davis AR",2010,NA,NA,Zooplankton,Meroplankton,Echinodermata,Heliocidaris tuberculata,TpH,3,3,327,20,1828,26,Fertilization success,positive,%,Reproduction,95.9,5.092229374,83.21,15.27668812,-0.142,0.0122,NA,NA,Yes,NA,NA,NA,,1501,6,Byrne_M_Soars_NA_Ho_MA_Wong_E_McElroy_D_Selvakumaraswamy_P_Dworjanyn_SA_Davis_AR,NA,Heliocidaris_tuberculata,Echinodermata,2010,327,20,3,Byrne_M_Soars_NA_Ho_MA_Wong_E_McElroy_D_Selvakumaraswamy_P_Dworjanyn_SA_Davis_AR__2010__NA,ZOO_STUDY_0055,ZOO_ES_000249,ZOO_STUDY_0055__Heliocidaris_tuberculata__Echinodermata__CO2327.00__T20.00__NC3,ZOO_COMMON_00081,-0.1419384489770542,0.012175185206309178
Alter et al. 2024,"Byrne M, Soars NA, Ho MA, Wong E, McElroy D, Selvakumaraswamy P, Dworjanyn SA, Davis AR",2010,NA,NA,Zooplankton,Meroplankton,Echinodermata,Patiriella regularis,TpH,3,3,330,22,1795,24,Fertilization success,positive,%,Reproduction,89.93,8.556330989,79.09,18.16921297,-0.128,0.0206,NA,NA,Yes,NA,NA,NA,,1465,2,Byrne_M_Soars_NA_Ho_MA_Wong_E_McElroy_D_Selvakumaraswamy_P_Dworjanyn_SA_Davis_AR,NA,Patiriella_regularis,Echinodermata,2010,330,22,3,Byrne_M_Soars_NA_Ho_MA_Wong_E_McElroy_D_Selvakumaraswamy_P_Dworjanyn_SA_Davis_AR__2010__NA,ZOO_STUDY_0055,ZOO_ES_000250,ZOO_STUDY_0055__Patiriella_regularis__Echinodermata__CO2330.00__T22.00__NC3,ZOO_COMMON_00082,-0.12844514539509827,0.020609182769025618
Alter et al. 2024,"Byrne M, Soars NA, Ho MA, Wong E, McElroy D, Selvakumaraswamy P, Dworjanyn SA, Davis AR",2010,NA,NA,Zooplankton,Meroplankton,Echinodermata,Heliocidaris tuberculata,TpH,3,3,327,20,1104,26,Fertilization success,positive,%,Reproduction,95.9,5.092229374,87.26,13.25018868,-0.094,0.0086,NA,NA,Yes,NA,NA,NA,,777,6,Byrne_M_Soars_NA_Ho_MA_Wong_E_McElroy_D_Selvakumaraswamy_P_Dworjanyn_SA_Davis_AR,NA,Heliocidaris_tuberculata,Echinodermata,2010,327,20,3,Byrne_M_Soars_NA_Ho_MA_Wong_E_McElroy_D_Selvakumaraswamy_P_Dworjanyn_SA_Davis_AR__2010__NA,ZOO_STUDY_0055,ZOO_ES_000251,ZOO_STUDY_0055__Heliocidaris_tuberculata__Echinodermata__CO2327.00__T20.00__NC3,ZOO_COMMON_00081,-0.09441381419392904,0.008625707333104662
Alter et al. 2024,"Byrne M, Soars NA, Ho MA, Wong E, McElroy D, Selvakumaraswamy P, Dworjanyn SA, Davis AR",2010,NA,NA,Zooplankton,Meroplankton,Echinodermata,Heliocidaris tuberculata,TpH,3,3,327,20,851,26,Fertilization success,positive,%,Reproduction,95.9,5.092229374,90.12,12.2282787,-0.062,0.0071,NA,NA,Yes,NA,NA,NA,,524,6,Byrne_M_Soars_NA_Ho_MA_Wong_E_McElroy_D_Selvakumaraswamy_P_Dworjanyn_SA_Davis_AR,NA,Heliocidaris_tuberculata,Echinodermata,2010,327,20,3,Byrne_M_Soars_NA_Ho_MA_Wong_E_McElroy_D_Selvakumaraswamy_P_Dworjanyn_SA_Davis_AR__2010__NA,ZOO_STUDY_0055,ZOO_ES_000252,ZOO_STUDY_0055__Heliocidaris_tuberculata__Echinodermata__CO2327.00__T20.00__NC3,ZOO_COMMON_00081,-0.062163866325348864,0.007077001828685866
Alter et al. 2024,"Byrne M, Soars NA, Ho MA, Wong E, McElroy D, Selvakumaraswamy P, Dworjanyn SA, Davis AR",2010,NA,NA,Zooplankton,Meroplankton,Echinodermata,Heliocidaris erythrogramma,TpH,3,3,330,22,1828,26,Fertilization success,positive,%,Reproduction,90.33,8.157959304,85.28,12.2282787,-0.058,0.0096,NA,NA,Yes,NA,NA,NA,,1498,4,Byrne_M_Soars_NA_Ho_MA_Wong_E_McElroy_D_Selvakumaraswamy_P_Dworjanyn_SA_Davis_AR,NA,Heliocidaris_erythrogramma,Echinodermata,2010,330,22,3,Byrne_M_Soars_NA_Ho_MA_Wong_E_McElroy_D_Selvakumaraswamy_P_Dworjanyn_SA_Davis_AR__2010__NA,ZOO_STUDY_0055,ZOO_ES_000253,ZOO_STUDY_0055__Heliocidaris_erythrogramma__Echinodermata__CO2330.00__T22.00__NC3,ZOO_COMMON_00080,-0.05752967074421771,0.00957234438828202
Alter et al. 2024,"Byrne M, Soars NA, Ho MA, Wong E, McElroy D, Selvakumaraswamy P, Dworjanyn SA, Davis AR",2010,NA,NA,Zooplankton,Meroplankton,Echinodermata,Heliocidaris erythrogramma,TpH,3,3,330,22,1104,26,Fertilization success,positive,%,Reproduction,90.33,8.157959304,85.77,11.20636872,-0.052,0.0084,NA,NA,Yes,NA,NA,NA,,774,4,Byrne_M_Soars_NA_Ho_MA_Wong_E_McElroy_D_Selvakumaraswamy_P_Dworjanyn_SA_Davis_AR,NA,Heliocidaris_erythrogramma,Echinodermata,2010,330,22,3,Byrne_M_Soars_NA_Ho_MA_Wong_E_McElroy_D_Selvakumaraswamy_P_Dworjanyn_SA_Davis_AR__2010__NA,ZOO_STUDY_0055,ZOO_ES_000254,ZOO_STUDY_0055__Heliocidaris_erythrogramma__Echinodermata__CO2330.00__T22.00__NC3,ZOO_COMMON_00080,-0.051800336159422075,0.008409137102088283
Alter et al. 2024,"Byrne M, Soars NA, Ho MA, Wong E, McElroy D, Selvakumaraswamy P, Dworjanyn SA, Davis AR",2010,NA,NA,Zooplankton,Meroplankton,Echinodermata,Heliocidaris tuberculata,TpH,3,3,327,20,1795,24,Fertilization success,positive,%,Reproduction,95.9,5.092229374,92.61,10.18445875,-0.035,0.005,NA,NA,Yes,NA,NA,NA,,1468,4,Byrne_M_Soars_NA_Ho_MA_Wong_E_McElroy_D_Selvakumaraswamy_P_Dworjanyn_SA_Davis_AR,NA,Heliocidaris_tuberculata,Echinodermata,2010,327,20,3,Byrne_M_Soars_NA_Ho_MA_Wong_E_McElroy_D_Selvakumaraswamy_P_Dworjanyn_SA_Davis_AR__2010__NA,ZOO_STUDY_0055,ZOO_ES_000255,ZOO_STUDY_0055__Heliocidaris_tuberculata__Echinodermata__CO2327.00__T20.00__NC3,ZOO_COMMON_00081,-0.03490885470721498,0.004971089748647836
Alter et al. 2024,"Byrne M, Soars NA, Ho MA, Wong E, McElroy D, Selvakumaraswamy P, Dworjanyn SA, Davis AR",2010,NA,NA,Zooplankton,Meroplankton,Echinodermata,Patiriella regularis,TpH,3,3,330,22,1087,24,Fertilization success,positive,%,Reproduction,89.93,8.556330989,86.99,12.81717598,-0.033,0.0103,NA,NA,Yes,NA,NA,NA,,757,2,Byrne_M_Soars_NA_Ho_MA_Wong_E_McElroy_D_Selvakumaraswamy_P_Dworjanyn_SA_Davis_AR,NA,Patiriella_regularis,Echinodermata,2010,330,22,3,Byrne_M_Soars_NA_Ho_MA_Wong_E_McElroy_D_Selvakumaraswamy_P_Dworjanyn_SA_Davis_AR__2010__NA,ZOO_STUDY_0055,ZOO_ES_000256,ZOO_STUDY_0055__Patiriella_regularis__Echinodermata__CO2330.00__T22.00__NC3,ZOO_COMMON_00082,-0.033238420406974875,0.010253919034421882
Alter et al. 2024,"Byrne M, Soars NA, Ho MA, Wong E, McElroy D, Selvakumaraswamy P, Dworjanyn SA, Davis AR",2010,NA,NA,Zooplankton,Meroplankton,Echinodermata,Heliocidaris tuberculata,TpH,3,3,327,20,839,24,Fertilization success,positive,%,Reproduction,95.9,5.092229374,94.22,8.157959304,-0.018,0.0034,NA,NA,Yes,NA,NA,NA,,512,4,Byrne_M_Soars_NA_Ho_MA_Wong_E_McElroy_D_Selvakumaraswamy_P_Dworjanyn_SA_Davis_AR,NA,Heliocidaris_tuberculata,Echinodermata,2010,327,20,3,Byrne_M_Soars_NA_Ho_MA_Wong_E_McElroy_D_Selvakumaraswamy_P_Dworjanyn_SA_Davis_AR__2010__NA,ZOO_STUDY_0055,ZOO_ES_000257,ZOO_STUDY_0055__Heliocidaris_tuberculata__Echinodermata__CO2327.00__T20.00__NC3,ZOO_COMMON_00081,-0.017673508617497554,0.0034387863880579175
Alter et al. 2024,"Byrne M, Soars NA, Ho MA, Wong E, McElroy D, Selvakumaraswamy P, Dworjanyn SA, Davis AR",2010,NA,NA,Zooplankton,Meroplankton,Echinodermata,Heliocidaris erythrogramma,TpH,3,3,330,22,1795,24,Fertilization success,positive,%,Reproduction,90.33,8.157959304,88.79,10.18445875,-0.017,0.0071,NA,NA,Yes,NA,NA,NA,,1465,2,Byrne_M_Soars_NA_Ho_MA_Wong_E_McElroy_D_Selvakumaraswamy_P_Dworjanyn_SA_Davis_AR,NA,Heliocidaris_erythrogramma,Echinodermata,2010,330,22,3,Byrne_M_Soars_NA_Ho_MA_Wong_E_McElroy_D_Selvakumaraswamy_P_Dworjanyn_SA_Davis_AR__2010__NA,ZOO_STUDY_0055,ZOO_ES_000258,ZOO_STUDY_0055__Heliocidaris_erythrogramma__Echinodermata__CO2330.00__T22.00__NC3,ZOO_COMMON_00080,-0.017195600117516596,0.007104378311872036
Alter et al. 2024,"Byrne M, Soars NA, Ho MA, Wong E, McElroy D, Selvakumaraswamy P, Dworjanyn SA, Davis AR",2010,NA,NA,Zooplankton,Meroplankton,Echinodermata,Centrostephanus rodgersii,TpH,3,3,324,18,1795,24,Fertilization success,positive,%,Reproduction,96.12,5.213472931,94.55,6.270023923,-0.016,0.0024,NA,NA,Yes,NA,NA,NA,,1471,6,Byrne_M_Soars_NA_Ho_MA_Wong_E_McElroy_D_Selvakumaraswamy_P_Dworjanyn_SA_Davis_AR,NA,Centrostephanus_rodgersii,Echinodermata,2010,324,18,3,Byrne_M_Soars_NA_Ho_MA_Wong_E_McElroy_D_Selvakumaraswamy_P_Dworjanyn_SA_Davis_AR__2010__NA,ZOO_STUDY_0055,ZOO_ES_000259,ZOO_STUDY_0055__Centrostephanus_rodgersii__Echinodermata__CO2324.00__T18.00__NC3,ZOO_COMMON_00078,-0.016468615763801684,0.0024464959933788335
Alter et al. 2024,"Byrne M, Soars NA, Ho MA, Wong E, McElroy D, Selvakumaraswamy P, Dworjanyn SA, Davis AR",2010,NA,NA,Zooplankton,Meroplankton,Echinodermata,Heliocidaris erythrogramma,TpH,3,3,330,22,1087,24,Fertilization success,positive,%,Reproduction,90.33,8.157959304,89.28,9.162548772,-0.012,0.0062,NA,NA,Yes,NA,NA,NA,,757,2,Byrne_M_Soars_NA_Ho_MA_Wong_E_McElroy_D_Selvakumaraswamy_P_Dworjanyn_SA_Davis_AR,NA,Heliocidaris_erythrogramma,Echinodermata,2010,330,22,3,Byrne_M_Soars_NA_Ho_MA_Wong_E_McElroy_D_Selvakumaraswamy_P_Dworjanyn_SA_Davis_AR__2010__NA,ZOO_STUDY_0055,ZOO_ES_000260,ZOO_STUDY_0055__Heliocidaris_erythrogramma__Echinodermata__CO2330.00__T22.00__NC3,ZOO_COMMON_00080,-0.01169213252875129,0.006229578202869
Alter et al. 2024,"Byrne M, Soars NA, Ho MA, Wong E, McElroy D, Selvakumaraswamy P, Dworjanyn SA, Davis AR",2010,NA,NA,Zooplankton,Meroplankton,Echinodermata,Centrostephanus rodgersii,TpH,3,3,324,18,1069,22,Fertilization success,positive,%,Reproduction,96.12,5.213472931,95.04,6.252703415,-0.011,0.0024,NA,NA,Yes,NA,NA,NA,,745,4,Byrne_M_Soars_NA_Ho_MA_Wong_E_McElroy_D_Selvakumaraswamy_P_Dworjanyn_SA_Davis_AR,NA,Centrostephanus_rodgersii,Echinodermata,2010,324,18,3,Byrne_M_Soars_NA_Ho_MA_Wong_E_McElroy_D_Selvakumaraswamy_P_Dworjanyn_SA_Davis_AR__2010__NA,ZOO_STUDY_0055,ZOO_ES_000261,ZOO_STUDY_0055__Centrostephanus_rodgersii__Echinodermata__CO2324.00__T18.00__NC3,ZOO_COMMON_00078,-0.011299555253933394,0.0024234154259811054
Alter et al. 2024,"Byrne M, Soars NA, Ho MA, Wong E, McElroy D, Selvakumaraswamy P, Dworjanyn SA, Davis AR",2010,NA,NA,Zooplankton,Meroplankton,Echinodermata,Centrostephanus rodgersii,TpH,3,3,324,18,1087,24,Fertilization success,positive,%,Reproduction,96.12,5.213472931,95.05,6.270023923,-0.011,0.0024,NA,NA,Yes,NA,NA,NA,,763,6,Byrne_M_Soars_NA_Ho_MA_Wong_E_McElroy_D_Selvakumaraswamy_P_Dworjanyn_SA_Davis_AR,NA,Centrostephanus_rodgersii,Echinodermata,2010,324,18,3,Byrne_M_Soars_NA_Ho_MA_Wong_E_McElroy_D_Selvakumaraswamy_P_Dworjanyn_SA_Davis_AR__2010__NA,ZOO_STUDY_0055,ZOO_ES_000262,ZOO_STUDY_0055__Centrostephanus_rodgersii__Echinodermata__CO2324.00__T18.00__NC3,ZOO_COMMON_00078,-0.011194341933830041,0.0024311145118040937
Alter et al. 2024,"Byrne M, Soars NA, Ho MA, Wong E, McElroy D, Selvakumaraswamy P, Dworjanyn SA, Davis AR",2010,NA,NA,Zooplankton,Meroplankton,Echinodermata,Centrostephanus rodgersii,TpH,3,3,324,18,1762,22,Fertilization success,positive,%,Reproduction,96.12,5.213472931,95.13,6.270023923,-0.01,0.0024,NA,NA,Yes,NA,NA,NA,,1438,4,Byrne_M_Soars_NA_Ho_MA_Wong_E_McElroy_D_Selvakumaraswamy_P_Dworjanyn_SA_Davis_AR,NA,Centrostephanus_rodgersii,Echinodermata,2010,324,18,3,Byrne_M_Soars_NA_Ho_MA_Wong_E_McElroy_D_Selvakumaraswamy_P_Dworjanyn_SA_Davis_AR__2010__NA,ZOO_STUDY_0055,ZOO_ES_000263,ZOO_STUDY_0055__Centrostephanus_rodgersii__Echinodermata__CO2324.00__T18.00__NC3,ZOO_COMMON_00078,-0.010353033649902596,0.0024286759557939296
Alter et al. 2024,"Byrne M, Soars NA, Ho MA, Wong E, McElroy D, Selvakumaraswamy P, Dworjanyn SA, Davis AR",2010,NA,NA,Zooplankton,Meroplankton,Echinodermata,Patiriella regularis,TpH,3,3,330,22,1828,26,Fertilization success,positive,%,Reproduction,89.93,8.556330989,89.61,8.539010481,-0.004,0.006,NA,NA,Yes,NA,NA,NA,,1498,4,Byrne_M_Soars_NA_Ho_MA_Wong_E_McElroy_D_Selvakumaraswamy_P_Dworjanyn_SA_Davis_AR,NA,Patiriella_regularis,Echinodermata,2010,330,22,3,Byrne_M_Soars_NA_Ho_MA_Wong_E_McElroy_D_Selvakumaraswamy_P_Dworjanyn_SA_Davis_AR__2010__NA,ZOO_STUDY_0055,ZOO_ES_000264,ZOO_STUDY_0055__Patiriella_regularis__Echinodermata__CO2330.00__T22.00__NC3,ZOO_COMMON_00082,-0.003564669030296,0.006044262355811904
Alter et al. 2024,"Byrne M, Soars NA, Ho MA, Wong E, McElroy D, Selvakumaraswamy P, Dworjanyn SA, Davis AR",2010,NA,NA,Zooplankton,Meroplankton,Echinodermata,Heliocidaris tuberculata,TpH,3,3,327,20,1087,24,Fertilization success,positive,%,Reproduction,95.9,5.092229374,96.07,5.092229374,0.002,0.0019,NA,NA,Yes,NA,NA,NA,,760,4,Byrne_M_Soars_NA_Ho_MA_Wong_E_McElroy_D_Selvakumaraswamy_P_Dworjanyn_SA_Davis_AR,NA,Heliocidaris_tuberculata,Echinodermata,2010,327,20,3,Byrne_M_Soars_NA_Ho_MA_Wong_E_McElroy_D_Selvakumaraswamy_P_Dworjanyn_SA_Davis_AR__2010__NA,ZOO_STUDY_0055,ZOO_ES_000265,ZOO_STUDY_0055__Heliocidaris_tuberculata__Echinodermata__CO2327.00__T20.00__NC3,ZOO_COMMON_00081,0.0017711105322545705,0.0018763719832610602
Alter et al. 2024,"Byrne M, Soars NA, Ho MA, Wong E, McElroy D, Selvakumaraswamy P, Dworjanyn SA, Davis AR",2010,NA,NA,Zooplankton,Meroplankton,Mollusca,Haliotis coccoradiata,TpH,3,3,327,20,1104,26,Fertilization success,positive,%,Reproduction,97.55,3.204293994,97.77,3.169652978,0.002,7e-4,NA,NA,Yes,NA,NA,NA,,777,6,Byrne_M_Soars_NA_Ho_MA_Wong_E_McElroy_D_Selvakumaraswamy_P_Dworjanyn_SA_Davis_AR,NA,Haliotis_coccoradiata,Mollusca,2010,327,20,3,Byrne_M_Soars_NA_Ho_MA_Wong_E_McElroy_D_Selvakumaraswamy_P_Dworjanyn_SA_Davis_AR__2010__NA,ZOO_STUDY_0055,ZOO_ES_000266,ZOO_STUDY_0055__Haliotis_coccoradiata__Mollusca__CO2327.00__T20.00__NC3,ZOO_COMMON_00079,0.002252714448459553,7.099983115770086e-4
Alter et al. 2024,"Byrne M, Soars NA, Ho MA, Wong E, McElroy D, Selvakumaraswamy P, Dworjanyn SA, Davis AR",2010,NA,NA,Zooplankton,Meroplankton,Mollusca,Haliotis coccoradiata,TpH,3,3,327,20,1828,26,Fertilization success,positive,%,Reproduction,97.55,3.204293994,97.85,3.221614502,0.003,7e-4,NA,NA,Yes,NA,NA,NA,,1501,6,Byrne_M_Soars_NA_Ho_MA_Wong_E_McElroy_D_Selvakumaraswamy_P_Dworjanyn_SA_Davis_AR,NA,Haliotis_coccoradiata,Mollusca,2010,327,20,3,Byrne_M_Soars_NA_Ho_MA_Wong_E_McElroy_D_Selvakumaraswamy_P_Dworjanyn_SA_Davis_AR__2010__NA,ZOO_STUDY_0055,ZOO_ES_000267,ZOO_STUDY_0055__Haliotis_coccoradiata__Mollusca__CO2327.00__T20.00__NC3,ZOO_COMMON_00079,0.0030706267729650114,7.209874971253283e-4
Alter et al. 2024,"Byrne M, Soars NA, Ho MA, Wong E, McElroy D, Selvakumaraswamy P, Dworjanyn SA, Davis AR",2010,NA,NA,Zooplankton,Meroplankton,Mollusca,Haliotis coccoradiata,TpH,3,3,327,20,1069,22,Fertilization success,positive,%,Reproduction,97.55,3.204293994,98.98,1.073871501,0.015,4e-4,NA,NA,Yes,NA,NA,NA,,742,2,Byrne_M_Soars_NA_Ho_MA_Wong_E_McElroy_D_Selvakumaraswamy_P_Dworjanyn_SA_Davis_AR,NA,Haliotis_coccoradiata,Mollusca,2010,327,20,3,Byrne_M_Soars_NA_Ho_MA_Wong_E_McElroy_D_Selvakumaraswamy_P_Dworjanyn_SA_Davis_AR__2010__NA,ZOO_STUDY_0055,ZOO_ES_000268,ZOO_STUDY_0055__Haliotis_coccoradiata__Mollusca__CO2327.00__T20.00__NC3,ZOO_COMMON_00079,0.014552742454619941,3.9889366378838053e-4
Alter et al. 2024,"Byrne M, Soars NA, Ho MA, Wong E, McElroy D, Selvakumaraswamy P, Dworjanyn SA, Davis AR",2010,NA,NA,Zooplankton,Meroplankton,Mollusca,Haliotis coccoradiata,TpH,3,3,327,20,1762,22,Fertilization success,positive,%,Reproduction,97.55,3.204293994,99.07,2.130422493,0.015,5e-4,NA,NA,Yes,NA,NA,NA,,1435,2,Byrne_M_Soars_NA_Ho_MA_Wong_E_McElroy_D_Selvakumaraswamy_P_Dworjanyn_SA_Davis_AR,NA,Haliotis_coccoradiata,Mollusca,2010,327,20,3,Byrne_M_Soars_NA_Ho_MA_Wong_E_McElroy_D_Selvakumaraswamy_P_Dworjanyn_SA_Davis_AR__2010__NA,ZOO_STUDY_0055,ZOO_ES_000269,ZOO_STUDY_0055__Haliotis_coccoradiata__Mollusca__CO2327.00__T20.00__NC3,ZOO_COMMON_00079,0.01546160391581853,5.138010662542232e-4
Alter et al. 2024,"Byrne M, Soars NA, Ho MA, Wong E, McElroy D, Selvakumaraswamy P, Dworjanyn SA, Davis AR",2010,NA,NA,Zooplankton,Meroplankton,Mollusca,Haliotis coccoradiata,TpH,3,3,327,20,827,22,Fertilization success,positive,%,Reproduction,97.55,3.204293994,99.51,1.021909976,0.02,4e-4,NA,NA,Yes,NA,NA,NA,,500,2,Byrne_M_Soars_NA_Ho_MA_Wong_E_McElroy_D_Selvakumaraswamy_P_Dworjanyn_SA_Davis_AR,NA,Haliotis_coccoradiata,Mollusca,2010,327,20,3,Byrne_M_Soars_NA_Ho_MA_Wong_E_McElroy_D_Selvakumaraswamy_P_Dworjanyn_SA_Davis_AR__2010__NA,ZOO_STUDY_0055,ZOO_ES_000270,ZOO_STUDY_0055__Haliotis_coccoradiata__Mollusca__CO2327.00__T20.00__NC3,ZOO_COMMON_00079,0.019893074557950644,3.948109864102178e-4
Alter et al. 2024,"Byrne M, Soars NA, Ho MA, Wong E, McElroy D, Selvakumaraswamy P, Dworjanyn SA, Davis AR",2010,NA,NA,Zooplankton,Meroplankton,Mollusca,Haliotis coccoradiata,TpH,3,3,327,20,851,26,Fertilization success,positive,%,Reproduction,97.55,3.204293994,99.53,0.98726896,0.02,4e-4,NA,NA,Yes,NA,NA,NA,,524,6,Byrne_M_Soars_NA_Ho_MA_Wong_E_McElroy_D_Selvakumaraswamy_P_Dworjanyn_SA_Davis_AR,NA,Haliotis_coccoradiata,Mollusca,2010,327,20,3,Byrne_M_Soars_NA_Ho_MA_Wong_E_McElroy_D_Selvakumaraswamy_P_Dworjanyn_SA_Davis_AR__2010__NA,ZOO_STUDY_0055,ZOO_ES_000271,ZOO_STUDY_0055__Haliotis_coccoradiata__Mollusca__CO2327.00__T20.00__NC3,ZOO_COMMON_00079,0.020094039188851998,3.924548972595545e-4
Alter et al. 2024,"Byrne M, Soars NA, Ho MA, Wong E, McElroy D, Selvakumaraswamy P, Dworjanyn SA, Davis AR",2010,NA,NA,Zooplankton,Meroplankton,Echinodermata,Tripneustes gratilla,TpH,3,3,327,20,1104,26,Fertilization success,positive,%,Reproduction,87.97,12.52272734,89.95,11.48349685,0.022,0.0122,NA,NA,Yes,NA,NA,NA,,777,6,Byrne_M_Soars_NA_Ho_MA_Wong_E_McElroy_D_Selvakumaraswamy_P_Dworjanyn_SA_Davis_AR,NA,Tripneustes_gratilla,Echinodermata,2010,327,20,3,Byrne_M_Soars_NA_Ho_MA_Wong_E_McElroy_D_Selvakumaraswamy_P_Dworjanyn_SA_Davis_AR__2010__NA,ZOO_STUDY_0055,ZOO_ES_000272,ZOO_STUDY_0055__Tripneustes_gratilla__Echinodermata__CO2327.00__T20.00__NC3,ZOO_COMMON_00083,0.022258113131959096,0.012187533482325496
Alter et al. 2024,"Byrne M, Soars NA, Ho MA, Wong E, McElroy D, Selvakumaraswamy P, Dworjanyn SA, Davis AR",2010,NA,NA,Zooplankton,Meroplankton,Echinodermata,Patiriella regularis,TpH,3,3,330,22,1104,26,Fertilization success,positive,%,Reproduction,89.93,8.556330989,93.8,5.352036995,0.042,0.0041,NA,NA,Yes,NA,NA,NA,,774,4,Byrne_M_Soars_NA_Ho_MA_Wong_E_McElroy_D_Selvakumaraswamy_P_Dworjanyn_SA_Davis_AR,NA,Patiriella_regularis,Echinodermata,2010,330,22,3,Byrne_M_Soars_NA_Ho_MA_Wong_E_McElroy_D_Selvakumaraswamy_P_Dworjanyn_SA_Davis_AR__2010__NA,ZOO_STUDY_0055,ZOO_ES_000273,ZOO_STUDY_0055__Patiriella_regularis__Echinodermata__CO2330.00__T22.00__NC3,ZOO_COMMON_00082,0.04213326608575485,0.004102685899433471
Alter et al. 2024,"Byrne M, Soars NA, Ho MA, Wong E, McElroy D, Selvakumaraswamy P, Dworjanyn SA, Davis AR",2010,NA,NA,Zooplankton,Meroplankton,Echinodermata,Tripneustes gratilla,TpH,3,3,327,20,1087,24,Fertilization success,positive,%,Reproduction,87.97,12.52272734,92.35,10.42694586,0.049,0.011,NA,NA,Yes,NA,NA,NA,,760,4,Byrne_M_Soars_NA_Ho_MA_Wong_E_McElroy_D_Selvakumaraswamy_P_Dworjanyn_SA_Davis_AR,NA,Tripneustes_gratilla,Echinodermata,2010,327,20,3,Byrne_M_Soars_NA_Ho_MA_Wong_E_McElroy_D_Selvakumaraswamy_P_Dworjanyn_SA_Davis_AR__2010__NA,ZOO_STUDY_0055,ZOO_ES_000274,ZOO_STUDY_0055__Tripneustes_gratilla__Echinodermata__CO2327.00__T20.00__NC3,ZOO_COMMON_00083,0.04858985938066571,0.011004038436364943
Alter et al. 2024,"Byrne M, Soars NA, Ho MA, Wong E, McElroy D, Selvakumaraswamy P, Dworjanyn SA, Davis AR",2010,NA,NA,Zooplankton,Meroplankton,Echinodermata,Tripneustes gratilla,TpH,3,3,327,20,839,24,Fertilization success,positive,%,Reproduction,87.97,12.52272734,92.88,10.42694586,0.054,0.011,NA,NA,Yes,NA,NA,NA,,512,4,Byrne_M_Soars_NA_Ho_MA_Wong_E_McElroy_D_Selvakumaraswamy_P_Dworjanyn_SA_Davis_AR,NA,Tripneustes_gratilla,Echinodermata,2010,327,20,3,Byrne_M_Soars_NA_Ho_MA_Wong_E_McElroy_D_Selvakumaraswamy_P_Dworjanyn_SA_Davis_AR__2010__NA,ZOO_STUDY_0055,ZOO_ES_000275,ZOO_STUDY_0055__Tripneustes_gratilla__Echinodermata__CO2327.00__T20.00__NC3,ZOO_COMMON_00083,0.05431249012505293,0.010955681145117031
Alter et al. 2024,"Byrne M, Soars NA, Ho MA, Wong E, McElroy D, Selvakumaraswamy P, Dworjanyn SA, Davis AR",2010,NA,NA,Zooplankton,Meroplankton,Echinodermata,Tripneustes gratilla,TpH,3,3,327,20,851,26,Fertilization success,positive,%,Reproduction,87.97,12.52272734,92.89,9.387715377,0.054,0.0102,NA,NA,Yes,NA,NA,NA,,524,6,Byrne_M_Soars_NA_Ho_MA_Wong_E_McElroy_D_Selvakumaraswamy_P_Dworjanyn_SA_Davis_AR,NA,Tripneustes_gratilla,Echinodermata,2010,327,20,3,Byrne_M_Soars_NA_Ho_MA_Wong_E_McElroy_D_Selvakumaraswamy_P_Dworjanyn_SA_Davis_AR__2010__NA,ZOO_STUDY_0055,ZOO_ES_000276,ZOO_STUDY_0055__Tripneustes_gratilla__Echinodermata__CO2327.00__T20.00__NC3,ZOO_COMMON_00083,0.054420150134846274,0.010159278222190133
Alter et al. 2024,"Byrne M, Soars NA, Ho MA, Wong E, McElroy D, Selvakumaraswamy P, Dworjanyn SA, Davis AR",2010,NA,NA,Zooplankton,Meroplankton,Echinodermata,Tripneustes gratilla,TpH,3,3,327,20,1828,26,Fertilization success,positive,%,Reproduction,87.97,12.52272734,93.04,9.387715377,0.056,0.0101,NA,NA,Yes,NA,NA,NA,,1501,6,Byrne_M_Soars_NA_Ho_MA_Wong_E_McElroy_D_Selvakumaraswamy_P_Dworjanyn_SA_Davis_AR,NA,Tripneustes_gratilla,Echinodermata,2010,327,20,3,Byrne_M_Soars_NA_Ho_MA_Wong_E_McElroy_D_Selvakumaraswamy_P_Dworjanyn_SA_Davis_AR__2010__NA,ZOO_STUDY_0055,ZOO_ES_000277,ZOO_STUDY_0055__Tripneustes_gratilla__Echinodermata__CO2327.00__T20.00__NC3,ZOO_COMMON_00083,0.05603366094582591,0.010148309350097584
Alter et al. 2024,"Byrne M, Soars NA, Ho MA, Wong E, McElroy D, Selvakumaraswamy P, Dworjanyn SA, Davis AR",2010,NA,NA,Zooplankton,Meroplankton,Echinodermata,Tripneustes gratilla,TpH,3,3,327,20,1795,24,Fertilization success,positive,%,Reproduction,87.97,12.52272734,93.62,9.405035885,0.062,0.0101,NA,NA,Yes,NA,NA,NA,,1468,4,Byrne_M_Soars_NA_Ho_MA_Wong_E_McElroy_D_Selvakumaraswamy_P_Dworjanyn_SA_Davis_AR,NA,Tripneustes_gratilla,Echinodermata,2010,327,20,3,Byrne_M_Soars_NA_Ho_MA_Wong_E_McElroy_D_Selvakumaraswamy_P_Dworjanyn_SA_Davis_AR__2010__NA,ZOO_STUDY_0055,ZOO_ES_000278,ZOO_STUDY_0055__Tripneustes_gratilla__Echinodermata__CO2327.00__T20.00__NC3,ZOO_COMMON_00083,0.062248188607341326,0.01011877048907018
Alter et al. 2024,"Chakravarti, Jarrold, Gibbin, Christen, Massamba-N'Siala, Blier, Calosi",2016,NA,NA,Zooplankton,Meroplankton,Annelida,Ophryotrocha labronica,TpH,12,12,386,27,1222,29.8,Egg volume,positive,mm3,Growth,0.62,0.034641016,0.6199,0.069282032,0.003,0.0012,NA,NA,Yes,NA,NA,NA,,836,2.8000000000000007,Chakravarti_Jarrold_Gibbin_Christen_Massamba_N_Siala_Blier_Calosi,NA,Ophryotrocha_labronica,Annelida,2016,386,27,12,Chakravarti_Jarrold_Gibbin_Christen_Massamba_N_Siala_Blier_Calosi__2016__NA,ZOO_STUDY_0076,ZOO_ES_000281,ZOO_STUDY_0076__Ophryotrocha_labronica__Annelida__CO2386.00__T27.00__NC12,ZOO_COMMON_00122,-1.6130333126349047e-4,0.0013010641496130064
Alter et al. 2024,"Chua CM, Leggat W, Moya A, Baird AH",2013,NA,NA,Zooplankton,Meroplankton,Cnidaria,Acropora millepora,TpH,270,270,474,26.5,759,29.2,Metamorphosis,positive,%,Development,55.7,76.57161354,46.63,102.2050292,-0.178,0.0248,NA,NA,Yes,NA,NA,NA,,285,2.6999999999999993,Chua_CM_Leggat_W_Moya_A_Baird_AH,NA,Acropora_millepora,Cnidaria,2013,474,26.5,270,Chua_CM_Leggat_W_Moya_A_Baird_AH__2013__NA,ZOO_STUDY_0087,ZOO_ES_000292,ZOO_STUDY_0087__Acropora_millepora__Cnidaria__CO2474.00__T26.50__NC270,ZOO_COMMON_00140,-0.17773603611300884,0.024792441266399224
Alter et al. 2024,"Chua CM, Leggat W, Moya A, Baird AH",2013,NA,NA,Zooplankton,Meroplankton,Cnidaria,Acropora tenuis,TpH,270,270,421,25.7,663,28.9,Metamorphosis,positive,%,Development,52.59,131.9463641,71.24,42.55804272,0.304,0.0246,NA,NA,Yes,NA,NA,NA,,242,3.1999999999999993,Chua_CM_Leggat_W_Moya_A_Baird_AH,NA,Acropora_tenuis,Cnidaria,2013,421,25.7,270,Chua_CM_Leggat_W_Moya_A_Baird_AH__2013__NA,ZOO_STUDY_0087,ZOO_ES_000293,ZOO_STUDY_0087__Acropora_tenuis__Cnidaria__CO2421.00__T25.70__NC270,ZOO_COMMON_00141,0.30352847082020795,0.024636184409657026
Alter et al. 2024,"Chua CM, Leggat W, Moya A, Baird AH",2013,NA,NA,Zooplankton,Meroplankton,Cnidaria,Acropora tenuis,TpH,3,3,421,25.7,663,28.9,Time to motile stage,ambiguous,h,Development,81.28,3.827832285,50.72,2.546114687,-0.471,0.0016,NA,NA,Yes,NA,NA,NA,,242,3.1999999999999993,Chua_CM_Leggat_W_Moya_A_Baird_AH,NA,Acropora_tenuis,Cnidaria,2013,421,25.7,3,Chua_CM_Leggat_W_Moya_A_Baird_AH__2013__NA,ZOO_STUDY_0087,ZOO_ES_000294,ZOO_STUDY_0087__Acropora_tenuis__Cnidaria__CO2421.00__T25.70__NC3,ZOO_COMMON_00142,-0.4715796737012013,0.001579287950958442
Alter et al. 2024,"Chua CM, Leggat W, Moya A, Baird AH",2013,NA,NA,Zooplankton,Meroplankton,Cnidaria,Acropora millepora,TpH,9,9,456,26.2,727,29.1,Time to motile stage,ambiguous,h,Development,65.94,2.04,52.81,1.35,-0.222,2e-4,NA,NA,Yes,NA,NA,NA,,271,2.900000000000002,Chua_CM_Leggat_W_Moya_A_Baird_AH,NA,Acropora_millepora,Cnidaria,2013,456,26.2,9,Chua_CM_Leggat_W_Moya_A_Baird_AH__2013__NA,ZOO_STUDY_0087,ZOO_ES_000295,ZOO_STUDY_0087__Acropora_millepora__Cnidaria__CO2456.00__T26.20__NC9,ZOO_COMMON_00139,-0.22204467092474311,1.78955075366825e-4
Alter et al. 2024,"Chua CM, Leggat W, Moya A, Baird AH",2013,NA,NA,Zooplankton,Meroplankton,Cnidaria,Acropora millepora,TpH,9,9,439,25.97,695,29,Fertilization,positive,%,Reproduction,91.15,3.3,87.04,3.21,-0.046,3e-4,NA,NA,Yes,NA,NA,NA,,256,3.030000000000001,Chua_CM_Leggat_W_Moya_A_Baird_AH,NA,Acropora_millepora,Cnidaria,2013,439,25.97,9,Chua_CM_Leggat_W_Moya_A_Baird_AH__2013__NA,ZOO_STUDY_0087,ZOO_ES_000296,ZOO_STUDY_0087__Acropora_millepora__Cnidaria__CO2439.00__T25.97__NC9,ZOO_COMMON_00138,-0.04613871801703953,2.967598307136527e-4
Alter et al. 2024,"Chua CM, Leggat W, Moya A, Baird AH",2013,NA,NA,Zooplankton,Meroplankton,Cnidaria,Acropora tenuis,TpH,3,3,421,25.7,663,28.9,Fertilization,positive,%,Reproduction,90.12,4.278165495,90.12,7.482459489,0,0.003,NA,NA,Yes,NA,NA,NA,,242,3.1999999999999993,Chua_CM_Leggat_W_Moya_A_Baird_AH,NA,Acropora_tenuis,Cnidaria,2013,421,25.7,3,Chua_CM_Leggat_W_Moya_A_Baird_AH__2013__NA,ZOO_STUDY_0087,ZOO_ES_000297,ZOO_STUDY_0087__Acropora_tenuis__Cnidaria__CO2421.00__T25.70__NC3,ZOO_COMMON_00142,0,0.0030490612805230254
Alter et al. 2024,"Cole VJ, Parker LM, O'Connor SJ, O'Connor WA, Scanes E, Byrne M, Ross PM",2016,NA,NA,Zooplankton,Meroplankton,Mollusca,Ostrea angasi,TpH,3,3,388,26,1194,30,Mortality,positive,%,Survival,4.19,6.84160069,10.91,1.974537921,-0.073,0.0019,NA,NA,Yes,NA,NA,NA,,806,4,Cole_VJ_Parker_LM_O_Connor_SJ_O_Connor_WA_Scanes_E_Byrne_M_Ross_PM,NA,Ostrea_angasi,Mollusca,2016,388,26,3,Cole_VJ_Parker_LM_O_Connor_SJ_O_Connor_WA_Scanes_E_Byrne_M_Ross_PM__2016__NA,ZOO_STUDY_0094,ZOO_ES_000300,ZOO_STUDY_0094__Ostrea_angasi__Mollusca__CO2388.00__T26.00__NC3,ZOO_COMMON_00162,0.9569790659109331,0.8996408685714236
Alter et al. 2024,"Cole VJ, Parker LM, O'Connor SJ, O'Connor WA, Scanes E, Byrne M, Ross PM",2016,NA,NA,Zooplankton,Meroplankton,Mollusca,Ostrea angasi,TpH,3,3,388,26,1194,30,Number of algal cells cleared/12 hr,ambiguous,mL-1,Physiology,26308.2,6586.400324,2287.58,1981.102393,-2.442,0.2709,NA,NA,Yes,NA,NA,NA,,806,4,Cole_VJ_Parker_LM_O_Connor_SJ_O_Connor_WA_Scanes_E_Byrne_M_Ross_PM,NA,Ostrea_angasi,Mollusca,2016,388,26,3,Cole_VJ_Parker_LM_O_Connor_SJ_O_Connor_WA_Scanes_E_Byrne_M_Ross_PM__2016__NA,ZOO_STUDY_0094,ZOO_ES_000308,ZOO_STUDY_0094__Ostrea_angasi__Mollusca__CO2388.00__T26.00__NC3,ZOO_COMMON_00162,-2.4423861874268686,0.2708926111944159
Alter et al. 2024,"Cole VJ, Parker LM, O'Connor SJ, O'Connor WA, Scanes E, Byrne M, Ross PM",2016,NA,NA,Zooplankton,Meroplankton,Mollusca,Ostrea angasi,TpH,90,90,388,26,1194,30,Shell length,positive,µm,Growth,292.33,52.46218638,286.07,22.76839915,-0.022,4e-4,NA,NA,Yes,NA,NA,NA,,806,4,Cole_VJ_Parker_LM_O_Connor_SJ_O_Connor_WA_Scanes_E_Byrne_M_Ross_PM,NA,Ostrea_angasi,Mollusca,2016,388,26,90,Cole_VJ_Parker_LM_O_Connor_SJ_O_Connor_WA_Scanes_E_Byrne_M_Ross_PM__2016__NA,ZOO_STUDY_0094,ZOO_ES_000310,ZOO_STUDY_0094__Ostrea_angasi__Mollusca__CO2388.00__T26.00__NC90,ZOO_COMMON_00163,-0.02164676501358297,4.282366666352752e-4
Alter et al. 2024,"Dahlke F, Lucassen M, Bickmeyer U, Wohlrab S, Puvanendran V, Mortensen A, Chierici M, Pörtner HO, Storch D",2020,NA,NA,Zooplankton,Meroplankton,Fish larvae,Gadus morhua,TpH,6,6,380,6.2,1149,9.6,Enzyme activity,ambiguous,umol ATP mg-1 protein h-1,Physiology,2.46,0.563382641,5.4,1.298229564,0.7862,0.0184,NA,NA,Yes,NA,NA,NA,,769,3.3999999999999995,Dahlke_F_Lucassen_M_Bickmeyer_U_Wohlrab_S_Puvanendran_V_Mortensen_A_Chierici_M_P_rtner_HO_Storch_D,NA,Gadus_morhua,Fish_larvae,2020,380,6.2,6,Dahlke_F_Lucassen_M_Bickmeyer_U_Wohlrab_S_Puvanendran_V_Mortensen_A_Chierici_M_P_rtner_HO_Storch_D__2020__NA,ZOO_STUDY_0109,ZOO_ES_000312,ZOO_STUDY_0109__Gadus_morhua__Fish_larvae__CO2380.00__T6.20__NC6,ZOO_COMMON_00190,0.7862376036259573,0.018374548848616692
Alter et al. 2024,"Dahlke F, Lucassen M, Bickmeyer U, Wohlrab S, Puvanendran V, Mortensen A, Chierici M, Pörtner HO, Storch D",2020,NA,NA,Zooplankton,Meroplankton,Fish larvae,Gadus morhua,TpH,6,6,380,6.2,1149,9.6,Total embryo mortality,positive,%,Survival,13.1,3.184336666,28.2,1.469693846,-0.1909,3e-4,NA,NA,Yes,NA,NA,NA,,769,3.3999999999999995,Dahlke_F_Lucassen_M_Bickmeyer_U_Wohlrab_S_Puvanendran_V_Mortensen_A_Chierici_M_P_rtner_HO_Storch_D,NA,Gadus_morhua,Fish_larvae,2020,380,6.2,6,Dahlke_F_Lucassen_M_Bickmeyer_U_Wohlrab_S_Puvanendran_V_Mortensen_A_Chierici_M_P_rtner_HO_Storch_D__2020__NA,ZOO_STUDY_0109,ZOO_ES_000315,ZOO_STUDY_0109__Gadus_morhua__Fish_larvae__CO2380.00__T6.20__NC6,ZOO_COMMON_00190,0.766709747736962,0.010300604489947579
Alter et al. 2024,"Dahlke FT, Leo E, Mark FC, Portner HO, Bickmeyer U, Frickenhaus S, Storch D",2017,NA,NA,Zooplankton,Meroplankton,Fish larvae,Gadus morhua,TpH,5,5,415,6.2,1091,9.1,hatching success,positive,%,Reproduction,62.3311,6.421092804,33.6,16.34565692,-0.6179,0.0495,NA,NA,Yes,NA,NA,NA,,676,2.8999999999999995,Dahlke_FT_Leo_E_Mark_FC_Portner_HO_Bickmeyer_U_Frickenhaus_S_Storch_D,NA,Gadus_morhua,Fish_larvae,2017,415,6.2,5,Dahlke_FT_Leo_E_Mark_FC_Portner_HO_Bickmeyer_U_Frickenhaus_S_Storch_D__2017__NA,ZOO_STUDY_0108,ZOO_ES_000321,ZOO_STUDY_0108__Gadus_morhua__Fish_larvae__CO2415.00__T6.20__NC5,ZOO_COMMON_00188,-0.6179344316984435,0.04945460052509266
Alter et al. 2024,"Dahlke FT, Leo E, Mark FC, Portner HO, Bickmeyer U, Frickenhaus S, Storch D",2017,NA,NA,Zooplankton,Meroplankton,Fish larvae,Gadus morhua,TpH,5,5,415,6.2,1097,12.1,hatching success,positive,%,Reproduction,62.3311,6.421092804,12.14,9.234960747,-1.636,0.1179,NA,NA,Yes,NA,NA,NA,,682,5.8999999999999995,Dahlke_FT_Leo_E_Mark_FC_Portner_HO_Bickmeyer_U_Frickenhaus_S_Storch_D,NA,Gadus_morhua,Fish_larvae,2017,415,6.2,5,Dahlke_FT_Leo_E_Mark_FC_Portner_HO_Bickmeyer_U_Frickenhaus_S_Storch_D__2017__NA,ZOO_STUDY_0108,ZOO_ES_000322,ZOO_STUDY_0108__Gadus_morhua__Fish_larvae__CO2415.00__T6.20__NC5,ZOO_COMMON_00188,-1.6359547130362497,0.11785692481080398
Alter et al. 2024,"Dahlke FT, Leo E, Mark FC, Portner HO, Bickmeyer U, Frickenhaus S, Storch D",2017,NA,NA,Zooplankton,Meroplankton,Fish larvae,Gadus morhua,TpH,3,3,415,6.2,1091,9.1,Ln O2 consumption rates,ambiguous,nmol ind-1 h-1,Physiology,1.3148,0.08660254,1.74,0.08660254,0.2802,0.0023,NA,NA,Yes,NA,NA,NA,,676,2.8999999999999995,Dahlke_FT_Leo_E_Mark_FC_Portner_HO_Bickmeyer_U_Frickenhaus_S_Storch_D,NA,Gadus_morhua,Fish_larvae,2017,415,6.2,3,Dahlke_FT_Leo_E_Mark_FC_Portner_HO_Bickmeyer_U_Frickenhaus_S_Storch_D__2017__NA,ZOO_STUDY_0108,ZOO_ES_000324,ZOO_STUDY_0108__Gadus_morhua__Fish_larvae__CO2415.00__T6.20__NC3,ZOO_COMMON_00187,0.28020055041851044,0.0022719107653747716
Alter et al. 2024,"Dahlke FT, Leo E, Mark FC, Portner HO, Bickmeyer U, Frickenhaus S, Storch D",2017,NA,NA,Zooplankton,Meroplankton,Fish larvae,Gadus morhua,TpH,3,3,415,6.2,1097,12.1,Ln O2 consumption rates,ambiguous,nmol ind-1 h-1,Physiology,1.3148,0.08660254,1.68,0.08660254,0.2451,0.0023,NA,NA,Yes,NA,NA,NA,,682,5.8999999999999995,Dahlke_FT_Leo_E_Mark_FC_Portner_HO_Bickmeyer_U_Frickenhaus_S_Storch_D,NA,Gadus_morhua,Fish_larvae,2017,415,6.2,3,Dahlke_FT_Leo_E_Mark_FC_Portner_HO_Bickmeyer_U_Frickenhaus_S_Storch_D__2017__NA,ZOO_STUDY_0108,ZOO_ES_000326,ZOO_STUDY_0108__Gadus_morhua__Fish_larvae__CO2415.00__T6.20__NC3,ZOO_COMMON_00187,0.2451092306072403,0.002331945182897921
Alter et al. 2024,"Dahlke FT, Leo E, Mark FC, Portner HO, Bickmeyer U, Frickenhaus S, Storch D",2017,NA,NA,Zooplankton,Meroplankton,Fish larvae,Gadus morhua,TpH,7,7,415,6.2,1091,9.1,IPC-cover,ambiguous,% of yolk sac area,Growth,22.24,2.169516075,24.7114,2.169516075,0.1054,0.0025,NA,NA,Yes,NA,NA,NA,,676,2.8999999999999995,Dahlke_FT_Leo_E_Mark_FC_Portner_HO_Bickmeyer_U_Frickenhaus_S_Storch_D,NA,Gadus_morhua,Fish_larvae,2017,415,6.2,7,Dahlke_FT_Leo_E_Mark_FC_Portner_HO_Bickmeyer_U_Frickenhaus_S_Storch_D__2017__NA,ZOO_STUDY_0108,ZOO_ES_000328,ZOO_STUDY_0108__Gadus_morhua__Fish_larvae__CO2415.00__T6.20__NC7,ZOO_COMMON_00189,0.10537220623697334,0.0024605498584349453
Alter et al. 2024,"Dahlke FT, Leo E, Mark FC, Portner HO, Bickmeyer U, Frickenhaus S, Storch D",2017,NA,NA,Zooplankton,Meroplankton,Fish larvae,Gadus morhua,TpH,7,7,415,6.2,1097,12.1,IPC-cover,ambiguous,% of yolk sac area,Growth,22.24,2.169516075,22.0281,4.292731502,-0.0096,0.0068,NA,NA,Yes,NA,NA,NA,,682,5.8999999999999995,Dahlke_FT_Leo_E_Mark_FC_Portner_HO_Bickmeyer_U_Frickenhaus_S_Storch_D,NA,Gadus_morhua,Fish_larvae,2017,415,6.2,7,Dahlke_FT_Leo_E_Mark_FC_Portner_HO_Bickmeyer_U_Frickenhaus_S_Storch_D__2017__NA,ZOO_STUDY_0108,ZOO_ES_000331,ZOO_STUDY_0108__Gadus_morhua__Fish_larvae__CO2415.00__T6.20__NC7,ZOO_COMMON_00189,-0.009573558315675818,0.006784628777531135
Alter et al. 2024,"Dahlke FT, Leo E, Mark FC, Portner HO, Bickmeyer U, Frickenhaus S, Storch D",2017,NA,NA,Zooplankton,Meroplankton,Fish larvae,Gadus morhua,TpH,7,7,415,6.2,1091,9.1,mass,positive,mm2,Growth,0.6302,0.238117618,0.4236,0.251346375,-0.3973,0.0702,NA,NA,Yes,NA,NA,NA,,676,2.8999999999999995,Dahlke_FT_Leo_E_Mark_FC_Portner_HO_Bickmeyer_U_Frickenhaus_S_Storch_D,NA,Gadus_morhua,Fish_larvae,2017,415,6.2,7,Dahlke_FT_Leo_E_Mark_FC_Portner_HO_Bickmeyer_U_Frickenhaus_S_Storch_D__2017__NA,ZOO_STUDY_0108,ZOO_ES_000335,ZOO_STUDY_0108__Gadus_morhua__Fish_larvae__CO2415.00__T6.20__NC7,ZOO_COMMON_00189,-0.3972476155959228,0.07069142750016405
Alter et al. 2024,"Dahlke FT, Leo E, Mark FC, Portner HO, Bickmeyer U, Frickenhaus S, Storch D",2017,NA,NA,Zooplankton,Meroplankton,Fish larvae,Gadus morhua,TpH,7,7,415,6.2,1097,12.1,mass,positive,mm2,Growth,0.6302,0.238117618,0.25,0.256902452,-0.9245,0.1708,NA,NA,Yes,NA,NA,NA,,682,5.8999999999999995,Dahlke_FT_Leo_E_Mark_FC_Portner_HO_Bickmeyer_U_Frickenhaus_S_Storch_D,NA,Gadus_morhua,Fish_larvae,2017,415,6.2,7,Dahlke_FT_Leo_E_Mark_FC_Portner_HO_Bickmeyer_U_Frickenhaus_S_Storch_D__2017__NA,ZOO_STUDY_0108,ZOO_ES_000337,ZOO_STUDY_0108__Gadus_morhua__Fish_larvae__CO2415.00__T6.20__NC7,ZOO_COMMON_00189,-0.9245763114609278,0.17124977151224563
Alter et al. 2024,"Dong, Sun",2018,NA,NA,Zooplankton,Meroplankton,Cnidaria,Aurelia coerulea,TpH,4,4,375,24,2980,27,Mortality,positive,%,Survival,13.61698077,24.839248,22.74025474,26.76,0.513,1.1782,NA,NA,Yes,NA,NA,NA,,2605,3,Dong_Sun,NA,Aurelia_coerulea,Cnidaria,2018,375,24,4,Dong_Sun__2018__NA,ZOO_STUDY_0121,ZOO_ES_000341,ZOO_STUDY_0121__Aurelia_coerulea__Cnidaria__CO2375.00__T24.00__NC4,ZOO_COMMON_00207,0.5128190906102549,1.178065213930904
Alter et al. 2024,"Dong, Sun",2018,NA,NA,Zooplankton,Meroplankton,Cnidaria,Aurelia coerulea,TpH,4,4,375,24,1077,27,Mortality,positive,%,Survival,13.61698077,24.839248,32.84231863,23.24,0.88,0.957,NA,NA,Yes,NA,NA,NA,,702,3,Dong_Sun,NA,Aurelia_coerulea,Cnidaria,2018,375,24,4,Dong_Sun__2018__NA,ZOO_STUDY_0121,ZOO_ES_000342,ZOO_STUDY_0121__Aurelia_coerulea__Cnidaria__CO2375.00__T24.00__NC4,ZOO_COMMON_00207,0.8804002859925689,0.9570523809030801
Alter et al. 2024,"Dong, Sun",2018,NA,NA,Zooplankton,Meroplankton,Cnidaria,Aurelia coerulea,TpH,4,4,375,24,2980,27,Larval size,positive,%/d,Growth,2.60609347,1.5,1.656774428,1.88,-0.453,0.4043,NA,NA,Yes,NA,NA,NA,,2605,3,Dong_Sun,NA,Aurelia_coerulea,Cnidaria,2018,375,24,4,Dong_Sun__2018__NA,ZOO_STUDY_0121,ZOO_ES_000351,ZOO_STUDY_0121__Aurelia_coerulea__Cnidaria__CO2375.00__T24.00__NC4,ZOO_COMMON_00207,-0.45297974888145703,0.4047273006401897
Alter et al. 2024,"Dong, Sun",2018,NA,NA,Zooplankton,Meroplankton,Cnidaria,Aurelia coerulea,TpH,4,4,375,24,1077,27,Larval size,positive,%/d,Growth,2.60609347,1.5,1.899141849,0.86,-0.316,0.1348,NA,NA,Yes,NA,NA,NA,,702,3,Dong_Sun,NA,Aurelia_coerulea,Cnidaria,2018,375,24,4,Dong_Sun__2018__NA,ZOO_STUDY_0121,ZOO_ES_000352,ZOO_STUDY_0121__Aurelia_coerulea__Cnidaria__CO2375.00__T24.00__NC4,ZOO_COMMON_00207,-0.3164502195659551,0.1340865315697231
Alter et al. 2024,"Dong, Sun",2018,NA,NA,Zooplankton,Meroplankton,Cnidaria,Aurelia coerulea,TpH,5,5,375,24,1077,27,Number of lines crossed,ambiguous,s min-1,Physiology,20.37934259,20.66632925,18.70658542,11.40394669,-0.086,0.28,NA,NA,Yes,NA,NA,NA,,702,3,Dong_Sun,NA,Aurelia_coerulea,Cnidaria,2018,375,24,5,Dong_Sun__2018__NA,ZOO_STUDY_0121,ZOO_ES_000353,ZOO_STUDY_0121__Aurelia_coerulea__Cnidaria__CO2375.00__T24.00__NC5,ZOO_COMMON_00208,-0.08564614630523422,0.2800003605923979
Alter et al. 2024,"Dong, Sun",2018,NA,NA,Zooplankton,Meroplankton,Cnidaria,Aurelia coerulea,TpH,5,5,375,24,2980,27,Number of lines crossed,ambiguous,s min-1,Physiology,20.37934259,20.66632925,23.27459651,7.490827725,0.133,0.2264,NA,NA,Yes,NA,NA,NA,,2605,3,Dong_Sun,NA,Aurelia_coerulea,Cnidaria,2018,375,24,5,Dong_Sun__2018__NA,ZOO_STUDY_0121,ZOO_ES_000354,ZOO_STUDY_0121__Aurelia_coerulea__Cnidaria__CO2375.00__T24.00__NC5,ZOO_COMMON_00208,0.13284071757607774,0.22638948018408633
Alter et al. 2024,"Dong, Sun",2018,NA,NA,Zooplankton,Meroplankton,Cnidaria,Aurelia coerulea,TpH,4,4,375,24,1077,27,Settlement success,positive,%,Development,46.04796521,25.54,45.03211367,46.38,-0.022,0.3422,NA,NA,Yes,NA,NA,NA,,702,3,Dong_Sun,NA,Aurelia_coerulea,Cnidaria,2018,375,24,4,Dong_Sun__2018__NA,ZOO_STUDY_0121,ZOO_ES_000355,ZOO_STUDY_0121__Aurelia_coerulea__Cnidaria__CO2375.00__T24.00__NC4,ZOO_COMMON_00207,-0.022307702825139112,0.3420959316905492
Alter et al. 2024,"Dong, Sun",2018,NA,NA,Zooplankton,Meroplankton,Cnidaria,Aurelia coerulea,TpH,4,4,375,24,2980,27,Settlement success,positive,%,Development,46.04796521,25.54,62.84068257,39,0.311,0.1732,NA,NA,Yes,NA,NA,NA,,2605,3,Dong_Sun,NA,Aurelia_coerulea,Cnidaria,2018,375,24,4,Dong_Sun__2018__NA,ZOO_STUDY_0121,ZOO_ES_000356,ZOO_STUDY_0121__Aurelia_coerulea__Cnidaria__CO2375.00__T24.00__NC4,ZOO_COMMON_00207,0.31091910017029417,0.17319750632744763
Alter et al. 2024,"Ericson JA, Ho MA, Miskelly A, King CK, Virtue P, Tilbrook B, Byrne M",2012,NA,NA,Zooplankton,Meroplankton,Echinodermata,Sterechinus neumayeri,TpH,8,8,450,-0.5,1370,3.4,Normal Blastulae,positive,%,Development,99.28,0.509116882,87.86,6.675088014,-0.122,7e-4,NA,NA,Yes,NA,NA,NA,,920,3.9,Ericson_JA_Ho_MA_Miskelly_A_King_CK_Virtue_P_Tilbrook_B_Byrne_M,NA,Sterechinus_neumayeri,Echinodermata,2012,450,-0.5,8,Ericson_JA_Ho_MA_Miskelly_A_King_CK_Virtue_P_Tilbrook_B_Byrne_M__2012__NA,ZOO_STUDY_0142,ZOO_ES_000364,ZOO_STUDY_0142__Sterechinus_neumayeri__Echinodermata__CO2450.00__T-0.50__NC8,ZOO_COMMON_00245,-0.12219950234871828,7.247959242634071e-4
Alter et al. 2024,"Ericson JA, Ho MA, Miskelly A, King CK, Virtue P, Tilbrook B, Byrne M",2012,NA,NA,Zooplankton,Meroplankton,Echinodermata,Sterechinus neumayeri,TpH,8,8,450,-0.5,850,3,Normal Blastulae,positive,%,Development,99.28,0.509116882,88.41,6.675088014,-0.116,7e-4,NA,NA,Yes,NA,NA,NA,,400,3.5,Ericson_JA_Ho_MA_Miskelly_A_King_CK_Virtue_P_Tilbrook_B_Byrne_M,NA,Sterechinus_neumayeri,Echinodermata,2012,450,-0.5,8,Ericson_JA_Ho_MA_Miskelly_A_King_CK_Virtue_P_Tilbrook_B_Byrne_M__2012__NA,ZOO_STUDY_0142,ZOO_ES_000365,ZOO_STUDY_0142__Sterechinus_neumayeri__Echinodermata__CO2450.00__T-0.50__NC8,ZOO_COMMON_00245,-0.11595905547863877,7.158468127271728e-4
Alter et al. 2024,"Ericson JA, Ho MA, Miskelly A, King CK, Virtue P, Tilbrook B, Byrne M",2012,NA,NA,Zooplankton,Meroplankton,Echinodermata,Sterechinus neumayeri,TpH,10,10,450,-0.5,1370,1.8,Fertilization,positive,%,Reproduction,96.99,2.972541001,86.65,7.715957491,-0.113,9e-4,NA,NA,Yes,NA,NA,NA,,920,2.3,Ericson_JA_Ho_MA_Miskelly_A_King_CK_Virtue_P_Tilbrook_B_Byrne_M,NA,Sterechinus_neumayeri,Echinodermata,2012,450,-0.5,10,Ericson_JA_Ho_MA_Miskelly_A_King_CK_Virtue_P_Tilbrook_B_Byrne_M__2012__NA,ZOO_STUDY_0142,ZOO_ES_000366,ZOO_STUDY_0142__Sterechinus_neumayeri__Echinodermata__CO2450.00__T-0.50__NC10,ZOO_COMMON_00244,-0.11273086424383623,8.868734544456493e-4
Alter et al. 2024,"Ericson JA, Ho MA, Miskelly A, King CK, Virtue P, Tilbrook B, Byrne M",2012,NA,NA,Zooplankton,Meroplankton,Echinodermata,Sterechinus neumayeri,TpH,10,10,450,-0.5,1370,3.4,Fertilization,positive,%,Reproduction,96.99,2.972541001,86.65,7.715957491,-0.113,9e-4,NA,NA,Yes,NA,NA,NA,,920,3.9,Ericson_JA_Ho_MA_Miskelly_A_King_CK_Virtue_P_Tilbrook_B_Byrne_M,NA,Sterechinus_neumayeri,Echinodermata,2012,450,-0.5,10,Ericson_JA_Ho_MA_Miskelly_A_King_CK_Virtue_P_Tilbrook_B_Byrne_M__2012__NA,ZOO_STUDY_0142,ZOO_ES_000367,ZOO_STUDY_0142__Sterechinus_neumayeri__Echinodermata__CO2450.00__T-0.50__NC10,ZOO_COMMON_00244,-0.11273086424383623,8.868734544456493e-4
Alter et al. 2024,"Ericson JA, Ho MA, Miskelly A, King CK, Virtue P, Tilbrook B, Byrne M",2012,NA,NA,Zooplankton,Meroplankton,Echinodermata,Sterechinus neumayeri,TpH,8,8,450,-0.5,1370,1.8,Normal Blastulae,positive,%,Development,99.28,0.509116882,97.28,3.592102448,-0.02,2e-4,NA,NA,Yes,NA,NA,NA,,920,2.3,Ericson_JA_Ho_MA_Miskelly_A_King_CK_Virtue_P_Tilbrook_B_Byrne_M,NA,Sterechinus_neumayeri,Echinodermata,2012,450,-0.5,8,Ericson_JA_Ho_MA_Miskelly_A_King_CK_Virtue_P_Tilbrook_B_Byrne_M__2012__NA,ZOO_STUDY_0142,ZOO_ES_000368,ZOO_STUDY_0142__Sterechinus_neumayeri__Echinodermata__CO2450.00__T-0.50__NC8,ZOO_COMMON_00245,-0.020350722678494863,1.7372276637403505e-4
Alter et al. 2024,"Ericson JA, Ho MA, Miskelly A, King CK, Virtue P, Tilbrook B, Byrne M",2012,NA,NA,Zooplankton,Meroplankton,Echinodermata,Sterechinus neumayeri,TpH,10,10,450,-0.5,850,3,Fertilization,positive,%,Reproduction,96.99,2.972541001,95.11,4.74341649,-0.02,3e-4,NA,NA,Yes,NA,NA,NA,,400,3.5,Ericson_JA_Ho_MA_Miskelly_A_King_CK_Virtue_P_Tilbrook_B_Byrne_M,NA,Sterechinus_neumayeri,Echinodermata,2012,450,-0.5,10,Ericson_JA_Ho_MA_Miskelly_A_King_CK_Virtue_P_Tilbrook_B_Byrne_M__2012__NA,ZOO_STUDY_0142,ZOO_ES_000369,ZOO_STUDY_0142__Sterechinus_neumayeri__Echinodermata__CO2450.00__T-0.50__NC10,ZOO_COMMON_00244,-0.01957376391115721,3.4266058878537923e-4
Alter et al. 2024,"Ericson JA, Ho MA, Miskelly A, King CK, Virtue P, Tilbrook B, Byrne M",2012,NA,NA,Zooplankton,Meroplankton,Echinodermata,Sterechinus neumayeri,TpH,8,8,450,-0.5,850,1.6,Normal Blastulae,positive,%,Development,99.28,0.509116882,98.37,2.573868684,-0.009,1e-4,NA,NA,Yes,NA,NA,NA,,400,2.1,Ericson_JA_Ho_MA_Miskelly_A_King_CK_Virtue_P_Tilbrook_B_Byrne_M,NA,Sterechinus_neumayeri,Echinodermata,2012,450,-0.5,8,Ericson_JA_Ho_MA_Miskelly_A_King_CK_Virtue_P_Tilbrook_B_Byrne_M__2012__NA,ZOO_STUDY_0142,ZOO_ES_000370,ZOO_STUDY_0142__Sterechinus_neumayeri__Echinodermata__CO2450.00__T-0.50__NC8,ZOO_COMMON_00245,-0.009208261371685175,8.886424048652124e-5
Alter et al. 2024,"Ericson JA, Ho MA, Miskelly A, King CK, Virtue P, Tilbrook B, Byrne M",2012,NA,NA,Zooplankton,Meroplankton,Echinodermata,Sterechinus neumayeri,TpH,10,10,450,-0.5,850,1.6,Fertilization,positive,%,Reproduction,96.99,2.972541001,97.56,1.201665511,0.006,1e-4,NA,NA,Yes,NA,NA,NA,,400,2.1,Ericson_JA_Ho_MA_Miskelly_A_King_CK_Virtue_P_Tilbrook_B_Byrne_M,NA,Sterechinus_neumayeri,Echinodermata,2012,450,-0.5,10,Ericson_JA_Ho_MA_Miskelly_A_King_CK_Virtue_P_Tilbrook_B_Byrne_M__2012__NA,ZOO_STUDY_0142,ZOO_ES_000371,ZOO_STUDY_0142__Sterechinus_neumayeri__Echinodermata__CO2450.00__T-0.50__NC10,ZOO_COMMON_00244,0.0058596929422681295,1.0910078044321341e-4
Alter et al. 2024,"Findlay HS, Kendall MA, Spicer JI, Widdicombe S",2009,NA,NA,Zooplankton,Meroplankton,Arthropoda,Semibalanus balanoides,TpH,5,5,409,14.4,1109,19.7,mean daily growth rate,positive,µm*d-1,Growth,14.35,8.429976275,6.23,2.839806331,-0.834,0.1109,NA,NA,Yes,NA,NA,NA,,700,5.299999999999999,Findlay_HS_Kendall_MA_Spicer_JI_Widdicombe_S,NA,Semibalanus_balanoides,Arthropoda,2009,409,14.4,5,Findlay_HS_Kendall_MA_Spicer_JI_Widdicombe_S__2009__NA,ZOO_STUDY_0148,ZOO_ES_000382,ZOO_STUDY_0148__Semibalanus_balanoides__Arthropoda__CO2409.00__T14.40__NC5,ZOO_COMMON_00253,-0.8343736094062683,0.11057639808269615
Alter et al. 2024,"Findlay HS, Kendall MA, Spicer JI, Widdicombe S",2009,NA,NA,Zooplankton,Meroplankton,Arthropoda,Elminius modestus,TpH,5,5,413,14.7,1075,20,mean daily growth rate,positive,µm*d-1,Growth,6.14,1.609968944,3.64,0.402492236,-0.523,0.0165,NA,NA,Yes,NA,NA,NA,,662,5.300000000000001,Findlay_HS_Kendall_MA_Spicer_JI_Widdicombe_S,NA,Elminius_modestus,Arthropoda,2009,413,14.7,5,Findlay_HS_Kendall_MA_Spicer_JI_Widdicombe_S__2009__NA,ZOO_STUDY_0148,ZOO_ES_000383,ZOO_STUDY_0148__Elminius_modestus__Arthropoda__CO2413.00__T14.70__NC5,ZOO_COMMON_00252,-0.5228410605104017,0.016196165872139734
Alter et al. 2024,"Flynn EE, Bjelde BE, Miller NA, Todgham AE",2015,NA,NA,Zooplankton,Meroplankton,Fish larvae,Gymnodraco acuticeps,TpH,9,5,425,-0.6,669,2,Osmolarity,ambiguous,mosmol kg-1,Physiology,699.5261,48.33,677.7251,40.27046624,-0.0317,0.0012,NA,NA,Yes,NA,NA,NA,,244,2.6,Flynn_EE_Bjelde_BE_Miller_NA_Todgham_AE,NA,Gymnodraco_acuticeps,Fish_larvae,2015,425,-0.6,9,Flynn_EE_Bjelde_BE_Miller_NA_Todgham_AE__2015__NA,ZOO_STUDY_0150,ZOO_ES_000389,ZOO_STUDY_0150__Gymnodraco_acuticeps__Fish_larvae__CO2425.00__T-0.60__NC9,ZOO_COMMON_00255,-0.03166135728217245,0.0012365239427139059
Alter et al. 2024,"Fonseca JG, Laranjeiro F, Freitas DB, Oliveira IB, Rocha RJM, Machado J, Hinzmann M, Barroso CM, Galante-Oliveira S",2020,NA,NA,Zooplankton,Meroplankton,Mollusca,Tritia reticulata,TpH,24,24,533,18.9,1574,20.9,Activity,ambiguous,s min-1,Physiology,26.1,6.368673331,27.8,8.328265125,0.063,0.0062,NA,NA,Yes,NA,NA,NA,,1041,2,Fonseca_JG_Laranjeiro_F_Freitas_DB_Oliveira_IB_Rocha_RJM_Machado_J_Hinzmann_M_Barroso_CM_Galante_Oliveira_S,NA,Tritia_reticulata,Mollusca,2020,533,18.9,24,Fonseca_JG_Laranjeiro_F_Freitas_DB_Oliveira_IB_Rocha_RJM_Machado_J_Hinzmann_M_Barroso_CM_Galante_Oliveira_S__2020__NA,ZOO_STUDY_0151,ZOO_ES_000393,ZOO_STUDY_0151__Tritia_reticulata__Mollusca__CO2533.00__T18.90__NC24,ZOO_COMMON_00256,0.06310070636794354,0.006220334090262054
Alter et al. 2024,"Fonseca JG, Laranjeiro F, Freitas DB, Oliveira IB, Rocha RJM, Machado J, Hinzmann M, Barroso CM, Galante-Oliveira S",2020,NA,NA,Zooplankton,Meroplankton,Mollusca,Tritia reticulata,TpH,24,24,533,18.9,1559,21.5,Activity,ambiguous,s min-1,Physiology,26.1,6.368673331,38.6,4.898979486,0.391,0.0032,NA,NA,Yes,NA,NA,NA,,1026,2.6000000000000014,Fonseca_JG_Laranjeiro_F_Freitas_DB_Oliveira_IB_Rocha_RJM_Machado_J_Hinzmann_M_Barroso_CM_Galante_Oliveira_S,NA,Tritia_reticulata,Mollusca,2020,533,18.9,24,Fonseca_JG_Laranjeiro_F_Freitas_DB_Oliveira_IB_Rocha_RJM_Machado_J_Hinzmann_M_Barroso_CM_Galante_Oliveira_S__2020__NA,ZOO_STUDY_0151,ZOO_ES_000394,ZOO_STUDY_0151__Tritia_reticulata__Mollusca__CO2533.00__T18.90__NC24,ZOO_COMMON_00256,0.39131696214213746,0.0031520385685021206
Alter et al. 2024,"Foster T, Gilmour JP, Chua CM, Falter J, Mccullouch M",2015,NA,NA,Zooplankton,Meroplankton,Cnidaria,Acropora spicifera,TpH,4,4,242,24.4,976,27.4,Settlement,positive,%,Development,33.54,5.54,44.01,7.28,0.272,0.0137,NA,NA,Yes,NA,NA,NA,,734,3,Foster_T_Gilmour_JP_Chua_CM_Falter_J_Mccullouch_M,NA,Acropora_spicifera,Cnidaria,2015,242,24.4,4,Foster_T_Gilmour_JP_Chua_CM_Falter_J_Mccullouch_M__2015__NA,ZOO_STUDY_0156,ZOO_ES_000396,ZOO_STUDY_0156__Acropora_spicifera__Cnidaria__CO2242.00__T24.40__NC4,ZOO_COMMON_00264,0.27167812442793726,0.013661462152531877
Alter et al. 2024,"Frommel AY, Colin J. Brauner, Bridie J.M. Allan, Simon Nicol, Darren M. Parsons, Steve M.J. Pether, Alvin N. Setiawan, Neville Smith and Philip L. Munday",2019,NA,NA,Zooplankton,Meroplankton,Fish larvae,Seriola lalandi,TpH,13,16,462,21.1,1011,24.9,Total length at 11 dph,positive,cm,Growth,0.9231,0.144222051,1.2438,0.316,0.2982,0.006,NA,NA,Yes,NA,NA,NA,,549,3.799999999999997,Frommel_AY_Colin_J_Brauner_Bridie_J_M_Allan_Simon_Nicol_Darren_M_Parsons_Steve_M_J_Pether_Alvin_N_Setiawan_Neville_Smith_and_Philip_L_Munday,NA,Seriola_lalandi,Fish_larvae,2019,462,21.1,13,Frommel_AY_Colin_J_Brauner_Bridie_J_M_Allan_Simon_Nicol_Darren_M_Parsons_Steve_M_J_Pether_Alvin_N_Setiawan_Neville_Smith_and_Philip_L_Munday__2019__NA,ZOO_STUDY_0159,ZOO_ES_000398,ZOO_STUDY_0159__Seriola_lalandi__Fish_larvae__CO2462.00__T21.10__NC13,ZOO_COMMON_00270,0.29818891767368305,0.005911843508541938
Alter et al. 2024,"Garcia E, Clemente S, Hernandez JC",2015,NA,NA,Zooplankton,Meroplankton,Echinodermata,Paracentrotus lividus,TpH,5,5,311,18.8,916,22.5,Density,positive,larvae/ml,Survival,0.67,0.536656315,0.1,0.670820393,-1.945,9.9403,NA,NA,Yes,NA,NA,NA,,605,3.6999999999999993,Garcia_E_Clemente_S_Hernandez_JC,NA,Paracentrotus_lividus,Echinodermata,2015,311,18.8,5,Garcia_E_Clemente_S_Hernandez_JC__2015__NA,ZOO_STUDY_0166,ZOO_ES_000405,ZOO_STUDY_0166__Paracentrotus_lividus__Echinodermata__CO2311.00__T18.80__NC5,ZOO_COMMON_00288,-1.9021075263969205,9.128313649087374
Alter et al. 2024,"Garcia E, Clemente S, Hernandez JC",2015,NA,NA,Zooplankton,Meroplankton,Echinodermata,Paracentrotus lividus,TpH,5,5,311,18.8,1838,20.5,Density,positive,larvae/ml,Survival,0.67,0.536656315,0.25,0.603738354,-0.964,1.2603,NA,NA,Yes,NA,NA,NA,,1527,1.6999999999999993,Garcia_E_Clemente_S_Hernandez_JC,NA,Paracentrotus_lividus,Echinodermata,2015,311,18.8,5,Garcia_E_Clemente_S_Hernandez_JC__2015__NA,ZOO_STUDY_0166,ZOO_ES_000406,ZOO_STUDY_0166__Paracentrotus_lividus__Echinodermata__CO2311.00__T18.80__NC5,ZOO_COMMON_00288,-0.9858167945227654,1.2947136560839005
Alter et al. 2024,"Garcia E, Clemente S, Hernandez JC",2015,NA,NA,Zooplankton,Meroplankton,Echinodermata,Paracentrotus lividus,TpH,5,5,311,18.8,1898,22.5,Density,positive,larvae/ml,Survival,0.67,0.536656315,0.41,0.514295635,-0.479,0.4347,NA,NA,Yes,NA,NA,NA,,1587,3.6999999999999993,Garcia_E_Clemente_S_Hernandez_JC,NA,Paracentrotus_lividus,Echinodermata,2015,311,18.8,5,Garcia_E_Clemente_S_Hernandez_JC__2015__NA,ZOO_STUDY_0166,ZOO_ES_000407,ZOO_STUDY_0166__Paracentrotus_lividus__Echinodermata__CO2311.00__T18.80__NC5,ZOO_COMMON_00288,-0.49112055268665844,0.443007290749334
Alter et al. 2024,"Garcia E, Clemente S, Hernandez JC",2015,NA,NA,Zooplankton,Meroplankton,Echinodermata,Paracentrotus lividus,TpH,5,5,311,18.8,884,20.5,Density,positive,larvae/ml,Survival,0.67,0.536656315,0.44,0.536656315,-0.405,0.4275,NA,NA,Yes,NA,NA,NA,,573,1.6999999999999993,Garcia_E_Clemente_S_Hernandez_JC,NA,Paracentrotus_lividus,Echinodermata,2015,311,18.8,5,Garcia_E_Clemente_S_Hernandez_JC__2015__NA,ZOO_STUDY_0166,ZOO_ES_000408,ZOO_STUDY_0166__Paracentrotus_lividus__Echinodermata__CO2311.00__T18.80__NC5,ZOO_COMMON_00288,-0.42050298547270487,0.4258343173944853
Alter et al. 2024,"Garcia E, Clemente S, Hernandez JC",2015,NA,NA,Zooplankton,Meroplankton,Echinodermata,Paracentrotus lividus,TpH,15,15,311,18.8,1838,20.5,growth rate,positive,mm,Growth,0.48,0,0.43,0.038729833,-0.11,4e-4,NA,NA,Yes,NA,NA,NA,,1527,1.6999999999999993,Garcia_E_Clemente_S_Hernandez_JC,NA,Paracentrotus_lividus,Echinodermata,2015,311,18.8,15,Garcia_E_Clemente_S_Hernandez_JC__2015__NA,ZOO_STUDY_0166,ZOO_ES_000415,ZOO_STUDY_0166__Paracentrotus_lividus__Echinodermata__CO2311.00__T18.80__NC15,ZOO_COMMON_00287,-0.11000089521432846,5.408328697342307e-4
Alter et al. 2024,"Garcia E, Clemente S, Hernandez JC",2015,NA,NA,Zooplankton,Meroplankton,Echinodermata,Paracentrotus lividus,TpH,15,15,311,18.8,1898,22.5,growth rate,positive,mm,Growth,0.48,0,0.45,0.038729833,-0.065,3e-4,NA,NA,Yes,NA,NA,NA,,1587,3.6999999999999993,Garcia_E_Clemente_S_Hernandez_JC,NA,Paracentrotus_lividus,Echinodermata,2015,311,18.8,15,Garcia_E_Clemente_S_Hernandez_JC__2015__NA,ZOO_STUDY_0166,ZOO_ES_000416,ZOO_STUDY_0166__Paracentrotus_lividus__Echinodermata__CO2311.00__T18.80__NC15,ZOO_COMMON_00287,-0.06453852113757105,4.93827148710416e-4
Alter et al. 2024,"Garcia E, Clemente S, Hernandez JC",2015,NA,NA,Zooplankton,Meroplankton,Echinodermata,Paracentrotus lividus,TpH,135,135,346,18.8,958,22.4,Settlement,positive,%,Development,5.74,2.323790008,11.88,4.763769516,0.727,0.0024,NA,NA,Yes,NA,NA,NA,,612,3.599999999999998,Garcia_E_Clemente_S_Hernandez_JC,NA,Paracentrotus_lividus,Echinodermata,2015,346,18.8,135,Garcia_E_Clemente_S_Hernandez_JC__2015__NA,ZOO_STUDY_0166,ZOO_ES_000419,ZOO_STUDY_0166__Paracentrotus_lividus__Echinodermata__CO2346.00__T18.80__NC135,ZOO_COMMON_00289,0.7273971036030238,0.0024051122452938556
Alter et al. 2024,"Garcia E, Clemente S, Hernandez JC",2015,NA,NA,Zooplankton,Meroplankton,Echinodermata,Paracentrotus lividus,TpH,135,135,346,18.8,1850,20.5,Settlement,positive,%,Development,5.74,2.323790008,17.02,5.693285519,1.087,0.0021,NA,NA,Yes,NA,NA,NA,,1504,1.6999999999999993,Garcia_E_Clemente_S_Hernandez_JC,NA,Paracentrotus_lividus,Echinodermata,2015,346,18.8,135,Garcia_E_Clemente_S_Hernandez_JC__2015__NA,ZOO_STUDY_0166,ZOO_ES_000420,ZOO_STUDY_0166__Paracentrotus_lividus__Echinodermata__CO2346.00__T18.80__NC135,ZOO_COMMON_00289,1.086929912813753,0.0020428934533049136
Alter et al. 2024,"Garcia E, Clemente S, Hernandez JC",2015,NA,NA,Zooplankton,Meroplankton,Echinodermata,Paracentrotus lividus,TpH,135,135,346,18.8,896,20.5,Settlement,positive,%,Development,5.74,2.323790008,20.19,4.996148517,1.258,0.0017,NA,NA,Yes,NA,NA,NA,,550,1.6999999999999993,Garcia_E_Clemente_S_Hernandez_JC,NA,Paracentrotus_lividus,Echinodermata,2015,346,18.8,135,Garcia_E_Clemente_S_Hernandez_JC__2015__NA,ZOO_STUDY_0166,ZOO_ES_000421,ZOO_STUDY_0166__Paracentrotus_lividus__Echinodermata__CO2346.00__T18.80__NC135,ZOO_COMMON_00289,1.257728221993271,0.001667639812608961
Alter et al. 2024,"Garcia E, Hernandez JC, Clemente S",2018,NA,NA,Zooplankton,Meroplankton,Echinodermata,Arbacia lixula,TpH,3,3,541,23,2865,25.1,Fertilization,positive,%,Reproduction,97.65,3.758550252,86.85,3.290896534,-0.117,0.001,NA,NA,Yes,NA,NA,NA,,2324,2.1000000000000014,Garcia_E_Hernandez_JC_Clemente_S,NA,Arbacia_lixula,Echinodermata,2018,541,23,3,Garcia_E_Hernandez_JC_Clemente_S__2018__NA,ZOO_STUDY_0167,ZOO_ES_000439,ZOO_STUDY_0167__Arbacia_lixula__Echinodermata__CO2541.00__T23.00__NC3,ZOO_COMMON_00290,-0.11720716463557408,9.724214982088278e-4
Alter et al. 2024,"Garcia E, Hernandez JC, Clemente S",2018,NA,NA,Zooplankton,Meroplankton,Echinodermata,Arbacia lixula,TpH,3,3,541,23,1599,25.2,Fertilization,positive,%,Reproduction,97.65,3.758550252,88.26,1.870614872,-0.101,6e-4,NA,NA,Yes,NA,NA,NA,,1058,2.1999999999999993,Garcia_E_Hernandez_JC_Clemente_S,NA,Arbacia_lixula,Echinodermata,2018,541,23,3,Garcia_E_Hernandez_JC_Clemente_S__2018__NA,ZOO_STUDY_0167,ZOO_ES_000440,ZOO_STUDY_0167__Arbacia_lixula__Echinodermata__CO2541.00__T23.00__NC3,ZOO_COMMON_00290,-0.1011026534812868,6.435608977223196e-4
Alter et al. 2024,"Garcia E, Hernandez JC, Clemente S",2018,NA,NA,Zooplankton,Meroplankton,Echinodermata,Diadema africanum,TpH,3,3,574,23,2722,25.1,Fertilization,positive,%,Reproduction,15.97,1.247076581,0.42,0.415692194,-3.646,0.3354,NA,NA,Yes,NA,NA,NA,,2148,2.1000000000000014,Garcia_E_Hernandez_JC_Clemente_S,NA,Diadema_africanum,Echinodermata,2018,574,23,3,Garcia_E_Hernandez_JC_Clemente_S__2018__NA,ZOO_STUDY_0167,ZOO_ES_000441,ZOO_STUDY_0167__Diadema_africanum__Echinodermata__CO2574.00__T23.00__NC3,ZOO_COMMON_00291,-3.638212529931644,0.32856322769260776
Alter et al. 2024,"Garcia E, Hernandez JC, Clemente S",2018,NA,NA,Zooplankton,Meroplankton,Echinodermata,Diadema africanum,TpH,3,3,574,23,1486,25.2,Fertilization,positive,%,Reproduction,15.97,1.247076581,4.44,0.831384388,-1.279,0.0138,NA,NA,Yes,NA,NA,NA,,912,2.1999999999999993,Garcia_E_Hernandez_JC_Clemente_S,NA,Diadema_africanum,Echinodermata,2018,574,23,3,Garcia_E_Hernandez_JC_Clemente_S__2018__NA,ZOO_STUDY_0167,ZOO_ES_000442,ZOO_STUDY_0167__Diadema_africanum__Echinodermata__CO2574.00__T23.00__NC3,ZOO_COMMON_00291,-1.2800575857827876,0.013719978208506301
Alter et al. 2024,"Garcia E, Hernandez JC, Clemente S",2018,NA,NA,Zooplankton,Meroplankton,Echinodermata,Paracentrotus lividus,TpH,3,3,899,19.2,1266,22.9,Fertilization,positive,%,Reproduction,100,0,95.96,1.506884203,-0.041,1e-4,NA,NA,Yes,NA,NA,NA,,367,3.6999999999999993,Garcia_E_Hernandez_JC_Clemente_S,NA,Paracentrotus_lividus,Echinodermata,2018,899,19.2,3,Garcia_E_Hernandez_JC_Clemente_S__2018__NA,ZOO_STUDY_0167,ZOO_ES_000443,ZOO_STUDY_0167__Paracentrotus_lividus__Echinodermata__CO2899.00__T19.20__NC3,ZOO_COMMON_00292,-0.04123874801659765,8.219738984974003e-5
Alter et al. 2024,"Garcia E, Hernandez JC, Clemente S",2018,NA,NA,Zooplankton,Meroplankton,Echinodermata,Paracentrotus lividus,TpH,3,3,899,19.2,2489,23,Fertilization,positive,%,Reproduction,100,0,95.96,1.506884203,-0.041,1e-4,NA,NA,Yes,NA,NA,NA,,1590,3.8000000000000007,Garcia_E_Hernandez_JC_Clemente_S,NA,Paracentrotus_lividus,Echinodermata,2018,899,19.2,3,Garcia_E_Hernandez_JC_Clemente_S__2018__NA,ZOO_STUDY_0167,ZOO_ES_000444,ZOO_STUDY_0167__Paracentrotus_lividus__Echinodermata__CO2899.00__T19.20__NC3,ZOO_COMMON_00292,-0.04123874801659765,8.219738984974003e-5
Alter et al. 2024,"Garcia E, Hernandez JC, Clemente S",2018,NA,NA,Zooplankton,Meroplankton,Echinodermata,Paracentrotus lividus,TpH,3,3,899,19.2,2801,21.2,Fertilization,positive,%,Reproduction,100,0,96.46,0.502294734,-0.036,1e-4,NA,NA,Yes,NA,NA,NA,,1902,2,Garcia_E_Hernandez_JC_Clemente_S,NA,Paracentrotus_lividus,Echinodermata,2018,899,19.2,3,Garcia_E_Hernandez_JC_Clemente_S__2018__NA,ZOO_STUDY_0167,ZOO_ES_000446,ZOO_STUDY_0167__Paracentrotus_lividus__Echinodermata__CO2899.00__T19.20__NC3,ZOO_COMMON_00292,-0.036041771347265654,9.038606514562244e-6
Alter et al. 2024,"Garcia E, Hernandez JC, Clemente S",2018,NA,NA,Zooplankton,Meroplankton,Echinodermata,Paracentrotus lividus,TpH,3,3,899,19.2,1293,21.3,Fertilization,positive,%,Reproduction,100,0,97.98,1.004589468,-0.02,1e-4,NA,NA,Yes,NA,NA,NA,,394,2.1000000000000014,Garcia_E_Hernandez_JC_Clemente_S,NA,Paracentrotus_lividus,Echinodermata,2018,899,19.2,3,Garcia_E_Hernandez_JC_Clemente_S__2018__NA,ZOO_STUDY_0167,ZOO_ES_000448,ZOO_STUDY_0167__Paracentrotus_lividus__Echinodermata__CO2899.00__T19.20__NC3,ZOO_COMMON_00292,-0.02040680977766262,3.5041373167962316e-5
Alter et al. 2024,"Garcia E, Hernandez JC, Clemente S",2018,NA,NA,Zooplankton,Meroplankton,Echinodermata,Sphaerechinus granularis,TpH,3,3,489,19.3,2829,25.1,Fertilization,positive,%,Reproduction,98.48,7.101408311,1.52,6.599113577,-4.169,6.261,NA,NA,Yes,NA,NA,NA,,2340,5.800000000000001,Garcia_E_Hernandez_JC_Clemente_S,NA,Sphaerechinus_granularis,Echinodermata,2018,489,19.3,3,Garcia_E_Hernandez_JC_Clemente_S__2018__NA,ZOO_STUDY_0167,ZOO_ES_000449,ZOO_STUDY_0167__Sphaerechinus_granularis__Echinodermata__CO2489.00__T19.30__NC3,ZOO_COMMON_00293,-4.171143147018013,6.284671311305243
Alter et al. 2024,"Garcia E, Hernandez JC, Clemente S",2018,NA,NA,Zooplankton,Meroplankton,Echinodermata,Sphaerechinus granularis,TpH,3,3,489,19.3,1400,25.2,Fertilization,positive,%,Reproduction,98.48,7.101408311,23.35,7.621023553,-1.439,0.0372,NA,NA,Yes,NA,NA,NA,,911,5.899999999999999,Garcia_E_Hernandez_JC_Clemente_S,NA,Sphaerechinus_granularis,Echinodermata,2018,489,19.3,3,Garcia_E_Hernandez_JC_Clemente_S__2018__NA,ZOO_STUDY_0167,ZOO_ES_000450,ZOO_STUDY_0167__Sphaerechinus_granularis__Echinodermata__CO2489.00__T19.30__NC3,ZOO_COMMON_00293,-1.4392564977612916,0.03724173081744557
Alter et al. 2024,"Garcia E, Hernandez JC, Clemente S",2018,NA,NA,Zooplankton,Meroplankton,Echinodermata,Sphaerechinus granularis,TpH,3,3,489,19.3,2539,23,Fertilization,positive,%,Reproduction,98.48,7.101408311,70.56,6.599113577,-0.333,0.0047,NA,NA,Yes,NA,NA,NA,,2050,3.6999999999999993,Garcia_E_Hernandez_JC_Clemente_S,NA,Sphaerechinus_granularis,Echinodermata,2018,489,19.3,3,Garcia_E_Hernandez_JC_Clemente_S__2018__NA,ZOO_STUDY_0167,ZOO_ES_000451,ZOO_STUDY_0167__Sphaerechinus_granularis__Echinodermata__CO2489.00__T19.30__NC3,ZOO_COMMON_00293,-0.3333900701776622,0.004648924269861002
Alter et al. 2024,"Garcia E, Hernandez JC, Clemente S",2018,NA,NA,Zooplankton,Meroplankton,Echinodermata,Sphaerechinus granularis,TpH,3,3,489,19.3,1316,23,Fertilization,positive,%,Reproduction,98.48,7.101408311,72.59,7.621023553,-0.305,0.0054,NA,NA,Yes,NA,NA,NA,,827,3.6999999999999993,Garcia_E_Hernandez_JC_Clemente_S,NA,Sphaerechinus_granularis,Echinodermata,2018,489,19.3,3,Garcia_E_Hernandez_JC_Clemente_S__2018__NA,ZOO_STUDY_0167,ZOO_ES_000452,ZOO_STUDY_0167__Sphaerechinus_granularis__Echinodermata__CO2489.00__T19.30__NC3,ZOO_COMMON_00293,-0.30502631057944884,0.00540739826786869
Alter et al. 2024,"Garcia E, Hernandez JC, Clemente S",2018,NA,NA,Zooplankton,Meroplankton,Echinodermata,Sphaerechinus granularis,TpH,3,3,489,19.3,2813,21.2,Fertilization,positive,%,Reproduction,98.48,7.101408311,76.14,7.621023553,-0.257,0.0051,NA,NA,Yes,NA,NA,NA,,2324,1.8999999999999986,Garcia_E_Hernandez_JC_Clemente_S,NA,Sphaerechinus_granularis,Echinodermata,2018,489,19.3,3,Garcia_E_Hernandez_JC_Clemente_S__2018__NA,ZOO_STUDY_0167,ZOO_ES_000453,ZOO_STUDY_0167__Sphaerechinus_granularis__Echinodermata__CO2489.00__T19.30__NC3,ZOO_COMMON_00293,-0.25727973092184675,0.005072777457855322
Alter et al. 2024,"Garcia E, Hernandez JC, Clemente S",2018,NA,NA,Zooplankton,Meroplankton,Echinodermata,Sphaerechinus granularis,TpH,3,3,489,19.3,1433,21.2,Fertilization,positive,%,Reproduction,98.48,7.101408311,95.94,7.621023553,-0.026,0.0038,NA,NA,Yes,NA,NA,NA,,944,1.8999999999999986,Garcia_E_Hernandez_JC_Clemente_S,NA,Sphaerechinus_granularis,Echinodermata,2018,489,19.3,3,Garcia_E_Hernandez_JC_Clemente_S__2018__NA,ZOO_STUDY_0167,ZOO_ES_000454,ZOO_STUDY_0167__Sphaerechinus_granularis__Echinodermata__CO2489.00__T19.30__NC3,ZOO_COMMON_00293,-0.02613048580228023,0.0038366143812239464
Alter et al. 2024,"Gianguzza P, Visconti G, Gianguzza F, Vizzini S, Sara G, Dupont S",2014,NA,NA,Zooplankton,Meroplankton,Echinodermata,Arbacia lixula,TpH,6,6,498,20.4,1166,24.5,Mortality,positive,%,Survival,11.14,20.64919853,50.3,39.09385629,-0.581,0.1121,NA,NA,Yes,NA,NA,NA,,668,4.100000000000001,Gianguzza_P_Visconti_G_Gianguzza_F_Vizzini_S_Sara_G_Dupont_S,NA,Arbacia_lixula,Echinodermata,2014,498,20.4,6,Gianguzza_P_Visconti_G_Gianguzza_F_Vizzini_S_Sara_G_Dupont_S__2014__NA,ZOO_STUDY_0178,ZOO_ES_000458,ZOO_STUDY_0178__Arbacia_lixula__Echinodermata__CO2498.00__T20.40__NC6,ZOO_COMMON_00309,1.5074628426065555,0.673320962563157
Alter et al. 2024,"Gianguzza P, Visconti G, Gianguzza F, Vizzini S, Sara G, Dupont S",2014,NA,NA,Zooplankton,Meroplankton,Echinodermata,Arbacia lixula,TpH,6,6,498,20.4,895,26,Mortality,positive,%,Survival,11.14,20.64919853,41.56,36.88931553,-0.419,0.0754,NA,NA,Yes,NA,NA,NA,,397,5.600000000000001,Gianguzza_P_Visconti_G_Gianguzza_F_Vizzini_S_Sara_G_Dupont_S,NA,Arbacia_lixula,Echinodermata,2014,498,20.4,6,Gianguzza_P_Visconti_G_Gianguzza_F_Vizzini_S_Sara_G_Dupont_S__2014__NA,ZOO_STUDY_0178,ZOO_ES_000459,ZOO_STUDY_0178__Arbacia_lixula__Echinodermata__CO2498.00__T20.40__NC6,ZOO_COMMON_00309,1.3165959317318887,0.7039543915901291
Alter et al. 2024,"Gianguzza P, Visconti G, Gianguzza F, Vizzini S, Sara G, Dupont S",2014,NA,NA,Zooplankton,Meroplankton,Echinodermata,Arbacia lixula,TpH,6,6,498,20.4,895,26,Fertilization success,positive,%,Reproduction,85.86,13.47219359,55.75,50.01858055,-0.432,0.1383,NA,NA,Yes,NA,NA,NA,,397,5.600000000000001,Gianguzza_P_Visconti_G_Gianguzza_F_Vizzini_S_Sara_G_Dupont_S,NA,Arbacia_lixula,Echinodermata,2014,498,20.4,6,Gianguzza_P_Visconti_G_Gianguzza_F_Vizzini_S_Sara_G_Dupont_S__2014__NA,ZOO_STUDY_0178,ZOO_ES_000464,ZOO_STUDY_0178__Arbacia_lixula__Echinodermata__CO2498.00__T20.40__NC6,ZOO_COMMON_00309,-0.43184065245618636,0.13826299070969775
Alter et al. 2024,"Gianguzza P, Visconti G, Gianguzza F, Vizzini S, Sara G, Dupont S",2014,NA,NA,Zooplankton,Meroplankton,Echinodermata,Arbacia lixula,TpH,6,6,498,20.4,1166,24.5,Fertilization success,positive,%,Reproduction,85.86,13.47219359,70.94,17.31789248,-0.191,0.014,NA,NA,Yes,NA,NA,NA,,668,4.100000000000001,Gianguzza_P_Visconti_G_Gianguzza_F_Vizzini_S_Sara_G_Dupont_S,NA,Arbacia_lixula,Echinodermata,2014,498,20.4,6,Gianguzza_P_Visconti_G_Gianguzza_F_Vizzini_S_Sara_G_Dupont_S__2014__NA,ZOO_STUDY_0178,ZOO_ES_000465,ZOO_STUDY_0178__Arbacia_lixula__Echinodermata__CO2498.00__T20.40__NC6,ZOO_COMMON_00309,-0.19088361345093874,0.014035849344039019
Alter et al. 2024,"Gobler CJ, Merlo LR, Morrell BK and Griffith AW",2018,NA,NA,Zooplankton,Meroplankton,Fish larvae,Menidia beryllina,TpH,4,4,389,19,1630,29,Survival,positive,Percent hatch,Survival,80.2,12,96,3.1,0.1798,0.0059,NA,NA,Yes,NA,NA,NA,,1241,10,Gobler_CJ_Merlo_LR_Morrell_BK_and_Griffith_AW,NA,Menidia_beryllina,Fish_larvae,2018,389,19,4,Gobler_CJ_Merlo_LR_Morrell_BK_and_Griffith_AW__2018__NA,ZOO_STUDY_0185,ZOO_ES_000469,ZOO_STUDY_0185__Menidia_beryllina__Fish_larvae__CO2389.00__T19.00__NC4,ZOO_COMMON_00320,0.17982467659536747,0.005857668052310624
Alter et al. 2024,"Gobler CJ, Merlo LR, Morrell BK and Griffith AW",2018,NA,NA,Zooplankton,Meroplankton,Fish larvae,Menidia beryllina,TpH,4,4,389,19,1630,29,Survival,positive,%,Survival,33.9,24,6.6,2.3,-1.6363,0.1557,NA,NA,Yes,NA,NA,NA,,1241,10,Gobler_CJ_Merlo_LR_Morrell_BK_and_Griffith_AW,NA,Menidia_beryllina,Fish_larvae,2018,389,19,4,Gobler_CJ_Merlo_LR_Morrell_BK_and_Griffith_AW__2018__NA,ZOO_STUDY_0185,ZOO_ES_000472,ZOO_STUDY_0185__Menidia_beryllina__Fish_larvae__CO2389.00__T19.00__NC4,ZOO_COMMON_00320,-1.6363453653540248,0.15566389174568432
Alter et al. 2024,"Gobler CJ, Merlo LR, Morrell BK and Griffith AW",2018,NA,NA,Zooplankton,Meroplankton,Fish larvae,Menidia beryllina,TpH,4,4,389,19,1630,29,Length,positive,mm,Growth,4.05,0.24,4.87,0.18,0.1844,0.0011,NA,NA,Yes,NA,NA,NA,,1241,10,Gobler_CJ_Merlo_LR_Morrell_BK_and_Griffith_AW,NA,Menidia_beryllina,Fish_larvae,2018,389,19,4,Gobler_CJ_Merlo_LR_Morrell_BK_and_Griffith_AW__2018__NA,ZOO_STUDY_0185,ZOO_ES_000474,ZOO_STUDY_0185__Menidia_beryllina__Fish_larvae__CO2389.00__T19.00__NC4,ZOO_COMMON_00320,0.18437705597605078,0.0012194435666056074
Alter et al. 2024,"Gobler CJ, Merlo LR, Morrell BK and Griffith AW",2018,NA,NA,Zooplankton,Meroplankton,Fish larvae,Menidia beryllina,TpH,4,4,389,19,1630,29,Time to hatch,ambiguous,days,Development,9,0.02,3.4,0.6,-0.9734,0.0078,NA,NA,Yes,NA,NA,NA,,1241,10,Gobler_CJ_Merlo_LR_Morrell_BK_and_Griffith_AW,NA,Menidia_beryllina,Fish_larvae,2018,389,19,4,Gobler_CJ_Merlo_LR_Morrell_BK_and_Griffith_AW__2018__NA,ZOO_STUDY_0185,ZOO_ES_000477,ZOO_STUDY_0185__Menidia_beryllina__Fish_larvae__CO2389.00__T19.00__NC4,ZOO_COMMON_00320,-0.9734491457141037,0.007786701695928917
Alter et al. 2024,"Gravinese PM, Enochs IC, Manzello DP, van Woesik R",2018,NA,NA,Zooplankton,Meroplankton,Arthropoda,Menippe mercenaria,TpH,8,8,484,30.1,1199,32,Molt stage duration Z5,ambiguous,days,Development,5.71,0.395979797,5.16,0.45254834,-0.102,0.0016,NA,NA,Yes,NA,NA,NA,,715,1.8999999999999986,Gravinese_PM_Enochs_IC_Manzello_DP_van_Woesik_R,NA,Menippe_mercenaria,Arthropoda,2018,484,30.1,8,Gravinese_PM_Enochs_IC_Manzello_DP_van_Woesik_R__2018__NA,ZOO_STUDY_0193,ZOO_ES_000480,ZOO_STUDY_0193__Menippe_mercenaria__Arthropoda__CO2484.00__T30.10__NC8,ZOO_COMMON_00342,-0.10128244417444744,0.0015626320679456387
Alter et al. 2024,"Hardy NA,  Byrne M",2014,NA,NA,Zooplankton,Meroplankton,Echinodermata,Heliocidaris erythrogramma,TpH,9,9,291,20,758,26,Normal,positive,%,Development,88.6,6.9,48.48,10.17,-0.603,0.0056,NA,NA,Yes,NA,NA,NA,,467,6,Hardy_NA_Byrne_M,NA,Heliocidaris_erythrogramma,Echinodermata,2014,291,20,9,Hardy_NA_Byrne_M__2014__NA,ZOO_STUDY_0209,ZOO_ES_000485,ZOO_STUDY_0209__Heliocidaris_erythrogramma__Echinodermata__CO2291.00__T20.00__NC9,ZOO_COMMON_00374,-0.6029805158499761,0.005563498258707989
Alter et al. 2024,"Hardy NA,  Byrne M",2014,NA,NA,Zooplankton,Meroplankton,Echinodermata,Heliocidaris erythrogramma,TpH,9,9,291,20,1274,26,Normal,positive,%,Development,88.6,6.9,50.9,10.2,-0.554,0.0051,NA,NA,Yes,NA,NA,NA,,983,6,Hardy_NA_Byrne_M,NA,Heliocidaris_erythrogramma,Echinodermata,2014,291,20,9,Hardy_NA_Byrne_M__2014__NA,ZOO_STUDY_0209,ZOO_ES_000486,ZOO_STUDY_0209__Heliocidaris_erythrogramma__Echinodermata__CO2291.00__T20.00__NC9,ZOO_COMMON_00374,-0.5542689340545582,0.005135813819174326
Alter et al. 2024,"Hardy NA,  Byrne M",2014,NA,NA,Zooplankton,Meroplankton,Echinodermata,Heliocidaris erythrogramma,TpH,9,9,291,20,2108,26,Normal,positive,%,Development,88.6,6.9,51.15,14.55,-0.549,0.0097,NA,NA,Yes,NA,NA,NA,,1817,6,Hardy_NA_Byrne_M,NA,Heliocidaris_erythrogramma,Echinodermata,2014,291,20,9,Hardy_NA_Byrne_M__2014__NA,ZOO_STUDY_0209,ZOO_ES_000487,ZOO_STUDY_0209__Heliocidaris_erythrogramma__Echinodermata__CO2291.00__T20.00__NC9,ZOO_COMMON_00374,-0.5493693652133997,0.009664561761197475
Alter et al. 2024,"Hardy NA,  Byrne M",2014,NA,NA,Zooplankton,Meroplankton,Echinodermata,Heliocidaris erythrogramma,TpH,9,9,291,20,1261,24,Normal,positive,%,Development,88.6,6.9,67.63,15.99,-0.27,0.0069,NA,NA,Yes,NA,NA,NA,,970,4,Hardy_NA_Byrne_M,NA,Heliocidaris_erythrogramma,Echinodermata,2014,291,20,9,Hardy_NA_Byrne_M__2014__NA,ZOO_STUDY_0209,ZOO_ES_000488,ZOO_STUDY_0209__Heliocidaris_erythrogramma__Echinodermata__CO2291.00__T20.00__NC9,ZOO_COMMON_00374,-0.2700801860241867,0.0068850906361490995
Alter et al. 2024,"Hardy NA,  Byrne M",2014,NA,NA,Zooplankton,Meroplankton,Echinodermata,Heliocidaris erythrogramma,TpH,9,9,291,20,2094,24,Normal,positive,%,Development,88.6,6.9,70.18,11.55,-0.233,0.0037,NA,NA,Yes,NA,NA,NA,,1803,4,Hardy_NA_Byrne_M,NA,Heliocidaris_erythrogramma,Echinodermata,2014,291,20,9,Hardy_NA_Byrne_M__2014__NA,ZOO_STUDY_0209,ZOO_ES_000489,ZOO_STUDY_0209__Heliocidaris_erythrogramma__Echinodermata__CO2291.00__T20.00__NC9,ZOO_COMMON_00374,-0.233068487455966,0.003683391442335957
Alter et al. 2024,"Hardy NA,  Byrne M",2014,NA,NA,Zooplankton,Meroplankton,Echinodermata,Heliocidaris tuberculata,TpH,9,9,291,20,1274,26,Normal,positive,%,Development,96.15,3.99,78.03,13.62,-0.209,0.0036,NA,NA,Yes,NA,NA,NA,,983,6,Hardy_NA_Byrne_M,NA,Heliocidaris_tuberculata,Echinodermata,2014,291,20,9,Hardy_NA_Byrne_M__2014__NA,ZOO_STUDY_0209,ZOO_ES_000490,ZOO_STUDY_0209__Heliocidaris_tuberculata__Echinodermata__CO2291.00__T20.00__NC9,ZOO_COMMON_00375,-0.20881610390611896,0.003576571954516432
Alter et al. 2024,"Hardy NA,  Byrne M",2014,NA,NA,Zooplankton,Meroplankton,Echinodermata,Heliocidaris tuberculata,TpH,9,9,291,20,2094,24,Normal,positive,%,Development,96.15,3.99,79.34,9.66,-0.192,0.0018,NA,NA,Yes,NA,NA,NA,,1803,4,Hardy_NA_Byrne_M,NA,Heliocidaris_tuberculata,Echinodermata,2014,291,20,9,Hardy_NA_Byrne_M__2014__NA,ZOO_STUDY_0209,ZOO_ES_000491,ZOO_STUDY_0209__Heliocidaris_tuberculata__Echinodermata__CO2291.00__T20.00__NC9,ZOO_COMMON_00375,-0.1921670569486047,0.0018384675352795068
Alter et al. 2024,"Hardy NA,  Byrne M",2014,NA,NA,Zooplankton,Meroplankton,Echinodermata,Heliocidaris tuberculata,TpH,9,9,291,20,2108,26,Normal,positive,%,Development,96.15,3.99,79.74,8.52,-0.187,0.0015,NA,NA,Yes,NA,NA,NA,,1817,6,Hardy_NA_Byrne_M,NA,Heliocidaris_tuberculata,Echinodermata,2014,291,20,9,Hardy_NA_Byrne_M__2014__NA,ZOO_STUDY_0209,ZOO_ES_000492,ZOO_STUDY_0209__Heliocidaris_tuberculata__Echinodermata__CO2291.00__T20.00__NC9,ZOO_COMMON_00375,-0.18713813008157992,0.0014598212637820383
Alter et al. 2024,"Hardy NA,  Byrne M",2014,NA,NA,Zooplankton,Meroplankton,Echinodermata,Heliocidaris tuberculata,TpH,9,9,291,20,758,26,Normal,positive,%,Development,96.15,3.99,80.3,10.2,-0.18,0.002,NA,NA,Yes,NA,NA,NA,,467,6,Hardy_NA_Byrne_M,NA,Heliocidaris_tuberculata,Echinodermata,2014,291,20,9,Hardy_NA_Byrne_M__2014__NA,ZOO_STUDY_0209,ZOO_ES_000493,ZOO_STUDY_0209__Heliocidaris_tuberculata__Echinodermata__CO2291.00__T20.00__NC9,ZOO_COMMON_00375,-0.1801398510820729,0.001984118477800304
Alter et al. 2024,"Hardy NA,  Byrne M",2014,NA,NA,Zooplankton,Meroplankton,Echinodermata,Heliocidaris erythrogramma,TpH,9,9,291,20,752,24,Normal,positive,%,Development,88.6,6.9,76.84,10.56,-0.142,0.0028,NA,NA,Yes,NA,NA,NA,,461,4,Hardy_NA_Byrne_M,NA,Heliocidaris_erythrogramma,Echinodermata,2014,291,20,9,Hardy_NA_Byrne_M__2014__NA,ZOO_STUDY_0209,ZOO_ES_000494,ZOO_STUDY_0209__Heliocidaris_erythrogramma__Echinodermata__CO2291.00__T20.00__NC9,ZOO_COMMON_00374,-0.1424065197106793,0.0027723967135745865
Alter et al. 2024,"Hardy NA,  Byrne M",2014,NA,NA,Zooplankton,Meroplankton,Echinodermata,Heliocidaris tuberculata,TpH,9,9,291,20,1261,24,Normal,positive,%,Development,96.15,3.99,86.15,6.24,-0.11,8e-4,NA,NA,Yes,NA,NA,NA,,970,4,Hardy_NA_Byrne_M,NA,Heliocidaris_tuberculata,Echinodermata,2014,291,20,9,Hardy_NA_Byrne_M__2014__NA,ZOO_STUDY_0209,ZOO_ES_000495,ZOO_STUDY_0209__Heliocidaris_tuberculata__Echinodermata__CO2291.00__T20.00__NC9,ZOO_COMMON_00375,-0.10981950906085014,7.742691280004229e-4
Alter et al. 2024,"Hardy NA,  Byrne M",2014,NA,NA,Zooplankton,Meroplankton,Echinodermata,Heliocidaris tuberculata,TpH,9,9,291,20,752,24,Normal,positive,%,Development,96.15,3.99,90.88,7.95,-0.056,0.001,NA,NA,Yes,NA,NA,NA,,461,4,Hardy_NA_Byrne_M,NA,Heliocidaris_tuberculata,Echinodermata,2014,291,20,9,Hardy_NA_Byrne_M__2014__NA,ZOO_STUDY_0209,ZOO_ES_000496,ZOO_STUDY_0209__Heliocidaris_tuberculata__Echinodermata__CO2291.00__T20.00__NC9,ZOO_COMMON_00375,-0.05636951706194757,0.0010416061144024966
Alter et al. 2024,"Jiang L, Sun YF, Zhang YY, Tian Y, Lei XM, Zhou GW, Yuan T, Yuan XC, Liu S, Huang H",2021,NA,NA,Zooplankton,Meroplankton,Cnidaria,Pocillopora damicornis,TpH,4,4,516,28.7,1014,31.8,Malondialdehyde,negative,nmol/mg/P,Physiology,25.51,8.56,37.55,4.08,-0.387,0.0311,NA,NA,Yes,NA,NA,NA,,498,3.1000000000000014,Jiang_L_Sun_YF_Zhang_YY_Tian_Y_Lei_XM_Zhou_GW_Yuan_T_Yuan_XC_Liu_S_Huang_H,NA,Pocillopora_damicornis,Cnidaria,2021,516,28.7,4,Jiang_L_Sun_YF_Zhang_YY_Tian_Y_Lei_XM_Zhou_GW_Yuan_T_Yuan_XC_Liu_S_Huang_H__2021__NA,ZOO_STUDY_0252,ZOO_ES_000509,ZOO_STUDY_0252__Pocillopora_damicornis__Cnidaria__CO2516.00__T28.70__NC4,ZOO_COMMON_00436,0.38660284605642353,0.03110072069055768
Alter et al. 2024,"Jiang L, Sun YF, Zhang YY, Tian Y, Lei XM, Zhou GW, Yuan T, Yuan XC, Liu S, Huang H",2021,NA,NA,Zooplankton,Meroplankton,Cnidaria,Pocillopora damicornis,TpH,4,4,516,28.7,1010,32.9,Malondialdehyde,negative,nmol/mg/P,Physiology,25.51,8.56,29.18,4.9,-0.134,0.0352,NA,NA,Yes,NA,NA,NA,,494,4.199999999999999,Jiang_L_Sun_YF_Zhang_YY_Tian_Y_Lei_XM_Zhou_GW_Yuan_T_Yuan_XC_Liu_S_Huang_H,NA,Pocillopora_damicornis,Cnidaria,2021,516,28.7,4,Jiang_L_Sun_YF_Zhang_YY_Tian_Y_Lei_XM_Zhou_GW_Yuan_T_Yuan_XC_Liu_S_Huang_H__2021__NA,ZOO_STUDY_0252,ZOO_ES_000510,ZOO_STUDY_0252__Pocillopora_damicornis__Cnidaria__CO2516.00__T28.70__NC4,ZOO_COMMON_00436,0.13441301094091943,0.03519878978296864
Alter et al. 2024,"Jiang L, Sun YF, Zhang YY, Tian Y, Lei XM, Zhou GW, Yuan T, Yuan XC, Liu S, Huang H",2021,NA,NA,Zooplankton,Meroplankton,Cnidaria,Pocillopora damicornis,TpH,4,4,516,28.7,1012,31.1,Malondialdehyde,negative,nmol/mg/P,Physiology,25.51,8.56,28.57,6.12,-0.113,0.0396,NA,NA,Yes,NA,NA,NA,,496,2.400000000000002,Jiang_L_Sun_YF_Zhang_YY_Tian_Y_Lei_XM_Zhou_GW_Yuan_T_Yuan_XC_Liu_S_Huang_H,NA,Pocillopora_damicornis,Cnidaria,2021,516,28.7,4,Jiang_L_Sun_YF_Zhang_YY_Tian_Y_Lei_XM_Zhou_GW_Yuan_T_Yuan_XC_Liu_S_Huang_H__2021__NA,ZOO_STUDY_0252,ZOO_ES_000511,ZOO_STUDY_0252__Pocillopora_damicornis__Cnidaria__CO2516.00__T28.70__NC4,ZOO_COMMON_00436,0.11328668408896171,0.03962079368901725
Alter et al. 2024,"Jiang L, Sun YF, Zhang YY, Tian Y, Lei XM, Zhou GW, Yuan T, Yuan XC, Liu S, Huang H",2021,NA,NA,Zooplankton,Meroplankton,Cnidaria,Pocillopora damicornis,TpH,4,4,516,28.7,1014,31.8,Survival,positive,%,Survival,97.53,3.18,94.95,5.56,-0.0268,0.0011,NA,NA,Yes,NA,NA,NA,,498,3.1000000000000014,Jiang_L_Sun_YF_Zhang_YY_Tian_Y_Lei_XM_Zhou_GW_Yuan_T_Yuan_XC_Liu_S_Huang_H,NA,Pocillopora_damicornis,Cnidaria,2021,516,28.7,4,Jiang_L_Sun_YF_Zhang_YY_Tian_Y_Lei_XM_Zhou_GW_Yuan_T_Yuan_XC_Liu_S_Huang_H__2021__NA,ZOO_STUDY_0252,ZOO_ES_000514,ZOO_STUDY_0252__Pocillopora_damicornis__Cnidaria__CO2516.00__T28.70__NC4,ZOO_COMMON_00436,-0.026809585725628814,0.0011230117726528934
Alter et al. 2024,"Jiang L, Sun YF, Zhang YY, Tian Y, Lei XM, Zhou GW, Yuan T, Yuan XC, Liu S, Huang H",2021,NA,NA,Zooplankton,Meroplankton,Cnidaria,Pocillopora damicornis,TpH,4,4,516,28.7,1010,32.9,Survival,positive,%,Survival,97.53,3.18,95.9,4.5,-0.0169,8e-4,NA,NA,Yes,NA,NA,NA,,494,4.199999999999999,Jiang_L_Sun_YF_Zhang_YY_Tian_Y_Lei_XM_Zhou_GW_Yuan_T_Yuan_XC_Liu_S_Huang_H,NA,Pocillopora_damicornis,Cnidaria,2021,516,28.7,4,Jiang_L_Sun_YF_Zhang_YY_Tian_Y_Lei_XM_Zhou_GW_Yuan_T_Yuan_XC_Liu_S_Huang_H__2021__NA,ZOO_STUDY_0252,ZOO_ES_000515,ZOO_STUDY_0252__Pocillopora_damicornis__Cnidaria__CO2516.00__T28.70__NC4,ZOO_COMMON_00436,-0.016854041094531043,8.162398540662744e-4
Alter et al. 2024,"Jiang L, Sun YF, Zhang YY, Tian Y, Lei XM, Zhou GW, Yuan T, Yuan XC, Liu S, Huang H",2021,NA,NA,Zooplankton,Meroplankton,Cnidaria,Pocillopora damicornis,TpH,4,4,516,28.7,1012,31.1,Survival,positive,%,Survival,97.53,3.18,96.79,2.92,-0.0076,5e-4,NA,NA,Yes,NA,NA,NA,,496,2.400000000000002,Jiang_L_Sun_YF_Zhang_YY_Tian_Y_Lei_XM_Zhou_GW_Yuan_T_Yuan_XC_Liu_S_Huang_H,NA,Pocillopora_damicornis,Cnidaria,2021,516,28.7,4,Jiang_L_Sun_YF_Zhang_YY_Tian_Y_Lei_XM_Zhou_GW_Yuan_T_Yuan_XC_Liu_S_Huang_H__2021__NA,ZOO_STUDY_0252,ZOO_ES_000516,ZOO_STUDY_0252__Pocillopora_damicornis__Cnidaria__CO2516.00__T28.70__NC4,ZOO_COMMON_00436,-0.007616339822926409,4.933104255468486e-4
Alter et al. 2024,"Kamya PZ, Dworjanyn SA, Hardy N, Mos B, Uthicke S, Byrne M",2014,NA,NA,Zooplankton,Meroplankton,Echinodermata,Acanthaster planci,TpH,5,5,477,26.3,1919,27.8,Normal larvae,positive,%,Development,70.26,5.433645185,51.82,7.781516562,-0.304,0.0057,NA,NA,Yes,NA,NA,NA,,1442,1.5,Kamya_PZ_Dworjanyn_SA_Hardy_N_Mos_B_Uthicke_S_Byrne_M,NA,Acanthaster_planci,Echinodermata,2014,477,26.3,5,Kamya_PZ_Dworjanyn_SA_Hardy_N_Mos_B_Uthicke_S_Byrne_M__2014__NA,ZOO_STUDY_0254,ZOO_ES_000521,ZOO_STUDY_0254__Acanthaster_planci__Echinodermata__CO2477.00__T26.30__NC5,ZOO_COMMON_00439,-0.3044264717037172,0.0057060455657196325
Alter et al. 2024,"Kamya PZ, Dworjanyn SA, Hardy N, Mos B, Uthicke S, Byrne M",2014,NA,NA,Zooplankton,Meroplankton,Echinodermata,Acanthaster planci,TpH,5,5,477,26.3,1919,27.8,Length:width ratio,positive,NA,Growth,1.5,0.04472136,1.25,0.04472136,-0.182,4e-4,NA,NA,Yes,NA,NA,NA,,1442,1.5,Kamya_PZ_Dworjanyn_SA_Hardy_N_Mos_B_Uthicke_S_Byrne_M,NA,Acanthaster_planci,Echinodermata,2014,477,26.3,5,Kamya_PZ_Dworjanyn_SA_Hardy_N_Mos_B_Uthicke_S_Byrne_M__2014__NA,ZOO_STUDY_0254,ZOO_ES_000522,ZOO_STUDY_0254__Acanthaster_planci__Echinodermata__CO2477.00__T26.30__NC5,ZOO_COMMON_00439,-0.1823215567939546,4.3377778650746884e-4
Alter et al. 2024,"Kamya PZ, Dworjanyn SA, Hardy N, Mos B, Uthicke S, Byrne M",2014,NA,NA,Zooplankton,Meroplankton,Echinodermata,Acanthaster planci,TpH,5,5,477,26.3,1072,27.8,Length:width ratio,positive,NA,Growth,1.5,0.04472136,1.35,0.067082039,-0.105,7e-4,NA,NA,Yes,NA,NA,NA,,595,1.5,Kamya_PZ_Dworjanyn_SA_Hardy_N_Mos_B_Uthicke_S_Byrne_M,NA,Acanthaster_planci,Echinodermata,2014,477,26.3,5,Kamya_PZ_Dworjanyn_SA_Hardy_N_Mos_B_Uthicke_S_Byrne_M__2014__NA,ZOO_STUDY_0254,ZOO_ES_000523,ZOO_STUDY_0254__Acanthaster_planci__Echinodermata__CO2477.00__T26.30__NC5,ZOO_COMMON_00439,-0.10536051565782628,6.716049370644385e-4
Alter et al. 2024,"Kamya PZ, Dworjanyn SA, Hardy N, Mos B, Uthicke S, Byrne M",2014,NA,NA,Zooplankton,Meroplankton,Echinodermata,Acanthaster planci,TpH,5,5,477,26.3,1072,27.8,Normal larvae,positive,%,Development,70.26,5.433645185,66.08,6.216268977,-0.061,0.003,NA,NA,Yes,NA,NA,NA,,595,1.5,Kamya_PZ_Dworjanyn_SA_Hardy_N_Mos_B_Uthicke_S_Byrne_M,NA,Acanthaster_planci,Echinodermata,2014,477,26.3,5,Kamya_PZ_Dworjanyn_SA_Hardy_N_Mos_B_Uthicke_S_Byrne_M__2014__NA,ZOO_STUDY_0254,ZOO_ES_000524,ZOO_STUDY_0254__Acanthaster_planci__Echinodermata__CO2477.00__T26.30__NC5,ZOO_COMMON_00439,-0.061336517624958425,0.002966082462671676
Alter et al. 2024,"Karelitz SE, Uthicke S, Foo SA, Barker MF, Byrne M, Pecorino D, Lamare MD",2017,NA,NA,Zooplankton,Meroplankton,Echinodermata,Sterechinus neumayeri,TpH,4,4,454,-1.1,946,3.3,Normal development,positive,%,Development,88.74,5.3,7.28,2.64,-2.5,0.0339,NA,NA,Yes,NA,NA,NA,,492,4.4,Karelitz_SE_Uthicke_S_Foo_SA_Barker_MF_Byrne_M_Pecorino_D_Lamare_MD,NA,Sterechinus_neumayeri,Echinodermata,2017,454,-1.1,4,Karelitz_SE_Uthicke_S_Foo_SA_Barker_MF_Byrne_M_Pecorino_D_Lamare_MD__2017__NA,ZOO_STUDY_0260,ZOO_ES_000540,ZOO_STUDY_0260__Sterechinus_neumayeri__Echinodermata__CO2454.00__T-1.10__NC4,ZOO_COMMON_00450,-2.500579883742169,0.03376823427920467
Alter et al. 2024,"Karelitz SE, Uthicke S, Foo SA, Barker MF, Byrne M, Pecorino D, Lamare MD",2017,NA,NA,Zooplankton,Meroplankton,Echinodermata,Odontaster validus,TpH,4,4,413,-0.5,823,7,Normal development,positive,%,Development,96,1.34,38,1.34,-0.927,4e-4,NA,NA,Yes,NA,NA,NA,,410,7.5,Karelitz_SE_Uthicke_S_Foo_SA_Barker_MF_Byrne_M_Pecorino_D_Lamare_MD,NA,Odontaster_validus,Echinodermata,2017,413,-0.5,4,Karelitz_SE_Uthicke_S_Foo_SA_Barker_MF_Byrne_M_Pecorino_D_Lamare_MD__2017__NA,ZOO_STUDY_0260,ZOO_ES_000541,ZOO_STUDY_0260__Odontaster_validus__Echinodermata__CO2413.00__T-0.50__NC4,ZOO_COMMON_00448,-0.9267620317414506,3.595813435383965e-4
Alter et al. 2024,"Karelitz SE, Uthicke S, Foo SA, Barker MF, Byrne M, Pecorino D, Lamare MD",2017,NA,NA,Zooplankton,Meroplankton,Echinodermata,Sterechinus neumayeri,TpH,4,4,454,-1.1,946,5.7,Fertilized eggs,positive,%,Reproduction,90.48,3.18,47.62,11.12,-0.642,0.0139,NA,NA,Yes,NA,NA,NA,,492,6.800000000000001,Karelitz_SE_Uthicke_S_Foo_SA_Barker_MF_Byrne_M_Pecorino_D_Lamare_MD,NA,Sterechinus_neumayeri,Echinodermata,2017,454,-1.1,4,Karelitz_SE_Uthicke_S_Foo_SA_Barker_MF_Byrne_M_Pecorino_D_Lamare_MD__2017__NA,ZOO_STUDY_0260,ZOO_ES_000542,ZOO_STUDY_0260__Sterechinus_neumayeri__Echinodermata__CO2454.00__T-1.10__NC4,ZOO_COMMON_00450,-0.6418759907491484,0.013941160671723397
Alter et al. 2024,"Karelitz SE, Uthicke S, Foo SA, Barker MF, Byrne M, Pecorino D, Lamare MD",2017,NA,NA,Zooplankton,Meroplankton,Echinodermata,Fellaster zelandiae,TpH,4,4,441,17.5,912,27,Fertilized eggs,positive,%,Reproduction,82.84,10.44,65.67,7.46,-0.232,0.0072,NA,NA,Yes,NA,NA,NA,,471,9.5,Karelitz_SE_Uthicke_S_Foo_SA_Barker_MF_Byrne_M_Pecorino_D_Lamare_MD,NA,Fellaster_zelandiae,Echinodermata,2017,441,17.5,4,Karelitz_SE_Uthicke_S_Foo_SA_Barker_MF_Byrne_M_Pecorino_D_Lamare_MD__2017__NA,ZOO_STUDY_0260,ZOO_ES_000543,ZOO_STUDY_0260__Fellaster_zelandiae__Echinodermata__CO2441.00__T17.50__NC4,ZOO_COMMON_00447,-0.23226883632450215,0.007196785983148641
Alter et al. 2024,"Karelitz SE, Uthicke S, Foo SA, Barker MF, Byrne M, Pecorino D, Lamare MD",2017,NA,NA,Zooplankton,Meroplankton,Echinodermata,Arachnoides placenta,TpH,4,4,565,25.9,963,34.8,Fertilized eggs,positive,%,Reproduction,91.11,4.44,72.59,11.86,-0.227,0.0073,NA,NA,Yes,NA,NA,NA,,398,8.899999999999999,Karelitz_SE_Uthicke_S_Foo_SA_Barker_MF_Byrne_M_Pecorino_D_Lamare_MD,NA,Arachnoides_placenta,Echinodermata,2017,565,25.9,4,Karelitz_SE_Uthicke_S_Foo_SA_Barker_MF_Byrne_M_Pecorino_D_Lamare_MD__2017__NA,ZOO_STUDY_0260,ZOO_ES_000544,ZOO_STUDY_0260__Arachnoides_placenta__Echinodermata__CO2565.00__T25.90__NC4,ZOO_COMMON_00446,-0.22724039642901772,0.00726724202188838
Alter et al. 2024,"Karelitz SE, Uthicke S, Foo SA, Barker MF, Byrne M, Pecorino D, Lamare MD",2017,NA,NA,Zooplankton,Meroplankton,Echinodermata,Sterechinus neumayeri,TpH,4,4,454,-1.1,946,3.3,Fertilized eggs,positive,%,Reproduction,90.48,3.18,84.92,6.34,-0.063,0.0017,NA,NA,Yes,NA,NA,NA,,492,4.4,Karelitz_SE_Uthicke_S_Foo_SA_Barker_MF_Byrne_M_Pecorino_D_Lamare_MD,NA,Sterechinus_neumayeri,Echinodermata,2017,454,-1.1,4,Karelitz_SE_Uthicke_S_Foo_SA_Barker_MF_Byrne_M_Pecorino_D_Lamare_MD__2017__NA,ZOO_STUDY_0260,ZOO_ES_000545,ZOO_STUDY_0260__Sterechinus_neumayeri__Echinodermata__CO2454.00__T-1.10__NC4,ZOO_COMMON_00450,-0.06341919497280973,0.0017022813559555026
Alter et al. 2024,"Karelitz SE, Uthicke S, Foo SA, Barker MF, Byrne M, Pecorino D, Lamare MD",2017,NA,NA,Zooplankton,Meroplankton,Echinodermata,Odontaster validus,TpH,4,4,413,-0.5,823,7,Fertilized eggs,positive,%,Reproduction,74.81,2.96,76.3,2.96,0.02,8e-4,NA,NA,Yes,NA,NA,NA,,410,7.5,Karelitz_SE_Uthicke_S_Foo_SA_Barker_MF_Byrne_M_Pecorino_D_Lamare_MD,NA,Odontaster_validus,Echinodermata,2017,413,-0.5,4,Karelitz_SE_Uthicke_S_Foo_SA_Barker_MF_Byrne_M_Pecorino_D_Lamare_MD__2017__NA,ZOO_STUDY_0260,ZOO_ES_000546,ZOO_STUDY_0260__Odontaster_validus__Echinodermata__CO2413.00__T-0.50__NC4,ZOO_COMMON_00448,0.019721372406097643,7.676330838341703e-4
Alter et al. 2024,"Ko GWK, Dineshram R, Campanati C, Chan VBS, Havenhand J, Thiyagarajan V",2014,NA,NA,Zooplankton,Meroplankton,Mollusca,Crassostrea gigas,TpH,4,4,437,23.9,2024,29.8,Metamorphosis,positive,%,Development,27.5,3.26,20.5,2.76,-0.294,0.008,NA,NA,Yes,NA,NA,NA,,1587,5.900000000000002,Ko_GWK_Dineshram_R_Campanati_C_Chan_VBS_Havenhand_J_Thiyagarajan_V,NA,Crassostrea_gigas,Mollusca,2014,437,23.9,4,Ko_GWK_Dineshram_R_Campanati_C_Chan_VBS_Havenhand_J_Thiyagarajan_V__2014__NA,ZOO_STUDY_0272,ZOO_ES_000556,ZOO_STUDY_0272__Crassostrea_gigas__Mollusca__CO2437.00__T23.90__NC4,ZOO_COMMON_00465,-0.29376111852816306,0.008044844538620753
Alter et al. 2024,"Ko GWK, Dineshram R, Campanati C, Chan VBS, Havenhand J, Thiyagarajan V",2014,NA,NA,Zooplankton,Meroplankton,Mollusca,Crassostrea gigas,TpH,4,4,437,23.9,2024,29.8,Lipid index,ambiguous,NA,Physiology,0.1,0,0.09,0.02,-0.105,0.0158,NA,NA,Yes,NA,NA,NA,,1587,5.900000000000002,Ko_GWK_Dineshram_R_Campanati_C_Chan_VBS_Havenhand_J_Thiyagarajan_V,NA,Crassostrea_gigas,Mollusca,2014,437,23.9,4,Ko_GWK_Dineshram_R_Campanati_C_Chan_VBS_Havenhand_J_Thiyagarajan_V__2014__NA,ZOO_STUDY_0272,ZOO_ES_000557,ZOO_STUDY_0272__Crassostrea_gigas__Mollusca__CO2437.00__T23.90__NC4,ZOO_COMMON_00465,-0.1053605156578264,0.01234567901234568
Alter et al. 2024,"Ko GWK, Dineshram R, Campanati C, Chan VBS, Havenhand J, Thiyagarajan V",2014,NA,NA,Zooplankton,Meroplankton,Mollusca,Crassostrea gigas,TpH,4,4,519,23.9,1566,30,growth rate,positive,µm*d-1*10^3,Growth,2.79,0.16,3.91,0.2,0.337,0.0015,NA,NA,Yes,NA,NA,NA,,1047,6.100000000000001,Ko_GWK_Dineshram_R_Campanati_C_Chan_VBS_Havenhand_J_Thiyagarajan_V,NA,Crassostrea_gigas,Mollusca,2014,519,23.9,4,Ko_GWK_Dineshram_R_Campanati_C_Chan_VBS_Havenhand_J_Thiyagarajan_V__2014__NA,ZOO_STUDY_0272,ZOO_ES_000558,ZOO_STUDY_0272__Crassostrea_gigas__Mollusca__CO2519.00__T23.90__NC4,ZOO_COMMON_00466,0.33749577816400017,0.0014762923392242027
Alter et al. 2024,"Laubenstein TD, Jodie L. Rummer, Simon Nicol, Darren M. Parsons, Stephen M. J. Pether, Stephen Pope, Neville Smith and Philip L. Munday",2018,NA,NA,Zooplankton,Meroplankton,Fish larvae,Seriola lalandi,TpH,29,34,462,21.1,1011,24.9,Time Active,ambiguous,%,Physiology,45.7133,17.34023068,70.3979,10.92837004,0.4318,0.0057,NA,NA,Yes,NA,NA,NA,,549,3.799999999999997,Laubenstein_TD_Jodie_L_Rummer_Simon_Nicol_Darren_M_Parsons_Stephen_M_J_Pether_Stephen_Pope_Neville_Smith_and_Philip_L_Munday,NA,Seriola_lalandi,Fish_larvae,2018,462,21.1,29,Laubenstein_TD_Jodie_L_Rummer_Simon_Nicol_Darren_M_Parsons_Stephen_M_J_Pether_Stephen_Pope_Neville_Smith_and_Philip_L_Munday__2018__NA,ZOO_STUDY_0293,ZOO_ES_000561,ZOO_STUDY_0293__Seriola_lalandi__Fish_larvae__CO2462.00__T21.10__NC29,ZOO_COMMON_00504,0.4317741491676477,0.005670437015046998
Alter et al. 2024,"Laubenstein TD, Jodie L. Rummer, Simon Nicol, Darren M. Parsons, Stephen M. J. Pether, Stephen Pope, Neville Smith and Philip L. Munday",2018,NA,NA,Zooplankton,Meroplankton,Fish larvae,Seriola lalandi,TpH,29,34,462,21.1,1011,24.9,Mass,positive,g,Growth,0.0231,0.004846648,0.0305,0.006997142,0.2803,0.0031,NA,NA,Yes,NA,NA,NA,,549,3.799999999999997,Laubenstein_TD_Jodie_L_Rummer_Simon_Nicol_Darren_M_Parsons_Stephen_M_J_Pether_Stephen_Pope_Neville_Smith_and_Philip_L_Munday,NA,Seriola_lalandi,Fish_larvae,2018,462,21.1,29,Laubenstein_TD_Jodie_L_Rummer_Simon_Nicol_Darren_M_Parsons_Stephen_M_J_Pether_Stephen_Pope_Neville_Smith_and_Philip_L_Munday__2018__NA,ZOO_STUDY_0293,ZOO_ES_000563,ZOO_STUDY_0293__Seriola_lalandi__Fish_larvae__CO2462.00__T21.10__NC29,ZOO_COMMON_00504,0.2778940660856181,0.0030659332068473343
Alter et al. 2024,"Laubenstein TD, Jodie L. Rummer, Simon Nicol, Darren M. Parsons, Stephen M. J. Pether, Stephen Pope, Neville Smith and Philip L. Munday",2018,NA,NA,Zooplankton,Meroplankton,Fish larvae,Seriola lalandi,TpH,13,10,462,21.1,1011,24.9,Resting metabolic rate,ambiguous,mg kg-1 hr-1,Physiology,702.3333,99.76560379,858,178.9096534,0.2002,0.0059,NA,NA,Yes,NA,NA,NA,,549,3.799999999999997,Laubenstein_TD_Jodie_L_Rummer_Simon_Nicol_Darren_M_Parsons_Stephen_M_J_Pether_Stephen_Pope_Neville_Smith_and_Philip_L_Munday,NA,Seriola_lalandi,Fish_larvae,2018,462,21.1,13,Laubenstein_TD_Jodie_L_Rummer_Simon_Nicol_Darren_M_Parsons_Stephen_M_J_Pether_Stephen_Pope_Neville_Smith_and_Philip_L_Munday__2018__NA,ZOO_STUDY_0293,ZOO_ES_000566,ZOO_STUDY_0293__Seriola_lalandi__Fish_larvae__CO2462.00__T21.10__NC13,ZOO_COMMON_00503,0.20019602181272877,0.005900177656004056
Alter et al. 2024,"Laubenstein TD, Jodie L. Rummer, Simon Nicol, Darren M. Parsons, Stephen M. J. Pether, Stephen Pope, Neville Smith and Philip L. Munday",2018,NA,NA,Zooplankton,Meroplankton,Fish larvae,Seriola lalandi,TpH,13,9,462,21.1,1011,24.9,aerobic scope,positive,mg kg-1 hr-1,Physiology,1046.75,322.7689502,798.6667,330.2691,-0.2705,0.0263,NA,NA,Yes,NA,NA,NA,,549,3.799999999999997,Laubenstein_TD_Jodie_L_Rummer_Simon_Nicol_Darren_M_Parsons_Stephen_M_J_Pether_Stephen_Pope_Neville_Smith_and_Philip_L_Munday,NA,Seriola_lalandi,Fish_larvae,2018,462,21.1,13,Laubenstein_TD_Jodie_L_Rummer_Simon_Nicol_Darren_M_Parsons_Stephen_M_J_Pether_Stephen_Pope_Neville_Smith_and_Philip_L_Munday__2018__NA,ZOO_STUDY_0293,ZOO_ES_000570,ZOO_STUDY_0293__Seriola_lalandi__Fish_larvae__CO2462.00__T21.10__NC13,ZOO_COMMON_00503,-0.2705016925957963,0.02631436458036617
Alter et al. 2024,"Leo E, Dahlke FT, Storch D, Pörtner HO, Mark FC",2018,NA,NA,Zooplankton,Meroplankton,Fish larvae,Clupea harengus,TpH,6,6,415,6.2,1050,14.1,Hatching success,positive,% fertilized eggs,Reproduction,75.4159,7.244365914,49.5379,1.358242062,-0.4203,0.0017,NA,NA,Yes,NA,NA,NA,,635,7.8999999999999995,Leo_E_Dahlke_FT_Storch_D_P_rtner_HO_Mark_FC,NA,Clupea_harengus,Fish_larvae,2018,415,6.2,6,Leo_E_Dahlke_FT_Storch_D_P_rtner_HO_Mark_FC__2018__NA,ZOO_STUDY_0302,ZOO_ES_000581,ZOO_STUDY_0302__Clupea_harengus__Fish_larvae__CO2415.00__T6.20__NC6,ZOO_COMMON_00522,-0.42028009493955387,0.0016631776439734985
Alter et al. 2024,"Leo E, Dahlke FT, Storch D, Pörtner HO, Mark FC",2018,NA,NA,Zooplankton,Meroplankton,Fish larvae,Clupea harengus,TpH,6,6,415,6.2,1050,10,Hatching success,positive,% fertilized eggs,Reproduction,75.4159,7.244365914,74.6765,18.56370296,-0.0099,0.0118,NA,NA,Yes,NA,NA,NA,,635,3.8,Leo_E_Dahlke_FT_Storch_D_P_rtner_HO_Mark_FC,NA,Clupea_harengus,Fish_larvae,2018,415,6.2,6,Leo_E_Dahlke_FT_Storch_D_P_rtner_HO_Mark_FC__2018__NA,ZOO_STUDY_0302,ZOO_ES_000585,ZOO_STUDY_0302__Clupea_harengus__Fish_larvae__CO2415.00__T6.20__NC6,ZOO_COMMON_00522,-0.009852677170109549,0.011837240114441488
Alter et al. 2024,"Leo E, Dahlke FT, Storch D, Pörtner HO, Mark FC",2018,NA,NA,Zooplankton,Meroplankton,Fish larvae,Clupea harengus,TpH,6,6,415,6.2,1050,14.1,Deformities,positive,% hatched larvae,Development,5.511,3.184336666,16.6333,7.363166167,-0.1252,0.0015,NA,NA,Yes,NA,NA,NA,,635,7.8999999999999995,Leo_E_Dahlke_FT_Storch_D_P_rtner_HO_Mark_FC,NA,Clupea_harengus,Fish_larvae,2018,415,6.2,6,Leo_E_Dahlke_FT_Storch_D_P_rtner_HO_Mark_FC__2018__NA,ZOO_STUDY_0302,ZOO_ES_000588,ZOO_STUDY_0302__Clupea_harengus__Fish_larvae__CO2415.00__T6.20__NC6,ZOO_COMMON_00522,1.104660615178241,0.08830533698751326
Alter et al. 2024,"Leo E, Dahlke FT, Storch D, Pörtner HO, Mark FC",2018,NA,NA,Zooplankton,Meroplankton,Fish larvae,Clupea harengus,TpH,60,60,415,6.2,1050,10,Length at hatch,positive,mm,Growth,10.039,1.859032006,9.9024,2.645247625,-0.0137,0.0018,NA,NA,Yes,NA,NA,NA,,635,3.8,Leo_E_Dahlke_FT_Storch_D_P_rtner_HO_Mark_FC,NA,Clupea_harengus,Fish_larvae,2018,415,6.2,60,Leo_E_Dahlke_FT_Storch_D_P_rtner_HO_Mark_FC__2018__NA,ZOO_STUDY_0302,ZOO_ES_000591,ZOO_STUDY_0302__Clupea_harengus__Fish_larvae__CO2415.00__T6.20__NC60,ZOO_COMMON_00523,-0.013700355706429487,0.0017608581747704678
Alter et al. 2024,"Leo E, Dahlke FT, Storch D, Pörtner HO, Mark FC",2018,NA,NA,Zooplankton,Meroplankton,Fish larvae,Clupea harengus,TpH,60,60,415,6.2,1050,14.1,Length at hatch,positive,mm,Growth,10.039,1.859032006,9.9024,2.645247625,-0.0137,0.0018,NA,NA,Yes,NA,NA,NA,,635,7.8999999999999995,Leo_E_Dahlke_FT_Storch_D_P_rtner_HO_Mark_FC,NA,Clupea_harengus,Fish_larvae,2018,415,6.2,60,Leo_E_Dahlke_FT_Storch_D_P_rtner_HO_Mark_FC__2018__NA,ZOO_STUDY_0302,ZOO_ES_000592,ZOO_STUDY_0302__Clupea_harengus__Fish_larvae__CO2415.00__T6.20__NC60,ZOO_COMMON_00523,-0.013700355706429487,0.0017608581747704678
Alter et al. 2024,"Leo E, Dahlke FT, Storch D, Pörtner HO, Mark FC",2018,NA,NA,Zooplankton,Meroplankton,Fish larvae,Clupea harengus,TpH,6,6,415,6.2,1050,10,Deformities,positive,% hatched larvae,Development,5.511,3.184336666,13.0762,10.43115207,-0.0835,0.0026,NA,NA,Yes,NA,NA,NA,,635,3.8,Leo_E_Dahlke_FT_Storch_D_P_rtner_HO_Mark_FC,NA,Clupea_harengus,Fish_larvae,2018,415,6.2,6,Leo_E_Dahlke_FT_Storch_D_P_rtner_HO_Mark_FC__2018__NA,ZOO_STUDY_0302,ZOO_ES_000594,ZOO_STUDY_0302__Clupea_harengus__Fish_larvae__CO2415.00__T6.20__NC6,ZOO_COMMON_00522,0.8640476890412035,0.16170461729657998
Alter et al. 2024,"Leo E, Dahlke FT, Storch D, Pörtner HO, Mark FC",2018,NA,NA,Zooplankton,Meroplankton,Fish larvae,Clupea harengus,TpH,2,2,415,6.2,1050,14.1,MO2,ambiguous,nmol O2 (eggs*h)-1,Physiology,5.5552,0.523259018,12.5552,1.16262497,0.8154,0.0088,NA,NA,Yes,NA,NA,NA,,635,7.8999999999999995,Leo_E_Dahlke_FT_Storch_D_P_rtner_HO_Mark_FC,NA,Clupea_harengus,Fish_larvae,2018,415,6.2,2,Leo_E_Dahlke_FT_Storch_D_P_rtner_HO_Mark_FC__2018__NA,ZOO_STUDY_0302,ZOO_ES_000596,ZOO_STUDY_0302__Clupea_harengus__Fish_larvae__CO2415.00__T6.20__NC2,ZOO_COMMON_00520,0.8154004963472323,0.00872360700497416
Alter et al. 2024,"Leo E, Dahlke FT, Storch D, Pörtner HO, Mark FC",2018,NA,NA,Zooplankton,Meroplankton,Fish larvae,Clupea harengus,TpH,2,2,415,6.2,1050,10,MO2,ambiguous,nmol O2 (eggs*h)-1,Physiology,5.5552,0.523259018,8.0214,0.951200042,0.3674,0.0116,NA,NA,Yes,NA,NA,NA,,635,3.8,Leo_E_Dahlke_FT_Storch_D_P_rtner_HO_Mark_FC,NA,Clupea_harengus,Fish_larvae,2018,415,6.2,2,Leo_E_Dahlke_FT_Storch_D_P_rtner_HO_Mark_FC__2018__NA,ZOO_STUDY_0302,ZOO_ES_000598,ZOO_STUDY_0302__Clupea_harengus__Fish_larvae__CO2415.00__T6.20__NC2,ZOO_COMMON_00520,0.36737854419115556,0.011467067590469027
Alter et al. 2024,"Leo E, Dahlke FT, Storch D, Pörtner HO, Mark FC",2018,NA,NA,Zooplankton,Meroplankton,Fish larvae,Clupea harengus,TpH,3,3,415,6.2,1050,10,ETS mitochondrial capacity,positive,nmol O2 (eggs*h)-1,Physiology,4.5273,1.662768775,6.0727,0.755866972,0.2937,0.0505,NA,NA,Yes,NA,NA,NA,,635,3.8,Leo_E_Dahlke_FT_Storch_D_P_rtner_HO_Mark_FC,NA,Clupea_harengus,Fish_larvae,2018,415,6.2,3,Leo_E_Dahlke_FT_Storch_D_P_rtner_HO_Mark_FC__2018__NA,ZOO_STUDY_0302,ZOO_ES_000600,ZOO_STUDY_0302__Clupea_harengus__Fish_larvae__CO2415.00__T6.20__NC3,ZOO_COMMON_00521,0.2936775814057033,0.050128127319956035
Alter et al. 2024,"Leo E, Dahlke FT, Storch D, Pörtner HO, Mark FC",2018,NA,NA,Zooplankton,Meroplankton,Fish larvae,Clupea harengus,TpH,3,3,415,6.2,1050,14.1,ETS mitochondrial capacity,positive,nmol O2 (eggs*h)-1,Physiology,4.5273,1.662768775,6.3636,0.944833716,0.3405,0.0527,NA,NA,Yes,NA,NA,NA,,635,7.8999999999999995,Leo_E_Dahlke_FT_Storch_D_P_rtner_HO_Mark_FC,NA,Clupea_harengus,Fish_larvae,2018,415,6.2,3,Leo_E_Dahlke_FT_Storch_D_P_rtner_HO_Mark_FC__2018__NA,ZOO_STUDY_0302,ZOO_ES_000601,ZOO_STUDY_0302__Clupea_harengus__Fish_larvae__CO2415.00__T6.20__NC3,ZOO_COMMON_00521,0.34046851963846997,0.052312141611176595
Alter et al. 2024,"Miller GM, Kroon FJ, Metcalfe S, Munday PL",2015,NA,NA,Zooplankton,Meroplankton,Fish larvae,Amphiprion melanopus,TpH,4,4,400,28.4,1126,29.8,eggs that survived to hatching,positive,%,Reproduction,46.6981,9.0566,7.9245,3.3962,-1.7737,0.0553,NA,NA,Yes,NA,NA,NA,,726,1.4000000000000021,Miller_GM_Kroon_FJ_Metcalfe_S_Munday_PL,NA,Amphiprion_melanopus,Fish_larvae,2015,400,28.4,4,Miller_GM_Kroon_FJ_Metcalfe_S_Munday_PL__2015__NA,ZOO_STUDY_0353,ZOO_ES_000608,ZOO_STUDY_0353__Amphiprion_melanopus__Fish_larvae__CO2400.00__T28.40__NC4,ZOO_COMMON_00617,-1.7737442523320028,0.05532110066239247
Alter et al. 2024,"Miller GM, Kroon FJ, Metcalfe S, Munday PL",2015,NA,NA,Zooplankton,Meroplankton,Fish larvae,Amphiprion melanopus,TpH,4,4,400,28.4,1126,29.8,hatching length,positive,mm²,Growth,3.2444,0.02,3.0296,0.074,-0.0685,2e-4,NA,NA,Yes,NA,NA,NA,,726,1.4000000000000021,Miller_GM_Kroon_FJ_Metcalfe_S_Munday_PL,NA,Amphiprion_melanopus,Fish_larvae,2015,400,28.4,4,Miller_GM_Kroon_FJ_Metcalfe_S_Munday_PL__2015__NA,ZOO_STUDY_0353,ZOO_ES_000613,ZOO_STUDY_0353__Amphiprion_melanopus__Fish_larvae__CO2400.00__T28.40__NC4,ZOO_COMMON_00617,-0.06849983560860474,1.5865346555327283e-4
Alter et al. 2024,"Miller GM, Kroon FJ, Metcalfe S, Munday PL",2015,NA,NA,Zooplankton,Meroplankton,Fish larvae,Amphiprion melanopus,TpH,4,4,400,28.4,1126,29.8,yolk area,ambiguous,mm²,Development,0.4232,0.0068,0.3967,0.0164,-0.0647,5e-4,NA,NA,Yes,NA,NA,NA,,726,1.4000000000000021,Miller_GM_Kroon_FJ_Metcalfe_S_Munday_PL,NA,Amphiprion_melanopus,Fish_larvae,2015,400,28.4,4,Miller_GM_Kroon_FJ_Metcalfe_S_Munday_PL__2015__NA,ZOO_STUDY_0353,ZOO_ES_000615,ZOO_STUDY_0353__Amphiprion_melanopus__Fish_larvae__CO2400.00__T28.40__NC4,ZOO_COMMON_00617,-0.06466455302380525,4.918164697767691e-4
Alter et al. 2024,"Mos B, Dworjanyn SA, Mamo LT, Kelaher BP",2019,NA,NA,Zooplankton,Meroplankton,Echinodermata,Tripneustes gratilla,TpH,5,5,491,24.4,1704,27,Test diameter,positive,µm,Growth,714.77,60.0384252,577.18,22.51720453,-0.214,0.0017,NA,NA,Yes,NA,NA,NA,,1213,2.6000000000000014,Mos_B_Dworjanyn_SA_Mamo_LT_Kelaher_BP,NA,Tripneustes_gratilla,Echinodermata,2019,491,24.4,5,Mos_B_Dworjanyn_SA_Mamo_LT_Kelaher_BP__2019__NA,ZOO_STUDY_0357,ZOO_ES_000629,ZOO_STUDY_0357__Tripneustes_gratilla__Echinodermata__CO2491.00__T24.40__NC5,ZOO_COMMON_00622,-0.21380663635802052,0.0017154882222658596
Alter et al. 2024,"Mos B, Dworjanyn SA, Mamo LT, Kelaher BP",2019,NA,NA,Zooplankton,Meroplankton,Echinodermata,Tripneustes gratilla,TpH,5,5,491,24.4,1006,26.7,Test diameter,positive,µm,Growth,714.77,60.0384252,587.25,22.51720453,-0.197,0.0017,NA,NA,Yes,NA,NA,NA,,515,2.3000000000000007,Mos_B_Dworjanyn_SA_Mamo_LT_Kelaher_BP,NA,Tripneustes_gratilla,Echinodermata,2019,491,24.4,5,Mos_B_Dworjanyn_SA_Mamo_LT_Kelaher_BP__2019__NA,ZOO_STUDY_0357,ZOO_ES_000630,ZOO_STUDY_0357__Tripneustes_gratilla__Echinodermata__CO2491.00__T24.40__NC5,ZOO_COMMON_00622,-0.19651018908373777,0.0017051383926832667
Alter et al. 2024,"Mos B, Dworjanyn SA, Mamo LT, Kelaher BP",2019,NA,NA,Zooplankton,Meroplankton,Echinodermata,Tripneustes gratilla,TpH,7,7,491,24.4,1006,26.7,Settlement,positive,%,Development,38.18,21.29829805,49.61,17.17092601,0.262,0.0616,NA,NA,Yes,NA,NA,NA,,515,2.3000000000000007,Mos_B_Dworjanyn_SA_Mamo_LT_Kelaher_BP,NA,Tripneustes_gratilla,Echinodermata,2019,491,24.4,7,Mos_B_Dworjanyn_SA_Mamo_LT_Kelaher_BP__2019__NA,ZOO_STUDY_0357,ZOO_ES_000631,ZOO_STUDY_0357__Tripneustes_gratilla__Echinodermata__CO2491.00__T24.40__NC7,ZOO_COMMON_00623,0.261880608015356,0.06156890495580997
Alter et al. 2024,"Mos B, Dworjanyn SA, Mamo LT, Kelaher BP",2019,NA,NA,Zooplankton,Meroplankton,Echinodermata,Tripneustes gratilla,TpH,7,7,491,24.4,1704,27,Settlement,positive,%,Development,38.18,21.29829805,61.3,17.17092601,0.473,0.0557,NA,NA,Yes,NA,NA,NA,,1213,2.6000000000000014,Mos_B_Dworjanyn_SA_Mamo_LT_Kelaher_BP,NA,Tripneustes_gratilla,Echinodermata,2019,491,24.4,7,Mos_B_Dworjanyn_SA_Mamo_LT_Kelaher_BP__2019__NA,ZOO_STUDY_0357,ZOO_ES_000632,ZOO_STUDY_0357__Tripneustes_gratilla__Echinodermata__CO2491.00__T24.40__NC7,ZOO_COMMON_00623,0.47346802464456417,0.055663968791503496
Alter et al. 2024,"Mos B, Dworjanyn SA, Mamo LT, Kelaher BP",2019,NA,NA,Zooplankton,Meroplankton,Echinodermata,Tripneustes gratilla,TpH,5,5,491,24.4,1006,26.7,Abnormalities,positive,%,Development,55.27,20.81779287,20.95,46.84562413,0.57,0.1135,NA,NA,Yes,NA,NA,NA,,515,2.3000000000000007,Mos_B_Dworjanyn_SA_Mamo_LT_Kelaher_BP,NA,Tripneustes_gratilla,Echinodermata,2019,491,24.4,5,Mos_B_Dworjanyn_SA_Mamo_LT_Kelaher_BP__2019__NA,ZOO_STUDY_0357,ZOO_ES_000633,ZOO_STUDY_0357__Tripneustes_gratilla__Echinodermata__CO2491.00__T24.40__NC5,ZOO_COMMON_00622,-0.9700916194770249,1.0283739914595762
Alter et al. 2024,"Mos B, Dworjanyn SA, Mamo LT, Kelaher BP",2019,NA,NA,Zooplankton,Meroplankton,Echinodermata,Tripneustes gratilla,TpH,5,5,491,24.4,1704,27,Abnormalities,positive,%,Development,55.27,20.81779287,20.07,44.87788431,0.581,0.1064,NA,NA,Yes,NA,NA,NA,,1213,2.6000000000000014,Mos_B_Dworjanyn_SA_Mamo_LT_Kelaher_BP,NA,Tripneustes_gratilla,Echinodermata,2019,491,24.4,5,Mos_B_Dworjanyn_SA_Mamo_LT_Kelaher_BP__2019__NA,ZOO_STUDY_0357,ZOO_ES_000634,ZOO_STUDY_0357__Tripneustes_gratilla__Echinodermata__CO2491.00__T24.40__NC5,ZOO_COMMON_00622,-1.0130041030369248,1.028373991471063
Alter et al. 2024,"Mos B, Dworjanyn SA, Mamo LT, Kelaher BP",2019,NA,NA,Zooplankton,Meroplankton,Echinodermata,Tripneustes gratilla,TpH,7,7,491,24.4,1704,27,Survival,positive,%,Survival,20.73,12.22337106,9.11,10.82112286,-0.822,0.2515,NA,NA,Yes,NA,NA,NA,,1213,2.6000000000000014,Mos_B_Dworjanyn_SA_Mamo_LT_Kelaher_BP,NA,Tripneustes_gratilla,Echinodermata,2019,491,24.4,7,Mos_B_Dworjanyn_SA_Mamo_LT_Kelaher_BP__2019__NA,ZOO_STUDY_0357,ZOO_ES_000635,ZOO_STUDY_0357__Tripneustes_gratilla__Echinodermata__CO2491.00__T24.40__NC7,ZOO_COMMON_00623,-0.8222092151758214,0.2512315503680369
Alter et al. 2024,"Mos B, Dworjanyn SA, Mamo LT, Kelaher BP",2019,NA,NA,Zooplankton,Meroplankton,Echinodermata,Tripneustes gratilla,TpH,7,7,491,24.4,1006,26.7,Survival,positive,%,Survival,20.73,12.22337106,16.24,11.53547572,-0.244,0.1217,NA,NA,Yes,NA,NA,NA,,515,2.3000000000000007,Mos_B_Dworjanyn_SA_Mamo_LT_Kelaher_BP,NA,Tripneustes_gratilla,Echinodermata,2019,491,24.4,7,Mos_B_Dworjanyn_SA_Mamo_LT_Kelaher_BP__2019__NA,ZOO_STUDY_0357,ZOO_ES_000636,ZOO_STUDY_0357__Tripneustes_gratilla__Echinodermata__CO2491.00__T24.40__NC7,ZOO_COMMON_00623,-0.24410459171415638,0.12174669360797073
Alter et al. 2024,"Murray CS, Baumann H",2018,NA,NA,Zooplankton,Meroplankton,Fish larvae,Menidia menidia,TpH,5,20,345,19.7,4289,23.9,Survival,positive,%,Survival,96,0.9999696,69.75,2.756624603,-0.3194,1e-4,NA,NA,Yes,NA,NA,NA,,3944,4.199999999999999,Murray_CS_Baumann_H,NA,Menidia_menidia,Fish_larvae,2018,345,19.7,5,Murray_CS_Baumann_H__2018__NA,ZOO_STUDY_0366,ZOO_ES_000639,ZOO_STUDY_0366__Menidia_menidia__Fish_larvae__CO2345.00__T19.70__NC5,ZOO_COMMON_00634,-0.3194307707663612,9.979751633044374e-5
Alter et al. 2024,"Murray CS, Baumann H",2018,NA,NA,Zooplankton,Meroplankton,Fish larvae,Menidia menidia,TpH,5,25,345,19.7,1977,23.8,Survival,positive,%,Survival,96,0.9999696,76.4,3.388,-0.2284,1e-4,NA,NA,Yes,NA,NA,NA,,1632,4.100000000000001,Murray_CS_Baumann_H,NA,Menidia_menidia,Fish_larvae,2018,345,19.7,5,Murray_CS_Baumann_H__2018__NA,ZOO_STUDY_0366,ZOO_ES_000640,ZOO_STUDY_0366__Menidia_menidia__Fish_larvae__CO2345.00__T19.70__NC5,ZOO_COMMON_00634,-0.22836549529536135,1.0036118072789737e-4
Alter et al. 2024,"Murray CS, Baumann H",2018,NA,NA,Zooplankton,Meroplankton,Fish larvae,Menidia menidia,TpH,5,10,345,19.7,2328,28,Survival,positive,%,Survival,96,0.9999696,58,1.897366596,-0.5039,1e-4,NA,NA,Yes,NA,NA,NA,,1983,8.3,Murray_CS_Baumann_H,NA,Menidia_menidia,Fish_larvae,2018,345,19.7,5,Murray_CS_Baumann_H__2018__NA,ZOO_STUDY_0366,ZOO_ES_000643,ZOO_STUDY_0366__Menidia_menidia__Fish_larvae__CO2345.00__T19.70__NC5,ZOO_COMMON_00634,-0.503905180921417,1.2871552724145086e-4
Alter et al. 2024,"Murray CS, Baumann H",2018,NA,NA,Zooplankton,Meroplankton,Fish larvae,Menidia menidia,TpH,5,5,345,19.7,4720,28.2,Survival,positive,%,Survival,96,0.9999696,72,2.600099844,-0.2877,3e-4,NA,NA,Yes,NA,NA,NA,,4375,8.5,Murray_CS_Baumann_H,NA,Menidia_menidia,Fish_larvae,2018,345,19.7,5,Murray_CS_Baumann_H__2018__NA,ZOO_STUDY_0366,ZOO_ES_000645,ZOO_STUDY_0366__Menidia_menidia__Fish_larvae__CO2345.00__T19.70__NC5,ZOO_COMMON_00634,-0.2876820724517809,2.825225694170009e-4
Alter et al. 2024,"Murray CS, Baumann H",2018,NA,NA,Zooplankton,Meroplankton,Fish larvae,Menidia menidia,TpH,5,25,345,19.7,1977,23.8,Survival,positive,%,Survival,82,1.999939199,46.4,10.513,-0.5694,0.0022,NA,NA,Yes,NA,NA,NA,,1632,4.100000000000001,Murray_CS_Baumann_H,NA,Menidia_menidia,Fish_larvae,2018,345,19.7,5,Murray_CS_Baumann_H__2018__NA,ZOO_STUDY_0366,ZOO_ES_000649,ZOO_STUDY_0366__Menidia_menidia__Fish_larvae__CO2345.00__T19.70__NC5,ZOO_COMMON_00634,-0.5694197880320436,0.00217238753912043
Alter et al. 2024,"Murray CS, Baumann H",2018,NA,NA,Zooplankton,Meroplankton,Fish larvae,Menidia menidia,TpH,5,20,345,19.7,4289,23.9,Survival,positive,%,Survival,82,1.999939199,40.25,8.515841286,-0.7116,0.0024,NA,NA,Yes,NA,NA,NA,,3944,4.199999999999999,Murray_CS_Baumann_H,NA,Menidia_menidia,Fish_larvae,2018,345,19.7,5,Murray_CS_Baumann_H__2018__NA,ZOO_STUDY_0366,ZOO_ES_000650,ZOO_STUDY_0366__Menidia_menidia__Fish_larvae__CO2345.00__T19.70__NC5,ZOO_COMMON_00634,-0.7116092433996808,0.0023571410192449595
Alter et al. 2024,"Murray CS, Baumann H",2018,NA,NA,Zooplankton,Meroplankton,Fish larvae,Menidia menidia,TpH,5,10,345,19.7,2328,28,Survival,positive,%,Survival,82,1.999939199,27,5.692099788,-1.1109,0.0046,NA,NA,Yes,NA,NA,NA,,1983,8.3,Murray_CS_Baumann_H,NA,Menidia_menidia,Fish_larvae,2018,345,19.7,5,Murray_CS_Baumann_H__2018__NA,ZOO_STUDY_0366,ZOO_ES_000651,ZOO_STUDY_0366__Menidia_menidia__Fish_larvae__CO2345.00__T19.70__NC5,ZOO_COMMON_00634,-1.110882381259924,0.004563414009696808
Alter et al. 2024,"Murray CS, Baumann H",2018,NA,NA,Zooplankton,Meroplankton,Fish larvae,Menidia menidia,TpH,5,5,345,19.7,4720,28.2,Survival,positive,%,Survival,82,1.999939199,9,1.200097684,-2.2095,0.0037,NA,NA,Yes,NA,NA,NA,,4375,8.5,Murray_CS_Baumann_H,NA,Menidia_menidia,Fish_larvae,2018,345,19.7,5,Murray_CS_Baumann_H__2018__NA,ZOO_STUDY_0366,ZOO_ES_000653,ZOO_STUDY_0366__Menidia_menidia__Fish_larvae__CO2345.00__T19.70__NC5,ZOO_COMMON_00634,-2.209494669928034,0.0036751040129902636
Alter et al. 2024,"Murray CS, Baumann H",2018,NA,NA,Zooplankton,Meroplankton,Fish larvae,Menidia menidia,TpH,5,20,345,19.7,2192,23.8,Hatch length,positive,mm,Growth,5.55,0.027503636,5.1375,0.05098235,-0.0772,1e-4,NA,NA,Yes,NA,NA,NA,,1847,4.100000000000001,Murray_CS_Baumann_H,NA,Menidia_menidia,Fish_larvae,2018,345,19.7,5,Murray_CS_Baumann_H__2018__NA,ZOO_STUDY_0366,ZOO_ES_000657,ZOO_STUDY_0366__Menidia_menidia__Fish_larvae__CO2345.00__T19.70__NC5,ZOO_COMMON_00634,-0.07723134793599004,9.835478112826261e-6
Alter et al. 2024,"Murray CS, Baumann H",2018,NA,NA,Zooplankton,Meroplankton,Fish larvae,Menidia menidia,TpH,5,10,345,19.7,4386,23.9,Hatch length,positive,mm,Growth,5.55,0.027503636,5.025,0.037314876,-0.0994,1e-4,NA,NA,Yes,NA,NA,NA,,4041,4.199999999999999,Murray_CS_Baumann_H,NA,Menidia_menidia,Fish_larvae,2018,345,19.7,5,Murray_CS_Baumann_H__2018__NA,ZOO_STUDY_0366,ZOO_ES_000658,ZOO_STUDY_0366__Menidia_menidia__Fish_larvae__CO2345.00__T19.70__NC5,ZOO_COMMON_00634,-0.0993724738132036,1.0425933110238732e-5
Alter et al. 2024,"Murray CS, Baumann H",2018,NA,NA,Zooplankton,Meroplankton,Fish larvae,Menidia menidia,TpH,5,10,345,19.7,2328,28,Hatch length,positive,mm,Growth,5.55,0.027503636,4.655,0.033520143,-0.1759,1e-4,NA,NA,Yes,NA,NA,NA,,1983,8.3,Murray_CS_Baumann_H,NA,Menidia_menidia,Fish_larvae,2018,345,19.7,5,Murray_CS_Baumann_H__2018__NA,ZOO_STUDY_0366,ZOO_ES_000660,ZOO_STUDY_0366__Menidia_menidia__Fish_larvae__CO2345.00__T19.70__NC5,ZOO_COMMON_00634,-0.17585601702931264,1.0096895967679695e-5
Alter et al. 2024,"Murray CS, Baumann H",2018,NA,NA,Zooplankton,Meroplankton,Fish larvae,Menidia menidia,TpH,5,5,345,19.7,4720,28.2,Hatch length,positive,mm,Growth,5.55,0.027503636,4.7,0.012521981,-0.1662,1e-4,NA,NA,Yes,NA,NA,NA,,4375,8.5,Murray_CS_Baumann_H,NA,Menidia_menidia,Fish_larvae,2018,345,19.7,5,Murray_CS_Baumann_H__2018__NA,ZOO_STUDY_0366,ZOO_ES_000661,ZOO_STUDY_0366__Menidia_menidia__Fish_larvae__CO2345.00__T19.70__NC5,ZOO_COMMON_00634,-0.16623541904233022,6.331261245968954e-6
Alter et al. 2024,"Murray CS, Baumann H",2018,NA,NA,Zooplankton,Meroplankton,Fish larvae,Menidia menidia,TpH,5,10,345,19.7,2328,28,Growth rate,positive,mm d-1,Growth,0.33,0.00491935,0.43,0.021503488,0.2647,3e-4,NA,NA,Yes,NA,NA,NA,,1983,8.3,Murray_CS_Baumann_H,NA,Menidia_menidia,Fish_larvae,2018,345,19.7,5,Murray_CS_Baumann_H__2018__NA,ZOO_STUDY_0366,ZOO_ES_000663,ZOO_STUDY_0366__Menidia_menidia__Fish_larvae__CO2345.00__T19.70__NC5,ZOO_COMMON_00634,0.26469255422708216,2.945255754254954e-4
Alter et al. 2024,"Murray CS, Baumann H",2018,NA,NA,Zooplankton,Meroplankton,Fish larvae,Menidia menidia,TpH,5,5,345,19.7,4720,28.2,Growth rate,positive,mm d-1,Growth,0.33,0.00491935,0.38,0.019901005,0.1411,6e-4,NA,NA,Yes,NA,NA,NA,,4375,8.5,Murray_CS_Baumann_H,NA,Menidia_menidia,Fish_larvae,2018,345,19.7,5,Murray_CS_Baumann_H__2018__NA,ZOO_STUDY_0366,ZOO_ES_000665,ZOO_STUDY_0366__Menidia_menidia__Fish_larvae__CO2345.00__T19.70__NC5,ZOO_COMMON_00634,0.14107859825990543,5.92990158951651e-4
Alter et al. 2024,"Murray CS, Baumann H",2018,NA,NA,Zooplankton,Meroplankton,Fish larvae,Menidia menidia,TpH,5,20,345,19.7,2192,23.8,Growth rate,positive,mm d-1,Growth,0.33,0.00491935,0.36,0.019230185,0.087,2e-4,NA,NA,Yes,NA,NA,NA,,1847,4.100000000000001,Murray_CS_Baumann_H,NA,Menidia_menidia,Fish_larvae,2018,345,19.7,5,Murray_CS_Baumann_H__2018__NA,ZOO_STUDY_0366,ZOO_ES_000666,ZOO_STUDY_0366__Menidia_menidia__Fish_larvae__CO2345.00__T19.70__NC5,ZOO_COMMON_00634,0.0870113769896297,1.8711421149181597e-4
Alter et al. 2024,"Murray CS, Baumann H",2018,NA,NA,Zooplankton,Meroplankton,Fish larvae,Menidia menidia,TpH,5,10,345,19.7,4386,23.9,Growth rate,positive,mm d-1,Growth,0.33,0.00491935,0.35,0.017708755,0.0588,3e-4,NA,NA,Yes,NA,NA,NA,,4041,4.199999999999999,Murray_CS_Baumann_H,NA,Menidia_menidia,Fish_larvae,2018,345,19.7,5,Murray_CS_Baumann_H__2018__NA,ZOO_STUDY_0366,ZOO_ES_000667,ZOO_STUDY_0366__Menidia_menidia__Fish_larvae__CO2345.00__T19.70__NC5,ZOO_COMMON_00634,0.058840500022933395,3.004444555461871e-4
Alter et al. 2024,"Murray CS, Wiley D, Baumann H",2019,NA,NA,Zooplankton,Meroplankton,Fish larvae,Ammodytes dubius,TpH,38,40,385,4.9,1076,7,Hatch length,positive,mm,Growth,5.47,0.3082207,5.22,0.199855948,-0.0468,1e-4,NA,NA,Yes,NA,NA,NA,,691,2.0999999999999996,Murray_CS_Wiley_D_Baumann_H,NA,Ammodytes_dubius,Fish_larvae,2019,385,4.9,38,Murray_CS_Wiley_D_Baumann_H__2019__NA,ZOO_STUDY_0367,ZOO_ES_000671,ZOO_STUDY_0367__Ammodytes_dubius__Fish_larvae__CO2385.00__T4.90__NC38,ZOO_COMMON_00635,-0.046781214539342524,1.2020019168998209e-4
Alter et al. 2024,"Murray CS, Wiley D, Baumann H",2019,NA,NA,Zooplankton,Meroplankton,Fish larvae,Ammodytes dubius,TpH,38,48,385,4.9,2155,7.2,Hatch length,positive,mm,Growth,5.47,0.3082207,5.12,0.220316863,-0.0661,1e-4,NA,NA,Yes,NA,NA,NA,,1770,2.3,Murray_CS_Wiley_D_Baumann_H,NA,Ammodytes_dubius,Fish_larvae,2019,385,4.9,38,Murray_CS_Wiley_D_Baumann_H__2019__NA,ZOO_STUDY_0367,ZOO_ES_000672,ZOO_STUDY_0367__Ammodytes_dubius__Fish_larvae__CO2385.00__T4.90__NC38,ZOO_COMMON_00635,-0.06612417738247331,1.221293810668711e-4
Alter et al. 2024,"Murray CS, Wiley D, Baumann H",2019,NA,NA,Zooplankton,Meroplankton,Fish larvae,Ammodytes dubius,TpH,38,32,386,4.9,1051,9.7,Hatch length,positive,mm,Growth,5.47,0.3082207,5.34,0.230233968,-0.0241,1e-4,NA,NA,Yes,NA,NA,NA,,665,4.799999999999999,Murray_CS_Wiley_D_Baumann_H,NA,Ammodytes_dubius,Fish_larvae,2019,386,4.9,38,Murray_CS_Wiley_D_Baumann_H__2019__NA,ZOO_STUDY_0367,ZOO_ES_000675,ZOO_STUDY_0367__Ammodytes_dubius__Fish_larvae__CO2386.00__T4.90__NC38,ZOO_COMMON_00636,-0.024052963461786304,1.416442955118965e-4
Alter et al. 2024,"Murray CS, Wiley D, Baumann H",2019,NA,NA,Zooplankton,Meroplankton,Fish larvae,Ammodytes dubius,TpH,38,24,387,4.9,2056,9.5,Hatch length,positive,mm,Growth,5.47,0.3082207,5.23,0.290019586,-0.0449,2e-4,NA,NA,Yes,NA,NA,NA,,1669,4.6,Murray_CS_Wiley_D_Baumann_H,NA,Ammodytes_dubius,Fish_larvae,2019,387,4.9,38,Murray_CS_Wiley_D_Baumann_H__2019__NA,ZOO_STUDY_0367,ZOO_ES_000677,ZOO_STUDY_0367__Ammodytes_dubius__Fish_larvae__CO2387.00__T4.90__NC38,ZOO_COMMON_00637,-0.04486733835705816,2.11680453277432e-4
Alter et al. 2024,"Murray CS, Wiley D, Baumann H",2019,NA,NA,Zooplankton,Meroplankton,Fish larvae,Ammodytes dubius,TpH,38,40,385,4.9,1076,7,Yolk sac area,ambiguous,mm2,Development,0.167,0.06164414,0.148,0.029092954,-0.1208,0.0025,NA,NA,Yes,NA,NA,NA,,691,2.0999999999999996,Murray_CS_Wiley_D_Baumann_H,NA,Ammodytes_dubius,Fish_larvae,2019,385,4.9,38,Murray_CS_Wiley_D_Baumann_H__2019__NA,ZOO_STUDY_0367,ZOO_ES_000679,ZOO_STUDY_0367__Ammodytes_dubius__Fish_larvae__CO2385.00__T4.90__NC38,ZOO_COMMON_00635,-0.12078153865264019,0.0045516766513536665
Alter et al. 2024,"Murray CS, Wiley D, Baumann H",2019,NA,NA,Zooplankton,Meroplankton,Fish larvae,Ammodytes dubius,TpH,38,48,385,4.9,2155,7.2,Yolk sac area,ambiguous,mm2,Development,0.167,0.06164414,0.139,0.049190243,-0.1835,0.0042,NA,NA,Yes,NA,NA,NA,,1770,2.3,Murray_CS_Wiley_D_Baumann_H,NA,Ammodytes_dubius,Fish_larvae,2019,385,4.9,38,Murray_CS_Wiley_D_Baumann_H__2019__NA,ZOO_STUDY_0367,ZOO_ES_000681,ZOO_STUDY_0367__Ammodytes_dubius__Fish_larvae__CO2385.00__T4.90__NC38,ZOO_COMMON_00635,-0.18351987928606334,0.006194721293595169
Alter et al. 2024,"Murray CS, Wiley D, Baumann H",2019,NA,NA,Zooplankton,Meroplankton,Fish larvae,Ammodytes dubius,TpH,38,32,386,4.9,1051,9.7,Yolk sac area,ambiguous,mm2,Development,0.167,0.06164414,0.114,0.040163665,-0.3818,0.0054,NA,NA,Yes,NA,NA,NA,,665,4.799999999999999,Murray_CS_Wiley_D_Baumann_H,NA,Ammodytes_dubius,Fish_larvae,2019,386,4.9,38,Murray_CS_Wiley_D_Baumann_H__2019__NA,ZOO_STUDY_0367,ZOO_ES_000682,ZOO_STUDY_0367__Ammodytes_dubius__Fish_larvae__CO2386.00__T4.90__NC38,ZOO_COMMON_00636,-0.3817953640222597,0.007464528859546368
Alter et al. 2024,"Murray CS, Wiley D, Baumann H",2019,NA,NA,Zooplankton,Meroplankton,Fish larvae,Ammodytes dubius,TpH,38,24,387,4.9,2056,9.5,Yolk sac area,ambiguous,mm2,Development,0.167,0.06164414,0.123,0.064176631,-0.3058,0.0129,NA,NA,Yes,NA,NA,NA,,1669,4.6,Murray_CS_Wiley_D_Baumann_H,NA,Ammodytes_dubius,Fish_larvae,2019,387,4.9,38,Murray_CS_Wiley_D_Baumann_H__2019__NA,ZOO_STUDY_0367,ZOO_ES_000683,ZOO_STUDY_0367__Ammodytes_dubius__Fish_larvae__CO2387.00__T4.90__NC38,ZOO_COMMON_00637,-0.3058094570443377,0.014928758859582366
Alter et al. 2024,"Padilla-Gamiño JL, Kelly MW, Evans TJ, Hofmann GE",2013,NA,NA,Zooplankton,Meroplankton,Echinodermata,Strongylocentrotus purpuratus,TpH,6,6,397,13.6,1181,18.4,Respiration,ambiguous,pmol O2/hr/larva,Physiology,8.23,1.347219359,9.8,2.106561179,0.175,0.0122,NA,NA,Yes,NA,NA,NA,,784,4.799999999999999,Padilla_Gami_o_JL_Kelly_MW_Evans_TJ_Hofmann_GE,NA,Strongylocentrotus_purpuratus,Echinodermata,2013,397,13.6,6,Padilla_Gami_o_JL_Kelly_MW_Evans_TJ_Hofmann_GE__2013__NA,ZOO_STUDY_0391,ZOO_ES_000691,ZOO_STUDY_0391__Strongylocentrotus_purpuratus__Echinodermata__CO2397.00__T13.60__NC6,ZOO_COMMON_00675,0.1745963709875478,0.012167029818211678
Alter et al. 2024,"Pansch C, Nasrolahi A, Appelhans YS, Wahl M",2012,NA,NA,Zooplankton,Meroplankton,Arthropoda,Amphibalanus improvisus,TpH,6,6,414,19.6,1186,26.9,settlement,positive,%,Development,24.65,17.66082105,16.63,6.393168229,-0.393,0.1102,NA,NA,Yes,NA,NA,NA,,772,7.299999999999997,Pansch_C_Nasrolahi_A_Appelhans_YS_Wahl_M,NA,Amphibalanus_improvisus,Arthropoda,2012,414,19.6,6,Pansch_C_Nasrolahi_A_Appelhans_YS_Wahl_M__2012__NA,ZOO_STUDY_0394,ZOO_ES_000700,ZOO_STUDY_0394__Amphibalanus_improvisus__Arthropoda__CO2414.00__T19.60__NC6,ZOO_COMMON_00680,-0.39356860728386284,0.11018510433426251
Alter et al. 2024,"Pansch C, Nasrolahi A, Appelhans YS, Wahl M",2012,NA,NA,Zooplankton,Meroplankton,Arthropoda,Amphibalanus improvisus,TpH,6,6,414,19.6,3110,26.9,larval duration,ambiguous,days,Development,17.62,4.237617255,13.82,5.070443768,-0.243,0.0321,NA,NA,Yes,NA,NA,NA,,2696,7.299999999999997,Pansch_C_Nasrolahi_A_Appelhans_YS_Wahl_M,NA,Amphibalanus_improvisus,Arthropoda,2012,414,19.6,6,Pansch_C_Nasrolahi_A_Appelhans_YS_Wahl_M__2012__NA,ZOO_STUDY_0394,ZOO_ES_000701,ZOO_STUDY_0394__Amphibalanus_improvisus__Arthropoda__CO2414.00__T19.60__NC6,ZOO_COMMON_00680,-0.24291780216850967,0.032074998791207565
Alter et al. 2024,"Pansch C, Nasrolahi A, Appelhans YS, Wahl M",2012,NA,NA,Zooplankton,Meroplankton,Arthropoda,Amphibalanus improvisus,TpH,6,6,414,19.6,3110,26.9,settlement,positive,%,Development,24.65,17.66082105,19.64,16.68102515,-0.227,0.206,NA,NA,Yes,NA,NA,NA,,2696,7.299999999999997,Pansch_C_Nasrolahi_A_Appelhans_YS_Wahl_M,NA,Amphibalanus_improvisus,Arthropoda,2012,414,19.6,6,Pansch_C_Nasrolahi_A_Appelhans_YS_Wahl_M__2012__NA,ZOO_STUDY_0394,ZOO_ES_000702,ZOO_STUDY_0394__Amphibalanus_improvisus__Arthropoda__CO2414.00__T19.60__NC6,ZOO_COMMON_00680,-0.22720859756237924,0.20578284333644642
Alter et al. 2024,"Pansch C, Nasrolahi A, Appelhans YS, Wahl M",2012,NA,NA,Zooplankton,Meroplankton,Arthropoda,Amphibalanus improvisus,TpH,6,6,414,19.6,1186,26.9,larval duration,ambiguous,days,Development,17.62,4.237617255,15.43,4.800999896,-0.133,0.0257,NA,NA,Yes,NA,NA,NA,,772,7.299999999999997,Pansch_C_Nasrolahi_A_Appelhans_YS_Wahl_M,NA,Amphibalanus_improvisus,Arthropoda,2012,414,19.6,6,Pansch_C_Nasrolahi_A_Appelhans_YS_Wahl_M__2012__NA,ZOO_STUDY_0394,ZOO_ES_000703,ZOO_STUDY_0394__Amphibalanus_improvisus__Arthropoda__CO2414.00__T19.60__NC6,ZOO_COMMON_00680,-0.13272095413296403,0.025775495276097588
Alter et al. 2024,"Pansch C, Nasrolahi A, Appelhans YS, Wahl M",2012,NA,NA,Zooplankton,Meroplankton,Arthropoda,Amphibalanus improvisus,TpH,6,6,414,19.6,3110,26.9,Survival,positive,%,Survival,54.22,13.76613235,32.93,12.78633646,-0.499,0.0359,NA,NA,Yes,NA,NA,NA,,2696,7.299999999999997,Pansch_C_Nasrolahi_A_Appelhans_YS_Wahl_M,NA,Amphibalanus_improvisus,Arthropoda,2012,414,19.6,6,Pansch_C_Nasrolahi_A_Appelhans_YS_Wahl_M__2012__NA,ZOO_STUDY_0394,ZOO_ES_000704,ZOO_STUDY_0394__Amphibalanus_improvisus__Arthropoda__CO2414.00__T19.60__NC6,ZOO_COMMON_00680,-0.4986657476822466,0.03587167145039625
Alter et al. 2024,"Pansch C, Nasrolahi A, Appelhans YS, Wahl M",2012,NA,NA,Zooplankton,Meroplankton,Arthropoda,Amphibalanus improvisus,TpH,6,6,414,19.6,1186,26.9,Survival,positive,%,Survival,54.22,13.76613235,34.14,9.846948766,-0.463,0.0246,NA,NA,Yes,NA,NA,NA,,772,7.299999999999997,Pansch_C_Nasrolahi_A_Appelhans_YS_Wahl_M,NA,Amphibalanus_improvisus,Arthropoda,2012,414,19.6,6,Pansch_C_Nasrolahi_A_Appelhans_YS_Wahl_M__2012__NA,ZOO_STUDY_0394,ZOO_ES_000705,ZOO_STUDY_0394__Amphibalanus_improvisus__Arthropoda__CO2414.00__T19.60__NC6,ZOO_COMMON_00680,-0.46258012670422494,0.024608859328801254
Alter et al. 2024,"Parker, Ross, O'Connor",2010,NA,NA,Zooplankton,Meroplankton,Mollusca,Crassostrea gigas,TpH,3,3,375,18,600,22,Abnormalities,positive,%,Development,22.01,4.95366531,30.1,0.98726896,-0.11,0.0014,NA,NA,Yes,NA,NA,NA,,225,4,Parker_Ross_O_Connor,NA,Crassostrea_gigas,Mollusca,2010,375,18,3,Parker_Ross_O_Connor__2010__NA,ZOO_STUDY_0399,ZOO_ES_000723,ZOO_STUDY_0399__Crassostrea_gigas__Mollusca__CO2375.00__T18.00__NC3,ZOO_COMMON_00691,0.3130282762164598,0.017243252148083293
Alter et al. 2024,"Parker, Ross, O'Connor",2010,NA,NA,Zooplankton,Meroplankton,Mollusca,Crassostrea gigas,TpH,3,3,375,18,750,26,Abnormalities,positive,%,Development,22.01,4.95366531,35.62,2.961806881,-0.192,0.002,NA,NA,Yes,NA,NA,NA,,375,8,Parker_Ross_O_Connor,NA,Crassostrea_gigas,Mollusca,2010,375,18,3,Parker_Ross_O_Connor__2010__NA,ZOO_STUDY_0399,ZOO_ES_000724,ZOO_STUDY_0399__Crassostrea_gigas__Mollusca__CO2375.00__T18.00__NC3,ZOO_COMMON_00691,0.48141038232314515,0.019189293708016215
Alter et al. 2024,"Parker, Ross, O'Connor",2010,NA,NA,Zooplankton,Meroplankton,Mollusca,Crassostrea gigas,TpH,3,3,375,18,600,26,Abnormalities,positive,%,Development,22.01,4.95366531,35.88,1.974537921,-0.196,0.0017,NA,NA,Yes,NA,NA,NA,,225,8,Parker_Ross_O_Connor,NA,Crassostrea_gigas,Mollusca,2010,375,18,3,Parker_Ross_O_Connor__2010__NA,ZOO_STUDY_0399,ZOO_ES_000725,ZOO_STUDY_0399__Crassostrea_gigas__Mollusca__CO2375.00__T18.00__NC3,ZOO_COMMON_00691,0.48868314165222504,0.017894143373354342
Alter et al. 2024,"Parker, Ross, O'Connor",2010,NA,NA,Zooplankton,Meroplankton,Mollusca,Crassostrea gigas,TpH,3,3,375,18,750,22,Abnormalities,positive,%,Development,22.01,4.95366531,37.54,3.966396349,-0.222,0.0027,NA,NA,Yes,NA,NA,NA,,375,4,Parker_Ross_O_Connor,NA,Crassostrea_gigas,Mollusca,2010,375,18,3,Parker_Ross_O_Connor__2010__NA,ZOO_STUDY_0399,ZOO_ES_000726,ZOO_STUDY_0399__Crassostrea_gigas__Mollusca__CO2375.00__T18.00__NC3,ZOO_COMMON_00691,0.5339101356199923,0.020605841828843206
Alter et al. 2024,"Parker, Ross, O'Connor",2010,NA,NA,Zooplankton,Meroplankton,Mollusca,Saccostrea glomerata,TpH,3,3,375,18,600,26,Abnormalities,positive,%,Development,40.87,3.966396349,41.03,1.974537921,-0.003,0.0019,NA,NA,Yes,NA,NA,NA,,225,8,Parker_Ross_O_Connor,NA,Saccostrea_glomerata,Mollusca,2010,375,18,3,Parker_Ross_O_Connor__2010__NA,ZOO_STUDY_0399,ZOO_ES_000727,ZOO_STUDY_0399__Saccostrea_glomerata__Mollusca__CO2375.00__T18.00__NC3,ZOO_COMMON_00692,0.003907208877908784,0.003911489789547759
Alter et al. 2024,"Parker, Ross, O'Connor",2010,NA,NA,Zooplankton,Meroplankton,Mollusca,Crassostrea gigas,TpH,3,3,375,18,1000,26,Abnormalities,positive,%,Development,22.01,4.95366531,41.92,0.502294734,-0.295,0.0014,NA,NA,Yes,NA,NA,NA,,625,8,Parker_Ross_O_Connor,NA,Crassostrea_gigas,Mollusca,2010,375,18,3,Parker_Ross_O_Connor__2010__NA,ZOO_STUDY_0399,ZOO_ES_000728,ZOO_STUDY_0399__Crassostrea_gigas__Mollusca__CO2375.00__T18.00__NC3,ZOO_COMMON_00691,0.6442661444744164,0.016932504713924466
Alter et al. 2024,"Parker, Ross, O'Connor",2010,NA,NA,Zooplankton,Meroplankton,Mollusca,Crassostrea gigas,TpH,3,3,375,18,1000,22,Abnormalities,positive,%,Development,22.01,4.95366531,44.42,3.464101615,-0.339,0.0026,NA,NA,Yes,NA,NA,NA,,625,4,Parker_Ross_O_Connor,NA,Crassostrea_gigas,Mollusca,2010,375,18,3,Parker_Ross_O_Connor__2010__NA,ZOO_STUDY_0399,ZOO_ES_000729,ZOO_STUDY_0399__Crassostrea_gigas__Mollusca__CO2375.00__T18.00__NC3,ZOO_COMMON_00691,0.7021929229279111,0.018911876173779287
Alter et al. 2024,"Parker, Ross, O'Connor",2010,NA,NA,Zooplankton,Meroplankton,Mollusca,Saccostrea glomerata,TpH,3,3,375,18,600,22,Abnormalities,positive,%,Development,40.87,3.966396349,46.67,3.464101615,-0.103,0.0029,NA,NA,Yes,NA,NA,NA,,225,4,Parker_Ross_O_Connor,NA,Saccostrea_glomerata,Mollusca,2010,375,18,3,Parker_Ross_O_Connor__2010__NA,ZOO_STUDY_0399,ZOO_ES_000730,ZOO_STUDY_0399__Saccostrea_glomerata__Mollusca__CO2375.00__T18.00__NC3,ZOO_COMMON_00692,0.1327052623855384,0.004975981018877855
Alter et al. 2024,"Parker, Ross, O'Connor",2010,NA,NA,Zooplankton,Meroplankton,Mollusca,Saccostrea glomerata,TpH,3,3,375,18,750,22,Abnormalities,positive,%,Development,40.87,3.966396349,55.83,2.476832655,-0.292,0.0025,NA,NA,Yes,NA,NA,NA,,375,4,Parker_Ross_O_Connor,NA,Saccostrea_glomerata,Mollusca,2010,375,18,3,Parker_Ross_O_Connor__2010__NA,ZOO_STUDY_0399,ZOO_ES_000731,ZOO_STUDY_0399__Saccostrea_glomerata__Mollusca__CO2375.00__T18.00__NC3,ZOO_COMMON_00692,0.3119150617460831,0.0037955585056223904
Alter et al. 2024,"Parker, Ross, O'Connor",2010,NA,NA,Zooplankton,Meroplankton,Mollusca,Saccostrea glomerata,TpH,3,3,375,18,750,26,Abnormalities,positive,%,Development,40.87,3.966396349,55.91,4.95366531,-0.293,0.0057,NA,NA,Yes,NA,NA,NA,,375,8,Parker_Ross_O_Connor,NA,Saccostrea_glomerata,Mollusca,2010,375,18,3,Parker_Ross_O_Connor__2010__NA,ZOO_STUDY_0399,ZOO_ES_000732,ZOO_STUDY_0399__Saccostrea_glomerata__Mollusca__CO2375.00__T18.00__NC3,ZOO_COMMON_00692,0.313346957462368,0.005756203550638632
Alter et al. 2024,"Parker, Ross, O'Connor",2010,NA,NA,Zooplankton,Meroplankton,Mollusca,Saccostrea glomerata,TpH,3,3,375,18,1000,26,Abnormalities,positive,%,Development,40.87,3.966396349,61.07,2.979127389,-0.418,0.0034,NA,NA,Yes,NA,NA,NA,,625,8,Parker_Ross_O_Connor,NA,Saccostrea_glomerata,Mollusca,2010,375,18,3,Parker_Ross_O_Connor__2010__NA,ZOO_STUDY_0399,ZOO_ES_000733,ZOO_STUDY_0399__Saccostrea_glomerata__Mollusca__CO2375.00__T18.00__NC3,ZOO_COMMON_00692,0.4016244496588575,0.003932742199914009
Alter et al. 2024,"Parker, Ross, O'Connor",2010,NA,NA,Zooplankton,Meroplankton,Mollusca,Saccostrea glomerata,TpH,3,3,375,18,1000,22,Abnormalities,positive,%,Development,40.87,3.966396349,91.57,7.430497964,-1.947,0.2596,NA,NA,Yes,NA,NA,NA,,625,4,Parker_Ross_O_Connor,NA,Saccostrea_glomerata,Mollusca,2010,375,18,3,Parker_Ross_O_Connor__2010__NA,ZOO_STUDY_0399,ZOO_ES_000734,ZOO_STUDY_0399__Saccostrea_glomerata__Mollusca__CO2375.00__T18.00__NC3,ZOO_COMMON_00692,0.8067074095434548,0.005334375420063905
Alter et al. 2024,"Parker, Ross, O'Connor",2010,NA,NA,Zooplankton,Meroplankton,Mollusca,Saccostrea glomerata,TpH,3,3,375,18,1000,22,Fertilization success,positive,%,Reproduction,55.2,3.897114317,49.16,1.957217413,-0.116,0.0022,NA,NA,Yes,NA,NA,NA,,625,4,Parker_Ross_O_Connor,NA,Saccostrea_glomerata,Mollusca,2010,375,18,3,Parker_Ross_O_Connor__2010__NA,ZOO_STUDY_0399,ZOO_ES_000735,ZOO_STUDY_0399__Saccostrea_glomerata__Mollusca__CO2375.00__T18.00__NC3,ZOO_COMMON_00692,-0.11588266858521568,0.0021898123895969937
Alter et al. 2024,"Parker, Ross, O'Connor",2010,NA,NA,Zooplankton,Meroplankton,Mollusca,Saccostrea glomerata,TpH,3,3,375,18,750,22,Fertilization success,positive,%,Reproduction,55.2,3.897114317,52.84,4.884383277,-0.044,0.0045,NA,NA,Yes,NA,NA,NA,,375,4,Parker_Ross_O_Connor,NA,Saccostrea_glomerata,Mollusca,2010,375,18,3,Parker_Ross_O_Connor__2010__NA,ZOO_STUDY_0399,ZOO_ES_000736,ZOO_STUDY_0399__Saccostrea_glomerata__Mollusca__CO2375.00__T18.00__NC3,ZOO_COMMON_00692,-0.04369447362892507,0.004509662368793299
Alter et al. 2024,"Parker, Ross, O'Connor",2010,NA,NA,Zooplankton,Meroplankton,Mollusca,Saccostrea glomerata,TpH,3,3,375,18,600,22,Fertilization success,positive,%,Reproduction,55.2,3.897114317,55.67,6.824280182,0.009,0.0067,NA,NA,Yes,NA,NA,NA,,225,4,Parker_Ross_O_Connor,NA,Saccostrea_glomerata,Mollusca,2010,375,18,3,Parker_Ross_O_Connor__2010__NA,ZOO_STUDY_0399,ZOO_ES_000737,ZOO_STUDY_0399__Saccostrea_glomerata__Mollusca__CO2375.00__T18.00__NC3,ZOO_COMMON_00692,0.008478448912366732,0.006670436600782497
Alter et al. 2024,"Parker, Ross, O'Connor",2010,NA,NA,Zooplankton,Meroplankton,Mollusca,Crassostrea gigas,TpH,3,3,375,18,1000,26,Fertilization success,positive,%,Reproduction,86.8,5.352036995,58.43,4.867062769,-0.396,0.0036,NA,NA,Yes,NA,NA,NA,,625,8,Parker_Ross_O_Connor,NA,Crassostrea_gigas,Mollusca,2010,375,18,3,Parker_Ross_O_Connor__2010__NA,ZOO_STUDY_0399,ZOO_ES_000738,ZOO_STUDY_0399__Crassostrea_gigas__Mollusca__CO2375.00__T18.00__NC3,ZOO_COMMON_00691,-0.3957771650999588,0.003580109228412667
Alter et al. 2024,"Parker, Ross, O'Connor",2010,NA,NA,Zooplankton,Meroplankton,Mollusca,Saccostrea glomerata,TpH,3,3,375,18,1000,26,Fertilization success,positive,%,Reproduction,55.2,3.897114317,60.36,3.412140091,0.089,0.0027,NA,NA,Yes,NA,NA,NA,,625,8,Parker_Ross_O_Connor,NA,Saccostrea_glomerata,Mollusca,2010,375,18,3,Parker_Ross_O_Connor__2010__NA,ZOO_STUDY_0399,ZOO_ES_000739,ZOO_STUDY_0399__Saccostrea_glomerata__Mollusca__CO2375.00__T18.00__NC3,ZOO_COMMON_00692,0.08936368061659854,0.002726655434706989
Alter et al. 2024,"Parker, Ross, O'Connor",2010,NA,NA,Zooplankton,Meroplankton,Mollusca,Crassostrea gigas,TpH,3,3,375,18,1000,22,Fertilization success,positive,%,Reproduction,86.8,5.352036995,61.8,7.776908126,-0.34,0.0066,NA,NA,Yes,NA,NA,NA,,625,4,Parker_Ross_O_Connor,NA,Crassostrea_gigas,Mollusca,2010,375,18,3,Parker_Ross_O_Connor__2010__NA,ZOO_STUDY_0399,ZOO_ES_000740,ZOO_STUDY_0399__Crassostrea_gigas__Mollusca__CO2375.00__T18.00__NC3,ZOO_COMMON_00691,-0.3397032572026594,0.006545857652936064
Alter et al. 2024,"Parker, Ross, O'Connor",2010,NA,NA,Zooplankton,Meroplankton,Mollusca,Crassostrea gigas,TpH,3,3,375,18,750,22,Fertilization success,positive,%,Reproduction,86.8,5.352036995,63.2,5.837011222,-0.317,0.0041,NA,NA,Yes,NA,NA,NA,,375,4,Parker_Ross_O_Connor,NA,Crassostrea_gigas,Mollusca,2010,375,18,3,Parker_Ross_O_Connor__2010__NA,ZOO_STUDY_0399,ZOO_ES_000741,ZOO_STUDY_0399__Crassostrea_gigas__Mollusca__CO2375.00__T18.00__NC3,ZOO_COMMON_00691,-0.31730232051349266,0.004110613758933224
Alter et al. 2024,"Parker, Ross, O'Connor",2010,NA,NA,Zooplankton,Meroplankton,Mollusca,Crassostrea gigas,TpH,3,3,375,18,750,26,Fertilization success,positive,%,Reproduction,86.8,5.352036995,65.17,6.321985448,-0.287,0.0044,NA,NA,Yes,NA,NA,NA,,375,8,Parker_Ross_O_Connor,NA,Crassostrea_gigas,Mollusca,2010,375,18,3,Parker_Ross_O_Connor__2010__NA,ZOO_STUDY_0399,ZOO_ES_000742,ZOO_STUDY_0399__Crassostrea_gigas__Mollusca__CO2375.00__T18.00__NC3,ZOO_COMMON_00691,-0.2866073813220154,0.004404119352606587
Alter et al. 2024,"Parker, Ross, O'Connor",2010,NA,NA,Zooplankton,Meroplankton,Mollusca,Saccostrea glomerata,TpH,3,3,375,18,750,26,Fertilization success,positive,%,Reproduction,55.2,3.897114317,65.73,2.927165865,0.175,0.0023,NA,NA,Yes,NA,NA,NA,,375,8,Parker_Ross_O_Connor,NA,Saccostrea_glomerata,Mollusca,2010,375,18,3,Parker_Ross_O_Connor__2010__NA,ZOO_STUDY_0399,ZOO_ES_000743,ZOO_STUDY_0399__Saccostrea_glomerata__Mollusca__CO2375.00__T18.00__NC3,ZOO_COMMON_00692,0.17459248899243526,0.0023225165025166097
Alter et al. 2024,"Parker, Ross, O'Connor",2010,NA,NA,Zooplankton,Meroplankton,Mollusca,Crassostrea gigas,TpH,3,3,375,18,600,22,Fertilization success,positive,%,Reproduction,86.8,5.352036995,71.91,1.939896904,-0.188,0.0015,NA,NA,Yes,NA,NA,NA,,225,4,Parker_Ross_O_Connor,NA,Crassostrea_gigas,Mollusca,2010,375,18,3,Parker_Ross_O_Connor__2010__NA,ZOO_STUDY_0399,ZOO_ES_000744,ZOO_STUDY_0399__Crassostrea_gigas__Mollusca__CO2375.00__T18.00__NC3,ZOO_COMMON_00691,-0.18819128455190184,0.0015098757614928704
Alter et al. 2024,"Parker, Ross, O'Connor",2010,NA,NA,Zooplankton,Meroplankton,Mollusca,Saccostrea glomerata,TpH,3,3,375,18,600,26,Fertilization success,positive,%,Reproduction,55.2,3.897114317,74.19,3.897114317,0.296,0.0026,NA,NA,Yes,NA,NA,NA,,225,8,Parker_Ross_O_Connor,NA,Saccostrea_glomerata,Mollusca,2010,375,18,3,Parker_Ross_O_Connor__2010__NA,ZOO_STUDY_0399,ZOO_ES_000745,ZOO_STUDY_0399__Saccostrea_glomerata__Mollusca__CO2375.00__T18.00__NC3,ZOO_COMMON_00692,0.2956664169183849,0.002581208012661723
Alter et al. 2024,"Parker, Ross, O'Connor",2010,NA,NA,Zooplankton,Meroplankton,Mollusca,Crassostrea gigas,TpH,3,3,375,18,600,26,Fertilization success,positive,%,Reproduction,86.8,5.352036995,74.72,1.454922678,-0.15,0.0014,NA,NA,Yes,NA,NA,NA,,225,8,Parker_Ross_O_Connor,NA,Crassostrea_gigas,Mollusca,2010,375,18,3,Parker_Ross_O_Connor__2010__NA,ZOO_STUDY_0399,ZOO_ES_000746,ZOO_STUDY_0399__Crassostrea_gigas__Mollusca__CO2375.00__T18.00__NC3,ZOO_COMMON_00691,-0.14985882774571727,0.0013936762684461567
Alter et al. 2024,"Pecorino D, Barker MF, Dworjanyn SA, Byrne M, Lamare MD",2014,NA,NA,Zooplankton,Meroplankton,Echinodermata,Centrostephanus rodgersii,TpH,200,200,506,21,1867,24,Hatching,positive,%,Reproduction,80.99,69.86214998,67.68,60.95260454,-0.18,0.0078,NA,NA,Yes,NA,NA,NA,,1361,3,Pecorino_D_Barker_MF_Dworjanyn_SA_Byrne_M_Lamare_MD,NA,Centrostephanus_rodgersii,Echinodermata,2014,506,21,200,Pecorino_D_Barker_MF_Dworjanyn_SA_Byrne_M_Lamare_MD__2014__NA,ZOO_STUDY_0411,ZOO_ES_000759,ZOO_STUDY_0411__Centrostephanus_rodgersii__Echinodermata__CO2506.00__T21.00__NC200,ZOO_COMMON_00710,-0.17953497496293047,0.007775813882708165
Alter et al. 2024,"Pecorino D, Barker MF, Dworjanyn SA, Byrne M, Lamare MD",2014,NA,NA,Zooplankton,Meroplankton,Echinodermata,Centrostephanus rodgersii,TpH,200,200,506,21,1131,24,Hatching,positive,%,Reproduction,80.99,69.86214998,74.27,82.44865069,-0.087,0.0099,NA,NA,Yes,NA,NA,NA,,625,3,Pecorino_D_Barker_MF_Dworjanyn_SA_Byrne_M_Lamare_MD,NA,Centrostephanus_rodgersii,Echinodermata,2014,506,21,200,Pecorino_D_Barker_MF_Dworjanyn_SA_Byrne_M_Lamare_MD__2014__NA,ZOO_STUDY_0411,ZOO_ES_000760,ZOO_STUDY_0411__Centrostephanus_rodgersii__Echinodermata__CO2506.00__T21.00__NC200,ZOO_COMMON_00710,-0.08661858857969347,0.009882250338361435
Alter et al. 2024,"Pecorino D, Barker MF, Dworjanyn SA, Byrne M, Lamare MD",2014,NA,NA,Zooplankton,Meroplankton,Echinodermata,Centrostephanus rodgersii,TpH,200,200,468,14,1702,17,Hatching,positive,%,Reproduction,36.25,75.23616152,63.75,78.91311678,0.565,0.0292,NA,NA,Yes,NA,NA,NA,,1234,3,Pecorino_D_Barker_MF_Dworjanyn_SA_Byrne_M_Lamare_MD,NA,Centrostephanus_rodgersii,Echinodermata,2014,468,14,200,Pecorino_D_Barker_MF_Dworjanyn_SA_Byrne_M_Lamare_MD__2014__NA,ZOO_STUDY_0411,ZOO_ES_000761,ZOO_STUDY_0411__Centrostephanus_rodgersii__Echinodermata__CO2468.00__T14.00__NC200,ZOO_COMMON_00708,0.5645298027378517,0.02919949067152694
Alter et al. 2024,"Pecorino D, Barker MF, Dworjanyn SA, Byrne M, Lamare MD",2014,NA,NA,Zooplankton,Meroplankton,Echinodermata,Centrostephanus rodgersii,TpH,200,200,468,14,1038,17,Hatching,positive,%,Reproduction,36.25,75.23616152,72.24,80.61017306,0.69,0.0278,NA,NA,Yes,NA,NA,NA,,570,3,Pecorino_D_Barker_MF_Dworjanyn_SA_Byrne_M_Lamare_MD,NA,Centrostephanus_rodgersii,Echinodermata,2014,468,14,200,Pecorino_D_Barker_MF_Dworjanyn_SA_Byrne_M_Lamare_MD__2014__NA,ZOO_STUDY_0411,ZOO_ES_000762,ZOO_STUDY_0411__Centrostephanus_rodgersii__Echinodermata__CO2468.00__T14.00__NC200,ZOO_COMMON_00708,0.6895545278080462,0.027763879439560112
Alter et al. 2024,"Pecorino D, Barker MF, Dworjanyn SA, Byrne M, Lamare MD",2014,NA,NA,Zooplankton,Meroplankton,Echinodermata,Centrostephanus rodgersii,TpH,150,150,506,21,1867,24,Gastrulation,ambiguous,%,Development,79.55,59.89002421,47.55,59.89002421,-0.515,0.0144,NA,NA,Yes,NA,NA,NA,,1361,3,Pecorino_D_Barker_MF_Dworjanyn_SA_Byrne_M_Lamare_MD,NA,Centrostephanus_rodgersii,Echinodermata,2014,506,21,150,Pecorino_D_Barker_MF_Dworjanyn_SA_Byrne_M_Lamare_MD__2014__NA,ZOO_STUDY_0411,ZOO_ES_000773,ZOO_STUDY_0411__Centrostephanus_rodgersii__Echinodermata__CO2506.00__T21.00__NC150,ZOO_COMMON_00709,-0.5146039657923965,0.014354539872440767
Alter et al. 2024,"Pecorino D, Barker MF, Dworjanyn SA, Byrne M, Lamare MD",2014,NA,NA,Zooplankton,Meroplankton,Echinodermata,Centrostephanus rodgersii,TpH,150,150,506,21,1867,24,Abnormalities,positive,%,Development,5.77,27.31181063,33.77,413.5963431,-0.353,0.2605,NA,NA,Yes,NA,NA,NA,,1361,3,Pecorino_D_Barker_MF_Dworjanyn_SA_Byrne_M_Lamare_MD,NA,Centrostephanus_rodgersii,Echinodermata,2014,506,21,150,Pecorino_D_Barker_MF_Dworjanyn_SA_Byrne_M_Lamare_MD__2014__NA,ZOO_STUDY_0411,ZOO_ES_000774,ZOO_STUDY_0411__Centrostephanus_rodgersii__Echinodermata__CO2506.00__T21.00__NC150,ZOO_COMMON_00709,1.7669007538774684,1.1493681837346807
Alter et al. 2024,"Pecorino D, Barker MF, Dworjanyn SA, Byrne M, Lamare MD",2014,NA,NA,Zooplankton,Meroplankton,Echinodermata,Centrostephanus rodgersii,TpH,150,150,468,14,1702,17,Abnormalities,positive,%,Development,6.22,43.47844293,27.1,331.9058601,-0.252,0.1396,NA,NA,Yes,NA,NA,NA,,1234,3,Pecorino_D_Barker_MF_Dworjanyn_SA_Byrne_M_Lamare_MD,NA,Centrostephanus_rodgersii,Echinodermata,2014,468,14,150,Pecorino_D_Barker_MF_Dworjanyn_SA_Byrne_M_Lamare_MD__2014__NA,ZOO_STUDY_0411,ZOO_ES_000775,ZOO_STUDY_0411__Centrostephanus_rodgersii__Echinodermata__CO2468.00__T14.00__NC150,ZOO_COMMON_00707,1.4717638211345672,1.3257436334007937
Alter et al. 2024,"Pecorino D, Barker MF, Dworjanyn SA, Byrne M, Lamare MD",2014,NA,NA,Zooplankton,Meroplankton,Echinodermata,Centrostephanus rodgersii,TpH,150,150,468,14,1702,17,Gastrulation,ambiguous,%,Development,76.88,70.79025357,61.77,76.30160549,-0.219,0.0158,NA,NA,Yes,NA,NA,NA,,1234,3,Pecorino_D_Barker_MF_Dworjanyn_SA_Byrne_M_Lamare_MD,NA,Centrostephanus_rodgersii,Echinodermata,2014,468,14,150,Pecorino_D_Barker_MF_Dworjanyn_SA_Byrne_M_Lamare_MD__2014__NA,ZOO_STUDY_0411,ZOO_ES_000776,ZOO_STUDY_0411__Centrostephanus_rodgersii__Echinodermata__CO2468.00__T14.00__NC150,ZOO_COMMON_00707,-0.21882795495422913,0.015824688998782
Alter et al. 2024,"Pecorino D, Barker MF, Dworjanyn SA, Byrne M, Lamare MD",2014,NA,NA,Zooplankton,Meroplankton,Echinodermata,Centrostephanus rodgersii,TpH,150,150,506,21,1131,24,Abnormalities,positive,%,Development,5.77,27.31181063,21.77,266.6269585,-0.186,0.078,NA,NA,Yes,NA,NA,NA,,625,3,Pecorino_D_Barker_MF_Dworjanyn_SA_Byrne_M_Lamare_MD,NA,Centrostephanus_rodgersii,Echinodermata,2014,506,21,150,Pecorino_D_Barker_MF_Dworjanyn_SA_Byrne_M_Lamare_MD__2014__NA,ZOO_STUDY_0411,ZOO_ES_000777,ZOO_STUDY_0411__Centrostephanus_rodgersii__Echinodermata__CO2506.00__T21.00__NC150,ZOO_COMMON_00709,1.327860794726448,1.149368183569865
Alter et al. 2024,"Pecorino D, Barker MF, Dworjanyn SA, Byrne M, Lamare MD",2014,NA,NA,Zooplankton,Meroplankton,Echinodermata,Centrostephanus rodgersii,TpH,150,150,506,21,1131,24,Gastrulation,ambiguous,%,Development,79.55,59.89002421,66.66,65.40137613,-0.177,0.0102,NA,NA,Yes,NA,NA,NA,,625,3,Pecorino_D_Barker_MF_Dworjanyn_SA_Byrne_M_Lamare_MD,NA,Centrostephanus_rodgersii,Echinodermata,2014,506,21,150,Pecorino_D_Barker_MF_Dworjanyn_SA_Byrne_M_Lamare_MD__2014__NA,ZOO_STUDY_0411,ZOO_ES_000778,ZOO_STUDY_0411__Centrostephanus_rodgersii__Echinodermata__CO2506.00__T21.00__NC150,ZOO_COMMON_00709,-0.17678068190420224,0.010195949339269556
Alter et al. 2024,"Pecorino D, Barker MF, Dworjanyn SA, Byrne M, Lamare MD",2014,NA,NA,Zooplankton,Meroplankton,Echinodermata,Centrostephanus rodgersii,TpH,200,200,506,21,1867,24,Fertilization,positive,%,Reproduction,81.94,42.85067094,68.69,76.79179644,-0.176,0.0076,NA,NA,Yes,NA,NA,NA,,1361,3,Pecorino_D_Barker_MF_Dworjanyn_SA_Byrne_M_Lamare_MD,NA,Centrostephanus_rodgersii,Echinodermata,2014,506,21,200,Pecorino_D_Barker_MF_Dworjanyn_SA_Byrne_M_Lamare_MD__2014__NA,ZOO_STUDY_0411,ZOO_ES_000779,ZOO_STUDY_0411__Centrostephanus_rodgersii__Echinodermata__CO2506.00__T21.00__NC200,ZOO_COMMON_00710,-0.17638364389293476,0.007616423196673669
Alter et al. 2024,"Pecorino D, Barker MF, Dworjanyn SA, Byrne M, Lamare MD",2014,NA,NA,Zooplankton,Meroplankton,Echinodermata,Centrostephanus rodgersii,TpH,150,150,468,14,1038,17,Abnormalities,positive,%,Development,6.22,43.47844293,18.66,228.537393,-0.142,0.0541,NA,NA,Yes,NA,NA,NA,,570,3,Pecorino_D_Barker_MF_Dworjanyn_SA_Byrne_M_Lamare_MD,NA,Centrostephanus_rodgersii,Echinodermata,2014,468,14,150,Pecorino_D_Barker_MF_Dworjanyn_SA_Byrne_M_Lamare_MD__2014__NA,ZOO_STUDY_0411,ZOO_ES_000780,ZOO_STUDY_0411__Centrostephanus_rodgersii__Echinodermata__CO2468.00__T14.00__NC150,ZOO_COMMON_00707,1.0986122886681098,1.3257436336701143
Alter et al. 2024,"Pecorino D, Barker MF, Dworjanyn SA, Byrne M, Lamare MD",2014,NA,NA,Zooplankton,Meroplankton,Echinodermata,Centrostephanus rodgersii,TpH,200,200,468,14,1702,17,Fertilization,positive,%,Reproduction,97.98,42.85067094,85.86,82.16580797,-0.132,0.0055,NA,NA,Yes,NA,NA,NA,,1234,3,Pecorino_D_Barker_MF_Dworjanyn_SA_Byrne_M_Lamare_MD,NA,Centrostephanus_rodgersii,Echinodermata,2014,468,14,200,Pecorino_D_Barker_MF_Dworjanyn_SA_Byrne_M_Lamare_MD__2014__NA,ZOO_STUDY_0411,ZOO_ES_000781,ZOO_STUDY_0411__Centrostephanus_rodgersii__Echinodermata__CO2468.00__T14.00__NC200,ZOO_COMMON_00708,-0.13204531341401432,0.005535334190003453
Alter et al. 2024,"Pecorino D, Barker MF, Dworjanyn SA, Byrne M, Lamare MD",2014,NA,NA,Zooplankton,Meroplankton,Echinodermata,Centrostephanus rodgersii,TpH,150,150,468,14,1038,17,Gastrulation,ambiguous,%,Development,76.88,70.79025357,73.77,87.07936036,-0.041,0.0149,NA,NA,Yes,NA,NA,NA,,570,3,Pecorino_D_Barker_MF_Dworjanyn_SA_Byrne_M_Lamare_MD,NA,Centrostephanus_rodgersii,Echinodermata,2014,468,14,150,Pecorino_D_Barker_MF_Dworjanyn_SA_Byrne_M_Lamare_MD__2014__NA,ZOO_STUDY_0411,ZOO_ES_000782,ZOO_STUDY_0411__Centrostephanus_rodgersii__Echinodermata__CO2468.00__T14.00__NC150,ZOO_COMMON_00707,-0.041293619765826205,0.014941576715095307
Alter et al. 2024,"Pecorino D, Barker MF, Dworjanyn SA, Byrne M, Lamare MD",2014,NA,NA,Zooplankton,Meroplankton,Echinodermata,Centrostephanus rodgersii,TpH,200,200,506,21,1131,24,Fertilization,positive,%,Reproduction,81.94,42.85067094,80.81,57.13422792,-0.014,0.0039,NA,NA,Yes,NA,NA,NA,,625,3,Pecorino_D_Barker_MF_Dworjanyn_SA_Byrne_M_Lamare_MD,NA,Centrostephanus_rodgersii,Echinodermata,2014,506,21,200,Pecorino_D_Barker_MF_Dworjanyn_SA_Byrne_M_Lamare_MD__2014__NA,ZOO_STUDY_0411,ZOO_ES_000783,ZOO_STUDY_0411__Centrostephanus_rodgersii__Echinodermata__CO2506.00__T21.00__NC200,ZOO_COMMON_00710,-0.013886551873368699,0.0038667742571975553
Alter et al. 2024,"Pecorino D, Barker MF, Dworjanyn SA, Byrne M, Lamare MD",2014,NA,NA,Zooplankton,Meroplankton,Echinodermata,Centrostephanus rodgersii,TpH,200,200,468,14,1038,17,Fertilization,positive,%,Reproduction,97.98,42.85067094,96.72,73.25626253,-0.013,0.0038,NA,NA,Yes,NA,NA,NA,,570,3,Pecorino_D_Barker_MF_Dworjanyn_SA_Byrne_M_Lamare_MD,NA,Centrostephanus_rodgersii,Echinodermata,2014,468,14,200,Pecorino_D_Barker_MF_Dworjanyn_SA_Byrne_M_Lamare_MD__2014__NA,ZOO_STUDY_0411,ZOO_ES_000784,ZOO_STUDY_0411__Centrostephanus_rodgersii__Echinodermata__CO2468.00__T14.00__NC200,ZOO_COMMON_00708,-0.012943169903891577,0.0038246513990980316
Alter et al. 2024,"Pimentel MS, Faleiro F, Dionísio G, Repolho T, Pousão P, Machado J, Rosa R",2014,NA,NA,Zooplankton,Meroplankton,Fish larvae,Solea senegalensis,TpH,30,30,400,18.2,1654,22.1,hatching succes,positive,%,Reproduction,86.5169,0.099685505,69.6629,0.168698548,-0.2167,1e-4,NA,NA,Yes,NA,NA,NA,,1254,3.900000000000002,Pimentel_MS_Faleiro_F_Dion_sio_G_Repolho_T_Pous_o_P_Machado_J_Rosa_R,NA,Solea_senegalensis,Fish_larvae,2014,400,18.2,30,Pimentel_MS_Faleiro_F_Dion_sio_G_Repolho_T_Pous_o_P_Machado_J_Rosa_R__2014__NA,ZOO_STUDY_0419,ZOO_ES_000795,ZOO_STUDY_0419__Solea_senegalensis__Fish_larvae__CO2400.00__T18.20__NC30,ZOO_COMMON_00721,-0.21667187572764302,2.3973101360710124e-7
Alter et al. 2024,"Pimentel MS, Faleiro F, Dionísio G, Repolho T, Pousão P, Machado J, Rosa R",2014,NA,NA,Zooplankton,Meroplankton,Fish larvae,Solea senegalensis,TpH,3,3,400,18.2,1654,22.1,larval survival,positive,%,Survival,45.5993,0.03273576,32.6779,0.042088835,-0.3332,1e-4,NA,NA,Yes,NA,NA,NA,,1254,3.900000000000002,Pimentel_MS_Faleiro_F_Dion_sio_G_Repolho_T_Pous_o_P_Machado_J_Rosa_R,NA,Solea_senegalensis,Fish_larvae,2014,400,18.2,3,Pimentel_MS_Faleiro_F_Dion_sio_G_Repolho_T_Pous_o_P_Machado_J_Rosa_R__2014__NA,ZOO_STUDY_0419,ZOO_ES_000798,ZOO_STUDY_0419__Solea_senegalensis__Fish_larvae__CO2400.00__T18.20__NC3,ZOO_COMMON_00720,-0.3331933570841726,7.247671515725268e-7
Alter et al. 2024,"Pimentel MS, Faleiro F, Dionísio G, Repolho T, Pousão P, Machado J, Rosa R",2014,NA,NA,Zooplankton,Meroplankton,Fish larvae,Solea senegalensis,TpH,60,60,400,18.2,1654,22.1,otolith area,ambiguous,mm²,Growth,564.5161,6.738991022,2072.5806,3.494980172,1.3006,1e-4,NA,NA,Yes,NA,NA,NA,,1254,3.900000000000002,Pimentel_MS_Faleiro_F_Dion_sio_G_Repolho_T_Pous_o_P_Machado_J_Rosa_R,NA,Solea_senegalensis,Fish_larvae,2014,400,18.2,60,Pimentel_MS_Faleiro_F_Dion_sio_G_Repolho_T_Pous_o_P_Machado_J_Rosa_R__2014__NA,ZOO_STUDY_0419,ZOO_ES_000799,ZOO_STUDY_0419__Solea_senegalensis__Fish_larvae__CO2400.00__T18.20__NC60,ZOO_COMMON_00722,1.3005808724845498,2.4225146727976263e-6
Alter et al. 2024,"Pimentel MS, Faleiro F, Dionísio G, Repolho T, Pousão P, Machado J, Rosa R",2014,NA,NA,Zooplankton,Meroplankton,Fish larvae,Solea senegalensis,TpH,9,9,400,18.2,1654,22.1,oxygen consumption rates (hatchling),ambiguous,µmol O2 g-1 h-1 WW,Physiology,27.7941,0.09,31.1029,0.0663,0.1125,1e-4,NA,NA,Yes,NA,NA,NA,,1254,3.900000000000002,Pimentel_MS_Faleiro_F_Dion_sio_G_Repolho_T_Pous_o_P_Machado_J_Rosa_R,NA,Solea_senegalensis,Fish_larvae,2014,400,18.2,9,Pimentel_MS_Faleiro_F_Dion_sio_G_Repolho_T_Pous_o_P_Machado_J_Rosa_R__2014__NA,ZOO_STUDY_0419,ZOO_ES_000806,ZOO_STUDY_0419__Solea_senegalensis__Fish_larvae__CO2400.00__T18.20__NC9,ZOO_COMMON_00723,0.11247729446958202,1.6699041904036119e-6
Alter et al. 2024,"Pimentel MS, Faleiro F, Dionísio G, Repolho T, Pousão P, Machado J, Rosa R",2014,NA,NA,Zooplankton,Meroplankton,Fish larvae,Solea senegalensis,TpH,9,9,400,18.2,1654,22.1,oxygen consumption rates (postlarva),ambiguous,µmol O2 g-1 h-1 WW,Physiology,22.9412,0.09,25.1471,0.0663,0.0918,1e-4,NA,NA,Yes,NA,NA,NA,,1254,3.900000000000002,Pimentel_MS_Faleiro_F_Dion_sio_G_Repolho_T_Pous_o_P_Machado_J_Rosa_R,NA,Solea_senegalensis,Fish_larvae,2014,400,18.2,9,Pimentel_MS_Faleiro_F_Dion_sio_G_Repolho_T_Pous_o_P_Machado_J_Rosa_R__2014__NA,ZOO_STUDY_0419,ZOO_ES_000811,ZOO_STUDY_0419__Solea_senegalensis__Fish_larvae__CO2400.00__T18.20__NC9,ZOO_COMMON_00723,0.09180816103818303,2.482396022895622e-6
Alter et al. 2024,"Pimentel MS, Faleiro F, Machado J, Pousao-Ferreira P, Rosa R",2020,NA,NA,Zooplankton,Meroplankton,Fish larvae,Sparus aurata,TpH,12,12,342,18.4,1473,22.1,Heart rates,ambiguous,beats per min,Physiology,98.8,11.08512517,109.7,15.58845727,0.1047,0.0027,NA,NA,Yes,NA,NA,NA,,1131,3.700000000000003,Pimentel_MS_Faleiro_F_Machado_J_Pousao_Ferreira_P_Rosa_R,NA,Sparus_aurata,Fish_larvae,2020,342,18.4,12,Pimentel_MS_Faleiro_F_Machado_J_Pousao_Ferreira_P_Rosa_R__2020__NA,ZOO_STUDY_0421,ZOO_ES_000823,ZOO_STUDY_0421__Sparus_aurata__Fish_larvae__CO2342.00__T18.40__NC12,ZOO_COMMON_00726,0.1046517625273624,0.002731745228167692
Alter et al. 2024,"Pimentel MS, Faleiro F, Machado J, Pousao-Ferreira P, Rosa R",2020,NA,NA,Zooplankton,Meroplankton,Fish larvae,Sparus aurata,TpH,9,9,342,18.4,1473,22.1,Oxygen consumption rate,ambiguous,umol O2 h-1mgWW-1,Physiology,29.8,2.4,28.7,1.8,-0.0376,0.0012,NA,NA,Yes,NA,NA,NA,,1131,3.700000000000003,Pimentel_MS_Faleiro_F_Machado_J_Pousao_Ferreira_P_Rosa_R,NA,Sparus_aurata,Fish_larvae,2020,342,18.4,9,Pimentel_MS_Faleiro_F_Machado_J_Pousao_Ferreira_P_Rosa_R__2020__NA,ZOO_STUDY_0421,ZOO_ES_000824,ZOO_STUDY_0421__Sparus_aurata__Fish_larvae__CO2342.00__T18.40__NC9,ZOO_COMMON_00728,-0.03761127074578335,0.0011577458881905384
Alter et al. 2024,"Pimentel MS, Faleiro F, Machado J, Pousao-Ferreira P, Rosa R",2020,NA,NA,Zooplankton,Meroplankton,Fish larvae,Sparus aurata,TpH,3,3,342,18.4,1473,22.1,Citrate synthase activity,ambiguous,U mg protein-1,Physiology,1.85,0.433012702,1.55,0.242487113,-0.1769,0.0464,NA,NA,Yes,NA,NA,NA,,1131,3.700000000000003,Pimentel_MS_Faleiro_F_Machado_J_Pousao_Ferreira_P_Rosa_R,NA,Sparus_aurata,Fish_larvae,2020,342,18.4,3,Pimentel_MS_Faleiro_F_Machado_J_Pousao_Ferreira_P_Rosa_R__2020__NA,ZOO_STUDY_0421,ZOO_ES_000825,ZOO_STUDY_0421__Sparus_aurata__Fish_larvae__CO2342.00__T18.40__NC3,ZOO_COMMON_00727,-0.17693070815907821,0.026419673327470583
Alter et al. 2024,"Pimentel MS, Faleiro F, Machado J, Pousão-Ferreira P, Rosa R",2019,NA,NA,Zooplankton,Meroplankton,Fish larvae,Sparus aurata,TpH,12,12,342,18.4,1473,22.1,Routine heart rates,ambiguous,Beats/min,Physiology,98.4,3.186973486,109.7,3.200137072,0.1087,2e-4,NA,NA,Yes,NA,NA,NA,,1131,3.700000000000003,Pimentel_MS_Faleiro_F_Machado_J_Pous_o_Ferreira_P_Rosa_R,NA,Sparus_aurata,Fish_larvae,2019,342,18.4,12,Pimentel_MS_Faleiro_F_Machado_J_Pous_o_Ferreira_P_Rosa_R__2019__NA,ZOO_STUDY_0420,ZOO_ES_000831,ZOO_STUDY_0420__Sparus_aurata__Fish_larvae__CO2342.00__T18.40__NC12,ZOO_COMMON_00724,0.10870856322297674,1.5833064206566917e-4
Alter et al. 2024,"Pimentel MS, Faleiro F, Machado J, Pousão-Ferreira P, Rosa R",2019,NA,NA,Zooplankton,Meroplankton,Fish larvae,Sparus aurata,TpH,9,9,342,18.4,1473,22.1,Oxygen consumption rate,ambiguous,µmol O2 h-1 g-1,Physiology,29.7711,2.58,28.8412,1.7166,-0.0317,0.0012,NA,NA,Yes,NA,NA,NA,,1131,3.700000000000003,Pimentel_MS_Faleiro_F_Machado_J_Pous_o_Ferreira_P_Rosa_R,NA,Sparus_aurata,Fish_larvae,2019,342,18.4,9,Pimentel_MS_Faleiro_F_Machado_J_Pous_o_Ferreira_P_Rosa_R__2019__NA,ZOO_STUDY_0420,ZOO_ES_000832,ZOO_STUDY_0420__Sparus_aurata__Fish_larvae__CO2342.00__T18.40__NC9,ZOO_COMMON_00725,-0.03173320386698273,0.0012280757613931088
Alter et al. 2024,"Pimentel, Filipa Faleiro, Mário Diniz, Jorge Machado, Pedro Pousão-
Ferreira, Myron A. Peck, Hans O. Pörtner, Rui Rosa",2015,NA,NA,Zooplankton,Meroplankton,Fish larvae,Solea senegalensis,TpH,9,9,400,18.2,1654,22.1,Oxygen consumption rate at 30 dph,ambiguous,?mol O2 h-1 g-1,Physiology,22.8,3.69,25,3.2001,0.0921,0.0047,NA,NA,Yes,NA,NA,NA,,1254,3.900000000000002,Pimentel_Filipa_Faleiro_M_rio_Diniz_Jorge_Machado_Pedro_Pous_o_Ferreira_Myron_A_Peck_Hans_O_P_rtner_Rui_Rosa,NA,Solea_senegalensis,Fish_larvae,2015,400,18.2,9,Pimentel_Filipa_Faleiro_M_rio_Diniz_Jorge_Machado_Pedro_Pous_o_Ferreira_Myron_A_Peck_Hans_O_P_rtner_Rui_Rosa__2015__NA,ZOO_STUDY_0418,ZOO_ES_000836,ZOO_STUDY_0418__Solea_senegalensis__Fish_larvae__CO2400.00__T18.20__NC9,ZOO_COMMON_00719,0.09211528890780553,0.0047308767835567865
Alter et al. 2024,"Pitts KA, Campbell JE, Figueiredo J, Fogarty ND",2020,NA,NA,Zooplankton,Meroplankton,Cnidaria,Orbicella faveolata,TpH,3,3,419,28.3,647,29.9,Settlement,positive,%,Development,18.3,1.212435565,5.97,0.952627944,-1.12,0.01,NA,NA,Yes,NA,NA,NA,,228,1.5999999999999979,Pitts_KA_Campbell_JE_Figueiredo_J_Fogarty_ND,NA,Orbicella_faveolata,Cnidaria,2020,419,28.3,3,Pitts_KA_Campbell_JE_Figueiredo_J_Fogarty_ND__2020__NA,ZOO_STUDY_0422,ZOO_ES_000839,ZOO_STUDY_0422__Orbicella_faveolata__Cnidaria__CO2419.00__T28.30__NC3,ZOO_COMMON_00729,-1.1201541324428645,0.009950606998135766
Alter et al. 2024,"Pitts KA, Campbell JE, Figueiredo J, Fogarty ND",2020,NA,NA,Zooplankton,Meroplankton,Cnidaria,Orbicella faveolata,TpH,3,3,419,28.3,647,29.9,Fertilization,positive,%,Reproduction,88.07,2.823242816,88.61,2.823242816,0.006,7e-4,NA,NA,Yes,NA,NA,NA,,228,1.5999999999999979,Pitts_KA_Campbell_JE_Figueiredo_J_Fogarty_ND,NA,Orbicella_faveolata,Cnidaria,2020,419,28.3,3,Pitts_KA_Campbell_JE_Figueiredo_J_Fogarty_ND__2020__NA,ZOO_STUDY_0422,ZOO_ES_000841,ZOO_STUDY_0422__Orbicella_faveolata__Cnidaria__CO2419.00__T28.30__NC3,ZOO_COMMON_00729,0.006112765241843085,6.809301831889797e-4
Alter et al. 2024,"Pitts KA, Campbell JE, Figueiredo J, Fogarty ND",2020,NA,NA,Zooplankton,Meroplankton,Cnidaria,Orbicella faveolata,TpH,3,3,419,28.3,647,29.9,Survival,positive,%,Survival,56.2,2.771281292,34.7,2.771281292,-0.482,0.0029,NA,NA,Yes,NA,NA,NA,,228,1.5999999999999979,Pitts_KA_Campbell_JE_Figueiredo_J_Fogarty_ND,NA,Orbicella_faveolata,Cnidaria,2020,419,28.3,3,Pitts_KA_Campbell_JE_Figueiredo_J_Fogarty_ND__2020__NA,ZOO_STUDY_0422,ZOO_ES_000843,ZOO_STUDY_0422__Orbicella_faveolata__Cnidaria__CO2419.00__T28.30__NC3,ZOO_COMMON_00729,-0.4821770699468318,0.0029366136358997875
Alter et al. 2024,"Pope EC, Ellis RP, Scolamacchia M, Scolding JWS, Keay A, Chingombe P, Shields RJ, Wilcox R, Speirs DC, Wilson RW, Lewis C, Flynn KJ",2014,NA,NA,Zooplankton,Meroplankton,Fish larvae,Dicentrarchus labrax,TpH,3,3,598.3299999999999,17,1030,18.7,daily mortality rate,negative,n*d-1,Survival,0.0656,0.019225764,0.0168,0.007794229,1.3598,0.1006,NA,NA,Yes,NA,NA,NA,,431.6700000000001,1.6999999999999993,Pope_EC_Ellis_RP_Scolamacchia_M_Scolding_JWS_Keay_A_Chingombe_P_Shields_RJ_Wilcox_R_Speirs_DC_Wilson_RW_Lewis_C_Flynn_KJ,NA,Dicentrarchus_labrax,Fish_larvae,2014,598.3299999999999,17,3,Pope_EC_Ellis_RP_Scolamacchia_M_Scolding_JWS_Keay_A_Chingombe_P_Shields_RJ_Wilcox_R_Speirs_DC_Wilson_RW_Lewis_C_Flynn_KJ__2014__NA,ZOO_STUDY_0423,ZOO_ES_000846,ZOO_STUDY_0423__Dicentrarchus_labrax__Fish_larvae__CO2598.33__T17.00__NC3,ZOO_COMMON_00731,-1.3621968095408303,0.10037857197497624
Alter et al. 2024,"Pope EC, Ellis RP, Scolamacchia M, Scolding JWS, Keay A, Chingombe P, Shields RJ, Wilcox R, Speirs DC, Wilson RW, Lewis C, Flynn KJ",2014,NA,NA,Zooplankton,Meroplankton,Fish larvae,Dicentrarchus labrax,TpH,10,10,598.3299999999999,17,1030,18.7,C:N ratios (42 days),ambiguous,NA,Physiology,3.8459,0.474341649,3.7049,0.088543774,-0.0373,0.0015,NA,NA,Yes,NA,NA,NA,,431.6700000000001,1.6999999999999993,Pope_EC_Ellis_RP_Scolamacchia_M_Scolding_JWS_Keay_A_Chingombe_P_Shields_RJ_Wilcox_R_Speirs_DC_Wilson_RW_Lewis_C_Flynn_KJ,NA,Dicentrarchus_labrax,Fish_larvae,2014,598.3299999999999,17,10,Pope_EC_Ellis_RP_Scolamacchia_M_Scolding_JWS_Keay_A_Chingombe_P_Shields_RJ_Wilcox_R_Speirs_DC_Wilson_RW_Lewis_C_Flynn_KJ__2014__NA,ZOO_STUDY_0423,ZOO_ES_000850,ZOO_STUDY_0423__Dicentrarchus_labrax__Fish_larvae__CO2598.33__T17.00__NC10,ZOO_COMMON_00730,-0.03735137795802118,0.0015783174877458668
Alter et al. 2024,"Pope EC, Ellis RP, Scolamacchia M, Scolding JWS, Keay A, Chingombe P, Shields RJ, Wilcox R, Speirs DC, Wilson RW, Lewis C, Flynn KJ",2014,NA,NA,Zooplankton,Meroplankton,Fish larvae,Dicentrarchus labrax,TpH,10,10,598.3299999999999,17,1030,18.7,eye diameter (42 days),ambiguous,um,Growth,768,44.27188724,945,85.38149682,0.2074,0.0011,NA,NA,Yes,NA,NA,NA,,431.6700000000001,1.6999999999999993,Pope_EC_Ellis_RP_Scolamacchia_M_Scolding_JWS_Keay_A_Chingombe_P_Shields_RJ_Wilcox_R_Speirs_DC_Wilson_RW_Lewis_C_Flynn_KJ,NA,Dicentrarchus_labrax,Fish_larvae,2014,598.3299999999999,17,10,Pope_EC_Ellis_RP_Scolamacchia_M_Scolding_JWS_Keay_A_Chingombe_P_Shields_RJ_Wilcox_R_Speirs_DC_Wilson_RW_Lewis_C_Flynn_KJ__2014__NA,ZOO_STUDY_0423,ZOO_ES_000851,ZOO_STUDY_0423__Dicentrarchus_labrax__Fish_larvae__CO2598.33__T17.00__NC10,ZOO_COMMON_00730,0.2073951943460706,0.0011486290478510356
Alter et al. 2024,"Putnam HM, Mayfield AB, Fan TY, Chen CS, Gates RD",2013,NA,NA,Zooplankton,Meroplankton,Cnidaria,Pocillopora damicornis ,TpH,3,4,420,25.3,656,29.1,Respiration,ambiguous,nmol O2 larva-1 min-1,Physiology,0.1,0.017320508,0.06,0.02,-0.552,0.055,NA,NA,Yes,NA,NA,NA,,236,3.8000000000000007,Putnam_HM_Mayfield_AB_Fan_TY_Chen_CS_Gates_RD,NA,Pocillopora_damicornis,Cnidaria,2013,420,25.3,3,Putnam_HM_Mayfield_AB_Fan_TY_Chen_CS_Gates_RD__2013__NA,ZOO_STUDY_0427,ZOO_ES_000863,ZOO_STUDY_0427__Pocillopora_damicornis__Cnidaria__CO2420.00__T25.30__NC3,ZOO_COMMON_00736,-0.5108256237659907,0.03777777769037991
Alter et al. 2024,"Putnam HM, Mayfield AB, Fan TY, Chen CS, Gates RD",2013,NA,NA,Zooplankton,Meroplankton,Cnidaria,Pocillopora damicornis ,TpH,3,5,420,25.3,656,29.1,RNA/DNA,ambiguous,ratio,Physiology,0.96,0.744781847,0.88,0.447213595,-0.083,0.2492,NA,NA,Yes,NA,NA,NA,,236,3.8000000000000007,Putnam_HM_Mayfield_AB_Fan_TY_Chen_CS_Gates_RD,NA,Pocillopora_damicornis,Cnidaria,2013,420,25.3,3,Putnam_HM_Mayfield_AB_Fan_TY_Chen_CS_Gates_RD__2013__NA,ZOO_STUDY_0427,ZOO_ES_000864,ZOO_STUDY_0427__Pocillopora_damicornis__Cnidaria__CO2420.00__T25.30__NC3,ZOO_COMMON_00736,-0.08701137698962969,0.252282232587094
Alter et al. 2024,"Putnam HM, Mayfield AB, Fan TY, Chen CS, Gates RD",2013,NA,NA,Zooplankton,Meroplankton,Cnidaria,Pocillopora damicornis ,TpH,3,5,420,25.3,656,29.1,Larval size,positive,mm2,Growth,0.58,0.034641016,0.63,0.04472136,0.088,0.003,NA,NA,Yes,NA,NA,NA,,236,3.8000000000000007,Putnam_HM_Mayfield_AB_Fan_TY_Chen_CS_Gates_RD,NA,Pocillopora_damicornis,Cnidaria,2013,420,25.3,3,Putnam_HM_Mayfield_AB_Fan_TY_Chen_CS_Gates_RD__2013__NA,ZOO_STUDY_0427,ZOO_ES_000865,ZOO_STUDY_0427__Pocillopora_damicornis__Cnidaria__CO2420.00__T25.30__NC3,ZOO_COMMON_00736,0.08269171584511341,0.002196871183602651
Alter et al. 2024,"Putnam HM, Mayfield AB, Fan TY, Chen CS, Gates RD",2013,NA,NA,Zooplankton,Meroplankton,Cnidaria,Pocillopora damicornis ,TpH,3,5,420,25.3,656,29.1,host hsp70 xpression,ambiguous,NA,Physiology,2.94,1.368320138,3.23,0.939148551,0.095,0.0887,NA,NA,Yes,NA,NA,NA,,236,3.8000000000000007,Putnam_HM_Mayfield_AB_Fan_TY_Chen_CS_Gates_RD,NA,Pocillopora_damicornis,Cnidaria,2013,420,25.3,3,Putnam_HM_Mayfield_AB_Fan_TY_Chen_CS_Gates_RD__2013__NA,ZOO_STUDY_0427,ZOO_ES_000866,ZOO_STUDY_0427__Pocillopora_damicornis__Cnidaria__CO2420.00__T25.30__NC3,ZOO_COMMON_00736,0.09407255588397492,0.08911176192902848
Alter et al. 2024,"Putnam HM, Mayfield AB, Fan TY, Chen CS, Gates RD",2013,NA,NA,Zooplankton,Meroplankton,Cnidaria,Pocillopora damicornis ,TpH,4,4,420,25.3,656,29.1,Survival,positive,%,Survival,87.18,3.3,85.34,6.6,-0.021,0.0019,NA,NA,Yes,NA,NA,NA,,236,3.8000000000000007,Putnam_HM_Mayfield_AB_Fan_TY_Chen_CS_Gates_RD,NA,Pocillopora_damicornis,Cnidaria,2013,420,25.3,4,Putnam_HM_Mayfield_AB_Fan_TY_Chen_CS_Gates_RD__2013__NA,ZOO_STUDY_0427,ZOO_ES_000869,ZOO_STUDY_0427__Pocillopora_damicornis__Cnidaria__CO2420.00__T25.30__NC4,ZOO_COMMON_00737,-0.02133166905039264,0.0018534873440611346
Alter et al. 2024,"Rivest EB, Hofmann GE",2014,NA,NA,Zooplankton,Meroplankton,Cnidaria,Pocillopora damicornis,TpH,6,6,436,27.5,952,30.4,CS activity (Day 11),ambiguous,µmol larva-1 min-1,Physiology,8271.34,1352.706216,9027.16,182.8054195,0.087,0.0045,NA,NA,Yes,NA,NA,NA,,516,2.8999999999999986,Rivest_EB_Hofmann_GE,NA,Pocillopora_damicornis,Cnidaria,2014,436,27.5,6,Rivest_EB_Hofmann_GE__2014__NA,ZOO_STUDY_0438,ZOO_ES_000884,ZOO_STUDY_0438__Pocillopora_damicornis__Cnidaria__CO2436.00__T27.50__NC6,ZOO_COMMON_00753,0.08744128341404464,0.0045259773691161366
Alter et al. 2024,"Rivest EB, Hofmann GE",2014,NA,NA,Zooplankton,Meroplankton,Cnidaria,Pocillopora damicornis,TpH,6,6,436,27.5,952,30.4,O2 comsumption (Day 11),ambiguous,nmol larva-1 min-1,Physiology,0.09,0.024494897,0.11,0.024494897,0.163,0.0074,NA,NA,Yes,NA,NA,NA,,516,2.8999999999999986,Rivest_EB_Hofmann_GE,NA,Pocillopora_damicornis,Cnidaria,2014,436,27.5,6,Rivest_EB_Hofmann_GE__2014__NA,ZOO_STUDY_0438,ZOO_ES_000885,ZOO_STUDY_0438__Pocillopora_damicornis__Cnidaria__CO2436.00__T27.50__NC6,ZOO_COMMON_00753,0.20067069546215124,0.020610141102303
Alter et al. 2024,"Rivest EB, Kelly MW, DeBiasse MB, Hofmann GE",2018,NA,NA,Zooplankton,Meroplankton,Cnidaria,Pocillopora damicornis,TpH,20,20,466,28.4,1007,30.7,Larval area,positive,mm²,Growth,0.65,0.178885438,0.64,0.134164079,-0.025,0.0055,NA,NA,Yes,NA,NA,NA,,541,2.3000000000000007,Rivest_EB_Kelly_MW_DeBiasse_MB_Hofmann_GE,NA,Pocillopora_damicornis,Cnidaria,2018,466,28.4,20,Rivest_EB_Kelly_MW_DeBiasse_MB_Hofmann_GE__2018__NA,ZOO_STUDY_0439,ZOO_ES_000892,ZOO_STUDY_0439__Pocillopora_damicornis__Cnidaria__CO2466.00__T28.40__NC20,ZOO_COMMON_00754,-0.015504186535965312,0.005984247876518101
Alter et al. 2024,"Rivest EB, Kelly MW, DeBiasse MB, Hofmann GE",2018,NA,NA,Zooplankton,Meroplankton,Cnidaria,Pocillopora damicornis,TpH,4,4,466,28.4,1007,30.7,Symbiodinum density,ambiguous,x10³ cells larva-1,Physiology,8.11,1.48,8.37,0.9,0.031,0.0111,NA,NA,Yes,NA,NA,NA,,541,2.3000000000000007,Rivest_EB_Kelly_MW_DeBiasse_MB_Hofmann_GE,NA,Pocillopora_damicornis,Cnidaria,2018,466,28.4,4,Rivest_EB_Kelly_MW_DeBiasse_MB_Hofmann_GE__2018__NA,ZOO_STUDY_0439,ZOO_ES_000893,ZOO_STUDY_0439__Pocillopora_damicornis__Cnidaria__CO2466.00__T28.40__NC4,ZOO_COMMON_00755,0.03155601637406227,0.011216226228912463
Alter et al. 2024,"Rivest EB, Kelly MW, DeBiasse MB, Hofmann GE",2018,NA,NA,Zooplankton,Meroplankton,Cnidaria,Pocillopora damicornis,TpH,4,4,466,28.4,1007,30.7,Total protein,ambiguous,µg larva-1,Physiology,12.77,2.44,14.54,3.76,0.13,0.0258,NA,NA,Yes,NA,NA,NA,,541,2.3000000000000007,Rivest_EB_Kelly_MW_DeBiasse_MB_Hofmann_GE,NA,Pocillopora_damicornis,Cnidaria,2018,466,28.4,4,Rivest_EB_Kelly_MW_DeBiasse_MB_Hofmann_GE__2018__NA,ZOO_STUDY_0439,ZOO_ES_000894,ZOO_STUDY_0439__Pocillopora_damicornis__Cnidaria__CO2466.00__T28.40__NC4,ZOO_COMMON_00755,0.12980480206092543,0.025845305021592407
Alter et al. 2024,"Rosa R, Trübenbach K, Pimentel MS, Boavida-Portugal J, Faleiro F, Baptista M, Dionisio G, Calado R, Pörtner HO, Repolho T",2014,NA,NA,Zooplankton,Meroplankton,Mollusca,Loligo vulgaris,TpH,45,45,433,13.2,1641,15.3,Abnormalities,positive,%,Development,7.92,2.01246118,11.18,74.99771997,-0.036,0.0158,NA,NA,Yes,NA,NA,NA,,1208,2.1000000000000014,Rosa_R_Tr_benbach_K_Pimentel_MS_Boavida_Portugal_J_Faleiro_F_Baptista_M_Dionisio_G_Calado_R_P_rtner_HO_Repolho_T,NA,Loligo_vulgaris,Mollusca,2014,433,13.2,45,Rosa_R_Tr_benbach_K_Pimentel_MS_Boavida_Portugal_J_Faleiro_F_Baptista_M_Dionisio_G_Calado_R_P_rtner_HO_Repolho_T__2014__NA,ZOO_STUDY_0441,ZOO_ES_000909,ZOO_STUDY_0441__Loligo_vulgaris__Mollusca__CO2433.00__T13.20__NC45,ZOO_COMMON_00759,0.34473526190061854,1.0014348026957152
Alter et al. 2024,"Rosa R, Trübenbach K, Pimentel MS, Boavida-Portugal J, Faleiro F, Baptista M, Dionisio G, Calado R, Pörtner HO, Repolho T",2014,NA,NA,Zooplankton,Meroplankton,Mollusca,Loligo vulgaris,TpH,60,60,433,13.2,1641,15.3,LT100,positive,°C,Physiology,32.9,0.542217668,36.25,0.309838668,0.097,1e-4,NA,NA,Yes,NA,NA,NA,,1208,2.1000000000000014,Rosa_R_Tr_benbach_K_Pimentel_MS_Boavida_Portugal_J_Faleiro_F_Baptista_M_Dionisio_G_Calado_R_P_rtner_HO_Repolho_T,NA,Loligo_vulgaris,Mollusca,2014,433,13.2,60,Rosa_R_Tr_benbach_K_Pimentel_MS_Boavida_Portugal_J_Faleiro_F_Baptista_M_Dionisio_G_Calado_R_P_rtner_HO_Repolho_T__2014__NA,ZOO_STUDY_0441,ZOO_ES_000910,ZOO_STUDY_0441__Loligo_vulgaris__Mollusca__CO2433.00__T13.20__NC60,ZOO_COMMON_00760,0.0969667235293577,5.744533356881396e-6
Alter et al. 2024,"Rosa R, Trübenbach K, Pimentel MS, Boavida-Portugal J, Faleiro F, Baptista M, Dionisio G, Calado R, Pörtner HO, Repolho T",2014,NA,NA,Zooplankton,Meroplankton,Mollusca,Loligo vulgaris,TpH,3,3,433,13.2,1641,15.3,heat shock protein levels,ambiguous,ng mg-1 wet mass,Physiology,0.32,0.017320508,0.44,0,0.334,4e-4,NA,NA,Yes,NA,NA,NA,,1208,2.1000000000000014,Rosa_R_Tr_benbach_K_Pimentel_MS_Boavida_Portugal_J_Faleiro_F_Baptista_M_Dionisio_G_Calado_R_P_rtner_HO_Repolho_T,NA,Loligo_vulgaris,Mollusca,2014,433,13.2,3,Rosa_R_Tr_benbach_K_Pimentel_MS_Boavida_Portugal_J_Faleiro_F_Baptista_M_Dionisio_G_Calado_R_P_rtner_HO_Repolho_T__2014__NA,ZOO_STUDY_0441,ZOO_ES_000911,ZOO_STUDY_0441__Loligo_vulgaris__Mollusca__CO2433.00__T13.20__NC3,ZOO_COMMON_00758,0.3184537311185346,9.765624914650518e-4
Alter et al. 2024,"Rosa R, Trübenbach K, Pimentel MS, Boavida-Portugal J, Faleiro F, Baptista M, Dionisio G, Calado R, Pörtner HO, Repolho T",2014,NA,NA,Zooplankton,Meroplankton,Mollusca,Loligo vulgaris,TpH,45,45,433,13.2,1641,15.3,growth rate,positive,% day-1,Growth,4.36,0.402492236,2.82,0.201246118,-0.436,3e-4,NA,NA,Yes,NA,NA,NA,,1208,2.1000000000000014,Rosa_R_Tr_benbach_K_Pimentel_MS_Boavida_Portugal_J_Faleiro_F_Baptista_M_Dionisio_G_Calado_R_P_rtner_HO_Repolho_T,NA,Loligo_vulgaris,Mollusca,2014,433,13.2,45,Rosa_R_Tr_benbach_K_Pimentel_MS_Boavida_Portugal_J_Faleiro_F_Baptista_M_Dionisio_G_Calado_R_P_rtner_HO_Repolho_T__2014__NA,ZOO_STUDY_0441,ZOO_ES_000912,ZOO_STUDY_0441__Loligo_vulgaris__Mollusca__CO2433.00__T13.20__NC45,ZOO_COMMON_00759,-0.4357351724109209,3.025513801808452e-4
Alter et al. 2024,"Rosa R, Trübenbach K, Pimentel MS, Boavida-Portugal J, Faleiro F, Baptista M, Dionisio G, Calado R, Pörtner HO, Repolho T",2014,NA,NA,Zooplankton,Meroplankton,Mollusca,Loligo vulgaris,TpH,45,45,433,13.2,1641,15.3,Abnormalities,positive,%,Development,6.83,2.482035455,24.52,164.4851604,-0.211,0.1056,NA,NA,Yes,NA,NA,NA,,1208,2.1000000000000014,Rosa_R_Tr_benbach_K_Pimentel_MS_Boavida_Portugal_J_Faleiro_F_Baptista_M_Dionisio_G_Calado_R_P_rtner_HO_Repolho_T,NA,Loligo_vulgaris,Mollusca,2014,433,13.2,45,Rosa_R_Tr_benbach_K_Pimentel_MS_Boavida_Portugal_J_Faleiro_F_Baptista_M_Dionisio_G_Calado_R_P_rtner_HO_Repolho_T__2014__NA,ZOO_STUDY_0441,ZOO_ES_000913,ZOO_STUDY_0441__Loligo_vulgaris__Mollusca__CO2433.00__T13.20__NC45,ZOO_COMMON_00759,1.2781644374853118,1.0029346884038528
Alter et al. 2024,"Rosa R, Trübenbach K, Pimentel MS, Boavida-Portugal J, Faleiro F, Baptista M, Dionisio G, Calado R, Pörtner HO, Repolho T",2014,NA,NA,Zooplankton,Meroplankton,Mollusca,Loligo vulgaris,TpH,45,45,433,13.2,1641,15.3,development time,ambiguous,days,Development,27.12,1.073312629,32.59,0.872066511,0.184,1e-4,NA,NA,Yes,NA,NA,NA,,1208,2.1000000000000014,Rosa_R_Tr_benbach_K_Pimentel_MS_Boavida_Portugal_J_Faleiro_F_Baptista_M_Dionisio_G_Calado_R_P_rtner_HO_Repolho_T,NA,Loligo_vulgaris,Mollusca,2014,433,13.2,45,Rosa_R_Tr_benbach_K_Pimentel_MS_Boavida_Portugal_J_Faleiro_F_Baptista_M_Dionisio_G_Calado_R_P_rtner_HO_Repolho_T__2014__NA,ZOO_STUDY_0441,ZOO_ES_000916,ZOO_STUDY_0441__Loligo_vulgaris__Mollusca__CO2433.00__T13.20__NC45,ZOO_COMMON_00759,0.18373402977727532,5.071827059551422e-5
Alter et al. 2024,"Rosa R, Trübenbach K, Pimentel MS, Boavida-Portugal J, Faleiro F, Baptista M, Dionisio G, Calado R, Pörtner HO, Repolho T",2014,NA,NA,Zooplankton,Meroplankton,Mollusca,Loligo vulgaris,TpH,3,3,433,13.2,1641,15.3,heat shock protein levels,ambiguous,ng mg-1 wet mass,Physiology,0.36,0.08660254,0.7,0.034641016,0.658,0.0163,NA,NA,Yes,NA,NA,NA,,1208,2.1000000000000014,Rosa_R_Tr_benbach_K_Pimentel_MS_Boavida_Portugal_J_Faleiro_F_Baptista_M_Dionisio_G_Calado_R_P_rtner_HO_Repolho_T,NA,Loligo_vulgaris,Mollusca,2014,433,13.2,3,Rosa_R_Tr_benbach_K_Pimentel_MS_Boavida_Portugal_J_Faleiro_F_Baptista_M_Dionisio_G_Calado_R_P_rtner_HO_Repolho_T__2014__NA,ZOO_STUDY_0441,ZOO_ES_000917,ZOO_STUDY_0441__Loligo_vulgaris__Mollusca__CO2433.00__T13.20__NC3,ZOO_COMMON_00758,0.664976303593249,0.020106449811676287
Alter et al. 2024,"Rosa R, Trübenbach K, Pimentel MS, Boavida-Portugal J, Faleiro F, Baptista M, Dionisio G, Calado R, Pörtner HO, Repolho T",2014,NA,NA,Zooplankton,Meroplankton,Mollusca,Loligo vulgaris,TpH,45,45,433,13.2,1641,15.3,Survival,positive,%,Survival,96.29,0.939148551,94.03,0.804984472,-0.024,1e-4,NA,NA,Yes,NA,NA,NA,,1208,2.1000000000000014,Rosa_R_Tr_benbach_K_Pimentel_MS_Boavida_Portugal_J_Faleiro_F_Baptista_M_Dionisio_G_Calado_R_P_rtner_HO_Repolho_T,NA,Loligo_vulgaris,Mollusca,2014,433,13.2,45,Rosa_R_Tr_benbach_K_Pimentel_MS_Boavida_Portugal_J_Faleiro_F_Baptista_M_Dionisio_G_Calado_R_P_rtner_HO_Repolho_T__2014__NA,ZOO_STUDY_0441,ZOO_ES_000919,ZOO_STUDY_0441__Loligo_vulgaris__Mollusca__CO2433.00__T13.20__NC45,ZOO_COMMON_00759,-0.02375059096320714,3.74260203259317e-6
Alter et al. 2024,"Schutter M, Nozawa Y, Kurihara H",2015,NA,NA,Zooplankton,Meroplankton,Cnidaria,Acropora hyacinthus,TpH,5,5,478,27,939,31,abnormalities,positive,%,Development,11.27,6.372793736,99.02,221.4154511,-4.505,10201.001,NA,NA,Yes,NA,NA,NA,,461,4,Schutter_M_Nozawa_Y_Kurihara_H,NA,Acropora_hyacinthus,Cnidaria,2015,478,27,5,Schutter_M_Nozawa_Y_Kurihara_H__2015__NA,ZOO_STUDY_0460,ZOO_ES_000930,ZOO_STUDY_0460__Acropora_hyacinthus__Cnidaria__CO2478.00__T27.00__NC5,ZOO_COMMON_00797,2.173177521881592,1.0639501968979035
Alter et al. 2024,"Schutter M, Nozawa Y, Kurihara H",2015,NA,NA,Zooplankton,Meroplankton,Cnidaria,Acropora hyacinthus,TpH,5,5,404,27,863,31,Fertilization,positive,%,Reproduction,41.89,5.634891303,7.66,2.929249051,-1.699,0.0329,NA,NA,Yes,NA,NA,NA,,459,4,Schutter_M_Nozawa_Y_Kurihara_H,NA,Acropora_hyacinthus,Cnidaria,2015,404,27,5,Schutter_M_Nozawa_Y_Kurihara_H__2015__NA,ZOO_STUDY_0460,ZOO_ES_000931,ZOO_STUDY_0460__Acropora_hyacinthus__Cnidaria__CO2404.00__T27.00__NC5,ZOO_COMMON_00796,-1.6990351512064434,0.032866182479924885
Alter et al. 2024,"Schutter M, Nozawa Y, Kurihara H",2015,NA,NA,Zooplankton,Meroplankton,Cnidaria,Acropora hyacinthus,TpH,5,5,404,27,863,31,abnormalities,positive,%,Development,8.09,4.405053916,77.45,173.1834649,-1.405,11.7982,NA,NA,Yes,NA,NA,NA,,459,4,Schutter_M_Nozawa_Y_Kurihara_H,NA,Acropora_hyacinthus,Cnidaria,2015,404,27,5,Schutter_M_Nozawa_Y_Kurihara_H__2015__NA,ZOO_STUDY_0460,ZOO_ES_000932,ZOO_STUDY_0460__Acropora_hyacinthus__Cnidaria__CO2404.00__T27.00__NC5,ZOO_COMMON_00796,2.2590038357924773,1.0592973674224717
Alter et al. 2024,"Schutter M, Nozawa Y, Kurihara H",2015,NA,NA,Zooplankton,Meroplankton,Cnidaria,Platygyra contorta,TpH,5,5,550,27,1001,31,Fertilization,positive,%,Reproduction,97.3,1.118033989,84.01,3.600069444,-0.147,4e-4,NA,NA,Yes,NA,NA,NA,,451,4,Schutter_M_Nozawa_Y_Kurihara_H,NA,Platygyra_contorta,Cnidaria,2015,550,27,5,Schutter_M_Nozawa_Y_Kurihara_H__2015__NA,ZOO_STUDY_0460,ZOO_ES_000933,ZOO_STUDY_0460__Platygyra_contorta__Cnidaria__CO2550.00__T27.00__NC5,ZOO_COMMON_00798,-0.14686314981520357,3.9368037180671913e-4
Alter et al. 2024,"Schutter M, Nozawa Y, Kurihara H",2015,NA,NA,Zooplankton,Meroplankton,Cnidaria,Platygyra contorta,TpH,5,5,550,27,1001,31,abnormalities,positive,%,Development,3.68,1.229837388,14.95,33.42921626,-0.124,0.0309,NA,NA,Yes,NA,NA,NA,,451,4,Schutter_M_Nozawa_Y_Kurihara_H,NA,Platygyra_contorta,Cnidaria,2015,550,27,5,Schutter_M_Nozawa_Y_Kurihara_H__2015__NA,ZOO_STUDY_0460,ZOO_ES_000934,ZOO_STUDY_0460__Platygyra_contorta__Cnidaria__CO2550.00__T27.00__NC5,ZOO_COMMON_00798,1.4017985476558559,1.0223372516872975
Alter et al. 2024,"Schutter M, Nozawa Y, Kurihara H",2015,NA,NA,Zooplankton,Meroplankton,Cnidaria,Acropora hyacinthus,TpH,5,5,478,27,939,31,Fertilization,positive,%,Reproduction,98.65,0.894427191,95.05,2.258428657,-0.037,1e-4,NA,NA,Yes,NA,NA,NA,,461,4,Schutter_M_Nozawa_Y_Kurihara_H,NA,Acropora_hyacinthus,Cnidaria,2015,478,27,5,Schutter_M_Nozawa_Y_Kurihara_H__2015__NA,ZOO_STUDY_0460,ZOO_ES_000935,ZOO_STUDY_0460__Acropora_hyacinthus__Cnidaria__CO2478.00__T27.00__NC5,ZOO_COMMON_00797,-0.03717516353418621,1.2935249347379303e-4
Alter et al. 2024,"Sheppard Brennand H, Soars N, Dworjanyn SA, Davis AR, Byrne M",2010,NA,NA,Zooplankton,Meroplankton,Echinodermata,Tripneustes gratilla,TpH,35,35,448,23.5,1169,26.1,Arm asymmetry,negative,µm,Development,7.3,6.803491751,12.74,7.158456538,-0.557,0.034,NA,NA,Yes,NA,NA,NA,,721,2.6000000000000014,Sheppard_Brennand_H_Soars_N_Dworjanyn_SA_Davis_AR_Byrne_M,NA,Tripneustes_gratilla,Echinodermata,2010,448,23.5,35,Sheppard_Brennand_H_Soars_N_Dworjanyn_SA_Davis_AR_Byrne_M__2010__NA,ZOO_STUDY_0466,ZOO_ES_000943,ZOO_STUDY_0466__Tripneustes_gratilla__Echinodermata__CO2448.00__T23.50__NC35,ZOO_COMMON_00808,0.5568723019896719,0.03383756530554172
Alter et al. 2024,"Sheppard Brennand H, Soars N, Dworjanyn SA, Davis AR, Byrne M",2010,NA,NA,Zooplankton,Meroplankton,Echinodermata,Tripneustes gratilla,TpH,35,35,448,23.5,1938,26.1,Arm asymmetry,negative,µm,Development,7.3,6.803491751,12.67,7.572582122,-0.552,0.0351,NA,NA,Yes,NA,NA,NA,,1490,2.6000000000000014,Sheppard_Brennand_H_Soars_N_Dworjanyn_SA_Davis_AR_Byrne_M,NA,Tripneustes_gratilla,Echinodermata,2010,448,23.5,35,Sheppard_Brennand_H_Soars_N_Dworjanyn_SA_Davis_AR_Byrne_M__2010__NA,ZOO_STUDY_0466,ZOO_ES_000944,ZOO_STUDY_0466__Tripneustes_gratilla__Echinodermata__CO2448.00__T23.50__NC35,ZOO_COMMON_00808,0.5513626461787023,0.03502330077166964
Alter et al. 2024,"Sheppard Brennand H, Soars N, Dworjanyn SA, Davis AR, Byrne M",2010,NA,NA,Zooplankton,Meroplankton,Echinodermata,Tripneustes gratilla,TpH,35,35,448,23.5,1169,26.1,Arm length,positive,µm,Growth,138.67,47.32863826,137.33,23.66431913,-0.01,0.0042,NA,NA,Yes,NA,NA,NA,,721,2.6000000000000014,Sheppard_Brennand_H_Soars_N_Dworjanyn_SA_Davis_AR_Byrne_M,NA,Tripneustes_gratilla,Echinodermata,2010,448,23.5,35,Sheppard_Brennand_H_Soars_N_Dworjanyn_SA_Davis_AR_Byrne_M__2010__NA,ZOO_STUDY_0466,ZOO_ES_000945,ZOO_STUDY_0466__Tripneustes_gratilla__Echinodermata__CO2448.00__T23.50__NC35,ZOO_COMMON_00808,-0.009710221223582203,0.004176619853536877
Alter et al. 2024,"Sheppard Brennand H, Soars N, Dworjanyn SA, Davis AR, Byrne M",2010,NA,NA,Zooplankton,Meroplankton,Echinodermata,Tripneustes gratilla,TpH,35,35,448,23.5,1938,26.1,Arm length,positive,µm,Growth,138.67,47.32863826,138.67,31.53270524,0,0.0048,NA,NA,Yes,NA,NA,NA,,1490,2.6000000000000014,Sheppard_Brennand_H_Soars_N_Dworjanyn_SA_Davis_AR_Byrne_M,NA,Tripneustes_gratilla,Echinodermata,2010,448,23.5,35,Sheppard_Brennand_H_Soars_N_Dworjanyn_SA_Davis_AR_Byrne_M__2010__NA,ZOO_STUDY_0466,ZOO_ES_000946,ZOO_STUDY_0466__Tripneustes_gratilla__Echinodermata__CO2448.00__T23.50__NC35,ZOO_COMMON_00808,0,0.004805612730221308
Alter et al. 2024,"Small DP, Calosi P, Boothroyd D, Widdicombe S, Spicer J",2015,NA,NA,Zooplankton,Meroplankton,Arthropoda,Homarus americanus,TpH,9,9,454,17.2,1181,21.3,Carapace [Ca2+],ambiguous,(mmol mg-1),Physiology,3.81,0.93,2.8,1.17,-0.307,0.0262,NA,NA,Yes,NA,NA,NA,,727,4.100000000000001,Small_DP_Calosi_P_Boothroyd_D_Widdicombe_S_Spicer_J,NA,Homarus_americanus,Arthropoda,2015,454,17.2,9,Small_DP_Calosi_P_Boothroyd_D_Widdicombe_S_Spicer_J__2015__NA,ZOO_STUDY_0472,ZOO_ES_000953,ZOO_STUDY_0472__Homarus_americanus__Arthropoda__CO2454.00__T17.20__NC9,ZOO_COMMON_00819,-0.3080097719574514,0.02602074566677478
Alter et al. 2024,"Small DP, Calosi P, Boothroyd D, Widdicombe S, Spicer J",2015,NA,NA,Zooplankton,Meroplankton,Arthropoda,Homarus americanus,TpH,18,18,454,17.2,1181,21.3,length,positive,mm,Growth,13.31,1.527350647,12.42,0.67882251,-0.069,9e-4,NA,NA,Yes,NA,NA,NA,,727,4.100000000000001,Small_DP_Calosi_P_Boothroyd_D_Widdicombe_S_Spicer_J,NA,Homarus_americanus,Arthropoda,2015,454,17.2,18,Small_DP_Calosi_P_Boothroyd_D_Widdicombe_S_Spicer_J__2015__NA,ZOO_STUDY_0472,ZOO_ES_000954,ZOO_STUDY_0472__Homarus_americanus__Arthropoda__CO2454.00__T17.20__NC18,ZOO_COMMON_00817,-0.06920755590168762,8.975156708747175e-4
Alter et al. 2024,"Small DP, Calosi P, Boothroyd D, Widdicombe S, Spicer J",2015,NA,NA,Zooplankton,Meroplankton,Arthropoda,Homarus americanus,TpH,6,6,454,17.2,1181,21.3,Survival,positive,%,Survival,7.77,4.066152973,25.38,23.00070868,1.184,0.1825,NA,NA,Yes,NA,NA,NA,,727,4.100000000000001,Small_DP_Calosi_P_Boothroyd_D_Widdicombe_S_Spicer_J,NA,Homarus_americanus,Arthropoda,2015,454,17.2,6,Small_DP_Calosi_P_Boothroyd_D_Widdicombe_S_Spicer_J__2015__NA,ZOO_STUDY_0472,ZOO_ES_000957,ZOO_STUDY_0472__Homarus_americanus__Arthropoda__CO2454.00__T17.20__NC6,ZOO_COMMON_00818,1.1836912979066856,0.1825255018621942
Alter et al. 2024,"Sparks, Foo, Uthicke, Byrne, Lamare",2017,NA,NA,Zooplankton,Meroplankton,Echinodermata,Acanthaster planci,TpH,75,75,491,28,915,31,Gastrulation,ambiguous,%,Development,69.86531987,1.185803587,35.85858586,1.613470452,-0.667,0,NA,NA,Yes,NA,NA,NA,,424,3,Sparks_Foo_Uthicke_Byrne_Lamare,NA,Acanthaster_planci,Echinodermata,2017,491,28,75,Sparks_Foo_Uthicke_Byrne_Lamare__2017__NA,ZOO_STUDY_0476,ZOO_ES_000960,ZOO_STUDY_0476__Acanthaster_planci__Echinodermata__CO2491.00__T28.00__NC75,ZOO_COMMON_00824,-0.6669863545488246,3.0835418416582434e-5
Alter et al. 2024,"Sparks, Foo, Uthicke, Byrne, Lamare",2017,NA,NA,Zooplankton,Meroplankton,Echinodermata,Acanthaster planci,TpH,75,75,491,28,950,30,Gastrulation,ambiguous,%,Development,69.86531987,1.185803587,57.91245791,3.732365377,-0.188,1e-4,NA,NA,Yes,NA,NA,NA,,459,2,Sparks_Foo_Uthicke_Byrne_Lamare,NA,Acanthaster_planci,Echinodermata,2017,491,28,75,Sparks_Foo_Uthicke_Byrne_Lamare__2017__NA,ZOO_STUDY_0476,ZOO_ES_000961,ZOO_STUDY_0476__Acanthaster_planci__Echinodermata__CO2491.00__T28.00__NC75,ZOO_COMMON_00824,-0.1876368629667296,5.9222257530579954e-5
Alter et al. 2024,"Sswat M, Stiasny MH, Jutfelt F, Riebesell U, Clemmesen C",2018,NA,NA,Zooplankton,Meroplankton,Fish larvae,Clupea harengus,TpH,30,30,475,10.4,938,12.7,Instantaneous growth rate,positive,none,Growth,0.0123,0.00219089,0.026,0.001643168,0.7478,0.0011,NA,NA,Yes,NA,NA,NA,,463,2.299999999999999,Sswat_M_Stiasny_MH_Jutfelt_F_Riebesell_U_Clemmesen_C,NA,Clupea_harengus,Fish_larvae,2018,475,10.4,30,Sswat_M_Stiasny_MH_Jutfelt_F_Riebesell_U_Clemmesen_C__2018__NA,ZOO_STUDY_0478,ZOO_ES_000964,ZOO_STUDY_0478__Clupea_harengus__Fish_larvae__CO2475.00__T10.40__NC30,ZOO_COMMON_00826,0.7484972756431102,0.001190707477000077
Alter et al. 2024,"Van Colen C, Jansson A, Saunier A, Lacoue-Labathe T, Vincx M",2018,NA,NA,Zooplankton,Meroplankton,Mollusca,Limecola balthica,TpH,5,5,681,15,1905,18,Hatching,positive,%,Reproduction,38.97,3.465905365,12.76,5.791416062,-1.116,0.0427,NA,NA,Yes,NA,NA,NA,,1224,3,Van_Colen_C_Jansson_A_Saunier_A_Lacoue_Labathe_T_Vincx_M,NA,Limecola_balthica,Mollusca,2018,681,15,5,Van_Colen_C_Jansson_A_Saunier_A_Lacoue_Labathe_T_Vincx_M__2018__NA,ZOO_STUDY_0515,ZOO_ES_000981,ZOO_STUDY_0515__Limecola_balthica__Mollusca__CO2681.00__T15.00__NC5,ZOO_COMMON_00893,-1.116476841433974,0.04278207720836761
Alter et al. 2024,"Van Colen C, Jansson A, Saunier A, Lacoue-Labathe T, Vincx M",2018,NA,NA,Zooplankton,Meroplankton,Mollusca,Limecola balthica,TpH,5,5,681,15,1630,18,Hatching,positive,%,Reproduction,38.97,3.465905365,20.52,5.791416062,-0.641,0.0175,NA,NA,Yes,NA,NA,NA,,949,3,Van_Colen_C_Jansson_A_Saunier_A_Lacoue_Labathe_T_Vincx_M,NA,Limecola_balthica,Mollusca,2018,681,15,5,Van_Colen_C_Jansson_A_Saunier_A_Lacoue_Labathe_T_Vincx_M__2018__NA,ZOO_STUDY_0515,ZOO_ES_000982,ZOO_STUDY_0515__Limecola_balthica__Mollusca__CO2681.00__T15.00__NC5,ZOO_COMMON_00893,-0.6413920990480491,0.01751305102439995
Alter et al. 2024,"Van Colen C, Jansson A, Saunier A, Lacoue-Labathe T, Vincx M",2018,NA,NA,Zooplankton,Meroplankton,Mollusca,Limecola balthica,TpH,5,5,681,15,1367,18,Hatching,positive,%,Reproduction,38.97,3.465905365,22.59,5.791416062,-0.545,0.0147,NA,NA,Yes,NA,NA,NA,,686,3,Van_Colen_C_Jansson_A_Saunier_A_Lacoue_Labathe_T_Vincx_M,NA,Limecola_balthica,Mollusca,2018,681,15,5,Van_Colen_C_Jansson_A_Saunier_A_Lacoue_Labathe_T_Vincx_M__2018__NA,ZOO_STUDY_0515,ZOO_ES_000983,ZOO_STUDY_0515__Limecola_balthica__Mollusca__CO2681.00__T15.00__NC5,ZOO_COMMON_00893,-0.5452847888707059,0.014727181825104938
Alter et al. 2024,"Van Colen C, Jansson A, Saunier A, Lacoue-Labathe T, Vincx M",2018,NA,NA,Zooplankton,Meroplankton,Mollusca,Limecola balthica,TpH,5,5,366,15,932,18,Hatching,positive,%,Reproduction,70.34,6.93181073,45.52,6.551679174,-0.435,0.0061,NA,NA,Yes,NA,NA,NA,,566,3,Van_Colen_C_Jansson_A_Saunier_A_Lacoue_Labathe_T_Vincx_M,NA,Limecola_balthica,Mollusca,2018,366,15,5,Van_Colen_C_Jansson_A_Saunier_A_Lacoue_Labathe_T_Vincx_M__2018__NA,ZOO_STUDY_0515,ZOO_ES_000984,ZOO_STUDY_0515__Limecola_balthica__Mollusca__CO2366.00__T15.00__NC5,ZOO_COMMON_00892,-0.43518883722776097,0.006085461242316929
Alter et al. 2024,"Van Colen C, Jansson A, Saunier A, Lacoue-Labathe T, Vincx M",2018,NA,NA,Zooplankton,Meroplankton,Mollusca,Limecola balthica,TpH,5,5,366,15,1523,18,Hatching,positive,%,Reproduction,70.34,6.93181073,46.38,5.388923826,-0.417,0.0047,NA,NA,Yes,NA,NA,NA,,1157,3,Van_Colen_C_Jansson_A_Saunier_A_Lacoue_Labathe_T_Vincx_M,NA,Limecola_balthica,Mollusca,2018,366,15,5,Van_Colen_C_Jansson_A_Saunier_A_Lacoue_Labathe_T_Vincx_M__2018__NA,ZOO_STUDY_0515,ZOO_ES_000985,ZOO_STUDY_0515__Limecola_balthica__Mollusca__CO2366.00__T15.00__NC5,ZOO_COMMON_00892,-0.41647229521845086,0.004642365419318468
Alter et al. 2024,"Van Colen C, Jansson A, Saunier A, Lacoue-Labathe T, Vincx M",2018,NA,NA,Zooplankton,Meroplankton,Mollusca,Limecola balthica,TpH,5,5,366,15,722,18,Hatching,positive,%,Reproduction,70.34,6.93181073,52.41,2.303150017,-0.294,0.0023,NA,NA,Yes,NA,NA,NA,,356,3,Van_Colen_C_Jansson_A_Saunier_A_Lacoue_Labathe_T_Vincx_M,NA,Limecola_balthica,Mollusca,2018,366,15,5,Van_Colen_C_Jansson_A_Saunier_A_Lacoue_Labathe_T_Vincx_M__2018__NA,ZOO_STUDY_0515,ZOO_ES_000986,ZOO_STUDY_0515__Limecola_balthica__Mollusca__CO2366.00__T15.00__NC5,ZOO_COMMON_00892,-0.2942432142317616,0.0023285406197845098
Alter et al. 2024,"Van Colen C, Jansson A, Saunier A, Lacoue-Labathe T, Vincx M",2018,NA,NA,Zooplankton,Meroplankton,Mollusca,Limecola balthica,TpH,5,5,681,15,1056,18,Hatching,positive,%,Reproduction,38.97,3.465905365,29.48,2.705642253,-0.279,0.0033,NA,NA,Yes,NA,NA,NA,,375,3,Van_Colen_C_Jansson_A_Saunier_A_Lacoue_Labathe_T_Vincx_M,NA,Limecola_balthica,Mollusca,2018,681,15,5,Van_Colen_C_Jansson_A_Saunier_A_Lacoue_Labathe_T_Vincx_M__2018__NA,ZOO_STUDY_0515,ZOO_ES_000987,ZOO_STUDY_0515__Limecola_balthica__Mollusca__CO2681.00__T15.00__NC5,ZOO_COMMON_00893,-0.2790800520294819,0.0032666594608082556
Alter et al. 2024,"Van Colen C, Jansson A, Saunier A, Lacoue-Labathe T, Vincx M",2018,NA,NA,Zooplankton,Meroplankton,Mollusca,Limecola balthica,TpH,5,5,848,15,2478,18,Hatching,positive,%,Reproduction,22.07,6.93181073,18.97,6.551679174,-0.152,0.0437,NA,NA,Yes,NA,NA,NA,,1630,3,Van_Colen_C_Jansson_A_Saunier_A_Lacoue_Labathe_T_Vincx_M,NA,Limecola_balthica,Mollusca,2018,848,15,5,Van_Colen_C_Jansson_A_Saunier_A_Lacoue_Labathe_T_Vincx_M__2018__NA,ZOO_STUDY_0515,ZOO_ES_000988,ZOO_STUDY_0515__Limecola_balthica__Mollusca__CO2848.00__T15.00__NC5,ZOO_COMMON_00894,-0.15136043632172225,0.04358578222982247
Alter et al. 2024,"Van Colen C, Jansson A, Saunier A, Lacoue-Labathe T, Vincx M",2018,NA,NA,Zooplankton,Meroplankton,Mollusca,Limecola balthica,TpH,5,5,366,15,548,18,Hatching,positive,%,Reproduction,70.34,6.93181073,63.1,9.637452983,-0.109,0.0066,NA,NA,Yes,NA,NA,NA,,182,3,Van_Colen_C_Jansson_A_Saunier_A_Lacoue_Labathe_T_Vincx_M,NA,Limecola_balthica,Mollusca,2018,366,15,5,Van_Colen_C_Jansson_A_Saunier_A_Lacoue_Labathe_T_Vincx_M__2018__NA,ZOO_STUDY_0515,ZOO_ES_000989,ZOO_STUDY_0515__Limecola_balthica__Mollusca__CO2366.00__T15.00__NC5,ZOO_COMMON_00892,-0.10861985749866895,0.006607785026842395
Alter et al. 2024,"Van Colen C, Jansson A, Saunier A, Lacoue-Labathe T, Vincx M",2018,NA,NA,Zooplankton,Meroplankton,Mollusca,Limecola balthica,TpH,5,5,848,15,2180,18,Hatching,positive,%,Reproduction,22.07,6.93181073,20.17,7.334302966,-0.09,0.0461,NA,NA,Yes,NA,NA,NA,,1332,3,Van_Colen_C_Jansson_A_Saunier_A_Lacoue_Labathe_T_Vincx_M,NA,Limecola_balthica,Mollusca,2018,848,15,5,Van_Colen_C_Jansson_A_Saunier_A_Lacoue_Labathe_T_Vincx_M__2018__NA,ZOO_STUDY_0515,ZOO_ES_000990,ZOO_STUDY_0515__Limecola_balthica__Mollusca__CO2848.00__T15.00__NC5,ZOO_COMMON_00894,-0.09002286830252455,0.04617415236135665
Alter et al. 2024,"Van Colen C, Jansson A, Saunier A, Lacoue-Labathe T, Vincx M",2018,NA,NA,Zooplankton,Meroplankton,Mollusca,Limecola balthica,TpH,5,5,848,15,1304,18,Hatching,positive,%,Reproduction,22.07,6.93181073,22.59,3.846036921,0.023,0.0256,NA,NA,Yes,NA,NA,NA,,456,3,Van_Colen_C_Jansson_A_Saunier_A_Lacoue_Labathe_T_Vincx_M,NA,Limecola_balthica,Mollusca,2018,848,15,5,Van_Colen_C_Jansson_A_Saunier_A_Lacoue_Labathe_T_Vincx_M__2018__NA,ZOO_STUDY_0515,ZOO_ES_000991,ZOO_STUDY_0515__Limecola_balthica__Mollusca__CO2848.00__T15.00__NC5,ZOO_COMMON_00894,0.02328811021126676,0.02552690210233064
Alter et al. 2024,"Van Colen C, Jansson A, Saunier A, Lacoue-Labathe T, Vincx M",2018,NA,NA,Zooplankton,Meroplankton,Mollusca,Limecola balthica,TpH,5,5,848,15,1667,18,Hatching,positive,%,Reproduction,22.07,6.93181073,23.45,10.42007678,0.061,0.0592,NA,NA,Yes,NA,NA,NA,,819,3,Van_Colen_C_Jansson_A_Saunier_A_Lacoue_Labathe_T_Vincx_M,NA,Limecola_balthica,Mollusca,2018,848,15,5,Van_Colen_C_Jansson_A_Saunier_A_Lacoue_Labathe_T_Vincx_M__2018__NA,ZOO_STUDY_0515,ZOO_ES_000992,ZOO_STUDY_0515__Limecola_balthica__Mollusca__CO2848.00__T15.00__NC5,ZOO_COMMON_00894,0.060651274623643385,0.05921952964156152
Alter et al. 2024,"Van Colen C, Jansson A, Saunier A, Lacoue-Labathe T, Vincx M",2018,NA,NA,Zooplankton,Meroplankton,Mollusca,Limecola balthica,TpH,5,5,681,15,1905,18,Hatching size,positive,µm,Growth,121.93,1.02859127,110.89,3.488266045,-0.095,2e-4,NA,NA,Yes,NA,NA,NA,,1224,3,Van_Colen_C_Jansson_A_Saunier_A_Lacoue_Labathe_T_Vincx_M,NA,Limecola_balthica,Mollusca,2018,681,15,5,Van_Colen_C_Jansson_A_Saunier_A_Lacoue_Labathe_T_Vincx_M__2018__NA,ZOO_STUDY_0515,ZOO_ES_001008,ZOO_STUDY_0515__Limecola_balthica__Mollusca__CO2681.00__T15.00__NC5,ZOO_COMMON_00893,-0.09490839060704896,2.1214142871308763e-4
Alter et al. 2024,"Van Colen C, Jansson A, Saunier A, Lacoue-Labathe T, Vincx M",2018,NA,NA,Zooplankton,Meroplankton,Mollusca,Limecola balthica,TpH,5,5,681,15,1630,18,Hatching size,positive,µm,Growth,121.93,1.02859127,112.09,4.114365079,-0.084,3e-4,NA,NA,Yes,NA,NA,NA,,949,3,Van_Colen_C_Jansson_A_Saunier_A_Lacoue_Labathe_T_Vincx_M,NA,Limecola_balthica,Mollusca,2018,681,15,5,Van_Colen_C_Jansson_A_Saunier_A_Lacoue_Labathe_T_Vincx_M__2018__NA,ZOO_STUDY_0515,ZOO_ES_001009,ZOO_STUDY_0515__Limecola_balthica__Mollusca__CO2681.00__T15.00__NC5,ZOO_COMMON_00893,-0.08414498953916942,2.8369765358118615e-4
Alter et al. 2024,"Van Colen C, Jansson A, Saunier A, Lacoue-Labathe T, Vincx M",2018,NA,NA,Zooplankton,Meroplankton,Mollusca,Limecola balthica,TpH,5,5,681,15,1367,18,Hatching size,positive,µm,Growth,121.93,1.02859127,114.94,3.913118961,-0.059,2e-4,NA,NA,Yes,NA,NA,NA,,686,3,Van_Colen_C_Jansson_A_Saunier_A_Lacoue_Labathe_T_Vincx_M,NA,Limecola_balthica,Mollusca,2018,681,15,5,Van_Colen_C_Jansson_A_Saunier_A_Lacoue_Labathe_T_Vincx_M__2018__NA,ZOO_STUDY_0515,ZOO_ES_001010,ZOO_STUDY_0515__Limecola_balthica__Mollusca__CO2681.00__T15.00__NC5,ZOO_COMMON_00893,-0.059036856492578,2.460437612492775e-4
Alter et al. 2024,"Van Colen C, Jansson A, Saunier A, Lacoue-Labathe T, Vincx M",2018,NA,NA,Zooplankton,Meroplankton,Mollusca,Limecola balthica,TpH,5,5,681,15,1056,18,Hatching size,positive,µm,Growth,121.93,1.02859127,116.13,2.459674775,-0.049,1e-4,NA,NA,Yes,NA,NA,NA,,375,3,Van_Colen_C_Jansson_A_Saunier_A_Lacoue_Labathe_T_Vincx_M,NA,Limecola_balthica,Mollusca,2018,681,15,5,Van_Colen_C_Jansson_A_Saunier_A_Lacoue_Labathe_T_Vincx_M__2018__NA,ZOO_STUDY_0515,ZOO_ES_001011,ZOO_STUDY_0515__Limecola_balthica__Mollusca__CO2681.00__T15.00__NC5,ZOO_COMMON_00893,-0.048736856314507096,1.0395443508512052e-4
Alter et al. 2024,"Van Colen C, Jansson A, Saunier A, Lacoue-Labathe T, Vincx M",2018,NA,NA,Zooplankton,Meroplankton,Mollusca,Limecola balthica,TpH,5,5,366,15,722,18,Hatching size,positive,µm,Growth,136.2,1.431083506,130.12,5.9703015,-0.046,4e-4,NA,NA,Yes,NA,NA,NA,,356,3,Van_Colen_C_Jansson_A_Saunier_A_Lacoue_Labathe_T_Vincx_M,NA,Limecola_balthica,Mollusca,2018,366,15,5,Van_Colen_C_Jansson_A_Saunier_A_Lacoue_Labathe_T_Vincx_M__2018__NA,ZOO_STUDY_0515,ZOO_ES_001012,ZOO_STUDY_0515__Limecola_balthica__Mollusca__CO2366.00__T15.00__NC5,ZOO_COMMON_00892,-0.04566729211026121,4.4313105801528613e-4
Alter et al. 2024,"Van Colen C, Jansson A, Saunier A, Lacoue-Labathe T, Vincx M",2018,NA,NA,Zooplankton,Meroplankton,Mollusca,Limecola balthica,TpH,5,5,848,15,2478,18,Hatching size,positive,µm,Growth,141.35,4.114365079,138.5,9.883420461,-0.02,0.0012,NA,NA,Yes,NA,NA,NA,,1630,3,Van_Colen_C_Jansson_A_Saunier_A_Lacoue_Labathe_T_Vincx_M,NA,Limecola_balthica,Mollusca,2018,848,15,5,Van_Colen_C_Jansson_A_Saunier_A_Lacoue_Labathe_T_Vincx_M__2018__NA,ZOO_STUDY_0515,ZOO_ES_001013,ZOO_STUDY_0515__Limecola_balthica__Mollusca__CO2848.00__T15.00__NC5,ZOO_COMMON_00894,-0.020368758512206094,0.0011879133355441895
Alter et al. 2024,"Van Colen C, Jansson A, Saunier A, Lacoue-Labathe T, Vincx M",2018,NA,NA,Zooplankton,Meroplankton,Mollusca,Limecola balthica,TpH,5,5,366,15,548,18,Hatching size,positive,µm,Growth,136.2,1.431083506,134.08,8.027484039,-0.016,7e-4,NA,NA,Yes,NA,NA,NA,,182,3,Van_Colen_C_Jansson_A_Saunier_A_Lacoue_Labathe_T_Vincx_M,NA,Limecola_balthica,Mollusca,2018,366,15,5,Van_Colen_C_Jansson_A_Saunier_A_Lacoue_Labathe_T_Vincx_M__2018__NA,ZOO_STUDY_0515,ZOO_ES_001014,ZOO_STUDY_0515__Limecola_balthica__Mollusca__CO2366.00__T15.00__NC5,ZOO_COMMON_00892,-0.015687756981638955,7.389841588784514e-4
Alter et al. 2024,"Van Colen C, Jansson A, Saunier A, Lacoue-Labathe T, Vincx M",2018,NA,NA,Zooplankton,Meroplankton,Mollusca,Limecola balthica,TpH,5,5,848,15,2180,18,Hatching size,positive,µm,Growth,141.35,4.114365079,139.79,4.516857315,-0.011,4e-4,NA,NA,Yes,NA,NA,NA,,1332,3,Van_Colen_C_Jansson_A_Saunier_A_Lacoue_Labathe_T_Vincx_M,NA,Limecola_balthica,Mollusca,2018,848,15,5,Van_Colen_C_Jansson_A_Saunier_A_Lacoue_Labathe_T_Vincx_M__2018__NA,ZOO_STUDY_0515,ZOO_ES_001015,ZOO_STUDY_0515__Limecola_balthica__Mollusca__CO2848.00__T15.00__NC5,ZOO_COMMON_00894,-0.011097787656562249,3.782605874520322e-4
Alter et al. 2024,"Van Colen C, Jansson A, Saunier A, Lacoue-Labathe T, Vincx M",2018,NA,NA,Zooplankton,Meroplankton,Mollusca,Limecola balthica,TpH,5,5,848,15,1667,18,Hatching size,positive,µm,Growth,141.35,4.114365079,139.97,2.683281573,-0.01,2e-4,NA,NA,Yes,NA,NA,NA,,819,3,Van_Colen_C_Jansson_A_Saunier_A_Lacoue_Labathe_T_Vincx_M,NA,Limecola_balthica,Mollusca,2018,848,15,5,Van_Colen_C_Jansson_A_Saunier_A_Lacoue_Labathe_T_Vincx_M__2018__NA,ZOO_STUDY_0515,ZOO_ES_001016,ZOO_STUDY_0515__Limecola_balthica__Mollusca__CO2848.00__T15.00__NC5,ZOO_COMMON_00894,-0.009810970207044864,2.4295183962429396e-4
Alter et al. 2024,"Van Colen C, Jansson A, Saunier A, Lacoue-Labathe T, Vincx M",2018,NA,NA,Zooplankton,Meroplankton,Mollusca,Limecola balthica,TpH,5,5,848,15,1304,18,Hatching size,positive,µm,Growth,141.35,4.114365079,140.71,3.711872843,-0.005,3e-4,NA,NA,Yes,NA,NA,NA,,456,3,Van_Colen_C_Jansson_A_Saunier_A_Lacoue_Labathe_T_Vincx_M,NA,Limecola_balthica,Mollusca,2018,848,15,5,Van_Colen_C_Jansson_A_Saunier_A_Lacoue_Labathe_T_Vincx_M__2018__NA,ZOO_STUDY_0515,ZOO_ES_001017,ZOO_STUDY_0515__Limecola_balthica__Mollusca__CO2848.00__T15.00__NC5,ZOO_COMMON_00894,-0.004538049339434902,3.086275636287846e-4
Alter et al. 2024,"Van Colen C, Jansson A, Saunier A, Lacoue-Labathe T, Vincx M",2018,NA,NA,Zooplankton,Meroplankton,Mollusca,Limecola balthica,TpH,5,5,366,15,1166,18,Hatching size,positive,µm,Growth,136.2,1.431083506,136.56,1.229837388,0.003,1e-4,NA,NA,Yes,NA,NA,NA,,800,3,Van_Colen_C_Jansson_A_Saunier_A_Lacoue_Labathe_T_Vincx_M,NA,Limecola_balthica,Mollusca,2018,366,15,5,Van_Colen_C_Jansson_A_Saunier_A_Lacoue_Labathe_T_Vincx_M__2018__NA,ZOO_STUDY_0515,ZOO_ES_001018,ZOO_STUDY_0515__Limecola_balthica__Mollusca__CO2366.00__T15.00__NC5,ZOO_COMMON_00892,0.0026396847707732454,3.830136639985868e-5
Alter et al. 2024,"Van Colen C, Jansson A, Saunier A, Lacoue-Labathe T, Vincx M",2018,NA,NA,Zooplankton,Meroplankton,Mollusca,Limecola balthica,TpH,5,5,366,15,932,18,Hatching size,positive,µm,Growth,136.2,1.431083506,137.67,1.229837388,0.011,1e-4,NA,NA,Yes,NA,NA,NA,,566,3,Van_Colen_C_Jansson_A_Saunier_A_Lacoue_Labathe_T_Vincx_M,NA,Limecola_balthica,Mollusca,2018,366,15,5,Van_Colen_C_Jansson_A_Saunier_A_Lacoue_Labathe_T_Vincx_M__2018__NA,ZOO_STUDY_0515,ZOO_ES_001019,ZOO_STUDY_0515__Limecola_balthica__Mollusca__CO2366.00__T15.00__NC5,ZOO_COMMON_00892,0.01073512335943973,3.804084843271358e-5
Alter et al. 2024,"Visconti G, Gianguzza F, Butera E, Costa V, Vizzini S, Byrne M, Gianguzza P",2017,NA,NA,Zooplankton,Meroplankton,Echinodermata,Arbacia lixula,TpH,25,25,418,20.3,916,26.1,Body length,positive,µm,Growth,97.86,12.45,130.8,10.85,0.29,9e-4,NA,NA,Yes,NA,NA,NA,,498,5.800000000000001,Visconti_G_Gianguzza_F_Butera_E_Costa_V_Vizzini_S_Byrne_M_Gianguzza_P,NA,Arbacia_lixula,Echinodermata,2017,418,20.3,25,Visconti_G_Gianguzza_F_Butera_E_Costa_V_Vizzini_S_Byrne_M_Gianguzza_P__2017__NA,ZOO_STUDY_0526,ZOO_ES_001025,ZOO_STUDY_0526__Arbacia_lixula__Echinodermata__CO2418.00__T20.30__NC25,ZOO_COMMON_00916,0.29013155316212086,9.226584226709004e-4
Alter et al. 2024,"Visconti G, Gianguzza F, Butera E, Costa V, Vizzini S, Byrne M, Gianguzza P",2017,NA,NA,Zooplankton,Meroplankton,Echinodermata,Arbacia lixula,TpH,25,25,418,20.3,1084,24.5,Asymmetry,negative,µm,Development,17.86,24.15,13.26,9.75,0.298,0.0949,NA,NA,Yes,NA,NA,NA,,666,4.199999999999999,Visconti_G_Gianguzza_F_Butera_E_Costa_V_Vizzini_S_Byrne_M_Gianguzza_P,NA,Arbacia_lixula,Echinodermata,2017,418,20.3,25,Visconti_G_Gianguzza_F_Butera_E_Costa_V_Vizzini_S_Byrne_M_Gianguzza_P__2017__NA,ZOO_STUDY_0526,ZOO_ES_001026,ZOO_STUDY_0526__Arbacia_lixula__Echinodermata__CO2418.00__T20.30__NC25,ZOO_COMMON_00916,-0.29781159069063656,0.09476232257757251
Alter et al. 2024,"Visconti G, Gianguzza F, Butera E, Costa V, Vizzini S, Byrne M, Gianguzza P",2017,NA,NA,Zooplankton,Meroplankton,Echinodermata,Arbacia lixula,TpH,25,25,418,20.3,1084,24.5,Body length,positive,µm,Growth,97.86,12.45,144.16,12.45,0.387,9e-4,NA,NA,Yes,NA,NA,NA,,666,4.199999999999999,Visconti_G_Gianguzza_F_Butera_E_Costa_V_Vizzini_S_Byrne_M_Gianguzza_P,NA,Arbacia_lixula,Echinodermata,2017,418,20.3,25,Visconti_G_Gianguzza_F_Butera_E_Costa_V_Vizzini_S_Byrne_M_Gianguzza_P__2017__NA,ZOO_STUDY_0526,ZOO_ES_001027,ZOO_STUDY_0526__Arbacia_lixula__Echinodermata__CO2418.00__T20.30__NC25,ZOO_COMMON_00916,0.38738590799905026,9.45761613456924e-4
Alter et al. 2024,"Visconti G, Gianguzza F, Butera E, Costa V, Vizzini S, Byrne M, Gianguzza P",2017,NA,NA,Zooplankton,Meroplankton,Echinodermata,Arbacia lixula,TpH,25,25,418,20.3,916,26.1,Asymmetry,negative,µm,Development,17.86,24.15,10.99,14.4,0.485,0.1422,NA,NA,Yes,NA,NA,NA,,498,5.800000000000001,Visconti_G_Gianguzza_F_Butera_E_Costa_V_Vizzini_S_Byrne_M_Gianguzza_P,NA,Arbacia_lixula,Echinodermata,2017,418,20.3,25,Visconti_G_Gianguzza_F_Butera_E_Costa_V_Vizzini_S_Byrne_M_Gianguzza_P__2017__NA,ZOO_STUDY_0526,ZOO_ES_001028,ZOO_STUDY_0526__Arbacia_lixula__Echinodermata__CO2418.00__T20.30__NC25,ZOO_COMMON_00916,-0.485577807032823,0.1418095896018336
Alter et al. 2024,"Walther K, Anger K, Pörtner HO",2010,NA,NA,Zooplankton,Meroplankton,Arthropoda,Hyas araneus,TpH,279,279,354,3,786,9,Developmental period zoea 2,ambiguous,days,Development,72.33,112.9142613,19.31,11.52527223,-1.321,0.01,NA,NA,Yes,NA,NA,NA,,432,6,Walther_K_Anger_K_P_rtner_HO,NA,Hyas_araneus,Arthropoda,2010,354,3,279,Walther_K_Anger_K_P_rtner_HO__2010__NA,ZOO_STUDY_0532,ZOO_ES_001038,ZOO_STUDY_0532__Hyas_araneus__Arthropoda__CO2354.00__T3.00__NC279,ZOO_COMMON_00934,-1.3206158844207663,0.010011701956286746
Alter et al. 2024,"Walther K, Anger K, Pörtner HO",2010,NA,NA,Zooplankton,Meroplankton,Arthropoda,Hyas araneus,TpH,279,279,354,3,2443,9,Developmental period zoea 2,ambiguous,days,Development,72.33,112.9142613,19.54,11.3582393,-1.309,0.0099,NA,NA,Yes,NA,NA,NA,,2089,6,Walther_K_Anger_K_P_rtner_HO,NA,Hyas_araneus,Arthropoda,2010,354,3,279,Walther_K_Anger_K_P_rtner_HO__2010__NA,ZOO_STUDY_0532,ZOO_ES_001039,ZOO_STUDY_0532__Hyas_araneus__Arthropoda__CO2354.00__T3.00__NC279,ZOO_COMMON_00934,-1.3087753342465527,0.009945938818160046
Alter et al. 2024,"Walther K, Anger K, Pörtner HO",2010,NA,NA,Zooplankton,Meroplankton,Arthropoda,Hyas araneus,TpH,279,279,354,3,786,9,Developmental period zoea 2,ambiguous,days,Development,59.17,25.05493963,21.13,19.04175412,-1.03,0.0036,NA,NA,Yes,NA,NA,NA,,432,6,Walther_K_Anger_K_P_rtner_HO,NA,Hyas_araneus,Arthropoda,2010,354,3,279,Walther_K_Anger_K_P_rtner_HO__2010__NA,ZOO_STUDY_0532,ZOO_ES_001040,ZOO_STUDY_0532__Hyas_araneus__Arthropoda__CO2354.00__T3.00__NC279,ZOO_COMMON_00934,-1.0297208250606373,0.003553446092249485
Alter et al. 2024,"Walther K, Anger K, Pörtner HO",2010,NA,NA,Zooplankton,Meroplankton,Arthropoda,Hyas araneus,TpH,279,279,354,3,2443,9,Developmental period zoea 2,ambiguous,days,Development,59.17,25.05493963,21.81,15.19999671,-0.998,0.0024,NA,NA,Yes,NA,NA,NA,,2089,6,Walther_K_Anger_K_P_rtner_HO,NA,Hyas_araneus,Arthropoda,2010,354,3,279,Walther_K_Anger_K_P_rtner_HO__2010__NA,ZOO_STUDY_0532,ZOO_ES_001041,ZOO_STUDY_0532__Hyas_araneus__Arthropoda__CO2354.00__T3.00__NC279,ZOO_COMMON_00934,-0.998046076475065,0.0023835476952607723
Alter et al. 2024,"Walther K, Anger K, Pörtner HO",2010,NA,NA,Zooplankton,Meroplankton,Arthropoda,Hyas araneus,TpH,10,10,354,3,2443,9,C:N ratio,ambiguous,NA,Physiology,4.29,1.549516053,4.56,1.264911064,0.061,0.0207,NA,NA,Yes,NA,NA,NA,,2089,6,Walther_K_Anger_K_P_rtner_HO,NA,Hyas_araneus,Arthropoda,2010,354,3,10,Walther_K_Anger_K_P_rtner_HO__2010__NA,ZOO_STUDY_0532,ZOO_ES_001042,ZOO_STUDY_0532__Hyas_araneus__Arthropoda__CO2354.00__T3.00__NC10,ZOO_COMMON_00933,0.06103589058636909,0.0207406813287578
Alter et al. 2024,"Walther K, Anger K, Pörtner HO",2010,NA,NA,Zooplankton,Meroplankton,Arthropoda,Hyas araneus,TpH,10,10,354,3,2443,9,dry weight M14,positive,µg ind-1,Growth,356.48,71.27773846,398.16,178.8268017,0.111,0.0242,NA,NA,Yes,NA,NA,NA,,2089,6,Walther_K_Anger_K_P_rtner_HO,NA,Hyas_araneus,Arthropoda,2010,354,3,10,Walther_K_Anger_K_P_rtner_HO__2010__NA,ZOO_STUDY_0532,ZOO_ES_001043,ZOO_STUDY_0532__Hyas_araneus__Arthropoda__CO2354.00__T3.00__NC10,ZOO_COMMON_00933,0.1105757972514342,0.024169997784102615
Alter et al. 2024,"Walther K, Anger K, Pörtner HO",2010,NA,NA,Zooplankton,Meroplankton,Arthropoda,Hyas araneus,TpH,10,10,354,3,786,9,C:N ratio,ambiguous,NA,Physiology,4.29,1.549516053,4.95,3.130654884,0.142,0.053,NA,NA,Yes,NA,NA,NA,,432,6,Walther_K_Anger_K_P_rtner_HO,NA,Hyas_araneus,Arthropoda,2010,354,3,10,Walther_K_Anger_K_P_rtner_HO__2010__NA,ZOO_STUDY_0532,ZOO_ES_001044,ZOO_STUDY_0532__Hyas_araneus__Arthropoda__CO2354.00__T3.00__NC10,ZOO_COMMON_00933,0.14310084364067344,0.053046006055946796
Alter et al. 2024,"Walther K, Anger K, Pörtner HO",2010,NA,NA,Zooplankton,Meroplankton,Arthropoda,Hyas araneus,TpH,10,10,354,3,786,9,dry weight M14,positive,µg ind-1,Growth,356.48,71.27773846,513.76,128.2303591,0.365,0.0102,NA,NA,Yes,NA,NA,NA,,432,6,Walther_K_Anger_K_P_rtner_HO,NA,Hyas_araneus,Arthropoda,2010,354,3,10,Walther_K_Anger_K_P_rtner_HO__2010__NA,ZOO_STUDY_0532,ZOO_ES_001045,ZOO_STUDY_0532__Hyas_araneus__Arthropoda__CO2354.00__T3.00__NC10,ZOO_COMMON_00933,0.3654780930423393,0.010227565207315006
Alter et al. 2024,"Walther, Sartoris, Pörtner",2011,NA,NA,Zooplankton,Meroplankton,Arthropoda,Hyas araneus,TpH,9,9,354,3,2443,9,calcium content,ambiguous,mg/l/mg FW,Physiology,2.332,0.678,1.625,0.468,-0.361,0.0186,NA,NA,Yes,NA,NA,NA,,2089,6,Walther_Sartoris_P_rtner,NA,Hyas_araneus,Arthropoda,2011,354,3,9,Walther_Sartoris_P_rtner__2011__NA,ZOO_STUDY_0533,ZOO_ES_001056,ZOO_STUDY_0533__Hyas_araneus__Arthropoda__CO2354.00__T3.00__NC9,ZOO_COMMON_00935,-0.361218452706545,0.018608036812018044
Alter et al. 2024,"Walther, Sartoris, Pörtner",2011,NA,NA,Zooplankton,Meroplankton,Arthropoda,Hyas araneus,TpH,9,9,354,3,786,9,calcium content,ambiguous,mg/l/mg FW,Physiology,2.332,0.678,3.179,0.867,0.31,0.0177,NA,NA,Yes,NA,NA,NA,,432,6,Walther_Sartoris_P_rtner,NA,Hyas_araneus,Arthropoda,2011,354,3,9,Walther_Sartoris_P_rtner__2011__NA,ZOO_STUDY_0533,ZOO_ES_001057,ZOO_STUDY_0533__Hyas_araneus__Arthropoda__CO2354.00__T3.00__NC9,ZOO_COMMON_00935,0.3098404134404197,0.017656499621935398
Alter et al. 2024,"Walther, Sartoris, Pörtner",2011,NA,NA,Zooplankton,Meroplankton,Arthropoda,Hyas araneus,TpH,9,9,354,3,2443,9,calcium content,ambiguous,mg/l/mg FW,Physiology,4.143,1.089,3.643,0.735,-0.129,0.0122,NA,NA,Yes,NA,NA,NA,,2089,6,Walther_Sartoris_P_rtner,NA,Hyas_araneus,Arthropoda,2011,354,3,9,Walther_Sartoris_P_rtner__2011__NA,ZOO_STUDY_0533,ZOO_ES_001058,ZOO_STUDY_0533__Hyas_araneus__Arthropoda__CO2354.00__T3.00__NC9,ZOO_COMMON_00935,-0.12861264506883804,0.012199722904313115
Alter et al. 2024,"Walther, Sartoris, Pörtner",2011,NA,NA,Zooplankton,Meroplankton,Arthropoda,Hyas araneus,TpH,9,9,354,3,786,9,calcium content,ambiguous,mg/l/mg FW,Physiology,4.143,1.089,4.396,0.735,0.059,0.0108,NA,NA,Yes,NA,NA,NA,,432,6,Walther_Sartoris_P_rtner,NA,Hyas_araneus,Arthropoda,2011,354,3,9,Walther_Sartoris_P_rtner__2011__NA,ZOO_STUDY_0533,ZOO_ES_001059,ZOO_STUDY_0533__Hyas_araneus__Arthropoda__CO2354.00__T3.00__NC9,ZOO_COMMON_00935,0.05927487344611023,0.010782965589518065
Alter et al. 2024,"Watson SA, Bridie J. M. Allan, David E. McQueen, Simon Nicol, Darren M. Parsons, Stephen M. J. Pether, Stephen Pope, Alvin N. Setiawan, Neville Smith, Carly Wilson, Philip L. Munday",2018,NA,NA,Zooplankton,Meroplankton,Fish larvae,Seriola lalandi,TpH,5,5,462,21.1,1011,24.9,Survival at 1 dph,positive,%,Survival,79.4,11.85116028,72.9,5.590169944,-0.0854,0.0056,NA,NA,Yes,NA,NA,NA,,549,3.799999999999997,Watson_SA_Bridie_J_M_Allan_David_E_McQueen_Simon_Nicol_Darren_M_Parsons_Stephen_M_J_Pether_Stephen_Pope_Alvin_N_Setiawan_Neville_Smith_Carly_Wilson_Philip_L_Munday,NA,Seriola_lalandi,Fish_larvae,2018,462,21.1,5,Watson_SA_Bridie_J_M_Allan_David_E_McQueen_Simon_Nicol_Darren_M_Parsons_Stephen_M_J_Pether_Stephen_Pope_Alvin_N_Setiawan_Neville_Smith_Carly_Wilson_Philip_L_Munday__2018__NA,ZOO_STUDY_0538,ZOO_ES_001061,ZOO_STUDY_0538__Seriola_lalandi__Fish_larvae__CO2462.00__T21.10__NC5,ZOO_COMMON_00941,-0.08540972923847759,0.00563169433242325
Alter et al. 2024,"Watson SA, Bridie J. M. Allan, David E. McQueen, Simon Nicol, Darren M. Parsons, Stephen M. J. Pether, Stephen Pope, Alvin N. Setiawan, Neville Smith, Carly Wilson, Philip L. Munday",2018,NA,NA,Zooplankton,Meroplankton,Fish larvae,Seriola lalandi,TpH,5,5,462,21.1,1011,24.9,Survival from 1 to 25 dph,positive,%,Survival,2.5,1.341640786,1.3,0.447213595,-0.6539,0.0813,NA,NA,Yes,NA,NA,NA,,549,3.799999999999997,Watson_SA_Bridie_J_M_Allan_David_E_McQueen_Simon_Nicol_Darren_M_Parsons_Stephen_M_J_Pether_Stephen_Pope_Alvin_N_Setiawan_Neville_Smith_Carly_Wilson_Philip_L_Munday,NA,Seriola_lalandi,Fish_larvae,2018,462,21.1,5,Watson_SA_Bridie_J_M_Allan_David_E_McQueen_Simon_Nicol_Darren_M_Parsons_Stephen_M_J_Pether_Stephen_Pope_Alvin_N_Setiawan_Neville_Smith_Carly_Wilson_Philip_L_Munday__2018__NA,ZOO_STUDY_0538,ZOO_ES_001065,ZOO_STUDY_0538__Seriola_lalandi__Fish_larvae__CO2462.00__T21.10__NC5,ZOO_COMMON_00941,-0.6539264674066639,0.08126863895741253
Alter et al. 2024,"Watson SA, Bridie J. M. Allan, David E. McQueen, Simon Nicol, Darren M. Parsons, Stephen M. J. Pether, Stephen Pope, Alvin N. Setiawan, Neville Smith, Carly Wilson, Philip L. Munday",2018,NA,NA,Zooplankton,Meroplankton,Fish larvae,Seriola lalandi,TpH,180,180,462,21.1,1011,24.9,Standard length at 21dph,positive,mm,Growth,7.54,2.549117494,11.19,3.219937888,0.3948,0.0011,NA,NA,Yes,NA,NA,NA,,549,3.799999999999997,Watson_SA_Bridie_J_M_Allan_David_E_McQueen_Simon_Nicol_Darren_M_Parsons_Stephen_M_J_Pether_Stephen_Pope_Alvin_N_Setiawan_Neville_Smith_Carly_Wilson_Philip_L_Munday,NA,Seriola_lalandi,Fish_larvae,2018,462,21.1,180,Watson_SA_Bridie_J_M_Allan_David_E_McQueen_Simon_Nicol_Darren_M_Parsons_Stephen_M_J_Pether_Stephen_Pope_Alvin_N_Setiawan_Neville_Smith_Carly_Wilson_Philip_L_Munday__2018__NA,ZOO_STUDY_0538,ZOO_ES_001067,ZOO_STUDY_0538__Seriola_lalandi__Fish_larvae__CO2462.00__T21.10__NC180,ZOO_COMMON_00940,0.3947983403039691,0.0010949912700637218
Alter et al. 2024,"Watson SA, Bridie J. M. Allan, David E. McQueen, Simon Nicol, Darren M. Parsons, Stephen M. J. Pether, Stephen Pope, Alvin N. Setiawan, Neville Smith, Carly Wilson, Philip L. Munday",2018,NA,NA,Zooplankton,Meroplankton,Fish larvae,Seriola lalandi,TpH,180,180,462,21.1,1011,24.9,Yolk area at 1 dph,ambiguous,mm2,Development,0.136,0.013416408,0.113,0.013416408,-0.1853,1e-4,NA,NA,Yes,NA,NA,NA,,549,3.799999999999997,Watson_SA_Bridie_J_M_Allan_David_E_McQueen_Simon_Nicol_Darren_M_Parsons_Stephen_M_J_Pether_Stephen_Pope_Alvin_N_Setiawan_Neville_Smith_Carly_Wilson_Philip_L_Munday,NA,Seriola_lalandi,Fish_larvae,2018,462,21.1,180,Watson_SA_Bridie_J_M_Allan_David_E_McQueen_Simon_Nicol_Darren_M_Parsons_Stephen_M_J_Pether_Stephen_Pope_Alvin_N_Setiawan_Neville_Smith_Carly_Wilson_Philip_L_Munday__2018__NA,ZOO_STUDY_0538,ZOO_ES_001069,ZOO_STUDY_0538__Seriola_lalandi__Fish_larvae__CO2462.00__T21.10__NC180,ZOO_COMMON_00940,-0.1852670670237115,1.323804149461456e-4
Alter et al. 2024,"Zakroff CJ, Mooney TA",2020,NA,NA,Zooplankton,Meroplankton,Mollusca,Doryteuthis pealeii,TpH,10,10,387,19.5,1907,27.5,Yolk-sac volume,ambiguous,mm3,Development,0.03,0.031622777,0.02,0,-0.511,0.3015,NA,NA,Yes,NA,NA,NA,,1520,8,Zakroff_CJ_Mooney_TA,NA,Doryteuthis_pealeii,Mollusca,2020,387,19.5,10,Zakroff_CJ_Mooney_TA__2020__NA,ZOO_STUDY_0556,ZOO_ES_001079,ZOO_STUDY_0556__Doryteuthis_pealeii__Mollusca__CO2387.00__T19.50__NC10,ZOO_COMMON_00967,-0.4054651081081643,0.11111111391019211
Alter et al. 2024,"Zakroff CJ, Mooney TA",2020,NA,NA,Zooplankton,Meroplankton,Mollusca,Doryteuthis pealeii,TpH,10,10,387,19.5,2691,27.5,Yolk-sac volume,ambiguous,mm3,Development,0.03,0.031622777,0.02,0.031622777,-0.223,0.3904,NA,NA,Yes,NA,NA,NA,,2304,8,Zakroff_CJ_Mooney_TA,NA,Doryteuthis_pealeii,Mollusca,2020,387,19.5,10,Zakroff_CJ_Mooney_TA__2020__NA,ZOO_STUDY_0556,ZOO_ES_001080,ZOO_STUDY_0556__Doryteuthis_pealeii__Mollusca__CO2387.00__T19.50__NC10,ZOO_COMMON_00967,-0.4054651081081643,0.36111112020812436
Alter et al. 2024,"Zakroff CJ, Mooney TA",2020,NA,NA,Zooplankton,Meroplankton,Mollusca,Doryteuthis pealeii,TpH,10,10,387,19.5,2691,27.5,Dorsal mantle length,positive,mm,Growth,1.73,0.221359436,1.47,0.347850543,-0.163,0.0072,NA,NA,Yes,NA,NA,NA,,2304,8,Zakroff_CJ_Mooney_TA,NA,Doryteuthis_pealeii,Mollusca,2020,387,19.5,10,Zakroff_CJ_Mooney_TA__2020__NA,ZOO_STUDY_0556,ZOO_ES_001081,ZOO_STUDY_0556__Doryteuthis_pealeii__Mollusca__CO2387.00__T19.50__NC10,ZOO_COMMON_00967,-0.1628590077190427,0.007236726787274257
Alter et al. 2024,"Zakroff CJ, Mooney TA",2020,NA,NA,Zooplankton,Meroplankton,Mollusca,Doryteuthis pealeii,TpH,10,10,387,19.5,1907,27.5,Dorsal mantle length,positive,mm,Growth,1.73,0.221359436,1.48,0.221359436,-0.156,0.0039,NA,NA,Yes,NA,NA,NA,,1520,8,Zakroff_CJ_Mooney_TA,NA,Doryteuthis_pealeii,Mollusca,2020,387,19.5,10,Zakroff_CJ_Mooney_TA__2020__NA,ZOO_STUDY_0556,ZOO_ES_001082,ZOO_STUDY_0556__Doryteuthis_pealeii__Mollusca__CO2387.00__T19.50__NC10,ZOO_COMMON_00967,-0.15607932073366387,0.003874242383288671
Alter et al. 2024,"Zakroff CJ, Mooney TA",2020,NA,NA,Zooplankton,Meroplankton,Mollusca,Doryteuthis pealeii,TpH,3,3,387,19.5,1907,27.5,Time to 50% hatching,ambiguous,days,Development,15.8,0.173205081,9.5,0.173205081,-0.509,2e-4,NA,NA,Yes,NA,NA,NA,,1520,8,Zakroff_CJ_Mooney_TA,NA,Doryteuthis_pealeii,Mollusca,2020,387,19.5,3,Zakroff_CJ_Mooney_TA__2020__NA,ZOO_STUDY_0556,ZOO_ES_001083,ZOO_STUDY_0556__Doryteuthis_pealeii__Mollusca__CO2387.00__T19.50__NC3,ZOO_COMMON_00968,-0.508718141426426,1.5086100758683444e-4
Alter et al. 2024,"Zakroff CJ, Mooney TA",2020,NA,NA,Zooplankton,Meroplankton,Mollusca,Doryteuthis pealeii,TpH,3,3,387,19.5,2691,27.5,Time to 50% hatching,ambiguous,days,Development,15.8,0.173205081,9.7,0.692820323,-0.488,0.0017,NA,NA,Yes,NA,NA,NA,,2304,8,Zakroff_CJ_Mooney_TA,NA,Doryteuthis_pealeii,Mollusca,2020,387,19.5,3,Zakroff_CJ_Mooney_TA__2020__NA,ZOO_STUDY_0556,ZOO_ES_001084,ZOO_STUDY_0556__Doryteuthis_pealeii__Mollusca__CO2387.00__T19.50__NC3,ZOO_COMMON_00968,-0.4878840545235841,0.0017405572047753265
Leung et al. 2022,"García et al., 2018. Mar Environ Res",NA,NA,NA,Zooplankton,Meroplankton,Urchin larvae,Sphaerechinus granularis,TpH,3,3,489,19,1432.9,21,Larval density,ambiguous,NA,Survival,3.5,9.5,44,9.5,2.531426665422893,135.7891156,NA,NA,Yes,NA,NA,NA,,943.9000000000001,2,Garc_a_et_al_2018_Mar_Environ_Res,NA,Sphaerechinus_granularis,Urchin_larvae,NA,489,19,3,Garc_a_et_al_2018_Mar_Environ_Res__NA__NA,ZOO_STUDY_0165,ZOO_ES_001165,ZOO_STUDY_0165__Sphaerechinus_granularis__Urchin_larvae__CO2489.00__T19.00__NC3,ZOO_COMMON_00285,2.531426665422893,2.4713212247708998
Leung et al. 2022,"García et al., 2018. Mar Environ Res",NA,NA,NA,Zooplankton,Meroplankton,Urchin larvae,Sphaerechinus granularis,TpH,3,3,489,19,2813.3,21,Larval density,ambiguous,NA,Survival,3.5,9.5,12,10,1.2321436812926323,0.0223,NA,NA,Yes,NA,NA,NA,,2324.3,2,Garc_a_et_al_2018_Mar_Environ_Res,NA,Sphaerechinus_granularis,Urchin_larvae,NA,489,19,3,Garc_a_et_al_2018_Mar_Environ_Res__NA__NA,ZOO_STUDY_0165,ZOO_ES_001176,ZOO_STUDY_0165__Sphaerechinus_granularis__Urchin_larvae__CO2489.00__T19.00__NC3,ZOO_COMMON_00285,1.2321436812926323,2.6872637944066513
Hoppit et al. 2022,"Aganlt et al., 2013",NA,NA,NA,Zooplankton,Meroplankton,Decapod,Homarus gammarus,TpH,9,27,692,10,1198,14,Growth,ambiguous,NA,Growth,3.9,0.19,4.07,0.08,0.0427,2.78e-4,Larval stage 3,NA,Yes,NA,NA,NA,,506,4,Aganlt_et_al_2013,NA,Homarus_gammarus,Decapod,NA,692,10,9,Aganlt_et_al_2013__NA__NA,ZOO_STUDY_0005,ZOO_ES_001409,ZOO_STUDY_0005__Homarus_gammarus__Decapod__CO2692.00__T10.00__NC9,ZOO_COMMON_00005,0.04266644631890294,2.780249885396991e-4
Leung et al. 2022,"García et al., 2018. Mar Environ Res",NA,NA,NA,Zooplankton,Meroplankton,Urchin larvae,Arbacia lixula,TpH,3,3,394.4,19,1599.6,25,Larval density,ambiguous,NA,Survival,240,10,372,8,0.4382549309311553,0.00185,NA,NA,Yes,NA,NA,NA,,1205.1999999999998,6,Garc_a_et_al_2018_Mar_Environ_Res,NA,Arbacia_lixula,Urchin_larvae,NA,394.4,19,3,Garc_a_et_al_2018_Mar_Environ_Res__NA__NA,ZOO_STUDY_0165,ZOO_ES_001412,ZOO_STUDY_0165__Arbacia_lixula__Urchin_larvae__CO2394.40__T19.00__NC3,ZOO_COMMON_00279,0.4382549309311553,7.328641076039619e-4
Hu et al. 2024,Nguyen H D et al,2012,"Noncalcifying larvae in a changing ocean: warming, notacidiÃ¯Â¬Âcation/hypercapnia, is the dominant stressor ondevelopment of the sea star Meridiastra calcar",https://onlinelibrary.wiley.com/doi/epdf/10.1111/j.1365-2486.2012.02714.x,Zooplankton,Meroplankton,Echinoderm,Meridiastra calcar,TpH,12,12,375,20,1000,24,Mean % mortality day 5,negative,NA,Survival,73.714,37.516,5.4179,14.3656,0.31261318,0.0519,Fig 4b,"for ei and vei, I used yi and vi from the source database, but there are also the main_effect and variance columns (which probably are the pooled or estimated version of lnrr); hence, the values I pasted here reflect more of the raw values I think",Yes,NA,NA,NA,,625,4,Nguyen_H_D_et_al,Noncalcifying_larvae_in_a_changing_ocean_warming_notacidi_cation_hypercapnia_is_the_dominant_stressor_ondevelopment_of_the_sea_star_Meridiastra_calcar,Meridiastra_calcar,Echinoderm,2012,375,20,12,Nguyen_H_D_et_al__2012__Noncalcifying_larvae_in_a_changing_ocean_warming_notacidi_cation_hypercapnia_is_the_dominant_stressor_ondevelopment_of_the_sea_star_Meridiastra_calcar,ZOO_STUDY_0369,ZOO_ES_001427,ZOO_STUDY_0369__Meridiastra_calcar__Echinoderm__CO2375.00__T20.00__NC12,ZOO_COMMON_00642,-2.6104844539523757,0.6074591225791162
Leung et al. 2022,"García et al., 2018. Mar Environ Res",NA,NA,NA,Zooplankton,Meroplankton,Urchin larvae,Arbacia lixula,TpH,3,3,394.4,19,2918.6,23,Larval density,ambiguous,NA,Survival,240,10,310,8,0.2559333741372007,0.00215,NA,NA,Yes,NA,NA,NA,,2524.2,4,Garc_a_et_al_2018_Mar_Environ_Res,NA,Arbacia_lixula,Urchin_larvae,NA,394.4,19,3,Garc_a_et_al_2018_Mar_Environ_Res__NA__NA,ZOO_STUDY_0165,ZOO_ES_001437,ZOO_STUDY_0165__Arbacia_lixula__Urchin_larvae__CO2394.40__T19.00__NC3,ZOO_COMMON_00279,0.2559333741372007,8.006946853200754e-4
Hoppit et al. 2022,"Mayor et al., 2012",2012,NA,NA,Zooplankton,Holoplankton,Calanoid copepod,Calanus helgolandicus,TpH,4,5,380,10,1000,12,Reproduction,positive,NA,Reproduction,0.66,0.18,0.63,0.08,-0.0465,0.0218,"Data from figure 2, batch 2",NA,Yes,NA,NA,NA,,620,2,Mayor_et_al_2012,NA,Calanus_helgolandicus,Calanoid_copepod,2012,380,10,4,Mayor_et_al_2012__2012__NA,ZOO_STUDY_0342,ZOO_ES_001447,ZOO_STUDY_0342__Calanus_helgolandicus__Calanoid_copepod__CO2380.00__T10.00__NC4,ZOO_COMMON_00596,-0.04652001563489293,0.021820035023498226
Hoppit et al. 2022,"Mayor et al., 2012",2012,NA,NA,Zooplankton,Holoplankton,Calanoid copepod,Calanus helgolandicus,TpH,5,5,380,10,1000,12,Reproduction,positive,NA,Reproduction,0.51,0.08,0.38,0.08,-0.294239473,0.0138,"Data from figure 2, batch 1",NA,Yes,NA,NA,NA,,620,2,Mayor_et_al_2012,NA,Calanus_helgolandicus,Calanoid_copepod,2012,380,10,5,Mayor_et_al_2012__2012__NA,ZOO_STUDY_0342,ZOO_ES_001448,ZOO_STUDY_0342__Calanus_helgolandicus__Calanoid_copepod__CO2380.00__T10.00__NC5,ZOO_COMMON_00597,-0.29423947299793995,0.013785450087916325
Hu et al. 2024,Alessi et al,2019,"Ocean acidification and elevated temperature negatively affect recruitment, oxygen consumption and calcification of the reef-building Dendropoma cristatum early life stages: Evidence from a manipulative field study",https://www.sciencedirect.com/science/article/abs/pii/S0048969719333960?via%3Dihub,Zooplankton,Meroplankton,Mollusca,Dendropoma cristatum,TpH,3,3,378,24,1161,28,O2 consumption,ambiguous,NA,Physiology,15.58,33.35,2.3036,3.4641,-0.300855967,0.0294,Fig 5,"for ei and vei, I used yi and vi from the source database, but there are also the main_effect and variance columns (which probably are the pooled or estimated version of lnrr); hence, the values I pasted here reflect more of the raw values I think",Yes,NA,NA,NA,,783,4,Alessi_et_al,Ocean_acidification_and_elevated_temperature_negatively_affect_recruitment_oxygen_consumption_and_calcification_of_the_reef_building_Dendropoma_cristatum_early_life_stages_Evidence_from_a_manipulative_field_study,Dendropoma_cristatum,Mollusca,2019,378,24,3,Alessi_et_al__2019__Ocean_acidification_and_elevated_temperature_negatively_affect_recruitment_oxygen_consumption_and_calcification_of_the_reef_building_Dendropoma_cristatum_early_life_stages_Evidence_from_a_manipulative_field_study,ZOO_STUDY_0013,ZOO_ES_001492,ZOO_STUDY_0013__Dendropoma_cristatum__Mollusca__CO2378.00__T24.00__NC3,ZOO_COMMON_00019,-1.911514923792222,2.281120710927246
Hu et al. 2024,Alessi et al,2019,"Ocean acidification and elevated temperature negatively affect recruitment, oxygen consumption and calcification of the reef-building Dendropoma cristatum early life stages: Evidence from a manipulative field study",https://www.sciencedirect.com/science/article/abs/pii/S0048969719333960?via%3Dihub,Zooplankton,Meroplankton,Mollusca,Dendropoma cristatum,TpH,3,3,378,24,1161,28,shell length (mm),positive,NA,Growth,0.723,0.772,0.0069,0.0121,0.045,1.59e-4,Fig 2b,"for ei and vei, I used yi and vi from the source database, but there are also the main_effect and variance columns (which probably are the pooled or estimated version of lnrr); hence, the values I pasted here reflect more of the raw values I think",Yes,NA,NA,NA,,783,4,Alessi_et_al,Ocean_acidification_and_elevated_temperature_negatively_affect_recruitment_oxygen_consumption_and_calcification_of_the_reef_building_Dendropoma_cristatum_early_life_stages_Evidence_from_a_manipulative_field_study,Dendropoma_cristatum,Mollusca,2019,378,24,3,Alessi_et_al__2019__Ocean_acidification_and_elevated_temperature_negatively_affect_recruitment_oxygen_consumption_and_calcification_of_the_reef_building_Dendropoma_cristatum_early_life_stages_Evidence_from_a_manipulative_field_study,ZOO_STUDY_0013,ZOO_ES_001493,ZOO_STUDY_0013__Dendropoma_cristatum__Mollusca__CO2378.00__T24.00__NC3,ZOO_COMMON_00019,-4.651887810555551,1.4051112746149135
Hu et al. 2024,Alessi et al,2019,"Ocean acidification and elevated temperature negatively affect recruitment, oxygen consumption and calcification of the reef-building Dendropoma cristatum early life stages: Evidence from a manipulative field study",https://www.sciencedirect.com/science/article/abs/pii/S0048969719333960?via%3Dihub,Zooplankton,Meroplankton,Mollusca,Dendropoma cristatum,TpH,3,3,378,24,1161,28,CaO %,positive,NA,Physiology,95,92.06,1.3042,1.8879,-0.0196,5.13e-4,Fig 4,"for ei and vei, I used yi and vi from the source database, but there are also the main_effect and variance columns (which probably are the pooled or estimated version of lnrr); hence, the values I pasted here reflect more of the raw values I think",Yes,NA,NA,NA,,783,4,Alessi_et_al,Ocean_acidification_and_elevated_temperature_negatively_affect_recruitment_oxygen_consumption_and_calcification_of_the_reef_building_Dendropoma_cristatum_early_life_stages_Evidence_from_a_manipulative_field_study,Dendropoma_cristatum,Mollusca,2019,378,24,3,Alessi_et_al__2019__Ocean_acidification_and_elevated_temperature_negatively_affect_recruitment_oxygen_consumption_and_calcification_of_the_reef_building_Dendropoma_cristatum_early_life_stages_Evidence_from_a_manipulative_field_study,ZOO_STUDY_0013,ZOO_ES_001494,ZOO_STUDY_0013__Dendropoma_cristatum__Mollusca__CO2378.00__T24.00__NC3,ZOO_COMMON_00019,-4.288287065623576,1.0114919160593208
Hu et al. 2024,Comeau S et al,2010,Response of the Arctic Pteropod Limacina helicina to Projected Future Environmental Conditions,https://journals.plos.org/plosone/article?id=10.1371%2Fjournal.pone.0011362,Zooplankton,Holoplankton,Pteropod,Limacina helicina,TpH,20,20,380,0,1020,4,Active absorbation of CaCO3,positive,NA,Physiology,0.51,0.12,0.04,0.04,0.781942679,0.0143,Supporting information Tab S5,"for ei and vei, I used yi and vi from the source database, but there are also the main_effect and variance columns (which probably are the pooled or estimated version of lnrr); hence, the values I pasted here reflect more of the raw values I think",Yes,NA,NA,NA,,640,4,Comeau_S_et_al,Response_of_the_Arctic_Pteropod_Limacina_helicina_to_Projected_Future_Environmental_Conditions,Limacina_helicina,Pteropod,2010,380,0,20,Comeau_S_et_al__2010__Response_of_the_Arctic_Pteropod_Limacina_helicina_to_Projected_Future_Environmental_Conditions,ZOO_STUDY_0095,ZOO_ES_001499,ZOO_STUDY_0095__Limacina_helicina__Pteropod__CO2380.00__T0.00__NC20,ZOO_COMMON_00164,-2.5455312716044354,0.0527681660899654
Leung et al. 2022,"García et al., 2018. Mar Environ Res",NA,NA,NA,Zooplankton,Meroplankton,Urchin larvae,Arbacia lixula,TpH,3,3,394.4,19,2865.4,25,Larval density,ambiguous,NA,Survival,240,10,302,8,0.2297880940328783,0.00119,NA,NA,Yes,NA,NA,NA,,2471,6,Garc_a_et_al_2018_Mar_Environ_Res,NA,Arbacia_lixula,Urchin_larvae,NA,394.4,19,3,Garc_a_et_al_2018_Mar_Environ_Res__NA__NA,ZOO_STUDY_0165,ZOO_ES_001502,ZOO_STUDY_0165__Arbacia_lixula__Urchin_larvae__CO2394.40__T19.00__NC3,ZOO_COMMON_00279,0.2297880940328783,8.126115732415894e-4
Hu et al. 2024,Doo et al,2019,Amelioration of ocean acidification and warming effects through physiological buffering of a macroalgae,https://onlinelibrary.wiley.com/doi/10.1002/ece3.6552?utm_medium=article&utm_source=researchgate.net,Zooplankton,Holoplankton,Foraminifera,Marginopora vertebralis,TpH,10,10,400,26,1000,29,growth (g-1.day-1),positive,NA,Growth,0.522,0.299,0.1233,0.2245,0.00437,0.0854,Fig 1a,"for ei and vei, I used yi and vi from the source database, but there are also the main_effect and variance columns (which probably are the pooled or estimated version of lnrr); hence, the values I pasted here reflect more of the raw values I think",Yes,NA,NA,NA,,600,3,Doo_et_al,Amelioration_of_ocean_acidification_and_warming_effects_through_physiological_buffering_of_a_macroalgae,Marginopora_vertebralis,Foraminifera,2019,400,26,10,Doo_et_al__2019__Amelioration_of_ocean_acidification_and_warming_effects_through_physiological_buffering_of_a_macroalgae,ZOO_STUDY_0125,ZOO_ES_001508,ZOO_STUDY_0125__Marginopora_vertebralis__Foraminifera__CO2400.00__T26.00__NC10,ZOO_COMMON_00217,-1.4430471777123401,0.3643271930072804
Hu et al. 2024,Doo et al,2019,Amelioration of ocean acidification and warming effects through physiological buffering of a macroalgae,https://onlinelibrary.wiley.com/doi/10.1002/ece3.6552?utm_medium=article&utm_source=researchgate.net,Zooplankton,Holoplankton,Foraminifera,Marginopora vertebralis,TpH,10,10,400,26,1000,29,mg CaCO3 day-1,positive,NA,Physiology,0.87,0.211,0.4016,0.2656,-0.175077426,0.291202081,Fig 1a,"for ei and vei, I used yi and vi from the source database, but there are also the main_effect and variance columns (which probably are the pooled or estimated version of lnrr); hence, the values I pasted here reflect more of the raw values I think",Yes,NA,NA,NA,,600,3,Doo_et_al,Amelioration_of_ocean_acidification_and_warming_effects_through_physiological_buffering_of_a_macroalgae,Marginopora_vertebralis,Foraminifera,2019,400,26,10,Doo_et_al__2019__Amelioration_of_ocean_acidification_and_warming_effects_through_physiological_buffering_of_a_macroalgae,ZOO_STUDY_0125,ZOO_ES_001513,ZOO_STUDY_0125__Marginopora_vertebralis__Foraminifera__CO2400.00__T26.00__NC10,ZOO_COMMON_00217,-0.7730366432711099,0.04962100703076203
Hu et al. 2024,Manno et al,2012,Effect of ocean acidification and temperature increase on the planktonic foraminifer Neogloboquadrina pachyderma (sinistral),https://www.researchgate.net/publication/256615344_Effect_of_ocean_acidification_and_temperature_increase_on_the_planktonic_foraminifer_Neogloboquadrina_pachyderma_sinistral,Zooplankton,Holoplankton,Foraminifera,Neogloboquadrina pachyderma,TpH,4,4,380,1,700,4,"CaCO3 contents, adults",positive,NA,Physiology,1.149,0.939,0.0635,0.0521,0.163659455,0.0032,Fig 3b,"for ei and vei, I used yi and vi from the source database, but there are also the main_effect and variance columns (which probably are the pooled or estimated version of lnrr); hence, the values I pasted here reflect more of the raw values I think",Yes,NA,NA,NA,,320,3,Manno_et_al,Effect_of_ocean_acidification_and_temperature_increase_on_the_planktonic_foraminifer_Neogloboquadrina_pachyderma_sinistral_,Neogloboquadrina_pachyderma,Foraminifera,2012,380,1,4,Manno_et_al__2012__Effect_of_ocean_acidification_and_temperature_increase_on_the_planktonic_foraminifer_Neogloboquadrina_pachyderma_sinistral_,ZOO_STUDY_0330,ZOO_ES_001514,ZOO_STUDY_0330__Neogloboquadrina_pachyderma__Foraminifera__CO2380.00__T1.00__NC4,ZOO_COMMON_00579,-2.89560737195011,0.3352609456746294
Hu et al. 2024,Nguyen H D et al,2012,"Noncalcifying larvae in a changing ocean: warming, notacidiÃ¯Â¬Âcation/hypercapnia, is the dominant stressor ondevelopment of the sea star Meridiastra calcar",https://onlinelibrary.wiley.com/doi/epdf/10.1111/j.1365-2486.2012.02714.x,Zooplankton,Meroplankton,Echinoderm,Meridiastra calcar,TpH,10,10,375,20,1000,24,Mean % hatched,positive,NA,Reproduction,89.932,30.639,7.4883,24.6183,-0.193812176,0.0901,Fig 3,"for ei and vei, I used yi and vi from the source database, but there are also the main_effect and variance columns (which probably are the pooled or estimated version of lnrr); hence, the values I pasted here reflect more of the raw values I think",Yes,NA,NA,NA,,625,4,Nguyen_H_D_et_al,Noncalcifying_larvae_in_a_changing_ocean_warming_notacidi_cation_hypercapnia_is_the_dominant_stressor_ondevelopment_of_the_sea_star_Meridiastra_calcar,Meridiastra_calcar,Echinoderm,2012,375,20,10,Nguyen_H_D_et_al__2012__Noncalcifying_larvae_in_a_changing_ocean_warming_notacidi_cation_hypercapnia_is_the_dominant_stressor_ondevelopment_of_the_sea_star_Meridiastra_calcar,ZOO_STUDY_0369,ZOO_ES_001522,ZOO_STUDY_0369__Meridiastra_calcar__Echinoderm__CO2375.00__T20.00__NC10,ZOO_COMMON_00641,-2.4857120267234456,1.092417752903673
Hu et al. 2024,Nguyen H D et al,2012,"Noncalcifying larvae in a changing ocean: warming, notacidiÃ¯Â¬Âcation/hypercapnia, is the dominant stressor ondevelopment of the sea star Meridiastra calcar",https://onlinelibrary.wiley.com/doi/epdf/10.1111/j.1365-2486.2012.02714.x,Zooplankton,Meroplankton,Echinoderm,Meridiastra calcar,TpH,12,12,375,20,1000,24,Mean % normal larvae,positive,NA,Development,38.619,49.25,8.0159,7.4825,-0.0147,0.0116,Fig 5,"for ei and vei, I used yi and vi from the source database, but there are also the main_effect and variance columns (which probably are the pooled or estimated version of lnrr); hence, the values I pasted here reflect more of the raw values I think",Yes,NA,NA,NA,,625,4,Nguyen_H_D_et_al,Noncalcifying_larvae_in_a_changing_ocean_warming_notacidi_cation_hypercapnia_is_the_dominant_stressor_ondevelopment_of_the_sea_star_Meridiastra_calcar,Meridiastra_calcar,Echinoderm,2012,375,20,12,Nguyen_H_D_et_al__2012__Noncalcifying_larvae_in_a_changing_ocean_warming_notacidi_cation_hypercapnia_is_the_dominant_stressor_ondevelopment_of_the_sea_star_Meridiastra_calcar,ZOO_STUDY_0369,ZOO_ES_001523,ZOO_STUDY_0369__Meridiastra_calcar__Echinoderm__CO2375.00__T20.00__NC12,ZOO_COMMON_00642,-1.5723173141308122,0.2081399160073958
Hu et al. 2024,Nguyen H D et al,2012,"Noncalcifying larvae in a changing ocean: warming, notacidiÃ¯Â¬Âcation/hypercapnia, is the dominant stressor ondevelopment of the sea star Meridiastra calcar",https://onlinelibrary.wiley.com/doi/epdf/10.1111/j.1365-2486.2012.02714.x,Zooplankton,Meroplankton,Echinoderm,Meridiastra calcar,TpH,12,12,375,20,1000,24,Mean lenght,positive,NA,Growth,579.815,470.623,44.6003,33.7646,-0.115976772,0.00381,Fig 6,"for ei and vei, I used yi and vi from the source database, but there are also the main_effect and variance columns (which probably are the pooled or estimated version of lnrr); hence, the values I pasted here reflect more of the raw values I think",Yes,NA,NA,NA,,625,4,Nguyen_H_D_et_al,Noncalcifying_larvae_in_a_changing_ocean_warming_notacidi_cation_hypercapnia_is_the_dominant_stressor_ondevelopment_of_the_sea_star_Meridiastra_calcar,Meridiastra_calcar,Echinoderm,2012,375,20,12,Nguyen_H_D_et_al__2012__Noncalcifying_larvae_in_a_changing_ocean_warming_notacidi_cation_hypercapnia_is_the_dominant_stressor_ondevelopment_of_the_sea_star_Meridiastra_calcar,ZOO_STUDY_0369,ZOO_ES_001524,ZOO_STUDY_0369__Meridiastra_calcar__Echinoderm__CO2375.00__T20.00__NC12,ZOO_COMMON_00642,-2.5649685016821087,0.10266197637128206
Hu et al. 2024,Parker L M et al,2009,The effect of ocean acidification and temperature on the fertilization and embryonic development of the Sydney rock oyster Saccostrea glomerata (Gould 1850),https://www.researchgate.net/publication/229667873_The_effect_of_ocean_acidification_and_temperature_on_the_fertilization_and_embryonic_development_of_the_Sydney_rock_oyster_Saccostrea_glomerata_Gould_1850,Zooplankton,Meroplankton,Mollusca,Saccostrea glomerata,TpH,5,5,375,26,1000,30,% of gamets to reach D-veliger after 48h,positive,NA,Development,95.688,31.279,2.0572,9.0717,-0.410180201,0.021,Fig 2b,"for ei and vei, I used yi and vi from the source database, but there are also the main_effect and variance columns (which probably are the pooled or estimated version of lnrr); hence, the values I pasted here reflect more of the raw values I think",Yes,NA,NA,NA,,625,4,Parker_L_M_et_al,The_effect_of_ocean_acidification_and_temperature_on_the_fertilization_and_embryonic_development_of_the_Sydney_rock_oyster_Saccostrea_glomerata_Gould_1850_,Saccostrea_glomerata,Mollusca,2009,375,26,5,Parker_L_M_et_al__2009__The_effect_of_ocean_acidification_and_temperature_on_the_fertilization_and_embryonic_development_of_the_Sydney_rock_oyster_Saccostrea_glomerata_Gould_1850_,ZOO_STUDY_0398,ZOO_ES_001531,ZOO_STUDY_0398__Saccostrea_glomerata__Mollusca__CO2375.00__T26.00__NC5,ZOO_COMMON_00686,-3.8397470638285394,3.9105174866176484
Hu et al. 2024,Parker L M et al,2009,The effect of ocean acidification and temperature on the fertilization and embryonic development of the Sydney rock oyster Saccostrea glomerata (Gould 1850),https://www.researchgate.net/publication/229667873_The_effect_of_ocean_acidification_and_temperature_on_the_fertilization_and_embryonic_development_of_the_Sydney_rock_oyster_Saccostrea_glomerata_Gould_1850,Zooplankton,Meroplankton,Mollusca,Saccostrea glomerata,TpH,4,4,375,26,1000,30,% Fertilization of gamets,positive,NA,Reproduction,88.829,50.843,2.684,1.588,-8.11e-4,0.00179,Fig 1,"for ei and vei, I used yi and vi from the source database, but there are also the main_effect and variance columns (which probably are the pooled or estimated version of lnrr); hence, the values I pasted here reflect more of the raw values I think",Yes,NA,NA,NA,,625,4,Parker_L_M_et_al,The_effect_of_ocean_acidification_and_temperature_on_the_fertilization_and_embryonic_development_of_the_Sydney_rock_oyster_Saccostrea_glomerata_Gould_1850_,Saccostrea_glomerata,Mollusca,2009,375,26,4,Parker_L_M_et_al__2009__The_effect_of_ocean_acidification_and_temperature_on_the_fertilization_and_embryonic_development_of_the_Sydney_rock_oyster_Saccostrea_glomerata_Gould_1850_,ZOO_STUDY_0398,ZOO_ES_001532,ZOO_STUDY_0398__Saccostrea_glomerata__Mollusca__CO2375.00__T26.00__NC4,ZOO_COMMON_00685,-3.4994049541507426,0.1694153650128475
Hu et al. 2024,Parker L M et al,2009,The effect of ocean acidification and temperature on the fertilization and embryonic development of the Sydney rock oyster Saccostrea glomerata (Gould 1850),https://www.researchgate.net/publication/229667873_The_effect_of_ocean_acidification_and_temperature_on_the_fertilization_and_embryonic_development_of_the_Sydney_rock_oyster_Saccostrea_glomerata_Gould_1850,Zooplankton,Meroplankton,Mollusca,Saccostrea glomerata,TpH,5,5,375,26,1000,30,Mean shell length of D-veliger larvae after 48h,positive,NA,Growth,76.722,66.072,2.2875,3.3049,-0.0152,0.00121,Fig 4b,"for ei and vei, I used yi and vi from the source database, but there are also the main_effect and variance columns (which probably are the pooled or estimated version of lnrr); hence, the values I pasted here reflect more of the raw values I think",Yes,NA,NA,NA,,625,4,Parker_L_M_et_al,The_effect_of_ocean_acidification_and_temperature_on_the_fertilization_and_embryonic_development_of_the_Sydney_rock_oyster_Saccostrea_glomerata_Gould_1850_,Saccostrea_glomerata,Mollusca,2009,375,26,5,Parker_L_M_et_al__2009__The_effect_of_ocean_acidification_and_temperature_on_the_fertilization_and_embryonic_development_of_the_Sydney_rock_oyster_Saccostrea_glomerata_Gould_1850_,ZOO_STUDY_0398,ZOO_ES_001533,ZOO_STUDY_0398__Saccostrea_glomerata__Mollusca__CO2375.00__T26.00__NC5,ZOO_COMMON_00686,-3.5127289808895465,0.5657978559547261
Hu et al. 2024,Wong & Hofmann,2020,"The effects of temperature andÃ‚Â pCO2Ã‚Â on the size, thermal tolerance and metabolic rate of the red sea urchin (Mesocentrotus franciscanus) during early development",https://link.springer.com/article/10.1007/s00227-019-3633-y,Zooplankton,Meroplankton,Echinoderm,Mesocentrotus franciscanus,TpH,3,3,475,13,1050,17,Gastrula length (mm),positive,NA,Growth,0.1548,0.15,0.006,0.007,0.0238,0.00229,Tab 2,"for ei and vei, I used yi and vi from the source database, but there are also the main_effect and variance columns (which probably are the pooled or estimated version of lnrr); hence, the values I pasted here reflect more of the raw values I think",Yes,NA,NA,NA,,575,4,Wong_Hofmann,The_effects_of_temperature_and_pCO2_on_the_size_thermal_tolerance_and_metabolic_rate_of_the_red_sea_urchin_Mesocentrotus_franciscanus_during_early_development,Mesocentrotus_franciscanus,Echinoderm,2020,475,13,3,Wong_Hofmann__2020__The_effects_of_temperature_and_pCO2_on_the_size_thermal_tolerance_and_metabolic_rate_of_the_red_sea_urchin_Mesocentrotus_franciscanus_during_early_development,ZOO_STUDY_0548,ZOO_ES_001536,ZOO_STUDY_0548__Mesocentrotus_franciscanus__Echinoderm__CO2475.00__T13.00__NC3,ZOO_COMMON_00954,-3.250374491927572,0.7666856959717967
Leung et al. 2022,"García et al., 2018. Mar Environ Res",NA,NA,NA,Zooplankton,Meroplankton,Urchin larvae,Arbacia lixula,TpH,3,3,394.4,19,1503.6,21,Larval density,ambiguous,NA,Survival,240,10,280,8,0.15415067982725836,0.00191,NA,NA,Yes,NA,NA,NA,,1109.1999999999998,2,Garc_a_et_al_2018_Mar_Environ_Res,NA,Arbacia_lixula,Urchin_larvae,NA,394.4,19,3,Garc_a_et_al_2018_Mar_Environ_Res__NA__NA,ZOO_STUDY_0165,ZOO_ES_001657,ZOO_STUDY_0165__Arbacia_lixula__Urchin_larvae__CO2394.40__T19.00__NC3,ZOO_COMMON_00279,0.15415067982725836,8.508125472411186e-4
Leung et al. 2022,"García et al., 2018. Mar Environ Res",NA,NA,NA,Zooplankton,Meroplankton,Urchin larvae,Sphaerechinus granularis,TpH,3,3,489,19,1316.3,23,Larval density,ambiguous,NA,Survival,3.5,9.5,4,9,0.13353139262452257,4.763744486,NA,NA,Yes,NA,NA,NA,,827.3,4,Garc_a_et_al_2018_Mar_Environ_Res,NA,Sphaerechinus_granularis,Urchin_larvae,NA,489,19,3,Garc_a_et_al_2018_Mar_Environ_Res__NA__NA,ZOO_STUDY_0165,ZOO_ES_001662,ZOO_STUDY_0165__Sphaerechinus_granularis__Urchin_larvae__CO2489.00__T19.00__NC3,ZOO_COMMON_00285,0.13353139262452257,4.1432823129251695
Leung et al. 2022,"García et al., 2018. Mar Environ Res",NA,NA,NA,Zooplankton,Meroplankton,Urchin larvae,Sphaerechinus granularis,TpH,3,3,489,19,2539.3,23,Larval density,ambiguous,NA,Survival,3.5,9.5,4,9,0.13353139262452257,14.15957782,NA,NA,Yes,NA,NA,NA,,2050.3,4,Garc_a_et_al_2018_Mar_Environ_Res,NA,Sphaerechinus_granularis,Urchin_larvae,NA,489,19,3,Garc_a_et_al_2018_Mar_Environ_Res__NA__NA,ZOO_STUDY_0165,ZOO_ES_001663,ZOO_STUDY_0165__Sphaerechinus_granularis__Urchin_larvae__CO2489.00__T19.00__NC3,ZOO_COMMON_00285,0.13353139262452257,4.1432823129251695
Leung et al. 2022,"Marques et al., 2020. Environ Pollut",NA,NA,NA,Zooplankton,Holoplankton,Foraminifer,Amphistegina gibbosa,TpH,5,5,333.2,26.9,636.5,28.3,Bleaching frequency,ambiguous,NA,Survival,7.7,4.3421052631578885,8.5,8.930921052631554,0.09884583463663264,9.02e-4,NA,NA,Yes,NA,NA,NA,,303.3,1.4000000000000021,Marques_et_al_2020_Environ_Pollut,NA,Amphistegina_gibbosa,Foraminifer,NA,333.2,26.9,5,Marques_et_al_2020_Environ_Pollut__NA__NA,ZOO_STUDY_0334,ZOO_ES_001670,ZOO_STUDY_0334__Amphistegina_gibbosa__Foraminifer__CO2333.20__T26.90__NC5,ZOO_COMMON_00586,0.09884583463663264,0.28439151344911295
Leung et al. 2022,"García et al., 2018. Mar Environ Res",NA,NA,NA,Zooplankton,Meroplankton,Urchin larvae,Arbacia lixula,TpH,3,3,394.4,19,1484.3,23,Larval density,ambiguous,NA,Survival,240,10,262,8,0.08770558041910545,0.001,NA,NA,Yes,NA,NA,NA,,1089.9,4,Garc_a_et_al_2018_Mar_Environ_Res,NA,Arbacia_lixula,Urchin_larvae,NA,394.4,19,3,Garc_a_et_al_2018_Mar_Environ_Res__NA__NA,ZOO_STUDY_0165,ZOO_ES_001672,ZOO_STUDY_0165__Arbacia_lixula__Urchin_larvae__CO2394.40__T19.00__NC3,ZOO_COMMON_00279,0.08770558041910545,8.894859036532015e-4
Leung et al. 2022,"García et al., 2018. Mar Environ Res",NA,NA,NA,Zooplankton,Meroplankton,Urchin larvae,Arbacia lixula,TpH,3,3,394.4,19,2903.3,21,Larval density,ambiguous,NA,Survival,240,10,252,8,0.04879016416943205,0.00141,NA,NA,Yes,NA,NA,NA,,2508.9,2,Garc_a_et_al_2018_Mar_Environ_Res,NA,Arbacia_lixula,Urchin_larvae,NA,394.4,19,3,Garc_a_et_al_2018_Mar_Environ_Res__NA__NA,ZOO_STUDY_0165,ZOO_ES_001685,ZOO_STUDY_0165__Arbacia_lixula__Urchin_larvae__CO2394.40__T19.00__NC3,ZOO_COMMON_00279,0.04879016416943205,9.146405475770555e-4
Leung et al. 2022,"Schmidt et al., 2014. Coral Reefs",NA,NA,NA,Zooplankton,Holoplankton,Foraminifera,Marginopora vertebralis,TpH,3,3,479,28,790,31,Survival,positive,NA,Survival,98,1.4,95,4.14,-0.03109058707003112,4.14e-4,NA,NA,Yes,NA,NA,NA,,311,3,Schmidt_et_al_2014_Coral_Reefs,NA,Marginopora_vertebralis,Foraminifera,NA,479,28,3,Schmidt_et_al_2014_Coral_Reefs__NA__NA,ZOO_STUDY_0458,ZOO_ES_001863,ZOO_STUDY_0458__Marginopora_vertebralis__Foraminifera__CO2479.00__T28.00__NC3,ZOO_COMMON_00792,-0.03109058707003112,7.010687621308911e-4
Rynkowski et al. 2025,Griffith,2017,NA,https://www.nature.com/articles/s41598-017-11442-3,Zooplankton,Meroplankton,Mollusca,Mercenaria.mercenaria,TpH,6,6,600,24,2500,27,Survival,positive,NA,Survival,88.15789,9.21053,63.15789,11.40351,-0.0507,0.0112,NA,calculated using chatgpt using the formula of Hu et al. 2024; study design has to be revisited (can we input the results of the individual stressors as distinct rows?? Like stressor 1 impact and then stressor 2 impacts??,Yes,NA,NA,NA,,1900,3,Griffith,NA,Mercenaria_mercenaria,Mollusca,2017,600,24,6,Griffith__2017__NA,ZOO_STUDY_0195,ZOO_ES_001908,ZOO_STUDY_0195__Mercenaria_mercenaria__Mollusca__CO2600.00__T24.00__NC6,ZOO_COMMON_00348,-0.3334916297517332,0.007252650309308776
Leung et al. 2022,"Dineshram et al., 2016. Glob Change Biol",NA,NA,NA,Zooplankton,Meroplankton,Oyster larvae,Crassostrea gigas,TpH,3,3,514.2,24,3208,30,Larval survival,positive,NA,Survival,100,0,95,10.52196597472194,-0.05129329438755058,0.00409,NA,NA,Yes,NA,NA,NA,,2693.8,6,Dineshram_et_al_2016_Glob_Change_Biol,NA,Crassostrea_gigas,Oyster_larvae,NA,514.2,24,3,Dineshram_et_al_2016_Glob_Change_Biol__NA__NA,ZOO_STUDY_0119,ZOO_ES_001910,ZOO_STUDY_0119__Crassostrea_gigas__Oyster_larvae__CO2514.20__T24.00__NC3,ZOO_COMMON_00204,-0.05129329438755058,0.0040890773027961675
Kindinger et al. 2022,"W. Li, et al.",2015,Combined effects of short-term ocean acidification and heat shock in a benthic copepod Tigriopus japonicus Mori.,NA,Zooplankton,Holoplankton,Non-calanoid copepod,Tigriopus,TpH,3,3,399,20,1007,24,feeding rate,positive,NA,Physiology,969.2063,336.5482,936.951,228.6318,-0.0338,0.06,NA,NA,Yes,NA,NA,NA,,608,4,W_Li_et_al_,Combined_effects_of_short_term_ocean_acidification_and_heat_shock_in_a_benthic_copepod_Tigriopus_japonicus_Mori_,Tigriopus,Non_calanoid_copepod,2015,399,20,3,W_Li_et_al___2015__Combined_effects_of_short_term_ocean_acidification_and_heat_shock_in_a_benthic_copepod_Tigriopus_japonicus_Mori_,ZOO_STUDY_0529,ZOO_ES_001980,ZOO_STUDY_0529__Tigriopus__Non_calanoid_copepod__CO2399.00__T20.00__NC3,ZOO_COMMON_00929,-0.03384650281368317,0.06004018130065336
Leung et al. 2022,"Albright and Mason et al., 2013. Plos One",NA,NA,NA,Zooplankton,Meroplankton,Coral larvae,Acropora tenuis,TpH,6,6,434,27,912,30,Fertilization success,positive,NA,Reproduction,97.7,0.9797958971132712,94.9,1.224744871391589,-0.029077853432854843,0.0101,NA,NA,Yes,NA,NA,NA,,478,3,Albright_and_Mason_et_al_2013_Plos_One,NA,Acropora_tenuis,Coral_larvae,NA,434,27,6,Albright_and_Mason_et_al_2013_Plos_One__NA__NA,ZOO_STUDY_0010,ZOO_ES_002258,ZOO_STUDY_0010__Acropora_tenuis__Coral_larvae__CO2434.00__T27.00__NC6,ZOO_COMMON_00014,-0.029077853432854843,4.452143448385748e-5
Leung et al. 2022,"Albright and Mason et al., 2013. Plos One",NA,NA,NA,Zooplankton,Meroplankton,Coral larvae,Acropora tenuis,TpH,6,6,434,27,912,30,Fertilization success,positive,NA,Reproduction,98.3,1.224744871391589,59.7,14.696938456699067,-0.4986920067545643,4.45e-5,NA,NA,Yes,NA,NA,NA,,478,3,Albright_and_Mason_et_al_2013_Plos_One,NA,Acropora_tenuis,Coral_larvae,NA,434,27,6,Albright_and_Mason_et_al_2013_Plos_One__NA__NA,ZOO_STUDY_0010,ZOO_ES_002260,ZOO_STUDY_0010__Acropora_tenuis__Coral_larvae__CO2434.00__T27.00__NC6,ZOO_COMMON_00014,-0.4986920067545643,0.01012662720839601
Leung et al. 2022,"Brennand et al., 2010. Plos One",NA,NA,NA,Zooplankton,Meroplankton,Urchin larvae,Tripneustes gratilla,TpH,3,3,448,24,1169,27,Arm asymmetry,negative,NA,Development,7,1.8341872308280867,12.8,2.07831977888019,0.6035350218702583,0.00771,NA,NA,Yes,NA,NA,NA,,721,3,Brennand_et_al_2010_Plos_One,NA,Tripneustes_gratilla,Urchin_larvae,NA,448,24,3,Brennand_et_al_2010_Plos_One__NA__NA,ZOO_STUDY_0046,ZOO_ES_002296,ZOO_STUDY_0046__Tripneustes_gratilla__Urchin_larvae__CO2448.00__T24.00__NC3,ZOO_COMMON_00067,0.6035350218702583,0.03167387388232954
Leung et al. 2022,"Brennand et al., 2010. Plos One",NA,NA,NA,Zooplankton,Meroplankton,Urchin larvae,Tripneustes gratilla,TpH,3,3,448,24,1938,27,Arm asymmetry,negative,NA,Development,7,1.8341872308280867,12.6,2.038786522216712,0.5877866649021191,0.00332,NA,NA,Yes,NA,NA,NA,,1490,3,Brennand_et_al_2010_Plos_One,NA,Tripneustes_gratilla,Urchin_larvae,NA,448,24,3,Brennand_et_al_2010_Plos_One__NA__NA,ZOO_STUDY_0046,ZOO_ES_002297,ZOO_STUDY_0046__Tripneustes_gratilla__Urchin_larvae__CO2448.00__T24.00__NC3,ZOO_COMMON_00067,0.5877866649021191,0.031613330704263885
Leung et al. 2022,"Brennand et al., 2010. Plos One",NA,NA,NA,Zooplankton,Meroplankton,Urchin larvae,Tripneustes gratilla,TpH,3,3,448,24,1169,27,Post oral arm length,positive,NA,Growth,135,12.86972736273995,135,6.201716446537247,-0.241162057,0.00855,NA,NA,Yes,NA,NA,NA,,721,3,Brennand_et_al_2010_Plos_One,NA,Tripneustes_gratilla,Urchin_larvae,NA,448,24,3,Brennand_et_al_2010_Plos_One__NA__NA,ZOO_STUDY_0046,ZOO_ES_002304,ZOO_STUDY_0046__Tripneustes_gratilla__Urchin_larvae__CO2448.00__T24.00__NC3,ZOO_COMMON_00067,0,0.003732806022396122
Leung et al. 2022,"Brennand et al., 2010. Plos One",NA,Impact of Ocean Warming and Ocean Acidification on Larval Development and Calcification in the Sea Urchin Tripneustes gratilla,https://journals.plos.org/plosone/article?id=10.1371%2Fjournal.pone.0011372,Zooplankton,Meroplankton,Urchin larvae,Tripneustes gratilla,TpH,3,3,448,24,1938,27,Post oral arm length,positive,NA,Growth,135,12.86972736273995,138,8.416615177444399,0.245122458,0.0526,NA,NA,Yes,NA,NA,NA,,1490,3,Brennand_et_al_2010_Plos_One,Impact_of_Ocean_Warming_and_Ocean_Acidification_on_Larval_Development_and_Calcification_in_the_Sea_Urchin_Tripneustes_gratilla,Tripneustes_gratilla,Urchin_larvae,NA,448,24,3,Brennand_et_al_2010_Plos_One__NA__Impact_of_Ocean_Warming_and_Ocean_Acidification_on_Larval_Development_and_Calcification_in_the_Sea_Urchin_Tripneustes_gratilla,ZOO_STUDY_0045,ZOO_ES_002305,ZOO_STUDY_0045__Tripneustes_gratilla__Urchin_larvae__CO2448.00__T24.00__NC3,ZOO_COMMON_00066,0.021978906718775167,0.0042692784092494065
Leung et al. 2022,"Brennand et al., 2010. Plos One",NA,NA,NA,Zooplankton,Meroplankton,Urchin larvae,Tripneustes gratilla,TpH,3,3,448,24,1938,27,Normal larvae,positive,NA,Development,78,10.14454027019416,74,13.048783540644202,-0.05264373348542203,0.00341,NA,NA,Yes,NA,NA,NA,,1490,3,Brennand_et_al_2010_Plos_One,NA,Tripneustes_gratilla,Urchin_larvae,NA,448,24,3,Brennand_et_al_2010_Plos_One__NA__NA,ZOO_STUDY_0046,ZOO_ES_002308,ZOO_STUDY_0046__Tripneustes_gratilla__Urchin_larvae__CO2448.00__T24.00__NC3,ZOO_COMMON_00067,-0.05264373348542203,0.016003046354386888
Leung et al. 2022,"Brennand et al., 2010. Plos One",NA,NA,NA,Zooplankton,Meroplankton,Urchin larvae,Tripneustes gratilla,TpH,3,3,448,24,1169,27,Normal larvae,positive,NA,Development,78,10.14454027019416,68,12.281208038253238,-0.137201121513485,0.00296,NA,NA,Yes,NA,NA,NA,,721,3,Brennand_et_al_2010_Plos_One,NA,Tripneustes_gratilla,Urchin_larvae,NA,448,24,3,Brennand_et_al_2010_Plos_One__NA__NA,ZOO_STUDY_0046,ZOO_ES_002309,ZOO_STUDY_0046__Tripneustes_gratilla__Urchin_larvae__CO2448.00__T24.00__NC3,ZOO_COMMON_00067,-0.137201121513485,0.016511221687139897
Leung et al. 2022,"Brennand et al., 2010. Plos One",NA,Impact of Ocean Warming and Ocean Acidification on Larval Development and Calcification in the Sea Urchin Tripneustes gratilla,https://journals.plos.org/plosone/article?id=10.1371%2Fjournal.pone.0011372,Zooplankton,Meroplankton,Urchin larvae,Tripneustes gratilla,TpH,3,3,448,24,1169,27,Total length of calcite rod,positive,NA,Growth,380,31.956656966215416,360,15.315561803262586,-0.242313467,0.0105,NA,NA,Yes,NA,NA,NA,,721,3,Brennand_et_al_2010_Plos_One,Impact_of_Ocean_Warming_and_Ocean_Acidification_on_Larval_Development_and_Calcification_in_the_Sea_Urchin_Tripneustes_gratilla,Tripneustes_gratilla,Urchin_larvae,NA,448,24,3,Brennand_et_al_2010_Plos_One__NA__Impact_of_Ocean_Warming_and_Ocean_Acidification_on_Larval_Development_and_Calcification_in_the_Sea_Urchin_Tripneustes_gratilla,ZOO_STUDY_0045,ZOO_ES_002314,ZOO_STUDY_0045__Tripneustes_gratilla__Urchin_larvae__CO2448.00__T24.00__NC3,ZOO_COMMON_00066,-0.05406722127027582,0.0029607139088597893
Leung et al. 2022,"Brennand et al., 2010. Plos One",NA,Impact of Ocean Warming and Ocean Acidification on Larval Development and Calcification in the Sea Urchin Tripneustes gratilla,https://journals.plos.org/plosone/article?id=10.1371%2Fjournal.pone.0011372,Zooplankton,Meroplankton,Urchin larvae,Tripneustes gratilla,TpH,3,3,448,24,1938,27,Total length of calcite rod,positive,NA,Growth,380,31.956656966215416,350,19.691436604194276,-0.052,0.00845,NA,NA,Yes,NA,NA,NA,,1490,3,Brennand_et_al_2010_Plos_One,Impact_of_Ocean_Warming_and_Ocean_Acidification_on_Larval_Development_and_Calcification_in_the_Sea_Urchin_Tripneustes_gratilla,Tripneustes_gratilla,Urchin_larvae,NA,448,24,3,Brennand_et_al_2010_Plos_One__NA__Impact_of_Ocean_Warming_and_Ocean_Acidification_on_Larval_Development_and_Calcification_in_the_Sea_Urchin_Tripneustes_gratilla,ZOO_STUDY_0045,ZOO_ES_002315,ZOO_STUDY_0045__Tripneustes_gratilla__Urchin_larvae__CO2448.00__T24.00__NC3,ZOO_COMMON_00066,-0.08223809823697212,0.003412514502297996
Leung et al. 2022,Byrne et al. 2009. Proc R Soc B,NA,NA,NA,Zooplankton,Meroplankton,Urchin larvae,Heliocidaris erythrogramma,TpH,5,5,372.4,20,624.7,24,Fertilization,ambiguous,NA,Reproduction,95,0.5,93,3.3541019662496847,-0.02127739844728485,0.0386,NA,NA,Yes,NA,NA,NA,,252.30000000000007,4,Byrne_et_al_2009_Proc_R_Soc_B,NA,Heliocidaris_erythrogramma,Urchin_larvae,NA,372.4,20,5,Byrne_et_al_2009_Proc_R_Soc_B__NA__NA,ZOO_STUDY_0058,ZOO_ES_002319,ZOO_STUDY_0058__Heliocidaris_erythrogramma__Urchin_larvae__CO2372.40__T20.00__NC5,ZOO_COMMON_00087,-0.02127739844728485,2.656858477866719e-4
Leung et al. 2022,Byrne et al. 2009. Proc R Soc B,NA,NA,NA,Zooplankton,Meroplankton,Urchin larvae,Heliocidaris erythrogramma,TpH,5,5,372.4,20,813.9,24,Fertilization,ambiguous,NA,Reproduction,95,0.5,93,4.47213595499958,-0.02127739844728485,0.10953125,NA,NA,Yes,NA,NA,NA,,441.5,4,Byrne_et_al_2009_Proc_R_Soc_B,NA,Heliocidaris_erythrogramma,Urchin_larvae,NA,372.4,20,5,Byrne_et_al_2009_Proc_R_Soc_B__NA__NA,ZOO_STUDY_0058,ZOO_ES_002320,ZOO_STUDY_0058__Heliocidaris_erythrogramma__Urchin_larvae__CO2372.40__T20.00__NC5,ZOO_COMMON_00087,-0.02127739844728485,4.680213779057609e-4
Leung et al. 2022,Byrne et al. 2009. Proc R Soc B,NA,NA,NA,Zooplankton,Meroplankton,Urchin larvae,Heliocidaris erythrogramma,TpH,5,5,372.4,20,624.7,24,Cleavage,ambiguous,NA,Development,80,11.180339887498949,30,20.12461179749811,-0.9808292530117262,0.0939,NA,NA,Yes,NA,NA,NA,,252.30000000000007,4,Byrne_et_al_2009_Proc_R_Soc_B,NA,Heliocidaris_erythrogramma,Urchin_larvae,NA,372.4,20,5,Byrne_et_al_2009_Proc_R_Soc_B__NA__NA,ZOO_STUDY_0058,ZOO_ES_002321,ZOO_STUDY_0058__Heliocidaris_erythrogramma__Urchin_larvae__CO2372.40__T20.00__NC5,ZOO_COMMON_00087,-0.9808292530117262,0.09390625000000001
Leung et al. 2022,Byrne et al. 2009. Proc R Soc B,NA,NA,NA,Zooplankton,Meroplankton,Urchin larvae,Heliocidaris erythrogramma,TpH,5,5,372.4,20,813.9,24,Cleavage,ambiguous,NA,Development,80,11.180339887498949,28,22.360679774997898,-1.0498221244986778,0.111437719,NA,NA,Yes,NA,NA,NA,,441.5,4,Byrne_et_al_2009_Proc_R_Soc_B,NA,Heliocidaris_erythrogramma,Urchin_larvae,NA,372.4,20,5,Byrne_et_al_2009_Proc_R_Soc_B__NA__NA,ZOO_STUDY_0058,ZOO_ES_002322,ZOO_STUDY_0058__Heliocidaris_erythrogramma__Urchin_larvae__CO2372.40__T20.00__NC5,ZOO_COMMON_00087,-1.0498221244986778,0.13145727040816327
Leung et al. 2022,Byrne et al. 2009. Proc R Soc B,NA,NA,NA,Zooplankton,Meroplankton,Urchin larvae,Heliocidaris erythrogramma,TpH,5,5,372.4,20,624.7,24,Gastrulation,ambiguous,NA,Development,83,3.3541019662496847,39,20.12461179749811,-0.7552789616669515,0.00224,NA,NA,Yes,NA,NA,NA,,252.30000000000007,4,Byrne_et_al_2009_Proc_R_Soc_B,NA,Heliocidaris_erythrogramma,Urchin_larvae,NA,372.4,20,5,Byrne_et_al_2009_Proc_R_Soc_B__NA__NA,ZOO_STUDY_0058,ZOO_ES_002325,ZOO_STUDY_0058__Heliocidaris_erythrogramma__Urchin_larvae__CO2372.40__T20.00__NC5,ZOO_COMMON_00087,-0.7552789616669515,0.053581045505183215
Leung et al. 2022,Byrne et al. 2009. Proc R Soc B,NA,NA,NA,Zooplankton,Meroplankton,Urchin larvae,Heliocidaris erythrogramma,TpH,5,5,372.4,20,813.9,24,Gastrulation,ambiguous,NA,Development,83,3.3541019662496847,30,22.360679774997898,-1.0176432261344426,0.00167,NA,NA,Yes,NA,NA,NA,,441.5,4,Byrne_et_al_2009_Proc_R_Soc_B,NA,Heliocidaris_erythrogramma,Urchin_larvae,NA,372.4,20,5,Byrne_et_al_2009_Proc_R_Soc_B__NA__NA,ZOO_STUDY_0058,ZOO_ES_002326,ZOO_STUDY_0058__Heliocidaris_erythrogramma__Urchin_larvae__CO2372.40__T20.00__NC5,ZOO_COMMON_00087,-1.0176432261344426,0.11143771874647183
Leung et al. 2022,"Comeau et al., 2016. Coral Reefs",NA,NA,NA,Zooplankton,Meroplankton,Coral larvae,Acropora pulchra,TpH,10,10,330,27,991,30,Calcification rate,positive,NA,Physiology,1.08,0.23546892043425138,0.35,0.19210533706714203,-1.1267831656348062,0.0349,NA,NA,Yes,NA,NA,NA,,661,3,Comeau_et_al_2016_Coral_Reefs,NA,Acropora_pulchra,Coral_larvae,NA,330,27,10,Comeau_et_al_2016_Coral_Reefs__NA__NA,ZOO_STUDY_0098,ZOO_ES_002403,ZOO_STUDY_0098__Acropora_pulchra__Coral_larvae__CO2330.00__T27.00__NC10,ZOO_COMMON_00169,-1.1267831656348062,0.034879657828659504
Leung et al. 2022,"Cumbo et al., 2013. J Exp Mar Biol Ecol",NA,NA,NA,Zooplankton,Meroplankton,Coral larvae,Pocillopora damicornis,TpH,4,4,467.5,24,824.6,30.5,Larval respiration rate,ambiguous,NA,Physiology,1.85,0.17792676637442,3,0.46415678184631926,0.4834266495778762,0.0292,NA,NA,Yes,NA,NA,NA,,357.1,6.5,Cumbo_et_al_2013_J_Exp_Mar_Biol_Ecol,NA,Pocillopora_damicornis,Coral_larvae,NA,467.5,24,4,Cumbo_et_al_2013_J_Exp_Mar_Biol_Ecol__NA__NA,ZOO_STUDY_0104,ZOO_ES_002405,ZOO_STUDY_0104__Pocillopora_damicornis__Coral_larvae__CO2467.50__T24.00__NC4,ZOO_COMMON_00181,0.4834266495778762,0.008296972677100056
Leung et al. 2022,"Cumbo et al., 2013. J Exp Mar Biol Ecol",NA,NA,NA,Zooplankton,Meroplankton,Coral larvae,Pocillopora damicornis,TpH,4,4,467.5,24,824.6,30.5,Protein content,positive,NA,Physiology,56.4285714285714,11.909937888198797,50.5357142857142,13.571428571428598,-0.11029531594367573,0.0302,NA,NA,Yes,NA,NA,NA,,357.1,6.5,Cumbo_et_al_2013_J_Exp_Mar_Biol_Ecol,NA,Pocillopora_damicornis,Coral_larvae,NA,467.5,24,4,Cumbo_et_al_2013_J_Exp_Mar_Biol_Ecol__NA__NA,ZOO_STUDY_0104,ZOO_ES_002407,ZOO_STUDY_0104__Pocillopora_damicornis__Coral_larvae__CO2467.50__T24.00__NC4,ZOO_COMMON_00181,-0.11029531594367573,0.029166753746490748
Leung et al. 2022,"Cumbo et al., 2013. J Exp Mar Biol Ecol",NA,NA,NA,Zooplankton,Meroplankton,Coral larvae,Pocillopora damicornis,TpH,4,4,467.5,24,824.6,30.5,Symbiodinium density,ambiguous,NA,Physiology,2.04,0.6,1.76,0.87,-0.14763599880606457,0.0189,NA,NA,Yes,NA,NA,NA,,357.1,6.5,Cumbo_et_al_2013_J_Exp_Mar_Biol_Ecol,NA,Pocillopora_damicornis,Coral_larvae,NA,467.5,24,4,Cumbo_et_al_2013_J_Exp_Mar_Biol_Ecol__NA__NA,ZOO_STUDY_0104,ZOO_ES_002413,ZOO_STUDY_0104__Pocillopora_damicornis__Coral_larvae__CO2467.50__T24.00__NC4,ZOO_COMMON_00181,-0.14763599880606457,0.08271391379686294
Leung et al. 2022,"Doo et al., 2020. Ecol Evol",NA,NA,NA,Zooplankton,Holoplankton,Foraminifer,Marginopora vertebralis,TpH,10,10,528.6,26,1005.3,29,Chl a content,ambiguous,NA,Physiology,0.195,0.06324555320336755,0.195,0.0632455532033676,0,0.423611111,NA,NA,Yes,NA,NA,NA,,476.69999999999993,3,Doo_et_al_2020_Ecol_Evol,NA,Marginopora_vertebralis,Foraminifer,NA,528.6,26,10,Doo_et_al_2020_Ecol_Evol__NA__NA,ZOO_STUDY_0124,ZOO_ES_002456,ZOO_STUDY_0124__Marginopora_vertebralis__Foraminifer__CO2528.60__T26.00__NC10,ZOO_COMMON_00215,0,0.02103879026955949
Leung et al. 2022,"Doo et al., 2020. Ecol Evol",NA,NA,NA,Zooplankton,Holoplankton,Foraminifer,Marginopora vertebralis,TpH,10,10,528.6,26,1005.3,29,Maximum photochemical efficiency,positive,NA,Physiology,0.71,0.006324555320336759,0.73,0.0031622776601683794,0.02777956410707567,0.0218,NA,NA,Yes,NA,NA,NA,,476.69999999999993,3,Doo_et_al_2020_Ecol_Evol,NA,Marginopora_vertebralis,Foraminifer,NA,528.6,26,10,Doo_et_al_2020_Ecol_Evol__NA__NA,ZOO_STUDY_0124,ZOO_ES_002459,ZOO_STUDY_0124__Marginopora_vertebralis__Foraminifer__CO2528.60__T26.00__NC10,ZOO_COMMON_00215,0.02777956410707567,9.811458221231054e-6
Leung et al. 2022,"Doo et al., 2020. Ecol Evol",NA,NA,NA,Zooplankton,Holoplankton,Foraminifer,Marginopora vertebralis,TpH,10,10,528.6,26,1005.3,29,Net photosynthetic rate,positive,NA,Physiology,0.12,0.158113883008419,0.025,0.09486832980505139,-1.5686159179138452,1.613611111,NA,NA,Yes,NA,NA,NA,,476.69999999999993,3,Doo_et_al_2020_Ecol_Evol,NA,Marginopora_vertebralis,Foraminifer,NA,528.6,26,10,Doo_et_al_2020_Ecol_Evol__NA__NA,ZOO_STUDY_0124,ZOO_ES_002464,ZOO_STUDY_0124__Marginopora_vertebralis__Foraminifer__CO2528.60__T26.00__NC10,ZOO_COMMON_00215,-1.5686159179138452,1.613611111111111
Leung et al. 2022,"Doo et al., 2020. Ecol Evol",NA,NA,NA,Zooplankton,Holoplankton,Foraminifer,Marginopora vertebralis,TpH,10,10,528.6,26,1005.3,29,Respiration rate,ambiguous,NA,Physiology,0.095,0.06324555320336755,0.055,0.047434164902525694,-0.5465437063680699,0.021,NA,NA,Yes,NA,NA,NA,,476.69999999999993,3,Doo_et_al_2020_Ecol_Evol,NA,Marginopora_vertebralis,Foraminifer,NA,528.6,26,10,Doo_et_al_2020_Ecol_Evol__NA__NA,ZOO_STUDY_0124,ZOO_ES_002465,ZOO_STUDY_0124__Marginopora_vertebralis__Foraminifer__CO2528.60__T26.00__NC10,ZOO_COMMON_00215,-0.5465437063680699,0.11870149492914536
Leung et al. 2022,"Dorey et al., 2013. Mar Biol",NA,NA,NA,Zooplankton,Meroplankton,Cuttlefish larvae,Sepia officinalis,TpH,5,5,376,16,741,19,Body dry weight (Embryo),positive,NA,Growth,33,0.714286,26,1.233766,-0.0403,0.00654,NA,NA,Yes,NA,NA,NA,,365,3,Dorey_et_al_2013_Mar_Biol,NA,Sepia_officinalis,Cuttlefish_larvae,NA,376,16,5,Dorey_et_al_2013_Mar_Biol__NA__NA,ZOO_STUDY_0128,ZOO_ES_002483,ZOO_STUDY_0128__Sepia_officinalis__Cuttlefish_larvae__CO2376.00__T16.00__NC5,ZOO_COMMON_00225,-0.23841102344499823,5.440501486525774e-4
Leung et al. 2022,"Dorey et al., 2013. Mar Biol",NA,NA,NA,Zooplankton,Meroplankton,Cuttlefish larvae,Sepia officinalis,TpH,5,5,376,16,1395,19,Body dry weight (Embryo),positive,NA,Growth,33,0.714286,24,1.298701,-0.0465,2.17e-4,NA,NA,Yes,NA,NA,NA,,1019,3,Dorey_et_al_2013_Mar_Biol,NA,Sepia_officinalis,Cuttlefish_larvae,NA,376,16,5,Dorey_et_al_2013_Mar_Biol__NA__NA,ZOO_STUDY_0128,ZOO_ES_002484,ZOO_STUDY_0128__Sepia_officinalis__Cuttlefish_larvae__CO2376.00__T16.00__NC5,ZOO_COMMON_00225,-0.3184537311185346,6.793349004891674e-4
Leung et al. 2022,"Dorey et al., 2013. Mar Biol",NA,NA,NA,Zooplankton,Meroplankton,Cuttlefish larvae,Sepia officinalis,TpH,9,9,376,16,1395,19,Ca content (Embryo),positive,NA,Physiology,17.2,1.8,13.3,0.975,-0.25714534859169924,0.00164,NA,NA,Yes,NA,NA,NA,,1019,3,Dorey_et_al_2013_Mar_Biol,NA,Sepia_officinalis,Cuttlefish_larvae,NA,376,16,9,Dorey_et_al_2013_Mar_Biol__NA__NA,ZOO_STUDY_0128,ZOO_ES_002485,ZOO_STUDY_0128__Sepia_officinalis__Cuttlefish_larvae__CO2376.00__T16.00__NC9,ZOO_COMMON_00226,-0.25714534859169924,0.001813996491450245
Leung et al. 2022,"Dorey et al., 2013. Mar Biol",NA,NA,NA,Zooplankton,Meroplankton,Cuttlefish larvae,Sepia officinalis,TpH,9,9,376,16,741,19,Ca content (Embryo),positive,NA,Physiology,17.2,1.8,13,0.3137,-0.2799600263578706,6.79e-4,NA,NA,Yes,NA,NA,NA,,365,3,Dorey_et_al_2013_Mar_Biol,NA,Sepia_officinalis,Cuttlefish_larvae,NA,376,16,9,Dorey_et_al_2013_Mar_Biol__NA__NA,ZOO_STUDY_0128,ZOO_ES_002486,ZOO_STUDY_0128__Sepia_officinalis__Cuttlefish_larvae__CO2376.00__T16.00__NC9,ZOO_COMMON_00226,-0.2799600263578706,0.0012815733219015272
Leung et al. 2022,"Dorey et al., 2013. Mar Biol",NA,NA,NA,Zooplankton,Meroplankton,Cuttlefish larvae,Sepia officinalis,TpH,5,5,376,16,741,19,Cuttlebone weight (Embryo),positive,NA,Growth,1.2,0.077075,3.25,2.481818,-0.238411023,5.44e-4,NA,NA,Yes,NA,NA,NA,,365,3,Dorey_et_al_2013_Mar_Biol,NA,Sepia_officinalis,Cuttlefish_larvae,NA,376,16,5,Dorey_et_al_2013_Mar_Biol__NA__NA,ZOO_STUDY_0128,ZOO_ES_002489,ZOO_STUDY_0128__Sepia_officinalis__Cuttlefish_larvae__CO2376.00__T16.00__NC5,ZOO_COMMON_00225,0.9963334395476915,0.11745315925532707
Leung et al. 2022,"Dorey et al., 2013. Mar Biol",NA,NA,NA,Zooplankton,Meroplankton,Cuttlefish larvae,Sepia officinalis,TpH,5,5,376,16,1395,19,Cuttlebone weight (Embryo),positive,NA,Growth,1.2,0.077075,2.8,0.75415,-0.257145349,0.00181,NA,NA,Yes,NA,NA,NA,,1019,3,Dorey_et_al_2013_Mar_Biol,NA,Sepia_officinalis,Cuttlefish_larvae,NA,376,16,5,Dorey_et_al_2013_Mar_Biol__NA__NA,ZOO_STUDY_0128,ZOO_ES_002490,ZOO_STUDY_0128__Sepia_officinalis__Cuttlefish_larvae__CO2376.00__T16.00__NC5,ZOO_COMMON_00225,0.8472978603872037,0.015333807335955216
Leung et al. 2022,"Dorey et al., 2013. Mar Biol",NA,NA,NA,Zooplankton,Meroplankton,Cuttlefish larvae,Sepia officinalis,TpH,10,10,376,16,741,19,Egg fresh weight,positive,NA,Growth,1.52,0.024496,2.22,0.026723,-0.0153,2.1e-4,NA,NA,Yes,NA,NA,NA,,365,3,Dorey_et_al_2013_Mar_Biol,NA,Sepia_officinalis,Cuttlefish_larvae,NA,376,16,10,Dorey_et_al_2013_Mar_Biol__NA__NA,ZOO_STUDY_0128,ZOO_ES_002492,ZOO_STUDY_0128__Sepia_officinalis__Cuttlefish_larvae__CO2376.00__T16.00__NC10,ZOO_COMMON_00224,0.3787968610260032,4.046173654741437e-5
Leung et al. 2022,"Dorey et al., 2013. Mar Biol",NA,NA,NA,Zooplankton,Meroplankton,Cuttlefish larvae,Sepia officinalis,TpH,10,10,376,16,1395,19,Egg fresh weight,positive,NA,Growth,1.52,0.024496,2.32,0.100212,-0.0178,1.52e-6,NA,NA,Yes,NA,NA,NA,,1019,3,Dorey_et_al_2013_Mar_Biol,NA,Sepia_officinalis,Cuttlefish_larvae,NA,376,16,10,Dorey_et_al_2013_Mar_Biol__NA__NA,ZOO_STUDY_0128,ZOO_ES_002493,ZOO_STUDY_0128__Sepia_officinalis__Cuttlefish_larvae__CO2376.00__T16.00__NC10,ZOO_COMMON_00224,0.4228568508200335,2.1255118005622512e-4
Leung et al. 2022,"Dorey et al., 2013. Mar Biol",NA,NA,NA,Zooplankton,Meroplankton,Cuttlefish larvae,Sepia officinalis,TpH,10,10,376,16,741,19,Perivitelline fluid pH,ambiguous,NA,Physiology,7.35,0.023837,7.22,0.0156,-0.017845360320010398,2.13e-4,NA,NA,Yes,NA,NA,NA,,365,3,Dorey_et_al_2013_Mar_Biol,NA,Sepia_officinalis,Cuttlefish_larvae,NA,376,16,10,Dorey_et_al_2013_Mar_Biol__NA__NA,ZOO_STUDY_0128,ZOO_ES_002495,ZOO_STUDY_0128__Sepia_officinalis__Cuttlefish_larvae__CO2376.00__T16.00__NC10,ZOO_COMMON_00224,-0.017845360320010398,1.518635980738284e-6
Leung et al. 2022,"Dorey et al., 2013. Mar Biol",NA,NA,NA,Zooplankton,Meroplankton,Cuttlefish larvae,Sepia officinalis,TpH,10,10,376,16,1395,19,Perivitelline fluid pH,ambiguous,NA,Physiology,7.35,0.023837,7.1,0.026,-0.03460552917747561,4.05e-5,NA,NA,Yes,NA,NA,NA,,1019,3,Dorey_et_al_2013_Mar_Biol,NA,Sepia_officinalis,Cuttlefish_larvae,NA,376,16,10,Dorey_et_al_2013_Mar_Biol__NA__NA,ZOO_STUDY_0128,ZOO_ES_002496,ZOO_STUDY_0128__Sepia_officinalis__Cuttlefish_larvae__CO2376.00__T16.00__NC10,ZOO_COMMON_00224,-0.03460552917747561,2.3927925034170958e-6
Leung et al. 2022,"Foo et al., 2016. Mar Biol",NA,NA,NA,Zooplankton,Meroplankton,Urchin larvae,Sterechinus neumayeri,TpH,3,3,442,-1,1065.3,2,Embryo cleavage success,positive,NA,Development,88,4.55312,82,9.865093,-0.07061756721395342,0.00551,NA,NA,Yes,NA,NA,NA,,623.3,3,Foo_et_al_2016_Mar_Biol,NA,Sterechinus_neumayeri,Urchin_larvae,NA,442,-1,3,Foo_et_al_2016_Mar_Biol__NA__NA,ZOO_STUDY_0153,ZOO_ES_002558,ZOO_STUDY_0153__Sterechinus_neumayeri__Urchin_larvae__CO2442.00__T-1.00__NC3,ZOO_COMMON_00258,-0.07061756721395342,0.005716854723430943
Leung et al. 2022,"Foo et al., 2016. Mar Biol",NA,NA,NA,Zooplankton,Meroplankton,Urchin larvae,Sterechinus neumayeri,TpH,3,3,442,-1,1532.5,2,Embryo cleavage success,positive,NA,Development,88,4.55312,76,9.612142,-0.1466034741918754,0.00616,NA,NA,Yes,NA,NA,NA,,1090.5,3,Foo_et_al_2016_Mar_Biol,NA,Sterechinus_neumayeri,Urchin_larvae,NA,442,-1,3,Foo_et_al_2016_Mar_Biol__NA__NA,ZOO_STUDY_0153,ZOO_ES_002560,ZOO_STUDY_0153__Sterechinus_neumayeri__Urchin_larvae__CO2442.00__T-1.00__NC3,ZOO_COMMON_00258,-0.1466034741918754,0.0062243643378211
Leung et al. 2022,"Foo et al., 2016. Mar Biol",NA,NA,NA,Zooplankton,Meroplankton,Urchin larvae,Sterechinus neumayeri,TpH,3,3,442,-1,1065.3,2,Normal blastulae,positive,NA,Development,84,5.809859,80,7.084354,-0.048790164169432056,0.00693,NA,NA,Yes,NA,NA,NA,,623.3,3,Foo_et_al_2016_Mar_Biol,NA,Sterechinus_neumayeri,Urchin_larvae,NA,442,-1,3,Foo_et_al_2016_Mar_Biol__NA__NA,ZOO_STUDY_0153,ZOO_ES_002561,ZOO_STUDY_0153__Sterechinus_neumayeri__Urchin_larvae__CO2442.00__T-1.00__NC3,ZOO_COMMON_00258,-0.048790164169432056,0.0042085605884316845
Leung et al. 2022,"Foo et al., 2016. Mar Biol",NA,NA,NA,Zooplankton,Meroplankton,Urchin larvae,Sterechinus neumayeri,TpH,3,3,442,-1,1532.5,2,Normal blastulae,positive,NA,Development,84,5.809859,78,8.450704,-0.07410797215372185,0.00773,NA,NA,Yes,NA,NA,NA,,1090.5,3,Foo_et_al_2016_Mar_Biol,NA,Sterechinus_neumayeri,Urchin_larvae,NA,442,-1,3,Foo_et_al_2016_Mar_Biol__NA__NA,ZOO_STUDY_0153,ZOO_ES_002564,ZOO_STUDY_0153__Sterechinus_neumayeri__Urchin_larvae__CO2442.00__T-1.00__NC3,ZOO_COMMON_00258,-0.07410797215372185,0.005507287442114431
Leung et al. 2022,"García et al., 2018. Mar Environ Res",NA,NA,NA,Zooplankton,Meroplankton,Urchin larvae,Paracentrotus lividus,TpH,3,3,899.1,19,1293.2,21,Larval density,ambiguous,NA,Survival,240,9,188,10,-0.2441969605120421,0.00204,NA,NA,Yes,NA,NA,NA,,394.1,2,Garc_a_et_al_2018_Mar_Environ_Res,NA,Paracentrotus_lividus,Urchin_larvae,NA,899.1,19,3,Garc_a_et_al_2018_Mar_Environ_Res__NA__NA,ZOO_STUDY_0165,ZOO_ES_002585,ZOO_STUDY_0165__Paracentrotus_lividus__Urchin_larvae__CO2899.10__T19.00__NC3,ZOO_COMMON_00283,-0.2441969605120421,0.0014118615135053569
Leung et al. 2022,"García et al., 2015. Mar Environ Res",NA,NA,NA,Zooplankton,Meroplankton,Urchin larvae,Paracentrotus lividus,TpH,3,3,310.6,19,915.6,22.5,Body length,positive,NA,Growth,0.68,0.05999999999999994,0.66,0.04,-0.182321557,0.666666667,NA,NA,Yes,NA,NA,NA,,605,3.5,Garc_a_et_al_2015_Mar_Environ_Res,NA,Paracentrotus_lividus,Urchin_larvae,NA,310.6,19,3,Garc_a_et_al_2015_Mar_Environ_Res__NA__NA,ZOO_STUDY_0164,ZOO_ES_002590,ZOO_STUDY_0164__Paracentrotus_lividus__Urchin_larvae__CO2310.60__T19.00__NC3,ZOO_COMMON_00278,-0.02985296314968116,0.0038195205700710523
Leung et al. 2022,"García et al., 2015. Mar Environ Res",NA,NA,NA,Zooplankton,Meroplankton,Urchin larvae,Paracentrotus lividus,TpH,3,3,310.6,19,1897.6,22.5,Body length,positive,NA,Growth,0.68,0.05999999999999994,0.71,0.07,-0.282862786,0.00787,NA,NA,Yes,NA,NA,NA,,1587,3.5,Garc_a_et_al_2015_Mar_Environ_Res,NA,Paracentrotus_lividus,Urchin_larvae,NA,310.6,19,3,Garc_a_et_al_2015_Mar_Environ_Res__NA__NA,ZOO_STUDY_0164,ZOO_ES_002591,ZOO_STUDY_0164__Paracentrotus_lividus__Urchin_larvae__CO2310.60__T19.00__NC3,ZOO_COMMON_00278,0.043172171865208574,0.005835253573522943
Leung et al. 2022,"García et al., 2015. Mar Environ Res",NA,NA,NA,Zooplankton,Meroplankton,Urchin larvae,Paracentrotus lividus,TpH,3,3,310.6,19,915.6,22.5,Larval settlement,ambiguous,NA,Development,6,2,12,5,0.6931471805599453,2.471321225,NA,NA,Yes,NA,NA,NA,,605,3.5,Garc_a_et_al_2015_Mar_Environ_Res,NA,Paracentrotus_lividus,Urchin_larvae,NA,310.6,19,3,Garc_a_et_al_2015_Mar_Environ_Res__NA__NA,ZOO_STUDY_0164,ZOO_ES_002594,ZOO_STUDY_0164__Paracentrotus_lividus__Urchin_larvae__CO2310.60__T19.00__NC3,ZOO_COMMON_00278,0.6931471805599453,0.09490740740740741
Leung et al. 2022,"García et al., 2015. Mar Environ Res",NA,NA,NA,Zooplankton,Meroplankton,Urchin larvae,Paracentrotus lividus,TpH,3,3,310.6,19,915.6,22.5,Postoral arm length,positive,NA,Growth,0.69,0.07,0.64,0.05,-0.405465108,0.55787037,NA,NA,Yes,NA,NA,NA,,605,3.5,Garc_a_et_al_2015_Mar_Environ_Res,NA,Paracentrotus_lividus,Urchin_larvae,NA,310.6,19,3,Garc_a_et_al_2015_Mar_Environ_Res__NA__NA,ZOO_STUDY_0164,ZOO_ES_002600,ZOO_STUDY_0164__Paracentrotus_lividus__Urchin_larvae__CO2310.60__T19.00__NC3,ZOO_COMMON_00278,-0.07522342123758739,0.0054651570321798655
Leung et al. 2022,"García et al., 2015. Mar Environ Res",NA,NA,NA,Zooplankton,Meroplankton,Urchin larvae,Paracentrotus lividus,TpH,3,3,310.6,19,1897.6,22.5,Postoral arm length,positive,NA,Growth,0.69,0.07,0.75,0.06,-0.405465108,0.963541667,NA,NA,Yes,NA,NA,NA,,1587,3.5,Garc_a_et_al_2015_Mar_Environ_Res,NA,Paracentrotus_lividus,Urchin_larvae,NA,310.6,19,3,Garc_a_et_al_2015_Mar_Environ_Res__NA__NA,ZOO_STUDY_0164,ZOO_ES_002601,ZOO_STUDY_0164__Paracentrotus_lividus__Urchin_larvae__CO2310.60__T19.00__NC3,ZOO_COMMON_00278,0.08338160893905121,0.005563985157179865
Leung et al. 2022,"García et al., 2015. Mar Environ Res",NA,NA,NA,Zooplankton,Meroplankton,Urchin larvae,Paracentrotus lividus,TpH,3,3,310.6,19,915.6,22.5,Stomach volume,positive,NA,Growth,0.135,0.014999999999999986,0.15,0.05,-1.791759469,19.08333333,NA,NA,Yes,NA,NA,NA,,605,3.5,Garc_a_et_al_2015_Mar_Environ_Res,NA,Paracentrotus_lividus,Urchin_larvae,NA,310.6,19,3,Garc_a_et_al_2015_Mar_Environ_Res__NA__NA,ZOO_STUDY_0164,ZOO_ES_002607,ZOO_STUDY_0164__Paracentrotus_lividus__Urchin_larvae__CO2310.60__T19.00__NC3,ZOO_COMMON_00278,0.10536051565782614,0.04115226337448559
Leung et al. 2022,"García et al., 2015. Mar Environ Res",NA,NA,NA,Zooplankton,Meroplankton,Urchin larvae,Paracentrotus lividus,TpH,3,3,310.6,19,1897.6,22.5,Stomach volume,positive,NA,Growth,0.135,0.014999999999999986,0.235,0.015000000000000013,NA,NA,NA,NA,Yes,NA,NA,NA,,1587,3.5,Garc_a_et_al_2015_Mar_Environ_Res,NA,Paracentrotus_lividus,Urchin_larvae,NA,310.6,19,3,Garc_a_et_al_2015_Mar_Environ_Res__NA__NA,ZOO_STUDY_0164,ZOO_ES_002608,ZOO_STUDY_0164__Paracentrotus_lividus__Urchin_larvae__CO2310.60__T19.00__NC3,ZOO_COMMON_00278,0.5543107357057293,0.005473306916896268
Leung et al. 2022,"Schmidt et al., 2014. Coral Reefs",NA,NA,NA,Zooplankton,Holoplankton,Foraminifera,Heterostegina depressa,TpH,3,3,479,28,790,31,Survival,positive,NA,Survival,93,3.21,70,5.56,-0.284104251103897,7.01e-4,NA,NA,Yes,NA,NA,NA,,311,3,Schmidt_et_al_2014_Coral_Reefs,NA,Heterostegina_depressa,Foraminifera,NA,479,28,3,Schmidt_et_al_2014_Coral_Reefs__NA__NA,ZOO_STUDY_0458,ZOO_ES_002621,ZOO_STUDY_0458__Heterostegina_depressa__Foraminifera__CO2479.00__T28.00__NC3,ZOO_COMMON_00790,-0.284104251103897,0.0025000870408517202
Leung et al. 2022,"García et al., 2018. Mar Environ Res",NA,NA,NA,Zooplankton,Meroplankton,Urchin larvae,Paracentrotus lividus,TpH,3,3,899.1,19,1293.2,21,Fertilized eggs,positive,NA,Reproduction,99,0,99.5,0.1,0.005037794029957081,9.15e-4,NA,NA,Yes,NA,NA,NA,,394.1,2,Garc_a_et_al_2018_Mar_Environ_Res,NA,Paracentrotus_lividus,Urchin_larvae,NA,899.1,19,3,Garc_a_et_al_2018_Mar_Environ_Res__NA__NA,ZOO_STUDY_0165,ZOO_ES_002645,ZOO_STUDY_0165__Paracentrotus_lividus__Urchin_larvae__CO2899.10__T19.00__NC3,ZOO_COMMON_00283,0.005037794029957081,3.366918343812867e-7
Leung et al. 2022,"García et al., 2018. Mar Environ Res",NA,NA,NA,Zooplankton,Meroplankton,Urchin larvae,Sphaerechinus granularis,TpH,3,3,489,19,1432.9,21,Fertilized eggs,positive,NA,Reproduction,99,4,96,5,-0.03077165866675366,0,NA,NA,Yes,NA,NA,NA,,943.9000000000001,2,Garc_a_et_al_2018_Mar_Environ_Res,NA,Sphaerechinus_granularis,Urchin_larvae,NA,489,19,3,Garc_a_et_al_2018_Mar_Environ_Res__NA__NA,ZOO_STUDY_0165,ZOO_ES_002656,ZOO_STUDY_0165__Sphaerechinus_granularis__Urchin_larvae__CO2489.00__T19.00__NC3,ZOO_COMMON_00285,-0.03077165866675366,0.0014483866973608135
Leung et al. 2022,"García et al., 2018. Mar Environ Res",NA,NA,NA,Zooplankton,Meroplankton,Urchin larvae,Arbacia lixula,TpH,3,3,394.4,19,1484.3,23,Fertilized eggs,positive,NA,Reproduction,94,4,91,2,-0.032435275753153844,4.143282313,NA,NA,Yes,NA,NA,NA,,1089.9,4,Garc_a_et_al_2018_Mar_Environ_Res,NA,Arbacia_lixula,Urchin_larvae,NA,394.4,19,3,Garc_a_et_al_2018_Mar_Environ_Res__NA__NA,ZOO_STUDY_0165,ZOO_ES_002657,ZOO_STUDY_0165__Arbacia_lixula__Urchin_larvae__CO2394.40__T19.00__NC3,ZOO_COMMON_00279,-0.032435275753153844,7.646025186655674e-4
Leung et al. 2022,"García et al., 2018. Mar Environ Res",NA,NA,NA,Zooplankton,Meroplankton,Urchin larvae,Arbacia lixula,TpH,3,3,394.4,19,2903.3,21,Fertilized eggs,positive,NA,Reproduction,94,4,90,3,-0.04348511193973878,0.0234,NA,NA,Yes,NA,NA,NA,,2508.9,2,Garc_a_et_al_2018_Mar_Environ_Res,NA,Arbacia_lixula,Urchin_larvae,NA,394.4,19,3,Garc_a_et_al_2018_Mar_Environ_Res__NA__NA,ZOO_STUDY_0165,ZOO_ES_002658,ZOO_STUDY_0165__Arbacia_lixula__Urchin_larvae__CO2394.40__T19.00__NC3,ZOO_COMMON_00279,-0.04348511193973878,9.739617390137987e-4
Leung et al. 2022,"García et al., 2018. Mar Environ Res",NA,NA,NA,Zooplankton,Meroplankton,Urchin larvae,Arbacia lixula,TpH,3,3,394.4,19,1599.6,25,Fertilized eggs,positive,NA,Reproduction,94,4,90,2,-0.04348511193973878,8.89e-4,NA,NA,Yes,NA,NA,NA,,1205.1999999999998,6,Garc_a_et_al_2018_Mar_Environ_Res,NA,Arbacia_lixula,Urchin_larvae,NA,394.4,19,3,Garc_a_et_al_2018_Mar_Environ_Res__NA__NA,ZOO_STUDY_0165,ZOO_ES_002659,ZOO_STUDY_0165__Arbacia_lixula__Urchin_larvae__CO2394.40__T19.00__NC3,ZOO_COMMON_00279,-0.04348511193973878,7.682004221413708e-4
Leung et al. 2022,"García et al., 2018. Mar Environ Res",NA,NA,NA,Zooplankton,Meroplankton,Urchin larvae,Arbacia lixula,TpH,3,3,394.4,19,2865.4,25,Fertilized eggs,positive,NA,Reproduction,94,4,89,3,-0.05465841253786408,0.00278,NA,NA,Yes,NA,NA,NA,,2471,6,Garc_a_et_al_2018_Mar_Environ_Res,NA,Arbacia_lixula,Urchin_larvae,NA,394.4,19,3,Garc_a_et_al_2018_Mar_Environ_Res__NA__NA,ZOO_STUDY_0165,ZOO_ES_002660,ZOO_STUDY_0165__Arbacia_lixula__Urchin_larvae__CO2394.40__T19.00__NC3,ZOO_COMMON_00279,-0.05465841253786408,9.82331426716904e-4
Leung et al. 2022,"García et al., 2018. Mar Environ Res",NA,NA,NA,Zooplankton,Meroplankton,Urchin larvae,Arbacia lixula,TpH,3,3,394.4,19,2918.6,23,Fertilized eggs,positive,NA,Reproduction,94,4,87.5,2.5,-0.07165598890643517,4.143282313,NA,NA,Yes,NA,NA,NA,,2524.2,4,Garc_a_et_al_2018_Mar_Environ_Res,NA,Arbacia_lixula,Urchin_larvae,NA,394.4,19,3,Garc_a_et_al_2018_Mar_Environ_Res__NA__NA,ZOO_STUDY_0165,ZOO_ES_002662,ZOO_STUDY_0165__Arbacia_lixula__Urchin_larvae__CO2394.40__T19.00__NC3,ZOO_COMMON_00279,-0.07165598890643517,8.757002121808433e-4
Leung et al. 2022,"García et al., 2018. Mar Environ Res",NA,NA,NA,Zooplankton,Meroplankton,Urchin larvae,Arbacia lixula,TpH,3,3,394.4,19,1503.6,21,Fertilized eggs,positive,NA,Reproduction,94,4,83,1.5,-0.12445417447340598,8.13e-4,NA,NA,Yes,NA,NA,NA,,1109.1999999999998,2,Garc_a_et_al_2018_Mar_Environ_Res,NA,Arbacia_lixula,Urchin_larvae,NA,394.4,19,3,Garc_a_et_al_2018_Mar_Environ_Res__NA__NA,ZOO_STUDY_0165,ZOO_ES_002665,ZOO_STUDY_0165__Arbacia_lixula__Urchin_larvae__CO2394.40__T19.00__NC3,ZOO_COMMON_00279,-0.12445417447340598,7.12460580430335e-4
Leung et al. 2022,"García et al., 2018. Mar Environ Res",NA,NA,NA,Zooplankton,Meroplankton,Urchin larvae,Sphaerechinus granularis,TpH,3,3,489,19,2813.3,21,Fertilized eggs,positive,NA,Reproduction,99,4,78,5,-0.23841102344499823,0,NA,NA,Yes,NA,NA,NA,,2324.3,2,Garc_a_et_al_2018_Mar_Environ_Res,NA,Sphaerechinus_granularis,Urchin_larvae,NA,489,19,3,Garc_a_et_al_2018_Mar_Environ_Res__NA__NA,ZOO_STUDY_0165,ZOO_ES_002666,ZOO_STUDY_0165__Sphaerechinus_granularis__Urchin_larvae__CO2489.00__T19.00__NC3,ZOO_COMMON_00285,-0.23841102344499823,0.001913875068498223
Leung et al. 2022,"García et al., 2018. Mar Environ Res",NA,NA,NA,Zooplankton,Meroplankton,Urchin larvae,Sphaerechinus granularis,TpH,3,3,489,19,1316.3,23,Fertilized eggs,positive,NA,Reproduction,99,4,74,6,-0.2910547569304201,5.15e-5,NA,NA,Yes,NA,NA,NA,,827.3,4,Garc_a_et_al_2018_Mar_Environ_Res,NA,Sphaerechinus_granularis,Urchin_larvae,NA,489,19,3,Garc_a_et_al_2018_Mar_Environ_Res__NA__NA,ZOO_STUDY_0165,ZOO_ES_002667,ZOO_STUDY_0165__Sphaerechinus_granularis__Urchin_larvae__CO2489.00__T19.00__NC3,ZOO_COMMON_00285,-0.2910547569304201,0.0027355427300827244
Leung et al. 2022,"García et al., 2018. Mar Environ Res",NA,NA,NA,Zooplankton,Meroplankton,Urchin larvae,Sphaerechinus granularis,TpH,3,3,489,19,2539.3,23,Fertilized eggs,positive,NA,Reproduction,99,4,72,5,-0.3184537311185346,0.00141,NA,NA,Yes,NA,NA,NA,,2050.3,4,Garc_a_et_al_2018_Mar_Environ_Res,NA,Sphaerechinus_granularis,Urchin_larvae,NA,489,19,3,Garc_a_et_al_2018_Mar_Environ_Res__NA__NA,ZOO_STUDY_0165,ZOO_ES_002668,ZOO_STUDY_0165__Sphaerechinus_granularis__Urchin_larvae__CO2489.00__T19.00__NC3,ZOO_COMMON_00285,-0.3184537311185346,0.00215167244838962
Leung et al. 2022,"García et al., 2018. Mar Environ Res",NA,NA,NA,Zooplankton,Meroplankton,Urchin larvae,Diadema africanum,TpH,3,3,456.4,19,1486.9,25,Fertilized eggs,positive,NA,Reproduction,15,1,5,0.5,-1.0986122886681098,0.00136,NA,NA,Yes,NA,NA,NA,,1030.5,6,Garc_a_et_al_2018_Mar_Environ_Res,NA,Diadema_africanum,Urchin_larvae,NA,456.4,19,3,Garc_a_et_al_2018_Mar_Environ_Res__NA__NA,ZOO_STUDY_0165,ZOO_ES_002670,ZOO_STUDY_0165__Diadema_africanum__Urchin_larvae__CO2456.40__T19.00__NC3,ZOO_COMMON_00281,-1.0986122886681098,0.004814814814814815
Leung et al. 2022,"García et al., 2018. Mar Environ Res",NA,NA,NA,Zooplankton,Meroplankton,Urchin larvae,Sphaerechinus granularis,TpH,3,3,489,19,1399.5,25,Fertilized eggs,positive,NA,Reproduction,99,4,25,5.5,-1.376244025266389,0.00109,NA,NA,Yes,NA,NA,NA,,910.5,6,Garc_a_et_al_2018_Mar_Environ_Res,NA,Sphaerechinus_granularis,Urchin_larvae,NA,489,19,3,Garc_a_et_al_2018_Mar_Environ_Res__NA__NA,ZOO_STUDY_0165,ZOO_ES_002671,ZOO_STUDY_0165__Sphaerechinus_granularis__Urchin_larvae__CO2489.00__T19.00__NC3,ZOO_COMMON_00285,-1.376244025266389,0.01667749549365711
Leung et al. 2022,"García et al., 2018. Mar Environ Res",NA,NA,NA,Zooplankton,Meroplankton,Urchin larvae,Diadema africanum,TpH,3,3,456.4,19,1203.6,23,Fertilized eggs,positive,NA,Reproduction,15,1,2.5,0.7,-1.791759469228055,5.35e-4,NA,NA,Yes,NA,NA,NA,,747.1999999999999,4,Garc_a_et_al_2018_Mar_Environ_Res,NA,Diadema_africanum,Urchin_larvae,NA,456.4,19,3,Garc_a_et_al_2018_Mar_Environ_Res__NA__NA,ZOO_STUDY_0165,ZOO_ES_002674,ZOO_STUDY_0165__Diadema_africanum__Urchin_larvae__CO2456.40__T19.00__NC3,ZOO_COMMON_00281,-1.791759469228055,0.027614814814814814
Leung et al. 2022,"García et al., 2018. Mar Environ Res",NA,NA,NA,Zooplankton,Meroplankton,Urchin larvae,Diadema africanum,TpH,3,3,456.4,19,1322.5,21,Fertilized eggs,positive,NA,Reproduction,15,1,2,0.5,-2.0149030205422647,7.68e-4,NA,NA,Yes,NA,NA,NA,,866.1,2,Garc_a_et_al_2018_Mar_Environ_Res,NA,Diadema_africanum,Urchin_larvae,NA,456.4,19,3,Garc_a_et_al_2018_Mar_Environ_Res__NA__NA,ZOO_STUDY_0165,ZOO_ES_002675,ZOO_STUDY_0165__Diadema_africanum__Urchin_larvae__CO2456.40__T19.00__NC3,ZOO_COMMON_00281,-2.0149030205422647,0.022314814814814815
Leung et al. 2022,"García et al., 2018. Mar Environ Res",NA,NA,NA,Zooplankton,Meroplankton,Urchin larvae,Diadema africanum,TpH,3,3,456.4,19,2416,23,Fertilized eggs,positive,NA,Reproduction,15,1,1,0.5,-2.70805020110221,8.76e-4,NA,NA,Yes,NA,NA,NA,,1959.6,4,Garc_a_et_al_2018_Mar_Environ_Res,NA,Diadema_africanum,Urchin_larvae,NA,456.4,19,3,Garc_a_et_al_2018_Mar_Environ_Res__NA__NA,ZOO_STUDY_0165,ZOO_ES_002677,ZOO_STUDY_0165__Diadema_africanum__Urchin_larvae__CO2456.40__T19.00__NC3,ZOO_COMMON_00281,-2.70805020110221,0.08481481481481482
Leung et al. 2022,"García et al., 2018. Mar Environ Res",NA,NA,NA,Zooplankton,Meroplankton,Urchin larvae,Diadema africanum,TpH,3,3,456.4,19,2722.7,25,Fertilized eggs,positive,NA,Reproduction,15,1,0.8,0.25,-2.9311937524164198,7.12e-4,NA,NA,Yes,NA,NA,NA,,2266.2999999999997,6,Garc_a_et_al_2018_Mar_Environ_Res,NA,Diadema_africanum,Urchin_larvae,NA,456.4,19,3,Garc_a_et_al_2018_Mar_Environ_Res__NA__NA,ZOO_STUDY_0165,ZOO_ES_002678,ZOO_STUDY_0165__Diadema_africanum__Urchin_larvae__CO2456.40__T19.00__NC3,ZOO_COMMON_00281,-2.9311937524164198,0.03403356481481481
Leung et al. 2022,"García et al., 2018. Mar Environ Res",NA,NA,NA,Zooplankton,Meroplankton,Urchin larvae,Diadema africanum,TpH,3,3,456.4,19,2311.6,21,Fertilized eggs,positive,NA,Reproduction,15,1,0.5,0.5,-3.4011973816621555,9.74e-4,NA,NA,Yes,NA,NA,NA,,1855.1999999999998,2,Garc_a_et_al_2018_Mar_Environ_Res,NA,Diadema_africanum,Urchin_larvae,NA,456.4,19,3,Garc_a_et_al_2018_Mar_Environ_Res__NA__NA,ZOO_STUDY_0165,ZOO_ES_002679,ZOO_STUDY_0165__Diadema_africanum__Urchin_larvae__CO2456.40__T19.00__NC3,ZOO_COMMON_00281,-3.4011973816621555,0.3348148148148148
Leung et al. 2022,"García et al., 2018. Mar Environ Res",NA,NA,NA,Zooplankton,Meroplankton,Urchin larvae,Sphaerechinus granularis,TpH,3,3,489,19,2829.1,25,Fertilized eggs,positive,NA,Reproduction,99,4,1,5,-4.59511985013459,0.00145,NA,NA,Yes,NA,NA,NA,,2340.1,6,Garc_a_et_al_2018_Mar_Environ_Res,NA,Sphaerechinus_granularis,Urchin_larvae,NA,489,19,3,Garc_a_et_al_2018_Mar_Environ_Res__NA__NA,ZOO_STUDY_0165,ZOO_ES_002680,ZOO_STUDY_0165__Sphaerechinus_granularis__Urchin_larvae__CO2489.00__T19.00__NC3,ZOO_COMMON_00285,-4.59511985013459,8.333877495493658
Leung et al. 2022,"Gardner et al., 2018. Mar Biol",NA,NA,NA,Zooplankton,Holoplankton,Pteropod,Limacina helicina antarctica,TpH,2,35,342,1.7,1194,3.5,Malformation,negative,NA,Development,8,12.626906806902635,82,63.386569104638745,2.327277705584417,4.24e-4,NA,NA,Yes,NA,NA,NA,,852,1.8,Gardner_et_al_2018_Mar_Biol,NA,Limacina_helicina_antarctica,Pteropod,NA,342,1.7,2,Gardner_et_al_2018_Mar_Biol__NA__NA,ZOO_STUDY_0168,ZOO_ES_002682,ZOO_STUDY_0168__Limacina_helicina_antarctica__Pteropod__CO2342.00__T1.70__NC2,ZOO_COMMON_00295,2.327277705584417,1.2626879973806895
Leung et al. 2022,"Gardner et al., 2018. Mar Biol",NA,Southern Ocean pteropods at risk from ocean warming and acidification,https://link.springer.com/article/10.1007/s00227-017-3261-3?utm_source=chatgpt.com#Sec6,Zooplankton,Holoplankton,Pteropod,Limacina helicina antarctica,TpH,14,12,342,1.7,1194,3.5,Shell size,positive,NA,Growth,113,5.7270266124090945,105.2,5.655676106347355,2.327277706,1.262687997,NA,NA,Yes,NA,NA,NA,,852,1.8,Gardner_et_al_2018_Mar_Biol,Southern_Ocean_pteropods_at_risk_from_ocean_warming_and_acidification,Limacina_helicina_antarctica,Pteropod,NA,342,1.7,14,Gardner_et_al_2018_Mar_Biol__NA__Southern_Ocean_pteropods_at_risk_from_ocean_warming_and_acidification,ZOO_STUDY_0169,ZOO_ES_002684,ZOO_STUDY_0169__Limacina_helicina_antarctica__Pteropod__CO2342.00__T1.70__NC14,ZOO_COMMON_00296,-0.071524518408731,4.2432892699091265e-4
Leung et al. 2022,"García et al., 2015. Mar Environ Res",NA,NA,NA,Zooplankton,Meroplankton,Urchin larvae,Paracentrotus lividus,TpH,3,3,310.6,19,1897.6,22.5,Larval survival,positive,NA,Survival,0.6,0.6,0.4,0.5499999999999999,-0.4054651081081643,0.00547,NA,NA,Yes,NA,NA,NA,,1587,3.5,Garc_a_et_al_2015_Mar_Environ_Res,NA,Paracentrotus_lividus,Urchin_larvae,NA,310.6,19,3,Garc_a_et_al_2015_Mar_Environ_Res__NA__NA,ZOO_STUDY_0164,ZOO_ES_002769,ZOO_STUDY_0164__Paracentrotus_lividus__Urchin_larvae__CO2310.60__T19.00__NC3,ZOO_COMMON_00278,-0.4054651081081643,0.9635416666666663
Leung et al. 2022,"Harney et al., 2016. J Proteom",NA,NA,NA,Zooplankton,Meroplankton,Oyster larvae,Crassostrea gigas,TpH,3,3,376,20,655.8,22,ATP-synthase expression,ambiguous,NA,Physiology,24.25,0.052661,22.78,0.429037,-0.06253365936445608,1.04e-4,NA,NA,Yes,NA,NA,NA,,279.79999999999995,2,Harney_et_al_2016_J_Proteom,NA,Crassostrea_gigas,Oyster_larvae,NA,376,20,3,Harney_et_al_2016_J_Proteom__NA__NA,ZOO_STUDY_0210,ZOO_ES_002788,ZOO_STUDY_0210__Crassostrea_gigas__Oyster_larvae__CO2376.00__T20.00__NC3,ZOO_COMMON_00377,-0.06253365936445608,1.1981094514318501e-4
Leung et al. 2022,"Harney et al., 2016. J Proteom",NA,NA,NA,Zooplankton,Meroplankton,Oyster larvae,Crassostrea gigas,TpH,3,3,376,20,655.8,22,Birefringence (calcification),positive,NA,Physiology,100,6.933983,107.5,6.3093,0.07232066157962608,0.00246,NA,NA,Yes,NA,NA,NA,,279.79999999999995,2,Harney_et_al_2016_J_Proteom,NA,Crassostrea_gigas,Oyster_larvae,NA,376,20,3,Harney_et_al_2016_J_Proteom__NA__NA,ZOO_STUDY_0210,ZOO_ES_002790,ZOO_STUDY_0210__Crassostrea_gigas__Oyster_larvae__CO2376.00__T20.00__NC3,ZOO_COMMON_00377,0.07232066157962608,0.0027508882047176915
Leung et al. 2022,"Harney et al., 2016. J Proteom",NA,NA,NA,Zooplankton,Meroplankton,Oyster larvae,Crassostrea gigas,TpH,3,3,376,20,655.8,22,Larval size,positive,NA,Growth,4000,233.7746,4030,289.8164,0.0265,1.66e-4,NA,NA,Yes,NA,NA,NA,,279.79999999999995,2,Harney_et_al_2016_J_Proteom,NA,Crassostrea_gigas,Oyster_larvae,NA,376,20,3,Harney_et_al_2016_J_Proteom__NA__NA,ZOO_STUDY_0210,ZOO_ES_002794,ZOO_STUDY_0210__Crassostrea_gigas__Oyster_larvae__CO2376.00__T20.00__NC3,ZOO_COMMON_00377,0.0074720148387010564,0.0028624633253575885
Leung et al. 2022,"Harney et al., 2016. J Proteom",NA,NA,NA,Zooplankton,Meroplankton,Oyster larvae,Crassostrea gigas,TpH,3,3,376,20,655.8,22,Shell matrix protein expression,ambiguous,NA,Physiology,22.75,0.25966,23.35,0.16246,0.02603183871794702,5.5e-5,NA,NA,Yes,NA,NA,NA,,279.79999999999995,2,Harney_et_al_2016_J_Proteom,NA,Crassostrea_gigas,Oyster_larvae,NA,376,20,3,Harney_et_al_2016_J_Proteom__NA__NA,ZOO_STUDY_0210,ZOO_ES_002795,ZOO_STUDY_0210__Crassostrea_gigas__Oyster_larvae__CO2376.00__T20.00__NC3,ZOO_COMMON_00377,0.02603183871794702,5.9559696198114725e-5
Leung et al. 2022,"Harney et al., 2016. J Proteom",NA,NA,NA,Zooplankton,Meroplankton,Oyster larvae,Crassostrea gigas,TpH,3,3,376,20,655.8,22,SOD expression,ambiguous,NA,Physiology,21.43,0.06769061436862511,21.93,0.34985991594960186,0.023063752944311167,0.00267,NA,NA,Yes,NA,NA,NA,,279.79999999999995,2,Harney_et_al_2016_J_Proteom,NA,Crassostrea_gigas,Oyster_larvae,NA,376,20,3,Harney_et_al_2016_J_Proteom__NA__NA,ZOO_STUDY_0210,ZOO_ES_002797,ZOO_STUDY_0210__Crassostrea_gigas__Oyster_larvae__CO2376.00__T20.00__NC3,ZOO_COMMON_00377,0.023063752944311167,8.816365278383068e-5
Leung et al. 2022,"Hernandez et al., 2020. J Plankton Res",NA,NA,NA,Zooplankton,Meroplankton,Urchin larvae,Diadema africanum,TpH,5,5,310.6,23,915.6,26,Postoral arm length,positive,NA,Growth,225,19.27644808189601,150,52.3217876508569,-0.762140052,0.0159,NA,NA,Yes,NA,NA,NA,,605,3,Hernandez_et_al_2020_J_Plankton_Res,NA,Diadema_africanum,Urchin_larvae,NA,310.6,23,5,Hernandez_et_al_2020_J_Plankton_Res__NA__NA,ZOO_STUDY_0216,ZOO_ES_002811,ZOO_STUDY_0216__Diadema_africanum__Urchin_larvae__CO2310.60__T23.00__NC5,ZOO_COMMON_00384,-0.40546510810816444,0.025801926883405813
Leung et al. 2022,"Hernandez et al., 2020. J Plankton Res",NA,NA,NA,Zooplankton,Meroplankton,Urchin larvae,Diadema africanum,TpH,5,5,310.6,23,1879.6,26,Postoral arm length,positive,NA,Growth,225,19.27644808189601,25,13.768891487067679,-2.197224577,0.0621,NA,NA,Yes,NA,NA,NA,,1569,3,Hernandez_et_al_2020_J_Plankton_Res,NA,Diadema_africanum,Urchin_larvae,NA,310.6,23,5,Hernandez_et_al_2020_J_Plankton_Res__NA__NA,ZOO_STUDY_0216,ZOO_ES_002812,ZOO_STUDY_0216__Diadema_africanum__Urchin_larvae__CO2310.60__T23.00__NC5,ZOO_COMMON_00384,-2.1972245773362196,0.0621343353917956
Leung et al. 2022,"Ho et al., 2013. Mar Environ Res",NA,NA,NA,Zooplankton,Meroplankton,Urchin larvae,Sterechinus neumayeri,TpH,6,6,436,1,751,5,Fertilization success,positive,NA,Reproduction,85,3.7751796348455833,88,5.9743652263004305,0.03468555798789011,0.00591,NA,NA,Yes,NA,NA,NA,,315,4,Ho_et_al_2013_Mar_Environ_Res,NA,Sterechinus_neumayeri,Urchin_larvae,NA,436,1,6,Ho_et_al_2013_Mar_Environ_Res__NA__NA,ZOO_STUDY_0225,ZOO_ES_002819,ZOO_STUDY_0225__Sterechinus_neumayeri__Urchin_larvae__CO2436.00__T1.00__NC6,ZOO_COMMON_00398,0.03468555798789011,0.0010969524077421048
Leung et al. 2022,"Ho et al., 2013. Mar Environ Res",NA,NA,NA,Zooplankton,Meroplankton,Urchin larvae,Sterechinus neumayeri,TpH,6,6,436,1,1225,5,Fertilization success,positive,NA,Reproduction,85,3.7751796348455833,86,3.7339782664379255,0.011696039763191236,0.00193,NA,NA,Yes,NA,NA,NA,,789,4,Ho_et_al_2013_Mar_Environ_Res,NA,Sterechinus_neumayeri,Urchin_larvae,NA,436,1,6,Ho_et_al_2013_Mar_Environ_Res__NA__NA,ZOO_STUDY_0225,ZOO_ES_002820,ZOO_STUDY_0225__Sterechinus_neumayeri__Urchin_larvae__CO2436.00__T1.00__NC6,ZOO_COMMON_00398,0.011696039763191236,6.429576414737318e-4
Leung et al. 2022,"Hoshijima et al., 2017. Conserv Physiol",NA,NA,NA,Zooplankton,Holoplankton,Pteropod,Limacina helicina antarctica,TpH,3,3,315,-0.8,513,4,Dry weight,positive,NA,Growth,0.145,0.0045000000000000005,0.115,0.0022500000000000003,-0.231801614,4.49e-4,NA,"8.2, 7.95, 7.7-0.8C 8.11, 7.95,7.7 4C",Yes,NA,NA,NA,,198,4.8,Hoshijima_et_al_2017_Conserv_Physiol,NA,Limacina_helicina_antarctica,Pteropod,NA,315,-0.8,3,Hoshijima_et_al_2017_Conserv_Physiol__NA__NA,ZOO_STUDY_0231,ZOO_ES_002826,ZOO_STUDY_0231__Limacina_helicina_antarctica__Pteropod__CO2315.00__T-0.80__NC3,ZOO_COMMON_00404,-0.23180161405732416,4.486456172213744e-4
Leung et al. 2022,"Hoshijima et al., 2017. Conserv Physiol",NA,NA,NA,Zooplankton,Holoplankton,Pteropod,Limacina helicina antarctica,TpH,3,3,315,-0.8,961,4,Dry weight,positive,NA,Growth,0.145,0.0045000000000000005,0.11,0.00375,-0.276253377,7.08e-4,NA,"8.2, 7.95, 7.7-0.8C 8.11, 7.95,7.7 4C",Yes,NA,NA,NA,,646,4.8,Hoshijima_et_al_2017_Conserv_Physiol,NA,Limacina_helicina_antarctica,Pteropod,NA,315,-0.8,3,Hoshijima_et_al_2017_Conserv_Physiol__NA__NA,ZOO_STUDY_0231,ZOO_ES_002827,ZOO_STUDY_0231__Limacina_helicina_antarctica__Pteropod__CO2315.00__T-0.80__NC3,ZOO_COMMON_00404,-0.2762533766281581,7.084430675799178e-4
Leung et al. 2022,"Hoshijima et al., 2017. Conserv Physiol",NA,NA,NA,Zooplankton,Holoplankton,Pteropod,Limacina helicina antarctica,TpH,3,3,315,-0.8,961,4,Respiration rate,ambiguous,NA,Physiology,0.0135,0.0015,0.0235,0.0045000000000000005,0.5543107357057295,0.0163,NA,"8.2, 7.95, 7.7-0.8C 8.11, 7.95,7.7 4C",Yes,NA,NA,NA,,646,4.8,Hoshijima_et_al_2017_Conserv_Physiol,NA,Limacina_helicina_antarctica,Pteropod,NA,315,-0.8,3,Hoshijima_et_al_2017_Conserv_Physiol__NA__NA,ZOO_STUDY_0231,ZOO_ES_002828,ZOO_STUDY_0231__Limacina_helicina_antarctica__Pteropod__CO2315.00__T-0.80__NC3,ZOO_COMMON_00404,0.5543107357057295,0.016337951552477987
Leung et al. 2022,"Hoshijima et al., 2017. Conserv Physiol",NA,NA,NA,Zooplankton,Holoplankton,Pteropod,Limacina helicina antarctica,TpH,3,3,315,-0.8,513,4,Respiration rate,ambiguous,NA,Physiology,0.0135,0.0015,0.017,0.006749999999999999,0.23052365861183235,0.0325,NA,NA,Yes,NA,NA,NA,,198,4.8,Hoshijima_et_al_2017_Conserv_Physiol,NA,Limacina_helicina_antarctica,Pteropod,NA,315,-0.8,3,Hoshijima_et_al_2017_Conserv_Physiol__NA__NA,ZOO_STUDY_0231,ZOO_ES_002830,ZOO_STUDY_0231__Limacina_helicina_antarctica__Pteropod__CO2315.00__T-0.80__NC3,ZOO_COMMON_00404,0.23052365861183235,0.05666712945163539
Leung et al. 2022,"Iguchi et al., 2014. Zygote",NA,NA,NA,Zooplankton,Meroplankton,Coral larvae,Acropora digitifera,TpH,12,12,438,27.2,1111,31.6,Fertilization success,positive,NA,Reproduction,93,11.559849661194106,86,17.339774491790738,-0.07825219689974826,0.00468,NA,NA,Yes,NA,NA,NA,,673,4.400000000000002,Iguchi_et_al_2014_Zygote,NA,Acropora_digitifera,Coral_larvae,NA,438,27.2,12,Iguchi_et_al_2014_Zygote__NA__NA,ZOO_STUDY_0240,ZOO_ES_002870,ZOO_STUDY_0240__Acropora_digitifera__Coral_larvae__CO2438.00__T27.20__NC12,ZOO_COMMON_00418,-0.07825219689974826,0.004675259242054958
Leung et al. 2022,"Jiang et al., 2020. Coral Reefs",NA,NA,NA,Zooplankton,Meroplankton,Coral larvae,Pocillopora damicornis,TpH,4,4,548,29,1183,30.8,CA activity,ambiguous,NA,Physiology,9.9,2.807017543859498,10.5,3.333333333333403,0.058840500022933395,0.00874,NA,NA,Yes,NA,NA,NA,,635,1.8000000000000007,Jiang_et_al_2020_Coral_Reefs,NA,Pocillopora_damicornis,Coral_larvae,NA,548,29,4,Jiang_et_al_2020_Coral_Reefs__NA__NA,ZOO_STUDY_0253,ZOO_ES_002873,ZOO_STUDY_0253__Pocillopora_damicornis__Coral_larvae__CO2548.00__T29.00__NC4,ZOO_COMMON_00437,0.058840500022933395,0.04529358869488721
Leung et al. 2022,"Jiang et al., 2020. Coral Reefs",NA,NA,NA,Zooplankton,Meroplankton,Coral larvae,Pocillopora damicornis,TpH,4,4,548,29,1183,30.8,Larval settlement,ambiguous,NA,Development,72,14.534883720930196,81.2,13.08139534883719,0.12024912815157694,0.0143,NA,NA,Yes,NA,NA,NA,,635,1.8000000000000007,Jiang_et_al_2020_Coral_Reefs,NA,Pocillopora_damicornis,Coral_larvae,NA,548,29,4,Jiang_et_al_2020_Coral_Reefs__NA__NA,ZOO_STUDY_0253,ZOO_ES_002876,ZOO_STUDY_0253__Pocillopora_damicornis__Coral_larvae__CO2548.00__T29.00__NC4,ZOO_COMMON_00437,0.12024912815157694,0.016676593140034182
Leung et al. 2022,"Jiang et al., 2020. Coral Reefs",NA,NA,NA,Zooplankton,Meroplankton,Coral larvae,Pocillopora damicornis,TpH,4,4,548,29,1183,30.8,Net photosynthesis,positive,NA,Physiology,0.125,0.06,0.203,0.04,0.48489224173948625,0.0167,NA,NA,Yes,NA,NA,NA,,635,1.8000000000000007,Jiang_et_al_2020_Coral_Reefs,NA,Pocillopora_damicornis,Coral_larvae,NA,548,29,4,Jiang_et_al_2020_Coral_Reefs__NA__NA,ZOO_STUDY_0253,ZOO_ES_002878,ZOO_STUDY_0253__Pocillopora_damicornis__Coral_larvae__CO2548.00__T29.00__NC4,ZOO_COMMON_00437,0.48489224173948625,0.0673066174864714
Leung et al. 2022,"Jiang et al., 2020. Coral Reefs",NA,NA,NA,Zooplankton,Meroplankton,Coral larvae,Pocillopora damicornis,TpH,4,4,548,29,1183,30.8,Respiration rate,ambiguous,NA,Physiology,0.19,0.04,0.2,0.04,0.05129329438755048,NA,NA,No experiment / Not tested,Yes,NA,NA,NA,,635,1.8000000000000007,Jiang_et_al_2020_Coral_Reefs,NA,Pocillopora_damicornis,Coral_larvae,NA,548,29,4,Jiang_et_al_2020_Coral_Reefs__NA__NA,ZOO_STUDY_0253,ZOO_ES_002883,ZOO_STUDY_0253__Pocillopora_damicornis__Coral_larvae__CO2548.00__T29.00__NC4,ZOO_COMMON_00437,0.05129329438755048,0.0210803324099723
Leung et al. 2022,"Jiang et al., 2020. Coral Reefs",NA,NA,NA,Zooplankton,Meroplankton,Coral larvae,Pocillopora damicornis,TpH,4,4,548,29,1183,30.8,Partially metamorphosed larvae,negative,NA,Development,5,6.9565217391304195,27,4.0579710144928,1.6863989535702288,0.0501,NA,NA,Yes,NA,NA,NA,,635,1.8000000000000007,Jiang_et_al_2020_Coral_Reefs,NA,Pocillopora_damicornis,Coral_larvae,NA,548,29,4,Jiang_et_al_2020_Coral_Reefs__NA__NA,ZOO_STUDY_0253,ZOO_ES_002885,ZOO_STUDY_0253__Pocillopora_damicornis__Coral_larvae__CO2548.00__T29.00__NC4,ZOO_COMMON_00437,1.6863989535702288,0.48957911056598497
Leung et al. 2022,Lacoue-Labarthe et al. 2009. Biogeosciences,NA,NA,NA,Zooplankton,Meroplankton,Cephalopod larvae,Sepia officinalis,TpH,10,10,404,16,781,19,Egg weight,ambiguous,NA,Reproduction,1.07,1.55,1.85,0.32999999999999985,0.5475269906164187,0.227204766,NA,NA,Yes,NA,NA,NA,,377,3,Lacoue_Labarthe_et_al_2009_Biogeosciences,NA,Sepia_officinalis,Cephalopod_larvae,NA,404,16,10,Lacoue_Labarthe_et_al_2009_Biogeosciences__NA__NA,ZOO_STUDY_0288,ZOO_ES_002933,ZOO_STUDY_0288__Sepia_officinalis__Cephalopod_larvae__CO2404.00__T16.00__NC10,ZOO_COMMON_00497,0.5475269906164187,0.2130255390549291
Leung et al. 2022,Lacoue-Labarthe et al. 2009. Biogeosciences,NA,NA,NA,Zooplankton,Meroplankton,Cephalopod larvae,Sepia officinalis,TpH,10,10,404,16,1399,19,Egg weight,ambiguous,NA,Reproduction,1.07,1.55,1.8,0.75,0.5201280164283042,0.212906154,NA,NA,Yes,NA,NA,NA,,995,3,Lacoue_Labarthe_et_al_2009_Biogeosciences,NA,Sepia_officinalis,Cephalopod_larvae,NA,404,16,10,Lacoue_Labarthe_et_al_2009_Biogeosciences__NA__NA,ZOO_STUDY_0288,ZOO_ES_002934,ZOO_STUDY_0288__Sepia_officinalis__Cephalopod_larvae__CO2404.00__T16.00__NC10,ZOO_COMMON_00497,0.5201280164283042,0.22720476557875022
Leung et al. 2022,Lacoue-Labarthe et al. 2009. Biogeosciences,NA,NA,NA,Zooplankton,Meroplankton,Cephalopod larvae,Sepia officinalis,TpH,10,10,404,16,781,19,Hatchling weight,positive,NA,Growth,0.105,0.033,0.14,0.014999999999999986,0.266020576,0.01,NA,NA,Yes,NA,NA,NA,,377,3,Lacoue_Labarthe_et_al_2009_Biogeosciences,NA,Sepia_officinalis,Cephalopod_larvae,NA,404,16,10,Lacoue_Labarthe_et_al_2009_Biogeosciences__NA__NA,ZOO_STUDY_0288,ZOO_ES_002937,ZOO_STUDY_0288__Sepia_officinalis__Cephalopod_larvae__CO2404.00__T16.00__NC10,ZOO_COMMON_00497,0.287682072451781,0.011025510204081632
Leung et al. 2022,Lacoue-Labarthe et al. 2009. Biogeosciences,NA,NA,NA,Zooplankton,Meroplankton,Cephalopod larvae,Sepia officinalis,TpH,10,10,404,16,1399,19,Hatchling weight,positive,NA,Growth,0.105,0.033,0.122,0.053000000000000005,0.150060695,0.0288,NA,NA,Yes,NA,NA,NA,,995,3,Lacoue_Labarthe_et_al_2009_Biogeosciences,NA,Sepia_officinalis,Cephalopod_larvae,NA,404,16,10,Lacoue_Labarthe_et_al_2009_Biogeosciences__NA__NA,ZOO_STUDY_0288,ZOO_ES_002938,ZOO_STUDY_0288__Sepia_officinalis__Cephalopod_larvae__CO2404.00__T16.00__NC10,ZOO_COMMON_00497,0.15006069457573326,0.028750165908879008
Leung et al. 2022,"Lefevre et al., 2015. J Exp Biol",NA,NA,NA,Zooplankton,Meroplankton,Gastropod larvae,Gibberulus gibberulus gibbosus,TpH,10,9,416.7,28,986.5,33,Absolute aerobic scope,positive,NA,Physiology,300,47.434164902525694,320,45,0.06453852113757116,0.0047,NA,NA,Yes,NA,NA,NA,,569.8,5,Lefevre_et_al_2015_J_Exp_Biol,NA,Gibberulus_gibberulus_gibbosus,Gastropod_larvae,NA,416.7,28,10,Lefevre_et_al_2015_J_Exp_Biol__NA__NA,ZOO_STUDY_0298,ZOO_ES_002952,ZOO_STUDY_0298__Gibberulus_gibberulus_gibbosus__Gastropod_larvae__CO2416.70__T28.00__NC10,ZOO_COMMON_00510,0.06453852113757116,0.0046972656250000005
Leung et al. 2022,"Lefevre et al., 2015. J Exp Biol",NA,NA,NA,Zooplankton,Meroplankton,Gastropod larvae,Gibberulus gibberulus gibbosus,TpH,10,10,416.7,28,986.5,33,Maximum oxygen uptake,positive,NA,Physiology,390,63.24555320336759,425,63.24555320336759,0.08594242980072463,0.00842,NA,NA,Yes,NA,NA,NA,,569.8,5,Lefevre_et_al_2015_J_Exp_Biol,NA,Gibberulus_gibberulus_gibbosus,Gastropod_larvae,NA,416.7,28,10,Lefevre_et_al_2015_J_Exp_Biol__NA__NA,ZOO_STUDY_0298,ZOO_ES_002954,ZOO_STUDY_0298__Gibberulus_gibberulus_gibbosus__Gastropod_larvae__CO2416.70__T28.00__NC10,ZOO_COMMON_00510,0.08594242980072463,0.004844381655667257
Leung et al. 2022,"Lefevre et al., 2015. J Exp Biol",NA,NA,NA,Zooplankton,Meroplankton,Gastropod larvae,Gibberulus gibberulus gibbosus,TpH,11,10,416.7,28,986.5,33,Resting oxygen uptake,ambiguous,NA,Physiology,90,16.583123951776997,125,22.135943621178658,0.32850406697203605,0.00474,NA,NA,Yes,NA,NA,NA,,569.8,5,Lefevre_et_al_2015_J_Exp_Biol,NA,Gibberulus_gibberulus_gibbosus,Gastropod_larvae,NA,416.7,28,11,Lefevre_et_al_2015_J_Exp_Biol__NA__NA,ZOO_STUDY_0298,ZOO_ES_002955,ZOO_STUDY_0298__Gibberulus_gibberulus_gibbosus__Gastropod_larvae__CO2416.70__T28.00__NC11,ZOO_COMMON_00511,0.32850406697203605,0.0062224197530864195
Leung et al. 2022,"Lenz et al., 2019. Mar Pollut Bull",NA,NA,NA,Zooplankton,Meroplankton,Urchin larvae,Lytechinus variegatus,TpH,10,10,518.9,28,1182.7,31,Average rod length,positive,NA,Growth,0.5,0.029801,0.47,0.10258022549869873,-0.533431064,0.0414,NA,NA,Yes,NA,NA,NA,,663.8000000000001,3,Lenz_et_al_2019_Mar_Pollut_Bull,NA,Lytechinus_variegatus,Urchin_larvae,NA,518.9,28,10,Lenz_et_al_2019_Mar_Pollut_Bull__NA__NA,ZOO_STUDY_0301,ZOO_ES_002958,ZOO_STUDY_0301__Lytechinus_variegatus__Urchin_larvae__CO2518.90__T28.00__NC10,ZOO_COMMON_00518,-0.06187540371808753,0.0051187992172057415
Leung et al. 2022,"Lenz et al., 2019. Mar Pollut Bull",NA,NA,NA,Zooplankton,Meroplankton,Urchin larvae,Lytechinus variegatus,TpH,3,3,518.9,28,1182.7,31,Fertilization success,positive,NA,Reproduction,97.8,1.248218,97,4.411845,-0.008213598537388744,1.09e-4,NA,NA,Yes,NA,NA,NA,,663.8000000000001,3,Lenz_et_al_2019_Mar_Pollut_Bull,NA,Lytechinus_variegatus,Urchin_larvae,NA,518.9,28,3,Lenz_et_al_2019_Mar_Pollut_Bull__NA__NA,ZOO_STUDY_0301,ZOO_ES_002961,ZOO_STUDY_0301__Lytechinus_variegatus__Urchin_larvae__CO2518.90__T28.00__NC3,ZOO_COMMON_00519,-0.008213598537388744,7.438636479450649e-4
Leung et al. 2022,"Lenz et al., 2019. Mar Pollut Bull",NA,Effects of ocean warming and acidification on fertilization success and early larval development in the green sea urchin Lytechinus variegatus.,https://www.semanticscholar.org/paper/Effects-of-ocean-warming-and-acidification-on-and-Lenz-Fogarty/91b0cbb1a9507684ebca59e71caab0f153ac51db?utm_source=chatgpt.com,Zooplankton,Meroplankton,Urchin larvae,Lytechinus variegatus,TpH,10,10,518.9,28,1182.7,31,Larval asymmetry,negative,NA,Development,0.09,0.004993,0.052793,0.033847,-0.5334310641645675,0.104187325,NA,NA,Yes,NA,NA,NA,,663.8000000000001,3,Lenz_et_al_2019_Mar_Pollut_Bull,Effects_of_ocean_warming_and_acidification_on_fertilization_success_and_early_larval_development_in_the_green_sea_urchin_Lytechinus_variegatus_,Lytechinus_variegatus,Urchin_larvae,NA,518.9,28,10,Lenz_et_al_2019_Mar_Pollut_Bull__NA__Effects_of_ocean_warming_and_acidification_on_fertilization_success_and_early_larval_development_in_the_green_sea_urchin_Lytechinus_variegatus_,ZOO_STUDY_0300,ZOO_ES_002964,ZOO_STUDY_0300__Lytechinus_variegatus__Urchin_larvae__CO2518.90__T28.00__NC10,ZOO_COMMON_00515,-0.5334310641645675,0.04141211837855953
Leung et al. 2022,"Lenz et al., 2019. Mar Pollut Bull",NA,NA,NA,Zooplankton,Meroplankton,Urchin larvae,Lytechinus variegatus,TpH,10,10,518.9,28,1182.7,31,Larval body length,positive,NA,Growth,0.48,0.015193,0.47,0.074797,-0.0619,0.00473,NA,NA,Yes,NA,NA,NA,,663.8000000000001,3,Lenz_et_al_2019_Mar_Pollut_Bull,NA,Lytechinus_variegatus,Urchin_larvae,NA,518.9,28,10,Lenz_et_al_2019_Mar_Pollut_Bull__NA__NA,ZOO_STUDY_0301,ZOO_ES_002968,ZOO_STUDY_0301__Lytechinus_variegatus__Urchin_larvae__CO2518.90__T28.00__NC10,ZOO_COMMON_00518,-0.02105340919783238,0.0026328206615646305
Leung et al. 2022,"García et al., 2018. Mar Environ Res",NA,NA,NA,Zooplankton,Meroplankton,Urchin larvae,Paracentrotus lividus,TpH,3,3,899.1,19,2800.8,21,Larval density,ambiguous,NA,Survival,240,9,150,7,-0.4700036292457356,0.48776712,NA,NA,Yes,NA,NA,NA,,1901.7000000000003,2,Garc_a_et_al_2018_Mar_Environ_Res,NA,Paracentrotus_lividus,Urchin_larvae,NA,899.1,19,3,Garc_a_et_al_2018_Mar_Environ_Res__NA__NA,ZOO_STUDY_0165,ZOO_ES_002982,ZOO_STUDY_0165__Paracentrotus_lividus__Urchin_larvae__CO2899.10__T19.00__NC3,ZOO_COMMON_00283,-0.4700036292457356,0.0011946759259259259
Leung et al. 2022,"Lischka and Riebesell, 2017. Polar Biol",NA,NA,NA,Zooplankton,Holoplankton,Pteropod,Limacina helicina,TpH,3,3,350,2.3,650,5.6,Dry mass,positive,NA,Growth,0.476,0.14,0.329,0.131,1.330011821,0.0474,NA,experiment A/B,Yes,NA,NA,NA,,300,3.3,Lischka_and_Riebesell_2017_Polar_Biol,NA,Limacina_helicina,Pteropod,NA,350,2.3,3,Lischka_and_Riebesell_2017_Polar_Biol__NA__NA,ZOO_STUDY_0314,ZOO_ES_002986,ZOO_STUDY_0314__Limacina_helicina__Pteropod__CO2350.00__T2.30__NC3,ZOO_COMMON_00542,-0.369360103466048,0.08168318321923078
Leung et al. 2022,"Lischka and Riebesell, 2017. Polar Biol",NA,NA,NA,Zooplankton,Holoplankton,Pteropod,Limacina helicina,TpH,3,3,350,2.3,880,5.6,Dry mass,positive,NA,Growth,0.476,0.14,0.396,0.071,1.281581304,0.217564916,NA,experiment A/B,Yes,NA,NA,NA,,530,3.3,Lischka_and_Riebesell_2017_Polar_Biol,NA,Limacina_helicina,Pteropod,NA,350,2.3,3,Lischka_and_Riebesell_2017_Polar_Biol__NA__NA,ZOO_STUDY_0314,ZOO_ES_002987,ZOO_STUDY_0314__Limacina_helicina__Pteropod__CO2350.00__T2.30__NC3,ZOO_COMMON_00542,-0.1840036429769394,0.039550381601952685
Leung et al. 2022,"Lischka and Riebesell, 2017. Polar Biol",NA,NA,NA,Zooplankton,Holoplankton,Pteropod,Limacina helicina,TpH,3,3,350,2.3,650,6.8,Dry mass,positive,NA,Growth,0.476,0.14,0.378,0.065,1.080077049,0.0524,NA,experiment A/B,Yes,NA,NA,NA,,300,4.5,Lischka_and_Riebesell_2017_Polar_Biol,NA,Limacina_helicina,Pteropod,NA,350,2.3,3,Lischka_and_Riebesell_2017_Polar_Biol__NA__NA,ZOO_STUDY_0314,ZOO_ES_002989,ZOO_STUDY_0314__Limacina_helicina__Pteropod__CO2350.00__T2.30__NC3,ZOO_COMMON_00542,-0.23052365861183224,0.03869154375217368
Leung et al. 2022,"Lischka and Riebesell, 2017. Polar Biol",NA,NA,NA,Zooplankton,Holoplankton,Pteropod,Limacina helicina,TpH,3,3,350,2.3,880,6.8,Dry mass,positive,NA,Growth,0.476,0.14,0.451,0.108,0.619279064,0.00533,NA,NA,Yes,NA,NA,NA,,530,4.5,Lischka_and_Riebesell_2017_Polar_Biol,NA,Limacina_helicina,Pteropod,NA,350,2.3,3,Lischka_and_Riebesell_2017_Polar_Biol__NA__NA,ZOO_STUDY_0314,ZOO_ES_002990,ZOO_STUDY_0314__Limacina_helicina__Pteropod__CO2350.00__T2.30__NC3,ZOO_COMMON_00542,-0.05395051472874158,0.047950013707787204
Leung et al. 2022,"Lischka and Riebesell, 2017. Polar Biol",NA,NA,NA,Zooplankton,Holoplankton,Pteropod,Limacina retroversa,TpH,3,3,350,2.3,650,5.6,Dry mass,positive,NA,Growth,0.46,0.126,0.642,0.261,0.700889155,0.0536,NA,experiment A/B,Yes,NA,NA,NA,,300,3.3,Lischka_and_Riebesell_2017_Polar_Biol,NA,Limacina_retroversa,Pteropod,NA,350,2.3,3,Lischka_and_Riebesell_2017_Polar_Biol__NA__NA,ZOO_STUDY_0314,ZOO_ES_002992,ZOO_STUDY_0314__Limacina_retroversa__Pteropod__CO2350.00__T2.30__NC3,ZOO_COMMON_00543,0.33336181420682043,0.08010159958167402
Leung et al. 2022,"Lischka and Riebesell, 2017. Polar Biol",NA,NA,NA,Zooplankton,Holoplankton,Pteropod,Limacina retroversa,TpH,3,3,350,2.3,880,5.6,Dry mass,positive,NA,Growth,0.46,0.126,0.557,0.221,0.622058272,0.0169,NA,experiment A/B,Yes,NA,NA,NA,,530,3.3,Lischka_and_Riebesell_2017_Polar_Biol,NA,Limacina_retroversa,Pteropod,NA,350,2.3,3,Lischka_and_Riebesell_2017_Polar_Biol__NA__NA,ZOO_STUDY_0314,ZOO_ES_002993,ZOO_STUDY_0314__Limacina_retroversa__Pteropod__CO2350.00__T2.30__NC3,ZOO_COMMON_00543,0.19133875044414334,0.07748450677855938
Leung et al. 2022,"Lischka and Riebesell, 2017. Polar Biol",NA,NA,NA,Zooplankton,Holoplankton,Pteropod,Limacina retroversa,TpH,3,3,350,2.3,650,6.8,Dry mass,positive,NA,Growth,0.46,0.126,0.531,0.088,0.452643668,0.0321,NA,NA,Yes,NA,NA,NA,,300,4.5,Lischka_and_Riebesell_2017_Polar_Biol,NA,Limacina_retroversa,Pteropod,NA,350,2.3,3,Lischka_and_Riebesell_2017_Polar_Biol__NA__NA,ZOO_STUDY_0314,ZOO_ES_002995,ZOO_STUDY_0314__Limacina_retroversa__Pteropod__CO2350.00__T2.30__NC3,ZOO_COMMON_00543,0.14353553175879824,0.03416438220583881
Leung et al. 2022,"Lischka and Riebesell, 2017. Polar Biol",NA,NA,NA,Zooplankton,Holoplankton,Pteropod,Limacina retroversa,TpH,3,3,350,2.3,880,6.8,Dry mass,positive,NA,Growth,0.46,0.126,0.705,0.047,0.266267978,0.0559,NA,NA,Yes,NA,NA,NA,,530,4.5,Lischka_and_Riebesell_2017_Polar_Biol,NA,Limacina_retroversa,Pteropod,NA,350,2.3,3,Lischka_and_Riebesell_2017_Polar_Biol__NA__NA,ZOO_STUDY_0314,ZOO_ES_002996,ZOO_STUDY_0314__Limacina_retroversa__Pteropod__CO2350.00__T2.30__NC3,ZOO_COMMON_00543,0.4269713133291279,0.026490933277322694
Leung et al. 2022,"Lischka and Riebesell, 2017. Polar Biol",NA,NA,NA,Zooplankton,Holoplankton,Pteropod,Limacina helicina,TpH,3,3,350,2.3,650,5.6,Dry mass,positive,NA,Growth,0.552,0.155,0.687,0.141,-0.0325,0.00801,NA,experiment A/B,Yes,NA,NA,NA,,300,3.3,Lischka_and_Riebesell_2017_Polar_Biol,NA,Limacina_helicina,Pteropod,NA,350,2.3,3,Lischka_and_Riebesell_2017_Polar_Biol__NA__NA,ZOO_STUDY_0314,ZOO_ES_002998,ZOO_STUDY_0314__Limacina_helicina__Pteropod__CO2350.00__T2.30__NC3,ZOO_COMMON_00542,0.2187862459452541,0.040323513827302815
Leung et al. 2022,"Lischka and Riebesell, 2017. Polar Biol",NA,NA,NA,Zooplankton,Holoplankton,Pteropod,Limacina helicina,TpH,3,3,350,2.3,880,5.6,Dry mass,positive,NA,Growth,0.552,0.155,0.868,0.115,-0.0443,0.0271,NA,experiment A/B,Yes,NA,NA,NA,,530,3.3,Lischka_and_Riebesell_2017_Polar_Biol,NA,Limacina_helicina,Pteropod,NA,350,2.3,3,Lischka_and_Riebesell_2017_Polar_Biol__NA__NA,ZOO_STUDY_0314,ZOO_ES_002999,ZOO_STUDY_0314__Limacina_helicina__Pteropod__CO2350.00__T2.30__NC3,ZOO_COMMON_00542,0.45264366838325476,0.03213340310655011
Leung et al. 2022,"Lischka and Riebesell, 2017. Polar Biol",NA,NA,NA,Zooplankton,Holoplankton,Pteropod,Limacina helicina,TpH,3,3,350,2.3,650,6.8,Dry mass,positive,NA,Growth,0.552,0.155,0.625,0.07,-0.0496,0.00792,NA,experiment A/B,Yes,NA,NA,NA,,300,4.5,Lischka_and_Riebesell_2017_Polar_Biol,NA,Limacina_helicina,Pteropod,NA,350,2.3,3,Lischka_and_Riebesell_2017_Polar_Biol__NA__NA,ZOO_STUDY_0314,ZOO_ES_003001,ZOO_STUDY_0314__Limacina_helicina__Pteropod__CO2350.00__T2.30__NC3,ZOO_COMMON_00542,0.12420360345930602,0.030463670727438212
Leung et al. 2022,"Lischka and Riebesell, 2017. Polar Biol",NA,NA,NA,Zooplankton,Holoplankton,Pteropod,Limacina helicina,TpH,3,3,350,2.3,880,6.8,Dry mass,positive,NA,Growth,0.552,0.155,0.46,0.122,0.0359,0.00418,NA,experiment A/B,Yes,NA,NA,NA,,530,4.5,Lischka_and_Riebesell_2017_Polar_Biol,NA,Limacina_helicina,Pteropod,NA,350,2.3,3,Lischka_and_Riebesell_2017_Polar_Biol__NA__NA,ZOO_STUDY_0314,ZOO_ES_003002,ZOO_STUDY_0314__Limacina_helicina__Pteropod__CO2350.00__T2.30__NC3,ZOO_COMMON_00542,-0.1823215567939547,0.04972909227753273
Leung et al. 2022,"Lischka and Riebesell, 2017. Polar Biol",NA,NA,NA,Zooplankton,Holoplankton,Pteropod,Limacina retroversa,TpH,3,3,350,2.3,880,5.6,Dry mass,positive,NA,Growth,0.472,0.046,0.692,0.108,-0.0651,0.0321,NA,NA,Yes,NA,NA,NA,,530,3.3,Lischka_and_Riebesell_2017_Polar_Biol,NA,Limacina_retroversa,Pteropod,NA,350,2.3,3,Lischka_and_Riebesell_2017_Polar_Biol__NA__NA,ZOO_STUDY_0314,ZOO_ES_003005,ZOO_STUDY_0314__Limacina_retroversa__Pteropod__CO2350.00__T2.30__NC3,ZOO_COMMON_00543,0.3826069700321141,0.011285211837826908
Leung et al. 2022,"Lischka and Riebesell, 2017. Polar Biol",NA,NA,NA,Zooplankton,Holoplankton,Pteropod,Limacina retroversa,TpH,3,3,350,2.3,880,6.8,Dry mass,positive,NA,Growth,0.472,0.046,0.588,0.179,-0.0156,0.0162,NA,experiment A/B,Yes,NA,NA,NA,,530,4.5,Lischka_and_Riebesell_2017_Polar_Biol,NA,Limacina_retroversa,Pteropod,NA,350,2.3,3,Lischka_and_Riebesell_2017_Polar_Biol__NA__NA,ZOO_STUDY_0314,ZOO_ES_003008,ZOO_STUDY_0314__Limacina_retroversa__Pteropod__CO2350.00__T2.30__NC3,ZOO_COMMON_00543,0.21974796231307156,0.03405686744886298
Leung et al. 2022,"Lischka and Riebesell, 2017. Polar Biol",NA,NA,NA,Zooplankton,Holoplankton,Pteropod,Limacina helicina,TpH,3,3,350,2.3,880,6.8,Oxygen consumption rate,ambiguous,NA,Physiology,7.72,2.89,31.31,8.25,1.4001231713016296,0.04,NA,NA,Yes,NA,NA,NA,,530,4.5,Lischka_and_Riebesell_2017_Polar_Biol,NA,Limacina_helicina,Pteropod,NA,350,2.3,3,Lischka_and_Riebesell_2017_Polar_Biol__NA__NA,ZOO_STUDY_0314,ZOO_ES_003009,ZOO_STUDY_0314__Limacina_helicina__Pteropod__CO2350.00__T2.30__NC3,ZOO_COMMON_00542,1.4001231713016296,0.06985626811751254
Leung et al. 2022,"Lischka and Riebesell, 2017. Polar Biol",NA,NA,NA,Zooplankton,Holoplankton,Pteropod,Limacina helicina,TpH,3,3,350,2.3,650,5.6,Oxygen consumption rate,ambiguous,NA,Physiology,7.72,2.89,29.19,1.31,1.3300118208293386,0.0353,NA,experiment A/B,Yes,NA,NA,NA,,300,3.3,Lischka_and_Riebesell_2017_Polar_Biol,NA,Limacina_helicina,Pteropod,NA,350,2.3,3,Lischka_and_Riebesell_2017_Polar_Biol__NA__NA,ZOO_STUDY_0314,ZOO_ES_003010,ZOO_STUDY_0314__Limacina_helicina__Pteropod__CO2350.00__T2.30__NC3,ZOO_COMMON_00542,1.3300118208293386,0.04738457914680448
Leung et al. 2022,"Lischka and Riebesell, 2017. Polar Biol",NA,NA,NA,Zooplankton,Holoplankton,Pteropod,Limacina helicina,TpH,3,3,350,2.3,880,5.6,Oxygen consumption rate,ambiguous,NA,Physiology,7.72,2.89,27.81,19.91,1.2815813042091886,0.105740238,NA,NA,Yes,NA,NA,NA,,530,3.3,Lischka_and_Riebesell_2017_Polar_Biol,NA,Limacina_helicina,Pteropod,NA,350,2.3,3,Lischka_and_Riebesell_2017_Polar_Biol__NA__NA,ZOO_STUDY_0314,ZOO_ES_003011,ZOO_STUDY_0314__Limacina_helicina__Pteropod__CO2350.00__T2.30__NC3,ZOO_COMMON_00542,1.2815813042091886,0.21756491609967246
Leung et al. 2022,"Lischka and Riebesell, 2017. Polar Biol",NA,NA,NA,Zooplankton,Holoplankton,Pteropod,Limacina retroversa,TpH,3,3,350,2.3,650,6.8,Oxygen consumption rate,ambiguous,NA,Physiology,9.62,1.08,28.33,10.77,1.0800770491648102,0.0206,NA,experiment A/B,Yes,NA,NA,NA,,300,4.5,Lischka_and_Riebesell_2017_Polar_Biol,NA,Limacina_retroversa,Pteropod,NA,350,2.3,3,Lischka_and_Riebesell_2017_Polar_Biol__NA__NA,ZOO_STUDY_0314,ZOO_ES_003013,ZOO_STUDY_0314__Limacina_retroversa__Pteropod__CO2350.00__T2.30__NC3,ZOO_COMMON_00543,1.0800770491648102,0.052375703027097674
Leung et al. 2022,"Lischka and Riebesell, 2017. Polar Biol",NA,NA,NA,Zooplankton,Holoplankton,Pteropod,Limacina retroversa,TpH,3,3,350,2.3,880,5.6,Oxygen consumption rate,ambiguous,NA,Physiology,9.62,1.08,19.49,8.87,0.7060572488418544,122.0941337,NA,experiment A/B,Yes,NA,NA,NA,,530,3.3,Lischka_and_Riebesell_2017_Polar_Biol,NA,Limacina_retroversa,Pteropod,NA,350,2.3,3,Lischka_and_Riebesell_2017_Polar_Biol__NA__NA,ZOO_STUDY_0314,ZOO_ES_003015,ZOO_STUDY_0314__Limacina_retroversa__Pteropod__CO2350.00__T2.30__NC3,ZOO_COMMON_00543,0.7060572488418544,0.07324146892609947
Leung et al. 2022,"Lischka and Riebesell, 2017. Polar Biol",NA,NA,NA,Zooplankton,Holoplankton,Pteropod,Limacina helicina,TpH,3,3,350,2.3,650,6.8,Oxygen consumption rate,ambiguous,NA,Physiology,7.72,2.89,15.56,2.24,0.7008891547135607,0.0113,NA,NA,Yes,NA,NA,NA,,300,4.5,Lischka_and_Riebesell_2017_Polar_Biol,NA,Limacina_helicina,Pteropod,NA,350,2.3,3,Lischka_and_Riebesell_2017_Polar_Biol__NA__NA,ZOO_STUDY_0314,ZOO_ES_003016,ZOO_STUDY_0314__Limacina_helicina__Pteropod__CO2350.00__T2.30__NC3,ZOO_COMMON_00542,0.7008891547135607,0.05362127470414153
Leung et al. 2022,"Lischka and Riebesell, 2017. Polar Biol",NA,NA,NA,Zooplankton,Holoplankton,Pteropod,Limacina helicina,TpH,3,3,350,2.3,650,6.8,Oxygen consumption rate,ambiguous,NA,Physiology,15.01,3.08,27.96,2.59,0.622058271720239,0.132940038,NA,experiment A/B,Yes,NA,NA,NA,,300,4.5,Lischka_and_Riebesell_2017_Polar_Biol,NA,Limacina_helicina,Pteropod,NA,350,2.3,3,Lischka_and_Riebesell_2017_Polar_Biol__NA__NA,ZOO_STUDY_0314,ZOO_ES_003018,ZOO_STUDY_0314__Limacina_helicina__Pteropod__CO2350.00__T2.30__NC3,ZOO_COMMON_00542,0.622058271720239,0.016895455717861736
Leung et al. 2022,"Lischka and Riebesell, 2017. Polar Biol",NA,NA,NA,Zooplankton,Holoplankton,Pteropod,Limacina retroversa,TpH,3,3,350,2.3,880,6.8,Oxygen consumption rate,ambiguous,NA,Physiology,9.62,1.08,16.63,4.26,0.5473640285272212,0.00392,NA,experiment A/B,Yes,NA,NA,NA,,530,4.5,Lischka_and_Riebesell_2017_Polar_Biol,NA,Limacina_retroversa,Pteropod,NA,350,2.3,3,Lischka_and_Riebesell_2017_Polar_Biol__NA__NA,ZOO_STUDY_0314,ZOO_ES_003020,ZOO_STUDY_0314__Limacina_retroversa__Pteropod__CO2350.00__T2.30__NC3,ZOO_COMMON_00543,0.5473640285272212,0.026074483116320064
Leung et al. 2022,"Lischka and Riebesell, 2017. Polar Biol",NA,NA,NA,Zooplankton,Holoplankton,Pteropod,Limacina retroversa,TpH,3,3,350,2.3,650,5.6,Oxygen consumption rate,ambiguous,NA,Physiology,9.62,1.08,14.24,4.35,0.39221064130621464,0.0281,NA,NA,Yes,NA,NA,NA,,300,3.3,Lischka_and_Riebesell_2017_Polar_Biol,NA,Limacina_retroversa,Pteropod,NA,350,2.3,3,Lischka_and_Riebesell_2017_Polar_Biol__NA__NA,ZOO_STUDY_0314,ZOO_ES_003021,ZOO_STUDY_0314__Limacina_retroversa__Pteropod__CO2350.00__T2.30__NC3,ZOO_COMMON_00543,0.39221064130621464,0.035306733377085134
Leung et al. 2022,"Lischka and Riebesell, 2017. Polar Biol",NA,NA,NA,Zooplankton,Holoplankton,Pteropod,Limacina helicina,TpH,3,3,350,2.3,880,6.8,Oxygen consumption rate,ambiguous,NA,Physiology,15.01,3.08,19.79,2.77,0.2764601139691038,0.00531,NA,experiment A/B,Yes,NA,NA,NA,,530,4.5,Lischka_and_Riebesell_2017_Polar_Biol,NA,Limacina_helicina,Pteropod,NA,350,2.3,3,Lischka_and_Riebesell_2017_Polar_Biol__NA__NA,ZOO_STUDY_0314,ZOO_ES_003022,ZOO_STUDY_0314__Limacina_helicina__Pteropod__CO2350.00__T2.30__NC3,ZOO_COMMON_00542,0.2764601139691038,0.020565710007708175
Leung et al. 2022,"Lischka and Riebesell, 2017. Polar Biol",NA,NA,NA,Zooplankton,Holoplankton,Pteropod,Limacina helicina,TpH,3,3,350,2.3,650,5.6,Oxygen consumption rate,ambiguous,NA,Physiology,15.01,3.08,16.2,3.38,0.07629459659296774,0.10965623,NA,NA,Yes,NA,NA,NA,,300,3.3,Lischka_and_Riebesell_2017_Polar_Biol,NA,Limacina_helicina,Pteropod,NA,350,2.3,3,Lischka_and_Riebesell_2017_Polar_Biol__NA__NA,ZOO_STUDY_0314,ZOO_ES_003024,ZOO_STUDY_0314__Limacina_helicina__Pteropod__CO2350.00__T2.30__NC3,ZOO_COMMON_00542,0.07629459659296774,0.028545697366847277
Leung et al. 2022,"Lischka and Riebesell, 2017. Polar Biol",NA,NA,NA,Zooplankton,Holoplankton,Pteropod,Limacina retroversa,TpH,3,3,350,2.3,880,5.6,Oxygen consumption rate,ambiguous,NA,Physiology,16.15,2.28,15.9,2.69,-0.015600940442479548,0.00574,NA,experiment A/B,Yes,NA,NA,NA,,530,3.3,Lischka_and_Riebesell_2017_Polar_Biol,NA,Limacina_retroversa,Pteropod,NA,350,2.3,3,Lischka_and_Riebesell_2017_Polar_Biol__NA__NA,ZOO_STUDY_0314,ZOO_ES_003028,ZOO_STUDY_0314__Limacina_retroversa__Pteropod__CO2350.00__T2.30__NC3,ZOO_COMMON_00543,-0.015600940442479548,0.016184492304194054
Leung et al. 2022,"Lischka and Riebesell, 2017. Polar Biol",NA,NA,NA,Zooplankton,Holoplankton,Pteropod,Limacina helicina,TpH,3,3,350,2.3,880,5.6,Oxygen consumption rate,ambiguous,NA,Physiology,15.01,3.08,12.59,1.65,-0.1758137975891148,0.00499,NA,experiment A/B,Yes,NA,NA,NA,,530,3.3,Lischka_and_Riebesell_2017_Polar_Biol,NA,Limacina_helicina,Pteropod,NA,350,2.3,3,Lischka_and_Riebesell_2017_Polar_Biol__NA__NA,ZOO_STUDY_0314,ZOO_ES_003030,ZOO_STUDY_0314__Limacina_helicina__Pteropod__CO2350.00__T2.30__NC3,ZOO_COMMON_00542,-0.1758137975891148,0.019760465546185435
Leung et al. 2022,"Lischka and Riebesell, 2017. Polar Biol",NA,NA,NA,Zooplankton,Holoplankton,Pteropod,Limacina retroversa,TpH,3,3,350,2.3,880,6.8,Oxygen consumption rate,ambiguous,NA,Physiology,16.15,2.28,11.01,2.31,-0.3831160989340769,0.00945,NA,experiment A/B,Yes,NA,NA,NA,,530,4.5,Lischka_and_Riebesell_2017_Polar_Biol,NA,Limacina_retroversa,Pteropod,NA,350,2.3,3,Lischka_and_Riebesell_2017_Polar_Biol__NA__NA,ZOO_STUDY_0314,ZOO_ES_003031,ZOO_STUDY_0314__Limacina_retroversa__Pteropod__CO2350.00__T2.30__NC3,ZOO_COMMON_00543,-0.3831160989340769,0.021316907745343512
Leung et al. 2022,"Lischka and Riebesell, 2017. Polar Biol",NA,NA,NA,Zooplankton,Holoplankton,Pteropod,Limacina helicina,TpH,3,3,350,2.3,650,5.6,Size,positive,NA,Growth,939,66,916,96,0.0442,0.0315,NA,experiment A/B,Yes,NA,NA,NA,,300,3.3,Lischka_and_Riebesell_2017_Polar_Biol,NA,Limacina_helicina,Pteropod,NA,350,2.3,3,Lischka_and_Riebesell_2017_Polar_Biol__NA__NA,ZOO_STUDY_0314,ZOO_ES_003034,ZOO_STUDY_0314__Limacina_helicina__Pteropod__CO2350.00__T2.30__NC3,ZOO_COMMON_00542,-0.024799114534132586,0.005308036836515865
Leung et al. 2022,"Lischka and Riebesell, 2017. Polar Biol",NA,NA,NA,Zooplankton,Holoplankton,Pteropod,Limacina helicina,TpH,3,3,350,2.3,880,5.6,Size,positive,NA,Growth,939,66,914,129,0.04,0.00586,NA,experiment A/B,Yes,NA,NA,NA,,530,3.3,Lischka_and_Riebesell_2017_Polar_Biol,NA,Limacina_helicina,Pteropod,NA,350,2.3,3,Lischka_and_Riebesell_2017_Polar_Biol__NA__NA,ZOO_STUDY_0314,ZOO_ES_003035,ZOO_STUDY_0314__Limacina_helicina__Pteropod__CO2350.00__T2.30__NC3,ZOO_COMMON_00542,-0.02698490775411295,0.008286744182651015
Leung et al. 2022,"Lischka and Riebesell, 2017. Polar Biol",NA,NA,NA,Zooplankton,Holoplankton,Pteropod,Limacina helicina,TpH,3,3,350,2.3,650,6.8,Size,positive,NA,Growth,939,66,919,92,0.0287,0.0118,NA,NA,Yes,NA,NA,NA,,300,4.5,Lischka_and_Riebesell_2017_Polar_Biol,NA,Limacina_helicina,Pteropod,NA,350,2.3,3,Lischka_and_Riebesell_2017_Polar_Biol__NA__NA,ZOO_STUDY_0314,ZOO_ES_003037,ZOO_STUDY_0314__Limacina_helicina__Pteropod__CO2350.00__T2.30__NC3,ZOO_COMMON_00542,-0.021529356852575877,0.004987370965458898
Leung et al. 2022,"Lischka and Riebesell, 2017. Polar Biol",NA,NA,NA,Zooplankton,Holoplankton,Pteropod,Limacina helicina,TpH,3,3,350,2.3,880,6.8,Size,positive,NA,Growth,939,66,969,133,0.0233,0.0403,NA,NA,Yes,NA,NA,NA,,530,4.5,Lischka_and_Riebesell_2017_Polar_Biol,NA,Limacina_helicina,Pteropod,NA,350,2.3,3,Lischka_and_Riebesell_2017_Polar_Biol__NA__NA,ZOO_STUDY_0314,ZOO_ES_003038,ZOO_STUDY_0314__Limacina_helicina__Pteropod__CO2350.00__T2.30__NC3,ZOO_COMMON_00542,0.031449132682503295,0.00792641546084456
Leung et al. 2022,"Lischka and Riebesell, 2017. Polar Biol",NA,NA,NA,Zooplankton,Holoplankton,Pteropod,Limacina retroversa,TpH,3,3,350,2.3,650,5.6,Size,positive,NA,Growth,1033,124,1003,101,-0.002,0.049,NA,experiment A/B,Yes,NA,NA,NA,,300,3.3,Lischka_and_Riebesell_2017_Polar_Biol,NA,Limacina_retroversa,Pteropod,NA,350,2.3,3,Lischka_and_Riebesell_2017_Polar_Biol__NA__NA,ZOO_STUDY_0314,ZOO_ES_003040,ZOO_STUDY_0314__Limacina_retroversa__Pteropod__CO2350.00__T2.30__NC3,ZOO_COMMON_00543,-0.02947168115770302,0.008183121049746953
Leung et al. 2022,"Lischka and Riebesell, 2017. Polar Biol",NA,NA,NA,Zooplankton,Holoplankton,Pteropod,Limacina retroversa,TpH,3,3,350,2.3,880,5.6,Size,positive,NA,Growth,1033,124,1008,183,-0.0173,0.00761,NA,experiment A/B,Yes,NA,NA,NA,,530,3.3,Lischka_and_Riebesell_2017_Polar_Biol,NA,Limacina_retroversa,Pteropod,NA,350,2.3,3,Lischka_and_Riebesell_2017_Polar_Biol__NA__NA,ZOO_STUDY_0314,ZOO_ES_003041,ZOO_STUDY_0314__Limacina_retroversa__Pteropod__CO2350.00__T2.30__NC3,ZOO_COMMON_00543,-0.024499020488324568,0.01578961093389723
Leung et al. 2022,"Lischka and Riebesell, 2017. Polar Biol",NA,NA,NA,Zooplankton,Holoplankton,Pteropod,Limacina retroversa,TpH,3,3,350,2.3,650,6.8,Size,positive,NA,Growth,1033,124,969,79,0.143535532,0.0342,NA,NA,Yes,NA,NA,NA,,300,4.5,Lischka_and_Riebesell_2017_Polar_Biol,NA,Limacina_retroversa,Pteropod,NA,350,2.3,3,Lischka_and_Riebesell_2017_Polar_Biol__NA__NA,ZOO_STUDY_0314,ZOO_ES_003043,ZOO_STUDY_0314__Limacina_retroversa__Pteropod__CO2350.00__T2.30__NC3,ZOO_COMMON_00543,-0.06395785722887234,0.007018667752023968
Leung et al. 2022,"Lischka and Riebesell, 2017. Polar Biol",NA,NA,NA,Zooplankton,Holoplankton,Pteropod,Limacina retroversa,TpH,3,3,350,2.3,880,6.8,Size,positive,NA,Growth,1033,124,950,119,0.124203603,0.0305,NA,NA,Yes,NA,NA,NA,,530,4.5,Lischka_and_Riebesell_2017_Polar_Biol,NA,Limacina_retroversa,Pteropod,NA,350,2.3,3,Lischka_and_Riebesell_2017_Polar_Biol__NA__NA,ZOO_STUDY_0314,ZOO_ES_003044,ZOO_STUDY_0314__Limacina_retroversa__Pteropod__CO2350.00__T2.30__NC3,ZOO_COMMON_00543,-0.08376048452505203,0.010033384515198016
Leung et al. 2022,"Lischka and Riebesell, 2017. Polar Biol",NA,NA,NA,Zooplankton,Holoplankton,Pteropod,Limacina helicina,TpH,3,3,350,2.3,650,5.6,Size,positive,NA,Growth,931,81,965,68,-0.064,0.00702,NA,experiment A/B,Yes,NA,NA,NA,,300,3.3,Lischka_and_Riebesell_2017_Polar_Biol,NA,Limacina_helicina,Pteropod,NA,350,2.3,3,Lischka_and_Riebesell_2017_Polar_Biol__NA__NA,ZOO_STUDY_0314,ZOO_ES_003046,ZOO_STUDY_0314__Limacina_helicina__Pteropod__CO2350.00__T2.30__NC3,ZOO_COMMON_00542,0.03586882406191884,0.004178354375803927
Leung et al. 2022,"Lischka and Riebesell, 2017. Polar Biol",NA,NA,NA,Zooplankton,Holoplankton,Pteropod,Limacina helicina,TpH,3,3,350,2.3,880,5.6,Size,positive,NA,Growth,931,81,906,89,-0.064,0.0108,NA,experiment A/B,Yes,NA,NA,NA,,530,3.3,Lischka_and_Riebesell_2017_Polar_Biol,NA,Limacina_helicina,Pteropod,NA,350,2.3,3,Lischka_and_Riebesell_2017_Polar_Biol__NA__NA,ZOO_STUDY_0314,ZOO_ES_003047,ZOO_STUDY_0314__Limacina_helicina__Pteropod__CO2350.00__T2.30__NC3,ZOO_COMMON_00542,-0.027219971234087748,0.005739826195469328
Leung et al. 2022,"Lischka and Riebesell, 2017. Polar Biol",NA,NA,NA,Zooplankton,Holoplankton,Pteropod,Limacina helicina,TpH,3,3,350,2.3,650,6.8,Size,positive,NA,Growth,931,81,930,107,-0.175813798,0.0198,NA,experiment A/B,Yes,NA,NA,NA,,300,4.5,Lischka_and_Riebesell_2017_Polar_Biol,NA,Limacina_helicina,Pteropod,NA,350,2.3,3,Lischka_and_Riebesell_2017_Polar_Biol__NA__NA,ZOO_STUDY_0314,ZOO_ES_003049,ZOO_STUDY_0314__Limacina_helicina__Pteropod__CO2350.00__T2.30__NC3,ZOO_COMMON_00542,-0.0010746911297654092,0.006935643059907259
Leung et al. 2022,"Lischka and Riebesell, 2017. Polar Biol",NA,NA,NA,Zooplankton,Holoplankton,Pteropod,Limacina helicina,TpH,3,3,350,2.3,880,6.8,Size,positive,NA,Growth,931,81,914,77,-0.182321557,0.0497,NA,NA,Yes,NA,NA,NA,,530,4.5,Lischka_and_Riebesell_2017_Polar_Biol,NA,Limacina_helicina,Pteropod,NA,350,2.3,3,Lischka_and_Riebesell_2017_Polar_Biol__NA__NA,ZOO_STUDY_0314,ZOO_ES_003050,ZOO_STUDY_0314__Limacina_helicina__Pteropod__CO2350.00__T2.30__NC3,ZOO_COMMON_00542,-0.018428705822917054,0.004888931208956787
Leung et al. 2022,"Lischka and Riebesell, 2017. Polar Biol",NA,NA,NA,Zooplankton,Holoplankton,Pteropod,Limacina retroversa,TpH,3,3,350,2.3,880,5.6,Size,positive,NA,Growth,1064,145,1011,100,-0.230523659,0.0387,NA,NA,Yes,NA,NA,NA,,530,3.3,Lischka_and_Riebesell_2017_Polar_Biol,NA,Limacina_retroversa,Pteropod,NA,350,2.3,3,Lischka_and_Riebesell_2017_Polar_Biol__NA__NA,ZOO_STUDY_0314,ZOO_ES_003052,ZOO_STUDY_0314__Limacina_retroversa__Pteropod__CO2350.00__T2.30__NC3,ZOO_COMMON_00543,-0.05109545088111828,0.009451774682723894
Leung et al. 2022,"Lischka and Riebesell, 2017. Polar Biol",NA,NA,NA,Zooplankton,Holoplankton,Pteropod,Limacina retroversa,TpH,3,3,350,2.3,880,6.8,Size,positive,NA,Growth,1064,145,998,117,-0.383116099,0.0213,NA,experiment A/B,Yes,NA,NA,NA,,530,4.5,Lischka_and_Riebesell_2017_Polar_Biol,NA,Limacina_retroversa,Pteropod,NA,350,2.3,3,Lischka_and_Riebesell_2017_Polar_Biol__NA__NA,ZOO_STUDY_0314,ZOO_ES_003054,ZOO_STUDY_0314__Limacina_retroversa__Pteropod__CO2350.00__T2.30__NC3,ZOO_COMMON_00543,-0.06403739359012567,0.010771889090936008
Leung et al. 2022,"Marques et al., 2020. Environ Pollut",NA,NA,NA,Zooplankton,Holoplankton,Foraminifer,Amphistegina gibbosa,TpH,5,5,333.2,26.9,636.5,28.3,Ca2+-ATPase activity,positive,NA,Physiology,123,17.25,57,15,-0.7691330875378672,0.142829252,NA,NA,Yes,NA,NA,NA,,303.3,1.4000000000000021,Marques_et_al_2020_Environ_Pollut,NA,Amphistegina_gibbosa,Foraminifer,NA,333.2,26.9,5,Marques_et_al_2020_Environ_Pollut__NA__NA,ZOO_STUDY_0334,ZOO_ES_003119,ZOO_STUDY_0334__Amphistegina_gibbosa__Foraminifer__CO2333.20__T26.90__NC5,ZOO_COMMON_00586,-0.7691330875378672,0.017784085946730692
Leung et al. 2022,"Marques et al., 2020. Environ Pollut",NA,NA,NA,Zooplankton,Holoplankton,Foraminifer,Amphistegina gibbosa,TpH,5,5,333.2,26.9,636.5,28.3,Growth (change in size),positive,NA,Growth,0.145,0.069009584664537,0.07,0.04888178913737954,-0.693147181,0.140625,NA,NA,Yes,NA,NA,NA,,303.3,1.4000000000000021,Marques_et_al_2020_Environ_Pollut,NA,Amphistegina_gibbosa,Foraminifer,NA,333.2,26.9,5,Marques_et_al_2020_Environ_Pollut__NA__NA,ZOO_STUDY_0334,ZOO_ES_003123,ZOO_STUDY_0334__Amphistegina_gibbosa__Foraminifer__CO2333.20__T26.90__NC5,ZOO_COMMON_00586,-0.7282385003712153,0.1428292515280255
Leung et al. 2022,"Marques et al., 2020. Environ Pollut",NA,NA,NA,Zooplankton,Holoplankton,Foraminifer,Amphistegina gibbosa,TpH,5,5,333.2,26.9,636.5,28.3,Chl a content,ambiguous,NA,Physiology,27.7,0.7731958762886997,27,1.6494845360824497,-0.025595547188963768,0.0793,NA,NA,Yes,NA,NA,NA,,303.3,1.4000000000000021,Marques_et_al_2020_Environ_Pollut,NA,Amphistegina_gibbosa,Foraminifer,NA,333.2,26.9,5,Marques_et_al_2020_Environ_Pollut__NA__NA,ZOO_STUDY_0334,ZOO_ES_003124,ZOO_STUDY_0334__Amphistegina_gibbosa__Foraminifer__CO2333.20__T26.90__NC5,ZOO_COMMON_00586,-0.025595547188963768,9.022764200813913e-4
Leung et al. 2022,"Marques et al., 2020. Environ Pollut",NA,NA,NA,Zooplankton,Holoplankton,Foraminifer,Amphistegina gibbosa,TpH,5,5,333.2,26.9,636.5,28.3,H+-ATPase activity,ambiguous,NA,Physiology,127,11.423076923076739,38,13.500000000000004,-1.2066009267322053,0.0269,NA,NA,Yes,NA,NA,NA,,303.3,1.4000000000000021,Marques_et_al_2020_Environ_Pollut,NA,Amphistegina_gibbosa,Foraminifer,NA,333.2,26.9,5,Marques_et_al_2020_Environ_Pollut__NA__NA,ZOO_STUDY_0334,ZOO_ES_003126,ZOO_STUDY_0334__Amphistegina_gibbosa__Foraminifer__CO2333.20__T26.90__NC5,ZOO_COMMON_00586,-1.2066009267322053,0.026860420418787
Leung et al. 2022,"Marques et al., 2020. Environ Pollut",NA,NA,NA,Zooplankton,Holoplankton,Foraminifer,Amphistegina gibbosa,TpH,5,5,333.2,26.9,636.5,28.3,Respiration rate,ambiguous,NA,Physiology,0.006,0.002417910447761198,0.008,0.005283582089552175,0.28768207245178085,0.00228,NA,NA,Yes,NA,NA,NA,,303.3,1.4000000000000021,Marques_et_al_2020_Environ_Pollut,NA,Amphistegina_gibbosa,Foraminifer,NA,333.2,26.9,5,Marques_et_al_2020_Environ_Pollut__NA__NA,ZOO_STUDY_0334,ZOO_ES_003128,ZOO_STUDY_0334__Amphistegina_gibbosa__Foraminifer__CO2333.20__T26.90__NC5,ZOO_COMMON_00586,0.28768207245178085,0.11971764312764335
Leung et al. 2022,"Ordoñez et al., 2017. Plos One",NA,NA,NA,Zooplankton,Meroplankton,Coralline algae,Porolithon cf. onkodes,TpH,3,3,424,26,1129.97,28,Abnormal germling development,negative,NA,Development,12,3.4641016151377544,56,43.30127018922193,1.540445040947149,0.0903,NA,Control: pH 7.81 to 8.01; medium: pH 7.82–7.91; high: pH 7.67–7.70,Yes,NA,NA,NA,,705.97,2,Ordo_ez_et_al_2017_Plos_One,NA,Porolithon_cf_onkodes,Coralline_algae,NA,424,26,3,Ordo_ez_et_al_2017_Plos_One__NA__NA,ZOO_STUDY_0385,ZOO_ES_003189,ZOO_STUDY_0385__Porolithon_cf_onkodes__Coralline_algae__CO2424.00__T26.00__NC3,ZOO_COMMON_00665,1.540445040947149,0.22707624716553287
Leung et al. 2022,"Ordoñez et al., 2017. Plos One",NA,NA,NA,Zooplankton,Meroplankton,Coralline algae,Porolithon cf. onkodes,TpH,3,3,424,26,617,28,Abnormal germling development,negative,NA,Development,12,3.4641016151377544,14,6.06217782649107,0.15415067982725836,0.0892,NA,Control: pH 7.81 to 8.01; medium: pH 7.82–7.91; high: pH 7.67–7.70,Yes,NA,NA,NA,,193,2,Ordo_ez_et_al_2017_Plos_One,NA,Porolithon_cf_onkodes,Coralline_algae,NA,424,26,3,Ordo_ez_et_al_2017_Plos_One__NA__NA,ZOO_STUDY_0385,ZOO_ES_003190,ZOO_STUDY_0385__Porolithon_cf_onkodes__Coralline_algae__CO2424.00__T26.00__NC3,ZOO_COMMON_00665,0.15415067982725836,0.09027777777777778
Leung et al. 2022,"Ordoñez et al., 2017. Plos One",NA,NA,NA,Zooplankton,Meroplankton,Coralline algae,Porolithon cf. onkodes,TpH,3,3,424,26,617,28,Coverage,positive,NA,Growth,0.57,0.29444863728670917,0.7,0.017320508075688773,-0.372675285,0.007,NA,Control: pH 7.81 to 8.01; medium: pH 7.82–7.91; high: pH 7.67–7.70,Yes,NA,NA,NA,,193,2,Ordo_ez_et_al_2017_Plos_One,NA,Porolithon_cf_onkodes,Coralline_algae,NA,424,26,3,Ordo_ez_et_al_2017_Plos_One__NA__NA,ZOO_STUDY_0385,ZOO_ES_003193,ZOO_STUDY_0385__Porolithon_cf_onkodes__Coralline_algae__CO2424.00__T26.00__NC3,ZOO_COMMON_00665,0.20544397421480887,0.0891545279238196
Leung et al. 2022,"Ordoñez et al., 2017. Plos One",NA,NA,NA,Zooplankton,Meroplankton,Coralline algae,Porolithon cf. onkodes,TpH,3,3,424,26,1129.97,28,Coverage,positive,NA,Growth,0.57,0.29444863728670917,0.42,0.034641016151377546,-0.470003629,0.138888889,NA,Control: pH 7.81 to 8.01; medium: pH 7.82–7.91; high: pH 7.67–7.70,Yes,NA,NA,NA,,705.97,2,Ordo_ez_et_al_2017_Plos_One,NA,Porolithon_cf_onkodes,Coralline_algae,NA,424,26,3,Ordo_ez_et_al_2017_Plos_One__NA__NA,ZOO_STUDY_0385,ZOO_ES_003194,ZOO_STUDY_0385__Porolithon_cf_onkodes__Coralline_algae__CO2424.00__T26.00__NC3,ZOO_COMMON_00665,-0.30538164955118174,0.09121801998731166
Leung et al. 2022,"Ordoñez et al., 2017. Plos One",NA,NA,NA,Zooplankton,Meroplankton,Coralline algae,Porolithon cf. onkodes,TpH,3,3,424,26,617,28,Germling growth,positive,NA,Growth,4.5,0.6928203230275509,8.75,0.8660254037844386,0.022,6.12e-4,NA,Control: pH 7.81 to 8.01; medium: pH 7.82–7.91; high: pH 7.67–7.70,Yes,NA,NA,NA,,193,2,Ordo_ez_et_al_2017_Plos_One,NA,Porolithon_cf_onkodes,Coralline_algae,NA,424,26,3,Ordo_ez_et_al_2017_Plos_One__NA__NA,ZOO_STUDY_0385,ZOO_ES_003196,ZOO_STUDY_0385__Porolithon_cf_onkodes__Coralline_algae__CO2424.00__T26.00__NC3,ZOO_COMMON_00665,0.664976303593249,0.011166540690350214
Leung et al. 2022,"Ordoñez et al., 2017. Plos One",NA,NA,NA,Zooplankton,Meroplankton,Coralline algae,Porolithon cf. onkodes,TpH,3,3,424,26,1129.97,28,Germling growth,positive,NA,Growth,4.5,0.6928203230275509,6.95,0.9526279441628825,-0.130361818,0.00194,NA,Control: pH 7.81 to 8.01; medium: pH 7.82–7.91; high: pH 7.67–7.70,Yes,NA,NA,NA,,705.97,2,Ordo_ez_et_al_2017_Plos_One,NA,Porolithon_cf_onkodes,Coralline_algae,NA,424,26,3,Ordo_ez_et_al_2017_Plos_One__NA__NA,ZOO_STUDY_0385,ZOO_ES_003197,ZOO_STUDY_0385__Porolithon_cf_onkodes__Coralline_algae__CO2424.00__T26.00__NC3,ZOO_COMMON_00665,0.43466426280042675,0.014163850374536503
Leung et al. 2022,"Ordoñez et al., 2017. Plos One",NA,NA,NA,Zooplankton,Meroplankton,Coralline algae,Porolithon cf. onkodes,TpH,6,6,424,26,617,28,Spore germination success,positive,NA,Reproduction,90,4.898979485566356,79,7.348469228349534,-0.13036181786324358,0.0112,NA,Control: pH 7.81 to 8.01; medium: pH 7.82–7.91; high: pH 7.67–7.70,Yes,NA,NA,NA,,193,2,Ordo_ez_et_al_2017_Plos_One,NA,Porolithon_cf_onkodes,Coralline_algae,NA,424,26,6,Ordo_ez_et_al_2017_Plos_One__NA__NA,ZOO_STUDY_0385,ZOO_ES_003199,ZOO_STUDY_0385__Porolithon_cf_onkodes__Coralline_algae__CO2424.00__T26.00__NC6,ZOO_COMMON_00666,-0.13036181786324358,0.0019359037507838445
Leung et al. 2022,"Ordoñez et al., 2017. Plos One",NA,NA,NA,Zooplankton,Meroplankton,Coralline algae,Porolithon cf. onkodes,TpH,6,6,424,26,1129.97,28,Spore germination success,positive,NA,Reproduction,90,4.898979485566356,62,12.24744871391589,-0.3726752852851735,0.0219,NA,Control: pH 7.81 to 8.01; medium: pH 7.82–7.91; high: pH 7.67–7.70,Yes,NA,NA,NA,,705.97,2,Ordo_ez_et_al_2017_Plos_One,NA,Porolithon_cf_onkodes,Coralline_algae,NA,424,26,6,Ordo_ez_et_al_2017_Plos_One__NA__NA,ZOO_STUDY_0385,ZOO_ES_003200,ZOO_STUDY_0385__Porolithon_cf_onkodes__Coralline_algae__CO2424.00__T26.00__NC6,ZOO_COMMON_00666,-0.3726752852851735,0.0069974692000359705
Leung et al. 2022,"Pereira et al., 2020. Mar Environ Res",NA,NA,NA,Zooplankton,Meroplankton,Urchin larvae,Echinometra lucunter,TpH,5,5,5.06,26,35.120000000000005,28,Fertilization success,positive,NA,Reproduction,90,2.36,72,6.94,-0.2231435513142097,9.35e-4,NA,NA,Yes,NA,NA,NA,,30.060000000000006,2,Pereira_et_al_2020_Mar_Environ_Res,NA,Echinometra_lucunter,Urchin_larvae,NA,5.06,26,5,Pereira_et_al_2020_Mar_Environ_Res__NA__NA,ZOO_STUDY_0416,ZOO_ES_003242,ZOO_STUDY_0416__Echinometra_lucunter__Urchin_larvae__CO25.06__T26.00__NC5,ZOO_COMMON_00717,-0.2231435513142097,0.0019956845679012345
Leung et al. 2022,"Pereira et al., 2020. Mar Environ Res",NA,NA,NA,Zooplankton,Meroplankton,Urchin larvae,Echinometra lucunter,TpH,5,5,5.06,26,35.120000000000005,28,Fertilization success,positive,NA,Reproduction,90,2.36,63,9.86,-0.35667494393873245,0.00107,NA,NA,Yes,NA,NA,NA,,30.060000000000006,2,Pereira_et_al_2020_Mar_Environ_Res,NA,Echinometra_lucunter,Urchin_larvae,NA,5.06,26,5,Pereira_et_al_2020_Mar_Environ_Res__NA__NA,ZOO_STUDY_0416,ZOO_ES_003244,ZOO_STUDY_0416__Echinometra_lucunter__Urchin_larvae__CO25.06__T26.00__NC5,ZOO_COMMON_00717,-0.35667494393873245,0.005036467825648777
Leung et al. 2022,"Pereira et al., 2020. Mar Environ Res",NA,NA,NA,Zooplankton,Meroplankton,Urchin larvae,Echinometra lucunter,TpH,5,5,5.06,26,35.120000000000005,28,Pluteus development rate,ambiguous,NA,Development,80,2.07,58,3.97,-0.32158362412746233,0.00395,NA,NA,Yes,NA,NA,NA,,30.060000000000006,2,Pereira_et_al_2020_Mar_Environ_Res,NA,Echinometra_lucunter,Urchin_larvae,NA,5.06,26,5,Pereira_et_al_2020_Mar_Environ_Res__NA__NA,ZOO_STUDY_0416,ZOO_ES_003248,ZOO_STUDY_0416__Echinometra_lucunter__Urchin_larvae__CO25.06__T26.00__NC5,ZOO_COMMON_00717,-0.32158362412746233,0.0010709364186979786
Leung et al. 2022,"Pereira et al., 2020. Mar Environ Res",NA,NA,NA,Zooplankton,Meroplankton,Urchin larvae,Echinometra lucunter,TpH,5,5,5.06,26,35.120000000000005,28,Pluteus development rate,ambiguous,NA,Development,80,2.07,31,4.28,-0.9480394301887354,0.0013,NA,NA,Yes,NA,NA,NA,,30.060000000000006,2,Pereira_et_al_2020_Mar_Environ_Res,NA,Echinometra_lucunter,Urchin_larvae,NA,5.06,26,5,Pereira_et_al_2020_Mar_Environ_Res__NA__NA,ZOO_STUDY_0416,ZOO_ES_003249,ZOO_STUDY_0416__Echinometra_lucunter__Urchin_larvae__CO25.06__T26.00__NC5,ZOO_COMMON_00717,-0.9480394301887354,0.003946265247788762
Leung et al. 2022,"García et al., 2018. Mar Environ Res",NA,NA,NA,Zooplankton,Meroplankton,Urchin larvae,Paracentrotus lividus,TpH,3,3,899.1,19,1265.7,23,Larval density,ambiguous,NA,Survival,240,9,125,8,-0.6523251860396901,0.0167,NA,NA,Yes,NA,NA,NA,,366.6,4,Garc_a_et_al_2018_Mar_Environ_Res,NA,Paracentrotus_lividus,Urchin_larvae,NA,899.1,19,3,Garc_a_et_al_2018_Mar_Environ_Res__NA__NA,ZOO_STUDY_0165,ZOO_ES_003255,ZOO_STUDY_0165__Paracentrotus_lividus__Urchin_larvae__CO2899.10__T19.00__NC3,ZOO_COMMON_00283,-0.6523251860396901,0.0018340833333333334
Rynkowski et al. 2025,Griffith,2017,NA,https://www.nature.com/articles/s41598-017-11442-3,Zooplankton,Meroplankton,Mollusca,Argopecten.irradians,TpH,6,6,600,24,2500,31,Survival,positive,NA,Survival,53.26316,9.89473,14.73684,13.68421,-0.660987,0.221022,NA,calculated using chatgpt using the formula of Hu et al. 2024; study design has to be revisited (can we input the results of the individual stressors as distinct rows?? Like stressor 1 impact and then stressor 2 impacts??,Yes,NA,NA,NA,,1900,7,Griffith,NA,Argopecten_irradians,Mollusca,2017,600,24,6,Griffith__2017__NA,ZOO_STUDY_0195,ZOO_ES_003267,ZOO_STUDY_0195__Argopecten_irradians__Mollusca__CO2600.00__T24.00__NC6,ZOO_COMMON_00347,-1.2848944290610051,0.14945929990921744
Leung et al. 2022,"Vihtakari et al., 2013. Water",NA,NA,NA,Zooplankton,Meroplankton,Mussel larvae,Mytilus galloprovincialis,TpH,3,3,490,17,1293,20,Larval survival,positive,NA,Survival,45,9.04689385778256,23,11.226578424755207,-0.6711682738411702,0.0929,NA,NA,Yes,NA,NA,NA,,803,3,Vihtakari_et_al_2013_Water,NA,Mytilus_galloprovincialis,Mussel_larvae,NA,490,17,3,Vihtakari_et_al_2013_Water__NA__NA,ZOO_STUDY_0525,ZOO_ES_003273,ZOO_STUDY_0525__Mytilus_galloprovincialis__Mussel_larvae__CO2490.00__T17.00__NC3,ZOO_COMMON_00915,-0.6711682738411702,0.0928904492318841
Leung et al. 2022,"Rivest and Hofmann, 2015. J Exp Mar Biol Ecol",NA,NA,NA,Zooplankton,Meroplankton,Coral larvae,Pocillopora damicornis,TpH,6,6,477,28.1,1035,30.7,Larval length,positive,NA,Growth,0.942,0.07536891516255892,1.011,0.08793040102298638,0.00529,0.0018,NA,NA,Yes,NA,NA,NA,,558,2.599999999999998,Rivest_and_Hofmann_2015_J_Exp_Mar_Biol_Ecol,NA,Pocillopora_damicornis,Coral_larvae,NA,477,28.1,6,Rivest_and_Hofmann_2015_J_Exp_Mar_Biol_Ecol__NA__NA,ZOO_STUDY_0440,ZOO_ES_003291,ZOO_STUDY_0440__Pocillopora_damicornis__Coral_larvae__CO2477.00__T28.10__NC6,ZOO_COMMON_00757,0.07068994444410824,0.0023276561948243676
Leung et al. 2022,"Rivest and Hofmann, 2015. J Exp Mar Biol Ecol",NA,NA,NA,Zooplankton,Meroplankton,Coral larvae,Pocillopora damicornis,TpH,6,6,477,28.1,1035,30.7,Symbiont density,ambiguous,NA,Physiology,5.752,0.9320009753028707,4.542,1.2187705061652723,-0.2361801767353789,0.0674,NA,NA,Yes,NA,NA,NA,,558,2.599999999999998,Rivest_and_Hofmann_2015_J_Exp_Mar_Biol_Ecol,NA,Pocillopora_damicornis,Coral_larvae,NA,477,28.1,6,Rivest_and_Hofmann_2015_J_Exp_Mar_Biol_Ecol__NA__NA,ZOO_STUDY_0440,ZOO_ES_003293,ZOO_STUDY_0440__Pocillopora_damicornis__Coral_larvae__CO2477.00__T28.10__NC6,ZOO_COMMON_00757,-0.2361801767353789,0.016376134539557913
Leung et al. 2022,"Rosa et al., 2013. Proc R Soc B",NA,NA,NA,Zooplankton,Meroplankton,Cuttlefish larvae,Sepia officinalis,TpH,3,3,400,18,1654,22,Development time,negative,NA,Development,49,2.6293005240373972,33.5,5.6596035543404,-0.38027485927960586,4.42e-6,NA,NA,Yes,NA,NA,NA,,1254,4,Rosa_et_al_2013_Proc_R_Soc_B,NA,Sepia_officinalis,Cuttlefish_larvae,NA,400,18,3,Rosa_et_al_2013_Proc_R_Soc_B__NA__NA,ZOO_STUDY_0442,ZOO_ES_003296,ZOO_STUDY_0442__Sepia_officinalis__Cuttlefish_larvae__CO2400.00__T18.00__NC3,ZOO_COMMON_00764,-0.38027485927960586,0.010473726019137385
Leung et al. 2022,"Rosa et al., 2013. Proc R Soc B",NA,NA,NA,Zooplankton,Meroplankton,Cuttlefish larvae,Sepia officinalis,TpH,20,20,400,18,1654,22,Perivitelline fluid pH (embryo),ambiguous,NA,Physiology,7.52,0.0676691729323302,7.22,0.03759398496241051,-0.040711185057013585,0.014,NA,NA,Yes,NA,NA,NA,,1254,4,Rosa_et_al_2013_Proc_R_Soc_B,NA,Sepia_officinalis,Cuttlefish_larvae,NA,400,18,20,Rosa_et_al_2013_Proc_R_Soc_B__NA__NA,ZOO_STUDY_0442,ZOO_ES_003300,ZOO_STUDY_0442__Sepia_officinalis__Cuttlefish_larvae__CO2400.00__T18.00__NC20,ZOO_COMMON_00763,-0.040711185057013585,5.404306732450118e-6
Leung et al. 2022,"Rosa et al., 2013. Proc R Soc B",NA,NA,NA,Zooplankton,Meroplankton,Cuttlefish larvae,Sepia officinalis,TpH,20,20,400,18,1654,22,Perivitelline fluid pH (pre-hatching),ambiguous,NA,Physiology,7.14,0.08108108108107981,7.15,0.07567567567566957,0.0013995803544232636,0.00158,NA,NA,Yes,NA,NA,NA,,1254,4,Rosa_et_al_2013_Proc_R_Soc_B,NA,Sepia_officinalis,Cuttlefish_larvae,NA,400,18,20,Rosa_et_al_2013_Proc_R_Soc_B__NA__NA,ZOO_STUDY_0442,ZOO_ES_003302,ZOO_STUDY_0442__Sepia_officinalis__Cuttlefish_larvae__CO2400.00__T18.00__NC20,ZOO_COMMON_00763,0.0013995803544232636,1.2048880098439084e-5
Leung et al. 2022,"Rosa et al., 2013. Proc R Soc B",NA,NA,NA,Zooplankton,Meroplankton,Cuttlefish larvae,Sepia officinalis,TpH,3,3,400,18,1654,22,Premature hatching,negative,NA,Reproduction,34,7.2930648769575015,100,0,1.07880966137193,0.0179,NA,NA,Yes,NA,NA,NA,,1254,4,Rosa_et_al_2013_Proc_R_Soc_B,NA,Sepia_officinalis,Cuttlefish_larvae,NA,400,18,3,Rosa_et_al_2013_Proc_R_Soc_B__NA__NA,ZOO_STUDY_0442,ZOO_ES_003304,ZOO_STUDY_0442__Sepia_officinalis__Cuttlefish_larvae__CO2400.00__T18.00__NC3,ZOO_COMMON_00764,1.07880966137193,0.01533702286606434
Leung et al. 2022,"Rosa et al., 2013. Proc R Soc B",NA,NA,NA,Zooplankton,Meroplankton,Cuttlefish larvae,Sepia officinalis,TpH,20,20,400,18,1654,22,Routine metabolic rates (embryo),ambiguous,NA,Physiology,1.4,0.5192330594259802,1.8,0.5871144456353399,0.25131442828090617,0.0286,NA,NA,Yes,NA,NA,NA,,1254,4,Rosa_et_al_2013_Proc_R_Soc_B,NA,Sepia_officinalis,Cuttlefish_larvae,NA,400,18,20,Rosa_et_al_2013_Proc_R_Soc_B__NA__NA,ZOO_STUDY_0442,ZOO_ES_003307,ZOO_STUDY_0442__Sepia_officinalis__Cuttlefish_larvae__CO2400.00__T18.00__NC20,ZOO_COMMON_00763,0.25131442828090617,0.012197123271441443
Leung et al. 2022,"Rosa et al., 2013. Proc R Soc B",NA,NA,NA,Zooplankton,Meroplankton,Cuttlefish larvae,Sepia officinalis,TpH,20,20,400,18,1654,22,Routine metabolic rates (pre-hatching),ambiguous,NA,Physiology,5.8,2.65768655120803,2.6,0.6884755184947697,-0.8023464725249373,0.0105,NA,NA,Yes,NA,NA,NA,,1254,4,Rosa_et_al_2013_Proc_R_Soc_B,NA,Sepia_officinalis,Cuttlefish_larvae,NA,400,18,20,Rosa_et_al_2013_Proc_R_Soc_B__NA__NA,ZOO_STUDY_0442,ZOO_ES_003311,ZOO_STUDY_0442__Sepia_officinalis__Cuttlefish_larvae__CO2400.00__T18.00__NC20,ZOO_COMMON_00763,-0.8023464725249373,0.01400426813608869
Leung et al. 2022,"Schmidt et al., 2014. Coral Reefs",NA,NA,NA,Zooplankton,Holoplankton,Foraminifera,Heterostegina depressa,TpH,3,3,479,28,790,31,Growth,positive,NA,Growth,0.35,0.6739252233086176,0.16,0.30861996207590825,-0.101782694,0.00104,NA,NA,Yes,NA,NA,NA,,311,3,Schmidt_et_al_2014_Coral_Reefs,NA,Heterostegina_depressa,Foraminifera,NA,479,28,3,Schmidt_et_al_2014_Coral_Reefs__NA__NA,ZOO_STUDY_0458,ZOO_ES_003340,ZOO_STUDY_0458__Heterostegina_depressa__Foraminifera__CO2479.00__T28.00__NC3,ZOO_COMMON_00790,-0.7827593392496324,2.476036852757625
Leung et al. 2022,"Schmidt et al., 2014. Coral Reefs",NA,NA,NA,Zooplankton,Holoplankton,Foraminifera,Marginopora vertebralis,TpH,3,3,479,28,790,31,Growth,positive,NA,Growth,0.1,0.05668529915679871,0.08,0.08817713202168811,-0.336472237,2.457880654,NA,NA,Yes,NA,NA,NA,,311,3,Schmidt_et_al_2014_Coral_Reefs,NA,Marginopora_vertebralis,Foraminifera,NA,479,28,3,Schmidt_et_al_2014_Coral_Reefs__NA__NA,ZOO_STUDY_0458,ZOO_ES_003342,ZOO_STUDY_0458__Marginopora_vertebralis__Foraminifera__CO2479.00__T28.00__NC3,ZOO_COMMON_00792,-0.22314355131420985,0.5120661157024742
Leung et al. 2022,"Schmidt et al., 2014. Coral Reefs",NA,NA,NA,Zooplankton,Holoplankton,Foraminifera,Heterostegina depressa,TpH,3,3,479,28,790,31,Chl a content,ambiguous,NA,Physiology,0.15,0.03855592551095152,0.07,0.06821432975014409,-0.7621400520468966,1.055965608,NA,NA,Yes,NA,NA,NA,,311,3,Schmidt_et_al_2014_Coral_Reefs,NA,Heterostegina_depressa,Foraminifera,NA,479,28,3,Schmidt_et_al_2014_Coral_Reefs__NA__NA,ZOO_STUDY_0458,ZOO_ES_003345,ZOO_STUDY_0458__Heterostegina_depressa__Foraminifera__CO2479.00__T28.00__NC3,ZOO_COMMON_00790,-0.7621400520468966,0.33856696491069066
Leung et al. 2022,"Schmidt et al., 2014. Coral Reefs",NA,NA,NA,Zooplankton,Holoplankton,Foraminifera,Marginopora vertebralis,TpH,3,3,479,28,790,31,Chl a content,ambiguous,NA,Physiology,0.15,0.05635096805446779,0.04,0.03262424466311247,-1.3217558399823195,0.26878121,NA,NA,Yes,NA,NA,NA,,311,3,Schmidt_et_al_2014_Coral_Reefs,NA,Marginopora_vertebralis,Foraminifera,NA,479,28,3,Schmidt_et_al_2014_Coral_Reefs__NA__NA,ZOO_STUDY_0458,ZOO_ES_003346,ZOO_STUDY_0458__Marginopora_vertebralis__Foraminifera__CO2479.00__T28.00__NC3,ZOO_COMMON_00792,-1.3217558399823195,0.2687812102541671
Leung et al. 2022,"Schmidt et al., 2014. Coral Reefs",NA,NA,NA,Zooplankton,Holoplankton,Foraminifera,Heterostegina depressa,TpH,3,3,479,28,790,31,Maximum quantum yield of PSII,positive,NA,Physiology,0.73,0.02205913764356622,0.718,0.02614416313311435,-0.016574965094212676,0.0883,NA,NA,Yes,NA,NA,NA,,311,3,Schmidt_et_al_2014_Coral_Reefs,NA,Heterostegina_depressa,Foraminifera,NA,479,28,3,Schmidt_et_al_2014_Coral_Reefs__NA__NA,ZOO_STUDY_0458,ZOO_ES_003350,ZOO_STUDY_0458__Heterostegina_depressa__Foraminifera__CO2479.00__T28.00__NC3,ZOO_COMMON_00790,-0.016574965094212676,7.46332093844646e-4
Leung et al. 2022,"Schmidt et al., 2014. Coral Reefs",NA,NA,NA,Zooplankton,Holoplankton,Foraminifera,Marginopora vertebralis,TpH,3,3,479,28,790,31,Maximum quantum yield of PSII,positive,NA,Physiology,0.708,0.01634010195819695,0.69,0.05399999999999994,-0.02575249610241474,0.16412229,NA,NA,Yes,NA,NA,NA,,311,3,Schmidt_et_al_2014_Coral_Reefs,NA,Marginopora_vertebralis,Foraminifera,NA,479,28,3,Schmidt_et_al_2014_Coral_Reefs__NA__NA,ZOO_STUDY_0458,ZOO_ES_003352,ZOO_STUDY_0458__Marginopora_vertebralis__Foraminifera__CO2479.00__T28.00__NC3,ZOO_COMMON_00792,-0.02575249610241474,0.0022191383421906103
Leung et al. 2022,"Schmidt et al., 2014. Coral Reefs",NA,NA,NA,Zooplankton,Holoplankton,Foraminifera,Heterostegina depressa,TpH,3,3,479,28,790,31,Oxygen production,positive,NA,Physiology,0.039,0.06120749592930591,0.015,0.012592929784498386,-0.9555114450274365,0.937090311,NA,NA,Yes,NA,NA,NA,,311,3,Schmidt_et_al_2014_Coral_Reefs,NA,Heterostegina_depressa,Foraminifera,NA,479,28,3,Schmidt_et_al_2014_Coral_Reefs__NA__NA,ZOO_STUDY_0458,ZOO_ES_003357,ZOO_STUDY_0458__Heterostegina_depressa__Foraminifera__CO2479.00__T28.00__NC3,ZOO_COMMON_00790,-0.9555114450274365,1.0559656082628515
Leung et al. 2022,"Schmidt et al., 2014. Coral Reefs",NA,NA,NA,Zooplankton,Holoplankton,Foraminifera,Marginopora vertebralis,TpH,3,3,479,28,790,31,Oxygen production,positive,NA,Physiology,0.027,0.033385906870530564,0.01,0.011572327044025148,-0.9932517730102833,0.512066116,NA,NA,Yes,NA,NA,NA,,311,3,Schmidt_et_al_2014_Coral_Reefs,NA,Marginopora_vertebralis,Foraminifera,NA,479,28,3,Schmidt_et_al_2014_Coral_Reefs__NA__NA,ZOO_STUDY_0458,ZOO_ES_003358,ZOO_STUDY_0458__Marginopora_vertebralis__Foraminifera__CO2479.00__T28.00__NC3,ZOO_COMMON_00792,-0.9932517730102833,0.956052349564195
Leung et al. 2022,"Schmidt et al., 2014. Coral Reefs",NA,NA,NA,Zooplankton,Holoplankton,Foraminifera,Heterostegina depressa,TpH,3,3,479,28,790,31,Respiration rate,ambiguous,NA,Physiology,0.006,0.00964999735645517,0.004,0.00247435829652697,-0.40546510810816444,0.989795918,NA,NA,Yes,NA,NA,NA,,311,3,Schmidt_et_al_2014_Coral_Reefs,NA,Heterostegina_depressa,Foraminifera,NA,479,28,3,Schmidt_et_al_2014_Coral_Reefs__NA__NA,ZOO_STUDY_0458,ZOO_ES_003362,ZOO_STUDY_0458__Heterostegina_depressa__Foraminifera__CO2479.00__T28.00__NC3,ZOO_COMMON_00790,-0.40546510810816444,0.9897959183673465
Leung et al. 2022,"Schmidt et al., 2014. Coral Reefs",NA,NA,NA,Zooplankton,Holoplankton,Foraminifera,Marginopora vertebralis,TpH,3,3,479,28,790,31,Respiration rate,ambiguous,NA,Physiology,0.016,0.011876919823329515,0.009,0.008907689867496939,-0.5753641449035618,0.338566965,NA,NA,Yes,NA,NA,NA,,311,3,Schmidt_et_al_2014_Coral_Reefs,NA,Marginopora_vertebralis,Foraminifera,NA,479,28,3,Schmidt_et_al_2014_Coral_Reefs__NA__NA,ZOO_STUDY_0458,ZOO_ES_003364,ZOO_STUDY_0458__Marginopora_vertebralis__Foraminifera__CO2479.00__T28.00__NC3,ZOO_COMMON_00792,-0.5753641449035618,0.5102040816326446
Leung et al. 2022,"Schutter et al., 2015. J Mar Sci Eng",NA,NA,NA,Zooplankton,Meroplankton,Coral larvae,Acropora hyacinthus (Lyudao),TpH,5,5,562,27,992,31,Early developmental success,positive,NA,Reproduction,38,5.5,1.5,0.5,-3.2321210516182215,0.139840137,NA,NA,Yes,NA,NA,NA,,430,4,Schutter_et_al_2015_J_Mar_Sci_Eng,NA,Acropora_hyacinthus_Lyudao_,Coral_larvae,NA,562,27,5,Schutter_et_al_2015_J_Mar_Sci_Eng__NA__NA,ZOO_STUDY_0461,ZOO_ES_003373,ZOO_STUDY_0461__Acropora_hyacinthus_Lyudao___Coral_larvae__CO2562.00__T27.00__NC5,ZOO_COMMON_00802,-3.2321210516182215,0.026411972914743
Leung et al. 2022,"Schutter et al., 2015. J Mar Sci Eng",NA,NA,NA,Zooplankton,Meroplankton,Coral larvae,Acropora hyacinthus (Kochi),TpH,5,5,562,27,992,31,Early developmental success,positive,NA,Reproduction,87,6,1,0.2,-4.465908118654584,0.0394,NA,NA,Yes,NA,NA,NA,,430,4,Schutter_et_al_2015_J_Mar_Sci_Eng,NA,Acropora_hyacinthus_Kochi_,Coral_larvae,NA,562,27,5,Schutter_et_al_2015_J_Mar_Sci_Eng__NA__NA,ZOO_STUDY_0461,ZOO_ES_003374,ZOO_STUDY_0461__Acropora_hyacinthus_Kochi___Coral_larvae__CO2562.00__T27.00__NC5,ZOO_COMMON_00800,-4.465908118654584,0.008951248513674199
Leung et al. 2022,"Schutter et al., 2015. J Mar Sci Eng",NA,NA,NA,Zooplankton,Meroplankton,Coral larvae,Acropora hyacinthus (Kochi),TpH,5,5,562,27,992,31,Abnormal embryo development,negative,NA,Development,12,6,99,0,2.1102132003465894,0.0168,NA,NA,Yes,NA,NA,NA,,430,4,Schutter_et_al_2015_J_Mar_Sci_Eng,NA,Acropora_hyacinthus_Kochi_,Coral_larvae,NA,562,27,5,Schutter_et_al_2015_J_Mar_Sci_Eng__NA__NA,ZOO_STUDY_0461,ZOO_ES_003375,ZOO_STUDY_0461__Acropora_hyacinthus_Kochi___Coral_larvae__CO2562.00__T27.00__NC5,ZOO_COMMON_00800,2.1102132003465894,0.05
Leung et al. 2022,"Schutter et al., 2015. J Mar Sci Eng",NA,NA,NA,Zooplankton,Meroplankton,Coral larvae,Acropora hyacinthus (Lyudao),TpH,5,5,562,27,992,31,Early development success,positive,NA,Development,70,13.5,4,1.6,-2.8622008809294686,6.48e-5,NA,NA,Yes,NA,NA,NA,,430,4,Schutter_et_al_2015_J_Mar_Sci_Eng,NA,Acropora_hyacinthus_Lyudao_,Coral_larvae,NA,562,27,5,Schutter_et_al_2015_J_Mar_Sci_Eng__NA__NA,ZOO_STUDY_0461,ZOO_ES_003381,ZOO_STUDY_0461__Acropora_hyacinthus_Lyudao___Coral_larvae__CO2562.00__T27.00__NC5,ZOO_COMMON_00802,-2.8622008809294686,0.03943877551020409
Leung et al. 2022,"Schutter et al., 2015. J Mar Sci Eng",NA,NA,NA,Zooplankton,Meroplankton,Coral larvae,Acropora hyacinthus (Kochi),TpH,5,5,562,27,992,31,Fertilization success,positive,NA,Reproduction,99,4.9,96,1.5,-0.03077165866675366,0.00117,NA,NA,Yes,NA,NA,NA,,430,4,Schutter_et_al_2015_J_Mar_Sci_Eng,NA,Acropora_hyacinthus_Kochi_,Coral_larvae,NA,562,27,5,Schutter_et_al_2015_J_Mar_Sci_Eng__NA__NA,ZOO_STUDY_0461,ZOO_ES_003385,ZOO_STUDY_0461__Acropora_hyacinthus_Kochi___Coral_larvae__CO2562.00__T27.00__NC5,ZOO_COMMON_00800,-0.03077165866675366,5.387781301015204e-4
Leung et al. 2022,"Schutter et al., 2015. J Mar Sci Eng",NA,NA,NA,Zooplankton,Meroplankton,Coral larvae,Acropora hyacinthus (Lyudao),TpH,5,5,562,27,992,31,Fertilization success,positive,NA,Reproduction,41,6,8,3,-1.6341305250244718,4.35e-5,NA,NA,Yes,NA,NA,NA,,430,4,Schutter_et_al_2015_J_Mar_Sci_Eng,NA,Acropora_hyacinthus_Lyudao_,Coral_larvae,NA,562,27,5,Schutter_et_al_2015_J_Mar_Sci_Eng__NA__NA,ZOO_STUDY_0461,ZOO_ES_003388,ZOO_STUDY_0461__Acropora_hyacinthus_Lyudao___Coral_larvae__CO2562.00__T27.00__NC5,ZOO_COMMON_00802,-1.6341305250244718,0.032408164782867344
Leung et al. 2022,"Sinutok et al., 2011. Limnol Oceanogr",NA,NA,NA,Zooplankton,Holoplankton,Foraminifera,Marginopora vertebralis,TpH,4,4,338.5,28,1132.3,30,Chl a content,ambiguous,NA,Physiology,9.3,4.6,1,2.2,-2.2300144001592104,7.07e-5,NA,"Four pH levels were set/tested, with one value/control around pH 8.1.",Yes,NA,NA,NA,,793.8,2,Sinutok_et_al_2011_Limnol_Oceanogr,NA,Marginopora_vertebralis,Foraminifera,NA,338.5,28,4,Sinutok_et_al_2011_Limnol_Oceanogr__NA__NA,ZOO_STUDY_0470,ZOO_ES_003415,ZOO_STUDY_0470__Marginopora_vertebralis__Foraminifera__CO2338.50__T28.00__NC4,ZOO_COMMON_00814,-2.2300144001592104,1.2711631402474277
Leung et al. 2022,"Sinutok et al., 2011. Limnol Oceanogr",NA,NA,NA,Zooplankton,Holoplankton,Foraminifera,Marginopora vertebralis,TpH,4,4,338.5,28,1071.4,32,Crystal width,positive,NA,Physiology,0.12,0.002,0.98,0.004,2.1000608288825715,1.197705598,NA,"Four pH levels were set/tested, with one value/control around pH 8.1.",Yes,NA,NA,NA,,732.9000000000001,4,Sinutok_et_al_2011_Limnol_Oceanogr,NA,Marginopora_vertebralis,Foraminifera,NA,338.5,28,4,Sinutok_et_al_2011_Limnol_Oceanogr__NA__NA,ZOO_STUDY_0470,ZOO_ES_003416,ZOO_STUDY_0470__Marginopora_vertebralis__Foraminifera__CO2338.50__T28.00__NC4,ZOO_COMMON_00814,2.1000608288825715,7.360937572307835e-5
Leung et al. 2022,"Sinutok et al., 2011. Limnol Oceanogr",NA,NA,NA,Zooplankton,Holoplankton,Foraminifera,Marginopora vertebralis,TpH,4,4,338.5,28,1132.3,30,Crystal width,positive,NA,Physiology,0.12,0.002,0.95,0.002,2.0689702418125404,1.072924661,NA,"Four pH levels were set/tested, with one value/control around pH 8.1.",Yes,NA,NA,NA,,793.8,2,Sinutok_et_al_2011_Limnol_Oceanogr,NA,Marginopora_vertebralis,Foraminifera,NA,338.5,28,4,Sinutok_et_al_2011_Limnol_Oceanogr__NA__NA,ZOO_STUDY_0470,ZOO_ES_003418,ZOO_STUDY_0470__Marginopora_vertebralis__Foraminifera__CO2338.50__T28.00__NC4,ZOO_COMMON_00814,2.0689702418125404,7.055247768544167e-5
Leung et al. 2022,"Sinutok et al., 2011. Limnol Oceanogr",NA,NA,NA,Zooplankton,Holoplankton,Foraminifera,Marginopora vertebralis,TpH,4,4,338.5,28,1191.7,34,Crystal width,positive,NA,Physiology,0.12,0.002,0.95,0.001,2.0689702418125404,0.699546485,NA,NA,Yes,NA,NA,NA,,853.2,6,Sinutok_et_al_2011_Limnol_Oceanogr,NA,Marginopora_vertebralis,Foraminifera,NA,338.5,28,4,Sinutok_et_al_2011_Limnol_Oceanogr__NA__NA,ZOO_STUDY_0470,ZOO_ES_003419,ZOO_STUDY_0470__Marginopora_vertebralis__Foraminifera__CO2338.50__T28.00__NC4,ZOO_COMMON_00814,2.0689702418125404,6.972145275469375e-5
Leung et al. 2022,"Sinutok et al., 2011. Limnol Oceanogr",NA,NA,NA,Zooplankton,Holoplankton,Foraminifera,Marginopora vertebralis,TpH,4,4,338.5,28,2424.9,30,Crystal width,positive,NA,Physiology,0.12,0.002,0.9,0.002,2.0149030205422647,0.202632905,NA,NA,Yes,NA,NA,NA,,2086.4,2,Sinutok_et_al_2011_Limnol_Oceanogr,NA,Marginopora_vertebralis,Foraminifera,NA,338.5,28,4,Sinutok_et_al_2011_Limnol_Oceanogr__NA__NA,ZOO_STUDY_0470,ZOO_ES_003420,ZOO_STUDY_0470__Marginopora_vertebralis__Foraminifera__CO2338.50__T28.00__NC4,ZOO_COMMON_00814,2.0149030205422647,7.067901234567901e-5
Leung et al. 2022,"Sinutok et al., 2011. Limnol Oceanogr",NA,NA,NA,Zooplankton,Holoplankton,Foraminifera,Marginopora vertebralis,TpH,4,4,338.5,28,2688.1,32,Crystal width,positive,NA,Physiology,0.12,0.002,0.85,0.002,1.957744606702316,0.0162,NA,"Four pH levels were set/tested, with one value/control around pH 8.1.",Yes,NA,NA,NA,,2349.6,4,Sinutok_et_al_2011_Limnol_Oceanogr,NA,Marginopora_vertebralis,Foraminifera,NA,338.5,28,4,Sinutok_et_al_2011_Limnol_Oceanogr__NA__NA,ZOO_STUDY_0470,ZOO_ES_003421,ZOO_STUDY_0470__Marginopora_vertebralis__Foraminifera__CO2338.50__T28.00__NC4,ZOO_COMMON_00814,1.957744606702316,7.082852748942714e-5
Leung et al. 2022,"Sinutok et al., 2011. Limnol Oceanogr",NA,NA,NA,Zooplankton,Holoplankton,Foraminifera,Marginopora vertebralis,TpH,4,4,338.5,28,2411,34,Crystal width,positive,NA,Physiology,0.12,0.002,0.85,0.006,1.957744606702316,0.00284,NA,"Four pH levels were set/tested, with one value/control around pH 8.1.",Yes,NA,NA,NA,,2072.5,6,Sinutok_et_al_2011_Limnol_Oceanogr,NA,Marginopora_vertebralis,Foraminifera,NA,338.5,28,4,Sinutok_et_al_2011_Limnol_Oceanogr__NA__NA,ZOO_STUDY_0470,ZOO_ES_003422,ZOO_STUDY_0470__Marginopora_vertebralis__Foraminifera__CO2338.50__T28.00__NC4,ZOO_COMMON_00814,1.957744606702316,8.190119184928873e-5
Leung et al. 2022,"Sinutok et al., 2011. Limnol Oceanogr",NA,NA,NA,Zooplankton,Holoplankton,Foraminifera,Marginopora vertebralis,TpH,4,4,338.5,28,1132.3,30,Maximum quantum yield,positive,NA,Physiology,0.145,0.3,0.18,0.19,0.216223108469636,1.214556478,NA,NA,Yes,NA,NA,NA,,793.8,2,Sinutok_et_al_2011_Limnol_Oceanogr,NA,Marginopora_vertebralis,Foraminifera,NA,338.5,28,4,Sinutok_et_al_2011_Limnol_Oceanogr__NA__NA,ZOO_STUDY_0470,ZOO_ES_003427,ZOO_STUDY_0470__Marginopora_vertebralis__Foraminifera__CO2338.50__T28.00__NC4,ZOO_COMMON_00814,0.216223108469636,1.3487039605995215
Leung et al. 2022,"Sinutok et al., 2011. Limnol Oceanogr",NA,NA,NA,Zooplankton,Holoplankton,Foraminifera,Marginopora vertebralis,TpH,4,4,338.5,28,1071.4,32,Maximum quantum yield,positive,NA,Physiology,0.145,0.3,0.18,0.12,0.216223108469636,0.0545,NA,"Four pH levels were set/tested, with one value/control around pH 8.1.",Yes,NA,NA,NA,,732.9000000000001,4,Sinutok_et_al_2011_Limnol_Oceanogr,NA,Marginopora_vertebralis,Foraminifera,NA,338.5,28,4,Sinutok_et_al_2011_Limnol_Oceanogr__NA__NA,ZOO_STUDY_0470,ZOO_ES_003428,ZOO_STUDY_0470__Marginopora_vertebralis__Foraminifera__CO2338.50__T28.00__NC4,ZOO_COMMON_00814,0.216223108469636,1.1812656889945832
Leung et al. 2022,"Sinutok et al., 2011. Limnol Oceanogr",NA,NA,NA,Zooplankton,Holoplankton,Foraminifera,Marginopora vertebralis,TpH,4,4,338.5,28,2688.1,32,Maximum quantum yield,positive,NA,Physiology,0.145,0.3,0.05,0.08,-1.0647107369924282,1.27116314,NA,NA,Yes,NA,NA,NA,,2349.6,4,Sinutok_et_al_2011_Limnol_Oceanogr,NA,Marginopora_vertebralis,Foraminifera,NA,338.5,28,4,Sinutok_et_al_2011_Limnol_Oceanogr__NA__NA,ZOO_STUDY_0470,ZOO_ES_003431,ZOO_STUDY_0470__Marginopora_vertebralis__Foraminifera__CO2338.50__T28.00__NC4,ZOO_COMMON_00814,-1.0647107369924282,1.710154577883472
Leung et al. 2022,"Sinutok et al., 2011. Limnol Oceanogr",NA,NA,NA,Zooplankton,Holoplankton,Foraminifera,Marginopora vertebralis,TpH,4,4,338.5,28,1191.7,34,Maximum quantum yield,positive,NA,Physiology,0.145,0.3,0.005,2e-4,-3.3672958299864737,1.070554578,NA,"Four pH levels were set/tested, with one value/control around pH 8.1.",Yes,NA,NA,NA,,853.2,6,Sinutok_et_al_2011_Limnol_Oceanogr,NA,Marginopora_vertebralis,Foraminifera,NA,338.5,28,4,Sinutok_et_al_2011_Limnol_Oceanogr__NA__NA,ZOO_STUDY_0470,ZOO_ES_003432,ZOO_STUDY_0470__Marginopora_vertebralis__Foraminifera__CO2338.50__T28.00__NC4,ZOO_COMMON_00814,-3.3672958299864737,1.070554577883472
Leung et al. 2022,"Sinutok et al., 2011. Limnol Oceanogr",NA,NA,NA,Zooplankton,Holoplankton,Foraminifera,Marginopora vertebralis,TpH,4,4,338.5,28,1132.3,30,Oxygen production,positive,NA,Physiology,8.4,1.2,3.9,0.4,-0.7672551527136673,0.0697,NA,NA,Yes,NA,NA,NA,,793.8,2,Sinutok_et_al_2011_Limnol_Oceanogr,NA,Marginopora_vertebralis,Foraminifera,NA,338.5,28,4,Sinutok_et_al_2011_Limnol_Oceanogr__NA__NA,ZOO_STUDY_0470,ZOO_ES_003436,ZOO_STUDY_0470__Marginopora_vertebralis__Foraminifera__CO2338.50__T28.00__NC4,ZOO_COMMON_00814,-0.7672551527136673,0.007731889600021469
Leung et al. 2022,"Sinutok et al., 2011. Limnol Oceanogr",NA,NA,NA,Zooplankton,Holoplankton,Foraminifera,Marginopora vertebralis,TpH,4,4,338.5,28,1071.4,32,Oxygen production,positive,NA,Physiology,8.4,1.2,3.2,0.4,-0.9650808960435872,1.710154578,NA,"Four pH levels were set/tested, with one value/control around pH 8.1.",Yes,NA,NA,NA,,732.9000000000001,4,Sinutok_et_al_2011_Limnol_Oceanogr,NA,Marginopora_vertebralis,Foraminifera,NA,338.5,28,4,Sinutok_et_al_2011_Limnol_Oceanogr__NA__NA,ZOO_STUDY_0470,ZOO_ES_003437,ZOO_STUDY_0470__Marginopora_vertebralis__Foraminifera__CO2338.50__T28.00__NC4,ZOO_COMMON_00814,-0.9650808960435872,0.00900829081632653
Leung et al. 2022,"Sinutok et al., 2011. Limnol Oceanogr",NA,NA,NA,Zooplankton,Holoplankton,Foraminifera,Marginopora vertebralis,TpH,4,4,338.5,28,2688.1,32,Oxygen production,positive,NA,Physiology,8.4,1.2,2.8,1.2,-1.0986122886681098,0.0644,NA,NA,Yes,NA,NA,NA,,2349.6,4,Sinutok_et_al_2011_Limnol_Oceanogr,NA,Marginopora_vertebralis,Foraminifera,NA,338.5,28,4,Sinutok_et_al_2011_Limnol_Oceanogr__NA__NA,ZOO_STUDY_0470,ZOO_ES_003438,ZOO_STUDY_0470__Marginopora_vertebralis__Foraminifera__CO2338.50__T28.00__NC4,ZOO_COMMON_00814,-1.0986122886681098,0.05102040816326531
Leung et al. 2022,"Sinutok et al., 2011. Limnol Oceanogr",NA,NA,NA,Zooplankton,Holoplankton,Foraminifera,Marginopora vertebralis,TpH,4,4,338.5,28,1191.7,34,Oxygen production,positive,NA,Physiology,8.4,1.2,2.1,1.8,-1.3862943611198906,0.051,NA,"Four pH levels were set/tested, with one value/control around pH 8.1.",Yes,NA,NA,NA,,853.2,6,Sinutok_et_al_2011_Limnol_Oceanogr,NA,Marginopora_vertebralis,Foraminifera,NA,338.5,28,4,Sinutok_et_al_2011_Limnol_Oceanogr__NA__NA,ZOO_STUDY_0470,ZOO_ES_003441,ZOO_STUDY_0470__Marginopora_vertebralis__Foraminifera__CO2338.50__T28.00__NC4,ZOO_COMMON_00814,-1.3862943611198906,0.18877551020408165
Leung et al. 2022,"Sinutok et al., 2011. Limnol Oceanogr",NA,NA,NA,Zooplankton,Holoplankton,Foraminifera,Marginopora vertebralis,TpH,4,4,338.5,28,2424.9,30,Oxygen production,positive,NA,Physiology,8.4,1.2,1.8,0.8,-1.540445040947149,0.0265,NA,"Four pH levels were set/tested, with one value/control around pH 8.1.",Yes,NA,NA,NA,,2086.4,2,Sinutok_et_al_2011_Limnol_Oceanogr,NA,Marginopora_vertebralis,Foraminifera,NA,338.5,28,4,Sinutok_et_al_2011_Limnol_Oceanogr__NA__NA,ZOO_STUDY_0470,ZOO_ES_003442,ZOO_STUDY_0470__Marginopora_vertebralis__Foraminifera__CO2338.50__T28.00__NC4,ZOO_COMMON_00814,-1.540445040947149,0.05448475686570925
Leung et al. 2022,"Sinutok et al., 2014. Mar Biol",NA,NA,NA,Zooplankton,Holoplankton,Foraminifera,Marginopora vertebralis,TpH,4,4,381,28,1399,32,Chl a content,ambiguous,NA,Physiology,16.3,1.4,5.9,0.6,-1.0162127569010428,0.324380165,NA,NA,Yes,NA,NA,NA,,1018,4,Sinutok_et_al_2014_Mar_Biol,NA,Marginopora_vertebralis,Foraminifera,NA,381,28,4,Sinutok_et_al_2014_Mar_Biol__NA__NA,ZOO_STUDY_0471,ZOO_ES_003448,ZOO_STUDY_0471__Marginopora_vertebralis__Foraminifera__CO2381.00__T28.00__NC4,ZOO_COMMON_00816,-1.0162127569010428,0.004429718529549695
Leung et al. 2022,"Suckling et al., 2015. J Anim Ecol",NA,NA,NA,Zooplankton,Meroplankton,Urchin larvae,Sterechinus neumayeri,TpH,3,3,392,0,938,2,Larval development (abnormal),ambiguous,NA,Development,34,10.392304845413264,14,5.196152422706632,-0.8873031950009028,0.214815338,NA,Lowt/high  temperature control,Yes,NA,NA,NA,,546,2,Suckling_et_al_2015_J_Anim_Ecol,NA,Sterechinus_neumayeri,Urchin_larvae,NA,392,0,3,Suckling_et_al_2015_J_Anim_Ecol__NA__NA,ZOO_STUDY_0484,ZOO_ES_003471,ZOO_STUDY_0484__Sterechinus_neumayeri__Urchin_larvae__CO2392.00__T0.00__NC3,ZOO_COMMON_00833,-0.8873031950009028,0.0770602358590495
Leung et al. 2022,"Talmage and Gobler, 2011. Plos One",NA,NA,NA,Zooplankton,Meroplankton,Bivalve larvae,Mercenaria mercenaria,TpH,4,4,375.3,24,794.6,28,Diameter of larvae,positive,NA,Growth,455,35,320,20,-1.32175584,0.00209,NA,NA,Yes,NA,NA,NA,,419.3,4,Talmage_and_Gobler_2011_Plos_One,NA,Mercenaria_mercenaria,Bivalve_larvae,NA,375.3,24,4,Talmage_and_Gobler_2011_Plos_One__NA__NA,ZOO_STUDY_0494,ZOO_ES_003509,ZOO_STUDY_0494__Mercenaria_mercenaria__Bivalve_larvae__CO2375.30__T24.00__NC4,ZOO_COMMON_00853,-0.3519764231571781,0.002455852440828402
Leung et al. 2022,"Talmage and Gobler, 2011. Plos One",NA,NA,NA,Zooplankton,Meroplankton,Bivalve larvae,Crassostrea virginica,TpH,4,4,400,24,1737,28,Diameter of larvae,positive,NA,Growth,475,25,305,30,-4.941642423,5.1e-5,NA,NA,Yes,NA,NA,NA,,1337,4,Talmage_and_Gobler_2011_Plos_One,NA,Crassostrea_virginica,Bivalve_larvae,NA,400,24,4,Talmage_and_Gobler_2011_Plos_One__NA__NA,ZOO_STUDY_0494,ZOO_ES_003511,ZOO_STUDY_0494__Crassostrea_virginica__Bivalve_larvae__CO2400.00__T24.00__NC4,ZOO_COMMON_00852,-0.4430030274272296,0.0031112254249110946
Leung et al. 2022,"Talmage and Gobler, 2011. Plos One",NA,NA,NA,Zooplankton,Meroplankton,Bivalve larvae,Mercenaria mercenaria,TpH,4,4,375.3,24,794.6,28,Metamorphosis,ambiguous,NA,Development,15,3,5,0.5,-1.0986122886681098,0.00246,NA,NA,Yes,NA,NA,NA,,419.3,4,Talmage_and_Gobler_2011_Plos_One,NA,Mercenaria_mercenaria,Bivalve_larvae,NA,375.3,24,4,Talmage_and_Gobler_2011_Plos_One__NA__NA,ZOO_STUDY_0494,ZOO_ES_003513,ZOO_STUDY_0494__Mercenaria_mercenaria__Bivalve_larvae__CO2375.30__T24.00__NC4,ZOO_COMMON_00853,-1.0986122886681098,0.0125
Leung et al. 2022,"Talmage and Gobler, 2011. Plos One",NA,NA,NA,Zooplankton,Meroplankton,Bivalve larvae,Crassostrea virginica,TpH,4,4,400,24,1737,28,Metamorphosis,ambiguous,NA,Development,70,1,0.5,0,-4.941642422609305,0.00311,NA,NA,Yes,NA,NA,NA,,1337,4,Talmage_and_Gobler_2011_Plos_One,NA,Crassostrea_virginica,Bivalve_larvae,NA,400,24,4,Talmage_and_Gobler_2011_Plos_One__NA__NA,ZOO_STUDY_0494,ZOO_ES_003515,ZOO_STUDY_0494__Crassostrea_virginica__Bivalve_larvae__CO2400.00__T24.00__NC4,ZOO_COMMON_00852,-4.941642422609305,5.102040816326531e-5
Leung et al. 2022,"Thiyagarajan and Ko, 2012. Aquaculture",NA,NA,NA,Zooplankton,Meroplankton,Oyster larvae,Crassostrea angulata,TpH,4,4,696,24,1922,30,Larval shell area,positive,NA,Physiology,7.2,0.5,6.1,0.5,-0.1657922548427442,0.00289,NA,NA,Yes,NA,NA,NA,,1226,6,Thiyagarajan_and_Ko_2012_Aquaculture,NA,Crassostrea_angulata,Oyster_larvae,NA,696,24,4,Thiyagarajan_and_Ko_2012_Aquaculture__NA__NA,ZOO_STUDY_0497,ZOO_ES_003536,ZOO_STUDY_0497__Crassostrea_angulata__Oyster_larvae__CO2696.00__T24.00__NC4,ZOO_COMMON_00859,-0.1657922548427442,0.002885288722499262
Leung et al. 2022,"Vihtakari et al., 2013. Water",NA,NA,NA,Zooplankton,Meroplankton,Mussel larvae,Mytilus galloprovincialis,TpH,3,3,490,17,1293,20,Calcification rate,positive,NA,Physiology,2.3,1.7296110255950556,9.5,10.707207481368533,1.4183826756713913,0.0161,NA,NA,Yes,NA,NA,NA,,803,3,Vihtakari_et_al_2013_Water,NA,Mytilus_galloprovincialis,Mussel_larvae,NA,490,17,3,Vihtakari_et_al_2013_Water__NA__NA,ZOO_STUDY_0525,ZOO_ES_003586,ZOO_STUDY_0525__Mytilus_galloprovincialis__Mussel_larvae__CO2490.00__T17.00__NC3,ZOO_COMMON_00915,1.4183826756713913,0.6119360248710288
Leung et al. 2022,"Vihtakari et al., 2013. Water",NA,NA,NA,Zooplankton,Meroplankton,Mussel larvae,Mytilus galloprovincialis,TpH,3,3,490,17,1293,20,Larval respiration rate,ambiguous,NA,Physiology,0.12,0.10678463189759058,0.6,0.3882799607336094,1.6094379124341003,0.57844393,NA,NA,Yes,NA,NA,NA,,803,3,Vihtakari_et_al_2013_Water,NA,Mytilus_galloprovincialis,Mussel_larvae,NA,490,17,3,Vihtakari_et_al_2013_Water__NA__NA,ZOO_STUDY_0525,ZOO_ES_003590,ZOO_STUDY_0525__Mytilus_galloprovincialis__Mussel_larvae__CO2490.00__T17.00__NC3,ZOO_COMMON_00915,1.6094379124341003,0.4035511742082326
Leung et al. 2022,"Vihtakari et al., 2013. Water",NA,NA,NA,Zooplankton,Meroplankton,Mussel larvae,Mytilus galloprovincialis,TpH,3,3,490,17,1293,20,Larval size,positive,NA,Growth,74.7,1.7213712162517885,66.5,3.3231997803308575,-0.136020623,9.82e-4,NA,NA,Yes,NA,NA,NA,,803,3,Vihtakari_et_al_2013_Water,NA,Mytilus_galloprovincialis,Mussel_larvae,NA,490,17,3,Vihtakari_et_al_2013_Water__NA__NA,ZOO_STUDY_0525,ZOO_ES_003593,ZOO_STUDY_0525__Mytilus_galloprovincialis__Mussel_larvae__CO2490.00__T17.00__NC3,ZOO_COMMON_00915,-0.1162781444769632,0.0010094366522859894
Leung et al. 2022,"Waller et al., 2017. ICES J Mar Sci",NA,NA,NA,Zooplankton,Meroplankton,Lobster larvae,Homarus americanus,TpH,3,3,360,16,647,19,Dry mass (Stage III),positive,NA,Growth,3,0.2,3.2,0.2,0.0601,0.0012,NA,NA,Yes,NA,NA,NA,,287,3,Waller_et_al_2017_ICES_J_Mar_Sci,NA,Homarus_americanus,Lobster_larvae,NA,360,16,3,Waller_et_al_2017_ICES_J_Mar_Sci__NA__NA,ZOO_STUDY_0531,ZOO_ES_003625,ZOO_STUDY_0531__Homarus_americanus__Lobster_larvae__CO2360.00__T16.00__NC3,ZOO_COMMON_00932,0.06453852113757116,0.002783564814814815
Leung et al. 2022,"Waller et al., 2017. ICES J Mar Sci",NA,NA,NA,Zooplankton,Meroplankton,Lobster larvae,Homarus americanus,TpH,3,3,360,16,647,19,Larval development (Stage IV),ambiguous,NA,Development,26,7,10.5,0.5,-0.9067212808580043,0.0435,NA,NA,Yes,NA,NA,NA,,287,3,Waller_et_al_2017_ICES_J_Mar_Sci,NA,Homarus_americanus,Lobster_larvae,NA,360,16,3,Waller_et_al_2017_ICES_J_Mar_Sci__NA__NA,ZOO_STUDY_0531,ZOO_ES_003628,ZOO_STUDY_0531__Homarus_americanus__Lobster_larvae__CO2360.00__T16.00__NC3,ZOO_COMMON_00932,-0.9067212808580043,0.02491759359891228
Leung et al. 2022,"Waller et al., 2017. ICES J Mar Sci",NA,NA,NA,Zooplankton,Meroplankton,Lobster larvae,Homarus americanus,TpH,3,3,360,16,647,19,Larval feeding rate (Stage IV),ambiguous,NA,Physiology,9.3,2.8,14,2.4,0.40904292945604837,0.0249,NA,NA,Yes,NA,NA,NA,,287,3,Waller_et_al_2017_ICES_J_Mar_Sci,NA,Homarus_americanus,Lobster_larvae,NA,360,16,3,Waller_et_al_2017_ICES_J_Mar_Sci__NA__NA,ZOO_STUDY_0531,ZOO_ES_003629,ZOO_STUDY_0531__Homarus_americanus__Lobster_larvae__CO2360.00__T16.00__NC3,ZOO_COMMON_00932,0.40904292945604837,0.04001135753179754
Leung et al. 2022,"Waller et al., 2017. ICES J Mar Sci",NA,NA,NA,Zooplankton,Meroplankton,Lobster larvae,Homarus americanus,TpH,3,3,360,16,647,19,Oxygen consumption rate (Stage IV),ambiguous,NA,Physiology,910,70,1120,80,0.20763936477824455,0.0133,NA,NA,Yes,NA,NA,NA,,287,3,Waller_et_al_2017_ICES_J_Mar_Sci,NA,Homarus_americanus,Lobster_larvae,NA,360,16,3,Waller_et_al_2017_ICES_J_Mar_Sci__NA__NA,ZOO_STUDY_0531,ZOO_ES_003633,ZOO_STUDY_0531__Homarus_americanus__Lobster_larvae__CO2360.00__T16.00__NC3,ZOO_COMMON_00932,0.20763936477824455,0.0036730668598800465
Leung et al. 2022,"Walther et al., 2011. Mar Biol",NA,NA,NA,Zooplankton,Meroplankton,Crab larvae,Svalbard,TpH,10,10,354,3,786,9,Calcium content,positive,NA,Physiology,2.25,0.25,3.3,0.2,0.3829922522561057,0.00837,NA,NA,Yes,NA,NA,NA,,432,6,Walther_et_al_2011_Mar_Biol,NA,Svalbard,Crab_larvae,NA,354,3,10,Walther_et_al_2011_Mar_Biol__NA__NA,ZOO_STUDY_0534,ZOO_ES_003635,ZOO_STUDY_0534__Svalbard__Crab_larvae__CO2354.00__T3.00__NC10,ZOO_COMMON_00936,0.3829922522561057,0.001601877359453117
Leung et al. 2022,"Walther et al., 2011. Mar Biol",NA,NA,NA,Zooplankton,Meroplankton,Crab larvae,Svalbard,TpH,10,10,354,3,2443,9,Calcium content,positive,NA,Physiology,2.25,0.25,1.65,0.15,-0.3101549283038396,7.3e-4,NA,NA,Yes,NA,NA,NA,,2089,6,Walther_et_al_2011_Mar_Biol,NA,Svalbard,Crab_larvae,NA,354,3,10,Walther_et_al_2011_Mar_Biol__NA__NA,ZOO_STUDY_0534,ZOO_ES_003637,ZOO_STUDY_0534__Svalbard__Crab_larvae__CO2354.00__T3.00__NC10,ZOO_COMMON_00936,-0.3101549283038396,0.0020610141822263034
Leung et al. 2022,"García et al., 2018. Mar Environ Res",NA,NA,NA,Zooplankton,Meroplankton,Urchin larvae,Diadema africanum,TpH,3,3,456.4,19,1486.9,25,Larval density,ambiguous,NA,Survival,11.5,5.5,4.5,5,-0.9382696385929302,2.16e-5,NA,NA,Yes,NA,NA,NA,,1030.5,6,Garc_a_et_al_2018_Mar_Environ_Res,NA,Diadema_africanum,Urchin_larvae,NA,456.4,19,3,Garc_a_et_al_2018_Mar_Environ_Res__NA__NA,ZOO_STUDY_0165,ZOO_ES_003703,ZOO_STUDY_0165__Diadema_africanum__Urchin_larvae__CO2456.40__T19.00__NC3,ZOO_COMMON_00281,-0.9382696385929302,0.48776712019728197
Leung et al. 2022,"Talmage and Gobler, 2011. Plos One",NA,NA,NA,Zooplankton,Meroplankton,Bivalve larvae,Crassostrea virginica,TpH,4,4,400,24,1737,28,Survival of larvae,positive,NA,Survival,73,1,27,1.5,-0.9946225751440622,8.19e-4,NA,NA,Yes,NA,NA,NA,,1337,4,Talmage_and_Gobler_2011_Plos_One,NA,Crassostrea_virginica,Bivalve_larvae,NA,400,24,4,Talmage_and_Gobler_2011_Plos_One__NA__NA,ZOO_STUDY_0494,ZOO_ES_003711,ZOO_STUDY_0494__Crassostrea_virginica__Bivalve_larvae__CO2400.00__T24.00__NC4,ZOO_COMMON_00852,-0.9946225751440622,8.185180551790923e-4
Leung et al. 2022,"Rosa et al., 2013. Proc R Soc B",NA,NA,NA,Zooplankton,Meroplankton,Cuttlefish larvae,Sepia officinalis,TpH,3,3,400,18,1654,22,Survival of embryos,positive,NA,Survival,92,7.626172398391702,32,11.8133095131755,-1.0560526742493137,5.37e-6,NA,NA,Yes,NA,NA,NA,,1254,4,Rosa_et_al_2013_Proc_R_Soc_B,NA,Sepia_officinalis,Cuttlefish_larvae,NA,400,18,3,Rosa_et_al_2013_Proc_R_Soc_B__NA__NA,ZOO_STUDY_0442,ZOO_ES_003716,ZOO_STUDY_0442__Sepia_officinalis__Cuttlefish_larvae__CO2400.00__T18.00__NC3,ZOO_COMMON_00764,-1.0560526742493137,0.04771825239236844
Rynkowski et al. 2025,Griffith,2017,NA,https://www.nature.com/articles/s41598-017-11442-3,Zooplankton,Meroplankton,Mollusca,Argopecten.irradians,TpH,6,6,600,24,2500,27,Survival,positive,NA,Survival,80,6.31579,16.42105,13.47369,-1.160945,0.121306,NA,calculated using chatgpt using the formula of Hu et al. 2024; study design has to be revisited (can we input the results of the individual stressors as distinct rows?? Like stressor 1 impact and then stressor 2 impacts??,Yes,NA,NA,NA,,1900,3,Griffith,NA,Argopecten_irradians,Mollusca,2017,600,24,6,Griffith__2017__NA,ZOO_STUDY_0195,ZOO_ES_003721,ZOO_STUDY_0195__Argopecten_irradians__Mollusca__CO2600.00__T24.00__NC6,ZOO_COMMON_00347,-1.5834625862872627,0.11324579516580881
Leung et al. 2022,"Talmage and Gobler, 2011. Plos One",NA,NA,NA,Zooplankton,Meroplankton,Bivalve larvae,Mercenaria mercenaria,TpH,4,4,375.3,24,794.6,28,Survival of larvae,positive,NA,Survival,30,2,8,0.5,-1.3217558399823195,0.00239,NA,NA,Yes,NA,NA,NA,,419.3,4,Talmage_and_Gobler_2011_Plos_One,NA,Mercenaria_mercenaria,Bivalve_larvae,NA,375.3,24,4,Talmage_and_Gobler_2011_Plos_One__NA__NA,ZOO_STUDY_0494,ZOO_ES_003727,ZOO_STUDY_0494__Mercenaria_mercenaria__Bivalve_larvae__CO2375.30__T24.00__NC4,ZOO_COMMON_00853,-1.3217558399823195,0.0020876736111111113
Leung et al. 2022,"García et al., 2018. Mar Environ Res",NA,NA,NA,Zooplankton,Meroplankton,Urchin larvae,Diadema africanum,TpH,3,3,456.4,19,1203.6,23,Larval density,ambiguous,NA,Survival,11.5,5.5,2.5,5,-1.5260563034950494,8.333877495,NA,NA,Yes,NA,NA,NA,,747.1999999999999,4,Garc_a_et_al_2018_Mar_Environ_Res,NA,Diadema_africanum,Urchin_larvae,NA,456.4,19,3,Garc_a_et_al_2018_Mar_Environ_Res__NA__NA,ZOO_STUDY_0165,ZOO_ES_003762,ZOO_STUDY_0165__Diadema_africanum__Urchin_larvae__CO2456.40__T19.00__NC3,ZOO_COMMON_00281,-1.5260563034950494,1.4095778197857591
Leung et al. 2022,"García et al., 2018. Mar Environ Res",NA,NA,NA,Zooplankton,Meroplankton,Urchin larvae,Paracentrotus lividus,TpH,3,3,899.1,19,2489.2,23,Larval density,ambiguous,NA,Survival,240,9,50,6,-1.5686159179138452,0.026,NA,NA,Yes,NA,NA,NA,,1590.1,4,Garc_a_et_al_2018_Mar_Environ_Res,NA,Paracentrotus_lividus,Urchin_larvae,NA,899.1,19,3,Garc_a_et_al_2018_Mar_Environ_Res__NA__NA,ZOO_STUDY_0165,ZOO_ES_003763,ZOO_STUDY_0165__Paracentrotus_lividus__Urchin_larvae__CO2899.10__T19.00__NC3,ZOO_COMMON_00283,-1.5686159179138452,0.005268749999999999
Rynkowski et al. 2025,Griffith,2017,NA,https://www.nature.com/articles/s41598-017-11442-3,Zooplankton,Meroplankton,Mollusca,Mercenaria.mercenaria,TpH,6,6,600,24,2500,31,Survival,positive,NA,Survival,92.98246,12.71929,3.07018,4.82456,-1.891713,0.564057,NA,calculated using chatgpt using the formula of Hu et al. 2024; study design has to be revisited (can we input the results of the individual stressors as distinct rows?? Like stressor 1 impact and then stressor 2 impacts??,Yes,NA,NA,NA,,1900,7,Griffith,NA,Mercenaria_mercenaria,Mollusca,2017,600,24,6,Griffith__2017__NA,ZOO_STUDY_0195,ZOO_ES_003773,ZOO_STUDY_0195__Mercenaria_mercenaria__Mollusca__CO2600.00__T24.00__NC6,ZOO_COMMON_00348,-3.4106746814129503,0.4146818550192317
Leung et al. 2022,"García et al., 2018. Mar Environ Res",NA,NA,NA,Zooplankton,Meroplankton,Urchin larvae,Diadema africanum,TpH,3,3,456.4,19,1322.5,21,Larval density,ambiguous,NA,Survival,11.5,5.5,1.2,4.5,-2.26002547857525,0.334814815,NA,NA,Yes,NA,NA,NA,,866.1,2,Garc_a_et_al_2018_Mar_Environ_Res,NA,Diadema_africanum,Urchin_larvae,NA,456.4,19,3,Garc_a_et_al_2018_Mar_Environ_Res__NA__NA,ZOO_STUDY_0165,ZOO_ES_003777,ZOO_STUDY_0165__Diadema_africanum__Urchin_larvae__CO2456.40__T19.00__NC3,ZOO_COMMON_00281,-2.26002547857525,4.763744486452426
Leung et al. 2022,"García et al., 2018. Mar Environ Res",NA,NA,NA,Zooplankton,Meroplankton,Urchin larvae,Paracentrotus lividus,TpH,3,3,899.1,19,1367.1,25,Larval density,ambiguous,NA,Survival,240,9,15,10,-2.772588722239781,0.00527,NA,NA,Yes,NA,NA,NA,,467.9999999999999,6,Garc_a_et_al_2018_Mar_Environ_Res,NA,Paracentrotus_lividus,Urchin_larvae,NA,899.1,19,3,Garc_a_et_al_2018_Mar_Environ_Res__NA__NA,ZOO_STUDY_0165,ZOO_ES_003783,ZOO_STUDY_0165__Paracentrotus_lividus__Urchin_larvae__CO2899.10__T19.00__NC3,ZOO_COMMON_00283,-2.772588722239781,0.14861689814814813
Leung et al. 2022,"García et al., 2018. Mar Environ Res",NA,NA,NA,Zooplankton,Meroplankton,Urchin larvae,Paracentrotus lividus,TpH,3,3,899.1,19,2379.3,25,Larval density,ambiguous,NA,Survival,240,9,5,6.5,-3.871201010907891,0.075,NA,NA,Yes,NA,NA,NA,,1480.2000000000003,6,Garc_a_et_al_2018_Mar_Environ_Res,NA,Paracentrotus_lividus,Urchin_larvae,NA,899.1,19,3,Garc_a_et_al_2018_Mar_Environ_Res__NA__NA,ZOO_STUDY_0165,ZOO_ES_003786,ZOO_STUDY_0165__Paracentrotus_lividus__Urchin_larvae__CO2899.10__T19.00__NC3,ZOO_COMMON_00283,-3.871201010907891,0.5638020833333334
