Meta_analysis_reference,Author,Year,Title,Link,Biota_Group,Broad_subgroup,Group,Species,Treatment,N_C,N_T,C_value_CO2,C_value_Temp,T_value_CO2,T_value_Temp,Metric,Metric_Type,Unit,Response_category,Biota_C,Biota_C_sd,Biota_T,Biota_T_sd,Reference_ei,Reference_vei,Source_fig,Notes_1,Include,Rechecked?,Control_Treatment_Values,Notes_2,Duplicate,delta_CO2,delta_T,Author_clean,Title_clean,Species_clean,Group_clean,Year_clean,C_value_CO2_num,C_value_Temp_num,N_C_num,study_key,Study_ID,ES_ID,common_key,Common_id,yi,vi,Weight,BubbleSize
Alter et al. 2024,"Alter K, Peck MA",2021,NA,NA,Zooplankton,Meroplankton,Fish larvae,Belone belone,T,5,5,365,14.4,377,15.9,Abnormal larvae,positive,%,Development,0.713,0.715541753,1.468,0.447213595,-0.0076,1e-4,NA,NA,Yes,NA,NA,NA,,12,1.5,Alter_K_Peck_MA,NA,Belone_belone,Fish_larvae,2021,365,14.4,5,Alter_K_Peck_MA__2021__NA,ZOO_STUDY_0018,ZOO_ES_000011,ZOO_STUDY_0018__Belone_belone__Fish_larvae__CO2365.00__T14.40__NC5,ZOO_COMMON_00026,0.722174788760165,0.21998976821046154,2.13205674312321,2.5
Alter et al. 2024,"Alter K, Peck MA",2021,NA,NA,Zooplankton,Meroplankton,Fish larvae,Belone belone,T,5,5,365,14.4,377,15.9,Hatch duration,ambiguous,h,Development,53.3,1.565247584,18.7,1.341640786,-1.0474,0.0012,NA,NA,Yes,NA,NA,NA,,12,1.5,Alter_K_Peck_MA,NA,Belone_belone,Fish_larvae,2021,365,14.4,5,Alter_K_Peck_MA__2021__NA,ZOO_STUDY_0018,ZOO_ES_000018,ZOO_STUDY_0018__Belone_belone__Fish_larvae__CO2365.00__T14.40__NC5,ZOO_COMMON_00026,-1.0474128073112579,0.001201964414849888,28.843914191369397,4.25
Alter et al. 2024,"Alter K, Peck MA",2021,NA,NA,Zooplankton,Meroplankton,Fish larvae,Belone belone,T,5,5,365,14.4,432,17.1,Abnormal larvae,positive,%,Development,0.713,0.715541753,4.667,7.311942286,-0.0406,0.0012,NA,NA,Yes,NA,NA,NA,,67,2.700000000000001,Alter_K_Peck_MA,NA,Belone_belone,Fish_larvae,2021,365,14.4,5,Alter_K_Peck_MA__2021__NA,ZOO_STUDY_0018,ZOO_ES_000025,ZOO_STUDY_0018__Belone_belone__Fish_larvae__CO2365.00__T14.40__NC5,ZOO_COMMON_00026,1.8787903255355196,0.6923588647797734,1.2018060097532728,2.5
Alter et al. 2024,"Alter K, Peck MA",2021,NA,NA,Zooplankton,Meroplankton,Fish larvae,Belone belone,T,5,5,365,14.4,432,17.1,Hatch duration,ambiguous,h,Development,53.3,1.565247584,24.2,8.273451517,-0.7896,0.0235,NA,NA,Yes,NA,NA,NA,,67,2.700000000000001,Alter_K_Peck_MA,NA,Belone_belone,Fish_larvae,2021,365,14.4,5,Alter_K_Peck_MA__2021__NA,ZOO_STUDY_0018,ZOO_ES_000037,ZOO_STUDY_0018__Belone_belone__Fish_larvae__CO2365.00__T14.40__NC5,ZOO_COMMON_00026,-0.7895836980091581,0.023548616670304987,6.516543518577425,2.75
Alter et al. 2024,"Anlauf H, D´Croz L, O`Dea A",2011,NA,NA,Zooplankton,Meroplankton,Cnidaria,Porites panamensis,T,5,5,487,28.4,493,29.6,Settlement,positive,% total planulae,Development,46.7,13.64001466,30.5,25.26756815,-0.426,0.1543,NA,NA,Yes,NA,NA,NA,,6,1.2000000000000028,Anlauf_H_D_Croz_L_O_Dea_A,NA,Porites_panamensis,Cnidaria,2011,487,28.4,5,Anlauf_H_D_Croz_L_O_Dea_A__2011__NA,ZOO_STUDY_0021,ZOO_ES_000046,ZOO_STUDY_0021__Porites_panamensis__Cnidaria__CO2487.00__T28.40__NC5,ZOO_COMMON_00029,-0.4260174810614858,0.15432601806118654,2.545542924031878,2.5
Alter et al. 2024,"Arnberg M, Calosi P, Spicer JI, Tandberg AHS, Nilsen M, Westerlund S, Bechmann RK",2013,NA,NA,Zooplankton,Meroplankton,Arthropoda,Pandalus Borealis,T,74,74,406,6.7,443,9.5,Time to first hatch,ambiguous,days,Development,17.82,9.806650804,14.5,8.172209004,-0.206,0.0084,NA,NA,Yes,NA,NA,NA,,37,2.8,Arnberg_M_Calosi_P_Spicer_JI_Tandberg_AHS_Nilsen_M_Westerlund_S_Bechmann_RK,NA,Pandalus_Borealis,Arthropoda,2013,406,6.7,74,Arnberg_M_Calosi_P_Spicer_JI_Tandberg_AHS_Nilsen_M_Westerlund_S_Bechmann_RK__2013__NA,ZOO_STUDY_0025,ZOO_ES_000067,ZOO_STUDY_0025__Pandalus_Borealis__Arthropoda__CO2406.00__T6.70__NC74,ZOO_COMMON_00038,-0.2061727726161346,0.008385061832023966,10.920609183607532,3.5
Alter et al. 2024,"Arnberg M, Calosi P, Spicer JI, Tandberg AHS, Nilsen M, Westerlund S, Bechmann RK",2013,NA,NA,Zooplankton,Meroplankton,Arthropoda,Pandalus Borealis,T,33,27,406,6.7,443,9.5,Larval stage,ambiguous,%,Development,63.51,28.49303073,72.92,25.98076211,0.138,0.0108,NA,NA,Yes,NA,NA,NA,,37,2.8,Arnberg_M_Calosi_P_Spicer_JI_Tandberg_AHS_Nilsen_M_Westerlund_S_Bechmann_RK,NA,Pandalus_Borealis,Arthropoda,2013,406,6.7,33,Arnberg_M_Calosi_P_Spicer_JI_Tandberg_AHS_Nilsen_M_Westerlund_S_Bechmann_RK__2013__NA,ZOO_STUDY_0025,ZOO_ES_000068,ZOO_STUDY_0025__Pandalus_Borealis__Arthropoda__CO2406.00__T6.70__NC33,ZOO_COMMON_00037,0.13816557599557894,0.010800898760630891,9.622104125916712,3.5
Alter et al. 2024,"Baragi LV, Anil AC",2015,NA,NA,Zooplankton,Meroplankton,Arthropoda,Balanus amphitrite,T,3,3,416,29.8,412,33.9,Metamorphosis,positive,%,Development,54.85,6.30466494,43.04,9.197189788,-0.242,0.0196,NA,NA,Yes,NA,NA,NA,,-4,4.099999999999998,Baragi_LV_Anil_AC,NA,Balanus_amphitrite,Arthropoda,2015,416,29.8,3,Baragi_LV_Anil_AC__2015__NA,ZOO_STUDY_0029,ZOO_ES_000083,ZOO_STUDY_0029__Balanus_amphitrite__Arthropoda__CO2416.00__T29.80__NC3,ZOO_COMMON_00043,-0.2424722708677103,0.01962506888475049,7.13829357460631,2.75
Alter et al. 2024,"Baragi LV, Anil AC",2015,NA,NA,Zooplankton,Meroplankton,Arthropoda,Balanus amphitrite,T,3,3,416,29.8,412,33.9,larval duration,ambiguous,days,Development,4.66,0.571576766,4.33,0.571576766,-0.073,0.011,NA,NA,Yes,NA,NA,NA,,-4,4.099999999999998,Baragi_LV_Anil_AC,NA,Balanus_amphitrite,Arthropoda,2015,416,29.8,3,Baragi_LV_Anil_AC__2015__NA,ZOO_STUDY_0029,ZOO_ES_000085,ZOO_STUDY_0029__Balanus_amphitrite__Arthropoda__CO2416.00__T29.80__NC3,ZOO_COMMON_00043,-0.07344790612315602,0.01082316878702256,9.612199685733398,3.5
Alter et al. 2024,"Bignami, Sponaugle, Hauff, Cowen",2017,NA,NA,Zooplankton,Meroplankton,Fish larvae,Rachycentron canadum,T,3,3,608,27,745,32,Flextion,positive,%,Development,45.31356954,24.22013247,73.2659148,9.476343038,0.4805,0.1008,NA,NA,Yes,NA,NA,NA,,137,5,Bignami_Sponaugle_Hauff_Cowen,NA,Rachycentron_canadum,Fish_larvae,2017,608,27,3,Bignami_Sponaugle_Hauff_Cowen__2017__NA,ZOO_STUDY_0040,ZOO_ES_000105,ZOO_STUDY_0040__Rachycentron_canadum__Fish_larvae__CO2608.00__T27.00__NC3,ZOO_COMMON_00058,0.48048895521462986,0.10080674679486262,3.1495985382729472,2
Alter et al. 2024,"Bylenga CH, Cummings VJ, Ryan KG",2017,NA,NA,Zooplankton,Meroplankton,Mollusca,Laternula elliptica,T,3,3,458,-1.6,462,0.4,Malformation,positive,%,Development,29.04,7.430497964,36.11,7.880831174,-0.105,0.0087,NA,NA,Yes,NA,NA,NA,,4,2,Bylenga_CH_Cummings_VJ_Ryan_KG,NA,Laternula_elliptica,Mollusca,2017,458,-1.6,3,Bylenga_CH_Cummings_VJ_Ryan_KG__2017__NA,ZOO_STUDY_0049,ZOO_ES_000120,ZOO_STUDY_0049__Laternula_elliptica__Mollusca__CO2458.00__T-1.60__NC3,ZOO_COMMON_00071,0.21789564533277103,0.03770032413261684,5.150239886230881,2.75
Alter et al. 2024,"Bylenga CH, Cummings VJ, Ryan KG",2017,NA,NA,Zooplankton,Meroplankton,Mollusca,Laternula elliptica,T,3,3,458,-1.6,460,-0.5,Malformation,positive,%,Development,29.04,7.430497964,22.8,2.494153163,0.084,0.004,NA,NA,Yes,NA,NA,NA,,2,1.1,Bylenga_CH_Cummings_VJ_Ryan_KG,NA,Laternula_elliptica,Mollusca,2017,458,-1.6,3,Bylenga_CH_Cummings_VJ_Ryan_KG__2017__NA,ZOO_STUDY_0049,ZOO_ES_000123,ZOO_STUDY_0049__Laternula_elliptica__Mollusca__CO2458.00__T-1.60__NC3,ZOO_COMMON_00071,-0.24191365399620018,0.025812266772586905,6.224248560384734,2.75
Alter et al. 2024,"Bylenga CH, Cummings VJ, Ryan KG",2015,NA,NA,Zooplankton,Meroplankton,Mollusca,Laternula elliptica,T,6,6,350,-1.6,393,0.4,Abnormalities,positive,%,Development,61.38,7.495438613,56.11,6.123724357,0.128,0.0095,NA,NA,Yes,NA,NA,NA,,43,2,Bylenga_CH_Cummings_VJ_Ryan_KG,NA,Laternula_elliptica,Mollusca,2015,350,-1.6,6,Bylenga_CH_Cummings_VJ_Ryan_KG__2015__NA,ZOO_STUDY_0048,ZOO_ES_000137,ZOO_STUDY_0048__Laternula_elliptica__Mollusca__CO2350.00__T-1.60__NC6,ZOO_COMMON_00070,-0.08976999942870949,0.00447053686331373,14.956161972032804,3.5
Alter et al. 2024,"Bylenga CH, Cummings VJ, Ryan KG",2015,NA,NA,Zooplankton,Meroplankton,Mollusca,Laternula elliptica,T,6,6,350,-1.6,367,-0.5,Abnormalities,positive,%,Development,61.38,7.495438613,50.83,6.809581485,0.242,0.0095,NA,NA,Yes,NA,NA,NA,,17,1.1,Bylenga_CH_Cummings_VJ_Ryan_KG,NA,Laternula_elliptica,Mollusca,2015,350,-1.6,6,Bylenga_CH_Cummings_VJ_Ryan_KG__2015__NA,ZOO_STUDY_0048,ZOO_ES_000138,ZOO_STUDY_0048__Laternula_elliptica__Mollusca__CO2350.00__T-1.60__NC6,ZOO_COMMON_00070,-0.18859731773277902,0.005476585744208007,13.512790830230578,3.5
Alter et al. 2024,"Bylenga CH, Cummings VJ, Ryan KG",2015,NA,NA,Zooplankton,Meroplankton,Mollusca,Laternula elliptica,T,6,6,350,-1.6,393,0.4,veliger stage,ambiguous,%,Development,13.25,7.421953921,93.18,5.560341716,1.951,0.0529,NA,NA,Yes,NA,NA,NA,,43,2,Bylenga_CH_Cummings_VJ_Ryan_KG,NA,Laternula_elliptica,Mollusca,2015,350,-1.6,6,Bylenga_CH_Cummings_VJ_Ryan_KG__2015__NA,ZOO_STUDY_0048,ZOO_ES_000139,ZOO_STUDY_0048__Laternula_elliptica__Mollusca__CO2350.00__T-1.60__NC6,ZOO_COMMON_00070,1.9505355539564195,0.05288767752099694,4.348332564815136,2
Alter et al. 2024,"Bylenga CH, Cummings VJ, Ryan KG",2015,NA,NA,Zooplankton,Meroplankton,Mollusca,Laternula elliptica,T,6,6,350,-1.6,367,-0.5,veliger stage,ambiguous,%,Development,13.25,7.421953921,95.07,6.491147818,1.971,0.0531,NA,NA,Yes,NA,NA,NA,,17,1.1,Bylenga_CH_Cummings_VJ_Ryan_KG,NA,Laternula_elliptica,Mollusca,2015,350,-1.6,6,Bylenga_CH_Cummings_VJ_Ryan_KG__2015__NA,ZOO_STUDY_0048,ZOO_ES_000140,ZOO_STUDY_0048__Laternula_elliptica__Mollusca__CO2350.00__T-1.60__NC6,ZOO_COMMON_00070,1.9706159099387077,0.05307116814017222,4.340808996817493,2
Alter et al. 2024,"Byrne M, Foo S, Soars NA, Wolfe KDL, Nguyen HD, Hardy N, Dworjanyn SA",2013,NA,NA,Zooplankton,Meroplankton,Echinodermata,Heliocidaris tuberculata,T,8,8,338,20,335,24,Arm asymmetry,negative,µm,Development,13.29,2.177888886,22.59,5.628569978,-0.53,0.0111,NA,NA,Yes,NA,NA,NA,,-3,4,Byrne_M_Foo_S_Soars_NA_Wolfe_KDL_Nguyen_HD_Hardy_N_Dworjanyn_SA,NA,Heliocidaris_tuberculata,Echinodermata,2013,338,20,8,Byrne_M_Foo_S_Soars_NA_Wolfe_KDL_Nguyen_HD_Hardy_N_Dworjanyn_SA__2013__NA,ZOO_STUDY_0051,ZOO_ES_000159,ZOO_STUDY_0051__Heliocidaris_tuberculata__Echinodermata__CO2338.00__T20.00__NC8,ZOO_COMMON_00073,0.5304954577547579,0.01111706042364815,9.48429419393456,3.5
Alter et al. 2024,"Byrne M, Foo S, Soars NA, Wolfe KDL, Nguyen HD, Hardy N, Dworjanyn SA",2013,NA,NA,Zooplankton,Meroplankton,Echinodermata,Heliocidaris tuberculata,T,8,8,338,20,335,24,Normal gastrulae,positive,%,Development,95.25,3.563818177,87.02,9.842926394,-0.09,0.0018,NA,NA,Yes,NA,NA,NA,,-3,4,Byrne_M_Foo_S_Soars_NA_Wolfe_KDL_Nguyen_HD_Hardy_N_Dworjanyn_SA,NA,Heliocidaris_tuberculata,Echinodermata,2013,338,20,8,Byrne_M_Foo_S_Soars_NA_Wolfe_KDL_Nguyen_HD_Hardy_N_Dworjanyn_SA__2013__NA,ZOO_STUDY_0051,ZOO_ES_000161,ZOO_STUDY_0051__Heliocidaris_tuberculata__Echinodermata__CO2338.00__T20.00__NC8,ZOO_COMMON_00073,-0.09036703671427629,0.0017742537713273001,23.74062409254987,4.25
Alter et al. 2024,"Byrne M, Gonzalez-Bernat M, Doo S, Foo S, Soars N, Lamare M",2013,NA,NA,Zooplankton,Meroplankton,Echinodermata,Patiriella regularis,T,7,7,423,19,432,23,Normal,positive,%,Development,96.05,5.317960135,77.47,18.46734415,-0.215,0.0086,NA,NA,Yes,NA,NA,NA,,9,4,Byrne_M_Gonzalez_Bernat_M_Doo_S_Foo_S_Soars_N_Lamare_M,NA,Patiriella_regularis,Echinodermata,2013,423,19,7,Byrne_M_Gonzalez_Bernat_M_Doo_S_Foo_S_Soars_N_Lamare_M__2013__NA,ZOO_STUDY_0052,ZOO_ES_000187,ZOO_STUDY_0052__Patiriella_regularis__Echinodermata__CO2423.00__T19.00__NC7,ZOO_COMMON_00074,-0.21497812457075452,0.00855582329240857,10.811080393139076,3.5
Alter et al. 2024,"Byrne M, Gonzalez-Bernat M, Doo S, Foo S, Soars N, Lamare M",2013,NA,NA,Zooplankton,Meroplankton,Echinodermata,Patiriella regularis,T,7,7,423,19,427,21,Normal,positive,%,Development,96.05,5.317960135,83.02,12.01171095,-0.146,0.0034,NA,NA,Yes,NA,NA,NA,,4,2,Byrne_M_Gonzalez_Bernat_M_Doo_S_Foo_S_Soars_N_Lamare_M,NA,Patiriella_regularis,Echinodermata,2013,423,19,7,Byrne_M_Gonzalez_Bernat_M_Doo_S_Foo_S_Soars_N_Lamare_M__2013__NA,ZOO_STUDY_0052,ZOO_ES_000188,ZOO_STUDY_0052__Patiriella_regularis__Echinodermata__CO2423.00__T19.00__NC7,ZOO_COMMON_00074,-0.145787346589673,0.003428439424573775,17.078580052386595,3.5
Alter et al. 2024,"Byrne M, Ho M, Wong E, Soars NA, Selvakumaraswamy P, Shepard-Brennand H, Dworjanyn SA, Davis AR",2011,NA,NA,Zooplankton,Meroplankton,Mollusca,Haliotis coccoradiata,T,10,10,342,20,342,24,calcified larvae,positive,%,Development,59.7,31.30654884,22.6,34.15259873,-0.971,0.2559,NA,NA,Yes,NA,NA,NA,,0,4,Byrne_M_Ho_M_Wong_E_Soars_NA_Selvakumaraswamy_P_Shepard_Brennand_H_Dworjanyn_SA_Davis_AR,NA,Haliotis_coccoradiata,Mollusca,2011,342,20,10,Byrne_M_Ho_M_Wong_E_Soars_NA_Selvakumaraswamy_P_Shepard_Brennand_H_Dworjanyn_SA_Davis_AR__2011__NA,ZOO_STUDY_0054,ZOO_ES_000201,ZOO_STUDY_0054__Haliotis_coccoradiata__Mollusca__CO2342.00__T20.00__NC10,ZOO_COMMON_00077,-0.9713821141203162,0.25586487845492994,1.9769453406658244,2.5
Alter et al. 2024,"Byrne M, Ho M, Wong E, Soars NA, Selvakumaraswamy P, Shepard-Brennand H, Dworjanyn SA, Davis AR",2011,NA,NA,Zooplankton,Meroplankton,Mollusca,Haliotis coccoradiata,T,10,10,342,20,342,22,calcified larvae,positive,%,Development,59.7,31.30654884,37,22.45217139,-0.478,0.0643,NA,NA,Yes,NA,NA,NA,,0,2,Byrne_M_Ho_M_Wong_E_Soars_NA_Selvakumaraswamy_P_Shepard_Brennand_H_Dworjanyn_SA_Davis_AR,NA,Haliotis_coccoradiata,Mollusca,2011,342,20,10,Byrne_M_Ho_M_Wong_E_Soars_NA_Selvakumaraswamy_P_Shepard_Brennand_H_Dworjanyn_SA_Davis_AR__2011__NA,ZOO_STUDY_0054,ZOO_ES_000202,ZOO_STUDY_0054__Haliotis_coccoradiata__Mollusca__CO2342.00__T20.00__NC10,ZOO_COMMON_00077,-0.4784141077543321,0.06432180376375232,3.9429465749259025,2
Alter et al. 2024,"Chua CM, Leggat W, Moya A, Baird AH",2013,NA,NA,Zooplankton,Meroplankton,Cnidaria,Acropora millepora,T,270,270,474,26.5,521,28.9,Metamorphosis,positive,%,Development,55.7,76.57161354,28.76,114.8574203,-0.661,0.0662,NA,NA,Yes,NA,NA,NA,,47,2.3999999999999986,Chua_CM_Leggat_W_Moya_A_Baird_AH,NA,Acropora_millepora,Cnidaria,2013,474,26.5,270,Chua_CM_Leggat_W_Moya_A_Baird_AH__2013__NA,ZOO_STUDY_0087,ZOO_ES_000286,ZOO_STUDY_0087__Acropora_millepora__Cnidaria__CO2474.00__T26.50__NC270,ZOO_COMMON_00140,-0.6609946140803925,0.06607071822932774,3.8904110138383134,2
Alter et al. 2024,"Chua CM, Leggat W, Moya A, Baird AH",2013,NA,NA,Zooplankton,Meroplankton,Cnidaria,Acropora tenuis,T,270,270,421,25.7,499,28.5,Metamorphosis,positive,%,Development,52.59,131.9463641,69.95,63.91922246,0.285,0.0264,NA,NA,Yes,NA,NA,NA,,78,2.8000000000000007,Chua_CM_Leggat_W_Moya_A_Baird_AH,NA,Acropora_tenuis,Cnidaria,2013,421,25.7,270,Chua_CM_Leggat_W_Moya_A_Baird_AH__2013__NA,ZOO_STUDY_0087,ZOO_ES_000287,ZOO_STUDY_0087__Acropora_tenuis__Cnidaria__CO2421.00__T25.70__NC270,ZOO_COMMON_00141,0.28525471351023735,0.02640702723896231,6.153755589994519,2.75
Alter et al. 2024,"Chua CM, Leggat W, Moya A, Baird AH",2013,NA,NA,Zooplankton,Meroplankton,Cnidaria,Acropora tenuis,T,3,3,421,25.7,499,28.5,Time to motile stage,ambiguous,h,Development,81.28,3.827832285,62.5,3.186973486,-0.263,0.0016,NA,NA,Yes,NA,NA,NA,,78,2.8000000000000007,Chua_CM_Leggat_W_Moya_A_Baird_AH,NA,Acropora_tenuis,Cnidaria,2013,421,25.7,3,Chua_CM_Leggat_W_Moya_A_Baird_AH__2013__NA,ZOO_STUDY_0087,ZOO_ES_000288,ZOO_STUDY_0087__Acropora_tenuis__Cnidaria__CO2421.00__T25.70__NC3,ZOO_COMMON_00142,-0.26273342708781594,0.0016060075592018858,24.953197699881184,4.25
Alter et al. 2024,"Chua CM, Leggat W, Moya A, Baird AH",2013,NA,NA,Zooplankton,Meroplankton,Cnidaria,Acropora millepora,T,9,9,456,26.2,514,28.8,Time to motile stage,ambiguous,h,Development,65.94,2.04,57.72,3.15,-0.133,4e-4,NA,NA,Yes,NA,NA,NA,,58,2.6000000000000014,Chua_CM_Leggat_W_Moya_A_Baird_AH,NA,Acropora_millepora,Cnidaria,2013,456,26.2,9,Chua_CM_Leggat_W_Moya_A_Baird_AH__2013__NA,ZOO_STUDY_0087,ZOO_ES_000289,ZOO_STUDY_0087__Acropora_millepora__Cnidaria__CO2456.00__T26.20__NC9,ZOO_COMMON_00139,-0.1331415037379149,4.3726793976344596e-4,47.82182896415478,4.25
Alter et al. 2024,"Dong, Sun",2018,NA,NA,Zooplankton,Meroplankton,Cnidaria,Aurelia coerulea,T,4,4,375,24,368,27,Settlement success,positive,%,Development,46.04796521,25.54,31.25865601,13.1,-0.387,0.1209,NA,NA,Yes,NA,NA,NA,,-7,3,Dong_Sun,NA,Aurelia_coerulea,Cnidaria,2018,375,24,4,Dong_Sun__2018__NA,ZOO_STUDY_0121,ZOO_ES_000350,ZOO_STUDY_0121__Aurelia_coerulea__Cnidaria__CO2375.00__T24.00__NC4,ZOO_COMMON_00207,-0.38738724504156824,0.12081395324886018,2.877010535573203,2
Alter et al. 2024,"Ericson JA, Ho MA, Miskelly A, King CK, Virtue P, Tilbrook B, Byrne M",2012,NA,NA,Zooplankton,Meroplankton,Echinodermata,Sterechinus neumayeri,T,8,8,450,-0.5,450,2.9,Normal Blastulae,positive,%,Development,99.28,0.509116882,88.95,9.220672427,-0.11,0.0013,NA,NA,Yes,NA,NA,NA,,0,3.4,Ericson_JA_Ho_MA_Miskelly_A_King_CK_Virtue_P_Tilbrook_B_Byrne_M,NA,Sterechinus_neumayeri,Echinodermata,2012,450,-0.5,8,Ericson_JA_Ho_MA_Miskelly_A_King_CK_Virtue_P_Tilbrook_B_Byrne_M__2012__NA,ZOO_STUDY_0142,ZOO_ES_000360,ZOO_STUDY_0142__Sterechinus_neumayeri__Echinodermata__CO2450.00__T-0.50__NC8,ZOO_COMMON_00245,-0.10986972678450765,0.0013464952438711952,27.25195029392325,4.25
Alter et al. 2024,"Ericson JA, Ho MA, Miskelly A, King CK, Virtue P, Tilbrook B, Byrne M",2012,NA,NA,Zooplankton,Meroplankton,Echinodermata,Sterechinus neumayeri,T,8,8,450,-0.5,450,0.9,Normal Blastulae,positive,%,Development,99.28,0.509116882,97.64,2.573868684,-0.017,1e-4,NA,NA,Yes,NA,NA,NA,,0,1.4,Ericson_JA_Ho_MA_Miskelly_A_King_CK_Virtue_P_Tilbrook_B_Byrne_M,NA,Sterechinus_neumayeri,Echinodermata,2012,450,-0.5,8,Ericson_JA_Ho_MA_Miskelly_A_King_CK_Virtue_P_Tilbrook_B_Byrne_M__2012__NA,ZOO_STUDY_0142,ZOO_ES_000361,ZOO_STUDY_0142__Sterechinus_neumayeri__Echinodermata__CO2450.00__T-0.50__NC8,ZOO_COMMON_00245,-0.016656895371592404,9.014864844926198e-5,105.32231345369398,4.25
Alter et al. 2024,"Foster T, Gilmour JP, Chua CM, Falter J, Mccullouch M",2015,NA,NA,Zooplankton,Meroplankton,Cnidaria,Acropora spicifera,T,4,4,242,24.4,275,27.6,Settlement,positive,%,Development,33.54,5.54,33.3,3.98,-0.007,0.0104,NA,NA,Yes,NA,NA,NA,,33,3.200000000000003,Foster_T_Gilmour_JP_Chua_CM_Falter_J_Mccullouch_M,NA,Acropora_spicifera,Cnidaria,2015,242,24.4,4,Foster_T_Gilmour_JP_Chua_CM_Falter_J_Mccullouch_M__2015__NA,ZOO_STUDY_0156,ZOO_ES_000395,ZOO_STUDY_0156__Acropora_spicifera__Cnidaria__CO2242.00__T24.40__NC4,ZOO_COMMON_00264,-0.007181359408664697,0.010391999144931469,9.809580801860015,3.5
Alter et al. 2024,"Garcia E, Clemente S, Hernandez JC",2015,NA,NA,Zooplankton,Meroplankton,Echinodermata,Paracentrotus lividus,T,135,135,346,18.8,340,22.4,Settlement,positive,%,Development,5.74,2.323790008,3.96,2.323790008,-0.371,0.0039,NA,NA,Yes,NA,NA,NA,,-6,3.599999999999998,Garcia_E_Clemente_S_Hernandez_JC,NA,Paracentrotus_lividus,Echinodermata,2015,346,18.8,135,Garcia_E_Clemente_S_Hernandez_JC__2015__NA,ZOO_STUDY_0166,ZOO_ES_000411,ZOO_STUDY_0166__Paracentrotus_lividus__Echinodermata__CO2346.00__T18.80__NC135,ZOO_COMMON_00289,-0.3712151850650859,0.0037648091021461882,16.297782590211963,3.5
Alter et al. 2024,"Garcia E, Clemente S, Hernandez JC",2015,NA,NA,Zooplankton,Meroplankton,Echinodermata,Paracentrotus lividus,T,135,135,346,18.8,326,20.4,Settlement,positive,%,Development,5.74,2.323790008,11.28,2.323790008,0.676,0.0016,NA,NA,Yes,NA,NA,NA,,-20,1.5999999999999979,Garcia_E_Clemente_S_Hernandez_JC,NA,Paracentrotus_lividus,Echinodermata,2015,346,18.8,135,Garcia_E_Clemente_S_Hernandez_JC__2015__NA,ZOO_STUDY_0166,ZOO_ES_000414,ZOO_STUDY_0166__Paracentrotus_lividus__Echinodermata__CO2346.00__T18.80__NC135,ZOO_COMMON_00289,0.6755720357384377,0.0015284194795998996,25.578714702245914,4.25
Alter et al. 2024,"Gobler CJ, Merlo LR, Morrell BK and Griffith AW",2018,NA,NA,Zooplankton,Meroplankton,Fish larvae,Menidia beryllina,T,4,4,389,19,372,29,Time to hatch,ambiguous,days,Development,9,0.02,4.4,0.5,-0.7156,0.0032,NA,NA,Yes,NA,NA,NA,,-17,10,Gobler_CJ_Merlo_LR_Morrell_BK_and_Griffith_AW,NA,Menidia_beryllina,Fish_larvae,2018,389,19,4,Gobler_CJ_Merlo_LR_Morrell_BK_and_Griffith_AW__2018__NA,ZOO_STUDY_0185,ZOO_ES_000476,ZOO_STUDY_0185__Menidia_beryllina__Fish_larvae__CO2389.00__T19.00__NC4,ZOO_COMMON_00320,-0.7156200364120038,0.003229540353025201,17.596635671081472,3.5
Alter et al. 2024,"Gravinese PM, Enochs IC, Manzello DP, van Woesik R",2018,NA,NA,Zooplankton,Meroplankton,Arthropoda,Menippe mercenaria,T,8,8,484,30.1,524,32,Molt stage duration Z5,ambiguous,days,Development,5.71,0.395979797,5.25,0.424264069,-0.084,0.0014,NA,NA,Yes,NA,NA,NA,,40,1.8999999999999986,Gravinese_PM_Enochs_IC_Manzello_DP_van_Woesik_R,NA,Menippe_mercenaria,Arthropoda,2018,484,30.1,8,Gravinese_PM_Enochs_IC_Manzello_DP_van_Woesik_R__2018__NA,ZOO_STUDY_0193,ZOO_ES_000479,ZOO_STUDY_0193__Menippe_mercenaria__Arthropoda__CO2484.00__T30.10__NC8,ZOO_COMMON_00342,-0.08399094706438652,0.0014174779192463016,26.560842636252218,4.25
Alter et al. 2024,"Hardy NA,  Byrne M",2014,NA,NA,Zooplankton,Meroplankton,Echinodermata,Heliocidaris erythrogramma,T,9,9,291,20,260,26,Normal,positive,%,Development,88.6,6.9,45.09,11.61,-0.675,0.008,NA,NA,Yes,NA,NA,NA,,-31,6,Hardy_NA_Byrne_M,NA,Heliocidaris_erythrogramma,Echinodermata,2014,291,20,9,Hardy_NA_Byrne_M__2014__NA,ZOO_STUDY_0209,ZOO_ES_000481,ZOO_STUDY_0209__Heliocidaris_erythrogramma__Echinodermata__CO2291.00__T20.00__NC9,ZOO_COMMON_00374,-0.6754713651780422,0.008040393300064931,11.152220650261972,3.5
Alter et al. 2024,"Hardy NA,  Byrne M",2014,NA,NA,Zooplankton,Meroplankton,Echinodermata,Heliocidaris erythrogramma,T,9,9,291,20,267,24,Normal,positive,%,Development,88.6,6.9,78.18,12.36,-0.125,0.0035,NA,NA,Yes,NA,NA,NA,,-24,4,Hardy_NA_Byrne_M,NA,Heliocidaris_erythrogramma,Echinodermata,2014,291,20,9,Hardy_NA_Byrne_M__2014__NA,ZOO_STUDY_0209,ZOO_ES_000482,ZOO_STUDY_0209__Heliocidaris_erythrogramma__Echinodermata__CO2291.00__T20.00__NC9,ZOO_COMMON_00374,-0.12511799724622635,0.0034510628426603854,17.022508752090648,3.5
Alter et al. 2024,"Hardy NA,  Byrne M",2014,NA,NA,Zooplankton,Meroplankton,Echinodermata,Heliocidaris tuberculata,T,9,9,291,20,260,26,Normal,positive,%,Development,96.15,3.99,87.3,10.2,-0.097,0.0017,NA,NA,Yes,NA,NA,NA,,-31,6,Hardy_NA_Byrne_M,NA,Heliocidaris_tuberculata,Echinodermata,2014,291,20,9,Hardy_NA_Byrne_M__2014__NA,ZOO_STUDY_0209,ZOO_ES_000483,ZOO_STUDY_0209__Heliocidaris_tuberculata__Echinodermata__CO2291.00__T20.00__NC9,ZOO_COMMON_00375,-0.09655900918923228,0.001708143116600996,24.195682244678387,4.25
Alter et al. 2024,"Hardy NA,  Byrne M",2014,NA,NA,Zooplankton,Meroplankton,Echinodermata,Heliocidaris tuberculata,T,9,9,291,20,267,24,Normal,positive,%,Development,96.15,3.99,91.44,9.09,-0.05,0.0013,NA,NA,Yes,NA,NA,NA,,-24,4,Hardy_NA_Byrne_M,NA,Heliocidaris_tuberculata,Echinodermata,2014,291,20,9,Hardy_NA_Byrne_M__2014__NA,ZOO_STUDY_0209,ZOO_ES_000484,ZOO_STUDY_0209__Heliocidaris_tuberculata__Echinodermata__CO2291.00__T20.00__NC9,ZOO_COMMON_00375,-0.05022645254823357,0.001289366032464884,27.84914635994617,4.25
Alter et al. 2024,"Kamya PZ, Dworjanyn SA, Hardy N, Mos B, Uthicke S, Byrne M",2014,NA,NA,Zooplankton,Meroplankton,Echinodermata,Acanthaster planci,T,5,5,477,26.3,480,27.8,Normal larvae,positive,%,Development,70.26,5.433645185,74.43,3.1081344889999998,0.058,0.0015,NA,NA,Yes,NA,NA,NA,,3,1.5,Kamya_PZ_Dworjanyn_SA_Hardy_N_Mos_B_Uthicke_S_Byrne_M,NA,Acanthaster_planci,Echinodermata,2014,477,26.3,5,Kamya_PZ_Dworjanyn_SA_Hardy_N_Mos_B_Uthicke_S_Byrne_M__2014__NA,ZOO_STUDY_0254,ZOO_ES_000520,ZOO_STUDY_0254__Acanthaster_planci__Echinodermata__CO2477.00__T26.30__NC5,ZOO_COMMON_00439,0.05765643953413844,0.0015449447632413242,25.441547362235283,4.25
Alter et al. 2024,"Karelitz SE, Uthicke S, Foo SA, Barker MF, Byrne M, Pecorino D, Lamare MD",2017,NA,NA,Zooplankton,Meroplankton,Echinodermata,Sterechinus neumayeri,T,4,4,454,-1.1,454,3.3,Normal development,positive,%,Development,88.74,5.3,9.93,3.98,-2.19,0.0409,NA,NA,Yes,NA,NA,NA,,0,4.4,Karelitz_SE_Uthicke_S_Foo_SA_Barker_MF_Byrne_M_Pecorino_D_Lamare_MD,NA,Sterechinus_neumayeri,Echinodermata,2017,454,-1.1,4,Karelitz_SE_Uthicke_S_Foo_SA_Barker_MF_Byrne_M_Pecorino_D_Lamare_MD__2017__NA,ZOO_STUDY_0260,ZOO_ES_000533,ZOO_STUDY_0260__Sterechinus_neumayeri__Echinodermata__CO2454.00__T-1.10__NC4,ZOO_COMMON_00450,-2.190150267893682,0.041053060243067485,4.935455400431225,2.75
Alter et al. 2024,"Karelitz SE, Uthicke S, Foo SA, Barker MF, Byrne M, Pecorino D, Lamare MD",2017,NA,NA,Zooplankton,Meroplankton,Echinodermata,Odontaster validus,T,4,4,413,-0.5,413,7,Normal development,positive,%,Development,96,1.34,36.67,4,-0.962,0.003,NA,NA,Yes,NA,NA,NA,,0,7.5,Karelitz_SE_Uthicke_S_Foo_SA_Barker_MF_Byrne_M_Pecorino_D_Lamare_MD,NA,Odontaster_validus,Echinodermata,2017,413,-0.5,4,Karelitz_SE_Uthicke_S_Foo_SA_Barker_MF_Byrne_M_Pecorino_D_Lamare_MD__2017__NA,ZOO_STUDY_0260,ZOO_ES_000534,ZOO_STUDY_0260__Odontaster_validus__Echinodermata__CO2413.00__T-0.50__NC4,ZOO_COMMON_00448,-0.9623892093846015,0.0030233745060312227,18.18670518215108,4.25
Alter et al. 2024,"Ko GWK, Dineshram R, Campanati C, Chan VBS, Havenhand J, Thiyagarajan V",2014,NA,NA,Zooplankton,Meroplankton,Mollusca,Crassostrea gigas,T,4,4,437,23.9,396,29.9,Metamorphosis,positive,%,Development,27.5,3.26,49.25,7,0.583,0.0085,NA,NA,Yes,NA,NA,NA,,-41,6,Ko_GWK_Dineshram_R_Campanati_C_Chan_VBS_Havenhand_J_Thiyagarajan_V,NA,Crassostrea_gigas,Mollusca,2014,437,23.9,4,Ko_GWK_Dineshram_R_Campanati_C_Chan_VBS_Havenhand_J_Thiyagarajan_V__2014__NA,ZOO_STUDY_0272,ZOO_ES_000555,ZOO_STUDY_0272__Crassostrea_gigas__Mollusca__CO2437.00__T23.90__NC4,ZOO_COMMON_00465,0.5827233629455724,0.008563631111382742,10.806150813236053,3.5
Alter et al. 2024,"Leo E, Dahlke FT, Storch D, Pörtner HO, Mark FC",2018,NA,NA,Zooplankton,Meroplankton,Fish larvae,Clupea harengus,T,6,6,415,6.2,403,14.1,Deformities,positive,% hatched larvae,Development,5.511,3.184336666,8.9178,1.349913797,-0.0367,2e-4,NA,NA,Yes,NA,NA,NA,,-12,7.8999999999999995,Leo_E_Dahlke_FT_Storch_D_P_rtner_HO_Mark_FC,NA,Clupea_harengus,Fish_larvae,2018,415,6.2,6,Leo_E_Dahlke_FT_Storch_D_P_rtner_HO_Mark_FC__2018__NA,ZOO_STUDY_0302,ZOO_ES_000586,ZOO_STUDY_0302__Clupea_harengus__Fish_larvae__CO2415.00__T6.20__NC6,ZOO_COMMON_00522,0.4813031844996689,0.059463928414759164,4.100843555127861,2
Alter et al. 2024,"Leo E, Dahlke FT, Storch D, Pörtner HO, Mark FC",2018,NA,NA,Zooplankton,Meroplankton,Fish larvae,Clupea harengus,T,6,6,415,6.2,408,10,Deformities,positive,% hatched larvae,Development,5.511,3.184336666,7.3146,5.890532933,-0.0193,9e-4,NA,NA,Yes,NA,NA,NA,,-7,3.8,Leo_E_Dahlke_FT_Storch_D_P_rtner_HO_Mark_FC,NA,Clupea_harengus,Fish_larvae,2018,415,6.2,6,Leo_E_Dahlke_FT_Storch_D_P_rtner_HO_Mark_FC__2018__NA,ZOO_STUDY_0302,ZOO_ES_000587,ZOO_STUDY_0302__Clupea_harengus__Fish_larvae__CO2415.00__T6.20__NC6,ZOO_COMMON_00522,0.2831262559159203,0.16373278750244075,2.4713381429971997,2.5
Alter et al. 2024,"Miller GM, Kroon FJ, Metcalfe S, Munday PL",2015,NA,NA,Zooplankton,Meroplankton,Fish larvae,Amphiprion melanopus,T,4,4,400,28.4,411,29.8,yolk area,ambiguous,mm²,Development,0.4232,0.0068,0.4096,0.0164,-0.0326,5e-4,NA,NA,Yes,NA,NA,NA,,11,1.4000000000000021,Miller_GM_Kroon_FJ_Metcalfe_S_Munday_PL,NA,Amphiprion_melanopus,Fish_larvae,2015,400,28.4,4,Miller_GM_Kroon_FJ_Metcalfe_S_Munday_PL__2015__NA,ZOO_STUDY_0353,ZOO_ES_000614,ZOO_STUDY_0353__Amphiprion_melanopus__Fish_larvae__CO2400.00__T28.40__NC4,ZOO_COMMON_00617,-0.03266380681879157,4.653272127105026e-4,46.357581917453196,4.25
Alter et al. 2024,"Mos B, Dworjanyn SA, Mamo LT, Kelaher BP",2019,NA,NA,Zooplankton,Meroplankton,Echinodermata,Tripneustes gratilla,T,7,7,491,24.4,513,26.8,Settlement,positive,%,Development,38.18,21.29829805,48.31,13.7314493,0.235,0.056,NA,NA,Yes,NA,NA,NA,,22,2.400000000000002,Mos_B_Dworjanyn_SA_Mamo_LT_Kelaher_BP,NA,Tripneustes_gratilla,Echinodermata,2019,491,24.4,7,Mos_B_Dworjanyn_SA_Mamo_LT_Kelaher_BP__2019__NA,ZOO_STUDY_0357,ZOO_ES_000625,ZOO_STUDY_0357__Tripneustes_gratilla__Echinodermata__CO2491.00__T24.40__NC7,ZOO_COMMON_00623,0.23532676026871374,0.05599638519801519,4.225907667088514,2
Alter et al. 2024,"Mos B, Dworjanyn SA, Mamo LT, Kelaher BP",2019,NA,NA,Zooplankton,Meroplankton,Echinodermata,Tripneustes gratilla,T,5,5,491,24.4,513,26.8,Abnormalities,positive,%,Development,55.27,20.81779287,24.15,54.00104166,0.528,0.1446,NA,NA,Yes,NA,NA,NA,,22,2.400000000000002,Mos_B_Dworjanyn_SA_Mamo_LT_Kelaher_BP,NA,Tripneustes_gratilla,Echinodermata,2019,491,24.4,5,Mos_B_Dworjanyn_SA_Mamo_LT_Kelaher_BP__2019__NA,ZOO_STUDY_0357,ZOO_ES_000626,ZOO_STUDY_0357__Tripneustes_gratilla__Echinodermata__CO2491.00__T24.40__NC5,ZOO_COMMON_00622,-0.82794588574659,1.0283739915258703,0.9861079447584028,2.5
Alter et al. 2024,"Murray CS, Wiley D, Baumann H",2019,NA,NA,Zooplankton,Meroplankton,Fish larvae,Ammodytes dubius,T,38,40,385,4.9,379,7.1,Yolk sac area,ambiguous,mm2,Development,0.167,0.06164414,0.184,0.036049965,0.0969,0.0025,NA,NA,Yes,NA,NA,NA,,-6,2.1999999999999993,Murray_CS_Wiley_D_Baumann_H,NA,Ammodytes_dubius,Fish_larvae,2019,385,4.9,38,Murray_CS_Wiley_D_Baumann_H__2019__NA,ZOO_STUDY_0367,ZOO_ES_000678,ZOO_STUDY_0367__Ammodytes_dubius__Fish_larvae__CO2385.00__T4.90__NC38,ZOO_COMMON_00635,0.09694194519223054,0.004545295710784226,14.832656129860402,3.5
Alter et al. 2024,"Murray CS, Wiley D, Baumann H",2019,NA,NA,Zooplankton,Meroplankton,Fish larvae,Ammodytes dubius,T,38,28,385,4.9,404,10,Yolk sac area,ambiguous,mm2,Development,0.167,0.06164414,0.159,0.028044964,-0.0491,0.0027,NA,NA,Yes,NA,NA,NA,,19,5.1,Murray_CS_Wiley_D_Baumann_H,NA,Ammodytes_dubius,Fish_larvae,2019,385,4.9,38,Murray_CS_Wiley_D_Baumann_H__2019__NA,ZOO_STUDY_0367,ZOO_ES_000680,ZOO_STUDY_0367__Ammodytes_dubius__Fish_larvae__CO2385.00__T4.90__NC38,ZOO_COMMON_00635,-0.04908961019652363,0.004696754200883444,14.59153844577671,3.5
Alter et al. 2024,"Pansch C, Nasrolahi A, Appelhans YS, Wahl M",2012,NA,NA,Zooplankton,Meroplankton,Arthropoda,Amphibalanus improvisus,T,6,6,414,19.6,378,26.9,larval duration,ambiguous,days,Development,17.62,4.237617255,10.6,4.507061127,-0.509,0.0399,NA,NA,Yes,NA,NA,NA,,-36,7.299999999999997,Pansch_C_Nasrolahi_A_Appelhans_YS_Wahl_M,NA,Amphibalanus_improvisus,Arthropoda,2012,414,19.6,6,Pansch_C_Nasrolahi_A_Appelhans_YS_Wahl_M__2012__NA,ZOO_STUDY_0394,ZOO_ES_000696,ZOO_STUDY_0394__Amphibalanus_improvisus__Arthropoda__CO2414.00__T19.60__NC6,ZOO_COMMON_00680,-0.5081806193900121,0.03977179415201264,5.014324185903304,2.75
Alter et al. 2024,"Pansch C, Nasrolahi A, Appelhans YS, Wahl M",2012,NA,NA,Zooplankton,Meroplankton,Arthropoda,Amphibalanus improvisus,T,6,6,414,19.6,378,26.9,settlement,positive,%,Development,24.65,17.66082105,19.64,12.76184156,-0.227,0.1561,NA,NA,Yes,NA,NA,NA,,-36,7.299999999999997,Pansch_C_Nasrolahi_A_Appelhans_YS_Wahl_M,NA,Amphibalanus_improvisus,Arthropoda,2012,414,19.6,6,Pansch_C_Nasrolahi_A_Appelhans_YS_Wahl_M__2012__NA,ZOO_STUDY_0394,ZOO_ES_000697,ZOO_STUDY_0394__Amphibalanus_improvisus__Arthropoda__CO2414.00__T19.60__NC6,ZOO_COMMON_00680,-0.22720859756237924,0.15592408215054954,2.5324647083214766,2.5
Alter et al. 2024,"Parker, Ross, O'Connor",2010,NA,NA,Zooplankton,Meroplankton,Mollusca,Saccostrea glomerata,T,3,3,375,18,375,26,Abnormalities,positive,%,Development,40.87,3.966396349,5.01,2.476832655,0.474,0.0017,NA,NA,Yes,NA,NA,NA,,0,8,Parker_Ross_O_Connor,NA,Saccostrea_glomerata,Mollusca,2010,375,18,3,Parker_Ross_O_Connor__2010__NA,ZOO_STUDY_0399,ZOO_ES_000715,ZOO_STUDY_0399__Saccostrea_glomerata__Mollusca__CO2375.00__T18.00__NC3,ZOO_COMMON_00692,-2.0989603824794125,0.08460930364037382,3.437881790504988,2
Alter et al. 2024,"Parker, Ross, O'Connor",2010,NA,NA,Zooplankton,Meroplankton,Mollusca,Saccostrea glomerata,T,3,3,375,18,375,22,Abnormalities,positive,%,Development,40.87,3.966396349,6.08,2.961806881,0.463,0.0018,NA,NA,Yes,NA,NA,NA,,0,4,Parker_Ross_O_Connor,NA,Saccostrea_glomerata,Mollusca,2010,375,18,3,Parker_Ross_O_Connor__2010__NA,ZOO_STUDY_0399,ZOO_ES_000716,ZOO_STUDY_0399__Saccostrea_glomerata__Mollusca__CO2375.00__T18.00__NC3,ZOO_COMMON_00692,-1.9053916015981103,0.08224107119076264,3.487029494554334,2
Alter et al. 2024,"Parker, Ross, O'Connor",2010,NA,NA,Zooplankton,Meroplankton,Mollusca,Crassostrea gigas,T,3,3,375,18,375,26,Abnormalities,positive,%,Development,22.01,4.95366531,6.72,2.961806881,0.179,0.0017,NA,NA,Yes,NA,NA,NA,,0,8,Parker_Ross_O_Connor,NA,Crassostrea_gigas,Mollusca,2010,375,18,3,Parker_Ross_O_Connor__2010__NA,ZOO_STUDY_0399,ZOO_ES_000717,ZOO_STUDY_0399__Crassostrea_gigas__Mollusca__CO2375.00__T18.00__NC3,ZOO_COMMON_00691,-1.1864087410033122,0.081636719541488,3.4999128280861487,2
Alter et al. 2024,"Parker, Ross, O'Connor",2010,NA,NA,Zooplankton,Meroplankton,Mollusca,Crassostrea gigas,T,3,3,375,18,375,22,Abnormalities,positive,%,Development,22.01,4.95366531,9.51,1.489563695,0.149,0.0014,NA,NA,Yes,NA,NA,NA,,0,4,Parker_Ross_O_Connor,NA,Crassostrea_gigas,Mollusca,2010,375,18,3,Parker_Ross_O_Connor__2010__NA,ZOO_STUDY_0399,ZOO_ES_000718,ZOO_STUDY_0399__Crassostrea_gigas__Mollusca__CO2375.00__T18.00__NC3,ZOO_COMMON_00691,-0.8391530189810714,0.02506243523283138,6.316672580409252,2.75
Alter et al. 2024,"Pecorino D, Barker MF, Dworjanyn SA, Byrne M, Lamare MD",2014,NA,NA,Zooplankton,Meroplankton,Echinodermata,Centrostephanus rodgersii,T,150,150,506,21,511,24,Abnormalities,positive,%,Development,5.77,27.31181063,12.44,152.358262,-0.073,0.0207,NA,NA,Yes,NA,NA,NA,,5,3,Pecorino_D_Barker_MF_Dworjanyn_SA_Byrne_M_Lamare_MD,NA,Centrostephanus_rodgersii,Echinodermata,2014,506,21,150,Pecorino_D_Barker_MF_Dworjanyn_SA_Byrne_M_Lamare_MD__2014__NA,ZOO_STUDY_0411,ZOO_ES_000767,ZOO_STUDY_0411__Centrostephanus_rodgersii__Echinodermata__CO2506.00__T21.00__NC150,ZOO_COMMON_00709,0.7682450067910253,1.149368183569865,0.932761075518994,2.5
Alter et al. 2024,"Pecorino D, Barker MF, Dworjanyn SA, Byrne M, Lamare MD",2014,NA,NA,Zooplankton,Meroplankton,Echinodermata,Centrostephanus rodgersii,T,150,150,468,14,478,17,Abnormalities,positive,%,Development,6.22,43.47844293,9.33,114.2686965,-0.034,0.012,NA,NA,Yes,NA,NA,NA,,10,3,Pecorino_D_Barker_MF_Dworjanyn_SA_Byrne_M_Lamare_MD,NA,Centrostephanus_rodgersii,Echinodermata,2014,468,14,150,Pecorino_D_Barker_MF_Dworjanyn_SA_Byrne_M_Lamare_MD__2014__NA,ZOO_STUDY_0411,ZOO_ES_000768,ZOO_STUDY_0411__Centrostephanus_rodgersii__Echinodermata__CO2468.00__T14.00__NC150,ZOO_COMMON_00707,0.4054651081081644,1.3257436336701143,0.8685008040739601,2.5
Alter et al. 2024,"Pecorino D, Barker MF, Dworjanyn SA, Byrne M, Lamare MD",2014,NA,NA,Zooplankton,Meroplankton,Echinodermata,Centrostephanus rodgersii,T,150,150,506,21,511,24,Gastrulation,ambiguous,%,Development,79.55,59.89002421,82.66,38.0895655,0.038,0.0052,NA,NA,Yes,NA,NA,NA,,5,3,Pecorino_D_Barker_MF_Dworjanyn_SA_Byrne_M_Lamare_MD,NA,Centrostephanus_rodgersii,Echinodermata,2014,506,21,150,Pecorino_D_Barker_MF_Dworjanyn_SA_Byrne_M_Lamare_MD__2014__NA,ZOO_STUDY_0411,ZOO_ES_000770,ZOO_STUDY_0411__Centrostephanus_rodgersii__Echinodermata__CO2506.00__T21.00__NC150,ZOO_COMMON_00709,0.03835005429979038,0.005194221466849424,13.875216510020032,3.5
Alter et al. 2024,"Pecorino D, Barker MF, Dworjanyn SA, Byrne M, Lamare MD",2014,NA,NA,Zooplankton,Meroplankton,Echinodermata,Centrostephanus rodgersii,T,150,150,468,14,478,17,Gastrulation,ambiguous,%,Development,76.88,70.79025357,81.33,54.37867229,0.056,0.0086,NA,NA,Yes,NA,NA,NA,,10,3,Pecorino_D_Barker_MF_Dworjanyn_SA_Byrne_M_Lamare_MD,NA,Centrostephanus_rodgersii,Echinodermata,2014,468,14,150,Pecorino_D_Barker_MF_Dworjanyn_SA_Byrne_M_Lamare_MD__2014__NA,ZOO_STUDY_0411,ZOO_ES_000771,ZOO_STUDY_0411__Centrostephanus_rodgersii__Echinodermata__CO2468.00__T14.00__NC150,ZOO_COMMON_00707,0.056269187516646904,0.008632678741038069,10.762848085397728,3.5
Alter et al. 2024,"Rosa R, Trübenbach K, Pimentel MS, Boavida-Portugal J, Faleiro F, Baptista M, Dionisio G, Calado R, Pörtner HO, Repolho T",2014,NA,NA,Zooplankton,Meroplankton,Mollusca,Loligo vulgaris,T,45,45,433,13.2,440,15.1,Abnormalities,positive,%,Development,7.92,2.01246118,10.24,68.69200827,-0.026,0.013,NA,NA,Yes,NA,NA,NA,,7,1.9000000000000004,Rosa_R_Tr_benbach_K_Pimentel_MS_Boavida_Portugal_J_Faleiro_F_Baptista_M_Dionisio_G_Calado_R_P_rtner_HO_Repolho_T,NA,Loligo_vulgaris,Mollusca,2014,433,13.2,45,Rosa_R_Tr_benbach_K_Pimentel_MS_Boavida_Portugal_J_Faleiro_F_Baptista_M_Dionisio_G_Calado_R_P_rtner_HO_Repolho_T__2014__NA,ZOO_STUDY_0441,ZOO_ES_000901,ZOO_STUDY_0441__Loligo_vulgaris__Mollusca__CO2433.00__T13.20__NC45,ZOO_COMMON_00759,0.2569104137850273,1.0014348026066495,0.9992833697717248,2.5
Alter et al. 2024,"Rosa R, Trübenbach K, Pimentel MS, Boavida-Portugal J, Faleiro F, Baptista M, Dionisio G, Calado R, Pörtner HO, Repolho T",2014,NA,NA,Zooplankton,Meroplankton,Mollusca,Loligo vulgaris,T,45,45,433,13.2,440,15.1,Abnormalities,positive,%,Development,6.83,2.482035455,32.9,220.6999094,-0.328,0.2405,NA,NA,Yes,NA,NA,NA,,7,1.9000000000000004,Rosa_R_Tr_benbach_K_Pimentel_MS_Boavida_Portugal_J_Faleiro_F_Baptista_M_Dionisio_G_Calado_R_P_rtner_HO_Repolho_T,NA,Loligo_vulgaris,Mollusca,2014,433,13.2,45,Rosa_R_Tr_benbach_K_Pimentel_MS_Boavida_Portugal_J_Faleiro_F_Baptista_M_Dionisio_G_Calado_R_P_rtner_HO_Repolho_T__2014__NA,ZOO_STUDY_0441,ZOO_ES_000904,ZOO_STUDY_0441__Loligo_vulgaris__Mollusca__CO2433.00__T13.20__NC45,ZOO_COMMON_00759,1.5721479841886274,1.0029346888946538,0.9985358773241448,2.5
Alter et al. 2024,"Rosa R, Trübenbach K, Pimentel MS, Boavida-Portugal J, Faleiro F, Baptista M, Dionisio G, Calado R, Pörtner HO, Repolho T",2014,NA,NA,Zooplankton,Meroplankton,Mollusca,Loligo vulgaris,T,45,45,433,13.2,440,15.1,development time,ambiguous,days,Development,27.12,1.073312629,23.63,0.872066511,-0.138,1e-4,NA,NA,Yes,NA,NA,NA,,7,1.9000000000000004,Rosa_R_Tr_benbach_K_Pimentel_MS_Boavida_Portugal_J_Faleiro_F_Baptista_M_Dionisio_G_Calado_R_P_rtner_HO_Repolho_T,NA,Loligo_vulgaris,Mollusca,2014,433,13.2,45,Rosa_R_Tr_benbach_K_Pimentel_MS_Boavida_Portugal_J_Faleiro_F_Baptista_M_Dionisio_G_Calado_R_P_rtner_HO_Repolho_T__2014__NA,ZOO_STUDY_0441,ZOO_ES_000905,ZOO_STUDY_0441__Loligo_vulgaris__Mollusca__CO2433.00__T13.20__NC45,ZOO_COMMON_00759,-0.13775437187337838,6.507281427441347e-5,123.96531983281726,4.25
Alter et al. 2024,"Sheppard Brennand H, Soars N, Dworjanyn SA, Davis AR, Byrne M",2010,NA,NA,Zooplankton,Meroplankton,Echinodermata,Tripneustes gratilla,T,35,35,448,23.5,455,26.1,Arm asymmetry,negative,µm,Development,7.3,6.803491751,12.16,6.803491751,-0.511,0.0339,NA,NA,Yes,NA,NA,NA,,7,2.6000000000000014,Sheppard_Brennand_H_Soars_N_Dworjanyn_SA_Davis_AR_Byrne_M,NA,Tripneustes_gratilla,Echinodermata,2010,448,23.5,35,Sheppard_Brennand_H_Soars_N_Dworjanyn_SA_Davis_AR_Byrne_M__2010__NA,ZOO_STUDY_0466,ZOO_ES_000941,ZOO_STUDY_0466__Tripneustes_gratilla__Echinodermata__CO2448.00__T23.50__NC35,ZOO_COMMON_00808,0.5102775283836756,0.0337609717171497,5.442425977944057,2.75
Alter et al. 2024,"Sparks, Foo, Uthicke, Byrne, Lamare",2017,NA,NA,Zooplankton,Meroplankton,Echinodermata,Acanthaster planci,T,75,75,491,28,564,30,Gastrulation,ambiguous,%,Development,69.86531987,1.185803587,28.61952862,0.563742683,-0.892,0,NA,NA,Yes,NA,NA,NA,,73,2,Sparks_Foo_Uthicke_Byrne_Lamare,NA,Acanthaster_planci,Echinodermata,2017,491,28,75,Sparks_Foo_Uthicke_Byrne_Lamare__2017__NA,ZOO_STUDY_0476,ZOO_ES_000958,ZOO_STUDY_0476__Acanthaster_planci__Echinodermata__CO2491.00__T28.00__NC75,ZOO_COMMON_00824,-0.8924800832309537,9.014365104080184e-6,333.06763091537186,4.25
Alter et al. 2024,"Sparks, Foo, Uthicke, Byrne, Lamare",2017,NA,NA,Zooplankton,Meroplankton,Echinodermata,Acanthaster planci,T,75,75,491,28,518,30,Gastrulation,ambiguous,%,Development,69.86531987,1.185803587,59.25925926,0.894212539,-0.165,0,NA,NA,Yes,NA,NA,NA,,27,2,Sparks_Foo_Uthicke_Byrne_Lamare,NA,Acanthaster_planci,Echinodermata,2017,491,28,75,Sparks_Foo_Uthicke_Byrne_Lamare__2017__NA,ZOO_STUDY_0476,ZOO_ES_000959,ZOO_STUDY_0476__Acanthaster_planci__Echinodermata__CO2491.00__T28.00__NC75,ZOO_COMMON_00824,-0.16464734468708903,6.877012577496062e-6,381.32922490122166,2.5
Alter et al. 2024,"Visconti G, Gianguzza F, Butera E, Costa V, Vizzini S, Byrne M, Gianguzza P",2017,NA,NA,Zooplankton,Meroplankton,Echinodermata,Arbacia lixula,T,25,25,418,20.3,427,24.3,Asymmetry,negative,µm,Development,17.86,24.15,29.24,27.3,-0.493,0.1081,NA,NA,Yes,NA,NA,NA,,9,4,Visconti_G_Gianguzza_F_Butera_E_Costa_V_Vizzini_S_Byrne_M_Gianguzza_P,NA,Arbacia_lixula,Echinodermata,2017,418,20.3,25,Visconti_G_Gianguzza_F_Butera_E_Costa_V_Vizzini_S_Byrne_M_Gianguzza_P__2017__NA,ZOO_STUDY_0526,ZOO_ES_001021,ZOO_STUDY_0526__Arbacia_lixula__Echinodermata__CO2418.00__T20.30__NC25,ZOO_COMMON_00916,0.4929740594332247,0.10800430692897542,3.042842425141874,2
Alter et al. 2024,"Visconti G, Gianguzza F, Butera E, Costa V, Vizzini S, Byrne M, Gianguzza P",2017,NA,NA,Zooplankton,Meroplankton,Echinodermata,Arbacia lixula,T,25,25,418,20.3,395,26.3,Asymmetry,negative,µm,Development,17.86,24.15,14.11,26.9,0.235,0.2186,NA,NA,Yes,NA,NA,NA,,-23,6,Visconti_G_Gianguzza_F_Butera_E_Costa_V_Vizzini_S_Byrne_M_Gianguzza_P,NA,Arbacia_lixula,Echinodermata,2017,418,20.3,25,Visconti_G_Gianguzza_F_Butera_E_Costa_V_Vizzini_S_Byrne_M_Gianguzza_P__2017__NA,ZOO_STUDY_0526,ZOO_ES_001024,ZOO_STUDY_0526__Arbacia_lixula__Echinodermata__CO2418.00__T20.30__NC25,ZOO_COMMON_00916,-0.23567980958363038,0.21851798641355596,2.139224703005088,2.5
Alter et al. 2024,"Walther K, Anger K, Pörtner HO",2010,NA,NA,Zooplankton,Meroplankton,Arthropoda,Hyas araneus,T,279,279,354,3,346,9,Developmental period zoea 2,ambiguous,days,Development,72.33,112.9142613,19.09,15.19999671,-1.332,0.011,NA,NA,Yes,NA,NA,NA,,-8,6,Walther_K_Anger_K_P_rtner_HO,NA,Hyas_araneus,Arthropoda,2010,354,3,279,Walther_K_Anger_K_P_rtner_HO__2010__NA,ZOO_STUDY_0532,ZOO_ES_001034,ZOO_STUDY_0532__Hyas_araneus__Arthropoda__CO2354.00__T3.00__NC279,ZOO_COMMON_00934,-1.3320743431235331,0.01100719784058107,9.531507935402633,3.5
Alter et al. 2024,"Walther K, Anger K, Pörtner HO",2010,NA,NA,Zooplankton,Meroplankton,Arthropoda,Hyas araneus,T,279,279,354,3,346,9,Developmental period zoea 2,ambiguous,days,Development,59.17,25.05493963,20.72,56.29009771,-1.049,0.0271,NA,NA,Yes,NA,NA,NA,,-8,6,Walther_K_Anger_K_P_rtner_HO,NA,Hyas_araneus,Arthropoda,2010,354,3,279,Walther_K_Anger_K_P_rtner_HO__2010__NA,ZOO_STUDY_0532,ZOO_ES_001035,ZOO_STUDY_0532__Hyas_araneus__Arthropoda__CO2354.00__T3.00__NC279,ZOO_COMMON_00934,-1.0493152392973206,0.027095984152579203,6.075017526022461,2.75
Alter et al. 2024,"Watson SA, Bridie J. M. Allan, David E. McQueen, Simon Nicol, Darren M. Parsons, Stephen M. J. Pether, Stephen Pope, Alvin N. Setiawan, Neville Smith, Carly Wilson, Philip L. Munday",2018,NA,NA,Zooplankton,Meroplankton,Fish larvae,Seriola lalandi,T,180,180,462,21.1,538,24.8,Yolk area at 1 dph,ambiguous,mm2,Development,0.136,0.013416408,0.11,0.013416408,-0.2122,1e-4,NA,NA,Yes,NA,NA,NA,,76,3.6999999999999993,Watson_SA_Bridie_J_M_Allan_David_E_McQueen_Simon_Nicol_Darren_M_Parsons_Stephen_M_J_Pether_Stephen_Pope_Alvin_N_Setiawan_Neville_Smith_Carly_Wilson_Philip_L_Munday,NA,Seriola_lalandi,Fish_larvae,2018,462,21.1,180,Watson_SA_Bridie_J_M_Allan_David_E_McQueen_Simon_Nicol_Darren_M_Parsons_Stephen_M_J_Pether_Stephen_Pope_Alvin_N_Setiawan_Neville_Smith_Carly_Wilson_Philip_L_Munday__2018__NA,ZOO_STUDY_0538,ZOO_ES_001070,ZOO_STUDY_0538__Seriola_lalandi__Fish_larvae__CO2462.00__T21.10__NC180,ZOO_COMMON_00940,-0.2121745199436359,1.3671037479507912e-4,85.52621706203925,4.25
Alter et al. 2024,"Zakroff CJ, Mooney TA",2020,NA,NA,Zooplankton,Meroplankton,Mollusca,Doryteuthis pealeii,T,10,10,387,19.5,452,27.5,Yolk-sac volume,ambiguous,mm3,Development,0.03,0.031622777,0.02,0.031622777,-0.511,0.3415,NA,NA,Yes,NA,NA,NA,,65,8,Zakroff_CJ_Mooney_TA,NA,Doryteuthis_pealeii,Mollusca,2020,387,19.5,10,Zakroff_CJ_Mooney_TA__2020__NA,ZOO_STUDY_0556,ZOO_ES_001076,ZOO_STUDY_0556__Doryteuthis_pealeii__Mollusca__CO2387.00__T19.50__NC10,ZOO_COMMON_00967,-0.4054651081081643,0.36111112020812436,1.6641005677149021,2.5
Alter et al. 2024,"Zakroff CJ, Mooney TA",2020,NA,NA,Zooplankton,Meroplankton,Mollusca,Doryteuthis pealeii,T,3,3,387,19.5,452,27.5,Time to 50% hatching,ambiguous,days,Development,15.8,0.173205081,9.4,0.346410162,-0.519,5e-4,NA,NA,Yes,NA,NA,NA,,65,8,Zakroff_CJ_Mooney_TA,NA,Doryteuthis_pealeii,Mollusca,2020,387,19.5,3,Zakroff_CJ_Mooney_TA__2020__NA,ZOO_STUDY_0556,ZOO_ES_001078,ZOO_STUDY_0556__Doryteuthis_pealeii__Mollusca__CO2387.00__T19.50__NC3,ZOO_COMMON_00968,-0.519300250756963,4.927512109294432e-4,45.04910320608248,4.25
Hu et al. 2024,Davis A R et al,2013,Complex Responses of Intertidal Molluscan Embryos to a Warming and Acidifying Ocean in the Presence of UV Radiation,https://journals.plos.org/plosone/article?id=10.1371%2Fjournal.pone.0055939#s5,Zooplankton,Meroplankton,Mollusca,Bembicium nanum,T,8,8,NA,22,NA,26,Mean developmental stage,positive,NA,Development,1.95,2.632,1.98,0.531,0.299914641,0.133963507,Fig 2a,"for ei and vei, I used yi and vi from the source database, but there are also the main_effect and variance columns (which probably are the pooled or estimated version of lnrr); hence, the values I pasted here reflect more of the raw values I think",Yes,NA,NA,NA,,NA,4,Davis_A_R_et_al,Complex_Responses_of_Intertidal_Molluscan_Embryos_to_a_Warming_and_Acidifying_Ocean_in_the_Presence_of_UV_Radiation,Bembicium_nanum,Mollusca,2013,NA,22,8,Davis_A_R_et_al__2013__Complex_Responses_of_Intertidal_Molluscan_Embryos_to_a_Warming_and_Acidifying_Ocean_in_the_Presence_of_UV_Radiation,ZOO_STUDY_0111,ZOO_ES_001505,ZOO_STUDY_0111__Bembicium_nanum__Mollusca__CO2NA__T22.00__NC8,ZOO_COMMON_00192,0.01526747213078838,0.23671615570715224,2.055351244882528,2.5
Hu et al. 2024,Davis A R et al,2013,Complex Responses of Intertidal Molluscan Embryos to a Warming and Acidifying Ocean in the Presence of UV Radiation,https://journals.plos.org/plosone/article?id=10.1371%2Fjournal.pone.0055939#s5,Zooplankton,Meroplankton,Mollusca,Dolabrifera brazieri,T,6,6,NA,22,NA,26,Mean developmental stage,positive,NA,Development,2.91,3.736,0.735,0.412,0.249862439,0.0127,Fig 2b,"for ei and vei, I used yi and vi from the source database, but there are also the main_effect and variance columns (which probably are the pooled or estimated version of lnrr); hence, the values I pasted here reflect more of the raw values I think",Yes,NA,NA,NA,,NA,4,Davis_A_R_et_al,Complex_Responses_of_Intertidal_Molluscan_Embryos_to_a_Warming_and_Acidifying_Ocean_in_the_Presence_of_UV_Radiation,Dolabrifera_brazieri,Mollusca,2013,NA,22,6,Davis_A_R_et_al__2013__Complex_Responses_of_Intertidal_Molluscan_Embryos_to_a_Warming_and_Acidifying_Ocean_in_the_Presence_of_UV_Radiation,ZOO_STUDY_0111,ZOO_ES_001506,ZOO_STUDY_0111__Dolabrifera_brazieri__Mollusca__CO2NA__T22.00__NC6,ZOO_COMMON_00193,-1.3760378609527015,0.3270795923641487,1.7485307572024722,2.5
Hu et al. 2024,Nguyen H D et al,2012,"Noncalcifying larvae in a changing ocean: warming, notacidiÃ¯Â¬Âcation/hypercapnia, is the dominant stressor ondevelopment of the sea star Meridiastra calcar",https://onlinelibrary.wiley.com/doi/epdf/10.1111/j.1365-2486.2012.02714.x,Zooplankton,Meroplankton,Echinoderm,Meridiastra calcar,T,12,12,NA,19,NA,21,Mean % normal larvae,positive,NA,Development,38.619,50.765,8.0159,12.838,0.273462757,0.00892,Fig 5,"for ei and vei, I used yi and vi from the source database, but there are also the main_effect and variance columns (which probably are the pooled or estimated version of lnrr); hence, the values I pasted here reflect more of the raw values I think",Yes,NA,NA,NA,,NA,2,Nguyen_H_D_et_al,Noncalcifying_larvae_in_a_changing_ocean_warming_notacidi_cation_hypercapnia_is_the_dominant_stressor_ondevelopment_of_the_sea_star_Meridiastra_calcar,Meridiastra_calcar,Echinoderm,2012,NA,19,12,Nguyen_H_D_et_al__2012__Noncalcifying_larvae_in_a_changing_ocean_warming_notacidi_cation_hypercapnia_is_the_dominant_stressor_ondevelopment_of_the_sea_star_Meridiastra_calcar,ZOO_STUDY_0369,ZOO_ES_001518,ZOO_STUDY_0369__Meridiastra_calcar__Echinoderm__CO2NA__T19.00__NC12,ZOO_COMMON_00644,-1.5723173141308122,0.3577457358535615,1.6719095059829807,2.5
Lang et al. 2023,Benitez Villalobos et al. 2006,2006,NA,NA,Zooplankton,Meroplankton,Echinoderm,Asterias rubens,T,3,3,NA,15,NA,20,Abnormal embryos 48 hrs (%),negative,NA,Development,24.39,15.45,99.19,1.62,-1.4029,0.1338446,NA,NA,Yes,NA,NA,NA,,NA,5,Benitez_Villalobos_et_al_2006,NA,Asterias_rubens,Echinoderm,2006,NA,15,3,Benitez_Villalobos_et_al_2006__2006__NA,ZOO_STUDY_0036,ZOO_ES_002017,ZOO_STUDY_0036__Asterias_rubens__Echinoderm__CO2NA__T15.00__NC3,ZOO_COMMON_00052,1.4028639905300735,0.133844557182028,2.733377671368795,2.5
Lang et al. 2023,Benitez Villalobos et al. 2006,2006,NA,NA,Zooplankton,Meroplankton,Echinoderm,Asterias rubens,T,3,3,NA,15,NA,20,Abnormal embryos 6 hrs (%),negative,NA,Development,17.65,10.92,46.22,5.04,-0.9627,0.1315588,NA,NA,Yes,NA,NA,NA,,NA,5,Benitez_Villalobos_et_al_2006,NA,Asterias_rubens,Echinoderm,2006,NA,15,3,Benitez_Villalobos_et_al_2006__2006__NA,ZOO_STUDY_0036,ZOO_ES_002019,ZOO_STUDY_0036__Asterias_rubens__Echinoderm__CO2NA__T15.00__NC3,ZOO_COMMON_00052,0.962676821466929,0.1315587878254516,2.7570209635822955,2.5
Lang et al. 2023,Benitez Villalobos et al. 2006,2006,NA,NA,Zooplankton,Meroplankton,Echinoderm,Marthasterias glacialis,T,3,3,NA,15,NA,20,Abnormal embryos 6 hrs (%),negative,NA,Development,9.17,1.66,38.33,2.5,-1.4303,0.0123414,NA,NA,Yes,NA,NA,NA,,NA,5,Benitez_Villalobos_et_al_2006,NA,Marthasterias_glacialis,Echinoderm,2006,NA,15,3,Benitez_Villalobos_et_al_2006__2006__NA,ZOO_STUDY_0036,ZOO_ES_002020,ZOO_STUDY_0036__Marthasterias_glacialis__Echinoderm__CO2NA__T15.00__NC3,ZOO_COMMON_00053,1.4302955931240902,0.012341376055770684,9.001568837784932,2.75
Lang et al. 2023,Benitez Villalobos et al. 2006,2006,NA,NA,Zooplankton,Meroplankton,Echinoderm,Asterias rubens,T,3,3,NA,15,NA,20,Early bipinnaria swimming 24 hrs (%),positive,NA,Development,98.9,2.96,96.87,3.14,-0.0207,6.488e-4,NA,NA,Yes,NA,NA,NA,,NA,5,Benitez_Villalobos_et_al_2006,NA,Asterias_rubens,Echinoderm,2006,NA,15,3,Benitez_Villalobos_et_al_2006__2006__NA,ZOO_STUDY_0036,ZOO_ES_002021,ZOO_STUDY_0036__Asterias_rubens__Echinoderm__CO2NA__T15.00__NC3,ZOO_COMMON_00052,-0.020739365190372946,6.48821016108244e-4,39.258847455517255,4.25
Lang et al. 2023,Benitez Villalobos et al. 2006,2006,NA,NA,Zooplankton,Meroplankton,Echinoderm,Asterias rubens,T,3,3,NA,15,NA,20,Embryos at 64 cell stage 6 hrs (%),positive,NA,Development,36.97,11.77,21.85,5.04,-0.5259,0.0515209,NA,NA,Yes,NA,NA,NA,,NA,5,Benitez_Villalobos_et_al_2006,NA,Asterias_rubens,Echinoderm,2006,NA,15,3,Benitez_Villalobos_et_al_2006__2006__NA,ZOO_STUDY_0036,ZOO_ES_002022,ZOO_STUDY_0036__Asterias_rubens__Echinoderm__CO2NA__T15.00__NC3,ZOO_COMMON_00052,-0.5259058514069412,0.051520922720514985,4.405631653174002,2
Lang et al. 2023,Benitez Villalobos et al. 2006,2006,NA,NA,Zooplankton,Meroplankton,Echinoderm,Marthasterias glacialis,T,3,3,NA,15,NA,20,Embryos at early gastrula stage (%),positive,NA,Development,100,0,10.66,1.64,-2.2387,0.0078895,NA,NA,Yes,NA,NA,NA,,NA,5,Benitez_Villalobos_et_al_2006,NA,Marthasterias_glacialis,Echinoderm,2006,NA,15,3,Benitez_Villalobos_et_al_2006__2006__NA,ZOO_STUDY_0036,ZOO_ES_002023,ZOO_STUDY_0036__Marthasterias_glacialis__Echinoderm__CO2NA__T15.00__NC3,ZOO_COMMON_00053,-2.238671767250393,0.007889546351084811,11.258330249197703,3.5
Lang et al. 2023,Benitez Villalobos et al. 2006,2006,NA,NA,Zooplankton,Meroplankton,Echinoderm,Asterias rubens,T,3,3,NA,15,NA,20,Embryos at late gastrula stage (%),positive,NA,Development,78.86,18.7,3.25,2.44,-3.189,0.2066282,NA,NA,Yes,NA,NA,NA,,NA,5,Benitez_Villalobos_et_al_2006,NA,Asterias_rubens,Echinoderm,2006,NA,15,3,Benitez_Villalobos_et_al_2006__2006__NA,ZOO_STUDY_0036,ZOO_ES_002024,ZOO_STUDY_0036__Asterias_rubens__Echinoderm__CO2NA__T15.00__NC3,ZOO_COMMON_00052,-3.189019132107835,0.20662821432304326,2.1999113922975813,2.5
Lang et al. 2023,Byrne et al. 2009,2009,NA,NA,Zooplankton,Meroplankton,Echinoderm,Heliocidaris erythrogramma,T,5,5,NA,20,NA,24,Cleavage (%),positive,NA,Development,81.02,7.62,40.36,27.79,-0.6969,0.096622,NA,NA,Yes,NA,NA,NA,,NA,4,Byrne_et_al_2009,NA,Heliocidaris_erythrogramma,Echinoderm,2009,NA,20,5,Byrne_et_al_2009__2009__NA,ZOO_STUDY_0059,ZOO_ES_002033,ZOO_STUDY_0059__Heliocidaris_erythrogramma__Echinoderm__CO2NA__T20.00__NC5,ZOO_COMMON_00088,-0.6968568422891362,0.09659016557888499,3.2176110500220534,2
Lang et al. 2023,Byrne et al. 2009,2009,NA,NA,Zooplankton,Meroplankton,Echinoderm,Heliocidaris erythrogramma,T,5,5,NA,20,NA,26,Cleavage (%),positive,NA,Development,81.02,7.62,19.99,9.68,-1.3995,0.0486906,NA,NA,Yes,NA,NA,NA,,NA,6,Byrne_et_al_2009,NA,Heliocidaris_erythrogramma,Echinoderm,2009,NA,20,5,Byrne_et_al_2009__2009__NA,ZOO_STUDY_0059,ZOO_ES_002034,ZOO_STUDY_0059__Heliocidaris_erythrogramma__Echinoderm__CO2NA__T20.00__NC5,ZOO_COMMON_00088,-1.3994638892622357,0.04866719890074118,4.532959352244711,2
Lang et al. 2023,Byrne et al. 2009,2009,NA,NA,Zooplankton,Meroplankton,Echinoderm,Heliocidaris erythrogramma,T,5,5,NA,20,NA,24,Gastrulation (%),positive,NA,Development,83.29,4.7,46.24,18.78,-0.5885,0.0336364,NA,NA,Yes,NA,NA,NA,,NA,4,Byrne_et_al_2009,NA,Heliocidaris_erythrogramma,Echinoderm,2009,NA,20,5,Byrne_et_al_2009__2009__NA,ZOO_STUDY_0059,ZOO_ES_002035,ZOO_STUDY_0059__Heliocidaris_erythrogramma__Echinoderm__CO2NA__T20.00__NC5,ZOO_COMMON_00088,-0.588483269583127,0.033627097627818736,5.453248739181852,2.75
Lang et al. 2023,Byrne et al. 2009,2009,NA,NA,Zooplankton,Meroplankton,Echinoderm,Heliocidaris erythrogramma,T,5,5,NA,20,NA,26,Gastrulation (%),positive,NA,Development,83.29,4.7,3.47,4.54,-3.1782,0.3428776,NA,NA,Yes,NA,NA,NA,,NA,6,Byrne_et_al_2009,NA,Heliocidaris_erythrogramma,Echinoderm,2009,NA,20,5,Byrne_et_al_2009__2009__NA,ZOO_STUDY_0059,ZOO_ES_002036,ZOO_STUDY_0059__Heliocidaris_erythrogramma__Echinoderm__CO2NA__T20.00__NC5,ZOO_COMMON_00088,-3.178173899988481,0.3429966445372346,1.7074777937899093,2.5
Lang et al. 2023,"Caballes et al., 2017",2017,NA,NA,Zooplankton,Meroplankton,Echinoderm,Acanthaster sp.,T,5,5,NA,28,NA,30,Cleavage (%),positive,NA,Development,87.68,1.49,82.07,3.54,-0.0661,4.299e-4,NA,NA,Yes,NA,NA,NA,,NA,2,Caballes_et_al_2017,NA,Acanthaster_sp_,Echinoderm,2017,NA,28,5,Caballes_et_al_2017__2017__NA,ZOO_STUDY_0064,ZOO_ES_002037,ZOO_STUDY_0064__Acanthaster_sp___Echinoderm__CO2NA__T28.00__NC5,ZOO_COMMON_00099,-0.06612128155808528,4.2986341720353333e-4,48.231942887783184,4.25
Lang et al. 2023,"Caballes et al., 2017",2017,NA,NA,Zooplankton,Meroplankton,Echinoderm,Acanthaster sp.,T,5,5,NA,28,NA,32,Cleavage (%),positive,NA,Development,87.68,1.49,77.79,1.86,-0.1197,1.721e-4,NA,NA,Yes,NA,NA,NA,,NA,4,Caballes_et_al_2017,NA,Acanthaster_sp_,Echinoderm,2017,NA,28,5,Caballes_et_al_2017__2017__NA,ZOO_STUDY_0064,ZOO_ES_002038,ZOO_STUDY_0064__Acanthaster_sp___Echinoderm__CO2NA__T28.00__NC5,ZOO_COMMON_00099,-0.11968093498102268,1.7209925065409405e-4,76.2272952889193,4.25
Lang et al. 2023,"Caballes et al., 2017",2017,NA,NA,Zooplankton,Meroplankton,Echinoderm,Acanthaster sp.,T,5,5,NA,28,NA,34,Cleavage (%),positive,NA,Development,87.68,1.49,48.39,1.73,-0.5944,3.134e-4,NA,NA,Yes,NA,NA,NA,,NA,6,Caballes_et_al_2017,NA,Acanthaster_sp_,Echinoderm,2017,NA,28,5,Caballes_et_al_2017__2017__NA,ZOO_STUDY_0064,ZOO_ES_002039,ZOO_STUDY_0064__Acanthaster_sp___Echinoderm__CO2NA__T28.00__NC5,ZOO_COMMON_00099,-0.5944006423944782,3.1338606993099635e-4,56.488514743937664,4.25
Lang et al. 2023,"Caballes et al., 2017",2017,NA,NA,Zooplankton,Meroplankton,Echinoderm,Acanthaster sp.,T,5,5,NA,28,NA,36,Cleavage (%),positive,NA,Development,87.68,1.49,7,6.06,-2.5278,0.14995,NA,NA,Yes,NA,NA,NA,,NA,8,Caballes_et_al_2017,NA,Acanthaster_sp_,Echinoderm,2017,NA,28,5,Caballes_et_al_2017__2017__NA,ZOO_STUDY_0064,ZOO_ES_002040,ZOO_STUDY_0064__Acanthaster_sp___Echinoderm__CO2NA__T28.00__NC5,ZOO_COMMON_00099,-2.527783674144392,0.14995000147546064,2.5824193238621915,2.5
Lang et al. 2023,"Caballes et al., 2017",2017,NA,NA,Zooplankton,Meroplankton,Echinoderm,Acanthaster sp.,T,5,5,NA,28,NA,30,Gastrulation (%),positive,NA,Development,83.43,8.73,80.83,3.06,-0.0317,0.0024765,NA,NA,Yes,NA,NA,NA,,NA,2,Caballes_et_al_2017,NA,Acanthaster_sp_,Echinoderm,2017,NA,28,5,Caballes_et_al_2017__2017__NA,ZOO_STUDY_0064,ZOO_ES_002045,ZOO_STUDY_0064__Acanthaster_sp___Echinoderm__CO2NA__T28.00__NC5,ZOO_COMMON_00099,-0.03165977316823032,0.0024764821169089833,20.094740487557385,4.25
Lang et al. 2023,"Caballes et al., 2017",2017,NA,NA,Zooplankton,Meroplankton,Echinoderm,Acanthaster sp.,T,5,5,NA,28,NA,32,Gastrulation (%),positive,NA,Development,83.43,8.73,70.54,5.97,-0.1678,0.0036224,NA,NA,Yes,NA,NA,NA,,NA,4,Caballes_et_al_2017,NA,Acanthaster_sp_,Echinoderm,2017,NA,28,5,Caballes_et_al_2017__2017__NA,ZOO_STUDY_0064,ZOO_ES_002046,ZOO_STUDY_0064__Acanthaster_sp___Echinoderm__CO2NA__T28.00__NC5,ZOO_COMMON_00099,-0.16782803210607727,0.003622391390899766,16.615075286174815,3.5
Lang et al. 2023,"Caballes et al., 2017",2017,NA,NA,Zooplankton,Meroplankton,Echinoderm,Acanthaster sp.,T,5,5,NA,28,NA,34,Gastrulation (%),positive,NA,Development,83.43,8.73,47.42,6.55,-0.565,0.0060057,NA,NA,Yes,NA,NA,NA,,NA,6,Caballes_et_al_2017,NA,Acanthaster_sp_,Echinoderm,2017,NA,28,5,Caballes_et_al_2017__2017__NA,ZOO_STUDY_0064,ZOO_ES_002047,ZOO_STUDY_0064__Acanthaster_sp___Echinoderm__CO2NA__T28.00__NC5,ZOO_COMMON_00099,-0.5649638762767237,0.0060056823278372105,12.903835614681485,3.5
Lang et al. 2023,"Caballes et al., 2017",2017,NA,NA,Zooplankton,Meroplankton,Echinoderm,Acanthaster sp.,T,5,5,NA,28,NA,36,Gastrulation (%),positive,NA,Development,83.43,8.73,5.76,4.68,-2.6731,0.1342211,NA,NA,Yes,NA,NA,NA,,NA,8,Caballes_et_al_2017,NA,Acanthaster_sp_,Echinoderm,2017,NA,28,5,Caballes_et_al_2017__2017__NA,ZOO_STUDY_0064,ZOO_ES_002048,ZOO_STUDY_0064__Acanthaster_sp___Echinoderm__CO2NA__T28.00__NC5,ZOO_COMMON_00099,-2.6730704822061835,0.13422109812568875,2.729540899503869,2.5
Lang et al. 2023,Gall et al. 2021,2021,NA,NA,Zooplankton,Meroplankton,Echinoderm,Heliocidaris erythrogramma,T,10.5,10.5,NA,19.47,NA,21.02,Metamorphosing into juveniles 10 days (%),positive,NA,Development,40.29,14.52,43.71,17.14,0.0815,0.0270111,NA,NA,Yes,NA,NA,NA,,NA,1.5500000000000007,Gall_et_al_2021,NA,Heliocidaris_erythrogramma,Echinoderm,2021,NA,19.47,10.5,Gall_et_al_2021__2021__NA,ZOO_STUDY_0163,ZOO_ES_002065,ZOO_STUDY_0163__Heliocidaris_erythrogramma__Echinoderm__CO2NA__T19.47__NC10,ZOO_COMMON_00277,0.0814736096719672,0.027013792800402094,6.084252339622596,2.75
Lang et al. 2023,Gall et al. 2021,2021,NA,NA,Zooplankton,Meroplankton,Echinoderm,Heliocidaris erythrogramma,T,10.5,10.5,NA,19.47,NA,22.810000000000002,Metamorphosing into juveniles 10 days (%),positive,NA,Development,40.29,14.52,37.03,13.67,-0.0844,0.0253513,NA,NA,Yes,NA,NA,NA,,NA,3.3400000000000034,Gall_et_al_2021,NA,Heliocidaris_erythrogramma,Echinoderm,2021,NA,19.47,10.5,Gall_et_al_2021__2021__NA,ZOO_STUDY_0163,ZOO_ES_002066,ZOO_STUDY_0163__Heliocidaris_erythrogramma__Echinoderm__CO2NA__T19.47__NC10,ZOO_COMMON_00277,-0.0843749042777345,0.02534839410013951,6.280941879393487,2.75
Lang et al. 2023,Gall et al. 2021,2021,NA,NA,Zooplankton,Meroplankton,Echinoderm,Heliocidaris erythrogramma,T,10.5,10.5,NA,19.47,NA,24.54,Metamorphosing into juveniles 10 days (%),positive,NA,Development,40.29,14.52,47.58,15.52,0.1663,0.022499,NA,NA,Yes,NA,NA,NA,,NA,5.07,Gall_et_al_2021,NA,Heliocidaris_erythrogramma,Echinoderm,2021,NA,19.47,10.5,Gall_et_al_2021__2021__NA,ZOO_STUDY_0163,ZOO_ES_002067,ZOO_STUDY_0163__Heliocidaris_erythrogramma__Echinoderm__CO2NA__T19.47__NC10,ZOO_COMMON_00277,0.16630920567155566,0.022502590170378194,6.66628297084935,2.75
Lang et al. 2023,Gall et al. 2021,2021,NA,NA,Zooplankton,Meroplankton,Echinoderm,Heliocidaris erythrogramma,T,10.5,10.5,NA,19.47,NA,26.419999999999998,Metamorphosing into juveniles 10 days (%),positive,NA,Development,40.29,14.52,9.58,15.72,-1.4364,0.2686663,NA,NA,Yes,NA,NA,NA,,NA,6.949999999999999,Gall_et_al_2021,NA,Heliocidaris_erythrogramma,Echinoderm,2021,NA,19.47,10.5,Gall_et_al_2021__2021__NA,ZOO_STUDY_0163,ZOO_ES_002068,ZOO_STUDY_0163__Heliocidaris_erythrogramma__Echinoderm__CO2NA__T19.47__NC10,ZOO_COMMON_00277,-1.4364257072204867,0.2688088301137231,1.9287601947791293,2.5
Lang et al. 2023,Gall et al. 2021,2021,NA,NA,Zooplankton,Meroplankton,Echinoderm,Heliocidaris erythrogramma,T,10.5,10.5,NA,19.47,NA,21.02,Metamorphosing into juveniles 5 days (%),positive,NA,Development,26.94,13.16,31.27,15.13,0.149,0.0450158,NA,NA,Yes,NA,NA,NA,,NA,1.5500000000000007,Gall_et_al_2021,NA,Heliocidaris_erythrogramma,Echinoderm,2021,NA,19.47,10.5,Gall_et_al_2021__2021__NA,ZOO_STUDY_0163,ZOO_ES_002069,ZOO_STUDY_0163__Heliocidaris_erythrogramma__Echinoderm__CO2NA__T19.47__NC10,ZOO_COMMON_00277,0.1490470004875319,0.04502252447539912,4.7128658573481115,2.75
Lang et al. 2023,Gall et al. 2021,2021,NA,NA,Zooplankton,Meroplankton,Echinoderm,Heliocidaris erythrogramma,T,10.5,10.5,NA,19.47,NA,22.810000000000002,Metamorphosing into juveniles 5 days (%),positive,NA,Development,26.94,13.16,22.37,20.16,-0.1859,0.1000244,NA,NA,Yes,NA,NA,NA,,NA,3.3400000000000034,Gall_et_al_2021,NA,Heliocidaris_erythrogramma,Echinoderm,2021,NA,19.47,10.5,Gall_et_al_2021__2021__NA,ZOO_STUDY_0163,ZOO_ES_002070,ZOO_STUDY_0163__Heliocidaris_erythrogramma__Echinoderm__CO2NA__T19.47__NC10,ZOO_COMMON_00277,-0.18589139548017963,0.10007613036794051,3.161074620224875,2
Lang et al. 2023,Gall et al. 2021,2021,NA,NA,Zooplankton,Meroplankton,Echinoderm,Heliocidaris erythrogramma,T,10.5,10.5,NA,19.47,NA,24.54,Metamorphosing into juveniles 5 days (%),positive,NA,Development,26.94,13.16,30.76,21.22,0.1326,0.068055,NA,NA,Yes,NA,NA,NA,,NA,5.07,Gall_et_al_2021,NA,Heliocidaris_erythrogramma,Echinoderm,2021,NA,19.47,10.5,Gall_et_al_2021__2021__NA,ZOO_STUDY_0163,ZOO_ES_002071,ZOO_STUDY_0163__Heliocidaris_erythrogramma__Echinoderm__CO2NA__T19.47__NC10,ZOO_COMMON_00277,0.1326029736552253,0.06805028388512838,3.8334078632143638,2
Lang et al. 2023,Gall et al. 2021,2021,NA,NA,Zooplankton,Meroplankton,Echinoderm,Heliocidaris erythrogramma,T,10.5,10.5,NA,19.47,NA,26.419999999999998,Metamorphosing into juveniles 5 days (%),positive,NA,Development,26.94,13.16,20.45,14.94,-0.2756,0.0735298,NA,NA,Yes,NA,NA,NA,,NA,6.949999999999999,Gall_et_al_2021,NA,Heliocidaris_erythrogramma,Echinoderm,2021,NA,19.47,10.5,Gall_et_al_2021__2021__NA,ZOO_STUDY_0163,ZOO_ES_002072,ZOO_STUDY_0163__Heliocidaris_erythrogramma__Echinoderm__CO2NA__T19.47__NC10,ZOO_COMMON_00277,-0.2756292884934072,0.07355682882681569,3.687130433052759,2
Lang et al. 2023,Hue et al. 2020,2020,NA,NA,Zooplankton,Meroplankton,Echinoderm,Acanthaster sp.,T,291,291,NA,27,NA,29,Volume of eggs x10-3 2018/19 (mm3),ambiguous,NA,Development,6.27,2.62,4.46,0.61,-0.3406,6.664e-4,NA,NA,Yes,NA,NA,NA,,NA,2,Hue_et_al_2020,NA,Acanthaster_sp_,Echinoderm,2020,NA,27,291,Hue_et_al_2020__2020__NA,ZOO_STUDY_0236,ZOO_ES_002083,ZOO_STUDY_0236__Acanthaster_sp___Echinoderm__CO2NA__T27.00__NC291,ZOO_COMMON_00409,-0.34062758861285664,6.643152603878054e-4,38.79831685692297,4.25
Lang et al. 2023,Hue et al. 2020,2020,NA,NA,Zooplankton,Meroplankton,Echinoderm,Acanthaster sp.,T,554,554,NA,27,NA,29,Volume of eggs x10-3 2019/20 (mm3),ambiguous,NA,Development,7.06,2.55,5.84,1.79,-0.1897,4.052e-4,NA,NA,Yes,NA,NA,NA,,NA,2,Hue_et_al_2020,NA,Acanthaster_sp_,Echinoderm,2020,NA,27,554,Hue_et_al_2020__2020__NA,ZOO_STUDY_0236,ZOO_ES_002084,ZOO_STUDY_0236__Acanthaster_sp___Echinoderm__CO2NA__T27.00__NC554,ZOO_COMMON_00411,-0.18971425466501496,4.05062313229117e-4,49.686577262971085,4.25
Lang et al. 2023,"Kamya et al., 2014",2014,NA,NA,Zooplankton,Meroplankton,Echinoderm,Acanthaster sp.,T,10,10,NA,26,NA,28,Normal Gastrulae (%),positive,NA,Development,88.88,8.22,88.73,5.57,-0.0017,0.0012492,NA,NA,Yes,NA,NA,NA,,NA,2,Kamya_et_al_2014,NA,Acanthaster_sp_,Echinoderm,2014,NA,26,10,Kamya_et_al_2014__2014__NA,ZOO_STUDY_0255,ZOO_ES_002087,ZOO_STUDY_0255__Acanthaster_sp___Echinoderm__CO2NA__T26.00__NC10,ZOO_COMMON_00440,-0.0016890944841280015,0.001249400039639831,28.291061468503663,4.25
Lang et al. 2023,"Kamya et al., 2014",2014,NA,NA,Zooplankton,Meroplankton,Echinoderm,Acanthaster sp.,T,10,10,NA,26,NA,30,Normal Gastrulae (%),positive,NA,Development,88.88,8.22,77.54,9.27,-0.1365,0.0022836,NA,NA,Yes,NA,NA,NA,,NA,4,Kamya_et_al_2014,NA,Acanthaster_sp_,Echinoderm,2014,NA,26,10,Kamya_et_al_2014__2014__NA,ZOO_STUDY_0255,ZOO_ES_002088,ZOO_STUDY_0255__Acanthaster_sp___Echinoderm__CO2NA__T26.00__NC10,ZOO_COMMON_00440,-0.13649321308859136,0.002284582548013514,20.921680835426308,4.25
Lang et al. 2023,Kashenko 2006,2006,NA,NA,Zooplankton,Meroplankton,Echinoderm,Asterina pectinifera,T,6,6,NA,22,NA,25,Abnormal blastulae (%),negative,NA,Development,12.3,4.04,73.1,4.86,-1.7822,0.0187047,NA,NA,Yes,NA,NA,NA,,NA,3,Kashenko_2006,NA,Asterina_pectinifera,Echinoderm,2006,NA,22,6,Kashenko_2006__2006__NA,ZOO_STUDY_0263,ZOO_ES_002089,ZOO_STUDY_0263__Asterina_pectinifera__Echinoderm__CO2NA__T22.00__NC6,ZOO_COMMON_00453,1.7822291043773608,0.018717171976486882,7.30936896025188,2.75
Lang et al. 2023,Kashenko 2006,2006,NA,NA,Zooplankton,Meroplankton,Echinoderm,Asterina pectinifera,T,6,6,NA,22,NA,25,Blastulae released from egg membranes (%),positive,NA,Development,96,2.67,84.5,6.96,-0.1276,0.0012588,NA,NA,Yes,NA,NA,NA,,NA,3,Kashenko_2006,NA,Asterina_pectinifera,Echinoderm,2006,NA,22,6,Kashenko_2006__2006__NA,ZOO_STUDY_0263,ZOO_ES_002090,ZOO_STUDY_0263__Asterina_pectinifera__Echinoderm__CO2NA__T22.00__NC6,ZOO_COMMON_00453,-0.12759665710470802,0.0012596392376414006,28.17584242391327,4.25
Lang et al. 2023,Lamare et al. 2014,2014,NA,NA,Zooplankton,Meroplankton,Echinoderm,Acanthaster sp.,T,6,6,NA,27.2,NA,28.7,Abnormal embryos 16 hrs  (%),negative,NA,Development,22.85,9.77,23.32,7.64,-0.0204,0.0483911,NA,NA,Yes,NA,NA,NA,,NA,1.5,Lamare_et_al_2014,NA,Acanthaster_sp_,Echinoderm,2014,NA,27.2,6,Lamare_et_al_2014__2014__NA,ZOO_STUDY_0289,ZOO_ES_002092,ZOO_STUDY_0289__Acanthaster_sp___Echinoderm__CO2NA__T27.20__NC6,ZOO_COMMON_00498,0.020360244142077922,0.048358193135375385,4.547418950414552,2
Lang et al. 2023,Lamare et al. 2014,2014,NA,NA,Zooplankton,Meroplankton,Echinoderm,Acanthaster sp.,T,6,6,NA,27.2,NA,30.2,Abnormal embryos 16 hrs  (%),negative,NA,Development,22.85,9.77,30.69,8.06,-0.295,0.0419832,NA,NA,Yes,NA,NA,NA,,NA,3,Lamare_et_al_2014,NA,Acanthaster_sp_,Echinoderm,2014,NA,27.2,6,Lamare_et_al_2014__2014__NA,ZOO_STUDY_0289,ZOO_ES_002093,ZOO_STUDY_0289__Acanthaster_sp___Echinoderm__CO2NA__T27.20__NC6,ZOO_COMMON_00498,0.294985751291431,0.041964935506011596,4.881538512583157,2.75
Lang et al. 2023,Lamare et al. 2014,2014,NA,NA,Zooplankton,Meroplankton,Echinoderm,Acanthaster sp.,T,6,6,NA,27.2,NA,31.6,Abnormal embryos 16 hrs  (%),negative,NA,Development,22.85,9.77,49.35,34.61,-0.77,0.1124715,NA,NA,Yes,NA,NA,NA,,NA,4.400000000000002,Lamare_et_al_2014,NA,Acanthaster_sp_,Echinoderm,2014,NA,27.2,6,Lamare_et_al_2014__2014__NA,ZOO_STUDY_0289,ZOO_ES_002094,ZOO_STUDY_0289__Acanthaster_sp___Echinoderm__CO2NA__T27.20__NC6,ZOO_COMMON_00498,0.7699866485392768,0.11244379427636059,2.9821690184810934,2
Lang et al. 2023,Lamare et al. 2014,2014,NA,NA,Zooplankton,Meroplankton,Echinoderm,Acanthaster sp.,T,6,6,NA,27.2,NA,31.6,Abnormal embryos 24 hrs  (%),negative,NA,Development,36.75,3.36,80.73,7.2,-0.787,0.002716,NA,NA,Yes,NA,NA,NA,,NA,4.400000000000002,Lamare_et_al_2014,NA,Acanthaster_sp_,Echinoderm,2014,NA,27.2,6,Lamare_et_al_2014__2014__NA,ZOO_STUDY_0289,ZOO_ES_002095,ZOO_STUDY_0289__Acanthaster_sp___Echinoderm__CO2NA__T27.20__NC6,ZOO_COMMON_00498,0.7869720277480785,0.0027188929480709534,19.178027889106065,4.25
Lang et al. 2023,Lamare et al. 2014,2014,NA,NA,Zooplankton,Meroplankton,Echinoderm,Acanthaster sp.,T,6,6,NA,27.2,NA,28.7,Abnormal embryos 5 hrs  (%),negative,NA,Development,33.9,5.61,22.99,3.94,0.3884,0.0094675,NA,NA,Yes,NA,NA,NA,,NA,1.5,Lamare_et_al_2014,NA,Acanthaster_sp_,Echinoderm,2014,NA,27.2,6,Lamare_et_al_2014__2014__NA,ZOO_STUDY_0289,ZOO_ES_002096,ZOO_STUDY_0289__Acanthaster_sp___Echinoderm__CO2NA__T27.20__NC6,ZOO_COMMON_00498,-0.38835567561131434,0.009459428359002535,10.281762167979872,3.5
Lang et al. 2023,Lamare et al. 2014,2014,NA,NA,Zooplankton,Meroplankton,Echinoderm,Acanthaster sp.,T,6,6,NA,27.2,NA,30.2,Abnormal embryos 5 hrs  (%),negative,NA,Development,33.9,5.61,26.64,3.5,0.241,0.0074446,NA,NA,Yes,NA,NA,NA,,NA,3,Lamare_et_al_2014,NA,Acanthaster_sp_,Echinoderm,2014,NA,27.2,6,Lamare_et_al_2014__2014__NA,ZOO_STUDY_0289,ZOO_ES_002097,ZOO_STUDY_0289__Acanthaster_sp___Echinoderm__CO2NA__T27.20__NC6,ZOO_COMMON_00498,-0.24100116871421612,0.007441153957429711,11.592573414330221,3.5
Lang et al. 2023,Lamare et al. 2014,2014,NA,NA,Zooplankton,Meroplankton,Echinoderm,Acanthaster sp.,T,6,6,NA,27.2,NA,31.6,Abnormal embryos 5 hrs  (%),negative,NA,Development,33.9,5.61,29.34,5.95,0.1445,0.0114227,NA,NA,Yes,NA,NA,NA,,NA,4.400000000000002,Lamare_et_al_2014,NA,Acanthaster_sp_,Echinoderm,2014,NA,27.2,6,Lamare_et_al_2014__2014__NA,ZOO_STUDY_0289,ZOO_ES_002098,ZOO_STUDY_0289__Acanthaster_sp___Echinoderm__CO2NA__T27.20__NC6,ZOO_COMMON_00498,-0.14446324167156885,0.011418599188307278,9.35822721691834,2.75
Lang et al. 2023,Lamare et al. 2014,2014,NA,NA,Zooplankton,Meroplankton,Echinoderm,Acanthaster sp.,T,6,6,NA,27.2,NA,33.2,Abnormal embryos 5 hrs  (%),negative,NA,Development,33.9,5.61,64.4,3.99,-0.6417,0.0052038,NA,NA,Yes,NA,NA,NA,,NA,6.0000000000000036,Lamare_et_al_2014,NA,Acanthaster_sp_,Echinoderm,2014,NA,27.2,6,Lamare_et_al_2014__2014__NA,ZOO_STUDY_0289,ZOO_ES_002099,ZOO_STUDY_0289__Acanthaster_sp___Echinoderm__CO2NA__T27.20__NC6,ZOO_COMMON_00498,0.6416986187239034,0.005204077826151603,13.86207067134813,3.5
Lang et al. 2023,Lamare et al. 2014,2014,NA,NA,Zooplankton,Meroplankton,Echinoderm,Acanthaster sp.,T,6,6,NA,27.2,NA,28.7,Abnormal embryos 72 hrs  (%),negative,NA,Development,16.3,8.82,16.09,4.02,0.013,0.0591677,NA,NA,Yes,NA,NA,NA,,NA,1.5,Lamare_et_al_2014,NA,Acanthaster_sp_,Echinoderm,2014,NA,27.2,6,Lamare_et_al_2014__2014__NA,ZOO_STUDY_0289,ZOO_ES_002100,ZOO_STUDY_0289__Acanthaster_sp___Echinoderm__CO2NA__T27.20__NC6,ZOO_COMMON_00498,-0.012967146808424845,0.05920269893997293,4.109880998548725,2
Lang et al. 2023,Lamare et al. 2014,2014,NA,NA,Zooplankton,Meroplankton,Echinoderm,Acanthaster sp.,T,6,6,NA,27.2,NA,30.2,Abnormal embryos 72 hrs  (%),negative,NA,Development,16.3,8.82,21.05,9.21,-0.2557,0.0806846,NA,NA,Yes,NA,NA,NA,,NA,3,Lamare_et_al_2014,NA,Acanthaster_sp_,Echinoderm,2014,NA,27.2,6,Lamare_et_al_2014__2014__NA,ZOO_STUDY_0289,ZOO_ES_002101,ZOO_STUDY_0289__Acanthaster_sp___Echinoderm__CO2NA__T27.20__NC6,ZOO_COMMON_00498,0.25573545231567385,0.08070434803244157,3.5200718914067237,2
Lang et al. 2023,Lamare et al. 2014,2014,NA,NA,Zooplankton,Meroplankton,Echinoderm,Acanthaster sp.,T,6,6,NA,27.2,NA,31.6,Abnormal embryos 72 hrs  (%),negative,NA,Development,16.3,8.82,32.48,9.36,-0.6895,0.062611,NA,NA,Yes,NA,NA,NA,,NA,4.400000000000002,Lamare_et_al_2014,NA,Acanthaster_sp_,Echinoderm,2014,NA,27.2,6,Lamare_et_al_2014__2014__NA,ZOO_STUDY_0289,ZOO_ES_002102,ZOO_STUDY_0289__Acanthaster_sp___Echinoderm__CO2NA__T27.20__NC6,ZOO_COMMON_00498,0.6894594074807605,0.06264000612263285,3.9955273171104313,2
Lang et al. 2023,Lamare et al. 2014,2014,NA,NA,Zooplankton,Meroplankton,Echinoderm,Acanthaster sp.,T,6,6,NA,27.2,NA,28.7,Bipinnaria 72 hrs (%),positive,NA,Development,70.46,9.04,72.66,7.5,0.0307,0.0045162,NA,NA,Yes,NA,NA,NA,,NA,1.5,Lamare_et_al_2014,NA,Acanthaster_sp_,Echinoderm,2014,NA,27.2,6,Lamare_et_al_2014__2014__NA,ZOO_STUDY_0289,ZOO_ES_002103,ZOO_STUDY_0289__Acanthaster_sp___Echinoderm__CO2NA__T27.20__NC6,ZOO_COMMON_00498,0.030745853879964244,0.004519215286867647,14.875394240670092,3.5
Lang et al. 2023,Lamare et al. 2014,2014,NA,NA,Zooplankton,Meroplankton,Echinoderm,Acanthaster sp.,T,6,6,NA,27.2,NA,30.2,Bipinnaria 72 hrs (%),positive,NA,Development,70.46,9.04,68.28,9.92,-0.0314,0.0062609,NA,NA,Yes,NA,NA,NA,,NA,3,Lamare_et_al_2014,NA,Acanthaster_sp_,Echinoderm,2014,NA,27.2,6,Lamare_et_al_2014__2014__NA,ZOO_STUDY_0289,ZOO_ES_002104,ZOO_STUDY_0289__Acanthaster_sp___Echinoderm__CO2NA__T27.20__NC6,ZOO_COMMON_00498,-0.03142827498685159,0.006261383531823319,12.637607028218012,3.5
Lang et al. 2023,Lamare et al. 2014,2014,NA,NA,Zooplankton,Meroplankton,Echinoderm,Acanthaster sp.,T,6,6,NA,27.2,NA,31.6,Bipinnaria 72 hrs (%),positive,NA,Development,70.46,9.04,61.99,10.97,-0.1281,0.0079655,NA,NA,Yes,NA,NA,NA,,NA,4.400000000000002,Lamare_et_al_2014,NA,Acanthaster_sp_,Echinoderm,2014,NA,27.2,6,Lamare_et_al_2014__2014__NA,ZOO_STUDY_0289,ZOO_ES_002105,ZOO_STUDY_0289__Acanthaster_sp___Echinoderm__CO2NA__T27.20__NC6,ZOO_COMMON_00498,-0.1280720911992634,0.007962848517909394,11.206391044929667,3.5
Lang et al. 2023,Lamare et al. 2014,2014,NA,NA,Zooplankton,Meroplankton,Echinoderm,Acanthaster sp.,T,6,6,NA,27.2,NA,28.7,Cleaved embryos 5 hrs (%),positive,NA,Development,65.76,9.36,76.69,6,0.1538,0.004395,NA,NA,Yes,NA,NA,NA,,NA,1.5,Lamare_et_al_2014,NA,Acanthaster_sp_,Echinoderm,2014,NA,27.2,6,Lamare_et_al_2014__2014__NA,ZOO_STUDY_0289,ZOO_ES_002106,ZOO_STUDY_0289__Acanthaster_sp___Echinoderm__CO2NA__T27.20__NC6,ZOO_COMMON_00498,0.15375957102884336,0.004396751282111131,15.081135797373827,3.5
Lang et al. 2023,Lamare et al. 2014,2014,NA,NA,Zooplankton,Meroplankton,Echinoderm,Acanthaster sp.,T,6,6,NA,27.2,NA,30.2,Cleaved embryos 5 hrs (%),positive,NA,Development,65.76,9.36,72.7,3.63,0.1003,0.0037889,NA,NA,Yes,NA,NA,NA,,NA,3,Lamare_et_al_2014,NA,Acanthaster_sp_,Echinoderm,2014,NA,27.2,6,Lamare_et_al_2014__2014__NA,ZOO_STUDY_0289,ZOO_ES_002107,ZOO_STUDY_0289__Acanthaster_sp___Echinoderm__CO2NA__T27.20__NC6,ZOO_COMMON_00498,0.10032963379154923,0.003792099592390313,16.23903181346907,3.5
Lang et al. 2023,Lamare et al. 2014,2014,NA,NA,Zooplankton,Meroplankton,Echinoderm,Acanthaster sp.,T,6,6,NA,27.2,NA,31.6,Cleaved embryos 5 hrs (%),positive,NA,Development,65.76,9.36,70.52,11.44,0.0699,0.0077599,NA,NA,Yes,NA,NA,NA,,NA,4.400000000000002,Lamare_et_al_2014,NA,Acanthaster_sp_,Echinoderm,2014,NA,27.2,6,Lamare_et_al_2014__2014__NA,ZOO_STUDY_0289,ZOO_ES_002108,ZOO_STUDY_0289__Acanthaster_sp___Echinoderm__CO2NA__T27.20__NC6,ZOO_COMMON_00498,0.06988460678174489,0.007762654790437236,11.349973913584186,3.5
Lang et al. 2023,Lamare et al. 2014,2014,NA,NA,Zooplankton,Meroplankton,Echinoderm,Acanthaster sp.,T,6,6,NA,27.2,NA,33.2,Cleaved embryos 5 hrs (%),positive,NA,Development,65.76,9.36,35.87,6.15,-0.6061,0.0082709,NA,NA,Yes,NA,NA,NA,,NA,6.0000000000000036,Lamare_et_al_2014,NA,Acanthaster_sp_,Echinoderm,2014,NA,27.2,6,Lamare_et_al_2014__2014__NA,ZOO_STUDY_0289,ZOO_ES_002109,ZOO_STUDY_0289__Acanthaster_sp___Echinoderm__CO2NA__T27.20__NC6,ZOO_COMMON_00498,-0.6061104592037334,0.008275903154495891,10.992394346048378,3.5
Lang et al. 2023,Lamare et al. 2014,2014,NA,NA,Zooplankton,Meroplankton,Echinoderm,Acanthaster sp.,T,6,6,NA,27.2,NA,28.7,Gastrulae 16 hrs (%),positive,NA,Development,36.08,11.59,56.34,12.61,0.4457,0.0255422,NA,NA,Yes,NA,NA,NA,,NA,1.5,Lamare_et_al_2014,NA,Acanthaster_sp_,Echinoderm,2014,NA,27.2,6,Lamare_et_al_2014__2014__NA,ZOO_STUDY_0289,ZOO_ES_002110,ZOO_STUDY_0289__Acanthaster_sp___Echinoderm__CO2NA__T27.20__NC6,ZOO_COMMON_00498,0.44566606725380375,0.02554739009158597,6.256432023375876,2.75
Lang et al. 2023,Lamare et al. 2014,2014,NA,NA,Zooplankton,Meroplankton,Echinoderm,Acanthaster sp.,T,6,6,NA,27.2,NA,30.2,Gastrulae 16 hrs (%),positive,NA,Development,36.08,11.59,60.91,9.09,0.5237,0.0208965,NA,NA,Yes,NA,NA,NA,,NA,3,Lamare_et_al_2014,NA,Acanthaster_sp_,Echinoderm,2014,NA,27.2,6,Lamare_et_al_2014__2014__NA,ZOO_STUDY_0289,ZOO_ES_002111,ZOO_STUDY_0289__Acanthaster_sp___Echinoderm__CO2NA__T27.20__NC6,ZOO_COMMON_00498,0.5236586696539703,0.020910108983583406,6.915472391159926,2.75
Lang et al. 2023,Lamare et al. 2014,2014,NA,NA,Zooplankton,Meroplankton,Echinoderm,Acanthaster sp.,T,6,6,NA,27.2,NA,31.6,Gastrulae 16 hrs (%),positive,NA,Development,36.08,11.59,46.58,11.86,0.2554,0.0279833,NA,NA,Yes,NA,NA,NA,,NA,4.400000000000002,Lamare_et_al_2014,NA,Acanthaster_sp_,Echinoderm,2014,NA,27.2,6,Lamare_et_al_2014__2014__NA,ZOO_STUDY_0289,ZOO_ES_002112,ZOO_STUDY_0289__Acanthaster_sp___Echinoderm__CO2NA__T27.20__NC6,ZOO_COMMON_00498,0.25543256926177205,0.028003043299203896,5.975818301869355,2.75
Lang et al. 2023,Lamare et al. 2014,2014,NA,NA,Zooplankton,Meroplankton,Echinoderm,Acanthaster sp.,T,6,6,NA,27.2,NA,28.7,Gastrulae 24 hrs (%),positive,NA,Development,44.04,10.09,32,19.01,-0.3194,0.0675581,NA,NA,Yes,NA,NA,NA,,NA,1.5,Lamare_et_al_2014,NA,Acanthaster_sp_,Echinoderm,2014,NA,27.2,6,Lamare_et_al_2014__2014__NA,ZOO_STUDY_0289,ZOO_ES_002113,ZOO_STUDY_0289__Acanthaster_sp___Echinoderm__CO2NA__T27.20__NC6,ZOO_COMMON_00498,-0.3193624090547527,0.06756693337097977,3.8470948670034733,2
Lang et al. 2023,Lamare et al. 2014,2014,NA,NA,Zooplankton,Meroplankton,Echinoderm,Acanthaster sp.,T,6,6,NA,27.2,NA,30.2,Gastrulae 24 hrs (%),positive,NA,Development,44.04,10.09,27.5,19.77,-0.4709,0.0948674,NA,NA,Yes,NA,NA,NA,,NA,3,Lamare_et_al_2014,NA,Acanthaster_sp_,Echinoderm,2014,NA,27.2,6,Lamare_et_al_2014__2014__NA,ZOO_STUDY_0289,ZOO_ES_002114,ZOO_STUDY_0289__Acanthaster_sp___Echinoderm__CO2NA__T27.20__NC6,ZOO_COMMON_00498,-0.4709123071819535,0.09488693788522734,3.2463607893911566,2
Lang et al. 2023,Lamare et al. 2014,2014,NA,NA,Zooplankton,Meroplankton,Echinoderm,Acanthaster sp.,T,6,6,NA,27.2,NA,31.6,Gastrulae 24 hrs (%),positive,NA,Development,44.04,10.09,4.04,8.21,-2.3889,0.6963376,NA,NA,Yes,NA,NA,NA,,NA,4.400000000000002,Lamare_et_al_2014,NA,Acanthaster_sp_,Echinoderm,2014,NA,27.2,6,Lamare_et_al_2014__2014__NA,ZOO_STUDY_0289,ZOO_ES_002115,ZOO_STUDY_0289__Acanthaster_sp___Echinoderm__CO2NA__T27.20__NC6,ZOO_COMMON_00498,-2.3888536198814205,0.6970399425514907,1.1977637561866776,2.5
Lang et al. 2023,Lee et al. 2004,2004,NA,NA,Zooplankton,Meroplankton,Echinoderm,Asterias amurensis,T,3,3,NA,10,NA,15,Normal larvae (%),positive,NA,Development,53.77,8.38,66.37,16.28,0.2105,0.0281523,NA,NA,Yes,NA,NA,NA,,NA,5,Lee_et_al_2004,NA,Asterias_amurensis,Echinoderm,2004,NA,10,3,Lee_et_al_2004__2004__NA,ZOO_STUDY_0296,ZOO_ES_002126,ZOO_STUDY_0296__Asterias_amurensis__Echinoderm__CO2NA__T10.00__NC3,ZOO_COMMON_00507,0.21052945633624695,0.0281522832627447,5.959957847912367,2.75
Lang et al. 2023,Lee et al. 2004,2004,NA,NA,Zooplankton,Meroplankton,Echinoderm,Asterias amurensis,T,3,3,NA,10,NA,20,Normal larvae (%),positive,NA,Development,53.77,8.38,13.27,6.26,-1.3992,0.0822761,NA,NA,Yes,NA,NA,NA,,NA,10,Lee_et_al_2004,NA,Asterias_amurensis,Echinoderm,2004,NA,10,3,Lee_et_al_2004__2004__NA,ZOO_STUDY_0296,ZOO_ES_002127,ZOO_STUDY_0296__Asterias_amurensis__Echinoderm__CO2NA__T10.00__NC3,ZOO_COMMON_00507,-1.3992098424774706,0.08227608645893492,3.4862874061072073,2
Lang et al. 2023,Li et al. 2010,2010,NA,NA,Zooplankton,Meroplankton,Echinoderm,Apostichopus japonicus,T,3,3,NA,21,NA,24,Settlement (%),positive,NA,Development,31.76,8.57,23.45,8.78,-0.3033,0.0710357,NA,NA,Yes,NA,NA,NA,,NA,3,Li_et_al_2010,NA,Apostichopus_japonicus,Echinoderm,2010,NA,21,3,Li_et_al_2010__2010__NA,ZOO_STUDY_0307,ZOO_ES_002128,ZOO_STUDY_0307__Apostichopus_japonicus__Echinoderm__CO2NA__T21.00__NC3,ZOO_COMMON_00533,-0.3033371414866466,0.07099906402037805,3.752957862553714,2
Lang et al. 2023,Li et al. 2010,2010,NA,NA,Zooplankton,Meroplankton,Echinoderm,Apostichopus japonicus,T,3,3,NA,21,NA,27,Settlement (%),positive,NA,Development,31.76,8.57,16.5,8.38,-0.6548,0.1103357,NA,NA,Yes,NA,NA,NA,,NA,6,Li_et_al_2010,NA,Apostichopus_japonicus,Echinoderm,2010,NA,21,3,Li_et_al_2010__2010__NA,ZOO_STUDY_0307,ZOO_ES_002129,ZOO_STUDY_0307__Apostichopus_japonicus__Echinoderm__CO2NA__T21.00__NC3,ZOO_COMMON_00533,-0.6548472554724001,0.11025082562861163,3.0116817329224808,2
Lang et al. 2023,Ling et al. 2008,2008,NA,NA,Zooplankton,Meroplankton,Echinoderm,Centrostephanus rodgersii,T,3,3,NA,12,NA,14,Development time (h),negative,NA,Development,240.09,53.73,163.66,26.79,0.3832,0.0256281,NA,NA,Yes,NA,NA,NA,,NA,2,Ling_et_al_2008,NA,Centrostephanus_rodgersii,Echinoderm,2008,NA,12,3,Ling_et_al_2008__2008__NA,ZOO_STUDY_0313,ZOO_ES_002144,ZOO_STUDY_0313__Centrostephanus_rodgersii__Echinoderm__CO2NA__T12.00__NC3,ZOO_COMMON_00541,-0.38322274794782885,0.02562595074585198,6.246834590724981,2.75
Lang et al. 2023,Ling et al. 2008,2008,NA,NA,Zooplankton,Meroplankton,Echinoderm,Centrostephanus rodgersii,T,3,3,NA,12,NA,14.5,Development time (h),negative,NA,Development,240.09,53.73,147.5,26.78,0.4872,0.0276789,NA,NA,Yes,NA,NA,NA,,NA,2.5,Ling_et_al_2008,NA,Centrostephanus_rodgersii,Echinoderm,2008,NA,12,3,Ling_et_al_2008__2008__NA,ZOO_STUDY_0313,ZOO_ES_002145,ZOO_STUDY_0313__Centrostephanus_rodgersii__Echinoderm__CO2NA__T12.00__NC3,ZOO_COMMON_00541,-0.48718567726719,0.027682078054834795,6.010362352984613,2.75
Lang et al. 2023,Ling et al. 2008,2008,NA,NA,Zooplankton,Meroplankton,Echinoderm,Centrostephanus rodgersii,T,3,3,NA,12,NA,15.5,Development time (h),negative,NA,Development,240.09,53.73,107.62,15.61,0.8024,0.0237022,NA,NA,Yes,NA,NA,NA,,NA,3.5,Ling_et_al_2008,NA,Centrostephanus_rodgersii,Echinoderm,2008,NA,12,3,Ling_et_al_2008__2008__NA,ZOO_STUDY_0313,ZOO_ES_002146,ZOO_STUDY_0313__Centrostephanus_rodgersii__Echinoderm__CO2NA__T12.00__NC3,ZOO_COMMON_00541,-0.8024073489857908,0.023707063930515172,6.494730199621048,2.75
Lang et al. 2023,Ling et al. 2008,2008,NA,NA,Zooplankton,Meroplankton,Echinoderm,Centrostephanus rodgersii,T,3,3,NA,12,NA,16,Development time (h),negative,NA,Development,240.09,53.73,116.52,46.35,0.723,0.0694368,NA,NA,Yes,NA,NA,NA,,NA,4,Ling_et_al_2008,NA,Centrostephanus_rodgersii,Echinoderm,2008,NA,12,3,Ling_et_al_2008__2008__NA,ZOO_STUDY_0313,ZOO_ES_002147,ZOO_STUDY_0313__Centrostephanus_rodgersii__Echinoderm__CO2NA__T12.00__NC3,ZOO_COMMON_00541,-0.7229509209558306,0.06943865992020513,3.7948912473044287,2
Lang et al. 2023,Ling et al. 2008,2008,NA,NA,Zooplankton,Meroplankton,Echinoderm,Centrostephanus rodgersii,T,3,3,NA,12,NA,17.5,Development time (h),negative,NA,Development,240.09,53.73,89.31,9.75,0.9889,0.0206669,NA,NA,Yes,NA,NA,NA,,NA,5.5,Ling_et_al_2008,NA,Centrostephanus_rodgersii,Echinoderm,2008,NA,12,3,Ling_et_al_2008__2008__NA,ZOO_STUDY_0313,ZOO_ES_002148,ZOO_STUDY_0313__Centrostephanus_rodgersii__Echinoderm__CO2NA__T12.00__NC3,ZOO_COMMON_00541,-0.9889003893512698,0.020666867462891248,6.956049644182027,2.75
Lang et al. 2023,Ling et al. 2008,2008,NA,NA,Zooplankton,Meroplankton,Echinoderm,Centrostephanus rodgersii,T,3,3,NA,12,NA,18,Development time (h),negative,NA,Development,240.09,53.73,95.88,23.75,0.9179,0.0371395,NA,NA,Yes,NA,NA,NA,,NA,6,Ling_et_al_2008,NA,Centrostephanus_rodgersii,Echinoderm,2008,NA,12,3,Ling_et_al_2008__2008__NA,ZOO_STUDY_0313,ZOO_ES_002149,ZOO_STUDY_0313__Centrostephanus_rodgersii__Echinoderm__CO2NA__T12.00__NC3,ZOO_COMMON_00541,-0.917916443480881,0.03714681473986675,5.188468806528064,2.75
Lang et al. 2023,Ling et al. 2008,2008,NA,NA,Zooplankton,Meroplankton,Echinoderm,Centrostephanus rodgersii,T,3,3,NA,12,NA,13,Yield advanced two-arm plutei (%),positive,NA,Development,14.66,5.18,15.76,8.9,0.0724,0.1479669,NA,NA,Yes,NA,NA,NA,,NA,1,Ling_et_al_2008,NA,Centrostephanus_rodgersii,Echinoderm,2008,NA,12,3,Ling_et_al_2008__2008__NA,ZOO_STUDY_0313,ZOO_ES_002158,ZOO_STUDY_0313__Centrostephanus_rodgersii__Echinoderm__CO2NA__T12.00__NC3,ZOO_COMMON_00541,0.07235238797122764,0.14792015580112047,2.600077674300363,2.5
Lang et al. 2023,Ling et al. 2008,2008,NA,NA,Zooplankton,Meroplankton,Echinoderm,Centrostephanus rodgersii,T,3,3,NA,12,NA,14,Yield advanced two-arm plutei (%),positive,NA,Development,14.66,5.18,17.13,6.58,0.1557,0.0908081,NA,NA,Yes,NA,NA,NA,,NA,2,Ling_et_al_2008,NA,Centrostephanus_rodgersii,Echinoderm,2008,NA,12,3,Ling_et_al_2008__2008__NA,ZOO_STUDY_0313,ZOO_ES_002159,ZOO_STUDY_0313__Centrostephanus_rodgersii__Echinoderm__CO2NA__T12.00__NC3,ZOO_COMMON_00541,0.15570861587752308,0.09080004679178907,3.318615702912052,2
Lang et al. 2023,Ling et al. 2008,2008,NA,NA,Zooplankton,Meroplankton,Echinoderm,Centrostephanus rodgersii,T,3,3,NA,12,NA,15,Yield advanced two-arm plutei (%),positive,NA,Development,14.66,5.18,17.15,1.33,0.1569,0.043614,NA,NA,Yes,NA,NA,NA,,NA,3,Ling_et_al_2008,NA,Centrostephanus_rodgersii,Echinoderm,2008,NA,12,3,Ling_et_al_2008__2008__NA,ZOO_STUDY_0313,ZOO_ES_002160,ZOO_STUDY_0313__Centrostephanus_rodgersii__Echinoderm__CO2NA__T12.00__NC3,ZOO_COMMON_00541,0.1568754771534433,0.04362167748579132,4.787941315645422,2.75
Lang et al. 2023,Ling et al. 2008,2008,NA,NA,Zooplankton,Meroplankton,Echinoderm,Centrostephanus rodgersii,T,3,3,NA,12,NA,16,Yield advanced two-arm plutei (%),positive,NA,Development,14.66,5.18,10.2,4.12,-0.3627,0.0960426,NA,NA,Yes,NA,NA,NA,,NA,4,Ling_et_al_2008,NA,Centrostephanus_rodgersii,Echinoderm,2008,NA,12,3,Ling_et_al_2008__2008__NA,ZOO_STUDY_0313,ZOO_ES_002161,ZOO_STUDY_0313__Centrostephanus_rodgersii__Echinoderm__CO2NA__T12.00__NC3,ZOO_COMMON_00541,-0.36273497616828015,0.0960011684311624,3.227466480897132,2
Lang et al. 2023,Ling et al. 2008,2008,NA,NA,Zooplankton,Meroplankton,Echinoderm,Centrostephanus rodgersii,T,3,3,NA,12,NA,17,Yield advanced two-arm plutei (%),positive,NA,Development,14.66,5.18,9.65,1.94,-0.4182,0.0550686,NA,NA,Yes,NA,NA,NA,,NA,5,Ling_et_al_2008,NA,Centrostephanus_rodgersii,Echinoderm,2008,NA,12,3,Ling_et_al_2008__2008__NA,ZOO_STUDY_0313,ZOO_ES_002162,ZOO_STUDY_0313__Centrostephanus_rodgersii__Echinoderm__CO2NA__T12.00__NC3,ZOO_COMMON_00541,-0.41816478110761085,0.055088817772459664,4.260575579993265,2
Lang et al. 2023,Ling et al. 2008,2008,NA,NA,Zooplankton,Meroplankton,Echinoderm,Centrostephanus rodgersii,T,3,3,NA,12,NA,18,Yield advanced two-arm plutei (%),positive,NA,Development,14.66,5.18,8.26,3.05,-0.5737,0.0869992,NA,NA,Yes,NA,NA,NA,,NA,6,Ling_et_al_2008,NA,Centrostephanus_rodgersii,Echinoderm,2008,NA,12,3,Ling_et_al_2008__2008__NA,ZOO_STUDY_0313,ZOO_ES_002163,ZOO_STUDY_0313__Centrostephanus_rodgersii__Echinoderm__CO2NA__T12.00__NC3,ZOO_COMMON_00541,-0.5736981089256189,0.08706532905249822,3.3890453251604615,2
Lang et al. 2023,Ling et al. 2008,2008,NA,NA,Zooplankton,Meroplankton,Echinoderm,Centrostephanus rodgersii,T,3,3,NA,12,NA,19,Yield advanced two-arm plutei (%),positive,NA,Development,14.66,5.18,6.78,4.23,-0.7711,0.1711132,NA,NA,Yes,NA,NA,NA,,NA,7,Ling_et_al_2008,NA,Centrostephanus_rodgersii,Echinoderm,2008,NA,12,3,Ling_et_al_2008__2008__NA,ZOO_STUDY_0313,ZOO_ES_002164,ZOO_STUDY_0313__Centrostephanus_rodgersii__Echinoderm__CO2NA__T12.00__NC3,ZOO_COMMON_00541,-0.7711455945062012,0.17136478399829586,2.415678928537805,2.5
Lang et al. 2023,McEdward 1985,1985,NA,NA,Zooplankton,Meroplankton,Echinoderm,Dendraster excentricus,T,30,30,NA,12,NA,17,Symmetry (ratio),ambiguous,NA,Development,1.05,0.05,1.04,0.05,-0.0096,1.832e-4,NA,NA,Yes,NA,NA,NA,,NA,5,McEdward_1985,NA,Dendraster_excentricus,Echinoderm,1985,NA,12,30,McEdward_1985__1985__NA,ZOO_STUDY_0345,ZOO_ES_002172,ZOO_STUDY_0345__Dendraster_excentricus__Echinoderm__CO2NA__T12.00__NC30,ZOO_COMMON_00603,-0.009569451016150672,1.526321409563168e-4,80.94257231973563,4.25
Lang et al. 2023,McEdward 1985,1985,NA,NA,Zooplankton,Meroplankton,Echinoderm,Dendraster excentricus,T,30,30,NA,12,NA,22,Symmetry (ratio),ambiguous,NA,Development,1.05,0.05,1.07,0.11,0.0189,4.401e-4,NA,NA,Yes,NA,NA,NA,,NA,10,McEdward_1985,NA,Dendraster_excentricus,Echinoderm,1985,NA,12,30,McEdward_1985__1985__NA,ZOO_STUDY_0345,ZOO_ES_002173,ZOO_STUDY_0345__Dendraster_excentricus__Echinoderm__CO2NA__T12.00__NC30,ZOO_COMMON_00603,0.018868484304382736,4.2787274360836617e-4,48.3440120012191,4.25
Lang et al. 2023,Mos et al. 2011,2011,NA,NA,Zooplankton,Meroplankton,Echinoderm,Tripneustes gratilla,T,10,10,NA,23.9,NA,25.1,Settlement (%),positive,NA,Development,81.95,12.68,83.09,15.4,0.0138,0.0058296,NA,NA,Yes,NA,NA,NA,,NA,1.2000000000000028,Mos_et_al_2011,NA,Tripneustes_gratilla,Echinoderm,2011,NA,23.9,10,Mos_et_al_2011__2011__NA,ZOO_STUDY_0358,ZOO_ES_002174,ZOO_STUDY_0358__Tripneustes_gratilla__Echinoderm__CO2NA__T23.90__NC10,ZOO_COMMON_00624,0.013815052487051255,0.005829226558433885,13.097684732450146,3.5
Lang et al. 2023,Mos et al. 2011,2011,NA,NA,Zooplankton,Meroplankton,Echinoderm,Tripneustes gratilla,T,10,10,NA,23.9,NA,28.1,Settlement (%),positive,NA,Development,81.95,12.68,80.52,9.08,-0.0176,0.0036648,NA,NA,Yes,NA,NA,NA,,NA,4.200000000000003,Mos_et_al_2011,NA,Tripneustes_gratilla,Echinoderm,2011,NA,23.9,10,Mos_et_al_2011__2011__NA,ZOO_STUDY_0358,ZOO_ES_002175,ZOO_STUDY_0358__Tripneustes_gratilla__Echinoderm__CO2NA__T23.90__NC10,ZOO_COMMON_00624,-0.01760370441824809,0.0036657306079077127,16.516564858084124,3.5
Lang et al. 2023,Mos et al. 2011,2011,NA,NA,Zooplankton,Meroplankton,Echinoderm,Tripneustes gratilla,T,10,10,NA,23.9,NA,30.4,Settlement (%),positive,NA,Development,81.95,12.68,77.94,13.6,-0.0502,0.0054382,NA,NA,Yes,NA,NA,NA,,NA,6.5,Mos_et_al_2011,NA,Tripneustes_gratilla,Echinoderm,2011,NA,23.9,10,Mos_et_al_2011__2011__NA,ZOO_STUDY_0358,ZOO_ES_002176,ZOO_STUDY_0358__Tripneustes_gratilla__Echinoderm__CO2NA__T23.90__NC10,ZOO_COMMON_00624,-0.05017000527927553,0.005438878335137219,13.559551596814533,3.5
Lang et al. 2023,Mos et al. 2011,2011,NA,NA,Zooplankton,Meroplankton,Echinoderm,Tripneustes gratilla,T,10,10,NA,23.9,NA,33.4,Settlement (%),positive,NA,Development,81.95,12.68,29.51,19.92,-1.0214,0.047971,NA,NA,Yes,NA,NA,NA,,NA,9.5,Mos_et_al_2011,NA,Tripneustes_gratilla,Echinoderm,2011,NA,23.9,10,Mos_et_al_2011__2011__NA,ZOO_STUDY_0358,ZOO_ES_002177,ZOO_STUDY_0358__Tripneustes_gratilla__Echinoderm__CO2NA__T23.90__NC10,ZOO_COMMON_00624,-1.0213801162349907,0.047960021759013434,4.566256613937914,2
Lang et al. 2023,Mos et al. 2011,2011,NA,NA,Zooplankton,Meroplankton,Echinoderm,Tripneustes gratilla,T,10,10,NA,23.9,NA,25.1,Settlement with spine development (%),positive,NA,Development,30.66,12.68,30.95,10.88,0.0094,0.0294595,NA,NA,Yes,NA,NA,NA,,NA,1.2000000000000028,Mos_et_al_2011,NA,Tripneustes_gratilla,Echinoderm,2011,NA,23.9,10,Mos_et_al_2011__2011__NA,ZOO_STUDY_0358,ZOO_ES_002178,ZOO_STUDY_0358__Tripneustes_gratilla__Echinoderm__CO2NA__T23.90__NC10,ZOO_COMMON_00624,0.009414125686937069,0.02946152975652636,5.826025126598764,2.75
Lang et al. 2023,Mos et al. 2011,2011,NA,NA,Zooplankton,Meroplankton,Echinoderm,Tripneustes gratilla,T,10,10,NA,23.9,NA,28.1,Settlement with spine development (%),positive,NA,Development,30.66,12.68,33.24,8.16,0.0808,0.0231303,NA,NA,Yes,NA,NA,NA,,NA,4.200000000000003,Mos_et_al_2011,NA,Tripneustes_gratilla,Echinoderm,2011,NA,23.9,10,Mos_et_al_2011__2011__NA,ZOO_STUDY_0358,ZOO_ES_002179,ZOO_STUDY_0358__Tripneustes_gratilla__Echinoderm__CO2NA__T23.90__NC10,ZOO_COMMON_00624,0.08079509654357943,0.023130267493833845,6.575210672547596,2.75
Lang et al. 2023,Mos et al. 2011,2011,NA,NA,Zooplankton,Meroplankton,Echinoderm,Tripneustes gratilla,T,10,10,NA,23.9,NA,30.4,Settlement with spine development (%),positive,NA,Development,30.66,12.68,18.91,10.88,-0.4833,0.0501987,NA,NA,Yes,NA,NA,NA,,NA,6.5,Mos_et_al_2011,NA,Tripneustes_gratilla,Echinoderm,2011,NA,23.9,10,Mos_et_al_2011__2011__NA,ZOO_STUDY_0358,ZOO_ES_002180,ZOO_STUDY_0358__Tripneustes_gratilla__Echinoderm__CO2NA__T23.90__NC10,ZOO_COMMON_00624,-0.48326799077330185,0.05020742532574436,4.462888375234457,2
Lang et al. 2023,Mos et al. 2011,2011,NA,NA,Zooplankton,Meroplankton,Echinoderm,Tripneustes gratilla,T,10,10,NA,23.9,NA,33.4,Settlement with spine development (%),positive,NA,Development,30.66,12.68,2.87,4.55,-2.3686,0.268851,NA,NA,Yes,NA,NA,NA,,NA,9.5,Mos_et_al_2011,NA,Tripneustes_gratilla,Echinoderm,2011,NA,23.9,10,Mos_et_al_2011__2011__NA,ZOO_STUDY_0358,ZOO_ES_002181,ZOO_STUDY_0358__Tripneustes_gratilla__Echinoderm__CO2NA__T23.90__NC10,ZOO_COMMON_00624,-2.3686468436721384,0.2684423518696265,1.9300763201243771,2.5
Lang et al. 2023,Nguyen et al. 2012,2012,NA,NA,Zooplankton,Meroplankton,Echinoderm,Meridiastra calcar,T,12,12,NA,19,NA,21,Normal larvae (%),positive,NA,Development,61.44,6.65,49.01,14.79,-0.226,0.0085673,NA,NA,Yes,NA,NA,NA,,NA,2,Nguyen_et_al_2012,NA,Meridiastra_calcar,Echinoderm,2012,NA,19,12,Nguyen_et_al_2012__2012__NA,ZOO_STUDY_0370,ZOO_ES_002184,ZOO_STUDY_0370__Meridiastra_calcar__Echinoderm__CO2NA__T19.00__NC12,ZOO_COMMON_00646,-0.22603672991796056,0.008565266808437822,10.805118946196268,3.5
Lang et al. 2023,Parvez et al. 2018,2018,NA,NA,Zooplankton,Meroplankton,Echinoderm,Tripneustes gratilla,T,10,10,NA,28,NA,31,Time to reach 2 cell stage (h),negative,NA,Development,1.22,0.01,1.08,0.03,0.1219,8.39e-5,NA,NA,Yes,NA,NA,NA,,NA,3,Parvez_et_al_2018,NA,Tripneustes_gratilla,Echinoderm,2018,NA,28,10,Parvez_et_al_2018__2018__NA,ZOO_STUDY_0407,ZOO_ES_002196,ZOO_STUDY_0407__Tripneustes_gratilla__Echinoderm__CO2NA__T28.00__NC10,ZOO_COMMON_00700,-0.12188981760903676,8.387911785295999e-5,109.1875378319328,4.25
Lang et al. 2023,Parvez et al. 2018,2018,NA,NA,Zooplankton,Meroplankton,Echinoderm,Tripneustes gratilla,T,10,10,NA,28,NA,34,Time to reach 2 cell stage (h),negative,NA,Development,1.22,0.01,1.01,0.05,0.1889,2.518e-4,NA,NA,Yes,NA,NA,NA,,NA,6,Parvez_et_al_2018,NA,Tripneustes_gratilla,Echinoderm,2018,NA,28,10,Parvez_et_al_2018__2018__NA,ZOO_STUDY_0407,ZOO_ES_002197,ZOO_STUDY_0407__Tripneustes_gratilla__Echinoderm__CO2NA__T28.00__NC10,ZOO_COMMON_00700,-0.18890052789199707,2.517926363775298e-4,63.02001285787554,4.25
Lang et al. 2023,Rupp 1973,1973,NA,NA,Zooplankton,Meroplankton,Echinoderm,Acanthaster sp.,T,3,3,NA,28,NA,31,Cleavage (%),positive,NA,Development,97.5,3.81,96.6,5.2,-0.0093,0.0014736,NA,NA,Yes,NA,NA,NA,,NA,3,Rupp_1973,NA,Acanthaster_sp_,Echinoderm,1973,NA,28,3,Rupp_1973__1973__NA,ZOO_STUDY_0446,ZOO_ES_002201,ZOO_STUDY_0446__Acanthaster_sp___Echinoderm__CO2NA__T28.00__NC3,ZOO_COMMON_00768,-0.009273636785329215,0.00147489977868407,26.038666831346234,4.25
Lang et al. 2023,Rupp 1973,1973,NA,NA,Zooplankton,Meroplankton,Echinoderm,Acanthaster sp.,T,3,3,NA,28,NA,34,Cleavage (%),positive,NA,Development,97.5,3.81,35.2,35.33,-1.0188,0.3363821,NA,NA,Yes,NA,NA,NA,,NA,6,Rupp_1973,NA,Acanthaster_sp_,Echinoderm,1973,NA,28,3,Rupp_1973__1973__NA,ZOO_STUDY_0446,ZOO_ES_002202,ZOO_STUDY_0446__Acanthaster_sp___Echinoderm__CO2NA__T28.00__NC3,ZOO_COMMON_00768,-1.01880629539975,0.3363090030484884,1.7243711699353017,2.5
Lang et al. 2023,Rupp 1973,1973,NA,NA,Zooplankton,Meroplankton,Echinoderm,Culcita novaeguineae,T,3,3,NA,28,NA,31,Cleavage (%),positive,NA,Development,96.6,9.7,97.6,6.93,0.0103,0.0050403,NA,NA,Yes,NA,NA,NA,,NA,3,Rupp_1973,NA,Culcita_novaeguineae,Echinoderm,1973,NA,28,3,Rupp_1973__1973__NA,ZOO_STUDY_0446,ZOO_ES_002203,ZOO_STUDY_0446__Culcita_novaeguineae__Echinoderm__CO2NA__T28.00__NC3,ZOO_COMMON_00769,0.010298752200574473,0.005041523060049456,14.083776386660393,3.5
Lang et al. 2023,Rupp 1973,1973,NA,NA,Zooplankton,Meroplankton,Echinoderm,Culcita novaeguineae,T,3,3,NA,28,NA,34,Cleavage (%),positive,NA,Development,96.6,9.7,51.1,17.67,-0.6368,0.0432042,NA,NA,Yes,NA,NA,NA,,NA,6,Rupp_1973,NA,Culcita_novaeguineae,Echinoderm,1973,NA,28,3,Rupp_1973__1973__NA,ZOO_STUDY_0446,ZOO_ES_002204,ZOO_STUDY_0446__Culcita_novaeguineae__Echinoderm__CO2NA__T28.00__NC3,ZOO_COMMON_00769,-0.6367942440088136,0.04321849474591337,4.810222679282797,2.75
Lang et al. 2023,Rupp 1973,1973,NA,NA,Zooplankton,Meroplankton,Echinoderm,Linckia laevigata,T,3,3,NA,28,NA,31,Cleavage (%),positive,NA,Development,97.9,4.16,94,6.58,-0.0407,0.0022352,NA,NA,Yes,NA,NA,NA,,NA,3,Rupp_1973,NA,Linckia_laevigata,Echinoderm,1973,NA,28,3,Rupp_1973__1973__NA,ZOO_STUDY_0446,ZOO_ES_002206,ZOO_STUDY_0446__Linckia_laevigata__Echinoderm__CO2NA__T28.00__NC3,ZOO_COMMON_00774,-0.04065176726646086,0.00223519962800701,21.151532636366646,4.25
Lang et al. 2023,Rupp 1973,1973,NA,NA,Zooplankton,Meroplankton,Echinoderm,Linckia laevigata,T,3,3,NA,28,NA,34,Cleavage (%),positive,NA,Development,97.9,4.16,30.2,31.18,-1.1761,0.3558486,NA,NA,Yes,NA,NA,NA,,NA,6,Rupp_1973,NA,Linckia_laevigata,Echinoderm,1973,NA,28,3,Rupp_1973__1973__NA,ZOO_STUDY_0446,ZOO_ES_002207,ZOO_STUDY_0446__Linckia_laevigata__Echinoderm__CO2NA__T28.00__NC3,ZOO_COMMON_00774,-1.1761046251556408,0.35591976170861755,1.676192715776539,2.5
Lang et al. 2023,Rupp 1973,1973,NA,NA,Zooplankton,Meroplankton,Echinoderm,Diadema savignyi,T,2,2,NA,28,NA,31,Cleavage (%),positive,NA,Development,96.6,0.14,95.4,4.81,-0.0125,0.0012712,NA,NA,Yes,NA,NA,NA,,NA,3,Rupp_1973,NA,Diadema_savignyi,Echinoderm,1973,NA,28,2,Rupp_1973__1973__NA,ZOO_STUDY_0446,ZOO_ES_002208,ZOO_STUDY_0446__Diadema_savignyi__Echinoderm__CO2NA__T28.00__NC2,ZOO_COMMON_00770,-0.012500162764231382,0.0012721024610078784,28.037478502378438,4.25
Lang et al. 2023,Rupp 1973,1973,NA,NA,Zooplankton,Meroplankton,Echinoderm,Diadema savignyi,T,2,2,NA,28,NA,34,Cleavage (%),positive,NA,Development,96.6,0.14,26.8,28,-1.2822,0.5458353,NA,NA,Yes,NA,NA,NA,,NA,6,Rupp_1973,NA,Diadema_savignyi,Echinoderm,1973,NA,28,2,Rupp_1973__1973__NA,ZOO_STUDY_0446,ZOO_ES_002209,ZOO_STUDY_0446__Diadema_savignyi__Echinoderm__CO2NA__T28.00__NC2,ZOO_COMMON_00770,-1.2821768537016611,0.5457796200369182,1.3536031073836452,2.5
Lang et al. 2023,Rupp 1973,1973,NA,NA,Zooplankton,Meroplankton,Echinoderm,Echinometra mathaei,T,3,3,NA,28,NA,31,Cleavage (%),positive,NA,Development,98.3,1.39,97.1,3.81,-0.0123,5.796e-4,NA,NA,Yes,NA,NA,NA,,NA,3,Rupp_1973,NA,Echinometra_mathaei,Echinoderm,1973,NA,28,3,Rupp_1973__1973__NA,ZOO_STUDY_0446,ZOO_ES_002211,ZOO_STUDY_0446__Echinometra_mathaei__Echinoderm__CO2NA__T28.00__NC3,ZOO_COMMON_00773,-0.012282651855841695,5.798544186900159e-4,41.527952058835496,4.25
Lang et al. 2023,Rupp 1973,1973,NA,NA,Zooplankton,Meroplankton,Echinoderm,Echinometra mathaei,T,3,3,NA,28,NA,34,Cleavage (%),positive,NA,Development,98.3,1.39,92.4,11.09,-0.0619,0.0048637,NA,NA,Yes,NA,NA,NA,,NA,6,Rupp_1973,NA,Echinometra_mathaei,Echinoderm,1973,NA,28,3,Rupp_1973__1973__NA,ZOO_STUDY_0446,ZOO_ES_002212,ZOO_STUDY_0446__Echinometra_mathaei__Echinoderm__CO2NA__T28.00__NC3,ZOO_COMMON_00773,-0.06189704850548227,0.004868381935366475,14.33202901999871,3.5
Lang et al. 2023,Rupp 1973,1973,NA,NA,Zooplankton,Meroplankton,Echinoderm,Echinometra mathaei,T,3,3,NA,28,NA,36,Cleavage (%),positive,NA,Development,98.3,1.39,5.4,14.55,-2.9016,2.4198193,NA,NA,Yes,NA,NA,NA,,NA,8,Rupp_1973,NA,Echinometra_mathaei,Echinoderm,1973,NA,28,3,Rupp_1973__1973__NA,ZOO_STUDY_0446,ZOO_ES_002213,ZOO_STUDY_0446__Echinometra_mathaei__Echinoderm__CO2NA__T28.00__NC3,ZOO_COMMON_00773,-2.901625073582892,2.420076938243309,0.6428141282281188,2.5
Lang et al. 2023,Rupp 1973,1973,NA,NA,Zooplankton,Meroplankton,Echinoderm,Echinometra mathaei,T,20,20,NA,28,NA,31,Cleavage (%),positive,NA,Development,99.5,2.68,99.4,1.79,-0.001,5.26e-5,NA,NA,Yes,NA,NA,NA,,NA,3,Rupp_1973,NA,Echinometra_mathaei,Echinoderm,1973,NA,28,20,Rupp_1973__1973__NA,ZOO_STUDY_0446,ZOO_ES_002214,ZOO_STUDY_0446__Echinometra_mathaei__Echinoderm__CO2NA__T28.00__NC20,ZOO_COMMON_00772,-0.0010055305020186497,5.248832162917986e-5,138.02846460414548,4.25
Lang et al. 2023,Rupp 1973,1973,NA,NA,Zooplankton,Meroplankton,Echinoderm,Echinometra mathaei,T,20,20,NA,28,NA,34,Cleavage (%),positive,NA,Development,99.5,2.68,98.9,2.68,-0.006,7.32e-5,NA,NA,Yes,NA,NA,NA,,NA,6,Rupp_1973,NA,Echinometra_mathaei,Echinoderm,1973,NA,28,20,Rupp_1973__1973__NA,ZOO_STUDY_0446,ZOO_ES_002215,ZOO_STUDY_0446__Echinometra_mathaei__Echinoderm__CO2NA__T28.00__NC20,ZOO_COMMON_00772,-0.006048405535880592,7.298912538448126e-5,117.04986582417844,4.25
Lang et al. 2023,Sewell and Young 1999,1999,NA,NA,Zooplankton,Meroplankton,Echinoderm,Echinometra lucunter,T,3,3,NA,29,NA,31,Embryos at 4 cell stage 1 hr (%),positive,NA,Development,42.11,13.68,87.37,5.26,0.7299,0.0363869,NA,NA,Yes,NA,NA,NA,,NA,2,Sewell_and_Young_1999,NA,Echinometra_lucunter,Echinoderm,1999,NA,29,3,Sewell_and_Young_1999__1999__NA,ZOO_STUDY_0464,ZOO_ES_002229,ZOO_STUDY_0464__Echinometra_lucunter__Echinoderm__CO2NA__T29.00__NC3,ZOO_COMMON_00806,0.7298667321361668,0.036386917420833394,5.242366351691522,2.75
Lang et al. 2023,Sewell and Young 1999,1999,NA,NA,Zooplankton,Meroplankton,Echinoderm,Echinometra lucunter,T,3,3,NA,29,NA,34,Embryos at 4 cell stage 1 hr (%),positive,NA,Development,42.11,13.68,92.63,4.21,0.7883,0.0358673,NA,NA,Yes,NA,NA,NA,,NA,5,Sewell_and_Young_1999,NA,Echinometra_lucunter,Echinoderm,1999,NA,29,3,Sewell_and_Young_1999__1999__NA,ZOO_STUDY_0464,ZOO_ES_002230,ZOO_STUDY_0464__Echinometra_lucunter__Echinoderm__CO2NA__T29.00__NC3,ZOO_COMMON_00806,0.7883278210920996,0.03586731087697417,5.280202659248275,2.75
Lang et al. 2023,Sewell and Young 1999,1999,NA,NA,Zooplankton,Meroplankton,Echinoderm,Echinometra lucunter,T,3,3,NA,29,NA,36,Embryos at blastula stage 8 hr (%),positive,NA,Development,100,0,10.87,7.61,-2.2192,0.1633763,NA,NA,Yes,NA,NA,NA,,NA,7,Sewell_and_Young_1999,NA,Echinometra_lucunter,Echinoderm,1999,NA,29,3,Sewell_and_Young_1999__1999__NA,ZOO_STUDY_0464,ZOO_ES_002232,ZOO_STUDY_0464__Echinometra_lucunter__Echinoderm__CO2NA__T29.00__NC3,ZOO_COMMON_00806,-2.2191634848549735,0.16337626777050968,2.474033150890105,2.5
Lang et al. 2023,Sewell and Young 1999,1999,NA,NA,Zooplankton,Meroplankton,Echinoderm,Echinometra lucunter,T,3,3,NA,29,NA,31,No of cleavages,positive,NA,Development,3.13,0.07,3.92,0.03,0.2251,1.862e-4,NA,NA,Yes,NA,NA,NA,,NA,2,Sewell_and_Young_1999,NA,Echinometra_lucunter,Echinoderm,1999,NA,29,3,Sewell_and_Young_1999__1999__NA,ZOO_STUDY_0464,ZOO_ES_002233,ZOO_STUDY_0464__Echinometra_lucunter__Echinoderm__CO2NA__T29.00__NC3,ZOO_COMMON_00806,0.22505864925030936,1.8624251980605457e-4,73.27580201510453,4.25
Lang et al. 2023,Sewell and Young 1999,1999,NA,NA,Zooplankton,Meroplankton,Echinoderm,Echinometra lucunter,T,3,3,NA,29,NA,34,No of cleavages,positive,NA,Development,3.13,0.07,3.96,0.06,0.2352,2.432e-4,NA,NA,Yes,NA,NA,NA,,NA,5,Sewell_and_Young_1999,NA,Echinometra_lucunter,Echinoderm,1999,NA,29,3,Sewell_and_Young_1999__1999__NA,ZOO_STUDY_0464,ZOO_ES_002234,ZOO_STUDY_0464__Echinometra_lucunter__Echinoderm__CO2NA__T29.00__NC3,ZOO_COMMON_00806,0.23521102071432734,2.4324220823298924e-4,64.11808328495658,4.25
Lang et al. 2023,Sewell and Young 1999,1999,NA,NA,Zooplankton,Meroplankton,Echinoderm,Echinometra lucunter,T,3,3,NA,29,NA,36,No of cleavages,positive,NA,Development,3.13,0.07,0.69,0.32,-1.5121,0.0718603,NA,NA,Yes,NA,NA,NA,,NA,7,Sewell_and_Young_1999,NA,Echinometra_lucunter,Echinoderm,1999,NA,29,3,Sewell_and_Young_1999__1999__NA,ZOO_STUDY_0464,ZOO_ES_002235,ZOO_STUDY_0464__Echinometra_lucunter__Echinoderm__CO2NA__T29.00__NC3,ZOO_COMMON_00806,-1.512096685942894,0.07186034119257721,3.7303996572994267,2
Lang et al. 2023,Tyler et al. 2000,2000,NA,NA,Zooplankton,Meroplankton,Echinoderm,Sterechinus neumayeri,T,3,3,NA,0.9,NA,2.5,Abnormal embryos 24 hrs (%),negative,NA,Development,3.08,3.84,3.85,4.61,-0.2231,0.9960555,NA,NA,Yes,NA,NA,NA,,NA,1.6,Tyler_et_al_2000,NA,Sterechinus_neumayeri,Echinoderm,2000,NA,0.9,3,Tyler_et_al_2000__2000__NA,ZOO_STUDY_0509,ZOO_ES_002240,ZOO_STUDY_0509__Sterechinus_neumayeri__Echinoderm__CO2NA__T0.90__NC3,ZOO_COMMON_00883,0.22314355131420976,0.9960555461854164,1.0019780806705043,2.5
Lang et al. 2023,Tyler et al. 2000,2000,NA,NA,Zooplankton,Meroplankton,Echinoderm,Sterechinus neumayeri,T,3,3,NA,0.9,NA,2.5,Abnormal embryos 48 hrs (%),negative,NA,Development,11.45,3.05,15.27,1.52,-0.2879,0.0269548,NA,NA,Yes,NA,NA,NA,,NA,1.6,Tyler_et_al_2000,NA,Sterechinus_neumayeri,Echinoderm,2000,NA,0.9,3,Tyler_et_al_2000__2000__NA,ZOO_STUDY_0509,ZOO_ES_002241,ZOO_STUDY_0509__Sterechinus_neumayeri__Echinoderm__CO2NA__T0.90__NC3,ZOO_COMMON_00883,0.28790038923029243,0.02695481951118373,6.090904440034571,2.75
Lang et al. 2023,Tyler et al. 2000,2000,NA,NA,Zooplankton,Meroplankton,Echinoderm,Sterechinus neumayeri,T,3,3,NA,0.9,NA,2.5,Embryos at 32 cell stage 24 hrs (%),positive,NA,Development,86.92,14.62,89.23,1.54,0.0262,0.0095298,NA,NA,Yes,NA,NA,NA,,NA,1.6,Tyler_et_al_2000,NA,Sterechinus_neumayeri,Echinoderm,2000,NA,0.9,3,Tyler_et_al_2000__2000__NA,ZOO_STUDY_0509,ZOO_ES_002242,ZOO_STUDY_0509__Sterechinus_neumayeri__Echinoderm__CO2NA__T0.90__NC3,ZOO_COMMON_00883,0.02622915052383112,0.009529773952245208,10.243743619036177,3.5
Lang et al. 2023,Tyler et al. 2000,2000,NA,NA,Zooplankton,Meroplankton,Echinoderm,Sterechinus neumayeri,T,3,3,NA,0.9,NA,2.5,Embryos at blastulas stage 48 hrs (%),positive,NA,Development,93.13,3.05,87.79,0.76,-0.059,3.825e-4,NA,NA,Yes,NA,NA,NA,,NA,1.6,Tyler_et_al_2000,NA,Sterechinus_neumayeri,Echinoderm,2000,NA,0.9,3,Tyler_et_al_2000__2000__NA,ZOO_STUDY_0509,ZOO_ES_002243,ZOO_STUDY_0509__Sterechinus_neumayeri__Echinoderm__CO2NA__T0.90__NC3,ZOO_COMMON_00883,-0.05904876759544892,3.825004208823601e-4,51.130971125618316,4.25
Lang et al. 2023,Uthicke et al. 2015,2015,NA,NA,Zooplankton,Meroplankton,Echinoderm,Acanthaster sp.,T,6,6,NA,28,NA,29,Mid-late brachiolaria day 10 (%),positive,NA,Development,1.9,0.97,4.56,2.11,0.8755,0.0791964,NA,NA,Yes,NA,NA,NA,,NA,1,Uthicke_et_al_2015,NA,Acanthaster_sp_,Echinoderm,2015,NA,28,6,Uthicke_et_al_2015__2015__NA,ZOO_STUDY_0514,ZOO_ES_002247,ZOO_STUDY_0514__Acanthaster_sp___Echinoderm__CO2NA__T28.00__NC6,ZOO_COMMON_00891,0.8754687373538999,0.07912437801374782,3.5550428963890113,2
Lang et al. 2023,Uthicke et al. 2015,2015,NA,NA,Zooplankton,Meroplankton,Echinoderm,Acanthaster sp.,T,6,6,NA,28,NA,30,Mid-late brachiolaria day 10 (%),positive,NA,Development,1.9,0.97,9.2,3.43,1.5773,0.0668168,NA,NA,Yes,NA,NA,NA,,NA,2,Uthicke_et_al_2015,NA,Acanthaster_sp_,Echinoderm,2015,NA,28,6,Uthicke_et_al_2015__2015__NA,ZOO_STUDY_0514,ZOO_ES_002248,ZOO_STUDY_0514__Acanthaster_sp___Echinoderm__CO2NA__T28.00__NC6,ZOO_COMMON_00891,1.5773495978825998,0.06660606837148089,3.874744768524773,2
Lang et al. 2023,Uthicke et al. 2015,2015,NA,NA,Zooplankton,Meroplankton,Echinoderm,Acanthaster sp.,T,6,6,NA,28,NA,29,Mid-late brachiolaria day 17 (%),positive,NA,Development,7,1.93,6.27,2.52,-0.1101,0.0394493,NA,NA,Yes,NA,NA,NA,,NA,1,Uthicke_et_al_2015,NA,Acanthaster_sp_,Echinoderm,2015,NA,28,6,Uthicke_et_al_2015__2015__NA,ZOO_STUDY_0514,ZOO_ES_002249,ZOO_STUDY_0514__Acanthaster_sp___Echinoderm__CO2NA__T28.00__NC6,ZOO_COMMON_00891,-0.11013379441048401,0.03959218845753544,5.025684786982361,2.75
Lang et al. 2023,Uthicke et al. 2015,2015,NA,NA,Zooplankton,Meroplankton,Echinoderm,Acanthaster sp.,T,6,6,NA,28,NA,30,Mid-late brachiolaria day 17 (%),positive,NA,Development,7,1.93,8.78,3.49,0.2266,0.038917,NA,NA,Yes,NA,NA,NA,,NA,2,Uthicke_et_al_2015,NA,Acanthaster_sp_,Echinoderm,2015,NA,28,6,Uthicke_et_al_2015__2015__NA,ZOO_STUDY_0514,ZOO_ES_002250,ZOO_STUDY_0514__Acanthaster_sp___Echinoderm__CO2NA__T28.00__NC6,ZOO_COMMON_00891,0.22656625859171195,0.03900334834075286,5.063479477843959,2.75
Leung et al. 2022,"Brennand et al., 2010. Plos One",NA,NA,NA,Zooplankton,Meroplankton,Urchin larvae,Tripneustes gratilla,T,3,3,448,24,455,27,Arm asymmetry,negative,NA,Development,7,1.8341872308280867,12,1.9484247927003726,0.5389965007326869,0.0165,NA,NA,Yes,NA,NA,NA,,7,3,Brennand_et_al_2010_Plos_One,NA,Tripneustes_gratilla,Urchin_larvae,NA,448,24,3,Brennand_et_al_2010_Plos_One__NA__NA,ZOO_STUDY_0046,ZOO_ES_002298,ZOO_STUDY_0046__Tripneustes_gratilla__Urchin_larvae__CO2448.00__T24.00__NC3,ZOO_COMMON_00067,0.5389965007326869,0.031673873882331297,5.618875488277185,2.75
Leung et al. 2022,"Brennand et al., 2010. Plos One",NA,NA,NA,Zooplankton,Meroplankton,Urchin larvae,Tripneustes gratilla,T,3,3,448,24,455,27,Normal larvae,positive,NA,Development,78,10.14454027019416,74,15.351510047816651,-0.05264373348542203,0.02,NA,NA,Yes,NA,NA,NA,,7,3,Brennand_et_al_2010_Plos_One,NA,Tripneustes_gratilla,Urchin_larvae,NA,448,24,3,Brennand_et_al_2010_Plos_One__NA__NA,ZOO_STUDY_0046,ZOO_ES_002307,ZOO_STUDY_0046__Tripneustes_gratilla__Urchin_larvae__CO2448.00__T24.00__NC3,ZOO_COMMON_00067,-0.05264373348542203,0.019983939272430994,7.073908685317276,2.75
Leung et al. 2022,"Foo et al., 2016. Mar Biol",NA,NA,NA,Zooplankton,Meroplankton,Urchin larvae,Sterechinus neumayeri,T,3,3,442,-1,527.6,2,Embryo cleavage success,positive,NA,Development,88,4.55312,81.5,10.25002,-0.07673379423138944,0.00572,NA,NA,Yes,NA,NA,NA,,85.60000000000002,3,Foo_et_al_2016_Mar_Biol,NA,Sterechinus_neumayeri,Urchin_larvae,NA,442,-1,3,Foo_et_al_2016_Mar_Biol__NA__NA,ZOO_STUDY_0153,ZOO_ES_002559,ZOO_STUDY_0153__Sterechinus_neumayeri__Urchin_larvae__CO2442.00__T-1.00__NC3,ZOO_COMMON_00258,-0.07673379423138944,0.006164798402975898,12.736220238825448,3.5
Leung et al. 2022,"Foo et al., 2016. Mar Biol",NA,NA,NA,Zooplankton,Meroplankton,Urchin larvae,Sterechinus neumayeri,T,3,3,442,-1,527.6,2,Normal blastulae,positive,NA,Development,84,5.809859,80,8.714789,-0.048790164169432056,0.00622,NA,NA,Yes,NA,NA,NA,,85.60000000000002,3,Foo_et_al_2016_Mar_Biol,NA,Sterechinus_neumayeri,Urchin_larvae,NA,442,-1,3,Foo_et_al_2016_Mar_Biol__NA__NA,ZOO_STUDY_0153,ZOO_ES_002562,ZOO_STUDY_0153__Sterechinus_neumayeri__Urchin_larvae__CO2442.00__T-1.00__NC3,ZOO_COMMON_00258,-0.048790164169432056,0.005550199948702778,13.422879314808952,3.5
Leung et al. 2022,"García et al., 2015. Mar Environ Res",NA,NA,NA,Zooplankton,Meroplankton,Urchin larvae,Paracentrotus lividus,T,3,3,310.6,19,313.6,22.5,Larval settlement,ambiguous,NA,Development,6,2,4,2,-0.40546510810816444,NA,NA,NA,Yes,NA,NA,NA,,3,3.5,Garc_a_et_al_2015_Mar_Environ_Res,NA,Paracentrotus_lividus,Urchin_larvae,NA,310.6,19,3,Garc_a_et_al_2015_Mar_Environ_Res__NA__NA,ZOO_STUDY_0164,ZOO_ES_002595,ZOO_STUDY_0164__Paracentrotus_lividus__Urchin_larvae__CO2310.60__T19.00__NC3,ZOO_COMMON_00278,-0.40546510810816444,0.12037037037037036,2.8823067684915684,2
Leung et al. 2022,"Jiang et al., 2020. Coral Reefs",NA,NA,NA,Zooplankton,Meroplankton,Coral larvae,Pocillopora damicornis,T,4,4,548,29,523,30.8,Larval settlement,ambiguous,NA,Development,72,14.534883720930196,75,9.593023255813819,0.0408219945202552,0.0211,NA,NA,Yes,NA,NA,NA,,-25,1.8000000000000007,Jiang_et_al_2020_Coral_Reefs,NA,Pocillopora_damicornis,Coral_larvae,NA,548,29,4,Jiang_et_al_2020_Coral_Reefs__NA__NA,ZOO_STUDY_0253,ZOO_ES_002877,ZOO_STUDY_0253__Pocillopora_damicornis__Coral_larvae__CO2548.00__T29.00__NC4,ZOO_COMMON_00437,0.0408219945202552,0.01427826456910292,8.368782626955783,2.75
Leung et al. 2022,"Jiang et al., 2020. Coral Reefs",NA,NA,NA,Zooplankton,Meroplankton,Coral larvae,Pocillopora damicornis,T,4,4,548,29,523,30.8,Partially metamorphosed larvae,negative,NA,Development,5,6.9565217391304195,28,4.637681159420396,1.7227665977411035,0.0673,NA,No experiment / Not tested,Yes,NA,NA,NA,,-25,1.8000000000000007,Jiang_et_al_2020_Coral_Reefs,NA,Pocillopora_damicornis,Coral_larvae,NA,548,29,4,Jiang_et_al_2020_Coral_Reefs__NA__NA,ZOO_STUDY_0253,ZOO_ES_002884,ZOO_STUDY_0253__Pocillopora_damicornis__Coral_larvae__CO2548.00__T29.00__NC4,ZOO_COMMON_00437,1.7227665977411035,0.49079039303181704,1.4274206441552344,2.5
Leung et al. 2022,"Lenz et al., 2019. Mar Pollut Bull",NA,NA,NA,Zooplankton,Meroplankton,Urchin larvae,Lytechinus variegatus,T,10,10,518.9,28,525.9,31,Larval asymmetry,negative,NA,Development,0.09,0.004993,0.05,0.040059,-0.587786664902119,0.0645,NA,NA,Yes,NA,NA,NA,,7,3,Lenz_et_al_2019_Mar_Pollut_Bull,NA,Lytechinus_variegatus,Urchin_larvae,NA,518.9,28,10,Lenz_et_al_2019_Mar_Pollut_Bull__NA__NA,ZOO_STUDY_0301,ZOO_ES_002965,ZOO_STUDY_0301__Lytechinus_variegatus__Urchin_larvae__CO2518.90__T28.00__NC10,ZOO_COMMON_00518,-0.587786664902119,0.06449671762271603,3.9375963473585482,2
Leung et al. 2022,"Ordoñez et al., 2017. Plos One",NA,NA,NA,Zooplankton,Meroplankton,Coralline algae,Porolithon cf. onkodes,T,3,3,424,26,554,28,Abnormal germling development,negative,NA,Development,12,3.4641016151377544,7.5,4.330127018922193,-0.4700036292457356,0.0142,NA,Control: pH 7.81 to 8.01; medium: pH 7.82–7.91; high: pH 7.67–7.70,Yes,NA,NA,NA,,130,2,Ordo_ez_et_al_2017_Plos_One,NA,Porolithon_cf_onkodes,Coralline_algae,NA,424,26,3,Ordo_ez_et_al_2017_Plos_One__NA__NA,ZOO_STUDY_0385,ZOO_ES_003191,ZOO_STUDY_0385__Porolithon_cf_onkodes__Coralline_algae__CO2424.00__T26.00__NC3,ZOO_COMMON_00665,-0.4700036292457356,0.13888888888888887,2.683281572999748,2.5
Leung et al. 2022,"Pereira et al., 2020. Mar Environ Res",NA,NA,NA,Zooplankton,Meroplankton,Urchin larvae,Echinometra lucunter,T,5,5,5.06,26,35.120000000000005,28,Pluteus development rate,ambiguous,NA,Development,80,2.07,79.5,3.31,-0.006269613013595374,0.00504,NA,NA,Yes,NA,NA,NA,,30.060000000000006,2,Pereira_et_al_2020_Mar_Environ_Res,NA,Echinometra_lucunter,Urchin_larvae,NA,5.06,26,5,Pereira_et_al_2020_Mar_Environ_Res__NA__NA,ZOO_STUDY_0416,ZOO_ES_003246,ZOO_STUDY_0416__Echinometra_lucunter__Urchin_larvae__CO25.06__T26.00__NC5,ZOO_COMMON_00717,-0.006269613013595374,4.8060143598453384e-4,45.61497781222903,4.25
Leung et al. 2022,"Rosa et al., 2013. Proc R Soc B",NA,NA,NA,Zooplankton,Meroplankton,Cuttlefish larvae,Sepia officinalis,T,3,3,400,18,424.5,22,Development time,negative,NA,Development,49,2.6293005240373972,32.5,5.591250854408798,-0.4105802087749349,9.66e-6,NA,NA,Yes,NA,NA,NA,,24.5,4,Rosa_et_al_2013_Proc_R_Soc_B,NA,Sepia_officinalis,Cuttlefish_larvae,NA,400,18,3,Rosa_et_al_2013_Proc_R_Soc_B__NA__NA,ZOO_STUDY_0442,ZOO_ES_003297,ZOO_STUDY_0442__Sepia_officinalis__Cuttlefish_larvae__CO2400.00__T18.00__NC3,ZOO_COMMON_00764,-0.4105802087749349,0.010825516811455603,9.611157199537661,3.5
Leung et al. 2022,"Schutter et al., 2015. J Mar Sci Eng",NA,NA,NA,Zooplankton,Meroplankton,Coral larvae,Acropora hyacinthus (Lyudao),T,5,5,562,27,590,31,Early development success,positive,NA,Development,73,0,5,4,-2.681021528714291,0.00156,NA,NA,Yes,NA,NA,NA,,28,4,Schutter_et_al_2015_J_Mar_Sci_Eng,NA,Acropora_hyacinthus_Lyudao_,Coral_larvae,NA,562,27,5,Schutter_et_al_2015_J_Mar_Sci_Eng__NA__NA,ZOO_STUDY_0461,ZOO_ES_003380,ZOO_STUDY_0461__Acropora_hyacinthus_Lyudao___Coral_larvae__CO2562.00__T27.00__NC5,ZOO_COMMON_00802,-2.681021528714291,0.128,2.7950849718747373,2.5
Leung et al. 2022,"Talmage and Gobler, 2011. Plos One",NA,NA,NA,Zooplankton,Meroplankton,Bivalve larvae,Mercenaria mercenaria,T,4,4,375.3,24,379,28,Metamorphosis,ambiguous,NA,Development,15,3,13,1,-0.1431008436406733,0.00414,NA,NA,Yes,NA,NA,NA,,3.6999999999999886,4,Talmage_and_Gobler_2011_Plos_One,NA,Mercenaria_mercenaria,Bivalve_larvae,NA,375.3,24,4,Talmage_and_Gobler_2011_Plos_One__NA__NA,ZOO_STUDY_0494,ZOO_ES_003512,ZOO_STUDY_0494__Mercenaria_mercenaria__Bivalve_larvae__CO2375.30__T24.00__NC4,ZOO_COMMON_00853,-0.1431008436406733,0.011479289940828403,9.333456062030596,2.75
Leung et al. 2022,"Talmage and Gobler, 2011. Plos One",NA,NA,NA,Zooplankton,Meroplankton,Bivalve larvae,Crassostrea virginica,T,4,4,400,24,399.5,28,Metamorphosis,ambiguous,NA,Development,70,1,4,0.5,-2.8622008809294686,0.00179,NA,NA,Yes,NA,NA,NA,,-0.5,4,Talmage_and_Gobler_2011_Plos_One,NA,Crassostrea_virginica,Bivalve_larvae,NA,400,24,4,Talmage_and_Gobler_2011_Plos_One__NA__NA,ZOO_STUDY_0494,ZOO_ES_003514,ZOO_STUDY_0494__Crassostrea_virginica__Bivalve_larvae__CO2400.00__T24.00__NC4,ZOO_COMMON_00852,-2.8622008809294686,0.003957270408163265,15.89652276250247,3.5
Leung et al. 2022,"Waller et al., 2017. ICES J Mar Sci",NA,NA,NA,Zooplankton,Meroplankton,Lobster larvae,Homarus americanus,T,3,3,360,16,347,19,Larval development (Stage IV),ambiguous,NA,Development,26,7,13.5,1.5,-0.6554068525770982,0.00367,NA,NA,Yes,NA,NA,NA,,-13,3,Waller_et_al_2017_ICES_J_Mar_Sci,NA,Homarus_americanus,Lobster_larvae,NA,360,16,3,Waller_et_al_2017_ICES_J_Mar_Sci__NA__NA,ZOO_STUDY_0531,ZOO_ES_003627,ZOO_STUDY_0531__Homarus_americanus__Lobster_larvae__CO2360.00__T16.00__NC3,ZOO_COMMON_00932,-0.6554068525770982,0.0282769620376458,5.94680400999239,2.75
