"direction_scenario","analysis_scope","Category","yi_raw","Treatment","Treatment_label","Calcifier","Study_ID","ES_ID","Common_id","category_x","stream_id","offset","x_pos","x_jitter"
"ambiguous_dropped","all_data","Growth",-0.225544209489079,"pH","pH","Calcifier","ZOO_STUDY_0437","ZOO_ES_000006","ZOO_COMMON_00742",1,"Calcifier_pH",-0.3,0.7,0.689378876006231
"ambiguous_dropped","all_data","Growth",-0.150204245384208,"pH","pH","Calcifier","ZOO_STUDY_0437","ZOO_ES_000007","ZOO_COMMON_00742",1,"Calcifier_pH",-0.3,0.7,0.71441525677219
"ambiguous_dropped","all_data","Growth",0.253443519179303,"T","T","Calcifier","ZOO_STUDY_0437","ZOO_ES_000008","ZOO_COMMON_00742",1,"Calcifier_T",-0.18,0.82,0.815448846090585
"ambiguous_dropped","all_data","Growth",-0.0097102212235822,"TpH","T + pH","Calcifier","ZOO_STUDY_0437","ZOO_ES_000009","ZOO_COMMON_00742",1,"Calcifier_T + pH",-0.06,0.94,0.959150870200246
"ambiguous_dropped","all_data","Growth",0,"TpH","T + pH","Calcifier","ZOO_STUDY_0437","ZOO_ES_000010","ZOO_COMMON_00742",1,"Calcifier_T + pH",-0.06,0.94,0.962023364214692
"ambiguous_dropped","all_data","Growth",0.198103443242893,"pH","pH","Calcifier","ZOO_STUDY_0495","ZOO_ES_000014","ZOO_COMMON_00845",1,"Calcifier_pH",-0.3,0.7,0.677277824969497
"ambiguous_dropped","all_data","Growth",0.133531392624523,"T","T","Calcifier","ZOO_STUDY_0495","ZOO_ES_000015","ZOO_COMMON_00845",1,"Calcifier_T",-0.18,0.82,0.82140527440235
"ambiguous_dropped","all_data","Growth",0.182389679005228,"T","T","Calcifier","ZOO_STUDY_0495","ZOO_ES_000016","ZOO_COMMON_00845",1,"Calcifier_T",-0.18,0.82,0.839620952219702
"ambiguous_dropped","all_data","Growth",0.290131553162121,"TpH","T + pH","Calcifier","ZOO_STUDY_0495","ZOO_ES_000017","ZOO_COMMON_00845",1,"Calcifier_T + pH",-0.06,0.94,0.942571750723291
"ambiguous_dropped","all_data","Growth",0.38738590799905,"TpH","T + pH","Calcifier","ZOO_STUDY_0495","ZOO_ES_000018","ZOO_COMMON_00845",1,"Calcifier_T + pH",-0.06,0.94,0.937830736765172
"ambiguous_dropped","all_data","Growth",-0.0656952592653948,"pH","pH","Calcifier","ZOO_STUDY_0525","ZOO_ES_000019","ZOO_COMMON_00894",1,"Calcifier_pH",-0.3,0.7,0.722841667267494
"ambiguous_dropped","all_data","Growth",-0.129411073651503,"T","T","Calcifier","ZOO_STUDY_0525","ZOO_ES_000040","ZOO_COMMON_00894",1,"Calcifier_T",-0.18,0.82,0.817666707809549
"ambiguous_dropped","all_data","Growth",-0.156079320733664,"TpH","T + pH","Calcifier","ZOO_STUDY_0525","ZOO_ES_000041","ZOO_COMMON_00894",1,"Calcifier_T + pH",-0.06,0.94,0.948878531772643
"ambiguous_dropped","all_data","Growth",0.0701890438783816,"pH","pH","Calcifier","ZOO_STUDY_0501","ZOO_ES_000048","ZOO_COMMON_00862",1,"Calcifier_pH",-0.3,0.7,0.70363167009782
"ambiguous_dropped","all_data","Growth",0.483261128698723,"T","T","Calcifier","ZOO_STUDY_0501","ZOO_ES_000052","ZOO_COMMON_00862",1,"Calcifier_T",-0.18,0.82,0.800146234133281
"ambiguous_dropped","all_data","Growth",0.365478093042339,"TpH","T + pH","Calcifier","ZOO_STUDY_0501","ZOO_ES_000053","ZOO_COMMON_00862",1,"Calcifier_T + pH",-0.06,0.94,0.959991248520091
"ambiguous_dropped","all_data","Growth",-0.699858615147932,"pH","pH","Calcifier","ZOO_STUDY_0050","ZOO_ES_000155","ZOO_COMMON_00071",1,"Calcifier_pH",-0.3,0.7,0.687304386717733
"ambiguous_dropped","all_data","Growth",0.0971327805518753,"pH","pH","Calcifier","ZOO_STUDY_0050","ZOO_ES_000156","ZOO_COMMON_00071",1,"Calcifier_pH",-0.3,0.7,0.677102976676542
"ambiguous_dropped","all_data","Growth",0.244977035215889,"T","T","Calcifier","ZOO_STUDY_0050","ZOO_ES_000157","ZOO_COMMON_00071",1,"Calcifier_T",-0.18,0.82,0.811396035964135
"ambiguous_dropped","all_data","Growth",0.287263924839583,"T","T","Calcifier","ZOO_STUDY_0050","ZOO_ES_000174","ZOO_COMMON_00071",1,"Calcifier_T",-0.18,0.82,0.842725182457361
"ambiguous_dropped","all_data","Growth",0.029656209582888,"TpH","T + pH","Calcifier","ZOO_STUDY_0050","ZOO_ES_000175","ZOO_COMMON_00071",1,"Calcifier_T + pH",-0.06,0.94,0.959476965803187
"ambiguous_dropped","all_data","Growth",0.402115021222882,"TpH","T + pH","Calcifier","ZOO_STUDY_0050","ZOO_ES_000176","ZOO_COMMON_00071",1,"Calcifier_T + pH",-0.06,0.94,0.94964017030783
"ambiguous_dropped","all_data","Growth",0.528067430200497,"TpH","T + pH","Calcifier","ZOO_STUDY_0050","ZOO_ES_000177","ZOO_COMMON_00071",1,"Calcifier_T + pH",-0.06,0.94,0.947025340688415
"ambiguous_dropped","all_data","Growth",0.869205953098939,"pH","pH","Calcifier","ZOO_STUDY_0024","ZOO_ES_000178","ZOO_COMMON_00033",1,"Calcifier_pH",-0.3,0.7,0.724713488831185
"ambiguous_dropped","all_data","Growth",2.04329102920018,"T","T","Calcifier","ZOO_STUDY_0024","ZOO_ES_000179","ZOO_COMMON_00033",1,"Calcifier_T",-0.18,0.82,0.827785289955791
"ambiguous_dropped","all_data","Growth",1.72043722328929,"TpH","T + pH","Calcifier","ZOO_STUDY_0024","ZOO_ES_000180","ZOO_COMMON_00033",1,"Calcifier_T + pH",-0.06,0.94,0.950426523408387
"ambiguous_dropped","all_data","Growth",-0.147645037692257,"pH","pH","Calcifier","ZOO_STUDY_0052","ZOO_ES_000259","ZOO_COMMON_00073",1,"Calcifier_pH",-0.3,0.7,0.702203301235568
"ambiguous_dropped","all_data","Growth",-0.0688678849796504,"pH","pH","Calcifier","ZOO_STUDY_0052","ZOO_ES_000260","ZOO_COMMON_00073",1,"Calcifier_pH",-0.3,0.7,0.704707101022359
"ambiguous_dropped","all_data","Growth",0.232201985914886,"T","T","Calcifier","ZOO_STUDY_0052","ZOO_ES_000261","ZOO_COMMON_00073",1,"Calcifier_T",-0.18,0.82,0.809457986864727
"ambiguous_dropped","all_data","Growth",0.153514142568337,"TpH","T + pH","Calcifier","ZOO_STUDY_0052","ZOO_ES_000288","ZOO_COMMON_00073",1,"Calcifier_T + pH",-0.06,0.94,0.922355682365596
"ambiguous_dropped","all_data","Growth",0.198774356563946,"TpH","T + pH","Calcifier","ZOO_STUDY_0052","ZOO_ES_000289","ZOO_COMMON_00073",1,"Calcifier_T + pH",-0.06,0.94,0.963151211626828
"ambiguous_dropped","all_data","Growth",-0.315852949418477,"pH","pH","Calcifier","ZOO_STUDY_0159","ZOO_ES_000296","ZOO_COMMON_00275",1,"Calcifier_pH",-0.3,0.7,0.720114952255972
"ambiguous_dropped","all_data","Growth",-0.110000895214328,"pH","pH","Calcifier","ZOO_STUDY_0159","ZOO_ES_000297","ZOO_COMMON_00275",1,"Calcifier_pH",-0.3,0.7,0.709535263921134
"ambiguous_dropped","all_data","Growth",-0.110000895214328,"TpH","T + pH","Calcifier","ZOO_STUDY_0159","ZOO_ES_000300","ZOO_COMMON_00275",1,"Calcifier_T + pH",-0.06,0.94,0.954773370884359
"ambiguous_dropped","all_data","Growth",-0.064538521137571,"TpH","T + pH","Calcifier","ZOO_STUDY_0159","ZOO_ES_000306","ZOO_COMMON_00275",1,"Calcifier_T + pH",-0.06,0.94,0.916230684225447
"ambiguous_dropped","all_data","Growth",0.372675285285173,"T","T","Calcifier","ZOO_STUDY_0256","ZOO_ES_000309","ZOO_COMMON_00433",1,"Calcifier_T",-0.18,0.82,0.818889798554592
"ambiguous_dropped","all_data","Growth",0.337495778164,"TpH","T + pH","Calcifier","ZOO_STUDY_0256","ZOO_ES_000320","ZOO_COMMON_00433",1,"Calcifier_T + pH",-0.06,0.94,0.952922976876143
"ambiguous_dropped","all_data","Growth",-0.450021129658397,"pH","pH","Calcifier","ZOO_STUDY_0415","ZOO_ES_000365","ZOO_COMMON_00697",1,"Calcifier_pH",-0.3,0.7,0.685820396791678
"ambiguous_dropped","all_data","Growth",0.166524657314702,"T","T","Calcifier","ZOO_STUDY_0415","ZOO_ES_000366","ZOO_COMMON_00697",1,"Calcifier_T",-0.18,0.82,0.810909050381742
"ambiguous_dropped","all_data","Growth",-0.435735172410921,"TpH","T + pH","Calcifier","ZOO_STUDY_0415","ZOO_ES_000375","ZOO_COMMON_00697",1,"Calcifier_T + pH",-0.06,0.94,0.926581289267633
"ambiguous_dropped","all_data","Growth",-0.0449411024859286,"pH","pH","Calcifier","ZOO_STUDY_0053","ZOO_ES_000593","ZOO_COMMON_00074",1,"Calcifier_pH",-0.3,0.7,0.682140001119114
"ambiguous_dropped","all_data","Growth",-0.00630853991614687,"pH","pH","Calcifier","ZOO_STUDY_0053","ZOO_ES_000594","ZOO_COMMON_00074",1,"Calcifier_pH",-0.3,0.7,0.695727316790726
"ambiguous_dropped","all_data","Growth",-0.129424319612731,"T","T","Calcifier","ZOO_STUDY_0053","ZOO_ES_000595","ZOO_COMMON_00074",1,"Calcifier_T",-0.18,0.82,0.815686216314789
"ambiguous_dropped","all_data","Growth",-0.0670754375994733,"T","T","Calcifier","ZOO_STUDY_0053","ZOO_ES_000596","ZOO_COMMON_00074",1,"Calcifier_T",-0.18,0.82,0.813442272546236
"ambiguous_dropped","all_data","Growth",-0.128236805336107,"TpH","T + pH","Calcifier","ZOO_STUDY_0053","ZOO_ES_000597","ZOO_COMMON_00074",1,"Calcifier_T + pH",-0.06,0.94,0.922622237387113
"ambiguous_dropped","all_data","Growth",-0.11641065871426,"TpH","T + pH","Calcifier","ZOO_STUDY_0053","ZOO_ES_000598","ZOO_COMMON_00074",1,"Calcifier_T + pH",-0.06,0.94,0.92194030317245
"ambiguous_dropped","all_data","Growth",-0.0897380024059406,"TpH","T + pH","Calcifier","ZOO_STUDY_0053","ZOO_ES_000618","ZOO_COMMON_00074",1,"Calcifier_T + pH",-0.06,0.94,0.92665170497261
"ambiguous_dropped","all_data","Growth",-0.0885695081358388,"TpH","T + pH","Calcifier","ZOO_STUDY_0053","ZOO_ES_000619","ZOO_COMMON_00074",1,"Calcifier_T + pH",-0.06,0.94,0.938298122512642
"ambiguous_dropped","all_data","Growth",0,"T","T","Calcifier","ZOO_STUDY_0365","ZOO_ES_000622","ZOO_COMMON_00615",1,"Calcifier_T",-0.18,0.82,0.808298632018268
"ambiguous_dropped","all_data","Growth",-0.00829880281469518,"pH","pH","Calcifier","ZOO_STUDY_0443","ZOO_ES_000627","ZOO_COMMON_00749",1,"Calcifier_pH",-0.3,0.7,0.717891385767143
"ambiguous_dropped","all_data","Growth",-0.0911864626204628,"T","T","Calcifier","ZOO_STUDY_0443","ZOO_ES_000628","ZOO_COMMON_00749",1,"Calcifier_T",-0.18,0.82,0.797291558333673
"ambiguous_dropped","all_data","Growth",-0.0692075559016876,"TpH","T + pH","Calcifier","ZOO_STUDY_0443","ZOO_ES_000629","ZOO_COMMON_00749",1,"Calcifier_T + pH",-0.06,0.94,0.937110003710259
"ambiguous_dropped","all_data","Growth",-0.135437970895104,"pH","pH","Calcifier","ZOO_STUDY_0238","ZOO_ES_000795","ZOO_COMMON_00406",1,"Calcifier_pH",-0.3,0.7,0.714946242282167
"ambiguous_dropped","all_data","Growth",-0.0339015516756813,"pH","pH","Calcifier","ZOO_STUDY_0238","ZOO_ES_000796","ZOO_COMMON_00406",1,"Calcifier_pH",-0.3,0.7,0.681094962998759
"ambiguous_dropped","all_data","Growth",0.0263173083173734,"T","T","Calcifier","ZOO_STUDY_0238","ZOO_ES_000800","ZOO_COMMON_00406",1,"Calcifier_T",-0.18,0.82,0.823047399187926
"ambiguous_dropped","all_data","Growth",-0.182321556793955,"TpH","T + pH","Calcifier","ZOO_STUDY_0238","ZOO_ES_000801","ZOO_COMMON_00406",1,"Calcifier_T + pH",-0.06,0.94,0.925326569480821
"ambiguous_dropped","all_data","Growth",-0.105360515657826,"TpH","T + pH","Calcifier","ZOO_STUDY_0238","ZOO_ES_000802","ZOO_COMMON_00406",1,"Calcifier_T + pH",-0.06,0.94,0.921376582512166
"ambiguous_dropped","all_data","Growth",-0.225856302084778,"pH","pH","Calcifier","ZOO_STUDY_0024","ZOO_ES_000962","ZOO_COMMON_00035",1,"Calcifier_pH",-0.3,0.7,0.712665393215138
"ambiguous_dropped","all_data","Growth",-0.220022798381081,"T","T","Calcifier","ZOO_STUDY_0024","ZOO_ES_000963","ZOO_COMMON_00035",1,"Calcifier_T",-0.18,0.82,0.839752267957665
"ambiguous_dropped","all_data","Growth",-0.398080156973153,"TpH","T + pH","Calcifier","ZOO_STUDY_0024","ZOO_ES_000964","ZOO_COMMON_00035",1,"Calcifier_T + pH",-0.06,0.94,0.933723138794303
"ambiguous_dropped","all_data","Growth",-0.0586425283508928,"pH","pH","Calcifier","ZOO_STUDY_0091","ZOO_ES_000965","ZOO_COMMON_00157",1,"Calcifier_pH",-0.3,0.7,0.708255759731401
"ambiguous_dropped","all_data","Growth",0,"T","T","Calcifier","ZOO_STUDY_0091","ZOO_ES_000974","ZOO_COMMON_00157",1,"Calcifier_T",-0.18,0.82,0.799742033046205
"ambiguous_dropped","all_data","Growth",-0.021646765013583,"TpH","T + pH","Calcifier","ZOO_STUDY_0091","ZOO_ES_000975","ZOO_COMMON_00157",1,"Calcifier_T + pH",-0.06,0.94,0.934198481889907
"ambiguous_dropped","all_data","Growth",-0.179507829433692,"pH","pH","Calcifier","ZOO_STUDY_0331","ZOO_ES_001000","ZOO_COMMON_00563",1,"Calcifier_pH",-0.3,0.7,0.68871918222867
"ambiguous_dropped","all_data","Growth",-0.0334158610896161,"pH","pH","Calcifier","ZOO_STUDY_0331","ZOO_ES_001001","ZOO_COMMON_00563",1,"Calcifier_pH",-0.3,0.7,0.715732001943979
"ambiguous_dropped","all_data","Growth",0.0636444774903327,"T","T","Calcifier","ZOO_STUDY_0331","ZOO_ES_001002","ZOO_COMMON_00563",1,"Calcifier_T",-0.18,0.82,0.817425817069598
"ambiguous_dropped","all_data","Growth",-0.213806636358021,"TpH","T + pH","Calcifier","ZOO_STUDY_0331","ZOO_ES_001006","ZOO_COMMON_00563",1,"Calcifier_T + pH",-0.06,0.94,0.95550321765244
"ambiguous_dropped","all_data","Growth",-0.196510189083738,"TpH","T + pH","Calcifier","ZOO_STUDY_0331","ZOO_ES_001007","ZOO_COMMON_00563",1,"Calcifier_T + pH",-0.06,0.94,0.955619475475978
"ambiguous_dropped","all_data","Growth",-4.65188781055555,"pH","pH","Calcifier","ZOO_STUDY_0013","ZOO_ES_001336","ZOO_COMMON_00020",1,"Calcifier_pH",-0.3,0.7,0.714717116055544
"ambiguous_dropped","all_data","Growth",-4.65188781055555,"T","T","Calcifier","ZOO_STUDY_0013","ZOO_ES_001337","ZOO_COMMON_00021",1,"Calcifier_T",-0.18,0.82,0.816991584380157
"ambiguous_dropped","all_data","Growth",-4.65188781055555,"TpH","T + pH","Calcifier","ZOO_STUDY_0013","ZOO_ES_001338","ZOO_COMMON_00019",1,"Calcifier_T + pH",-0.06,0.94,0.952723757931963
"ambiguous_dropped","all_data","Growth",-1.44304717771234,"TpH","T + pH","Calcifier","ZOO_STUDY_0120","ZOO_ES_001355","ZOO_COMMON_00209",1,"Calcifier_T + pH",-0.06,0.94,0.946461056577973
"ambiguous_dropped","all_data","Growth",-1.44304717771234,"pH","pH","Calcifier","ZOO_STUDY_0120","ZOO_ES_001356","ZOO_COMMON_00210",1,"Calcifier_pH",-0.3,0.7,0.710509120067581
"ambiguous_dropped","all_data","Growth",-1.44304717771234,"T","T","Calcifier","ZOO_STUDY_0120","ZOO_ES_001357","ZOO_COMMON_00211",1,"Calcifier_T",-0.18,0.82,0.79503123866627
"ambiguous_dropped","all_data","Growth",-2.56496850168211,"T","T","Calcifier","ZOO_STUDY_0342","ZOO_ES_001370","ZOO_COMMON_00583",1,"Calcifier_T",-0.18,0.82,0.818765828704927
"ambiguous_dropped","all_data","Growth",-2.56496850168211,"TpH","T + pH","Calcifier","ZOO_STUDY_0342","ZOO_ES_001371","ZOO_COMMON_00581",1,"Calcifier_T + pH",-0.06,0.94,0.926005944258068
"ambiguous_dropped","all_data","Growth",-3.51272898088955,"pH","pH","Calcifier","ZOO_STUDY_0373","ZOO_ES_001372","ZOO_COMMON_00628",1,"Calcifier_pH",-0.3,0.7,0.693990826886147
"ambiguous_dropped","all_data","Growth",-3.51272898088955,"T","T","Calcifier","ZOO_STUDY_0373","ZOO_ES_001373","ZOO_COMMON_00630",1,"Calcifier_T",-0.18,0.82,0.825638550163712
"ambiguous_dropped","all_data","Growth",-3.51272898088955,"TpH","T + pH","Calcifier","ZOO_STUDY_0373","ZOO_ES_001374","ZOO_COMMON_00626",1,"Calcifier_T + pH",-0.06,0.94,0.932589895462152
"ambiguous_dropped","all_data","Growth",-3.25037449192757,"pH","pH","Calcifier","ZOO_STUDY_0516","ZOO_ES_001381","ZOO_COMMON_00882",1,"Calcifier_pH",-0.3,0.7,0.68055677121738
"ambiguous_dropped","all_data","Growth",-3.25037449192757,"T","T","Calcifier","ZOO_STUDY_0516","ZOO_ES_001382","ZOO_COMMON_00883",1,"Calcifier_T",-0.18,0.82,0.807180973635987
"ambiguous_dropped","all_data","Growth",-3.25037449192757,"TpH","T + pH","Calcifier","ZOO_STUDY_0516","ZOO_ES_001383","ZOO_COMMON_00881",1,"Calcifier_T + pH",-0.06,0.94,0.948402779372409
"ambiguous_dropped","all_data","Growth",-0.103690824272377,"pH","pH","Calcifier","ZOO_STUDY_0215","ZOO_ES_001646","ZOO_COMMON_00371",1,"Calcifier_pH",-0.3,0.7,0.695882338983938
"ambiguous_dropped","all_data","Growth",-0.116702847594022,"pH","pH","Calcifier","ZOO_STUDY_0215","ZOO_ES_001647","ZOO_COMMON_00371",1,"Calcifier_pH",-0.3,0.7,0.714409791701473
"ambiguous_dropped","all_data","Growth",-0.123096506609869,"pH","pH","Calcifier","ZOO_STUDY_0215","ZOO_ES_001648","ZOO_COMMON_00371",1,"Calcifier_pH",-0.3,0.7,0.680143232212868
"ambiguous_dropped","all_data","Growth",-0.184246346345864,"pH","pH","Calcifier","ZOO_STUDY_0215","ZOO_ES_001649","ZOO_COMMON_00371",1,"Calcifier_pH",-0.3,0.7,0.69674463707488
"ambiguous_dropped","all_data","Growth",0.00285713738117275,"pH","pH","Calcifier","ZOO_STUDY_0356","ZOO_ES_001681","ZOO_COMMON_00600",1,"Calcifier_pH",-0.3,0.7,0.724247848999221
"ambiguous_dropped","all_data","Growth",-0.0202319220620794,"pH","pH","Calcifier","ZOO_STUDY_0356","ZOO_ES_001682","ZOO_COMMON_00600",1,"Calcifier_pH",-0.3,0.7,0.719652555719949
"ambiguous_dropped","all_data","Growth",-0.034938067340934,"pH","pH","Calcifier","ZOO_STUDY_0356","ZOO_ES_001683","ZOO_COMMON_00600",1,"Calcifier_pH",-0.3,0.7,0.719323453039396
"ambiguous_dropped","all_data","Growth",-0.205770314303627,"pH","pH","Calcifier","ZOO_STUDY_0356","ZOO_ES_001684","ZOO_COMMON_00600",1,"Calcifier_pH",-0.3,0.7,0.683752632513642
"ambiguous_dropped","all_data","Growth",0,"pH","pH","Calcifier","ZOO_STUDY_0357","ZOO_ES_001685","ZOO_COMMON_00601",1,"Calcifier_pH",-0.3,0.7,0.681534784578253
"ambiguous_dropped","all_data","Growth",-0.0233246746123202,"pH","pH","Calcifier","ZOO_STUDY_0357","ZOO_ES_001686","ZOO_COMMON_00601",1,"Calcifier_pH",-0.3,0.7,0.707655096251983
"ambiguous_dropped","all_data","Growth",-0.0322136049151541,"pH","pH","Calcifier","ZOO_STUDY_0357","ZOO_ES_001687","ZOO_COMMON_00601",1,"Calcifier_pH",-0.3,0.7,0.69217582361307
"ambiguous_dropped","all_data","Growth",-0.129013015277842,"pH","pH","Calcifier","ZOO_STUDY_0356","ZOO_ES_001688","ZOO_COMMON_00599",1,"Calcifier_pH",-0.3,0.7,0.707837906398345
"ambiguous_dropped","all_data","Growth",0.090759147968906,"pH","pH","Calcifier","ZOO_STUDY_0001","ZOO_ES_001728","ZOO_COMMON_00001",1,"Calcifier_pH",-0.3,0.7,0.691018662124407
"ambiguous_dropped","all_data","Growth",0.0199911464785647,"pH","pH","Calcifier","ZOO_STUDY_0002","ZOO_ES_001729","ZOO_COMMON_00002",1,"Calcifier_pH",-0.3,0.7,0.684384555963334
"ambiguous_dropped","all_data","Growth",0.0565498173966677,"pH","pH","Calcifier","ZOO_STUDY_0003","ZOO_ES_001730","ZOO_COMMON_00003",1,"Calcifier_pH",-0.3,0.7,0.714114715065807
"ambiguous_dropped","all_data","Growth",-0.0272921422880075,"pH","pH","Calcifier","ZOO_STUDY_0004","ZOO_ES_001731","ZOO_COMMON_00004",1,"Calcifier_pH",-0.3,0.7,0.679679749335628
"ambiguous_dropped","all_data","Growth",-0.330563799935047,"pH","pH","Calcifier","ZOO_STUDY_0034","ZOO_ES_001732","ZOO_COMMON_00049",1,"Calcifier_pH",-0.3,0.7,0.698338952078484
"ambiguous_dropped","all_data","Growth",-0.0393973291904765,"T","T","Calcifier","ZOO_STUDY_0062","ZOO_ES_001733","ZOO_COMMON_00096",1,"Calcifier_T",-0.18,0.82,0.820575272995047
"ambiguous_dropped","all_data","Growth",-0.179989647458976,"pH","pH","Calcifier","ZOO_STUDY_0063","ZOO_ES_001734","ZOO_COMMON_00097",1,"Calcifier_pH",-0.3,0.7,0.7049994479632
"ambiguous_dropped","all_data","Growth",0.0954004977234614,"T","T","Calcifier","ZOO_STUDY_0103","ZOO_ES_001735","ZOO_COMMON_00179",1,"Calcifier_T",-0.18,0.82,0.811641177015845
"ambiguous_dropped","all_data","Growth",-0.0594135280508674,"pH","pH","Calcifier","ZOO_STUDY_0168","ZOO_ES_001736","ZOO_COMMON_00294",1,"Calcifier_pH",-0.3,0.7,0.69943065168336
"ambiguous_dropped","all_data","Growth",-0.0713533219425517,"pH","pH","Calcifier","ZOO_STUDY_0229","ZOO_ES_001737","ZOO_COMMON_00396",1,"Calcifier_pH",-0.3,0.7,0.722723691374995
"ambiguous_dropped","all_data","Growth",0.0313283948492955,"T","T","Calcifier","ZOO_STUDY_0230","ZOO_ES_001738","ZOO_COMMON_00397",1,"Calcifier_T",-0.18,0.82,0.81914511985844
"ambiguous_dropped","all_data","Growth",0.00653597097978545,"pH","pH","Calcifier","ZOO_STUDY_0232","ZOO_ES_001739","ZOO_COMMON_00399",1,"Calcifier_pH",-0.3,0.7,0.719517511106096
"ambiguous_dropped","all_data","Growth",0.0238390311760524,"pH","pH","Calcifier","ZOO_STUDY_0231","ZOO_ES_001740","ZOO_COMMON_00398",1,"Calcifier_pH",-0.3,0.7,0.720721909345593
"ambiguous_dropped","all_data","Growth",-0.08934510033585,"pH","pH","Calcifier","ZOO_STUDY_0233","ZOO_ES_001741","ZOO_COMMON_00400",1,"Calcifier_pH",-0.3,0.7,0.705436749116052
"ambiguous_dropped","all_data","Growth",-0.0368705358083277,"pH","pH","Calcifier","ZOO_STUDY_0299","ZOO_ES_001742","ZOO_COMMON_00501",1,"Calcifier_pH",-0.3,0.7,0.695534488826524
"ambiguous_dropped","all_data","Growth",-0.00821180468509994,"pH","pH","Calcifier","ZOO_STUDY_0338","ZOO_ES_001743","ZOO_COMMON_00573",1,"Calcifier_pH",-0.3,0.7,0.68235473454697
"ambiguous_dropped","all_data","Growth",-0.119242212143982,"pH","pH","Calcifier","ZOO_STUDY_0363","ZOO_ES_001744","ZOO_COMMON_00612",1,"Calcifier_pH",-0.3,0.7,0.721764990163501
"ambiguous_dropped","all_data","Growth",0.0125708757872427,"pH","pH","Calcifier","ZOO_STUDY_0399","ZOO_ES_001745","ZOO_COMMON_00671",1,"Calcifier_pH",-0.3,0.7,0.690061444998719
"ambiguous_dropped","all_data","Growth",-0.248226105672568,"pH","pH","Calcifier","ZOO_STUDY_0422","ZOO_ES_001746","ZOO_COMMON_00716",1,"Calcifier_pH",-0.3,0.7,0.67803602857748
"ambiguous_dropped","all_data","Growth",-0.318849906984096,"pH","pH","Calcifier","ZOO_STUDY_0422","ZOO_ES_001747","ZOO_COMMON_00715",1,"Calcifier_pH",-0.3,0.7,0.722386347001884
"ambiguous_dropped","all_data","Growth",-0.690051975652643,"pH","pH","Calcifier","ZOO_STUDY_0422","ZOO_ES_001748","ZOO_COMMON_00714",1,"Calcifier_pH",-0.3,0.7,0.711029813671485
"ambiguous_dropped","all_data","Growth",-0.626554534927205,"pH","pH","Calcifier","ZOO_STUDY_0423","ZOO_ES_001749","ZOO_COMMON_00718",1,"Calcifier_pH",-0.3,0.7,0.682114714779891
"ambiguous_dropped","all_data","Growth",-0.328252858027677,"pH","pH","Calcifier","ZOO_STUDY_0423","ZOO_ES_001750","ZOO_COMMON_00717",1,"Calcifier_pH",-0.3,0.7,0.702464232803322
"ambiguous_dropped","all_data","Growth",-0.138402322859119,"pH","pH","Calcifier","ZOO_STUDY_0499","ZOO_ES_001751","ZOO_COMMON_00859",1,"Calcifier_pH",-0.3,0.7,0.722704561927821
"ambiguous_dropped","all_data","Growth",0.19249359897025,"pH","pH","Calcifier","ZOO_STUDY_0520","ZOO_ES_001752","ZOO_COMMON_00888",1,"Calcifier_pH",-0.3,0.7,0.704274167655967
"ambiguous_dropped","all_data","Growth",0.0246007677555948,"T","T","Calcifier","ZOO_STUDY_0269","ZOO_ES_001856","ZOO_COMMON_00449",1,"Calcifier_T",-0.18,0.82,0.81522551408736
"ambiguous_dropped","all_data","Growth",-0.00561011289076679,"T","T","Calcifier","ZOO_STUDY_0269","ZOO_ES_001857","ZOO_COMMON_00449",1,"Calcifier_T",-0.18,0.82,0.827394673966337
"ambiguous_dropped","all_data","Growth",-0.0744059434679108,"T","T","Calcifier","ZOO_STUDY_0269","ZOO_ES_001858","ZOO_COMMON_00449",1,"Calcifier_T",-0.18,0.82,0.810991030854639
"ambiguous_dropped","all_data","Growth",0.0292245532915308,"T","T","Calcifier","ZOO_STUDY_0269","ZOO_ES_001859","ZOO_COMMON_00449",1,"Calcifier_T",-0.18,0.82,0.810386000543367
"ambiguous_dropped","all_data","Growth",-0.0264182842890616,"T","T","Calcifier","ZOO_STUDY_0269","ZOO_ES_001860","ZOO_COMMON_00449",1,"Calcifier_T",-0.18,0.82,0.80598838156322
"ambiguous_dropped","all_data","Growth",-0.1023641267058,"T","T","Calcifier","ZOO_STUDY_0269","ZOO_ES_001861","ZOO_COMMON_00449",1,"Calcifier_T",-0.18,0.82,0.81347444329178
"ambiguous_dropped","all_data","Growth",0.274559537561309,"T","T","Calcifier","ZOO_STUDY_0286","ZOO_ES_001867","ZOO_COMMON_00482",1,"Calcifier_T",-0.18,0.82,0.844210960173514
"ambiguous_dropped","all_data","Growth",-1.58220476197574,"T","T","Calcifier","ZOO_STUDY_0286","ZOO_ES_001868","ZOO_COMMON_00482",1,"Calcifier_T",-0.18,0.82,0.802710115041118
"ambiguous_dropped","all_data","Growth",0.148291808207643,"T","T","Calcifier","ZOO_STUDY_0286","ZOO_ES_001869","ZOO_COMMON_00482",1,"Calcifier_T",-0.18,0.82,0.799552199994214
"ambiguous_dropped","all_data","Growth",-0.0430446196825269,"T","T","Calcifier","ZOO_STUDY_0286","ZOO_ES_001870","ZOO_COMMON_00482",1,"Calcifier_T",-0.18,0.82,0.802095345389098
"ambiguous_dropped","all_data","Growth",0.133382748997344,"T","T","Calcifier","ZOO_STUDY_0286","ZOO_ES_001871","ZOO_COMMON_00482",1,"Calcifier_T",-0.18,0.82,0.829500355075579
"ambiguous_dropped","all_data","Growth",0.34459273463672,"T","T","Calcifier","ZOO_STUDY_0286","ZOO_ES_001872","ZOO_COMMON_00482",1,"Calcifier_T",-0.18,0.82,0.825962824169546
"ambiguous_dropped","all_data","Growth",0.136877523096293,"T","T","Calcifier","ZOO_STUDY_0286","ZOO_ES_001881","ZOO_COMMON_00482",1,"Calcifier_T",-0.18,0.82,0.83956970585743
"ambiguous_dropped","all_data","Growth",0.184553554044341,"T","T","Calcifier","ZOO_STUDY_0286","ZOO_ES_001882","ZOO_COMMON_00482",1,"Calcifier_T",-0.18,0.82,0.828649954630528
"ambiguous_dropped","all_data","Growth",-0.0175443096509095,"T","T","Calcifier","ZOO_STUDY_0320","ZOO_ES_001906","ZOO_COMMON_00545",1,"Calcifier_T",-0.18,0.82,0.831853886896279
"ambiguous_dropped","all_data","Growth",0.0471467784257021,"T","T","Calcifier","ZOO_STUDY_0320","ZOO_ES_001908","ZOO_COMMON_00545",1,"Calcifier_T",-0.18,0.82,0.821056786288973
"ambiguous_dropped","all_data","Growth",-0.0459488093400321,"T","T","Calcifier","ZOO_STUDY_0343","ZOO_ES_001922","ZOO_COMMON_00585",1,"Calcifier_T",-0.18,0.82,0.82799192248378
"ambiguous_dropped","all_data","Growth",-0.102308024246768,"T","T","Calcifier","ZOO_STUDY_0343","ZOO_ES_001923","ZOO_COMMON_00585",1,"Calcifier_T",-0.18,0.82,0.836090273007285
"ambiguous_dropped","all_data","Growth",-0.104699000764653,"T","T","Calcifier","ZOO_STUDY_0382","ZOO_ES_001927","ZOO_COMMON_00641",1,"Calcifier_T",-0.18,0.82,0.834314077585004
"ambiguous_dropped","all_data","Growth",-0.0323629758996018,"T","T","Calcifier","ZOO_STUDY_0382","ZOO_ES_001928","ZOO_COMMON_00641",1,"Calcifier_T",-0.18,0.82,0.843991095868405
"ambiguous_dropped","all_data","Growth",-0.0708335749910732,"T","T","Calcifier","ZOO_STUDY_0382","ZOO_ES_001929","ZOO_COMMON_00641",1,"Calcifier_T",-0.18,0.82,0.816971576812211
"ambiguous_dropped","all_data","Growth",-0.101351494160778,"T","T","Calcifier","ZOO_STUDY_0382","ZOO_ES_001930","ZOO_COMMON_00641",1,"Calcifier_T",-0.18,0.82,0.810585110103712
"ambiguous_dropped","all_data","Growth",-0.172863261999839,"T","T","Calcifier","ZOO_STUDY_0382","ZOO_ES_001931","ZOO_COMMON_00641",1,"Calcifier_T",-0.18,0.82,0.815473747630604
"ambiguous_dropped","all_data","Growth",-0.0487282700702159,"T","T","Calcifier","ZOO_STUDY_0382","ZOO_ES_001932","ZOO_COMMON_00641",1,"Calcifier_T",-0.18,0.82,0.795523355591577
"ambiguous_dropped","all_data","Growth",-0.00938974034983903,"pH","pH","Calcifier","ZOO_STUDY_0117","ZOO_ES_001993","ZOO_COMMON_00202",1,"Calcifier_pH",-0.3,0.7,0.684192476200405
"ambiguous_dropped","all_data","Growth",0,"pH","pH","Calcifier","ZOO_STUDY_0117","ZOO_ES_001994","ZOO_COMMON_00203",1,"Calcifier_pH",-0.3,0.7,0.71713646594435
"ambiguous_dropped","all_data","Growth",0.0295588022415444,"pH","pH","Calcifier","ZOO_STUDY_0117","ZOO_ES_001995","ZOO_COMMON_00204",1,"Calcifier_pH",-0.3,0.7,0.686558089102618
"ambiguous_dropped","all_data","Growth",-0.0294138852062933,"pH","pH","Calcifier","ZOO_STUDY_0117","ZOO_ES_001996","ZOO_COMMON_00201",1,"Calcifier_pH",-0.3,0.7,0.686954997782595
"ambiguous_dropped","all_data","Growth",0.00798407434822055,"pH","pH","Calcifier","ZOO_STUDY_0117","ZOO_ES_001997","ZOO_COMMON_00205",1,"Calcifier_pH",-0.3,0.7,0.678834558266681
"ambiguous_dropped","all_data","Growth",0.829279354884525,"T","T","Calcifier","ZOO_STUDY_0119","ZOO_ES_002001","ZOO_COMMON_00208",1,"Calcifier_T",-0.18,0.82,0.807286183901597
"ambiguous_dropped","all_data","Growth",-0.0168071183163813,"pH","pH","Calcifier","ZOO_STUDY_0153","ZOO_ES_002016","ZOO_COMMON_00260",1,"Calcifier_pH",-0.3,0.7,0.711606760276482
"ambiguous_dropped","all_data","Growth",0,"pH","pH","Calcifier","ZOO_STUDY_0153","ZOO_ES_002017","ZOO_COMMON_00261",1,"Calcifier_pH",-0.3,0.7,0.717372658255044
"ambiguous_dropped","all_data","Growth",0.00803217169726425,"pH","pH","Calcifier","ZOO_STUDY_0153","ZOO_ES_002018","ZOO_COMMON_00259",1,"Calcifier_pH",-0.3,0.7,0.699876363354269
"ambiguous_dropped","all_data","Growth",-0.0621374189913339,"pH","pH","Calcifier","ZOO_STUDY_0189","ZOO_ES_002023","ZOO_COMMON_00330",1,"Calcifier_pH",-0.3,0.7,0.694395451492164
"ambiguous_dropped","all_data","Growth",-0.0335376837557201,"pH","pH","Calcifier","ZOO_STUDY_0189","ZOO_ES_002024","ZOO_COMMON_00331",1,"Calcifier_pH",-0.3,0.7,0.687322449707426
"ambiguous_dropped","all_data","Growth",0.0350913198112702,"pH","pH","Calcifier","ZOO_STUDY_0200","ZOO_ES_002029","ZOO_COMMON_00352",1,"Calcifier_pH",-0.3,0.7,0.680554823065177
"ambiguous_dropped","all_data","Growth",0.0578195708888262,"pH","pH","Calcifier","ZOO_STUDY_0200","ZOO_ES_002030","ZOO_COMMON_00352",1,"Calcifier_pH",-0.3,0.7,0.694499721762258
"ambiguous_dropped","all_data","Growth",-0.582723362945572,"pH","pH","Calcifier","ZOO_STUDY_0255","ZOO_ES_002033","ZOO_COMMON_00431",1,"Calcifier_pH",-0.3,0.7,0.703596765699331
"ambiguous_dropped","all_data","Growth",-0.128617377822093,"pH","pH","Calcifier","ZOO_STUDY_0267","ZOO_ES_002034","ZOO_COMMON_00446",1,"Calcifier_pH",-0.3,0.7,0.685844638140406
"ambiguous_dropped","all_data","Growth",-0.182321556793955,"pH","pH","Calcifier","ZOO_STUDY_0309","ZOO_ES_002038","ZOO_COMMON_00530",1,"Calcifier_pH",-0.3,0.7,0.697238400101196
"ambiguous_dropped","all_data","Growth",-0.133531392624523,"pH","pH","Calcifier","ZOO_STUDY_0310","ZOO_ES_002042","ZOO_COMMON_00531",1,"Calcifier_pH",-0.3,0.7,0.685899533436168
"ambiguous_dropped","all_data","Growth",-1.75785791755237,"T","T","Calcifier","ZOO_STUDY_0310","ZOO_ES_002043","ZOO_COMMON_00531",1,"Calcifier_T",-0.18,0.82,0.820114978163037
"ambiguous_dropped","all_data","Growth",-0.728238500371215,"TpH","T + pH","Calcifier","ZOO_STUDY_0310","ZOO_ES_002044","ZOO_COMMON_00531",1,"Calcifier_T + pH",-0.06,0.94,0.932695228592493
"ambiguous_dropped","all_data","Growth",-0.108213584640233,"pH","pH","Calcifier","ZOO_STUDY_0321","ZOO_ES_002052","ZOO_COMMON_00547",1,"Calcifier_pH",-0.3,0.7,0.707499257940799
"ambiguous_dropped","all_data","Growth",0.011560822401076,"pH","pH","Calcifier","ZOO_STUDY_0400","ZOO_ES_002059","ZOO_COMMON_00672",1,"Calcifier_pH",-0.3,0.7,0.693735697830562
"ambiguous_dropped","all_data","Growth",0.154150679827258,"pH","pH","Calcifier","ZOO_STUDY_0400","ZOO_ES_002060","ZOO_COMMON_00673",1,"Calcifier_pH",-0.3,0.7,0.692772269039415
"ambiguous_dropped","all_data","Growth",-0.249654676862542,"pH","pH","Calcifier","ZOO_STUDY_0400","ZOO_ES_002061","ZOO_COMMON_00672",1,"Calcifier_pH",-0.3,0.7,0.701684397272766
"ambiguous_dropped","all_data","Growth",0.117783035656384,"pH","pH","Calcifier","ZOO_STUDY_0400","ZOO_ES_002062","ZOO_COMMON_00673",1,"Calcifier_pH",-0.3,0.7,0.712016718019731
"ambiguous_dropped","all_data","Growth",-0.162518929497775,"pH","pH","Calcifier","ZOO_STUDY_0429","ZOO_ES_002077","ZOO_COMMON_00725",1,"Calcifier_pH",-0.3,0.7,0.686055146891158
"ambiguous_dropped","all_data","Growth",0.485507815781701,"pH","pH","Calcifier","ZOO_STUDY_0429","ZOO_ES_002078","ZOO_COMMON_00727",1,"Calcifier_pH",-0.3,0.7,0.695637305930722
"ambiguous_dropped","all_data","Growth",-0.336472236621213,"T","T","Calcifier","ZOO_STUDY_0429","ZOO_ES_002079","ZOO_COMMON_00724",1,"Calcifier_T",-0.18,0.82,0.808284334342461
"ambiguous_dropped","all_data","Growth",-0.782759339249632,"TpH","T + pH","Calcifier","ZOO_STUDY_0429","ZOO_ES_002080","ZOO_COMMON_00724",1,"Calcifier_T + pH",-0.06,0.94,0.946498652673326
"ambiguous_dropped","all_data","Growth",0.0953101798043247,"T","T","Calcifier","ZOO_STUDY_0429","ZOO_ES_002081","ZOO_COMMON_00726",1,"Calcifier_T",-0.18,0.82,0.804191424539313
"ambiguous_dropped","all_data","Growth",-0.22314355131421,"TpH","T + pH","Calcifier","ZOO_STUDY_0429","ZOO_ES_002082","ZOO_COMMON_00726",1,"Calcifier_T + pH",-0.06,0.94,0.958182205571793
"ambiguous_dropped","all_data","Growth",0.133531392624523,"pH","pH","Calcifier","ZOO_STUDY_0497","ZOO_ES_002152","ZOO_COMMON_00848",1,"Calcifier_pH",-0.3,0.7,0.712328400206752
"ambiguous_dropped","all_data","Growth",-0.0571584138399485,"pH","pH","Calcifier","ZOO_STUDY_0497","ZOO_ES_002153","ZOO_COMMON_00851",1,"Calcifier_pH",-0.3,0.7,0.708414232486393
"ambiguous_dropped","all_data","Growth",0.366244394954883,"pH","pH","Calcifier","ZOO_STUDY_0497","ZOO_ES_002154","ZOO_COMMON_00855",1,"Calcifier_pH",-0.3,0.7,0.705900893663056
"ambiguous_dropped","all_data","Growth",-0.297251523467932,"pH","pH","Calcifier","ZOO_STUDY_0497","ZOO_ES_002157","ZOO_COMMON_00848",1,"Calcifier_pH",-0.3,0.7,0.693611903011333
"ambiguous_dropped","all_data","Growth",-0.182321556793955,"pH","pH","Calcifier","ZOO_STUDY_0497","ZOO_ES_002158","ZOO_COMMON_00851",1,"Calcifier_pH",-0.3,0.7,0.701491784292739
"ambiguous_dropped","all_data","Growth",0.238411023444998,"pH","pH","Calcifier","ZOO_STUDY_0497","ZOO_ES_002159","ZOO_COMMON_00855",1,"Calcifier_pH",-0.3,0.7,0.718734117143322
"ambiguous_dropped","all_data","Growth",-0.253673087496846,"pH","pH","Calcifier","ZOO_STUDY_0536","ZOO_ES_002176","ZOO_COMMON_00910",1,"Calcifier_pH",-0.3,0.7,0.704087504989002
"ambiguous_dropped","all_data","Growth",-2.24275164283492,"pH","pH","Calcifier","ZOO_STUDY_0536","ZOO_ES_002177","ZOO_COMMON_00910",1,"Calcifier_pH",-0.3,0.7,0.716988388239406
"ambiguous_dropped","all_data","Growth",-0.0782007473074749,"T","T","Calcifier","ZOO_STUDY_0161","ZOO_ES_002183","ZOO_COMMON_00282",1,"Calcifier_T",-0.18,0.82,0.81062240824569
"ambiguous_dropped","all_data","Growth",-0.071524518408731,"TpH","T + pH","Calcifier","ZOO_STUDY_0162","ZOO_ES_002184","ZOO_COMMON_00284",1,"Calcifier_T + pH",-0.06,0.94,0.950414516110904
"ambiguous_dropped","all_data","Growth",0.0339015516756814,"T","T","Calcifier","ZOO_STUDY_0216","ZOO_ES_002185","ZOO_COMMON_00372",1,"Calcifier_T",-0.18,0.82,0.808250890304335
"ambiguous_dropped","all_data","Growth",-0.231801614057324,"TpH","T + pH","Calcifier","ZOO_STUDY_0216","ZOO_ES_002186","ZOO_COMMON_00372",1,"Calcifier_T + pH",-0.06,0.94,0.944717159701977
"ambiguous_dropped","all_data","Growth",-0.276253376628158,"TpH","T + pH","Calcifier","ZOO_STUDY_0216","ZOO_ES_002187","ZOO_COMMON_00372",1,"Calcifier_T + pH",-0.06,0.94,0.939064490024466
"ambiguous_dropped","all_data","Growth",0.0933319397922189,"pH","pH","Calcifier","ZOO_STUDY_0292","ZOO_ES_002191","ZOO_COMMON_00490",1,"Calcifier_pH",-0.3,0.7,0.688251636573114
"ambiguous_dropped","all_data","Growth",-0.313434568554196,"pH","pH","Calcifier","ZOO_STUDY_0292","ZOO_ES_002192","ZOO_COMMON_00491",1,"Calcifier_pH",-0.3,0.7,0.703229521738831
"ambiguous_dropped","all_data","Growth",0.201052593500018,"T","T","Calcifier","ZOO_STUDY_0292","ZOO_ES_002193","ZOO_COMMON_00490",1,"Calcifier_T",-0.18,0.82,0.840659411151428
"ambiguous_dropped","all_data","Growth",-0.369360103466048,"TpH","T + pH","Calcifier","ZOO_STUDY_0292","ZOO_ES_002194","ZOO_COMMON_00490",1,"Calcifier_T + pH",-0.06,0.94,0.960093719474971
"ambiguous_dropped","all_data","Growth",-0.184003642976939,"TpH","T + pH","Calcifier","ZOO_STUDY_0292","ZOO_ES_002195","ZOO_COMMON_00490",1,"Calcifier_T + pH",-0.06,0.94,0.928708331075031
"ambiguous_dropped","all_data","Growth",-0.0786431273191131,"T","T","Calcifier","ZOO_STUDY_0292","ZOO_ES_002196","ZOO_COMMON_00490",1,"Calcifier_T",-0.18,0.82,0.811074137820397
"ambiguous_dropped","all_data","Growth",-0.230523658611832,"TpH","T + pH","Calcifier","ZOO_STUDY_0292","ZOO_ES_002197","ZOO_COMMON_00490",1,"Calcifier_T + pH",-0.06,0.94,0.964282044218853
"ambiguous_dropped","all_data","Growth",-0.0539505147287416,"TpH","T + pH","Calcifier","ZOO_STUDY_0292","ZOO_ES_002198","ZOO_COMMON_00490",1,"Calcifier_T + pH",-0.06,0.94,0.945999665509444
"ambiguous_dropped","all_data","Growth",-0.065118399379393,"T","T","Calcifier","ZOO_STUDY_0292","ZOO_ES_002199","ZOO_COMMON_00491",1,"Calcifier_T",-0.18,0.82,0.841865704457741
"ambiguous_dropped","all_data","Growth",0.33336181420682,"TpH","T + pH","Calcifier","ZOO_STUDY_0292","ZOO_ES_002200","ZOO_COMMON_00491",1,"Calcifier_T + pH",-0.06,0.94,0.938326635116246
"ambiguous_dropped","all_data","Growth",0.191338750444143,"TpH","T + pH","Calcifier","ZOO_STUDY_0292","ZOO_ES_002201","ZOO_COMMON_00491",1,"Calcifier_T + pH",-0.06,0.94,0.935341629663017
"ambiguous_dropped","all_data","Growth",0.139761942375159,"T","T","Calcifier","ZOO_STUDY_0292","ZOO_ES_002202","ZOO_COMMON_00491",1,"Calcifier_T",-0.18,0.82,0.827961516210344
"ambiguous_dropped","all_data","Growth",0.143535531758798,"TpH","T + pH","Calcifier","ZOO_STUDY_0292","ZOO_ES_002203","ZOO_COMMON_00491",1,"Calcifier_T + pH",-0.06,0.94,0.922617330842186
"ambiguous_dropped","all_data","Growth",0.426971313329128,"TpH","T + pH","Calcifier","ZOO_STUDY_0292","ZOO_ES_002204","ZOO_COMMON_00491",1,"Calcifier_T + pH",-0.06,0.94,0.943643352910876
"ambiguous_dropped","all_data","Growth",0.208544751893057,"T","T","Calcifier","ZOO_STUDY_0292","ZOO_ES_002205","ZOO_COMMON_00490",1,"Calcifier_T",-0.18,0.82,0.806936301342212
"ambiguous_dropped","all_data","Growth",0.218786245945254,"TpH","T + pH","Calcifier","ZOO_STUDY_0292","ZOO_ES_002206","ZOO_COMMON_00490",1,"Calcifier_T + pH",-0.06,0.94,0.963117946821731
"ambiguous_dropped","all_data","Growth",0.452643668383255,"TpH","T + pH","Calcifier","ZOO_STUDY_0292","ZOO_ES_002207","ZOO_COMMON_00490",1,"Calcifier_T + pH",-0.06,0.94,0.945068286298774
"ambiguous_dropped","all_data","Growth",0.0232776848693454,"T","T","Calcifier","ZOO_STUDY_0292","ZOO_ES_002208","ZOO_COMMON_00490",1,"Calcifier_T",-0.18,0.82,0.820751486362424
"ambiguous_dropped","all_data","Growth",0.124203603459306,"TpH","T + pH","Calcifier","ZOO_STUDY_0292","ZOO_ES_002209","ZOO_COMMON_00490",1,"Calcifier_T + pH",-0.06,0.94,0.935128667110112
"ambiguous_dropped","all_data","Growth",-0.182321556793955,"TpH","T + pH","Calcifier","ZOO_STUDY_0292","ZOO_ES_002210","ZOO_COMMON_00490",1,"Calcifier_T + pH",-0.06,0.94,0.9590123270615
"ambiguous_dropped","all_data","Growth",0.266267977947964,"T","T","Calcifier","ZOO_STUDY_0292","ZOO_ES_002211","ZOO_COMMON_00491",1,"Calcifier_T",-0.18,0.82,0.813204593239352
"ambiguous_dropped","all_data","Growth",0.382606970032114,"TpH","T + pH","Calcifier","ZOO_STUDY_0292","ZOO_ES_002213","ZOO_COMMON_00491",1,"Calcifier_T + pH",-0.06,0.94,0.929411964034662
"ambiguous_dropped","all_data","Growth",0.112117298120706,"T","T","Calcifier","ZOO_STUDY_0292","ZOO_ES_002214","ZOO_COMMON_00491",1,"Calcifier_T",-0.18,0.82,0.803532261755318
"ambiguous_dropped","all_data","Growth",0.219747962313072,"TpH","T + pH","Calcifier","ZOO_STUDY_0292","ZOO_ES_002216","ZOO_COMMON_00491",1,"Calcifier_T + pH",-0.06,0.94,0.923608587319031
"ambiguous_dropped","all_data","Growth",0.056921727448311,"T","T","Calcifier","ZOO_STUDY_0292","ZOO_ES_002241","ZOO_COMMON_00490",1,"Calcifier_T",-0.18,0.82,0.819102130276151
"ambiguous_dropped","all_data","Growth",-0.0247991145341326,"TpH","T + pH","Calcifier","ZOO_STUDY_0292","ZOO_ES_002242","ZOO_COMMON_00490",1,"Calcifier_T + pH",-0.06,0.94,0.92764824642567
"ambiguous_dropped","all_data","Growth",-0.026984907754113,"TpH","T + pH","Calcifier","ZOO_STUDY_0292","ZOO_ES_002243","ZOO_COMMON_00490",1,"Calcifier_T + pH",-0.06,0.94,0.925812739480752
"ambiguous_dropped","all_data","Growth",0.0457936409389037,"T","T","Calcifier","ZOO_STUDY_0292","ZOO_ES_002244","ZOO_COMMON_00490",1,"Calcifier_T",-0.18,0.82,0.828718819404021
"ambiguous_dropped","all_data","Growth",-0.0215293568525759,"TpH","T + pH","Calcifier","ZOO_STUDY_0292","ZOO_ES_002245","ZOO_COMMON_00490",1,"Calcifier_T + pH",-0.06,0.94,0.91738318137126
"ambiguous_dropped","all_data","Growth",0.0314491326825033,"TpH","T + pH","Calcifier","ZOO_STUDY_0292","ZOO_ES_002246","ZOO_COMMON_00490",1,"Calcifier_T + pH",-0.06,0.94,0.950042654373683
"ambiguous_dropped","all_data","Growth",-0.0577849981217914,"T","T","Calcifier","ZOO_STUDY_0292","ZOO_ES_002247","ZOO_COMMON_00491",1,"Calcifier_T",-0.18,0.82,0.812594431922771
"ambiguous_dropped","all_data","Growth",-0.029471681157703,"TpH","T + pH","Calcifier","ZOO_STUDY_0292","ZOO_ES_002248","ZOO_COMMON_00491",1,"Calcifier_T + pH",-0.06,0.94,0.935447199896444
"ambiguous_dropped","all_data","Growth",-0.0244990204883246,"TpH","T + pH","Calcifier","ZOO_STUDY_0292","ZOO_ES_002249","ZOO_COMMON_00491",1,"Calcifier_T + pH",-0.06,0.94,0.956047566197813
"ambiguous_dropped","all_data","Growth",-0.049613348972472,"T","T","Calcifier","ZOO_STUDY_0292","ZOO_ES_002250","ZOO_COMMON_00491",1,"Calcifier_T",-0.18,0.82,0.840942867407575
"ambiguous_dropped","all_data","Growth",-0.0639578572288723,"TpH","T + pH","Calcifier","ZOO_STUDY_0292","ZOO_ES_002251","ZOO_COMMON_00491",1,"Calcifier_T + pH",-0.06,0.94,0.929126416505314
"ambiguous_dropped","all_data","Growth",-0.083760484525052,"TpH","T + pH","Calcifier","ZOO_STUDY_0292","ZOO_ES_002252","ZOO_COMMON_00491",1,"Calcifier_T + pH",-0.06,0.94,0.963055239685345
"ambiguous_dropped","all_data","Growth",0.0400053346136992,"T","T","Calcifier","ZOO_STUDY_0292","ZOO_ES_002253","ZOO_COMMON_00490",1,"Calcifier_T",-0.18,0.82,0.831419721413404
"ambiguous_dropped","all_data","Growth",0.0358688240619188,"TpH","T + pH","Calcifier","ZOO_STUDY_0292","ZOO_ES_002254","ZOO_COMMON_00490",1,"Calcifier_T + pH",-0.06,0.94,0.949318754100241
"ambiguous_dropped","all_data","Growth",-0.0272199712340877,"TpH","T + pH","Calcifier","ZOO_STUDY_0292","ZOO_ES_002255","ZOO_COMMON_00490",1,"Calcifier_T + pH",-0.06,0.94,0.91764219713863
"ambiguous_dropped","all_data","Growth",-0.0173352120015458,"T","T","Calcifier","ZOO_STUDY_0292","ZOO_ES_002256","ZOO_COMMON_00490",1,"Calcifier_T",-0.18,0.82,0.814761006732006
"ambiguous_dropped","all_data","Growth",-0.00107469112976541,"TpH","T + pH","Calcifier","ZOO_STUDY_0292","ZOO_ES_002257","ZOO_COMMON_00490",1,"Calcifier_T + pH",-0.06,0.94,0.938892268992495
"ambiguous_dropped","all_data","Growth",-0.0184287058229171,"TpH","T + pH","Calcifier","ZOO_STUDY_0292","ZOO_ES_002258","ZOO_COMMON_00490",1,"Calcifier_T + pH",-0.06,0.94,0.943012663184199
"ambiguous_dropped","all_data","Growth",-0.0324765886779082,"T","T","Calcifier","ZOO_STUDY_0292","ZOO_ES_002259","ZOO_COMMON_00491",1,"Calcifier_T",-0.18,0.82,0.829913079743274
"ambiguous_dropped","all_data","Growth",-0.0510954508811183,"TpH","T + pH","Calcifier","ZOO_STUDY_0292","ZOO_ES_002260","ZOO_COMMON_00491",1,"Calcifier_T + pH",-0.06,0.94,0.960784176921006
"ambiguous_dropped","all_data","Growth",-0.0481324857504612,"T","T","Calcifier","ZOO_STUDY_0292","ZOO_ES_002261","ZOO_COMMON_00491",1,"Calcifier_T",-0.18,0.82,0.825917561368551
"ambiguous_dropped","all_data","Growth",-0.0640373935901257,"TpH","T + pH","Calcifier","ZOO_STUDY_0292","ZOO_ES_002262","ZOO_COMMON_00491",1,"Calcifier_T + pH",-0.06,0.94,0.936421075437684
"ambiguous_dropped","all_data","Growth",-0.216026083545346,"pH","pH","Calcifier","ZOO_STUDY_0301","ZOO_ES_002268","ZOO_COMMON_00507",1,"Calcifier_pH",-0.3,0.7,0.702104018360842
"ambiguous_dropped","all_data","Growth",-0.076372978784574,"pH","pH","Calcifier","ZOO_STUDY_0301","ZOO_ES_002269","ZOO_COMMON_00505",1,"Calcifier_pH",-0.3,0.7,0.677923924429342
"ambiguous_dropped","all_data","Growth",0.394415271921579,"pH","pH","Calcifier","ZOO_STUDY_0301","ZOO_ES_002270","ZOO_COMMON_00504",1,"Calcifier_pH",-0.3,0.7,0.688042842852883
"ambiguous_dropped","all_data","Growth",-0.329181803358534,"pH","pH","Calcifier","ZOO_STUDY_0301","ZOO_ES_002271","ZOO_COMMON_00503",1,"Calcifier_pH",-0.3,0.7,0.694857597665396
"ambiguous_dropped","all_data","Growth",0.116636903725761,"pH","pH","Calcifier","ZOO_STUDY_0301","ZOO_ES_002272","ZOO_COMMON_00506",1,"Calcifier_pH",-0.3,0.7,0.684887236834038
"ambiguous_dropped","all_data","Growth",0.0106195688274604,"pH","pH","Calcifier","ZOO_STUDY_0302","ZOO_ES_002284","ZOO_COMMON_00516",1,"Calcifier_pH",-0.3,0.7,0.716596378141548
"ambiguous_dropped","all_data","Growth",-0.32115800164817,"pH","pH","Calcifier","ZOO_STUDY_0302","ZOO_ES_002285","ZOO_COMMON_00511",1,"Calcifier_pH",-0.3,0.7,0.682644361141138
"ambiguous_dropped","all_data","Growth",-0.108563935375364,"pH","pH","Calcifier","ZOO_STUDY_0302","ZOO_ES_002286","ZOO_COMMON_00512",1,"Calcifier_pH",-0.3,0.7,0.71517092710128
"ambiguous_dropped","all_data","Growth",-0.035312277133782,"pH","pH","Calcifier","ZOO_STUDY_0302","ZOO_ES_002287","ZOO_COMMON_00514",1,"Calcifier_pH",-0.3,0.7,0.702341307827737
"ambiguous_dropped","all_data","Growth",-0.208868923521617,"pH","pH","Calcifier","ZOO_STUDY_0302","ZOO_ES_002288","ZOO_COMMON_00509",1,"Calcifier_pH",-0.3,0.7,0.708115882100537
"ambiguous_dropped","all_data","Growth",-0.32503785899555,"pH","pH","Calcifier","ZOO_STUDY_0302","ZOO_ES_002289","ZOO_COMMON_00518",1,"Calcifier_pH",-0.3,0.7,0.683584924694151
"ambiguous_dropped","all_data","Growth",0.0623038833361548,"pH","pH","Calcifier","ZOO_STUDY_0302","ZOO_ES_002290","ZOO_COMMON_00515",1,"Calcifier_pH",-0.3,0.7,0.706652767991181
"ambiguous_dropped","all_data","Growth",-0.116508338224383,"pH","pH","Calcifier","ZOO_STUDY_0302","ZOO_ES_002291","ZOO_COMMON_00510",1,"Calcifier_pH",-0.3,0.7,0.690593487338629
"ambiguous_dropped","all_data","Growth",0.152352610312605,"pH","pH","Calcifier","ZOO_STUDY_0302","ZOO_ES_002292","ZOO_COMMON_00513",1,"Calcifier_pH",-0.3,0.7,0.711227717320435
"ambiguous_dropped","all_data","Growth",0.156939483522537,"pH","pH","Calcifier","ZOO_STUDY_0302","ZOO_ES_002293","ZOO_COMMON_00508",1,"Calcifier_pH",-0.3,0.7,0.694946991233155
"ambiguous_dropped","all_data","Growth",-0.492476485097794,"pH","pH","Calcifier","ZOO_STUDY_0302","ZOO_ES_002294","ZOO_COMMON_00517",1,"Calcifier_pH",-0.3,0.7,0.723467820556834
"ambiguous_dropped","all_data","Growth",-0.0444517625708338,"pH","pH","Calcifier","ZOO_STUDY_0019","ZOO_ES_002336","ZOO_COMMON_00027",1,"Calcifier_pH",-0.3,0.7,0.723369918530807
"ambiguous_dropped","all_data","Growth",-0.0909717782057268,"pH","pH","Calcifier","ZOO_STUDY_0019","ZOO_ES_002337","ZOO_COMMON_00027",1,"Calcifier_pH",-0.3,0.7,0.711335126950871
"ambiguous_dropped","all_data","Growth",-0.115664390796098,"pH","pH","Calcifier","ZOO_STUDY_0031","ZOO_ES_002341","ZOO_COMMON_00046",1,"Calcifier_pH",-0.3,0.7,0.68786083732266
"ambiguous_dropped","all_data","Growth",-0.0407715518861301,"pH","pH","Calcifier","ZOO_STUDY_0044","ZOO_ES_002345","ZOO_COMMON_00062",1,"Calcifier_pH",-0.3,0.7,0.686089396732859
"ambiguous_dropped","all_data","Growth",-0.518793793415168,"pH","pH","Calcifier","ZOO_STUDY_0065","ZOO_ES_002348","ZOO_COMMON_00101",1,"Calcifier_pH",-0.3,0.7,0.704652282583993
"ambiguous_dropped","all_data","Growth",-0.518793793415168,"pH","pH","Calcifier","ZOO_STUDY_0065","ZOO_ES_002349","ZOO_COMMON_00101",1,"Calcifier_pH",-0.3,0.7,0.688376071606763
"ambiguous_dropped","all_data","Growth",-0.0579872576503494,"pH","pH","Calcifier","ZOO_STUDY_0089","ZOO_ES_002352","ZOO_COMMON_00154",1,"Calcifier_pH",-0.3,0.7,0.701553519943263
"ambiguous_dropped","all_data","Growth",-0.0505522791628313,"pH","pH","Calcifier","ZOO_STUDY_0089","ZOO_ES_002353","ZOO_COMMON_00154",1,"Calcifier_pH",-0.3,0.7,0.714264583564363
"ambiguous_dropped","all_data","Growth",0.0566953436765453,"pH","pH","Calcifier","ZOO_STUDY_0112","ZOO_ES_002355","ZOO_COMMON_00192",1,"Calcifier_pH",-0.3,0.7,0.6834030405269
"ambiguous_dropped","all_data","Growth",-0.0157690521182315,"pH","pH","Calcifier","ZOO_STUDY_0113","ZOO_ES_002358","ZOO_COMMON_00194",1,"Calcifier_pH",-0.3,0.7,0.695219959050883
"ambiguous_dropped","all_data","Growth",-0.0503368141615938,"pH","pH","Calcifier","ZOO_STUDY_0133","ZOO_ES_002364","ZOO_COMMON_00230",1,"Calcifier_pH",-0.3,0.7,0.698578813881613
"ambiguous_dropped","all_data","Growth",-0.0404951751427246,"pH","pH","Calcifier","ZOO_STUDY_0133","ZOO_ES_002365","ZOO_COMMON_00229",1,"Calcifier_pH",-0.3,0.7,0.718405340344179
"ambiguous_dropped","all_data","Growth",-0.0211943237333997,"pH","pH","Calcifier","ZOO_STUDY_0133","ZOO_ES_002366","ZOO_COMMON_00232",1,"Calcifier_pH",-0.3,0.7,0.721285397792235
"ambiguous_dropped","all_data","Growth",0.0180727810596946,"pH","pH","Calcifier","ZOO_STUDY_0133","ZOO_ES_002367","ZOO_COMMON_00231",1,"Calcifier_pH",-0.3,0.7,0.719098877965007
"ambiguous_dropped","all_data","Growth",-0.0660805414893865,"pH","pH","Calcifier","ZOO_STUDY_0151","ZOO_ES_002373","ZOO_COMMON_00256",1,"Calcifier_pH",-0.3,0.7,0.708709342125803
"ambiguous_dropped","all_data","Growth",-0.0747235461959364,"pH","pH","Calcifier","ZOO_STUDY_0151","ZOO_ES_002374","ZOO_COMMON_00257",1,"Calcifier_pH",-0.3,0.7,0.722508348966949
"ambiguous_dropped","all_data","Growth",-0.0362554170230101,"pH","pH","Calcifier","ZOO_STUDY_0170","ZOO_ES_002378","ZOO_COMMON_00296",1,"Calcifier_pH",-0.3,0.7,0.700822244712617
"ambiguous_dropped","all_data","Growth",-0.0978557900037587,"pH","pH","Calcifier","ZOO_STUDY_0181","ZOO_ES_002383","ZOO_COMMON_00315",1,"Calcifier_pH",-0.3,0.7,0.703825951064937
"ambiguous_dropped","all_data","Growth",-0.22314355131421,"pH","pH","Calcifier","ZOO_STUDY_0181","ZOO_ES_002384","ZOO_COMMON_00314",1,"Calcifier_pH",-0.3,0.7,0.69181656029541
"ambiguous_dropped","all_data","Growth",-0.328033367975348,"pH","pH","Calcifier","ZOO_STUDY_0181","ZOO_ES_002385","ZOO_COMMON_00315",1,"Calcifier_pH",-0.3,0.7,0.692366231570486
"ambiguous_dropped","all_data","Growth",-0.340926586970593,"pH","pH","Calcifier","ZOO_STUDY_0181","ZOO_ES_002386","ZOO_COMMON_00314",1,"Calcifier_pH",-0.3,0.7,0.676001215027645
"ambiguous_dropped","all_data","Growth",-0.126225654121788,"pH","pH","Calcifier","ZOO_STUDY_0183","ZOO_ES_002390","ZOO_COMMON_00319",1,"Calcifier_pH",-0.3,0.7,0.700140652281698
"ambiguous_dropped","all_data","Growth",-0.262364264467491,"pH","pH","Calcifier","ZOO_STUDY_0184","ZOO_ES_002392","ZOO_COMMON_00321",1,"Calcifier_pH",-0.3,0.7,0.718552170682233
"ambiguous_dropped","all_data","Growth",-0.173271721274037,"pH","pH","Calcifier","ZOO_STUDY_0184","ZOO_ES_002393","ZOO_COMMON_00322",1,"Calcifier_pH",-0.3,0.7,0.675315039197449
"ambiguous_dropped","all_data","Growth",-0.0387145121806904,"pH","pH","Calcifier","ZOO_STUDY_0191","ZOO_ES_002401","ZOO_COMMON_00335",1,"Calcifier_pH",-0.3,0.7,0.678602856199723
"ambiguous_dropped","all_data","Growth",-0.0927817334509662,"pH","pH","Calcifier","ZOO_STUDY_0191","ZOO_ES_002402","ZOO_COMMON_00335",1,"Calcifier_pH",-0.3,0.7,0.683210561249871
"ambiguous_dropped","all_data","Growth",0.00803217169726425,"pH","pH","Calcifier","ZOO_STUDY_0192","ZOO_ES_002406","ZOO_COMMON_00338",1,"Calcifier_pH",-0.3,0.7,0.713516703713685
"ambiguous_dropped","all_data","Growth",-0.0973283439605621,"pH","pH","Calcifier","ZOO_STUDY_0192","ZOO_ES_002407","ZOO_COMMON_00338",1,"Calcifier_pH",-0.3,0.7,0.711759215290658
"ambiguous_dropped","all_data","Growth",-0.0968498259899177,"pH","pH","Calcifier","ZOO_STUDY_0197","ZOO_ES_002411","ZOO_COMMON_00348",1,"Calcifier_pH",-0.3,0.7,0.723593781783711
"ambiguous_dropped","all_data","Growth",-0.151549898127201,"pH","pH","Calcifier","ZOO_STUDY_0204","ZOO_ES_002413","ZOO_COMMON_00357",1,"Calcifier_pH",-0.3,0.7,0.698323618841823
"ambiguous_dropped","all_data","Growth",-0.0588405000229335,"pH","pH","Calcifier","ZOO_STUDY_0205","ZOO_ES_002414","ZOO_COMMON_00358",1,"Calcifier_pH",-0.3,0.7,0.678719225665554
"ambiguous_dropped","all_data","Growth",-0.171850256926659,"pH","pH","Calcifier","ZOO_STUDY_0221","ZOO_ES_002417","ZOO_COMMON_00379",1,"Calcifier_pH",-0.3,0.7,0.707440906215925
"ambiguous_dropped","all_data","Growth",-0.816207273317173,"pH","pH","Calcifier","ZOO_STUDY_0221","ZOO_ES_002418","ZOO_COMMON_00379",1,"Calcifier_pH",-0.3,0.7,0.712929658475332
"ambiguous_dropped","all_data","Growth",0.00333890126551463,"pH","pH","Calcifier","ZOO_STUDY_0234","ZOO_ES_002421","ZOO_COMMON_00401",1,"Calcifier_pH",-0.3,0.7,0.681855304050259
"ambiguous_dropped","all_data","Growth",0.047355786682289,"pH","pH","Calcifier","ZOO_STUDY_0234","ZOO_ES_002422","ZOO_COMMON_00401",1,"Calcifier_pH",-0.3,0.7,0.694829229731113
"ambiguous_dropped","all_data","Growth",-0.707331815551902,"pH","pH","Calcifier","ZOO_STUDY_0243","ZOO_ES_002423","ZOO_COMMON_00412",1,"Calcifier_pH",-0.3,0.7,0.686249266460072
"ambiguous_dropped","all_data","Growth",0.0378099440502634,"pH","pH","Calcifier","ZOO_STUDY_0248","ZOO_ES_002429","ZOO_COMMON_00421",1,"Calcifier_pH",-0.3,0.7,0.677897928026505
"ambiguous_dropped","all_data","Growth",-0.076633226020916,"pH","pH","Calcifier","ZOO_STUDY_0250","ZOO_ES_002431","ZOO_COMMON_00423",1,"Calcifier_pH",-0.3,0.7,0.694794634415302
"ambiguous_dropped","all_data","Growth",0.780158557549575,"pH","pH","Calcifier","ZOO_STUDY_0257","ZOO_ES_002433","ZOO_COMMON_00434",1,"Calcifier_pH",-0.3,0.7,0.678246414999012
"ambiguous_dropped","all_data","Growth",-0.0996298409488413,"pH","pH","Calcifier","ZOO_STUDY_0259","ZOO_ES_002436","ZOO_COMMON_00436",1,"Calcifier_pH",-0.3,0.7,0.686294321645982
"ambiguous_dropped","all_data","Growth",0.0238106486937186,"pH","pH","Calcifier","ZOO_STUDY_0288","ZOO_ES_002438","ZOO_COMMON_00485",1,"Calcifier_pH",-0.3,0.7,0.677731455455068
"ambiguous_dropped","all_data","Growth",0.00544960476756468,"pH","pH","Calcifier","ZOO_STUDY_0288","ZOO_ES_002439","ZOO_COMMON_00484",1,"Calcifier_pH",-0.3,0.7,0.708514101977926
"ambiguous_dropped","all_data","Growth",-0.00604231445596259,"pH","pH","Calcifier","ZOO_STUDY_0288","ZOO_ES_002440","ZOO_COMMON_00485",1,"Calcifier_pH",-0.3,0.7,0.689887089130934
"ambiguous_dropped","all_data","Growth",-0.0165293019512106,"pH","pH","Calcifier","ZOO_STUDY_0288","ZOO_ES_002441","ZOO_COMMON_00484",1,"Calcifier_pH",-0.3,0.7,0.680036079115234
"ambiguous_dropped","all_data","Growth",-0.110203140133614,"pH","pH","Calcifier","ZOO_STUDY_0328","ZOO_ES_002447","ZOO_COMMON_00560",1,"Calcifier_pH",-0.3,0.7,0.678595204860903
"ambiguous_dropped","all_data","Growth",0,"pH","pH","Calcifier","ZOO_STUDY_0328","ZOO_ES_002448","ZOO_COMMON_00559",1,"Calcifier_pH",-0.3,0.7,0.719022028439213
"ambiguous_dropped","all_data","Growth",0.0198026272961797,"pH","pH","Calcifier","ZOO_STUDY_0376","ZOO_ES_002455","ZOO_COMMON_00634",1,"Calcifier_pH",-0.3,0.7,0.712712370103691
"ambiguous_dropped","all_data","Growth",-0.0110906866941582,"pH","pH","Calcifier","ZOO_STUDY_0376","ZOO_ES_002456","ZOO_COMMON_00634",1,"Calcifier_pH",-0.3,0.7,0.71583029438043
"ambiguous_dropped","all_data","Growth",0.0588405000229334,"pH","pH","Calcifier","ZOO_STUDY_0389","ZOO_ES_002457","ZOO_COMMON_00653",1,"Calcifier_pH",-0.3,0.7,0.724107018683571
"ambiguous_dropped","all_data","Growth",-0.0906280174598183,"pH","pH","Calcifier","ZOO_STUDY_0404","ZOO_ES_002459","ZOO_COMMON_00679",1,"Calcifier_pH",-0.3,0.7,0.680179982248228
"ambiguous_dropped","all_data","Growth",-0.0769610411361283,"pH","pH","Calcifier","ZOO_STUDY_0406","ZOO_ES_002462","ZOO_COMMON_00681",1,"Calcifier_pH",-0.3,0.7,0.679952091467567
"ambiguous_dropped","all_data","Growth",-0.160342650075179,"pH","pH","Calcifier","ZOO_STUDY_0406","ZOO_ES_002463","ZOO_COMMON_00681",1,"Calcifier_pH",-0.3,0.7,0.714941580558661
"ambiguous_dropped","all_data","Growth",-0.00143163947143796,"pH","pH","Calcifier","ZOO_STUDY_0410","ZOO_ES_002464","ZOO_COMMON_00686",1,"Calcifier_pH",-0.3,0.7,0.714228763326537
"ambiguous_dropped","all_data","Growth",-0.0707155247983976,"pH","pH","Calcifier","ZOO_STUDY_0425","ZOO_ES_002466","ZOO_COMMON_00720",1,"Calcifier_pH",-0.3,0.7,0.675471495254897
"ambiguous_dropped","all_data","Growth",0.0953101798043249,"pH","pH","Calcifier","ZOO_STUDY_0433","ZOO_ES_002468","ZOO_COMMON_00738",1,"Calcifier_pH",-0.3,0.7,0.713953294139355
"ambiguous_dropped","all_data","Growth",0,"pH","pH","Calcifier","ZOO_STUDY_0457","ZOO_ES_002472","ZOO_COMMON_00767",1,"Calcifier_pH",-0.3,0.7,0.711469532595947
"ambiguous_dropped","all_data","Growth",-0.143100843640673,"pH","pH","Calcifier","ZOO_STUDY_0461","ZOO_ES_002475","ZOO_COMMON_00775",1,"Calcifier_pH",-0.3,0.7,0.706506592640653
"ambiguous_dropped","all_data","Growth",-0.262364264467491,"pH","pH","Calcifier","ZOO_STUDY_0465","ZOO_ES_002476","ZOO_COMMON_00786",1,"Calcifier_pH",-0.3,0.7,0.699045541498344
"ambiguous_dropped","all_data","Growth",-0.34484048629173,"pH","pH","Calcifier","ZOO_STUDY_0465","ZOO_ES_002477","ZOO_COMMON_00783",1,"Calcifier_pH",-0.3,0.7,0.682831842568703
"ambiguous_dropped","all_data","Growth",-0.0110498361865849,"T","T","Calcifier","ZOO_STUDY_0465","ZOO_ES_002478","ZOO_COMMON_00785",1,"Calcifier_T",-0.18,0.82,0.795410775991622
"ambiguous_dropped","all_data","Growth",-0.351976423157178,"TpH","T + pH","Calcifier","ZOO_STUDY_0465","ZOO_ES_002479","ZOO_COMMON_00785",1,"Calcifier_T + pH",-0.06,0.94,0.937622919711284
"ambiguous_dropped","all_data","Growth",-0.0320883145515005,"T","T","Calcifier","ZOO_STUDY_0465","ZOO_ES_002480","ZOO_COMMON_00784",1,"Calcifier_T",-0.18,0.82,0.819614666437265
"ambiguous_dropped","all_data","Growth",-0.44300302742723,"TpH","T + pH","Calcifier","ZOO_STUDY_0465","ZOO_ES_002481","ZOO_COMMON_00784",1,"Calcifier_T + pH",-0.06,0.94,0.934479355576914
"ambiguous_dropped","all_data","Growth",-0.366244394954883,"pH","pH","Calcifier","ZOO_STUDY_0466","ZOO_ES_002486","ZOO_COMMON_00787",1,"Calcifier_pH",-0.3,0.7,0.698233297094703
"ambiguous_dropped","all_data","Growth",-0.266878944822018,"pH","pH","Calcifier","ZOO_STUDY_0464","ZOO_ES_002487","ZOO_COMMON_00781",1,"Calcifier_pH",-0.3,0.7,0.710663950035814
"ambiguous_dropped","all_data","Growth",-0.693147180559945,"pH","pH","Calcifier","ZOO_STUDY_0464","ZOO_ES_002488","ZOO_COMMON_00779",1,"Calcifier_pH",-0.3,0.7,0.67776509631658
"ambiguous_dropped","all_data","Growth",-0.182321556793955,"pH","pH","Calcifier","ZOO_STUDY_0464","ZOO_ES_002489","ZOO_COMMON_00780",1,"Calcifier_pH",-0.3,0.7,0.692739154875744
"ambiguous_dropped","all_data","Growth",-0.266878944822018,"pH","pH","Calcifier","ZOO_STUDY_0464","ZOO_ES_002490","ZOO_COMMON_00781",1,"Calcifier_pH",-0.3,0.7,0.715140613645781
"ambiguous_dropped","all_data","Growth",-0.683196849706777,"pH","pH","Calcifier","ZOO_STUDY_0464","ZOO_ES_002491","ZOO_COMMON_00779",1,"Calcifier_pH",-0.3,0.7,0.716785441851243
"ambiguous_dropped","all_data","Growth",-0.325422400434628,"pH","pH","Calcifier","ZOO_STUDY_0464","ZOO_ES_002492","ZOO_COMMON_00780",1,"Calcifier_pH",-0.3,0.7,0.686887470248621
"ambiguous_dropped","all_data","Growth",-0.0606246218164347,"pH","pH","Calcifier","ZOO_STUDY_0468","ZOO_ES_002495","ZOO_COMMON_00789",1,"Calcifier_pH",-0.3,0.7,0.6926993051311
"ambiguous_dropped","all_data","Growth",0.0540672212702758,"pH","pH","Calcifier","ZOO_STUDY_0468","ZOO_ES_002496","ZOO_COMMON_00789",1,"Calcifier_pH",-0.3,0.7,0.717844271007925
"ambiguous_dropped","all_data","Growth",-0.092373320131015,"pH","pH","Calcifier","ZOO_STUDY_0468","ZOO_ES_002497","ZOO_COMMON_00790",1,"Calcifier_pH",-0.3,0.7,0.717688168690074
"ambiguous_dropped","all_data","Growth",-0.296731907971699,"pH","pH","Calcifier","ZOO_STUDY_0474","ZOO_ES_002498","ZOO_COMMON_00802",1,"Calcifier_pH",-0.3,0.7,0.689794772770256
"ambiguous_dropped","all_data","Growth",-0.046091107200267,"pH","pH","Calcifier","ZOO_STUDY_0485","ZOO_ES_002501","ZOO_COMMON_00824",1,"Calcifier_pH",-0.3,0.7,0.682352416228969
"ambiguous_dropped","all_data","Growth",-0.179989647458976,"pH","pH","Calcifier","ZOO_STUDY_0485","ZOO_ES_002502","ZOO_COMMON_00824",1,"Calcifier_pH",-0.3,0.7,0.710199603065848
"ambiguous_dropped","all_data","Growth",0.0598184952109102,"pH","pH","Calcifier","ZOO_STUDY_0493","ZOO_ES_002507","ZOO_COMMON_00842",1,"Calcifier_pH",-0.3,0.7,0.680190334410872
"ambiguous_dropped","all_data","Growth",-0.0563529365511317,"pH","pH","Calcifier","ZOO_STUDY_0493","ZOO_ES_002508","ZOO_COMMON_00842",1,"Calcifier_pH",-0.3,0.7,0.676686388649978
"ambiguous_dropped","all_data","Growth",-0.0426561945175759,"pH","pH","Calcifier","ZOO_STUDY_0494","ZOO_ES_002510","ZOO_COMMON_00843",1,"Calcifier_pH",-0.3,0.7,0.724970226397272
"ambiguous_dropped","all_data","Growth",-0.134671253684905,"pH","pH","Calcifier","ZOO_STUDY_0505","ZOO_ES_002512","ZOO_COMMON_00867",1,"Calcifier_pH",-0.3,0.7,0.676743740204256
"ambiguous_dropped","all_data","Growth",-0.0606246218164349,"pH","pH","Calcifier","ZOO_STUDY_0506","ZOO_ES_002515","ZOO_COMMON_00868",1,"Calcifier_pH",-0.3,0.7,0.691919564187992
"ambiguous_dropped","all_data","Growth",-0.112117298120706,"pH","pH","Calcifier","ZOO_STUDY_0513","ZOO_ES_002516","ZOO_COMMON_00878",1,"Calcifier_pH",-0.3,0.7,0.720753188082017
"ambiguous_dropped","all_data","Growth",-0.0235304974101942,"pH","pH","Calcifier","ZOO_STUDY_0532","ZOO_ES_002523","ZOO_COMMON_00906",1,"Calcifier_pH",-0.3,0.7,0.705861763481516
"ambiguous_dropped","all_data","Growth",-0.217192194697236,"pH","pH","Calcifier","ZOO_STUDY_0080","ZOO_ES_002722","ZOO_COMMON_00125",1,"Calcifier_pH",-0.3,0.7,0.689314267435111
"ambiguous_dropped","all_data","Growth",-0.128617377822094,"pH","pH","Calcifier","ZOO_STUDY_0129","ZOO_ES_002723","ZOO_COMMON_00225",1,"Calcifier_pH",-0.3,0.7,0.71188987015048
"ambiguous_dropped","all_data","Growth",0.0870113769896299,"pH","pH","Calcifier","ZOO_STUDY_0130","ZOO_ES_002724","ZOO_COMMON_00226",1,"Calcifier_pH",-0.3,0.7,0.716702715458814
"ambiguous_dropped","all_data","Growth",-0.119059360015988,"pH","pH","Calcifier","ZOO_STUDY_0219","ZOO_ES_002725","ZOO_COMMON_00375",1,"Calcifier_pH",-0.3,0.7,0.69071353902109
"ambiguous_dropped","all_data","Growth",-0.199713299505824,"pH","pH","Calcifier","ZOO_STUDY_0482","ZOO_ES_002728","ZOO_COMMON_00818",1,"Calcifier_pH",-0.3,0.7,0.69962832739111
"ambiguous_dropped","all_data","Growth",-0.186641217938471,"pH","pH","Calcifier","ZOO_STUDY_0482","ZOO_ES_002729","ZOO_COMMON_00818",1,"Calcifier_pH",-0.3,0.7,0.709868688310962
"ambiguous_dropped","all_data","Growth",0.0134985176708954,"pH","pH","Calcifier","ZOO_STUDY_0523","ZOO_ES_002730","ZOO_COMMON_00892",1,"Calcifier_pH",-0.3,0.7,0.707073117699474
"ambiguous_dropped","all_data","Growth",-0.0159820753385679,"pH","pH","Calcifier","ZOO_STUDY_0523","ZOO_ES_002731","ZOO_COMMON_00892",1,"Calcifier_pH",-0.3,0.7,0.707196145749185
"ambiguous_dropped","all_data","Growth",-0.0188684843043828,"pH","pH","Calcifier","ZOO_STUDY_0043","ZOO_ES_002767","ZOO_COMMON_00061",1,"Calcifier_pH",-0.3,0.7,0.723892670241185
"ambiguous_dropped","all_data","Growth",-0.182321556793955,"pH","pH","Calcifier","ZOO_STUDY_0065","ZOO_ES_002775","ZOO_COMMON_00099",1,"Calcifier_pH",-0.3,0.7,0.695736766722985
"ambiguous_dropped","all_data","Growth",-0.143100843640673,"pH","pH","Calcifier","ZOO_STUDY_0065","ZOO_ES_002776","ZOO_COMMON_00099",1,"Calcifier_pH",-0.3,0.7,0.680970238998998
"ambiguous_dropped","all_data","Growth",-0.00706716722309244,"pH","pH","Calcifier","ZOO_STUDY_0252","ZOO_ES_002806","ZOO_COMMON_00425",1,"Calcifier_pH",-0.3,0.7,0.701301483006682
"ambiguous_dropped","all_data","Growth",-0.0468554172815052,"pH","pH","Calcifier","ZOO_STUDY_0252","ZOO_ES_002807","ZOO_COMMON_00425",1,"Calcifier_pH",-0.3,0.7,0.686253667541314
"ambiguous_dropped","all_data","Growth",-0.00947874395454377,"pH","pH","Calcifier","ZOO_STUDY_0260","ZOO_ES_002809","ZOO_COMMON_00437",1,"Calcifier_pH",-0.3,0.7,0.699320588202681
"ambiguous_dropped","all_data","Growth",-0.120144311842063,"pH","pH","Calcifier","ZOO_STUDY_0260","ZOO_ES_002810","ZOO_COMMON_00437",1,"Calcifier_pH",-0.3,0.7,0.693510739924386
"ambiguous_dropped","all_data","Growth",-0.0189041546391527,"pH","pH","Calcifier","ZOO_STUDY_0287","ZOO_ES_002822","ZOO_COMMON_00483",1,"Calcifier_pH",-0.3,0.7,0.724167509039398
"ambiguous_dropped","all_data","Growth",-0.0674691533205412,"pH","pH","Calcifier","ZOO_STUDY_0287","ZOO_ES_002823","ZOO_COMMON_00483",1,"Calcifier_pH",-0.3,0.7,0.694415955757722
"ambiguous_dropped","all_data","Growth",-0.0903840614682691,"pH","pH","Calcifier","ZOO_STUDY_0303","ZOO_ES_002826","ZOO_COMMON_00520",1,"Calcifier_pH",-0.3,0.7,0.686462242016569
"ambiguous_dropped","all_data","Growth",-0.103989713524048,"pH","pH","Calcifier","ZOO_STUDY_0303","ZOO_ES_002827","ZOO_COMMON_00520",1,"Calcifier_pH",-0.3,0.7,0.706164877314586
"ambiguous_dropped","all_data","Growth",0,"pH","pH","Calcifier","ZOO_STUDY_0308","ZOO_ES_002836","ZOO_COMMON_00529",1,"Calcifier_pH",-0.3,0.7,0.681827009853441
"ambiguous_dropped","all_data","Growth",0.0190481949706944,"pH","pH","Calcifier","ZOO_STUDY_0307","ZOO_ES_002837","ZOO_COMMON_00527",1,"Calcifier_pH",-0.3,0.7,0.723373474716209
"ambiguous_dropped","all_data","Growth",-0.0723206615796261,"pH","pH","Calcifier","ZOO_STUDY_0346","ZOO_ES_002838","ZOO_COMMON_00588",1,"Calcifier_pH",-0.3,0.7,0.700753590394743
"ambiguous_dropped","all_data","Growth",-0.136859182717197,"pH","pH","Calcifier","ZOO_STUDY_0346","ZOO_ES_002839","ZOO_COMMON_00588",1,"Calcifier_pH",-0.3,0.7,0.683153516461607
"ambiguous_dropped","all_data","Growth",-0.130496488929369,"pH","pH","Calcifier","ZOO_STUDY_0385","ZOO_ES_002844","ZOO_COMMON_00646",1,"Calcifier_pH",-0.3,0.7,0.706095114757773
"ambiguous_dropped","all_data","Growth",-0.100643525779687,"pH","pH","Calcifier","ZOO_STUDY_0385","ZOO_ES_002845","ZOO_COMMON_00645",1,"Calcifier_pH",-0.3,0.7,0.724297708261292
"ambiguous_dropped","all_data","Growth",0.0196469973837964,"pH","pH","Calcifier","ZOO_STUDY_0488","ZOO_ES_002851","ZOO_COMMON_00828",1,"Calcifier_pH",-0.3,0.7,0.708438575873151
"ambiguous_dropped","all_data","Growth",-0.0560894666510436,"pH","pH","Calcifier","ZOO_STUDY_0511","ZOO_ES_002855","ZOO_COMMON_00875",1,"Calcifier_pH",-0.3,0.7,0.695945794845465
"ambiguous_dropped","all_data","Growth",-0.02765153133051,"pH","pH","Calcifier","ZOO_STUDY_0511","ZOO_ES_002856","ZOO_COMMON_00875",1,"Calcifier_pH",-0.3,0.7,0.691167249658611
"ambiguous_dropped","all_data","Growth",-0.136020623206164,"T","T","Calcifier","ZOO_STUDY_0494","ZOO_ES_002877","ZOO_COMMON_00844",1,"Calcifier_T",-0.18,0.82,0.836762765997555
"ambiguous_dropped","all_data","Growth",-0.116278144476963,"TpH","T + pH","Calcifier","ZOO_STUDY_0494","ZOO_ES_002878","ZOO_COMMON_00844",1,"Calcifier_T + pH",-0.06,0.94,0.92219085218152
"ambiguous_dropped","all_data","Growth",0.0246926125903714,"T","T","Calcifier","ZOO_STUDY_0197","ZOO_ES_002884","ZOO_COMMON_00349",1,"Calcifier_T",-0.18,0.82,0.804640797344036
"ambiguous_dropped","all_data","Growth",0.00747201483870106,"TpH","T + pH","Calcifier","ZOO_STUDY_0197","ZOO_ES_002885","ZOO_COMMON_00349",1,"Calcifier_T + pH",-0.06,0.94,0.959836934132036
"ambiguous_dropped","all_data","Growth",-0.154150679827258,"pH","pH","Calcifier","ZOO_STUDY_0047","ZOO_ES_002982","ZOO_COMMON_00067",1,"Calcifier_pH",-0.3,0.7,0.690405977715272
"ambiguous_dropped","all_data","Growth",-0.241162056816888,"pH","pH","Calcifier","ZOO_STUDY_0047","ZOO_ES_002983","ZOO_COMMON_00067",1,"Calcifier_pH",-0.3,0.7,0.693165027175564
"ambiguous_dropped","all_data","Growth",0.259511195485085,"T","T","Calcifier","ZOO_STUDY_0047","ZOO_ES_002984","ZOO_COMMON_00067",1,"Calcifier_T",-0.18,0.82,0.834197323936969
"ambiguous_dropped","all_data","Growth",0,"TpH","T + pH","Calcifier","ZOO_STUDY_0047","ZOO_ES_002985","ZOO_COMMON_00067",1,"Calcifier_T + pH",-0.06,0.94,0.924668933995999
"ambiguous_dropped","all_data","Growth",0.0219789067187752,"TpH","T + pH","Calcifier","ZOO_STUDY_0046","ZOO_ES_002986","ZOO_COMMON_00066",1,"Calcifier_T + pH",-0.06,0.94,0.915888290593866
"ambiguous_dropped","all_data","Growth",-0.154150679827258,"pH","pH","Calcifier","ZOO_STUDY_0047","ZOO_ES_002987","ZOO_COMMON_00067",1,"Calcifier_pH",-0.3,0.7,0.695330393314362
"ambiguous_dropped","all_data","Growth",-0.232931557680373,"pH","pH","Calcifier","ZOO_STUDY_0047","ZOO_ES_002988","ZOO_COMMON_00067",1,"Calcifier_pH",-0.3,0.7,0.699158383463509
"ambiguous_dropped","all_data","Growth",0.169076330043934,"T","T","Calcifier","ZOO_STUDY_0046","ZOO_ES_002989","ZOO_COMMON_00066",1,"Calcifier_T",-0.18,0.82,0.816092247508932
"ambiguous_dropped","all_data","Growth",-0.0540672212702758,"TpH","T + pH","Calcifier","ZOO_STUDY_0046","ZOO_ES_002990","ZOO_COMMON_00066",1,"Calcifier_T + pH",-0.06,0.94,0.93214044008404
"ambiguous_dropped","all_data","Growth",-0.0822380982369721,"TpH","T + pH","Calcifier","ZOO_STUDY_0046","ZOO_ES_002991","ZOO_COMMON_00066",1,"Calcifier_T + pH",-0.06,0.94,0.958324165733065
"ambiguous_dropped","all_data","Growth",-0.246133069538909,"pH","pH","Calcifier","ZOO_STUDY_0072","ZOO_ES_002999","ZOO_COMMON_00114",1,"Calcifier_pH",-0.3,0.7,0.697755402547773
"ambiguous_dropped","all_data","Growth",-0.49578774640145,"pH","pH","Calcifier","ZOO_STUDY_0072","ZOO_ES_003000","ZOO_COMMON_00114",1,"Calcifier_pH",-0.3,0.7,0.701688243681565
"ambiguous_dropped","all_data","Growth",-0.100541229221877,"pH","pH","Calcifier","ZOO_STUDY_0076","ZOO_ES_003001","ZOO_COMMON_00121",1,"Calcifier_pH",-0.3,0.7,0.723192166595254
"ambiguous_dropped","all_data","Growth",-0.136859182717197,"pH","pH","Calcifier","ZOO_STUDY_0077","ZOO_ES_003002","ZOO_COMMON_00122",1,"Calcifier_pH",-0.3,0.7,0.713729577104095
"ambiguous_dropped","all_data","Growth",-0.0835530228182812,"pH","pH","Calcifier","ZOO_STUDY_0078","ZOO_ES_003004","ZOO_COMMON_00123",1,"Calcifier_pH",-0.3,0.7,0.685443817428313
"ambiguous_dropped","all_data","Growth",-0.0192313619278876,"pH","pH","Calcifier","ZOO_STUDY_0079","ZOO_ES_003005","ZOO_COMMON_00124",1,"Calcifier_pH",-0.3,0.7,0.690439341636375
"ambiguous_dropped","all_data","Growth",-0.0307716586667537,"pH","pH","Calcifier","ZOO_STUDY_0087","ZOO_ES_003006","ZOO_COMMON_00152",1,"Calcifier_pH",-0.3,0.7,0.723567122512031
"ambiguous_dropped","all_data","Growth",-0.0350913198112701,"pH","pH","Calcifier","ZOO_STUDY_0087","ZOO_ES_003007","ZOO_COMMON_00143",1,"Calcifier_pH",-0.3,0.7,0.704245004674885
"ambiguous_dropped","all_data","Growth",-0.198850858745165,"pH","pH","Calcifier","ZOO_STUDY_0087","ZOO_ES_003008","ZOO_COMMON_00145",1,"Calcifier_pH",-0.3,0.7,0.713041181268636
"ambiguous_dropped","all_data","Growth",-0.0204785313435407,"pH","pH","Calcifier","ZOO_STUDY_0087","ZOO_ES_003009","ZOO_COMMON_00149",1,"Calcifier_pH",-0.3,0.7,0.69363546972163
"ambiguous_dropped","all_data","Growth",-2.21101789946856,"pH","pH","Calcifier","ZOO_STUDY_0090","ZOO_ES_003016","ZOO_COMMON_00155",1,"Calcifier_pH",-0.3,0.7,0.713459695561323
"ambiguous_dropped","all_data","Growth",-0.709320039805546,"pH","pH","Calcifier","ZOO_STUDY_0090","ZOO_ES_003017","ZOO_COMMON_00155",1,"Calcifier_pH",-0.3,0.7,0.70188385915244
"ambiguous_dropped","all_data","Growth",-1.54222916274065,"pH","pH","Calcifier","ZOO_STUDY_0090","ZOO_ES_003018","ZOO_COMMON_00155",1,"Calcifier_pH",-0.3,0.7,0.720699772483203
"ambiguous_dropped","all_data","Growth",-0.0606246218164349,"pH","pH","Calcifier","ZOO_STUDY_0118","ZOO_ES_003021","ZOO_COMMON_00206",1,"Calcifier_pH",-0.3,0.7,0.684264822094701
"ambiguous_dropped","all_data","Growth",-0.194156014440958,"pH","pH","Calcifier","ZOO_STUDY_0118","ZOO_ES_003022","ZOO_COMMON_00206",1,"Calcifier_pH",-0.3,0.7,0.68911092086928
"ambiguous_dropped","all_data","Growth",-0.0767548768224407,"pH","pH","Calcifier","ZOO_STUDY_0122","ZOO_ES_003023","ZOO_COMMON_00213",1,"Calcifier_pH",-0.3,0.7,0.679748120659497
"ambiguous_dropped","all_data","Growth",-0.215867679285158,"pH","pH","Calcifier","ZOO_STUDY_0122","ZOO_ES_003024","ZOO_COMMON_00213",1,"Calcifier_pH",-0.3,0.7,0.685524353955407
"ambiguous_dropped","all_data","Growth",-0.259511195485085,"pH","pH","Calcifier","ZOO_STUDY_0122","ZOO_ES_003025","ZOO_COMMON_00213",1,"Calcifier_pH",-0.3,0.7,0.723854949814267
"ambiguous_dropped","all_data","Growth",-0.510825623765991,"pH","pH","Calcifier","ZOO_STUDY_0122","ZOO_ES_003026","ZOO_COMMON_00213",1,"Calcifier_pH",-0.3,0.7,0.689815108769108
"ambiguous_dropped","all_data","Growth",-0.113500373864383,"pH","pH","Calcifier","ZOO_STUDY_0125","ZOO_ES_003029","ZOO_COMMON_00221",1,"Calcifier_pH",-0.3,0.7,0.711299151345156
"ambiguous_dropped","all_data","Growth",-0.210721031315653,"pH","pH","Calcifier","ZOO_STUDY_0125","ZOO_ES_003030","ZOO_COMMON_00221",1,"Calcifier_pH",-0.3,0.7,0.714284391712863
"ambiguous_dropped","all_data","Growth",-0.0735625671770167,"pH","pH","Calcifier","ZOO_STUDY_0149","ZOO_ES_003038","ZOO_COMMON_00253",1,"Calcifier_pH",-0.3,0.7,0.68027088730596
"ambiguous_dropped","all_data","Growth",0.073611817343246,"pH","pH","Calcifier","ZOO_STUDY_0149","ZOO_ES_003039","ZOO_COMMON_00254",1,"Calcifier_pH",-0.3,0.7,0.68697973145172
"ambiguous_dropped","all_data","Growth",0.0979804083602036,"pH","pH","Calcifier","ZOO_STUDY_0157","ZOO_ES_003041","ZOO_COMMON_00266",1,"Calcifier_pH",-0.3,0.7,0.688527243619319
"ambiguous_dropped","all_data","Growth",-0.176456437341557,"pH","pH","Calcifier","ZOO_STUDY_0157","ZOO_ES_003042","ZOO_COMMON_00266",1,"Calcifier_pH",-0.3,0.7,0.680052924703341
"ambiguous_dropped","all_data","Growth",0.0289875368732522,"T","T","Calcifier","ZOO_STUDY_0157","ZOO_ES_003043","ZOO_COMMON_00266",1,"Calcifier_T",-0.18,0.82,0.800895692063496
"ambiguous_dropped","all_data","Growth",-0.0298529631496812,"TpH","T + pH","Calcifier","ZOO_STUDY_0157","ZOO_ES_003044","ZOO_COMMON_00266",1,"Calcifier_T + pH",-0.06,0.94,0.964561827792786
"ambiguous_dropped","all_data","Growth",0.0431721718652086,"TpH","T + pH","Calcifier","ZOO_STUDY_0157","ZOO_ES_003045","ZOO_COMMON_00266",1,"Calcifier_T + pH",-0.06,0.94,0.964302714865189
"ambiguous_dropped","all_data","Growth",-0.0597192347016222,"pH","pH","Calcifier","ZOO_STUDY_0157","ZOO_ES_003048","ZOO_COMMON_00266",1,"Calcifier_pH",-0.3,0.7,0.681853373569902
"ambiguous_dropped","all_data","Growth",-0.282862786015832,"pH","pH","Calcifier","ZOO_STUDY_0157","ZOO_ES_003049","ZOO_COMMON_00266",1,"Calcifier_pH",-0.3,0.7,0.720265479083173
"ambiguous_dropped","all_data","Growth",0.0425596144187959,"T","T","Calcifier","ZOO_STUDY_0157","ZOO_ES_003050","ZOO_COMMON_00266",1,"Calcifier_T",-0.18,0.82,0.823815091878641
"ambiguous_dropped","all_data","Growth",-0.0752234212375874,"TpH","T + pH","Calcifier","ZOO_STUDY_0157","ZOO_ES_003051","ZOO_COMMON_00266",1,"Calcifier_T + pH",-0.06,0.94,0.934772442954127
"ambiguous_dropped","all_data","Growth",0.0833816089390512,"TpH","T + pH","Calcifier","ZOO_STUDY_0157","ZOO_ES_003052","ZOO_COMMON_00266",1,"Calcifier_T + pH",-0.06,0.94,0.937490124206524
"ambiguous_dropped","all_data","Growth",0.532804530484766,"T","T","Calcifier","ZOO_STUDY_0157","ZOO_ES_003055","ZOO_COMMON_00266",1,"Calcifier_T",-0.18,0.82,0.830325095057488
"ambiguous_dropped","all_data","Growth",0.105360515657826,"TpH","T + pH","Calcifier","ZOO_STUDY_0157","ZOO_ES_003056","ZOO_COMMON_00266",1,"Calcifier_T + pH",-0.06,0.94,0.91912513728952
"ambiguous_dropped","all_data","Growth",0.554310735705729,"TpH","T + pH","Calcifier","ZOO_STUDY_0157","ZOO_ES_003057","ZOO_COMMON_00266",1,"Calcifier_T + pH",-0.06,0.94,0.931965629009064
"ambiguous_dropped","all_data","Growth",-0.314493329902438,"pH","pH","Calcifier","ZOO_STUDY_0163","ZOO_ES_003090","ZOO_COMMON_00286",1,"Calcifier_pH",-0.3,0.7,0.709039377560839
"ambiguous_dropped","all_data","Growth",0.0222231367847103,"pH","pH","Calcifier","ZOO_STUDY_0186","ZOO_ES_003095","ZOO_COMMON_00324",1,"Calcifier_pH",-0.3,0.7,0.690847462404054
"ambiguous_dropped","all_data","Growth",-0.799756915618204,"pH","pH","Calcifier","ZOO_STUDY_0186","ZOO_ES_003096","ZOO_COMMON_00324",1,"Calcifier_pH",-0.3,0.7,0.716578429902438
"ambiguous_dropped","all_data","Growth",-0.133531392624523,"pH","pH","Calcifier","ZOO_STUDY_0203","ZOO_ES_003105","ZOO_COMMON_00356",1,"Calcifier_pH",-0.3,0.7,0.68575860413257
"ambiguous_dropped","all_data","Growth",-0.330241686870577,"pH","pH","Calcifier","ZOO_STUDY_0203","ZOO_ES_003106","ZOO_COMMON_00356",1,"Calcifier_pH",-0.3,0.7,0.699897446809337
"ambiguous_dropped","all_data","Growth",-0.612079357471163,"pH","pH","Calcifier","ZOO_STUDY_0203","ZOO_ES_003107","ZOO_COMMON_00356",1,"Calcifier_pH",-0.3,0.7,0.688802483631298
"ambiguous_dropped","all_data","Growth",-0.762140052046897,"pH","pH","Calcifier","ZOO_STUDY_0203","ZOO_ES_003108","ZOO_COMMON_00356",1,"Calcifier_pH",-0.3,0.7,0.684601165936328
"ambiguous_dropped","all_data","Growth",0.105360515657826,"T","T","Calcifier","ZOO_STUDY_0203","ZOO_ES_003109","ZOO_COMMON_00356",1,"Calcifier_T",-0.18,0.82,0.842531063202769
"ambiguous_dropped","all_data","Growth",-0.405465108108164,"TpH","T + pH","Calcifier","ZOO_STUDY_0203","ZOO_ES_003110","ZOO_COMMON_00356",1,"Calcifier_T + pH",-0.06,0.94,0.931086276888382
"ambiguous_dropped","all_data","Growth",-2.19722457733622,"TpH","T + pH","Calcifier","ZOO_STUDY_0203","ZOO_ES_003111","ZOO_COMMON_00356",1,"Calcifier_T + pH",-0.06,0.94,0.938922819190193
"ambiguous_dropped","all_data","Growth",-0.172842812839411,"pH","pH","Calcifier","ZOO_STUDY_0222","ZOO_ES_003121","ZOO_COMMON_00382",1,"Calcifier_pH",-0.3,0.7,0.676399628596846
"ambiguous_dropped","all_data","Growth",-0.22314355131421,"pH","pH","Calcifier","ZOO_STUDY_0222","ZOO_ES_003122","ZOO_COMMON_00382",1,"Calcifier_pH",-0.3,0.7,0.702372973400634
"ambiguous_dropped","all_data","Growth",-0.226496978121073,"pH","pH","Calcifier","ZOO_STUDY_0270","ZOO_ES_003131","ZOO_COMMON_00450",1,"Calcifier_pH",-0.3,0.7,0.70721201102715
"ambiguous_dropped","all_data","Growth",-0.238891908282349,"pH","pH","Calcifier","ZOO_STUDY_0276","ZOO_ES_003132","ZOO_COMMON_00457",1,"Calcifier_pH",-0.3,0.7,0.704813177231699
"ambiguous_dropped","all_data","Growth",-0.0618754037180875,"T","T","Calcifier","ZOO_STUDY_0280","ZOO_ES_003134","ZOO_COMMON_00467",1,"Calcifier_T",-0.18,0.82,0.811096868785098
"ambiguous_dropped","all_data","Growth",-0.0618754037180875,"TpH","T + pH","Calcifier","ZOO_STUDY_0280","ZOO_ES_003135","ZOO_COMMON_00467",1,"Calcifier_T + pH",-0.06,0.94,0.959555715622846
"ambiguous_dropped","all_data","Growth",-0.0253178079842899,"pH","pH","Calcifier","ZOO_STUDY_0280","ZOO_ES_003136","ZOO_COMMON_00465",1,"Calcifier_pH",-0.3,0.7,0.706312847370282
"ambiguous_dropped","all_data","Growth",0.139761942375159,"pH","pH","Calcifier","ZOO_STUDY_0280","ZOO_ES_003142","ZOO_COMMON_00465",1,"Calcifier_pH",-0.3,0.7,0.69014524576487
"ambiguous_dropped","all_data","Growth",-0.0210534091978324,"T","T","Calcifier","ZOO_STUDY_0280","ZOO_ES_003143","ZOO_COMMON_00467",1,"Calcifier_T",-0.18,0.82,0.814410233187955
"ambiguous_dropped","all_data","Growth",-0.0210534091978324,"TpH","T + pH","Calcifier","ZOO_STUDY_0280","ZOO_ES_003144","ZOO_COMMON_00467",1,"Calcifier_T + pH",-0.06,0.94,0.923023754623719
"ambiguous_dropped","all_data","Growth",-0.0281708769666963,"pH","pH","Calcifier","ZOO_STUDY_0312","ZOO_ES_003147","ZOO_COMMON_00533",1,"Calcifier_pH",-0.3,0.7,0.718127594876569
"ambiguous_dropped","all_data","Growth",-0.0971637484536477,"pH","pH","Calcifier","ZOO_STUDY_0312","ZOO_ES_003148","ZOO_COMMON_00533",1,"Calcifier_pH",-0.3,0.7,0.722655060689431
"ambiguous_dropped","all_data","Growth",-0.0107720969819111,"pH","pH","Calcifier","ZOO_STUDY_0312","ZOO_ES_003149","ZOO_COMMON_00533",1,"Calcifier_pH",-0.3,0.7,0.703182234172709
"ambiguous_dropped","all_data","Growth",-0.154150679827258,"pH","pH","Calcifier","ZOO_STUDY_0312","ZOO_ES_003150","ZOO_COMMON_00533",1,"Calcifier_pH",-0.3,0.7,0.6914773706696
"ambiguous_dropped","all_data","Growth",-0.115195712091433,"pH","pH","Calcifier","ZOO_STUDY_0315","ZOO_ES_003151","ZOO_COMMON_00537",1,"Calcifier_pH",-0.3,0.7,0.724830860935617
"ambiguous_dropped","all_data","Growth",-0.219265071985639,"pH","pH","Calcifier","ZOO_STUDY_0315","ZOO_ES_003152","ZOO_COMMON_00537",1,"Calcifier_pH",-0.3,0.7,0.686740983789787
"ambiguous_dropped","all_data","Growth",-0.0791681995286039,"pH","pH","Calcifier","ZOO_STUDY_0315","ZOO_ES_003153","ZOO_COMMON_00537",1,"Calcifier_pH",-0.3,0.7,0.705633598263375
"ambiguous_dropped","all_data","Growth",-0.143706720666175,"pH","pH","Calcifier","ZOO_STUDY_0315","ZOO_ES_003154","ZOO_COMMON_00537",1,"Calcifier_pH",-0.3,0.7,0.680408926471136
"ambiguous_dropped","all_data","Growth",0,"pH","pH","Calcifier","ZOO_STUDY_0334","ZOO_ES_003157","ZOO_COMMON_00567",1,"Calcifier_pH",-0.3,0.7,0.699351628497243
"ambiguous_dropped","all_data","Growth",-0.0266682470821613,"pH","pH","Calcifier","ZOO_STUDY_0334","ZOO_ES_003158","ZOO_COMMON_00567",1,"Calcifier_pH",-0.3,0.7,0.67997229116736
"ambiguous_dropped","all_data","Growth",-0.0560894666510436,"pH","pH","Calcifier","ZOO_STUDY_0349","ZOO_ES_003161","ZOO_COMMON_00591",1,"Calcifier_pH",-0.3,0.7,0.683058288134634
"ambiguous_dropped","all_data","Growth",-0.0943106794712413,"pH","pH","Calcifier","ZOO_STUDY_0349","ZOO_ES_003162","ZOO_COMMON_00591",1,"Calcifier_pH",-0.3,0.7,0.689149643538985
"ambiguous_dropped","all_data","Growth",-0.0571768829365333,"pH","pH","Calcifier","ZOO_STUDY_0367","ZOO_ES_003170","ZOO_COMMON_00617",1,"Calcifier_pH",-0.3,0.7,0.704193616798148
"ambiguous_dropped","all_data","Growth",-0.0281708769666963,"pH","pH","Calcifier","ZOO_STUDY_0392","ZOO_ES_003181","ZOO_COMMON_00657",1,"Calcifier_pH",-0.3,0.7,0.711585382942576
"ambiguous_dropped","all_data","Growth",0.00539084863487637,"pH","pH","Calcifier","ZOO_STUDY_0392","ZOO_ES_003182","ZOO_COMMON_00657",1,"Calcifier_pH",-0.3,0.7,0.683276045555249
"ambiguous_dropped","all_data","Growth",-0.111225635110224,"pH","pH","Calcifier","ZOO_STUDY_0417","ZOO_ES_003184","ZOO_COMMON_00703",1,"Calcifier_pH",-0.3,0.7,0.718323388160206
"ambiguous_dropped","all_data","Growth",-0.0531098253139484,"pH","pH","Calcifier","ZOO_STUDY_0450","ZOO_ES_003185","ZOO_COMMON_00759",1,"Calcifier_pH",-0.3,0.7,0.710428706859238
"ambiguous_dropped","all_data","Growth",-0.0741079721537218,"pH","pH","Calcifier","ZOO_STUDY_0451","ZOO_ES_003186","ZOO_COMMON_00760",1,"Calcifier_pH",-0.3,0.7,0.713019976811483
"ambiguous_dropped","all_data","Growth",-0.102857385439708,"pH","pH","Calcifier","ZOO_STUDY_0451","ZOO_ES_003187","ZOO_COMMON_00760",1,"Calcifier_pH",-0.3,0.7,0.682354205427691
"ambiguous_dropped","all_data","Growth",0.0232955626035221,"pH","pH","Calcifier","ZOO_STUDY_0452","ZOO_ES_003189","ZOO_COMMON_00761",1,"Calcifier_pH",-0.3,0.7,0.69290284817107
"ambiguous_dropped","all_data","Growth",-0.0478298825355721,"pH","pH","Calcifier","ZOO_STUDY_0454","ZOO_ES_003190","ZOO_COMMON_00763",1,"Calcifier_pH",-0.3,0.7,0.708666624070611
"ambiguous_dropped","all_data","Growth",-0.082274204316638,"pH","pH","Calcifier","ZOO_STUDY_0454","ZOO_ES_003192","ZOO_COMMON_00763",1,"Calcifier_pH",-0.3,0.7,0.701191130082589
"ambiguous_dropped","all_data","Growth",-0.182321556793955,"pH","pH","Calcifier","ZOO_STUDY_0481","ZOO_ES_003203","ZOO_COMMON_00817",1,"Calcifier_pH",-0.3,0.7,0.692490089638159
"ambiguous_dropped","all_data","Growth",-0.165792254842744,"pH","pH","Calcifier","ZOO_STUDY_0481","ZOO_ES_003204","ZOO_COMMON_00817",1,"Calcifier_pH",-0.3,0.7,0.687026535079349
"ambiguous_dropped","all_data","Growth",-0.084557388028063,"pH","pH","Calcifier","ZOO_STUDY_0521","ZOO_ES_003207","ZOO_COMMON_00889",1,"Calcifier_pH",-0.3,0.7,0.677909589814953
"ambiguous_dropped","all_data","Growth",-0.129677823308533,"pH","pH","Calcifier","ZOO_STUDY_0521","ZOO_ES_003208","ZOO_COMMON_00889",1,"Calcifier_pH",-0.3,0.7,0.686830987106077
"ambiguous_dropped","all_data","Growth",-0.238891908282349,"pH","pH","Calcifier","ZOO_STUDY_0522","ZOO_ES_003209","ZOO_COMMON_00890",1,"Calcifier_pH",-0.3,0.7,0.719503895659
"ambiguous_dropped","all_data","Growth",-0.0689928714869514,"pH","pH","Calcifier","ZOO_STUDY_0522","ZOO_ES_003210","ZOO_COMMON_00891",1,"Calcifier_pH",-0.3,0.7,0.715591370803304
"ambiguous_dropped","all_data","Growth",-0.00966191091173686,"pH","pH","Calcifier","ZOO_STUDY_0526","ZOO_ES_003213","ZOO_COMMON_00896",1,"Calcifier_pH",-0.3,0.7,0.712375816109124
"ambiguous_dropped","all_data","Growth",-0.0492710490067828,"pH","pH","Calcifier","ZOO_STUDY_0526","ZOO_ES_003214","ZOO_COMMON_00896",1,"Calcifier_pH",-0.3,0.7,0.682745586289093
"ambiguous_dropped","all_data","Growth",0.0862603442844069,"pH","pH","Calcifier","ZOO_STUDY_0529","ZOO_ES_003225","ZOO_COMMON_00899",1,"Calcifier_pH",-0.3,0.7,0.681237104430329
"ambiguous_dropped","all_data","Growth",0.0611544231533306,"pH","pH","Calcifier","ZOO_STUDY_0529","ZOO_ES_003226","ZOO_COMMON_00899",1,"Calcifier_pH",-0.3,0.7,0.723736290424131
"ambiguous_dropped","all_data","Growth",-0.0238674814066434,"pH","pH","Calcifier","ZOO_STUDY_0529","ZOO_ES_003227","ZOO_COMMON_00899",1,"Calcifier_pH",-0.3,0.7,0.69680649980437
"ambiguous_dropped","all_data","Growth",0.0140517534556503,"pH","pH","Calcifier","ZOO_STUDY_0529","ZOO_ES_003228","ZOO_COMMON_00899",1,"Calcifier_pH",-0.3,0.7,0.698200831341091
"ambiguous_dropped","all_data","Growth",-0.0652878653883583,"pH","pH","Calcifier","ZOO_STUDY_0509","ZOO_ES_003238","ZOO_COMMON_00873",1,"Calcifier_pH",-0.3,0.7,0.683264904061798
"ambiguous_dropped","all_data","Growth",-0.0908491709483478,"pH","pH","Calcifier","ZOO_STUDY_0509","ZOO_ES_003239","ZOO_COMMON_00873",1,"Calcifier_pH",-0.3,0.7,0.704246827866882
"ambiguous_dropped","all_data","Growth",-0.0645385210525713,"pH","pH","Calcifier","ZOO_STUDY_0174","ZOO_ES_003240","ZOO_COMMON_00301",1,"Calcifier_pH",-0.3,0.7,0.688538900972344
"ambiguous_dropped","all_data","Growth",-0.0748191591860504,"pH","pH","Calcifier","ZOO_STUDY_0174","ZOO_ES_003241","ZOO_COMMON_00301",1,"Calcifier_pH",-0.3,0.7,0.68650484601967
"ambiguous_dropped","all_data","Growth",-0.0251359732789955,"pH","pH","Calcifier","ZOO_STUDY_0174","ZOO_ES_003242","ZOO_COMMON_00301",1,"Calcifier_pH",-0.3,0.7,0.709560391574632
"ambiguous_dropped","all_data","Growth",-0.00673403213431883,"pH","pH","Calcifier","ZOO_STUDY_0174","ZOO_ES_003243","ZOO_COMMON_00301",1,"Calcifier_pH",-0.3,0.7,0.68914261998143
"ambiguous_dropped","all_data","Growth",0.0646378802891249,"pH","pH","Calcifier","ZOO_STUDY_0174","ZOO_ES_003244","ZOO_COMMON_00301",1,"Calcifier_pH",-0.3,0.7,0.715519903309178
"ambiguous_dropped","all_data","Growth",0.030685810542033,"pH","pH","Calcifier","ZOO_STUDY_0174","ZOO_ES_003245","ZOO_COMMON_00301",1,"Calcifier_pH",-0.3,0.7,0.679695830354467
"ambiguous_dropped","all_data","Growth",-0.0257524962139107,"pH","pH","Calcifier","ZOO_STUDY_0174","ZOO_ES_003246","ZOO_COMMON_00301",1,"Calcifier_pH",-0.3,0.7,0.716101503558457
"ambiguous_dropped","all_data","Growth",-0.0246926125138237,"pH","pH","Calcifier","ZOO_STUDY_0174","ZOO_ES_003247","ZOO_COMMON_00301",1,"Calcifier_pH",-0.3,0.7,0.696371414035093
"ambiguous_dropped","all_data","Growth",-0.00884179048959898,"pH","pH","Calcifier","ZOO_STUDY_0174","ZOO_ES_003248","ZOO_COMMON_00301",1,"Calcifier_pH",-0.3,0.7,0.71279436298646
"ambiguous_dropped","all_data","Growth",-0.0210875616657242,"pH","pH","Calcifier","ZOO_STUDY_0174","ZOO_ES_003249","ZOO_COMMON_00301",1,"Calcifier_pH",-0.3,0.7,0.708119275327772
"ambiguous_dropped","all_data","Growth",0.00619197030984121,"pH","pH","Calcifier","ZOO_STUDY_0174","ZOO_ES_003250","ZOO_COMMON_00301",1,"Calcifier_pH",-0.3,0.7,0.697226369846612
"ambiguous_dropped","all_data","Growth",-0.0421410667179749,"pH","pH","Calcifier","ZOO_STUDY_0174","ZOO_ES_003251","ZOO_COMMON_00301",1,"Calcifier_pH",-0.3,0.7,0.706357309222221
"ambiguous_dropped","all_data","Growth",-0.0511037511074398,"pH","pH","Calcifier","ZOO_STUDY_0174","ZOO_ES_003252","ZOO_COMMON_00301",1,"Calcifier_pH",-0.3,0.7,0.675023267453071
"ambiguous_dropped","all_data","Growth",-0.0172730207157684,"pH","pH","Calcifier","ZOO_STUDY_0174","ZOO_ES_003253","ZOO_COMMON_00301",1,"Calcifier_pH",-0.3,0.7,0.685862175701186
"ambiguous_dropped","all_data","Growth",0.0847770217637205,"pH","pH","Calcifier","ZOO_STUDY_0174","ZOO_ES_003254","ZOO_COMMON_00301",1,"Calcifier_pH",-0.3,0.7,0.710243612283375
"ambiguous_dropped","all_data","Growth",0.152712306228211,"pH","pH","Calcifier","ZOO_STUDY_0174","ZOO_ES_003255","ZOO_COMMON_00301",1,"Calcifier_pH",-0.3,0.7,0.685758324409835
"ambiguous_dropped","all_data","Growth",-0.0349571910932192,"pH","pH","Calcifier","ZOO_STUDY_0174","ZOO_ES_003256","ZOO_COMMON_00301",1,"Calcifier_pH",-0.3,0.7,0.715696686063893
"ambiguous_dropped","all_data","Growth",-0.0170312890561072,"pH","pH","Calcifier","ZOO_STUDY_0174","ZOO_ES_003257","ZOO_COMMON_00301",1,"Calcifier_pH",-0.3,0.7,0.690388193714898
"ambiguous_dropped","all_data","Growth",0.0118554647299549,"pH","pH","Calcifier","ZOO_STUDY_0174","ZOO_ES_003258","ZOO_COMMON_00301",1,"Calcifier_pH",-0.3,0.7,0.709387134283315
"ambiguous_dropped","all_data","Growth",-0.00969388204197466,"pH","pH","Calcifier","ZOO_STUDY_0174","ZOO_ES_003259","ZOO_COMMON_00301",1,"Calcifier_pH",-0.3,0.7,0.721634053951129
"ambiguous_dropped","all_data","Growth",-0.0940553528502343,"pH","pH","Calcifier","ZOO_STUDY_0174","ZOO_ES_003260","ZOO_COMMON_00301",1,"Calcifier_pH",-0.3,0.7,0.680788983241655
"ambiguous_dropped","all_data","Growth",-0.108809190398057,"pH","pH","Calcifier","ZOO_STUDY_0174","ZOO_ES_003261","ZOO_COMMON_00301",1,"Calcifier_pH",-0.3,0.7,0.681385284394491
"ambiguous_dropped","all_data","Growth",-0.166005891268271,"pH","pH","Calcifier","ZOO_STUDY_0176","ZOO_ES_003262","ZOO_COMMON_00304",1,"Calcifier_pH",-0.3,0.7,0.708911192871164
"ambiguous_dropped","all_data","Growth",0.00321256074043103,"pH","pH","Calcifier","ZOO_STUDY_0176","ZOO_ES_003263","ZOO_COMMON_00304",1,"Calcifier_pH",-0.3,0.7,0.696447429794352
"ambiguous_dropped","all_data","Growth",-0.0734274685548172,"pH","pH","Calcifier","ZOO_STUDY_0177","ZOO_ES_003264","ZOO_COMMON_00306",1,"Calcifier_pH",-0.3,0.7,0.716720048896968
"ambiguous_dropped","all_data","Growth",-0.050430853626892,"pH","pH","Calcifier","ZOO_STUDY_0177","ZOO_ES_003265","ZOO_COMMON_00306",1,"Calcifier_pH",-0.3,0.7,0.723571903340053
"ambiguous_dropped","all_data","Growth",-0.0934531690571121,"pH","pH","Calcifier","ZOO_STUDY_0177","ZOO_ES_003266","ZOO_COMMON_00306",1,"Calcifier_pH",-0.3,0.7,0.678524448885582
"ambiguous_dropped","all_data","Growth",-0.10025660373965,"pH","pH","Calcifier","ZOO_STUDY_0177","ZOO_ES_003267","ZOO_COMMON_00306",1,"Calcifier_pH",-0.3,0.7,0.697989259660244
"ambiguous_dropped","all_data","Growth",-0.163227897978375,"pH","pH","Calcifier","ZOO_STUDY_0177","ZOO_ES_003268","ZOO_COMMON_00306",1,"Calcifier_pH",-0.3,0.7,0.7100792559213
"ambiguous_dropped","all_data","Growth",-0.036533743332456,"pH","pH","Calcifier","ZOO_STUDY_0177","ZOO_ES_003269","ZOO_COMMON_00306",1,"Calcifier_pH",-0.3,0.7,0.679347008396871
"ambiguous_dropped","all_data","Growth",-0.0576291128366364,"pH","pH","Calcifier","ZOO_STUDY_0177","ZOO_ES_003270","ZOO_COMMON_00306",1,"Calcifier_pH",-0.3,0.7,0.724647200806066
"ambiguous_dropped","all_data","Growth",-0.085323042973862,"pH","pH","Calcifier","ZOO_STUDY_0177","ZOO_ES_003271","ZOO_COMMON_00306",1,"Calcifier_pH",-0.3,0.7,0.687654949701391
"ambiguous_dropped","all_data","Growth",-0.111026253193504,"pH","pH","Calcifier","ZOO_STUDY_0177","ZOO_ES_003272","ZOO_COMMON_00306",1,"Calcifier_pH",-0.3,0.7,0.677476921782363
"ambiguous_dropped","all_data","Growth",-0.120144311842063,"pH","pH","Calcifier","ZOO_STUDY_0177","ZOO_ES_003273","ZOO_COMMON_00306",1,"Calcifier_pH",-0.3,0.7,0.709316247340757
"ambiguous_dropped","all_data","Growth",-0.053109825220845,"pH","pH","Calcifier","ZOO_STUDY_0177","ZOO_ES_003274","ZOO_COMMON_00306",1,"Calcifier_pH",-0.3,0.7,0.71434636763297
"ambiguous_dropped","all_data","Growth",-0.0672522270266648,"pH","pH","Calcifier","ZOO_STUDY_0177","ZOO_ES_003275","ZOO_COMMON_00306",1,"Calcifier_pH",-0.3,0.7,0.692680303798988
"ambiguous_dropped","all_data","Growth",0,"pH","pH","Calcifier","ZOO_STUDY_0177","ZOO_ES_003276","ZOO_COMMON_00306",1,"Calcifier_pH",-0.3,0.7,0.693322072247974
"ambiguous_dropped","all_data","Growth",-0.0353166718891789,"pH","pH","Calcifier","ZOO_STUDY_0177","ZOO_ES_003277","ZOO_COMMON_00306",1,"Calcifier_pH",-0.3,0.7,0.689355006534606
"ambiguous_dropped","all_data","Growth",0.00276625346511289,"pH","pH","Calcifier","ZOO_STUDY_0177","ZOO_ES_003278","ZOO_COMMON_00306",1,"Calcifier_pH",-0.3,0.7,0.67899864561623
"ambiguous_dropped","all_data","Growth",-0.0133039656393426,"pH","pH","Calcifier","ZOO_STUDY_0177","ZOO_ES_003279","ZOO_COMMON_00306",1,"Calcifier_pH",-0.3,0.7,0.693272713478655
"ambiguous_dropped","all_data","Growth",0.0160003413189834,"pH","pH","Calcifier","ZOO_STUDY_0177","ZOO_ES_003280","ZOO_COMMON_00306",1,"Calcifier_pH",-0.3,0.7,0.683900690730661
"ambiguous_dropped","all_data","Growth",-0.0668086697019061,"pH","pH","Calcifier","ZOO_STUDY_0177","ZOO_ES_003281","ZOO_COMMON_00306",1,"Calcifier_pH",-0.3,0.7,0.701802686031442
"ambiguous_dropped","all_data","Growth",-0.0610141056741287,"pH","pH","Calcifier","ZOO_STUDY_0177","ZOO_ES_003282","ZOO_COMMON_00306",1,"Calcifier_pH",-0.3,0.7,0.700197435601149
"ambiguous_dropped","all_data","Growth",-0.10709813630365,"pH","pH","Calcifier","ZOO_STUDY_0177","ZOO_ES_003283","ZOO_COMMON_00306",1,"Calcifier_pH",-0.3,0.7,0.722251755173784
"ambiguous_dropped","all_data","Growth",-0.0681378054348367,"pH","pH","Calcifier","ZOO_STUDY_0377","ZOO_ES_003284","ZOO_COMMON_00635",1,"Calcifier_pH",-0.3,0.7,0.69206606419757
"ambiguous_dropped","all_data","Growth",-0.0957450568944982,"pH","pH","Calcifier","ZOO_STUDY_0377","ZOO_ES_003285","ZOO_COMMON_00635",1,"Calcifier_pH",-0.3,0.7,0.698235688707791
"ambiguous_dropped","all_data","Growth",-0.156653809885201,"pH","pH","Calcifier","ZOO_STUDY_0377","ZOO_ES_003286","ZOO_COMMON_00635",1,"Calcifier_pH",-0.3,0.7,0.679126559081487
"ambiguous_dropped","all_data","Growth",-0.00884961544598888,"pH","pH","Calcifier","ZOO_STUDY_0377","ZOO_ES_003287","ZOO_COMMON_00635",1,"Calcifier_pH",-0.3,0.7,0.718005342304241
"ambiguous_dropped","all_data","Growth",-0.0533830671162698,"T","T","Calcifier","ZOO_STUDY_0371","ZOO_ES_003288","ZOO_COMMON_00623",1,"Calcifier_T",-0.18,0.82,0.814783031998668
"ambiguous_dropped","all_data","Growth",-0.00415456858245017,"T","T","Calcifier","ZOO_STUDY_0371","ZOO_ES_003289","ZOO_COMMON_00623",1,"Calcifier_T",-0.18,0.82,0.831794967518654
"ambiguous_dropped","all_data","Growth",0,"T","T","Calcifier","ZOO_STUDY_0371","ZOO_ES_003290","ZOO_COMMON_00623",1,"Calcifier_T",-0.18,0.82,0.803587170299143
"ambiguous_dropped","all_data","Growth",-0.00225276844296736,"T","T","Calcifier","ZOO_STUDY_0371","ZOO_ES_003291","ZOO_COMMON_00623",1,"Calcifier_T",-0.18,0.82,0.817738081566058
"ambiguous_dropped","all_data","Growth",-0.042732849570593,"T","T","Calcifier","ZOO_STUDY_0371","ZOO_ES_003292","ZOO_COMMON_00623",1,"Calcifier_T",-0.18,0.82,0.833510237971786
"ambiguous_dropped","all_data","Growth",0.015168221516593,"T","T","Calcifier","ZOO_STUDY_0371","ZOO_ES_003293","ZOO_COMMON_00623",1,"Calcifier_T",-0.18,0.82,0.79813249991741
"ambiguous_dropped","all_data","Growth",-0.0552904629182057,"T","T","Calcifier","ZOO_STUDY_0375","ZOO_ES_003294","ZOO_COMMON_00633",1,"Calcifier_T",-0.18,0.82,0.835754074754659
"ambiguous_dropped","all_data","Growth",-0.0462128431418361,"T","T","Calcifier","ZOO_STUDY_0375","ZOO_ES_003295","ZOO_COMMON_00633",1,"Calcifier_T",-0.18,0.82,0.81005712622311
"ambiguous_dropped","all_data","Growth",-0.132791473868988,"T","T","Calcifier","ZOO_STUDY_0375","ZOO_ES_003296","ZOO_COMMON_00633",1,"Calcifier_T",-0.18,0.82,0.813233551399317
"ambiguous_dropped","all_data","Growth",-0.0454623740137083,"T","T","Calcifier","ZOO_STUDY_0375","ZOO_ES_003297","ZOO_COMMON_00633",1,"Calcifier_T",-0.18,0.82,0.81060563959647
"ambiguous_dropped","all_data","Growth",-0.0792240420808809,"T","T","Calcifier","ZOO_STUDY_0375","ZOO_ES_003298","ZOO_COMMON_00633",1,"Calcifier_T",-0.18,0.82,0.796868498243857
"ambiguous_dropped","all_data","Growth",-0.0677855065061436,"T","T","Calcifier","ZOO_STUDY_0375","ZOO_ES_003299","ZOO_COMMON_00633",1,"Calcifier_T",-0.18,0.82,0.820940246169921
"ambiguous_dropped","all_data","Growth",-0.0764535557022479,"T","T","Calcifier","ZOO_STUDY_0375","ZOO_ES_003300","ZOO_COMMON_00633",1,"Calcifier_T",-0.18,0.82,0.828950670785271
"ambiguous_dropped","all_data","Growth",-0.0630839753664875,"T","T","Calcifier","ZOO_STUDY_0375","ZOO_ES_003301","ZOO_COMMON_00633",1,"Calcifier_T",-0.18,0.82,0.840161678013392
"ambiguous_dropped","all_data","Growth",-0.0988788810336702,"T","T","Calcifier","ZOO_STUDY_0375","ZOO_ES_003302","ZOO_COMMON_00633",1,"Calcifier_T",-0.18,0.82,0.796276334922295
"ambiguous_dropped","all_data","Growth",-0.143946509662204,"T","T","Calcifier","ZOO_STUDY_0375","ZOO_ES_003303","ZOO_COMMON_00633",1,"Calcifier_T",-0.18,0.82,0.844453913536854
"ambiguous_dropped","all_data","Growth",-0.0691765093499307,"T","T","Calcifier","ZOO_STUDY_0375","ZOO_ES_003304","ZOO_COMMON_00633",1,"Calcifier_T",-0.18,0.82,0.810144381229766
"ambiguous_dropped","all_data","Growth",-0.0845573881088791,"T","T","Calcifier","ZOO_STUDY_0375","ZOO_ES_003305","ZOO_COMMON_00633",1,"Calcifier_T",-0.18,0.82,0.841956920030061
"ambiguous_dropped","all_data","Growth",-0.09284037339903,"T","T","Calcifier","ZOO_STUDY_0380","ZOO_ES_003306","ZOO_COMMON_00638",1,"Calcifier_T",-0.18,0.82,0.82938037908636
"ambiguous_dropped","all_data","Growth",-0.0430417512714281,"pH","pH","Calcifier","ZOO_STUDY_0381","ZOO_ES_003307","ZOO_COMMON_00639",1,"Calcifier_pH",-0.3,0.7,0.697351849742699
"ambiguous_dropped","all_data","Growth",-0.0593405481521946,"pH","pH","Calcifier","ZOO_STUDY_0381","ZOO_ES_003308","ZOO_COMMON_00639",1,"Calcifier_pH",-0.3,0.7,0.715823906939477
"ambiguous_dropped","all_data","Growth",-0.0215007003039369,"pH","pH","Calcifier","ZOO_STUDY_0381","ZOO_ES_003309","ZOO_COMMON_00639",1,"Calcifier_pH",-0.3,0.7,0.676974959892686
"ambiguous_dropped","all_data","Growth",-0.0967397725423885,"pH","pH","Calcifier","ZOO_STUDY_0381","ZOO_ES_003310","ZOO_COMMON_00639",1,"Calcifier_pH",-0.3,0.7,0.711951584275812
"ambiguous_dropped","all_data","Growth",-0.0371207877624973,"pH","pH","Calcifier","ZOO_STUDY_0381","ZOO_ES_003311","ZOO_COMMON_00639",1,"Calcifier_pH",-0.3,0.7,0.692435974685941
"ambiguous_dropped","all_data","Growth",-0.0211371787562561,"pH","pH","Calcifier","ZOO_STUDY_0381","ZOO_ES_003312","ZOO_COMMON_00639",1,"Calcifier_pH",-0.3,0.7,0.716462541173678
"ambiguous_dropped","all_data","Growth",-0.0537109837608471,"pH","pH","Calcifier","ZOO_STUDY_0381","ZOO_ES_003313","ZOO_COMMON_00639",1,"Calcifier_pH",-0.3,0.7,0.701777069584932
"ambiguous_dropped","all_data","Growth",-0.0254479739447663,"pH","pH","Calcifier","ZOO_STUDY_0381","ZOO_ES_003314","ZOO_COMMON_00639",1,"Calcifier_pH",-0.3,0.7,0.68872726818081
"ambiguous_dropped","all_data","Growth",-0.0962517995891197,"pH","pH","Calcifier","ZOO_STUDY_0378","ZOO_ES_003315","ZOO_COMMON_00636",1,"Calcifier_pH",-0.3,0.7,0.715047410596162
"ambiguous_dropped","all_data","Growth",-0.0455659688768993,"pH","pH","Calcifier","ZOO_STUDY_0378","ZOO_ES_003316","ZOO_COMMON_00636",1,"Calcifier_pH",-0.3,0.7,0.679582234739792
"ambiguous_dropped","all_data","Growth",-0.242140052004865,"pH","pH","Non-calcifier","ZOO_STUDY_0021","ZOO_ES_000011","ZOO_COMMON_00030",1,"Non-calcifier_pH",0.06,1.06,1.07660538871074
"ambiguous_dropped","all_data","Growth",-0.284104251103897,"T","T","Non-calcifier","ZOO_STUDY_0021","ZOO_ES_000012","ZOO_COMMON_00030",1,"Non-calcifier_T",0.18,1.18,1.16884275362361
"ambiguous_dropped","all_data","Growth",-0.60077386042893,"TpH","T + pH","Non-calcifier","ZOO_STUDY_0021","ZOO_ES_000013","ZOO_COMMON_00030",1,"Non-calcifier_T + pH",0.3,1.3,1.31265550497919
"ambiguous_dropped","all_data","Growth",-0.115990288749138,"pH","pH","Non-calcifier","ZOO_STUDY_0075","ZOO_ES_000121","ZOO_COMMON_00120",1,"Non-calcifier_pH",0.06,1.06,1.08320762850577
"ambiguous_dropped","all_data","Growth",-0.131137945840767,"T","T","Non-calcifier","ZOO_STUDY_0075","ZOO_ES_000122","ZOO_COMMON_00120",1,"Non-calcifier_T",0.18,1.18,1.15907332800096
"ambiguous_dropped","all_data","Growth",-0.00016130333126349,"TpH","T + pH","Non-calcifier","ZOO_STUDY_0075","ZOO_ES_000123","ZOO_COMMON_00120",1,"Non-calcifier_T + pH",0.3,1.3,1.31771823732415
"ambiguous_dropped","all_data","Growth",0.167054084663166,"T","T","Non-calcifier","ZOO_STUDY_0339","ZOO_ES_000321","ZOO_COMMON_00574",1,"Non-calcifier_T",0.18,1.18,1.19511191085447
"ambiguous_dropped","all_data","Growth",-0.258865679362836,"pH","pH","Non-calcifier","ZOO_STUDY_0394","ZOO_ES_000350","ZOO_COMMON_00661",1,"Non-calcifier_pH",0.06,1.06,1.05425868022954
"ambiguous_dropped","all_data","Growth",0.320045089444388,"T","T","Non-calcifier","ZOO_STUDY_0394","ZOO_ES_000351","ZOO_COMMON_00661",1,"Non-calcifier_T",0.18,1.18,1.17137986995047
"ambiguous_dropped","all_data","Growth",0.123613955967177,"TpH","T + pH","Non-calcifier","ZOO_STUDY_0394","ZOO_ES_000364","ZOO_COMMON_00661",1,"Non-calcifier_T + pH",0.3,1.3,1.28524693514919
"ambiguous_dropped","all_data","Growth",-0.0264734766671715,"T","T","Non-calcifier","ZOO_STUDY_0339","ZOO_ES_000376","ZOO_COMMON_00574",1,"Non-calcifier_T",0.18,1.18,1.1834691331326
"ambiguous_dropped","all_data","Growth",-0.00918280098233498,"pH","pH","Non-calcifier","ZOO_STUDY_0340","ZOO_ES_000425","ZOO_COMMON_00575",1,"Non-calcifier_pH",0.06,1.06,1.0794027595222
"ambiguous_dropped","all_data","Growth",-0.042957118100939,"T","T","Non-calcifier","ZOO_STUDY_0340","ZOO_ES_000469","ZOO_COMMON_00575",1,"Non-calcifier_T",0.18,1.18,1.18148570457241
"ambiguous_dropped","all_data","Growth",-0.0110295235754996,"T","T","Non-calcifier","ZOO_STUDY_0340","ZOO_ES_000470","ZOO_COMMON_00575",1,"Non-calcifier_T",0.18,1.18,1.1843479328393
"ambiguous_dropped","all_data","Growth",-0.0467812145393425,"TpH","T + pH","Non-calcifier","ZOO_STUDY_0340","ZOO_ES_000471","ZOO_COMMON_00575",1,"Non-calcifier_T + pH",0.3,1.3,1.30828675712692
"ambiguous_dropped","all_data","Growth",-0.0240529634617863,"TpH","T + pH","Non-calcifier","ZOO_STUDY_0340","ZOO_ES_000472","ZOO_COMMON_00576",1,"Non-calcifier_T + pH",0.3,1.3,1.30149462292902
"ambiguous_dropped","all_data","Growth",-0.0372081914897269,"pH","pH","Non-calcifier","ZOO_STUDY_0327","ZOO_ES_000499","ZOO_COMMON_00558",1,"Non-calcifier_pH",0.06,1.06,1.06049214496976
"ambiguous_dropped","all_data","Growth",0.0136227291524143,"pH","pH","Non-calcifier","ZOO_STUDY_0327","ZOO_ES_000500","ZOO_COMMON_00558",1,"Non-calcifier_pH",0.06,1.06,1.03580802404555
"ambiguous_dropped","all_data","Growth",-0.0277517809752551,"T","T","Non-calcifier","ZOO_STUDY_0327","ZOO_ES_000507","ZOO_COMMON_00558",1,"Non-calcifier_T",0.18,1.18,1.15738549924688
"ambiguous_dropped","all_data","Growth",-0.0684998356086047,"TpH","T + pH","Non-calcifier","ZOO_STUDY_0327","ZOO_ES_000508","ZOO_COMMON_00558",1,"Non-calcifier_T + pH",0.3,1.3,1.32146753412671
"ambiguous_dropped","all_data","Growth",-0.207014169384326,"pH","pH","Non-calcifier","ZOO_STUDY_0449","ZOO_ES_000509","ZOO_COMMON_00758",1,"Non-calcifier_pH",0.06,1.06,1.07346427693497
"ambiguous_dropped","all_data","Growth",0.836789882788789,"T","T","Non-calcifier","ZOO_STUDY_0449","ZOO_ES_000543","ZOO_COMMON_00758",1,"Non-calcifier_T",0.18,1.18,1.16505403080489
"ambiguous_dropped","all_data","Growth",0.74849727564311,"TpH","T + pH","Non-calcifier","ZOO_STUDY_0449","ZOO_ES_000544","ZOO_COMMON_00758",1,"Non-calcifier_T + pH",0.3,1.3,1.30751307501923
"ambiguous_dropped","all_data","Growth",0.102278849120418,"pH","pH","Non-calcifier","ZOO_STUDY_0413","ZOO_ES_000559","ZOO_COMMON_00692",1,"Non-calcifier_pH",0.06,1.06,1.06768833411857
"ambiguous_dropped","all_data","Growth",0.0741079721537218,"T","T","Non-calcifier","ZOO_STUDY_0413","ZOO_ES_000560","ZOO_COMMON_00692",1,"Non-calcifier_T",0.18,1.18,1.17476268807193
"ambiguous_dropped","all_data","Growth",-0.0155041865359653,"TpH","T + pH","Non-calcifier","ZOO_STUDY_0413","ZOO_ES_000580","ZOO_COMMON_00692",1,"Non-calcifier_T + pH",0.3,1.3,1.31561524142744
"ambiguous_dropped","all_data","Growth",-0.0385350475722255,"pH","pH","Non-calcifier","ZOO_STUDY_0029","ZOO_ES_000581","ZOO_COMMON_00043",1,"Non-calcifier_pH",0.06,1.06,1.06235117088305
"ambiguous_dropped","all_data","Growth",-0.112647909848959,"T","T","Non-calcifier","ZOO_STUDY_0029","ZOO_ES_000582","ZOO_COMMON_00043",1,"Non-calcifier_T",0.18,1.18,1.19925663257716
"ambiguous_dropped","all_data","Growth",0,"TpH","T + pH","Non-calcifier","ZOO_STUDY_0029","ZOO_ES_000583","ZOO_COMMON_00043",1,"Non-calcifier_T + pH",0.3,1.3,1.30266569937812
"ambiguous_dropped","all_data","Growth",-0.2427781264749,"pH","pH","Non-calcifier","ZOO_STUDY_0116","ZOO_ES_000584","ZOO_COMMON_00199",1,"Non-calcifier_pH",0.06,1.06,1.08030240558088
"ambiguous_dropped","all_data","Growth",-0.317305311096751,"T","T","Non-calcifier","ZOO_STUDY_0116","ZOO_ES_000585","ZOO_COMMON_00199",1,"Non-calcifier_T",0.18,1.18,1.18437306835083
"ambiguous_dropped","all_data","Growth",-0.316450219565955,"TpH","T + pH","Non-calcifier","ZOO_STUDY_0116","ZOO_ES_000586","ZOO_COMMON_00199",1,"Non-calcifier_T + pH",0.3,1.3,1.29617318254896
"ambiguous_dropped","all_data","Growth",0.159064694629687,"pH","pH","Non-calcifier","ZOO_STUDY_0401","ZOO_ES_000587","ZOO_COMMON_00674",1,"Non-calcifier_pH",0.06,1.06,1.08247926614946
"ambiguous_dropped","all_data","Growth",0.0504308536268919,"T","T","Non-calcifier","ZOO_STUDY_0401","ZOO_ES_000588","ZOO_COMMON_00674",1,"Non-calcifier_T",0.18,1.18,1.19045189517317
"ambiguous_dropped","all_data","Growth",0.0826917158451134,"TpH","T + pH","Non-calcifier","ZOO_STUDY_0401","ZOO_ES_000589","ZOO_COMMON_00674",1,"Non-calcifier_T + pH",0.3,1.3,1.29566527040442
"ambiguous_dropped","all_data","Growth",-0.304083112534752,"pH","pH","Non-calcifier","ZOO_STUDY_0041","ZOO_ES_000590","ZOO_COMMON_00058",1,"Non-calcifier_pH",0.06,1.06,1.03591820418602
"ambiguous_dropped","all_data","Growth",0.213564373299646,"T","T","Non-calcifier","ZOO_STUDY_0041","ZOO_ES_000591","ZOO_COMMON_00058",1,"Non-calcifier_T",0.18,1.18,1.1833367041382
"ambiguous_dropped","all_data","Growth",0.204600229109479,"TpH","T + pH","Non-calcifier","ZOO_STUDY_0041","ZOO_ES_000592","ZOO_COMMON_00058",1,"Non-calcifier_T + pH",0.3,1.3,1.29950317265466
"ambiguous_dropped","all_data","Growth",0.0411182469294725,"pH","pH","Non-calcifier","ZOO_STUDY_0179","ZOO_ES_000620","ZOO_COMMON_00310",1,"Non-calcifier_pH",0.06,1.06,1.07893370106118
"ambiguous_dropped","all_data","Growth",0.00487950103152187,"pH","pH","Non-calcifier","ZOO_STUDY_0018","ZOO_ES_000646","ZOO_COMMON_00026",1,"Non-calcifier_pH",0.06,1.06,1.07564263439504
"ambiguous_dropped","all_data","Growth",-0.044323758258935,"T","T","Non-calcifier","ZOO_STUDY_0018","ZOO_ES_000647","ZOO_COMMON_00026",1,"Non-calcifier_T",0.18,1.18,1.19770499887643
"ambiguous_dropped","all_data","Growth",-0.0702217763273387,"T","T","Non-calcifier","ZOO_STUDY_0018","ZOO_ES_000705","ZOO_COMMON_00026",1,"Non-calcifier_T",0.18,1.18,1.17339479738846
"ambiguous_dropped","all_data","Growth",-0.0477383200120397,"TpH","T + pH","Non-calcifier","ZOO_STUDY_0018","ZOO_ES_000738","ZOO_COMMON_00026",1,"Non-calcifier_T + pH",0.3,1.3,1.31869749564212
"ambiguous_dropped","all_data","Growth",-0.0920840841303518,"TpH","T + pH","Non-calcifier","ZOO_STUDY_0018","ZOO_ES_000739","ZOO_COMMON_00026",1,"Non-calcifier_T + pH",0.3,1.3,1.28256690857233
"ambiguous_dropped","all_data","Growth",-0.0137003557064295,"pH","pH","Non-calcifier","ZOO_STUDY_0281","ZOO_ES_000740","ZOO_COMMON_00472",1,"Non-calcifier_pH",0.06,1.06,1.04909058348509
"ambiguous_dropped","all_data","Growth",-0.0137003557064295,"T","T","Non-calcifier","ZOO_STUDY_0281","ZOO_ES_000762","ZOO_COMMON_00472",1,"Non-calcifier_T",0.18,1.18,1.18833525789203
"ambiguous_dropped","all_data","Growth",-0.0137003557064295,"T","T","Non-calcifier","ZOO_STUDY_0281","ZOO_ES_000763","ZOO_COMMON_00472",1,"Non-calcifier_T",0.18,1.18,1.20386917883996
"ambiguous_dropped","all_data","Growth",-0.0137003557064295,"TpH","T + pH","Non-calcifier","ZOO_STUDY_0281","ZOO_ES_000764","ZOO_COMMON_00472",1,"Non-calcifier_T + pH",0.3,1.3,1.3041369868326
"ambiguous_dropped","all_data","Growth",-0.0137003557064295,"TpH","T + pH","Non-calcifier","ZOO_STUDY_0281","ZOO_ES_000794","ZOO_COMMON_00472",1,"Non-calcifier_T + pH",0.3,1.3,1.30132950397674
"ambiguous_dropped","all_data","Growth",-0.452574679552519,"pH","pH","Non-calcifier","ZOO_STUDY_0105","ZOO_ES_000817","ZOO_COMMON_00183",1,"Non-calcifier_pH",0.06,1.06,1.03803911124356
"ambiguous_dropped","all_data","Growth",0.0031685704583431,"T","T","Non-calcifier","ZOO_STUDY_0105","ZOO_ES_000818","ZOO_COMMON_00183",1,"Non-calcifier_T",0.18,1.18,1.20345194318332
"ambiguous_dropped","all_data","Growth",-0.572793313602623,"T","T","Non-calcifier","ZOO_STUDY_0105","ZOO_ES_000819","ZOO_COMMON_00183",1,"Non-calcifier_T",0.18,1.18,1.16101185642881
"ambiguous_dropped","all_data","Growth",-0.397247615595923,"TpH","T + pH","Non-calcifier","ZOO_STUDY_0105","ZOO_ES_000820","ZOO_COMMON_00183",1,"Non-calcifier_T + pH",0.3,1.3,1.27941816505045
"ambiguous_dropped","all_data","Growth",-0.924576311460928,"TpH","T + pH","Non-calcifier","ZOO_STUDY_0105","ZOO_ES_000833","ZOO_COMMON_00183",1,"Non-calcifier_T + pH",0.3,1.3,1.31903820574516
"ambiguous_dropped","all_data","Growth",0.0710110356431887,"pH","pH","Non-calcifier","ZOO_STUDY_0272","ZOO_ES_000834","ZOO_COMMON_00453",1,"Non-calcifier_pH",0.06,1.06,1.06041853148723
"ambiguous_dropped","all_data","Growth",0.30697527538646,"T","T","Non-calcifier","ZOO_STUDY_0272","ZOO_ES_000835","ZOO_COMMON_00453",1,"Non-calcifier_T",0.18,1.18,1.17187474986538
"ambiguous_dropped","all_data","Growth",0.277894066085618,"TpH","T + pH","Non-calcifier","ZOO_STUDY_0272","ZOO_ES_000852","ZOO_COMMON_00453",1,"Non-calcifier_T + pH",0.3,1.3,1.31971673127264
"ambiguous_dropped","all_data","Growth",-0.221516211654834,"pH","pH","Non-calcifier","ZOO_STUDY_0143","ZOO_ES_000859","ZOO_COMMON_00244",1,"Non-calcifier_pH",0.06,1.06,1.03659858140396
"ambiguous_dropped","all_data","Growth",0.0842932453895033,"T","T","Non-calcifier","ZOO_STUDY_0143","ZOO_ES_000860","ZOO_COMMON_00244",1,"Non-calcifier_T",0.18,1.18,1.16686148487031
"ambiguous_dropped","all_data","Growth",-0.522841060510402,"TpH","T + pH","Non-calcifier","ZOO_STUDY_0143","ZOO_ES_000885","ZOO_COMMON_00244",1,"Non-calcifier_T + pH",0.3,1.3,1.30932451755507
"ambiguous_dropped","all_data","Growth",-1.58534036085504,"pH","pH","Non-calcifier","ZOO_STUDY_0143","ZOO_ES_000886","ZOO_COMMON_00245",1,"Non-calcifier_pH",0.06,1.06,1.04629092116607
"ambiguous_dropped","all_data","Growth",-1.18442071511855,"T","T","Non-calcifier","ZOO_STUDY_0143","ZOO_ES_000887","ZOO_COMMON_00245",1,"Non-calcifier_T",0.18,1.18,1.17092472940683
"ambiguous_dropped","all_data","Growth",-0.834373609406268,"TpH","T + pH","Non-calcifier","ZOO_STUDY_0143","ZOO_ES_000888","ZOO_COMMON_00245",1,"Non-calcifier_T + pH",0.3,1.3,1.2836991908378
"ambiguous_dropped","all_data","Growth",0.0453739528379181,"pH","pH","Non-calcifier","ZOO_STUDY_0507","ZOO_ES_000979","ZOO_COMMON_00869",1,"Non-calcifier_pH",0.06,1.06,1.07507147918455
"ambiguous_dropped","all_data","Growth",0.327336276616912,"T","T","Non-calcifier","ZOO_STUDY_0507","ZOO_ES_000980","ZOO_COMMON_00869",1,"Non-calcifier_T",0.18,1.18,1.16231410289882
"ambiguous_dropped","all_data","Growth",0.394798340303969,"TpH","T + pH","Non-calcifier","ZOO_STUDY_0507","ZOO_ES_000981","ZOO_COMMON_00869",1,"Non-calcifier_T + pH",0.3,1.3,1.31613586958265
"ambiguous_dropped","all_data","Growth",0.0656144776752874,"pH","pH","Non-calcifier","ZOO_STUDY_0152","ZOO_ES_001008","ZOO_COMMON_00258",1,"Non-calcifier_pH",0.06,1.06,1.05154989143135
"ambiguous_dropped","all_data","Growth",0.175327887790356,"T","T","Non-calcifier","ZOO_STUDY_0152","ZOO_ES_001009","ZOO_COMMON_00258",1,"Non-calcifier_T",0.18,1.18,1.17370846939273
"ambiguous_dropped","all_data","Growth",0.298188917673683,"TpH","T + pH","Non-calcifier","ZOO_STUDY_0152","ZOO_ES_001010","ZOO_COMMON_00258",1,"Non-calcifier_T + pH",0.3,1.3,1.30648727118969
"ambiguous_dropped","all_data","Growth",0.0246926130846804,"pH","pH","Non-calcifier","ZOO_STUDY_0045","ZOO_ES_001443","ZOO_COMMON_00065",1,"Non-calcifier_pH",0.06,1.06,1.03983168715145
"ambiguous_dropped","all_data","Growth",0.0450236812984835,"pH","pH","Non-calcifier","ZOO_STUDY_0045","ZOO_ES_001444","ZOO_COMMON_00065",1,"Non-calcifier_pH",0.06,1.06,1.0360996857658
"ambiguous_dropped","all_data","Growth",-0.0217399866588564,"pH","pH","Non-calcifier","ZOO_STUDY_0045","ZOO_ES_001445","ZOO_COMMON_00065",1,"Non-calcifier_pH",0.06,1.06,1.08465223901672
"ambiguous_dropped","all_data","Growth",-0.727338545016665,"pH","pH","Non-calcifier","ZOO_STUDY_0045","ZOO_ES_001446","ZOO_COMMON_00065",1,"Non-calcifier_pH",0.06,1.06,1.06419694228331
"ambiguous_dropped","all_data","Growth",-0.0316370850476437,"pH","pH","Non-calcifier","ZOO_STUDY_0045","ZOO_ES_001447","ZOO_COMMON_00064",1,"Non-calcifier_pH",0.06,1.06,1.0740911532566
"ambiguous_dropped","all_data","Growth",-0.0174524501629811,"pH","pH","Non-calcifier","ZOO_STUDY_0045","ZOO_ES_001448","ZOO_COMMON_00064",1,"Non-calcifier_pH",0.06,1.06,1.07959480613004
"ambiguous_dropped","all_data","Growth",0.272604181585204,"pH","pH","Non-calcifier","ZOO_STUDY_0045","ZOO_ES_001449","ZOO_COMMON_00065",1,"Non-calcifier_pH",0.06,1.06,1.07274327267893
"ambiguous_dropped","all_data","Growth",0.0286552558989254,"pH","pH","Non-calcifier","ZOO_STUDY_0045","ZOO_ES_001450","ZOO_COMMON_00065",1,"Non-calcifier_pH",0.06,1.06,1.08396018650616
"ambiguous_dropped","all_data","Growth",0.195094247558712,"pH","pH","Non-calcifier","ZOO_STUDY_0045","ZOO_ES_001451","ZOO_COMMON_00065",1,"Non-calcifier_pH",0.06,1.06,1.03720735339681
"ambiguous_dropped","all_data","Growth",0.0186051878712001,"pH","pH","Non-calcifier","ZOO_STUDY_0045","ZOO_ES_001452","ZOO_COMMON_00064",1,"Non-calcifier_pH",0.06,1.06,1.08017004423542
"ambiguous_dropped","all_data","Growth",0.039130423703345,"pH","pH","Non-calcifier","ZOO_STUDY_0045","ZOO_ES_001453","ZOO_COMMON_00064",1,"Non-calcifier_pH",0.06,1.06,1.07827504070243
"ambiguous_dropped","all_data","Growth",0.00911168036032613,"pH","pH","Non-calcifier","ZOO_STUDY_0045","ZOO_ES_001454","ZOO_COMMON_00065",1,"Non-calcifier_pH",0.06,1.06,1.07377037956845
"ambiguous_dropped","all_data","Growth",-1.05519979587775,"pH","pH","Non-calcifier","ZOO_STUDY_0045","ZOO_ES_001455","ZOO_COMMON_00065",1,"Non-calcifier_pH",0.06,1.06,1.05384082084289
"ambiguous_dropped","all_data","Growth",-0.00433840153664316,"pH","pH","Non-calcifier","ZOO_STUDY_0045","ZOO_ES_001456","ZOO_COMMON_00064",1,"Non-calcifier_pH",0.06,1.06,1.03710540243424
"ambiguous_dropped","all_data","Growth",-0.0204088716476603,"pH","pH","Non-calcifier","ZOO_STUDY_0045","ZOO_ES_001457","ZOO_COMMON_00064",1,"Non-calcifier_pH",0.06,1.06,1.05322055408265
"ambiguous_dropped","all_data","Growth",0.233614851152722,"pH","pH","Non-calcifier","ZOO_STUDY_0212","ZOO_ES_001498","ZOO_COMMON_00368",1,"Non-calcifier_pH",0.06,1.06,1.04868756348966
"ambiguous_dropped","all_data","Growth",-0.405465107795664,"pH","pH","Non-calcifier","ZOO_STUDY_0212","ZOO_ES_001499","ZOO_COMMON_00368",1,"Non-calcifier_pH",0.06,1.06,1.07752337403595
"ambiguous_dropped","all_data","Growth",-0.19105523628216,"pH","pH","Non-calcifier","ZOO_STUDY_0212","ZOO_ES_001500","ZOO_COMMON_00368",1,"Non-calcifier_pH",0.06,1.06,1.05312008562265
"ambiguous_dropped","all_data","Growth",1.00900012981436,"pH","pH","Non-calcifier","ZOO_STUDY_0212","ZOO_ES_001501","ZOO_COMMON_00368",1,"Non-calcifier_pH",0.06,1.06,1.05022388953017
"ambiguous_dropped","all_data","Growth",0.188052231451216,"pH","pH","Non-calcifier","ZOO_STUDY_0212","ZOO_ES_001502","ZOO_COMMON_00368",1,"Non-calcifier_pH",0.06,1.06,1.07295676697046
"ambiguous_dropped","all_data","Growth",-0.141970261332544,"pH","pH","Non-calcifier","ZOO_STUDY_0212","ZOO_ES_001503","ZOO_COMMON_00368",1,"Non-calcifier_pH",0.06,1.06,1.0772417312162
"ambiguous_dropped","all_data","Growth",-0.121233864857752,"pH","pH","Non-calcifier","ZOO_STUDY_0212","ZOO_ES_001504","ZOO_COMMON_00368",1,"Non-calcifier_pH",0.06,1.06,1.05789607805433
"ambiguous_dropped","all_data","Growth",-0.34523535258264,"pH","pH","Non-calcifier","ZOO_STUDY_0212","ZOO_ES_001505","ZOO_COMMON_00368",1,"Non-calcifier_pH",0.06,1.06,1.07148158322321
"ambiguous_dropped","all_data","Growth",-0.0449850958034652,"pH","pH","Non-calcifier","ZOO_STUDY_0212","ZOO_ES_001506","ZOO_COMMON_00368",1,"Non-calcifier_pH",0.06,1.06,1.04020393180195
"ambiguous_dropped","all_data","Growth",-0.154151757208322,"pH","pH","Non-calcifier","ZOO_STUDY_0213","ZOO_ES_001507","ZOO_COMMON_00369",1,"Non-calcifier_pH",0.06,1.06,1.04599915888626
"ambiguous_dropped","all_data","Growth",-0.182326081793446,"pH","pH","Non-calcifier","ZOO_STUDY_0213","ZOO_ES_001508","ZOO_COMMON_00369",1,"Non-calcifier_pH",0.06,1.06,1.08269756238675
"ambiguous_dropped","all_data","Growth",0.117780521770305,"pH","pH","Non-calcifier","ZOO_STUDY_0213","ZOO_ES_001509","ZOO_COMMON_00369",1,"Non-calcifier_pH",0.06,1.06,1.07260187706212
"ambiguous_dropped","all_data","Growth",-0.5108210987665,"pH","pH","Non-calcifier","ZOO_STUDY_0213","ZOO_ES_001510","ZOO_COMMON_00369",1,"Non-calcifier_pH",0.06,1.06,1.07594776916318
"ambiguous_dropped","all_data","Growth",-0.25344760201503,"pH","pH","Non-calcifier","ZOO_STUDY_0213","ZOO_ES_001511","ZOO_COMMON_00369",1,"Non-calcifier_pH",0.06,1.06,1.05588885508711
"ambiguous_dropped","all_data","Growth",-0.62689852613934,"pH","pH","Non-calcifier","ZOO_STUDY_0213","ZOO_ES_001512","ZOO_COMMON_00369",1,"Non-calcifier_pH",0.06,1.06,1.06469192465534
"ambiguous_dropped","all_data","Growth",-0.844187640228088,"pH","pH","Non-calcifier","ZOO_STUDY_0213","ZOO_ES_001513","ZOO_COMMON_00369",1,"Non-calcifier_pH",0.06,1.06,1.0749411778897
"ambiguous_dropped","all_data","Growth",-0.298153670017466,"pH","pH","Non-calcifier","ZOO_STUDY_0213","ZOO_ES_001514","ZOO_COMMON_00369",1,"Non-calcifier_pH",0.06,1.06,1.07942043252056
"ambiguous_dropped","all_data","Growth",0.840786943479756,"pH","pH","Non-calcifier","ZOO_STUDY_0213","ZOO_ES_001515","ZOO_COMMON_00369",1,"Non-calcifier_pH",0.06,1.06,1.05425957966596
"ambiguous_dropped","all_data","Growth",-0.0374585784777874,"pH","pH","Non-calcifier","ZOO_STUDY_0213","ZOO_ES_001516","ZOO_COMMON_00369",1,"Non-calcifier_pH",0.06,1.06,1.03951610421296
"ambiguous_dropped","all_data","Growth",-0.294799723604777,"pH","pH","Non-calcifier","ZOO_STUDY_0213","ZOO_ES_001517","ZOO_COMMON_00369",1,"Non-calcifier_pH",0.06,1.06,1.06628718185471
"ambiguous_dropped","all_data","Growth",-0.542580890634931,"pH","pH","Non-calcifier","ZOO_STUDY_0213","ZOO_ES_001518","ZOO_COMMON_00369",1,"Non-calcifier_pH",0.06,1.06,1.07228181086481
"ambiguous_dropped","all_data","Growth",-1.14595840913867,"pH","pH","Non-calcifier","ZOO_STUDY_0353","ZOO_ES_001575","ZOO_COMMON_00595",1,"Non-calcifier_pH",0.06,1.06,1.03926892286632
"ambiguous_dropped","all_data","Growth",-0.22621553128565,"pH","pH","Non-calcifier","ZOO_STUDY_0388","ZOO_ES_001582","ZOO_COMMON_00652",1,"Non-calcifier_pH",0.06,1.06,1.05002588056028
"ambiguous_dropped","all_data","Growth",0.355123353247314,"pH","pH","Non-calcifier","ZOO_STUDY_0467","ZOO_ES_001597","ZOO_COMMON_00788",1,"Non-calcifier_pH",0.06,1.06,1.06572810786543
"ambiguous_dropped","all_data","Growth",-0.0892868423163274,"pH","pH","Non-calcifier","ZOO_STUDY_0490","ZOO_ES_001618","ZOO_COMMON_00836",1,"Non-calcifier_pH",0.06,1.06,1.07264660289744
"ambiguous_dropped","all_data","Growth",-0.0523903238486332,"pH","pH","Non-calcifier","ZOO_STUDY_0490","ZOO_ES_001619","ZOO_COMMON_00836",1,"Non-calcifier_pH",0.06,1.06,1.08085285665235
"ambiguous_dropped","all_data","Growth",-0.0199899808015463,"pH","pH","Non-calcifier","ZOO_STUDY_0490","ZOO_ES_001620","ZOO_COMMON_00836",1,"Non-calcifier_pH",0.06,1.06,1.05878752528457
"ambiguous_dropped","all_data","Growth",-0.0768359161398672,"pH","pH","Non-calcifier","ZOO_STUDY_0490","ZOO_ES_001621","ZOO_COMMON_00836",1,"Non-calcifier_pH",0.06,1.06,1.06335597330704
"ambiguous_dropped","all_data","Growth",-0.317282578691997,"pH","pH","Non-calcifier","ZOO_STUDY_0490","ZOO_ES_001622","ZOO_COMMON_00836",1,"Non-calcifier_pH",0.06,1.06,1.07183101730421
"ambiguous_dropped","all_data","Growth",0,"pH","pH","Non-calcifier","ZOO_STUDY_0180","ZOO_ES_001654","ZOO_COMMON_00311",1,"Non-calcifier_pH",0.06,1.06,1.07787237122189
"ambiguous_dropped","all_data","Growth",-0.0283706972114355,"pH","pH","Non-calcifier","ZOO_STUDY_0180","ZOO_ES_001655","ZOO_COMMON_00313",1,"Non-calcifier_pH",0.06,1.06,1.08045732522383
"ambiguous_dropped","all_data","Growth",-0.132724615586349,"pH","pH","Non-calcifier","ZOO_STUDY_0180","ZOO_ES_001656","ZOO_COMMON_00312",1,"Non-calcifier_pH",0.06,1.06,1.03781911126804
"ambiguous_dropped","all_data","Growth",-0.0465200156348928,"pH","pH","Non-calcifier","ZOO_STUDY_0123","ZOO_ES_002527","ZOO_COMMON_00215",1,"Non-calcifier_pH",0.06,1.06,1.06014541520504
"ambiguous_dropped","all_data","Growth",-0.0152674721307884,"pH","pH","Non-calcifier","ZOO_STUDY_0123","ZOO_ES_002528","ZOO_COMMON_00215",1,"Non-calcifier_pH",0.06,1.06,1.05252723865211
"ambiguous_dropped","all_data","Growth",0.0118344576470028,"pH","pH","Non-calcifier","ZOO_STUDY_0218","ZOO_ES_002530","ZOO_COMMON_00374",1,"Non-calcifier_pH",0.06,1.06,1.07727780614747
"ambiguous_dropped","all_data","Growth",0.0129405112757347,"pH","pH","Non-calcifier","ZOO_STUDY_0218","ZOO_ES_002531","ZOO_COMMON_00374",1,"Non-calcifier_pH",0.06,1.06,1.07532175819157
"ambiguous_dropped","all_data","Growth",0.266020575670602,"T","T","Non-calcifier","ZOO_STUDY_0268","ZOO_ES_002535","ZOO_COMMON_00447",1,"Non-calcifier_T",0.18,1.18,1.16086656136438
"ambiguous_dropped","all_data","Growth",0.287682072451781,"TpH","T + pH","Non-calcifier","ZOO_STUDY_0268","ZOO_ES_002536","ZOO_COMMON_00447",1,"Non-calcifier_T + pH",0.3,1.3,1.31063432774972
"ambiguous_dropped","all_data","Growth",0.150060694575733,"TpH","T + pH","Non-calcifier","ZOO_STUDY_0268","ZOO_ES_002537","ZOO_COMMON_00447",1,"Non-calcifier_T + pH",0.3,1.3,1.28676344290143
"ambiguous_dropped","all_data","Growth",-0.0487901641694319,"pH","pH","Non-calcifier","ZOO_STUDY_0440","ZOO_ES_002543","ZOO_COMMON_00745",1,"Non-calcifier_pH",0.06,1.06,1.03874783755979
"ambiguous_dropped","all_data","Growth",-0.0633696139325893,"pH","pH","Non-calcifier","ZOO_STUDY_0445","ZOO_ES_002544","ZOO_COMMON_00753",1,"Non-calcifier_pH",0.06,1.06,1.08178230736172
"ambiguous_dropped","all_data","Growth",-0.0544735601624982,"pH","pH","Non-calcifier","ZOO_STUDY_0446","ZOO_ES_002545","ZOO_COMMON_00755",1,"Non-calcifier_pH",0.06,1.06,1.04285839125747
"ambiguous_dropped","all_data","Growth",0.160342650075179,"pH","pH","Non-calcifier","ZOO_STUDY_0266","ZOO_ES_002606","ZOO_COMMON_00444",1,"Non-calcifier_pH",0.06,1.06,1.06735286750132
"ambiguous_dropped","all_data","Growth",-0.781439787705624,"pH","pH","Non-calcifier","ZOO_STUDY_0402","ZOO_ES_002612","ZOO_COMMON_00676",1,"Non-calcifier_pH",0.06,1.06,1.04367588730762
"ambiguous_dropped","all_data","Growth",0.0052938186097153,"T","T","Non-calcifier","ZOO_STUDY_0414","ZOO_ES_002613","ZOO_COMMON_00695",1,"Non-calcifier_T",0.18,1.18,1.15600370045984
"ambiguous_dropped","all_data","Growth",0.0706899444441082,"TpH","T + pH","Non-calcifier","ZOO_STUDY_0414","ZOO_ES_002614","ZOO_COMMON_00695",1,"Non-calcifier_T + pH",0.3,1.3,1.30106569231721
"ambiguous_dropped","all_data","Growth",0.0344861760711694,"T","T","Non-calcifier","ZOO_STUDY_0359","ZOO_ES_002642","ZOO_COMMON_00604",1,"Non-calcifier_T",0.18,1.18,1.15931389466394
"ambiguous_dropped","all_data","Growth",0.205443974214809,"TpH","T + pH","Non-calcifier","ZOO_STUDY_0359","ZOO_ES_002643","ZOO_COMMON_00604",1,"Non-calcifier_T + pH",0.3,1.3,1.28915011730278
"ambiguous_dropped","all_data","Growth",-0.305381649551182,"TpH","T + pH","Non-calcifier","ZOO_STUDY_0359","ZOO_ES_002644","ZOO_COMMON_00604",1,"Non-calcifier_T + pH",0.3,1.3,1.29602174505126
"ambiguous_dropped","all_data","Growth",0.524070850516011,"T","T","Non-calcifier","ZOO_STUDY_0359","ZOO_ES_002645","ZOO_COMMON_00604",1,"Non-calcifier_T",0.18,1.18,1.18436390620889
"ambiguous_dropped","all_data","Growth",0.664976303593249,"TpH","T + pH","Non-calcifier","ZOO_STUDY_0359","ZOO_ES_002646","ZOO_COMMON_00604",1,"Non-calcifier_T + pH",0.3,1.3,1.31533472148003
"ambiguous_dropped","all_data","Growth",0.434664262800427,"TpH","T + pH","Non-calcifier","ZOO_STUDY_0359","ZOO_ES_002647","ZOO_COMMON_00604",1,"Non-calcifier_T + pH",0.3,1.3,1.28509976044297
"ambiguous_dropped","all_data","Growth",0.0259754864032607,"pH","pH","Non-calcifier","ZOO_STUDY_0006","ZOO_ES_002657","ZOO_COMMON_00007",1,"Non-calcifier_pH",0.06,1.06,1.05797123358585
"ambiguous_dropped","all_data","Growth",-0.0645385211375712,"pH","pH","Non-calcifier","ZOO_STUDY_0006","ZOO_ES_002658","ZOO_COMMON_00006",1,"Non-calcifier_pH",0.06,1.06,1.05740715569351
"ambiguous_dropped","all_data","Growth",0.0216431108794883,"pH","pH","Non-calcifier","ZOO_STUDY_0069","ZOO_ES_002660","ZOO_COMMON_00107",1,"Non-calcifier_pH",0.06,1.06,1.07168738791021
"ambiguous_dropped","all_data","Growth",0.0122700925918142,"pH","pH","Non-calcifier","ZOO_STUDY_0074","ZOO_ES_002663","ZOO_COMMON_00117",1,"Non-calcifier_pH",0.06,1.06,1.07073774052784
"ambiguous_dropped","all_data","Growth",-0.107032756850188,"pH","pH","Non-calcifier","ZOO_STUDY_0178","ZOO_ES_002669","ZOO_COMMON_00308",1,"Non-calcifier_pH",0.06,1.06,1.07656109894393
"ambiguous_dropped","all_data","Growth",-0.0953101798043248,"pH","pH","Non-calcifier","ZOO_STUDY_0249","ZOO_ES_002670","ZOO_COMMON_00422",1,"Non-calcifier_pH",0.06,1.06,1.07932830604492
"ambiguous_dropped","all_data","Growth",-0.0782521968997483,"pH","pH","Non-calcifier","ZOO_STUDY_0407","ZOO_ES_002677","ZOO_COMMON_00682",1,"Non-calcifier_pH",0.06,1.06,1.08263222869951
"ambiguous_dropped","all_data","Growth",-0.0625203569813339,"pH","pH","Non-calcifier","ZOO_STUDY_0407","ZOO_ES_002679","ZOO_COMMON_00682",1,"Non-calcifier_pH",0.06,1.06,1.06253083609277
"ambiguous_dropped","all_data","Growth",0,"pH","pH","Non-calcifier","ZOO_STUDY_0427","ZOO_ES_002680","ZOO_COMMON_00722",1,"Non-calcifier_pH",0.06,1.06,1.06111678830581
"ambiguous_dropped","all_data","Growth",0.209720530982069,"pH","pH","Non-calcifier","ZOO_STUDY_0500","ZOO_ES_002686","ZOO_COMMON_00860",1,"Non-calcifier_pH",0.06,1.06,1.04353491276503
"ambiguous_dropped","all_data","Growth",0.0601273979725951,"pH","pH","Non-calcifier","ZOO_STUDY_0500","ZOO_ES_002687","ZOO_COMMON_00860",1,"Non-calcifier_pH",0.06,1.06,1.0589635779988
"ambiguous_dropped","all_data","Growth",-0.200670695462151,"T","T","Non-calcifier","ZOO_STUDY_0123","ZOO_ES_002695","ZOO_COMMON_00217",1,"Non-calcifier_T",0.18,1.18,1.16769103982486
"ambiguous_dropped","all_data","Growth",-0.238411023444998,"TpH","T + pH","Non-calcifier","ZOO_STUDY_0123","ZOO_ES_002696","ZOO_COMMON_00217",1,"Non-calcifier_T + pH",0.3,1.3,1.27698903185083
"ambiguous_dropped","all_data","Growth",-0.318453731118535,"TpH","T + pH","Non-calcifier","ZOO_STUDY_0123","ZOO_ES_002697","ZOO_COMMON_00217",1,"Non-calcifier_T + pH",0.3,1.3,1.30674002548913
"ambiguous_dropped","all_data","Growth",0.916290731874155,"T","T","Non-calcifier","ZOO_STUDY_0123","ZOO_ES_002701","ZOO_COMMON_00217",1,"Non-calcifier_T",0.18,1.18,1.18197804570198
"ambiguous_dropped","all_data","Growth",0.996333439547691,"TpH","T + pH","Non-calcifier","ZOO_STUDY_0123","ZOO_ES_002702","ZOO_COMMON_00217",1,"Non-calcifier_T + pH",0.3,1.3,1.28200517749647
"ambiguous_dropped","all_data","Growth",0.847297860387204,"TpH","T + pH","Non-calcifier","ZOO_STUDY_0123","ZOO_ES_002703","ZOO_COMMON_00217",1,"Non-calcifier_T + pH",0.3,1.3,1.28918558884179
"ambiguous_dropped","all_data","Growth",0.422856850820033,"T","T","Non-calcifier","ZOO_STUDY_0123","ZOO_ES_002704","ZOO_COMMON_00216",1,"Non-calcifier_T",0.18,1.18,1.18415152976057
"ambiguous_dropped","all_data","Growth",0.378796861026003,"TpH","T + pH","Non-calcifier","ZOO_STUDY_0123","ZOO_ES_002705","ZOO_COMMON_00216",1,"Non-calcifier_T + pH",0.3,1.3,1.28325129461009
"ambiguous_dropped","all_data","Growth",0.422856850820033,"TpH","T + pH","Non-calcifier","ZOO_STUDY_0123","ZOO_ES_002706","ZOO_COMMON_00216",1,"Non-calcifier_T + pH",0.3,1.3,1.27981505553471
"ambiguous_dropped","all_data","Growth",-0.0689928714869516,"T","T","Non-calcifier","ZOO_STUDY_0500","ZOO_ES_002865","ZOO_COMMON_00861",1,"Non-calcifier_T",0.18,1.18,1.17643065456767
"ambiguous_dropped","all_data","Growth",0.0645385211375712,"TpH","T + pH","Non-calcifier","ZOO_STUDY_0500","ZOO_ES_002866","ZOO_COMMON_00861",1,"Non-calcifier_T + pH",0.3,1.3,1.29278807828669
"ambiguous_dropped","all_data","Development",0.0908867731053695,"pH","pH","Calcifier","ZOO_STUDY_0049","ZOO_ES_000106","ZOO_COMMON_00070",2,"Calcifier_pH",-0.3,1.7,1.71724667699309
"ambiguous_dropped","all_data","Development",0.052986223558646,"pH","pH","Calcifier","ZOO_STUDY_0049","ZOO_ES_000107","ZOO_COMMON_00070",2,"Calcifier_pH",-0.3,1.7,1.68800662368303
"ambiguous_dropped","all_data","Development",-0.0897699994287095,"T","T","Calcifier","ZOO_STUDY_0049","ZOO_ES_000108","ZOO_COMMON_00070",2,"Calcifier_T",-0.18,1.82,1.79615722460905
"ambiguous_dropped","all_data","Development",-0.188597317732779,"T","T","Calcifier","ZOO_STUDY_0049","ZOO_ES_000109","ZOO_COMMON_00070",2,"Calcifier_T",-0.18,1.82,1.83811997698387
"ambiguous_dropped","all_data","Development",0,"TpH","T + pH","Calcifier","ZOO_STUDY_0049","ZOO_ES_000110","ZOO_COMMON_00070",2,"Calcifier_T + pH",-0.06,1.94,1.93172939806012
"ambiguous_dropped","all_data","Development",-0.0947726898693211,"TpH","T + pH","Calcifier","ZOO_STUDY_0049","ZOO_ES_000111","ZOO_COMMON_00070",2,"Calcifier_T + pH",-0.06,1.94,1.94658944358584
"ambiguous_dropped","all_data","Development",-0.119984871408325,"TpH","T + pH","Calcifier","ZOO_STUDY_0049","ZOO_ES_000112","ZOO_COMMON_00070",2,"Calcifier_T + pH",-0.06,1.94,1.94232131293742
"ambiguous_dropped","all_data","Development",0.666804619398469,"pH","pH","Calcifier","ZOO_STUDY_0050","ZOO_ES_000125","ZOO_COMMON_00071",2,"Calcifier_pH",-0.3,1.7,1.69382222465938
"ambiguous_dropped","all_data","Development",0.578136640957215,"pH","pH","Calcifier","ZOO_STUDY_0050","ZOO_ES_000126","ZOO_COMMON_00071",2,"Calcifier_pH",-0.3,1.7,1.68429365075426
"ambiguous_dropped","all_data","Development",0.217895645332771,"T","T","Calcifier","ZOO_STUDY_0050","ZOO_ES_000127","ZOO_COMMON_00071",2,"Calcifier_T",-0.18,1.82,1.81644702955848
"ambiguous_dropped","all_data","Development",-0.2419136539962,"T","T","Calcifier","ZOO_STUDY_0050","ZOO_ES_000128","ZOO_COMMON_00071",2,"Calcifier_T",-0.18,1.82,1.82653867992805
"ambiguous_dropped","all_data","Development",0.635016003997374,"TpH","T + pH","Calcifier","ZOO_STUDY_0050","ZOO_ES_000129","ZOO_COMMON_00071",2,"Calcifier_T + pH",-0.06,1.94,1.94104211756261
"ambiguous_dropped","all_data","Development",0.528032111359657,"TpH","T + pH","Calcifier","ZOO_STUDY_0050","ZOO_ES_000130","ZOO_COMMON_00071",2,"Calcifier_T + pH",-0.06,1.94,1.94798106685979
"ambiguous_dropped","all_data","Development",0.517825858240465,"TpH","T + pH","Calcifier","ZOO_STUDY_0050","ZOO_ES_000131","ZOO_COMMON_00071",2,"Calcifier_T + pH",-0.06,1.94,1.95146804656601
"ambiguous_dropped","all_data","Development",-0.353736092496078,"pH","pH","Calcifier","ZOO_STUDY_0052","ZOO_ES_000158","ZOO_COMMON_00073",2,"Calcifier_pH",-0.3,1.7,1.6993411436677
"ambiguous_dropped","all_data","Development",-0.22299305090005,"pH","pH","Calcifier","ZOO_STUDY_0052","ZOO_ES_000159","ZOO_COMMON_00073",2,"Calcifier_pH",-0.3,1.7,1.69422283078311
"ambiguous_dropped","all_data","Development",-0.530495457754758,"T","T","Calcifier","ZOO_STUDY_0052","ZOO_ES_000160","ZOO_COMMON_00073",2,"Calcifier_T",-0.18,1.82,1.79534167544218
"ambiguous_dropped","all_data","Development",-0.847297860387204,"TpH","T + pH","Calcifier","ZOO_STUDY_0052","ZOO_ES_000161","ZOO_COMMON_00073",2,"Calcifier_T + pH",-0.06,1.94,1.91518421137938
"ambiguous_dropped","all_data","Development",-0.676072206807367,"TpH","T + pH","Calcifier","ZOO_STUDY_0052","ZOO_ES_000162","ZOO_COMMON_00073",2,"Calcifier_T + pH",-0.06,1.94,1.964746822007
"ambiguous_dropped","all_data","Development",-0.0150000190115636,"pH","pH","Calcifier","ZOO_STUDY_0053","ZOO_ES_000166","ZOO_COMMON_00074",2,"Calcifier_pH",-0.3,1.7,1.68039434400853
"ambiguous_dropped","all_data","Development",-0.00271059381976523,"pH","pH","Calcifier","ZOO_STUDY_0053","ZOO_ES_000167","ZOO_COMMON_00074",2,"Calcifier_pH",-0.3,1.7,1.695933457918
"ambiguous_dropped","all_data","Development",-0.214978124570755,"T","T","Calcifier","ZOO_STUDY_0053","ZOO_ES_000168","ZOO_COMMON_00074",2,"Calcifier_T",-0.18,1.82,1.83089422733057
"ambiguous_dropped","all_data","Development",-0.145787346589673,"T","T","Calcifier","ZOO_STUDY_0053","ZOO_ES_000169","ZOO_COMMON_00074",2,"Calcifier_T",-0.18,1.82,1.83212695661234
"ambiguous_dropped","all_data","Development",-0.12374821523298,"TpH","T + pH","Calcifier","ZOO_STUDY_0053","ZOO_ES_000170","ZOO_COMMON_00074",2,"Calcifier_T + pH",-0.06,1.94,1.95859994118568
"ambiguous_dropped","all_data","Development",-0.112966439629692,"TpH","T + pH","Calcifier","ZOO_STUDY_0053","ZOO_ES_000171","ZOO_COMMON_00074",2,"Calcifier_T + pH",-0.06,1.94,1.94539339805255
"ambiguous_dropped","all_data","Development",-0.0829969195709678,"TpH","T + pH","Calcifier","ZOO_STUDY_0053","ZOO_ES_000172","ZOO_COMMON_00074",2,"Calcifier_T + pH",-0.06,1.94,1.95281016756548
"ambiguous_dropped","all_data","Development",-0.023064578848294,"TpH","T + pH","Calcifier","ZOO_STUDY_0053","ZOO_ES_000173","ZOO_COMMON_00074",2,"Calcifier_T + pH",-0.06,1.94,1.95736206490314
"ambiguous_dropped","all_data","Development",-0.109869726784508,"T","T","Calcifier","ZOO_STUDY_0137","ZOO_ES_000336","ZOO_COMMON_00237",2,"Calcifier_T",-0.18,1.82,1.82563898244873
"ambiguous_dropped","all_data","Development",-0.122199502348718,"TpH","T + pH","Calcifier","ZOO_STUDY_0137","ZOO_ES_000337","ZOO_COMMON_00237",2,"Calcifier_T + pH",-0.06,1.94,1.95466120838886
"ambiguous_dropped","all_data","Development",-0.115959055478639,"TpH","T + pH","Calcifier","ZOO_STUDY_0137","ZOO_ES_000338","ZOO_COMMON_00237",2,"Calcifier_T + pH",-0.06,1.94,1.91614273417275
"ambiguous_dropped","all_data","Development",-0.0203507226784949,"TpH","T + pH","Calcifier","ZOO_STUDY_0137","ZOO_ES_000339","ZOO_COMMON_00237",2,"Calcifier_T + pH",-0.06,1.94,1.93584572748281
"ambiguous_dropped","all_data","Development",-0.0334917881868193,"pH","pH","Calcifier","ZOO_STUDY_0137","ZOO_ES_000340","ZOO_COMMON_00237",2,"Calcifier_pH",-0.3,1.7,1.71874411937315
"ambiguous_dropped","all_data","Development",-0.00738010729762265,"pH","pH","Calcifier","ZOO_STUDY_0137","ZOO_ES_000341","ZOO_COMMON_00237",2,"Calcifier_pH",-0.3,1.7,1.70736735077808
"ambiguous_dropped","all_data","Development",-0.0166568953715924,"T","T","Calcifier","ZOO_STUDY_0137","ZOO_ES_000342","ZOO_COMMON_00237",2,"Calcifier_T",-0.18,1.82,1.84122394933831
"ambiguous_dropped","all_data","Development",-0.00920826137168517,"TpH","T + pH","Calcifier","ZOO_STUDY_0137","ZOO_ES_000343","ZOO_COMMON_00237",2,"Calcifier_T + pH",-0.06,1.94,1.92361125480151
"ambiguous_dropped","all_data","Development",-0.371215185065086,"pH","pH","Calcifier","ZOO_STUDY_0159","ZOO_ES_000377","ZOO_COMMON_00277",2,"Calcifier_pH",-0.3,1.7,1.69079063945683
"ambiguous_dropped","all_data","Development",-0.371215185065086,"T","T","Calcifier","ZOO_STUDY_0159","ZOO_ES_000378","ZOO_COMMON_00277",2,"Calcifier_T",-0.18,1.82,1.83521281396272
"ambiguous_dropped","all_data","Development",0.675572035738438,"T","T","Calcifier","ZOO_STUDY_0159","ZOO_ES_000379","ZOO_COMMON_00277",2,"Calcifier_T",-0.18,1.82,1.84444817055948
"ambiguous_dropped","all_data","Development",0.727397103603024,"TpH","T + pH","Calcifier","ZOO_STUDY_0159","ZOO_ES_000380","ZOO_COMMON_00277",2,"Calcifier_T + pH",-0.06,1.94,1.93111927759368
"ambiguous_dropped","all_data","Development",1.08692991281375,"TpH","T + pH","Calcifier","ZOO_STUDY_0159","ZOO_ES_000381","ZOO_COMMON_00277",2,"Calcifier_T + pH",-0.06,1.94,1.91505958141992
"ambiguous_dropped","all_data","Development",1.25772822199327,"TpH","T + pH","Calcifier","ZOO_STUDY_0159","ZOO_ES_000382","ZOO_COMMON_00277",2,"Calcifier_T + pH",-0.06,1.94,1.96460853096563
"ambiguous_dropped","all_data","Development",-0.115950629759207,"pH","pH","Calcifier","ZOO_STUDY_0196","ZOO_ES_000436","ZOO_COMMON_00346",2,"Calcifier_pH",-0.3,1.7,1.68241761958925
"ambiguous_dropped","all_data","Development",-0.0333957249300077,"pH","pH","Calcifier","ZOO_STUDY_0196","ZOO_ES_000437","ZOO_COMMON_00346",2,"Calcifier_pH",-0.3,1.7,1.67746821485925
"ambiguous_dropped","all_data","Development",-0.675471365178042,"T","T","Calcifier","ZOO_STUDY_0196","ZOO_ES_000438","ZOO_COMMON_00346",2,"Calcifier_T",-0.18,1.82,1.82486767413095
"ambiguous_dropped","all_data","Development",-0.125117997246226,"T","T","Calcifier","ZOO_STUDY_0196","ZOO_ES_000439","ZOO_COMMON_00346",2,"Calcifier_T",-0.18,1.82,1.81106642217375
"ambiguous_dropped","all_data","Development",-0.602980515849976,"TpH","T + pH","Calcifier","ZOO_STUDY_0196","ZOO_ES_000440","ZOO_COMMON_00346",2,"Calcifier_T + pH",-0.06,1.94,1.94139645001618
"ambiguous_dropped","all_data","Development",-0.554268934054558,"TpH","T + pH","Calcifier","ZOO_STUDY_0196","ZOO_ES_000441","ZOO_COMMON_00346",2,"Calcifier_T + pH",-0.06,1.94,1.95477110101841
"ambiguous_dropped","all_data","Development",-0.270080186024187,"TpH","T + pH","Calcifier","ZOO_STUDY_0196","ZOO_ES_000442","ZOO_COMMON_00346",2,"Calcifier_T + pH",-0.06,1.94,1.91844662984135
"ambiguous_dropped","all_data","Development",-0.142406519710679,"TpH","T + pH","Calcifier","ZOO_STUDY_0196","ZOO_ES_000443","ZOO_COMMON_00346",2,"Calcifier_T + pH",-0.06,1.94,1.94975103486562
"ambiguous_dropped","all_data","Development",-0.114473385988739,"pH","pH","Calcifier","ZOO_STUDY_0196","ZOO_ES_000444","ZOO_COMMON_00347",2,"Calcifier_pH",-0.3,1.7,1.72243157536723
"ambiguous_dropped","all_data","Development",-0.0546105016567679,"pH","pH","Calcifier","ZOO_STUDY_0196","ZOO_ES_000445","ZOO_COMMON_00347",2,"Calcifier_pH",-0.3,1.7,1.68888846586924
"ambiguous_dropped","all_data","Development",-0.0965590091892323,"T","T","Calcifier","ZOO_STUDY_0196","ZOO_ES_000446","ZOO_COMMON_00347",2,"Calcifier_T",-0.18,1.82,1.80747032926185
"ambiguous_dropped","all_data","Development",-0.0502264525482336,"T","T","Calcifier","ZOO_STUDY_0196","ZOO_ES_000447","ZOO_COMMON_00347",2,"Calcifier_T",-0.18,1.82,1.80297177400673
"ambiguous_dropped","all_data","Development",-0.208816103906119,"TpH","T + pH","Calcifier","ZOO_STUDY_0196","ZOO_ES_000448","ZOO_COMMON_00347",2,"Calcifier_T + pH",-0.06,1.94,1.91858150280081
"ambiguous_dropped","all_data","Development",-0.180139851082073,"TpH","T + pH","Calcifier","ZOO_STUDY_0196","ZOO_ES_000449","ZOO_COMMON_00347",2,"Calcifier_T + pH",-0.06,1.94,1.94287187915528
"ambiguous_dropped","all_data","Development",-0.10981950906085,"TpH","T + pH","Calcifier","ZOO_STUDY_0196","ZOO_ES_000450","ZOO_COMMON_00347",2,"Calcifier_T + pH",-0.06,1.94,1.9394918525801
"ambiguous_dropped","all_data","Development",-0.0563695170619476,"TpH","T + pH","Calcifier","ZOO_STUDY_0196","ZOO_ES_000451","ZOO_COMMON_00347",2,"Calcifier_T + pH",-0.06,1.94,1.93971461809473
"ambiguous_dropped","all_data","Development",-0.4331725082587,"pH","pH","Calcifier","ZOO_STUDY_0238","ZOO_ES_000464","ZOO_COMMON_00406",2,"Calcifier_pH",-0.3,1.7,1.71941857925849
"ambiguous_dropped","all_data","Development",-0.20233257471741,"pH","pH","Calcifier","ZOO_STUDY_0238","ZOO_ES_000465","ZOO_COMMON_00406",2,"Calcifier_pH",-0.3,1.7,1.67683521799045
"ambiguous_dropped","all_data","Development",0.0576564395341384,"T","T","Calcifier","ZOO_STUDY_0238","ZOO_ES_000466","ZOO_COMMON_00406",2,"Calcifier_T",-0.18,1.82,1.80518719067797
"ambiguous_dropped","all_data","Development",-0.304426471703717,"TpH","T + pH","Calcifier","ZOO_STUDY_0238","ZOO_ES_000467","ZOO_COMMON_00406",2,"Calcifier_T + pH",-0.06,1.94,1.94068905695807
"ambiguous_dropped","all_data","Development",-0.0613365176249584,"TpH","T + pH","Calcifier","ZOO_STUDY_0238","ZOO_ES_000468","ZOO_COMMON_00406",2,"Calcifier_T + pH",-0.06,1.94,1.92681699445006
"ambiguous_dropped","all_data","Development",0.00814819322980071,"pH","pH","Calcifier","ZOO_STUDY_0244","ZOO_ES_000481","ZOO_COMMON_00416",2,"Calcifier_pH",-0.3,1.7,1.70377178349299
"ambiguous_dropped","all_data","Development",-0.0425596144187959,"pH","pH","Calcifier","ZOO_STUDY_0244","ZOO_ES_000487","ZOO_COMMON_00415",2,"Calcifier_pH",-0.3,1.7,1.69911289557349
"ambiguous_dropped","all_data","Development",-0.0321450675773701,"pH","pH","Calcifier","ZOO_STUDY_0244","ZOO_ES_000488","ZOO_COMMON_00413",2,"Calcifier_pH",-0.3,1.7,1.70346763443667
"ambiguous_dropped","all_data","Development",0.0375567269686829,"pH","pH","Calcifier","ZOO_STUDY_0244","ZOO_ES_000494","ZOO_COMMON_00414",2,"Calcifier_pH",-0.3,1.7,1.68220761575503
"ambiguous_dropped","all_data","Development",0,"pH","pH","Calcifier","ZOO_STUDY_0244","ZOO_ES_000495","ZOO_COMMON_00417",2,"Calcifier_pH",-0.3,1.7,1.68228543812875
"ambiguous_dropped","all_data","Development",-0.962389209384601,"T","T","Calcifier","ZOO_STUDY_0244","ZOO_ES_000496","ZOO_COMMON_00415",2,"Calcifier_T",-0.18,1.82,1.81561415564967
"ambiguous_dropped","all_data","Development",-0.343771539102824,"pH","pH","Calcifier","ZOO_STUDY_0256","ZOO_ES_000504","ZOO_COMMON_00432",2,"Calcifier_pH",-0.3,1.7,1.70915051412303
"ambiguous_dropped","all_data","Development",0.582723362945572,"T","T","Calcifier","ZOO_STUDY_0256","ZOO_ES_000505","ZOO_COMMON_00432",2,"Calcifier_T",-0.18,1.82,1.82767139102099
"ambiguous_dropped","all_data","Development",-0.293761118528163,"TpH","T + pH","Calcifier","ZOO_STUDY_0256","ZOO_ES_000506","ZOO_COMMON_00432",2,"Calcifier_T + pH",-0.06,1.94,1.96079931665212
"ambiguous_dropped","all_data","Development",-0.242923562618621,"pH","pH","Calcifier","ZOO_STUDY_0331","ZOO_ES_000565","ZOO_COMMON_00563",2,"Calcifier_pH",-0.3,1.7,1.71565565662459
"ambiguous_dropped","all_data","Development",-0.349181571765757,"pH","pH","Calcifier","ZOO_STUDY_0331","ZOO_ES_000566","ZOO_COMMON_00563",2,"Calcifier_pH",-0.3,1.7,1.70879450006178
"ambiguous_dropped","all_data","Development",-0.82794588574659,"T","T","Calcifier","ZOO_STUDY_0331","ZOO_ES_000567","ZOO_COMMON_00563",2,"Calcifier_T",-0.18,1.82,1.83537495546509
"ambiguous_dropped","all_data","Development",-0.970091619477025,"TpH","T + pH","Calcifier","ZOO_STUDY_0331","ZOO_ES_000568","ZOO_COMMON_00563",2,"Calcifier_T + pH",-0.06,1.94,1.92140322098043
"ambiguous_dropped","all_data","Development",-1.01300410303692,"TpH","T + pH","Calcifier","ZOO_STUDY_0331","ZOO_ES_000569","ZOO_COMMON_00563",2,"Calcifier_T + pH",-0.06,1.94,1.9275389266992
"ambiguous_dropped","all_data","Development",0,"pH","pH","Calcifier","ZOO_STUDY_0331","ZOO_ES_000575","ZOO_COMMON_00564",2,"Calcifier_pH",-0.3,1.7,1.69157734957989
"ambiguous_dropped","all_data","Development",0.0400464188260692,"pH","pH","Calcifier","ZOO_STUDY_0331","ZOO_ES_000576","ZOO_COMMON_00564",2,"Calcifier_pH",-0.3,1.7,1.6953634644975
"ambiguous_dropped","all_data","Development",0.235326760268714,"T","T","Calcifier","ZOO_STUDY_0331","ZOO_ES_000577","ZOO_COMMON_00564",2,"Calcifier_T",-0.18,1.82,1.82676837884821
"ambiguous_dropped","all_data","Development",0.261880608015356,"TpH","T + pH","Calcifier","ZOO_STUDY_0331","ZOO_ES_000578","ZOO_COMMON_00564",2,"Calcifier_T + pH",-0.06,1.94,1.95543060224503
"ambiguous_dropped","all_data","Development",0.473468024644564,"TpH","T + pH","Calcifier","ZOO_STUDY_0331","ZOO_ES_000579","ZOO_COMMON_00564",2,"Calcifier_T + pH",-0.06,1.94,1.92794006006792
"ambiguous_dropped","all_data","Development",0.49257744420944,"pH","pH","Calcifier","ZOO_STUDY_0374","ZOO_ES_000651","ZOO_COMMON_00631",2,"Calcifier_pH",-0.3,1.7,1.7159733569948
"ambiguous_dropped","all_data","Development",0.725555872298549,"pH","pH","Calcifier","ZOO_STUDY_0374","ZOO_ES_000652","ZOO_COMMON_00631",2,"Calcifier_pH",-0.3,1.7,1.67577388344798
"ambiguous_dropped","all_data","Development",1.00384716701681,"pH","pH","Calcifier","ZOO_STUDY_0374","ZOO_ES_000653","ZOO_COMMON_00631",2,"Calcifier_pH",-0.3,1.7,1.70772003832972
"ambiguous_dropped","all_data","Development",-1.18640874100331,"T","T","Calcifier","ZOO_STUDY_0374","ZOO_ES_000654","ZOO_COMMON_00631",2,"Calcifier_T",-0.18,1.82,1.83558597921394
"ambiguous_dropped","all_data","Development",-0.839153018981071,"T","T","Calcifier","ZOO_STUDY_0374","ZOO_ES_000655","ZOO_COMMON_00631",2,"Calcifier_T",-0.18,1.82,1.81806844634004
"ambiguous_dropped","all_data","Development",0.31302827621646,"TpH","T + pH","Calcifier","ZOO_STUDY_0374","ZOO_ES_000656","ZOO_COMMON_00631",2,"Calcifier_T + pH",-0.06,1.94,1.92517085508211
"ambiguous_dropped","all_data","Development",0.481410382323145,"TpH","T + pH","Calcifier","ZOO_STUDY_0374","ZOO_ES_000657","ZOO_COMMON_00631",2,"Calcifier_T + pH",-0.06,1.94,1.91593841085909
"ambiguous_dropped","all_data","Development",0.488683141652225,"TpH","T + pH","Calcifier","ZOO_STUDY_0374","ZOO_ES_000658","ZOO_COMMON_00631",2,"Calcifier_T + pH",-0.06,1.94,1.92915663486114
"ambiguous_dropped","all_data","Development",0.533910135619992,"TpH","T + pH","Calcifier","ZOO_STUDY_0374","ZOO_ES_000659","ZOO_COMMON_00631",2,"Calcifier_T + pH",-0.06,1.94,1.96076363128144
"ambiguous_dropped","all_data","Development",0.644266144474416,"TpH","T + pH","Calcifier","ZOO_STUDY_0374","ZOO_ES_000660","ZOO_COMMON_00631",2,"Calcifier_T + pH",-0.06,1.94,1.96168482602574
"ambiguous_dropped","all_data","Development",0.702192922927911,"TpH","T + pH","Calcifier","ZOO_STUDY_0374","ZOO_ES_000661","ZOO_COMMON_00631",2,"Calcifier_T + pH",-0.06,1.94,1.94212658068631
"ambiguous_dropped","all_data","Development",0.869045739839174,"pH","pH","Calcifier","ZOO_STUDY_0374","ZOO_ES_000662","ZOO_COMMON_00632",2,"Calcifier_pH",-0.3,1.7,1.68597112729913
"ambiguous_dropped","all_data","Development",0.875081255066169,"pH","pH","Calcifier","ZOO_STUDY_0374","ZOO_ES_000663","ZOO_COMMON_00632",2,"Calcifier_pH",-0.3,1.7,1.69947139020078
"ambiguous_dropped","all_data","Development",0.894773888411906,"pH","pH","Calcifier","ZOO_STUDY_0374","ZOO_ES_000664","ZOO_COMMON_00632",2,"Calcifier_pH",-0.3,1.7,1.71505743680755
"ambiguous_dropped","all_data","Development",-2.09896038247941,"T","T","Calcifier","ZOO_STUDY_0374","ZOO_ES_000665","ZOO_COMMON_00632",2,"Calcifier_T",-0.18,1.82,1.81538153288886
"ambiguous_dropped","all_data","Development",-1.90539160159811,"T","T","Calcifier","ZOO_STUDY_0374","ZOO_ES_000666","ZOO_COMMON_00632",2,"Calcifier_T",-0.18,1.82,1.80018557834439
"ambiguous_dropped","all_data","Development",0.00390720887790878,"TpH","T + pH","Calcifier","ZOO_STUDY_0374","ZOO_ES_000667","ZOO_COMMON_00632",2,"Calcifier_T + pH",-0.06,1.94,1.92902825873811
"ambiguous_dropped","all_data","Development",0.132705262385538,"TpH","T + pH","Calcifier","ZOO_STUDY_0374","ZOO_ES_000668","ZOO_COMMON_00632",2,"Calcifier_T + pH",-0.06,1.94,1.933073311029
"ambiguous_dropped","all_data","Development",0.311915061746083,"TpH","T + pH","Calcifier","ZOO_STUDY_0374","ZOO_ES_000669","ZOO_COMMON_00632",2,"Calcifier_T + pH",-0.06,1.94,1.92796224205289
"ambiguous_dropped","all_data","Development",0.313346957462368,"TpH","T + pH","Calcifier","ZOO_STUDY_0374","ZOO_ES_000670","ZOO_COMMON_00632",2,"Calcifier_T + pH",-0.06,1.94,1.93853409167845
"ambiguous_dropped","all_data","Development",0.401624449658858,"TpH","T + pH","Calcifier","ZOO_STUDY_0374","ZOO_ES_000671","ZOO_COMMON_00632",2,"Calcifier_T + pH",-0.06,1.94,1.93329227366252
"ambiguous_dropped","all_data","Development",0.806707409543455,"TpH","T + pH","Calcifier","ZOO_STUDY_0374","ZOO_ES_000672","ZOO_COMMON_00632",2,"Calcifier_T + pH",-0.06,1.94,1.9210636027134
"ambiguous_dropped","all_data","Development",1.33135591371134,"pH","pH","Calcifier","ZOO_STUDY_0386","ZOO_ES_000695","ZOO_COMMON_00647",2,"Calcifier_pH",-0.3,1.7,1.67734968402656
"ambiguous_dropped","all_data","Development",1.38759334376628,"pH","pH","Calcifier","ZOO_STUDY_0386","ZOO_ES_000702","ZOO_COMMON_00649",2,"Calcifier_pH",-0.3,1.7,1.68813981520943
"ambiguous_dropped","all_data","Development",1.76690075387747,"TpH","T + pH","Calcifier","ZOO_STUDY_0386","ZOO_ES_000703","ZOO_COMMON_00649",2,"Calcifier_T + pH",-0.06,1.94,1.96343205839861
"ambiguous_dropped","all_data","Development",1.32786079472645,"TpH","T + pH","Calcifier","ZOO_STUDY_0386","ZOO_ES_000704","ZOO_COMMON_00649",2,"Calcifier_T + pH",-0.06,1.94,1.93942477411823
"ambiguous_dropped","all_data","Development",0.826879517624007,"pH","pH","Calcifier","ZOO_STUDY_0386","ZOO_ES_000706","ZOO_COMMON_00647",2,"Calcifier_pH",-0.3,1.7,1.69889110148652
"ambiguous_dropped","all_data","Development",1.47176382113457,"TpH","T + pH","Calcifier","ZOO_STUDY_0386","ZOO_ES_000707","ZOO_COMMON_00647",2,"Calcifier_T + pH",-0.06,1.94,1.9524396440573
"ambiguous_dropped","all_data","Development",-0.398729224505253,"pH","pH","Calcifier","ZOO_STUDY_0386","ZOO_ES_000711","ZOO_COMMON_00648",2,"Calcifier_pH",-0.3,1.7,1.70838201156585
"ambiguous_dropped","all_data","Development",-0.103064303397476,"pH","pH","Calcifier","ZOO_STUDY_0386","ZOO_ES_000712","ZOO_COMMON_00648",2,"Calcifier_pH",-0.3,1.7,1.67747077983804
"ambiguous_dropped","all_data","Development",-0.17953497496293,"TpH","T + pH","Calcifier","ZOO_STUDY_0386","ZOO_ES_000713","ZOO_COMMON_00650",2,"Calcifier_T + pH",-0.06,1.94,1.94975526222028
"ambiguous_dropped","all_data","Development",-0.0866185885796935,"TpH","T + pH","Calcifier","ZOO_STUDY_0386","ZOO_ES_000714","ZOO_COMMON_00650",2,"Calcifier_T + pH",-0.06,1.94,1.93316307833651
"ambiguous_dropped","all_data","Development",0.837345053670609,"pH","pH","Calcifier","ZOO_STUDY_0386","ZOO_ES_000715","ZOO_COMMON_00649",2,"Calcifier_pH",-0.3,1.7,1.7192066803691
"ambiguous_dropped","all_data","Development",0.768245006791025,"T","T","Calcifier","ZOO_STUDY_0386","ZOO_ES_000716","ZOO_COMMON_00649",2,"Calcifier_T",-0.18,1.82,1.8337648614822
"ambiguous_dropped","all_data","Development",0.405465108108164,"T","T","Calcifier","ZOO_STUDY_0386","ZOO_ES_000717","ZOO_COMMON_00647",2,"Calcifier_T",-0.18,1.82,1.80196018206654
"ambiguous_dropped","all_data","Development",1.09861228866811,"TpH","T + pH","Calcifier","ZOO_STUDY_0386","ZOO_ES_000718","ZOO_COMMON_00647",2,"Calcifier_T + pH",-0.06,1.94,1.92975046356209
"ambiguous_dropped","all_data","Development",1.57214798418863,"T","T","Calcifier","ZOO_STUDY_0415","ZOO_ES_000843","ZOO_COMMON_00697",2,"Calcifier_T",-0.18,1.82,1.80130413927138
"ambiguous_dropped","all_data","Development",1.27816443748531,"TpH","T + pH","Calcifier","ZOO_STUDY_0415","ZOO_ES_000844","ZOO_COMMON_00697",2,"Calcifier_T + pH",-0.06,1.94,1.94449508118909
"ambiguous_dropped","all_data","Development",0.0927817334509661,"pH","pH","Calcifier","ZOO_STUDY_0415","ZOO_ES_000845","ZOO_COMMON_00697",2,"Calcifier_pH",-0.3,1.7,1.70308378044283
"ambiguous_dropped","all_data","Development",0.256910413785027,"T","T","Calcifier","ZOO_STUDY_0415","ZOO_ES_000846","ZOO_COMMON_00697",2,"Calcifier_T",-0.18,1.82,1.82943605600623
"ambiguous_dropped","all_data","Development",0.344735261900619,"TpH","T + pH","Calcifier","ZOO_STUDY_0415","ZOO_ES_000847","ZOO_COMMON_00697",2,"Calcifier_T + pH",-0.06,1.94,1.93056354045169
"ambiguous_dropped","all_data","Development",-0.0712962962306679,"pH","pH","Calcifier","ZOO_STUDY_0415","ZOO_ES_000861","ZOO_COMMON_00697",2,"Calcifier_pH",-0.3,1.7,1.70527934207348
"ambiguous_dropped","all_data","Development",-0.239987198643764,"pH","pH","Calcifier","ZOO_STUDY_0437","ZOO_ES_000890","ZOO_COMMON_00742",2,"Calcifier_pH",-0.3,1.7,1.72455171594629
"ambiguous_dropped","all_data","Development",-0.0163047090249436,"pH","pH","Calcifier","ZOO_STUDY_0437","ZOO_ES_000891","ZOO_COMMON_00742",2,"Calcifier_pH",-0.3,1.7,1.71216024575988
"ambiguous_dropped","all_data","Development",-0.510277528383676,"T","T","Calcifier","ZOO_STUDY_0437","ZOO_ES_000892","ZOO_COMMON_00742",2,"Calcifier_T",-0.18,1.82,1.79879285651725
"ambiguous_dropped","all_data","Development",-0.556872301989672,"TpH","T + pH","Calcifier","ZOO_STUDY_0437","ZOO_ES_000893","ZOO_COMMON_00742",2,"Calcifier_T + pH",-0.06,1.94,1.93755844532046
"ambiguous_dropped","all_data","Development",-0.551362646178702,"TpH","T + pH","Calcifier","ZOO_STUDY_0437","ZOO_ES_000894","ZOO_COMMON_00742",2,"Calcifier_T + pH",-0.06,1.94,1.91767684672726
"ambiguous_dropped","all_data","Development",-0.217270482704621,"pH","pH","Calcifier","ZOO_STUDY_0484","ZOO_ES_000928","ZOO_COMMON_00823",2,"Calcifier_pH",-0.3,1.7,1.69197777570225
"ambiguous_dropped","all_data","Development",0.038226876601168,"T","T","Calcifier","ZOO_STUDY_0484","ZOO_ES_000929","ZOO_COMMON_00823",2,"Calcifier_T",-0.18,1.82,1.83169760744087
"ambiguous_dropped","all_data","Development",0.0606512746236434,"TpH","T + pH","Calcifier","ZOO_STUDY_0484","ZOO_ES_000933","ZOO_COMMON_00823",2,"Calcifier_T + pH",-0.06,1.94,1.91520534702344
"ambiguous_dropped","all_data","Development",-0.272992782640832,"T","T","Calcifier","ZOO_STUDY_0484","ZOO_ES_000934","ZOO_COMMON_00822",2,"Calcifier_T",-0.18,1.82,1.83359547411557
"ambiguous_dropped","all_data","Development",-0.136256577854246,"T","T","Calcifier","ZOO_STUDY_0484","ZOO_ES_000935","ZOO_COMMON_00821",2,"Calcifier_T",-0.18,1.82,1.81814876056043
"ambiguous_dropped","all_data","Development",-0.0353080953059424,"pH","pH","Calcifier","ZOO_STUDY_0484","ZOO_ES_000936","ZOO_COMMON_00822",2,"Calcifier_pH",-0.3,1.7,1.71104201750131
"ambiguous_dropped","all_data","Development",-0.0416151135707052,"T","T","Calcifier","ZOO_STUDY_0484","ZOO_ES_000937","ZOO_COMMON_00822",2,"Calcifier_T",-0.18,1.82,1.82832528586034
"ambiguous_dropped","all_data","Development",-0.0841449895391694,"TpH","T + pH","Calcifier","ZOO_STUDY_0484","ZOO_ES_000938","ZOO_COMMON_00822",2,"Calcifier_T + pH",-0.06,1.94,1.94360368603142
"ambiguous_dropped","all_data","Development",-0.0487368563145071,"TpH","T + pH","Calcifier","ZOO_STUDY_0484","ZOO_ES_000939","ZOO_COMMON_00822",2,"Calcifier_T + pH",-0.06,1.94,1.9501906475029
"ambiguous_dropped","all_data","Development",-0.00751717004320374,"pH","pH","Calcifier","ZOO_STUDY_0484","ZOO_ES_000940","ZOO_COMMON_00821",2,"Calcifier_pH",-0.3,1.7,1.70786105302395
"ambiguous_dropped","all_data","Development",-0.00751717004320374,"pH","pH","Calcifier","ZOO_STUDY_0484","ZOO_ES_000941","ZOO_COMMON_00821",2,"Calcifier_pH",-0.3,1.7,1.6894676072523
"ambiguous_dropped","all_data","Development",-0.0456672921102612,"TpH","T + pH","Calcifier","ZOO_STUDY_0484","ZOO_ES_000942","ZOO_COMMON_00821",2,"Calcifier_T + pH",-0.06,1.94,1.91986197278369
"ambiguous_dropped","all_data","Development",-0.0210910409560301,"T","T","Calcifier","ZOO_STUDY_0484","ZOO_ES_000943","ZOO_COMMON_00823",2,"Calcifier_T",-0.18,1.82,1.84312106605386
"ambiguous_dropped","all_data","Development",-0.225604127435426,"pH","pH","Calcifier","ZOO_STUDY_0495","ZOO_ES_000966","ZOO_COMMON_00845",2,"Calcifier_pH",-0.3,1.7,1.71181670145597
"ambiguous_dropped","all_data","Development",-0.492974059433225,"T","T","Calcifier","ZOO_STUDY_0495","ZOO_ES_000967","ZOO_COMMON_00845",2,"Calcifier_T",-0.18,1.82,1.8256361734285
"ambiguous_dropped","all_data","Development",0.23567980958363,"T","T","Calcifier","ZOO_STUDY_0495","ZOO_ES_000968","ZOO_COMMON_00845",2,"Calcifier_T",-0.18,1.82,1.80099644404138
"ambiguous_dropped","all_data","Development",0.297811590690637,"TpH","T + pH","Calcifier","ZOO_STUDY_0495","ZOO_ES_000969","ZOO_COMMON_00845",2,"Calcifier_T + pH",-0.06,1.94,1.94251295232447
"ambiguous_dropped","all_data","Development",0.485577807032823,"TpH","T + pH","Calcifier","ZOO_STUDY_0495","ZOO_ES_000970","ZOO_COMMON_00845",2,"Calcifier_T + pH",-0.06,1.94,1.92813781389035
"ambiguous_dropped","all_data","Development",0.0152674721307884,"T","T","Calcifier","ZOO_STUDY_0108","ZOO_ES_001351","ZOO_COMMON_00186",2,"Calcifier_T",-0.18,1.82,1.83991804155987
"ambiguous_dropped","all_data","Development",-1.3760378609527,"T","T","Calcifier","ZOO_STUDY_0108","ZOO_ES_001352","ZOO_COMMON_00187",2,"Calcifier_T",-0.18,1.82,1.79545899729012
"ambiguous_dropped","all_data","Development",-1.57231731413081,"T","T","Calcifier","ZOO_STUDY_0342","ZOO_ES_001364","ZOO_COMMON_00583",2,"Calcifier_T",-0.18,1.82,1.80681174679659
"ambiguous_dropped","all_data","Development",-1.57231731413081,"TpH","T + pH","Calcifier","ZOO_STUDY_0342","ZOO_ES_001365","ZOO_COMMON_00581",2,"Calcifier_T + pH",-0.06,1.94,1.92150222976692
"ambiguous_dropped","all_data","Development",-3.83974706382854,"pH","pH","Calcifier","ZOO_STUDY_0373","ZOO_ES_001378","ZOO_COMMON_00628",2,"Calcifier_pH",-0.3,1.7,1.69131165733561
"ambiguous_dropped","all_data","Development",-3.83974706382854,"T","T","Calcifier","ZOO_STUDY_0373","ZOO_ES_001379","ZOO_COMMON_00630",2,"Calcifier_T",-0.18,1.82,1.83131994441384
"ambiguous_dropped","all_data","Development",-3.83974706382854,"TpH","T + pH","Calcifier","ZOO_STUDY_0373","ZOO_ES_001380","ZOO_COMMON_00626",2,"Calcifier_T + pH",-0.06,1.94,1.96458726176992
"ambiguous_dropped","all_data","Development",-3.34947609668386,"T","T","Calcifier","ZOO_STUDY_0037","ZOO_ES_001757","ZOO_COMMON_00053",2,"Calcifier_T",-0.18,1.82,1.83075667638797
"ambiguous_dropped","all_data","Development",-1.43029559312409,"T","T","Calcifier","ZOO_STUDY_0037","ZOO_ES_001758","ZOO_COMMON_00053",2,"Calcifier_T",-0.18,1.82,1.82022199054947
"ambiguous_dropped","all_data","Development",-0.962676821466929,"T","T","Calcifier","ZOO_STUDY_0037","ZOO_ES_001759","ZOO_COMMON_00052",2,"Calcifier_T",-0.18,1.82,1.81680238359142
"ambiguous_dropped","all_data","Development",-1.40286399053007,"T","T","Calcifier","ZOO_STUDY_0037","ZOO_ES_001760","ZOO_COMMON_00052",2,"Calcifier_T",-0.18,1.82,1.84244126253063
"ambiguous_dropped","all_data","Development",-0.525905851406941,"T","T","Calcifier","ZOO_STUDY_0037","ZOO_ES_001761","ZOO_COMMON_00052",2,"Calcifier_T",-0.18,1.82,1.80100907438202
"ambiguous_dropped","all_data","Development",-3.18901913210783,"T","T","Calcifier","ZOO_STUDY_0037","ZOO_ES_001762","ZOO_COMMON_00052",2,"Calcifier_T",-0.18,1.82,1.79875725883059
"ambiguous_dropped","all_data","Development",-0.0207393651903729,"T","T","Calcifier","ZOO_STUDY_0037","ZOO_ES_001763","ZOO_COMMON_00052",2,"Calcifier_T",-0.18,1.82,1.8394510746398
"ambiguous_dropped","all_data","Development",-2.23867176725039,"T","T","Calcifier","ZOO_STUDY_0037","ZOO_ES_001764","ZOO_COMMON_00053",2,"Calcifier_T",-0.18,1.82,1.81622260475298
"ambiguous_dropped","all_data","Development",-0.696856842289136,"T","T","Calcifier","ZOO_STUDY_0060","ZOO_ES_001771","ZOO_COMMON_00088",2,"Calcifier_T",-0.18,1.82,1.79711803393904
"ambiguous_dropped","all_data","Development",-1.39946388926224,"T","T","Calcifier","ZOO_STUDY_0060","ZOO_ES_001772","ZOO_COMMON_00088",2,"Calcifier_T",-0.18,1.82,1.82737210718216
"ambiguous_dropped","all_data","Development",-0.588483269583127,"T","T","Calcifier","ZOO_STUDY_0060","ZOO_ES_001773","ZOO_COMMON_00088",2,"Calcifier_T",-0.18,1.82,1.81843095812248
"ambiguous_dropped","all_data","Development",-3.17817389998848,"T","T","Calcifier","ZOO_STUDY_0060","ZOO_ES_001774","ZOO_COMMON_00088",2,"Calcifier_T",-0.18,1.82,1.82589630616596
"ambiguous_dropped","all_data","Development",-0.0316597731682303,"T","T","Calcifier","ZOO_STUDY_0064","ZOO_ES_001785","ZOO_COMMON_00098",2,"Calcifier_T",-0.18,1.82,1.80854077162687
"ambiguous_dropped","all_data","Development",-0.167828032106077,"T","T","Calcifier","ZOO_STUDY_0064","ZOO_ES_001786","ZOO_COMMON_00098",2,"Calcifier_T",-0.18,1.82,1.80286476433277
"ambiguous_dropped","all_data","Development",-0.564963876276724,"T","T","Calcifier","ZOO_STUDY_0064","ZOO_ES_001787","ZOO_COMMON_00098",2,"Calcifier_T",-0.18,1.82,1.80071271351073
"ambiguous_dropped","all_data","Development",-2.67307048220618,"T","T","Calcifier","ZOO_STUDY_0064","ZOO_ES_001788","ZOO_COMMON_00098",2,"Calcifier_T",-0.18,1.82,1.82038414315786
"ambiguous_dropped","all_data","Development",-0.0661212815580853,"T","T","Calcifier","ZOO_STUDY_0064","ZOO_ES_001789","ZOO_COMMON_00098",2,"Calcifier_T",-0.18,1.82,1.82240161437541
"ambiguous_dropped","all_data","Development",-0.119680934981023,"T","T","Calcifier","ZOO_STUDY_0064","ZOO_ES_001790","ZOO_COMMON_00098",2,"Calcifier_T",-0.18,1.82,1.80203230947256
"ambiguous_dropped","all_data","Development",-0.594400642394478,"T","T","Calcifier","ZOO_STUDY_0064","ZOO_ES_001791","ZOO_COMMON_00098",2,"Calcifier_T",-0.18,1.82,1.80348845250439
"ambiguous_dropped","all_data","Development",-2.52778367414439,"T","T","Calcifier","ZOO_STUDY_0064","ZOO_ES_001792","ZOO_COMMON_00098",2,"Calcifier_T",-0.18,1.82,1.83309926615795
"ambiguous_dropped","all_data","Development",0.149047000487532,"T","T","Calcifier","ZOO_STUDY_0156","ZOO_ES_001805","ZOO_COMMON_00265",2,"Calcifier_T",-0.18,1.82,1.82136974703055
"ambiguous_dropped","all_data","Development",-0.18589139548018,"T","T","Calcifier","ZOO_STUDY_0156","ZOO_ES_001806","ZOO_COMMON_00265",2,"Calcifier_T",-0.18,1.82,1.83804946787888
"ambiguous_dropped","all_data","Development",0.132602973655225,"T","T","Calcifier","ZOO_STUDY_0156","ZOO_ES_001807","ZOO_COMMON_00265",2,"Calcifier_T",-0.18,1.82,1.82867774939397
"ambiguous_dropped","all_data","Development",-0.275629288493407,"T","T","Calcifier","ZOO_STUDY_0156","ZOO_ES_001808","ZOO_COMMON_00265",2,"Calcifier_T",-0.18,1.82,1.79565205148421
"ambiguous_dropped","all_data","Development",0.0814736096719672,"T","T","Calcifier","ZOO_STUDY_0156","ZOO_ES_001809","ZOO_COMMON_00265",2,"Calcifier_T",-0.18,1.82,1.82965994506842
"ambiguous_dropped","all_data","Development",-0.0843749042777345,"T","T","Calcifier","ZOO_STUDY_0156","ZOO_ES_001810","ZOO_COMMON_00265",2,"Calcifier_T",-0.18,1.82,1.83958568660775
"ambiguous_dropped","all_data","Development",0.166309205671556,"T","T","Calcifier","ZOO_STUDY_0156","ZOO_ES_001811","ZOO_COMMON_00265",2,"Calcifier_T",-0.18,1.82,1.82659250876633
"ambiguous_dropped","all_data","Development",-1.43642570722049,"T","T","Calcifier","ZOO_STUDY_0156","ZOO_ES_001812","ZOO_COMMON_00265",2,"Calcifier_T",-0.18,1.82,1.80036473274697
"ambiguous_dropped","all_data","Development",-0.001689094484128,"T","T","Calcifier","ZOO_STUDY_0239","ZOO_ES_001825","ZOO_COMMON_00407",2,"Calcifier_T",-0.18,1.82,1.84105326019228
"ambiguous_dropped","all_data","Development",-0.136493213088591,"T","T","Calcifier","ZOO_STUDY_0239","ZOO_ES_001826","ZOO_COMMON_00407",2,"Calcifier_T",-0.18,1.82,1.82876811905764
"ambiguous_dropped","all_data","Development",-1.78222910437736,"T","T","Calcifier","ZOO_STUDY_0247","ZOO_ES_001829","ZOO_COMMON_00420",2,"Calcifier_T",-0.18,1.82,1.8024296856299
"ambiguous_dropped","all_data","Development",-0.127596657104708,"T","T","Calcifier","ZOO_STUDY_0247","ZOO_ES_001830","ZOO_COMMON_00420",2,"Calcifier_T",-0.18,1.82,1.83226709211478
"ambiguous_dropped","all_data","Development",0.0129671468084248,"T","T","Calcifier","ZOO_STUDY_0269","ZOO_ES_001832","ZOO_COMMON_00448",2,"Calcifier_T",-0.18,1.82,1.84212994309375
"ambiguous_dropped","all_data","Development",-0.255735452315674,"T","T","Calcifier","ZOO_STUDY_0269","ZOO_ES_001833","ZOO_COMMON_00448",2,"Calcifier_T",-0.18,1.82,1.81603916878114
"ambiguous_dropped","all_data","Development",-0.68945940748076,"T","T","Calcifier","ZOO_STUDY_0269","ZOO_ES_001834","ZOO_COMMON_00448",2,"Calcifier_T",-0.18,1.82,1.80988615390845
"ambiguous_dropped","all_data","Development",-0.0203602441420779,"T","T","Calcifier","ZOO_STUDY_0269","ZOO_ES_001835","ZOO_COMMON_00448",2,"Calcifier_T",-0.18,1.82,1.80797133350745
"ambiguous_dropped","all_data","Development",-0.294985751291431,"T","T","Calcifier","ZOO_STUDY_0269","ZOO_ES_001836","ZOO_COMMON_00448",2,"Calcifier_T",-0.18,1.82,1.80614406584529
"ambiguous_dropped","all_data","Development",-0.769986648539277,"T","T","Calcifier","ZOO_STUDY_0269","ZOO_ES_001837","ZOO_COMMON_00448",2,"Calcifier_T",-0.18,1.82,1.82328271717299
"ambiguous_dropped","all_data","Development",0.388355675611314,"T","T","Calcifier","ZOO_STUDY_0269","ZOO_ES_001838","ZOO_COMMON_00448",2,"Calcifier_T",-0.18,1.82,1.83283250664128
"ambiguous_dropped","all_data","Development",0.241001168714216,"T","T","Calcifier","ZOO_STUDY_0269","ZOO_ES_001839","ZOO_COMMON_00448",2,"Calcifier_T",-0.18,1.82,1.82848017729586
"ambiguous_dropped","all_data","Development",0.144463241671569,"T","T","Calcifier","ZOO_STUDY_0269","ZOO_ES_001840","ZOO_COMMON_00448",2,"Calcifier_T",-0.18,1.82,1.82232613971457
"ambiguous_dropped","all_data","Development",-0.641698618723903,"T","T","Calcifier","ZOO_STUDY_0269","ZOO_ES_001841","ZOO_COMMON_00448",2,"Calcifier_T",-0.18,1.82,1.83557318288833
"ambiguous_dropped","all_data","Development",0.445666067253804,"T","T","Calcifier","ZOO_STUDY_0269","ZOO_ES_001842","ZOO_COMMON_00448",2,"Calcifier_T",-0.18,1.82,1.83295834010234
"ambiguous_dropped","all_data","Development",0.52365866965397,"T","T","Calcifier","ZOO_STUDY_0269","ZOO_ES_001843","ZOO_COMMON_00448",2,"Calcifier_T",-0.18,1.82,1.79600342330988
"ambiguous_dropped","all_data","Development",0.255432569261772,"T","T","Calcifier","ZOO_STUDY_0269","ZOO_ES_001844","ZOO_COMMON_00448",2,"Calcifier_T",-0.18,1.82,1.81404518500669
"ambiguous_dropped","all_data","Development",-0.786972027748079,"T","T","Calcifier","ZOO_STUDY_0269","ZOO_ES_001845","ZOO_COMMON_00448",2,"Calcifier_T",-0.18,1.82,1.79754400568083
"ambiguous_dropped","all_data","Development",-0.319362409054753,"T","T","Calcifier","ZOO_STUDY_0269","ZOO_ES_001846","ZOO_COMMON_00448",2,"Calcifier_T",-0.18,1.82,1.834895146864
"ambiguous_dropped","all_data","Development",-0.470912307181953,"T","T","Calcifier","ZOO_STUDY_0269","ZOO_ES_001847","ZOO_COMMON_00448",2,"Calcifier_T",-0.18,1.82,1.84118496065959
"ambiguous_dropped","all_data","Development",-2.38885361988142,"T","T","Calcifier","ZOO_STUDY_0269","ZOO_ES_001848","ZOO_COMMON_00448",2,"Calcifier_T",-0.18,1.82,1.82212991852313
"ambiguous_dropped","all_data","Development",0.153759571028843,"T","T","Calcifier","ZOO_STUDY_0269","ZOO_ES_001849","ZOO_COMMON_00448",2,"Calcifier_T",-0.18,1.82,1.83761823000852
"ambiguous_dropped","all_data","Development",0.100329633791549,"T","T","Calcifier","ZOO_STUDY_0269","ZOO_ES_001850","ZOO_COMMON_00448",2,"Calcifier_T",-0.18,1.82,1.82417814316461
"ambiguous_dropped","all_data","Development",0.0698846067817449,"T","T","Calcifier","ZOO_STUDY_0269","ZOO_ES_001851","ZOO_COMMON_00448",2,"Calcifier_T",-0.18,1.82,1.82841618217528
"ambiguous_dropped","all_data","Development",-0.606110459203733,"T","T","Calcifier","ZOO_STUDY_0269","ZOO_ES_001852","ZOO_COMMON_00448",2,"Calcifier_T",-0.18,1.82,1.82056572982576
"ambiguous_dropped","all_data","Development",0.0307458538799642,"T","T","Calcifier","ZOO_STUDY_0269","ZOO_ES_001853","ZOO_COMMON_00448",2,"Calcifier_T",-0.18,1.82,1.83313752946444
"ambiguous_dropped","all_data","Development",-0.0314282749868516,"T","T","Calcifier","ZOO_STUDY_0269","ZOO_ES_001854","ZOO_COMMON_00448",2,"Calcifier_T",-0.18,1.82,1.84016811439535
"ambiguous_dropped","all_data","Development",-0.128072091199263,"T","T","Calcifier","ZOO_STUDY_0269","ZOO_ES_001855","ZOO_COMMON_00448",2,"Calcifier_T",-0.18,1.82,1.83602372560883
"ambiguous_dropped","all_data","Development",0.210529456336247,"T","T","Calcifier","ZOO_STUDY_0275","ZOO_ES_001862","ZOO_COMMON_00456",2,"Calcifier_T",-0.18,1.82,1.79857159248088
"ambiguous_dropped","all_data","Development",-0.303337141486647,"T","T","Calcifier","ZOO_STUDY_0285","ZOO_ES_001865","ZOO_COMMON_00481",2,"Calcifier_T",-0.18,1.82,1.79519481715281
"ambiguous_dropped","all_data","Development",-0.6548472554724,"T","T","Calcifier","ZOO_STUDY_0285","ZOO_ES_001866","ZOO_COMMON_00481",2,"Calcifier_T",-0.18,1.82,1.79760993079282
"ambiguous_dropped","all_data","Development",0.0723523879712276,"T","T","Calcifier","ZOO_STUDY_0291","ZOO_ES_001883","ZOO_COMMON_00489",2,"Calcifier_T",-0.18,1.82,1.83832800898701
"ambiguous_dropped","all_data","Development",0.155708615877523,"T","T","Calcifier","ZOO_STUDY_0291","ZOO_ES_001884","ZOO_COMMON_00489",2,"Calcifier_T",-0.18,1.82,1.82381225844612
"ambiguous_dropped","all_data","Development",0.156875477153443,"T","T","Calcifier","ZOO_STUDY_0291","ZOO_ES_001885","ZOO_COMMON_00489",2,"Calcifier_T",-0.18,1.82,1.81069212860195
"ambiguous_dropped","all_data","Development",-0.36273497616828,"T","T","Calcifier","ZOO_STUDY_0291","ZOO_ES_001886","ZOO_COMMON_00489",2,"Calcifier_T",-0.18,1.82,1.84297328918939
"ambiguous_dropped","all_data","Development",-0.418164781107611,"T","T","Calcifier","ZOO_STUDY_0291","ZOO_ES_001887","ZOO_COMMON_00489",2,"Calcifier_T",-0.18,1.82,1.824559687851
"ambiguous_dropped","all_data","Development",-0.573698108925619,"T","T","Calcifier","ZOO_STUDY_0291","ZOO_ES_001888","ZOO_COMMON_00489",2,"Calcifier_T",-0.18,1.82,1.82157046678942
"ambiguous_dropped","all_data","Development",-0.771145594506201,"T","T","Calcifier","ZOO_STUDY_0291","ZOO_ES_001889","ZOO_COMMON_00489",2,"Calcifier_T",-0.18,1.82,1.81419683357701
"ambiguous_dropped","all_data","Development",-4.89239760964823,"T","T","Calcifier","ZOO_STUDY_0291","ZOO_ES_001890","ZOO_COMMON_00489",2,"Calcifier_T",-0.18,1.82,1.81097766147461
"ambiguous_dropped","all_data","Development",0.383222747947829,"T","T","Calcifier","ZOO_STUDY_0291","ZOO_ES_001899","ZOO_COMMON_00489",2,"Calcifier_T",-0.18,1.82,1.83541931276442
"ambiguous_dropped","all_data","Development",0.48718567726719,"T","T","Calcifier","ZOO_STUDY_0291","ZOO_ES_001900","ZOO_COMMON_00489",2,"Calcifier_T",-0.18,1.82,1.79709597492358
"ambiguous_dropped","all_data","Development",0.802407348985791,"T","T","Calcifier","ZOO_STUDY_0291","ZOO_ES_001901","ZOO_COMMON_00489",2,"Calcifier_T",-0.18,1.82,1.81318713473622
"ambiguous_dropped","all_data","Development",0.722950920955831,"T","T","Calcifier","ZOO_STUDY_0291","ZOO_ES_001902","ZOO_COMMON_00489",2,"Calcifier_T",-0.18,1.82,1.83782984834863
"ambiguous_dropped","all_data","Development",0.98890038935127,"T","T","Calcifier","ZOO_STUDY_0291","ZOO_ES_001903","ZOO_COMMON_00489",2,"Calcifier_T",-0.18,1.82,1.82989732892485
"ambiguous_dropped","all_data","Development",0.917916443480881,"T","T","Calcifier","ZOO_STUDY_0291","ZOO_ES_001904","ZOO_COMMON_00489",2,"Calcifier_T",-0.18,1.82,1.82922432364896
"ambiguous_dropped","all_data","Development",0.00941412568693707,"T","T","Calcifier","ZOO_STUDY_0332","ZOO_ES_001909","ZOO_COMMON_00565",2,"Calcifier_T",-0.18,1.82,1.8124007526366
"ambiguous_dropped","all_data","Development",0.0807950965435794,"T","T","Calcifier","ZOO_STUDY_0332","ZOO_ES_001910","ZOO_COMMON_00565",2,"Calcifier_T",-0.18,1.82,1.82273409147048
"ambiguous_dropped","all_data","Development",-0.483267990773302,"T","T","Calcifier","ZOO_STUDY_0332","ZOO_ES_001911","ZOO_COMMON_00565",2,"Calcifier_T",-0.18,1.82,1.80186218087794
"ambiguous_dropped","all_data","Development",0.0138150524870513,"T","T","Calcifier","ZOO_STUDY_0332","ZOO_ES_001912","ZOO_COMMON_00565",2,"Calcifier_T",-0.18,1.82,1.83424657781608
"ambiguous_dropped","all_data","Development",-0.0176037044182481,"T","T","Calcifier","ZOO_STUDY_0332","ZOO_ES_001913","ZOO_COMMON_00565",2,"Calcifier_T",-0.18,1.82,1.8393431285792
"ambiguous_dropped","all_data","Development",-0.0501700052792755,"T","T","Calcifier","ZOO_STUDY_0332","ZOO_ES_001914","ZOO_COMMON_00565",2,"Calcifier_T",-0.18,1.82,1.80520479416475
"ambiguous_dropped","all_data","Development",-0.226036729917961,"T","T","Calcifier","ZOO_STUDY_0343","ZOO_ES_001919","ZOO_COMMON_00585",2,"Calcifier_T",-0.18,1.82,1.8335311480728
"ambiguous_dropped","all_data","Development",0.121889817609037,"T","T","Calcifier","ZOO_STUDY_0382","ZOO_ES_001924","ZOO_COMMON_00640",2,"Calcifier_T",-0.18,1.82,1.82481814803788
"ambiguous_dropped","all_data","Development",0.188900527891997,"T","T","Calcifier","ZOO_STUDY_0382","ZOO_ES_001925","ZOO_COMMON_00640",2,"Calcifier_T",-0.18,1.82,1.84288348712027
"ambiguous_dropped","all_data","Development",0.0911613456765164,"T","T","Calcifier","ZOO_STUDY_0382","ZOO_ES_001926","ZOO_COMMON_00640",2,"Calcifier_T",-0.18,1.82,1.80293441988062
"ambiguous_dropped","all_data","Development",0.0102987522005745,"T","T","Calcifier","ZOO_STUDY_0420","ZOO_ES_001938","ZOO_COMMON_00707",2,"Calcifier_T",-0.18,1.82,1.82129871370737
"ambiguous_dropped","all_data","Development",-0.636794244008814,"T","T","Calcifier","ZOO_STUDY_0420","ZOO_ES_001939","ZOO_COMMON_00707",2,"Calcifier_T",-0.18,1.82,1.83865756837651
"ambiguous_dropped","all_data","Development",-5.08140436498446,"T","T","Calcifier","ZOO_STUDY_0420","ZOO_ES_001940","ZOO_COMMON_00707",2,"Calcifier_T",-0.18,1.82,1.83848530351417
"ambiguous_dropped","all_data","Development",-0.0125001627642314,"T","T","Calcifier","ZOO_STUDY_0420","ZOO_ES_001941","ZOO_COMMON_00708",2,"Calcifier_T",-0.18,1.82,1.79618443216197
"ambiguous_dropped","all_data","Development",-1.28217685370166,"T","T","Calcifier","ZOO_STUDY_0420","ZOO_ES_001942","ZOO_COMMON_00708",2,"Calcifier_T",-0.18,1.82,1.843794484674
"ambiguous_dropped","all_data","Development",-4.38825718442452,"T","T","Calcifier","ZOO_STUDY_0420","ZOO_ES_001943","ZOO_COMMON_00708",2,"Calcifier_T",-0.18,1.82,1.81951120991027
"ambiguous_dropped","all_data","Development",-0.00927363678532921,"T","T","Calcifier","ZOO_STUDY_0420","ZOO_ES_001947","ZOO_COMMON_00706",2,"Calcifier_T",-0.18,1.82,1.81445851615164
"ambiguous_dropped","all_data","Development",-1.01880629539975,"T","T","Calcifier","ZOO_STUDY_0420","ZOO_ES_001948","ZOO_COMMON_00706",2,"Calcifier_T",-0.18,1.82,1.81587774799438
"ambiguous_dropped","all_data","Development",-0.0406517672664609,"T","T","Calcifier","ZOO_STUDY_0420","ZOO_ES_001949","ZOO_COMMON_00712",2,"Calcifier_T",-0.18,1.82,1.79964629102498
"ambiguous_dropped","all_data","Development",-1.17610462515564,"T","T","Calcifier","ZOO_STUDY_0420","ZOO_ES_001950","ZOO_COMMON_00712",2,"Calcifier_T",-0.18,1.82,1.80309046050999
"ambiguous_dropped","all_data","Development",-0.0122826518558417,"T","T","Calcifier","ZOO_STUDY_0420","ZOO_ES_001951","ZOO_COMMON_00711",2,"Calcifier_T",-0.18,1.82,1.81527082475834
"ambiguous_dropped","all_data","Development",-0.0618970485054823,"T","T","Calcifier","ZOO_STUDY_0420","ZOO_ES_001952","ZOO_COMMON_00711",2,"Calcifier_T",-0.18,1.82,1.81209072220838
"ambiguous_dropped","all_data","Development",-2.90162507358289,"T","T","Calcifier","ZOO_STUDY_0420","ZOO_ES_001953","ZOO_COMMON_00711",2,"Calcifier_T",-0.18,1.82,1.815762872661
"ambiguous_dropped","all_data","Development",-0.00100553050201865,"T","T","Calcifier","ZOO_STUDY_0420","ZOO_ES_001954","ZOO_COMMON_00710",2,"Calcifier_T",-0.18,1.82,1.81020262345439
"ambiguous_dropped","all_data","Development",-0.00604840553588059,"T","T","Calcifier","ZOO_STUDY_0420","ZOO_ES_001955","ZOO_COMMON_00710",2,"Calcifier_T",-0.18,1.82,1.82301402687328
"ambiguous_dropped","all_data","Development",-3.34739467566918,"T","T","Calcifier","ZOO_STUDY_0420","ZOO_ES_001956","ZOO_COMMON_00710",2,"Calcifier_T",-0.18,1.82,1.80279370752862
"ambiguous_dropped","all_data","Development",0.225058649250309,"T","T","Calcifier","ZOO_STUDY_0435","ZOO_ES_001963","ZOO_COMMON_00740",2,"Calcifier_T",-0.18,1.82,1.84282898820704
"ambiguous_dropped","all_data","Development",0.235211020714327,"T","T","Calcifier","ZOO_STUDY_0435","ZOO_ES_001964","ZOO_COMMON_00740",2,"Calcifier_T",-0.18,1.82,1.79719833126757
"ambiguous_dropped","all_data","Development",-1.51209668594289,"T","T","Calcifier","ZOO_STUDY_0435","ZOO_ES_001965","ZOO_COMMON_00740",2,"Calcifier_T",-0.18,1.82,1.81360788713675
"ambiguous_dropped","all_data","Development",0.729866732136167,"T","T","Calcifier","ZOO_STUDY_0435","ZOO_ES_001966","ZOO_COMMON_00740",2,"Calcifier_T",-0.18,1.82,1.84313076707069
"ambiguous_dropped","all_data","Development",0.7883278210921,"T","T","Calcifier","ZOO_STUDY_0435","ZOO_ES_001967","ZOO_COMMON_00740",2,"Calcifier_T",-0.18,1.82,1.82727137578651
"ambiguous_dropped","all_data","Development",-3.6914950780044,"T","T","Calcifier","ZOO_STUDY_0435","ZOO_ES_001968","ZOO_COMMON_00740",2,"Calcifier_T",-0.18,1.82,1.79806313071633
"ambiguous_dropped","all_data","Development",-2.21916348485497,"T","T","Calcifier","ZOO_STUDY_0435","ZOO_ES_001969","ZOO_COMMON_00740",2,"Calcifier_T",-0.18,1.82,1.81549729642458
"ambiguous_dropped","all_data","Development",-0.22314355131421,"T","T","Calcifier","ZOO_STUDY_0478","ZOO_ES_001974","ZOO_COMMON_00813",2,"Calcifier_T",-0.18,1.82,1.81629525670316
"ambiguous_dropped","all_data","Development",-0.287900389230292,"T","T","Calcifier","ZOO_STUDY_0478","ZOO_ES_001975","ZOO_COMMON_00813",2,"Calcifier_T",-0.18,1.82,1.82040790423518
"ambiguous_dropped","all_data","Development",0.0262291505238311,"T","T","Calcifier","ZOO_STUDY_0478","ZOO_ES_001976","ZOO_COMMON_00813",2,"Calcifier_T",-0.18,1.82,1.81747999553801
"ambiguous_dropped","all_data","Development",-0.0590487675954489,"T","T","Calcifier","ZOO_STUDY_0478","ZOO_ES_001978","ZOO_COMMON_00813",2,"Calcifier_T",-0.18,1.82,1.82616306917509
"ambiguous_dropped","all_data","Development",0.8754687373539,"T","T","Calcifier","ZOO_STUDY_0483","ZOO_ES_001981","ZOO_COMMON_00820",2,"Calcifier_T",-0.18,1.82,1.80199889655225
"ambiguous_dropped","all_data","Development",1.5773495978826,"T","T","Calcifier","ZOO_STUDY_0483","ZOO_ES_001982","ZOO_COMMON_00820",2,"Calcifier_T",-0.18,1.82,1.8403973200405
"ambiguous_dropped","all_data","Development",-0.110133794410484,"T","T","Calcifier","ZOO_STUDY_0483","ZOO_ES_001983","ZOO_COMMON_00820",2,"Calcifier_T",-0.18,1.82,1.82347216373775
"ambiguous_dropped","all_data","Development",0.226566258591712,"T","T","Calcifier","ZOO_STUDY_0483","ZOO_ES_001984","ZOO_COMMON_00820",2,"Calcifier_T",-0.18,1.82,1.82241402869578
"ambiguous_dropped","all_data","Development",-2.42036812865043,"T","T","Calcifier","ZOO_STUDY_0162","ZOO_ES_002180","ZOO_COMMON_00285",2,"Calcifier_T",-0.18,1.82,1.80084138112608
"ambiguous_dropped","all_data","Development",-2.32727770558442,"TpH","T + pH","Calcifier","ZOO_STUDY_0161","ZOO_ES_002181","ZOO_COMMON_00283",2,"Calcifier_T + pH",-0.06,1.94,1.9531014166167
"ambiguous_dropped","all_data","Development",-1.07498068413483,"pH","pH","Calcifier","ZOO_STUDY_0505","ZOO_ES_002301","ZOO_COMMON_00867",2,"Calcifier_pH",-0.3,1.7,1.69891847233521
"ambiguous_dropped","all_data","Development",0.0571584138399486,"pH","pH","Calcifier","ZOO_STUDY_0457","ZOO_ES_002302","ZOO_COMMON_00767",2,"Calcifier_pH",-0.3,1.7,1.71409844573354
"ambiguous_dropped","all_data","Development",-0.656936018667772,"pH","pH","Calcifier","ZOO_STUDY_0493","ZOO_ES_002303","ZOO_COMMON_00841",2,"Calcifier_pH",-0.3,1.7,1.67730132743018
"ambiguous_dropped","all_data","Development",-0.104233119822518,"pH","pH","Calcifier","ZOO_STUDY_0493","ZOO_ES_002304","ZOO_COMMON_00841",2,"Calcifier_pH",-0.3,1.7,1.71599223338999
"ambiguous_dropped","all_data","Development",-1.14646830984574,"pH","pH","Calcifier","ZOO_STUDY_0032","ZOO_ES_002305","ZOO_COMMON_00047",2,"Calcifier_pH",-0.3,1.7,1.68847042237176
"ambiguous_dropped","all_data","Development",-0.563689113323059,"pH","pH","Calcifier","ZOO_STUDY_0506","ZOO_ES_002309","ZOO_COMMON_00868",2,"Calcifier_pH",-0.3,1.7,1.68914252072573
"ambiguous_dropped","all_data","Development",-2.60268968544438,"pH","pH","Calcifier","ZOO_STUDY_0259","ZOO_ES_002310","ZOO_COMMON_00436",2,"Calcifier_pH",-0.3,1.7,1.70716107797343
"ambiguous_dropped","all_data","Development",-1.02165124753198,"pH","pH","Calcifier","ZOO_STUDY_0089","ZOO_ES_002327","ZOO_COMMON_00154",2,"Calcifier_pH",-0.3,1.7,1.72240594188916
"ambiguous_dropped","all_data","Development",-0.916290731874155,"pH","pH","Calcifier","ZOO_STUDY_0089","ZOO_ES_002328","ZOO_COMMON_00154",2,"Calcifier_pH",-0.3,1.7,1.67534992272267
"ambiguous_dropped","all_data","Development",-2.39789527279837,"pH","pH","Calcifier","ZOO_STUDY_0191","ZOO_ES_002329","ZOO_COMMON_00335",2,"Calcifier_pH",-0.3,1.7,1.69258088360075
"ambiguous_dropped","all_data","Development",-1.25276296849537,"pH","pH","Calcifier","ZOO_STUDY_0191","ZOO_ES_002330","ZOO_COMMON_00335",2,"Calcifier_pH",-0.3,1.7,1.6959522862453
"ambiguous_dropped","all_data","Development",-1.20397280432594,"pH","pH","Calcifier","ZOO_STUDY_0404","ZOO_ES_002347","ZOO_COMMON_00679",2,"Calcifier_pH",-0.3,1.7,1.69789383985335
"ambiguous_dropped","all_data","Development",-1.9568392195875,"pH","pH","Calcifier","ZOO_STUDY_0250","ZOO_ES_002372","ZOO_COMMON_00423",2,"Calcifier_pH",-0.3,1.7,1.71058462896617
"ambiguous_dropped","all_data","Development",-0.0973741640251764,"pH","pH","Calcifier","ZOO_STUDY_0019","ZOO_ES_002424","ZOO_COMMON_00027",2,"Calcifier_pH",-0.3,1.7,1.72099240288371
"ambiguous_dropped","all_data","Development",-0.355203273327276,"pH","pH","Calcifier","ZOO_STUDY_0019","ZOO_ES_002425","ZOO_COMMON_00027",2,"Calcifier_pH",-0.3,1.7,1.70635553502943
"ambiguous_dropped","all_data","Development",-0.0680534632450156,"pH","pH","Calcifier","ZOO_STUDY_0133","ZOO_ES_002426","ZOO_COMMON_00229",2,"Calcifier_pH",-0.3,1.7,1.7201090889168
"ambiguous_dropped","all_data","Development",-0.143100843640673,"pH","pH","Calcifier","ZOO_STUDY_0133","ZOO_ES_002427","ZOO_COMMON_00232",2,"Calcifier_pH",-0.3,1.7,1.71286645795917
"ambiguous_dropped","all_data","Development",-0.190353728491219,"pH","pH","Calcifier","ZOO_STUDY_0133","ZOO_ES_002428","ZOO_COMMON_00231",2,"Calcifier_pH",-0.3,1.7,1.68189291828312
"ambiguous_dropped","all_data","Development",-0.22314355131421,"pH","pH","Calcifier","ZOO_STUDY_0133","ZOO_ES_002430","ZOO_COMMON_00230",2,"Calcifier_pH",-0.3,1.7,1.68266274390044
"ambiguous_dropped","all_data","Development",-1.51059207779747,"pH","pH","Calcifier","ZOO_STUDY_0461","ZOO_ES_002437","ZOO_COMMON_00774",2,"Calcifier_pH",-0.3,1.7,1.68456560934428
"ambiguous_dropped","all_data","Development",-2.14006616349627,"pH","pH","Calcifier","ZOO_STUDY_0191","ZOO_ES_002752","ZOO_COMMON_00337",2,"Calcifier_pH",-0.3,1.7,1.69665925703011
"ambiguous_dropped","all_data","Development",-2.07944154167984,"pH","pH","Calcifier","ZOO_STUDY_0190","ZOO_ES_002753","ZOO_COMMON_00333",2,"Calcifier_pH",-0.3,1.7,1.6793609650922
"ambiguous_dropped","all_data","Development",-0.693147180559945,"pH","pH","Calcifier","ZOO_STUDY_0191","ZOO_ES_002754","ZOO_COMMON_00337",2,"Calcifier_pH",-0.3,1.7,1.6861890000524
"ambiguous_dropped","all_data","Development",-0.470003629245736,"pH","pH","Calcifier","ZOO_STUDY_0191","ZOO_ES_002755","ZOO_COMMON_00336",2,"Calcifier_pH",-0.3,1.7,1.70360743397614
"ambiguous_dropped","all_data","Development",-2.07944154167984,"pH","pH","Calcifier","ZOO_STUDY_0252","ZOO_ES_002769","ZOO_COMMON_00425",2,"Calcifier_pH",-0.3,1.7,1.69500845891889
"ambiguous_dropped","all_data","Development",-1.45083288225746,"pH","pH","Calcifier","ZOO_STUDY_0252","ZOO_ES_002770","ZOO_COMMON_00425",2,"Calcifier_pH",-0.3,1.7,1.70327326903353
"ambiguous_dropped","all_data","Development",-1.55369592942586,"pH","pH","Calcifier","ZOO_STUDY_0287","ZOO_ES_002771","ZOO_COMMON_00483",2,"Calcifier_pH",-0.3,1.7,1.71648119393503
"ambiguous_dropped","all_data","Development",-1.17587077180524,"pH","pH","Calcifier","ZOO_STUDY_0287","ZOO_ES_002772","ZOO_COMMON_00483",2,"Calcifier_pH",-0.3,1.7,1.70710569097428
"ambiguous_dropped","all_data","Development",-2.99573227355399,"pH","pH","Calcifier","ZOO_STUDY_0358","ZOO_ES_002773","ZOO_COMMON_00602",2,"Calcifier_pH",-0.3,1.7,1.69457493758528
"ambiguous_dropped","all_data","Development",-1.79175946922805,"pH","pH","Calcifier","ZOO_STUDY_0358","ZOO_ES_002774","ZOO_COMMON_00602",2,"Calcifier_pH",-0.3,1.7,1.7104789927369
"ambiguous_dropped","all_data","Development",0,"pH","pH","Calcifier","ZOO_STUDY_0076","ZOO_ES_002896","ZOO_COMMON_00121",2,"Calcifier_pH",-0.3,1.7,1.68044120365521
"ambiguous_dropped","all_data","Development",-1.13943428318836,"pH","pH","Calcifier","ZOO_STUDY_0139","ZOO_ES_002897","ZOO_COMMON_00239",2,"Calcifier_pH",-0.3,1.7,1.68868113671197
"ambiguous_dropped","all_data","Development",-0.693147180559945,"pH","pH","Calcifier","ZOO_STUDY_0222","ZOO_ES_002898","ZOO_COMMON_00381",2,"Calcifier_pH",-0.3,1.7,1.70469334663358
"ambiguous_dropped","all_data","Development",-1.56693483511779,"pH","pH","Calcifier","ZOO_STUDY_0529","ZOO_ES_002899","ZOO_COMMON_00899",2,"Calcifier_pH",-0.3,1.7,1.68300924067153
"ambiguous_dropped","all_data","Development",-1.3612765981446,"pH","pH","Calcifier","ZOO_STUDY_0529","ZOO_ES_002900","ZOO_COMMON_00899",2,"Calcifier_pH",-0.3,1.7,1.71767151193926
"ambiguous_dropped","all_data","Development",-0.44628710262842,"pH","pH","Calcifier","ZOO_STUDY_0527","ZOO_ES_002901","ZOO_COMMON_00897",2,"Calcifier_pH",-0.3,1.7,1.71738695788663
"ambiguous_dropped","all_data","Development",-0.271933715483642,"pH","pH","Calcifier","ZOO_STUDY_0527","ZOO_ES_002902","ZOO_COMMON_00897",2,"Calcifier_pH",-0.3,1.7,1.69889434062643
"ambiguous_dropped","all_data","Development",-0.297251523467932,"pH","pH","Calcifier","ZOO_STUDY_0073","ZOO_ES_002903","ZOO_COMMON_00115",2,"Calcifier_pH",-0.3,1.7,1.71368460612139
"ambiguous_dropped","all_data","Development",-0.109199291964992,"pH","pH","Calcifier","ZOO_STUDY_0072","ZOO_ES_002904","ZOO_COMMON_00113",2,"Calcifier_pH",-0.3,1.7,1.68977000402519
"ambiguous_dropped","all_data","Development",-1.38629436111989,"pH","pH","Calcifier","ZOO_STUDY_0076","ZOO_ES_002905","ZOO_COMMON_00121",2,"Calcifier_pH",-0.3,1.7,1.67828140559141
"ambiguous_dropped","all_data","Development",-0.400551093305735,"pH","pH","Calcifier","ZOO_STUDY_0125","ZOO_ES_002906","ZOO_COMMON_00221",2,"Calcifier_pH",-0.3,1.7,1.69702665624209
"ambiguous_dropped","all_data","Development",-0.700582159047463,"pH","pH","Calcifier","ZOO_STUDY_0481","ZOO_ES_002907","ZOO_COMMON_00817",2,"Calcifier_pH",-0.3,1.7,1.69810494289268
"ambiguous_dropped","all_data","Development",-0.177334015282915,"pH","pH","Calcifier","ZOO_STUDY_0481","ZOO_ES_002908","ZOO_COMMON_00817",2,"Calcifier_pH",-0.3,1.7,1.69204671850894
"ambiguous_dropped","all_data","Development",-0.603535021870258,"TpH","T + pH","Calcifier","ZOO_STUDY_0047","ZOO_ES_002909","ZOO_COMMON_00067",2,"Calcifier_T + pH",-0.06,1.94,1.92425701593515
"ambiguous_dropped","all_data","Development",-0.587786664902119,"TpH","T + pH","Calcifier","ZOO_STUDY_0047","ZOO_ES_002910","ZOO_COMMON_00067",2,"Calcifier_T + pH",-0.06,1.94,1.94034988634288
"ambiguous_dropped","all_data","Development",-0.538996500732687,"T","T","Calcifier","ZOO_STUDY_0047","ZOO_ES_002911","ZOO_COMMON_00067",2,"Calcifier_T",-0.18,1.82,1.79595955153229
"ambiguous_dropped","all_data","Development",-0.245122458032985,"pH","pH","Calcifier","ZOO_STUDY_0047","ZOO_ES_002912","ZOO_COMMON_00067",2,"Calcifier_pH",-0.3,1.7,1.71368430197472
"ambiguous_dropped","all_data","Development",-0.0273989741881146,"pH","pH","Calcifier","ZOO_STUDY_0047","ZOO_ES_002913","ZOO_COMMON_00067",2,"Calcifier_pH",-0.3,1.7,1.70298325396143
"ambiguous_dropped","all_data","Development",-0.173271721274037,"pH","pH","Calcifier","ZOO_STUDY_0118","ZOO_ES_002914","ZOO_COMMON_00206",2,"Calcifier_pH",-0.3,1.7,1.70707313196035
"ambiguous_dropped","all_data","Development",-0.0526437334854221,"pH","pH","Calcifier","ZOO_STUDY_0118","ZOO_ES_002915","ZOO_COMMON_00206",2,"Calcifier_pH",-0.3,1.7,1.69842160593253
"ambiguous_dropped","all_data","Development",-0.496436886313891,"pH","pH","Calcifier","ZOO_STUDY_0122","ZOO_ES_002916","ZOO_COMMON_00213",2,"Calcifier_pH",-0.3,1.7,1.68896119053243
"ambiguous_dropped","all_data","Development",-0.194156014440958,"pH","pH","Calcifier","ZOO_STUDY_0122","ZOO_ES_002917","ZOO_COMMON_00213",2,"Calcifier_pH",-0.3,1.7,1.69806082851719
"ambiguous_dropped","all_data","Development",-0.204794412646013,"pH","pH","Calcifier","ZOO_STUDY_0270","ZOO_ES_002918","ZOO_COMMON_00450",2,"Calcifier_pH",-0.3,1.7,1.71463691708632
"ambiguous_dropped","all_data","Development",-0.0162605208717805,"pH","pH","Calcifier","ZOO_STUDY_0149","ZOO_ES_002919","ZOO_COMMON_00254",2,"Calcifier_pH",-0.3,1.7,1.70427827881649
"ambiguous_dropped","all_data","Development",0.474457979595116,"pH","pH","Calcifier","ZOO_STUDY_0149","ZOO_ES_002920","ZOO_COMMON_00253",2,"Calcifier_pH",-0.3,1.7,1.69473794929218
"ambiguous_dropped","all_data","Development",-0.251035823411364,"pH","pH","Calcifier","ZOO_STUDY_0124","ZOO_ES_002921","ZOO_COMMON_00219",2,"Calcifier_pH",-0.3,1.7,1.71556186748203
"ambiguous_dropped","all_data","Development",-0.547421564832391,"pH","pH","Calcifier","ZOO_STUDY_0311","ZOO_ES_002922","ZOO_COMMON_00532",2,"Calcifier_pH",-0.3,1.7,1.69092815469485
"ambiguous_dropped","all_data","Development",-0.20248824907689,"pH","pH","Calcifier","ZOO_STUDY_0311","ZOO_ES_002923","ZOO_COMMON_00532",2,"Calcifier_pH",-0.3,1.7,1.70407236691099
"ambiguous_dropped","all_data","Development",-0.139761942375159,"pH","pH","Calcifier","ZOO_STUDY_0118","ZOO_ES_002926","ZOO_COMMON_00206",2,"Calcifier_pH",-0.3,1.7,1.69777444789652
"ambiguous_dropped","all_data","Development",-0.152340724582019,"pH","pH","Calcifier","ZOO_STUDY_0118","ZOO_ES_002927","ZOO_COMMON_00206",2,"Calcifier_pH",-0.3,1.7,1.68844017249066
"ambiguous_dropped","all_data","Development",-0.0706175672139534,"TpH","T + pH","Calcifier","ZOO_STUDY_0147","ZOO_ES_002928","ZOO_COMMON_00249",2,"Calcifier_T + pH",-0.06,1.94,1.94275886023883
"ambiguous_dropped","all_data","Development",-0.0767337942313894,"T","T","Calcifier","ZOO_STUDY_0147","ZOO_ES_002929","ZOO_COMMON_00249",2,"Calcifier_T",-0.18,1.82,1.80656154421624
"ambiguous_dropped","all_data","Development",-0.146603474191875,"TpH","T + pH","Calcifier","ZOO_STUDY_0147","ZOO_ES_002930","ZOO_COMMON_00249",2,"Calcifier_T + pH",-0.06,1.94,1.94216164489975
"ambiguous_dropped","all_data","Development",-0.114644831511781,"pH","pH","Calcifier","ZOO_STUDY_0199","ZOO_ES_002967","ZOO_COMMON_00351",2,"Calcifier_pH",-0.3,1.7,1.6973785070586
"ambiguous_dropped","all_data","Development",-0.2578291093021,"pH","pH","Calcifier","ZOO_STUDY_0280","ZOO_ES_002968","ZOO_COMMON_00465",2,"Calcifier_pH",-0.3,1.7,1.68151440684451
"ambiguous_dropped","all_data","Development",0.533431064164568,"TpH","T + pH","Calcifier","ZOO_STUDY_0279","ZOO_ES_002969","ZOO_COMMON_00464",2,"Calcifier_T + pH",-0.06,1.94,1.94608629913768
"ambiguous_dropped","all_data","Development",0.587786664902119,"T","T","Calcifier","ZOO_STUDY_0280","ZOO_ES_002970","ZOO_COMMON_00467",2,"Calcifier_T",-0.18,1.82,1.82239971416304
"ambiguous_dropped","all_data","Development",-1.31218638896617,"pH","pH","Calcifier","ZOO_STUDY_0455","ZOO_ES_002974","ZOO_COMMON_00764",2,"Calcifier_pH",-0.3,1.7,1.68246221068548
"ambiguous_dropped","all_data","Development",-0.0108109161042156,"pH","pH","Calcifier","ZOO_STUDY_0535","ZOO_ES_002981","ZOO_COMMON_00909",2,"Calcifier_pH",-0.3,1.7,1.70297729346203
"ambiguous_dropped","all_data","Development",-0.0487901641694321,"TpH","T + pH","Calcifier","ZOO_STUDY_0147","ZOO_ES_003097","ZOO_COMMON_00249",2,"Calcifier_T + pH",-0.06,1.94,1.93634427882265
"ambiguous_dropped","all_data","Development",-0.0487901641694321,"T","T","Calcifier","ZOO_STUDY_0147","ZOO_ES_003098","ZOO_COMMON_00249",2,"Calcifier_T",-0.18,1.82,1.81738650491927
"ambiguous_dropped","all_data","Development",-0.0629138254105693,"pH","pH","Calcifier","ZOO_STUDY_0147","ZOO_ES_003099","ZOO_COMMON_00250",2,"Calcifier_pH",-0.3,1.7,1.71666473858058
"ambiguous_dropped","all_data","Development",-0.0741079721537218,"TpH","T + pH","Calcifier","ZOO_STUDY_0147","ZOO_ES_003100","ZOO_COMMON_00249",2,"Calcifier_T + pH",-0.06,1.94,1.95097936413717
"ambiguous_dropped","all_data","Development",-0.102654154060083,"pH","pH","Calcifier","ZOO_STUDY_0147","ZOO_ES_003102","ZOO_COMMON_00250",2,"Calcifier_pH",-0.3,1.7,1.69784433777677
"ambiguous_dropped","all_data","Development",0.360002734031407,"pH","pH","Calcifier","ZOO_STUDY_0139","ZOO_ES_003103","ZOO_COMMON_00239",2,"Calcifier_pH",-0.3,1.7,1.70106321314815
"ambiguous_dropped","all_data","Development",-0.0961251757744564,"pH","pH","Calcifier","ZOO_STUDY_0436","ZOO_ES_003118","ZOO_COMMON_00741",2,"Calcifier_pH",-0.3,1.7,1.68712285388028
"ambiguous_dropped","all_data","Development",-0.0519597389307111,"pH","pH","Calcifier","ZOO_STUDY_0047","ZOO_ES_003124","ZOO_COMMON_00067",2,"Calcifier_pH",-0.3,1.7,1.67879304173402
"ambiguous_dropped","all_data","Development",-0.052643733485422,"T","T","Calcifier","ZOO_STUDY_0047","ZOO_ES_003125","ZOO_COMMON_00067",2,"Calcifier_T",-0.18,1.82,1.81456475456245
"ambiguous_dropped","all_data","Development",-0.052643733485422,"TpH","T + pH","Calcifier","ZOO_STUDY_0047","ZOO_ES_003126","ZOO_COMMON_00067",2,"Calcifier_T + pH",-0.06,1.94,1.91565541079966
"ambiguous_dropped","all_data","Development",-0.137201121513485,"TpH","T + pH","Calcifier","ZOO_STUDY_0047","ZOO_ES_003127","ZOO_COMMON_00067",2,"Calcifier_T + pH",-0.06,1.94,1.95837497343076
"ambiguous_dropped","all_data","Development",-0.24231346742193,"pH","pH","Calcifier","ZOO_STUDY_0047","ZOO_ES_003128","ZOO_COMMON_00067",2,"Calcifier_pH",-0.3,1.7,1.72463078368455
"ambiguous_dropped","all_data","Development",0.0203453145982823,"pH","pH","Calcifier","ZOO_STUDY_0148","ZOO_ES_003129","ZOO_COMMON_00251",2,"Calcifier_pH",-0.3,1.7,1.71044276941102
"ambiguous_dropped","all_data","Development",-0.230616876975917,"pH","pH","Calcifier","ZOO_STUDY_0148","ZOO_ES_003130","ZOO_COMMON_00251",2,"Calcifier_pH",-0.3,1.7,1.71633577451576
"ambiguous_dropped","all_data","Development",0,"pH","pH","Calcifier","ZOO_STUDY_0334","ZOO_ES_003139","ZOO_COMMON_00567",2,"Calcifier_pH",-0.3,1.7,1.71959481347585
"ambiguous_dropped","all_data","Development",-0.0310905870700311,"pH","pH","Calcifier","ZOO_STUDY_0334","ZOO_ES_003141","ZOO_COMMON_00567",2,"Calcifier_pH",-0.3,1.7,1.70197053663433
"ambiguous_dropped","all_data","Development",-0.0493020658954811,"pH","pH","Calcifier","ZOO_STUDY_0481","ZOO_ES_003145","ZOO_COMMON_00817",2,"Calcifier_pH",-0.3,1.7,1.70276567959227
"ambiguous_dropped","all_data","Development",-0.104564744570531,"pH","pH","Calcifier","ZOO_STUDY_0481","ZOO_ES_003146","ZOO_COMMON_00817",2,"Calcifier_pH",-0.3,1.7,1.68882199418731
"ambiguous_dropped","all_data","Development",1.81212111669559,"pH","pH","Non-calcifier","ZOO_STUDY_0018","ZOO_ES_000001","ZOO_COMMON_00026",2,"Non-calcifier_pH",0.06,2.06,2.06795989629114
"ambiguous_dropped","all_data","Development",0.722174788760165,"T","T","Non-calcifier","ZOO_STUDY_0018","ZOO_ES_000002","ZOO_COMMON_00026",2,"Non-calcifier_T",0.18,2.18,2.16717176212231
"ambiguous_dropped","all_data","Development",1.87879032553552,"T","T","Non-calcifier","ZOO_STUDY_0018","ZOO_ES_000003","ZOO_COMMON_00026",2,"Non-calcifier_T",0.18,2.18,2.16941331023816
"ambiguous_dropped","all_data","Development",2.1353524892735,"TpH","T + pH","Non-calcifier","ZOO_STUDY_0018","ZOO_ES_000004","ZOO_COMMON_00026",2,"Non-calcifier_T + pH",0.3,2.3,2.31078904792666
"ambiguous_dropped","all_data","Development",3.46406901642,"TpH","T + pH","Non-calcifier","ZOO_STUDY_0018","ZOO_ES_000005","ZOO_COMMON_00026",2,"Non-calcifier_T + pH",0.3,2.3,2.31137668165611
"ambiguous_dropped","all_data","Development",-0.350271506903526,"pH","pH","Non-calcifier","ZOO_STUDY_0021","ZOO_ES_000045","ZOO_COMMON_00029",2,"Non-calcifier_pH",0.06,2.06,2.0436521519348
"ambiguous_dropped","all_data","Development",-0.426017481061486,"T","T","Non-calcifier","ZOO_STUDY_0021","ZOO_ES_000046","ZOO_COMMON_00029",2,"Non-calcifier_T",0.18,2.18,2.17031556294067
"ambiguous_dropped","all_data","Development",-0.0172790476083523,"TpH","T + pH","Non-calcifier","ZOO_STUDY_0021","ZOO_ES_000047","ZOO_COMMON_00029",2,"Non-calcifier_T + pH",0.3,2.3,2.29349536383525
"ambiguous_dropped","all_data","Development",-0.0796629560265469,"pH","pH","Non-calcifier","ZOO_STUDY_0029","ZOO_ES_000079","ZOO_COMMON_00043",2,"Non-calcifier_pH",0.06,2.06,2.03888607771602
"ambiguous_dropped","all_data","Development",-0.24247227086771,"T","T","Non-calcifier","ZOO_STUDY_0029","ZOO_ES_000080","ZOO_COMMON_00043",2,"Non-calcifier_T",0.18,2.18,2.19065750943963
"ambiguous_dropped","all_data","Development",-0.393414040323175,"TpH","T + pH","Non-calcifier","ZOO_STUDY_0029","ZOO_ES_000081","ZOO_COMMON_00043",2,"Non-calcifier_T + pH",0.3,2.3,2.30254613645375
"ambiguous_dropped","all_data","Development",-0.994280949599328,"pH","pH","Non-calcifier","ZOO_STUDY_0041","ZOO_ES_000103","ZOO_COMMON_00058",2,"Non-calcifier_pH",0.06,2.06,2.04179326981772
"ambiguous_dropped","all_data","Development",0.48048895521463,"T","T","Non-calcifier","ZOO_STUDY_0041","ZOO_ES_000104","ZOO_COMMON_00058",2,"Non-calcifier_T",0.18,2.18,2.20370818470372
"ambiguous_dropped","all_data","Development",0.0652609658943938,"TpH","T + pH","Non-calcifier","ZOO_STUDY_0041","ZOO_ES_000105","ZOO_COMMON_00058",2,"Non-calcifier_T + pH",0.3,2.3,2.30309815794462
"ambiguous_dropped","all_data","Development",0.107355102442473,"pH","pH","Non-calcifier","ZOO_STUDY_0085","ZOO_ES_000273","ZOO_COMMON_00138",2,"Non-calcifier_pH",0.06,2.06,2.07442046908196
"ambiguous_dropped","all_data","Development",0.285254713510237,"T","T","Non-calcifier","ZOO_STUDY_0085","ZOO_ES_000274","ZOO_COMMON_00138",2,"Non-calcifier_T",0.18,2.18,2.19744570421288
"ambiguous_dropped","all_data","Development",0.303528470820208,"TpH","T + pH","Non-calcifier","ZOO_STUDY_0085","ZOO_ES_000275","ZOO_COMMON_00138",2,"Non-calcifier_T + pH",0.3,2.3,2.31890208873665
"ambiguous_dropped","all_data","Development",-0.0141025660334681,"pH","pH","Non-calcifier","ZOO_STUDY_0085","ZOO_ES_000276","ZOO_COMMON_00137",2,"Non-calcifier_pH",0.06,2.06,2.07502381869359
"ambiguous_dropped","all_data","Development",-0.660994614080393,"T","T","Non-calcifier","ZOO_STUDY_0085","ZOO_ES_000277","ZOO_COMMON_00137",2,"Non-calcifier_T",0.18,2.18,2.18700742432382
"ambiguous_dropped","all_data","Development",-0.177736036113009,"TpH","T + pH","Non-calcifier","ZOO_STUDY_0085","ZOO_ES_000278","ZOO_COMMON_00137",2,"Non-calcifier_T + pH",0.3,2.3,2.30644638803787
"ambiguous_dropped","all_data","Development",-0.210657607516683,"pH","pH","Non-calcifier","ZOO_STUDY_0116","ZOO_ES_000325","ZOO_COMMON_00199",2,"Non-calcifier_pH",0.06,2.06,2.04857045023469
"ambiguous_dropped","all_data","Development",-0.387387245041568,"T","T","Non-calcifier","ZOO_STUDY_0116","ZOO_ES_000326","ZOO_COMMON_00199",2,"Non-calcifier_T",0.18,2.18,2.15649699127069
"ambiguous_dropped","all_data","Development",-0.0223077028251391,"TpH","T + pH","Non-calcifier","ZOO_STUDY_0116","ZOO_ES_000327","ZOO_COMMON_00199",2,"Non-calcifier_T + pH",0.3,2.3,2.29599321074784
"ambiguous_dropped","all_data","Development",0.101955799529497,"pH","pH","Non-calcifier","ZOO_STUDY_0150","ZOO_ES_000361","ZOO_COMMON_00255",2,"Non-calcifier_pH",0.06,2.06,2.05277173355222
"ambiguous_dropped","all_data","Development",-0.0071813594086647,"T","T","Non-calcifier","ZOO_STUDY_0150","ZOO_ES_000362","ZOO_COMMON_00255",2,"Non-calcifier_T",0.18,2.18,2.1746165626985
"ambiguous_dropped","all_data","Development",0.271678124427937,"TpH","T + pH","Non-calcifier","ZOO_STUDY_0150","ZOO_ES_000363","ZOO_COMMON_00255",2,"Non-calcifier_T + pH",0.3,2.3,2.28359684161842
"ambiguous_dropped","all_data","Development",0.775983186139094,"pH","pH","Non-calcifier","ZOO_STUDY_0281","ZOO_ES_000533","ZOO_COMMON_00471",2,"Non-calcifier_pH",0.06,2.06,2.05098210596712
"ambiguous_dropped","all_data","Development",0.481303184499669,"T","T","Non-calcifier","ZOO_STUDY_0281","ZOO_ES_000534","ZOO_COMMON_00471",2,"Non-calcifier_T",0.18,2.18,2.17567775321193
"ambiguous_dropped","all_data","Development",0.28312625591592,"T","T","Non-calcifier","ZOO_STUDY_0281","ZOO_ES_000535","ZOO_COMMON_00471",2,"Non-calcifier_T",0.18,2.18,2.19296678483486
"ambiguous_dropped","all_data","Development",1.10466061517824,"TpH","T + pH","Non-calcifier","ZOO_STUDY_0281","ZOO_ES_000536","ZOO_COMMON_00471",2,"Non-calcifier_T + pH",0.3,2.3,2.28859451025492
"ambiguous_dropped","all_data","Development",0.864047689041204,"TpH","T + pH","Non-calcifier","ZOO_STUDY_0281","ZOO_ES_000537","ZOO_COMMON_00471",2,"Non-calcifier_T + pH",0.3,2.3,2.28077912285225
"ambiguous_dropped","all_data","Development",-0.167902683603533,"pH","pH","Non-calcifier","ZOO_STUDY_0368","ZOO_ES_000638","ZOO_COMMON_00619",2,"Non-calcifier_pH",0.06,2.06,2.03646683075
"ambiguous_dropped","all_data","Development",-0.227208597562379,"T","T","Non-calcifier","ZOO_STUDY_0368","ZOO_ES_000639","ZOO_COMMON_00619",2,"Non-calcifier_T",0.18,2.18,2.19534276489401
"ambiguous_dropped","all_data","Development",-0.393568607283863,"TpH","T + pH","Non-calcifier","ZOO_STUDY_0368","ZOO_ES_000640","ZOO_COMMON_00619",2,"Non-calcifier_T + pH",0.3,2.3,2.29900632182835
"ambiguous_dropped","all_data","Development",0.203920700773314,"pH","pH","Non-calcifier","ZOO_STUDY_0394","ZOO_ES_000756","ZOO_COMMON_00661",2,"Non-calcifier_pH",0.06,2.06,2.07531239701435
"ambiguous_dropped","all_data","Development",0.157748315442853,"T","T","Non-calcifier","ZOO_STUDY_0394","ZOO_ES_000757","ZOO_COMMON_00661",2,"Non-calcifier_T",0.18,2.18,2.15895028408384
"ambiguous_dropped","all_data","Development",0.273134903190662,"TpH","T + pH","Non-calcifier","ZOO_STUDY_0394","ZOO_ES_000758","ZOO_COMMON_00661",2,"Non-calcifier_T + pH",0.3,2.3,2.28076687047724
"ambiguous_dropped","all_data","Development",-0.890665594071332,"pH","pH","Non-calcifier","ZOO_STUDY_0397","ZOO_ES_000789","ZOO_COMMON_00668",2,"Non-calcifier_pH",0.06,2.06,2.04147081447532
"ambiguous_dropped","all_data","Development",-1.12015413244286,"TpH","T + pH","Non-calcifier","ZOO_STUDY_0397","ZOO_ES_000790","ZOO_COMMON_00668",2,"Non-calcifier_T + pH",0.3,2.3,2.31193742710166
"ambiguous_dropped","all_data","Development",1.40179854765586,"TpH","T + pH","Non-calcifier","ZOO_STUDY_0431","ZOO_ES_000867","ZOO_COMMON_00732",2,"Non-calcifier_T + pH",0.3,2.3,2.3128549266723
"ambiguous_dropped","all_data","Development",2.16271189597544,"T","T","Non-calcifier","ZOO_STUDY_0431","ZOO_ES_000868","ZOO_COMMON_00730",2,"Non-calcifier_T",0.18,2.18,2.20462276542792
"ambiguous_dropped","all_data","Development",2.25900383579248,"TpH","T + pH","Non-calcifier","ZOO_STUDY_0431","ZOO_ES_000869","ZOO_COMMON_00730",2,"Non-calcifier_T + pH",0.3,2.3,2.30622764936415
"ambiguous_dropped","all_data","Development",2.11976651829722,"T","T","Non-calcifier","ZOO_STUDY_0431","ZOO_ES_000870","ZOO_COMMON_00731",2,"Non-calcifier_T",0.18,2.18,2.16943450542865
"ambiguous_dropped","all_data","Development",2.17317752188159,"TpH","T + pH","Non-calcifier","ZOO_STUDY_0431","ZOO_ES_000871","ZOO_COMMON_00731",2,"Non-calcifier_T + pH",0.3,2.3,2.28499558871845
"ambiguous_dropped","all_data","Development",-0.760588461355478,"pH","pH","Non-calcifier","ZOO_STUDY_0431","ZOO_ES_000877","ZOO_COMMON_00732",2,"Non-calcifier_pH",0.06,2.06,2.07504589243559
"ambiguous_dropped","all_data","Development",3.30475431400584,"T","T","Non-calcifier","ZOO_STUDY_0431","ZOO_ES_000878","ZOO_COMMON_00732",2,"Non-calcifier_T",0.18,2.18,2.19138813551515
"ambiguous_dropped","all_data","Development",-0.200533361121483,"pH","pH","Non-calcifier","ZOO_STUDY_0431","ZOO_ES_000879","ZOO_COMMON_00730",2,"Non-calcifier_pH",0.06,2.06,2.04585239873501
"ambiguous_dropped","all_data","Development",-0.331515596981285,"pH","pH","Non-calcifier","ZOO_STUDY_0431","ZOO_ES_000880","ZOO_COMMON_00731",2,"Non-calcifier_pH",0.06,2.06,2.07221192526864
"ambiguous_dropped","all_data","Development",0.0310905870700311,"pH","pH","Non-calcifier","ZOO_STUDY_0416","ZOO_ES_002525","ZOO_COMMON_00700",2,"Non-calcifier_pH",0.06,2.06,2.07833268541377
"ambiguous_dropped","all_data","Development",-0.0339015516756814,"pH","pH","Non-calcifier","ZOO_STUDY_0336","ZOO_ES_002526","ZOO_COMMON_00570",2,"Non-calcifier_pH",0.06,2.06,2.06147028781939
"ambiguous_dropped","all_data","Development",-2.11021320034659,"TpH","T + pH","Non-calcifier","ZOO_STUDY_0432","ZOO_ES_002547","ZOO_COMMON_00734",2,"Non-calcifier_T + pH",0.3,2.3,2.3049319273443
"ambiguous_dropped","all_data","Development",-2.04769284336526,"T","T","Non-calcifier","ZOO_STUDY_0432","ZOO_ES_002548","ZOO_COMMON_00734",2,"Non-calcifier_T",0.18,2.18,2.20188161661616
"ambiguous_dropped","all_data","Development",-0.336472236621213,"pH","pH","Non-calcifier","ZOO_STUDY_0432","ZOO_ES_002549","ZOO_COMMON_00735",2,"Non-calcifier_pH",0.06,2.06,2.08253620491829
"ambiguous_dropped","all_data","Development",-0.405465108108164,"pH","pH","Non-calcifier","ZOO_STUDY_0432","ZOO_ES_002550","ZOO_COMMON_00733",2,"Non-calcifier_pH",0.06,2.06,2.06802661506459
"ambiguous_dropped","all_data","Development",-0.693147180559945,"pH","pH","Non-calcifier","ZOO_STUDY_0432","ZOO_ES_002551","ZOO_COMMON_00737",2,"Non-calcifier_pH",0.06,2.06,2.0386143290461
"ambiguous_dropped","all_data","Development",-2.68102152871429,"T","T","Non-calcifier","ZOO_STUDY_0432","ZOO_ES_002552","ZOO_COMMON_00736",2,"Non-calcifier_T",0.18,2.18,2.19631657893304
"ambiguous_dropped","all_data","Development",-2.86220088092947,"TpH","T + pH","Non-calcifier","ZOO_STUDY_0432","ZOO_ES_002553","ZOO_COMMON_00736",2,"Non-calcifier_T + pH",0.3,2.3,2.29897720389999
"ambiguous_dropped","all_data","Development",-1.7227665977411,"T","T","Non-calcifier","ZOO_STUDY_0237","ZOO_ES_002609","ZOO_COMMON_00404",2,"Non-calcifier_T",0.18,2.18,2.1745614391705
"ambiguous_dropped","all_data","Development",-1.68639895357023,"TpH","T + pH","Non-calcifier","ZOO_STUDY_0237","ZOO_ES_002610","ZOO_COMMON_00404",2,"Non-calcifier_T + pH",0.3,2.3,2.2899561387836
"ambiguous_dropped","all_data","Development",-1.54044504094715,"TpH","T + pH","Non-calcifier","ZOO_STUDY_0359","ZOO_ES_002639","ZOO_COMMON_00604",2,"Non-calcifier_T + pH",0.3,2.3,2.28721541247796
"ambiguous_dropped","all_data","Development",-0.154150679827258,"TpH","T + pH","Non-calcifier","ZOO_STUDY_0359","ZOO_ES_002640","ZOO_COMMON_00604",2,"Non-calcifier_T + pH",0.3,2.3,2.29609050658764
"ambiguous_dropped","all_data","Development",0.470003629245736,"T","T","Non-calcifier","ZOO_STUDY_0359","ZOO_ES_002641","ZOO_COMMON_00604",2,"Non-calcifier_T",0.18,2.18,2.20188850884559
"ambiguous_dropped","all_data","Development",-0.0136056520557787,"pH","pH","Non-calcifier","ZOO_STUDY_0134","ZOO_ES_002653","ZOO_COMMON_00233",2,"Non-calcifier_pH",0.06,2.06,2.04822425582912
"ambiguous_dropped","all_data","Development",0.380274859279606,"TpH","T + pH","Non-calcifier","ZOO_STUDY_0416","ZOO_ES_002693","ZOO_COMMON_00702",2,"Non-calcifier_T + pH",0.3,2.3,2.30342843770049
"ambiguous_dropped","all_data","Development",0.410580208774935,"T","T","Non-calcifier","ZOO_STUDY_0416","ZOO_ES_002694","ZOO_COMMON_00702",2,"Non-calcifier_T",0.18,2.18,2.16510922838468
"ambiguous_dropped","all_data","Physiology",-0.728941982637301,"pH","pH","Calcifier","ZOO_STUDY_0050","ZOO_ES_000132","ZOO_COMMON_00071",3,"Calcifier_pH",-0.3,2.7,2.68464028134476
"ambiguous_dropped","all_data","Physiology",-1.27866369692753,"pH","pH","Calcifier","ZOO_STUDY_0050","ZOO_ES_000133","ZOO_COMMON_00071",3,"Calcifier_pH",-0.3,2.7,2.71093058725819
"ambiguous_dropped","all_data","Physiology",0.0477702762686865,"T","T","Calcifier","ZOO_STUDY_0050","ZOO_ES_000134","ZOO_COMMON_00071",3,"Calcifier_T",-0.18,2.82,2.81067589477636
"ambiguous_dropped","all_data","Physiology",-0.304306958421416,"T","T","Calcifier","ZOO_STUDY_0050","ZOO_ES_000135","ZOO_COMMON_00071",3,"Calcifier_T",-0.18,2.82,2.80191950636683
"ambiguous_dropped","all_data","Physiology",-0.410312427342489,"TpH","T + pH","Calcifier","ZOO_STUDY_0050","ZOO_ES_000136","ZOO_COMMON_00071",3,"Calcifier_T + pH",-0.06,2.94,2.9179015348875
"ambiguous_dropped","all_data","Physiology",-0.795587986114437,"TpH","T + pH","Calcifier","ZOO_STUDY_0050","ZOO_ES_000137","ZOO_COMMON_00071",3,"Calcifier_T + pH",-0.06,2.94,2.96155498205684
"ambiguous_dropped","all_data","Physiology",-1.03128400349977,"TpH","T + pH","Calcifier","ZOO_STUDY_0050","ZOO_ES_000145","ZOO_COMMON_00071",3,"Calcifier_T + pH",-0.06,2.94,2.9434169006045
"ambiguous_dropped","all_data","Physiology",-0.953837804469407,"pH","pH","Calcifier","ZOO_STUDY_0055","ZOO_ES_000181","ZOO_COMMON_00077",3,"Calcifier_pH",-0.3,2.7,2.6808885180275
"ambiguous_dropped","all_data","Physiology",-0.750010042454489,"pH","pH","Calcifier","ZOO_STUDY_0055","ZOO_ES_000182","ZOO_COMMON_00077",3,"Calcifier_pH",-0.3,2.7,2.70323972407496
"ambiguous_dropped","all_data","Physiology",-0.971382114120316,"T","T","Calcifier","ZOO_STUDY_0055","ZOO_ES_000183","ZOO_COMMON_00077",3,"Calcifier_T",-0.18,2.82,2.8220128091448
"ambiguous_dropped","all_data","Physiology",-0.478414107754332,"T","T","Calcifier","ZOO_STUDY_0055","ZOO_ES_000184","ZOO_COMMON_00077",3,"Calcifier_T",-0.18,2.82,2.8359841259243
"ambiguous_dropped","all_data","Physiology",-5.00562275227271,"TpH","T + pH","Calcifier","ZOO_STUDY_0055","ZOO_ES_000185","ZOO_COMMON_00077",3,"Calcifier_T + pH",-0.06,2.94,2.9501489751949
"ambiguous_dropped","all_data","Physiology",-3.99402184059423,"TpH","T + pH","Calcifier","ZOO_STUDY_0055","ZOO_ES_000186","ZOO_COMMON_00077",3,"Calcifier_T + pH",-0.06,2.94,2.94338741868036
"ambiguous_dropped","all_data","Physiology",-2.31437966948688,"TpH","T + pH","Calcifier","ZOO_STUDY_0055","ZOO_ES_000187","ZOO_COMMON_00077",3,"Calcifier_T + pH",-0.06,2.94,2.9510654633143
"ambiguous_dropped","all_data","Physiology",-1.29816691258584,"TpH","T + pH","Calcifier","ZOO_STUDY_0055","ZOO_ES_000188","ZOO_COMMON_00077",3,"Calcifier_T + pH",-0.06,2.94,2.95262221067445
"ambiguous_dropped","all_data","Physiology",-0.459624435005238,"T","T","Calcifier","ZOO_STUDY_0244","ZOO_ES_000474","ZOO_COMMON_00417",3,"Calcifier_T",-0.18,2.82,2.81407112983754
"ambiguous_dropped","all_data","Physiology",-0.641875990749148,"TpH","T + pH","Calcifier","ZOO_STUDY_0244","ZOO_ES_000475","ZOO_COMMON_00417",3,"Calcifier_T + pH",-0.06,2.94,2.92940051406389
"ambiguous_dropped","all_data","Physiology",-2.19015026789368,"T","T","Calcifier","ZOO_STUDY_0244","ZOO_ES_000491","ZOO_COMMON_00417",3,"Calcifier_T",-0.18,2.82,2.82158416635823
"ambiguous_dropped","all_data","Physiology",-2.50057988374217,"TpH","T + pH","Calcifier","ZOO_STUDY_0244","ZOO_ES_000492","ZOO_COMMON_00417",3,"Calcifier_T + pH",-0.06,2.94,2.9279823035677
"ambiguous_dropped","all_data","Physiology",-0.92676203174145,"TpH","T + pH","Calcifier","ZOO_STUDY_0244","ZOO_ES_000493","ZOO_COMMON_00415",3,"Calcifier_T + pH",-0.06,2.94,2.95658951588906
"ambiguous_dropped","all_data","Physiology",0.0264580589630215,"TpH","T + pH","Calcifier","ZOO_STUDY_0415","ZOO_ES_000848","ZOO_COMMON_00698",3,"Calcifier_T + pH",-0.06,2.94,2.93526819423772
"ambiguous_dropped","all_data","Physiology",0.0988958959617663,"pH","pH","Calcifier","ZOO_STUDY_0415","ZOO_ES_000853","ZOO_COMMON_00698",3,"Calcifier_pH",-0.3,2.7,2.67863159627887
"ambiguous_dropped","all_data","Physiology",0.00575846416219474,"T","T","Calcifier","ZOO_STUDY_0415","ZOO_ES_000854","ZOO_COMMON_00698",3,"Calcifier_T",-0.18,2.82,2.84268793123076
"ambiguous_dropped","all_data","Physiology",0.0969667235293577,"TpH","T + pH","Calcifier","ZOO_STUDY_0415","ZOO_ES_000855","ZOO_COMMON_00698",3,"Calcifier_T + pH",-0.06,2.94,2.9258591891476
"ambiguous_dropped","all_data","Physiology",-0.0262982934762895,"pH","pH","Calcifier","ZOO_STUDY_0415","ZOO_ES_000864","ZOO_COMMON_00698",3,"Calcifier_pH",-0.3,2.7,2.69528126333607
"ambiguous_dropped","all_data","Physiology",0.0311691664709181,"T","T","Calcifier","ZOO_STUDY_0415","ZOO_ES_000865","ZOO_COMMON_00698",3,"Calcifier_T",-0.18,2.82,2.82628341577249
"ambiguous_dropped","all_data","Physiology",-4.28828706562358,"pH","pH","Calcifier","ZOO_STUDY_0013","ZOO_ES_001342","ZOO_COMMON_00020",3,"Calcifier_pH",-0.3,2.7,2.70642024019035
"ambiguous_dropped","all_data","Physiology",-4.28828706562358,"T","T","Calcifier","ZOO_STUDY_0013","ZOO_ES_001343","ZOO_COMMON_00021",3,"Calcifier_T",-0.18,2.82,2.81141193320975
"ambiguous_dropped","all_data","Physiology",-4.28828706562358,"TpH","T + pH","Calcifier","ZOO_STUDY_0013","ZOO_ES_001344","ZOO_COMMON_00019",3,"Calcifier_T + pH",-0.06,2.94,2.92194547459716
"ambiguous_dropped","all_data","Physiology",-2.54553127160444,"TpH","T + pH","Calcifier","ZOO_STUDY_0092","ZOO_ES_001349","ZOO_COMMON_00158",3,"Calcifier_T + pH",-0.06,2.94,2.96073285852093
"ambiguous_dropped","all_data","Physiology",-2.54553127160444,"T","T","Calcifier","ZOO_STUDY_0092","ZOO_ES_001350","ZOO_COMMON_00159",3,"Calcifier_T",-0.18,2.82,2.82495579836424
"ambiguous_dropped","all_data","Physiology",-0.77303664327111,"pH","pH","Calcifier","ZOO_STUDY_0120","ZOO_ES_001358","ZOO_COMMON_00210",3,"Calcifier_pH",-0.3,2.7,2.71248035479803
"ambiguous_dropped","all_data","Physiology",-0.77303664327111,"T","T","Calcifier","ZOO_STUDY_0120","ZOO_ES_001359","ZOO_COMMON_00211",3,"Calcifier_T",-0.18,2.82,2.84094773725839
"ambiguous_dropped","all_data","Physiology",-0.77303664327111,"TpH","T + pH","Calcifier","ZOO_STUDY_0120","ZOO_ES_001360","ZOO_COMMON_00209",3,"Calcifier_T + pH",-0.06,2.94,2.94143826979911
"ambiguous_dropped","all_data","Physiology",-2.89560737195011,"TpH","T + pH","Calcifier","ZOO_STUDY_0306","ZOO_ES_001361","ZOO_COMMON_00524",3,"Calcifier_T + pH",-0.06,2.94,2.93359893730143
"ambiguous_dropped","all_data","Physiology",-2.89560737195011,"pH","pH","Calcifier","ZOO_STUDY_0306","ZOO_ES_001362","ZOO_COMMON_00523",3,"Calcifier_pH",-0.3,2.7,2.67829041605582
"ambiguous_dropped","all_data","Physiology",-2.89560737195011,"T","T","Calcifier","ZOO_STUDY_0306","ZOO_ES_001363","ZOO_COMMON_00525",3,"Calcifier_T",-0.18,2.82,2.83771849618526
"ambiguous_dropped","all_data","Physiology",-0.538990721504965,"pH","pH","Calcifier","ZOO_STUDY_0061","ZOO_ES_001689","ZOO_COMMON_00092",3,"Calcifier_pH",-0.3,2.7,2.70052056506975
"ambiguous_dropped","all_data","Physiology",-0.297860863667868,"pH","pH","Calcifier","ZOO_STUDY_0061","ZOO_ES_001690","ZOO_COMMON_00092",3,"Calcifier_pH",-0.3,2.7,2.68549990293104
"ambiguous_dropped","all_data","Physiology",-0.534446691710547,"pH","pH","Calcifier","ZOO_STUDY_0061","ZOO_ES_001691","ZOO_COMMON_00094",3,"Calcifier_pH",-0.3,2.7,2.6937921718345
"ambiguous_dropped","all_data","Physiology",-0.735703167262262,"pH","pH","Calcifier","ZOO_STUDY_0061","ZOO_ES_001692","ZOO_COMMON_00093",3,"Calcifier_pH",-0.3,2.7,2.68536827499047
"ambiguous_dropped","all_data","Physiology",-0.218250692978295,"pH","pH","Calcifier","ZOO_STUDY_0061","ZOO_ES_001693","ZOO_COMMON_00090",3,"Calcifier_pH",-0.3,2.7,2.6979620408616
"ambiguous_dropped","all_data","Physiology",-1.20933928963369,"pH","pH","Calcifier","ZOO_STUDY_0061","ZOO_ES_001694","ZOO_COMMON_00089",3,"Calcifier_pH",-0.3,2.7,2.68707511250395
"ambiguous_dropped","all_data","Physiology",-0.170066834377538,"pH","pH","Calcifier","ZOO_STUDY_0061","ZOO_ES_001695","ZOO_COMMON_00091",3,"Calcifier_pH",-0.3,2.7,2.68093451611931
"ambiguous_dropped","all_data","Physiology",-1.3762486071034,"pH","pH","Calcifier","ZOO_STUDY_0061","ZOO_ES_001696","ZOO_COMMON_00089",3,"Calcifier_pH",-0.3,2.7,2.67862345748581
"ambiguous_dropped","all_data","Physiology",-0.797867639119561,"pH","pH","Calcifier","ZOO_STUDY_0061","ZOO_ES_001697","ZOO_COMMON_00095",3,"Calcifier_pH",-0.3,2.7,2.70954949249281
"ambiguous_dropped","all_data","Physiology",-1.7414234474598,"pH","pH","Calcifier","ZOO_STUDY_0061","ZOO_ES_001698","ZOO_COMMON_00095",3,"Calcifier_pH",-0.3,2.7,2.6893478809623
"ambiguous_dropped","all_data","Physiology",0.130750802326809,"pH","pH","Calcifier","ZOO_STUDY_0296","ZOO_ES_001713","ZOO_COMMON_00498",3,"Calcifier_pH",-0.3,2.7,2.68247062477749
"ambiguous_dropped","all_data","Physiology",0.736707397194827,"pH","pH","Calcifier","ZOO_STUDY_0298","ZOO_ES_001714","ZOO_COMMON_00500",3,"Calcifier_pH",-0.3,2.7,2.72362160045886
"ambiguous_dropped","all_data","Physiology",-0.640909135825059,"pH","pH","Calcifier","ZOO_STUDY_0297","ZOO_ES_001715","ZOO_COMMON_00499",3,"Calcifier_pH",-0.3,2.7,2.69552571951645
"ambiguous_dropped","all_data","Physiology",-0.757257527852397,"pH","pH","Calcifier","ZOO_STUDY_0403","ZOO_ES_001720","ZOO_COMMON_00678",3,"Calcifier_pH",-0.3,2.7,2.69509069271153
"ambiguous_dropped","all_data","Physiology",-0.030717641111035,"pH","pH","Calcifier","ZOO_STUDY_0403","ZOO_ES_001721","ZOO_COMMON_00678",3,"Calcifier_pH",-0.3,2.7,2.70742781743174
"ambiguous_dropped","all_data","Physiology",-0.0237425037013395,"pH","pH","Calcifier","ZOO_STUDY_0403","ZOO_ES_001722","ZOO_COMMON_00677",3,"Calcifier_pH",-0.3,2.7,2.72081528698327
"ambiguous_dropped","all_data","Physiology",-0.234572247137833,"T","T","Calcifier","ZOO_STUDY_0320","ZOO_ES_001907","ZOO_COMMON_00545",3,"Calcifier_T",-0.18,2.82,2.80583310694667
"ambiguous_dropped","all_data","Physiology",-1.67397643357167,"pH","pH","Calcifier","ZOO_STUDY_0015","ZOO_ES_001990","ZOO_COMMON_00023",3,"Calcifier_pH",-0.3,2.7,2.70239994359436
"ambiguous_dropped","all_data","Physiology",-0.325422400434628,"pH","pH","Calcifier","ZOO_STUDY_0119","ZOO_ES_002000","ZOO_COMMON_00207",3,"Calcifier_pH",-0.3,2.7,2.71100252289325
"ambiguous_dropped","all_data","Physiology",0.0277795641070757,"TpH","T + pH","Calcifier","ZOO_STUDY_0119","ZOO_ES_002007","ZOO_COMMON_00208",3,"Calcifier_T + pH",-0.06,2.94,2.93486230026232
"ambiguous_dropped","all_data","Physiology",0.00417537141048059,"pH","pH","Calcifier","ZOO_STUDY_0119","ZOO_ES_002008","ZOO_COMMON_00207",3,"Calcifier_pH",-0.3,2.7,2.67970006963005
"ambiguous_dropped","all_data","Physiology",0,"T","T","Calcifier","ZOO_STUDY_0119","ZOO_ES_002009","ZOO_COMMON_00208",3,"Calcifier_T",-0.18,2.82,2.82674482025206
"ambiguous_dropped","all_data","Physiology",-0.304776505811081,"pH","pH","Calcifier","ZOO_STUDY_0119","ZOO_ES_002010","ZOO_COMMON_00207",3,"Calcifier_pH",-0.3,2.7,2.675123940513
"ambiguous_dropped","all_data","Physiology",-1.09861228866811,"T","T","Calcifier","ZOO_STUDY_0119","ZOO_ES_002011","ZOO_COMMON_00208",3,"Calcifier_T",-0.18,2.82,2.80552616199013
"ambiguous_dropped","all_data","Physiology",-1.56861591791385,"TpH","T + pH","Calcifier","ZOO_STUDY_0119","ZOO_ES_002012","ZOO_COMMON_00208",3,"Calcifier_T + pH",-0.06,2.94,2.94895114047453
"ambiguous_dropped","all_data","Physiology",-0.0645385211375712,"pH","pH","Calcifier","ZOO_STUDY_0153","ZOO_ES_002019","ZOO_COMMON_00260",3,"Calcifier_pH",-0.3,2.7,2.71830945651745
"ambiguous_dropped","all_data","Physiology",-0.133531392624523,"pH","pH","Calcifier","ZOO_STUDY_0153","ZOO_ES_002020","ZOO_COMMON_00259",3,"Calcifier_pH",-0.3,2.7,2.71498485577758
"ambiguous_dropped","all_data","Physiology",-0.22314355131421,"pH","pH","Calcifier","ZOO_STUDY_0153","ZOO_ES_002021","ZOO_COMMON_00261",3,"Calcifier_pH",-0.3,2.7,2.6817498199176
"ambiguous_dropped","all_data","Physiology",-0.18244602004634,"pH","pH","Calcifier","ZOO_STUDY_0189","ZOO_ES_002025","ZOO_COMMON_00330",3,"Calcifier_pH",-0.3,2.7,2.69437491288409
"ambiguous_dropped","all_data","Physiology",-0.274698891626808,"pH","pH","Calcifier","ZOO_STUDY_0189","ZOO_ES_002026","ZOO_COMMON_00331",3,"Calcifier_pH",-0.3,2.7,2.71442359645152
"ambiguous_dropped","all_data","Physiology",0.757423062168758,"pH","pH","Calcifier","ZOO_STUDY_0200","ZOO_ES_002027","ZOO_COMMON_00353",3,"Calcifier_pH",-0.3,2.7,2.70964568333002
"ambiguous_dropped","all_data","Physiology",0.398155545059451,"pH","pH","Calcifier","ZOO_STUDY_0200","ZOO_ES_002028","ZOO_COMMON_00353",3,"Calcifier_pH",-0.3,2.7,2.7047136485693
"ambiguous_dropped","all_data","Physiology",0.054658412537864,"pH","pH","Calcifier","ZOO_STUDY_0207","ZOO_ES_002031","ZOO_COMMON_00361",3,"Calcifier_pH",-0.3,2.7,2.68119288256858
"ambiguous_dropped","all_data","Physiology",-0.0483965408618502,"pH","pH","Calcifier","ZOO_STUDY_0207","ZOO_ES_002032","ZOO_COMMON_00360",3,"Calcifier_pH",-0.3,2.7,2.70275390513707
"ambiguous_dropped","all_data","Physiology",-0.678758443107846,"pH","pH","Calcifier","ZOO_STUDY_0267","ZOO_ES_002035","ZOO_COMMON_00446",3,"Calcifier_pH",-0.3,2.7,2.69747056938941
"ambiguous_dropped","all_data","Physiology",0.0339015516756814,"pH","pH","Calcifier","ZOO_STUDY_0293","ZOO_ES_002036","ZOO_COMMON_00492",3,"Calcifier_pH",-0.3,2.7,2.71330832643434
"ambiguous_dropped","all_data","Physiology",-0.217412876605225,"pH","pH","Calcifier","ZOO_STUDY_0293","ZOO_ES_002037","ZOO_COMMON_00493",3,"Calcifier_pH",-0.3,2.7,2.67630488608265
"ambiguous_dropped","all_data","Physiology",-0.312374685042152,"T","T","Calcifier","ZOO_STUDY_0310","ZOO_ES_002039","ZOO_COMMON_00531",3,"Calcifier_T",-0.18,2.82,2.80475857159356
"ambiguous_dropped","all_data","Physiology",-0.769133087537867,"TpH","T + pH","Calcifier","ZOO_STUDY_0310","ZOO_ES_002040","ZOO_COMMON_00531",3,"Calcifier_T + pH",-0.06,2.94,2.95906172824092
"ambiguous_dropped","all_data","Physiology",0.567984037605939,"pH","pH","Calcifier","ZOO_STUDY_0360","ZOO_ES_002053","ZOO_COMMON_00608",3,"Calcifier_pH",-0.3,2.7,2.68049007967347
"ambiguous_dropped","all_data","Physiology",0.498991166118988,"pH","pH","Calcifier","ZOO_STUDY_0360","ZOO_ES_002054","ZOO_COMMON_00606",3,"Calcifier_pH",-0.3,2.7,2.72342754639685
"ambiguous_dropped","all_data","Physiology",-0.898591154774754,"pH","pH","Calcifier","ZOO_STUDY_0360","ZOO_ES_002056","ZOO_COMMON_00607",3,"Calcifier_pH",-0.3,2.7,2.69425992964534
"ambiguous_dropped","all_data","Physiology",0.362905493689368,"pH","pH","Calcifier","ZOO_STUDY_0400","ZOO_ES_002063","ZOO_COMMON_00673",3,"Calcifier_pH",-0.3,2.7,2.71792957036523
"ambiguous_dropped","all_data","Physiology",0.117783035656383,"pH","pH","Calcifier","ZOO_STUDY_0400","ZOO_ES_002064","ZOO_COMMON_00673",3,"Calcifier_pH",-0.3,2.7,2.71936923773028
"ambiguous_dropped","all_data","Physiology",-0.233614851181505,"pH","pH","Calcifier","ZOO_STUDY_0400","ZOO_ES_002065","ZOO_COMMON_00672",3,"Calcifier_pH",-0.3,2.7,2.69945457492722
"ambiguous_dropped","all_data","Physiology",-0.405465108108164,"pH","pH","Calcifier","ZOO_STUDY_0400","ZOO_ES_002066","ZOO_COMMON_00672",3,"Calcifier_pH",-0.3,2.7,2.7109045904479
"ambiguous_dropped","all_data","Physiology",-0.0709517359722844,"pH","pH","Calcifier","ZOO_STUDY_0408","ZOO_ES_002067","ZOO_COMMON_00684",3,"Calcifier_pH",-0.3,2.7,2.69933527862886
"ambiguous_dropped","all_data","Physiology",-0.793951879681911,"pH","pH","Calcifier","ZOO_STUDY_0408","ZOO_ES_002068","ZOO_COMMON_00684",3,"Calcifier_pH",-0.3,2.7,2.72443544304697
"ambiguous_dropped","all_data","Physiology",-0.392042087776024,"pH","pH","Calcifier","ZOO_STUDY_0408","ZOO_ES_002073","ZOO_COMMON_00684",3,"Calcifier_pH",-0.3,2.7,2.67823755647987
"ambiguous_dropped","all_data","Physiology",-0.72054615474806,"pH","pH","Calcifier","ZOO_STUDY_0408","ZOO_ES_002074","ZOO_COMMON_00684",3,"Calcifier_pH",-0.3,2.7,2.68288313889643
"ambiguous_dropped","all_data","Physiology",0.00273597981887485,"pH","pH","Calcifier","ZOO_STUDY_0429","ZOO_ES_002087","ZOO_COMMON_00725",3,"Calcifier_pH",-0.3,2.7,2.71426743092015
"ambiguous_dropped","all_data","Physiology",0.00141143283840781,"pH","pH","Calcifier","ZOO_STUDY_0429","ZOO_ES_002088","ZOO_COMMON_00727",3,"Calcifier_pH",-0.3,2.7,2.70210941449041
"ambiguous_dropped","all_data","Physiology",-0.0110193952496105,"T","T","Calcifier","ZOO_STUDY_0429","ZOO_ES_002089","ZOO_COMMON_00724",3,"Calcifier_T",-0.18,2.82,2.81582736726152
"ambiguous_dropped","all_data","Physiology",-0.0165749650942127,"TpH","T + pH","Calcifier","ZOO_STUDY_0429","ZOO_ES_002090","ZOO_COMMON_00724",3,"Calcifier_T + pH",-0.06,2.94,2.96494413245004
"ambiguous_dropped","all_data","Physiology",-0.0214140945038166,"T","T","Calcifier","ZOO_STUDY_0429","ZOO_ES_002091","ZOO_COMMON_00726",3,"Calcifier_T",-0.18,2.82,2.80778365585022
"ambiguous_dropped","all_data","Physiology",-0.0257524961024147,"TpH","T + pH","Calcifier","ZOO_STUDY_0429","ZOO_ES_002092","ZOO_COMMON_00726",3,"Calcifier_T + pH",-0.06,2.94,2.94039378355723
"ambiguous_dropped","all_data","Physiology",0.138150338480817,"pH","pH","Calcifier","ZOO_STUDY_0429","ZOO_ES_002093","ZOO_COMMON_00727",3,"Calcifier_pH",-0.3,2.7,2.67894855887862
"ambiguous_dropped","all_data","Physiology",-0.44628710262842,"pH","pH","Calcifier","ZOO_STUDY_0429","ZOO_ES_002094","ZOO_COMMON_00725",3,"Calcifier_pH",-0.3,2.7,2.71568341822131
"ambiguous_dropped","all_data","Physiology",-0.587786664902119,"T","T","Calcifier","ZOO_STUDY_0429","ZOO_ES_002095","ZOO_COMMON_00726",3,"Calcifier_T",-0.18,2.82,2.81410895800684
"ambiguous_dropped","all_data","Physiology",-0.719122666963206,"T","T","Calcifier","ZOO_STUDY_0429","ZOO_ES_002096","ZOO_COMMON_00724",3,"Calcifier_T",-0.18,2.82,2.83510913539678
"ambiguous_dropped","all_data","Physiology",-0.955511445027436,"TpH","T + pH","Calcifier","ZOO_STUDY_0429","ZOO_ES_002097","ZOO_COMMON_00724",3,"Calcifier_T + pH",-0.06,2.94,2.92489618183812
"ambiguous_dropped","all_data","Physiology",-0.993251773010283,"TpH","T + pH","Calcifier","ZOO_STUDY_0429","ZOO_ES_002098","ZOO_COMMON_00726",3,"Calcifier_T + pH",-0.06,2.94,2.96231998851057
"ambiguous_dropped","all_data","Physiology",2.10006082888257,"TpH","T + pH","Calcifier","ZOO_STUDY_0441","ZOO_ES_002116","ZOO_COMMON_00746",3,"Calcifier_T + pH",-0.06,2.94,2.93228362371214
"ambiguous_dropped","all_data","Physiology",2.10006082888257,"T","T","Calcifier","ZOO_STUDY_0441","ZOO_ES_002117","ZOO_COMMON_00746",3,"Calcifier_T",-0.18,2.82,2.82110251236474
"ambiguous_dropped","all_data","Physiology",2.06897024181254,"TpH","T + pH","Calcifier","ZOO_STUDY_0441","ZOO_ES_002118","ZOO_COMMON_00746",3,"Calcifier_T + pH",-0.06,2.94,2.92058440032182
"ambiguous_dropped","all_data","Physiology",2.06897024181254,"TpH","T + pH","Calcifier","ZOO_STUDY_0441","ZOO_ES_002119","ZOO_COMMON_00746",3,"Calcifier_T + pH",-0.06,2.94,2.9592987425602
"ambiguous_dropped","all_data","Physiology",0,"T","T","Calcifier","ZOO_STUDY_0441","ZOO_ES_002120","ZOO_COMMON_00746",3,"Calcifier_T",-0.18,2.82,2.84271274866071
"ambiguous_dropped","all_data","Physiology",-0.233614851181505,"T","T","Calcifier","ZOO_STUDY_0441","ZOO_ES_002121","ZOO_COMMON_00746",3,"Calcifier_T",-0.18,2.82,2.79701903815614
"ambiguous_dropped","all_data","Physiology",0.270290329739912,"T","T","Calcifier","ZOO_STUDY_0441","ZOO_ES_002122","ZOO_COMMON_00746",3,"Calcifier_T",-0.18,2.82,2.81968080943218
"ambiguous_dropped","all_data","Physiology",0.251314428280906,"pH","pH","Calcifier","ZOO_STUDY_0441","ZOO_ES_002123","ZOO_COMMON_00747",3,"Calcifier_pH",-0.3,2.7,2.68630318524083
"ambiguous_dropped","all_data","Physiology",0.216223108469636,"TpH","T + pH","Calcifier","ZOO_STUDY_0441","ZOO_ES_002124","ZOO_COMMON_00746",3,"Calcifier_T + pH",-0.06,2.94,2.95794001696398
"ambiguous_dropped","all_data","Physiology",0.216223108469636,"TpH","T + pH","Calcifier","ZOO_STUDY_0441","ZOO_ES_002125","ZOO_COMMON_00746",3,"Calcifier_T + pH",-0.06,2.94,2.9415467866906
"ambiguous_dropped","all_data","Physiology",-0.0350913198112699,"T","T","Calcifier","ZOO_STUDY_0441","ZOO_ES_002126","ZOO_COMMON_00746",3,"Calcifier_T",-0.18,2.82,2.79523190754
"ambiguous_dropped","all_data","Physiology",-3.36729582998647,"TpH","T + pH","Calcifier","ZOO_STUDY_0441","ZOO_ES_002127","ZOO_COMMON_00746",3,"Calcifier_T + pH",-0.06,2.94,2.92887800400844
"ambiguous_dropped","all_data","Physiology",-0.100083458556983,"T","T","Calcifier","ZOO_STUDY_0441","ZOO_ES_002128","ZOO_COMMON_00746",3,"Calcifier_T",-0.18,2.82,2.81126015715301
"ambiguous_dropped","all_data","Physiology",-0.113328685307003,"T","T","Calcifier","ZOO_STUDY_0441","ZOO_ES_002129","ZOO_COMMON_00746",3,"Calcifier_T",-0.18,2.82,2.82443531383062
"ambiguous_dropped","all_data","Physiology",-0.717244732139006,"T","T","Calcifier","ZOO_STUDY_0441","ZOO_ES_002130","ZOO_COMMON_00746",3,"Calcifier_T",-0.18,2.82,2.80748423503712
"ambiguous_dropped","all_data","Physiology",-0.767255152713667,"TpH","T + pH","Calcifier","ZOO_STUDY_0441","ZOO_ES_002131","ZOO_COMMON_00746",3,"Calcifier_T + pH",-0.06,2.94,2.91715586404083
"ambiguous_dropped","all_data","Physiology",-0.965080896043587,"TpH","T + pH","Calcifier","ZOO_STUDY_0441","ZOO_ES_002132","ZOO_COMMON_00746",3,"Calcifier_T + pH",-0.06,2.94,2.9205339393788
"ambiguous_dropped","all_data","Physiology",-1.16938135955632,"pH","pH","Calcifier","ZOO_STUDY_0441","ZOO_ES_002133","ZOO_COMMON_00747",3,"Calcifier_pH",-0.3,2.7,2.71018769060029
"ambiguous_dropped","all_data","Physiology",-1.38629436111989,"TpH","T + pH","Calcifier","ZOO_STUDY_0441","ZOO_ES_002134","ZOO_COMMON_00746",3,"Calcifier_T + pH",-0.06,2.94,2.96195106194122
"ambiguous_dropped","all_data","Physiology",-0.606135803570316,"T","T","Calcifier","ZOO_STUDY_0442","ZOO_ES_002137","ZOO_COMMON_00748",3,"Calcifier_T",-0.18,2.82,2.81055845090188
"ambiguous_dropped","all_data","Physiology",-1.25276296849537,"pH","pH","Calcifier","ZOO_STUDY_0442","ZOO_ES_002142","ZOO_COMMON_00748",3,"Calcifier_pH",-0.3,2.7,2.67892464650795
"ambiguous_dropped","all_data","Physiology",-2.4567357728213,"T","T","Calcifier","ZOO_STUDY_0442","ZOO_ES_002143","ZOO_COMMON_00748",3,"Calcifier_T",-0.18,2.82,2.81108720456716
"ambiguous_dropped","all_data","Physiology",-0.405465108108164,"pH","pH","Calcifier","ZOO_STUDY_0480","ZOO_ES_002146","ZOO_COMMON_00816",3,"Calcifier_pH",-0.3,2.7,2.70624527684413
"ambiguous_dropped","all_data","Physiology",0.479573080261886,"pH","pH","Calcifier","ZOO_STUDY_0480","ZOO_ES_002147","ZOO_COMMON_00816",3,"Calcifier_pH",-0.3,2.7,2.69701209247578
"ambiguous_dropped","all_data","Physiology",0.0046765478839018,"pH","pH","Calcifier","ZOO_STUDY_0497","ZOO_ES_002161","ZOO_COMMON_00856",3,"Calcifier_pH",-0.3,2.7,2.71506726503139
"ambiguous_dropped","all_data","Physiology",0,"pH","pH","Calcifier","ZOO_STUDY_0497","ZOO_ES_002162","ZOO_COMMON_00856",3,"Calcifier_pH",-0.3,2.7,2.68896419025259
"ambiguous_dropped","all_data","Physiology",-0.00711746776886399,"pH","pH","Calcifier","ZOO_STUDY_0497","ZOO_ES_002163","ZOO_COMMON_00852",3,"Calcifier_pH",-0.3,2.7,2.70353565966943
"ambiguous_dropped","all_data","Physiology",-0.0150378773645406,"pH","pH","Calcifier","ZOO_STUDY_0497","ZOO_ES_002164","ZOO_COMMON_00849",3,"Calcifier_pH",-0.3,2.7,2.6771064006025
"ambiguous_dropped","all_data","Physiology",-0.0458095360312942,"pH","pH","Calcifier","ZOO_STUDY_0497","ZOO_ES_002165","ZOO_COMMON_00849",3,"Calcifier_pH",-0.3,2.7,2.68453587277327
"ambiguous_dropped","all_data","Physiology",-0.0659579677917973,"pH","pH","Calcifier","ZOO_STUDY_0497","ZOO_ES_002166","ZOO_COMMON_00852",3,"Calcifier_pH",-0.3,2.7,2.71135432353476
"ambiguous_dropped","all_data","Physiology",0.356674943938732,"pH","pH","Calcifier","ZOO_STUDY_0497","ZOO_ES_002167","ZOO_COMMON_00857",3,"Calcifier_pH",-0.3,2.7,2.71633450251538
"ambiguous_dropped","all_data","Physiology",0.194156014440957,"pH","pH","Calcifier","ZOO_STUDY_0497","ZOO_ES_002168","ZOO_COMMON_00857",3,"Calcifier_pH",-0.3,2.7,2.70053605376743
"ambiguous_dropped","all_data","Physiology",-0.182321556793955,"pH","pH","Calcifier","ZOO_STUDY_0497","ZOO_ES_002169","ZOO_COMMON_00853",3,"Calcifier_pH",-0.3,2.7,2.70338630828774
"ambiguous_dropped","all_data","Physiology",-0.628608659422374,"pH","pH","Calcifier","ZOO_STUDY_0497","ZOO_ES_002170","ZOO_COMMON_00853",3,"Calcifier_pH",-0.3,2.7,2.67505779098719
"ambiguous_dropped","all_data","Physiology",-0.120985833560907,"pH","pH","Calcifier","ZOO_STUDY_0515","ZOO_ES_002175","ZOO_COMMON_00880",3,"Calcifier_pH",-0.3,2.7,2.68218890515855
"ambiguous_dropped","all_data","Physiology",-0.273293334999681,"pH","pH","Calcifier","ZOO_STUDY_0093","ZOO_ES_002182","ZOO_COMMON_00160",3,"Calcifier_pH",-0.3,2.7,2.71829835415119
"ambiguous_dropped","all_data","Physiology",-0.202524264111474,"pH","pH","Calcifier","ZOO_STUDY_0305","ZOO_ES_002296","ZOO_COMMON_00522",3,"Calcifier_pH",-0.3,2.7,2.67912805302767
"ambiguous_dropped","all_data","Physiology",-0.0645385211375712,"pH","pH","Calcifier","ZOO_STUDY_0337","ZOO_ES_002297","ZOO_COMMON_00572",3,"Calcifier_pH",-0.3,2.7,2.68722853410291
"ambiguous_dropped","all_data","Physiology",-0.108308196495169,"pH","pH","Calcifier","ZOO_STUDY_0110","ZOO_ES_002354","ZOO_COMMON_00189",3,"Calcifier_pH",-0.3,2.7,2.72407715787413
"ambiguous_dropped","all_data","Physiology",-0.220473322758331,"pH","pH","Calcifier","ZOO_STUDY_0170","ZOO_ES_002380","ZOO_COMMON_00296",3,"Calcifier_pH",-0.3,2.7,2.70387906397227
"ambiguous_dropped","all_data","Physiology",0.0465200156348929,"pH","pH","Calcifier","ZOO_STUDY_0181","ZOO_ES_002381","ZOO_COMMON_00314",3,"Calcifier_pH",-0.3,2.7,2.6874363182229
"ambiguous_dropped","all_data","Physiology",-0.177681177237452,"pH","pH","Calcifier","ZOO_STUDY_0181","ZOO_ES_002382","ZOO_COMMON_00315",3,"Calcifier_pH",-0.3,2.7,2.70574769768864
"ambiguous_dropped","all_data","Physiology",-0.641853886172395,"pH","pH","Calcifier","ZOO_STUDY_0182","ZOO_ES_002387","ZOO_COMMON_00317",3,"Calcifier_pH",-0.3,2.7,2.67658786603715
"ambiguous_dropped","all_data","Physiology",0.0295588022415444,"pH","pH","Calcifier","ZOO_STUDY_0197","ZOO_ES_002410","ZOO_COMMON_00348",3,"Calcifier_pH",-0.3,2.7,2.68232117721345
"ambiguous_dropped","all_data","Physiology",-0.34484048629173,"pH","pH","Calcifier","ZOO_STUDY_0257","ZOO_ES_002434","ZOO_COMMON_00434",3,"Calcifier_pH",-0.3,2.7,2.71015364869963
"ambiguous_dropped","all_data","Physiology",-0.161268147596122,"pH","pH","Calcifier","ZOO_STUDY_0328","ZOO_ES_002445","ZOO_COMMON_00559",3,"Calcifier_pH",-0.3,2.7,2.67827803542605
"ambiguous_dropped","all_data","Physiology",-0.269332933783584,"pH","pH","Calcifier","ZOO_STUDY_0328","ZOO_ES_002446","ZOO_COMMON_00560",3,"Calcifier_pH",-0.3,2.7,2.706090353115
"ambiguous_dropped","all_data","Physiology",-0.020834086902842,"pH","pH","Calcifier","ZOO_STUDY_0406","ZOO_ES_002460","ZOO_COMMON_00681",3,"Calcifier_pH",-0.3,2.7,2.72186636826955
"ambiguous_dropped","all_data","Physiology",-0.218002151813791,"pH","pH","Calcifier","ZOO_STUDY_0406","ZOO_ES_002461","ZOO_COMMON_00681",3,"Calcifier_pH",-0.3,2.7,2.6793947307393
"ambiguous_dropped","all_data","Physiology",-0.170345365747239,"pH","pH","Calcifier","ZOO_STUDY_0489","ZOO_ES_002503","ZOO_COMMON_00833",3,"Calcifier_pH",-0.3,2.7,2.72364017546643
"ambiguous_dropped","all_data","Physiology",-0.439366659783846,"pH","pH","Calcifier","ZOO_STUDY_0489","ZOO_ES_002504","ZOO_COMMON_00834",3,"Calcifier_pH",-0.3,2.7,2.67630053552566
"ambiguous_dropped","all_data","Physiology",-0.629603189588883,"pH","pH","Calcifier","ZOO_STUDY_0489","ZOO_ES_002505","ZOO_COMMON_00835",3,"Calcifier_pH",-0.3,2.7,2.71126139760017
"ambiguous_dropped","all_data","Physiology",0.169899036795397,"pH","pH","Calcifier","ZOO_STUDY_0494","ZOO_ES_002509","ZOO_COMMON_00843",3,"Calcifier_pH",-0.3,2.7,2.69768531958107
"ambiguous_dropped","all_data","Physiology",-0.27443684570176,"pH","pH","Calcifier","ZOO_STUDY_0109","ZOO_ES_002734","ZOO_COMMON_00188",3,"Calcifier_pH",-0.3,2.7,2.70330912024947
"ambiguous_dropped","all_data","Physiology",-0.53785429615391,"pH","pH","Calcifier","ZOO_STUDY_0109","ZOO_ES_002735","ZOO_COMMON_00188",3,"Calcifier_pH",-0.3,2.7,2.71863655231427
"ambiguous_dropped","all_data","Physiology",0.262364264467491,"T","T","Calcifier","ZOO_STUDY_0277","ZOO_ES_002813","ZOO_COMMON_00459",3,"Calcifier_T",-0.18,2.82,2.82272815898061
"ambiguous_dropped","all_data","Physiology",0.0645385211375712,"TpH","T + pH","Calcifier","ZOO_STUDY_0277","ZOO_ES_002814","ZOO_COMMON_00459",3,"Calcifier_T + pH",-0.06,2.94,2.95188261036295
"ambiguous_dropped","all_data","Physiology",0.268263986594679,"T","T","Calcifier","ZOO_STUDY_0277","ZOO_ES_002815","ZOO_COMMON_00459",3,"Calcifier_T",-0.18,2.82,2.8261564581003
"ambiguous_dropped","all_data","Physiology",0.0859424298007246,"TpH","T + pH","Calcifier","ZOO_STUDY_0277","ZOO_ES_002816","ZOO_COMMON_00459",3,"Calcifier_T + pH",-0.06,2.94,2.93055142028956
"ambiguous_dropped","all_data","Physiology",-0.145182009844498,"pH","pH","Calcifier","ZOO_STUDY_0303","ZOO_ES_002825","ZOO_COMMON_00519",3,"Calcifier_pH",-0.3,2.7,2.69460982423043
"ambiguous_dropped","all_data","Physiology",-0.0741079721537217,"pH","pH","Calcifier","ZOO_STUDY_0488","ZOO_ES_002850","ZOO_COMMON_00829",3,"Calcifier_pH",-0.3,2.7,2.68510437277146
"ambiguous_dropped","all_data","Physiology",-0.207639364778244,"pH","pH","Calcifier","ZOO_STUDY_0489","ZOO_ES_002852","ZOO_COMMON_00830",3,"Calcifier_pH",-0.3,2.7,2.71763901947998
"ambiguous_dropped","all_data","Physiology",-0.538996500732687,"pH","pH","Calcifier","ZOO_STUDY_0489","ZOO_ES_002853","ZOO_COMMON_00832",3,"Calcifier_pH",-0.3,2.7,2.70534150754102
"ambiguous_dropped","all_data","Physiology",-0.579818495252942,"pH","pH","Calcifier","ZOO_STUDY_0489","ZOO_ES_002854","ZOO_COMMON_00831",3,"Calcifier_pH",-0.3,2.7,2.71280490069184
"ambiguous_dropped","all_data","Physiology",1.44947326274142,"T","T","Calcifier","ZOO_STUDY_0494","ZOO_ES_002873","ZOO_COMMON_00844",3,"Calcifier_T",-0.18,2.82,2.82312584043713
"ambiguous_dropped","all_data","Physiology",1.41838267567139,"TpH","T + pH","Calcifier","ZOO_STUDY_0494","ZOO_ES_002874","ZOO_COMMON_00844",3,"Calcifier_T + pH",-0.06,2.94,2.9287949506403
"ambiguous_dropped","all_data","Physiology",0.0953101798043249,"T","T","Calcifier","ZOO_STUDY_0197","ZOO_ES_002882","ZOO_COMMON_00349",3,"Calcifier_T",-0.18,2.82,2.83177792018279
"ambiguous_dropped","all_data","Physiology",0.0723206615796261,"TpH","T + pH","Calcifier","ZOO_STUDY_0197","ZOO_ES_002883","ZOO_COMMON_00349",3,"Calcifier_T + pH",-0.06,2.94,2.94246398969321
"ambiguous_dropped","all_data","Physiology",-0.117783035656383,"T","T","Calcifier","ZOO_STUDY_0468","ZOO_ES_002890","ZOO_COMMON_00791",3,"Calcifier_T",-0.18,2.82,2.81230635219719
"ambiguous_dropped","all_data","Physiology",-0.165792254842744,"TpH","T + pH","Calcifier","ZOO_STUDY_0468","ZOO_ES_002891","ZOO_COMMON_00791",3,"Calcifier_T + pH",-0.06,2.94,2.94074828173965
"ambiguous_dropped","all_data","Physiology",-0.129976184444304,"pH","pH","Non-calcifier","ZOO_STUDY_0041","ZOO_ES_000097","ZOO_COMMON_00058",3,"Non-calcifier_pH",0.06,3.06,3.07578839737922
"ambiguous_dropped","all_data","Physiology",0.315679804154428,"T","T","Non-calcifier","ZOO_STUDY_0041","ZOO_ES_000098","ZOO_COMMON_00058",3,"Non-calcifier_T",0.18,3.18,3.18131362846587
"ambiguous_dropped","all_data","Physiology",0.347491632052266,"TpH","T + pH","Non-calcifier","ZOO_STUDY_0041","ZOO_ES_000099","ZOO_COMMON_00058",3,"Non-calcifier_T + pH",0.3,3.3,3.28515200249385
"ambiguous_dropped","all_data","Physiology",-0.313416297054661,"pH","pH","Non-calcifier","ZOO_STUDY_0236","ZOO_ES_000452","ZOO_COMMON_00403",3,"Non-calcifier_pH",0.06,3.06,3.07740538402228
"ambiguous_dropped","all_data","Physiology",-0.37562402377084,"T","T","Non-calcifier","ZOO_STUDY_0236","ZOO_ES_000453","ZOO_COMMON_00403",3,"Non-calcifier_T",0.18,3.18,3.17352471075254
"ambiguous_dropped","all_data","Physiology",-0.28345913467596,"T","T","Non-calcifier","ZOO_STUDY_0236","ZOO_ES_000455","ZOO_COMMON_00403",3,"Non-calcifier_T",0.18,3.18,3.1701662585442
"ambiguous_dropped","all_data","Physiology",-0.252881212776899,"T","T","Non-calcifier","ZOO_STUDY_0236","ZOO_ES_000456","ZOO_COMMON_00403",3,"Non-calcifier_T",0.18,3.18,3.19352985234698
"ambiguous_dropped","all_data","Physiology",-0.386602846056424,"TpH","T + pH","Non-calcifier","ZOO_STUDY_0236","ZOO_ES_000457","ZOO_COMMON_00403",3,"Non-calcifier_T + pH",0.3,3.3,3.31167242774973
"ambiguous_dropped","all_data","Physiology",-0.134413010940919,"TpH","T + pH","Non-calcifier","ZOO_STUDY_0236","ZOO_ES_000458","ZOO_COMMON_00403",3,"Non-calcifier_T + pH",0.3,3.3,3.31694529991364
"ambiguous_dropped","all_data","Physiology",-0.113286684088962,"TpH","T + pH","Non-calcifier","ZOO_STUDY_0236","ZOO_ES_000459","ZOO_COMMON_00403",3,"Non-calcifier_T + pH",0.3,3.3,3.30345244212076
"ambiguous_dropped","all_data","Physiology",-0.168640325903251,"pH","pH","Non-calcifier","ZOO_STUDY_0272","ZOO_ES_000516","ZOO_COMMON_00452",3,"Non-calcifier_pH",0.06,3.06,3.03631404191488
"ambiguous_dropped","all_data","Physiology",-0.282784666306329,"T","T","Non-calcifier","ZOO_STUDY_0272","ZOO_ES_000517","ZOO_COMMON_00452",3,"Non-calcifier_T",0.18,3.18,3.17930636141216
"ambiguous_dropped","all_data","Physiology",-0.270501692595796,"TpH","T + pH","Non-calcifier","ZOO_STUDY_0272","ZOO_ES_000518","ZOO_COMMON_00452",3,"Non-calcifier_T + pH",0.3,3.3,3.30213405163959
"ambiguous_dropped","all_data","Physiology",-0.194441624358139,"pH","pH","Non-calcifier","ZOO_STUDY_0281","ZOO_ES_000528","ZOO_COMMON_00470",3,"Non-calcifier_pH",0.06,3.06,3.07683300584555
"ambiguous_dropped","all_data","Physiology",0.272508895585019,"T","T","Non-calcifier","ZOO_STUDY_0281","ZOO_ES_000529","ZOO_COMMON_00470",3,"Non-calcifier_T",0.18,3.18,3.19143322690623
"ambiguous_dropped","all_data","Physiology",0.387898840309809,"T","T","Non-calcifier","ZOO_STUDY_0281","ZOO_ES_000530","ZOO_COMMON_00470",3,"Non-calcifier_T",0.18,3.18,3.18275569034275
"ambiguous_dropped","all_data","Physiology",0.293677581405703,"TpH","T + pH","Non-calcifier","ZOO_STUDY_0281","ZOO_ES_000531","ZOO_COMMON_00470",3,"Non-calcifier_T + pH",0.3,3.3,3.2786707198713
"ambiguous_dropped","all_data","Physiology",0.34046851963847,"TpH","T + pH","Non-calcifier","ZOO_STUDY_0281","ZOO_ES_000532","ZOO_COMMON_00470",3,"Non-calcifier_T + pH",0.3,3.3,3.28182511496125
"ambiguous_dropped","all_data","Physiology",-0.0395860766940647,"pH","pH","Non-calcifier","ZOO_STUDY_0394","ZOO_ES_000747","ZOO_COMMON_00660",3,"Non-calcifier_pH",0.06,3.06,3.06923043481307
"ambiguous_dropped","all_data","Physiology",0.0169783365344178,"T","T","Non-calcifier","ZOO_STUDY_0394","ZOO_ES_000748","ZOO_COMMON_00660",3,"Non-calcifier_T",0.18,3.18,3.15998109681066
"ambiguous_dropped","all_data","Physiology",-0.00228571528085595,"TpH","T + pH","Non-calcifier","ZOO_STUDY_0394","ZOO_ES_000749","ZOO_COMMON_00660",3,"Non-calcifier_T + pH",0.3,3.3,3.28518929525744
"ambiguous_dropped","all_data","Physiology",-0.0419951210366033,"pH","pH","Non-calcifier","ZOO_STUDY_0394","ZOO_ES_000750","ZOO_COMMON_00660",3,"Non-calcifier_pH",0.06,3.06,3.05329900691519
"ambiguous_dropped","all_data","Physiology",0.0350913198112702,"T","T","Non-calcifier","ZOO_STUDY_0394","ZOO_ES_000751","ZOO_COMMON_00660",3,"Non-calcifier_T",0.18,3.18,3.1973097878811
"ambiguous_dropped","all_data","Physiology",0.00969312920565975,"TpH","T + pH","Non-calcifier","ZOO_STUDY_0394","ZOO_ES_000752","ZOO_COMMON_00660",3,"Non-calcifier_T + pH",0.3,3.3,3.2868436297751
"ambiguous_dropped","all_data","Physiology",0.793230639116928,"pH","pH","Non-calcifier","ZOO_STUDY_0007","ZOO_ES_001154","ZOO_COMMON_00008",3,"Non-calcifier_pH",0.06,3.06,3.07024389252998
"ambiguous_dropped","all_data","Physiology",-0.687490974772356,"pH","pH","Non-calcifier","ZOO_STUDY_0008","ZOO_ES_001155","ZOO_COMMON_00010",3,"Non-calcifier_pH",0.06,3.06,3.04038044153946
"ambiguous_dropped","all_data","Physiology",0.16977294043136,"pH","pH","Non-calcifier","ZOO_STUDY_0008","ZOO_ES_001156","ZOO_COMMON_00010",3,"Non-calcifier_pH",0.06,3.06,3.07395344343036
"ambiguous_dropped","all_data","Physiology",-0.8609277274637,"pH","pH","Non-calcifier","ZOO_STUDY_0008","ZOO_ES_001157","ZOO_COMMON_00010",3,"Non-calcifier_pH",0.06,3.06,3.04775528416736
"ambiguous_dropped","all_data","Physiology",0.0223295402018945,"pH","pH","Non-calcifier","ZOO_STUDY_0208","ZOO_ES_001158","ZOO_COMMON_00362",3,"Non-calcifier_pH",0.06,3.06,3.06240216630045
"ambiguous_dropped","all_data","Physiology",0.148420005118273,"pH","pH","Non-calcifier","ZOO_STUDY_0225","ZOO_ES_001159","ZOO_COMMON_00386",3,"Non-calcifier_pH",0.06,3.06,3.0366950760386
"ambiguous_dropped","all_data","Physiology",-0.828692672556169,"pH","pH","Non-calcifier","ZOO_STUDY_0473","ZOO_ES_001160","ZOO_COMMON_00800",3,"Non-calcifier_pH",0.06,3.06,3.0753054738068
"ambiguous_dropped","all_data","Physiology",-0.148532687523035,"pH","pH","Non-calcifier","ZOO_STUDY_0473","ZOO_ES_001161","ZOO_COMMON_00800",3,"Non-calcifier_pH",0.06,3.06,3.05188764035935
"ambiguous_dropped","all_data","Physiology",-0.553181143887909,"pH","pH","Non-calcifier","ZOO_STUDY_0473","ZOO_ES_001162","ZOO_COMMON_00800",3,"Non-calcifier_pH",0.06,3.06,3.0808142929012
"ambiguous_dropped","all_data","Physiology",-0.0741079721537218,"pH","pH","Non-calcifier","ZOO_STUDY_0225","ZOO_ES_001163","ZOO_COMMON_00388",3,"Non-calcifier_pH",0.06,3.06,3.05285532089416
"ambiguous_dropped","all_data","Physiology",0.0377192284852048,"pH","pH","Non-calcifier","ZOO_STUDY_0289","ZOO_ES_001164","ZOO_COMMON_00486",3,"Non-calcifier_pH",0.06,3.06,3.08376825065585
"ambiguous_dropped","all_data","Physiology",0.093685484077323,"T","T","Non-calcifier","ZOO_STUDY_0132","ZOO_ES_001165","ZOO_COMMON_00228",3,"Non-calcifier_T",0.18,3.18,3.17421892613173
"ambiguous_dropped","all_data","Physiology",-0.198450938723838,"T","T","Non-calcifier","ZOO_STUDY_0132","ZOO_ES_001166","ZOO_COMMON_00228",3,"Non-calcifier_T",0.18,3.18,3.17943367675878
"ambiguous_dropped","all_data","Physiology",-0.176661745507173,"T","T","Non-calcifier","ZOO_STUDY_0164","ZOO_ES_001167","ZOO_COMMON_00287",3,"Non-calcifier_T",0.18,3.18,3.17953881156398
"ambiguous_dropped","all_data","Physiology",-0.0362165398647763,"T","T","Non-calcifier","ZOO_STUDY_0227","ZOO_ES_001168","ZOO_COMMON_00392",3,"Non-calcifier_T",0.18,3.18,3.15561273120809
"ambiguous_dropped","all_data","Physiology",0.22024733758725,"T","T","Non-calcifier","ZOO_STUDY_0227","ZOO_ES_001169","ZOO_COMMON_00392",3,"Non-calcifier_T",0.18,3.18,3.18707366003189
"ambiguous_dropped","all_data","Physiology",-0.0411882702303024,"T","T","Non-calcifier","ZOO_STUDY_0227","ZOO_ES_001170","ZOO_COMMON_00392",3,"Non-calcifier_T",0.18,3.18,3.18062874858268
"ambiguous_dropped","all_data","Physiology",0.506222800776795,"T","T","Non-calcifier","ZOO_STUDY_0284","ZOO_ES_001171","ZOO_COMMON_00480",3,"Non-calcifier_T",0.18,3.18,3.17101760591147
"ambiguous_dropped","all_data","Physiology",0.273935962427341,"T","T","Non-calcifier","ZOO_STUDY_0314","ZOO_ES_001172","ZOO_COMMON_00535",3,"Non-calcifier_T",0.18,3.18,3.18407165788347
"ambiguous_dropped","all_data","Physiology",2.34896321867139,"T","T","Non-calcifier","ZOO_STUDY_0314","ZOO_ES_001173","ZOO_COMMON_00535",3,"Non-calcifier_T",0.18,3.18,3.1858672204148
"ambiguous_dropped","all_data","Physiology",-1.89089528184882,"T","T","Non-calcifier","ZOO_STUDY_0314","ZOO_ES_001174","ZOO_COMMON_00535",3,"Non-calcifier_T",0.18,3.18,3.17691372688394
"ambiguous_dropped","all_data","Physiology",-1.73371715423687,"T","T","Non-calcifier","ZOO_STUDY_0314","ZOO_ES_001175","ZOO_COMMON_00535",3,"Non-calcifier_T",0.18,3.18,3.16351844903082
"ambiguous_dropped","all_data","Physiology",1.21785426600442,"T","T","Non-calcifier","ZOO_STUDY_0314","ZOO_ES_001176","ZOO_COMMON_00535",3,"Non-calcifier_T",0.18,3.18,3.19075402483111
"ambiguous_dropped","all_data","Physiology",0.0969618614867552,"T","T","Non-calcifier","ZOO_STUDY_0314","ZOO_ES_001177","ZOO_COMMON_00535",3,"Non-calcifier_T",0.18,3.18,3.19238932743436
"ambiguous_dropped","all_data","Physiology",2.1477753135514,"T","T","Non-calcifier","ZOO_STUDY_0314","ZOO_ES_001178","ZOO_COMMON_00535",3,"Non-calcifier_T",0.18,3.18,3.19719573540613
"ambiguous_dropped","all_data","Physiology",0.968769486615311,"T","T","Non-calcifier","ZOO_STUDY_0314","ZOO_ES_001179","ZOO_COMMON_00535",3,"Non-calcifier_T",0.18,3.18,3.18173795234878
"ambiguous_dropped","all_data","Physiology",0.0816780319185225,"T","T","Non-calcifier","ZOO_STUDY_0487","ZOO_ES_001180","ZOO_COMMON_00827",3,"Non-calcifier_T",0.18,3.18,3.17011176307686
"ambiguous_dropped","all_data","Physiology",-0.449589923547881,"T","T","Non-calcifier","ZOO_STUDY_0487","ZOO_ES_001181","ZOO_COMMON_00827",3,"Non-calcifier_T",0.18,3.18,3.17782590910327
"ambiguous_dropped","all_data","Physiology",-0.733152535581808,"pH","pH","Non-calcifier","ZOO_STUDY_0473","ZOO_ES_001182","ZOO_COMMON_00799",3,"Non-calcifier_pH",0.06,3.06,3.05421712672338
"ambiguous_dropped","all_data","Physiology",-0.202524284519638,"pH","pH","Non-calcifier","ZOO_STUDY_0473","ZOO_ES_001183","ZOO_COMMON_00799",3,"Non-calcifier_pH",0.06,3.06,3.04745234273374
"ambiguous_dropped","all_data","Physiology",-0.0742800743828705,"pH","pH","Non-calcifier","ZOO_STUDY_0473","ZOO_ES_001184","ZOO_COMMON_00800",3,"Non-calcifier_pH",0.06,3.06,3.06773133723997
"ambiguous_dropped","all_data","Physiology",0.68117098951323,"pH","pH","Non-calcifier","ZOO_STUDY_0473","ZOO_ES_001185","ZOO_COMMON_00800",3,"Non-calcifier_pH",0.06,3.06,3.08276618508622
"ambiguous_dropped","all_data","Physiology",0.0802435310500524,"pH","pH","Non-calcifier","ZOO_STUDY_0473","ZOO_ES_001186","ZOO_COMMON_00800",3,"Non-calcifier_pH",0.06,3.06,3.04955414786469
"ambiguous_dropped","all_data","Physiology",0.272740492453582,"pH","pH","Non-calcifier","ZOO_STUDY_0473","ZOO_ES_001187","ZOO_COMMON_00800",3,"Non-calcifier_pH",0.06,3.06,3.0675094543281
"ambiguous_dropped","all_data","Physiology",-0.317867048790179,"pH","pH","Non-calcifier","ZOO_STUDY_0473","ZOO_ES_001188","ZOO_COMMON_00800",3,"Non-calcifier_pH",0.06,3.06,3.06181799654383
"ambiguous_dropped","all_data","Physiology",-1.27808077647966,"pH","pH","Non-calcifier","ZOO_STUDY_0473","ZOO_ES_001189","ZOO_COMMON_00798",3,"Non-calcifier_pH",0.06,3.06,3.06487259333022
"ambiguous_dropped","all_data","Physiology",-1.00926718833226,"pH","pH","Non-calcifier","ZOO_STUDY_0473","ZOO_ES_001190","ZOO_COMMON_00798",3,"Non-calcifier_pH",0.06,3.06,3.03624491347233
"ambiguous_dropped","all_data","Physiology",-1.11556184698188,"pH","pH","Non-calcifier","ZOO_STUDY_0473","ZOO_ES_001191","ZOO_COMMON_00798",3,"Non-calcifier_pH",0.06,3.06,3.03524208697723
"ambiguous_dropped","all_data","Physiology",0.249092083378633,"pH","pH","Non-calcifier","ZOO_STUDY_0473","ZOO_ES_001192","ZOO_COMMON_00801",3,"Non-calcifier_pH",0.06,3.06,3.04156891271938
"ambiguous_dropped","all_data","Physiology",0.486532939393667,"pH","pH","Non-calcifier","ZOO_STUDY_0473","ZOO_ES_001193","ZOO_COMMON_00801",3,"Non-calcifier_pH",0.06,3.06,3.03624085518764
"ambiguous_dropped","all_data","Physiology",0.535723183584439,"pH","pH","Non-calcifier","ZOO_STUDY_0473","ZOO_ES_001194","ZOO_COMMON_00801",3,"Non-calcifier_pH",0.06,3.06,3.03960647259606
"ambiguous_dropped","all_data","Physiology",-0.308301403976514,"T","T","Non-calcifier","ZOO_STUDY_0226","ZOO_ES_001195","ZOO_COMMON_00391",3,"Non-calcifier_T",0.18,3.18,3.17877791120671
"ambiguous_dropped","all_data","Physiology",-0.325422337067105,"T","T","Non-calcifier","ZOO_STUDY_0226","ZOO_ES_001196","ZOO_COMMON_00391",3,"Non-calcifier_T",0.18,3.18,3.16483283806127
"ambiguous_dropped","all_data","Physiology",-0.648975022435154,"T","T","Non-calcifier","ZOO_STUDY_0016","ZOO_ES_001197","ZOO_COMMON_00024",3,"Non-calcifier_T",0.18,3.18,3.19573369742837
"ambiguous_dropped","all_data","Physiology",-1.00197165981964,"T","T","Non-calcifier","ZOO_STUDY_0016","ZOO_ES_001198","ZOO_COMMON_00024",3,"Non-calcifier_T",0.18,3.18,3.16720296140527
"ambiguous_dropped","all_data","Physiology",-0.0260177382470306,"pH","pH","Non-calcifier","ZOO_STUDY_0418","ZOO_ES_001199","ZOO_COMMON_00704",3,"Non-calcifier_pH",0.06,3.06,3.05944038189715
"ambiguous_dropped","all_data","Physiology",-0.167532372766107,"pH","pH","Non-calcifier","ZOO_STUDY_0418","ZOO_ES_001200","ZOO_COMMON_00704",3,"Non-calcifier_pH",0.06,3.06,3.06744412398199
"ambiguous_dropped","all_data","Physiology",0.0269739869200167,"pH","pH","Non-calcifier","ZOO_STUDY_0418","ZOO_ES_001201","ZOO_COMMON_00704",3,"Non-calcifier_pH",0.06,3.06,3.04293582350016
"ambiguous_dropped","all_data","Physiology",0.0881812875712755,"pH","pH","Non-calcifier","ZOO_STUDY_0418","ZOO_ES_001202","ZOO_COMMON_00704",3,"Non-calcifier_pH",0.06,3.06,3.07684889554745
"ambiguous_dropped","all_data","Physiology",-0.410863794573997,"pH","pH","Non-calcifier","ZOO_STUDY_0418","ZOO_ES_001203","ZOO_COMMON_00704",3,"Non-calcifier_pH",0.06,3.06,3.05682982648956
"ambiguous_dropped","all_data","Physiology",-0.0433297191108941,"pH","pH","Non-calcifier","ZOO_STUDY_0418","ZOO_ES_001204","ZOO_COMMON_00704",3,"Non-calcifier_pH",0.06,3.06,3.04667477625422
"ambiguous_dropped","all_data","Physiology",-0.33860592254918,"pH","pH","Non-calcifier","ZOO_STUDY_0418","ZOO_ES_001205","ZOO_COMMON_00704",3,"Non-calcifier_pH",0.06,3.06,3.0499427996017
"ambiguous_dropped","all_data","Physiology",-0.399703078777993,"pH","pH","Non-calcifier","ZOO_STUDY_0418","ZOO_ES_001206","ZOO_COMMON_00704",3,"Non-calcifier_pH",0.06,3.06,3.04297106684186
"ambiguous_dropped","all_data","Physiology",-0.440953985197617,"pH","pH","Non-calcifier","ZOO_STUDY_0472","ZOO_ES_001207","ZOO_COMMON_00797",3,"Non-calcifier_pH",0.06,3.06,3.06427835520823
"ambiguous_dropped","all_data","Physiology",-0.403415342398765,"pH","pH","Non-calcifier","ZOO_STUDY_0472","ZOO_ES_001208","ZOO_COMMON_00796",3,"Non-calcifier_pH",0.06,3.06,3.04243889885489
"ambiguous_dropped","all_data","Physiology",0.0698464227202472,"pH","pH","Non-calcifier","ZOO_STUDY_0472","ZOO_ES_001209","ZOO_COMMON_00796",3,"Non-calcifier_pH",0.06,3.06,3.04395297798561
"ambiguous_dropped","all_data","Physiology",0.0958086421889833,"pH","pH","Non-calcifier","ZOO_STUDY_0539","ZOO_ES_001210","ZOO_COMMON_00913",3,"Non-calcifier_pH",0.06,3.06,3.05196107524913
"ambiguous_dropped","all_data","Physiology",0.305730193443658,"T","T","Non-calcifier","ZOO_STUDY_0426","ZOO_ES_001211","ZOO_COMMON_00721",3,"Non-calcifier_T",0.18,3.18,3.16419509694213
"ambiguous_dropped","all_data","Physiology",0.34313326179363,"T","T","Non-calcifier","ZOO_STUDY_0426","ZOO_ES_001212","ZOO_COMMON_00721",3,"Non-calcifier_T",0.18,3.18,3.17527707610978
"ambiguous_dropped","all_data","Physiology",0.756923209314329,"T","T","Non-calcifier","ZOO_STUDY_0426","ZOO_ES_001213","ZOO_COMMON_00721",3,"Non-calcifier_T",0.18,3.18,3.18567798091797
"ambiguous_dropped","all_data","Physiology",0.266764217493688,"T","T","Non-calcifier","ZOO_STUDY_0426","ZOO_ES_001214","ZOO_COMMON_00721",3,"Non-calcifier_T",0.18,3.18,3.18928356671939
"ambiguous_dropped","all_data","Physiology",1.34166212354218,"T","T","Non-calcifier","ZOO_STUDY_0426","ZOO_ES_001215","ZOO_COMMON_00721",3,"Non-calcifier_T",0.18,3.18,3.19617628000677
"ambiguous_dropped","all_data","Physiology",0.747214480923789,"T","T","Non-calcifier","ZOO_STUDY_0426","ZOO_ES_001216","ZOO_COMMON_00721",3,"Non-calcifier_T",0.18,3.18,3.1736991056893
"ambiguous_dropped","all_data","Physiology",-0.326378423451994,"T","T","Non-calcifier","ZOO_STUDY_0070","ZOO_ES_001217","ZOO_COMMON_00109",3,"Non-calcifier_T",0.18,3.18,3.20264205022948
"ambiguous_dropped","all_data","Physiology",-0.222252682658408,"T","T","Non-calcifier","ZOO_STUDY_0070","ZOO_ES_001218","ZOO_COMMON_00110",3,"Non-calcifier_T",0.18,3.18,3.15594160794979
"ambiguous_dropped","all_data","Physiology",-0.325082169969976,"T","T","Non-calcifier","ZOO_STUDY_0070","ZOO_ES_001219","ZOO_COMMON_00111",3,"Non-calcifier_T",0.18,3.18,3.18561874861596
"ambiguous_dropped","all_data","Physiology",-0.456636294918788,"T","T","Non-calcifier","ZOO_STUDY_0100","ZOO_ES_001220","ZOO_COMMON_00174",3,"Non-calcifier_T",0.18,3.18,3.17817868819227
"ambiguous_dropped","all_data","Physiology",-0.686004293047565,"T","T","Non-calcifier","ZOO_STUDY_0100","ZOO_ES_001221","ZOO_COMMON_00173",3,"Non-calcifier_T",0.18,3.18,3.17273648102535
"ambiguous_dropped","all_data","Physiology",-0.363745788854125,"T","T","Non-calcifier","ZOO_STUDY_0071","ZOO_ES_001222","ZOO_COMMON_00112",3,"Non-calcifier_T",0.18,3.18,3.19912115144078
"ambiguous_dropped","all_data","Physiology",-0.510285014001931,"pH","pH","Non-calcifier","ZOO_STUDY_0225","ZOO_ES_001223","ZOO_COMMON_00389",3,"Non-calcifier_pH",0.06,3.06,3.03879014292266
"ambiguous_dropped","all_data","Physiology",-0.16931890130043,"pH","pH","Non-calcifier","ZOO_STUDY_0225","ZOO_ES_001224","ZOO_COMMON_00387",3,"Non-calcifier_pH",0.06,3.06,3.07916455958271
"ambiguous_dropped","all_data","Physiology",-0.29228401338515,"pH","pH","Non-calcifier","ZOO_STUDY_0537","ZOO_ES_001225","ZOO_COMMON_00911",3,"Non-calcifier_pH",0.06,3.06,3.04441109178821
"ambiguous_dropped","all_data","Physiology",-0.44971322137153,"T","T","Non-calcifier","ZOO_STUDY_0227","ZOO_ES_001226","ZOO_COMMON_00393",3,"Non-calcifier_T",0.18,3.18,3.16575333734043
"ambiguous_dropped","all_data","Physiology",-1.02981903845956,"T","T","Non-calcifier","ZOO_STUDY_0227","ZOO_ES_001227","ZOO_COMMON_00393",3,"Non-calcifier_T",0.18,3.18,3.19847661457723
"ambiguous_dropped","all_data","Physiology",-0.725763508636744,"T","T","Non-calcifier","ZOO_STUDY_0227","ZOO_ES_001228","ZOO_COMMON_00393",3,"Non-calcifier_T",0.18,3.18,3.15804190281313
"ambiguous_dropped","all_data","Physiology",-0.453726662485522,"T","T","Non-calcifier","ZOO_STUDY_0273","ZOO_ES_001229","ZOO_COMMON_00454",3,"Non-calcifier_T",0.18,3.18,3.16674498003675
"ambiguous_dropped","all_data","Physiology",-0.543263910391553,"T","T","Non-calcifier","ZOO_STUDY_0273","ZOO_ES_001230","ZOO_COMMON_00454",3,"Non-calcifier_T",0.18,3.18,3.2046507756412
"ambiguous_dropped","all_data","Physiology",-0.688770956393664,"T","T","Non-calcifier","ZOO_STUDY_0273","ZOO_ES_001231","ZOO_COMMON_00454",3,"Non-calcifier_T",0.18,3.18,3.18890988638857
"ambiguous_dropped","all_data","Physiology",-0.87587675540187,"T","T","Non-calcifier","ZOO_STUDY_0273","ZOO_ES_001232","ZOO_COMMON_00454",3,"Non-calcifier_T",0.18,3.18,3.17677434002515
"ambiguous_dropped","all_data","Physiology",0.156160730370261,"pH","pH","Non-calcifier","ZOO_STUDY_0322","ZOO_ES_001543","ZOO_COMMON_00549",3,"Non-calcifier_pH",0.06,3.06,3.05386549709598
"ambiguous_dropped","all_data","Physiology",0.168136921405598,"pH","pH","Non-calcifier","ZOO_STUDY_0322","ZOO_ES_001544","ZOO_COMMON_00549",3,"Non-calcifier_pH",0.06,3.06,3.05805920121726
"ambiguous_dropped","all_data","Physiology",0.135545491834025,"pH","pH","Non-calcifier","ZOO_STUDY_0322","ZOO_ES_001547","ZOO_COMMON_00549",3,"Non-calcifier_pH",0.06,3.06,3.07509259358281
"ambiguous_dropped","all_data","Physiology",0.25489224983672,"pH","pH","Non-calcifier","ZOO_STUDY_0322","ZOO_ES_001548","ZOO_COMMON_00549",3,"Non-calcifier_pH",0.06,3.06,3.06814834876219
"ambiguous_dropped","all_data","Physiology",-0.223143550983257,"pH","pH","Non-calcifier","ZOO_STUDY_0504","ZOO_ES_001628","ZOO_COMMON_00866",3,"Non-calcifier_pH",0.06,3.06,3.05830018320354
"ambiguous_dropped","all_data","Physiology",-0.145711811348891,"pH","pH","Non-calcifier","ZOO_STUDY_0504","ZOO_ES_001629","ZOO_COMMON_00866",3,"Non-calcifier_pH",0.06,3.06,3.03766297182534
"ambiguous_dropped","all_data","Physiology",-0.126751706009157,"pH","pH","Non-calcifier","ZOO_STUDY_0504","ZOO_ES_001630","ZOO_COMMON_00866",3,"Non-calcifier_pH",0.06,3.06,3.04685989591759
"ambiguous_dropped","all_data","Physiology",0.0160775167384025,"pH","pH","Non-calcifier","ZOO_STUDY_0476","ZOO_ES_001650","ZOO_COMMON_00805",3,"Non-calcifier_pH",0.06,3.06,3.04666198687861
"ambiguous_dropped","all_data","Physiology",1.1699493779911,"T","T","Non-calcifier","ZOO_STUDY_0102","ZOO_ES_001699","ZOO_COMMON_00178",3,"Non-calcifier_T",0.18,3.18,3.16653268003836
"ambiguous_dropped","all_data","Physiology",-0.451416979620943,"T","T","Non-calcifier","ZOO_STUDY_0142","ZOO_ES_001700","ZOO_COMMON_00243",3,"Non-calcifier_T",0.18,3.18,3.15808631369844
"ambiguous_dropped","all_data","Physiology",-0.298666300450441,"pH","pH","Non-calcifier","ZOO_STUDY_0154","ZOO_ES_001701","ZOO_COMMON_00263",3,"Non-calcifier_pH",0.06,3.06,3.05985593046295
"ambiguous_dropped","all_data","Physiology",-0.295417851036765,"pH","pH","Non-calcifier","ZOO_STUDY_0154","ZOO_ES_001702","ZOO_COMMON_00262",3,"Non-calcifier_pH",0.06,3.06,3.04720625443384
"ambiguous_dropped","all_data","Physiology",-0.205692633785598,"pH","pH","Non-calcifier","ZOO_STUDY_0154","ZOO_ES_001703","ZOO_COMMON_00263",3,"Non-calcifier_pH",0.06,3.06,3.07290927694645
"ambiguous_dropped","all_data","Physiology",-0.261480114197996,"pH","pH","Non-calcifier","ZOO_STUDY_0154","ZOO_ES_001704","ZOO_COMMON_00262",3,"Non-calcifier_pH",0.06,3.06,3.06236513387645
"ambiguous_dropped","all_data","Physiology",-0.13479582202937,"pH","pH","Non-calcifier","ZOO_STUDY_0154","ZOO_ES_001705","ZOO_COMMON_00263",3,"Non-calcifier_pH",0.06,3.06,3.08240334481467
"ambiguous_dropped","all_data","Physiology",-0.0734305568618692,"pH","pH","Non-calcifier","ZOO_STUDY_0154","ZOO_ES_001706","ZOO_COMMON_00263",3,"Non-calcifier_pH",0.06,3.06,3.03930860961787
"ambiguous_dropped","all_data","Physiology",1.13392664079003,"pH","pH","Non-calcifier","ZOO_STUDY_0155","ZOO_ES_001707","ZOO_COMMON_00264",3,"Non-calcifier_pH",0.06,3.06,3.08239412924973
"ambiguous_dropped","all_data","Physiology",0.0498009414849004,"pH","pH","Non-calcifier","ZOO_STUDY_0223","ZOO_ES_001708","ZOO_COMMON_00384",3,"Non-calcifier_pH",0.06,3.06,3.07111994340317
"ambiguous_dropped","all_data","Physiology",-0.383714922371412,"pH","pH","Non-calcifier","ZOO_STUDY_0228","ZOO_ES_001709","ZOO_COMMON_00395",3,"Non-calcifier_pH",0.06,3.06,3.08110023023561
"ambiguous_dropped","all_data","Physiology",0.166192809382039,"pH","pH","Non-calcifier","ZOO_STUDY_0295","ZOO_ES_001710","ZOO_COMMON_00496",3,"Non-calcifier_pH",0.06,3.06,3.0656920471834
"ambiguous_dropped","all_data","Physiology",0.561557005578807,"pH","pH","Non-calcifier","ZOO_STUDY_0295","ZOO_ES_001711","ZOO_COMMON_00495",3,"Non-calcifier_pH",0.06,3.06,3.04304832506692
"ambiguous_dropped","all_data","Physiology",-0.0460129153810543,"pH","pH","Non-calcifier","ZOO_STUDY_0295","ZOO_ES_001712","ZOO_COMMON_00497",3,"Non-calcifier_pH",0.06,3.06,3.04414703460876
"ambiguous_dropped","all_data","Physiology",-0.31055026335544,"pH","pH","Non-calcifier","ZOO_STUDY_0351","ZOO_ES_001716","ZOO_COMMON_00593",3,"Non-calcifier_pH",0.06,3.06,3.07150917810155
"ambiguous_dropped","all_data","Physiology",0.113986796551552,"pH","pH","Non-calcifier","ZOO_STUDY_0364","ZOO_ES_001717","ZOO_COMMON_00613",3,"Non-calcifier_pH",0.06,3.06,3.06447628252441
"ambiguous_dropped","all_data","Physiology",0.431622429224173,"pH","pH","Non-calcifier","ZOO_STUDY_0364","ZOO_ES_001718","ZOO_COMMON_00613",3,"Non-calcifier_pH",0.06,3.06,3.05062411813065
"ambiguous_dropped","all_data","Physiology",-0.41445780240353,"pH","pH","Non-calcifier","ZOO_STUDY_0364","ZOO_ES_001719","ZOO_COMMON_00613",3,"Non-calcifier_pH",0.06,3.06,3.07363971994724
"ambiguous_dropped","all_data","Physiology",-0.0418639751617728,"pH","pH","Non-calcifier","ZOO_STUDY_0421","ZOO_ES_001723","ZOO_COMMON_00713",3,"Non-calcifier_pH",0.06,3.06,3.05181491010822
"ambiguous_dropped","all_data","Physiology",0.488878683691196,"T","T","Non-calcifier","ZOO_STUDY_0479","ZOO_ES_001724","ZOO_COMMON_00814",3,"Non-calcifier_T",0.18,3.18,3.19778383455239
"ambiguous_dropped","all_data","Physiology",-0.0198484658531719,"pH","pH","Non-calcifier","ZOO_STUDY_0498","ZOO_ES_001725","ZOO_COMMON_00858",3,"Non-calcifier_pH",0.06,3.06,3.06402642467525
"ambiguous_dropped","all_data","Physiology",0.26801634884355,"T","T","Non-calcifier","ZOO_STUDY_0498","ZOO_ES_001726","ZOO_COMMON_00858",3,"Non-calcifier_T",0.18,3.18,3.17578613257036
"ambiguous_dropped","all_data","Physiology",-0.0338465028136832,"TpH","T + pH","Non-calcifier","ZOO_STUDY_0498","ZOO_ES_001727","ZOO_COMMON_00858",3,"Non-calcifier_T + pH",0.3,3.3,3.32162863926496
"ambiguous_dropped","all_data","Physiology",-0.492476485097794,"T","T","Non-calcifier","ZOO_STUDY_0095","ZOO_ES_002574","ZOO_COMMON_00163",3,"Non-calcifier_T",0.18,3.18,3.17813494207338
"ambiguous_dropped","all_data","Physiology",-1.12678316563481,"TpH","T + pH","Non-calcifier","ZOO_STUDY_0095","ZOO_ES_002575","ZOO_COMMON_00163",3,"Non-calcifier_T + pH",0.3,3.3,3.27996731649619
"ambiguous_dropped","all_data","Physiology",-0.110295315943676,"TpH","T + pH","Non-calcifier","ZOO_STUDY_0101","ZOO_ES_002579","ZOO_COMMON_00175",3,"Non-calcifier_T + pH",0.3,3.3,3.2982724681613
"ambiguous_dropped","all_data","Physiology",-0.205313634825338,"T","T","Non-calcifier","ZOO_STUDY_0101","ZOO_ES_002580","ZOO_COMMON_00175",3,"Non-calcifier_T",0.18,3.18,3.20420419288101
"ambiguous_dropped","all_data","Physiology",0.484892241739486,"TpH","T + pH","Non-calcifier","ZOO_STUDY_0237","ZOO_ES_002597","ZOO_COMMON_00404",3,"Non-calcifier_T + pH",0.3,3.3,3.32126364329597
"ambiguous_dropped","all_data","Physiology",0.113328685307003,"T","T","Non-calcifier","ZOO_STUDY_0237","ZOO_ES_002599","ZOO_COMMON_00404",3,"Non-calcifier_T",0.18,3.18,3.17676993817557
"ambiguous_dropped","all_data","Physiology",0.382992252256106,"TpH","T + pH","Non-calcifier","ZOO_STUDY_0503","ZOO_ES_002651","ZOO_COMMON_00865",3,"Non-calcifier_T + pH",0.3,3.3,3.31848603578983
"ambiguous_dropped","all_data","Physiology",0.320471895274772,"T","T","Non-calcifier","ZOO_STUDY_0503","ZOO_ES_002652","ZOO_COMMON_00865",3,"Non-calcifier_T",0.18,3.18,3.17001770858886
"ambiguous_dropped","all_data","Physiology",-0.0709517359722845,"pH","pH","Non-calcifier","ZOO_STUDY_0134","ZOO_ES_002666","ZOO_COMMON_00233",3,"Non-calcifier_pH",0.06,3.06,3.07489863155875
"ambiguous_dropped","all_data","Physiology",0.101352494260288,"pH","pH","Non-calcifier","ZOO_STUDY_0294","ZOO_ES_002671","ZOO_COMMON_00494",3,"Non-calcifier_pH",0.06,3.06,3.0750255355984
"ambiguous_dropped","all_data","Physiology",0.166448207637665,"pH","pH","Non-calcifier","ZOO_STUDY_0294","ZOO_ES_002672","ZOO_COMMON_00494",3,"Non-calcifier_pH",0.06,3.06,3.05434628480813
"ambiguous_dropped","all_data","Physiology",-0.071458963982145,"pH","pH","Non-calcifier","ZOO_STUDY_0517","ZOO_ES_002689","ZOO_COMMON_00885",3,"Non-calcifier_pH",0.06,3.06,3.05407948475564
"ambiguous_dropped","all_data","Physiology",-0.257145348591699,"TpH","T + pH","Non-calcifier","ZOO_STUDY_0123","ZOO_ES_002698","ZOO_COMMON_00218",3,"Non-calcifier_T + pH",0.3,3.3,3.30727578070946
"ambiguous_dropped","all_data","Physiology",-0.279960026357871,"TpH","T + pH","Non-calcifier","ZOO_STUDY_0123","ZOO_ES_002699","ZOO_COMMON_00218",3,"Non-calcifier_T + pH",0.3,3.3,3.31808337271214
"ambiguous_dropped","all_data","Physiology",-0.360002734031407,"T","T","Non-calcifier","ZOO_STUDY_0123","ZOO_ES_002700","ZOO_COMMON_00218",3,"Non-calcifier_T",0.18,3.18,3.18783163354499
"ambiguous_dropped","all_data","Reproduction",-0.228488299473091,"pH","pH","Calcifier","ZOO_STUDY_0024","ZOO_ES_000049","ZOO_COMMON_00034",4,"Calcifier_pH",-0.3,3.7,3.70081630367786
"ambiguous_dropped","all_data","Reproduction",-0.866891554287605,"T","T","Calcifier","ZOO_STUDY_0024","ZOO_ES_000050","ZOO_COMMON_00034",4,"Calcifier_T",-0.18,3.82,3.80243907917058
"ambiguous_dropped","all_data","Reproduction",-1.28653586143816,"TpH","T + pH","Calcifier","ZOO_STUDY_0024","ZOO_ES_000051","ZOO_COMMON_00034",4,"Calcifier_T + pH",-0.06,3.94,3.94563829514431
"ambiguous_dropped","all_data","Reproduction",-0.000405186391280897,"pH","pH","Calcifier","ZOO_STUDY_0025","ZOO_ES_000055","ZOO_COMMON_00036",4,"Calcifier_pH",-0.3,3.7,3.67709834094858
"ambiguous_dropped","all_data","Reproduction",-0.0177791543273339,"T","T","Calcifier","ZOO_STUDY_0025","ZOO_ES_000056","ZOO_COMMON_00036",4,"Calcifier_T",-0.18,3.82,3.81991794963134
"ambiguous_dropped","all_data","Reproduction",-0.0365101910333971,"TpH","T + pH","Calcifier","ZOO_STUDY_0025","ZOO_ES_000057","ZOO_COMMON_00036",4,"Calcifier_T + pH",-0.06,3.94,3.95197541108122
"ambiguous_dropped","all_data","Reproduction",0.00840390813375961,"pH","pH","Calcifier","ZOO_STUDY_0049","ZOO_ES_000113","ZOO_COMMON_00070",4,"Calcifier_pH",-0.3,3.7,3.71269498897018
"ambiguous_dropped","all_data","Reproduction",0.0167377787754803,"pH","pH","Calcifier","ZOO_STUDY_0049","ZOO_ES_000114","ZOO_COMMON_00070",4,"Calcifier_pH",-0.3,3.7,3.67815468705958
"ambiguous_dropped","all_data","Reproduction",-0.0313921708879028,"T","T","Calcifier","ZOO_STUDY_0049","ZOO_ES_000115","ZOO_COMMON_00070",4,"Calcifier_T",-0.18,3.82,3.81712409666972
"ambiguous_dropped","all_data","Reproduction",-0.0284527933888363,"T","T","Calcifier","ZOO_STUDY_0049","ZOO_ES_000116","ZOO_COMMON_00070",4,"Calcifier_T",-0.18,3.82,3.82003358495887
"ambiguous_dropped","all_data","Reproduction",-0.0429886492263021,"TpH","T + pH","Calcifier","ZOO_STUDY_0049","ZOO_ES_000117","ZOO_COMMON_00070",4,"Calcifier_T + pH",-0.06,3.94,3.92851215501782
"ambiguous_dropped","all_data","Reproduction",-0.0284527933888363,"TpH","T + pH","Calcifier","ZOO_STUDY_0049","ZOO_ES_000118","ZOO_COMMON_00070",4,"Calcifier_T + pH",-0.06,3.94,3.94494010745315
"ambiguous_dropped","all_data","Reproduction",0.0222166057928681,"TpH","T + pH","Calcifier","ZOO_STUDY_0049","ZOO_ES_000119","ZOO_COMMON_00070",4,"Calcifier_T + pH",-0.06,3.94,3.95179188131355
"ambiguous_dropped","all_data","Reproduction",-0.138749331878683,"pH","pH","Calcifier","ZOO_STUDY_0052","ZOO_ES_000146","ZOO_COMMON_00073",4,"Calcifier_pH",-0.3,3.7,3.71067889059195
"ambiguous_dropped","all_data","Reproduction",-0.0617078855000896,"pH","pH","Calcifier","ZOO_STUDY_0052","ZOO_ES_000147","ZOO_COMMON_00073",4,"Calcifier_pH",-0.3,3.7,3.68082464684267
"ambiguous_dropped","all_data","Reproduction",-0.0903670367142763,"T","T","Calcifier","ZOO_STUDY_0052","ZOO_ES_000148","ZOO_COMMON_00073",4,"Calcifier_T",-0.18,3.82,3.8237560309167
"ambiguous_dropped","all_data","Reproduction",-0.214129184962721,"TpH","T + pH","Calcifier","ZOO_STUDY_0052","ZOO_ES_000149","ZOO_COMMON_00073",4,"Calcifier_T + pH",-0.06,3.94,3.95490659936098
"ambiguous_dropped","all_data","Reproduction",-0.0758781630933192,"TpH","T + pH","Calcifier","ZOO_STUDY_0052","ZOO_ES_000150","ZOO_COMMON_00073",4,"Calcifier_T + pH",-0.06,3.94,3.92659118983196
"ambiguous_dropped","all_data","Reproduction",-0.0147329825813674,"pH","pH","Calcifier","ZOO_STUDY_0057","ZOO_ES_000194","ZOO_COMMON_00084",4,"Calcifier_pH",-0.3,3.7,3.71124279127689
"ambiguous_dropped","all_data","Reproduction",-0.0101140367250729,"pH","pH","Calcifier","ZOO_STUDY_0057","ZOO_ES_000195","ZOO_COMMON_00084",4,"Calcifier_pH",-0.3,3.7,3.71690115989186
"ambiguous_dropped","all_data","Reproduction",-0.0273393430069523,"T","T","Calcifier","ZOO_STUDY_0057","ZOO_ES_000196","ZOO_COMMON_00084",4,"Calcifier_T",-0.18,3.82,3.80094192853896
"ambiguous_dropped","all_data","Reproduction",-0.00335999240909737,"T","T","Calcifier","ZOO_STUDY_0057","ZOO_ES_000197","ZOO_COMMON_00084",4,"Calcifier_T",-0.18,3.82,3.84294751983136
"ambiguous_dropped","all_data","Reproduction",-0.0760812457927211,"TpH","T + pH","Calcifier","ZOO_STUDY_0057","ZOO_ES_000198","ZOO_COMMON_00084",4,"Calcifier_T + pH",-0.06,3.94,3.95238822921878
"ambiguous_dropped","all_data","Reproduction",-0.0631351501357972,"TpH","T + pH","Calcifier","ZOO_STUDY_0057","ZOO_ES_000199","ZOO_COMMON_00084",4,"Calcifier_T + pH",-0.06,3.94,3.95554447393864
"ambiguous_dropped","all_data","Reproduction",-0.0558727472656783,"TpH","T + pH","Calcifier","ZOO_STUDY_0057","ZOO_ES_000200","ZOO_COMMON_00084",4,"Calcifier_T + pH",-0.06,3.94,3.92449588617077
"ambiguous_dropped","all_data","Reproduction",-0.0258236692755257,"TpH","T + pH","Calcifier","ZOO_STUDY_0057","ZOO_ES_000201","ZOO_COMMON_00084",4,"Calcifier_T + pH",-0.06,3.94,3.91629843887407
"ambiguous_dropped","all_data","Reproduction",-0.0546673533173339,"pH","pH","Calcifier","ZOO_STUDY_0056","ZOO_ES_000202","ZOO_COMMON_00083",4,"Calcifier_pH",-0.3,3.7,3.7181891146116
"ambiguous_dropped","all_data","Reproduction",0.0143335222997484,"pH","pH","Calcifier","ZOO_STUDY_0056","ZOO_ES_000203","ZOO_COMMON_00083",4,"Calcifier_pH",-0.3,3.7,3.7209589932696
"ambiguous_dropped","all_data","Reproduction",0.0621413681190702,"pH","pH","Calcifier","ZOO_STUDY_0056","ZOO_ES_000204","ZOO_COMMON_00083",4,"Calcifier_pH",-0.3,3.7,3.68188139939448
"ambiguous_dropped","all_data","Reproduction",0.000340967213623373,"T","T","Calcifier","ZOO_STUDY_0056","ZOO_ES_000205","ZOO_COMMON_00083",4,"Calcifier_T",-0.18,3.82,3.81888243109453
"ambiguous_dropped","all_data","Reproduction",0.0204777632681342,"T","T","Calcifier","ZOO_STUDY_0056","ZOO_ES_000206","ZOO_COMMON_00083",4,"Calcifier_T",-0.18,3.82,3.81814807501389
"ambiguous_dropped","all_data","Reproduction",0.0222581131319591,"TpH","T + pH","Calcifier","ZOO_STUDY_0056","ZOO_ES_000207","ZOO_COMMON_00083",4,"Calcifier_T + pH",-0.06,3.94,3.95000893055461
"ambiguous_dropped","all_data","Reproduction",0.0485898593806657,"TpH","T + pH","Calcifier","ZOO_STUDY_0056","ZOO_ES_000208","ZOO_COMMON_00083",4,"Calcifier_T + pH",-0.06,3.94,3.91827874505892
"ambiguous_dropped","all_data","Reproduction",0.0543124901250529,"TpH","T + pH","Calcifier","ZOO_STUDY_0056","ZOO_ES_000209","ZOO_COMMON_00083",4,"Calcifier_T + pH",-0.06,3.94,3.95165199966636
"ambiguous_dropped","all_data","Reproduction",0.0544201501348463,"TpH","T + pH","Calcifier","ZOO_STUDY_0056","ZOO_ES_000210","ZOO_COMMON_00083",4,"Calcifier_T + pH",-0.06,3.94,3.93479657951742
"ambiguous_dropped","all_data","Reproduction",0.0560336609458259,"TpH","T + pH","Calcifier","ZOO_STUDY_0056","ZOO_ES_000211","ZOO_COMMON_00083",4,"Calcifier_T + pH",-0.06,3.94,3.93807439224096
"ambiguous_dropped","all_data","Reproduction",0.0622481886073413,"TpH","T + pH","Calcifier","ZOO_STUDY_0056","ZOO_ES_000212","ZOO_COMMON_00083",4,"Calcifier_T + pH",-0.06,3.94,3.95126496816287
"ambiguous_dropped","all_data","Reproduction",-0.0125323336560114,"pH","pH","Calcifier","ZOO_STUDY_0056","ZOO_ES_000213","ZOO_COMMON_00082",4,"Calcifier_pH",-0.3,3.7,3.69850013235118
"ambiguous_dropped","all_data","Reproduction",0.0025542798050967,"pH","pH","Calcifier","ZOO_STUDY_0056","ZOO_ES_000214","ZOO_COMMON_00082",4,"Calcifier_pH",-0.3,3.7,3.72497619887581
"ambiguous_dropped","all_data","Reproduction",0.0210163426448322,"T","T","Calcifier","ZOO_STUDY_0056","ZOO_ES_000215","ZOO_COMMON_00082",4,"Calcifier_T",-0.18,3.82,3.83729678958654
"ambiguous_dropped","all_data","Reproduction",0.0406396138289714,"T","T","Calcifier","ZOO_STUDY_0056","ZOO_ES_000216","ZOO_COMMON_00082",4,"Calcifier_T",-0.18,3.82,3.83641036518849
"ambiguous_dropped","all_data","Reproduction",-0.128445145395098,"TpH","T + pH","Calcifier","ZOO_STUDY_0056","ZOO_ES_000217","ZOO_COMMON_00082",4,"Calcifier_T + pH",-0.06,3.94,3.95308221721556
"ambiguous_dropped","all_data","Reproduction",-0.0332384204069749,"TpH","T + pH","Calcifier","ZOO_STUDY_0056","ZOO_ES_000218","ZOO_COMMON_00082",4,"Calcifier_T + pH",-0.06,3.94,3.92060532459058
"ambiguous_dropped","all_data","Reproduction",-0.003564669030296,"TpH","T + pH","Calcifier","ZOO_STUDY_0056","ZOO_ES_000219","ZOO_COMMON_00082",4,"Calcifier_T + pH",-0.06,3.94,3.95694885096513
"ambiguous_dropped","all_data","Reproduction",0.0421332660857549,"TpH","T + pH","Calcifier","ZOO_STUDY_0056","ZOO_ES_000220","ZOO_COMMON_00082",4,"Calcifier_T + pH",-0.06,3.94,3.95569252620684
"ambiguous_dropped","all_data","Reproduction",-0.0120282105020037,"pH","pH","Calcifier","ZOO_STUDY_0056","ZOO_ES_000221","ZOO_COMMON_00080",4,"Calcifier_pH",-0.3,3.7,3.72457060971065
"ambiguous_dropped","all_data","Reproduction",0.0214661621157334,"pH","pH","Calcifier","ZOO_STUDY_0056","ZOO_ES_000222","ZOO_COMMON_00080",4,"Calcifier_pH",-0.3,3.7,3.67741572624072
"ambiguous_dropped","all_data","Reproduction",-0.0396326212903048,"T","T","Calcifier","ZOO_STUDY_0056","ZOO_ES_000223","ZOO_COMMON_00080",4,"Calcifier_T",-0.18,3.82,3.83233939562226
"ambiguous_dropped","all_data","Reproduction",0.00706015067221839,"T","T","Calcifier","ZOO_STUDY_0056","ZOO_ES_000224","ZOO_COMMON_00080",4,"Calcifier_T",-0.18,3.82,3.8159656760795
"ambiguous_dropped","all_data","Reproduction",-0.0575296707442177,"TpH","T + pH","Calcifier","ZOO_STUDY_0056","ZOO_ES_000225","ZOO_COMMON_00080",4,"Calcifier_T + pH",-0.06,3.94,3.94410719485953
"ambiguous_dropped","all_data","Reproduction",-0.0518003361594221,"TpH","T + pH","Calcifier","ZOO_STUDY_0056","ZOO_ES_000226","ZOO_COMMON_00080",4,"Calcifier_T + pH",-0.06,3.94,3.95653670311207
"ambiguous_dropped","all_data","Reproduction",-0.0171956001175166,"TpH","T + pH","Calcifier","ZOO_STUDY_0056","ZOO_ES_000227","ZOO_COMMON_00080",4,"Calcifier_T + pH",-0.06,3.94,3.91567653136794
"ambiguous_dropped","all_data","Reproduction",-0.0116921325287513,"TpH","T + pH","Calcifier","ZOO_STUDY_0056","ZOO_ES_000228","ZOO_COMMON_00080",4,"Calcifier_T + pH",-0.06,3.94,3.91557608815841
"ambiguous_dropped","all_data","Reproduction",-0.0358811445261542,"pH","pH","Calcifier","ZOO_STUDY_0056","ZOO_ES_000229","ZOO_COMMON_00081",4,"Calcifier_pH",-0.3,3.7,3.72482228536392
"ambiguous_dropped","all_data","Reproduction",-0.028880200427059,"pH","pH","Calcifier","ZOO_STUDY_0056","ZOO_ES_000230","ZOO_COMMON_00081",4,"Calcifier_pH",-0.3,3.7,3.71328448335407
"ambiguous_dropped","all_data","Reproduction",-0.00543706901931438,"pH","pH","Calcifier","ZOO_STUDY_0056","ZOO_ES_000231","ZOO_COMMON_00081",4,"Calcifier_pH",-0.3,3.7,3.69073313053232
"ambiguous_dropped","all_data","Reproduction",-0.0308140213992867,"T","T","Calcifier","ZOO_STUDY_0056","ZOO_ES_000232","ZOO_COMMON_00081",4,"Calcifier_T",-0.18,3.82,3.83560058721807
"ambiguous_dropped","all_data","Reproduction",0.0062370264555477,"T","T","Calcifier","ZOO_STUDY_0056","ZOO_ES_000233","ZOO_COMMON_00081",4,"Calcifier_T",-0.18,3.82,3.84456096087117
"ambiguous_dropped","all_data","Reproduction",-0.141938448977054,"TpH","T + pH","Calcifier","ZOO_STUDY_0056","ZOO_ES_000234","ZOO_COMMON_00081",4,"Calcifier_T + pH",-0.06,3.94,3.92503797964659
"ambiguous_dropped","all_data","Reproduction",-0.094413814193929,"TpH","T + pH","Calcifier","ZOO_STUDY_0056","ZOO_ES_000235","ZOO_COMMON_00081",4,"Calcifier_T + pH",-0.06,3.94,3.94730186101282
"ambiguous_dropped","all_data","Reproduction",-0.0621638663253489,"TpH","T + pH","Calcifier","ZOO_STUDY_0056","ZOO_ES_000236","ZOO_COMMON_00081",4,"Calcifier_T + pH",-0.06,3.94,3.93687753644539
"ambiguous_dropped","all_data","Reproduction",-0.034908854707215,"TpH","T + pH","Calcifier","ZOO_STUDY_0056","ZOO_ES_000237","ZOO_COMMON_00081",4,"Calcifier_T + pH",-0.06,3.94,3.96190141307656
"ambiguous_dropped","all_data","Reproduction",-0.0176735086174976,"TpH","T + pH","Calcifier","ZOO_STUDY_0056","ZOO_ES_000238","ZOO_COMMON_00081",4,"Calcifier_T + pH",-0.06,3.94,3.96440016526962
"ambiguous_dropped","all_data","Reproduction",0.00177111053225457,"TpH","T + pH","Calcifier","ZOO_STUDY_0056","ZOO_ES_000239","ZOO_COMMON_00081",4,"Calcifier_T + pH",-0.06,3.94,3.93781597804977
"ambiguous_dropped","all_data","Reproduction",-0.0896251633518588,"pH","pH","Calcifier","ZOO_STUDY_0056","ZOO_ES_000240","ZOO_COMMON_00078",4,"Calcifier_pH",-0.3,3.7,3.68653074715985
"ambiguous_dropped","all_data","Reproduction",0.0195741286131331,"pH","pH","Calcifier","ZOO_STUDY_0056","ZOO_ES_000241","ZOO_COMMON_00078",4,"Calcifier_pH",-0.3,3.7,3.70977446342586
"ambiguous_dropped","all_data","Reproduction",-0.0121416605668557,"T","T","Calcifier","ZOO_STUDY_0056","ZOO_ES_000242","ZOO_COMMON_00078",4,"Calcifier_T",-0.18,3.82,3.82283161723055
"ambiguous_dropped","all_data","Reproduction",0.000208051597546436,"T","T","Calcifier","ZOO_STUDY_0056","ZOO_ES_000243","ZOO_COMMON_00078",4,"Calcifier_T",-0.18,3.82,3.82423550447449
"ambiguous_dropped","all_data","Reproduction",-0.0164686157638017,"TpH","T + pH","Calcifier","ZOO_STUDY_0056","ZOO_ES_000244","ZOO_COMMON_00078",4,"Calcifier_T + pH",-0.06,3.94,3.93668156234547
"ambiguous_dropped","all_data","Reproduction",-0.0112995552539334,"TpH","T + pH","Calcifier","ZOO_STUDY_0056","ZOO_ES_000245","ZOO_COMMON_00078",4,"Calcifier_T + pH",-0.06,3.94,3.93630875263829
"ambiguous_dropped","all_data","Reproduction",-0.01119434193383,"TpH","T + pH","Calcifier","ZOO_STUDY_0056","ZOO_ES_000246","ZOO_COMMON_00078",4,"Calcifier_T + pH",-0.06,3.94,3.9448427197733
"ambiguous_dropped","all_data","Reproduction",-0.0103530336499026,"TpH","T + pH","Calcifier","ZOO_STUDY_0056","ZOO_ES_000247","ZOO_COMMON_00078",4,"Calcifier_T + pH",-0.06,3.94,3.93760427924339
"ambiguous_dropped","all_data","Reproduction",0.0196920695321481,"pH","pH","Calcifier","ZOO_STUDY_0056","ZOO_ES_000248","ZOO_COMMON_00079",4,"Calcifier_pH",-0.3,3.7,3.72283043293282
"ambiguous_dropped","all_data","Reproduction",0.0205962741449164,"pH","pH","Calcifier","ZOO_STUDY_0056","ZOO_ES_000249","ZOO_COMMON_00079",4,"Calcifier_pH",-0.3,3.7,3.7172215175
"ambiguous_dropped","all_data","Reproduction",0.0214996619102447,"pH","pH","Calcifier","ZOO_STUDY_0056","ZOO_ES_000250","ZOO_COMMON_00079",4,"Calcifier_pH",-0.3,3.7,3.686138430133
"ambiguous_dropped","all_data","Reproduction",0.000409962084249605,"T","T","Calcifier","ZOO_STUDY_0056","ZOO_ES_000251","ZOO_COMMON_00079",4,"Calcifier_T",-0.18,3.82,3.81600850885035
"ambiguous_dropped","all_data","Reproduction",0.0189882335974063,"T","T","Calcifier","ZOO_STUDY_0056","ZOO_ES_000252","ZOO_COMMON_00079",4,"Calcifier_T",-0.18,3.82,3.81599914677674
"ambiguous_dropped","all_data","Reproduction",0.00225271444845955,"TpH","T + pH","Calcifier","ZOO_STUDY_0056","ZOO_ES_000253","ZOO_COMMON_00079",4,"Calcifier_T + pH",-0.06,3.94,3.91603954244405
"ambiguous_dropped","all_data","Reproduction",0.00307062677296501,"TpH","T + pH","Calcifier","ZOO_STUDY_0056","ZOO_ES_000254","ZOO_COMMON_00079",4,"Calcifier_T + pH",-0.06,3.94,3.93402239847695
"ambiguous_dropped","all_data","Reproduction",0.0145527424546199,"TpH","T + pH","Calcifier","ZOO_STUDY_0056","ZOO_ES_000255","ZOO_COMMON_00079",4,"Calcifier_T + pH",-0.06,3.94,3.93611742137931
"ambiguous_dropped","all_data","Reproduction",0.0154616039158185,"TpH","T + pH","Calcifier","ZOO_STUDY_0056","ZOO_ES_000256","ZOO_COMMON_00079",4,"Calcifier_T + pH",-0.06,3.94,3.92457130317111
"ambiguous_dropped","all_data","Reproduction",0.0198930745579506,"TpH","T + pH","Calcifier","ZOO_STUDY_0056","ZOO_ES_000257","ZOO_COMMON_00079",4,"Calcifier_T + pH",-0.06,3.94,3.95026646408718
"ambiguous_dropped","all_data","Reproduction",0.020094039188852,"TpH","T + pH","Calcifier","ZOO_STUDY_0056","ZOO_ES_000258","ZOO_COMMON_00079",4,"Calcifier_T + pH",-0.06,3.94,3.91567602376221
"ambiguous_dropped","all_data","Reproduction",-0.112730864243836,"TpH","T + pH","Calcifier","ZOO_STUDY_0137","ZOO_ES_000328","ZOO_COMMON_00236",4,"Calcifier_T + pH",-0.06,3.94,3.95156015528832
"ambiguous_dropped","all_data","Reproduction",-0.112730864243836,"TpH","T + pH","Calcifier","ZOO_STUDY_0137","ZOO_ES_000329","ZOO_COMMON_00236",4,"Calcifier_T + pH",-0.06,3.94,3.93663620489882
"ambiguous_dropped","all_data","Reproduction",-0.0117190866739661,"pH","pH","Calcifier","ZOO_STUDY_0137","ZOO_ES_000330","ZOO_COMMON_00236",4,"Calcifier_pH",-0.3,3.7,3.71156200465048
"ambiguous_dropped","all_data","Reproduction",0,"pH","pH","Calcifier","ZOO_STUDY_0137","ZOO_ES_000331","ZOO_COMMON_00236",4,"Calcifier_pH",-0.3,3.7,3.6756970776245
"ambiguous_dropped","all_data","Reproduction",0,"T","T","Calcifier","ZOO_STUDY_0137","ZOO_ES_000332","ZOO_COMMON_00236",4,"Calcifier_T",-0.18,3.82,3.79726566542406
"ambiguous_dropped","all_data","Reproduction",0.0191979755035902,"T","T","Calcifier","ZOO_STUDY_0137","ZOO_ES_000333","ZOO_COMMON_00236",4,"Calcifier_T",-0.18,3.82,3.81592071882216
"ambiguous_dropped","all_data","Reproduction",-0.0195737639111572,"TpH","T + pH","Calcifier","ZOO_STUDY_0137","ZOO_ES_000334","ZOO_COMMON_00236",4,"Calcifier_T + pH",-0.06,3.94,3.94719200010644
"ambiguous_dropped","all_data","Reproduction",0.00585969294226813,"TpH","T + pH","Calcifier","ZOO_STUDY_0137","ZOO_ES_000335","ZOO_COMMON_00236",4,"Calcifier_T + pH",-0.06,3.94,3.92598968927981
"ambiguous_dropped","all_data","Reproduction",-2.10802398915168,"pH","pH","Calcifier","ZOO_STUDY_0160","ZOO_ES_000385","ZOO_COMMON_00279",4,"Calcifier_pH",-0.3,3.7,3.71667213264154
"ambiguous_dropped","all_data","Reproduction",0.189911134213502,"T","T","Calcifier","ZOO_STUDY_0160","ZOO_ES_000386","ZOO_COMMON_00279",4,"Calcifier_T",-0.18,3.82,3.82973836567719
"ambiguous_dropped","all_data","Reproduction",-1.28005758578279,"TpH","T + pH","Calcifier","ZOO_STUDY_0160","ZOO_ES_000387","ZOO_COMMON_00279",4,"Calcifier_T + pH",-0.06,3.94,3.95995622426039
"ambiguous_dropped","all_data","Reproduction",-0.0696514161271492,"pH","pH","Calcifier","ZOO_STUDY_0160","ZOO_ES_000388","ZOO_COMMON_00278",4,"Calcifier_pH",-0.3,3.7,3.69571201426443
"ambiguous_dropped","all_data","Reproduction",-0.0593837125953655,"T","T","Calcifier","ZOO_STUDY_0160","ZOO_ES_000389","ZOO_COMMON_00278",4,"Calcifier_T",-0.18,3.82,3.81555023516295
"ambiguous_dropped","all_data","Reproduction",-0.101102653481287,"TpH","T + pH","Calcifier","ZOO_STUDY_0160","ZOO_ES_000390","ZOO_COMMON_00278",4,"Calcifier_T + pH",-0.06,3.94,3.9275007494702
"ambiguous_dropped","all_data","Reproduction",-0.010411444460838,"pH","pH","Calcifier","ZOO_STUDY_0160","ZOO_ES_000391","ZOO_COMMON_00281",4,"Calcifier_pH",-0.3,3.7,3.693688351952
"ambiguous_dropped","all_data","Reproduction",-1.55441984147066,"T","T","Calcifier","ZOO_STUDY_0160","ZOO_ES_000392","ZOO_COMMON_00281",4,"Calcifier_T",-0.18,3.82,3.80659463663353
"ambiguous_dropped","all_data","Reproduction",-0.463848766926229,"T","T","Calcifier","ZOO_STUDY_0160","ZOO_ES_000393","ZOO_COMMON_00281",4,"Calcifier_T",-0.18,3.82,3.84158015823225
"ambiguous_dropped","all_data","Reproduction",-0.010411444460838,"T","T","Calcifier","ZOO_STUDY_0160","ZOO_ES_000394","ZOO_COMMON_00281",4,"Calcifier_T",-0.18,3.82,3.81881723775761
"ambiguous_dropped","all_data","Reproduction",-1.43925649776129,"TpH","T + pH","Calcifier","ZOO_STUDY_0160","ZOO_ES_000395","ZOO_COMMON_00281",4,"Calcifier_T + pH",-0.06,3.94,3.91738325014943
"ambiguous_dropped","all_data","Reproduction",-0.305026310579449,"TpH","T + pH","Calcifier","ZOO_STUDY_0160","ZOO_ES_000396","ZOO_COMMON_00281",4,"Calcifier_T + pH",-0.06,3.94,3.95367655280046
"ambiguous_dropped","all_data","Reproduction",-0.0261304858022802,"TpH","T + pH","Calcifier","ZOO_STUDY_0160","ZOO_ES_000397","ZOO_COMMON_00281",4,"Calcifier_T + pH",-0.06,3.94,3.93155586647103
"ambiguous_dropped","all_data","Reproduction",-0.0153167041118933,"pH","pH","Calcifier","ZOO_STUDY_0160","ZOO_ES_000398","ZOO_COMMON_00280",4,"Calcifier_pH",-0.3,3.7,3.70264382353053
"ambiguous_dropped","all_data","Reproduction",-0.0360417713472657,"T","T","Calcifier","ZOO_STUDY_0160","ZOO_ES_000399","ZOO_COMMON_00280",4,"Calcifier_T",-0.18,3.82,3.82881652644603
"ambiguous_dropped","all_data","Reproduction",-0.0412387480165977,"TpH","T + pH","Calcifier","ZOO_STUDY_0160","ZOO_ES_000400","ZOO_COMMON_00280",4,"Calcifier_T + pH",-0.06,3.94,3.92886671854416
"ambiguous_dropped","all_data","Reproduction",-0.0412387480165977,"TpH","T + pH","Calcifier","ZOO_STUDY_0160","ZOO_ES_000401","ZOO_COMMON_00280",4,"Calcifier_T + pH",-0.06,3.94,3.91764278391842
"ambiguous_dropped","all_data","Reproduction",-0.0412387480165977,"TpH","T + pH","Calcifier","ZOO_STUDY_0160","ZOO_ES_000402","ZOO_COMMON_00280",4,"Calcifier_T + pH",-0.06,3.94,3.9362879291852
"ambiguous_dropped","all_data","Reproduction",-0.0307685336716365,"TpH","T + pH","Calcifier","ZOO_STUDY_0160","ZOO_ES_000403","ZOO_COMMON_00280",4,"Calcifier_T + pH",-0.06,3.94,3.94550592410145
"ambiguous_dropped","all_data","Reproduction",-0.0360417713472657,"T","T","Calcifier","ZOO_STUDY_0160","ZOO_ES_000404","ZOO_COMMON_00280",4,"Calcifier_T",-0.18,3.82,3.84380230175331
"ambiguous_dropped","all_data","Reproduction",-0.0256255476389727,"T","T","Calcifier","ZOO_STUDY_0160","ZOO_ES_000405","ZOO_COMMON_00280",4,"Calcifier_T",-0.18,3.82,3.84349000601098
"ambiguous_dropped","all_data","Reproduction",-0.0204068097776626,"TpH","T + pH","Calcifier","ZOO_STUDY_0160","ZOO_ES_000406","ZOO_COMMON_00280",4,"Calcifier_T + pH",-0.06,3.94,3.91942422786728
"ambiguous_dropped","all_data","Reproduction",0.00603810473614058,"pH","pH","Calcifier","ZOO_STUDY_0171","ZOO_ES_000413","ZOO_COMMON_00297",4,"Calcifier_pH",-0.3,3.7,3.69991900186287
"ambiguous_dropped","all_data","Reproduction",-3.84840209594308,"T","T","Calcifier","ZOO_STUDY_0171","ZOO_ES_000414","ZOO_COMMON_00297",4,"Calcifier_T",-0.18,3.82,3.81478446838912
"ambiguous_dropped","all_data","Reproduction",-0.484881992549056,"T","T","Calcifier","ZOO_STUDY_0171","ZOO_ES_000415","ZOO_COMMON_00297",4,"Calcifier_T",-0.18,3.82,3.8145165964542
"ambiguous_dropped","all_data","Reproduction",-0.279562320150024,"T","T","Calcifier","ZOO_STUDY_0171","ZOO_ES_000416","ZOO_COMMON_00297",4,"Calcifier_T",-0.18,3.82,3.81092497454258
"ambiguous_dropped","all_data","Reproduction",-0.431840652456186,"TpH","T + pH","Calcifier","ZOO_STUDY_0171","ZOO_ES_000417","ZOO_COMMON_00297",4,"Calcifier_T + pH",-0.06,3.94,3.9491287527117
"ambiguous_dropped","all_data","Reproduction",-0.190883613450939,"TpH","T + pH","Calcifier","ZOO_STUDY_0171","ZOO_ES_000418","ZOO_COMMON_00297",4,"Calcifier_T + pH",-0.06,3.94,3.92923074537888
"ambiguous_dropped","all_data","Reproduction",-0.0205991974013227,"pH","pH","Calcifier","ZOO_STUDY_0244","ZOO_ES_000473","ZOO_COMMON_00416",4,"Calcifier_pH",-0.3,3.7,3.69450473571196
"ambiguous_dropped","all_data","Reproduction",-0.0634191949728097,"TpH","T + pH","Calcifier","ZOO_STUDY_0244","ZOO_ES_000476","ZOO_COMMON_00417",4,"Calcifier_T + pH",-0.06,3.94,3.96450842801481
"ambiguous_dropped","all_data","Reproduction",-0.0163774823564968,"pH","pH","Calcifier","ZOO_STUDY_0244","ZOO_ES_000477","ZOO_COMMON_00413",4,"Calcifier_pH",-0.3,3.7,3.71460028657457
"ambiguous_dropped","all_data","Reproduction",-0.050723591988887,"pH","pH","Calcifier","ZOO_STUDY_0244","ZOO_ES_000478","ZOO_COMMON_00415",4,"Calcifier_pH",-0.3,3.7,3.69062025757739
"ambiguous_dropped","all_data","Reproduction",0.0762825495404812,"T","T","Calcifier","ZOO_STUDY_0244","ZOO_ES_000479","ZOO_COMMON_00415",4,"Calcifier_T",-0.18,3.82,3.83585588651942
"ambiguous_dropped","all_data","Reproduction",0.0197213724060976,"TpH","T + pH","Calcifier","ZOO_STUDY_0244","ZOO_ES_000480","ZOO_COMMON_00415",4,"Calcifier_T + pH",-0.06,3.94,3.9260454886104
"ambiguous_dropped","all_data","Reproduction",-0.0461981617537754,"pH","pH","Calcifier","ZOO_STUDY_0244","ZOO_ES_000482","ZOO_COMMON_00414",4,"Calcifier_pH",-0.3,3.7,3.70005369101418
"ambiguous_dropped","all_data","Reproduction",-0.0266562988657313,"pH","pH","Calcifier","ZOO_STUDY_0244","ZOO_ES_000485","ZOO_COMMON_00417",4,"Calcifier_pH",-0.3,3.7,3.68334861481562
"ambiguous_dropped","all_data","Reproduction",-0.0357783689623086,"T","T","Calcifier","ZOO_STUDY_0244","ZOO_ES_000486","ZOO_COMMON_00417",4,"Calcifier_T",-0.18,3.82,3.8009829597245
"ambiguous_dropped","all_data","Reproduction",-0.337958848327404,"pH","pH","Calcifier","ZOO_STUDY_0374","ZOO_ES_000673","ZOO_COMMON_00632",4,"Calcifier_pH",-0.3,3.7,3.71988049838692
"ambiguous_dropped","all_data","Reproduction",-0.229048633201924,"pH","pH","Calcifier","ZOO_STUDY_0374","ZOO_ES_000674","ZOO_COMMON_00632",4,"Calcifier_pH",-0.3,3.7,3.67968574393308
"ambiguous_dropped","all_data","Reproduction",-0.197214517123244,"pH","pH","Calcifier","ZOO_STUDY_0374","ZOO_ES_000675","ZOO_COMMON_00632",4,"Calcifier_pH",-0.3,3.7,3.71825292783324
"ambiguous_dropped","all_data","Reproduction",0.205746723412701,"T","T","Calcifier","ZOO_STUDY_0374","ZOO_ES_000676","ZOO_COMMON_00632",4,"Calcifier_T",-0.18,3.82,3.80882957318565
"ambiguous_dropped","all_data","Reproduction",0.485507815781701,"T","T","Calcifier","ZOO_STUDY_0374","ZOO_ES_000677","ZOO_COMMON_00632",4,"Calcifier_T",-0.18,3.82,3.79636418463662
"ambiguous_dropped","all_data","Reproduction",-0.115882668585216,"TpH","T + pH","Calcifier","ZOO_STUDY_0374","ZOO_ES_000678","ZOO_COMMON_00632",4,"Calcifier_T + pH",-0.06,3.94,3.95436924816808
"ambiguous_dropped","all_data","Reproduction",-0.0436944736289251,"TpH","T + pH","Calcifier","ZOO_STUDY_0374","ZOO_ES_000679","ZOO_COMMON_00632",4,"Calcifier_T + pH",-0.06,3.94,3.93293301498983
"ambiguous_dropped","all_data","Reproduction",0.00847844891236673,"TpH","T + pH","Calcifier","ZOO_STUDY_0374","ZOO_ES_000680","ZOO_COMMON_00632",4,"Calcifier_T + pH",-0.06,3.94,3.91625514828833
"ambiguous_dropped","all_data","Reproduction",0.0893636806165985,"TpH","T + pH","Calcifier","ZOO_STUDY_0374","ZOO_ES_000681","ZOO_COMMON_00632",4,"Calcifier_T + pH",-0.06,3.94,3.95230467989808
"ambiguous_dropped","all_data","Reproduction",0.174592488992435,"TpH","T + pH","Calcifier","ZOO_STUDY_0374","ZOO_ES_000682","ZOO_COMMON_00632",4,"Calcifier_T + pH",-0.06,3.94,3.91648127885768
"ambiguous_dropped","all_data","Reproduction",0.295666416918385,"TpH","T + pH","Calcifier","ZOO_STUDY_0374","ZOO_ES_000683","ZOO_COMMON_00632",4,"Calcifier_T + pH",-0.06,3.94,3.93669324154966
"ambiguous_dropped","all_data","Reproduction",-0.256826630114416,"pH","pH","Calcifier","ZOO_STUDY_0374","ZOO_ES_000684","ZOO_COMMON_00631",4,"Calcifier_pH",-0.3,3.7,3.68783134164987
"ambiguous_dropped","all_data","Reproduction",-0.236189105219842,"pH","pH","Calcifier","ZOO_STUDY_0374","ZOO_ES_000685","ZOO_COMMON_00631",4,"Calcifier_pH",-0.3,3.7,3.69990076104878
"ambiguous_dropped","all_data","Reproduction",-0.176577715614703,"pH","pH","Calcifier","ZOO_STUDY_0374","ZOO_ES_000686","ZOO_COMMON_00631",4,"Calcifier_pH",-0.3,3.7,3.70766776152886
"ambiguous_dropped","all_data","Reproduction",-0.0295806918820425,"T","T","Calcifier","ZOO_STUDY_0374","ZOO_ES_000687","ZOO_COMMON_00631",4,"Calcifier_T",-0.18,3.82,3.79918284428306
"ambiguous_dropped","all_data","Reproduction",0.0565501899948301,"T","T","Calcifier","ZOO_STUDY_0374","ZOO_ES_000688","ZOO_COMMON_00631",4,"Calcifier_T",-0.18,3.82,3.80402362308698
"ambiguous_dropped","all_data","Reproduction",-0.395777165099959,"TpH","T + pH","Calcifier","ZOO_STUDY_0374","ZOO_ES_000689","ZOO_COMMON_00631",4,"Calcifier_T + pH",-0.06,3.94,3.92022312507965
"ambiguous_dropped","all_data","Reproduction",-0.339703257202659,"TpH","T + pH","Calcifier","ZOO_STUDY_0374","ZOO_ES_000690","ZOO_COMMON_00631",4,"Calcifier_T + pH",-0.06,3.94,3.95561964919092
"ambiguous_dropped","all_data","Reproduction",-0.317302320513493,"TpH","T + pH","Calcifier","ZOO_STUDY_0374","ZOO_ES_000691","ZOO_COMMON_00631",4,"Calcifier_T + pH",-0.06,3.94,3.94637512208195
"ambiguous_dropped","all_data","Reproduction",-0.286607381322015,"TpH","T + pH","Calcifier","ZOO_STUDY_0374","ZOO_ES_000692","ZOO_COMMON_00631",4,"Calcifier_T + pH",-0.06,3.94,3.94652862429852
"ambiguous_dropped","all_data","Reproduction",-0.188191284551902,"TpH","T + pH","Calcifier","ZOO_STUDY_0374","ZOO_ES_000693","ZOO_COMMON_00631",4,"Calcifier_T + pH",-0.06,3.94,3.93454449251061
"ambiguous_dropped","all_data","Reproduction",-0.149858827745717,"TpH","T + pH","Calcifier","ZOO_STUDY_0374","ZOO_ES_000694","ZOO_COMMON_00631",4,"Calcifier_T + pH",-0.06,3.94,3.93661267868942
"ambiguous_dropped","all_data","Reproduction",-0.021713164904364,"pH","pH","Calcifier","ZOO_STUDY_0386","ZOO_ES_000696","ZOO_COMMON_00650",4,"Calcifier_pH",-0.3,3.7,3.69243170011323
"ambiguous_dropped","all_data","Reproduction",-0.0138865518733687,"TpH","T + pH","Calcifier","ZOO_STUDY_0386","ZOO_ES_000697","ZOO_COMMON_00650",4,"Calcifier_T + pH",-0.06,3.94,3.95467788793379
"ambiguous_dropped","all_data","Reproduction",-0.227670008081759,"pH","pH","Calcifier","ZOO_STUDY_0386","ZOO_ES_000698","ZOO_COMMON_00648",4,"Calcifier_pH",-0.3,3.7,3.71934680560371
"ambiguous_dropped","all_data","Reproduction",0,"T","T","Calcifier","ZOO_STUDY_0386","ZOO_ES_000701","ZOO_COMMON_00650",4,"Calcifier_T",-0.18,3.82,3.82755635433597
"ambiguous_dropped","all_data","Reproduction",-0.19504556231281,"pH","pH","Calcifier","ZOO_STUDY_0386","ZOO_ES_000708","ZOO_COMMON_00650",4,"Calcifier_pH",-0.3,3.7,3.70464316321304
"ambiguous_dropped","all_data","Reproduction",0.817863976451417,"T","T","Calcifier","ZOO_STUDY_0386","ZOO_ES_000719","ZOO_COMMON_00648",4,"Calcifier_T",-0.18,3.82,3.81139110469259
"ambiguous_dropped","all_data","Reproduction",0.564529802737852,"TpH","T + pH","Calcifier","ZOO_STUDY_0386","ZOO_ES_000720","ZOO_COMMON_00648",4,"Calcifier_T + pH",-0.06,3.94,3.9187844683975
"ambiguous_dropped","all_data","Reproduction",0.689554527808046,"TpH","T + pH","Calcifier","ZOO_STUDY_0386","ZOO_ES_000721","ZOO_COMMON_00648",4,"Calcifier_T + pH",-0.06,3.94,3.94456936210394
"ambiguous_dropped","all_data","Reproduction",-0.538238317163056,"pH","pH","Calcifier","ZOO_STUDY_0386","ZOO_ES_000727","ZOO_COMMON_00650",4,"Calcifier_pH",-0.3,3.7,3.68391683817608
"ambiguous_dropped","all_data","Reproduction",-0.142692519520612,"pH","pH","Calcifier","ZOO_STUDY_0386","ZOO_ES_000728","ZOO_COMMON_00650",4,"Calcifier_pH",-0.3,3.7,3.71206750620622
"ambiguous_dropped","all_data","Reproduction",0.0954876775306013,"T","T","Calcifier","ZOO_STUDY_0386","ZOO_ES_000729","ZOO_COMMON_00650",4,"Calcifier_T",-0.18,3.82,3.80969381040661
"ambiguous_dropped","all_data","Reproduction",-0.176383643892935,"TpH","T + pH","Calcifier","ZOO_STUDY_0386","ZOO_ES_000730","ZOO_COMMON_00650",4,"Calcifier_T + pH",-0.06,3.94,3.94695929053472
"ambiguous_dropped","all_data","Reproduction",-0.0261608260386722,"pH","pH","Calcifier","ZOO_STUDY_0386","ZOO_ES_000731","ZOO_COMMON_00648",4,"Calcifier_pH",-0.3,3.7,3.68124111986253
"ambiguous_dropped","all_data","Reproduction",-0.00778692459311934,"T","T","Calcifier","ZOO_STUDY_0386","ZOO_ES_000732","ZOO_COMMON_00648",4,"Calcifier_T",-0.18,3.82,3.80776328918757
"ambiguous_dropped","all_data","Reproduction",-0.132045313414014,"TpH","T + pH","Calcifier","ZOO_STUDY_0386","ZOO_ES_000733","ZOO_COMMON_00648",4,"Calcifier_T + pH",-0.06,3.94,3.95602873436641
"ambiguous_dropped","all_data","Reproduction",-0.0129431699038916,"TpH","T + pH","Calcifier","ZOO_STUDY_0386","ZOO_ES_000734","ZOO_COMMON_00648",4,"Calcifier_T + pH",-0.06,3.94,3.95518901964882
"ambiguous_dropped","all_data","Reproduction",-1.47303828180838,"T","T","Calcifier","ZOO_STUDY_0387","ZOO_ES_000735","ZOO_COMMON_00651",4,"Calcifier_T",-0.18,3.82,3.79729173153639
"ambiguous_dropped","all_data","Reproduction",-0.512742363091974,"TpH","T + pH","Calcifier","ZOO_STUDY_0387","ZOO_ES_000736","ZOO_COMMON_00651",4,"Calcifier_T + pH",-0.06,3.94,3.95877658609301
"ambiguous_dropped","all_data","Reproduction",-0.134793222444945,"pH","pH","Calcifier","ZOO_STUDY_0387","ZOO_ES_000737","ZOO_COMMON_00651",4,"Calcifier_pH",-0.3,3.7,3.68140045449836
"ambiguous_dropped","all_data","Reproduction",-0.287833118445573,"pH","pH","Calcifier","ZOO_STUDY_0484","ZOO_ES_000911","ZOO_COMMON_00823",4,"Calcifier_pH",-0.3,3.7,3.70544157017721
"ambiguous_dropped","all_data","Reproduction",0.0232881102112668,"TpH","T + pH","Calcifier","ZOO_STUDY_0484","ZOO_ES_000912","ZOO_COMMON_00823",4,"Calcifier_T + pH",-0.06,3.94,3.93847834366374
"ambiguous_dropped","all_data","Reproduction",-0.279080052029482,"TpH","T + pH","Calcifier","ZOO_STUDY_0484","ZOO_ES_000913","ZOO_COMMON_00822",4,"Calcifier_T + pH",-0.06,3.94,3.94286455427995
"ambiguous_dropped","all_data","Reproduction",-0.274593989574782,"pH","pH","Calcifier","ZOO_STUDY_0484","ZOO_ES_000914","ZOO_COMMON_00821",4,"Calcifier_pH",-0.3,3.7,3.71151963922894
"ambiguous_dropped","all_data","Reproduction",-0.00478381777073733,"pH","pH","Calcifier","ZOO_STUDY_0484","ZOO_ES_000915","ZOO_COMMON_00821",4,"Calcifier_pH",-0.3,3.7,3.6984929344384
"ambiguous_dropped","all_data","Reproduction",-0.00478381777073733,"pH","pH","Calcifier","ZOO_STUDY_0484","ZOO_ES_000916","ZOO_COMMON_00821",4,"Calcifier_pH",-0.3,3.7,3.72443050295115
"ambiguous_dropped","all_data","Reproduction",0.0107351233594397,"T","T","Calcifier","ZOO_STUDY_0484","ZOO_ES_000917","ZOO_COMMON_00821",4,"Calcifier_T",-0.18,3.82,3.84423341922695
"ambiguous_dropped","all_data","Reproduction",-0.015687756981639,"TpH","T + pH","Calcifier","ZOO_STUDY_0484","ZOO_ES_000918","ZOO_COMMON_00821",4,"Calcifier_T + pH",-0.06,3.94,3.93466423405102
"ambiguous_dropped","all_data","Reproduction",0.00263968477077325,"TpH","T + pH","Calcifier","ZOO_STUDY_0484","ZOO_ES_000919","ZOO_COMMON_00821",4,"Calcifier_T + pH",-0.06,3.94,3.94544235687703
"ambiguous_dropped","all_data","Reproduction",0.0107351233594397,"TpH","T + pH","Calcifier","ZOO_STUDY_0484","ZOO_ES_000920","ZOO_COMMON_00821",4,"Calcifier_T + pH",-0.06,3.94,3.93227418650407
"ambiguous_dropped","all_data","Reproduction",-0.00852580652880193,"pH","pH","Calcifier","ZOO_STUDY_0484","ZOO_ES_000921","ZOO_COMMON_00823",4,"Calcifier_pH",-0.3,3.7,3.69685562810628
"ambiguous_dropped","all_data","Reproduction",0.00775197680431792,"pH","pH","Calcifier","ZOO_STUDY_0484","ZOO_ES_000922","ZOO_COMMON_00823",4,"Calcifier_pH",-0.3,3.7,3.68645659816684
"ambiguous_dropped","all_data","Reproduction",-0.0045380493394349,"TpH","T + pH","Calcifier","ZOO_STUDY_0484","ZOO_ES_000923","ZOO_COMMON_00823",4,"Calcifier_T + pH",-0.06,3.94,3.91530361240497
"ambiguous_dropped","all_data","Reproduction",-0.363755424329535,"pH","pH","Calcifier","ZOO_STUDY_0484","ZOO_ES_000924","ZOO_COMMON_00823",4,"Calcifier_pH",-0.3,3.7,3.67619384441059
"ambiguous_dropped","all_data","Reproduction",-1.11647684143397,"pH","pH","Calcifier","ZOO_STUDY_0484","ZOO_ES_000925","ZOO_COMMON_00822",4,"Calcifier_pH",-0.3,3.7,3.67793792141601
"ambiguous_dropped","all_data","Reproduction",-0.898991903143916,"pH","pH","Calcifier","ZOO_STUDY_0484","ZOO_ES_000926","ZOO_COMMON_00822",4,"Calcifier_pH",-0.3,3.7,3.71322878225474
"ambiguous_dropped","all_data","Reproduction",-0.877163783603033,"pH","pH","Calcifier","ZOO_STUDY_0484","ZOO_ES_000927","ZOO_COMMON_00822",4,"Calcifier_pH",-0.3,3.7,3.69845220027491
"ambiguous_dropped","all_data","Reproduction",-0.464935661706492,"pH","pH","Calcifier","ZOO_STUDY_0484","ZOO_ES_000930","ZOO_COMMON_00822",4,"Calcifier_pH",-0.3,3.7,3.71754159401171
"ambiguous_dropped","all_data","Reproduction",-1.11647684143397,"TpH","T + pH","Calcifier","ZOO_STUDY_0484","ZOO_ES_000931","ZOO_COMMON_00822",4,"Calcifier_T + pH",-0.06,3.94,3.94408596952911
"ambiguous_dropped","all_data","Reproduction",-0.641392099048049,"TpH","T + pH","Calcifier","ZOO_STUDY_0484","ZOO_ES_000932","ZOO_COMMON_00822",4,"Calcifier_T + pH",-0.06,3.94,3.92434441311983
"ambiguous_dropped","all_data","Reproduction",-0.545284788870706,"TpH","T + pH","Calcifier","ZOO_STUDY_0484","ZOO_ES_000944","ZOO_COMMON_00822",4,"Calcifier_T + pH",-0.06,3.94,3.94545304892585
"ambiguous_dropped","all_data","Reproduction",-0.53465968169511,"pH","pH","Calcifier","ZOO_STUDY_0484","ZOO_ES_000945","ZOO_COMMON_00821",4,"Calcifier_pH",-0.3,3.7,3.71966708665714
"ambiguous_dropped","all_data","Reproduction",-0.505956443559337,"pH","pH","Calcifier","ZOO_STUDY_0484","ZOO_ES_000946","ZOO_COMMON_00821",4,"Calcifier_pH",-0.3,3.7,3.71471605829429
"ambiguous_dropped","all_data","Reproduction",-0.435188837227761,"TpH","T + pH","Calcifier","ZOO_STUDY_0484","ZOO_ES_000947","ZOO_COMMON_00821",4,"Calcifier_T + pH",-0.06,3.94,3.94020464169793
"ambiguous_dropped","all_data","Reproduction",-0.416472295218451,"TpH","T + pH","Calcifier","ZOO_STUDY_0484","ZOO_ES_000948","ZOO_COMMON_00821",4,"Calcifier_T + pH",-0.06,3.94,3.93615141368704
"ambiguous_dropped","all_data","Reproduction",-0.294243214231762,"TpH","T + pH","Calcifier","ZOO_STUDY_0484","ZOO_ES_000949","ZOO_COMMON_00821",4,"Calcifier_T + pH",-0.06,3.94,3.94771906438749
"ambiguous_dropped","all_data","Reproduction",-0.0900228683025246,"TpH","T + pH","Calcifier","ZOO_STUDY_0484","ZOO_ES_000950","ZOO_COMMON_00823",4,"Calcifier_T + pH",-0.06,3.94,3.95938692572294
"ambiguous_dropped","all_data","Reproduction",-0.194105241937304,"pH","pH","Calcifier","ZOO_STUDY_0484","ZOO_ES_000951","ZOO_COMMON_00821",4,"Calcifier_pH",-0.3,3.7,3.71960082355654
"ambiguous_dropped","all_data","Reproduction",-0.108619857498669,"TpH","T + pH","Calcifier","ZOO_STUDY_0484","ZOO_ES_000952","ZOO_COMMON_00821",4,"Calcifier_T + pH",-0.06,3.94,3.92391952689271
"ambiguous_dropped","all_data","Reproduction",-0.0719086247692754,"pH","pH","Calcifier","ZOO_STUDY_0484","ZOO_ES_000953","ZOO_COMMON_00822",4,"Calcifier_pH",-0.3,3.7,3.68787512123818
"ambiguous_dropped","all_data","Reproduction",-0.0695319676935199,"pH","pH","Calcifier","ZOO_STUDY_0484","ZOO_ES_000954","ZOO_COMMON_00822",4,"Calcifier_pH",-0.3,3.7,3.6806719252374
"ambiguous_dropped","all_data","Reproduction",-0.0670732379687377,"pH","pH","Calcifier","ZOO_STUDY_0484","ZOO_ES_000955","ZOO_COMMON_00822",4,"Calcifier_pH",-0.3,3.7,3.71485794793116
"ambiguous_dropped","all_data","Reproduction",-0.094908390607049,"TpH","T + pH","Calcifier","ZOO_STUDY_0484","ZOO_ES_000956","ZOO_COMMON_00822",4,"Calcifier_T + pH",-0.06,3.94,3.92047692443943
"ambiguous_dropped","all_data","Reproduction",-0.059036856492578,"TpH","T + pH","Calcifier","ZOO_STUDY_0484","ZOO_ES_000957","ZOO_COMMON_00822",4,"Calcifier_T + pH",-0.06,3.94,3.95645358473761
"ambiguous_dropped","all_data","Reproduction",-0.00588925674197298,"pH","pH","Calcifier","ZOO_STUDY_0484","ZOO_ES_000958","ZOO_COMMON_00823",4,"Calcifier_pH",-0.3,3.7,3.71355231484631
"ambiguous_dropped","all_data","Reproduction",-0.0110977876565622,"TpH","T + pH","Calcifier","ZOO_STUDY_0484","ZOO_ES_000959","ZOO_COMMON_00823",4,"Calcifier_T + pH",-0.06,3.94,3.96218447022606
"ambiguous_dropped","all_data","Reproduction",-0.00981097020704486,"TpH","T + pH","Calcifier","ZOO_STUDY_0484","ZOO_ES_000960","ZOO_COMMON_00823",4,"Calcifier_T + pH",-0.06,3.94,3.93834787967848
"ambiguous_dropped","all_data","Reproduction",-2.48571202672345,"T","T","Calcifier","ZOO_STUDY_0342","ZOO_ES_001368","ZOO_COMMON_00582",4,"Calcifier_T",-0.18,3.82,3.84199278237531
"ambiguous_dropped","all_data","Reproduction",-2.48571202672345,"TpH","T + pH","Calcifier","ZOO_STUDY_0342","ZOO_ES_001369","ZOO_COMMON_00580",4,"Calcifier_T + pH",-0.06,3.94,3.95425914712017
"ambiguous_dropped","all_data","Reproduction",-3.49940495415074,"pH","pH","Calcifier","ZOO_STUDY_0373","ZOO_ES_001375","ZOO_COMMON_00627",4,"Calcifier_pH",-0.3,3.7,3.71873039375059
"ambiguous_dropped","all_data","Reproduction",-3.49940495415074,"T","T","Calcifier","ZOO_STUDY_0373","ZOO_ES_001376","ZOO_COMMON_00629",4,"Calcifier_T",-0.18,3.82,3.81472313267179
"ambiguous_dropped","all_data","Reproduction",-3.49940495415074,"TpH","T + pH","Calcifier","ZOO_STUDY_0373","ZOO_ES_001377","ZOO_COMMON_00625",4,"Calcifier_T + pH",-0.06,3.94,3.91998495803913
"ambiguous_dropped","all_data","Reproduction",-0.00459067369606185,"pH","pH","Calcifier","ZOO_STUDY_0263","ZOO_ES_001673","ZOO_COMMON_00440",4,"Calcifier_pH",-0.3,3.7,3.68884807102149
"ambiguous_dropped","all_data","Reproduction",-0.0357458414938235,"pH","pH","Calcifier","ZOO_STUDY_0263","ZOO_ES_001674","ZOO_COMMON_00440",4,"Calcifier_pH",-0.3,3.7,3.71111110255588
"ambiguous_dropped","all_data","Reproduction",-0.0105661365056637,"pH","pH","Calcifier","ZOO_STUDY_0262","ZOO_ES_001675","ZOO_COMMON_00439",4,"Calcifier_pH",-0.3,3.7,3.69281525897095
"ambiguous_dropped","all_data","Reproduction",-0.0460911076740417,"pH","pH","Calcifier","ZOO_STUDY_0262","ZOO_ES_001676","ZOO_COMMON_00439",4,"Calcifier_pH",-0.3,3.7,3.69413559417008
"ambiguous_dropped","all_data","Reproduction",-0.00280701929154238,"pH","pH","Calcifier","ZOO_STUDY_0265","ZOO_ES_001677","ZOO_COMMON_00442",4,"Calcifier_pH",-0.3,3.7,3.67659843254369
"ambiguous_dropped","all_data","Reproduction",-0.037120607361927,"pH","pH","Calcifier","ZOO_STUDY_0265","ZOO_ES_001678","ZOO_COMMON_00442",4,"Calcifier_pH",-0.3,3.7,3.70107226434629
"ambiguous_dropped","all_data","Reproduction",-0.0110498361765576,"pH","pH","Calcifier","ZOO_STUDY_0264","ZOO_ES_001679","ZOO_COMMON_00441",4,"Calcifier_pH",-0.3,3.7,3.68105389551492
"ambiguous_dropped","all_data","Reproduction",-0.0420819454216714,"pH","pH","Calcifier","ZOO_STUDY_0264","ZOO_ES_001680","ZOO_COMMON_00441",4,"Calcifier_pH",-0.3,3.7,3.71925920882495
"ambiguous_dropped","all_data","Reproduction",0.029297249561336,"T","T","Calcifier","ZOO_STUDY_0042","ZOO_ES_001765","ZOO_COMMON_00059",4,"Calcifier_T",-0.18,3.82,3.79873231495032
"ambiguous_dropped","all_data","Reproduction",0.0219983446704046,"T","T","Calcifier","ZOO_STUDY_0042","ZOO_ES_001766","ZOO_COMMON_00059",4,"Calcifier_T",-0.18,3.82,3.83421139733866
"ambiguous_dropped","all_data","Reproduction",0.00305177348567623,"T","T","Calcifier","ZOO_STUDY_0042","ZOO_ES_001767","ZOO_COMMON_00059",4,"Calcifier_T",-0.18,3.82,3.83770661512855
"ambiguous_dropped","all_data","Reproduction",0.0557262009479657,"T","T","Calcifier","ZOO_STUDY_0042","ZOO_ES_001768","ZOO_COMMON_00059",4,"Calcifier_T",-0.18,3.82,3.79685890853172
"ambiguous_dropped","all_data","Reproduction",-0.0539238006891765,"T","T","Calcifier","ZOO_STUDY_0042","ZOO_ES_001769","ZOO_COMMON_00060",4,"Calcifier_T",-0.18,3.82,3.80875717547489
"ambiguous_dropped","all_data","Reproduction",-0.180215342686012,"T","T","Calcifier","ZOO_STUDY_0042","ZOO_ES_001770","ZOO_COMMON_00060",4,"Calcifier_T",-0.18,3.82,3.8271034974535
"ambiguous_dropped","all_data","Reproduction",-0.0413764335115182,"T","T","Calcifier","ZOO_STUDY_0060","ZOO_ES_001775","ZOO_COMMON_00088",4,"Calcifier_T",-0.18,3.82,3.83425391797675
"ambiguous_dropped","all_data","Reproduction",-0.00447894087650725,"T","T","Calcifier","ZOO_STUDY_0060","ZOO_ES_001776","ZOO_COMMON_00088",4,"Calcifier_T",-0.18,3.82,3.81500313559547
"ambiguous_dropped","all_data","Reproduction",-0.0573532968895531,"T","T","Calcifier","ZOO_STUDY_0064","ZOO_ES_001777","ZOO_COMMON_00098",4,"Calcifier_T",-0.18,3.82,3.84176511648577
"ambiguous_dropped","all_data","Reproduction",0.00860467090224423,"T","T","Calcifier","ZOO_STUDY_0064","ZOO_ES_001778","ZOO_COMMON_00098",4,"Calcifier_T",-0.18,3.82,3.81452584853861
"ambiguous_dropped","all_data","Reproduction",0.0735625671770166,"T","T","Calcifier","ZOO_STUDY_0064","ZOO_ES_001779","ZOO_COMMON_00098",4,"Calcifier_T",-0.18,3.82,3.81619796535699
"ambiguous_dropped","all_data","Reproduction",-0.274565722916068,"T","T","Calcifier","ZOO_STUDY_0064","ZOO_ES_001780","ZOO_COMMON_00098",4,"Calcifier_T",-0.18,3.82,3.80932108505396
"ambiguous_dropped","all_data","Reproduction",0.00810739693795024,"T","T","Calcifier","ZOO_STUDY_0064","ZOO_ES_001781","ZOO_COMMON_00098",4,"Calcifier_T",-0.18,3.82,3.82558742042631
"ambiguous_dropped","all_data","Reproduction",-0.00281096460565032,"T","T","Calcifier","ZOO_STUDY_0064","ZOO_ES_001782","ZOO_COMMON_00098",4,"Calcifier_T",-0.18,3.82,3.82294063693145
"ambiguous_dropped","all_data","Reproduction",0.0605833412946432,"T","T","Calcifier","ZOO_STUDY_0064","ZOO_ES_001783","ZOO_COMMON_00098",4,"Calcifier_T",-0.18,3.82,3.79699835675303
"ambiguous_dropped","all_data","Reproduction",-0.174520485482538,"T","T","Calcifier","ZOO_STUDY_0064","ZOO_ES_001784","ZOO_COMMON_00098",4,"Calcifier_T",-0.18,3.82,3.83226409734227
"ambiguous_dropped","all_data","Reproduction",-0.0213764212231482,"T","T","Calcifier","ZOO_STUDY_0064","ZOO_ES_001793","ZOO_COMMON_00098",4,"Calcifier_T",-0.18,3.82,3.80532437103568
"ambiguous_dropped","all_data","Reproduction",-0.0964948521076375,"T","T","Calcifier","ZOO_STUDY_0064","ZOO_ES_001794","ZOO_COMMON_00098",4,"Calcifier_T",-0.18,3.82,3.8278247982543
"ambiguous_dropped","all_data","Reproduction",-0.318162840421824,"T","T","Calcifier","ZOO_STUDY_0064","ZOO_ES_001795","ZOO_COMMON_00098",4,"Calcifier_T",-0.18,3.82,3.82112073356286
"ambiguous_dropped","all_data","Reproduction",-1.65519685270025,"T","T","Calcifier","ZOO_STUDY_0064","ZOO_ES_001796","ZOO_COMMON_00098",4,"Calcifier_T",-0.18,3.82,3.82667182924226
"ambiguous_dropped","all_data","Reproduction",0.00766667415378359,"T","T","Calcifier","ZOO_STUDY_0064","ZOO_ES_001797","ZOO_COMMON_00098",4,"Calcifier_T",-0.18,3.82,3.82587815669132
"ambiguous_dropped","all_data","Reproduction",0.0648525421795613,"T","T","Calcifier","ZOO_STUDY_0064","ZOO_ES_001798","ZOO_COMMON_00098",4,"Calcifier_T",-0.18,3.82,3.80924477737164
"ambiguous_dropped","all_data","Reproduction",0.0506230530755966,"T","T","Calcifier","ZOO_STUDY_0064","ZOO_ES_001799","ZOO_COMMON_00098",4,"Calcifier_T",-0.18,3.82,3.80619036112213
"ambiguous_dropped","all_data","Reproduction",-0.0030832035306343,"T","T","Calcifier","ZOO_STUDY_0064","ZOO_ES_001800","ZOO_COMMON_00098",4,"Calcifier_T",-0.18,3.82,3.82195096776588
"ambiguous_dropped","all_data","Reproduction",-0.0141509722415944,"T","T","Calcifier","ZOO_STUDY_0064","ZOO_ES_001801","ZOO_COMMON_00098",4,"Calcifier_T",-0.18,3.82,3.8448185988632
"ambiguous_dropped","all_data","Reproduction",0.0425868875675645,"T","T","Calcifier","ZOO_STUDY_0064","ZOO_ES_001802","ZOO_COMMON_00098",4,"Calcifier_T",-0.18,3.82,3.81144582684385
"ambiguous_dropped","all_data","Reproduction",0.03827030395244,"T","T","Calcifier","ZOO_STUDY_0064","ZOO_ES_001803","ZOO_COMMON_00098",4,"Calcifier_T",-0.18,3.82,3.81116680441657
"ambiguous_dropped","all_data","Reproduction",-0.00485554638266752,"T","T","Calcifier","ZOO_STUDY_0064","ZOO_ES_001804","ZOO_COMMON_00098",4,"Calcifier_T",-0.18,3.82,3.79676617589314
"ambiguous_dropped","all_data","Reproduction",-0.313757497226462,"T","T","Calcifier","ZOO_STUDY_0211","ZOO_ES_001813","ZOO_COMMON_00367",4,"Calcifier_T",-0.18,3.82,3.82128059262643
"ambiguous_dropped","all_data","Reproduction",0.133135744745969,"T","T","Calcifier","ZOO_STUDY_0211","ZOO_ES_001814","ZOO_COMMON_00367",4,"Calcifier_T",-0.18,3.82,3.82484034575056
"ambiguous_dropped","all_data","Reproduction",0.0267044608156202,"T","T","Calcifier","ZOO_STUDY_0211","ZOO_ES_001815","ZOO_COMMON_00367",4,"Calcifier_T",-0.18,3.82,3.83210433295928
"ambiguous_dropped","all_data","Reproduction",0.0138938574831632,"T","T","Calcifier","ZOO_STUDY_0211","ZOO_ES_001816","ZOO_COMMON_00367",4,"Calcifier_T",-0.18,3.82,3.84264185647946
"ambiguous_dropped","all_data","Reproduction",-1.24563712524823,"T","T","Calcifier","ZOO_STUDY_0220","ZOO_ES_001823","ZOO_COMMON_00377",4,"Calcifier_T",-0.18,3.82,3.81948106189258
"ambiguous_dropped","all_data","Reproduction",-0.0256074439351847,"T","T","Calcifier","ZOO_STUDY_0220","ZOO_ES_001824","ZOO_COMMON_00377",4,"Calcifier_T",-0.18,3.82,3.79916436727392
"ambiguous_dropped","all_data","Reproduction",0.00505458945705026,"T","T","Calcifier","ZOO_STUDY_0239","ZOO_ES_001827","ZOO_COMMON_00407",4,"Calcifier_T",-0.18,3.82,3.80799639994977
"ambiguous_dropped","all_data","Reproduction",-0.0375703237737968,"T","T","Calcifier","ZOO_STUDY_0239","ZOO_ES_001828","ZOO_COMMON_00407",4,"Calcifier_T",-0.18,3.82,3.83874233128037
"ambiguous_dropped","all_data","Reproduction",0.00305343748689047,"T","T","Calcifier","ZOO_STUDY_0247","ZOO_ES_001831","ZOO_COMMON_00420",4,"Calcifier_T",-0.18,3.82,3.83760295681888
"ambiguous_dropped","all_data","Reproduction",0.20595934170794,"T","T","Calcifier","ZOO_STUDY_0275","ZOO_ES_001863","ZOO_COMMON_00456",4,"Calcifier_T",-0.18,3.82,3.8371452332288
"ambiguous_dropped","all_data","Reproduction",0.00716476768284627,"T","T","Calcifier","ZOO_STUDY_0275","ZOO_ES_001864","ZOO_COMMON_00456",4,"Calcifier_T",-0.18,3.82,3.84234518373152
"ambiguous_dropped","all_data","Reproduction",-0.00506539564491391,"T","T","Calcifier","ZOO_STUDY_0291","ZOO_ES_001891","ZOO_COMMON_00488",4,"Calcifier_T",-0.18,3.82,3.82763408173807
"ambiguous_dropped","all_data","Reproduction",-0.0104691290476699,"T","T","Calcifier","ZOO_STUDY_0291","ZOO_ES_001892","ZOO_COMMON_00488",4,"Calcifier_T",-0.18,3.82,3.81940777826123
"ambiguous_dropped","all_data","Reproduction",0.0206150784573838,"T","T","Calcifier","ZOO_STUDY_0291","ZOO_ES_001893","ZOO_COMMON_00488",4,"Calcifier_T",-0.18,3.82,3.8043878350337
"ambiguous_dropped","all_data","Reproduction",0,"T","T","Calcifier","ZOO_STUDY_0291","ZOO_ES_001894","ZOO_COMMON_00488",4,"Calcifier_T",-0.18,3.82,3.8306516530388
"ambiguous_dropped","all_data","Reproduction",0.0155517765008369,"T","T","Calcifier","ZOO_STUDY_0291","ZOO_ES_001895","ZOO_COMMON_00488",4,"Calcifier_T",-0.18,3.82,3.79925349853467
"ambiguous_dropped","all_data","Reproduction",0.0204130378465337,"T","T","Calcifier","ZOO_STUDY_0291","ZOO_ES_001896","ZOO_COMMON_00488",4,"Calcifier_T",-0.18,3.82,3.81805997028016
"ambiguous_dropped","all_data","Reproduction",0.0205140632545097,"T","T","Calcifier","ZOO_STUDY_0291","ZOO_ES_001897","ZOO_COMMON_00488",4,"Calcifier_T",-0.18,3.82,3.84179536533076
"ambiguous_dropped","all_data","Reproduction",0.0257533699498646,"T","T","Calcifier","ZOO_STUDY_0291","ZOO_ES_001898","ZOO_COMMON_00488",4,"Calcifier_T",-0.18,3.82,3.8372646833933
"ambiguous_dropped","all_data","Reproduction",-0.204548172208572,"T","T","Calcifier","ZOO_STUDY_0343","ZOO_ES_001920","ZOO_COMMON_00584",4,"Calcifier_T",-0.18,3.82,3.83080933584599
"ambiguous_dropped","all_data","Reproduction",-0.756359734652413,"T","T","Calcifier","ZOO_STUDY_0343","ZOO_ES_001921","ZOO_COMMON_00584",4,"Calcifier_T",-0.18,3.82,3.80119031741517
"ambiguous_dropped","all_data","Reproduction",-0.0236958035909246,"T","T","Calcifier","ZOO_STUDY_0405","ZOO_ES_001933","ZOO_COMMON_00680",4,"Calcifier_T",-0.18,3.82,3.82474137306446
"ambiguous_dropped","all_data","Reproduction",-0.708075167986997,"T","T","Calcifier","ZOO_STUDY_0405","ZOO_ES_001934","ZOO_COMMON_00680",4,"Calcifier_T",-0.18,3.82,3.84449264007155
"ambiguous_dropped","all_data","Reproduction",-0.00937995412981545,"T","T","Calcifier","ZOO_STUDY_0420","ZOO_ES_001935","ZOO_COMMON_00711",4,"Calcifier_T",-0.18,3.82,3.82577042439254
"ambiguous_dropped","all_data","Reproduction",-0.00520021972710738,"T","T","Calcifier","ZOO_STUDY_0420","ZOO_ES_001936","ZOO_COMMON_00711",4,"Calcifier_T",-0.18,3.82,3.80865388334962
"ambiguous_dropped","all_data","Reproduction",-0.010427623162259,"T","T","Calcifier","ZOO_STUDY_0420","ZOO_ES_001937","ZOO_COMMON_00711",4,"Calcifier_T",-0.18,3.82,3.79818534215912
"ambiguous_dropped","all_data","Reproduction",0.00205338881184223,"T","T","Calcifier","ZOO_STUDY_0420","ZOO_ES_001944","ZOO_COMMON_00712",4,"Calcifier_T",-0.18,3.82,3.79861516377889
"ambiguous_dropped","all_data","Reproduction",-0.0669394826751093,"T","T","Calcifier","ZOO_STUDY_0420","ZOO_ES_001945","ZOO_COMMON_00712",4,"Calcifier_T",-0.18,3.82,3.8386755607021
"ambiguous_dropped","all_data","Reproduction",-1.49588901939692,"T","T","Calcifier","ZOO_STUDY_0420","ZOO_ES_001946","ZOO_COMMON_00712",4,"Calcifier_T",-0.18,3.82,3.81314124983503
"ambiguous_dropped","all_data","Reproduction",-0.093408182133985,"T","T","Calcifier","ZOO_STUDY_0420","ZOO_ES_001957","ZOO_COMMON_00706",4,"Calcifier_T",-0.18,3.82,3.84228110745782
"ambiguous_dropped","all_data","Reproduction",-0.351819872285653,"T","T","Calcifier","ZOO_STUDY_0420","ZOO_ES_001958","ZOO_COMMON_00706",4,"Calcifier_T",-0.18,3.82,3.82291594699956
"ambiguous_dropped","all_data","Reproduction",-1.61244845158697,"T","T","Calcifier","ZOO_STUDY_0420","ZOO_ES_001959","ZOO_COMMON_00706",4,"Calcifier_T",-0.18,3.82,3.82063305754447
"ambiguous_dropped","all_data","Reproduction",-0.00301053915287115,"T","T","Calcifier","ZOO_STUDY_0420","ZOO_ES_001960","ZOO_COMMON_00709",4,"Calcifier_T",-0.18,3.82,3.84238858317723
"ambiguous_dropped","all_data","Reproduction",-0.00301053915287115,"T","T","Calcifier","ZOO_STUDY_0420","ZOO_ES_001961","ZOO_COMMON_00709",4,"Calcifier_T",-0.18,3.82,3.80049007977825
"ambiguous_dropped","all_data","Reproduction",-0.0212666242686812,"T","T","Calcifier","ZOO_STUDY_0420","ZOO_ES_001962","ZOO_COMMON_00709",4,"Calcifier_T",-0.18,3.82,3.8359453775268
"ambiguous_dropped","all_data","Reproduction",-0.0779615414697118,"pH","pH","Calcifier","ZOO_STUDY_0044","ZOO_ES_002344","ZOO_COMMON_00062",4,"Calcifier_pH",-0.3,3.7,3.69386710533872
"ambiguous_dropped","all_data","Reproduction",0.0953101798043249,"pH","pH","Calcifier","ZOO_STUDY_0133","ZOO_ES_002368","ZOO_COMMON_00229",4,"Calcifier_pH",-0.3,3.7,3.70283205239102
"ambiguous_dropped","all_data","Reproduction",0.0289875368732522,"pH","pH","Calcifier","ZOO_STUDY_0133","ZOO_ES_002369","ZOO_COMMON_00230",4,"Calcifier_pH",-0.3,3.7,3.69069355933461
"ambiguous_dropped","all_data","Reproduction",-1.41706601978664,"pH","pH","Calcifier","ZOO_STUDY_0133","ZOO_ES_002370","ZOO_COMMON_00231",4,"Calcifier_pH",-0.3,3.7,3.67911714401562
"ambiguous_dropped","all_data","Reproduction",-1.42403468910274,"pH","pH","Calcifier","ZOO_STUDY_0133","ZOO_ES_002371","ZOO_COMMON_00232",4,"Calcifier_pH",-0.3,3.7,3.71399687711382
"ambiguous_dropped","all_data","Reproduction",-0.0584962066816085,"pH","pH","Calcifier","ZOO_STUDY_0190","ZOO_ES_002397","ZOO_COMMON_00332",4,"Calcifier_pH",-0.3,3.7,3.68466173642082
"ambiguous_dropped","all_data","Reproduction",-0.0828876598057677,"pH","pH","Calcifier","ZOO_STUDY_0190","ZOO_ES_002398","ZOO_COMMON_00332",4,"Calcifier_pH",-0.3,3.7,3.70777927337913
"ambiguous_dropped","all_data","Reproduction",0.0117639188979967,"pH","pH","Calcifier","ZOO_STUDY_0198","ZOO_ES_002412","ZOO_COMMON_00350",4,"Calcifier_pH",-0.3,3.7,3.69675735266646
"ambiguous_dropped","all_data","Reproduction",-0.113328685307003,"pH","pH","Calcifier","ZOO_STUDY_0259","ZOO_ES_002435","ZOO_COMMON_00436",4,"Calcifier_pH",-0.3,3.7,3.68485741632758
"ambiguous_dropped","all_data","Reproduction",-0.405465108108164,"pH","pH","Calcifier","ZOO_STUDY_0425","ZOO_ES_002465","ZOO_COMMON_00720",4,"Calcifier_pH",-0.3,3.7,3.7247330211103
"ambiguous_dropped","all_data","Reproduction",-0.156160730755283,"pH","pH","Calcifier","ZOO_STUDY_0438","ZOO_ES_002469","ZOO_COMMON_00743",4,"Calcifier_pH",-0.3,3.7,3.69733714332106
"ambiguous_dropped","all_data","Reproduction",-0.585161339663438,"pH","pH","Calcifier","ZOO_STUDY_0439","ZOO_ES_002470","ZOO_COMMON_00744",4,"Calcifier_pH",-0.3,3.7,3.67657133321045
"ambiguous_dropped","all_data","Reproduction",-0.052691570075639,"pH","pH","Calcifier","ZOO_STUDY_0457","ZOO_ES_002471","ZOO_COMMON_00767",4,"Calcifier_pH",-0.3,3.7,3.72185082790675
"ambiguous_dropped","all_data","Reproduction",-0.083381608939051,"pH","pH","Calcifier","ZOO_STUDY_0461","ZOO_ES_002474","ZOO_COMMON_00776",4,"Calcifier_pH",-0.3,3.7,3.71854919771431
"ambiguous_dropped","all_data","Reproduction",-0.0118344576470028,"pH","pH","Calcifier","ZOO_STUDY_0485","ZOO_ES_002499","ZOO_COMMON_00825",4,"Calcifier_pH",-0.3,3.7,3.70506231416948
"ambiguous_dropped","all_data","Reproduction",-0.423814246776361,"pH","pH","Calcifier","ZOO_STUDY_0485","ZOO_ES_002500","ZOO_COMMON_00824",4,"Calcifier_pH",-0.3,3.7,3.68995077281725
"ambiguous_dropped","all_data","Reproduction",-0.1227058471196,"pH","pH","Calcifier","ZOO_STUDY_0505","ZOO_ES_002511","ZOO_COMMON_00867",4,"Calcifier_pH",-0.3,3.7,3.71546731375856
"ambiguous_dropped","all_data","Reproduction",-0.0191699161077202,"pH","pH","Calcifier","ZOO_STUDY_0506","ZOO_ES_002514","ZOO_COMMON_00868",4,"Calcifier_pH",-0.3,3.7,3.72260711925337
"ambiguous_dropped","all_data","Reproduction",-0.300954115203805,"pH","pH","Calcifier","ZOO_STUDY_0482","ZOO_ES_002726","ZOO_COMMON_00819",4,"Calcifier_pH",-0.3,3.7,3.71760269856313
"ambiguous_dropped","all_data","Reproduction",-0.896926364692364,"pH","pH","Calcifier","ZOO_STUDY_0482","ZOO_ES_002727","ZOO_COMMON_00819",4,"Calcifier_pH",-0.3,3.7,3.68136548679322
"ambiguous_dropped","all_data","Reproduction",0.010695289116748,"pH","pH","Calcifier","ZOO_STUDY_0191","ZOO_ES_002788","ZOO_COMMON_00337",4,"Calcifier_pH",-0.3,3.7,3.72344411748927
"ambiguous_dropped","all_data","Reproduction",0,"pH","pH","Calcifier","ZOO_STUDY_0191","ZOO_ES_002789","ZOO_COMMON_00336",4,"Calcifier_pH",-0.3,3.7,3.70285505043576
"ambiguous_dropped","all_data","Reproduction",-0.0327898228229908,"pH","pH","Calcifier","ZOO_STUDY_0191","ZOO_ES_002790","ZOO_COMMON_00337",4,"Calcifier_pH",-0.3,3.7,3.67526822236832
"ambiguous_dropped","all_data","Reproduction",-0.241162056816888,"pH","pH","Calcifier","ZOO_STUDY_0191","ZOO_ES_002791","ZOO_COMMON_00336",4,"Calcifier_pH",-0.3,3.7,3.68178819598397
"ambiguous_dropped","all_data","Reproduction",0.0750351859429141,"pH","pH","Calcifier","ZOO_STUDY_0253","ZOO_ES_002808","ZOO_COMMON_00426",4,"Calcifier_pH",-0.3,3.7,3.67529235507827
"ambiguous_dropped","all_data","Reproduction",-0.0540672212702758,"pH","pH","Calcifier","ZOO_STUDY_0308","ZOO_ES_002830","ZOO_COMMON_00528",4,"Calcifier_pH",-0.3,3.7,3.71584370310884
"ambiguous_dropped","all_data","Reproduction",-0.0618754037180875,"pH","pH","Calcifier","ZOO_STUDY_0308","ZOO_ES_002831","ZOO_COMMON_00528",4,"Calcifier_pH",-0.3,3.7,3.71410817939322
"ambiguous_dropped","all_data","Reproduction",-0.0631789016215316,"pH","pH","Calcifier","ZOO_STUDY_0308","ZOO_ES_002832","ZOO_COMMON_00528",4,"Calcifier_pH",-0.3,3.7,3.72155331429094
"ambiguous_dropped","all_data","Reproduction",-0.154150679827258,"pH","pH","Calcifier","ZOO_STUDY_0308","ZOO_ES_002833","ZOO_COMMON_00528",4,"Calcifier_pH",-0.3,3.7,3.69343449411681
"ambiguous_dropped","all_data","Reproduction",-0.136336443552131,"pH","pH","Calcifier","ZOO_STUDY_0308","ZOO_ES_002834","ZOO_COMMON_00528",4,"Calcifier_pH",-0.3,3.7,3.72372274370864
"ambiguous_dropped","all_data","Reproduction",-0.0640788566845224,"pH","pH","Calcifier","ZOO_STUDY_0308","ZOO_ES_002835","ZOO_COMMON_00528",4,"Calcifier_pH",-0.3,3.7,3.71618718409445
"ambiguous_dropped","all_data","Reproduction",-0.00110181811116699,"pH","pH","Calcifier","ZOO_STUDY_0090","ZOO_ES_003015","ZOO_COMMON_00155",4,"Calcifier_pH",-0.3,3.7,3.7143724431633
"ambiguous_dropped","all_data","Reproduction",0.0552626786750495,"pH","pH","Calcifier","ZOO_STUDY_0535","ZOO_ES_003020","ZOO_COMMON_00909",4,"Calcifier_pH",-0.3,3.7,3.70614129173337
"ambiguous_dropped","all_data","Reproduction",0.105360515657826,"pH","pH","Calcifier","ZOO_STUDY_0131","ZOO_ES_003032","ZOO_COMMON_00227",4,"Calcifier_pH",-0.3,3.7,3.72336774644209
"ambiguous_dropped","all_data","Reproduction",0.262364264467491,"T","T","Calcifier","ZOO_STUDY_0158","ZOO_ES_003060","ZOO_COMMON_00269",4,"Calcifier_T",-0.18,3.82,3.81999592453241
"ambiguous_dropped","all_data","Reproduction",0.1633250561033,"pH","pH","Calcifier","ZOO_STUDY_0158","ZOO_ES_003061","ZOO_COMMON_00274",4,"Calcifier_pH",-0.3,3.7,3.71968477998162
"ambiguous_dropped","all_data","Reproduction",0.0645385211375712,"T","T","Calcifier","ZOO_STUDY_0158","ZOO_ES_003062","ZOO_COMMON_00269",4,"Calcifier_T",-0.18,3.82,3.81505216234829
"ambiguous_dropped","all_data","Reproduction",0.0645385211375712,"T","T","Calcifier","ZOO_STUDY_0158","ZOO_ES_003063","ZOO_COMMON_00269",4,"Calcifier_T",-0.18,3.82,3.81737708048197
"ambiguous_dropped","all_data","Reproduction",0.0416726964005681,"T","T","Calcifier","ZOO_STUDY_0158","ZOO_ES_003064","ZOO_COMMON_00267",4,"Calcifier_T",-0.18,3.82,3.84178895410616
"ambiguous_dropped","all_data","Reproduction",0.00804833318282842,"T","T","Calcifier","ZOO_STUDY_0158","ZOO_ES_003065","ZOO_COMMON_00271",4,"Calcifier_T",-0.18,3.82,3.82916660986841
"ambiguous_dropped","all_data","Reproduction",0.00503779402995708,"T","T","Calcifier","ZOO_STUDY_0158","ZOO_ES_003066","ZOO_COMMON_00271",4,"Calcifier_T",-0.18,3.82,3.79590815650765
"ambiguous_dropped","all_data","Reproduction",0.00503779402995708,"TpH","T + pH","Calcifier","ZOO_STUDY_0158","ZOO_ES_003067","ZOO_COMMON_00271",4,"Calcifier_T + pH",-0.06,3.94,3.92327633588342
"ambiguous_dropped","all_data","Reproduction",0,"T","T","Calcifier","ZOO_STUDY_0158","ZOO_ES_003070","ZOO_COMMON_00271",4,"Calcifier_T",-0.18,3.82,3.81979172494495
"ambiguous_dropped","all_data","Reproduction",-0.010152371464018,"pH","pH","Calcifier","ZOO_STUDY_0158","ZOO_ES_003071","ZOO_COMMON_00272",4,"Calcifier_pH",-0.3,3.7,3.69632676140172
"ambiguous_dropped","all_data","Reproduction",-0.010152371464018,"T","T","Calcifier","ZOO_STUDY_0158","ZOO_ES_003073","ZOO_COMMON_00273",4,"Calcifier_T",-0.18,3.82,3.84460265603149
"ambiguous_dropped","all_data","Reproduction",-0.0215062052209636,"T","T","Calcifier","ZOO_STUDY_0158","ZOO_ES_003075","ZOO_COMMON_00267",4,"Calcifier_T",-0.18,3.82,3.83944750619587
"ambiguous_dropped","all_data","Reproduction",-0.0307716586667537,"TpH","T + pH","Calcifier","ZOO_STUDY_0158","ZOO_ES_003076","ZOO_COMMON_00273",4,"Calcifier_T + pH",-0.06,3.94,3.93228776856326
"ambiguous_dropped","all_data","Reproduction",-0.0324352757531538,"TpH","T + pH","Calcifier","ZOO_STUDY_0158","ZOO_ES_003077","ZOO_COMMON_00267",4,"Calcifier_T + pH",-0.06,3.94,3.9502922062506
"ambiguous_dropped","all_data","Reproduction",-0.0434851119397388,"TpH","T + pH","Calcifier","ZOO_STUDY_0158","ZOO_ES_003078","ZOO_COMMON_00267",4,"Calcifier_T + pH",-0.06,3.94,3.96043623435311
"ambiguous_dropped","all_data","Reproduction",-0.0631789016215316,"pH","pH","Calcifier","ZOO_STUDY_0158","ZOO_ES_003079","ZOO_COMMON_00268",4,"Calcifier_pH",-0.3,3.7,3.70881464435952
"ambiguous_dropped","all_data","Reproduction",-0.11247798342669,"T","T","Calcifier","ZOO_STUDY_0158","ZOO_ES_003080","ZOO_COMMON_00267",4,"Calcifier_T",-0.18,3.82,3.82695501356386
"ambiguous_dropped","all_data","Reproduction",-0.124454174473406,"TpH","T + pH","Calcifier","ZOO_STUDY_0158","ZOO_ES_003081","ZOO_COMMON_00267",4,"Calcifier_T + pH",-0.06,3.94,3.92248022635235
"ambiguous_dropped","all_data","Reproduction",-0.29105475693042,"TpH","T + pH","Calcifier","ZOO_STUDY_0158","ZOO_ES_003082","ZOO_COMMON_00273",4,"Calcifier_T + pH",-0.06,3.94,3.9450562695018
"ambiguous_dropped","all_data","Reproduction",-0.436236766774918,"T","T","Calcifier","ZOO_STUDY_0158","ZOO_ES_003083","ZOO_COMMON_00273",4,"Calcifier_T",-0.18,3.82,3.80863756179344
"ambiguous_dropped","all_data","Reproduction",-1.09861228866811,"TpH","T + pH","Calcifier","ZOO_STUDY_0158","ZOO_ES_003084","ZOO_COMMON_00269",4,"Calcifier_T + pH",-0.06,3.94,3.93789266855223
"ambiguous_dropped","all_data","Reproduction",-1.37624402526639,"TpH","T + pH","Calcifier","ZOO_STUDY_0158","ZOO_ES_003085","ZOO_COMMON_00273",4,"Calcifier_T + pH",-0.06,3.94,3.92611265466316
"ambiguous_dropped","all_data","Reproduction",-1.43811942898448,"T","T","Calcifier","ZOO_STUDY_0158","ZOO_ES_003086","ZOO_COMMON_00273",4,"Calcifier_T",-0.18,3.82,3.80774607584346
"ambiguous_dropped","all_data","Reproduction",-1.67397643357167,"pH","pH","Calcifier","ZOO_STUDY_0158","ZOO_ES_003087","ZOO_COMMON_00270",4,"Calcifier_pH",-0.3,3.7,3.7076843863586
"ambiguous_dropped","all_data","Reproduction",-1.79175946922805,"TpH","T + pH","Calcifier","ZOO_STUDY_0158","ZOO_ES_003088","ZOO_COMMON_00269",4,"Calcifier_T + pH",-0.06,3.94,3.93859965805663
"ambiguous_dropped","all_data","Reproduction",-2.01490302054226,"TpH","T + pH","Calcifier","ZOO_STUDY_0158","ZOO_ES_003089","ZOO_COMMON_00269",4,"Calcifier_T + pH",-0.06,3.94,3.92304815178271
"ambiguous_dropped","all_data","Reproduction",-0.370373788296894,"pH","pH","Calcifier","ZOO_STUDY_0186","ZOO_ES_003093","ZOO_COMMON_00325",4,"Calcifier_pH",-0.3,3.7,3.6886040167301
"ambiguous_dropped","all_data","Reproduction",-0.405465108108164,"pH","pH","Calcifier","ZOO_STUDY_0186","ZOO_ES_003094","ZOO_COMMON_00325",4,"Calcifier_pH",-0.3,3.7,3.71064780465094
"ambiguous_dropped","all_data","Reproduction",-0.201208474447954,"pH","pH","Calcifier","ZOO_STUDY_0199","ZOO_ES_003104","ZOO_COMMON_00351",4,"Calcifier_pH",-0.3,3.7,3.70566768260906
"ambiguous_dropped","all_data","Reproduction",0.0346855579878901,"TpH","T + pH","Calcifier","ZOO_STUDY_0210","ZOO_ES_003112","ZOO_COMMON_00366",4,"Calcifier_T + pH",-0.06,3.94,3.92160609831102
"ambiguous_dropped","all_data","Reproduction",0.0116960397631912,"TpH","T + pH","Calcifier","ZOO_STUDY_0210","ZOO_ES_003113","ZOO_COMMON_00366",4,"Calcifier_T + pH",-0.06,3.94,3.91850036266027
"ambiguous_dropped","all_data","Reproduction",-0.0359320092260633,"pH","pH","Calcifier","ZOO_STUDY_0210","ZOO_ES_003114","ZOO_COMMON_00365",4,"Calcifier_pH",-0.3,3.7,3.72331325064879
"ambiguous_dropped","all_data","Reproduction",-0.0482021018178777,"pH","pH","Calcifier","ZOO_STUDY_0210","ZOO_ES_003115","ZOO_COMMON_00365",4,"Calcifier_pH",-0.3,3.7,3.69341351389885
"ambiguous_dropped","all_data","Reproduction",-0.0408219945202552,"pH","pH","Calcifier","ZOO_STUDY_0222","ZOO_ES_003119","ZOO_COMMON_00383",4,"Calcifier_pH",-0.3,3.7,3.70887270423118
"ambiguous_dropped","all_data","Reproduction",-0.0625203569813339,"pH","pH","Calcifier","ZOO_STUDY_0222","ZOO_ES_003120","ZOO_COMMON_00380",4,"Calcifier_pH",-0.3,3.7,3.71729758651927
"ambiguous_dropped","all_data","Reproduction",0.00102197249569319,"T","T","Calcifier","ZOO_STUDY_0280","ZOO_ES_003137","ZOO_COMMON_00468",4,"Calcifier_T",-0.18,3.82,3.80708251926582
"ambiguous_dropped","all_data","Reproduction",-0.00821359853738874,"TpH","T + pH","Calcifier","ZOO_STUDY_0280","ZOO_ES_003138","ZOO_COMMON_00468",4,"Calcifier_T + pH",-0.06,3.94,3.91675754955271
"ambiguous_dropped","all_data","Reproduction",-0.0248459985865307,"pH","pH","Calcifier","ZOO_STUDY_0280","ZOO_ES_003140","ZOO_COMMON_00466",4,"Calcifier_pH",-0.3,3.7,3.70476201183628
"ambiguous_dropped","all_data","Reproduction",-0.117783035656384,"T","T","Calcifier","ZOO_STUDY_0391","ZOO_ES_003176","ZOO_COMMON_00656",4,"Calcifier_T",-0.18,3.82,3.8368095564004
"ambiguous_dropped","all_data","Reproduction",-0.182321556793955,"pH","pH","Calcifier","ZOO_STUDY_0391","ZOO_ES_003177","ZOO_COMMON_00656",4,"Calcifier_pH",-0.3,3.7,3.6931124605122
"ambiguous_dropped","all_data","Reproduction",-0.22314355131421,"TpH","T + pH","Calcifier","ZOO_STUDY_0391","ZOO_ES_003178","ZOO_COMMON_00656",4,"Calcifier_T + pH",-0.06,3.94,3.93160942666931
"ambiguous_dropped","all_data","Reproduction",-0.251314428280906,"pH","pH","Calcifier","ZOO_STUDY_0391","ZOO_ES_003179","ZOO_COMMON_00656",4,"Calcifier_pH",-0.3,3.7,3.70723681653617
"ambiguous_dropped","all_data","Reproduction",-0.356674943938732,"TpH","T + pH","Calcifier","ZOO_STUDY_0391","ZOO_ES_003180","ZOO_COMMON_00656",4,"Calcifier_T + pH",-0.06,3.94,3.96293075683992
"ambiguous_dropped","all_data","Reproduction",-0.379489621704904,"pH","pH","Calcifier","ZOO_STUDY_0458","ZOO_ES_003196","ZOO_COMMON_00768",4,"Calcifier_pH",-0.3,3.7,3.70481018142309
"ambiguous_dropped","all_data","Reproduction",-0.593063722002963,"pH","pH","Calcifier","ZOO_STUDY_0458","ZOO_ES_003197","ZOO_COMMON_00768",4,"Calcifier_pH",-0.3,3.7,3.70051400089869
"ambiguous_dropped","all_data","Reproduction",-2.71409251555817,"pH","pH","Calcifier","ZOO_STUDY_0458","ZOO_ES_003198","ZOO_COMMON_00769",4,"Calcifier_pH",-0.3,3.7,3.68276320679579
"ambiguous_dropped","all_data","Reproduction",-2.91476321102032,"pH","pH","Calcifier","ZOO_STUDY_0458","ZOO_ES_003199","ZOO_COMMON_00769",4,"Calcifier_pH",-0.3,3.7,3.71729255027603
"ambiguous_dropped","all_data","Reproduction",-0.0159154553058996,"pH","pH","Calcifier","ZOO_STUDY_0526","ZOO_ES_003211","ZOO_COMMON_00896",4,"Calcifier_pH",-0.3,3.7,3.68571902128169
"ambiguous_dropped","all_data","Reproduction",-0.0266682470821613,"pH","pH","Calcifier","ZOO_STUDY_0526","ZOO_ES_003212","ZOO_COMMON_00896",4,"Calcifier_pH",-0.3,3.7,3.70849366224138
"ambiguous_dropped","all_data","Reproduction",0,"pH","pH","Calcifier","ZOO_STUDY_0527","ZOO_ES_003217","ZOO_COMMON_00897",4,"Calcifier_pH",-0.3,3.7,3.70588782256236
"ambiguous_dropped","all_data","Reproduction",-0.010152371464018,"pH","pH","Calcifier","ZOO_STUDY_0527","ZOO_ES_003218","ZOO_COMMON_00897",4,"Calcifier_pH",-0.3,3.7,3.67749998884974
"ambiguous_dropped","all_data","Reproduction",-0.228518698303197,"pH","pH","Calcifier","ZOO_STUDY_0527","ZOO_ES_003219","ZOO_COMMON_00897",4,"Calcifier_pH",-0.3,3.7,3.72246993877925
"ambiguous_dropped","all_data","Reproduction",-0.638374154712654,"pH","pH","Calcifier","ZOO_STUDY_0527","ZOO_ES_003220","ZOO_COMMON_00897",4,"Calcifier_pH",-0.3,3.7,3.70412760158069
"ambiguous_dropped","all_data","Reproduction",-0.880259273925429,"pH","pH","Calcifier","ZOO_STUDY_0528","ZOO_ES_003221","ZOO_COMMON_00898",4,"Calcifier_pH",-0.3,3.7,3.71804771685274
"ambiguous_dropped","all_data","Reproduction",-1.4081730824957,"pH","pH","Calcifier","ZOO_STUDY_0528","ZOO_ES_003222","ZOO_COMMON_00898",4,"Calcifier_pH",-0.3,3.7,3.70092336246744
"ambiguous_dropped","all_data","Reproduction",-0.0781812975413578,"pH","pH","Non-calcifier","ZOO_STUDY_0018","ZOO_ES_000025","ZOO_COMMON_00026",4,"Non-calcifier_pH",0.06,4.06,4.04830637417268
"ambiguous_dropped","all_data","Reproduction",0.00708863727773454,"T","T","Non-calcifier","ZOO_STUDY_0018","ZOO_ES_000026","ZOO_COMMON_00026",4,"Non-calcifier_T",0.18,4.18,4.18486888317391
"ambiguous_dropped","all_data","Reproduction",-0.0532206962049096,"T","T","Non-calcifier","ZOO_STUDY_0018","ZOO_ES_000027","ZOO_COMMON_00026",4,"Non-calcifier_T",0.18,4.18,4.19477880420862
"ambiguous_dropped","all_data","Reproduction",-0.00509425452174308,"TpH","T + pH","Non-calcifier","ZOO_STUDY_0018","ZOO_ES_000028","ZOO_COMMON_00026",4,"Non-calcifier_T + pH",0.3,4.3,4.30946430187905
"ambiguous_dropped","all_data","Reproduction",-0.101528661538349,"TpH","T + pH","Non-calcifier","ZOO_STUDY_0018","ZOO_ES_000029","ZOO_COMMON_00026",4,"Non-calcifier_T + pH",0.3,4.3,4.29903158223024
"ambiguous_dropped","all_data","Reproduction",-0.00501757199197948,"pH","pH","Non-calcifier","ZOO_STUDY_0018","ZOO_ES_000030","ZOO_COMMON_00026",4,"Non-calcifier_pH",0.06,4.06,4.05829646943836
"ambiguous_dropped","all_data","Reproduction",0,"T","T","Non-calcifier","ZOO_STUDY_0018","ZOO_ES_000031","ZOO_COMMON_00026",4,"Non-calcifier_T",0.18,4.18,4.18592061675852
"ambiguous_dropped","all_data","Reproduction",-0.161518429164191,"T","T","Non-calcifier","ZOO_STUDY_0018","ZOO_ES_000032","ZOO_COMMON_00026",4,"Non-calcifier_T",0.18,4.18,4.17746352571528
"ambiguous_dropped","all_data","Reproduction",-0.0253434750060184,"TpH","T + pH","Non-calcifier","ZOO_STUDY_0018","ZOO_ES_000033","ZOO_COMMON_00026",4,"Non-calcifier_T + pH",0.3,4.3,4.30513537663501
"ambiguous_dropped","all_data","Reproduction",-0.125697152712374,"TpH","T + pH","Non-calcifier","ZOO_STUDY_0018","ZOO_ES_000034","ZOO_COMMON_00026",4,"Non-calcifier_T + pH",0.3,4.3,4.27523044870468
"ambiguous_dropped","all_data","Reproduction",0.0270390288959121,"pH","pH","Non-calcifier","ZOO_STUDY_0085","ZOO_ES_000267","ZOO_COMMON_00139",4,"Non-calcifier_pH",0.06,4.06,4.08474972562632
"ambiguous_dropped","all_data","Reproduction",0.0403425187379146,"T","T","Non-calcifier","ZOO_STUDY_0085","ZOO_ES_000268","ZOO_COMMON_00139",4,"Non-calcifier_T",0.18,4.18,4.17532312242081
"ambiguous_dropped","all_data","Reproduction",0,"TpH","T + pH","Non-calcifier","ZOO_STUDY_0085","ZOO_ES_000269","ZOO_COMMON_00139",4,"Non-calcifier_T + pH",0.3,4.3,4.2808975818567
"ambiguous_dropped","all_data","Reproduction",-0.0367618625770386,"pH","pH","Non-calcifier","ZOO_STUDY_0085","ZOO_ES_000270","ZOO_COMMON_00135",4,"Non-calcifier_pH",0.06,4.06,4.07847695476608
"ambiguous_dropped","all_data","Reproduction",0.0267375347472526,"T","T","Non-calcifier","ZOO_STUDY_0085","ZOO_ES_000271","ZOO_COMMON_00135",4,"Non-calcifier_T",0.18,4.18,4.18200964782853
"ambiguous_dropped","all_data","Reproduction",-0.0461387180170395,"TpH","T + pH","Non-calcifier","ZOO_STUDY_0085","ZOO_ES_000272","ZOO_COMMON_00135",4,"Non-calcifier_T + pH",0.3,4.3,4.31907988339663
"ambiguous_dropped","all_data","Reproduction",-0.201812029116291,"pH","pH","Non-calcifier","ZOO_STUDY_0105","ZOO_ES_000310","ZOO_COMMON_00182",4,"Non-calcifier_pH",0.06,4.06,4.0368769919523
"ambiguous_dropped","all_data","Reproduction",-1.07751636548176,"T","T","Non-calcifier","ZOO_STUDY_0105","ZOO_ES_000311","ZOO_COMMON_00182",4,"Non-calcifier_T",0.18,4.18,4.19907169810729
"ambiguous_dropped","all_data","Reproduction",-0.495664124423891,"T","T","Non-calcifier","ZOO_STUDY_0105","ZOO_ES_000312","ZOO_COMMON_00182",4,"Non-calcifier_T",0.18,4.18,4.19111748348922
"ambiguous_dropped","all_data","Reproduction",-0.617934431698444,"TpH","T + pH","Non-calcifier","ZOO_STUDY_0105","ZOO_ES_000313","ZOO_COMMON_00182",4,"Non-calcifier_T + pH",0.3,4.3,4.31349051482975
"ambiguous_dropped","all_data","Reproduction",-1.63595471303625,"TpH","T + pH","Non-calcifier","ZOO_STUDY_0105","ZOO_ES_000314","ZOO_COMMON_00182",4,"Non-calcifier_T + pH",0.3,4.3,4.31817968544783
"ambiguous_dropped","all_data","Reproduction",-0.159065106140909,"pH","pH","Non-calcifier","ZOO_STUDY_0281","ZOO_ES_000548","ZOO_COMMON_00471",4,"Non-calcifier_pH",0.06,4.06,4.0600371051603
"ambiguous_dropped","all_data","Reproduction",-0.394495985124408,"T","T","Non-calcifier","ZOO_STUDY_0281","ZOO_ES_000549","ZOO_COMMON_00471",4,"Non-calcifier_T",0.18,4.18,4.20129320121603
"ambiguous_dropped","all_data","Reproduction",-0.0198020438650044,"T","T","Non-calcifier","ZOO_STUDY_0281","ZOO_ES_000550","ZOO_COMMON_00471",4,"Non-calcifier_T",0.18,4.18,4.16540373351425
"ambiguous_dropped","all_data","Reproduction",-0.420280094939554,"TpH","T + pH","Non-calcifier","ZOO_STUDY_0281","ZOO_ES_000551","ZOO_COMMON_00471",4,"Non-calcifier_T + pH",0.3,4.3,4.27635527969105
"ambiguous_dropped","all_data","Reproduction",-0.00985267717010955,"TpH","T + pH","Non-calcifier","ZOO_STUDY_0281","ZOO_ES_000552","ZOO_COMMON_00471",4,"Non-calcifier_T + pH",0.3,4.3,4.29078965360532
"ambiguous_dropped","all_data","Reproduction",-0.208106137390281,"pH","pH","Non-calcifier","ZOO_STUDY_0327","ZOO_ES_000561","ZOO_COMMON_00558",4,"Non-calcifier_pH",0.06,4.06,4.06800561248325
"ambiguous_dropped","all_data","Reproduction",-0.48097322746155,"pH","pH","Non-calcifier","ZOO_STUDY_0327","ZOO_ES_000562","ZOO_COMMON_00558",4,"Non-calcifier_pH",0.06,4.06,4.05073456503684
"ambiguous_dropped","all_data","Reproduction",-1.81010955963659,"T","T","Non-calcifier","ZOO_STUDY_0327","ZOO_ES_000563","ZOO_COMMON_00558",4,"Non-calcifier_T",0.18,4.18,4.20222306939075
"ambiguous_dropped","all_data","Reproduction",-1.773744252332,"TpH","T + pH","Non-calcifier","ZOO_STUDY_0327","ZOO_ES_000564","ZOO_COMMON_00558",4,"Non-calcifier_T + pH",0.3,4.3,4.31394852899248
"ambiguous_dropped","all_data","Reproduction",-0.0397404692250897,"pH","pH","Non-calcifier","ZOO_STUDY_0394","ZOO_ES_000759","ZOO_COMMON_00660",4,"Non-calcifier_pH",0.06,4.06,4.05197156231385
"ambiguous_dropped","all_data","Reproduction",-0.119408605314249,"T","T","Non-calcifier","ZOO_STUDY_0394","ZOO_ES_000760","ZOO_COMMON_00660",4,"Non-calcifier_T",0.18,4.18,4.17908231323352
"ambiguous_dropped","all_data","Reproduction",-0.216671875727643,"TpH","T + pH","Non-calcifier","ZOO_STUDY_0394","ZOO_ES_000761","ZOO_COMMON_00660",4,"Non-calcifier_T + pH",0.3,4.3,4.29579973993823
"ambiguous_dropped","all_data","Reproduction",-0.278526879937774,"pH","pH","Non-calcifier","ZOO_STUDY_0397","ZOO_ES_000784","ZOO_COMMON_00668",4,"Non-calcifier_pH",0.06,4.06,4.0738166949735
"ambiguous_dropped","all_data","Reproduction",-0.0123387832979187,"T","T","Non-calcifier","ZOO_STUDY_0397","ZOO_ES_000785","ZOO_COMMON_00668",4,"Non-calcifier_T",0.18,4.18,4.17927135029575
"ambiguous_dropped","all_data","Reproduction",0.00611276524184308,"TpH","T + pH","Non-calcifier","ZOO_STUDY_0397","ZOO_ES_000786","ZOO_COMMON_00668",4,"Non-calcifier_T + pH",0.3,4.3,4.27576495520771
"ambiguous_dropped","all_data","Reproduction",-1.69903515120644,"TpH","T + pH","Non-calcifier","ZOO_STUDY_0431","ZOO_ES_000872","ZOO_COMMON_00730",4,"Non-calcifier_T + pH",0.3,4.3,4.30712256475817
"ambiguous_dropped","all_data","Reproduction",0.0114450462458729,"pH","pH","Non-calcifier","ZOO_STUDY_0431","ZOO_ES_000873","ZOO_COMMON_00732",4,"Non-calcifier_pH",0.06,4.06,4.04674149924191
"ambiguous_dropped","all_data","Reproduction",-0.0882193126272179,"pH","pH","Non-calcifier","ZOO_STUDY_0431","ZOO_ES_000874","ZOO_COMMON_00731",4,"Non-calcifier_pH",0.06,4.06,4.0723512941529
"ambiguous_dropped","all_data","Reproduction",-0.00233419703079221,"T","T","Non-calcifier","ZOO_STUDY_0431","ZOO_ES_000875","ZOO_COMMON_00731",4,"Non-calcifier_T",0.18,4.18,4.16978036872577
"ambiguous_dropped","all_data","Reproduction",-0.0371751635341862,"TpH","T + pH","Non-calcifier","ZOO_STUDY_0431","ZOO_ES_000876","ZOO_COMMON_00731",4,"Non-calcifier_T + pH",0.3,4.3,4.32031090958044
"ambiguous_dropped","all_data","Reproduction",0.135528680555029,"pH","pH","Non-calcifier","ZOO_STUDY_0431","ZOO_ES_000881","ZOO_COMMON_00730",4,"Non-calcifier_pH",0.06,4.06,4.07766620089766
"ambiguous_dropped","all_data","Reproduction",-0.703947717567661,"T","T","Non-calcifier","ZOO_STUDY_0431","ZOO_ES_000882","ZOO_COMMON_00730",4,"Non-calcifier_T",0.18,4.18,4.17809818884823
"ambiguous_dropped","all_data","Reproduction",-0.266328947981212,"T","T","Non-calcifier","ZOO_STUDY_0431","ZOO_ES_000883","ZOO_COMMON_00732",4,"Non-calcifier_T",0.18,4.18,4.15856741241412
"ambiguous_dropped","all_data","Reproduction",-0.146863149815204,"TpH","T + pH","Non-calcifier","ZOO_STUDY_0431","ZOO_ES_000884","ZOO_COMMON_00732",4,"Non-calcifier_T + pH",0.3,4.3,4.30389018622227
"ambiguous_dropped","all_data","Reproduction",-0.087291772201136,"pH","pH","Non-calcifier","ZOO_STUDY_0068","ZOO_ES_001017","ZOO_COMMON_00106",4,"Non-calcifier_pH",0.06,4.06,4.06397896670038
"ambiguous_dropped","all_data","Reproduction",-0.117783035656384,"pH","pH","Non-calcifier","ZOO_STUDY_0099","ZOO_ES_001018","ZOO_COMMON_00172",4,"Non-calcifier_pH",0.06,4.06,4.08467883884674
"ambiguous_dropped","all_data","Reproduction",-0.16975663046728,"pH","pH","Non-calcifier","ZOO_STUDY_0096","ZOO_ES_001019","ZOO_COMMON_00164",4,"Non-calcifier_pH",0.06,4.06,4.05176372071961
"ambiguous_dropped","all_data","Reproduction",-0.0659810545323798,"pH","pH","Non-calcifier","ZOO_STUDY_0096","ZOO_ES_001020","ZOO_COMMON_00164",4,"Non-calcifier_pH",0.06,4.06,4.06834008870879
"ambiguous_dropped","all_data","Reproduction",-0.175874604370159,"pH","pH","Non-calcifier","ZOO_STUDY_0096","ZOO_ES_001021","ZOO_COMMON_00164",4,"Non-calcifier_pH",0.06,4.06,4.08192780009936
"ambiguous_dropped","all_data","Reproduction",2.06841607166813,"T","T","Non-calcifier","ZOO_STUDY_0534","ZOO_ES_001022","ZOO_COMMON_00908",4,"Non-calcifier_T",0.18,4.18,4.18374284174759
"ambiguous_dropped","all_data","Reproduction",1.33236601909433,"T","T","Non-calcifier","ZOO_STUDY_0533","ZOO_ES_001023","ZOO_COMMON_00907",4,"Non-calcifier_T",0.18,4.18,4.18958557069534
"ambiguous_dropped","all_data","Reproduction",-0.217412876605225,"T","T","Non-calcifier","ZOO_STUDY_0115","ZOO_ES_001024","ZOO_COMMON_00197",4,"Non-calcifier_T",0.18,4.18,4.15948792935349
"ambiguous_dropped","all_data","Reproduction",-0.246400413478477,"T","T","Non-calcifier","ZOO_STUDY_0115","ZOO_ES_001025","ZOO_COMMON_00197",4,"Non-calcifier_T",0.18,4.18,4.19832296223147
"ambiguous_dropped","all_data","Reproduction",-0.252996514463891,"T","T","Non-calcifier","ZOO_STUDY_0115","ZOO_ES_001026","ZOO_COMMON_00197",4,"Non-calcifier_T",0.18,4.18,4.18005696984008
"ambiguous_dropped","all_data","Reproduction",-0.148407402156071,"T","T","Non-calcifier","ZOO_STUDY_0188","ZOO_ES_001027","ZOO_COMMON_00329",4,"Non-calcifier_T",0.18,4.18,4.16616281420691
"ambiguous_dropped","all_data","Reproduction",-0.0304592074847086,"T","T","Non-calcifier","ZOO_STUDY_0202","ZOO_ES_001028","ZOO_COMMON_00355",4,"Non-calcifier_T",0.18,4.18,4.17562096208101
"ambiguous_dropped","all_data","Reproduction",0.266611883068796,"T","T","Non-calcifier","ZOO_STUDY_0209","ZOO_ES_001029","ZOO_COMMON_00363",4,"Non-calcifier_T",0.18,4.18,4.19931531397859
"ambiguous_dropped","all_data","Reproduction",0.501196411324277,"T","T","Non-calcifier","ZOO_STUDY_0209","ZOO_ES_001030","ZOO_COMMON_00363",4,"Non-calcifier_T",0.18,4.18,4.17977967186132
"ambiguous_dropped","all_data","Reproduction",0.192240456673859,"T","T","Non-calcifier","ZOO_STUDY_0209","ZOO_ES_001031","ZOO_COMMON_00364",4,"Non-calcifier_T",0.18,4.18,4.1886376863881
"ambiguous_dropped","all_data","Reproduction",0.24757928549353,"T","T","Non-calcifier","ZOO_STUDY_0209","ZOO_ES_001032","ZOO_COMMON_00364",4,"Non-calcifier_T",0.18,4.18,4.16912522189785
"ambiguous_dropped","all_data","Reproduction",-0.20430046351273,"T","T","Non-calcifier","ZOO_STUDY_0242","ZOO_ES_001033","ZOO_COMMON_00411",4,"Non-calcifier_T",0.18,4.18,4.19585291514639
"ambiguous_dropped","all_data","Reproduction",0.392561703272257,"T","T","Non-calcifier","ZOO_STUDY_0245","ZOO_ES_001034","ZOO_COMMON_00418",4,"Non-calcifier_T",0.18,4.18,4.16730497272918
"ambiguous_dropped","all_data","Reproduction",0.235506999467044,"T","T","Non-calcifier","ZOO_STUDY_0318","ZOO_ES_001035","ZOO_COMMON_00542",4,"Non-calcifier_T",0.18,4.18,4.17348230969626
"ambiguous_dropped","all_data","Reproduction",0.292901680251974,"T","T","Non-calcifier","ZOO_STUDY_0317","ZOO_ES_001036","ZOO_COMMON_00539",4,"Non-calcifier_T",0.18,4.18,4.16677621975075
"ambiguous_dropped","all_data","Reproduction",-0.693147180559945,"T","T","Non-calcifier","ZOO_STUDY_0326","ZOO_ES_001037","ZOO_COMMON_00557",4,"Non-calcifier_T",0.18,4.18,4.20178784629796
"ambiguous_dropped","all_data","Reproduction",0.587786664902119,"T","T","Non-calcifier","ZOO_STUDY_0345","ZOO_ES_001038","ZOO_COMMON_00587",4,"Non-calcifier_T",0.18,4.18,4.17575384141644
"ambiguous_dropped","all_data","Reproduction",2.26176309847379,"T","T","Non-calcifier","ZOO_STUDY_0345","ZOO_ES_001039","ZOO_COMMON_00587",4,"Non-calcifier_T",0.18,4.18,4.16187247026945
"ambiguous_dropped","all_data","Reproduction",-0.000287562912117397,"T","T","Non-calcifier","ZOO_STUDY_0491","ZOO_ES_001041","ZOO_COMMON_00837",4,"Non-calcifier_T",0.18,4.18,4.20071823615115
"ambiguous_dropped","all_data","Reproduction",0.0651185780357443,"T","T","Non-calcifier","ZOO_STUDY_0491","ZOO_ES_001042","ZOO_COMMON_00838",4,"Non-calcifier_T",0.18,4.18,4.172382068804
"ambiguous_dropped","all_data","Reproduction",0.133586530054581,"T","T","Non-calcifier","ZOO_STUDY_0540","ZOO_ES_001043","ZOO_COMMON_00915",4,"Non-calcifier_T",0.18,4.18,4.1976465437864
"ambiguous_dropped","all_data","Reproduction",-0.0595224504274437,"pH","pH","Non-calcifier","ZOO_STUDY_0539","ZOO_ES_001044","ZOO_COMMON_00914",4,"Non-calcifier_pH",0.06,4.06,4.04213175893761
"ambiguous_dropped","all_data","Reproduction",0.192815638253457,"pH","pH","Non-calcifier","ZOO_STUDY_0539","ZOO_ES_001045","ZOO_COMMON_00914",4,"Non-calcifier_pH",0.06,4.06,4.05297164354939
"ambiguous_dropped","all_data","Reproduction",-0.569533191684767,"pH","pH","Non-calcifier","ZOO_STUDY_0530","ZOO_ES_001046","ZOO_COMMON_00901",4,"Non-calcifier_pH",0.06,4.06,4.04727525337599
"ambiguous_dropped","all_data","Reproduction",-1.19090066060895,"pH","pH","Non-calcifier","ZOO_STUDY_0530","ZOO_ES_001047","ZOO_COMMON_00901",4,"Non-calcifier_pH",0.06,4.06,4.03729529732605
"ambiguous_dropped","all_data","Reproduction",0,"T","T","Non-calcifier","ZOO_STUDY_0362","ZOO_ES_001052","ZOO_COMMON_00611",4,"Non-calcifier_T",0.18,4.18,4.1942273951089
"ambiguous_dropped","all_data","Reproduction",0,"T","T","Non-calcifier","ZOO_STUDY_0362","ZOO_ES_001053","ZOO_COMMON_00611",4,"Non-calcifier_T",0.18,4.18,4.16495858672541
"ambiguous_dropped","all_data","Reproduction",-0.18125492052777,"T","T","Non-calcifier","ZOO_STUDY_0048","ZOO_ES_001054","ZOO_COMMON_00069",4,"Non-calcifier_T",0.18,4.18,4.17459251221269
"ambiguous_dropped","all_data","Reproduction",-0.175046365699285,"T","T","Non-calcifier","ZOO_STUDY_0111","ZOO_ES_001055","ZOO_COMMON_00191",4,"Non-calcifier_T",0.18,4.18,4.17117811223259
"ambiguous_dropped","all_data","Reproduction",-0.0194668093509762,"pH","pH","Non-calcifier","ZOO_STUDY_0201","ZOO_ES_001056","ZOO_COMMON_00354",4,"Non-calcifier_pH",0.06,4.06,4.06510529525345
"ambiguous_dropped","all_data","Reproduction",-0.00142878866084393,"pH","pH","Non-calcifier","ZOO_STUDY_0201","ZOO_ES_001057","ZOO_COMMON_00354",4,"Non-calcifier_pH",0.06,4.06,4.06206358397845
"ambiguous_dropped","all_data","Reproduction",0.0642358020803823,"pH","pH","Non-calcifier","ZOO_STUDY_0201","ZOO_ES_001058","ZOO_COMMON_00354",4,"Non-calcifier_pH",0.06,4.06,4.08454118663445
"ambiguous_dropped","all_data","Reproduction",0.0571584138399486,"pH","pH","Non-calcifier","ZOO_STUDY_0067","ZOO_ES_001059","ZOO_COMMON_00104",4,"Non-calcifier_pH",0.06,4.06,4.04768955245614
"ambiguous_dropped","all_data","Reproduction",0.456758402495715,"pH","pH","Non-calcifier","ZOO_STUDY_0067","ZOO_ES_001060","ZOO_COMMON_00104",4,"Non-calcifier_pH",0.06,4.06,4.07176349465968
"ambiguous_dropped","all_data","Reproduction",-0.814291564232944,"pH","pH","Non-calcifier","ZOO_STUDY_0008","ZOO_ES_001061","ZOO_COMMON_00011",4,"Non-calcifier_pH",0.06,4.06,4.08388040805235
"ambiguous_dropped","all_data","Reproduction",-0.860811579822383,"pH","pH","Non-calcifier","ZOO_STUDY_0008","ZOO_ES_001062","ZOO_COMMON_00011",4,"Non-calcifier_pH",0.06,4.06,4.06290231208783
"ambiguous_dropped","all_data","Reproduction",-0.120781539162431,"pH","pH","Non-calcifier","ZOO_STUDY_0008","ZOO_ES_001063","ZOO_COMMON_00009",4,"Non-calcifier_pH",0.06,4.06,4.05463540797587
"ambiguous_dropped","all_data","Reproduction",-0.787260472422577,"pH","pH","Non-calcifier","ZOO_STUDY_0008","ZOO_ES_001064","ZOO_COMMON_00009",4,"Non-calcifier_pH",0.06,4.06,4.07623446296435
"ambiguous_dropped","all_data","Reproduction",-2.34540509066649,"pH","pH","Non-calcifier","ZOO_STUDY_0008","ZOO_ES_001065","ZOO_COMMON_00009",4,"Non-calcifier_pH",0.06,4.06,4.04061922304332
"ambiguous_dropped","all_data","Reproduction",0.519052683315203,"T","T","Non-calcifier","ZOO_STUDY_0048","ZOO_ES_001066","ZOO_COMMON_00068",4,"Non-calcifier_T",0.18,4.18,4.18178889520466
"ambiguous_dropped","all_data","Reproduction",0.0113254888506017,"pH","pH","Non-calcifier","ZOO_STUDY_0068","ZOO_ES_001067","ZOO_COMMON_00105",4,"Non-calcifier_pH",0.06,4.06,4.0571915792441
"ambiguous_dropped","all_data","Reproduction",-0.31015492830384,"pH","pH","Non-calcifier","ZOO_STUDY_0096","ZOO_ES_001068","ZOO_COMMON_00165",4,"Non-calcifier_pH",0.06,4.06,4.04869786063442
"ambiguous_dropped","all_data","Reproduction",-0.462623521948113,"pH","pH","Non-calcifier","ZOO_STUDY_0096","ZOO_ES_001069","ZOO_COMMON_00165",4,"Non-calcifier_pH",0.06,4.06,4.04286787678953
"ambiguous_dropped","all_data","Reproduction",-0.318453731118535,"pH","pH","Non-calcifier","ZOO_STUDY_0099","ZOO_ES_001070","ZOO_COMMON_00172",4,"Non-calcifier_pH",0.06,4.06,4.07859190368559
"ambiguous_dropped","all_data","Reproduction",3.44998754583159,"T","T","Non-calcifier","ZOO_STUDY_0534","ZOO_ES_001071","ZOO_COMMON_00908",4,"Non-calcifier_T",0.18,4.18,4.18310224281857
"ambiguous_dropped","all_data","Reproduction",2.70805020110221,"T","T","Non-calcifier","ZOO_STUDY_0534","ZOO_ES_001072","ZOO_COMMON_00908",4,"Non-calcifier_T",0.18,4.18,4.18253448791336
"ambiguous_dropped","all_data","Reproduction",-0.25489224962879,"T","T","Non-calcifier","ZOO_STUDY_0115","ZOO_ES_001073","ZOO_COMMON_00198",4,"Non-calcifier_T",0.18,4.18,4.18461826428072
"ambiguous_dropped","all_data","Reproduction",-0.0741079721537218,"T","T","Non-calcifier","ZOO_STUDY_0115","ZOO_ES_001074","ZOO_COMMON_00198",4,"Non-calcifier_T",0.18,4.18,4.19139064313611
"ambiguous_dropped","all_data","Reproduction",-0.113328685307003,"T","T","Non-calcifier","ZOO_STUDY_0115","ZOO_ES_001075","ZOO_COMMON_00198",4,"Non-calcifier_T",0.18,4.18,4.18694626423065
"ambiguous_dropped","all_data","Reproduction",-0.0527253892205749,"pH","pH","Non-calcifier","ZOO_STUDY_0201","ZOO_ES_001076","ZOO_COMMON_00354",4,"Non-calcifier_pH",0.06,4.06,4.06572250824189
"ambiguous_dropped","all_data","Reproduction",-0.0432166012527533,"pH","pH","Non-calcifier","ZOO_STUDY_0201","ZOO_ES_001077","ZOO_COMMON_00354",4,"Non-calcifier_pH",0.06,4.06,4.03762084252899
"ambiguous_dropped","all_data","Reproduction",-0.0322360990202973,"pH","pH","Non-calcifier","ZOO_STUDY_0201","ZOO_ES_001078","ZOO_COMMON_00354",4,"Non-calcifier_pH",0.06,4.06,4.06325788764749
"ambiguous_dropped","all_data","Reproduction",0.786237603625957,"T","T","Non-calcifier","ZOO_STUDY_0202","ZOO_ES_001079","ZOO_COMMON_00355",4,"Non-calcifier_T",0.18,4.18,4.18436706901528
"ambiguous_dropped","all_data","Reproduction",0.452470856920159,"T","T","Non-calcifier","ZOO_STUDY_0209","ZOO_ES_001080","ZOO_COMMON_00363",4,"Non-calcifier_T",0.18,4.18,4.1864283537562
"ambiguous_dropped","all_data","Reproduction",0.615649965568196,"T","T","Non-calcifier","ZOO_STUDY_0209","ZOO_ES_001081","ZOO_COMMON_00363",4,"Non-calcifier_T",0.18,4.18,4.18609453225043
"ambiguous_dropped","all_data","Reproduction",0.0258351962957828,"T","T","Non-calcifier","ZOO_STUDY_0209","ZOO_ES_001082","ZOO_COMMON_00364",4,"Non-calcifier_T",0.18,4.18,4.15911350210197
"ambiguous_dropped","all_data","Reproduction",-0.141577410085868,"T","T","Non-calcifier","ZOO_STUDY_0209","ZOO_ES_001083","ZOO_COMMON_00364",4,"Non-calcifier_T",0.18,4.18,4.15888213060796
"ambiguous_dropped","all_data","Reproduction",0.0483610716934211,"pH","pH","Non-calcifier","ZOO_STUDY_0225","ZOO_ES_001084","ZOO_COMMON_00386",4,"Non-calcifier_pH",0.06,4.06,4.06935473449063
"ambiguous_dropped","all_data","Reproduction",0.0483610716934211,"pH","pH","Non-calcifier","ZOO_STUDY_0225","ZOO_ES_001085","ZOO_COMMON_00386",4,"Non-calcifier_pH",0.06,4.06,4.07651517961873
"ambiguous_dropped","all_data","Reproduction",0.759476083747192,"T","T","Non-calcifier","ZOO_STUDY_0227","ZOO_ES_001086","ZOO_COMMON_00394",4,"Non-calcifier_T",0.18,4.18,4.16229549375828
"ambiguous_dropped","all_data","Reproduction",1.21894036030644,"T","T","Non-calcifier","ZOO_STUDY_0227","ZOO_ES_001087","ZOO_COMMON_00394",4,"Non-calcifier_T",0.18,4.18,4.19417650361545
"ambiguous_dropped","all_data","Reproduction",0.938816743981126,"T","T","Non-calcifier","ZOO_STUDY_0227","ZOO_ES_001088","ZOO_COMMON_00394",4,"Non-calcifier_T",0.18,4.18,4.1793225039565
"ambiguous_dropped","all_data","Reproduction",0.405465108108164,"T","T","Non-calcifier","ZOO_STUDY_0242","ZOO_ES_001089","ZOO_COMMON_00410",4,"Non-calcifier_T",0.18,4.18,4.20446325527271
"ambiguous_dropped","all_data","Reproduction",1.32913594727994,"T","T","Non-calcifier","ZOO_STUDY_0254","ZOO_ES_001090","ZOO_COMMON_00427",4,"Non-calcifier_T",0.18,4.18,4.17995524772676
"ambiguous_dropped","all_data","Reproduction",0.0769610411361284,"T","T","Non-calcifier","ZOO_STUDY_0254","ZOO_ES_001091","ZOO_COMMON_00428",4,"Non-calcifier_T",0.18,4.18,4.183113026754
"ambiguous_dropped","all_data","Reproduction",0.482426149244293,"T","T","Non-calcifier","ZOO_STUDY_0254","ZOO_ES_001092","ZOO_COMMON_00428",4,"Non-calcifier_T",0.18,4.18,4.17391285103047
"ambiguous_dropped","all_data","Reproduction",0.968250470804866,"T","T","Non-calcifier","ZOO_STUDY_0254","ZOO_ES_001093","ZOO_COMMON_00429",4,"Non-calcifier_T",0.18,4.18,4.18093185986625
"ambiguous_dropped","all_data","Reproduction",1.25276296849537,"T","T","Non-calcifier","ZOO_STUDY_0254","ZOO_ES_001094","ZOO_COMMON_00429",4,"Non-calcifier_T",0.18,4.18,4.15871418960858
"ambiguous_dropped","all_data","Reproduction",1.12059119538688,"T","T","Non-calcifier","ZOO_STUDY_0254","ZOO_ES_001095","ZOO_COMMON_00429",4,"Non-calcifier_T",0.18,4.18,4.18192361720838
"ambiguous_dropped","all_data","Reproduction",0.697015657337866,"T","T","Non-calcifier","ZOO_STUDY_0254","ZOO_ES_001096","ZOO_COMMON_00430",4,"Non-calcifier_T",0.18,4.18,4.2030530500412
"ambiguous_dropped","all_data","Reproduction",0.760588461355478,"T","T","Non-calcifier","ZOO_STUDY_0254","ZOO_ES_001097","ZOO_COMMON_00430",4,"Non-calcifier_T",0.18,4.18,4.18139050697908
"ambiguous_dropped","all_data","Reproduction",1.20629568574208,"T","T","Non-calcifier","ZOO_STUDY_0254","ZOO_ES_001098","ZOO_COMMON_00430",4,"Non-calcifier_T",0.18,4.18,4.17685797259444
"ambiguous_dropped","all_data","Reproduction",0.847297860387204,"T","T","Non-calcifier","ZOO_STUDY_0254","ZOO_ES_001099","ZOO_COMMON_00427",4,"Non-calcifier_T",0.18,4.18,4.1566133498284
"ambiguous_dropped","all_data","Reproduction",0.424883193965266,"T","T","Non-calcifier","ZOO_STUDY_0254","ZOO_ES_001100","ZOO_COMMON_00430",4,"Non-calcifier_T",0.18,4.18,4.15688670903444
"ambiguous_dropped","all_data","Reproduction",0.76409891653223,"T","T","Non-calcifier","ZOO_STUDY_0254","ZOO_ES_001101","ZOO_COMMON_00430",4,"Non-calcifier_T",0.18,4.18,4.15736741469707
"ambiguous_dropped","all_data","Reproduction",0.939547594038422,"T","T","Non-calcifier","ZOO_STUDY_0254","ZOO_ES_001102","ZOO_COMMON_00430",4,"Non-calcifier_T",0.18,4.18,4.16304795178119
"ambiguous_dropped","all_data","Reproduction",2.42774823594805,"T","T","Non-calcifier","ZOO_STUDY_0254","ZOO_ES_001103","ZOO_COMMON_00427",4,"Non-calcifier_T",0.18,4.18,4.1784548696666
"ambiguous_dropped","all_data","Reproduction",1.30833281965018,"T","T","Non-calcifier","ZOO_STUDY_0254","ZOO_ES_001104","ZOO_COMMON_00428",4,"Non-calcifier_T",0.18,4.18,4.195296198742
"ambiguous_dropped","all_data","Reproduction",1.41098697371026,"T","T","Non-calcifier","ZOO_STUDY_0254","ZOO_ES_001105","ZOO_COMMON_00428",4,"Non-calcifier_T",0.18,4.18,4.16902987580514
"ambiguous_dropped","all_data","Reproduction",2.48768057667073,"T","T","Non-calcifier","ZOO_STUDY_0254","ZOO_ES_001106","ZOO_COMMON_00428",4,"Non-calcifier_T",0.18,4.18,4.19273919926025
"ambiguous_dropped","all_data","Reproduction",0.113328685307003,"T","T","Non-calcifier","ZOO_STUDY_0254","ZOO_ES_001107","ZOO_COMMON_00428",4,"Non-calcifier_T",0.18,4.18,4.18109129074262
"ambiguous_dropped","all_data","Reproduction",-0.0768870782937948,"T","T","Non-calcifier","ZOO_STUDY_0274","ZOO_ES_001108","ZOO_COMMON_00455",4,"Non-calcifier_T",0.18,4.18,4.16944735965924
"ambiguous_dropped","all_data","Reproduction",-0.294545403403901,"T","T","Non-calcifier","ZOO_STUDY_0274","ZOO_ES_001109","ZOO_COMMON_00455",4,"Non-calcifier_T",0.18,4.18,4.15586886007339
"ambiguous_dropped","all_data","Reproduction",0.916290731874155,"T","T","Non-calcifier","ZOO_STUDY_0383","ZOO_ES_001110","ZOO_COMMON_00642",4,"Non-calcifier_T",0.18,4.18,4.18841747649247
"ambiguous_dropped","all_data","Reproduction",0.0870113769896297,"T","T","Non-calcifier","ZOO_STUDY_0383","ZOO_ES_001111","ZOO_COMMON_00642",4,"Non-calcifier_T",0.18,4.18,4.15834879823495
"ambiguous_dropped","all_data","Reproduction",0.241162056816888,"T","T","Non-calcifier","ZOO_STUDY_0383","ZOO_ES_001112","ZOO_COMMON_00642",4,"Non-calcifier_T",0.18,4.18,4.19681932134088
"ambiguous_dropped","all_data","Reproduction",0.287682072451781,"T","T","Non-calcifier","ZOO_STUDY_0383","ZOO_ES_001113","ZOO_COMMON_00642",4,"Non-calcifier_T",0.18,4.18,4.16176715779118
"ambiguous_dropped","all_data","Reproduction",0.693147180559945,"T","T","Non-calcifier","ZOO_STUDY_0383","ZOO_ES_001114","ZOO_COMMON_00642",4,"Non-calcifier_T",0.18,4.18,4.18779390542302
"ambiguous_dropped","all_data","Reproduction",0.510825623765991,"T","T","Non-calcifier","ZOO_STUDY_0383","ZOO_ES_001115","ZOO_COMMON_00642",4,"Non-calcifier_T",0.18,4.18,4.19689738644054
"ambiguous_dropped","all_data","Reproduction",0.200670695462151,"T","T","Non-calcifier","ZOO_STUDY_0383","ZOO_ES_001116","ZOO_COMMON_00642",4,"Non-calcifier_T",0.18,4.18,4.16788239980349
"ambiguous_dropped","all_data","Reproduction",0.200670695462151,"T","T","Non-calcifier","ZOO_STUDY_0383","ZOO_ES_001117","ZOO_COMMON_00642",4,"Non-calcifier_T",0.18,4.18,4.16179976425599
"ambiguous_dropped","all_data","Reproduction",0.105360515657826,"T","T","Non-calcifier","ZOO_STUDY_0383","ZOO_ES_001118","ZOO_COMMON_00642",4,"Non-calcifier_T",0.18,4.18,4.19317442071158
"ambiguous_dropped","all_data","Reproduction",0.559615787935423,"T","T","Non-calcifier","ZOO_STUDY_0383","ZOO_ES_001119","ZOO_COMMON_00642",4,"Non-calcifier_T",0.18,4.18,4.16559981166618
"ambiguous_dropped","all_data","Reproduction",0,"T","T","Non-calcifier","ZOO_STUDY_0383","ZOO_ES_001120","ZOO_COMMON_00642",4,"Non-calcifier_T",0.18,4.18,4.16839847996132
"ambiguous_dropped","all_data","Reproduction",0,"T","T","Non-calcifier","ZOO_STUDY_0383","ZOO_ES_001121","ZOO_COMMON_00642",4,"Non-calcifier_T",0.18,4.18,4.18159155973233
"ambiguous_dropped","all_data","Reproduction",-0.117783035656384,"T","T","Non-calcifier","ZOO_STUDY_0383","ZOO_ES_001122","ZOO_COMMON_00642",4,"Non-calcifier_T",0.18,4.18,4.17870584337041
"ambiguous_dropped","all_data","Reproduction",0.27763173659828,"T","T","Non-calcifier","ZOO_STUDY_0383","ZOO_ES_001123","ZOO_COMMON_00643",4,"Non-calcifier_T",0.18,4.18,4.17367218324915
"ambiguous_dropped","all_data","Reproduction",0.215111379616945,"T","T","Non-calcifier","ZOO_STUDY_0383","ZOO_ES_001124","ZOO_COMMON_00643",4,"Non-calcifier_T",0.18,4.18,4.19376749642659
"ambiguous_dropped","all_data","Reproduction",-0.127833371509885,"T","T","Non-calcifier","ZOO_STUDY_0383","ZOO_ES_001125","ZOO_COMMON_00643",4,"Non-calcifier_T",0.18,4.18,4.1829101985041
"ambiguous_dropped","all_data","Reproduction",1.44691898293633,"T","T","Non-calcifier","ZOO_STUDY_0383","ZOO_ES_001126","ZOO_COMMON_00642",4,"Non-calcifier_T",0.18,4.18,4.16276183105772
"ambiguous_dropped","all_data","Reproduction",0.575364144903562,"T","T","Non-calcifier","ZOO_STUDY_0383","ZOO_ES_001127","ZOO_COMMON_00642",4,"Non-calcifier_T",0.18,4.18,4.20447092242073
"ambiguous_dropped","all_data","Reproduction",0.287682072451781,"T","T","Non-calcifier","ZOO_STUDY_0383","ZOO_ES_001128","ZOO_COMMON_00642",4,"Non-calcifier_T",0.18,4.18,4.16722232151777
"ambiguous_dropped","all_data","Reproduction",0.93826963859293,"T","T","Non-calcifier","ZOO_STUDY_0383","ZOO_ES_001129","ZOO_COMMON_00642",4,"Non-calcifier_T",0.18,4.18,4.16151892561
"ambiguous_dropped","all_data","Reproduction",0.59783700075562,"T","T","Non-calcifier","ZOO_STUDY_0383","ZOO_ES_001130","ZOO_COMMON_00642",4,"Non-calcifier_T",0.18,4.18,4.16563405676978
"ambiguous_dropped","all_data","Reproduction",-0.39624845300324,"T","T","Non-calcifier","ZOO_STUDY_0409","ZOO_ES_001131","ZOO_COMMON_00685",4,"Non-calcifier_T",0.18,4.18,4.17400021241745
"ambiguous_dropped","all_data","Reproduction",0.441832752279039,"T","T","Non-calcifier","ZOO_STUDY_0409","ZOO_ES_001132","ZOO_COMMON_00685",4,"Non-calcifier_T",0.18,4.18,4.17298105844064
"ambiguous_dropped","all_data","Reproduction",0.380463805902747,"T","T","Non-calcifier","ZOO_STUDY_0409","ZOO_ES_001133","ZOO_COMMON_00685",4,"Non-calcifier_T",0.18,4.18,4.17013310244773
"ambiguous_dropped","all_data","Reproduction",0.240279833557197,"T","T","Non-calcifier","ZOO_STUDY_0409","ZOO_ES_001134","ZOO_COMMON_00685",4,"Non-calcifier_T",0.18,4.18,4.15721998568159
"ambiguous_dropped","all_data","Reproduction",-0.33754799172245,"T","T","Non-calcifier","ZOO_STUDY_0444","ZOO_ES_001135","ZOO_COMMON_00752",4,"Non-calcifier_T",0.18,4.18,4.20173916763859
"ambiguous_dropped","all_data","Reproduction",-0.32762262134423,"pH","pH","Non-calcifier","ZOO_STUDY_0471","ZOO_ES_001136","ZOO_COMMON_00795",4,"Non-calcifier_pH",0.06,4.06,4.06343585149385
"ambiguous_dropped","all_data","Reproduction",-0.346896753957097,"pH","pH","Non-calcifier","ZOO_STUDY_0471","ZOO_ES_001137","ZOO_COMMON_00795",4,"Non-calcifier_pH",0.06,4.06,4.04604013725417
"ambiguous_dropped","all_data","Reproduction",-0.250578322248404,"T","T","Non-calcifier","ZOO_STUDY_0540","ZOO_ES_001138","ZOO_COMMON_00915",4,"Non-calcifier_T",0.18,4.18,4.19889805876417
"ambiguous_dropped","all_data","Reproduction",-0.270645885299213,"pH","pH","Non-calcifier","ZOO_STUDY_0539","ZOO_ES_001139","ZOO_COMMON_00914",4,"Non-calcifier_pH",0.06,4.06,4.0583644403168
"ambiguous_dropped","all_data","Reproduction",-0.0186014259505457,"pH","pH","Non-calcifier","ZOO_STUDY_0530","ZOO_ES_001140","ZOO_COMMON_00902",4,"Non-calcifier_pH",0.06,4.06,4.06211749073351
"ambiguous_dropped","all_data","Reproduction",-0.380329134836622,"pH","pH","Non-calcifier","ZOO_STUDY_0530","ZOO_ES_001141","ZOO_COMMON_00901",4,"Non-calcifier_pH",0.06,4.06,4.07421990869567
"ambiguous_dropped","all_data","Reproduction",-0.209720530982069,"pH","pH","Non-calcifier","ZOO_STUDY_0530","ZOO_ES_001142","ZOO_COMMON_00900",4,"Non-calcifier_pH",0.06,4.06,4.0673935136199
"ambiguous_dropped","all_data","Reproduction",-0.475423696715075,"pH","pH","Non-calcifier","ZOO_STUDY_0530","ZOO_ES_001143","ZOO_COMMON_00900",4,"Non-calcifier_pH",0.06,4.06,4.04224465735257
"ambiguous_dropped","all_data","Reproduction",-0.196849657356864,"pH","pH","Non-calcifier","ZOO_STUDY_0530","ZOO_ES_001144","ZOO_COMMON_00902",4,"Non-calcifier_pH",0.06,4.06,4.05108186885715
"ambiguous_dropped","all_data","Reproduction",-0.257169447590387,"pH","pH","Non-calcifier","ZOO_STUDY_0530","ZOO_ES_001145","ZOO_COMMON_00902",4,"Non-calcifier_pH",0.06,4.06,4.08255277913064
"ambiguous_dropped","all_data","Reproduction",0.100541229221877,"pH","pH","Non-calcifier","ZOO_STUDY_0530","ZOO_ES_001146","ZOO_COMMON_00903",4,"Non-calcifier_pH",0.06,4.06,4.04440992454998
"ambiguous_dropped","all_data","Reproduction",-0.0817803275720773,"pH","pH","Non-calcifier","ZOO_STUDY_0530","ZOO_ES_001147","ZOO_COMMON_00903",4,"Non-calcifier_pH",0.06,4.06,4.07252021242399
"ambiguous_dropped","all_data","Reproduction",1.04589493416969,"T","T","Non-calcifier","ZOO_STUDY_0048","ZOO_ES_001148","ZOO_COMMON_00069",4,"Non-calcifier_T",0.18,4.18,4.1779579237639
"ambiguous_dropped","all_data","Reproduction",0.942265259306268,"T","T","Non-calcifier","ZOO_STUDY_0111","ZOO_ES_001149","ZOO_COMMON_00190",4,"Non-calcifier_T",0.18,4.18,4.16206825244706
"ambiguous_dropped","all_data","Reproduction",0.0352818141446398,"pH","pH","Non-calcifier","ZOO_STUDY_0225","ZOO_ES_001150","ZOO_COMMON_00390",4,"Non-calcifier_pH",0.06,4.06,4.0452596538025
"ambiguous_dropped","all_data","Reproduction",0.0352818141446398,"pH","pH","Non-calcifier","ZOO_STUDY_0225","ZOO_ES_001151","ZOO_COMMON_00390",4,"Non-calcifier_pH",0.06,4.06,4.06876467498019
"ambiguous_dropped","all_data","Reproduction",-0.1516222334739,"T","T","Non-calcifier","ZOO_STUDY_0258","ZOO_ES_001152","ZOO_COMMON_00435",4,"Non-calcifier_T",0.18,4.18,4.16190151052549
"ambiguous_dropped","all_data","Reproduction",0.500775287912489,"T","T","Non-calcifier","ZOO_STUDY_0492","ZOO_ES_001153","ZOO_COMMON_00840",4,"Non-calcifier_T",0.18,4.18,4.17577718504006
"ambiguous_dropped","all_data","Reproduction",-0.0166208812947302,"pH","pH","Non-calcifier","ZOO_STUDY_0014","ZOO_ES_001386","ZOO_COMMON_00022",4,"Non-calcifier_pH",0.06,4.06,4.05756235159002
"ambiguous_dropped","all_data","Reproduction",0.0545589843364199,"pH","pH","Non-calcifier","ZOO_STUDY_0014","ZOO_ES_001387","ZOO_COMMON_00022",4,"Non-calcifier_pH",0.06,4.06,4.0661473284848
"ambiguous_dropped","all_data","Reproduction",-0.0411006379986667,"pH","pH","Non-calcifier","ZOO_STUDY_0017","ZOO_ES_001388","ZOO_COMMON_00025",4,"Non-calcifier_pH",0.06,4.06,4.04755871487083
"ambiguous_dropped","all_data","Reproduction",0.0680991386535611,"pH","pH","Non-calcifier","ZOO_STUDY_0017","ZOO_ES_001389","ZOO_COMMON_00025",4,"Non-calcifier_pH",0.06,4.06,4.05820767318597
"ambiguous_dropped","all_data","Reproduction",-0.0623046863088885,"pH","pH","Non-calcifier","ZOO_STUDY_0017","ZOO_ES_001390","ZOO_COMMON_00025",4,"Non-calcifier_pH",0.06,4.06,4.04327546145301
"ambiguous_dropped","all_data","Reproduction",0.0959199025301541,"pH","pH","Non-calcifier","ZOO_STUDY_0017","ZOO_ES_001391","ZOO_COMMON_00025",4,"Non-calcifier_pH",0.06,4.06,4.07789032267407
"ambiguous_dropped","all_data","Reproduction",-0.106106237538136,"pH","pH","Non-calcifier","ZOO_STUDY_0017","ZOO_ES_001392","ZOO_COMMON_00025",4,"Non-calcifier_pH",0.06,4.06,4.04282759486465
"ambiguous_dropped","all_data","Reproduction",-0.0257518295591573,"pH","pH","Non-calcifier","ZOO_STUDY_0017","ZOO_ES_001393","ZOO_COMMON_00025",4,"Non-calcifier_pH",0.06,4.06,4.03941658168565
"ambiguous_dropped","all_data","Reproduction",-0.121499060846362,"pH","pH","Non-calcifier","ZOO_STUDY_0017","ZOO_ES_001394","ZOO_COMMON_00025",4,"Non-calcifier_pH",0.06,4.06,4.07967088859528
"ambiguous_dropped","all_data","Reproduction",-0.259824899565647,"pH","pH","Non-calcifier","ZOO_STUDY_0017","ZOO_ES_001395","ZOO_COMMON_00025",4,"Non-calcifier_pH",0.06,4.06,4.05003102541901
"ambiguous_dropped","all_data","Reproduction",-0.0862428245971694,"pH","pH","Non-calcifier","ZOO_STUDY_0017","ZOO_ES_001396","ZOO_COMMON_00025",4,"Non-calcifier_pH",0.06,4.06,4.07260433355346
"ambiguous_dropped","all_data","Reproduction",-0.150626623136578,"pH","pH","Non-calcifier","ZOO_STUDY_0017","ZOO_ES_001397","ZOO_COMMON_00025",4,"Non-calcifier_pH",0.06,4.06,4.05508033239981
"ambiguous_dropped","all_data","Reproduction",-0.287159812054903,"pH","pH","Non-calcifier","ZOO_STUDY_0017","ZOO_ES_001398","ZOO_COMMON_00025",4,"Non-calcifier_pH",0.06,4.06,4.05742790530436
"ambiguous_dropped","all_data","Reproduction",-0.480417956085537,"pH","pH","Non-calcifier","ZOO_STUDY_0017","ZOO_ES_001399","ZOO_COMMON_00025",4,"Non-calcifier_pH",0.06,4.06,4.04298369901022
"ambiguous_dropped","all_data","Reproduction",-0.256261415994145,"pH","pH","Non-calcifier","ZOO_STUDY_0017","ZOO_ES_001400","ZOO_COMMON_00025",4,"Non-calcifier_pH",0.06,4.06,4.04222579256399
"ambiguous_dropped","all_data","Reproduction",0.359966091387031,"pH","pH","Non-calcifier","ZOO_STUDY_0017","ZOO_ES_001401","ZOO_COMMON_00025",4,"Non-calcifier_pH",0.06,4.06,4.04245901960181
"ambiguous_dropped","all_data","Reproduction",-0.119943146276016,"pH","pH","Non-calcifier","ZOO_STUDY_0017","ZOO_ES_001402","ZOO_COMMON_00025",4,"Non-calcifier_pH",0.06,4.06,4.06072171299253
"ambiguous_dropped","all_data","Reproduction",-0.166832756500185,"pH","pH","Non-calcifier","ZOO_STUDY_0017","ZOO_ES_001403","ZOO_COMMON_00025",4,"Non-calcifier_pH",0.06,4.06,4.05964136531344
"ambiguous_dropped","all_data","Reproduction",0.00729106634611607,"pH","pH","Non-calcifier","ZOO_STUDY_0017","ZOO_ES_001404","ZOO_COMMON_00025",4,"Non-calcifier_pH",0.06,4.06,4.06581713842694
"ambiguous_dropped","all_data","Reproduction",-0.0603200019106356,"pH","pH","Non-calcifier","ZOO_STUDY_0017","ZOO_ES_001405","ZOO_COMMON_00025",4,"Non-calcifier_pH",0.06,4.06,4.05737114453455
"ambiguous_dropped","all_data","Reproduction",0.22509347432043,"pH","pH","Non-calcifier","ZOO_STUDY_0017","ZOO_ES_001406","ZOO_COMMON_00025",4,"Non-calcifier_pH",0.06,4.06,4.03778383576078
"ambiguous_dropped","all_data","Reproduction",-0.0799412595180527,"pH","pH","Non-calcifier","ZOO_STUDY_0017","ZOO_ES_001407","ZOO_COMMON_00025",4,"Non-calcifier_pH",0.06,4.06,4.03526981547708
"ambiguous_dropped","all_data","Reproduction",0.00310398593759101,"pH","pH","Non-calcifier","ZOO_STUDY_0045","ZOO_ES_001441","ZOO_COMMON_00063",4,"Non-calcifier_pH",0.06,4.06,4.04609171005664
"ambiguous_dropped","all_data","Reproduction",-0.00519481687710402,"pH","pH","Non-calcifier","ZOO_STUDY_0045","ZOO_ES_001442","ZOO_COMMON_00063",4,"Non-calcifier_pH",0.06,4.06,4.07754816119792
"ambiguous_dropped","all_data","Reproduction",-0.104222706473402,"pH","pH","Non-calcifier","ZOO_STUDY_0107","ZOO_ES_001465","ZOO_COMMON_00185",4,"Non-calcifier_pH",0.06,4.06,4.04836731030606
"ambiguous_dropped","all_data","Reproduction",-0.019107763023776,"pH","pH","Non-calcifier","ZOO_STUDY_0107","ZOO_ES_001468","ZOO_COMMON_00185",4,"Non-calcifier_pH",0.06,4.06,4.06493001366267
"ambiguous_dropped","all_data","Reproduction",-0.210971255505353,"pH","pH","Non-calcifier","ZOO_STUDY_0107","ZOO_ES_001471","ZOO_COMMON_00185",4,"Non-calcifier_pH",0.06,4.06,4.06542998486198
"ambiguous_dropped","all_data","Reproduction",-0.133531224199258,"pH","pH","Non-calcifier","ZOO_STUDY_0107","ZOO_ES_001472","ZOO_COMMON_00185",4,"Non-calcifier_pH",0.06,4.06,4.08460792202037
"ambiguous_dropped","all_data","Reproduction",-0.0167136806292685,"pH","pH","Non-calcifier","ZOO_STUDY_0107","ZOO_ES_001473","ZOO_COMMON_00185",4,"Non-calcifier_pH",0.06,4.06,4.04455949804047
"ambiguous_dropped","all_data","Reproduction",-0.231218781139241,"pH","pH","Non-calcifier","ZOO_STUDY_0107","ZOO_ES_001475","ZOO_COMMON_00185",4,"Non-calcifier_pH",0.06,4.06,4.07266952923033
"ambiguous_dropped","all_data","Reproduction",-0.142138825338388,"pH","pH","Non-calcifier","ZOO_STUDY_0107","ZOO_ES_001476","ZOO_COMMON_00185",4,"Non-calcifier_pH",0.06,4.06,4.04711936685722
"ambiguous_dropped","all_data","Reproduction",0.105962211545808,"pH","pH","Non-calcifier","ZOO_STUDY_0107","ZOO_ES_001477","ZOO_COMMON_00185",4,"Non-calcifier_pH",0.06,4.06,4.05137261100113
"ambiguous_dropped","all_data","Reproduction",0.0594592914357695,"pH","pH","Non-calcifier","ZOO_STUDY_0107","ZOO_ES_001478","ZOO_COMMON_00185",4,"Non-calcifier_pH",0.06,4.06,4.0351767747337
"ambiguous_dropped","all_data","Reproduction",0.332855255809461,"pH","pH","Non-calcifier","ZOO_STUDY_0107","ZOO_ES_001479","ZOO_COMMON_00185",4,"Non-calcifier_pH",0.06,4.06,4.08487120717997
"ambiguous_dropped","all_data","Reproduction",0.377282714981417,"pH","pH","Non-calcifier","ZOO_STUDY_0107","ZOO_ES_001480","ZOO_COMMON_00185",4,"Non-calcifier_pH",0.06,4.06,4.05690297521884
"ambiguous_dropped","all_data","Reproduction",0.372724845609053,"pH","pH","Non-calcifier","ZOO_STUDY_0107","ZOO_ES_001481","ZOO_COMMON_00185",4,"Non-calcifier_pH",0.06,4.06,4.08488443724578
"ambiguous_dropped","all_data","Reproduction",-0.354923313339241,"pH","pH","Non-calcifier","ZOO_STUDY_0107","ZOO_ES_001482","ZOO_COMMON_00185",4,"Non-calcifier_pH",0.06,4.06,4.04483595845755
"ambiguous_dropped","all_data","Reproduction",-0.466199360600781,"pH","pH","Non-calcifier","ZOO_STUDY_0107","ZOO_ES_001483","ZOO_COMMON_00185",4,"Non-calcifier_pH",0.06,4.06,4.04057383978739
"ambiguous_dropped","all_data","Reproduction",0.0704792578344784,"pH","pH","Non-calcifier","ZOO_STUDY_0316","ZOO_ES_001537","ZOO_COMMON_00538",4,"Non-calcifier_pH",0.06,4.06,4.04753682252718
"ambiguous_dropped","all_data","Reproduction",-0.22454117563144,"pH","pH","Non-calcifier","ZOO_STUDY_0316","ZOO_ES_001539","ZOO_COMMON_00538",4,"Non-calcifier_pH",0.06,4.06,4.06902383015491
"ambiguous_dropped","all_data","Reproduction",-2.14006616349627,"pH","pH","Non-calcifier","ZOO_STUDY_0322","ZOO_ES_001541","ZOO_COMMON_00552",4,"Non-calcifier_pH",0.06,4.06,4.0638627148373
"ambiguous_dropped","all_data","Reproduction",-0.390866308687012,"pH","pH","Non-calcifier","ZOO_STUDY_0322","ZOO_ES_001542","ZOO_COMMON_00552",4,"Non-calcifier_pH",0.06,4.06,4.0558173648105
"ambiguous_dropped","all_data","Reproduction",-0.254424850695299,"pH","pH","Non-calcifier","ZOO_STUDY_0322","ZOO_ES_001545","ZOO_COMMON_00550",4,"Non-calcifier_pH",0.06,4.06,4.07145906217862
"ambiguous_dropped","all_data","Reproduction",0.028573372444056,"pH","pH","Non-calcifier","ZOO_STUDY_0322","ZOO_ES_001546","ZOO_COMMON_00550",4,"Non-calcifier_pH",0.06,4.06,4.06370948665077
"ambiguous_dropped","all_data","Reproduction",-0.738406785036554,"pH","pH","Non-calcifier","ZOO_STUDY_0324","ZOO_ES_001561","ZOO_COMMON_00555",4,"Non-calcifier_pH",0.06,4.06,4.06388175745029
"ambiguous_dropped","all_data","Reproduction",-0.650130509954202,"pH","pH","Non-calcifier","ZOO_STUDY_0324","ZOO_ES_001562","ZOO_COMMON_00555",4,"Non-calcifier_pH",0.06,4.06,4.06449995637173
"ambiguous_dropped","all_data","Reproduction",-0.0401198172009711,"pH","pH","Non-calcifier","ZOO_STUDY_0324","ZOO_ES_001563","ZOO_COMMON_00555",4,"Non-calcifier_pH",0.06,4.06,4.04614641700406
"ambiguous_dropped","all_data","Reproduction",-2.05923953640331,"pH","pH","Non-calcifier","ZOO_STUDY_0324","ZOO_ES_001564","ZOO_COMMON_00555",4,"Non-calcifier_pH",0.06,4.06,4.04017461493146
"ambiguous_dropped","all_data","Reproduction",-0.395311939312254,"pH","pH","Non-calcifier","ZOO_STUDY_0388","ZOO_ES_001583","ZOO_COMMON_00652",4,"Non-calcifier_pH",0.06,4.06,4.07182530134683
"ambiguous_dropped","all_data","Reproduction",-0.0202029288919198,"pH","pH","Non-calcifier","ZOO_STUDY_0388","ZOO_ES_001584","ZOO_COMMON_00652",4,"Non-calcifier_pH",0.06,4.06,4.06562018781202
"ambiguous_dropped","all_data","Reproduction",-0.303995162506294,"pH","pH","Non-calcifier","ZOO_STUDY_0388","ZOO_ES_001585","ZOO_COMMON_00652",4,"Non-calcifier_pH",0.06,4.06,4.08256061802618
"ambiguous_dropped","all_data","Reproduction",-0.905711155468475,"pH","pH","Non-calcifier","ZOO_STUDY_0388","ZOO_ES_001586","ZOO_COMMON_00652",4,"Non-calcifier_pH",0.06,4.06,4.08299379328033
"ambiguous_dropped","all_data","Reproduction",0.272739318588089,"pH","pH","Non-calcifier","ZOO_STUDY_0388","ZOO_ES_001587","ZOO_COMMON_00652",4,"Non-calcifier_pH",0.06,4.06,4.07224180250429
"ambiguous_dropped","all_data","Reproduction",-0.140857607530973,"pH","pH","Non-calcifier","ZOO_STUDY_0388","ZOO_ES_001588","ZOO_COMMON_00652",4,"Non-calcifier_pH",0.06,4.06,4.05674150728388
"ambiguous_dropped","all_data","Reproduction",-0.173093027771971,"pH","pH","Non-calcifier","ZOO_STUDY_0388","ZOO_ES_001589","ZOO_COMMON_00652",4,"Non-calcifier_pH",0.06,4.06,4.04373875686666
"ambiguous_dropped","all_data","Reproduction",0.106684479627,"pH","pH","Non-calcifier","ZOO_STUDY_0388","ZOO_ES_001590","ZOO_COMMON_00652",4,"Non-calcifier_pH",0.06,4.06,4.05676440344192
"ambiguous_dropped","all_data","Reproduction",-0.205723968942715,"pH","pH","Non-calcifier","ZOO_STUDY_0490","ZOO_ES_001623","ZOO_COMMON_00836",4,"Non-calcifier_pH",0.06,4.06,4.07312290938804
"ambiguous_dropped","all_data","Reproduction",-0.326992986527074,"pH","pH","Non-calcifier","ZOO_STUDY_0490","ZOO_ES_001624","ZOO_COMMON_00836",4,"Non-calcifier_pH",0.06,4.06,4.08095146555221
"ambiguous_dropped","all_data","Reproduction",-0.0299226240877203,"pH","pH","Non-calcifier","ZOO_STUDY_0490","ZOO_ES_001625","ZOO_COMMON_00836",4,"Non-calcifier_pH",0.06,4.06,4.08033487914596
"ambiguous_dropped","all_data","Reproduction",-0.164789723139255,"pH","pH","Non-calcifier","ZOO_STUDY_0490","ZOO_ES_001626","ZOO_COMMON_00836",4,"Non-calcifier_pH",0.06,4.06,4.07577564144973
"ambiguous_dropped","all_data","Reproduction",-0.268961568286937,"pH","pH","Non-calcifier","ZOO_STUDY_0490","ZOO_ES_001627","ZOO_COMMON_00836",4,"Non-calcifier_pH",0.06,4.06,4.04498764713295
"ambiguous_dropped","all_data","Reproduction",-0.0738532924121186,"pH","pH","Non-calcifier","ZOO_STUDY_0361","ZOO_ES_002538","ZOO_COMMON_00610",4,"Non-calcifier_pH",0.06,4.06,4.03748127926607
"ambiguous_dropped","all_data","Reproduction",-0.0892311337279426,"pH","pH","Non-calcifier","ZOO_STUDY_0446","ZOO_ES_002546","ZOO_COMMON_00754",4,"Non-calcifier_pH",0.06,4.06,4.05894742628094
"ambiguous_dropped","all_data","Reproduction",0.00612246810438383,"pH","pH","Non-calcifier","ZOO_STUDY_0010","ZOO_ES_002561","ZOO_COMMON_00014",4,"Non-calcifier_pH",0.06,4.06,4.06451966844266
"ambiguous_dropped","all_data","Reproduction",-0.0113228178302649,"T","T","Non-calcifier","ZOO_STUDY_0010","ZOO_ES_002562","ZOO_COMMON_00014",4,"Non-calcifier_T",0.18,4.18,4.15983101179125
"ambiguous_dropped","all_data","Reproduction",-0.0290778534328548,"TpH","T + pH","Non-calcifier","ZOO_STUDY_0010","ZOO_ES_002563","ZOO_COMMON_00014",4,"Non-calcifier_T + pH",0.3,4.3,4.32254451174522
"ambiguous_dropped","all_data","Reproduction",-0.161980507062465,"T","T","Non-calcifier","ZOO_STUDY_0010","ZOO_ES_002564","ZOO_COMMON_00014",4,"Non-calcifier_T",0.18,4.18,4.16313715693075
"ambiguous_dropped","all_data","Reproduction",-0.498692006754564,"TpH","T + pH","Non-calcifier","ZOO_STUDY_0010","ZOO_ES_002565","ZOO_COMMON_00014",4,"Non-calcifier_T + pH",0.3,4.3,4.32107531313086
"ambiguous_dropped","all_data","Reproduction",0.0523679855173159,"pH","pH","Non-calcifier","ZOO_STUDY_0224","ZOO_ES_002592","ZOO_COMMON_00385",4,"Non-calcifier_pH",0.06,4.06,4.04138875364093
"ambiguous_dropped","all_data","Reproduction",-0.0666913744986723,"T","T","Non-calcifier","ZOO_STUDY_0224","ZOO_ES_002593","ZOO_COMMON_00385",4,"Non-calcifier_T",0.18,4.18,4.18813697952544
"ambiguous_dropped","all_data","Reproduction",-0.0782521968997483,"TpH","T + pH","Non-calcifier","ZOO_STUDY_0224","ZOO_ES_002594","ZOO_COMMON_00385",4,"Non-calcifier_T + pH",0.3,4.3,4.31420209637145
"ambiguous_dropped","all_data","Reproduction",0.146603474191875,"pH","pH","Non-calcifier","ZOO_STUDY_0432","ZOO_ES_002618","ZOO_COMMON_00735",4,"Non-calcifier_pH",0.06,4.06,4.07323065808974
"ambiguous_dropped","all_data","Reproduction",0.0240975515790605,"pH","pH","Non-calcifier","ZOO_STUDY_0432","ZOO_ES_002619","ZOO_COMMON_00737",4,"Non-calcifier_pH",0.06,4.06,4.06862851552665
"ambiguous_dropped","all_data","Reproduction",-0.0470675108579859,"pH","pH","Non-calcifier","ZOO_STUDY_0432","ZOO_ES_002620","ZOO_COMMON_00733",4,"Non-calcifier_pH",0.06,4.06,4.04078329511918
"ambiguous_dropped","all_data","Reproduction",-2.02814824729229,"T","T","Non-calcifier","ZOO_STUDY_0432","ZOO_ES_002621","ZOO_COMMON_00736",4,"Non-calcifier_T",0.18,4.18,4.19756507437676
"ambiguous_dropped","all_data","Reproduction",-2.67414864942653,"T","T","Non-calcifier","ZOO_STUDY_0432","ZOO_ES_002622","ZOO_COMMON_00734",4,"Non-calcifier_T",0.18,4.18,4.18589807974175
"ambiguous_dropped","all_data","Reproduction",-3.23212105161822,"TpH","T + pH","Non-calcifier","ZOO_STUDY_0432","ZOO_ES_002623","ZOO_COMMON_00736",4,"Non-calcifier_T + pH",0.3,4.3,4.31682057779981
"ambiguous_dropped","all_data","Reproduction",-4.46590811865458,"TpH","T + pH","Non-calcifier","ZOO_STUDY_0432","ZOO_ES_002624","ZOO_COMMON_00734",4,"Non-calcifier_T + pH",0.3,4.3,4.28349641123787
"ambiguous_dropped","all_data","Reproduction",0.157628944203583,"pH","pH","Non-calcifier","ZOO_STUDY_0432","ZOO_ES_002625","ZOO_COMMON_00735",4,"Non-calcifier_pH",0.06,4.06,4.03551406100392
"ambiguous_dropped","all_data","Reproduction",0.0396652563924314,"T","T","Non-calcifier","ZOO_STUDY_0432","ZOO_ES_002626","ZOO_COMMON_00734",4,"Non-calcifier_T",0.18,4.18,4.17117348656291
"ambiguous_dropped","all_data","Reproduction",-0.00115673812782364,"pH","pH","Non-calcifier","ZOO_STUDY_0432","ZOO_ES_002627","ZOO_COMMON_00737",4,"Non-calcifier_pH",0.06,4.06,4.04848413622472
"ambiguous_dropped","all_data","Reproduction",-0.0307716586667537,"TpH","T + pH","Non-calcifier","ZOO_STUDY_0432","ZOO_ES_002628","ZOO_COMMON_00734",4,"Non-calcifier_T + pH",0.3,4.3,4.31626306780381
"ambiguous_dropped","all_data","Reproduction",-0.0741079721537218,"pH","pH","Non-calcifier","ZOO_STUDY_0432","ZOO_ES_002629","ZOO_COMMON_00733",4,"Non-calcifier_pH",0.06,4.06,4.08168308685068
"ambiguous_dropped","all_data","Reproduction",-0.717839793150317,"T","T","Non-calcifier","ZOO_STUDY_0432","ZOO_ES_002630","ZOO_COMMON_00736",4,"Non-calcifier_T",0.18,4.18,4.16138957418269
"ambiguous_dropped","all_data","Reproduction",-1.63413052502447,"TpH","T + pH","Non-calcifier","ZOO_STUDY_0432","ZOO_ES_002631","ZOO_COMMON_00736",4,"Non-calcifier_T + pH",0.3,4.3,4.32066688031191
"ambiguous_dropped","all_data","Reproduction",0.0219789067187752,"T","T","Non-calcifier","ZOO_STUDY_0359","ZOO_ES_002648","ZOO_COMMON_00605",4,"Non-calcifier_T",0.18,4.18,4.18526169738732
"ambiguous_dropped","all_data","Reproduction",-0.130361817863244,"TpH","T + pH","Non-calcifier","ZOO_STUDY_0359","ZOO_ES_002649","ZOO_COMMON_00605",4,"Non-calcifier_T + pH",0.3,4.3,4.29501425832277
"ambiguous_dropped","all_data","Reproduction",-0.372675285285174,"TpH","T + pH","Non-calcifier","ZOO_STUDY_0359","ZOO_ES_002650","ZOO_COMMON_00605",4,"Non-calcifier_T + pH",0.3,4.3,4.30828976517077
"ambiguous_dropped","all_data","Reproduction",-0.0164477392090259,"pH","pH","Non-calcifier","ZOO_STUDY_0074","ZOO_ES_002665","ZOO_COMMON_00118",4,"Non-calcifier_pH",0.06,4.06,4.07337996385992
"ambiguous_dropped","all_data","Reproduction",-1.07880966137193,"TpH","T + pH","Non-calcifier","ZOO_STUDY_0416","ZOO_ES_002715","ZOO_COMMON_00702",4,"Non-calcifier_T + pH",0.3,4.3,4.30109478500672
"ambiguous_dropped","all_data","Reproduction",-0.83034830207343,"T","T","Non-calcifier","ZOO_STUDY_0416","ZOO_ES_002716","ZOO_COMMON_00702",4,"Non-calcifier_T",0.18,4.18,4.17472537585534
"ambiguous_dropped","all_data","Survival",0.57866781924631,"pH","pH","Calcifier","ZOO_STUDY_0053","ZOO_ES_000085","ZOO_COMMON_00075",5,"Calcifier_pH",-0.3,4.7,4.72328934167745
"ambiguous_dropped","all_data","Survival",0.146435253641397,"pH","pH","Calcifier","ZOO_STUDY_0053","ZOO_ES_000086","ZOO_COMMON_00075",5,"Calcifier_pH",-0.3,4.7,4.6774492770317
"ambiguous_dropped","all_data","Survival",0.487158737921324,"pH","pH","Calcifier","ZOO_STUDY_0091","ZOO_ES_000087","ZOO_COMMON_00156",5,"Calcifier_pH",-0.3,4.7,4.68266541358316
"ambiguous_dropped","all_data","Survival",-0.420502985472705,"pH","pH","Calcifier","ZOO_STUDY_0159","ZOO_ES_000090","ZOO_COMMON_00276",5,"Calcifier_pH",-0.3,4.7,4.70984195327619
"ambiguous_dropped","all_data","Survival",0.0438026226583928,"pH","pH","Calcifier","ZOO_STUDY_0159","ZOO_ES_000091","ZOO_COMMON_00276",5,"Calcifier_pH",-0.3,4.7,4.71138929366134
"ambiguous_dropped","all_data","Survival",1.66240843503529,"pH","pH","Calcifier","ZOO_STUDY_0171","ZOO_ES_000092","ZOO_COMMON_00297",5,"Calcifier_pH",-0.3,4.7,4.68041897077346
"ambiguous_dropped","all_data","Survival",-0.0393557922229849,"pH","pH","Calcifier","ZOO_STUDY_0331","ZOO_ES_000163","ZOO_COMMON_00564",5,"Calcifier_pH",-0.3,4.7,4.69822842727881
"ambiguous_dropped","all_data","Survival",0.185291895749839,"pH","pH","Calcifier","ZOO_STUDY_0331","ZOO_ES_000164","ZOO_COMMON_00564",5,"Calcifier_pH",-0.3,4.7,4.7071062768111
"ambiguous_dropped","all_data","Survival",0.0248217871776039,"pH","pH","Calcifier","ZOO_STUDY_0415","ZOO_ES_000295","ZOO_COMMON_00697",5,"Calcifier_pH",-0.3,4.7,4.69485554689309
"ambiguous_dropped","all_data","Survival",-0.0651393021709614,"pH","pH","Calcifier","ZOO_STUDY_0443","ZOO_ES_000315","ZOO_COMMON_00750",5,"Calcifier_pH",-0.3,4.7,4.72452151285252
"ambiguous_dropped","all_data","Survival",0.329289411795833,"T","T","Calcifier","ZOO_STUDY_0053","ZOO_ES_000370","ZOO_COMMON_00075",5,"Calcifier_T",-0.18,4.82,4.82893544049468
"ambiguous_dropped","all_data","Survival",0.156465918782622,"T","T","Calcifier","ZOO_STUDY_0053","ZOO_ES_000371","ZOO_COMMON_00075",5,"Calcifier_T",-0.18,4.82,4.81076592287747
"ambiguous_dropped","all_data","Survival",1.43916755239756,"T","T","Calcifier","ZOO_STUDY_0091","ZOO_ES_000372","ZOO_COMMON_00156",5,"Calcifier_T",-0.18,4.82,4.80268846300198
"ambiguous_dropped","all_data","Survival",-1.90210752639692,"T","T","Calcifier","ZOO_STUDY_0159","ZOO_ES_000407","ZOO_COMMON_00276",5,"Calcifier_T",-0.18,4.82,4.81006258678855
"ambiguous_dropped","all_data","Survival",-0.56710645966458,"T","T","Calcifier","ZOO_STUDY_0159","ZOO_ES_000408","ZOO_COMMON_00276",5,"Calcifier_T",-0.18,4.82,4.79972577653127
"ambiguous_dropped","all_data","Survival",2.19462795148895,"T","T","Calcifier","ZOO_STUDY_0171","ZOO_ES_000409","ZOO_COMMON_00297",5,"Calcifier_T",-0.18,4.82,4.79634377534268
"ambiguous_dropped","all_data","Survival",1.21779071974676,"T","T","Calcifier","ZOO_STUDY_0171","ZOO_ES_000410","ZOO_COMMON_00297",5,"Calcifier_T",-0.18,4.82,4.8105241652159
"ambiguous_dropped","all_data","Survival",1.04324759728219,"T","T","Calcifier","ZOO_STUDY_0171","ZOO_ES_000411","ZOO_COMMON_00297",5,"Calcifier_T",-0.18,4.82,4.83212194343098
"ambiguous_dropped","all_data","Survival",-0.0131101659242078,"T","T","Calcifier","ZOO_STUDY_0331","ZOO_ES_000431","ZOO_COMMON_00564",5,"Calcifier_T",-0.18,4.82,4.84300461061532
"ambiguous_dropped","all_data","Survival",-0.222524558546775,"T","T","Calcifier","ZOO_STUDY_0370","ZOO_ES_000461","ZOO_COMMON_00622",5,"Calcifier_T",-0.18,4.82,4.81579013313632
"ambiguous_dropped","all_data","Survival",-0.0341200248356902,"T","T","Calcifier","ZOO_STUDY_0415","ZOO_ES_000527","ZOO_COMMON_00697",5,"Calcifier_T",-0.18,4.82,4.82111177036306
"ambiguous_dropped","all_data","Survival",0.920656990255464,"T","T","Calcifier","ZOO_STUDY_0443","ZOO_ES_000570","ZOO_COMMON_00750",5,"Calcifier_T",-0.18,4.82,4.79837598643964
"ambiguous_dropped","all_data","Survival",0.574349539844959,"TpH","T + pH","Calcifier","ZOO_STUDY_0053","ZOO_ES_000604","ZOO_COMMON_00075",5,"Calcifier_T + pH",-0.06,4.94,4.94649209027179
"ambiguous_dropped","all_data","Survival",0.54044246118516,"TpH","T + pH","Calcifier","ZOO_STUDY_0053","ZOO_ES_000605","ZOO_COMMON_00075",5,"Calcifier_T + pH",-0.06,4.94,4.93267068936024
"ambiguous_dropped","all_data","Survival",0.389685122085573,"TpH","T + pH","Calcifier","ZOO_STUDY_0053","ZOO_ES_000606","ZOO_COMMON_00075",5,"Calcifier_T + pH",-0.06,4.94,4.93623573260615
"ambiguous_dropped","all_data","Survival",0.218521442597487,"TpH","T + pH","Calcifier","ZOO_STUDY_0053","ZOO_ES_000607","ZOO_COMMON_00075",5,"Calcifier_T + pH",-0.06,4.94,4.96318843953544
"ambiguous_dropped","all_data","Survival",0.956979065910933,"TpH","T + pH","Calcifier","ZOO_STUDY_0091","ZOO_ES_000608","ZOO_COMMON_00156",5,"Calcifier_T + pH",-0.06,4.94,4.94904992434662
"ambiguous_dropped","all_data","Survival",-1.90210752639692,"TpH","T + pH","Calcifier","ZOO_STUDY_0159","ZOO_ES_000611","ZOO_COMMON_00276",5,"Calcifier_T + pH",-0.06,4.94,4.95092319422169
"ambiguous_dropped","all_data","Survival",-0.985816794522765,"TpH","T + pH","Calcifier","ZOO_STUDY_0159","ZOO_ES_000612","ZOO_COMMON_00276",5,"Calcifier_T + pH",-0.06,4.94,4.92353148826864
"ambiguous_dropped","all_data","Survival",-0.491120552686658,"TpH","T + pH","Calcifier","ZOO_STUDY_0159","ZOO_ES_000633","ZOO_COMMON_00276",5,"Calcifier_T + pH",-0.06,4.94,4.92518045445671
"ambiguous_dropped","all_data","Survival",-0.420502985472705,"TpH","T + pH","Calcifier","ZOO_STUDY_0159","ZOO_ES_000634","ZOO_COMMON_00276",5,"Calcifier_T + pH",-0.06,4.94,4.95882748559583
"ambiguous_dropped","all_data","Survival",2.19462795148895,"TpH","T + pH","Calcifier","ZOO_STUDY_0171","ZOO_ES_000635","ZOO_COMMON_00297",5,"Calcifier_T + pH",-0.06,4.94,4.95687612627866
"ambiguous_dropped","all_data","Survival",1.50746284260656,"TpH","T + pH","Calcifier","ZOO_STUDY_0171","ZOO_ES_000636","ZOO_COMMON_00297",5,"Calcifier_T + pH",-0.06,4.94,4.95103135212325
"ambiguous_dropped","all_data","Survival",1.31659593173189,"TpH","T + pH","Calcifier","ZOO_STUDY_0171","ZOO_ES_000637","ZOO_COMMON_00297",5,"Calcifier_T + pH",-0.06,4.94,4.92905316855526
"ambiguous_dropped","all_data","Survival",-0.822209215175821,"TpH","T + pH","Calcifier","ZOO_STUDY_0331","ZOO_ES_000787","ZOO_COMMON_00564",5,"Calcifier_T + pH",-0.06,4.94,4.92549954483751
"ambiguous_dropped","all_data","Survival",-0.244104591714156,"TpH","T + pH","Calcifier","ZOO_STUDY_0331","ZOO_ES_000788","ZOO_COMMON_00564",5,"Calcifier_T + pH",-0.06,4.94,4.93970751598012
"ambiguous_dropped","all_data","Survival",-0.0237505909632071,"TpH","T + pH","Calcifier","ZOO_STUDY_0415","ZOO_ES_000999","ZOO_COMMON_00697",5,"Calcifier_T + pH",-0.06,4.94,4.94108764041215
"ambiguous_dropped","all_data","Survival",1.18369129790669,"TpH","T + pH","Calcifier","ZOO_STUDY_0443","ZOO_ES_001003","ZOO_COMMON_00750",5,"Calcifier_T + pH",-0.06,4.94,4.92599159058649
"ambiguous_dropped","all_data","Survival",0.095732726924615,"T","T","Calcifier","ZOO_STUDY_0108","ZOO_ES_001353","ZOO_COMMON_00187",5,"Calcifier_T",-0.18,4.82,4.83315533511806
"ambiguous_dropped","all_data","Survival",1.20847246955272,"T","T","Calcifier","ZOO_STUDY_0108","ZOO_ES_001354","ZOO_COMMON_00186",5,"Calcifier_T",-0.18,4.82,4.79622598265298
"ambiguous_dropped","all_data","Survival",2.61048445395238,"TpH","T + pH","Calcifier","ZOO_STUDY_0342","ZOO_ES_001366","ZOO_COMMON_00581",5,"Calcifier_T + pH",-0.06,4.94,4.9505742972577
"ambiguous_dropped","all_data","Survival",2.61048445395238,"T","T","Calcifier","ZOO_STUDY_0342","ZOO_ES_001367","ZOO_COMMON_00583",5,"Calcifier_T",-0.18,4.82,4.83704437995795
"ambiguous_dropped","all_data","Survival",-0.150677248158586,"pH","pH","Calcifier","ZOO_STUDY_0185","ZOO_ES_001663","ZOO_COMMON_00323",5,"Calcifier_pH",-0.3,4.7,4.72154105360387
"ambiguous_dropped","all_data","Survival",-0.471257024126585,"pH","pH","Calcifier","ZOO_STUDY_0185","ZOO_ES_001664","ZOO_COMMON_00323",5,"Calcifier_pH",-0.3,4.7,4.70810458236374
"ambiguous_dropped","all_data","Survival",-0.151720545159591,"pH","pH","Calcifier","ZOO_STUDY_0185","ZOO_ES_001665","ZOO_COMMON_00323",5,"Calcifier_pH",-0.3,4.7,4.68849711096846
"ambiguous_dropped","all_data","Survival",-0.384313945561962,"pH","pH","Calcifier","ZOO_STUDY_0185","ZOO_ES_001666","ZOO_COMMON_00323",5,"Calcifier_pH",-0.3,4.7,4.68591167301638
"ambiguous_dropped","all_data","Survival",-0.125371715922522,"pH","pH","Calcifier","ZOO_STUDY_0185","ZOO_ES_001667","ZOO_COMMON_00323",5,"Calcifier_pH",-0.3,4.7,4.71839090855792
"ambiguous_dropped","all_data","Survival",-0.6354096269946,"pH","pH","Calcifier","ZOO_STUDY_0185","ZOO_ES_001668","ZOO_COMMON_00323",5,"Calcifier_pH",-0.3,4.7,4.67622857758543
"ambiguous_dropped","all_data","Survival",-0.150978088421918,"pH","pH","Calcifier","ZOO_STUDY_0185","ZOO_ES_001669","ZOO_COMMON_00323",5,"Calcifier_pH",-0.3,4.7,4.71750133621972
"ambiguous_dropped","all_data","Survival",-0.535597679807692,"pH","pH","Calcifier","ZOO_STUDY_0185","ZOO_ES_001670","ZOO_COMMON_00323",5,"Calcifier_pH",-0.3,4.7,4.70119665384991
"ambiguous_dropped","all_data","Survival",-0.136734811559684,"pH","pH","Calcifier","ZOO_STUDY_0185","ZOO_ES_001671","ZOO_COMMON_00323",5,"Calcifier_pH",-0.3,4.7,4.69677313509164
"ambiguous_dropped","all_data","Survival",-0.420502985161724,"pH","pH","Calcifier","ZOO_STUDY_0185","ZOO_ES_001672","ZOO_COMMON_00323",5,"Calcifier_pH",-0.3,4.7,4.72156473732321
"ambiguous_dropped","all_data","Survival",0.033974412558267,"T","T","Calcifier","ZOO_STUDY_0028","ZOO_ES_001753","ZOO_COMMON_00042",5,"Calcifier_T",-0.18,4.82,4.80322751979576
"ambiguous_dropped","all_data","Survival",0.000936378365250387,"T","T","Calcifier","ZOO_STUDY_0028","ZOO_ES_001754","ZOO_COMMON_00042",5,"Calcifier_T",-0.18,4.82,4.81393941960298
"ambiguous_dropped","all_data","Survival",-0.138913962259681,"T","T","Calcifier","ZOO_STUDY_0028","ZOO_ES_001755","ZOO_COMMON_00042",5,"Calcifier_T",-0.18,4.82,4.8019022468524
"ambiguous_dropped","all_data","Survival",-1.90832018570699,"T","T","Calcifier","ZOO_STUDY_0028","ZOO_ES_001756","ZOO_COMMON_00042",5,"Calcifier_T",-0.18,4.82,4.80248605385888
"ambiguous_dropped","all_data","Survival",-0.0347373862291102,"T","T","Calcifier","ZOO_STUDY_0286","ZOO_ES_001873","ZOO_COMMON_00482",5,"Calcifier_T",-0.18,4.82,4.82882236236939
"ambiguous_dropped","all_data","Survival",-0.778158156802492,"T","T","Calcifier","ZOO_STUDY_0286","ZOO_ES_001874","ZOO_COMMON_00482",5,"Calcifier_T",-0.18,4.82,4.82310580779333
"ambiguous_dropped","all_data","Survival",-0.0447836026269734,"T","T","Calcifier","ZOO_STUDY_0286","ZOO_ES_001875","ZOO_COMMON_00482",5,"Calcifier_T",-0.18,4.82,4.81858242213959
"ambiguous_dropped","all_data","Survival",-0.215612026296016,"T","T","Calcifier","ZOO_STUDY_0286","ZOO_ES_001876","ZOO_COMMON_00482",5,"Calcifier_T",-0.18,4.82,4.83555500843097
"ambiguous_dropped","all_data","Survival",-0.0164106246938721,"T","T","Calcifier","ZOO_STUDY_0286","ZOO_ES_001877","ZOO_COMMON_00482",5,"Calcifier_T",-0.18,4.82,4.84311942661181
"ambiguous_dropped","all_data","Survival",-0.0882143568228558,"T","T","Calcifier","ZOO_STUDY_0286","ZOO_ES_001878","ZOO_COMMON_00482",5,"Calcifier_T",-0.18,4.82,4.82077049420215
"ambiguous_dropped","all_data","Survival",-0.00916036939866428,"T","T","Calcifier","ZOO_STUDY_0286","ZOO_ES_001879","ZOO_COMMON_00482",5,"Calcifier_T",-0.18,4.82,4.83018613848137
"ambiguous_dropped","all_data","Survival",-0.0702963693903956,"T","T","Calcifier","ZOO_STUDY_0286","ZOO_ES_001880","ZOO_COMMON_00482",5,"Calcifier_T",-0.18,4.82,4.80404397550039
"ambiguous_dropped","all_data","Survival",-0.673885409252697,"T","T","Calcifier","ZOO_STUDY_0343","ZOO_ES_001915","ZOO_COMMON_00585",5,"Calcifier_T",-0.18,4.82,4.81274834735552
"ambiguous_dropped","all_data","Survival",-1.27528644316245,"T","T","Calcifier","ZOO_STUDY_0343","ZOO_ES_001916","ZOO_COMMON_00585",5,"Calcifier_T",-0.18,4.82,4.79749513946474
"ambiguous_dropped","all_data","Survival",-0.510825623765991,"T","T","Calcifier","ZOO_STUDY_0343","ZOO_ES_001917","ZOO_COMMON_00585",5,"Calcifier_T",-0.18,4.82,4.80262768513523
"ambiguous_dropped","all_data","Survival",-0.957533690408204,"T","T","Calcifier","ZOO_STUDY_0343","ZOO_ES_001918","ZOO_COMMON_00585",5,"Calcifier_T",-0.18,4.82,4.79996358593227
"ambiguous_dropped","all_data","Survival",1.46916192942898,"T","T","Calcifier","ZOO_STUDY_0456","ZOO_ES_001970","ZOO_COMMON_00766",5,"Calcifier_T",-0.18,4.82,4.80900740380632
"ambiguous_dropped","all_data","Survival",-0.213738340049047,"T","T","Calcifier","ZOO_STUDY_0456","ZOO_ES_001971","ZOO_COMMON_00766",5,"Calcifier_T",-0.18,4.82,4.81437251010677
"ambiguous_dropped","all_data","Survival",-0.11182810525597,"T","T","Calcifier","ZOO_STUDY_0478","ZOO_ES_001977","ZOO_COMMON_00813",5,"Calcifier_T",-0.18,4.82,4.82670793931931
"ambiguous_dropped","all_data","Survival",0.00441873417550953,"T","T","Calcifier","ZOO_STUDY_0478","ZOO_ES_001979","ZOO_COMMON_00813",5,"Calcifier_T",-0.18,4.82,4.83035318044014
"ambiguous_dropped","all_data","Survival",-0.183455700951816,"T","T","Calcifier","ZOO_STUDY_0478","ZOO_ES_001980","ZOO_COMMON_00813",5,"Calcifier_T",-0.18,4.82,4.81130091593834
"ambiguous_dropped","all_data","Survival",-0.0310905870700311,"TpH","T + pH","Calcifier","ZOO_STUDY_0429","ZOO_ES_001987","ZOO_COMMON_00726",5,"Calcifier_T + pH",-0.06,4.94,4.96325916575501
"ambiguous_dropped","all_data","Survival",-0.0416726964005681,"T","T","Calcifier","ZOO_STUDY_0429","ZOO_ES_001988","ZOO_COMMON_00726",5,"Calcifier_T",-0.18,4.82,4.82982272237306
"ambiguous_dropped","all_data","Survival",-0.101782694309942,"T","T","Calcifier","ZOO_STUDY_0429","ZOO_ES_001989","ZOO_COMMON_00724",5,"Calcifier_T",-0.18,4.82,4.80305390970782
"ambiguous_dropped","all_data","Survival",-0.284104251103897,"TpH","T + pH","Calcifier","ZOO_STUDY_0429","ZOO_ES_002022","ZOO_COMMON_00724",5,"Calcifier_T + pH",-0.06,4.94,4.93345311208162
"ambiguous_dropped","all_data","Survival",-2.23755262272319,"TpH","T + pH","Calcifier","ZOO_STUDY_0161","ZOO_ES_002178","ZOO_COMMON_00283",5,"Calcifier_T + pH",-0.06,4.94,4.9301108879596
"ambiguous_dropped","all_data","Survival",-1.49165487677772,"T","T","Calcifier","ZOO_STUDY_0161","ZOO_ES_002179","ZOO_COMMON_00283",5,"Calcifier_T",-0.18,4.82,4.81789828837384
"ambiguous_dropped","all_data","Survival",0.22314355131421,"pH","pH","Calcifier","ZOO_STUDY_0088","ZOO_ES_002311","ZOO_COMMON_00153",5,"Calcifier_pH",-0.3,4.7,4.71616413731827
"ambiguous_dropped","all_data","Survival",0.182321556793955,"pH","pH","Calcifier","ZOO_STUDY_0133","ZOO_ES_002312","ZOO_COMMON_00232",5,"Calcifier_pH",-0.3,4.7,4.68662696754327
"ambiguous_dropped","all_data","Survival",0.133531392624523,"pH","pH","Calcifier","ZOO_STUDY_0088","ZOO_ES_002313","ZOO_COMMON_00153",5,"Calcifier_pH",-0.3,4.7,4.69511611126363
"ambiguous_dropped","all_data","Survival",0.124297716677577,"pH","pH","Calcifier","ZOO_STUDY_0192","ZOO_ES_002314","ZOO_COMMON_00338",5,"Calcifier_pH",-0.3,4.7,4.72358064014697
"ambiguous_dropped","all_data","Survival",0.0637897378753302,"pH","pH","Calcifier","ZOO_STUDY_0133","ZOO_ES_002315","ZOO_COMMON_00231",5,"Calcifier_pH",-0.3,4.7,4.68122103729984
"ambiguous_dropped","all_data","Survival",0.0431721718652088,"pH","pH","Calcifier","ZOO_STUDY_0192","ZOO_ES_002316","ZOO_COMMON_00338",5,"Calcifier_pH",-0.3,4.7,4.70651450383011
"ambiguous_dropped","all_data","Survival",0,"pH","pH","Calcifier","ZOO_STUDY_0065","ZOO_ES_002317","ZOO_COMMON_00101",5,"Calcifier_pH",-0.3,4.7,4.71019335029414
"ambiguous_dropped","all_data","Survival",0,"pH","pH","Calcifier","ZOO_STUDY_0464","ZOO_ES_002318","ZOO_COMMON_00780",5,"Calcifier_pH",-0.3,4.7,4.70456001420971
"ambiguous_dropped","all_data","Survival",0,"pH","pH","Calcifier","ZOO_STUDY_0532","ZOO_ES_002319","ZOO_COMMON_00906",5,"Calcifier_pH",-0.3,4.7,4.72482581356307
"ambiguous_dropped","all_data","Survival",0.010582109330537,"pH","pH","Calcifier","ZOO_STUDY_0433","ZOO_ES_002320","ZOO_COMMON_00738",5,"Calcifier_pH",-0.3,4.7,4.67726680507185
"ambiguous_dropped","all_data","Survival",-0.0206192872027358,"pH","pH","Calcifier","ZOO_STUDY_0133","ZOO_ES_002321","ZOO_COMMON_00229",5,"Calcifier_pH",-0.3,4.7,4.7245036268956
"ambiguous_dropped","all_data","Survival",-0.0304592074847086,"pH","pH","Calcifier","ZOO_STUDY_0114","ZOO_ES_002322","ZOO_COMMON_00195",5,"Calcifier_pH",-0.3,4.7,4.71226531546563
"ambiguous_dropped","all_data","Survival",-0.0413038061412356,"pH","pH","Calcifier","ZOO_STUDY_0133","ZOO_ES_002323","ZOO_COMMON_00230",5,"Calcifier_pH",-0.3,4.7,4.69683747988893
"ambiguous_dropped","all_data","Survival",-0.0511856691385634,"pH","pH","Calcifier","ZOO_STUDY_0485","ZOO_ES_002324","ZOO_COMMON_00824",5,"Calcifier_pH",-0.3,4.7,4.68265032743802
"ambiguous_dropped","all_data","Survival",-0.0578195708888262,"pH","pH","Calcifier","ZOO_STUDY_0376","ZOO_ES_002325","ZOO_COMMON_00634",5,"Calcifier_pH",-0.3,4.7,4.697443258774
"ambiguous_dropped","all_data","Survival",-0.0726897333682775,"pH","pH","Calcifier","ZOO_STUDY_0494","ZOO_ES_002326","ZOO_COMMON_00843",5,"Calcifier_pH",-0.3,4.7,4.68431623562938
"ambiguous_dropped","all_data","Survival",-0.160342650075179,"pH","pH","Calcifier","ZOO_STUDY_0184","ZOO_ES_002350","ZOO_COMMON_00322",5,"Calcifier_pH",-0.3,4.7,4.69632742912509
"ambiguous_dropped","all_data","Survival",-0.216223108469636,"pH","pH","Calcifier","ZOO_STUDY_0020","ZOO_ES_002363","ZOO_COMMON_00028",5,"Calcifier_pH",-0.3,4.7,4.71603899332695
"ambiguous_dropped","all_data","Survival",-0.320167527596269,"pH","pH","Calcifier","ZOO_STUDY_0465","ZOO_ES_002375","ZOO_COMMON_00782",5,"Calcifier_pH",-0.3,4.7,4.6775189457112
"ambiguous_dropped","all_data","Survival",-0.322773392263051,"pH","pH","Calcifier","ZOO_STUDY_0182","ZOO_ES_002376","ZOO_COMMON_00318",5,"Calcifier_pH",-0.3,4.7,4.69126910758205
"ambiguous_dropped","all_data","Survival",0.330241686870577,"pH","pH","Calcifier","ZOO_STUDY_0065","ZOO_ES_002377","ZOO_COMMON_00101",5,"Calcifier_pH",-0.3,4.7,4.71712059647543
"ambiguous_dropped","all_data","Survival",-0.386233746180277,"pH","pH","Calcifier","ZOO_STUDY_0513","ZOO_ES_002396","ZOO_COMMON_00877",5,"Calcifier_pH",-0.3,4.7,4.6770099896472
"ambiguous_dropped","all_data","Survival",-0.405465108108164,"pH","pH","Calcifier","ZOO_STUDY_0465","ZOO_ES_002403","ZOO_COMMON_00786",5,"Calcifier_pH",-0.3,4.7,4.71459364806069
"ambiguous_dropped","all_data","Survival",-0.422856850820034,"pH","pH","Calcifier","ZOO_STUDY_0182","ZOO_ES_002432","ZOO_COMMON_00317",5,"Calcifier_pH",-0.3,4.7,4.7230814218754
"ambiguous_dropped","all_data","Survival",-0.487295126355797,"pH","pH","Calcifier","ZOO_STUDY_0181","ZOO_ES_002442","ZOO_COMMON_00316",5,"Calcifier_pH",-0.3,4.7,4.7080460243742
"ambiguous_dropped","all_data","Survival",-0.501346879811447,"pH","pH","Calcifier","ZOO_STUDY_0376","ZOO_ES_002443","ZOO_COMMON_00634",5,"Calcifier_pH",-0.3,4.7,4.6754358709557
"ambiguous_dropped","all_data","Survival",-0.510825623765991,"pH","pH","Calcifier","ZOO_STUDY_0019","ZOO_ES_002444","ZOO_COMMON_00027",5,"Calcifier_pH",-0.3,4.7,4.6982894612127
"ambiguous_dropped","all_data","Survival",-0.538996500732687,"pH","pH","Calcifier","ZOO_STUDY_0184","ZOO_ES_002450","ZOO_COMMON_00321",5,"Calcifier_pH",-0.3,4.7,4.71083069243468
"ambiguous_dropped","all_data","Survival",-0.554996842079128,"pH","pH","Calcifier","ZOO_STUDY_0508","ZOO_ES_002451","ZOO_COMMON_00871",5,"Calcifier_pH",-0.3,4.7,4.67640910549089
"ambiguous_dropped","all_data","Survival",-0.555525802683898,"pH","pH","Calcifier","ZOO_STUDY_0464","ZOO_ES_002452","ZOO_COMMON_00780",5,"Calcifier_pH",-0.3,4.7,4.71727412793553
"ambiguous_dropped","all_data","Survival",-0.559615787935423,"pH","pH","Calcifier","ZOO_STUDY_0183","ZOO_ES_002453","ZOO_COMMON_00319",5,"Calcifier_pH",-0.3,4.7,4.71232077045133
"ambiguous_dropped","all_data","Survival",-0.578077850775158,"pH","pH","Calcifier","ZOO_STUDY_0221","ZOO_ES_002454","ZOO_COMMON_00379",5,"Calcifier_pH",-0.3,4.7,4.68820153821725
"ambiguous_dropped","all_data","Survival",-0.71512608727872,"pH","pH","Calcifier","ZOO_STUDY_0261","ZOO_ES_002467","ZOO_COMMON_00438",5,"Calcifier_pH",-0.3,4.7,4.71229568381095
"ambiguous_dropped","all_data","Survival",-0.762140052046897,"T","T","Calcifier","ZOO_STUDY_0465","ZOO_ES_002484","ZOO_COMMON_00785",5,"Calcifier_T",-0.18,4.82,4.82857912356732
"ambiguous_dropped","all_data","Survival",-0.76409891653223,"T","T","Calcifier","ZOO_STUDY_0465","ZOO_ES_002485","ZOO_COMMON_00784",5,"Calcifier_T",-0.18,4.82,4.80360263666837
"ambiguous_dropped","all_data","Survival",-0.987386653557885,"pH","pH","Calcifier","ZOO_STUDY_0404","ZOO_ES_002517","ZOO_COMMON_00679",5,"Calcifier_pH",-0.3,4.7,4.70848582341569
"ambiguous_dropped","all_data","Survival",-0.994622575144062,"TpH","T + pH","Calcifier","ZOO_STUDY_0465","ZOO_ES_002518","ZOO_COMMON_00784",5,"Calcifier_T + pH",-0.06,4.94,4.96151770157507
"ambiguous_dropped","all_data","Survival",-1.28093384546206,"pH","pH","Calcifier","ZOO_STUDY_0508","ZOO_ES_002519","ZOO_COMMON_00871",5,"Calcifier_pH",-0.3,4.7,4.71754873791942
"ambiguous_dropped","all_data","Survival",-1.32175583998232,"pH","pH","Calcifier","ZOO_STUDY_0019","ZOO_ES_002520","ZOO_COMMON_00027",5,"Calcifier_pH",-0.3,4.7,4.71405366176041
"ambiguous_dropped","all_data","Survival",-1.32175583998232,"TpH","T + pH","Calcifier","ZOO_STUDY_0465","ZOO_ES_002521","ZOO_COMMON_00785",5,"Calcifier_T + pH",-0.06,4.94,4.9492921165633
"ambiguous_dropped","all_data","Survival",-1.6376087894008,"pH","pH","Calcifier","ZOO_STUDY_0020","ZOO_ES_002522","ZOO_COMMON_00028",5,"Calcifier_pH",-0.3,4.7,4.70456845560111
"ambiguous_dropped","all_data","Survival",0.0495969411393722,"pH","pH","Calcifier","ZOO_STUDY_0065","ZOO_ES_002738","ZOO_COMMON_00100",5,"Calcifier_pH",-0.3,4.7,4.69516366084572
"ambiguous_dropped","all_data","Survival",0,"pH","pH","Calcifier","ZOO_STUDY_0303","ZOO_ES_002739","ZOO_COMMON_00520",5,"Calcifier_pH",-0.3,4.7,4.6814174056286
"ambiguous_dropped","all_data","Survival",-0.00200803280324563,"pH","pH","Calcifier","ZOO_STUDY_0358","ZOO_ES_002740","ZOO_COMMON_00603",5,"Calcifier_pH",-0.3,4.7,4.71600822322071
"ambiguous_dropped","all_data","Survival",-0.00351670796996687,"pH","pH","Calcifier","ZOO_STUDY_0358","ZOO_ES_002741","ZOO_COMMON_00603",5,"Calcifier_pH",-0.3,4.7,4.71083602361614
"ambiguous_dropped","all_data","Survival",-0.0068415318167166,"pH","pH","Calcifier","ZOO_STUDY_0303","ZOO_ES_002742","ZOO_COMMON_00520",5,"Calcifier_pH",-0.3,4.7,4.7144162426237
"ambiguous_dropped","all_data","Survival",-0.0112995552539334,"pH","pH","Calcifier","ZOO_STUDY_0260","ZOO_ES_002743","ZOO_COMMON_00437",5,"Calcifier_pH",-0.3,4.7,4.67591580005828
"ambiguous_dropped","all_data","Survival",-0.023048395436291,"pH","pH","Calcifier","ZOO_STUDY_0251","ZOO_ES_002744","ZOO_COMMON_00424",5,"Calcifier_pH",-0.3,4.7,4.68372450704919
"ambiguous_dropped","all_data","Survival",-0.0293021506873938,"pH","pH","Calcifier","ZOO_STUDY_0385","ZOO_ES_002745","ZOO_COMMON_00645",5,"Calcifier_pH",-0.3,4.7,4.70493244841928
"ambiguous_dropped","all_data","Survival",-0.0317486983145803,"pH","pH","Calcifier","ZOO_STUDY_0511","ZOO_ES_002746","ZOO_COMMON_00875",5,"Calcifier_pH",-0.3,4.7,4.67903194114333
"ambiguous_dropped","all_data","Survival",-0.0342890734786321,"pH","pH","Calcifier","ZOO_STUDY_0260","ZOO_ES_002747","ZOO_COMMON_00437",5,"Calcifier_pH",-0.3,4.7,4.71036579709034
"ambiguous_dropped","all_data","Survival",-0.0382212128201977,"pH","pH","Calcifier","ZOO_STUDY_0531","ZOO_ES_002748","ZOO_COMMON_00904",5,"Calcifier_pH",-0.3,4.7,4.7031834387104
"ambiguous_dropped","all_data","Survival",-0.0512932943875506,"pH","pH","Calcifier","ZOO_STUDY_0307","ZOO_ES_002749","ZOO_COMMON_00526",5,"Calcifier_pH",-0.3,4.7,4.68914039545925
"ambiguous_dropped","all_data","Survival",-0.0653827592628517,"pH","pH","Calcifier","ZOO_STUDY_0251","ZOO_ES_002750","ZOO_COMMON_00424",5,"Calcifier_pH",-0.3,4.7,4.69460283828666
"ambiguous_dropped","all_data","Survival",-0.0859424298007248,"pH","pH","Calcifier","ZOO_STUDY_0385","ZOO_ES_002751","ZOO_COMMON_00645",5,"Calcifier_pH",-0.3,4.7,4.70863640839234
"ambiguous_dropped","all_data","Survival",-0.105360515657826,"pH","pH","Calcifier","ZOO_STUDY_0531","ZOO_ES_002756","ZOO_COMMON_00905",5,"Calcifier_pH",-0.3,4.7,4.68310898336349
"ambiguous_dropped","all_data","Survival",-0.112117298120706,"pH","pH","Calcifier","ZOO_STUDY_0190","ZOO_ES_002757","ZOO_COMMON_00333",5,"Calcifier_pH",-0.3,4.7,4.680425095174
"ambiguous_dropped","all_data","Survival",-0.14349338535327,"pH","pH","Calcifier","ZOO_STUDY_0463","ZOO_ES_002764","ZOO_COMMON_00778",5,"Calcifier_pH",-0.3,4.7,4.70167221149895
"ambiguous_dropped","all_data","Survival",-0.146603474191875,"pH","pH","Calcifier","ZOO_STUDY_0190","ZOO_ES_002765","ZOO_COMMON_00333",5,"Calcifier_pH",-0.3,4.7,4.68015995501773
"ambiguous_dropped","all_data","Survival",-0.150822889734584,"pH","pH","Calcifier","ZOO_STUDY_0531","ZOO_ES_002766","ZOO_COMMON_00905",5,"Calcifier_pH",-0.3,4.7,4.67967090426246
"ambiguous_dropped","all_data","Survival",-0.159064694629687,"pH","pH","Calcifier","ZOO_STUDY_0190","ZOO_ES_002779","ZOO_COMMON_00334",5,"Calcifier_pH",-0.3,4.7,4.70699625710258
"ambiguous_dropped","all_data","Survival",-0.176456437341557,"pH","pH","Calcifier","ZOO_STUDY_0190","ZOO_ES_002780","ZOO_COMMON_00334",5,"Calcifier_pH",-0.3,4.7,4.70320212185616
"ambiguous_dropped","all_data","Survival",-0.246860077931526,"pH","pH","Calcifier","ZOO_STUDY_0511","ZOO_ES_002786","ZOO_COMMON_00875",5,"Calcifier_pH",-0.3,4.7,4.69027682597516
"ambiguous_dropped","all_data","Survival",-0.356674943938732,"pH","pH","Calcifier","ZOO_STUDY_0531","ZOO_ES_002787","ZOO_COMMON_00904",5,"Calcifier_pH",-0.3,4.7,4.68830045156647
"ambiguous_dropped","all_data","Survival",-0.466619531261495,"pH","pH","Calcifier","ZOO_STUDY_0065","ZOO_ES_002824","ZOO_COMMON_00100",5,"Calcifier_pH",-0.3,4.7,4.7066250394797
"ambiguous_dropped","all_data","Survival",-1.02165124753198,"pH","pH","Calcifier","ZOO_STUDY_0307","ZOO_ES_002860","ZOO_COMMON_00526",5,"Calcifier_pH",-0.3,4.7,4.71653789167758
"ambiguous_dropped","all_data","Survival",-1.40691364832263,"pH","pH","Calcifier","ZOO_STUDY_0463","ZOO_ES_002861","ZOO_COMMON_00778",5,"Calcifier_pH",-0.3,4.7,4.67756778076291
"ambiguous_dropped","all_data","Survival",-0.67116827384117,"T","T","Calcifier","ZOO_STUDY_0494","ZOO_ES_002871","ZOO_COMMON_00844",5,"Calcifier_T",-0.18,4.82,4.84461675180821
"ambiguous_dropped","all_data","Survival",-0.67116827384117,"TpH","T + pH","Calcifier","ZOO_STUDY_0494","ZOO_ES_002872","ZOO_COMMON_00844",5,"Calcifier_T + pH",-0.06,4.94,4.91610435964307
"ambiguous_dropped","all_data","Survival",-0.0304592074847086,"T","T","Calcifier","ZOO_STUDY_0114","ZOO_ES_002879","ZOO_COMMON_00196",5,"Calcifier_T",-0.18,4.82,4.80399194445228
"ambiguous_dropped","all_data","Survival",0.225956492690824,"pH","pH","Calcifier","ZOO_STUDY_0087","ZOO_ES_002942","ZOO_COMMON_00142",5,"Calcifier_pH",-0.3,4.7,4.69143460374326
"ambiguous_dropped","all_data","Survival",0.213574100298059,"pH","pH","Calcifier","ZOO_STUDY_0087","ZOO_ES_002945","ZOO_COMMON_00151",5,"Calcifier_pH",-0.3,4.7,4.71774478583829
"ambiguous_dropped","all_data","Survival",0.203228241613268,"pH","pH","Calcifier","ZOO_STUDY_0087","ZOO_ES_002946","ZOO_COMMON_00142",5,"Calcifier_pH",-0.3,4.7,4.68421801566146
"ambiguous_dropped","all_data","Survival",0.200670695462151,"pH","pH","Calcifier","ZOO_STUDY_0087","ZOO_ES_002947","ZOO_COMMON_00151",5,"Calcifier_pH",-0.3,4.7,4.71476783512626
"ambiguous_dropped","all_data","Survival",0.0934340066460971,"pH","pH","Calcifier","ZOO_STUDY_0122","ZOO_ES_002950","ZOO_COMMON_00213",5,"Calcifier_pH",-0.3,4.7,4.71794260691386
"ambiguous_dropped","all_data","Survival",0.0719734996250892,"pH","pH","Calcifier","ZOO_STUDY_0186","ZOO_ES_002952","ZOO_COMMON_00325",5,"Calcifier_pH",-0.3,4.7,4.69860097669298
"ambiguous_dropped","all_data","Survival",0.048790164169432,"pH","pH","Calcifier","ZOO_STUDY_0157","ZOO_ES_002953","ZOO_COMMON_00266",5,"Calcifier_pH",-0.3,4.7,4.70741014196537
"ambiguous_dropped","all_data","Survival",0.0254466656611646,"pH","pH","Calcifier","ZOO_STUDY_0122","ZOO_ES_002955","ZOO_COMMON_00213",5,"Calcifier_pH",-0.3,4.7,4.69125208422774
"ambiguous_dropped","all_data","Survival",0.0200407508834462,"pH","pH","Calcifier","ZOO_STUDY_0126","ZOO_ES_002956","ZOO_COMMON_00222",5,"Calcifier_pH",-0.3,4.7,4.69830687290523
"ambiguous_dropped","all_data","Survival",-0.00311688564025311,"pH","pH","Calcifier","ZOO_STUDY_0079","ZOO_ES_002957","ZOO_COMMON_00124",5,"Calcifier_pH",-0.3,4.7,4.72212036418496
"ambiguous_dropped","all_data","Survival",-0.0194180858571016,"pH","pH","Calcifier","ZOO_STUDY_0087","ZOO_ES_002958","ZOO_COMMON_00146",5,"Calcifier_pH",-0.3,4.7,4.68727321493207
"ambiguous_dropped","all_data","Survival",-0.0276515313305101,"pH","pH","Calcifier","ZOO_STUDY_0087","ZOO_ES_002959","ZOO_COMMON_00148",5,"Calcifier_pH",-0.3,4.7,4.676122852962
"ambiguous_dropped","all_data","Survival",-0.0439631234211161,"pH","pH","Calcifier","ZOO_STUDY_0131","ZOO_ES_002960","ZOO_COMMON_00227",5,"Calcifier_pH",-0.3,4.7,4.72335359152639
"ambiguous_dropped","all_data","Survival",-0.045556531602367,"pH","pH","Calcifier","ZOO_STUDY_0126","ZOO_ES_002961","ZOO_COMMON_00222",5,"Calcifier_pH",-0.3,4.7,4.68800244284794
"ambiguous_dropped","all_data","Survival",-0.0476280489892548,"pH","pH","Calcifier","ZOO_STUDY_0125","ZOO_ES_002962","ZOO_COMMON_00221",5,"Calcifier_pH",-0.3,4.7,4.70770536082564
"ambiguous_dropped","all_data","Survival",-0.0905140075408319,"pH","pH","Calcifier","ZOO_STUDY_0087","ZOO_ES_002973","ZOO_COMMON_00146",5,"Calcifier_pH",-0.3,4.7,4.67876906187739
"ambiguous_dropped","all_data","Survival",-0.117783035656384,"pH","pH","Calcifier","ZOO_STUDY_0276","ZOO_ES_002977","ZOO_COMMON_00457",5,"Calcifier_pH",-0.3,4.7,4.72346230495023
"ambiguous_dropped","all_data","Survival",-0.160342650075179,"pH","pH","Calcifier","ZOO_STUDY_0526","ZOO_ES_003003","ZOO_COMMON_00896",5,"Calcifier_pH",-0.3,4.7,4.7209269661922
"ambiguous_dropped","all_data","Survival",-0.182321556793955,"pH","pH","Calcifier","ZOO_STUDY_0157","ZOO_ES_003014","ZOO_COMMON_00266",5,"Calcifier_pH",-0.3,4.7,4.71840762681095
"ambiguous_dropped","all_data","Survival",-0.191891007810105,"pH","pH","Calcifier","ZOO_STUDY_0087","ZOO_ES_003019","ZOO_COMMON_00151",5,"Calcifier_pH",-0.3,4.7,4.69621894874144
"ambiguous_dropped","all_data","Survival",-0.245122458032985,"pH","pH","Calcifier","ZOO_STUDY_0455","ZOO_ES_003046","ZOO_COMMON_00764",5,"Calcifier_pH",-0.3,4.7,4.71405159879941
"ambiguous_dropped","all_data","Survival",-0.246133069538909,"pH","pH","Calcifier","ZOO_STUDY_0087","ZOO_ES_003047","ZOO_COMMON_00148",5,"Calcifier_pH",-0.3,4.7,4.68999529463472
"ambiguous_dropped","all_data","Survival",-0.258107932669304,"pH","pH","Calcifier","ZOO_STUDY_0290","ZOO_ES_003058","ZOO_COMMON_00487",5,"Calcifier_pH",-0.3,4.7,4.689472639421
"ambiguous_dropped","all_data","Survival",-0.358354073696833,"pH","pH","Calcifier","ZOO_STUDY_0527","ZOO_ES_003092","ZOO_COMMON_00897",5,"Calcifier_pH",-0.3,4.7,4.72496369165601
"ambiguous_dropped","all_data","Survival",-0.405465108108164,"TpH","T + pH","Calcifier","ZOO_STUDY_0157","ZOO_ES_003101","ZOO_COMMON_00266",5,"Calcifier_T + pH",-0.06,4.94,4.96435186039656
"ambiguous_dropped","all_data","Survival",-0.420502985472705,"pH","pH","Calcifier","ZOO_STUDY_0186","ZOO_ES_003123","ZOO_COMMON_00325",5,"Calcifier_pH",-0.3,4.7,4.69900231705979
"ambiguous_dropped","all_data","Survival",-0.593466246937498,"pH","pH","Calcifier","ZOO_STUDY_0527","ZOO_ES_003172","ZOO_COMMON_00897",5,"Calcifier_pH",-0.3,4.7,4.71311375331134
"ambiguous_dropped","all_data","Survival",-0.62057648772511,"pH","pH","Calcifier","ZOO_STUDY_0454","ZOO_ES_003175","ZOO_COMMON_00763",5,"Calcifier_pH",-0.3,4.7,4.69143059625058
"ambiguous_dropped","all_data","Survival",-0.71512608727872,"pH","pH","Calcifier","ZOO_STUDY_0455","ZOO_ES_003191","ZOO_COMMON_00764",5,"Calcifier_pH",-0.3,4.7,4.68681194236269
"ambiguous_dropped","all_data","Survival",-0.792238083204176,"pH","pH","Calcifier","ZOO_STUDY_0163","ZOO_ES_003200","ZOO_COMMON_00286",5,"Calcifier_pH",-0.3,4.7,4.70589300151914
"ambiguous_dropped","all_data","Survival",-0.839101093183025,"pH","pH","Calcifier","ZOO_STUDY_0526","ZOO_ES_003205","ZOO_COMMON_00896",5,"Calcifier_pH",-0.3,4.7,4.69202246327186
"ambiguous_dropped","all_data","Survival",-1.79175946922805,"T","T","Calcifier","ZOO_STUDY_0157","ZOO_ES_003232","ZOO_COMMON_00266",5,"Calcifier_T",-0.18,4.82,4.79791955138091
"ambiguous_dropped","all_data","Survival",-1.79175946922805,"TpH","T + pH","Calcifier","ZOO_STUDY_0157","ZOO_ES_003233","ZOO_COMMON_00266",5,"Calcifier_T + pH",-0.06,4.94,4.96409729111241
"ambiguous_dropped","all_data","Survival",0.874547502755968,"pH","pH","Calcifier","ZOO_STUDY_0177","ZOO_ES_003324","ZOO_COMMON_00306",5,"Calcifier_pH",-0.3,4.7,4.70940200608457
"ambiguous_dropped","all_data","Survival",0.78209466672607,"pH","pH","Calcifier","ZOO_STUDY_0174","ZOO_ES_003325","ZOO_COMMON_00301",5,"Calcifier_pH",-0.3,4.7,4.71810911104549
"ambiguous_dropped","all_data","Survival",0.693147180559945,"pH","pH","Calcifier","ZOO_STUDY_0174","ZOO_ES_003326","ZOO_COMMON_00301",5,"Calcifier_pH",-0.3,4.7,4.69808477418264
"ambiguous_dropped","all_data","Survival",0.398390798766031,"pH","pH","Calcifier","ZOO_STUDY_0177","ZOO_ES_003327","ZOO_COMMON_00306",5,"Calcifier_pH",-0.3,4.7,4.68130135992542
"ambiguous_dropped","all_data","Survival",0.230986728758493,"pH","pH","Calcifier","ZOO_STUDY_0174","ZOO_ES_003328","ZOO_COMMON_00301",5,"Calcifier_pH",-0.3,4.7,4.70901477226289
"ambiguous_dropped","all_data","Survival",0.206739902838104,"pH","pH","Calcifier","ZOO_STUDY_0174","ZOO_ES_003329","ZOO_COMMON_00301",5,"Calcifier_pH",-0.3,4.7,4.67599743925966
"ambiguous_dropped","all_data","Survival",0.166228515655706,"pH","pH","Calcifier","ZOO_STUDY_0174","ZOO_ES_003330","ZOO_COMMON_00301",5,"Calcifier_pH",-0.3,4.7,4.68314793198369
"ambiguous_dropped","all_data","Survival",0.135378797557423,"pH","pH","Calcifier","ZOO_STUDY_0177","ZOO_ES_003331","ZOO_COMMON_00306",5,"Calcifier_pH",-0.3,4.7,4.71979079175508
"ambiguous_dropped","all_data","Survival",0.0524901826008197,"pH","pH","Calcifier","ZOO_STUDY_0174","ZOO_ES_003333","ZOO_COMMON_00301",5,"Calcifier_pH",-0.3,4.7,4.68265788722783
"ambiguous_dropped","all_data","Survival",0.0503845923574318,"pH","pH","Calcifier","ZOO_STUDY_0174","ZOO_ES_003334","ZOO_COMMON_00301",5,"Calcifier_pH",-0.3,4.7,4.6879320796812
"ambiguous_dropped","all_data","Survival",0.0456105112548719,"pH","pH","Calcifier","ZOO_STUDY_0177","ZOO_ES_003335","ZOO_COMMON_00306",5,"Calcifier_pH",-0.3,4.7,4.68720123401145
"ambiguous_dropped","all_data","Survival",0.0451822227646615,"pH","pH","Calcifier","ZOO_STUDY_0177","ZOO_ES_003336","ZOO_COMMON_00306",5,"Calcifier_pH",-0.3,4.7,4.69059324536938
"ambiguous_dropped","all_data","Survival",0.0202846711866697,"pH","pH","Calcifier","ZOO_STUDY_0177","ZOO_ES_003337","ZOO_COMMON_00306",5,"Calcifier_pH",-0.3,4.7,4.6860623344779
"ambiguous_dropped","all_data","Survival",0.0101523714209011,"pH","pH","Calcifier","ZOO_STUDY_0177","ZOO_ES_003338","ZOO_COMMON_00306",5,"Calcifier_pH",-0.3,4.7,4.67652734214207
"ambiguous_dropped","all_data","Survival",-0.162903470976079,"pH","pH","Calcifier","ZOO_STUDY_0177","ZOO_ES_003342","ZOO_COMMON_00306",5,"Calcifier_pH",-0.3,4.7,4.72015183045296
"ambiguous_dropped","all_data","Survival",-0.163109306412805,"pH","pH","Calcifier","ZOO_STUDY_0177","ZOO_ES_003343","ZOO_COMMON_00306",5,"Calcifier_pH",-0.3,4.7,4.72296987321461
"ambiguous_dropped","all_data","Survival",-0.165955657900672,"pH","pH","Calcifier","ZOO_STUDY_0174","ZOO_ES_003344","ZOO_COMMON_00301",5,"Calcifier_pH",-0.3,4.7,4.72214243307244
"ambiguous_dropped","all_data","Survival",-0.211671150200914,"pH","pH","Calcifier","ZOO_STUDY_0177","ZOO_ES_003345","ZOO_COMMON_00306",5,"Calcifier_pH",-0.3,4.7,4.69766500199912
"ambiguous_dropped","all_data","Survival",-0.223733347813742,"pH","pH","Calcifier","ZOO_STUDY_0177","ZOO_ES_003346","ZOO_COMMON_00306",5,"Calcifier_pH",-0.3,4.7,4.69688325012103
"ambiguous_dropped","all_data","Survival",-0.270290329628433,"pH","pH","Calcifier","ZOO_STUDY_0174","ZOO_ES_003347","ZOO_COMMON_00301",5,"Calcifier_pH",-0.3,4.7,4.67750830738805
"ambiguous_dropped","all_data","Survival",-0.277976502710552,"pH","pH","Calcifier","ZOO_STUDY_0177","ZOO_ES_003348","ZOO_COMMON_00306",5,"Calcifier_pH",-0.3,4.7,4.69299106341787
"ambiguous_dropped","all_data","Survival",-0.278713402961588,"pH","pH","Calcifier","ZOO_STUDY_0174","ZOO_ES_003349","ZOO_COMMON_00301",5,"Calcifier_pH",-0.3,4.7,4.71983220323455
"ambiguous_dropped","all_data","Survival",-0.289151580629876,"pH","pH","Calcifier","ZOO_STUDY_0177","ZOO_ES_003350","ZOO_COMMON_00306",5,"Calcifier_pH",-0.3,4.7,4.69355315836146
"ambiguous_dropped","all_data","Survival",-0.405465108352282,"pH","pH","Calcifier","ZOO_STUDY_0177","ZOO_ES_003351","ZOO_COMMON_00306",5,"Calcifier_pH",-0.3,4.7,4.70016425056383
"ambiguous_dropped","all_data","Survival",-0.489164127129337,"pH","pH","Calcifier","ZOO_STUDY_0174","ZOO_ES_003352","ZOO_COMMON_00301",5,"Calcifier_pH",-0.3,4.7,4.70137996530393
"ambiguous_dropped","all_data","Survival",-0.606135803427134,"pH","pH","Calcifier","ZOO_STUDY_0174","ZOO_ES_003353","ZOO_COMMON_00301",5,"Calcifier_pH",-0.3,4.7,4.68351350325393
"ambiguous_dropped","all_data","Survival",-0.650478592139166,"pH","pH","Calcifier","ZOO_STUDY_0174","ZOO_ES_003354","ZOO_COMMON_00301",5,"Calcifier_pH",-0.3,4.7,4.70192993883975
"ambiguous_dropped","all_data","Survival",-0.663901612617589,"pH","pH","Calcifier","ZOO_STUDY_0174","ZOO_ES_003355","ZOO_COMMON_00301",5,"Calcifier_pH",-0.3,4.7,4.68052467225352
"ambiguous_dropped","all_data","Survival",-0.677398823748056,"pH","pH","Calcifier","ZOO_STUDY_0176","ZOO_ES_003356","ZOO_COMMON_00304",5,"Calcifier_pH",-0.3,4.7,4.70570525171934
"ambiguous_dropped","all_data","Survival",-0.705317716362344,"pH","pH","Calcifier","ZOO_STUDY_0174","ZOO_ES_003357","ZOO_COMMON_00301",5,"Calcifier_pH",-0.3,4.7,4.70224882134935
"ambiguous_dropped","all_data","Survival",-0.899761430320256,"pH","pH","Calcifier","ZOO_STUDY_0177","ZOO_ES_003358","ZOO_COMMON_00306",5,"Calcifier_pH",-0.3,4.7,4.68638143462595
"ambiguous_dropped","all_data","Survival",-0.961411167267294,"pH","pH","Calcifier","ZOO_STUDY_0177","ZOO_ES_003359","ZOO_COMMON_00306",5,"Calcifier_pH",-0.3,4.7,4.72007543263026
"ambiguous_dropped","all_data","Survival",-1.20881542873144,"pH","pH","Calcifier","ZOO_STUDY_0176","ZOO_ES_003360","ZOO_COMMON_00304",5,"Calcifier_pH",-0.3,4.7,4.68492632183479
"ambiguous_dropped","all_data","Survival",-1.45033672729519,"pH","pH","Calcifier","ZOO_STUDY_0174","ZOO_ES_003361","ZOO_COMMON_00301",5,"Calcifier_pH",-0.3,4.7,4.69609060587827
"ambiguous_dropped","all_data","Survival",-0.120763663777521,"T","T","Calcifier","ZOO_STUDY_0175","ZOO_ES_003362","ZOO_COMMON_00303",5,"Calcifier_T",-0.18,4.82,4.8392180929007
"ambiguous_dropped","all_data","Survival",-0.1980128865465,"T","T","Calcifier","ZOO_STUDY_0175","ZOO_ES_003363","ZOO_COMMON_00303",5,"Calcifier_T",-0.18,4.82,4.80691004232969
"ambiguous_dropped","all_data","Survival",-0.205645648075647,"T","T","Calcifier","ZOO_STUDY_0175","ZOO_ES_003364","ZOO_COMMON_00303",5,"Calcifier_T",-0.18,4.82,4.80958152991254
"ambiguous_dropped","all_data","Survival",-0.513453746276042,"T","T","Calcifier","ZOO_STUDY_0175","ZOO_ES_003365","ZOO_COMMON_00303",5,"Calcifier_T",-0.18,4.82,4.8388197634765
"ambiguous_dropped","all_data","Survival",-0.739667196276656,"T","T","Calcifier","ZOO_STUDY_0175","ZOO_ES_003366","ZOO_COMMON_00303",5,"Calcifier_T",-0.18,4.82,4.82595362375025
"ambiguous_dropped","all_data","Survival",-0.745790913881646,"T","T","Calcifier","ZOO_STUDY_0175","ZOO_ES_003367","ZOO_COMMON_00303",5,"Calcifier_T",-0.18,4.82,4.8378649376845
"ambiguous_dropped","all_data","Survival",-0.809270464632267,"T","T","Calcifier","ZOO_STUDY_0175","ZOO_ES_003368","ZOO_COMMON_00303",5,"Calcifier_T",-0.18,4.82,4.81886421662522
"ambiguous_dropped","all_data","Survival",-0.835049868752542,"T","T","Calcifier","ZOO_STUDY_0175","ZOO_ES_003369","ZOO_COMMON_00303",5,"Calcifier_T",-0.18,4.82,4.83971154799685
"ambiguous_dropped","all_data","Survival",-0.839228652580343,"T","T","Calcifier","ZOO_STUDY_0175","ZOO_ES_003370","ZOO_COMMON_00303",5,"Calcifier_T",-0.18,4.82,4.80345346783754
"ambiguous_dropped","all_data","Survival",-1.01473080466297,"T","T","Calcifier","ZOO_STUDY_0175","ZOO_ES_003371","ZOO_COMMON_00303",5,"Calcifier_T",-0.18,4.82,4.82605350688566
"ambiguous_dropped","all_data","Survival",-1.02235275587052,"T","T","Calcifier","ZOO_STUDY_0175","ZOO_ES_003372","ZOO_COMMON_00303",5,"Calcifier_T",-0.18,4.82,4.83113802648615
"ambiguous_dropped","all_data","Survival",-1.34863252309394,"T","T","Calcifier","ZOO_STUDY_0175","ZOO_ES_003373","ZOO_COMMON_00303",5,"Calcifier_T",-0.18,4.82,4.80451080817031
"ambiguous_dropped","all_data","Survival",-1.36330484285523,"T","T","Calcifier","ZOO_STUDY_0175","ZOO_ES_003374","ZOO_COMMON_00303",5,"Calcifier_T",-0.18,4.82,4.82343577511376
"ambiguous_dropped","all_data","Survival",-1.71765149740318,"T","T","Calcifier","ZOO_STUDY_0175","ZOO_ES_003375","ZOO_COMMON_00303",5,"Calcifier_T",-0.18,4.82,4.82857656637672
"ambiguous_dropped","all_data","Survival",-2.49630528271364,"T","T","Calcifier","ZOO_STUDY_0175","ZOO_ES_003376","ZOO_COMMON_00303",5,"Calcifier_T",-0.18,4.82,4.8409605449345
"ambiguous_dropped","all_data","Survival",-2.75153531300844,"T","T","Calcifier","ZOO_STUDY_0175","ZOO_ES_003377","ZOO_COMMON_00303",5,"Calcifier_T",-0.18,4.82,4.81127798489062
"ambiguous_dropped","all_data","Survival",-0.0451822227646614,"T","T","Calcifier","ZOO_STUDY_0177","ZOO_ES_003378","ZOO_COMMON_00307",5,"Calcifier_T",-0.18,4.82,4.82233760351548
"ambiguous_dropped","all_data","Survival",-0.0815498669510359,"T","T","Calcifier","ZOO_STUDY_0177","ZOO_ES_003379","ZOO_COMMON_00307",5,"Calcifier_T",-0.18,4.82,4.79524955893168
"ambiguous_dropped","all_data","Survival",-0.140581950594233,"T","T","Calcifier","ZOO_STUDY_0177","ZOO_ES_003380","ZOO_COMMON_00307",5,"Calcifier_T",-0.18,4.82,4.8135058070696
"ambiguous_dropped","all_data","Survival",-0.183138216770258,"T","T","Calcifier","ZOO_STUDY_0177","ZOO_ES_003381","ZOO_COMMON_00307",5,"Calcifier_T",-0.18,4.82,4.82688107123133
"ambiguous_dropped","all_data","Survival",-0.244453337927115,"T","T","Calcifier","ZOO_STUDY_0177","ZOO_ES_003382","ZOO_COMMON_00307",5,"Calcifier_T",-0.18,4.82,4.82548035050742
"ambiguous_dropped","all_data","Survival",-0.309744587629271,"T","T","Calcifier","ZOO_STUDY_0177","ZOO_ES_003383","ZOO_COMMON_00307",5,"Calcifier_T",-0.18,4.82,4.83591460845666
"ambiguous_dropped","all_data","Survival",-0.377168357778347,"T","T","Calcifier","ZOO_STUDY_0177","ZOO_ES_003384","ZOO_COMMON_00307",5,"Calcifier_T",-0.18,4.82,4.80089458983159
"ambiguous_dropped","all_data","Survival",-0.384599969594645,"T","T","Calcifier","ZOO_STUDY_0177","ZOO_ES_003385","ZOO_COMMON_00307",5,"Calcifier_T",-0.18,4.82,4.82816788355587
"ambiguous_dropped","all_data","Survival",-0.408804009381822,"T","T","Calcifier","ZOO_STUDY_0177","ZOO_ES_003386","ZOO_COMMON_00307",5,"Calcifier_T",-0.18,4.82,4.80508036276326
"ambiguous_dropped","all_data","Survival",-0.573524218129913,"T","T","Calcifier","ZOO_STUDY_0177","ZOO_ES_003387","ZOO_COMMON_00307",5,"Calcifier_T",-0.18,4.82,4.82434297707398
"ambiguous_dropped","all_data","Survival",-0.638446044845368,"T","T","Calcifier","ZOO_STUDY_0177","ZOO_ES_003388","ZOO_COMMON_00307",5,"Calcifier_T",-0.18,4.82,4.82975349893561
"ambiguous_dropped","all_data","Survival",-0.812410601255142,"T","T","Calcifier","ZOO_STUDY_0177","ZOO_ES_003389","ZOO_COMMON_00307",5,"Calcifier_T",-0.18,4.82,4.8214144073939
"ambiguous_dropped","all_data","Survival",-1.06471073717425,"T","T","Calcifier","ZOO_STUDY_0177","ZOO_ES_003390","ZOO_COMMON_00307",5,"Calcifier_T",-0.18,4.82,4.81347607550444
"ambiguous_dropped","all_data","Survival",-1.85353682923816,"T","T","Calcifier","ZOO_STUDY_0177","ZOO_ES_003391","ZOO_COMMON_00307",5,"Calcifier_T",-0.18,4.82,4.82992362027755
"ambiguous_dropped","all_data","Survival",0.0201798567819685,"pH","pH","Calcifier","ZOO_STUDY_0509","ZOO_ES_003392","ZOO_COMMON_00872",5,"Calcifier_pH",-0.3,4.7,4.69868522286415
"ambiguous_dropped","all_data","Survival",0.0120141308730348,"pH","pH","Calcifier","ZOO_STUDY_0509","ZOO_ES_003393","ZOO_COMMON_00872",5,"Calcifier_pH",-0.3,4.7,4.68654039240209
"ambiguous_dropped","all_data","Survival",0.7503055942329,"pH","pH","Calcifier","ZOO_STUDY_0377","ZOO_ES_003394","ZOO_COMMON_00635",5,"Calcifier_pH",-0.3,4.7,4.69770673483144
"ambiguous_dropped","all_data","Survival",1.46228026807907,"pH","pH","Calcifier","ZOO_STUDY_0377","ZOO_ES_003395","ZOO_COMMON_00635",5,"Calcifier_pH",-0.3,4.7,4.67895959595917
"ambiguous_dropped","all_data","Survival",0.201968554155331,"pH","pH","Calcifier","ZOO_STUDY_0378","ZOO_ES_003396","ZOO_COMMON_00636",5,"Calcifier_pH",-0.3,4.7,4.68788402868668
"ambiguous_dropped","all_data","Survival",0.420358269138385,"pH","pH","Calcifier","ZOO_STUDY_0379","ZOO_ES_003397","ZOO_COMMON_00637",5,"Calcifier_pH",-0.3,4.7,4.70270402503666
"ambiguous_dropped","all_data","Survival",0.385768087959985,"pH","pH","Calcifier","ZOO_STUDY_0379","ZOO_ES_003398","ZOO_COMMON_00637",5,"Calcifier_pH",-0.3,4.7,4.67608798965812
"ambiguous_dropped","all_data","Survival",0.19888657366865,"pH","pH","Non-calcifier","ZOO_STUDY_0021","ZOO_ES_000042","ZOO_COMMON_00029",5,"Non-calcifier_pH",0.06,5.06,5.04555510318838
"ambiguous_dropped","all_data","Survival",0.523046136546694,"pH","pH","Non-calcifier","ZOO_STUDY_0029","ZOO_ES_000043","ZOO_COMMON_00043",5,"Non-calcifier_pH",0.06,5.06,5.06681966961129
"ambiguous_dropped","all_data","Survival",-0.0705848949494358,"pH","pH","Non-calcifier","ZOO_STUDY_0030","ZOO_ES_000044","ZOO_COMMON_00045",5,"Non-calcifier_pH",0.06,5.06,5.07084868855542
"ambiguous_dropped","all_data","Survival",-0.0464402816274991,"pH","pH","Non-calcifier","ZOO_STUDY_0030","ZOO_ES_000070","ZOO_COMMON_00045",5,"Non-calcifier_pH",0.06,5.06,5.07384312027367
"ambiguous_dropped","all_data","Survival",-0.179678549780601,"pH","pH","Non-calcifier","ZOO_STUDY_0030","ZOO_ES_000071","ZOO_COMMON_00044",5,"Non-calcifier_pH",0.06,5.06,5.0386604282679
"ambiguous_dropped","all_data","Survival",-0.111242742579346,"pH","pH","Non-calcifier","ZOO_STUDY_0030","ZOO_ES_000072","ZOO_COMMON_00044",5,"Non-calcifier_pH",0.06,5.06,5.03993741857354
"ambiguous_dropped","all_data","Survival",0.0735625671770166,"pH","pH","Non-calcifier","ZOO_STUDY_0106","ZOO_ES_000088","ZOO_COMMON_00184",5,"Non-calcifier_pH",0.06,5.06,5.08231977802003
"ambiguous_dropped","all_data","Survival",0.561220851131449,"pH","pH","Non-calcifier","ZOO_STUDY_0116","ZOO_ES_000089","ZOO_COMMON_00199",5,"Non-calcifier_pH",0.06,5.06,5.08154417039128
"ambiguous_dropped","all_data","Survival",-0.621993420303655,"pH","pH","Non-calcifier","ZOO_STUDY_0179","ZOO_ES_000093","ZOO_COMMON_00310",5,"Non-calcifier_pH",0.06,5.06,5.08107257707976
"ambiguous_dropped","all_data","Survival",0.00992563979997,"pH","pH","Non-calcifier","ZOO_STUDY_0179","ZOO_ES_000094","ZOO_COMMON_00310",5,"Non-calcifier_pH",0.06,5.06,5.06749693241669
"ambiguous_dropped","all_data","Survival",-0.0345275497120287,"pH","pH","Non-calcifier","ZOO_STUDY_0236","ZOO_ES_000095","ZOO_COMMON_00403",5,"Non-calcifier_pH",0.06,5.06,5.04281751830364
"ambiguous_dropped","all_data","Survival",-0.0651534894860833,"pH","pH","Non-calcifier","ZOO_STUDY_0368","ZOO_ES_000165","ZOO_COMMON_00619",5,"Non-calcifier_pH",0.06,5.06,5.08050718343817
"ambiguous_dropped","all_data","Survival",-0.150394527345287,"pH","pH","Non-calcifier","ZOO_STUDY_0394","ZOO_ES_000283","ZOO_COMMON_00659",5,"Non-calcifier_pH",0.06,5.06,5.08110309439013
"ambiguous_dropped","all_data","Survival",-0.0455037553848264,"pH","pH","Non-calcifier","ZOO_STUDY_0397","ZOO_ES_000284","ZOO_COMMON_00668",5,"Non-calcifier_pH",0.06,5.06,5.04346203069668
"ambiguous_dropped","all_data","Survival",0.736767803035836,"pH","pH","Non-calcifier","ZOO_STUDY_0398","ZOO_ES_000293","ZOO_COMMON_00670",5,"Non-calcifier_pH",0.06,5.06,5.03866836577887
"ambiguous_dropped","all_data","Survival",-0.184112560923596,"pH","pH","Non-calcifier","ZOO_STUDY_0401","ZOO_ES_000294","ZOO_COMMON_00675",5,"Non-calcifier_pH",0.06,5.06,5.06331144655356
"ambiguous_dropped","all_data","Survival",0.0392207131532813,"pH","pH","Non-calcifier","ZOO_STUDY_0507","ZOO_ES_000316","ZOO_COMMON_00870",5,"Non-calcifier_pH",0.06,5.06,5.05327026484534
"ambiguous_dropped","all_data","Survival",0.00627748451913903,"pH","pH","Non-calcifier","ZOO_STUDY_0507","ZOO_ES_000317","ZOO_COMMON_00870",5,"Non-calcifier_pH",0.06,5.06,5.05800833094632
"ambiguous_dropped","all_data","Survival",0.289314725875666,"T","T","Non-calcifier","ZOO_STUDY_0021","ZOO_ES_000318","ZOO_COMMON_00029",5,"Non-calcifier_T",0.18,5.18,5.17823684561998
"ambiguous_dropped","all_data","Survival",1.08446542712048,"T","T","Non-calcifier","ZOO_STUDY_0029","ZOO_ES_000319","ZOO_COMMON_00043",5,"Non-calcifier_T",0.18,5.18,5.19394535540603
"ambiguous_dropped","all_data","Survival",0.0660862176797545,"T","T","Non-calcifier","ZOO_STUDY_0030","ZOO_ES_000367","ZOO_COMMON_00045",5,"Non-calcifier_T",0.18,5.18,5.19618331881473
"ambiguous_dropped","all_data","Survival",-0.118583122981313,"T","T","Non-calcifier","ZOO_STUDY_0030","ZOO_ES_000368","ZOO_COMMON_00044",5,"Non-calcifier_T",0.18,5.18,5.16911775260931
"ambiguous_dropped","all_data","Survival",-0.0266721771505249,"T","T","Non-calcifier","ZOO_STUDY_0030","ZOO_ES_000369","ZOO_COMMON_00044",5,"Non-calcifier_T",0.18,5.18,5.19149891570676
"ambiguous_dropped","all_data","Survival",0.199976492032675,"T","T","Non-calcifier","ZOO_STUDY_0106","ZOO_ES_000373","ZOO_COMMON_00184",5,"Non-calcifier_T",0.18,5.18,5.1797985842987
"ambiguous_dropped","all_data","Survival",0.843280161865082,"T","T","Non-calcifier","ZOO_STUDY_0116","ZOO_ES_000374","ZOO_COMMON_00199",5,"Non-calcifier_T",0.18,5.18,5.15831341505516
"ambiguous_dropped","all_data","Survival",-0.0335727944281302,"T","T","Non-calcifier","ZOO_STUDY_0236","ZOO_ES_000427","ZOO_COMMON_00403",5,"Non-calcifier_T",0.18,5.18,5.15688239152776
"ambiguous_dropped","all_data","Survival",-0.0115500923076347,"T","T","Non-calcifier","ZOO_STUDY_0236","ZOO_ES_000428","ZOO_COMMON_00403",5,"Non-calcifier_T",0.18,5.18,5.16687925370177
"ambiguous_dropped","all_data","Survival",0.00999804288366409,"T","T","Non-calcifier","ZOO_STUDY_0236","ZOO_ES_000429","ZOO_COMMON_00403",5,"Non-calcifier_T",0.18,5.18,5.16591980551137
"ambiguous_dropped","all_data","Survival",-0.346276236717834,"T","T","Non-calcifier","ZOO_STUDY_0339","ZOO_ES_000432","ZOO_COMMON_00574",5,"Non-calcifier_T",0.18,5.18,5.17611931374529
"ambiguous_dropped","all_data","Survival",-0.182321556793955,"T","T","Non-calcifier","ZOO_STUDY_0339","ZOO_ES_000454","ZOO_COMMON_00574",5,"Non-calcifier_T",0.18,5.18,5.18248758165399
"ambiguous_dropped","all_data","Survival",-1.00333564284209,"T","T","Non-calcifier","ZOO_STUDY_0368","ZOO_ES_000460","ZOO_COMMON_00619",5,"Non-calcifier_T",0.18,5.18,5.1906868802337
"ambiguous_dropped","all_data","Survival",-0.162400384653018,"T","T","Non-calcifier","ZOO_STUDY_0394","ZOO_ES_000462","ZOO_COMMON_00659",5,"Non-calcifier_T",0.18,5.18,5.16699970543385
"ambiguous_dropped","all_data","Survival",-1.91266124209709,"T","T","Non-calcifier","ZOO_STUDY_0397","ZOO_ES_000463","ZOO_COMMON_00668",5,"Non-calcifier_T",0.18,5.18,5.1997841006564
"ambiguous_dropped","all_data","Survival",1.16804079509987,"T","T","Non-calcifier","ZOO_STUDY_0398","ZOO_ES_000525","ZOO_COMMON_00670",5,"Non-calcifier_T",0.18,5.18,5.17913118940312
"ambiguous_dropped","all_data","Survival",-0.165532791479207,"T","T","Non-calcifier","ZOO_STUDY_0401","ZOO_ES_000526","ZOO_COMMON_00675",5,"Non-calcifier_T",0.18,5.18,5.16814235009486
"ambiguous_dropped","all_data","Survival",-0.7339691750802,"T","T","Non-calcifier","ZOO_STUDY_0507","ZOO_ES_000571","ZOO_COMMON_00870",5,"Non-calcifier_T",0.18,5.18,5.17099593801657
"ambiguous_dropped","all_data","Survival",-0.0922920688614193,"T","T","Non-calcifier","ZOO_STUDY_0507","ZOO_ES_000572","ZOO_COMMON_00870",5,"Non-calcifier_T",0.18,5.18,5.18821509871166
"ambiguous_dropped","all_data","Survival",-0.162903470936853,"TpH","T + pH","Non-calcifier","ZOO_STUDY_0021","ZOO_ES_000573","ZOO_COMMON_00029",5,"Non-calcifier_T + pH",0.3,5.3,5.31140256806975
"ambiguous_dropped","all_data","Survival",1.37570302169159,"TpH","T + pH","Non-calcifier","ZOO_STUDY_0029","ZOO_ES_000574","ZOO_COMMON_00043",5,"Non-calcifier_T + pH",0.3,5.3,5.30357179754647
"ambiguous_dropped","all_data","Survival",-0.0953269247536299,"TpH","T + pH","Non-calcifier","ZOO_STUDY_0030","ZOO_ES_000599","ZOO_COMMON_00045",5,"Non-calcifier_T + pH",0.3,5.3,5.31893475381657
"ambiguous_dropped","all_data","Survival",0.022517507679442,"TpH","T + pH","Non-calcifier","ZOO_STUDY_0030","ZOO_ES_000600","ZOO_COMMON_00045",5,"Non-calcifier_T + pH",0.3,5.3,5.29546016394161
"ambiguous_dropped","all_data","Survival",-0.287633602878546,"TpH","T + pH","Non-calcifier","ZOO_STUDY_0030","ZOO_ES_000601","ZOO_COMMON_00044",5,"Non-calcifier_T + pH",0.3,5.3,5.28526978947921
"ambiguous_dropped","all_data","Survival",-0.203453553568864,"TpH","T + pH","Non-calcifier","ZOO_STUDY_0030","ZOO_ES_000602","ZOO_COMMON_00044",5,"Non-calcifier_T + pH",0.3,5.3,5.2985410208581
"ambiguous_dropped","all_data","Survival",-0.103794521617917,"TpH","T + pH","Non-calcifier","ZOO_STUDY_0030","ZOO_ES_000603","ZOO_COMMON_00044",5,"Non-calcifier_T + pH",0.3,5.3,5.29397038876778
"ambiguous_dropped","all_data","Survival",0.766709747736962,"TpH","T + pH","Non-calcifier","ZOO_STUDY_0106","ZOO_ES_000609","ZOO_COMMON_00184",5,"Non-calcifier_T + pH",0.3,5.3,5.28737824811833
"ambiguous_dropped","all_data","Survival",0.880400285992569,"TpH","T + pH","Non-calcifier","ZOO_STUDY_0116","ZOO_ES_000610","ZOO_COMMON_00199",5,"Non-calcifier_T + pH",0.3,5.3,5.32125162628945
"ambiguous_dropped","all_data","Survival",-0.0268095857256288,"TpH","T + pH","Non-calcifier","ZOO_STUDY_0236","ZOO_ES_000644","ZOO_COMMON_00403",5,"Non-calcifier_T + pH",0.3,5.3,5.29830873532919
"ambiguous_dropped","all_data","Survival",-0.016854041094531,"TpH","T + pH","Non-calcifier","ZOO_STUDY_0236","ZOO_ES_000753","ZOO_COMMON_00403",5,"Non-calcifier_T + pH",0.3,5.3,5.27569708416704
"ambiguous_dropped","all_data","Survival",-0.00761633982292641,"TpH","T + pH","Non-calcifier","ZOO_STUDY_0236","ZOO_ES_000754","ZOO_COMMON_00403",5,"Non-calcifier_T + pH",0.3,5.3,5.32216123690596
"ambiguous_dropped","all_data","Survival",-0.462580126704225,"TpH","T + pH","Non-calcifier","ZOO_STUDY_0368","ZOO_ES_000866","ZOO_COMMON_00619",5,"Non-calcifier_T + pH",0.3,5.3,5.29372728277231
"ambiguous_dropped","all_data","Survival",-0.333193357084173,"TpH","T + pH","Non-calcifier","ZOO_STUDY_0394","ZOO_ES_000901","ZOO_COMMON_00659",5,"Non-calcifier_T + pH",0.3,5.3,5.27540207677521
"ambiguous_dropped","all_data","Survival",-0.482177069946832,"TpH","T + pH","Non-calcifier","ZOO_STUDY_0397","ZOO_ES_000902","ZOO_COMMON_00668",5,"Non-calcifier_T + pH",0.3,5.3,5.32402622516965
"ambiguous_dropped","all_data","Survival",1.36219680954083,"TpH","T + pH","Non-calcifier","ZOO_STUDY_0398","ZOO_ES_000997","ZOO_COMMON_00670",5,"Non-calcifier_T + pH",0.3,5.3,5.29387700279476
"ambiguous_dropped","all_data","Survival",-0.0213316690503926,"TpH","T + pH","Non-calcifier","ZOO_STUDY_0401","ZOO_ES_000998","ZOO_COMMON_00675",5,"Non-calcifier_T + pH",0.3,5.3,5.32429337773938
"ambiguous_dropped","all_data","Survival",-0.653926467406664,"TpH","T + pH","Non-calcifier","ZOO_STUDY_0507","ZOO_ES_001004","ZOO_COMMON_00870",5,"Non-calcifier_T + pH",0.3,5.3,5.28198081953451
"ambiguous_dropped","all_data","Survival",-0.0854097292384776,"TpH","T + pH","Non-calcifier","ZOO_STUDY_0507","ZOO_ES_001005","ZOO_COMMON_00870",5,"Non-calcifier_T + pH",0.3,5.3,5.30311090515461
"ambiguous_dropped","all_data","Survival",-0.656779536556354,"pH","pH","Non-calcifier","ZOO_STUDY_0027","ZOO_ES_001408","ZOO_COMMON_00041",5,"Non-calcifier_pH",0.06,5.06,5.07471800971776
"ambiguous_dropped","all_data","Survival",-0.879923087789909,"pH","pH","Non-calcifier","ZOO_STUDY_0027","ZOO_ES_001409","ZOO_COMMON_00041",5,"Non-calcifier_pH",0.06,5.06,5.04469506843248
"ambiguous_dropped","all_data","Survival",-1.09861228883539,"pH","pH","Non-calcifier","ZOO_STUDY_0027","ZOO_ES_001410","ZOO_COMMON_00041",5,"Non-calcifier_pH",0.06,5.06,5.07053492515348
"ambiguous_dropped","all_data","Survival",-1.1210851447901,"pH","pH","Non-calcifier","ZOO_STUDY_0027","ZOO_ES_001411","ZOO_COMMON_00041",5,"Non-calcifier_pH",0.06,5.06,5.06328540100017
"ambiguous_dropped","all_data","Survival",-1.29435686571734,"pH","pH","Non-calcifier","ZOO_STUDY_0027","ZOO_ES_001412","ZOO_COMMON_00041",5,"Non-calcifier_pH",0.06,5.06,5.03550578665687
"ambiguous_dropped","all_data","Survival",-1.72722094844596,"pH","pH","Non-calcifier","ZOO_STUDY_0027","ZOO_ES_001413","ZOO_COMMON_00041",5,"Non-calcifier_pH",0.06,5.06,5.0478475433914
"ambiguous_dropped","all_data","Survival",0.233283355043819,"pH","pH","Non-calcifier","ZOO_STUDY_0107","ZOO_ES_001464","ZOO_COMMON_00185",5,"Non-calcifier_pH",0.06,5.06,5.0585490741441
"ambiguous_dropped","all_data","Survival",0.0109029593879147,"pH","pH","Non-calcifier","ZOO_STUDY_0107","ZOO_ES_001466","ZOO_COMMON_00185",5,"Non-calcifier_pH",0.06,5.06,5.08134313735878
"ambiguous_dropped","all_data","Survival",-0.087968926202674,"pH","pH","Non-calcifier","ZOO_STUDY_0107","ZOO_ES_001467","ZOO_COMMON_00185",5,"Non-calcifier_pH",0.06,5.06,5.08476459894096
"ambiguous_dropped","all_data","Survival",-0.0240721217266308,"pH","pH","Non-calcifier","ZOO_STUDY_0107","ZOO_ES_001469","ZOO_COMMON_00185",5,"Non-calcifier_pH",0.06,5.06,5.0454991150205
"ambiguous_dropped","all_data","Survival",-0.0793272496810688,"pH","pH","Non-calcifier","ZOO_STUDY_0107","ZOO_ES_001470","ZOO_COMMON_00185",5,"Non-calcifier_pH",0.06,5.06,5.06225934541086
"ambiguous_dropped","all_data","Survival",-0.0182013084257369,"pH","pH","Non-calcifier","ZOO_STUDY_0107","ZOO_ES_001474","ZOO_COMMON_00185",5,"Non-calcifier_pH",0.06,5.06,5.06726964361966
"ambiguous_dropped","all_data","Survival",0.0334952000592965,"pH","pH","Non-calcifier","ZOO_STUDY_0165","ZOO_ES_001484","ZOO_COMMON_00288",5,"Non-calcifier_pH",0.06,5.06,5.08005539903184
"ambiguous_dropped","all_data","Survival",0.0253979895999265,"pH","pH","Non-calcifier","ZOO_STUDY_0165","ZOO_ES_001485","ZOO_COMMON_00288",5,"Non-calcifier_pH",0.06,5.06,5.07161608736729
"ambiguous_dropped","all_data","Survival",-0.166231260891847,"pH","pH","Non-calcifier","ZOO_STUDY_0165","ZOO_ES_001486","ZOO_COMMON_00288",5,"Non-calcifier_pH",0.06,5.06,5.0654855350987
"ambiguous_dropped","all_data","Survival",0.227057788870782,"pH","pH","Non-calcifier","ZOO_STUDY_0166","ZOO_ES_001487","ZOO_COMMON_00290",5,"Non-calcifier_pH",0.06,5.06,5.04621860668063
"ambiguous_dropped","all_data","Survival",-0.631936965295776,"pH","pH","Non-calcifier","ZOO_STUDY_0166","ZOO_ES_001488","ZOO_COMMON_00292",5,"Non-calcifier_pH",0.06,5.06,5.08080855066888
"ambiguous_dropped","all_data","Survival",-0.68197239831298,"pH","pH","Non-calcifier","ZOO_STUDY_0166","ZOO_ES_001489","ZOO_COMMON_00291",5,"Non-calcifier_pH",0.06,5.06,5.07513805123977
"ambiguous_dropped","all_data","Survival",0.749884034244385,"pH","pH","Non-calcifier","ZOO_STUDY_0193","ZOO_ES_001491","ZOO_COMMON_00341",5,"Non-calcifier_pH",0.06,5.06,5.05062043062877
"ambiguous_dropped","all_data","Survival",0.487085308260517,"pH","pH","Non-calcifier","ZOO_STUDY_0193","ZOO_ES_001492","ZOO_COMMON_00339",5,"Non-calcifier_pH",0.06,5.06,5.04636255981401
"ambiguous_dropped","all_data","Survival",0.1771219304301,"pH","pH","Non-calcifier","ZOO_STUDY_0193","ZOO_ES_001493","ZOO_COMMON_00339",5,"Non-calcifier_pH",0.06,5.06,5.06787976019783
"ambiguous_dropped","all_data","Survival",-0.0878849274255516,"pH","pH","Non-calcifier","ZOO_STUDY_0193","ZOO_ES_001494","ZOO_COMMON_00342",5,"Non-calcifier_pH",0.06,5.06,5.0717865578155
"ambiguous_dropped","all_data","Survival",-0.747021881314063,"pH","pH","Non-calcifier","ZOO_STUDY_0193","ZOO_ES_001495","ZOO_COMMON_00342",5,"Non-calcifier_pH",0.06,5.06,5.05825471272925
"ambiguous_dropped","all_data","Survival",-2.24106564372952,"pH","pH","Non-calcifier","ZOO_STUDY_0193","ZOO_ES_001496","ZOO_COMMON_00340",5,"Non-calcifier_pH",0.06,5.06,5.07818026646506
"ambiguous_dropped","all_data","Survival",-0.878849272268893,"pH","pH","Non-calcifier","ZOO_STUDY_0193","ZOO_ES_001497","ZOO_COMMON_00340",5,"Non-calcifier_pH",0.06,5.06,5.06875002916437
"ambiguous_dropped","all_data","Survival",-0.183439589318264,"pH","pH","Non-calcifier","ZOO_STUDY_0282","ZOO_ES_001519","ZOO_COMMON_00475",5,"Non-calcifier_pH",0.06,5.06,5.04307339444291
"ambiguous_dropped","all_data","Survival",-0.312188576673463,"pH","pH","Non-calcifier","ZOO_STUDY_0282","ZOO_ES_001520","ZOO_COMMON_00475",5,"Non-calcifier_pH",0.06,5.06,5.03560451533645
"ambiguous_dropped","all_data","Survival",-0.325833825047173,"pH","pH","Non-calcifier","ZOO_STUDY_0282","ZOO_ES_001521","ZOO_COMMON_00476",5,"Non-calcifier_pH",0.06,5.06,5.0783034013724
"ambiguous_dropped","all_data","Survival",-0.698509190977511,"pH","pH","Non-calcifier","ZOO_STUDY_0282","ZOO_ES_001522","ZOO_COMMON_00476",5,"Non-calcifier_pH",0.06,5.06,5.04003563939128
"ambiguous_dropped","all_data","Survival",-0.425091389678755,"pH","pH","Non-calcifier","ZOO_STUDY_0282","ZOO_ES_001523","ZOO_COMMON_00474",5,"Non-calcifier_pH",0.06,5.06,5.05061161222635
"ambiguous_dropped","all_data","Survival",-0.603015162609145,"pH","pH","Non-calcifier","ZOO_STUDY_0282","ZOO_ES_001524","ZOO_COMMON_00474",5,"Non-calcifier_pH",0.06,5.06,5.05672475265106
"ambiguous_dropped","all_data","Survival",-0.0770865658591483,"pH","pH","Non-calcifier","ZOO_STUDY_0282","ZOO_ES_001525","ZOO_COMMON_00473",5,"Non-calcifier_pH",0.06,5.06,5.06578780320939
"ambiguous_dropped","all_data","Survival",-0.19222289514504,"pH","pH","Non-calcifier","ZOO_STUDY_0282","ZOO_ES_001526","ZOO_COMMON_00473",5,"Non-calcifier_pH",0.06,5.06,5.05196120284032
"ambiguous_dropped","all_data","Survival",-0.227272945895327,"pH","pH","Non-calcifier","ZOO_STUDY_0316","ZOO_ES_001535","ZOO_COMMON_00538",5,"Non-calcifier_pH",0.06,5.06,5.06399890514091
"ambiguous_dropped","all_data","Survival",-0.242249210284588,"pH","pH","Non-calcifier","ZOO_STUDY_0316","ZOO_ES_001536","ZOO_COMMON_00538",5,"Non-calcifier_pH",0.06,5.06,5.07648374013603
"ambiguous_dropped","all_data","Survival",-0.0941288448015136,"pH","pH","Non-calcifier","ZOO_STUDY_0324","ZOO_ES_001565","ZOO_COMMON_00555",5,"Non-calcifier_pH",0.06,5.06,5.05173090728
"ambiguous_dropped","all_data","Survival",-4.70501552120324,"pH","pH","Non-calcifier","ZOO_STUDY_0324","ZOO_ES_001566","ZOO_COMMON_00555",5,"Non-calcifier_pH",0.06,5.06,5.05410094980849
"ambiguous_dropped","all_data","Survival",-0.02720705059476,"pH","pH","Non-calcifier","ZOO_STUDY_0344","ZOO_ES_001567","ZOO_COMMON_00586",5,"Non-calcifier_pH",0.06,5.06,5.06528449673438
"ambiguous_dropped","all_data","Survival",-0.0698704665680438,"pH","pH","Non-calcifier","ZOO_STUDY_0344","ZOO_ES_001568","ZOO_COMMON_00586",5,"Non-calcifier_pH",0.06,5.06,5.05978679460473
"ambiguous_dropped","all_data","Survival",-0.0881272495111529,"pH","pH","Non-calcifier","ZOO_STUDY_0344","ZOO_ES_001569","ZOO_COMMON_00586",5,"Non-calcifier_pH",0.06,5.06,5.04046339418506
"ambiguous_dropped","all_data","Survival",-0.099920561457267,"pH","pH","Non-calcifier","ZOO_STUDY_0344","ZOO_ES_001570","ZOO_COMMON_00586",5,"Non-calcifier_pH",0.06,5.06,5.07729641499696
"ambiguous_dropped","all_data","Survival",-0.189400843919588,"pH","pH","Non-calcifier","ZOO_STUDY_0344","ZOO_ES_001571","ZOO_COMMON_00586",5,"Non-calcifier_pH",0.06,5.06,5.05729282675544
"ambiguous_dropped","all_data","Survival",-0.30106309854691,"pH","pH","Non-calcifier","ZOO_STUDY_0344","ZOO_ES_001572","ZOO_COMMON_00586",5,"Non-calcifier_pH",0.06,5.06,5.07251879524207
"ambiguous_dropped","all_data","Survival",-0.313574949623409,"pH","pH","Non-calcifier","ZOO_STUDY_0344","ZOO_ES_001573","ZOO_COMMON_00586",5,"Non-calcifier_pH",0.06,5.06,5.07477693098132
"ambiguous_dropped","all_data","Survival",-0.101579793026847,"pH","pH","Non-calcifier","ZOO_STUDY_0352","ZOO_ES_001574","ZOO_COMMON_00594",5,"Non-calcifier_pH",0.06,5.06,5.05453494285699
"ambiguous_dropped","all_data","Survival",0.726669035935219,"pH","pH","Non-calcifier","ZOO_STUDY_0384","ZOO_ES_001576","ZOO_COMMON_00644",5,"Non-calcifier_pH",0.06,5.06,5.0357423944422
"ambiguous_dropped","all_data","Survival",0.715619472438994,"pH","pH","Non-calcifier","ZOO_STUDY_0384","ZOO_ES_001577","ZOO_COMMON_00644",5,"Non-calcifier_pH",0.06,5.06,5.07217074133456
"ambiguous_dropped","all_data","Survival",-0.0229889280207272,"pH","pH","Non-calcifier","ZOO_STUDY_0384","ZOO_ES_001578","ZOO_COMMON_00644",5,"Non-calcifier_pH",0.06,5.06,5.03841925893445
"ambiguous_dropped","all_data","Survival",0,"pH","pH","Non-calcifier","ZOO_STUDY_0384","ZOO_ES_001579","ZOO_COMMON_00644",5,"Non-calcifier_pH",0.06,5.06,5.06160103153903
"ambiguous_dropped","all_data","Survival",-0.237129053850755,"pH","pH","Non-calcifier","ZOO_STUDY_0384","ZOO_ES_001580","ZOO_COMMON_00644",5,"Non-calcifier_pH",0.06,5.06,5.04113152069272
"ambiguous_dropped","all_data","Survival",-0.456756428808518,"pH","pH","Non-calcifier","ZOO_STUDY_0384","ZOO_ES_001581","ZOO_COMMON_00644",5,"Non-calcifier_pH",0.06,5.06,5.06878849995788
"ambiguous_dropped","all_data","Survival",-0.334369186318118,"pH","pH","Non-calcifier","ZOO_STUDY_0469","ZOO_ES_001598","ZOO_COMMON_00793",5,"Non-calcifier_pH",0.06,5.06,5.03780100338859
"ambiguous_dropped","all_data","Survival",-0.682675880586334,"pH","pH","Non-calcifier","ZOO_STUDY_0469","ZOO_ES_001599","ZOO_COMMON_00793",5,"Non-calcifier_pH",0.06,5.06,5.07490046929102
"ambiguous_dropped","all_data","Survival",-0.391425311322215,"pH","pH","Non-calcifier","ZOO_STUDY_0469","ZOO_ES_001600","ZOO_COMMON_00792",5,"Non-calcifier_pH",0.06,5.06,5.06813024822855
"ambiguous_dropped","all_data","Survival",-0.626041264071914,"pH","pH","Non-calcifier","ZOO_STUDY_0469","ZOO_ES_001601","ZOO_COMMON_00792",5,"Non-calcifier_pH",0.06,5.06,5.04721206983319
"ambiguous_dropped","all_data","Survival",-0.7165552713306,"pH","pH","Non-calcifier","ZOO_STUDY_0469","ZOO_ES_001602","ZOO_COMMON_00792",5,"Non-calcifier_pH",0.06,5.06,5.04301862186054
"ambiguous_dropped","all_data","Survival",-0.727137380662268,"pH","pH","Non-calcifier","ZOO_STUDY_0469","ZOO_ES_001603","ZOO_COMMON_00792",5,"Non-calcifier_pH",0.06,5.06,5.03789999501547
"ambiguous_dropped","all_data","Survival",-0.74322351836104,"pH","pH","Non-calcifier","ZOO_STUDY_0469","ZOO_ES_001604","ZOO_COMMON_00792",5,"Non-calcifier_pH",0.06,5.06,5.03576055969112
"ambiguous_dropped","all_data","Survival",0.16761540950215,"pH","pH","Non-calcifier","ZOO_STUDY_0477","ZOO_ES_001605","ZOO_COMMON_00809",5,"Non-calcifier_pH",0.06,5.06,5.07666773858014
"ambiguous_dropped","all_data","Survival",0,"pH","pH","Non-calcifier","ZOO_STUDY_0477","ZOO_ES_001606","ZOO_COMMON_00807",5,"Non-calcifier_pH",0.06,5.06,5.04809386088978
"ambiguous_dropped","all_data","Survival",0.390080189124366,"pH","pH","Non-calcifier","ZOO_STUDY_0477","ZOO_ES_001607","ZOO_COMMON_00808",5,"Non-calcifier_pH",0.06,5.06,5.03777074130718
"ambiguous_dropped","all_data","Survival",0.160600714703734,"pH","pH","Non-calcifier","ZOO_STUDY_0477","ZOO_ES_001608","ZOO_COMMON_00811",5,"Non-calcifier_pH",0.06,5.06,5.05240167164244
"ambiguous_dropped","all_data","Survival",-0.302895941050851,"pH","pH","Non-calcifier","ZOO_STUDY_0477","ZOO_ES_001609","ZOO_COMMON_00810",5,"Non-calcifier_pH",0.06,5.06,5.06401092044776
"ambiguous_dropped","all_data","Survival",0.0625986563634283,"pH","pH","Non-calcifier","ZOO_STUDY_0477","ZOO_ES_001610","ZOO_COMMON_00810",5,"Non-calcifier_pH",0.06,5.06,5.07521091378527
"ambiguous_dropped","all_data","Survival",0.2515686547125,"pH","pH","Non-calcifier","ZOO_STUDY_0477","ZOO_ES_001611","ZOO_COMMON_00807",5,"Non-calcifier_pH",0.06,5.06,5.05201328632189
"ambiguous_dropped","all_data","Survival",-0.395708933174964,"pH","pH","Non-calcifier","ZOO_STUDY_0477","ZOO_ES_001612","ZOO_COMMON_00809",5,"Non-calcifier_pH",0.06,5.06,5.04174251654418
"ambiguous_dropped","all_data","Survival",-0.776584037007249,"pH","pH","Non-calcifier","ZOO_STUDY_0477","ZOO_ES_001613","ZOO_COMMON_00808",5,"Non-calcifier_pH",0.06,5.06,5.07368064600974
"ambiguous_dropped","all_data","Survival",-0.251495966215128,"pH","pH","Non-calcifier","ZOO_STUDY_0477","ZOO_ES_001614","ZOO_COMMON_00812",5,"Non-calcifier_pH",0.06,5.06,5.07886189249344
"ambiguous_dropped","all_data","Survival",0.1449010241496,"pH","pH","Non-calcifier","ZOO_STUDY_0477","ZOO_ES_001615","ZOO_COMMON_00811",5,"Non-calcifier_pH",0.06,5.06,5.08439840175211
"ambiguous_dropped","all_data","Survival",-0.654221990258106,"pH","pH","Non-calcifier","ZOO_STUDY_0477","ZOO_ES_001616","ZOO_COMMON_00806",5,"Non-calcifier_pH",0.06,5.06,5.06774092925712
"ambiguous_dropped","all_data","Survival",-0.498891638915011,"pH","pH","Non-calcifier","ZOO_STUDY_0477","ZOO_ES_001617","ZOO_COMMON_00806",5,"Non-calcifier_pH",0.06,5.06,5.04770136516541
"ambiguous_dropped","all_data","Survival",-0.360441427456354,"pH","pH","Non-calcifier","ZOO_STUDY_0512","ZOO_ES_001631","ZOO_COMMON_00876",5,"Non-calcifier_pH",0.06,5.06,5.06707277799956
"ambiguous_dropped","all_data","Survival",-0.524070849476479,"pH","pH","Non-calcifier","ZOO_STUDY_0512","ZOO_ES_001632","ZOO_COMMON_00876",5,"Non-calcifier_pH",0.06,5.06,5.05753061903175
"ambiguous_dropped","all_data","Survival",-0.693147180559945,"pH","pH","Non-calcifier","ZOO_STUDY_0512","ZOO_ES_001633","ZOO_COMMON_00876",5,"Non-calcifier_pH",0.06,5.06,5.04484805985354
"ambiguous_dropped","all_data","Survival",-0.693147180559945,"pH","pH","Non-calcifier","ZOO_STUDY_0512","ZOO_ES_001634","ZOO_COMMON_00876",5,"Non-calcifier_pH",0.06,5.06,5.06530937426956
"ambiguous_dropped","all_data","Survival",-1.6226831417357,"pH","pH","Non-calcifier","ZOO_STUDY_0512","ZOO_ES_001635","ZOO_COMMON_00876",5,"Non-calcifier_pH",0.06,5.06,5.08373148748884
"ambiguous_dropped","all_data","Survival",-0.397458659712212,"pH","pH","Non-calcifier","ZOO_STUDY_0512","ZOO_ES_001636","ZOO_COMMON_00876",5,"Non-calcifier_pH",0.06,5.06,5.04495871906634
"ambiguous_dropped","all_data","Survival",-0.633847437982631,"pH","pH","Non-calcifier","ZOO_STUDY_0512","ZOO_ES_001637","ZOO_COMMON_00876",5,"Non-calcifier_pH",0.06,5.06,5.05673794867704
"ambiguous_dropped","all_data","Survival",-0.702840309539539,"pH","pH","Non-calcifier","ZOO_STUDY_0512","ZOO_ES_001638","ZOO_COMMON_00876",5,"Non-calcifier_pH",0.06,5.06,5.05197693673195
"ambiguous_dropped","all_data","Survival",-0.709354990759629,"pH","pH","Non-calcifier","ZOO_STUDY_0512","ZOO_ES_001639","ZOO_COMMON_00876",5,"Non-calcifier_pH",0.06,5.06,5.03670041212114
"ambiguous_dropped","all_data","Survival",-0.709354990759629,"pH","pH","Non-calcifier","ZOO_STUDY_0512","ZOO_ES_001640","ZOO_COMMON_00876",5,"Non-calcifier_pH",0.06,5.06,5.03995992816286
"ambiguous_dropped","all_data","Survival",0.636828749948671,"pH","pH","Non-calcifier","ZOO_STUDY_0512","ZOO_ES_001641","ZOO_COMMON_00876",5,"Non-calcifier_pH",0.06,5.06,5.05596164163668
"ambiguous_dropped","all_data","Survival",0.527823200259762,"pH","pH","Non-calcifier","ZOO_STUDY_0512","ZOO_ES_001642","ZOO_COMMON_00876",5,"Non-calcifier_pH",0.06,5.06,5.03736691699829
"ambiguous_dropped","all_data","Survival",0.247603848459782,"pH","pH","Non-calcifier","ZOO_STUDY_0512","ZOO_ES_001643","ZOO_COMMON_00876",5,"Non-calcifier_pH",0.06,5.06,5.03632646384882
"ambiguous_dropped","all_data","Survival",0.170345365736051,"pH","pH","Non-calcifier","ZOO_STUDY_0512","ZOO_ES_001644","ZOO_COMMON_00876",5,"Non-calcifier_pH",0.06,5.06,5.04367560232291
"ambiguous_dropped","all_data","Survival",0.1293560214355,"pH","pH","Non-calcifier","ZOO_STUDY_0512","ZOO_ES_001645","ZOO_COMMON_00876",5,"Non-calcifier_pH",0.06,5.06,5.05390432671644
"ambiguous_dropped","all_data","Survival",-0.717439872927023,"pH","pH","Non-calcifier","ZOO_STUDY_0180","ZOO_ES_001657","ZOO_COMMON_00311",5,"Non-calcifier_pH",0.06,5.06,5.0644161392143
"ambiguous_dropped","all_data","Survival",-1.47907609481727,"pH","pH","Non-calcifier","ZOO_STUDY_0180","ZOO_ES_001658","ZOO_COMMON_00312",5,"Non-calcifier_pH",0.06,5.06,5.05182148351101
"ambiguous_dropped","all_data","Survival",0.0243914531077156,"pH","pH","Non-calcifier","ZOO_STUDY_0180","ZOO_ES_001659","ZOO_COMMON_00311",5,"Non-calcifier_pH",0.06,5.06,5.05972741433885
"ambiguous_dropped","all_data","Survival",0.0365894474359371,"pH","pH","Non-calcifier","ZOO_STUDY_0180","ZOO_ES_001660","ZOO_COMMON_00313",5,"Non-calcifier_pH",0.06,5.06,5.07261633373797
"ambiguous_dropped","all_data","Survival",-2.92316158065322,"pH","pH","Non-calcifier","ZOO_STUDY_0180","ZOO_ES_001661","ZOO_COMMON_00313",5,"Non-calcifier_pH",0.06,5.06,5.04345310559962
"ambiguous_dropped","all_data","Survival",-0.04734612056218,"pH","pH","Non-calcifier","ZOO_STUDY_0180","ZOO_ES_001662","ZOO_COMMON_00312",5,"Non-calcifier_pH",0.06,5.06,5.07718158182921
"ambiguous_dropped","all_data","Survival",0.424861077047735,"pH","pH","Non-calcifier","ZOO_STUDY_0127","ZOO_ES_002554","ZOO_COMMON_00223",5,"Non-calcifier_pH",0.06,5.06,5.05101514281938
"ambiguous_dropped","all_data","Survival",0.103184236235231,"pH","pH","Non-calcifier","ZOO_STUDY_0341","ZOO_ES_002557","ZOO_COMMON_00577",5,"Non-calcifier_pH",0.06,5.06,5.04669436081545
"ambiguous_dropped","all_data","Survival",-0.149531733970964,"pH","pH","Non-calcifier","ZOO_STUDY_0459","ZOO_ES_002570","ZOO_COMMON_00771",5,"Non-calcifier_pH",0.06,5.06,5.05049967828905
"ambiguous_dropped","all_data","Survival",-0.241162056816888,"pH","pH","Non-calcifier","ZOO_STUDY_0524","ZOO_ES_002588","ZOO_COMMON_00893",5,"Non-calcifier_pH",0.06,5.06,5.07449549816316
"ambiguous_dropped","all_data","Survival",-0.356674943938732,"pH","pH","Non-calcifier","ZOO_STUDY_0524","ZOO_ES_002591","ZOO_COMMON_00893",5,"Non-calcifier_pH",0.06,5.06,5.04772538745543
"ambiguous_dropped","all_data","Survival",-0.43781305484232,"pH","pH","Non-calcifier","ZOO_STUDY_0127","ZOO_ES_002603","ZOO_COMMON_00223",5,"Non-calcifier_pH",0.06,5.06,5.08114117628662
"ambiguous_dropped","all_data","Survival",-0.594707107746693,"pH","pH","Non-calcifier","ZOO_STUDY_0459","ZOO_ES_002611","ZOO_COMMON_00770",5,"Non-calcifier_pH",0.06,5.06,5.04241767487489
"ambiguous_dropped","all_data","Survival",-0.864804634745893,"pH","pH","Non-calcifier","ZOO_STUDY_0127","ZOO_ES_002636","ZOO_COMMON_00223",5,"Non-calcifier_pH",0.06,5.06,5.04582389032235
"ambiguous_dropped","all_data","Survival",0.0146522767868704,"pH","pH","Non-calcifier","ZOO_STUDY_0427","ZOO_ES_002655","ZOO_COMMON_00722",5,"Non-calcifier_pH",0.06,5.06,5.0663045905903
"ambiguous_dropped","all_data","Survival",-0.0870113769896297,"pH","pH","Non-calcifier","ZOO_STUDY_0074","ZOO_ES_002656","ZOO_COMMON_00116",5,"Non-calcifier_pH",0.06,5.06,5.04785350866383
"ambiguous_dropped","all_data","Survival",-0.2578291093021,"pH","pH","Non-calcifier","ZOO_STUDY_0178","ZOO_ES_002668","ZOO_COMMON_00309",5,"Non-calcifier_pH",0.06,5.06,5.07035868738545
"ambiguous_dropped","all_data","Survival",-0.510825623765991,"pH","pH","Non-calcifier","ZOO_STUDY_0475","ZOO_ES_002676","ZOO_COMMON_00804",5,"Non-calcifier_pH",0.06,5.06,5.07212026091525
"ambiguous_dropped","all_data","Survival",-1.38629436111989,"pH","pH","Non-calcifier","ZOO_STUDY_0294","ZOO_ES_002691","ZOO_COMMON_00494",5,"Non-calcifier_pH",0.06,5.06,5.04811781967524
"ambiguous_dropped","all_data","Survival",-1.45602769913457,"pH","pH","Non-calcifier","ZOO_STUDY_0329","ZOO_ES_002692","ZOO_COMMON_00561",5,"Non-calcifier_pH",0.06,5.06,5.06363099039532
"ambiguous_dropped","all_data","Survival",-0.362905493689368,"T","T","Non-calcifier","ZOO_STUDY_0416","ZOO_ES_002710","ZOO_COMMON_00702",5,"Non-calcifier_T",0.18,5.18,5.20078243138967
"ambiguous_dropped","all_data","Survival",-1.05605267424931,"TpH","T + pH","Non-calcifier","ZOO_STUDY_0416","ZOO_ES_002721","ZOO_COMMON_00702",5,"Non-calcifier_T + pH",0.3,5.3,5.31042100251652
"ambiguous_dropped","all_data","Overall",-0.225544209489079,"pH","pH","Calcifier","ZOO_STUDY_0437","ZOO_ES_000006","ZOO_COMMON_00742",6,"Calcifier_pH",-0.3,5.7,5.71721775353653
"ambiguous_dropped","all_data","Overall",-0.150204245384208,"pH","pH","Calcifier","ZOO_STUDY_0437","ZOO_ES_000007","ZOO_COMMON_00742",6,"Calcifier_pH",-0.3,5.7,5.72099712070776
"ambiguous_dropped","all_data","Overall",0.253443519179303,"T","T","Calcifier","ZOO_STUDY_0437","ZOO_ES_000008","ZOO_COMMON_00742",6,"Calcifier_T",-0.18,5.82,5.80973173372215
"ambiguous_dropped","all_data","Overall",-0.0097102212235822,"TpH","T + pH","Calcifier","ZOO_STUDY_0437","ZOO_ES_000009","ZOO_COMMON_00742",6,"Calcifier_T + pH",-0.06,5.94,5.9475326332124
"ambiguous_dropped","all_data","Overall",0,"TpH","T + pH","Calcifier","ZOO_STUDY_0437","ZOO_ES_000010","ZOO_COMMON_00742",6,"Calcifier_T + pH",-0.06,5.94,5.9220883095148
"ambiguous_dropped","all_data","Overall",0.198103443242893,"pH","pH","Calcifier","ZOO_STUDY_0495","ZOO_ES_000014","ZOO_COMMON_00845",6,"Calcifier_pH",-0.3,5.7,5.71767658409663
"ambiguous_dropped","all_data","Overall",0.133531392624523,"T","T","Calcifier","ZOO_STUDY_0495","ZOO_ES_000015","ZOO_COMMON_00845",6,"Calcifier_T",-0.18,5.82,5.8283003308042
"ambiguous_dropped","all_data","Overall",0.182389679005228,"T","T","Calcifier","ZOO_STUDY_0495","ZOO_ES_000016","ZOO_COMMON_00845",6,"Calcifier_T",-0.18,5.82,5.83166633396642
"ambiguous_dropped","all_data","Overall",0.290131553162121,"TpH","T + pH","Calcifier","ZOO_STUDY_0495","ZOO_ES_000017","ZOO_COMMON_00845",6,"Calcifier_T + pH",-0.06,5.94,5.93073701746529
"ambiguous_dropped","all_data","Overall",0.38738590799905,"TpH","T + pH","Calcifier","ZOO_STUDY_0495","ZOO_ES_000018","ZOO_COMMON_00845",6,"Calcifier_T + pH",-0.06,5.94,5.9483858970087
"ambiguous_dropped","all_data","Overall",-0.0656952592653948,"pH","pH","Calcifier","ZOO_STUDY_0525","ZOO_ES_000019","ZOO_COMMON_00894",6,"Calcifier_pH",-0.3,5.7,5.69819433557568
"ambiguous_dropped","all_data","Overall",-0.129411073651503,"T","T","Calcifier","ZOO_STUDY_0525","ZOO_ES_000040","ZOO_COMMON_00894",6,"Calcifier_T",-0.18,5.82,5.82751414656406
"ambiguous_dropped","all_data","Overall",-0.156079320733664,"TpH","T + pH","Calcifier","ZOO_STUDY_0525","ZOO_ES_000041","ZOO_COMMON_00894",6,"Calcifier_T + pH",-0.06,5.94,5.95428876040736
"ambiguous_dropped","all_data","Overall",0.0701890438783816,"pH","pH","Calcifier","ZOO_STUDY_0501","ZOO_ES_000048","ZOO_COMMON_00862",6,"Calcifier_pH",-0.3,5.7,5.72008521003881
"ambiguous_dropped","all_data","Overall",-0.228488299473091,"pH","pH","Calcifier","ZOO_STUDY_0024","ZOO_ES_000049","ZOO_COMMON_00034",6,"Calcifier_pH",-0.3,5.7,5.70137037740788
"ambiguous_dropped","all_data","Overall",-0.866891554287605,"T","T","Calcifier","ZOO_STUDY_0024","ZOO_ES_000050","ZOO_COMMON_00034",6,"Calcifier_T",-0.18,5.82,5.80290545241907
"ambiguous_dropped","all_data","Overall",-1.28653586143816,"TpH","T + pH","Calcifier","ZOO_STUDY_0024","ZOO_ES_000051","ZOO_COMMON_00034",6,"Calcifier_T + pH",-0.06,5.94,5.92848093765555
"ambiguous_dropped","all_data","Overall",0.483261128698723,"T","T","Calcifier","ZOO_STUDY_0501","ZOO_ES_000052","ZOO_COMMON_00862",6,"Calcifier_T",-0.18,5.82,5.80172701072181
"ambiguous_dropped","all_data","Overall",0.365478093042339,"TpH","T + pH","Calcifier","ZOO_STUDY_0501","ZOO_ES_000053","ZOO_COMMON_00862",6,"Calcifier_T + pH",-0.06,5.94,5.9268778777658
"ambiguous_dropped","all_data","Overall",-0.000405186391280897,"pH","pH","Calcifier","ZOO_STUDY_0025","ZOO_ES_000055","ZOO_COMMON_00036",6,"Calcifier_pH",-0.3,5.7,5.71115283110412
"ambiguous_dropped","all_data","Overall",-0.0177791543273339,"T","T","Calcifier","ZOO_STUDY_0025","ZOO_ES_000056","ZOO_COMMON_00036",6,"Calcifier_T",-0.18,5.82,5.82635627161246
"ambiguous_dropped","all_data","Overall",-0.0365101910333971,"TpH","T + pH","Calcifier","ZOO_STUDY_0025","ZOO_ES_000057","ZOO_COMMON_00036",6,"Calcifier_T + pH",-0.06,5.94,5.93761822463479
"ambiguous_dropped","all_data","Overall",0.57866781924631,"pH","pH","Calcifier","ZOO_STUDY_0053","ZOO_ES_000085","ZOO_COMMON_00075",6,"Calcifier_pH",-0.3,5.7,5.70671534867724
"ambiguous_dropped","all_data","Overall",0.146435253641397,"pH","pH","Calcifier","ZOO_STUDY_0053","ZOO_ES_000086","ZOO_COMMON_00075",6,"Calcifier_pH",-0.3,5.7,5.70147484397749
"ambiguous_dropped","all_data","Overall",0.487158737921324,"pH","pH","Calcifier","ZOO_STUDY_0091","ZOO_ES_000087","ZOO_COMMON_00156",6,"Calcifier_pH",-0.3,5.7,5.69150531928754
"ambiguous_dropped","all_data","Overall",-0.420502985472705,"pH","pH","Calcifier","ZOO_STUDY_0159","ZOO_ES_000090","ZOO_COMMON_00276",6,"Calcifier_pH",-0.3,5.7,5.71353686803486
"ambiguous_dropped","all_data","Overall",0.0438026226583928,"pH","pH","Calcifier","ZOO_STUDY_0159","ZOO_ES_000091","ZOO_COMMON_00276",6,"Calcifier_pH",-0.3,5.7,5.70674945843639
"ambiguous_dropped","all_data","Overall",1.66240843503529,"pH","pH","Calcifier","ZOO_STUDY_0171","ZOO_ES_000092","ZOO_COMMON_00297",6,"Calcifier_pH",-0.3,5.7,5.71371818420012
"ambiguous_dropped","all_data","Overall",0.0908867731053695,"pH","pH","Calcifier","ZOO_STUDY_0049","ZOO_ES_000106","ZOO_COMMON_00070",6,"Calcifier_pH",-0.3,5.7,5.68394245819654
"ambiguous_dropped","all_data","Overall",0.052986223558646,"pH","pH","Calcifier","ZOO_STUDY_0049","ZOO_ES_000107","ZOO_COMMON_00070",6,"Calcifier_pH",-0.3,5.7,5.69482011368964
"ambiguous_dropped","all_data","Overall",-0.0897699994287095,"T","T","Calcifier","ZOO_STUDY_0049","ZOO_ES_000108","ZOO_COMMON_00070",6,"Calcifier_T",-0.18,5.82,5.84313579329057
"ambiguous_dropped","all_data","Overall",-0.188597317732779,"T","T","Calcifier","ZOO_STUDY_0049","ZOO_ES_000109","ZOO_COMMON_00070",6,"Calcifier_T",-0.18,5.82,5.81386568096234
"ambiguous_dropped","all_data","Overall",0,"TpH","T + pH","Calcifier","ZOO_STUDY_0049","ZOO_ES_000110","ZOO_COMMON_00070",6,"Calcifier_T + pH",-0.06,5.94,5.9188777474896
"ambiguous_dropped","all_data","Overall",-0.0947726898693211,"TpH","T + pH","Calcifier","ZOO_STUDY_0049","ZOO_ES_000111","ZOO_COMMON_00070",6,"Calcifier_T + pH",-0.06,5.94,5.94146675545257
"ambiguous_dropped","all_data","Overall",-0.119984871408325,"TpH","T + pH","Calcifier","ZOO_STUDY_0049","ZOO_ES_000112","ZOO_COMMON_00070",6,"Calcifier_T + pH",-0.06,5.94,5.96248619968304
"ambiguous_dropped","all_data","Overall",0.00840390813375961,"pH","pH","Calcifier","ZOO_STUDY_0049","ZOO_ES_000113","ZOO_COMMON_00070",6,"Calcifier_pH",-0.3,5.7,5.71780565270456
"ambiguous_dropped","all_data","Overall",0.0167377787754803,"pH","pH","Calcifier","ZOO_STUDY_0049","ZOO_ES_000114","ZOO_COMMON_00070",6,"Calcifier_pH",-0.3,5.7,5.70247180719161
"ambiguous_dropped","all_data","Overall",-0.0313921708879028,"T","T","Calcifier","ZOO_STUDY_0049","ZOO_ES_000115","ZOO_COMMON_00070",6,"Calcifier_T",-0.18,5.82,5.82824767708546
"ambiguous_dropped","all_data","Overall",-0.0284527933888363,"T","T","Calcifier","ZOO_STUDY_0049","ZOO_ES_000116","ZOO_COMMON_00070",6,"Calcifier_T",-0.18,5.82,5.82002240682952
"ambiguous_dropped","all_data","Overall",-0.0429886492263021,"TpH","T + pH","Calcifier","ZOO_STUDY_0049","ZOO_ES_000117","ZOO_COMMON_00070",6,"Calcifier_T + pH",-0.06,5.94,5.96120360804256
"ambiguous_dropped","all_data","Overall",-0.0284527933888363,"TpH","T + pH","Calcifier","ZOO_STUDY_0049","ZOO_ES_000118","ZOO_COMMON_00070",6,"Calcifier_T + pH",-0.06,5.94,5.9195963976765
"ambiguous_dropped","all_data","Overall",0.0222166057928681,"TpH","T + pH","Calcifier","ZOO_STUDY_0049","ZOO_ES_000119","ZOO_COMMON_00070",6,"Calcifier_T + pH",-0.06,5.94,5.93984766787384
"ambiguous_dropped","all_data","Overall",0.666804619398469,"pH","pH","Calcifier","ZOO_STUDY_0050","ZOO_ES_000125","ZOO_COMMON_00071",6,"Calcifier_pH",-0.3,5.7,5.71411120470148
"ambiguous_dropped","all_data","Overall",0.578136640957215,"pH","pH","Calcifier","ZOO_STUDY_0050","ZOO_ES_000126","ZOO_COMMON_00071",6,"Calcifier_pH",-0.3,5.7,5.71849234370748
"ambiguous_dropped","all_data","Overall",0.217895645332771,"T","T","Calcifier","ZOO_STUDY_0050","ZOO_ES_000127","ZOO_COMMON_00071",6,"Calcifier_T",-0.18,5.82,5.84007761646528
"ambiguous_dropped","all_data","Overall",-0.2419136539962,"T","T","Calcifier","ZOO_STUDY_0050","ZOO_ES_000128","ZOO_COMMON_00071",6,"Calcifier_T",-0.18,5.82,5.8355691243941
"ambiguous_dropped","all_data","Overall",0.635016003997374,"TpH","T + pH","Calcifier","ZOO_STUDY_0050","ZOO_ES_000129","ZOO_COMMON_00071",6,"Calcifier_T + pH",-0.06,5.94,5.92268648136873
"ambiguous_dropped","all_data","Overall",0.528032111359657,"TpH","T + pH","Calcifier","ZOO_STUDY_0050","ZOO_ES_000130","ZOO_COMMON_00071",6,"Calcifier_T + pH",-0.06,5.94,5.9514879363915
"ambiguous_dropped","all_data","Overall",0.517825858240465,"TpH","T + pH","Calcifier","ZOO_STUDY_0050","ZOO_ES_000131","ZOO_COMMON_00071",6,"Calcifier_T + pH",-0.06,5.94,5.95297514665639
"ambiguous_dropped","all_data","Overall",-0.728941982637301,"pH","pH","Calcifier","ZOO_STUDY_0050","ZOO_ES_000132","ZOO_COMMON_00071",6,"Calcifier_pH",-0.3,5.7,5.70804097437067
"ambiguous_dropped","all_data","Overall",-1.27866369692753,"pH","pH","Calcifier","ZOO_STUDY_0050","ZOO_ES_000133","ZOO_COMMON_00071",6,"Calcifier_pH",-0.3,5.7,5.72040175431175
"ambiguous_dropped","all_data","Overall",0.0477702762686865,"T","T","Calcifier","ZOO_STUDY_0050","ZOO_ES_000134","ZOO_COMMON_00071",6,"Calcifier_T",-0.18,5.82,5.81448919332353
"ambiguous_dropped","all_data","Overall",-0.304306958421416,"T","T","Calcifier","ZOO_STUDY_0050","ZOO_ES_000135","ZOO_COMMON_00071",6,"Calcifier_T",-0.18,5.82,5.84284891724121
"ambiguous_dropped","all_data","Overall",-0.410312427342489,"TpH","T + pH","Calcifier","ZOO_STUDY_0050","ZOO_ES_000136","ZOO_COMMON_00071",6,"Calcifier_T + pH",-0.06,5.94,5.93782931846567
"ambiguous_dropped","all_data","Overall",-0.795587986114437,"TpH","T + pH","Calcifier","ZOO_STUDY_0050","ZOO_ES_000137","ZOO_COMMON_00071",6,"Calcifier_T + pH",-0.06,5.94,5.92475042972714
"ambiguous_dropped","all_data","Overall",-1.03128400349977,"TpH","T + pH","Calcifier","ZOO_STUDY_0050","ZOO_ES_000145","ZOO_COMMON_00071",6,"Calcifier_T + pH",-0.06,5.94,5.94453596165171
"ambiguous_dropped","all_data","Overall",-0.138749331878683,"pH","pH","Calcifier","ZOO_STUDY_0052","ZOO_ES_000146","ZOO_COMMON_00073",6,"Calcifier_pH",-0.3,5.7,5.68276993467007
"ambiguous_dropped","all_data","Overall",-0.0617078855000896,"pH","pH","Calcifier","ZOO_STUDY_0052","ZOO_ES_000147","ZOO_COMMON_00073",6,"Calcifier_pH",-0.3,5.7,5.70097480394179
"ambiguous_dropped","all_data","Overall",-0.0903670367142763,"T","T","Calcifier","ZOO_STUDY_0052","ZOO_ES_000148","ZOO_COMMON_00073",6,"Calcifier_T",-0.18,5.82,5.81564198454609
"ambiguous_dropped","all_data","Overall",-0.214129184962721,"TpH","T + pH","Calcifier","ZOO_STUDY_0052","ZOO_ES_000149","ZOO_COMMON_00073",6,"Calcifier_T + pH",-0.06,5.94,5.95636084751226
"ambiguous_dropped","all_data","Overall",-0.0758781630933192,"TpH","T + pH","Calcifier","ZOO_STUDY_0052","ZOO_ES_000150","ZOO_COMMON_00073",6,"Calcifier_T + pH",-0.06,5.94,5.94315479401033
"ambiguous_dropped","all_data","Overall",-0.699858615147932,"pH","pH","Calcifier","ZOO_STUDY_0050","ZOO_ES_000155","ZOO_COMMON_00071",6,"Calcifier_pH",-0.3,5.7,5.69782377409283
"ambiguous_dropped","all_data","Overall",0.0971327805518753,"pH","pH","Calcifier","ZOO_STUDY_0050","ZOO_ES_000156","ZOO_COMMON_00071",6,"Calcifier_pH",-0.3,5.7,5.6846174312639
"ambiguous_dropped","all_data","Overall",0.244977035215889,"T","T","Calcifier","ZOO_STUDY_0050","ZOO_ES_000157","ZOO_COMMON_00071",6,"Calcifier_T",-0.18,5.82,5.81859734174097
"ambiguous_dropped","all_data","Overall",-0.353736092496078,"pH","pH","Calcifier","ZOO_STUDY_0052","ZOO_ES_000158","ZOO_COMMON_00073",6,"Calcifier_pH",-0.3,5.7,5.68662501221988
"ambiguous_dropped","all_data","Overall",-0.22299305090005,"pH","pH","Calcifier","ZOO_STUDY_0052","ZOO_ES_000159","ZOO_COMMON_00073",6,"Calcifier_pH",-0.3,5.7,5.6907039855374
"ambiguous_dropped","all_data","Overall",-0.530495457754758,"T","T","Calcifier","ZOO_STUDY_0052","ZOO_ES_000160","ZOO_COMMON_00073",6,"Calcifier_T",-0.18,5.82,5.8383426022646
"ambiguous_dropped","all_data","Overall",-0.847297860387204,"TpH","T + pH","Calcifier","ZOO_STUDY_0052","ZOO_ES_000161","ZOO_COMMON_00073",6,"Calcifier_T + pH",-0.06,5.94,5.93724936535349
"ambiguous_dropped","all_data","Overall",-0.676072206807367,"TpH","T + pH","Calcifier","ZOO_STUDY_0052","ZOO_ES_000162","ZOO_COMMON_00073",6,"Calcifier_T + pH",-0.06,5.94,5.93669642094523
"ambiguous_dropped","all_data","Overall",-0.0393557922229849,"pH","pH","Calcifier","ZOO_STUDY_0331","ZOO_ES_000163","ZOO_COMMON_00564",6,"Calcifier_pH",-0.3,5.7,5.69862940405728
"ambiguous_dropped","all_data","Overall",0.185291895749839,"pH","pH","Calcifier","ZOO_STUDY_0331","ZOO_ES_000164","ZOO_COMMON_00564",6,"Calcifier_pH",-0.3,5.7,5.71667008561781
"ambiguous_dropped","all_data","Overall",-0.0150000190115636,"pH","pH","Calcifier","ZOO_STUDY_0053","ZOO_ES_000166","ZOO_COMMON_00074",6,"Calcifier_pH",-0.3,5.7,5.67551705539227
"ambiguous_dropped","all_data","Overall",-0.00271059381976523,"pH","pH","Calcifier","ZOO_STUDY_0053","ZOO_ES_000167","ZOO_COMMON_00074",6,"Calcifier_pH",-0.3,5.7,5.69045647372259
"ambiguous_dropped","all_data","Overall",-0.214978124570755,"T","T","Calcifier","ZOO_STUDY_0053","ZOO_ES_000168","ZOO_COMMON_00074",6,"Calcifier_T",-0.18,5.82,5.79930764857447
"ambiguous_dropped","all_data","Overall",-0.145787346589673,"T","T","Calcifier","ZOO_STUDY_0053","ZOO_ES_000169","ZOO_COMMON_00074",6,"Calcifier_T",-0.18,5.82,5.8361503546522
"ambiguous_dropped","all_data","Overall",-0.12374821523298,"TpH","T + pH","Calcifier","ZOO_STUDY_0053","ZOO_ES_000170","ZOO_COMMON_00074",6,"Calcifier_T + pH",-0.06,5.94,5.9385553606879
"ambiguous_dropped","all_data","Overall",-0.112966439629692,"TpH","T + pH","Calcifier","ZOO_STUDY_0053","ZOO_ES_000171","ZOO_COMMON_00074",6,"Calcifier_T + pH",-0.06,5.94,5.94161679628072
"ambiguous_dropped","all_data","Overall",-0.0829969195709678,"TpH","T + pH","Calcifier","ZOO_STUDY_0053","ZOO_ES_000172","ZOO_COMMON_00074",6,"Calcifier_T + pH",-0.06,5.94,5.93476977145532
"ambiguous_dropped","all_data","Overall",-0.023064578848294,"TpH","T + pH","Calcifier","ZOO_STUDY_0053","ZOO_ES_000173","ZOO_COMMON_00074",6,"Calcifier_T + pH",-0.06,5.94,5.93772185847396
"ambiguous_dropped","all_data","Overall",0.287263924839583,"T","T","Calcifier","ZOO_STUDY_0050","ZOO_ES_000174","ZOO_COMMON_00071",6,"Calcifier_T",-0.18,5.82,5.80074504735414
"ambiguous_dropped","all_data","Overall",0.029656209582888,"TpH","T + pH","Calcifier","ZOO_STUDY_0050","ZOO_ES_000175","ZOO_COMMON_00071",6,"Calcifier_T + pH",-0.06,5.94,5.91655454213964
"ambiguous_dropped","all_data","Overall",0.402115021222882,"TpH","T + pH","Calcifier","ZOO_STUDY_0050","ZOO_ES_000176","ZOO_COMMON_00071",6,"Calcifier_T + pH",-0.06,5.94,5.91616054393584
"ambiguous_dropped","all_data","Overall",0.528067430200497,"TpH","T + pH","Calcifier","ZOO_STUDY_0050","ZOO_ES_000177","ZOO_COMMON_00071",6,"Calcifier_T + pH",-0.06,5.94,5.9188759672665
"ambiguous_dropped","all_data","Overall",0.869205953098939,"pH","pH","Calcifier","ZOO_STUDY_0024","ZOO_ES_000178","ZOO_COMMON_00033",6,"Calcifier_pH",-0.3,5.7,5.69307655476732
"ambiguous_dropped","all_data","Overall",2.04329102920018,"T","T","Calcifier","ZOO_STUDY_0024","ZOO_ES_000179","ZOO_COMMON_00033",6,"Calcifier_T",-0.18,5.82,5.83307043625275
"ambiguous_dropped","all_data","Overall",1.72043722328929,"TpH","T + pH","Calcifier","ZOO_STUDY_0024","ZOO_ES_000180","ZOO_COMMON_00033",6,"Calcifier_T + pH",-0.06,5.94,5.95216408208711
"ambiguous_dropped","all_data","Overall",-0.953837804469407,"pH","pH","Calcifier","ZOO_STUDY_0055","ZOO_ES_000181","ZOO_COMMON_00077",6,"Calcifier_pH",-0.3,5.7,5.67988461017376
"ambiguous_dropped","all_data","Overall",-0.750010042454489,"pH","pH","Calcifier","ZOO_STUDY_0055","ZOO_ES_000182","ZOO_COMMON_00077",6,"Calcifier_pH",-0.3,5.7,5.72309527087491
"ambiguous_dropped","all_data","Overall",-0.971382114120316,"T","T","Calcifier","ZOO_STUDY_0055","ZOO_ES_000183","ZOO_COMMON_00077",6,"Calcifier_T",-0.18,5.82,5.80216022142442
"ambiguous_dropped","all_data","Overall",-0.478414107754332,"T","T","Calcifier","ZOO_STUDY_0055","ZOO_ES_000184","ZOO_COMMON_00077",6,"Calcifier_T",-0.18,5.82,5.81923308705911
"ambiguous_dropped","all_data","Overall",-5.00562275227271,"TpH","T + pH","Calcifier","ZOO_STUDY_0055","ZOO_ES_000185","ZOO_COMMON_00077",6,"Calcifier_T + pH",-0.06,5.94,5.9432455495093
"ambiguous_dropped","all_data","Overall",-3.99402184059423,"TpH","T + pH","Calcifier","ZOO_STUDY_0055","ZOO_ES_000186","ZOO_COMMON_00077",6,"Calcifier_T + pH",-0.06,5.94,5.96161527952412
"ambiguous_dropped","all_data","Overall",-2.31437966948688,"TpH","T + pH","Calcifier","ZOO_STUDY_0055","ZOO_ES_000187","ZOO_COMMON_00077",6,"Calcifier_T + pH",-0.06,5.94,5.95600123853423
"ambiguous_dropped","all_data","Overall",-1.29816691258584,"TpH","T + pH","Calcifier","ZOO_STUDY_0055","ZOO_ES_000188","ZOO_COMMON_00077",6,"Calcifier_T + pH",-0.06,5.94,5.94165415197844
"ambiguous_dropped","all_data","Overall",-0.0147329825813674,"pH","pH","Calcifier","ZOO_STUDY_0057","ZOO_ES_000194","ZOO_COMMON_00084",6,"Calcifier_pH",-0.3,5.7,5.69422344901832
"ambiguous_dropped","all_data","Overall",-0.0101140367250729,"pH","pH","Calcifier","ZOO_STUDY_0057","ZOO_ES_000195","ZOO_COMMON_00084",6,"Calcifier_pH",-0.3,5.7,5.7022994156112
"ambiguous_dropped","all_data","Overall",-0.0273393430069523,"T","T","Calcifier","ZOO_STUDY_0057","ZOO_ES_000196","ZOO_COMMON_00084",6,"Calcifier_T",-0.18,5.82,5.83483639674261
"ambiguous_dropped","all_data","Overall",-0.00335999240909737,"T","T","Calcifier","ZOO_STUDY_0057","ZOO_ES_000197","ZOO_COMMON_00084",6,"Calcifier_T",-0.18,5.82,5.82636716810986
"ambiguous_dropped","all_data","Overall",-0.0760812457927211,"TpH","T + pH","Calcifier","ZOO_STUDY_0057","ZOO_ES_000198","ZOO_COMMON_00084",6,"Calcifier_T + pH",-0.06,5.94,5.92019785003271
"ambiguous_dropped","all_data","Overall",-0.0631351501357972,"TpH","T + pH","Calcifier","ZOO_STUDY_0057","ZOO_ES_000199","ZOO_COMMON_00084",6,"Calcifier_T + pH",-0.06,5.94,5.92459962548222
"ambiguous_dropped","all_data","Overall",-0.0558727472656783,"TpH","T + pH","Calcifier","ZOO_STUDY_0057","ZOO_ES_000200","ZOO_COMMON_00084",6,"Calcifier_T + pH",-0.06,5.94,5.95710552168079
"ambiguous_dropped","all_data","Overall",-0.0258236692755257,"TpH","T + pH","Calcifier","ZOO_STUDY_0057","ZOO_ES_000201","ZOO_COMMON_00084",6,"Calcifier_T + pH",-0.06,5.94,5.9389688306232
"ambiguous_dropped","all_data","Overall",-0.0546673533173339,"pH","pH","Calcifier","ZOO_STUDY_0056","ZOO_ES_000202","ZOO_COMMON_00083",6,"Calcifier_pH",-0.3,5.7,5.71386302940082
"ambiguous_dropped","all_data","Overall",0.0143335222997484,"pH","pH","Calcifier","ZOO_STUDY_0056","ZOO_ES_000203","ZOO_COMMON_00083",6,"Calcifier_pH",-0.3,5.7,5.7159089567489
"ambiguous_dropped","all_data","Overall",0.0621413681190702,"pH","pH","Calcifier","ZOO_STUDY_0056","ZOO_ES_000204","ZOO_COMMON_00083",6,"Calcifier_pH",-0.3,5.7,5.68984669699566
"ambiguous_dropped","all_data","Overall",0.000340967213623373,"T","T","Calcifier","ZOO_STUDY_0056","ZOO_ES_000205","ZOO_COMMON_00083",6,"Calcifier_T",-0.18,5.82,5.80633549696533
"ambiguous_dropped","all_data","Overall",0.0204777632681342,"T","T","Calcifier","ZOO_STUDY_0056","ZOO_ES_000206","ZOO_COMMON_00083",6,"Calcifier_T",-0.18,5.82,5.82601789465873
"ambiguous_dropped","all_data","Overall",0.0222581131319591,"TpH","T + pH","Calcifier","ZOO_STUDY_0056","ZOO_ES_000207","ZOO_COMMON_00083",6,"Calcifier_T + pH",-0.06,5.94,5.93369377864059
"ambiguous_dropped","all_data","Overall",0.0485898593806657,"TpH","T + pH","Calcifier","ZOO_STUDY_0056","ZOO_ES_000208","ZOO_COMMON_00083",6,"Calcifier_T + pH",-0.06,5.94,5.95929862090619
"ambiguous_dropped","all_data","Overall",0.0543124901250529,"TpH","T + pH","Calcifier","ZOO_STUDY_0056","ZOO_ES_000209","ZOO_COMMON_00083",6,"Calcifier_T + pH",-0.06,5.94,5.92127658038866
"ambiguous_dropped","all_data","Overall",0.0544201501348463,"TpH","T + pH","Calcifier","ZOO_STUDY_0056","ZOO_ES_000210","ZOO_COMMON_00083",6,"Calcifier_T + pH",-0.06,5.94,5.92289982953575
"ambiguous_dropped","all_data","Overall",0.0560336609458259,"TpH","T + pH","Calcifier","ZOO_STUDY_0056","ZOO_ES_000211","ZOO_COMMON_00083",6,"Calcifier_T + pH",-0.06,5.94,5.94692312628962
"ambiguous_dropped","all_data","Overall",0.0622481886073413,"TpH","T + pH","Calcifier","ZOO_STUDY_0056","ZOO_ES_000212","ZOO_COMMON_00083",6,"Calcifier_T + pH",-0.06,5.94,5.92430652809329
"ambiguous_dropped","all_data","Overall",-0.0125323336560114,"pH","pH","Calcifier","ZOO_STUDY_0056","ZOO_ES_000213","ZOO_COMMON_00082",6,"Calcifier_pH",-0.3,5.7,5.70822543398244
"ambiguous_dropped","all_data","Overall",0.0025542798050967,"pH","pH","Calcifier","ZOO_STUDY_0056","ZOO_ES_000214","ZOO_COMMON_00082",6,"Calcifier_pH",-0.3,5.7,5.70060129272751
"ambiguous_dropped","all_data","Overall",0.0210163426448322,"T","T","Calcifier","ZOO_STUDY_0056","ZOO_ES_000215","ZOO_COMMON_00082",6,"Calcifier_T",-0.18,5.82,5.83208099202486
"ambiguous_dropped","all_data","Overall",0.0406396138289714,"T","T","Calcifier","ZOO_STUDY_0056","ZOO_ES_000216","ZOO_COMMON_00082",6,"Calcifier_T",-0.18,5.82,5.81182565148221
"ambiguous_dropped","all_data","Overall",-0.128445145395098,"TpH","T + pH","Calcifier","ZOO_STUDY_0056","ZOO_ES_000217","ZOO_COMMON_00082",6,"Calcifier_T + pH",-0.06,5.94,5.92056342247874
"ambiguous_dropped","all_data","Overall",-0.0332384204069749,"TpH","T + pH","Calcifier","ZOO_STUDY_0056","ZOO_ES_000218","ZOO_COMMON_00082",6,"Calcifier_T + pH",-0.06,5.94,5.9351144812163
"ambiguous_dropped","all_data","Overall",-0.003564669030296,"TpH","T + pH","Calcifier","ZOO_STUDY_0056","ZOO_ES_000219","ZOO_COMMON_00082",6,"Calcifier_T + pH",-0.06,5.94,5.94213493701303
"ambiguous_dropped","all_data","Overall",0.0421332660857549,"TpH","T + pH","Calcifier","ZOO_STUDY_0056","ZOO_ES_000220","ZOO_COMMON_00082",6,"Calcifier_T + pH",-0.06,5.94,5.95201306435978
"ambiguous_dropped","all_data","Overall",-0.0120282105020037,"pH","pH","Calcifier","ZOO_STUDY_0056","ZOO_ES_000221","ZOO_COMMON_00080",6,"Calcifier_pH",-0.3,5.7,5.6836285040481
"ambiguous_dropped","all_data","Overall",0.0214661621157334,"pH","pH","Calcifier","ZOO_STUDY_0056","ZOO_ES_000222","ZOO_COMMON_00080",6,"Calcifier_pH",-0.3,5.7,5.70432427134365
"ambiguous_dropped","all_data","Overall",-0.0396326212903048,"T","T","Calcifier","ZOO_STUDY_0056","ZOO_ES_000223","ZOO_COMMON_00080",6,"Calcifier_T",-0.18,5.82,5.8199923271127
"ambiguous_dropped","all_data","Overall",0.00706015067221839,"T","T","Calcifier","ZOO_STUDY_0056","ZOO_ES_000224","ZOO_COMMON_00080",6,"Calcifier_T",-0.18,5.82,5.84181792834308
"ambiguous_dropped","all_data","Overall",-0.0575296707442177,"TpH","T + pH","Calcifier","ZOO_STUDY_0056","ZOO_ES_000225","ZOO_COMMON_00080",6,"Calcifier_T + pH",-0.06,5.94,5.96051515551284
"ambiguous_dropped","all_data","Overall",-0.0518003361594221,"TpH","T + pH","Calcifier","ZOO_STUDY_0056","ZOO_ES_000226","ZOO_COMMON_00080",6,"Calcifier_T + pH",-0.06,5.94,5.92264533046167
"ambiguous_dropped","all_data","Overall",-0.0171956001175166,"TpH","T + pH","Calcifier","ZOO_STUDY_0056","ZOO_ES_000227","ZOO_COMMON_00080",6,"Calcifier_T + pH",-0.06,5.94,5.93036487526027
"ambiguous_dropped","all_data","Overall",-0.0116921325287513,"TpH","T + pH","Calcifier","ZOO_STUDY_0056","ZOO_ES_000228","ZOO_COMMON_00080",6,"Calcifier_T + pH",-0.06,5.94,5.94991470841691
"ambiguous_dropped","all_data","Overall",-0.0358811445261542,"pH","pH","Calcifier","ZOO_STUDY_0056","ZOO_ES_000229","ZOO_COMMON_00081",6,"Calcifier_pH",-0.3,5.7,5.71316076206276
"ambiguous_dropped","all_data","Overall",-0.028880200427059,"pH","pH","Calcifier","ZOO_STUDY_0056","ZOO_ES_000230","ZOO_COMMON_00081",6,"Calcifier_pH",-0.3,5.7,5.70049348273315
"ambiguous_dropped","all_data","Overall",-0.00543706901931438,"pH","pH","Calcifier","ZOO_STUDY_0056","ZOO_ES_000231","ZOO_COMMON_00081",6,"Calcifier_pH",-0.3,5.7,5.68633635860169
"ambiguous_dropped","all_data","Overall",-0.0308140213992867,"T","T","Calcifier","ZOO_STUDY_0056","ZOO_ES_000232","ZOO_COMMON_00081",6,"Calcifier_T",-0.18,5.82,5.80329307120293
"ambiguous_dropped","all_data","Overall",0.0062370264555477,"T","T","Calcifier","ZOO_STUDY_0056","ZOO_ES_000233","ZOO_COMMON_00081",6,"Calcifier_T",-0.18,5.82,5.81080685753142
"ambiguous_dropped","all_data","Overall",-0.141938448977054,"TpH","T + pH","Calcifier","ZOO_STUDY_0056","ZOO_ES_000234","ZOO_COMMON_00081",6,"Calcifier_T + pH",-0.06,5.94,5.9172470543161
"ambiguous_dropped","all_data","Overall",-0.094413814193929,"TpH","T + pH","Calcifier","ZOO_STUDY_0056","ZOO_ES_000235","ZOO_COMMON_00081",6,"Calcifier_T + pH",-0.06,5.94,5.94847842067014
"ambiguous_dropped","all_data","Overall",-0.0621638663253489,"TpH","T + pH","Calcifier","ZOO_STUDY_0056","ZOO_ES_000236","ZOO_COMMON_00081",6,"Calcifier_T + pH",-0.06,5.94,5.95231385866413
"ambiguous_dropped","all_data","Overall",-0.034908854707215,"TpH","T + pH","Calcifier","ZOO_STUDY_0056","ZOO_ES_000237","ZOO_COMMON_00081",6,"Calcifier_T + pH",-0.06,5.94,5.92742666812614
"ambiguous_dropped","all_data","Overall",-0.0176735086174976,"TpH","T + pH","Calcifier","ZOO_STUDY_0056","ZOO_ES_000238","ZOO_COMMON_00081",6,"Calcifier_T + pH",-0.06,5.94,5.93834766110871
"ambiguous_dropped","all_data","Overall",0.00177111053225457,"TpH","T + pH","Calcifier","ZOO_STUDY_0056","ZOO_ES_000239","ZOO_COMMON_00081",6,"Calcifier_T + pH",-0.06,5.94,5.91721436633728
"ambiguous_dropped","all_data","Overall",-0.0896251633518588,"pH","pH","Calcifier","ZOO_STUDY_0056","ZOO_ES_000240","ZOO_COMMON_00078",6,"Calcifier_pH",-0.3,5.7,5.67991329501383
"ambiguous_dropped","all_data","Overall",0.0195741286131331,"pH","pH","Calcifier","ZOO_STUDY_0056","ZOO_ES_000241","ZOO_COMMON_00078",6,"Calcifier_pH",-0.3,5.7,5.71985472621163
"ambiguous_dropped","all_data","Overall",-0.0121416605668557,"T","T","Calcifier","ZOO_STUDY_0056","ZOO_ES_000242","ZOO_COMMON_00078",6,"Calcifier_T",-0.18,5.82,5.82575742415385
"ambiguous_dropped","all_data","Overall",0.000208051597546436,"T","T","Calcifier","ZOO_STUDY_0056","ZOO_ES_000243","ZOO_COMMON_00078",6,"Calcifier_T",-0.18,5.82,5.82703550000908
"ambiguous_dropped","all_data","Overall",-0.0164686157638017,"TpH","T + pH","Calcifier","ZOO_STUDY_0056","ZOO_ES_000244","ZOO_COMMON_00078",6,"Calcifier_T + pH",-0.06,5.94,5.93805010604905
"ambiguous_dropped","all_data","Overall",-0.0112995552539334,"TpH","T + pH","Calcifier","ZOO_STUDY_0056","ZOO_ES_000245","ZOO_COMMON_00078",6,"Calcifier_T + pH",-0.06,5.94,5.92898657264654
"ambiguous_dropped","all_data","Overall",-0.01119434193383,"TpH","T + pH","Calcifier","ZOO_STUDY_0056","ZOO_ES_000246","ZOO_COMMON_00078",6,"Calcifier_T + pH",-0.06,5.94,5.96224751230096
"ambiguous_dropped","all_data","Overall",-0.0103530336499026,"TpH","T + pH","Calcifier","ZOO_STUDY_0056","ZOO_ES_000247","ZOO_COMMON_00078",6,"Calcifier_T + pH",-0.06,5.94,5.91615358622279
"ambiguous_dropped","all_data","Overall",0.0196920695321481,"pH","pH","Calcifier","ZOO_STUDY_0056","ZOO_ES_000248","ZOO_COMMON_00079",6,"Calcifier_pH",-0.3,5.7,5.68386563630775
"ambiguous_dropped","all_data","Overall",0.0205962741449164,"pH","pH","Calcifier","ZOO_STUDY_0056","ZOO_ES_000249","ZOO_COMMON_00079",6,"Calcifier_pH",-0.3,5.7,5.72357140636304
"ambiguous_dropped","all_data","Overall",0.0214996619102447,"pH","pH","Calcifier","ZOO_STUDY_0056","ZOO_ES_000250","ZOO_COMMON_00079",6,"Calcifier_pH",-0.3,5.7,5.71498688781867
"ambiguous_dropped","all_data","Overall",0.000409962084249605,"T","T","Calcifier","ZOO_STUDY_0056","ZOO_ES_000251","ZOO_COMMON_00079",6,"Calcifier_T",-0.18,5.82,5.84498255070532
"ambiguous_dropped","all_data","Overall",0.0189882335974063,"T","T","Calcifier","ZOO_STUDY_0056","ZOO_ES_000252","ZOO_COMMON_00079",6,"Calcifier_T",-0.18,5.82,5.80803717263509
"ambiguous_dropped","all_data","Overall",0.00225271444845955,"TpH","T + pH","Calcifier","ZOO_STUDY_0056","ZOO_ES_000253","ZOO_COMMON_00079",6,"Calcifier_T + pH",-0.06,5.94,5.94410913291853
"ambiguous_dropped","all_data","Overall",0.00307062677296501,"TpH","T + pH","Calcifier","ZOO_STUDY_0056","ZOO_ES_000254","ZOO_COMMON_00079",6,"Calcifier_T + pH",-0.06,5.94,5.91861470830394
"ambiguous_dropped","all_data","Overall",0.0145527424546199,"TpH","T + pH","Calcifier","ZOO_STUDY_0056","ZOO_ES_000255","ZOO_COMMON_00079",6,"Calcifier_T + pH",-0.06,5.94,5.95511418501614
"ambiguous_dropped","all_data","Overall",0.0154616039158185,"TpH","T + pH","Calcifier","ZOO_STUDY_0056","ZOO_ES_000256","ZOO_COMMON_00079",6,"Calcifier_T + pH",-0.06,5.94,5.9590282682539
"ambiguous_dropped","all_data","Overall",0.0198930745579506,"TpH","T + pH","Calcifier","ZOO_STUDY_0056","ZOO_ES_000257","ZOO_COMMON_00079",6,"Calcifier_T + pH",-0.06,5.94,5.95948147695512
"ambiguous_dropped","all_data","Overall",0.020094039188852,"TpH","T + pH","Calcifier","ZOO_STUDY_0056","ZOO_ES_000258","ZOO_COMMON_00079",6,"Calcifier_T + pH",-0.06,5.94,5.91556635034271
"ambiguous_dropped","all_data","Overall",-0.147645037692257,"pH","pH","Calcifier","ZOO_STUDY_0052","ZOO_ES_000259","ZOO_COMMON_00073",6,"Calcifier_pH",-0.3,5.7,5.68707002830925
"ambiguous_dropped","all_data","Overall",-0.0688678849796504,"pH","pH","Calcifier","ZOO_STUDY_0052","ZOO_ES_000260","ZOO_COMMON_00073",6,"Calcifier_pH",-0.3,5.7,5.70536344487919
"ambiguous_dropped","all_data","Overall",0.232201985914886,"T","T","Calcifier","ZOO_STUDY_0052","ZOO_ES_000261","ZOO_COMMON_00073",6,"Calcifier_T",-0.18,5.82,5.81313602824695
"ambiguous_dropped","all_data","Overall",0.153514142568337,"TpH","T + pH","Calcifier","ZOO_STUDY_0052","ZOO_ES_000288","ZOO_COMMON_00073",6,"Calcifier_T + pH",-0.06,5.94,5.9504604329681
"ambiguous_dropped","all_data","Overall",0.198774356563946,"TpH","T + pH","Calcifier","ZOO_STUDY_0052","ZOO_ES_000289","ZOO_COMMON_00073",6,"Calcifier_T + pH",-0.06,5.94,5.91710364803206
"ambiguous_dropped","all_data","Overall",0.0248217871776039,"pH","pH","Calcifier","ZOO_STUDY_0415","ZOO_ES_000295","ZOO_COMMON_00697",6,"Calcifier_pH",-0.3,5.7,5.70785855153808
"ambiguous_dropped","all_data","Overall",-0.315852949418477,"pH","pH","Calcifier","ZOO_STUDY_0159","ZOO_ES_000296","ZOO_COMMON_00275",6,"Calcifier_pH",-0.3,5.7,5.6865344721009
"ambiguous_dropped","all_data","Overall",-0.110000895214328,"pH","pH","Calcifier","ZOO_STUDY_0159","ZOO_ES_000297","ZOO_COMMON_00275",6,"Calcifier_pH",-0.3,5.7,5.68864886863157
"ambiguous_dropped","all_data","Overall",-0.110000895214328,"TpH","T + pH","Calcifier","ZOO_STUDY_0159","ZOO_ES_000300","ZOO_COMMON_00275",6,"Calcifier_T + pH",-0.06,5.94,5.95165818888694
"ambiguous_dropped","all_data","Overall",-0.064538521137571,"TpH","T + pH","Calcifier","ZOO_STUDY_0159","ZOO_ES_000306","ZOO_COMMON_00275",6,"Calcifier_T + pH",-0.06,5.94,5.92391281004297
"ambiguous_dropped","all_data","Overall",0.372675285285173,"T","T","Calcifier","ZOO_STUDY_0256","ZOO_ES_000309","ZOO_COMMON_00433",6,"Calcifier_T",-0.18,5.82,5.8142817134317
"ambiguous_dropped","all_data","Overall",-0.0651393021709614,"pH","pH","Calcifier","ZOO_STUDY_0443","ZOO_ES_000315","ZOO_COMMON_00750",6,"Calcifier_pH",-0.3,5.7,5.70921772803413
"ambiguous_dropped","all_data","Overall",0.337495778164,"TpH","T + pH","Calcifier","ZOO_STUDY_0256","ZOO_ES_000320","ZOO_COMMON_00433",6,"Calcifier_T + pH",-0.06,5.94,5.9357595523796
"ambiguous_dropped","all_data","Overall",-0.112730864243836,"TpH","T + pH","Calcifier","ZOO_STUDY_0137","ZOO_ES_000328","ZOO_COMMON_00236",6,"Calcifier_T + pH",-0.06,5.94,5.9421080919425
"ambiguous_dropped","all_data","Overall",-0.112730864243836,"TpH","T + pH","Calcifier","ZOO_STUDY_0137","ZOO_ES_000329","ZOO_COMMON_00236",6,"Calcifier_T + pH",-0.06,5.94,5.93775949401082
"ambiguous_dropped","all_data","Overall",-0.0117190866739661,"pH","pH","Calcifier","ZOO_STUDY_0137","ZOO_ES_000330","ZOO_COMMON_00236",6,"Calcifier_pH",-0.3,5.7,5.6813532219152
"ambiguous_dropped","all_data","Overall",0,"pH","pH","Calcifier","ZOO_STUDY_0137","ZOO_ES_000331","ZOO_COMMON_00236",6,"Calcifier_pH",-0.3,5.7,5.67655921230326
"ambiguous_dropped","all_data","Overall",0,"T","T","Calcifier","ZOO_STUDY_0137","ZOO_ES_000332","ZOO_COMMON_00236",6,"Calcifier_T",-0.18,5.82,5.80328266019234
"ambiguous_dropped","all_data","Overall",0.0191979755035902,"T","T","Calcifier","ZOO_STUDY_0137","ZOO_ES_000333","ZOO_COMMON_00236",6,"Calcifier_T",-0.18,5.82,5.83494403558318
"ambiguous_dropped","all_data","Overall",-0.0195737639111572,"TpH","T + pH","Calcifier","ZOO_STUDY_0137","ZOO_ES_000334","ZOO_COMMON_00236",6,"Calcifier_T + pH",-0.06,5.94,5.9221194018703
"ambiguous_dropped","all_data","Overall",0.00585969294226813,"TpH","T + pH","Calcifier","ZOO_STUDY_0137","ZOO_ES_000335","ZOO_COMMON_00236",6,"Calcifier_T + pH",-0.06,5.94,5.9187220420898
"ambiguous_dropped","all_data","Overall",-0.109869726784508,"T","T","Calcifier","ZOO_STUDY_0137","ZOO_ES_000336","ZOO_COMMON_00237",6,"Calcifier_T",-0.18,5.82,5.79642870037816
"ambiguous_dropped","all_data","Overall",-0.122199502348718,"TpH","T + pH","Calcifier","ZOO_STUDY_0137","ZOO_ES_000337","ZOO_COMMON_00237",6,"Calcifier_T + pH",-0.06,5.94,5.93586959516164
"ambiguous_dropped","all_data","Overall",-0.115959055478639,"TpH","T + pH","Calcifier","ZOO_STUDY_0137","ZOO_ES_000338","ZOO_COMMON_00237",6,"Calcifier_T + pH",-0.06,5.94,5.95770140187582
"ambiguous_dropped","all_data","Overall",-0.0203507226784949,"TpH","T + pH","Calcifier","ZOO_STUDY_0137","ZOO_ES_000339","ZOO_COMMON_00237",6,"Calcifier_T + pH",-0.06,5.94,5.9315244470234
"ambiguous_dropped","all_data","Overall",-0.0334917881868193,"pH","pH","Calcifier","ZOO_STUDY_0137","ZOO_ES_000340","ZOO_COMMON_00237",6,"Calcifier_pH",-0.3,5.7,5.69722182578407
"ambiguous_dropped","all_data","Overall",-0.00738010729762265,"pH","pH","Calcifier","ZOO_STUDY_0137","ZOO_ES_000341","ZOO_COMMON_00237",6,"Calcifier_pH",-0.3,5.7,5.69567416179925
"ambiguous_dropped","all_data","Overall",-0.0166568953715924,"T","T","Calcifier","ZOO_STUDY_0137","ZOO_ES_000342","ZOO_COMMON_00237",6,"Calcifier_T",-0.18,5.82,5.8125875392044
"ambiguous_dropped","all_data","Overall",-0.00920826137168517,"TpH","T + pH","Calcifier","ZOO_STUDY_0137","ZOO_ES_000343","ZOO_COMMON_00237",6,"Calcifier_T + pH",-0.06,5.94,5.96139251397457
"ambiguous_dropped","all_data","Overall",-0.450021129658397,"pH","pH","Calcifier","ZOO_STUDY_0415","ZOO_ES_000365","ZOO_COMMON_00697",6,"Calcifier_pH",-0.3,5.7,5.72150272781728
"ambiguous_dropped","all_data","Overall",0.166524657314702,"T","T","Calcifier","ZOO_STUDY_0415","ZOO_ES_000366","ZOO_COMMON_00697",6,"Calcifier_T",-0.18,5.82,5.80901315799449
"ambiguous_dropped","all_data","Overall",0.329289411795833,"T","T","Calcifier","ZOO_STUDY_0053","ZOO_ES_000370","ZOO_COMMON_00075",6,"Calcifier_T",-0.18,5.82,5.83146549747791
"ambiguous_dropped","all_data","Overall",0.156465918782622,"T","T","Calcifier","ZOO_STUDY_0053","ZOO_ES_000371","ZOO_COMMON_00075",6,"Calcifier_T",-0.18,5.82,5.80583924497943
"ambiguous_dropped","all_data","Overall",1.43916755239756,"T","T","Calcifier","ZOO_STUDY_0091","ZOO_ES_000372","ZOO_COMMON_00156",6,"Calcifier_T",-0.18,5.82,5.84201238886919
"ambiguous_dropped","all_data","Overall",-0.435735172410921,"TpH","T + pH","Calcifier","ZOO_STUDY_0415","ZOO_ES_000375","ZOO_COMMON_00697",6,"Calcifier_T + pH",-0.06,5.94,5.9182149486593
"ambiguous_dropped","all_data","Overall",-0.371215185065086,"pH","pH","Calcifier","ZOO_STUDY_0159","ZOO_ES_000377","ZOO_COMMON_00277",6,"Calcifier_pH",-0.3,5.7,5.72443344569765
"ambiguous_dropped","all_data","Overall",-0.371215185065086,"T","T","Calcifier","ZOO_STUDY_0159","ZOO_ES_000378","ZOO_COMMON_00277",6,"Calcifier_T",-0.18,5.82,5.80551042401232
"ambiguous_dropped","all_data","Overall",0.675572035738438,"T","T","Calcifier","ZOO_STUDY_0159","ZOO_ES_000379","ZOO_COMMON_00277",6,"Calcifier_T",-0.18,5.82,5.8109266216564
"ambiguous_dropped","all_data","Overall",0.727397103603024,"TpH","T + pH","Calcifier","ZOO_STUDY_0159","ZOO_ES_000380","ZOO_COMMON_00277",6,"Calcifier_T + pH",-0.06,5.94,5.92108849432319
"ambiguous_dropped","all_data","Overall",1.08692991281375,"TpH","T + pH","Calcifier","ZOO_STUDY_0159","ZOO_ES_000381","ZOO_COMMON_00277",6,"Calcifier_T + pH",-0.06,5.94,5.94421071230667
"ambiguous_dropped","all_data","Overall",1.25772822199327,"TpH","T + pH","Calcifier","ZOO_STUDY_0159","ZOO_ES_000382","ZOO_COMMON_00277",6,"Calcifier_T + pH",-0.06,5.94,5.94791717057582
"ambiguous_dropped","all_data","Overall",-2.10802398915168,"pH","pH","Calcifier","ZOO_STUDY_0160","ZOO_ES_000385","ZOO_COMMON_00279",6,"Calcifier_pH",-0.3,5.7,5.72480825138045
"ambiguous_dropped","all_data","Overall",0.189911134213502,"T","T","Calcifier","ZOO_STUDY_0160","ZOO_ES_000386","ZOO_COMMON_00279",6,"Calcifier_T",-0.18,5.82,5.80470337834442
"ambiguous_dropped","all_data","Overall",-1.28005758578279,"TpH","T + pH","Calcifier","ZOO_STUDY_0160","ZOO_ES_000387","ZOO_COMMON_00279",6,"Calcifier_T + pH",-0.06,5.94,5.95582483595703
"ambiguous_dropped","all_data","Overall",-0.0696514161271492,"pH","pH","Calcifier","ZOO_STUDY_0160","ZOO_ES_000388","ZOO_COMMON_00278",6,"Calcifier_pH",-0.3,5.7,5.70597260299837
"ambiguous_dropped","all_data","Overall",-0.0593837125953655,"T","T","Calcifier","ZOO_STUDY_0160","ZOO_ES_000389","ZOO_COMMON_00278",6,"Calcifier_T",-0.18,5.82,5.84428035542835
"ambiguous_dropped","all_data","Overall",-0.101102653481287,"TpH","T + pH","Calcifier","ZOO_STUDY_0160","ZOO_ES_000390","ZOO_COMMON_00278",6,"Calcifier_T + pH",-0.06,5.94,5.93708959825803
"ambiguous_dropped","all_data","Overall",-0.010411444460838,"pH","pH","Calcifier","ZOO_STUDY_0160","ZOO_ES_000391","ZOO_COMMON_00281",6,"Calcifier_pH",-0.3,5.7,5.71120926113799
"ambiguous_dropped","all_data","Overall",-1.55441984147066,"T","T","Calcifier","ZOO_STUDY_0160","ZOO_ES_000392","ZOO_COMMON_00281",6,"Calcifier_T",-0.18,5.82,5.79879243115895
"ambiguous_dropped","all_data","Overall",-0.463848766926229,"T","T","Calcifier","ZOO_STUDY_0160","ZOO_ES_000393","ZOO_COMMON_00281",6,"Calcifier_T",-0.18,5.82,5.82651713759871
"ambiguous_dropped","all_data","Overall",-0.010411444460838,"T","T","Calcifier","ZOO_STUDY_0160","ZOO_ES_000394","ZOO_COMMON_00281",6,"Calcifier_T",-0.18,5.82,5.80572932257084
"ambiguous_dropped","all_data","Overall",-1.43925649776129,"TpH","T + pH","Calcifier","ZOO_STUDY_0160","ZOO_ES_000395","ZOO_COMMON_00281",6,"Calcifier_T + pH",-0.06,5.94,5.96095637759194
"ambiguous_dropped","all_data","Overall",-0.305026310579449,"TpH","T + pH","Calcifier","ZOO_STUDY_0160","ZOO_ES_000396","ZOO_COMMON_00281",6,"Calcifier_T + pH",-0.06,5.94,5.95559760016389
"ambiguous_dropped","all_data","Overall",-0.0261304858022802,"TpH","T + pH","Calcifier","ZOO_STUDY_0160","ZOO_ES_000397","ZOO_COMMON_00281",6,"Calcifier_T + pH",-0.06,5.94,5.95780579634942
"ambiguous_dropped","all_data","Overall",-0.0153167041118933,"pH","pH","Calcifier","ZOO_STUDY_0160","ZOO_ES_000398","ZOO_COMMON_00280",6,"Calcifier_pH",-0.3,5.7,5.71583786229603
"ambiguous_dropped","all_data","Overall",-0.0360417713472657,"T","T","Calcifier","ZOO_STUDY_0160","ZOO_ES_000399","ZOO_COMMON_00280",6,"Calcifier_T",-0.18,5.82,5.81585508451564
"ambiguous_dropped","all_data","Overall",-0.0412387480165977,"TpH","T + pH","Calcifier","ZOO_STUDY_0160","ZOO_ES_000400","ZOO_COMMON_00280",6,"Calcifier_T + pH",-0.06,5.94,5.96387745518936
"ambiguous_dropped","all_data","Overall",-0.0412387480165977,"TpH","T + pH","Calcifier","ZOO_STUDY_0160","ZOO_ES_000401","ZOO_COMMON_00280",6,"Calcifier_T + pH",-0.06,5.94,5.93996818299405
"ambiguous_dropped","all_data","Overall",-0.0412387480165977,"TpH","T + pH","Calcifier","ZOO_STUDY_0160","ZOO_ES_000402","ZOO_COMMON_00280",6,"Calcifier_T + pH",-0.06,5.94,5.93992858322803
"ambiguous_dropped","all_data","Overall",-0.0307685336716365,"TpH","T + pH","Calcifier","ZOO_STUDY_0160","ZOO_ES_000403","ZOO_COMMON_00280",6,"Calcifier_T + pH",-0.06,5.94,5.93217361260671
"ambiguous_dropped","all_data","Overall",-0.0360417713472657,"T","T","Calcifier","ZOO_STUDY_0160","ZOO_ES_000404","ZOO_COMMON_00280",6,"Calcifier_T",-0.18,5.82,5.79836746970424
"ambiguous_dropped","all_data","Overall",-0.0256255476389727,"T","T","Calcifier","ZOO_STUDY_0160","ZOO_ES_000405","ZOO_COMMON_00280",6,"Calcifier_T",-0.18,5.82,5.84036826694384
"ambiguous_dropped","all_data","Overall",-0.0204068097776626,"TpH","T + pH","Calcifier","ZOO_STUDY_0160","ZOO_ES_000406","ZOO_COMMON_00280",6,"Calcifier_T + pH",-0.06,5.94,5.92605598678114
"ambiguous_dropped","all_data","Overall",-1.90210752639692,"T","T","Calcifier","ZOO_STUDY_0159","ZOO_ES_000407","ZOO_COMMON_00276",6,"Calcifier_T",-0.18,5.82,5.80988319465425
"ambiguous_dropped","all_data","Overall",-0.56710645966458,"T","T","Calcifier","ZOO_STUDY_0159","ZOO_ES_000408","ZOO_COMMON_00276",6,"Calcifier_T",-0.18,5.82,5.82792712313123
"ambiguous_dropped","all_data","Overall",2.19462795148895,"T","T","Calcifier","ZOO_STUDY_0171","ZOO_ES_000409","ZOO_COMMON_00297",6,"Calcifier_T",-0.18,5.82,5.82333099548006
"ambiguous_dropped","all_data","Overall",1.21779071974676,"T","T","Calcifier","ZOO_STUDY_0171","ZOO_ES_000410","ZOO_COMMON_00297",6,"Calcifier_T",-0.18,5.82,5.84356461950112
"ambiguous_dropped","all_data","Overall",1.04324759728219,"T","T","Calcifier","ZOO_STUDY_0171","ZOO_ES_000411","ZOO_COMMON_00297",6,"Calcifier_T",-0.18,5.82,5.80024661166128
"ambiguous_dropped","all_data","Overall",0.00603810473614058,"pH","pH","Calcifier","ZOO_STUDY_0171","ZOO_ES_000413","ZOO_COMMON_00297",6,"Calcifier_pH",-0.3,5.7,5.70218994629104
"ambiguous_dropped","all_data","Overall",-3.84840209594308,"T","T","Calcifier","ZOO_STUDY_0171","ZOO_ES_000414","ZOO_COMMON_00297",6,"Calcifier_T",-0.18,5.82,5.84076860674424
"ambiguous_dropped","all_data","Overall",-0.484881992549056,"T","T","Calcifier","ZOO_STUDY_0171","ZOO_ES_000415","ZOO_COMMON_00297",6,"Calcifier_T",-0.18,5.82,5.83864687018096
"ambiguous_dropped","all_data","Overall",-0.279562320150024,"T","T","Calcifier","ZOO_STUDY_0171","ZOO_ES_000416","ZOO_COMMON_00297",6,"Calcifier_T",-0.18,5.82,5.84022694546031
"ambiguous_dropped","all_data","Overall",-0.431840652456186,"TpH","T + pH","Calcifier","ZOO_STUDY_0171","ZOO_ES_000417","ZOO_COMMON_00297",6,"Calcifier_T + pH",-0.06,5.94,5.95393902817508
"ambiguous_dropped","all_data","Overall",-0.190883613450939,"TpH","T + pH","Calcifier","ZOO_STUDY_0171","ZOO_ES_000418","ZOO_COMMON_00297",6,"Calcifier_T + pH",-0.06,5.94,5.92335855350597
"ambiguous_dropped","all_data","Overall",-0.0131101659242078,"T","T","Calcifier","ZOO_STUDY_0331","ZOO_ES_000431","ZOO_COMMON_00564",6,"Calcifier_T",-0.18,5.82,5.80106924545718
"ambiguous_dropped","all_data","Overall",-0.115950629759207,"pH","pH","Calcifier","ZOO_STUDY_0196","ZOO_ES_000436","ZOO_COMMON_00346",6,"Calcifier_pH",-0.3,5.7,5.68091470652726
"ambiguous_dropped","all_data","Overall",-0.0333957249300077,"pH","pH","Calcifier","ZOO_STUDY_0196","ZOO_ES_000437","ZOO_COMMON_00346",6,"Calcifier_pH",-0.3,5.7,5.69660337956157
"ambiguous_dropped","all_data","Overall",-0.675471365178042,"T","T","Calcifier","ZOO_STUDY_0196","ZOO_ES_000438","ZOO_COMMON_00346",6,"Calcifier_T",-0.18,5.82,5.833869348343
"ambiguous_dropped","all_data","Overall",-0.125117997246226,"T","T","Calcifier","ZOO_STUDY_0196","ZOO_ES_000439","ZOO_COMMON_00346",6,"Calcifier_T",-0.18,5.82,5.84020490475698
"ambiguous_dropped","all_data","Overall",-0.602980515849976,"TpH","T + pH","Calcifier","ZOO_STUDY_0196","ZOO_ES_000440","ZOO_COMMON_00346",6,"Calcifier_T + pH",-0.06,5.94,5.93632331400644
"ambiguous_dropped","all_data","Overall",-0.554268934054558,"TpH","T + pH","Calcifier","ZOO_STUDY_0196","ZOO_ES_000441","ZOO_COMMON_00346",6,"Calcifier_T + pH",-0.06,5.94,5.95547555531142
"ambiguous_dropped","all_data","Overall",-0.270080186024187,"TpH","T + pH","Calcifier","ZOO_STUDY_0196","ZOO_ES_000442","ZOO_COMMON_00346",6,"Calcifier_T + pH",-0.06,5.94,5.93841875518905
"ambiguous_dropped","all_data","Overall",-0.142406519710679,"TpH","T + pH","Calcifier","ZOO_STUDY_0196","ZOO_ES_000443","ZOO_COMMON_00346",6,"Calcifier_T + pH",-0.06,5.94,5.94893015486654
"ambiguous_dropped","all_data","Overall",-0.114473385988739,"pH","pH","Calcifier","ZOO_STUDY_0196","ZOO_ES_000444","ZOO_COMMON_00347",6,"Calcifier_pH",-0.3,5.7,5.71293629420688
"ambiguous_dropped","all_data","Overall",-0.0546105016567679,"pH","pH","Calcifier","ZOO_STUDY_0196","ZOO_ES_000445","ZOO_COMMON_00347",6,"Calcifier_pH",-0.3,5.7,5.7091679807636
"ambiguous_dropped","all_data","Overall",-0.0965590091892323,"T","T","Calcifier","ZOO_STUDY_0196","ZOO_ES_000446","ZOO_COMMON_00347",6,"Calcifier_T",-0.18,5.82,5.8373789806664
"ambiguous_dropped","all_data","Overall",-0.0502264525482336,"T","T","Calcifier","ZOO_STUDY_0196","ZOO_ES_000447","ZOO_COMMON_00347",6,"Calcifier_T",-0.18,5.82,5.81057849547826
"ambiguous_dropped","all_data","Overall",-0.208816103906119,"TpH","T + pH","Calcifier","ZOO_STUDY_0196","ZOO_ES_000448","ZOO_COMMON_00347",6,"Calcifier_T + pH",-0.06,5.94,5.92413834013045
"ambiguous_dropped","all_data","Overall",-0.180139851082073,"TpH","T + pH","Calcifier","ZOO_STUDY_0196","ZOO_ES_000449","ZOO_COMMON_00347",6,"Calcifier_T + pH",-0.06,5.94,5.91967600850388
"ambiguous_dropped","all_data","Overall",-0.10981950906085,"TpH","T + pH","Calcifier","ZOO_STUDY_0196","ZOO_ES_000450","ZOO_COMMON_00347",6,"Calcifier_T + pH",-0.06,5.94,5.91573972968385
"ambiguous_dropped","all_data","Overall",-0.0563695170619476,"TpH","T + pH","Calcifier","ZOO_STUDY_0196","ZOO_ES_000451","ZOO_COMMON_00347",6,"Calcifier_T + pH",-0.06,5.94,5.96012066513998
"ambiguous_dropped","all_data","Overall",-0.222524558546775,"T","T","Calcifier","ZOO_STUDY_0370","ZOO_ES_000461","ZOO_COMMON_00622",6,"Calcifier_T",-0.18,5.82,5.83480264590355
"ambiguous_dropped","all_data","Overall",-0.4331725082587,"pH","pH","Calcifier","ZOO_STUDY_0238","ZOO_ES_000464","ZOO_COMMON_00406",6,"Calcifier_pH",-0.3,5.7,5.6788885949296
"ambiguous_dropped","all_data","Overall",-0.20233257471741,"pH","pH","Calcifier","ZOO_STUDY_0238","ZOO_ES_000465","ZOO_COMMON_00406",6,"Calcifier_pH",-0.3,5.7,5.68008715452161
"ambiguous_dropped","all_data","Overall",0.0576564395341384,"T","T","Calcifier","ZOO_STUDY_0238","ZOO_ES_000466","ZOO_COMMON_00406",6,"Calcifier_T",-0.18,5.82,5.8036946045747
"ambiguous_dropped","all_data","Overall",-0.304426471703717,"TpH","T + pH","Calcifier","ZOO_STUDY_0238","ZOO_ES_000467","ZOO_COMMON_00406",6,"Calcifier_T + pH",-0.06,5.94,5.94143390102312
"ambiguous_dropped","all_data","Overall",-0.0613365176249584,"TpH","T + pH","Calcifier","ZOO_STUDY_0238","ZOO_ES_000468","ZOO_COMMON_00406",6,"Calcifier_T + pH",-0.06,5.94,5.95176570073003
"ambiguous_dropped","all_data","Overall",-0.0205991974013227,"pH","pH","Calcifier","ZOO_STUDY_0244","ZOO_ES_000473","ZOO_COMMON_00416",6,"Calcifier_pH",-0.3,5.7,5.68091093325056
"ambiguous_dropped","all_data","Overall",-0.459624435005238,"T","T","Calcifier","ZOO_STUDY_0244","ZOO_ES_000474","ZOO_COMMON_00417",6,"Calcifier_T",-0.18,5.82,5.80017196960282
"ambiguous_dropped","all_data","Overall",-0.641875990749148,"TpH","T + pH","Calcifier","ZOO_STUDY_0244","ZOO_ES_000475","ZOO_COMMON_00417",6,"Calcifier_T + pH",-0.06,5.94,5.94261317320401
"ambiguous_dropped","all_data","Overall",-0.0634191949728097,"TpH","T + pH","Calcifier","ZOO_STUDY_0244","ZOO_ES_000476","ZOO_COMMON_00417",6,"Calcifier_T + pH",-0.06,5.94,5.92952592839487
"ambiguous_dropped","all_data","Overall",-0.0163774823564968,"pH","pH","Calcifier","ZOO_STUDY_0244","ZOO_ES_000477","ZOO_COMMON_00413",6,"Calcifier_pH",-0.3,5.7,5.69702202623012
"ambiguous_dropped","all_data","Overall",-0.050723591988887,"pH","pH","Calcifier","ZOO_STUDY_0244","ZOO_ES_000478","ZOO_COMMON_00415",6,"Calcifier_pH",-0.3,5.7,5.68092221522238
"ambiguous_dropped","all_data","Overall",0.0762825495404812,"T","T","Calcifier","ZOO_STUDY_0244","ZOO_ES_000479","ZOO_COMMON_00415",6,"Calcifier_T",-0.18,5.82,5.84108093041461
"ambiguous_dropped","all_data","Overall",0.0197213724060976,"TpH","T + pH","Calcifier","ZOO_STUDY_0244","ZOO_ES_000480","ZOO_COMMON_00415",6,"Calcifier_T + pH",-0.06,5.94,5.95162947489647
"ambiguous_dropped","all_data","Overall",0.00814819322980071,"pH","pH","Calcifier","ZOO_STUDY_0244","ZOO_ES_000481","ZOO_COMMON_00416",6,"Calcifier_pH",-0.3,5.7,5.69807652315358
"ambiguous_dropped","all_data","Overall",-0.0461981617537754,"pH","pH","Calcifier","ZOO_STUDY_0244","ZOO_ES_000482","ZOO_COMMON_00414",6,"Calcifier_pH",-0.3,5.7,5.70861572134309
"ambiguous_dropped","all_data","Overall",-0.0266562988657313,"pH","pH","Calcifier","ZOO_STUDY_0244","ZOO_ES_000485","ZOO_COMMON_00417",6,"Calcifier_pH",-0.3,5.7,5.68942472055787
"ambiguous_dropped","all_data","Overall",-0.0357783689623086,"T","T","Calcifier","ZOO_STUDY_0244","ZOO_ES_000486","ZOO_COMMON_00417",6,"Calcifier_T",-0.18,5.82,5.8281722705625
"ambiguous_dropped","all_data","Overall",-0.0425596144187959,"pH","pH","Calcifier","ZOO_STUDY_0244","ZOO_ES_000487","ZOO_COMMON_00415",6,"Calcifier_pH",-0.3,5.7,5.69375343215652
"ambiguous_dropped","all_data","Overall",-0.0321450675773701,"pH","pH","Calcifier","ZOO_STUDY_0244","ZOO_ES_000488","ZOO_COMMON_00413",6,"Calcifier_pH",-0.3,5.7,5.70854617708828
"ambiguous_dropped","all_data","Overall",-2.19015026789368,"T","T","Calcifier","ZOO_STUDY_0244","ZOO_ES_000491","ZOO_COMMON_00417",6,"Calcifier_T",-0.18,5.82,5.81563622814603
"ambiguous_dropped","all_data","Overall",-2.50057988374217,"TpH","T + pH","Calcifier","ZOO_STUDY_0244","ZOO_ES_000492","ZOO_COMMON_00417",6,"Calcifier_T + pH",-0.06,5.94,5.95056601171149
"ambiguous_dropped","all_data","Overall",-0.92676203174145,"TpH","T + pH","Calcifier","ZOO_STUDY_0244","ZOO_ES_000493","ZOO_COMMON_00415",6,"Calcifier_T + pH",-0.06,5.94,5.92905379786156
"ambiguous_dropped","all_data","Overall",0.0375567269686829,"pH","pH","Calcifier","ZOO_STUDY_0244","ZOO_ES_000494","ZOO_COMMON_00414",6,"Calcifier_pH",-0.3,5.7,5.71193522389513
"ambiguous_dropped","all_data","Overall",0,"pH","pH","Calcifier","ZOO_STUDY_0244","ZOO_ES_000495","ZOO_COMMON_00417",6,"Calcifier_pH",-0.3,5.7,5.70374607269187
"ambiguous_dropped","all_data","Overall",-0.962389209384601,"T","T","Calcifier","ZOO_STUDY_0244","ZOO_ES_000496","ZOO_COMMON_00415",6,"Calcifier_T",-0.18,5.82,5.79622479927959
"ambiguous_dropped","all_data","Overall",-0.343771539102824,"pH","pH","Calcifier","ZOO_STUDY_0256","ZOO_ES_000504","ZOO_COMMON_00432",6,"Calcifier_pH",-0.3,5.7,5.69313473628135
"ambiguous_dropped","all_data","Overall",0.582723362945572,"T","T","Calcifier","ZOO_STUDY_0256","ZOO_ES_000505","ZOO_COMMON_00432",6,"Calcifier_T",-0.18,5.82,5.81704246361507
"ambiguous_dropped","all_data","Overall",-0.293761118528163,"TpH","T + pH","Calcifier","ZOO_STUDY_0256","ZOO_ES_000506","ZOO_COMMON_00432",6,"Calcifier_T + pH",-0.06,5.94,5.93517009763513
"ambiguous_dropped","all_data","Overall",-0.0341200248356902,"T","T","Calcifier","ZOO_STUDY_0415","ZOO_ES_000527","ZOO_COMMON_00697",6,"Calcifier_T",-0.18,5.82,5.82223860839615
"ambiguous_dropped","all_data","Overall",-0.242923562618621,"pH","pH","Calcifier","ZOO_STUDY_0331","ZOO_ES_000565","ZOO_COMMON_00563",6,"Calcifier_pH",-0.3,5.7,5.71815982529661
"ambiguous_dropped","all_data","Overall",-0.349181571765757,"pH","pH","Calcifier","ZOO_STUDY_0331","ZOO_ES_000566","ZOO_COMMON_00563",6,"Calcifier_pH",-0.3,5.7,5.71328373281285
"ambiguous_dropped","all_data","Overall",-0.82794588574659,"T","T","Calcifier","ZOO_STUDY_0331","ZOO_ES_000567","ZOO_COMMON_00563",6,"Calcifier_T",-0.18,5.82,5.79827109540813
"ambiguous_dropped","all_data","Overall",-0.970091619477025,"TpH","T + pH","Calcifier","ZOO_STUDY_0331","ZOO_ES_000568","ZOO_COMMON_00563",6,"Calcifier_T + pH",-0.06,5.94,5.92087589879287
"ambiguous_dropped","all_data","Overall",-1.01300410303692,"TpH","T + pH","Calcifier","ZOO_STUDY_0331","ZOO_ES_000569","ZOO_COMMON_00563",6,"Calcifier_T + pH",-0.06,5.94,5.93048941036453
"ambiguous_dropped","all_data","Overall",0.920656990255464,"T","T","Calcifier","ZOO_STUDY_0443","ZOO_ES_000570","ZOO_COMMON_00750",6,"Calcifier_T",-0.18,5.82,5.81043391535524
"ambiguous_dropped","all_data","Overall",0,"pH","pH","Calcifier","ZOO_STUDY_0331","ZOO_ES_000575","ZOO_COMMON_00564",6,"Calcifier_pH",-0.3,5.7,5.71161683973623
"ambiguous_dropped","all_data","Overall",0.0400464188260692,"pH","pH","Calcifier","ZOO_STUDY_0331","ZOO_ES_000576","ZOO_COMMON_00564",6,"Calcifier_pH",-0.3,5.7,5.68207456794335
"ambiguous_dropped","all_data","Overall",0.235326760268714,"T","T","Calcifier","ZOO_STUDY_0331","ZOO_ES_000577","ZOO_COMMON_00564",6,"Calcifier_T",-0.18,5.82,5.84387866188074
"ambiguous_dropped","all_data","Overall",0.261880608015356,"TpH","T + pH","Calcifier","ZOO_STUDY_0331","ZOO_ES_000578","ZOO_COMMON_00564",6,"Calcifier_T + pH",-0.06,5.94,5.95773995079566
"ambiguous_dropped","all_data","Overall",0.473468024644564,"TpH","T + pH","Calcifier","ZOO_STUDY_0331","ZOO_ES_000579","ZOO_COMMON_00564",6,"Calcifier_T + pH",-0.06,5.94,5.94419618660817
"ambiguous_dropped","all_data","Overall",-0.0449411024859286,"pH","pH","Calcifier","ZOO_STUDY_0053","ZOO_ES_000593","ZOO_COMMON_00074",6,"Calcifier_pH",-0.3,5.7,5.71997821269324
"ambiguous_dropped","all_data","Overall",-0.00630853991614687,"pH","pH","Calcifier","ZOO_STUDY_0053","ZOO_ES_000594","ZOO_COMMON_00074",6,"Calcifier_pH",-0.3,5.7,5.67546722715488
"ambiguous_dropped","all_data","Overall",-0.129424319612731,"T","T","Calcifier","ZOO_STUDY_0053","ZOO_ES_000595","ZOO_COMMON_00074",6,"Calcifier_T",-0.18,5.82,5.83422785430914
"ambiguous_dropped","all_data","Overall",-0.0670754375994733,"T","T","Calcifier","ZOO_STUDY_0053","ZOO_ES_000596","ZOO_COMMON_00074",6,"Calcifier_T",-0.18,5.82,5.84039007388521
"ambiguous_dropped","all_data","Overall",-0.128236805336107,"TpH","T + pH","Calcifier","ZOO_STUDY_0053","ZOO_ES_000597","ZOO_COMMON_00074",6,"Calcifier_T + pH",-0.06,5.94,5.92053887799615
"ambiguous_dropped","all_data","Overall",-0.11641065871426,"TpH","T + pH","Calcifier","ZOO_STUDY_0053","ZOO_ES_000598","ZOO_COMMON_00074",6,"Calcifier_T + pH",-0.06,5.94,5.93829105016543
"ambiguous_dropped","all_data","Overall",0.574349539844959,"TpH","T + pH","Calcifier","ZOO_STUDY_0053","ZOO_ES_000604","ZOO_COMMON_00075",6,"Calcifier_T + pH",-0.06,5.94,5.94871741303708
"ambiguous_dropped","all_data","Overall",0.54044246118516,"TpH","T + pH","Calcifier","ZOO_STUDY_0053","ZOO_ES_000605","ZOO_COMMON_00075",6,"Calcifier_T + pH",-0.06,5.94,5.93827262304025
"ambiguous_dropped","all_data","Overall",0.389685122085573,"TpH","T + pH","Calcifier","ZOO_STUDY_0053","ZOO_ES_000606","ZOO_COMMON_00075",6,"Calcifier_T + pH",-0.06,5.94,5.95875102708582
"ambiguous_dropped","all_data","Overall",0.218521442597487,"TpH","T + pH","Calcifier","ZOO_STUDY_0053","ZOO_ES_000607","ZOO_COMMON_00075",6,"Calcifier_T + pH",-0.06,5.94,5.93505427681143
"ambiguous_dropped","all_data","Overall",0.956979065910933,"TpH","T + pH","Calcifier","ZOO_STUDY_0091","ZOO_ES_000608","ZOO_COMMON_00156",6,"Calcifier_T + pH",-0.06,5.94,5.94333425728604
"ambiguous_dropped","all_data","Overall",-1.90210752639692,"TpH","T + pH","Calcifier","ZOO_STUDY_0159","ZOO_ES_000611","ZOO_COMMON_00276",6,"Calcifier_T + pH",-0.06,5.94,5.94768528730841
"ambiguous_dropped","all_data","Overall",-0.985816794522765,"TpH","T + pH","Calcifier","ZOO_STUDY_0159","ZOO_ES_000612","ZOO_COMMON_00276",6,"Calcifier_T + pH",-0.06,5.94,5.92928298647516
"ambiguous_dropped","all_data","Overall",-0.0897380024059406,"TpH","T + pH","Calcifier","ZOO_STUDY_0053","ZOO_ES_000618","ZOO_COMMON_00074",6,"Calcifier_T + pH",-0.06,5.94,5.95959724253975
"ambiguous_dropped","all_data","Overall",-0.0885695081358388,"TpH","T + pH","Calcifier","ZOO_STUDY_0053","ZOO_ES_000619","ZOO_COMMON_00074",6,"Calcifier_T + pH",-0.06,5.94,5.9219356672233
"ambiguous_dropped","all_data","Overall",0,"T","T","Calcifier","ZOO_STUDY_0365","ZOO_ES_000622","ZOO_COMMON_00615",6,"Calcifier_T",-0.18,5.82,5.82285970706027
"ambiguous_dropped","all_data","Overall",-0.00829880281469518,"pH","pH","Calcifier","ZOO_STUDY_0443","ZOO_ES_000627","ZOO_COMMON_00749",6,"Calcifier_pH",-0.3,5.7,5.68764642131282
"ambiguous_dropped","all_data","Overall",-0.0911864626204628,"T","T","Calcifier","ZOO_STUDY_0443","ZOO_ES_000628","ZOO_COMMON_00749",6,"Calcifier_T",-0.18,5.82,5.7986803085357
"ambiguous_dropped","all_data","Overall",-0.0692075559016876,"TpH","T + pH","Calcifier","ZOO_STUDY_0443","ZOO_ES_000629","ZOO_COMMON_00749",6,"Calcifier_T + pH",-0.06,5.94,5.95313243126497
"ambiguous_dropped","all_data","Overall",-0.491120552686658,"TpH","T + pH","Calcifier","ZOO_STUDY_0159","ZOO_ES_000633","ZOO_COMMON_00276",6,"Calcifier_T + pH",-0.06,5.94,5.94531843879726
"ambiguous_dropped","all_data","Overall",-0.420502985472705,"TpH","T + pH","Calcifier","ZOO_STUDY_0159","ZOO_ES_000634","ZOO_COMMON_00276",6,"Calcifier_T + pH",-0.06,5.94,5.9316496932623
"ambiguous_dropped","all_data","Overall",2.19462795148895,"TpH","T + pH","Calcifier","ZOO_STUDY_0171","ZOO_ES_000635","ZOO_COMMON_00297",6,"Calcifier_T + pH",-0.06,5.94,5.96048318093875
"ambiguous_dropped","all_data","Overall",1.50746284260656,"TpH","T + pH","Calcifier","ZOO_STUDY_0171","ZOO_ES_000636","ZOO_COMMON_00297",6,"Calcifier_T + pH",-0.06,5.94,5.94450135983992
"ambiguous_dropped","all_data","Overall",1.31659593173189,"TpH","T + pH","Calcifier","ZOO_STUDY_0171","ZOO_ES_000637","ZOO_COMMON_00297",6,"Calcifier_T + pH",-0.06,5.94,5.96232128647156
"ambiguous_dropped","all_data","Overall",0.49257744420944,"pH","pH","Calcifier","ZOO_STUDY_0374","ZOO_ES_000651","ZOO_COMMON_00631",6,"Calcifier_pH",-0.3,5.7,5.72011652693618
"ambiguous_dropped","all_data","Overall",0.725555872298549,"pH","pH","Calcifier","ZOO_STUDY_0374","ZOO_ES_000652","ZOO_COMMON_00631",6,"Calcifier_pH",-0.3,5.7,5.69434840193717
"ambiguous_dropped","all_data","Overall",1.00384716701681,"pH","pH","Calcifier","ZOO_STUDY_0374","ZOO_ES_000653","ZOO_COMMON_00631",6,"Calcifier_pH",-0.3,5.7,5.71092404974625
"ambiguous_dropped","all_data","Overall",-1.18640874100331,"T","T","Calcifier","ZOO_STUDY_0374","ZOO_ES_000654","ZOO_COMMON_00631",6,"Calcifier_T",-0.18,5.82,5.83636735274224
"ambiguous_dropped","all_data","Overall",-0.839153018981071,"T","T","Calcifier","ZOO_STUDY_0374","ZOO_ES_000655","ZOO_COMMON_00631",6,"Calcifier_T",-0.18,5.82,5.84069110223092
"ambiguous_dropped","all_data","Overall",0.31302827621646,"TpH","T + pH","Calcifier","ZOO_STUDY_0374","ZOO_ES_000656","ZOO_COMMON_00631",6,"Calcifier_T + pH",-0.06,5.94,5.92153093993897
"ambiguous_dropped","all_data","Overall",0.481410382323145,"TpH","T + pH","Calcifier","ZOO_STUDY_0374","ZOO_ES_000657","ZOO_COMMON_00631",6,"Calcifier_T + pH",-0.06,5.94,5.91722085383721
"ambiguous_dropped","all_data","Overall",0.488683141652225,"TpH","T + pH","Calcifier","ZOO_STUDY_0374","ZOO_ES_000658","ZOO_COMMON_00631",6,"Calcifier_T + pH",-0.06,5.94,5.96441169338999
"ambiguous_dropped","all_data","Overall",0.533910135619992,"TpH","T + pH","Calcifier","ZOO_STUDY_0374","ZOO_ES_000659","ZOO_COMMON_00631",6,"Calcifier_T + pH",-0.06,5.94,5.93447396768956
"ambiguous_dropped","all_data","Overall",0.644266144474416,"TpH","T + pH","Calcifier","ZOO_STUDY_0374","ZOO_ES_000660","ZOO_COMMON_00631",6,"Calcifier_T + pH",-0.06,5.94,5.95055267065531
"ambiguous_dropped","all_data","Overall",0.702192922927911,"TpH","T + pH","Calcifier","ZOO_STUDY_0374","ZOO_ES_000661","ZOO_COMMON_00631",6,"Calcifier_T + pH",-0.06,5.94,5.94129700384568
"ambiguous_dropped","all_data","Overall",0.869045739839174,"pH","pH","Calcifier","ZOO_STUDY_0374","ZOO_ES_000662","ZOO_COMMON_00632",6,"Calcifier_pH",-0.3,5.7,5.69434506376274
"ambiguous_dropped","all_data","Overall",0.875081255066169,"pH","pH","Calcifier","ZOO_STUDY_0374","ZOO_ES_000663","ZOO_COMMON_00632",6,"Calcifier_pH",-0.3,5.7,5.71092834153678
"ambiguous_dropped","all_data","Overall",0.894773888411906,"pH","pH","Calcifier","ZOO_STUDY_0374","ZOO_ES_000664","ZOO_COMMON_00632",6,"Calcifier_pH",-0.3,5.7,5.7190090358723
"ambiguous_dropped","all_data","Overall",-2.09896038247941,"T","T","Calcifier","ZOO_STUDY_0374","ZOO_ES_000665","ZOO_COMMON_00632",6,"Calcifier_T",-0.18,5.82,5.80105800981866
"ambiguous_dropped","all_data","Overall",-1.90539160159811,"T","T","Calcifier","ZOO_STUDY_0374","ZOO_ES_000666","ZOO_COMMON_00632",6,"Calcifier_T",-0.18,5.82,5.81335261184024
"ambiguous_dropped","all_data","Overall",0.00390720887790878,"TpH","T + pH","Calcifier","ZOO_STUDY_0374","ZOO_ES_000667","ZOO_COMMON_00632",6,"Calcifier_T + pH",-0.06,5.94,5.95449659317732
"ambiguous_dropped","all_data","Overall",0.132705262385538,"TpH","T + pH","Calcifier","ZOO_STUDY_0374","ZOO_ES_000668","ZOO_COMMON_00632",6,"Calcifier_T + pH",-0.06,5.94,5.92578001159476
"ambiguous_dropped","all_data","Overall",0.311915061746083,"TpH","T + pH","Calcifier","ZOO_STUDY_0374","ZOO_ES_000669","ZOO_COMMON_00632",6,"Calcifier_T + pH",-0.06,5.94,5.94603633804712
"ambiguous_dropped","all_data","Overall",0.313346957462368,"TpH","T + pH","Calcifier","ZOO_STUDY_0374","ZOO_ES_000670","ZOO_COMMON_00632",6,"Calcifier_T + pH",-0.06,5.94,5.9338861178467
"ambiguous_dropped","all_data","Overall",0.401624449658858,"TpH","T + pH","Calcifier","ZOO_STUDY_0374","ZOO_ES_000671","ZOO_COMMON_00632",6,"Calcifier_T + pH",-0.06,5.94,5.94520176499849
"ambiguous_dropped","all_data","Overall",0.806707409543455,"TpH","T + pH","Calcifier","ZOO_STUDY_0374","ZOO_ES_000672","ZOO_COMMON_00632",6,"Calcifier_T + pH",-0.06,5.94,5.94322591341101
"ambiguous_dropped","all_data","Overall",-0.337958848327404,"pH","pH","Calcifier","ZOO_STUDY_0374","ZOO_ES_000673","ZOO_COMMON_00632",6,"Calcifier_pH",-0.3,5.7,5.70972216500668
"ambiguous_dropped","all_data","Overall",-0.229048633201924,"pH","pH","Calcifier","ZOO_STUDY_0374","ZOO_ES_000674","ZOO_COMMON_00632",6,"Calcifier_pH",-0.3,5.7,5.71570718432777
"ambiguous_dropped","all_data","Overall",-0.197214517123244,"pH","pH","Calcifier","ZOO_STUDY_0374","ZOO_ES_000675","ZOO_COMMON_00632",6,"Calcifier_pH",-0.3,5.7,5.6976842117263
"ambiguous_dropped","all_data","Overall",0.205746723412701,"T","T","Calcifier","ZOO_STUDY_0374","ZOO_ES_000676","ZOO_COMMON_00632",6,"Calcifier_T",-0.18,5.82,5.8134982347535
"ambiguous_dropped","all_data","Overall",0.485507815781701,"T","T","Calcifier","ZOO_STUDY_0374","ZOO_ES_000677","ZOO_COMMON_00632",6,"Calcifier_T",-0.18,5.82,5.836132951912
"ambiguous_dropped","all_data","Overall",-0.115882668585216,"TpH","T + pH","Calcifier","ZOO_STUDY_0374","ZOO_ES_000678","ZOO_COMMON_00632",6,"Calcifier_T + pH",-0.06,5.94,5.94063121357234
"ambiguous_dropped","all_data","Overall",-0.0436944736289251,"TpH","T + pH","Calcifier","ZOO_STUDY_0374","ZOO_ES_000679","ZOO_COMMON_00632",6,"Calcifier_T + pH",-0.06,5.94,5.95207909126533
"ambiguous_dropped","all_data","Overall",0.00847844891236673,"TpH","T + pH","Calcifier","ZOO_STUDY_0374","ZOO_ES_000680","ZOO_COMMON_00632",6,"Calcifier_T + pH",-0.06,5.94,5.9574669239088
"ambiguous_dropped","all_data","Overall",0.0893636806165985,"TpH","T + pH","Calcifier","ZOO_STUDY_0374","ZOO_ES_000681","ZOO_COMMON_00632",6,"Calcifier_T + pH",-0.06,5.94,5.93701498576906
"ambiguous_dropped","all_data","Overall",0.174592488992435,"TpH","T + pH","Calcifier","ZOO_STUDY_0374","ZOO_ES_000682","ZOO_COMMON_00632",6,"Calcifier_T + pH",-0.06,5.94,5.93529541532975
"ambiguous_dropped","all_data","Overall",0.295666416918385,"TpH","T + pH","Calcifier","ZOO_STUDY_0374","ZOO_ES_000683","ZOO_COMMON_00632",6,"Calcifier_T + pH",-0.06,5.94,5.95754588054027
"ambiguous_dropped","all_data","Overall",-0.256826630114416,"pH","pH","Calcifier","ZOO_STUDY_0374","ZOO_ES_000684","ZOO_COMMON_00631",6,"Calcifier_pH",-0.3,5.7,5.71135123060085
"ambiguous_dropped","all_data","Overall",-0.236189105219842,"pH","pH","Calcifier","ZOO_STUDY_0374","ZOO_ES_000685","ZOO_COMMON_00631",6,"Calcifier_pH",-0.3,5.7,5.70575351257576
"ambiguous_dropped","all_data","Overall",-0.176577715614703,"pH","pH","Calcifier","ZOO_STUDY_0374","ZOO_ES_000686","ZOO_COMMON_00631",6,"Calcifier_pH",-0.3,5.7,5.71000005316455
"ambiguous_dropped","all_data","Overall",-0.0295806918820425,"T","T","Calcifier","ZOO_STUDY_0374","ZOO_ES_000687","ZOO_COMMON_00631",6,"Calcifier_T",-0.18,5.82,5.83240864819847
"ambiguous_dropped","all_data","Overall",0.0565501899948301,"T","T","Calcifier","ZOO_STUDY_0374","ZOO_ES_000688","ZOO_COMMON_00631",6,"Calcifier_T",-0.18,5.82,5.8080923821358
"ambiguous_dropped","all_data","Overall",-0.395777165099959,"TpH","T + pH","Calcifier","ZOO_STUDY_0374","ZOO_ES_000689","ZOO_COMMON_00631",6,"Calcifier_T + pH",-0.06,5.94,5.92880983258132
"ambiguous_dropped","all_data","Overall",-0.339703257202659,"TpH","T + pH","Calcifier","ZOO_STUDY_0374","ZOO_ES_000690","ZOO_COMMON_00631",6,"Calcifier_T + pH",-0.06,5.94,5.92497318858281
"ambiguous_dropped","all_data","Overall",-0.317302320513493,"TpH","T + pH","Calcifier","ZOO_STUDY_0374","ZOO_ES_000691","ZOO_COMMON_00631",6,"Calcifier_T + pH",-0.06,5.94,5.96214979984565
"ambiguous_dropped","all_data","Overall",-0.286607381322015,"TpH","T + pH","Calcifier","ZOO_STUDY_0374","ZOO_ES_000692","ZOO_COMMON_00631",6,"Calcifier_T + pH",-0.06,5.94,5.92855728405761
"ambiguous_dropped","all_data","Overall",-0.188191284551902,"TpH","T + pH","Calcifier","ZOO_STUDY_0374","ZOO_ES_000693","ZOO_COMMON_00631",6,"Calcifier_T + pH",-0.06,5.94,5.93992043245584
"ambiguous_dropped","all_data","Overall",-0.149858827745717,"TpH","T + pH","Calcifier","ZOO_STUDY_0374","ZOO_ES_000694","ZOO_COMMON_00631",6,"Calcifier_T + pH",-0.06,5.94,5.91683439409593
"ambiguous_dropped","all_data","Overall",1.33135591371134,"pH","pH","Calcifier","ZOO_STUDY_0386","ZOO_ES_000695","ZOO_COMMON_00647",6,"Calcifier_pH",-0.3,5.7,5.71508686164161
"ambiguous_dropped","all_data","Overall",-0.021713164904364,"pH","pH","Calcifier","ZOO_STUDY_0386","ZOO_ES_000696","ZOO_COMMON_00650",6,"Calcifier_pH",-0.3,5.7,5.69526122829411
"ambiguous_dropped","all_data","Overall",-0.0138865518733687,"TpH","T + pH","Calcifier","ZOO_STUDY_0386","ZOO_ES_000697","ZOO_COMMON_00650",6,"Calcifier_T + pH",-0.06,5.94,5.93800629526144
"ambiguous_dropped","all_data","Overall",-0.227670008081759,"pH","pH","Calcifier","ZOO_STUDY_0386","ZOO_ES_000698","ZOO_COMMON_00648",6,"Calcifier_pH",-0.3,5.7,5.72155760752503
"ambiguous_dropped","all_data","Overall",0,"T","T","Calcifier","ZOO_STUDY_0386","ZOO_ES_000701","ZOO_COMMON_00650",6,"Calcifier_T",-0.18,5.82,5.81449403628241
"ambiguous_dropped","all_data","Overall",1.38759334376628,"pH","pH","Calcifier","ZOO_STUDY_0386","ZOO_ES_000702","ZOO_COMMON_00649",6,"Calcifier_pH",-0.3,5.7,5.71229081845377
"ambiguous_dropped","all_data","Overall",1.76690075387747,"TpH","T + pH","Calcifier","ZOO_STUDY_0386","ZOO_ES_000703","ZOO_COMMON_00649",6,"Calcifier_T + pH",-0.06,5.94,5.95418042483274
"ambiguous_dropped","all_data","Overall",1.32786079472645,"TpH","T + pH","Calcifier","ZOO_STUDY_0386","ZOO_ES_000704","ZOO_COMMON_00649",6,"Calcifier_T + pH",-0.06,5.94,5.92537281266181
"ambiguous_dropped","all_data","Overall",0.826879517624007,"pH","pH","Calcifier","ZOO_STUDY_0386","ZOO_ES_000706","ZOO_COMMON_00647",6,"Calcifier_pH",-0.3,5.7,5.67782633648021
"ambiguous_dropped","all_data","Overall",1.47176382113457,"TpH","T + pH","Calcifier","ZOO_STUDY_0386","ZOO_ES_000707","ZOO_COMMON_00647",6,"Calcifier_T + pH",-0.06,5.94,5.93157569168601
"ambiguous_dropped","all_data","Overall",-0.19504556231281,"pH","pH","Calcifier","ZOO_STUDY_0386","ZOO_ES_000708","ZOO_COMMON_00650",6,"Calcifier_pH",-0.3,5.7,5.70919025928015
"ambiguous_dropped","all_data","Overall",-0.398729224505253,"pH","pH","Calcifier","ZOO_STUDY_0386","ZOO_ES_000711","ZOO_COMMON_00648",6,"Calcifier_pH",-0.3,5.7,5.71338871341432
"ambiguous_dropped","all_data","Overall",-0.103064303397476,"pH","pH","Calcifier","ZOO_STUDY_0386","ZOO_ES_000712","ZOO_COMMON_00648",6,"Calcifier_pH",-0.3,5.7,5.70765246957308
"ambiguous_dropped","all_data","Overall",-0.17953497496293,"TpH","T + pH","Calcifier","ZOO_STUDY_0386","ZOO_ES_000713","ZOO_COMMON_00650",6,"Calcifier_T + pH",-0.06,5.94,5.96169019971043
"ambiguous_dropped","all_data","Overall",-0.0866185885796935,"TpH","T + pH","Calcifier","ZOO_STUDY_0386","ZOO_ES_000714","ZOO_COMMON_00650",6,"Calcifier_T + pH",-0.06,5.94,5.91517579757841
"ambiguous_dropped","all_data","Overall",0.837345053670609,"pH","pH","Calcifier","ZOO_STUDY_0386","ZOO_ES_000715","ZOO_COMMON_00649",6,"Calcifier_pH",-0.3,5.7,5.6939194546314
"ambiguous_dropped","all_data","Overall",0.768245006791025,"T","T","Calcifier","ZOO_STUDY_0386","ZOO_ES_000716","ZOO_COMMON_00649",6,"Calcifier_T",-0.18,5.82,5.82718520255759
"ambiguous_dropped","all_data","Overall",0.405465108108164,"T","T","Calcifier","ZOO_STUDY_0386","ZOO_ES_000717","ZOO_COMMON_00647",6,"Calcifier_T",-0.18,5.82,5.79995363055961
"ambiguous_dropped","all_data","Overall",1.09861228866811,"TpH","T + pH","Calcifier","ZOO_STUDY_0386","ZOO_ES_000718","ZOO_COMMON_00647",6,"Calcifier_T + pH",-0.06,5.94,5.91575317309238
"ambiguous_dropped","all_data","Overall",0.817863976451417,"T","T","Calcifier","ZOO_STUDY_0386","ZOO_ES_000719","ZOO_COMMON_00648",6,"Calcifier_T",-0.18,5.82,5.80242825352354
"ambiguous_dropped","all_data","Overall",0.564529802737852,"TpH","T + pH","Calcifier","ZOO_STUDY_0386","ZOO_ES_000720","ZOO_COMMON_00648",6,"Calcifier_T + pH",-0.06,5.94,5.95226551566506
"ambiguous_dropped","all_data","Overall",0.689554527808046,"TpH","T + pH","Calcifier","ZOO_STUDY_0386","ZOO_ES_000721","ZOO_COMMON_00648",6,"Calcifier_T + pH",-0.06,5.94,5.95763733754633
"ambiguous_dropped","all_data","Overall",-0.538238317163056,"pH","pH","Calcifier","ZOO_STUDY_0386","ZOO_ES_000727","ZOO_COMMON_00650",6,"Calcifier_pH",-0.3,5.7,5.69124727286398
"ambiguous_dropped","all_data","Overall",-0.142692519520612,"pH","pH","Calcifier","ZOO_STUDY_0386","ZOO_ES_000728","ZOO_COMMON_00650",6,"Calcifier_pH",-0.3,5.7,5.68833347543841
"ambiguous_dropped","all_data","Overall",0.0954876775306013,"T","T","Calcifier","ZOO_STUDY_0386","ZOO_ES_000729","ZOO_COMMON_00650",6,"Calcifier_T",-0.18,5.82,5.80717737210682
"ambiguous_dropped","all_data","Overall",-0.176383643892935,"TpH","T + pH","Calcifier","ZOO_STUDY_0386","ZOO_ES_000730","ZOO_COMMON_00650",6,"Calcifier_T + pH",-0.06,5.94,5.96281251457753
"ambiguous_dropped","all_data","Overall",-0.0261608260386722,"pH","pH","Calcifier","ZOO_STUDY_0386","ZOO_ES_000731","ZOO_COMMON_00648",6,"Calcifier_pH",-0.3,5.7,5.69986343696946
"ambiguous_dropped","all_data","Overall",-0.00778692459311934,"T","T","Calcifier","ZOO_STUDY_0386","ZOO_ES_000732","ZOO_COMMON_00648",6,"Calcifier_T",-0.18,5.82,5.82972257877002
"ambiguous_dropped","all_data","Overall",-0.132045313414014,"TpH","T + pH","Calcifier","ZOO_STUDY_0386","ZOO_ES_000733","ZOO_COMMON_00648",6,"Calcifier_T + pH",-0.06,5.94,5.96075659569819
"ambiguous_dropped","all_data","Overall",-0.0129431699038916,"TpH","T + pH","Calcifier","ZOO_STUDY_0386","ZOO_ES_000734","ZOO_COMMON_00648",6,"Calcifier_T + pH",-0.06,5.94,5.94544608935015
"ambiguous_dropped","all_data","Overall",-1.47303828180838,"T","T","Calcifier","ZOO_STUDY_0387","ZOO_ES_000735","ZOO_COMMON_00651",6,"Calcifier_T",-0.18,5.82,5.80813044289127
"ambiguous_dropped","all_data","Overall",-0.512742363091974,"TpH","T + pH","Calcifier","ZOO_STUDY_0387","ZOO_ES_000736","ZOO_COMMON_00651",6,"Calcifier_T + pH",-0.06,5.94,5.96094653688837
"ambiguous_dropped","all_data","Overall",-0.134793222444945,"pH","pH","Calcifier","ZOO_STUDY_0387","ZOO_ES_000737","ZOO_COMMON_00651",6,"Calcifier_pH",-0.3,5.7,5.71058065393008
"ambiguous_dropped","all_data","Overall",-0.822209215175821,"TpH","T + pH","Calcifier","ZOO_STUDY_0331","ZOO_ES_000787","ZOO_COMMON_00564",6,"Calcifier_T + pH",-0.06,5.94,5.91719142968999
"ambiguous_dropped","all_data","Overall",-0.244104591714156,"TpH","T + pH","Calcifier","ZOO_STUDY_0331","ZOO_ES_000788","ZOO_COMMON_00564",6,"Calcifier_T + pH",-0.06,5.94,5.94667538134148
"ambiguous_dropped","all_data","Overall",-0.135437970895104,"pH","pH","Calcifier","ZOO_STUDY_0238","ZOO_ES_000795","ZOO_COMMON_00406",6,"Calcifier_pH",-0.3,5.7,5.71763661939185
"ambiguous_dropped","all_data","Overall",-0.0339015516756813,"pH","pH","Calcifier","ZOO_STUDY_0238","ZOO_ES_000796","ZOO_COMMON_00406",6,"Calcifier_pH",-0.3,5.7,5.68095479296753
"ambiguous_dropped","all_data","Overall",0.0263173083173734,"T","T","Calcifier","ZOO_STUDY_0238","ZOO_ES_000800","ZOO_COMMON_00406",6,"Calcifier_T",-0.18,5.82,5.84260189516237
"ambiguous_dropped","all_data","Overall",-0.182321556793955,"TpH","T + pH","Calcifier","ZOO_STUDY_0238","ZOO_ES_000801","ZOO_COMMON_00406",6,"Calcifier_T + pH",-0.06,5.94,5.91704199298751
"ambiguous_dropped","all_data","Overall",-0.105360515657826,"TpH","T + pH","Calcifier","ZOO_STUDY_0238","ZOO_ES_000802","ZOO_COMMON_00406",6,"Calcifier_T + pH",-0.06,5.94,5.92352999908384
"ambiguous_dropped","all_data","Overall",1.57214798418863,"T","T","Calcifier","ZOO_STUDY_0415","ZOO_ES_000843","ZOO_COMMON_00697",6,"Calcifier_T",-0.18,5.82,5.79615767047973
"ambiguous_dropped","all_data","Overall",1.27816443748531,"TpH","T + pH","Calcifier","ZOO_STUDY_0415","ZOO_ES_000844","ZOO_COMMON_00697",6,"Calcifier_T + pH",-0.06,5.94,5.93449549532728
"ambiguous_dropped","all_data","Overall",0.0927817334509661,"pH","pH","Calcifier","ZOO_STUDY_0415","ZOO_ES_000845","ZOO_COMMON_00697",6,"Calcifier_pH",-0.3,5.7,5.7104638570454
"ambiguous_dropped","all_data","Overall",0.256910413785027,"T","T","Calcifier","ZOO_STUDY_0415","ZOO_ES_000846","ZOO_COMMON_00697",6,"Calcifier_T",-0.18,5.82,5.82778777728556
"ambiguous_dropped","all_data","Overall",0.344735261900619,"TpH","T + pH","Calcifier","ZOO_STUDY_0415","ZOO_ES_000847","ZOO_COMMON_00697",6,"Calcifier_T + pH",-0.06,5.94,5.93930713584181
"ambiguous_dropped","all_data","Overall",0.0264580589630215,"TpH","T + pH","Calcifier","ZOO_STUDY_0415","ZOO_ES_000848","ZOO_COMMON_00698",6,"Calcifier_T + pH",-0.06,5.94,5.91903615813702
"ambiguous_dropped","all_data","Overall",0.0988958959617663,"pH","pH","Calcifier","ZOO_STUDY_0415","ZOO_ES_000853","ZOO_COMMON_00698",6,"Calcifier_pH",-0.3,5.7,5.72339422003133
"ambiguous_dropped","all_data","Overall",0.00575846416219474,"T","T","Calcifier","ZOO_STUDY_0415","ZOO_ES_000854","ZOO_COMMON_00698",6,"Calcifier_T",-0.18,5.82,5.82301364326151
"ambiguous_dropped","all_data","Overall",0.0969667235293577,"TpH","T + pH","Calcifier","ZOO_STUDY_0415","ZOO_ES_000855","ZOO_COMMON_00698",6,"Calcifier_T + pH",-0.06,5.94,5.95084530806402
"ambiguous_dropped","all_data","Overall",-0.0712962962306679,"pH","pH","Calcifier","ZOO_STUDY_0415","ZOO_ES_000861","ZOO_COMMON_00697",6,"Calcifier_pH",-0.3,5.7,5.6891712378012
"ambiguous_dropped","all_data","Overall",-0.0262982934762895,"pH","pH","Calcifier","ZOO_STUDY_0415","ZOO_ES_000864","ZOO_COMMON_00698",6,"Calcifier_pH",-0.3,5.7,5.71511264517903
"ambiguous_dropped","all_data","Overall",0.0311691664709181,"T","T","Calcifier","ZOO_STUDY_0415","ZOO_ES_000865","ZOO_COMMON_00698",6,"Calcifier_T",-0.18,5.82,5.82646096791606
"ambiguous_dropped","all_data","Overall",-0.239987198643764,"pH","pH","Calcifier","ZOO_STUDY_0437","ZOO_ES_000890","ZOO_COMMON_00742",6,"Calcifier_pH",-0.3,5.7,5.72044804559555
"ambiguous_dropped","all_data","Overall",-0.0163047090249436,"pH","pH","Calcifier","ZOO_STUDY_0437","ZOO_ES_000891","ZOO_COMMON_00742",6,"Calcifier_pH",-0.3,5.7,5.69480625945143
"ambiguous_dropped","all_data","Overall",-0.510277528383676,"T","T","Calcifier","ZOO_STUDY_0437","ZOO_ES_000892","ZOO_COMMON_00742",6,"Calcifier_T",-0.18,5.82,5.81041422070004
"ambiguous_dropped","all_data","Overall",-0.556872301989672,"TpH","T + pH","Calcifier","ZOO_STUDY_0437","ZOO_ES_000893","ZOO_COMMON_00742",6,"Calcifier_T + pH",-0.06,5.94,5.9515847081528
"ambiguous_dropped","all_data","Overall",-0.551362646178702,"TpH","T + pH","Calcifier","ZOO_STUDY_0437","ZOO_ES_000894","ZOO_COMMON_00742",6,"Calcifier_T + pH",-0.06,5.94,5.94975042842329
"ambiguous_dropped","all_data","Overall",-0.287833118445573,"pH","pH","Calcifier","ZOO_STUDY_0484","ZOO_ES_000911","ZOO_COMMON_00823",6,"Calcifier_pH",-0.3,5.7,5.69676500827773
"ambiguous_dropped","all_data","Overall",0.0232881102112668,"TpH","T + pH","Calcifier","ZOO_STUDY_0484","ZOO_ES_000912","ZOO_COMMON_00823",6,"Calcifier_T + pH",-0.06,5.94,5.9553759945184
"ambiguous_dropped","all_data","Overall",-0.279080052029482,"TpH","T + pH","Calcifier","ZOO_STUDY_0484","ZOO_ES_000913","ZOO_COMMON_00822",6,"Calcifier_T + pH",-0.06,5.94,5.93028065224411
"ambiguous_dropped","all_data","Overall",-0.274593989574782,"pH","pH","Calcifier","ZOO_STUDY_0484","ZOO_ES_000914","ZOO_COMMON_00821",6,"Calcifier_pH",-0.3,5.7,5.72072776566492
"ambiguous_dropped","all_data","Overall",-0.00478381777073733,"pH","pH","Calcifier","ZOO_STUDY_0484","ZOO_ES_000915","ZOO_COMMON_00821",6,"Calcifier_pH",-0.3,5.7,5.70649146947544
"ambiguous_dropped","all_data","Overall",-0.00478381777073733,"pH","pH","Calcifier","ZOO_STUDY_0484","ZOO_ES_000916","ZOO_COMMON_00821",6,"Calcifier_pH",-0.3,5.7,5.71385821290314
"ambiguous_dropped","all_data","Overall",0.0107351233594397,"T","T","Calcifier","ZOO_STUDY_0484","ZOO_ES_000917","ZOO_COMMON_00821",6,"Calcifier_T",-0.18,5.82,5.83085719461553
"ambiguous_dropped","all_data","Overall",-0.015687756981639,"TpH","T + pH","Calcifier","ZOO_STUDY_0484","ZOO_ES_000918","ZOO_COMMON_00821",6,"Calcifier_T + pH",-0.06,5.94,5.94815880947048
"ambiguous_dropped","all_data","Overall",0.00263968477077325,"TpH","T + pH","Calcifier","ZOO_STUDY_0484","ZOO_ES_000919","ZOO_COMMON_00821",6,"Calcifier_T + pH",-0.06,5.94,5.950154600034
"ambiguous_dropped","all_data","Overall",0.0107351233594397,"TpH","T + pH","Calcifier","ZOO_STUDY_0484","ZOO_ES_000920","ZOO_COMMON_00821",6,"Calcifier_T + pH",-0.06,5.94,5.9246317923977
"ambiguous_dropped","all_data","Overall",-0.00852580652880193,"pH","pH","Calcifier","ZOO_STUDY_0484","ZOO_ES_000921","ZOO_COMMON_00823",6,"Calcifier_pH",-0.3,5.7,5.70490391072817
"ambiguous_dropped","all_data","Overall",0.00775197680431792,"pH","pH","Calcifier","ZOO_STUDY_0484","ZOO_ES_000922","ZOO_COMMON_00823",6,"Calcifier_pH",-0.3,5.7,5.71335852609482
"ambiguous_dropped","all_data","Overall",-0.0045380493394349,"TpH","T + pH","Calcifier","ZOO_STUDY_0484","ZOO_ES_000923","ZOO_COMMON_00823",6,"Calcifier_T + pH",-0.06,5.94,5.92681879659416
"ambiguous_dropped","all_data","Overall",-0.363755424329535,"pH","pH","Calcifier","ZOO_STUDY_0484","ZOO_ES_000924","ZOO_COMMON_00823",6,"Calcifier_pH",-0.3,5.7,5.70957780312747
"ambiguous_dropped","all_data","Overall",-1.11647684143397,"pH","pH","Calcifier","ZOO_STUDY_0484","ZOO_ES_000925","ZOO_COMMON_00822",6,"Calcifier_pH",-0.3,5.7,5.67961195388343
"ambiguous_dropped","all_data","Overall",-0.898991903143916,"pH","pH","Calcifier","ZOO_STUDY_0484","ZOO_ES_000926","ZOO_COMMON_00822",6,"Calcifier_pH",-0.3,5.7,5.71185206201626
"ambiguous_dropped","all_data","Overall",-0.877163783603033,"pH","pH","Calcifier","ZOO_STUDY_0484","ZOO_ES_000927","ZOO_COMMON_00822",6,"Calcifier_pH",-0.3,5.7,5.72223405357217
"ambiguous_dropped","all_data","Overall",-0.217270482704621,"pH","pH","Calcifier","ZOO_STUDY_0484","ZOO_ES_000928","ZOO_COMMON_00823",6,"Calcifier_pH",-0.3,5.7,5.70820438258816
"ambiguous_dropped","all_data","Overall",0.038226876601168,"T","T","Calcifier","ZOO_STUDY_0484","ZOO_ES_000929","ZOO_COMMON_00823",6,"Calcifier_T",-0.18,5.82,5.82837077873293
"ambiguous_dropped","all_data","Overall",-0.464935661706492,"pH","pH","Calcifier","ZOO_STUDY_0484","ZOO_ES_000930","ZOO_COMMON_00822",6,"Calcifier_pH",-0.3,5.7,5.69600108371815
"ambiguous_dropped","all_data","Overall",-1.11647684143397,"TpH","T + pH","Calcifier","ZOO_STUDY_0484","ZOO_ES_000931","ZOO_COMMON_00822",6,"Calcifier_T + pH",-0.06,5.94,5.92189834612422
"ambiguous_dropped","all_data","Overall",-0.641392099048049,"TpH","T + pH","Calcifier","ZOO_STUDY_0484","ZOO_ES_000932","ZOO_COMMON_00822",6,"Calcifier_T + pH",-0.06,5.94,5.93846825568238
"ambiguous_dropped","all_data","Overall",0.0606512746236434,"TpH","T + pH","Calcifier","ZOO_STUDY_0484","ZOO_ES_000933","ZOO_COMMON_00823",6,"Calcifier_T + pH",-0.06,5.94,5.919687712132
"ambiguous_dropped","all_data","Overall",-0.272992782640832,"T","T","Calcifier","ZOO_STUDY_0484","ZOO_ES_000934","ZOO_COMMON_00822",6,"Calcifier_T",-0.18,5.82,5.8327036675578
"ambiguous_dropped","all_data","Overall",-0.136256577854246,"T","T","Calcifier","ZOO_STUDY_0484","ZOO_ES_000935","ZOO_COMMON_00821",6,"Calcifier_T",-0.18,5.82,5.81331639527809
"ambiguous_dropped","all_data","Overall",-0.0353080953059424,"pH","pH","Calcifier","ZOO_STUDY_0484","ZOO_ES_000936","ZOO_COMMON_00822",6,"Calcifier_pH",-0.3,5.7,5.70340681908419
"ambiguous_dropped","all_data","Overall",-0.0416151135707052,"T","T","Calcifier","ZOO_STUDY_0484","ZOO_ES_000937","ZOO_COMMON_00822",6,"Calcifier_T",-0.18,5.82,5.81415106570814
"ambiguous_dropped","all_data","Overall",-0.0841449895391694,"TpH","T + pH","Calcifier","ZOO_STUDY_0484","ZOO_ES_000938","ZOO_COMMON_00822",6,"Calcifier_T + pH",-0.06,5.94,5.92516193500254
"ambiguous_dropped","all_data","Overall",-0.0487368563145071,"TpH","T + pH","Calcifier","ZOO_STUDY_0484","ZOO_ES_000939","ZOO_COMMON_00822",6,"Calcifier_T + pH",-0.06,5.94,5.94176326929359
"ambiguous_dropped","all_data","Overall",-0.00751717004320374,"pH","pH","Calcifier","ZOO_STUDY_0484","ZOO_ES_000940","ZOO_COMMON_00821",6,"Calcifier_pH",-0.3,5.7,5.69429236245342
"ambiguous_dropped","all_data","Overall",-0.00751717004320374,"pH","pH","Calcifier","ZOO_STUDY_0484","ZOO_ES_000941","ZOO_COMMON_00821",6,"Calcifier_pH",-0.3,5.7,5.71811426796485
"ambiguous_dropped","all_data","Overall",-0.0456672921102612,"TpH","T + pH","Calcifier","ZOO_STUDY_0484","ZOO_ES_000942","ZOO_COMMON_00821",6,"Calcifier_T + pH",-0.06,5.94,5.91967817723984
"ambiguous_dropped","all_data","Overall",-0.0210910409560301,"T","T","Calcifier","ZOO_STUDY_0484","ZOO_ES_000943","ZOO_COMMON_00823",6,"Calcifier_T",-0.18,5.82,5.79817242689198
"ambiguous_dropped","all_data","Overall",-0.545284788870706,"TpH","T + pH","Calcifier","ZOO_STUDY_0484","ZOO_ES_000944","ZOO_COMMON_00822",6,"Calcifier_T + pH",-0.06,5.94,5.9233382018609
"ambiguous_dropped","all_data","Overall",-0.53465968169511,"pH","pH","Calcifier","ZOO_STUDY_0484","ZOO_ES_000945","ZOO_COMMON_00821",6,"Calcifier_pH",-0.3,5.7,5.72178276156774
"ambiguous_dropped","all_data","Overall",-0.505956443559337,"pH","pH","Calcifier","ZOO_STUDY_0484","ZOO_ES_000946","ZOO_COMMON_00821",6,"Calcifier_pH",-0.3,5.7,5.69712544876384
"ambiguous_dropped","all_data","Overall",-0.435188837227761,"TpH","T + pH","Calcifier","ZOO_STUDY_0484","ZOO_ES_000947","ZOO_COMMON_00821",6,"Calcifier_T + pH",-0.06,5.94,5.94871981413802
"ambiguous_dropped","all_data","Overall",-0.416472295218451,"TpH","T + pH","Calcifier","ZOO_STUDY_0484","ZOO_ES_000948","ZOO_COMMON_00821",6,"Calcifier_T + pH",-0.06,5.94,5.91680389995221
"ambiguous_dropped","all_data","Overall",-0.294243214231762,"TpH","T + pH","Calcifier","ZOO_STUDY_0484","ZOO_ES_000949","ZOO_COMMON_00821",6,"Calcifier_T + pH",-0.06,5.94,5.9384210544033
"ambiguous_dropped","all_data","Overall",-0.0900228683025246,"TpH","T + pH","Calcifier","ZOO_STUDY_0484","ZOO_ES_000950","ZOO_COMMON_00823",6,"Calcifier_T + pH",-0.06,5.94,5.91728267851053
"ambiguous_dropped","all_data","Overall",-0.194105241937304,"pH","pH","Calcifier","ZOO_STUDY_0484","ZOO_ES_000951","ZOO_COMMON_00821",6,"Calcifier_pH",-0.3,5.7,5.70600168468664
"ambiguous_dropped","all_data","Overall",-0.108619857498669,"TpH","T + pH","Calcifier","ZOO_STUDY_0484","ZOO_ES_000952","ZOO_COMMON_00821",6,"Calcifier_T + pH",-0.06,5.94,5.95824459941126
"ambiguous_dropped","all_data","Overall",-0.0719086247692754,"pH","pH","Calcifier","ZOO_STUDY_0484","ZOO_ES_000953","ZOO_COMMON_00822",6,"Calcifier_pH",-0.3,5.7,5.68479345802916
"ambiguous_dropped","all_data","Overall",-0.0695319676935199,"pH","pH","Calcifier","ZOO_STUDY_0484","ZOO_ES_000954","ZOO_COMMON_00822",6,"Calcifier_pH",-0.3,5.7,5.68910492266296
"ambiguous_dropped","all_data","Overall",-0.0670732379687377,"pH","pH","Calcifier","ZOO_STUDY_0484","ZOO_ES_000955","ZOO_COMMON_00822",6,"Calcifier_pH",-0.3,5.7,5.7182593544363
"ambiguous_dropped","all_data","Overall",-0.094908390607049,"TpH","T + pH","Calcifier","ZOO_STUDY_0484","ZOO_ES_000956","ZOO_COMMON_00822",6,"Calcifier_T + pH",-0.06,5.94,5.91660175235942
"ambiguous_dropped","all_data","Overall",-0.059036856492578,"TpH","T + pH","Calcifier","ZOO_STUDY_0484","ZOO_ES_000957","ZOO_COMMON_00822",6,"Calcifier_T + pH",-0.06,5.94,5.95411776876776
"ambiguous_dropped","all_data","Overall",-0.00588925674197298,"pH","pH","Calcifier","ZOO_STUDY_0484","ZOO_ES_000958","ZOO_COMMON_00823",6,"Calcifier_pH",-0.3,5.7,5.6977534746984
"ambiguous_dropped","all_data","Overall",-0.0110977876565622,"TpH","T + pH","Calcifier","ZOO_STUDY_0484","ZOO_ES_000959","ZOO_COMMON_00823",6,"Calcifier_T + pH",-0.06,5.94,5.91900609442731
"ambiguous_dropped","all_data","Overall",-0.00981097020704486,"TpH","T + pH","Calcifier","ZOO_STUDY_0484","ZOO_ES_000960","ZOO_COMMON_00823",6,"Calcifier_T + pH",-0.06,5.94,5.96033804350067
"ambiguous_dropped","all_data","Overall",-0.225856302084778,"pH","pH","Calcifier","ZOO_STUDY_0024","ZOO_ES_000962","ZOO_COMMON_00035",6,"Calcifier_pH",-0.3,5.7,5.68445033272728
"ambiguous_dropped","all_data","Overall",-0.220022798381081,"T","T","Calcifier","ZOO_STUDY_0024","ZOO_ES_000963","ZOO_COMMON_00035",6,"Calcifier_T",-0.18,5.82,5.83230479341466
"ambiguous_dropped","all_data","Overall",-0.398080156973153,"TpH","T + pH","Calcifier","ZOO_STUDY_0024","ZOO_ES_000964","ZOO_COMMON_00035",6,"Calcifier_T + pH",-0.06,5.94,5.93657820399152
"ambiguous_dropped","all_data","Overall",-0.0586425283508928,"pH","pH","Calcifier","ZOO_STUDY_0091","ZOO_ES_000965","ZOO_COMMON_00157",6,"Calcifier_pH",-0.3,5.7,5.70852660986129
"ambiguous_dropped","all_data","Overall",-0.225604127435426,"pH","pH","Calcifier","ZOO_STUDY_0495","ZOO_ES_000966","ZOO_COMMON_00845",6,"Calcifier_pH",-0.3,5.7,5.68437256063335
"ambiguous_dropped","all_data","Overall",-0.492974059433225,"T","T","Calcifier","ZOO_STUDY_0495","ZOO_ES_000967","ZOO_COMMON_00845",6,"Calcifier_T",-0.18,5.82,5.83908715864411
"ambiguous_dropped","all_data","Overall",0.23567980958363,"T","T","Calcifier","ZOO_STUDY_0495","ZOO_ES_000968","ZOO_COMMON_00845",6,"Calcifier_T",-0.18,5.82,5.7974433724233
"ambiguous_dropped","all_data","Overall",0.297811590690637,"TpH","T + pH","Calcifier","ZOO_STUDY_0495","ZOO_ES_000969","ZOO_COMMON_00845",6,"Calcifier_T + pH",-0.06,5.94,5.92601024433738
"ambiguous_dropped","all_data","Overall",0.485577807032823,"TpH","T + pH","Calcifier","ZOO_STUDY_0495","ZOO_ES_000970","ZOO_COMMON_00845",6,"Calcifier_T + pH",-0.06,5.94,5.92809002330527
"ambiguous_dropped","all_data","Overall",0,"T","T","Calcifier","ZOO_STUDY_0091","ZOO_ES_000974","ZOO_COMMON_00157",6,"Calcifier_T",-0.18,5.82,5.83336049520178
"ambiguous_dropped","all_data","Overall",-0.021646765013583,"TpH","T + pH","Calcifier","ZOO_STUDY_0091","ZOO_ES_000975","ZOO_COMMON_00157",6,"Calcifier_T + pH",-0.06,5.94,5.93429812520975
"ambiguous_dropped","all_data","Overall",-0.0237505909632071,"TpH","T + pH","Calcifier","ZOO_STUDY_0415","ZOO_ES_000999","ZOO_COMMON_00697",6,"Calcifier_T + pH",-0.06,5.94,5.92892865545349
"ambiguous_dropped","all_data","Overall",-0.179507829433692,"pH","pH","Calcifier","ZOO_STUDY_0331","ZOO_ES_001000","ZOO_COMMON_00563",6,"Calcifier_pH",-0.3,5.7,5.67888077560347
"ambiguous_dropped","all_data","Overall",-0.0334158610896161,"pH","pH","Calcifier","ZOO_STUDY_0331","ZOO_ES_001001","ZOO_COMMON_00563",6,"Calcifier_pH",-0.3,5.7,5.70001524314284
"ambiguous_dropped","all_data","Overall",0.0636444774903327,"T","T","Calcifier","ZOO_STUDY_0331","ZOO_ES_001002","ZOO_COMMON_00563",6,"Calcifier_T",-0.18,5.82,5.81757257247111
"ambiguous_dropped","all_data","Overall",1.18369129790669,"TpH","T + pH","Calcifier","ZOO_STUDY_0443","ZOO_ES_001003","ZOO_COMMON_00750",6,"Calcifier_T + pH",-0.06,5.94,5.96433008066146
"ambiguous_dropped","all_data","Overall",-0.213806636358021,"TpH","T + pH","Calcifier","ZOO_STUDY_0331","ZOO_ES_001006","ZOO_COMMON_00563",6,"Calcifier_T + pH",-0.06,5.94,5.922106717024
"ambiguous_dropped","all_data","Overall",-0.196510189083738,"TpH","T + pH","Calcifier","ZOO_STUDY_0331","ZOO_ES_001007","ZOO_COMMON_00563",6,"Calcifier_T + pH",-0.06,5.94,5.95669178757584
"ambiguous_dropped","all_data","Overall",-4.65188781055555,"pH","pH","Calcifier","ZOO_STUDY_0013","ZOO_ES_001336","ZOO_COMMON_00020",6,"Calcifier_pH",-0.3,5.7,5.67647647450212
"ambiguous_dropped","all_data","Overall",-4.65188781055555,"T","T","Calcifier","ZOO_STUDY_0013","ZOO_ES_001337","ZOO_COMMON_00021",6,"Calcifier_T",-0.18,5.82,5.83393793518655
"ambiguous_dropped","all_data","Overall",-4.65188781055555,"TpH","T + pH","Calcifier","ZOO_STUDY_0013","ZOO_ES_001338","ZOO_COMMON_00019",6,"Calcifier_T + pH",-0.06,5.94,5.92643369701458
"ambiguous_dropped","all_data","Overall",-4.28828706562358,"pH","pH","Calcifier","ZOO_STUDY_0013","ZOO_ES_001342","ZOO_COMMON_00020",6,"Calcifier_pH",-0.3,5.7,5.68169300592272
"ambiguous_dropped","all_data","Overall",-4.28828706562358,"T","T","Calcifier","ZOO_STUDY_0013","ZOO_ES_001343","ZOO_COMMON_00021",6,"Calcifier_T",-0.18,5.82,5.80453054619022
"ambiguous_dropped","all_data","Overall",-4.28828706562358,"TpH","T + pH","Calcifier","ZOO_STUDY_0013","ZOO_ES_001344","ZOO_COMMON_00019",6,"Calcifier_T + pH",-0.06,5.94,5.92579323198646
"ambiguous_dropped","all_data","Overall",-2.54553127160444,"TpH","T + pH","Calcifier","ZOO_STUDY_0092","ZOO_ES_001349","ZOO_COMMON_00158",6,"Calcifier_T + pH",-0.06,5.94,5.96170856960584
"ambiguous_dropped","all_data","Overall",-2.54553127160444,"T","T","Calcifier","ZOO_STUDY_0092","ZOO_ES_001350","ZOO_COMMON_00159",6,"Calcifier_T",-0.18,5.82,5.8444408827275
"ambiguous_dropped","all_data","Overall",0.0152674721307884,"T","T","Calcifier","ZOO_STUDY_0108","ZOO_ES_001351","ZOO_COMMON_00186",6,"Calcifier_T",-0.18,5.82,5.81050124642672
"ambiguous_dropped","all_data","Overall",-1.3760378609527,"T","T","Calcifier","ZOO_STUDY_0108","ZOO_ES_001352","ZOO_COMMON_00187",6,"Calcifier_T",-0.18,5.82,5.80185654396657
"ambiguous_dropped","all_data","Overall",0.095732726924615,"T","T","Calcifier","ZOO_STUDY_0108","ZOO_ES_001353","ZOO_COMMON_00187",6,"Calcifier_T",-0.18,5.82,5.8280492903362
"ambiguous_dropped","all_data","Overall",1.20847246955272,"T","T","Calcifier","ZOO_STUDY_0108","ZOO_ES_001354","ZOO_COMMON_00186",6,"Calcifier_T",-0.18,5.82,5.82424566883594
"ambiguous_dropped","all_data","Overall",-1.44304717771234,"TpH","T + pH","Calcifier","ZOO_STUDY_0120","ZOO_ES_001355","ZOO_COMMON_00209",6,"Calcifier_T + pH",-0.06,5.94,5.93220326662762
"ambiguous_dropped","all_data","Overall",-1.44304717771234,"pH","pH","Calcifier","ZOO_STUDY_0120","ZOO_ES_001356","ZOO_COMMON_00210",6,"Calcifier_pH",-0.3,5.7,5.71569782692241
"ambiguous_dropped","all_data","Overall",-1.44304717771234,"T","T","Calcifier","ZOO_STUDY_0120","ZOO_ES_001357","ZOO_COMMON_00211",6,"Calcifier_T",-0.18,5.82,5.80915919797728
"ambiguous_dropped","all_data","Overall",-0.77303664327111,"pH","pH","Calcifier","ZOO_STUDY_0120","ZOO_ES_001358","ZOO_COMMON_00210",6,"Calcifier_pH",-0.3,5.7,5.71729205303127
"ambiguous_dropped","all_data","Overall",-0.77303664327111,"T","T","Calcifier","ZOO_STUDY_0120","ZOO_ES_001359","ZOO_COMMON_00211",6,"Calcifier_T",-0.18,5.82,5.80185109427432
"ambiguous_dropped","all_data","Overall",-0.77303664327111,"TpH","T + pH","Calcifier","ZOO_STUDY_0120","ZOO_ES_001360","ZOO_COMMON_00209",6,"Calcifier_T + pH",-0.06,5.94,5.95809738781303
"ambiguous_dropped","all_data","Overall",-2.89560737195011,"TpH","T + pH","Calcifier","ZOO_STUDY_0306","ZOO_ES_001361","ZOO_COMMON_00524",6,"Calcifier_T + pH",-0.06,5.94,5.91835603094427
"ambiguous_dropped","all_data","Overall",-2.89560737195011,"pH","pH","Calcifier","ZOO_STUDY_0306","ZOO_ES_001362","ZOO_COMMON_00523",6,"Calcifier_pH",-0.3,5.7,5.69676042177016
"ambiguous_dropped","all_data","Overall",-2.89560737195011,"T","T","Calcifier","ZOO_STUDY_0306","ZOO_ES_001363","ZOO_COMMON_00525",6,"Calcifier_T",-0.18,5.82,5.82900674797595
"ambiguous_dropped","all_data","Overall",-1.57231731413081,"T","T","Calcifier","ZOO_STUDY_0342","ZOO_ES_001364","ZOO_COMMON_00583",6,"Calcifier_T",-0.18,5.82,5.80529134601122
"ambiguous_dropped","all_data","Overall",-1.57231731413081,"TpH","T + pH","Calcifier","ZOO_STUDY_0342","ZOO_ES_001365","ZOO_COMMON_00581",6,"Calcifier_T + pH",-0.06,5.94,5.96212695237249
"ambiguous_dropped","all_data","Overall",2.61048445395238,"TpH","T + pH","Calcifier","ZOO_STUDY_0342","ZOO_ES_001366","ZOO_COMMON_00581",6,"Calcifier_T + pH",-0.06,5.94,5.93396618959727
"ambiguous_dropped","all_data","Overall",2.61048445395238,"T","T","Calcifier","ZOO_STUDY_0342","ZOO_ES_001367","ZOO_COMMON_00583",6,"Calcifier_T",-0.18,5.82,5.82631200706121
"ambiguous_dropped","all_data","Overall",-2.48571202672345,"T","T","Calcifier","ZOO_STUDY_0342","ZOO_ES_001368","ZOO_COMMON_00582",6,"Calcifier_T",-0.18,5.82,5.80417512009619
"ambiguous_dropped","all_data","Overall",-2.48571202672345,"TpH","T + pH","Calcifier","ZOO_STUDY_0342","ZOO_ES_001369","ZOO_COMMON_00580",6,"Calcifier_T + pH",-0.06,5.94,5.94796038091648
"ambiguous_dropped","all_data","Overall",-2.56496850168211,"T","T","Calcifier","ZOO_STUDY_0342","ZOO_ES_001370","ZOO_COMMON_00583",6,"Calcifier_T",-0.18,5.82,5.83173464553431
"ambiguous_dropped","all_data","Overall",-2.56496850168211,"TpH","T + pH","Calcifier","ZOO_STUDY_0342","ZOO_ES_001371","ZOO_COMMON_00581",6,"Calcifier_T + pH",-0.06,5.94,5.9397839716496
"ambiguous_dropped","all_data","Overall",-3.51272898088955,"pH","pH","Calcifier","ZOO_STUDY_0373","ZOO_ES_001372","ZOO_COMMON_00628",6,"Calcifier_pH",-0.3,5.7,5.7184359371895
"ambiguous_dropped","all_data","Overall",-3.51272898088955,"T","T","Calcifier","ZOO_STUDY_0373","ZOO_ES_001373","ZOO_COMMON_00630",6,"Calcifier_T",-0.18,5.82,5.83659189722268
"ambiguous_dropped","all_data","Overall",-3.51272898088955,"TpH","T + pH","Calcifier","ZOO_STUDY_0373","ZOO_ES_001374","ZOO_COMMON_00626",6,"Calcifier_T + pH",-0.06,5.94,5.96416494126665
"ambiguous_dropped","all_data","Overall",-3.49940495415074,"pH","pH","Calcifier","ZOO_STUDY_0373","ZOO_ES_001375","ZOO_COMMON_00627",6,"Calcifier_pH",-0.3,5.7,5.70834251125343
"ambiguous_dropped","all_data","Overall",-3.49940495415074,"T","T","Calcifier","ZOO_STUDY_0373","ZOO_ES_001376","ZOO_COMMON_00629",6,"Calcifier_T",-0.18,5.82,5.82714300710242
"ambiguous_dropped","all_data","Overall",-3.49940495415074,"TpH","T + pH","Calcifier","ZOO_STUDY_0373","ZOO_ES_001377","ZOO_COMMON_00625",6,"Calcifier_T + pH",-0.06,5.94,5.91725726424251
"ambiguous_dropped","all_data","Overall",-3.83974706382854,"pH","pH","Calcifier","ZOO_STUDY_0373","ZOO_ES_001378","ZOO_COMMON_00628",6,"Calcifier_pH",-0.3,5.7,5.68454232212389
"ambiguous_dropped","all_data","Overall",-3.83974706382854,"T","T","Calcifier","ZOO_STUDY_0373","ZOO_ES_001379","ZOO_COMMON_00630",6,"Calcifier_T",-0.18,5.82,5.79662936218549
"ambiguous_dropped","all_data","Overall",-3.83974706382854,"TpH","T + pH","Calcifier","ZOO_STUDY_0373","ZOO_ES_001380","ZOO_COMMON_00626",6,"Calcifier_T + pH",-0.06,5.94,5.95735972389579
"ambiguous_dropped","all_data","Overall",-3.25037449192757,"pH","pH","Calcifier","ZOO_STUDY_0516","ZOO_ES_001381","ZOO_COMMON_00882",6,"Calcifier_pH",-0.3,5.7,5.69622286279919
"ambiguous_dropped","all_data","Overall",-3.25037449192757,"T","T","Calcifier","ZOO_STUDY_0516","ZOO_ES_001382","ZOO_COMMON_00883",6,"Calcifier_T",-0.18,5.82,5.8358601719304
"ambiguous_dropped","all_data","Overall",-3.25037449192757,"TpH","T + pH","Calcifier","ZOO_STUDY_0516","ZOO_ES_001383","ZOO_COMMON_00881",6,"Calcifier_T + pH",-0.06,5.94,5.9225829996611
"ambiguous_dropped","all_data","Overall",-0.103690824272377,"pH","pH","Calcifier","ZOO_STUDY_0215","ZOO_ES_001646","ZOO_COMMON_00371",6,"Calcifier_pH",-0.3,5.7,5.69529220528202
"ambiguous_dropped","all_data","Overall",-0.116702847594022,"pH","pH","Calcifier","ZOO_STUDY_0215","ZOO_ES_001647","ZOO_COMMON_00371",6,"Calcifier_pH",-0.3,5.7,5.71112544657663
"ambiguous_dropped","all_data","Overall",-0.123096506609869,"pH","pH","Calcifier","ZOO_STUDY_0215","ZOO_ES_001648","ZOO_COMMON_00371",6,"Calcifier_pH",-0.3,5.7,5.67798169142334
"ambiguous_dropped","all_data","Overall",-0.184246346345864,"pH","pH","Calcifier","ZOO_STUDY_0215","ZOO_ES_001649","ZOO_COMMON_00371",6,"Calcifier_pH",-0.3,5.7,5.69151746116113
"ambiguous_dropped","all_data","Overall",-0.150677248158586,"pH","pH","Calcifier","ZOO_STUDY_0185","ZOO_ES_001663","ZOO_COMMON_00323",6,"Calcifier_pH",-0.3,5.7,5.71383820009651
"ambiguous_dropped","all_data","Overall",-0.471257024126585,"pH","pH","Calcifier","ZOO_STUDY_0185","ZOO_ES_001664","ZOO_COMMON_00323",6,"Calcifier_pH",-0.3,5.7,5.71702296725707
"ambiguous_dropped","all_data","Overall",-0.151720545159591,"pH","pH","Calcifier","ZOO_STUDY_0185","ZOO_ES_001665","ZOO_COMMON_00323",6,"Calcifier_pH",-0.3,5.7,5.71852907651337
"ambiguous_dropped","all_data","Overall",-0.384313945561962,"pH","pH","Calcifier","ZOO_STUDY_0185","ZOO_ES_001666","ZOO_COMMON_00323",6,"Calcifier_pH",-0.3,5.7,5.72265209507896
"ambiguous_dropped","all_data","Overall",-0.125371715922522,"pH","pH","Calcifier","ZOO_STUDY_0185","ZOO_ES_001667","ZOO_COMMON_00323",6,"Calcifier_pH",-0.3,5.7,5.69419778762385
"ambiguous_dropped","all_data","Overall",-0.6354096269946,"pH","pH","Calcifier","ZOO_STUDY_0185","ZOO_ES_001668","ZOO_COMMON_00323",6,"Calcifier_pH",-0.3,5.7,5.72253159832908
"ambiguous_dropped","all_data","Overall",-0.150978088421918,"pH","pH","Calcifier","ZOO_STUDY_0185","ZOO_ES_001669","ZOO_COMMON_00323",6,"Calcifier_pH",-0.3,5.7,5.710205231281
"ambiguous_dropped","all_data","Overall",-0.535597679807692,"pH","pH","Calcifier","ZOO_STUDY_0185","ZOO_ES_001670","ZOO_COMMON_00323",6,"Calcifier_pH",-0.3,5.7,5.69609906969126
"ambiguous_dropped","all_data","Overall",-0.136734811559684,"pH","pH","Calcifier","ZOO_STUDY_0185","ZOO_ES_001671","ZOO_COMMON_00323",6,"Calcifier_pH",-0.3,5.7,5.6945658046985
"ambiguous_dropped","all_data","Overall",-0.420502985161724,"pH","pH","Calcifier","ZOO_STUDY_0185","ZOO_ES_001672","ZOO_COMMON_00323",6,"Calcifier_pH",-0.3,5.7,5.68552833728027
"ambiguous_dropped","all_data","Overall",-0.00459067369606185,"pH","pH","Calcifier","ZOO_STUDY_0263","ZOO_ES_001673","ZOO_COMMON_00440",6,"Calcifier_pH",-0.3,5.7,5.7126240090467
"ambiguous_dropped","all_data","Overall",-0.0357458414938235,"pH","pH","Calcifier","ZOO_STUDY_0263","ZOO_ES_001674","ZOO_COMMON_00440",6,"Calcifier_pH",-0.3,5.7,5.69725389252417
"ambiguous_dropped","all_data","Overall",-0.0105661365056637,"pH","pH","Calcifier","ZOO_STUDY_0262","ZOO_ES_001675","ZOO_COMMON_00439",6,"Calcifier_pH",-0.3,5.7,5.69766574212117
"ambiguous_dropped","all_data","Overall",-0.0460911076740417,"pH","pH","Calcifier","ZOO_STUDY_0262","ZOO_ES_001676","ZOO_COMMON_00439",6,"Calcifier_pH",-0.3,5.7,5.67916254296433
"ambiguous_dropped","all_data","Overall",-0.00280701929154238,"pH","pH","Calcifier","ZOO_STUDY_0265","ZOO_ES_001677","ZOO_COMMON_00442",6,"Calcifier_pH",-0.3,5.7,5.69325845143758
"ambiguous_dropped","all_data","Overall",-0.037120607361927,"pH","pH","Calcifier","ZOO_STUDY_0265","ZOO_ES_001678","ZOO_COMMON_00442",6,"Calcifier_pH",-0.3,5.7,5.7197476452915
"ambiguous_dropped","all_data","Overall",-0.0110498361765576,"pH","pH","Calcifier","ZOO_STUDY_0264","ZOO_ES_001679","ZOO_COMMON_00441",6,"Calcifier_pH",-0.3,5.7,5.7022218922968
"ambiguous_dropped","all_data","Overall",-0.0420819454216714,"pH","pH","Calcifier","ZOO_STUDY_0264","ZOO_ES_001680","ZOO_COMMON_00441",6,"Calcifier_pH",-0.3,5.7,5.67654135331977
"ambiguous_dropped","all_data","Overall",0.00285713738117275,"pH","pH","Calcifier","ZOO_STUDY_0356","ZOO_ES_001681","ZOO_COMMON_00600",6,"Calcifier_pH",-0.3,5.7,5.69442165415967
"ambiguous_dropped","all_data","Overall",-0.0202319220620794,"pH","pH","Calcifier","ZOO_STUDY_0356","ZOO_ES_001682","ZOO_COMMON_00600",6,"Calcifier_pH",-0.3,5.7,5.68066976229893
"ambiguous_dropped","all_data","Overall",-0.034938067340934,"pH","pH","Calcifier","ZOO_STUDY_0356","ZOO_ES_001683","ZOO_COMMON_00600",6,"Calcifier_pH",-0.3,5.7,5.68886272294912
"ambiguous_dropped","all_data","Overall",-0.205770314303627,"pH","pH","Calcifier","ZOO_STUDY_0356","ZOO_ES_001684","ZOO_COMMON_00600",6,"Calcifier_pH",-0.3,5.7,5.71097599155037
"ambiguous_dropped","all_data","Overall",0,"pH","pH","Calcifier","ZOO_STUDY_0357","ZOO_ES_001685","ZOO_COMMON_00601",6,"Calcifier_pH",-0.3,5.7,5.69380125924945
"ambiguous_dropped","all_data","Overall",-0.0233246746123202,"pH","pH","Calcifier","ZOO_STUDY_0357","ZOO_ES_001686","ZOO_COMMON_00601",6,"Calcifier_pH",-0.3,5.7,5.70672299772268
"ambiguous_dropped","all_data","Overall",-0.0322136049151541,"pH","pH","Calcifier","ZOO_STUDY_0357","ZOO_ES_001687","ZOO_COMMON_00601",6,"Calcifier_pH",-0.3,5.7,5.69983738962328
"ambiguous_dropped","all_data","Overall",-0.129013015277842,"pH","pH","Calcifier","ZOO_STUDY_0356","ZOO_ES_001688","ZOO_COMMON_00599",6,"Calcifier_pH",-0.3,5.7,5.71537432288751
"ambiguous_dropped","all_data","Overall",-0.538990721504965,"pH","pH","Calcifier","ZOO_STUDY_0061","ZOO_ES_001689","ZOO_COMMON_00092",6,"Calcifier_pH",-0.3,5.7,5.70410942040617
"ambiguous_dropped","all_data","Overall",-0.297860863667868,"pH","pH","Calcifier","ZOO_STUDY_0061","ZOO_ES_001690","ZOO_COMMON_00092",6,"Calcifier_pH",-0.3,5.7,5.68360064016888
"ambiguous_dropped","all_data","Overall",-0.534446691710547,"pH","pH","Calcifier","ZOO_STUDY_0061","ZOO_ES_001691","ZOO_COMMON_00094",6,"Calcifier_pH",-0.3,5.7,5.72186455198098
"ambiguous_dropped","all_data","Overall",-0.735703167262262,"pH","pH","Calcifier","ZOO_STUDY_0061","ZOO_ES_001692","ZOO_COMMON_00093",6,"Calcifier_pH",-0.3,5.7,5.67769054373493
"ambiguous_dropped","all_data","Overall",-0.218250692978295,"pH","pH","Calcifier","ZOO_STUDY_0061","ZOO_ES_001693","ZOO_COMMON_00090",6,"Calcifier_pH",-0.3,5.7,5.67936160935788
"ambiguous_dropped","all_data","Overall",-1.20933928963369,"pH","pH","Calcifier","ZOO_STUDY_0061","ZOO_ES_001694","ZOO_COMMON_00089",6,"Calcifier_pH",-0.3,5.7,5.71707790028304
"ambiguous_dropped","all_data","Overall",-0.170066834377538,"pH","pH","Calcifier","ZOO_STUDY_0061","ZOO_ES_001695","ZOO_COMMON_00091",6,"Calcifier_pH",-0.3,5.7,5.69604446304729
"ambiguous_dropped","all_data","Overall",-1.3762486071034,"pH","pH","Calcifier","ZOO_STUDY_0061","ZOO_ES_001696","ZOO_COMMON_00089",6,"Calcifier_pH",-0.3,5.7,5.7108743026387
"ambiguous_dropped","all_data","Overall",-0.797867639119561,"pH","pH","Calcifier","ZOO_STUDY_0061","ZOO_ES_001697","ZOO_COMMON_00095",6,"Calcifier_pH",-0.3,5.7,5.71180753655499
"ambiguous_dropped","all_data","Overall",-1.7414234474598,"pH","pH","Calcifier","ZOO_STUDY_0061","ZOO_ES_001698","ZOO_COMMON_00095",6,"Calcifier_pH",-0.3,5.7,5.72437352725538
"ambiguous_dropped","all_data","Overall",0.130750802326809,"pH","pH","Calcifier","ZOO_STUDY_0296","ZOO_ES_001713","ZOO_COMMON_00498",6,"Calcifier_pH",-0.3,5.7,5.72304835597752
"ambiguous_dropped","all_data","Overall",0.736707397194827,"pH","pH","Calcifier","ZOO_STUDY_0298","ZOO_ES_001714","ZOO_COMMON_00500",6,"Calcifier_pH",-0.3,5.7,5.6820896867197
"ambiguous_dropped","all_data","Overall",-0.640909135825059,"pH","pH","Calcifier","ZOO_STUDY_0297","ZOO_ES_001715","ZOO_COMMON_00499",6,"Calcifier_pH",-0.3,5.7,5.70824756579241
"ambiguous_dropped","all_data","Overall",-0.757257527852397,"pH","pH","Calcifier","ZOO_STUDY_0403","ZOO_ES_001720","ZOO_COMMON_00678",6,"Calcifier_pH",-0.3,5.7,5.67665771211032
"ambiguous_dropped","all_data","Overall",-0.030717641111035,"pH","pH","Calcifier","ZOO_STUDY_0403","ZOO_ES_001721","ZOO_COMMON_00678",6,"Calcifier_pH",-0.3,5.7,5.69972566752695
"ambiguous_dropped","all_data","Overall",-0.0237425037013395,"pH","pH","Calcifier","ZOO_STUDY_0403","ZOO_ES_001722","ZOO_COMMON_00677",6,"Calcifier_pH",-0.3,5.7,5.71456762113376
"ambiguous_dropped","all_data","Overall",0.090759147968906,"pH","pH","Calcifier","ZOO_STUDY_0001","ZOO_ES_001728","ZOO_COMMON_00001",6,"Calcifier_pH",-0.3,5.7,5.69396048767958
"ambiguous_dropped","all_data","Overall",0.0199911464785647,"pH","pH","Calcifier","ZOO_STUDY_0002","ZOO_ES_001729","ZOO_COMMON_00002",6,"Calcifier_pH",-0.3,5.7,5.72241496806964
"ambiguous_dropped","all_data","Overall",0.0565498173966677,"pH","pH","Calcifier","ZOO_STUDY_0003","ZOO_ES_001730","ZOO_COMMON_00003",6,"Calcifier_pH",-0.3,5.7,5.7080337890191
"ambiguous_dropped","all_data","Overall",-0.0272921422880075,"pH","pH","Calcifier","ZOO_STUDY_0004","ZOO_ES_001731","ZOO_COMMON_00004",6,"Calcifier_pH",-0.3,5.7,5.69663825476309
"ambiguous_dropped","all_data","Overall",-0.330563799935047,"pH","pH","Calcifier","ZOO_STUDY_0034","ZOO_ES_001732","ZOO_COMMON_00049",6,"Calcifier_pH",-0.3,5.7,5.71693412991008
"ambiguous_dropped","all_data","Overall",-0.0393973291904765,"T","T","Calcifier","ZOO_STUDY_0062","ZOO_ES_001733","ZOO_COMMON_00096",6,"Calcifier_T",-0.18,5.82,5.83523493614513
"ambiguous_dropped","all_data","Overall",-0.179989647458976,"pH","pH","Calcifier","ZOO_STUDY_0063","ZOO_ES_001734","ZOO_COMMON_00097",6,"Calcifier_pH",-0.3,5.7,5.69635311525781
"ambiguous_dropped","all_data","Overall",0.0954004977234614,"T","T","Calcifier","ZOO_STUDY_0103","ZOO_ES_001735","ZOO_COMMON_00179",6,"Calcifier_T",-0.18,5.82,5.81146952547599
"ambiguous_dropped","all_data","Overall",-0.0594135280508674,"pH","pH","Calcifier","ZOO_STUDY_0168","ZOO_ES_001736","ZOO_COMMON_00294",6,"Calcifier_pH",-0.3,5.7,5.70325202564709
"ambiguous_dropped","all_data","Overall",-0.0713533219425517,"pH","pH","Calcifier","ZOO_STUDY_0229","ZOO_ES_001737","ZOO_COMMON_00396",6,"Calcifier_pH",-0.3,5.7,5.71806145859882
"ambiguous_dropped","all_data","Overall",0.0313283948492955,"T","T","Calcifier","ZOO_STUDY_0230","ZOO_ES_001738","ZOO_COMMON_00397",6,"Calcifier_T",-0.18,5.82,5.82429355123779
"ambiguous_dropped","all_data","Overall",0.00653597097978545,"pH","pH","Calcifier","ZOO_STUDY_0232","ZOO_ES_001739","ZOO_COMMON_00399",6,"Calcifier_pH",-0.3,5.7,5.70725600641454
"ambiguous_dropped","all_data","Overall",0.0238390311760524,"pH","pH","Calcifier","ZOO_STUDY_0231","ZOO_ES_001740","ZOO_COMMON_00398",6,"Calcifier_pH",-0.3,5.7,5.7133542034775
"ambiguous_dropped","all_data","Overall",-0.08934510033585,"pH","pH","Calcifier","ZOO_STUDY_0233","ZOO_ES_001741","ZOO_COMMON_00400",6,"Calcifier_pH",-0.3,5.7,5.70964285120135
"ambiguous_dropped","all_data","Overall",-0.0368705358083277,"pH","pH","Calcifier","ZOO_STUDY_0299","ZOO_ES_001742","ZOO_COMMON_00501",6,"Calcifier_pH",-0.3,5.7,5.71833988414146
"ambiguous_dropped","all_data","Overall",-0.00821180468509994,"pH","pH","Calcifier","ZOO_STUDY_0338","ZOO_ES_001743","ZOO_COMMON_00573",6,"Calcifier_pH",-0.3,5.7,5.67973487761337
"ambiguous_dropped","all_data","Overall",-0.119242212143982,"pH","pH","Calcifier","ZOO_STUDY_0363","ZOO_ES_001744","ZOO_COMMON_00612",6,"Calcifier_pH",-0.3,5.7,5.70549696470844
"ambiguous_dropped","all_data","Overall",0.0125708757872427,"pH","pH","Calcifier","ZOO_STUDY_0399","ZOO_ES_001745","ZOO_COMMON_00671",6,"Calcifier_pH",-0.3,5.7,5.68704373948276
"ambiguous_dropped","all_data","Overall",-0.248226105672568,"pH","pH","Calcifier","ZOO_STUDY_0422","ZOO_ES_001746","ZOO_COMMON_00716",6,"Calcifier_pH",-0.3,5.7,5.69848208294716
"ambiguous_dropped","all_data","Overall",-0.318849906984096,"pH","pH","Calcifier","ZOO_STUDY_0422","ZOO_ES_001747","ZOO_COMMON_00715",6,"Calcifier_pH",-0.3,5.7,5.68919610433513
"ambiguous_dropped","all_data","Overall",-0.690051975652643,"pH","pH","Calcifier","ZOO_STUDY_0422","ZOO_ES_001748","ZOO_COMMON_00714",6,"Calcifier_pH",-0.3,5.7,5.72092206393136
"ambiguous_dropped","all_data","Overall",-0.626554534927205,"pH","pH","Calcifier","ZOO_STUDY_0423","ZOO_ES_001749","ZOO_COMMON_00718",6,"Calcifier_pH",-0.3,5.7,5.69498720245902
"ambiguous_dropped","all_data","Overall",-0.328252858027677,"pH","pH","Calcifier","ZOO_STUDY_0423","ZOO_ES_001750","ZOO_COMMON_00717",6,"Calcifier_pH",-0.3,5.7,5.7032672330155
"ambiguous_dropped","all_data","Overall",-0.138402322859119,"pH","pH","Calcifier","ZOO_STUDY_0499","ZOO_ES_001751","ZOO_COMMON_00859",6,"Calcifier_pH",-0.3,5.7,5.67904385061702
"ambiguous_dropped","all_data","Overall",0.19249359897025,"pH","pH","Calcifier","ZOO_STUDY_0520","ZOO_ES_001752","ZOO_COMMON_00888",6,"Calcifier_pH",-0.3,5.7,5.72213500924408
"ambiguous_dropped","all_data","Overall",0.033974412558267,"T","T","Calcifier","ZOO_STUDY_0028","ZOO_ES_001753","ZOO_COMMON_00042",6,"Calcifier_T",-0.18,5.82,5.83178893026663
"ambiguous_dropped","all_data","Overall",0.000936378365250387,"T","T","Calcifier","ZOO_STUDY_0028","ZOO_ES_001754","ZOO_COMMON_00042",6,"Calcifier_T",-0.18,5.82,5.81876561081037
"ambiguous_dropped","all_data","Overall",-0.138913962259681,"T","T","Calcifier","ZOO_STUDY_0028","ZOO_ES_001755","ZOO_COMMON_00042",6,"Calcifier_T",-0.18,5.82,5.80409216243308
"ambiguous_dropped","all_data","Overall",-1.90832018570699,"T","T","Calcifier","ZOO_STUDY_0028","ZOO_ES_001756","ZOO_COMMON_00042",6,"Calcifier_T",-0.18,5.82,5.83151834402699
"ambiguous_dropped","all_data","Overall",-3.34947609668386,"T","T","Calcifier","ZOO_STUDY_0037","ZOO_ES_001757","ZOO_COMMON_00053",6,"Calcifier_T",-0.18,5.82,5.82573135219747
"ambiguous_dropped","all_data","Overall",-1.43029559312409,"T","T","Calcifier","ZOO_STUDY_0037","ZOO_ES_001758","ZOO_COMMON_00053",6,"Calcifier_T",-0.18,5.82,5.79805207950296
"ambiguous_dropped","all_data","Overall",-0.962676821466929,"T","T","Calcifier","ZOO_STUDY_0037","ZOO_ES_001759","ZOO_COMMON_00052",6,"Calcifier_T",-0.18,5.82,5.79766476916149
"ambiguous_dropped","all_data","Overall",-1.40286399053007,"T","T","Calcifier","ZOO_STUDY_0037","ZOO_ES_001760","ZOO_COMMON_00052",6,"Calcifier_T",-0.18,5.82,5.81776281574741
"ambiguous_dropped","all_data","Overall",-0.525905851406941,"T","T","Calcifier","ZOO_STUDY_0037","ZOO_ES_001761","ZOO_COMMON_00052",6,"Calcifier_T",-0.18,5.82,5.80404810684733
"ambiguous_dropped","all_data","Overall",-3.18901913210783,"T","T","Calcifier","ZOO_STUDY_0037","ZOO_ES_001762","ZOO_COMMON_00052",6,"Calcifier_T",-0.18,5.82,5.81956529620104
"ambiguous_dropped","all_data","Overall",-0.0207393651903729,"T","T","Calcifier","ZOO_STUDY_0037","ZOO_ES_001763","ZOO_COMMON_00052",6,"Calcifier_T",-0.18,5.82,5.84409357241122
"ambiguous_dropped","all_data","Overall",-2.23867176725039,"T","T","Calcifier","ZOO_STUDY_0037","ZOO_ES_001764","ZOO_COMMON_00053",6,"Calcifier_T",-0.18,5.82,5.80620610536309
"ambiguous_dropped","all_data","Overall",0.029297249561336,"T","T","Calcifier","ZOO_STUDY_0042","ZOO_ES_001765","ZOO_COMMON_00059",6,"Calcifier_T",-0.18,5.82,5.83062643276528
"ambiguous_dropped","all_data","Overall",0.0219983446704046,"T","T","Calcifier","ZOO_STUDY_0042","ZOO_ES_001766","ZOO_COMMON_00059",6,"Calcifier_T",-0.18,5.82,5.80250630296534
"ambiguous_dropped","all_data","Overall",0.00305177348567623,"T","T","Calcifier","ZOO_STUDY_0042","ZOO_ES_001767","ZOO_COMMON_00059",6,"Calcifier_T",-0.18,5.82,5.82128629197134
"ambiguous_dropped","all_data","Overall",0.0557262009479657,"T","T","Calcifier","ZOO_STUDY_0042","ZOO_ES_001768","ZOO_COMMON_00059",6,"Calcifier_T",-0.18,5.82,5.83642379116966
"ambiguous_dropped","all_data","Overall",-0.0539238006891765,"T","T","Calcifier","ZOO_STUDY_0042","ZOO_ES_001769","ZOO_COMMON_00060",6,"Calcifier_T",-0.18,5.82,5.80134302721592
"ambiguous_dropped","all_data","Overall",-0.180215342686012,"T","T","Calcifier","ZOO_STUDY_0042","ZOO_ES_001770","ZOO_COMMON_00060",6,"Calcifier_T",-0.18,5.82,5.83598416408524
"ambiguous_dropped","all_data","Overall",-0.696856842289136,"T","T","Calcifier","ZOO_STUDY_0060","ZOO_ES_001771","ZOO_COMMON_00088",6,"Calcifier_T",-0.18,5.82,5.80730017081834
"ambiguous_dropped","all_data","Overall",-1.39946388926224,"T","T","Calcifier","ZOO_STUDY_0060","ZOO_ES_001772","ZOO_COMMON_00088",6,"Calcifier_T",-0.18,5.82,5.79985089827562
"ambiguous_dropped","all_data","Overall",-0.588483269583127,"T","T","Calcifier","ZOO_STUDY_0060","ZOO_ES_001773","ZOO_COMMON_00088",6,"Calcifier_T",-0.18,5.82,5.80318507267395
"ambiguous_dropped","all_data","Overall",-3.17817389998848,"T","T","Calcifier","ZOO_STUDY_0060","ZOO_ES_001774","ZOO_COMMON_00088",6,"Calcifier_T",-0.18,5.82,5.82821776019875
"ambiguous_dropped","all_data","Overall",-0.0413764335115182,"T","T","Calcifier","ZOO_STUDY_0060","ZOO_ES_001775","ZOO_COMMON_00088",6,"Calcifier_T",-0.18,5.82,5.82887140583945
"ambiguous_dropped","all_data","Overall",-0.00447894087650725,"T","T","Calcifier","ZOO_STUDY_0060","ZOO_ES_001776","ZOO_COMMON_00088",6,"Calcifier_T",-0.18,5.82,5.80164759380743
"ambiguous_dropped","all_data","Overall",-0.0573532968895531,"T","T","Calcifier","ZOO_STUDY_0064","ZOO_ES_001777","ZOO_COMMON_00098",6,"Calcifier_T",-0.18,5.82,5.84397619923577
"ambiguous_dropped","all_data","Overall",0.00860467090224423,"T","T","Calcifier","ZOO_STUDY_0064","ZOO_ES_001778","ZOO_COMMON_00098",6,"Calcifier_T",-0.18,5.82,5.80233062378131
"ambiguous_dropped","all_data","Overall",0.0735625671770166,"T","T","Calcifier","ZOO_STUDY_0064","ZOO_ES_001779","ZOO_COMMON_00098",6,"Calcifier_T",-0.18,5.82,5.84209083769703
"ambiguous_dropped","all_data","Overall",-0.274565722916068,"T","T","Calcifier","ZOO_STUDY_0064","ZOO_ES_001780","ZOO_COMMON_00098",6,"Calcifier_T",-0.18,5.82,5.83001758724451
"ambiguous_dropped","all_data","Overall",0.00810739693795024,"T","T","Calcifier","ZOO_STUDY_0064","ZOO_ES_001781","ZOO_COMMON_00098",6,"Calcifier_T",-0.18,5.82,5.82339814517647
"ambiguous_dropped","all_data","Overall",-0.00281096460565032,"T","T","Calcifier","ZOO_STUDY_0064","ZOO_ES_001782","ZOO_COMMON_00098",6,"Calcifier_T",-0.18,5.82,5.80731744947145
"ambiguous_dropped","all_data","Overall",0.0605833412946432,"T","T","Calcifier","ZOO_STUDY_0064","ZOO_ES_001783","ZOO_COMMON_00098",6,"Calcifier_T",-0.18,5.82,5.81204357662238
"ambiguous_dropped","all_data","Overall",-0.174520485482538,"T","T","Calcifier","ZOO_STUDY_0064","ZOO_ES_001784","ZOO_COMMON_00098",6,"Calcifier_T",-0.18,5.82,5.83698809727095
"ambiguous_dropped","all_data","Overall",-0.0316597731682303,"T","T","Calcifier","ZOO_STUDY_0064","ZOO_ES_001785","ZOO_COMMON_00098",6,"Calcifier_T",-0.18,5.82,5.84107607331127
"ambiguous_dropped","all_data","Overall",-0.167828032106077,"T","T","Calcifier","ZOO_STUDY_0064","ZOO_ES_001786","ZOO_COMMON_00098",6,"Calcifier_T",-0.18,5.82,5.82076824435964
"ambiguous_dropped","all_data","Overall",-0.564963876276724,"T","T","Calcifier","ZOO_STUDY_0064","ZOO_ES_001787","ZOO_COMMON_00098",6,"Calcifier_T",-0.18,5.82,5.83940560991643
"ambiguous_dropped","all_data","Overall",-2.67307048220618,"T","T","Calcifier","ZOO_STUDY_0064","ZOO_ES_001788","ZOO_COMMON_00098",6,"Calcifier_T",-0.18,5.82,5.83020361015108
"ambiguous_dropped","all_data","Overall",-0.0661212815580853,"T","T","Calcifier","ZOO_STUDY_0064","ZOO_ES_001789","ZOO_COMMON_00098",6,"Calcifier_T",-0.18,5.82,5.81618813948473
"ambiguous_dropped","all_data","Overall",-0.119680934981023,"T","T","Calcifier","ZOO_STUDY_0064","ZOO_ES_001790","ZOO_COMMON_00098",6,"Calcifier_T",-0.18,5.82,5.81001345516881
"ambiguous_dropped","all_data","Overall",-0.594400642394478,"T","T","Calcifier","ZOO_STUDY_0064","ZOO_ES_001791","ZOO_COMMON_00098",6,"Calcifier_T",-0.18,5.82,5.84316922203172
"ambiguous_dropped","all_data","Overall",-2.52778367414439,"T","T","Calcifier","ZOO_STUDY_0064","ZOO_ES_001792","ZOO_COMMON_00098",6,"Calcifier_T",-0.18,5.82,5.80124102980364
"ambiguous_dropped","all_data","Overall",-0.0213764212231482,"T","T","Calcifier","ZOO_STUDY_0064","ZOO_ES_001793","ZOO_COMMON_00098",6,"Calcifier_T",-0.18,5.82,5.8290170266456
"ambiguous_dropped","all_data","Overall",-0.0964948521076375,"T","T","Calcifier","ZOO_STUDY_0064","ZOO_ES_001794","ZOO_COMMON_00098",6,"Calcifier_T",-0.18,5.82,5.835991957183
"ambiguous_dropped","all_data","Overall",-0.318162840421824,"T","T","Calcifier","ZOO_STUDY_0064","ZOO_ES_001795","ZOO_COMMON_00098",6,"Calcifier_T",-0.18,5.82,5.8058137410949
"ambiguous_dropped","all_data","Overall",-1.65519685270025,"T","T","Calcifier","ZOO_STUDY_0064","ZOO_ES_001796","ZOO_COMMON_00098",6,"Calcifier_T",-0.18,5.82,5.82470435895259
"ambiguous_dropped","all_data","Overall",0.00766667415378359,"T","T","Calcifier","ZOO_STUDY_0064","ZOO_ES_001797","ZOO_COMMON_00098",6,"Calcifier_T",-0.18,5.82,5.80308479653206
"ambiguous_dropped","all_data","Overall",0.0648525421795613,"T","T","Calcifier","ZOO_STUDY_0064","ZOO_ES_001798","ZOO_COMMON_00098",6,"Calcifier_T",-0.18,5.82,5.81527632597601
"ambiguous_dropped","all_data","Overall",0.0506230530755966,"T","T","Calcifier","ZOO_STUDY_0064","ZOO_ES_001799","ZOO_COMMON_00098",6,"Calcifier_T",-0.18,5.82,5.80694425495341
"ambiguous_dropped","all_data","Overall",-0.0030832035306343,"T","T","Calcifier","ZOO_STUDY_0064","ZOO_ES_001800","ZOO_COMMON_00098",6,"Calcifier_T",-0.18,5.82,5.82137994227698
"ambiguous_dropped","all_data","Overall",-0.0141509722415944,"T","T","Calcifier","ZOO_STUDY_0064","ZOO_ES_001801","ZOO_COMMON_00098",6,"Calcifier_T",-0.18,5.82,5.82854774005711
"ambiguous_dropped","all_data","Overall",0.0425868875675645,"T","T","Calcifier","ZOO_STUDY_0064","ZOO_ES_001802","ZOO_COMMON_00098",6,"Calcifier_T",-0.18,5.82,5.84037824850995
"ambiguous_dropped","all_data","Overall",0.03827030395244,"T","T","Calcifier","ZOO_STUDY_0064","ZOO_ES_001803","ZOO_COMMON_00098",6,"Calcifier_T",-0.18,5.82,5.81163985912455
"ambiguous_dropped","all_data","Overall",-0.00485554638266752,"T","T","Calcifier","ZOO_STUDY_0064","ZOO_ES_001804","ZOO_COMMON_00098",6,"Calcifier_T",-0.18,5.82,5.80712682496989
"ambiguous_dropped","all_data","Overall",0.149047000487532,"T","T","Calcifier","ZOO_STUDY_0156","ZOO_ES_001805","ZOO_COMMON_00265",6,"Calcifier_T",-0.18,5.82,5.81049943680875
"ambiguous_dropped","all_data","Overall",-0.18589139548018,"T","T","Calcifier","ZOO_STUDY_0156","ZOO_ES_001806","ZOO_COMMON_00265",6,"Calcifier_T",-0.18,5.82,5.80634027674561
"ambiguous_dropped","all_data","Overall",0.132602973655225,"T","T","Calcifier","ZOO_STUDY_0156","ZOO_ES_001807","ZOO_COMMON_00265",6,"Calcifier_T",-0.18,5.82,5.8011501567252
"ambiguous_dropped","all_data","Overall",-0.275629288493407,"T","T","Calcifier","ZOO_STUDY_0156","ZOO_ES_001808","ZOO_COMMON_00265",6,"Calcifier_T",-0.18,5.82,5.80838778127683
"ambiguous_dropped","all_data","Overall",0.0814736096719672,"T","T","Calcifier","ZOO_STUDY_0156","ZOO_ES_001809","ZOO_COMMON_00265",6,"Calcifier_T",-0.18,5.82,5.84118268185295
"ambiguous_dropped","all_data","Overall",-0.0843749042777345,"T","T","Calcifier","ZOO_STUDY_0156","ZOO_ES_001810","ZOO_COMMON_00265",6,"Calcifier_T",-0.18,5.82,5.79782420797739
"ambiguous_dropped","all_data","Overall",0.166309205671556,"T","T","Calcifier","ZOO_STUDY_0156","ZOO_ES_001811","ZOO_COMMON_00265",6,"Calcifier_T",-0.18,5.82,5.82007275734097
"ambiguous_dropped","all_data","Overall",-1.43642570722049,"T","T","Calcifier","ZOO_STUDY_0156","ZOO_ES_001812","ZOO_COMMON_00265",6,"Calcifier_T",-0.18,5.82,5.83468929680996
"ambiguous_dropped","all_data","Overall",-0.313757497226462,"T","T","Calcifier","ZOO_STUDY_0211","ZOO_ES_001813","ZOO_COMMON_00367",6,"Calcifier_T",-0.18,5.82,5.83689636725932
"ambiguous_dropped","all_data","Overall",0.133135744745969,"T","T","Calcifier","ZOO_STUDY_0211","ZOO_ES_001814","ZOO_COMMON_00367",6,"Calcifier_T",-0.18,5.82,5.82381368341623
"ambiguous_dropped","all_data","Overall",0.0267044608156202,"T","T","Calcifier","ZOO_STUDY_0211","ZOO_ES_001815","ZOO_COMMON_00367",6,"Calcifier_T",-0.18,5.82,5.80709250449901
"ambiguous_dropped","all_data","Overall",0.0138938574831632,"T","T","Calcifier","ZOO_STUDY_0211","ZOO_ES_001816","ZOO_COMMON_00367",6,"Calcifier_T",-0.18,5.82,5.82410311124288
"ambiguous_dropped","all_data","Overall",-1.24563712524823,"T","T","Calcifier","ZOO_STUDY_0220","ZOO_ES_001823","ZOO_COMMON_00377",6,"Calcifier_T",-0.18,5.82,5.80187577836216
"ambiguous_dropped","all_data","Overall",-0.0256074439351847,"T","T","Calcifier","ZOO_STUDY_0220","ZOO_ES_001824","ZOO_COMMON_00377",6,"Calcifier_T",-0.18,5.82,5.81913561620051
"ambiguous_dropped","all_data","Overall",-0.001689094484128,"T","T","Calcifier","ZOO_STUDY_0239","ZOO_ES_001825","ZOO_COMMON_00407",6,"Calcifier_T",-0.18,5.82,5.79968428063905
"ambiguous_dropped","all_data","Overall",-0.136493213088591,"T","T","Calcifier","ZOO_STUDY_0239","ZOO_ES_001826","ZOO_COMMON_00407",6,"Calcifier_T",-0.18,5.82,5.81024847639957
"ambiguous_dropped","all_data","Overall",0.00505458945705026,"T","T","Calcifier","ZOO_STUDY_0239","ZOO_ES_001827","ZOO_COMMON_00407",6,"Calcifier_T",-0.18,5.82,5.82883526772959
"ambiguous_dropped","all_data","Overall",-0.0375703237737968,"T","T","Calcifier","ZOO_STUDY_0239","ZOO_ES_001828","ZOO_COMMON_00407",6,"Calcifier_T",-0.18,5.82,5.80525674941484
"ambiguous_dropped","all_data","Overall",-1.78222910437736,"T","T","Calcifier","ZOO_STUDY_0247","ZOO_ES_001829","ZOO_COMMON_00420",6,"Calcifier_T",-0.18,5.82,5.81474592530169
"ambiguous_dropped","all_data","Overall",-0.127596657104708,"T","T","Calcifier","ZOO_STUDY_0247","ZOO_ES_001830","ZOO_COMMON_00420",6,"Calcifier_T",-0.18,5.82,5.83514265530277
"ambiguous_dropped","all_data","Overall",0.00305343748689047,"T","T","Calcifier","ZOO_STUDY_0247","ZOO_ES_001831","ZOO_COMMON_00420",6,"Calcifier_T",-0.18,5.82,5.80641603472643
"ambiguous_dropped","all_data","Overall",0.0129671468084248,"T","T","Calcifier","ZOO_STUDY_0269","ZOO_ES_001832","ZOO_COMMON_00448",6,"Calcifier_T",-0.18,5.82,5.79884537589271
"ambiguous_dropped","all_data","Overall",-0.255735452315674,"T","T","Calcifier","ZOO_STUDY_0269","ZOO_ES_001833","ZOO_COMMON_00448",6,"Calcifier_T",-0.18,5.82,5.83391124539077
"ambiguous_dropped","all_data","Overall",-0.68945940748076,"T","T","Calcifier","ZOO_STUDY_0269","ZOO_ES_001834","ZOO_COMMON_00448",6,"Calcifier_T",-0.18,5.82,5.82850698483409
"ambiguous_dropped","all_data","Overall",-0.0203602441420779,"T","T","Calcifier","ZOO_STUDY_0269","ZOO_ES_001835","ZOO_COMMON_00448",6,"Calcifier_T",-0.18,5.82,5.82055548368255
"ambiguous_dropped","all_data","Overall",-0.294985751291431,"T","T","Calcifier","ZOO_STUDY_0269","ZOO_ES_001836","ZOO_COMMON_00448",6,"Calcifier_T",-0.18,5.82,5.80570010301191
"ambiguous_dropped","all_data","Overall",-0.769986648539277,"T","T","Calcifier","ZOO_STUDY_0269","ZOO_ES_001837","ZOO_COMMON_00448",6,"Calcifier_T",-0.18,5.82,5.80438466493972
"ambiguous_dropped","all_data","Overall",0.388355675611314,"T","T","Calcifier","ZOO_STUDY_0269","ZOO_ES_001838","ZOO_COMMON_00448",6,"Calcifier_T",-0.18,5.82,5.82555735878879
"ambiguous_dropped","all_data","Overall",0.241001168714216,"T","T","Calcifier","ZOO_STUDY_0269","ZOO_ES_001839","ZOO_COMMON_00448",6,"Calcifier_T",-0.18,5.82,5.79693707448198
"ambiguous_dropped","all_data","Overall",0.144463241671569,"T","T","Calcifier","ZOO_STUDY_0269","ZOO_ES_001840","ZOO_COMMON_00448",6,"Calcifier_T",-0.18,5.82,5.80647202766733
"ambiguous_dropped","all_data","Overall",-0.641698618723903,"T","T","Calcifier","ZOO_STUDY_0269","ZOO_ES_001841","ZOO_COMMON_00448",6,"Calcifier_T",-0.18,5.82,5.83619689448271
"ambiguous_dropped","all_data","Overall",0.445666067253804,"T","T","Calcifier","ZOO_STUDY_0269","ZOO_ES_001842","ZOO_COMMON_00448",6,"Calcifier_T",-0.18,5.82,5.8100184124941
"ambiguous_dropped","all_data","Overall",0.52365866965397,"T","T","Calcifier","ZOO_STUDY_0269","ZOO_ES_001843","ZOO_COMMON_00448",6,"Calcifier_T",-0.18,5.82,5.79580459046876
"ambiguous_dropped","all_data","Overall",0.255432569261772,"T","T","Calcifier","ZOO_STUDY_0269","ZOO_ES_001844","ZOO_COMMON_00448",6,"Calcifier_T",-0.18,5.82,5.84307917958824
"ambiguous_dropped","all_data","Overall",-0.786972027748079,"T","T","Calcifier","ZOO_STUDY_0269","ZOO_ES_001845","ZOO_COMMON_00448",6,"Calcifier_T",-0.18,5.82,5.79938733467599
"ambiguous_dropped","all_data","Overall",-0.319362409054753,"T","T","Calcifier","ZOO_STUDY_0269","ZOO_ES_001846","ZOO_COMMON_00448",6,"Calcifier_T",-0.18,5.82,5.83240116985282
"ambiguous_dropped","all_data","Overall",-0.470912307181953,"T","T","Calcifier","ZOO_STUDY_0269","ZOO_ES_001847","ZOO_COMMON_00448",6,"Calcifier_T",-0.18,5.82,5.83680041062646
"ambiguous_dropped","all_data","Overall",-2.38885361988142,"T","T","Calcifier","ZOO_STUDY_0269","ZOO_ES_001848","ZOO_COMMON_00448",6,"Calcifier_T",-0.18,5.82,5.79579902673606
"ambiguous_dropped","all_data","Overall",0.153759571028843,"T","T","Calcifier","ZOO_STUDY_0269","ZOO_ES_001849","ZOO_COMMON_00448",6,"Calcifier_T",-0.18,5.82,5.83764307491249
"ambiguous_dropped","all_data","Overall",0.100329633791549,"T","T","Calcifier","ZOO_STUDY_0269","ZOO_ES_001850","ZOO_COMMON_00448",6,"Calcifier_T",-0.18,5.82,5.82251486325869
"ambiguous_dropped","all_data","Overall",0.0698846067817449,"T","T","Calcifier","ZOO_STUDY_0269","ZOO_ES_001851","ZOO_COMMON_00448",6,"Calcifier_T",-0.18,5.82,5.81198437042069
"ambiguous_dropped","all_data","Overall",-0.606110459203733,"T","T","Calcifier","ZOO_STUDY_0269","ZOO_ES_001852","ZOO_COMMON_00448",6,"Calcifier_T",-0.18,5.82,5.81128509359434
"ambiguous_dropped","all_data","Overall",0.0307458538799642,"T","T","Calcifier","ZOO_STUDY_0269","ZOO_ES_001853","ZOO_COMMON_00448",6,"Calcifier_T",-0.18,5.82,5.82696100560017
"ambiguous_dropped","all_data","Overall",-0.0314282749868516,"T","T","Calcifier","ZOO_STUDY_0269","ZOO_ES_001854","ZOO_COMMON_00448",6,"Calcifier_T",-0.18,5.82,5.80139236483257
"ambiguous_dropped","all_data","Overall",-0.128072091199263,"T","T","Calcifier","ZOO_STUDY_0269","ZOO_ES_001855","ZOO_COMMON_00448",6,"Calcifier_T",-0.18,5.82,5.81055605507456
"ambiguous_dropped","all_data","Overall",0.0246007677555948,"T","T","Calcifier","ZOO_STUDY_0269","ZOO_ES_001856","ZOO_COMMON_00449",6,"Calcifier_T",-0.18,5.82,5.82415413032752
"ambiguous_dropped","all_data","Overall",-0.00561011289076679,"T","T","Calcifier","ZOO_STUDY_0269","ZOO_ES_001857","ZOO_COMMON_00449",6,"Calcifier_T",-0.18,5.82,5.83295981192961
"ambiguous_dropped","all_data","Overall",-0.0744059434679108,"T","T","Calcifier","ZOO_STUDY_0269","ZOO_ES_001858","ZOO_COMMON_00449",6,"Calcifier_T",-0.18,5.82,5.82258515708847
"ambiguous_dropped","all_data","Overall",0.0292245532915308,"T","T","Calcifier","ZOO_STUDY_0269","ZOO_ES_001859","ZOO_COMMON_00449",6,"Calcifier_T",-0.18,5.82,5.82938936526654
"ambiguous_dropped","all_data","Overall",-0.0264182842890616,"T","T","Calcifier","ZOO_STUDY_0269","ZOO_ES_001860","ZOO_COMMON_00449",6,"Calcifier_T",-0.18,5.82,5.8135632168781
"ambiguous_dropped","all_data","Overall",-0.1023641267058,"T","T","Calcifier","ZOO_STUDY_0269","ZOO_ES_001861","ZOO_COMMON_00449",6,"Calcifier_T",-0.18,5.82,5.84033734284341
"ambiguous_dropped","all_data","Overall",0.210529456336247,"T","T","Calcifier","ZOO_STUDY_0275","ZOO_ES_001862","ZOO_COMMON_00456",6,"Calcifier_T",-0.18,5.82,5.84378676618682
"ambiguous_dropped","all_data","Overall",0.20595934170794,"T","T","Calcifier","ZOO_STUDY_0275","ZOO_ES_001863","ZOO_COMMON_00456",6,"Calcifier_T",-0.18,5.82,5.83330470907269
"ambiguous_dropped","all_data","Overall",0.00716476768284627,"T","T","Calcifier","ZOO_STUDY_0275","ZOO_ES_001864","ZOO_COMMON_00456",6,"Calcifier_T",-0.18,5.82,5.79561330568278
"ambiguous_dropped","all_data","Overall",-0.303337141486647,"T","T","Calcifier","ZOO_STUDY_0285","ZOO_ES_001865","ZOO_COMMON_00481",6,"Calcifier_T",-0.18,5.82,5.82113019879209
"ambiguous_dropped","all_data","Overall",-0.6548472554724,"T","T","Calcifier","ZOO_STUDY_0285","ZOO_ES_001866","ZOO_COMMON_00481",6,"Calcifier_T",-0.18,5.82,5.83495231257286
"ambiguous_dropped","all_data","Overall",0.274559537561309,"T","T","Calcifier","ZOO_STUDY_0286","ZOO_ES_001867","ZOO_COMMON_00482",6,"Calcifier_T",-0.18,5.82,5.80537277851719
"ambiguous_dropped","all_data","Overall",-1.58220476197574,"T","T","Calcifier","ZOO_STUDY_0286","ZOO_ES_001868","ZOO_COMMON_00482",6,"Calcifier_T",-0.18,5.82,5.81431408919627
"ambiguous_dropped","all_data","Overall",0.148291808207643,"T","T","Calcifier","ZOO_STUDY_0286","ZOO_ES_001869","ZOO_COMMON_00482",6,"Calcifier_T",-0.18,5.82,5.82211913894163
"ambiguous_dropped","all_data","Overall",-0.0430446196825269,"T","T","Calcifier","ZOO_STUDY_0286","ZOO_ES_001870","ZOO_COMMON_00482",6,"Calcifier_T",-0.18,5.82,5.83221265411004
"ambiguous_dropped","all_data","Overall",0.133382748997344,"T","T","Calcifier","ZOO_STUDY_0286","ZOO_ES_001871","ZOO_COMMON_00482",6,"Calcifier_T",-0.18,5.82,5.81166662158677
"ambiguous_dropped","all_data","Overall",0.34459273463672,"T","T","Calcifier","ZOO_STUDY_0286","ZOO_ES_001872","ZOO_COMMON_00482",6,"Calcifier_T",-0.18,5.82,5.81124576190952
"ambiguous_dropped","all_data","Overall",-0.0347373862291102,"T","T","Calcifier","ZOO_STUDY_0286","ZOO_ES_001873","ZOO_COMMON_00482",6,"Calcifier_T",-0.18,5.82,5.81618715184042
"ambiguous_dropped","all_data","Overall",-0.778158156802492,"T","T","Calcifier","ZOO_STUDY_0286","ZOO_ES_001874","ZOO_COMMON_00482",6,"Calcifier_T",-0.18,5.82,5.80881506745238
"ambiguous_dropped","all_data","Overall",-0.0447836026269734,"T","T","Calcifier","ZOO_STUDY_0286","ZOO_ES_001875","ZOO_COMMON_00482",6,"Calcifier_T",-0.18,5.82,5.8263045074814
"ambiguous_dropped","all_data","Overall",-0.215612026296016,"T","T","Calcifier","ZOO_STUDY_0286","ZOO_ES_001876","ZOO_COMMON_00482",6,"Calcifier_T",-0.18,5.82,5.79717989224475
"ambiguous_dropped","all_data","Overall",-0.0164106246938721,"T","T","Calcifier","ZOO_STUDY_0286","ZOO_ES_001877","ZOO_COMMON_00482",6,"Calcifier_T",-0.18,5.82,5.82532673933776
"ambiguous_dropped","all_data","Overall",-0.0882143568228558,"T","T","Calcifier","ZOO_STUDY_0286","ZOO_ES_001878","ZOO_COMMON_00482",6,"Calcifier_T",-0.18,5.82,5.81585245484486
"ambiguous_dropped","all_data","Overall",-0.00916036939866428,"T","T","Calcifier","ZOO_STUDY_0286","ZOO_ES_001879","ZOO_COMMON_00482",6,"Calcifier_T",-0.18,5.82,5.79718095112359
"ambiguous_dropped","all_data","Overall",-0.0702963693903956,"T","T","Calcifier","ZOO_STUDY_0286","ZOO_ES_001880","ZOO_COMMON_00482",6,"Calcifier_T",-0.18,5.82,5.84467038702453
"ambiguous_dropped","all_data","Overall",0.136877523096293,"T","T","Calcifier","ZOO_STUDY_0286","ZOO_ES_001881","ZOO_COMMON_00482",6,"Calcifier_T",-0.18,5.82,5.8263280520495
"ambiguous_dropped","all_data","Overall",0.184553554044341,"T","T","Calcifier","ZOO_STUDY_0286","ZOO_ES_001882","ZOO_COMMON_00482",6,"Calcifier_T",-0.18,5.82,5.83694200758357
"ambiguous_dropped","all_data","Overall",0.0723523879712276,"T","T","Calcifier","ZOO_STUDY_0291","ZOO_ES_001883","ZOO_COMMON_00489",6,"Calcifier_T",-0.18,5.82,5.81485423149308
"ambiguous_dropped","all_data","Overall",0.155708615877523,"T","T","Calcifier","ZOO_STUDY_0291","ZOO_ES_001884","ZOO_COMMON_00489",6,"Calcifier_T",-0.18,5.82,5.8426544492878
"ambiguous_dropped","all_data","Overall",0.156875477153443,"T","T","Calcifier","ZOO_STUDY_0291","ZOO_ES_001885","ZOO_COMMON_00489",6,"Calcifier_T",-0.18,5.82,5.81391988901189
"ambiguous_dropped","all_data","Overall",-0.36273497616828,"T","T","Calcifier","ZOO_STUDY_0291","ZOO_ES_001886","ZOO_COMMON_00489",6,"Calcifier_T",-0.18,5.82,5.83599475437542
"ambiguous_dropped","all_data","Overall",-0.418164781107611,"T","T","Calcifier","ZOO_STUDY_0291","ZOO_ES_001887","ZOO_COMMON_00489",6,"Calcifier_T",-0.18,5.82,5.79536132757086
"ambiguous_dropped","all_data","Overall",-0.573698108925619,"T","T","Calcifier","ZOO_STUDY_0291","ZOO_ES_001888","ZOO_COMMON_00489",6,"Calcifier_T",-0.18,5.82,5.83868713271106
"ambiguous_dropped","all_data","Overall",-0.771145594506201,"T","T","Calcifier","ZOO_STUDY_0291","ZOO_ES_001889","ZOO_COMMON_00489",6,"Calcifier_T",-0.18,5.82,5.79869719967712
"ambiguous_dropped","all_data","Overall",-4.89239760964823,"T","T","Calcifier","ZOO_STUDY_0291","ZOO_ES_001890","ZOO_COMMON_00489",6,"Calcifier_T",-0.18,5.82,5.83583521254361
"ambiguous_dropped","all_data","Overall",-0.00506539564491391,"T","T","Calcifier","ZOO_STUDY_0291","ZOO_ES_001891","ZOO_COMMON_00488",6,"Calcifier_T",-0.18,5.82,5.82430215182714
"ambiguous_dropped","all_data","Overall",-0.0104691290476699,"T","T","Calcifier","ZOO_STUDY_0291","ZOO_ES_001892","ZOO_COMMON_00488",6,"Calcifier_T",-0.18,5.82,5.82913731772453
"ambiguous_dropped","all_data","Overall",0.0206150784573838,"T","T","Calcifier","ZOO_STUDY_0291","ZOO_ES_001893","ZOO_COMMON_00488",6,"Calcifier_T",-0.18,5.82,5.83070788617944
"ambiguous_dropped","all_data","Overall",0,"T","T","Calcifier","ZOO_STUDY_0291","ZOO_ES_001894","ZOO_COMMON_00488",6,"Calcifier_T",-0.18,5.82,5.80900526392972
"ambiguous_dropped","all_data","Overall",0.0155517765008369,"T","T","Calcifier","ZOO_STUDY_0291","ZOO_ES_001895","ZOO_COMMON_00488",6,"Calcifier_T",-0.18,5.82,5.82867567791138
"ambiguous_dropped","all_data","Overall",0.0204130378465337,"T","T","Calcifier","ZOO_STUDY_0291","ZOO_ES_001896","ZOO_COMMON_00488",6,"Calcifier_T",-0.18,5.82,5.80985196892172
"ambiguous_dropped","all_data","Overall",0.0205140632545097,"T","T","Calcifier","ZOO_STUDY_0291","ZOO_ES_001897","ZOO_COMMON_00488",6,"Calcifier_T",-0.18,5.82,5.82355228873668
"ambiguous_dropped","all_data","Overall",0.0257533699498646,"T","T","Calcifier","ZOO_STUDY_0291","ZOO_ES_001898","ZOO_COMMON_00488",6,"Calcifier_T",-0.18,5.82,5.79773530906998
"ambiguous_dropped","all_data","Overall",0.383222747947829,"T","T","Calcifier","ZOO_STUDY_0291","ZOO_ES_001899","ZOO_COMMON_00489",6,"Calcifier_T",-0.18,5.82,5.81238042084035
"ambiguous_dropped","all_data","Overall",0.48718567726719,"T","T","Calcifier","ZOO_STUDY_0291","ZOO_ES_001900","ZOO_COMMON_00489",6,"Calcifier_T",-0.18,5.82,5.81988395421533
"ambiguous_dropped","all_data","Overall",0.802407348985791,"T","T","Calcifier","ZOO_STUDY_0291","ZOO_ES_001901","ZOO_COMMON_00489",6,"Calcifier_T",-0.18,5.82,5.82158444923582
"ambiguous_dropped","all_data","Overall",0.722950920955831,"T","T","Calcifier","ZOO_STUDY_0291","ZOO_ES_001902","ZOO_COMMON_00489",6,"Calcifier_T",-0.18,5.82,5.83578841886949
"ambiguous_dropped","all_data","Overall",0.98890038935127,"T","T","Calcifier","ZOO_STUDY_0291","ZOO_ES_001903","ZOO_COMMON_00489",6,"Calcifier_T",-0.18,5.82,5.82051632332616
"ambiguous_dropped","all_data","Overall",0.917916443480881,"T","T","Calcifier","ZOO_STUDY_0291","ZOO_ES_001904","ZOO_COMMON_00489",6,"Calcifier_T",-0.18,5.82,5.8374472900806
"ambiguous_dropped","all_data","Overall",-0.0175443096509095,"T","T","Calcifier","ZOO_STUDY_0320","ZOO_ES_001906","ZOO_COMMON_00545",6,"Calcifier_T",-0.18,5.82,5.82470964316046
"ambiguous_dropped","all_data","Overall",-0.234572247137833,"T","T","Calcifier","ZOO_STUDY_0320","ZOO_ES_001907","ZOO_COMMON_00545",6,"Calcifier_T",-0.18,5.82,5.82189476456726
"ambiguous_dropped","all_data","Overall",0.0471467784257021,"T","T","Calcifier","ZOO_STUDY_0320","ZOO_ES_001908","ZOO_COMMON_00545",6,"Calcifier_T",-0.18,5.82,5.82635202067206
"ambiguous_dropped","all_data","Overall",0.00941412568693707,"T","T","Calcifier","ZOO_STUDY_0332","ZOO_ES_001909","ZOO_COMMON_00565",6,"Calcifier_T",-0.18,5.82,5.80959869047394
"ambiguous_dropped","all_data","Overall",0.0807950965435794,"T","T","Calcifier","ZOO_STUDY_0332","ZOO_ES_001910","ZOO_COMMON_00565",6,"Calcifier_T",-0.18,5.82,5.82336195691489
"ambiguous_dropped","all_data","Overall",-0.483267990773302,"T","T","Calcifier","ZOO_STUDY_0332","ZOO_ES_001911","ZOO_COMMON_00565",6,"Calcifier_T",-0.18,5.82,5.84497499912279
"ambiguous_dropped","all_data","Overall",0.0138150524870513,"T","T","Calcifier","ZOO_STUDY_0332","ZOO_ES_001912","ZOO_COMMON_00565",6,"Calcifier_T",-0.18,5.82,5.84102269842289
"ambiguous_dropped","all_data","Overall",-0.0176037044182481,"T","T","Calcifier","ZOO_STUDY_0332","ZOO_ES_001913","ZOO_COMMON_00565",6,"Calcifier_T",-0.18,5.82,5.83346715969266
"ambiguous_dropped","all_data","Overall",-0.0501700052792755,"T","T","Calcifier","ZOO_STUDY_0332","ZOO_ES_001914","ZOO_COMMON_00565",6,"Calcifier_T",-0.18,5.82,5.83718663558131
"ambiguous_dropped","all_data","Overall",-0.673885409252697,"T","T","Calcifier","ZOO_STUDY_0343","ZOO_ES_001915","ZOO_COMMON_00585",6,"Calcifier_T",-0.18,5.82,5.84111399342539
"ambiguous_dropped","all_data","Overall",-1.27528644316245,"T","T","Calcifier","ZOO_STUDY_0343","ZOO_ES_001916","ZOO_COMMON_00585",6,"Calcifier_T",-0.18,5.82,5.82503950683633
"ambiguous_dropped","all_data","Overall",-0.510825623765991,"T","T","Calcifier","ZOO_STUDY_0343","ZOO_ES_001917","ZOO_COMMON_00585",6,"Calcifier_T",-0.18,5.82,5.81339009640971
"ambiguous_dropped","all_data","Overall",-0.957533690408204,"T","T","Calcifier","ZOO_STUDY_0343","ZOO_ES_001918","ZOO_COMMON_00585",6,"Calcifier_T",-0.18,5.82,5.83235017504077
"ambiguous_dropped","all_data","Overall",-0.226036729917961,"T","T","Calcifier","ZOO_STUDY_0343","ZOO_ES_001919","ZOO_COMMON_00585",6,"Calcifier_T",-0.18,5.82,5.81924303696025
"ambiguous_dropped","all_data","Overall",-0.204548172208572,"T","T","Calcifier","ZOO_STUDY_0343","ZOO_ES_001920","ZOO_COMMON_00584",6,"Calcifier_T",-0.18,5.82,5.79524054112146
"ambiguous_dropped","all_data","Overall",-0.756359734652413,"T","T","Calcifier","ZOO_STUDY_0343","ZOO_ES_001921","ZOO_COMMON_00584",6,"Calcifier_T",-0.18,5.82,5.82865712228697
"ambiguous_dropped","all_data","Overall",-0.0459488093400321,"T","T","Calcifier","ZOO_STUDY_0343","ZOO_ES_001922","ZOO_COMMON_00585",6,"Calcifier_T",-0.18,5.82,5.81518237892771
"ambiguous_dropped","all_data","Overall",-0.102308024246768,"T","T","Calcifier","ZOO_STUDY_0343","ZOO_ES_001923","ZOO_COMMON_00585",6,"Calcifier_T",-0.18,5.82,5.84265910173301
"ambiguous_dropped","all_data","Overall",0.121889817609037,"T","T","Calcifier","ZOO_STUDY_0382","ZOO_ES_001924","ZOO_COMMON_00640",6,"Calcifier_T",-0.18,5.82,5.80171857097186
"ambiguous_dropped","all_data","Overall",0.188900527891997,"T","T","Calcifier","ZOO_STUDY_0382","ZOO_ES_001925","ZOO_COMMON_00640",6,"Calcifier_T",-0.18,5.82,5.81388599727536
"ambiguous_dropped","all_data","Overall",0.0911613456765164,"T","T","Calcifier","ZOO_STUDY_0382","ZOO_ES_001926","ZOO_COMMON_00640",6,"Calcifier_T",-0.18,5.82,5.83999285164056
"ambiguous_dropped","all_data","Overall",-0.104699000764653,"T","T","Calcifier","ZOO_STUDY_0382","ZOO_ES_001927","ZOO_COMMON_00641",6,"Calcifier_T",-0.18,5.82,5.83516705049435
"ambiguous_dropped","all_data","Overall",-0.0323629758996018,"T","T","Calcifier","ZOO_STUDY_0382","ZOO_ES_001928","ZOO_COMMON_00641",6,"Calcifier_T",-0.18,5.82,5.82032136719674
"ambiguous_dropped","all_data","Overall",-0.0708335749910732,"T","T","Calcifier","ZOO_STUDY_0382","ZOO_ES_001929","ZOO_COMMON_00641",6,"Calcifier_T",-0.18,5.82,5.79590468679555
"ambiguous_dropped","all_data","Overall",-0.101351494160778,"T","T","Calcifier","ZOO_STUDY_0382","ZOO_ES_001930","ZOO_COMMON_00641",6,"Calcifier_T",-0.18,5.82,5.80751365659991
"ambiguous_dropped","all_data","Overall",-0.172863261999839,"T","T","Calcifier","ZOO_STUDY_0382","ZOO_ES_001931","ZOO_COMMON_00641",6,"Calcifier_T",-0.18,5.82,5.81029940748587
"ambiguous_dropped","all_data","Overall",-0.0487282700702159,"T","T","Calcifier","ZOO_STUDY_0382","ZOO_ES_001932","ZOO_COMMON_00641",6,"Calcifier_T",-0.18,5.82,5.82808620199095
"ambiguous_dropped","all_data","Overall",-0.0236958035909246,"T","T","Calcifier","ZOO_STUDY_0405","ZOO_ES_001933","ZOO_COMMON_00680",6,"Calcifier_T",-0.18,5.82,5.79990884995088
"ambiguous_dropped","all_data","Overall",-0.708075167986997,"T","T","Calcifier","ZOO_STUDY_0405","ZOO_ES_001934","ZOO_COMMON_00680",6,"Calcifier_T",-0.18,5.82,5.84326452254783
"ambiguous_dropped","all_data","Overall",-0.00937995412981545,"T","T","Calcifier","ZOO_STUDY_0420","ZOO_ES_001935","ZOO_COMMON_00711",6,"Calcifier_T",-0.18,5.82,5.83836118289502
"ambiguous_dropped","all_data","Overall",-0.00520021972710738,"T","T","Calcifier","ZOO_STUDY_0420","ZOO_ES_001936","ZOO_COMMON_00711",6,"Calcifier_T",-0.18,5.82,5.80924312855816
"ambiguous_dropped","all_data","Overall",-0.010427623162259,"T","T","Calcifier","ZOO_STUDY_0420","ZOO_ES_001937","ZOO_COMMON_00711",6,"Calcifier_T",-0.18,5.82,5.81673436189769
"ambiguous_dropped","all_data","Overall",0.0102987522005745,"T","T","Calcifier","ZOO_STUDY_0420","ZOO_ES_001938","ZOO_COMMON_00707",6,"Calcifier_T",-0.18,5.82,5.81204745210009
"ambiguous_dropped","all_data","Overall",-0.636794244008814,"T","T","Calcifier","ZOO_STUDY_0420","ZOO_ES_001939","ZOO_COMMON_00707",6,"Calcifier_T",-0.18,5.82,5.81240649875719
"ambiguous_dropped","all_data","Overall",-5.08140436498446,"T","T","Calcifier","ZOO_STUDY_0420","ZOO_ES_001940","ZOO_COMMON_00707",6,"Calcifier_T",-0.18,5.82,5.81020866090432
"ambiguous_dropped","all_data","Overall",-0.0125001627642314,"T","T","Calcifier","ZOO_STUDY_0420","ZOO_ES_001941","ZOO_COMMON_00708",6,"Calcifier_T",-0.18,5.82,5.84072579840897
"ambiguous_dropped","all_data","Overall",-1.28217685370166,"T","T","Calcifier","ZOO_STUDY_0420","ZOO_ES_001942","ZOO_COMMON_00708",6,"Calcifier_T",-0.18,5.82,5.80917894256301
"ambiguous_dropped","all_data","Overall",-4.38825718442452,"T","T","Calcifier","ZOO_STUDY_0420","ZOO_ES_001943","ZOO_COMMON_00708",6,"Calcifier_T",-0.18,5.82,5.83839236594969
"ambiguous_dropped","all_data","Overall",0.00205338881184223,"T","T","Calcifier","ZOO_STUDY_0420","ZOO_ES_001944","ZOO_COMMON_00712",6,"Calcifier_T",-0.18,5.82,5.83583456473891
"ambiguous_dropped","all_data","Overall",-0.0669394826751093,"T","T","Calcifier","ZOO_STUDY_0420","ZOO_ES_001945","ZOO_COMMON_00712",6,"Calcifier_T",-0.18,5.82,5.80422935617855
"ambiguous_dropped","all_data","Overall",-1.49588901939692,"T","T","Calcifier","ZOO_STUDY_0420","ZOO_ES_001946","ZOO_COMMON_00712",6,"Calcifier_T",-0.18,5.82,5.80636132382089
"ambiguous_dropped","all_data","Overall",-0.00927363678532921,"T","T","Calcifier","ZOO_STUDY_0420","ZOO_ES_001947","ZOO_COMMON_00706",6,"Calcifier_T",-0.18,5.82,5.82828129185829
"ambiguous_dropped","all_data","Overall",-1.01880629539975,"T","T","Calcifier","ZOO_STUDY_0420","ZOO_ES_001948","ZOO_COMMON_00706",6,"Calcifier_T",-0.18,5.82,5.81840396273648
"ambiguous_dropped","all_data","Overall",-0.0406517672664609,"T","T","Calcifier","ZOO_STUDY_0420","ZOO_ES_001949","ZOO_COMMON_00712",6,"Calcifier_T",-0.18,5.82,5.80048200319754
"ambiguous_dropped","all_data","Overall",-1.17610462515564,"T","T","Calcifier","ZOO_STUDY_0420","ZOO_ES_001950","ZOO_COMMON_00712",6,"Calcifier_T",-0.18,5.82,5.80228241488105
"ambiguous_dropped","all_data","Overall",-0.0122826518558417,"T","T","Calcifier","ZOO_STUDY_0420","ZOO_ES_001951","ZOO_COMMON_00711",6,"Calcifier_T",-0.18,5.82,5.81085871666903
"ambiguous_dropped","all_data","Overall",-0.0618970485054823,"T","T","Calcifier","ZOO_STUDY_0420","ZOO_ES_001952","ZOO_COMMON_00711",6,"Calcifier_T",-0.18,5.82,5.82536014991812
"ambiguous_dropped","all_data","Overall",-2.90162507358289,"T","T","Calcifier","ZOO_STUDY_0420","ZOO_ES_001953","ZOO_COMMON_00711",6,"Calcifier_T",-0.18,5.82,5.84235076311044
"ambiguous_dropped","all_data","Overall",-0.00100553050201865,"T","T","Calcifier","ZOO_STUDY_0420","ZOO_ES_001954","ZOO_COMMON_00710",6,"Calcifier_T",-0.18,5.82,5.81612930847798
"ambiguous_dropped","all_data","Overall",-0.00604840553588059,"T","T","Calcifier","ZOO_STUDY_0420","ZOO_ES_001955","ZOO_COMMON_00710",6,"Calcifier_T",-0.18,5.82,5.84132442892762
"ambiguous_dropped","all_data","Overall",-3.34739467566918,"T","T","Calcifier","ZOO_STUDY_0420","ZOO_ES_001956","ZOO_COMMON_00710",6,"Calcifier_T",-0.18,5.82,5.79998205468757
"ambiguous_dropped","all_data","Overall",-0.093408182133985,"T","T","Calcifier","ZOO_STUDY_0420","ZOO_ES_001957","ZOO_COMMON_00706",6,"Calcifier_T",-0.18,5.82,5.83831444795243
"ambiguous_dropped","all_data","Overall",-0.351819872285653,"T","T","Calcifier","ZOO_STUDY_0420","ZOO_ES_001958","ZOO_COMMON_00706",6,"Calcifier_T",-0.18,5.82,5.80802441152511
"ambiguous_dropped","all_data","Overall",-1.61244845158697,"T","T","Calcifier","ZOO_STUDY_0420","ZOO_ES_001959","ZOO_COMMON_00706",6,"Calcifier_T",-0.18,5.82,5.80920161996502
"ambiguous_dropped","all_data","Overall",-0.00301053915287115,"T","T","Calcifier","ZOO_STUDY_0420","ZOO_ES_001960","ZOO_COMMON_00709",6,"Calcifier_T",-0.18,5.82,5.80329290038673
"ambiguous_dropped","all_data","Overall",-0.00301053915287115,"T","T","Calcifier","ZOO_STUDY_0420","ZOO_ES_001961","ZOO_COMMON_00709",6,"Calcifier_T",-0.18,5.82,5.79649783140514
"ambiguous_dropped","all_data","Overall",-0.0212666242686812,"T","T","Calcifier","ZOO_STUDY_0420","ZOO_ES_001962","ZOO_COMMON_00709",6,"Calcifier_T",-0.18,5.82,5.79990593207069
"ambiguous_dropped","all_data","Overall",0.225058649250309,"T","T","Calcifier","ZOO_STUDY_0435","ZOO_ES_001963","ZOO_COMMON_00740",6,"Calcifier_T",-0.18,5.82,5.80099288758822
"ambiguous_dropped","all_data","Overall",0.235211020714327,"T","T","Calcifier","ZOO_STUDY_0435","ZOO_ES_001964","ZOO_COMMON_00740",6,"Calcifier_T",-0.18,5.82,5.80470750547713
"ambiguous_dropped","all_data","Overall",-1.51209668594289,"T","T","Calcifier","ZOO_STUDY_0435","ZOO_ES_001965","ZOO_COMMON_00740",6,"Calcifier_T",-0.18,5.82,5.83647962984862
"ambiguous_dropped","all_data","Overall",0.729866732136167,"T","T","Calcifier","ZOO_STUDY_0435","ZOO_ES_001966","ZOO_COMMON_00740",6,"Calcifier_T",-0.18,5.82,5.7957657130016
"ambiguous_dropped","all_data","Overall",0.7883278210921,"T","T","Calcifier","ZOO_STUDY_0435","ZOO_ES_001967","ZOO_COMMON_00740",6,"Calcifier_T",-0.18,5.82,5.81428454536246
"ambiguous_dropped","all_data","Overall",-3.6914950780044,"T","T","Calcifier","ZOO_STUDY_0435","ZOO_ES_001968","ZOO_COMMON_00740",6,"Calcifier_T",-0.18,5.82,5.84071780049009
"ambiguous_dropped","all_data","Overall",-2.21916348485497,"T","T","Calcifier","ZOO_STUDY_0435","ZOO_ES_001969","ZOO_COMMON_00740",6,"Calcifier_T",-0.18,5.82,5.7957642832119
"ambiguous_dropped","all_data","Overall",1.46916192942898,"T","T","Calcifier","ZOO_STUDY_0456","ZOO_ES_001970","ZOO_COMMON_00766",6,"Calcifier_T",-0.18,5.82,5.81048255006783
"ambiguous_dropped","all_data","Overall",-0.213738340049047,"T","T","Calcifier","ZOO_STUDY_0456","ZOO_ES_001971","ZOO_COMMON_00766",6,"Calcifier_T",-0.18,5.82,5.81642513446743
"ambiguous_dropped","all_data","Overall",-0.22314355131421,"T","T","Calcifier","ZOO_STUDY_0478","ZOO_ES_001974","ZOO_COMMON_00813",6,"Calcifier_T",-0.18,5.82,5.82310655328212
"ambiguous_dropped","all_data","Overall",-0.287900389230292,"T","T","Calcifier","ZOO_STUDY_0478","ZOO_ES_001975","ZOO_COMMON_00813",6,"Calcifier_T",-0.18,5.82,5.8410382733494
"ambiguous_dropped","all_data","Overall",0.0262291505238311,"T","T","Calcifier","ZOO_STUDY_0478","ZOO_ES_001976","ZOO_COMMON_00813",6,"Calcifier_T",-0.18,5.82,5.82084612095961
"ambiguous_dropped","all_data","Overall",-0.11182810525597,"T","T","Calcifier","ZOO_STUDY_0478","ZOO_ES_001977","ZOO_COMMON_00813",6,"Calcifier_T",-0.18,5.82,5.83200199848972
"ambiguous_dropped","all_data","Overall",-0.0590487675954489,"T","T","Calcifier","ZOO_STUDY_0478","ZOO_ES_001978","ZOO_COMMON_00813",6,"Calcifier_T",-0.18,5.82,5.82589230712503
"ambiguous_dropped","all_data","Overall",0.00441873417550953,"T","T","Calcifier","ZOO_STUDY_0478","ZOO_ES_001979","ZOO_COMMON_00813",6,"Calcifier_T",-0.18,5.82,5.80528747548116
"ambiguous_dropped","all_data","Overall",-0.183455700951816,"T","T","Calcifier","ZOO_STUDY_0478","ZOO_ES_001980","ZOO_COMMON_00813",6,"Calcifier_T",-0.18,5.82,5.82043445203919
"ambiguous_dropped","all_data","Overall",0.8754687373539,"T","T","Calcifier","ZOO_STUDY_0483","ZOO_ES_001981","ZOO_COMMON_00820",6,"Calcifier_T",-0.18,5.82,5.79805311739212
"ambiguous_dropped","all_data","Overall",1.5773495978826,"T","T","Calcifier","ZOO_STUDY_0483","ZOO_ES_001982","ZOO_COMMON_00820",6,"Calcifier_T",-0.18,5.82,5.83372510639485
"ambiguous_dropped","all_data","Overall",-0.110133794410484,"T","T","Calcifier","ZOO_STUDY_0483","ZOO_ES_001983","ZOO_COMMON_00820",6,"Calcifier_T",-0.18,5.82,5.80521234319778
"ambiguous_dropped","all_data","Overall",0.226566258591712,"T","T","Calcifier","ZOO_STUDY_0483","ZOO_ES_001984","ZOO_COMMON_00820",6,"Calcifier_T",-0.18,5.82,5.83785367972916
"ambiguous_dropped","all_data","Overall",-0.0310905870700311,"TpH","T + pH","Calcifier","ZOO_STUDY_0429","ZOO_ES_001987","ZOO_COMMON_00726",6,"Calcifier_T + pH",-0.06,5.94,5.94068859077292
"ambiguous_dropped","all_data","Overall",-0.0416726964005681,"T","T","Calcifier","ZOO_STUDY_0429","ZOO_ES_001988","ZOO_COMMON_00726",6,"Calcifier_T",-0.18,5.82,5.80758106736932
"ambiguous_dropped","all_data","Overall",-0.101782694309942,"T","T","Calcifier","ZOO_STUDY_0429","ZOO_ES_001989","ZOO_COMMON_00724",6,"Calcifier_T",-0.18,5.82,5.83563747234177
"ambiguous_dropped","all_data","Overall",-1.67397643357167,"pH","pH","Calcifier","ZOO_STUDY_0015","ZOO_ES_001990","ZOO_COMMON_00023",6,"Calcifier_pH",-0.3,5.7,5.67835012788419
"ambiguous_dropped","all_data","Overall",-0.00938974034983903,"pH","pH","Calcifier","ZOO_STUDY_0117","ZOO_ES_001993","ZOO_COMMON_00202",6,"Calcifier_pH",-0.3,5.7,5.67630967394216
"ambiguous_dropped","all_data","Overall",0,"pH","pH","Calcifier","ZOO_STUDY_0117","ZOO_ES_001994","ZOO_COMMON_00203",6,"Calcifier_pH",-0.3,5.7,5.70481281561079
"ambiguous_dropped","all_data","Overall",0.0295588022415444,"pH","pH","Calcifier","ZOO_STUDY_0117","ZOO_ES_001995","ZOO_COMMON_00204",6,"Calcifier_pH",-0.3,5.7,5.71734468832146
"ambiguous_dropped","all_data","Overall",-0.0294138852062933,"pH","pH","Calcifier","ZOO_STUDY_0117","ZOO_ES_001996","ZOO_COMMON_00201",6,"Calcifier_pH",-0.3,5.7,5.69761995807057
"ambiguous_dropped","all_data","Overall",0.00798407434822055,"pH","pH","Calcifier","ZOO_STUDY_0117","ZOO_ES_001997","ZOO_COMMON_00205",6,"Calcifier_pH",-0.3,5.7,5.70010886553209
"ambiguous_dropped","all_data","Overall",-0.325422400434628,"pH","pH","Calcifier","ZOO_STUDY_0119","ZOO_ES_002000","ZOO_COMMON_00207",6,"Calcifier_pH",-0.3,5.7,5.68548298036912
"ambiguous_dropped","all_data","Overall",0.829279354884525,"T","T","Calcifier","ZOO_STUDY_0119","ZOO_ES_002001","ZOO_COMMON_00208",6,"Calcifier_T",-0.18,5.82,5.83077930951724
"ambiguous_dropped","all_data","Overall",0.0277795641070757,"TpH","T + pH","Calcifier","ZOO_STUDY_0119","ZOO_ES_002007","ZOO_COMMON_00208",6,"Calcifier_T + pH",-0.06,5.94,5.94181900267489
"ambiguous_dropped","all_data","Overall",0.00417537141048059,"pH","pH","Calcifier","ZOO_STUDY_0119","ZOO_ES_002008","ZOO_COMMON_00207",6,"Calcifier_pH",-0.3,5.7,5.67745697143255
"ambiguous_dropped","all_data","Overall",0,"T","T","Calcifier","ZOO_STUDY_0119","ZOO_ES_002009","ZOO_COMMON_00208",6,"Calcifier_T",-0.18,5.82,5.83613574401708
"ambiguous_dropped","all_data","Overall",-0.304776505811081,"pH","pH","Calcifier","ZOO_STUDY_0119","ZOO_ES_002010","ZOO_COMMON_00207",6,"Calcifier_pH",-0.3,5.7,5.68762482326711
"ambiguous_dropped","all_data","Overall",-1.09861228866811,"T","T","Calcifier","ZOO_STUDY_0119","ZOO_ES_002011","ZOO_COMMON_00208",6,"Calcifier_T",-0.18,5.82,5.82107244669925
"ambiguous_dropped","all_data","Overall",-1.56861591791385,"TpH","T + pH","Calcifier","ZOO_STUDY_0119","ZOO_ES_002012","ZOO_COMMON_00208",6,"Calcifier_T + pH",-0.06,5.94,5.93134960501688
"ambiguous_dropped","all_data","Overall",-0.0168071183163813,"pH","pH","Calcifier","ZOO_STUDY_0153","ZOO_ES_002016","ZOO_COMMON_00260",6,"Calcifier_pH",-0.3,5.7,5.68051844206639
"ambiguous_dropped","all_data","Overall",0,"pH","pH","Calcifier","ZOO_STUDY_0153","ZOO_ES_002017","ZOO_COMMON_00261",6,"Calcifier_pH",-0.3,5.7,5.71758660854539
"ambiguous_dropped","all_data","Overall",0.00803217169726425,"pH","pH","Calcifier","ZOO_STUDY_0153","ZOO_ES_002018","ZOO_COMMON_00259",6,"Calcifier_pH",-0.3,5.7,5.706232001842
"ambiguous_dropped","all_data","Overall",-0.0645385211375712,"pH","pH","Calcifier","ZOO_STUDY_0153","ZOO_ES_002019","ZOO_COMMON_00260",6,"Calcifier_pH",-0.3,5.7,5.71740330118919
"ambiguous_dropped","all_data","Overall",-0.133531392624523,"pH","pH","Calcifier","ZOO_STUDY_0153","ZOO_ES_002020","ZOO_COMMON_00259",6,"Calcifier_pH",-0.3,5.7,5.68130059057148
"ambiguous_dropped","all_data","Overall",-0.22314355131421,"pH","pH","Calcifier","ZOO_STUDY_0153","ZOO_ES_002021","ZOO_COMMON_00261",6,"Calcifier_pH",-0.3,5.7,5.70841258063447
"ambiguous_dropped","all_data","Overall",-0.284104251103897,"TpH","T + pH","Calcifier","ZOO_STUDY_0429","ZOO_ES_002022","ZOO_COMMON_00724",6,"Calcifier_T + pH",-0.06,5.94,5.94539665152319
"ambiguous_dropped","all_data","Overall",-0.0621374189913339,"pH","pH","Calcifier","ZOO_STUDY_0189","ZOO_ES_002023","ZOO_COMMON_00330",6,"Calcifier_pH",-0.3,5.7,5.72228331787046
"ambiguous_dropped","all_data","Overall",-0.0335376837557201,"pH","pH","Calcifier","ZOO_STUDY_0189","ZOO_ES_002024","ZOO_COMMON_00331",6,"Calcifier_pH",-0.3,5.7,5.70403122144053
"ambiguous_dropped","all_data","Overall",-0.18244602004634,"pH","pH","Calcifier","ZOO_STUDY_0189","ZOO_ES_002025","ZOO_COMMON_00330",6,"Calcifier_pH",-0.3,5.7,5.69015664265025
"ambiguous_dropped","all_data","Overall",-0.274698891626808,"pH","pH","Calcifier","ZOO_STUDY_0189","ZOO_ES_002026","ZOO_COMMON_00331",6,"Calcifier_pH",-0.3,5.7,5.72173895686865
"ambiguous_dropped","all_data","Overall",0.757423062168758,"pH","pH","Calcifier","ZOO_STUDY_0200","ZOO_ES_002027","ZOO_COMMON_00353",6,"Calcifier_pH",-0.3,5.7,5.71721796811326
"ambiguous_dropped","all_data","Overall",0.398155545059451,"pH","pH","Calcifier","ZOO_STUDY_0200","ZOO_ES_002028","ZOO_COMMON_00353",6,"Calcifier_pH",-0.3,5.7,5.69622866774444
"ambiguous_dropped","all_data","Overall",0.0350913198112702,"pH","pH","Calcifier","ZOO_STUDY_0200","ZOO_ES_002029","ZOO_COMMON_00352",6,"Calcifier_pH",-0.3,5.7,5.69928325426299
"ambiguous_dropped","all_data","Overall",0.0578195708888262,"pH","pH","Calcifier","ZOO_STUDY_0200","ZOO_ES_002030","ZOO_COMMON_00352",6,"Calcifier_pH",-0.3,5.7,5.71342600759817
"ambiguous_dropped","all_data","Overall",0.054658412537864,"pH","pH","Calcifier","ZOO_STUDY_0207","ZOO_ES_002031","ZOO_COMMON_00361",6,"Calcifier_pH",-0.3,5.7,5.6876138409134
"ambiguous_dropped","all_data","Overall",-0.0483965408618502,"pH","pH","Calcifier","ZOO_STUDY_0207","ZOO_ES_002032","ZOO_COMMON_00360",6,"Calcifier_pH",-0.3,5.7,5.71560199807864
"ambiguous_dropped","all_data","Overall",-0.582723362945572,"pH","pH","Calcifier","ZOO_STUDY_0255","ZOO_ES_002033","ZOO_COMMON_00431",6,"Calcifier_pH",-0.3,5.7,5.71610477040522
"ambiguous_dropped","all_data","Overall",-0.128617377822093,"pH","pH","Calcifier","ZOO_STUDY_0267","ZOO_ES_002034","ZOO_COMMON_00446",6,"Calcifier_pH",-0.3,5.7,5.69586685207905
"ambiguous_dropped","all_data","Overall",-0.678758443107846,"pH","pH","Calcifier","ZOO_STUDY_0267","ZOO_ES_002035","ZOO_COMMON_00446",6,"Calcifier_pH",-0.3,5.7,5.72081879726611
"ambiguous_dropped","all_data","Overall",0.0339015516756814,"pH","pH","Calcifier","ZOO_STUDY_0293","ZOO_ES_002036","ZOO_COMMON_00492",6,"Calcifier_pH",-0.3,5.7,5.67854378365446
"ambiguous_dropped","all_data","Overall",-0.217412876605225,"pH","pH","Calcifier","ZOO_STUDY_0293","ZOO_ES_002037","ZOO_COMMON_00493",6,"Calcifier_pH",-0.3,5.7,5.71550480424194
"ambiguous_dropped","all_data","Overall",-0.182321556793955,"pH","pH","Calcifier","ZOO_STUDY_0309","ZOO_ES_002038","ZOO_COMMON_00530",6,"Calcifier_pH",-0.3,5.7,5.69929522356251
"ambiguous_dropped","all_data","Overall",-0.312374685042152,"T","T","Calcifier","ZOO_STUDY_0310","ZOO_ES_002039","ZOO_COMMON_00531",6,"Calcifier_T",-0.18,5.82,5.81026173625607
"ambiguous_dropped","all_data","Overall",-0.769133087537867,"TpH","T + pH","Calcifier","ZOO_STUDY_0310","ZOO_ES_002040","ZOO_COMMON_00531",6,"Calcifier_T + pH",-0.06,5.94,5.9458936916641
"ambiguous_dropped","all_data","Overall",-0.133531392624523,"pH","pH","Calcifier","ZOO_STUDY_0310","ZOO_ES_002042","ZOO_COMMON_00531",6,"Calcifier_pH",-0.3,5.7,5.69096266854322
"ambiguous_dropped","all_data","Overall",-1.75785791755237,"T","T","Calcifier","ZOO_STUDY_0310","ZOO_ES_002043","ZOO_COMMON_00531",6,"Calcifier_T",-0.18,5.82,5.82761684068712
"ambiguous_dropped","all_data","Overall",-0.728238500371215,"TpH","T + pH","Calcifier","ZOO_STUDY_0310","ZOO_ES_002044","ZOO_COMMON_00531",6,"Calcifier_T + pH",-0.06,5.94,5.96079241531901
"ambiguous_dropped","all_data","Overall",-0.108213584640233,"pH","pH","Calcifier","ZOO_STUDY_0321","ZOO_ES_002052","ZOO_COMMON_00547",6,"Calcifier_pH",-0.3,5.7,5.70345395156182
"ambiguous_dropped","all_data","Overall",0.567984037605939,"pH","pH","Calcifier","ZOO_STUDY_0360","ZOO_ES_002053","ZOO_COMMON_00608",6,"Calcifier_pH",-0.3,5.7,5.70689453529194
"ambiguous_dropped","all_data","Overall",0.498991166118988,"pH","pH","Calcifier","ZOO_STUDY_0360","ZOO_ES_002054","ZOO_COMMON_00606",6,"Calcifier_pH",-0.3,5.7,5.69580349903554
"ambiguous_dropped","all_data","Overall",-0.898591154774754,"pH","pH","Calcifier","ZOO_STUDY_0360","ZOO_ES_002056","ZOO_COMMON_00607",6,"Calcifier_pH",-0.3,5.7,5.71483050755924
"ambiguous_dropped","all_data","Overall",0.011560822401076,"pH","pH","Calcifier","ZOO_STUDY_0400","ZOO_ES_002059","ZOO_COMMON_00672",6,"Calcifier_pH",-0.3,5.7,5.71811380970757
"ambiguous_dropped","all_data","Overall",0.154150679827258,"pH","pH","Calcifier","ZOO_STUDY_0400","ZOO_ES_002060","ZOO_COMMON_00673",6,"Calcifier_pH",-0.3,5.7,5.69337085610023
"ambiguous_dropped","all_data","Overall",-0.249654676862542,"pH","pH","Calcifier","ZOO_STUDY_0400","ZOO_ES_002061","ZOO_COMMON_00672",6,"Calcifier_pH",-0.3,5.7,5.69939692848129
"ambiguous_dropped","all_data","Overall",0.117783035656384,"pH","pH","Calcifier","ZOO_STUDY_0400","ZOO_ES_002062","ZOO_COMMON_00673",6,"Calcifier_pH",-0.3,5.7,5.7198175936006
"ambiguous_dropped","all_data","Overall",0.362905493689368,"pH","pH","Calcifier","ZOO_STUDY_0400","ZOO_ES_002063","ZOO_COMMON_00673",6,"Calcifier_pH",-0.3,5.7,5.69819114248967
"ambiguous_dropped","all_data","Overall",0.117783035656383,"pH","pH","Calcifier","ZOO_STUDY_0400","ZOO_ES_002064","ZOO_COMMON_00673",6,"Calcifier_pH",-0.3,5.7,5.68546639995184
"ambiguous_dropped","all_data","Overall",-0.233614851181505,"pH","pH","Calcifier","ZOO_STUDY_0400","ZOO_ES_002065","ZOO_COMMON_00672",6,"Calcifier_pH",-0.3,5.7,5.7088128147996
"ambiguous_dropped","all_data","Overall",-0.405465108108164,"pH","pH","Calcifier","ZOO_STUDY_0400","ZOO_ES_002066","ZOO_COMMON_00672",6,"Calcifier_pH",-0.3,5.7,5.71170649070991
"ambiguous_dropped","all_data","Overall",-0.0709517359722844,"pH","pH","Calcifier","ZOO_STUDY_0408","ZOO_ES_002067","ZOO_COMMON_00684",6,"Calcifier_pH",-0.3,5.7,5.70763470812235
"ambiguous_dropped","all_data","Overall",-0.793951879681911,"pH","pH","Calcifier","ZOO_STUDY_0408","ZOO_ES_002068","ZOO_COMMON_00684",6,"Calcifier_pH",-0.3,5.7,5.68534571088385
"ambiguous_dropped","all_data","Overall",-0.392042087776024,"pH","pH","Calcifier","ZOO_STUDY_0408","ZOO_ES_002073","ZOO_COMMON_00684",6,"Calcifier_pH",-0.3,5.7,5.72303857702063
"ambiguous_dropped","all_data","Overall",-0.72054615474806,"pH","pH","Calcifier","ZOO_STUDY_0408","ZOO_ES_002074","ZOO_COMMON_00684",6,"Calcifier_pH",-0.3,5.7,5.67534485824872
"ambiguous_dropped","all_data","Overall",-0.162518929497775,"pH","pH","Calcifier","ZOO_STUDY_0429","ZOO_ES_002077","ZOO_COMMON_00725",6,"Calcifier_pH",-0.3,5.7,5.7201083276188
"ambiguous_dropped","all_data","Overall",0.485507815781701,"pH","pH","Calcifier","ZOO_STUDY_0429","ZOO_ES_002078","ZOO_COMMON_00727",6,"Calcifier_pH",-0.3,5.7,5.67948214301141
"ambiguous_dropped","all_data","Overall",-0.336472236621213,"T","T","Calcifier","ZOO_STUDY_0429","ZOO_ES_002079","ZOO_COMMON_00724",6,"Calcifier_T",-0.18,5.82,5.83685473885154
"ambiguous_dropped","all_data","Overall",-0.782759339249632,"TpH","T + pH","Calcifier","ZOO_STUDY_0429","ZOO_ES_002080","ZOO_COMMON_00724",6,"Calcifier_T + pH",-0.06,5.94,5.94271030208096
"ambiguous_dropped","all_data","Overall",0.0953101798043247,"T","T","Calcifier","ZOO_STUDY_0429","ZOO_ES_002081","ZOO_COMMON_00726",6,"Calcifier_T",-0.18,5.82,5.82517084650928
"ambiguous_dropped","all_data","Overall",-0.22314355131421,"TpH","T + pH","Calcifier","ZOO_STUDY_0429","ZOO_ES_002082","ZOO_COMMON_00726",6,"Calcifier_T + pH",-0.06,5.94,5.95556804964785
"ambiguous_dropped","all_data","Overall",0.00273597981887485,"pH","pH","Calcifier","ZOO_STUDY_0429","ZOO_ES_002087","ZOO_COMMON_00725",6,"Calcifier_pH",-0.3,5.7,5.68814873124938
"ambiguous_dropped","all_data","Overall",0.00141143283840781,"pH","pH","Calcifier","ZOO_STUDY_0429","ZOO_ES_002088","ZOO_COMMON_00727",6,"Calcifier_pH",-0.3,5.7,5.67699734731577
"ambiguous_dropped","all_data","Overall",-0.0110193952496105,"T","T","Calcifier","ZOO_STUDY_0429","ZOO_ES_002089","ZOO_COMMON_00724",6,"Calcifier_T",-0.18,5.82,5.80191436813213
"ambiguous_dropped","all_data","Overall",-0.0165749650942127,"TpH","T + pH","Calcifier","ZOO_STUDY_0429","ZOO_ES_002090","ZOO_COMMON_00724",6,"Calcifier_T + pH",-0.06,5.94,5.92026949164923
"ambiguous_dropped","all_data","Overall",-0.0214140945038166,"T","T","Calcifier","ZOO_STUDY_0429","ZOO_ES_002091","ZOO_COMMON_00726",6,"Calcifier_T",-0.18,5.82,5.80377029102994
"ambiguous_dropped","all_data","Overall",-0.0257524961024147,"TpH","T + pH","Calcifier","ZOO_STUDY_0429","ZOO_ES_002092","ZOO_COMMON_00726",6,"Calcifier_T + pH",-0.06,5.94,5.9630589977582
"ambiguous_dropped","all_data","Overall",0.138150338480817,"pH","pH","Calcifier","ZOO_STUDY_0429","ZOO_ES_002093","ZOO_COMMON_00727",6,"Calcifier_pH",-0.3,5.7,5.68470143207815
"ambiguous_dropped","all_data","Overall",-0.44628710262842,"pH","pH","Calcifier","ZOO_STUDY_0429","ZOO_ES_002094","ZOO_COMMON_00725",6,"Calcifier_pH",-0.3,5.7,5.69160903838929
"ambiguous_dropped","all_data","Overall",-0.587786664902119,"T","T","Calcifier","ZOO_STUDY_0429","ZOO_ES_002095","ZOO_COMMON_00726",6,"Calcifier_T",-0.18,5.82,5.82961503242143
"ambiguous_dropped","all_data","Overall",-0.719122666963206,"T","T","Calcifier","ZOO_STUDY_0429","ZOO_ES_002096","ZOO_COMMON_00724",6,"Calcifier_T",-0.18,5.82,5.82967332079308
"ambiguous_dropped","all_data","Overall",-0.955511445027436,"TpH","T + pH","Calcifier","ZOO_STUDY_0429","ZOO_ES_002097","ZOO_COMMON_00724",6,"Calcifier_T + pH",-0.06,5.94,5.92930532941595
"ambiguous_dropped","all_data","Overall",-0.993251773010283,"TpH","T + pH","Calcifier","ZOO_STUDY_0429","ZOO_ES_002098","ZOO_COMMON_00726",6,"Calcifier_T + pH",-0.06,5.94,5.9299559626705
"ambiguous_dropped","all_data","Overall",2.10006082888257,"TpH","T + pH","Calcifier","ZOO_STUDY_0441","ZOO_ES_002116","ZOO_COMMON_00746",6,"Calcifier_T + pH",-0.06,5.94,5.93649769569514
"ambiguous_dropped","all_data","Overall",2.10006082888257,"T","T","Calcifier","ZOO_STUDY_0441","ZOO_ES_002117","ZOO_COMMON_00746",6,"Calcifier_T",-0.18,5.82,5.81413145803846
"ambiguous_dropped","all_data","Overall",2.06897024181254,"TpH","T + pH","Calcifier","ZOO_STUDY_0441","ZOO_ES_002118","ZOO_COMMON_00746",6,"Calcifier_T + pH",-0.06,5.94,5.96034082581522
"ambiguous_dropped","all_data","Overall",2.06897024181254,"TpH","T + pH","Calcifier","ZOO_STUDY_0441","ZOO_ES_002119","ZOO_COMMON_00746",6,"Calcifier_T + pH",-0.06,5.94,5.94173806491075
"ambiguous_dropped","all_data","Overall",0,"T","T","Calcifier","ZOO_STUDY_0441","ZOO_ES_002120","ZOO_COMMON_00746",6,"Calcifier_T",-0.18,5.82,5.82537036856404
"ambiguous_dropped","all_data","Overall",-0.233614851181505,"T","T","Calcifier","ZOO_STUDY_0441","ZOO_ES_002121","ZOO_COMMON_00746",6,"Calcifier_T",-0.18,5.82,5.82021865265444
"ambiguous_dropped","all_data","Overall",0.270290329739912,"T","T","Calcifier","ZOO_STUDY_0441","ZOO_ES_002122","ZOO_COMMON_00746",6,"Calcifier_T",-0.18,5.82,5.82022053516004
"ambiguous_dropped","all_data","Overall",0.251314428280906,"pH","pH","Calcifier","ZOO_STUDY_0441","ZOO_ES_002123","ZOO_COMMON_00747",6,"Calcifier_pH",-0.3,5.7,5.69618258547271
"ambiguous_dropped","all_data","Overall",0.216223108469636,"TpH","T + pH","Calcifier","ZOO_STUDY_0441","ZOO_ES_002124","ZOO_COMMON_00746",6,"Calcifier_T + pH",-0.06,5.94,5.92587673509028
"ambiguous_dropped","all_data","Overall",0.216223108469636,"TpH","T + pH","Calcifier","ZOO_STUDY_0441","ZOO_ES_002125","ZOO_COMMON_00746",6,"Calcifier_T + pH",-0.06,5.94,5.93096251091687
"ambiguous_dropped","all_data","Overall",-0.0350913198112699,"T","T","Calcifier","ZOO_STUDY_0441","ZOO_ES_002126","ZOO_COMMON_00746",6,"Calcifier_T",-0.18,5.82,5.80708100637887
"ambiguous_dropped","all_data","Overall",-3.36729582998647,"TpH","T + pH","Calcifier","ZOO_STUDY_0441","ZOO_ES_002127","ZOO_COMMON_00746",6,"Calcifier_T + pH",-0.06,5.94,5.91505761925131
"ambiguous_dropped","all_data","Overall",-0.100083458556983,"T","T","Calcifier","ZOO_STUDY_0441","ZOO_ES_002128","ZOO_COMMON_00746",6,"Calcifier_T",-0.18,5.82,5.80619085805258
"ambiguous_dropped","all_data","Overall",-0.113328685307003,"T","T","Calcifier","ZOO_STUDY_0441","ZOO_ES_002129","ZOO_COMMON_00746",6,"Calcifier_T",-0.18,5.82,5.84345823110081
"ambiguous_dropped","all_data","Overall",-0.717244732139006,"T","T","Calcifier","ZOO_STUDY_0441","ZOO_ES_002130","ZOO_COMMON_00746",6,"Calcifier_T",-0.18,5.82,5.81662014326314
"ambiguous_dropped","all_data","Overall",-0.767255152713667,"TpH","T + pH","Calcifier","ZOO_STUDY_0441","ZOO_ES_002131","ZOO_COMMON_00746",6,"Calcifier_T + pH",-0.06,5.94,5.96316535642603
"ambiguous_dropped","all_data","Overall",-0.965080896043587,"TpH","T + pH","Calcifier","ZOO_STUDY_0441","ZOO_ES_002132","ZOO_COMMON_00746",6,"Calcifier_T + pH",-0.06,5.94,5.92779100578977
"ambiguous_dropped","all_data","Overall",-1.16938135955632,"pH","pH","Calcifier","ZOO_STUDY_0441","ZOO_ES_002133","ZOO_COMMON_00747",6,"Calcifier_pH",-0.3,5.7,5.68177152695134
"ambiguous_dropped","all_data","Overall",-1.38629436111989,"TpH","T + pH","Calcifier","ZOO_STUDY_0441","ZOO_ES_002134","ZOO_COMMON_00746",6,"Calcifier_T + pH",-0.06,5.94,5.94312960132724
"ambiguous_dropped","all_data","Overall",-0.606135803570316,"T","T","Calcifier","ZOO_STUDY_0442","ZOO_ES_002137","ZOO_COMMON_00748",6,"Calcifier_T",-0.18,5.82,5.81666246705456
"ambiguous_dropped","all_data","Overall",-1.25276296849537,"pH","pH","Calcifier","ZOO_STUDY_0442","ZOO_ES_002142","ZOO_COMMON_00748",6,"Calcifier_pH",-0.3,5.7,5.71814470632235
"ambiguous_dropped","all_data","Overall",-2.4567357728213,"T","T","Calcifier","ZOO_STUDY_0442","ZOO_ES_002143","ZOO_COMMON_00748",6,"Calcifier_T",-0.18,5.82,5.84077384722652
"ambiguous_dropped","all_data","Overall",-0.405465108108164,"pH","pH","Calcifier","ZOO_STUDY_0480","ZOO_ES_002146","ZOO_COMMON_00816",6,"Calcifier_pH",-0.3,5.7,5.70591544656781
"ambiguous_dropped","all_data","Overall",0.479573080261886,"pH","pH","Calcifier","ZOO_STUDY_0480","ZOO_ES_002147","ZOO_COMMON_00816",6,"Calcifier_pH",-0.3,5.7,5.71704653155757
"ambiguous_dropped","all_data","Overall",0.133531392624523,"pH","pH","Calcifier","ZOO_STUDY_0497","ZOO_ES_002152","ZOO_COMMON_00848",6,"Calcifier_pH",-0.3,5.7,5.68941275591496
"ambiguous_dropped","all_data","Overall",-0.0571584138399485,"pH","pH","Calcifier","ZOO_STUDY_0497","ZOO_ES_002153","ZOO_COMMON_00851",6,"Calcifier_pH",-0.3,5.7,5.71995642672991
"ambiguous_dropped","all_data","Overall",0.366244394954883,"pH","pH","Calcifier","ZOO_STUDY_0497","ZOO_ES_002154","ZOO_COMMON_00855",6,"Calcifier_pH",-0.3,5.7,5.68205516216112
"ambiguous_dropped","all_data","Overall",-0.297251523467932,"pH","pH","Calcifier","ZOO_STUDY_0497","ZOO_ES_002157","ZOO_COMMON_00848",6,"Calcifier_pH",-0.3,5.7,5.68209584316937
"ambiguous_dropped","all_data","Overall",-0.182321556793955,"pH","pH","Calcifier","ZOO_STUDY_0497","ZOO_ES_002158","ZOO_COMMON_00851",6,"Calcifier_pH",-0.3,5.7,5.70397837895434
"ambiguous_dropped","all_data","Overall",0.238411023444998,"pH","pH","Calcifier","ZOO_STUDY_0497","ZOO_ES_002159","ZOO_COMMON_00855",6,"Calcifier_pH",-0.3,5.7,5.72475103840698
"ambiguous_dropped","all_data","Overall",0.0046765478839018,"pH","pH","Calcifier","ZOO_STUDY_0497","ZOO_ES_002161","ZOO_COMMON_00856",6,"Calcifier_pH",-0.3,5.7,5.70167399261845
"ambiguous_dropped","all_data","Overall",0,"pH","pH","Calcifier","ZOO_STUDY_0497","ZOO_ES_002162","ZOO_COMMON_00856",6,"Calcifier_pH",-0.3,5.7,5.68142552875215
"ambiguous_dropped","all_data","Overall",-0.00711746776886399,"pH","pH","Calcifier","ZOO_STUDY_0497","ZOO_ES_002163","ZOO_COMMON_00852",6,"Calcifier_pH",-0.3,5.7,5.68385597025044
"ambiguous_dropped","all_data","Overall",-0.0150378773645406,"pH","pH","Calcifier","ZOO_STUDY_0497","ZOO_ES_002164","ZOO_COMMON_00849",6,"Calcifier_pH",-0.3,5.7,5.7137275136658
"ambiguous_dropped","all_data","Overall",-0.0458095360312942,"pH","pH","Calcifier","ZOO_STUDY_0497","ZOO_ES_002165","ZOO_COMMON_00849",6,"Calcifier_pH",-0.3,5.7,5.70752555511426
"ambiguous_dropped","all_data","Overall",-0.0659579677917973,"pH","pH","Calcifier","ZOO_STUDY_0497","ZOO_ES_002166","ZOO_COMMON_00852",6,"Calcifier_pH",-0.3,5.7,5.70280870196875
"ambiguous_dropped","all_data","Overall",0.356674943938732,"pH","pH","Calcifier","ZOO_STUDY_0497","ZOO_ES_002167","ZOO_COMMON_00857",6,"Calcifier_pH",-0.3,5.7,5.71227535763755
"ambiguous_dropped","all_data","Overall",0.194156014440957,"pH","pH","Calcifier","ZOO_STUDY_0497","ZOO_ES_002168","ZOO_COMMON_00857",6,"Calcifier_pH",-0.3,5.7,5.69216064380016
"ambiguous_dropped","all_data","Overall",-0.182321556793955,"pH","pH","Calcifier","ZOO_STUDY_0497","ZOO_ES_002169","ZOO_COMMON_00853",6,"Calcifier_pH",-0.3,5.7,5.69456201146822
"ambiguous_dropped","all_data","Overall",-0.628608659422374,"pH","pH","Calcifier","ZOO_STUDY_0497","ZOO_ES_002170","ZOO_COMMON_00853",6,"Calcifier_pH",-0.3,5.7,5.69260947809089
"ambiguous_dropped","all_data","Overall",-0.120985833560907,"pH","pH","Calcifier","ZOO_STUDY_0515","ZOO_ES_002175","ZOO_COMMON_00880",6,"Calcifier_pH",-0.3,5.7,5.70613960527116
"ambiguous_dropped","all_data","Overall",-0.253673087496846,"pH","pH","Calcifier","ZOO_STUDY_0536","ZOO_ES_002176","ZOO_COMMON_00910",6,"Calcifier_pH",-0.3,5.7,5.68303729650797
"ambiguous_dropped","all_data","Overall",-2.24275164283492,"pH","pH","Calcifier","ZOO_STUDY_0536","ZOO_ES_002177","ZOO_COMMON_00910",6,"Calcifier_pH",-0.3,5.7,5.68732177661732
"ambiguous_dropped","all_data","Overall",-2.23755262272319,"TpH","T + pH","Calcifier","ZOO_STUDY_0161","ZOO_ES_002178","ZOO_COMMON_00283",6,"Calcifier_T + pH",-0.06,5.94,5.96238344606012
"ambiguous_dropped","all_data","Overall",-1.49165487677772,"T","T","Calcifier","ZOO_STUDY_0161","ZOO_ES_002179","ZOO_COMMON_00283",6,"Calcifier_T",-0.18,5.82,5.84441708124243
"ambiguous_dropped","all_data","Overall",-2.42036812865043,"T","T","Calcifier","ZOO_STUDY_0162","ZOO_ES_002180","ZOO_COMMON_00285",6,"Calcifier_T",-0.18,5.82,5.82178314894438
"ambiguous_dropped","all_data","Overall",-2.32727770558442,"TpH","T + pH","Calcifier","ZOO_STUDY_0161","ZOO_ES_002181","ZOO_COMMON_00283",6,"Calcifier_T + pH",-0.06,5.94,5.91726538432762
"ambiguous_dropped","all_data","Overall",-0.273293334999681,"pH","pH","Calcifier","ZOO_STUDY_0093","ZOO_ES_002182","ZOO_COMMON_00160",6,"Calcifier_pH",-0.3,5.7,5.70511332273018
"ambiguous_dropped","all_data","Overall",-0.0782007473074749,"T","T","Calcifier","ZOO_STUDY_0161","ZOO_ES_002183","ZOO_COMMON_00282",6,"Calcifier_T",-0.18,5.82,5.83108396586496
"ambiguous_dropped","all_data","Overall",-0.071524518408731,"TpH","T + pH","Calcifier","ZOO_STUDY_0162","ZOO_ES_002184","ZOO_COMMON_00284",6,"Calcifier_T + pH",-0.06,5.94,5.94415114382049
"ambiguous_dropped","all_data","Overall",0.0339015516756814,"T","T","Calcifier","ZOO_STUDY_0216","ZOO_ES_002185","ZOO_COMMON_00372",6,"Calcifier_T",-0.18,5.82,5.8213236722094
"ambiguous_dropped","all_data","Overall",-0.231801614057324,"TpH","T + pH","Calcifier","ZOO_STUDY_0216","ZOO_ES_002186","ZOO_COMMON_00372",6,"Calcifier_T + pH",-0.06,5.94,5.93268833728274
"ambiguous_dropped","all_data","Overall",-0.276253376628158,"TpH","T + pH","Calcifier","ZOO_STUDY_0216","ZOO_ES_002187","ZOO_COMMON_00372",6,"Calcifier_T + pH",-0.06,5.94,5.91900308925891
"ambiguous_dropped","all_data","Overall",0.0933319397922189,"pH","pH","Calcifier","ZOO_STUDY_0292","ZOO_ES_002191","ZOO_COMMON_00490",6,"Calcifier_pH",-0.3,5.7,5.68141964081442
"ambiguous_dropped","all_data","Overall",-0.313434568554196,"pH","pH","Calcifier","ZOO_STUDY_0292","ZOO_ES_002192","ZOO_COMMON_00491",6,"Calcifier_pH",-0.3,5.7,5.69329376948299
"ambiguous_dropped","all_data","Overall",0.201052593500018,"T","T","Calcifier","ZOO_STUDY_0292","ZOO_ES_002193","ZOO_COMMON_00490",6,"Calcifier_T",-0.18,5.82,5.82500732477522
"ambiguous_dropped","all_data","Overall",-0.369360103466048,"TpH","T + pH","Calcifier","ZOO_STUDY_0292","ZOO_ES_002194","ZOO_COMMON_00490",6,"Calcifier_T + pH",-0.06,5.94,5.9268921684334
"ambiguous_dropped","all_data","Overall",-0.184003642976939,"TpH","T + pH","Calcifier","ZOO_STUDY_0292","ZOO_ES_002195","ZOO_COMMON_00490",6,"Calcifier_T + pH",-0.06,5.94,5.91590730271768
"ambiguous_dropped","all_data","Overall",-0.0786431273191131,"T","T","Calcifier","ZOO_STUDY_0292","ZOO_ES_002196","ZOO_COMMON_00490",6,"Calcifier_T",-0.18,5.82,5.81049364648527
"ambiguous_dropped","all_data","Overall",-0.230523658611832,"TpH","T + pH","Calcifier","ZOO_STUDY_0292","ZOO_ES_002197","ZOO_COMMON_00490",6,"Calcifier_T + pH",-0.06,5.94,5.91890063299565
"ambiguous_dropped","all_data","Overall",-0.0539505147287416,"TpH","T + pH","Calcifier","ZOO_STUDY_0292","ZOO_ES_002198","ZOO_COMMON_00490",6,"Calcifier_T + pH",-0.06,5.94,5.92754562117392
"ambiguous_dropped","all_data","Overall",-0.065118399379393,"T","T","Calcifier","ZOO_STUDY_0292","ZOO_ES_002199","ZOO_COMMON_00491",6,"Calcifier_T",-0.18,5.82,5.80204374697525
"ambiguous_dropped","all_data","Overall",0.33336181420682,"TpH","T + pH","Calcifier","ZOO_STUDY_0292","ZOO_ES_002200","ZOO_COMMON_00491",6,"Calcifier_T + pH",-0.06,5.94,5.93350573740667
"ambiguous_dropped","all_data","Overall",0.191338750444143,"TpH","T + pH","Calcifier","ZOO_STUDY_0292","ZOO_ES_002201","ZOO_COMMON_00491",6,"Calcifier_T + pH",-0.06,5.94,5.92201827270677
"ambiguous_dropped","all_data","Overall",0.139761942375159,"T","T","Calcifier","ZOO_STUDY_0292","ZOO_ES_002202","ZOO_COMMON_00491",6,"Calcifier_T",-0.18,5.82,5.82339983330341
"ambiguous_dropped","all_data","Overall",0.143535531758798,"TpH","T + pH","Calcifier","ZOO_STUDY_0292","ZOO_ES_002203","ZOO_COMMON_00491",6,"Calcifier_T + pH",-0.06,5.94,5.94213402034715
"ambiguous_dropped","all_data","Overall",0.426971313329128,"TpH","T + pH","Calcifier","ZOO_STUDY_0292","ZOO_ES_002204","ZOO_COMMON_00491",6,"Calcifier_T + pH",-0.06,5.94,5.92318465413759
"ambiguous_dropped","all_data","Overall",0.208544751893057,"T","T","Calcifier","ZOO_STUDY_0292","ZOO_ES_002205","ZOO_COMMON_00490",6,"Calcifier_T",-0.18,5.82,5.84225163712865
"ambiguous_dropped","all_data","Overall",0.218786245945254,"TpH","T + pH","Calcifier","ZOO_STUDY_0292","ZOO_ES_002206","ZOO_COMMON_00490",6,"Calcifier_T + pH",-0.06,5.94,5.94629462819779
"ambiguous_dropped","all_data","Overall",0.452643668383255,"TpH","T + pH","Calcifier","ZOO_STUDY_0292","ZOO_ES_002207","ZOO_COMMON_00490",6,"Calcifier_T + pH",-0.06,5.94,5.91824225857621
"ambiguous_dropped","all_data","Overall",0.0232776848693454,"T","T","Calcifier","ZOO_STUDY_0292","ZOO_ES_002208","ZOO_COMMON_00490",6,"Calcifier_T",-0.18,5.82,5.80404591380386
"ambiguous_dropped","all_data","Overall",0.124203603459306,"TpH","T + pH","Calcifier","ZOO_STUDY_0292","ZOO_ES_002209","ZOO_COMMON_00490",6,"Calcifier_T + pH",-0.06,5.94,5.94838690677192
"ambiguous_dropped","all_data","Overall",-0.182321556793955,"TpH","T + pH","Calcifier","ZOO_STUDY_0292","ZOO_ES_002210","ZOO_COMMON_00490",6,"Calcifier_T + pH",-0.06,5.94,5.96033634384861
"ambiguous_dropped","all_data","Overall",0.266267977947964,"T","T","Calcifier","ZOO_STUDY_0292","ZOO_ES_002211","ZOO_COMMON_00491",6,"Calcifier_T",-0.18,5.82,5.83579093581531
"ambiguous_dropped","all_data","Overall",0.382606970032114,"TpH","T + pH","Calcifier","ZOO_STUDY_0292","ZOO_ES_002213","ZOO_COMMON_00491",6,"Calcifier_T + pH",-0.06,5.94,5.93712372198701
"ambiguous_dropped","all_data","Overall",0.112117298120706,"T","T","Calcifier","ZOO_STUDY_0292","ZOO_ES_002214","ZOO_COMMON_00491",6,"Calcifier_T",-0.18,5.82,5.80306007072097
"ambiguous_dropped","all_data","Overall",0.219747962313072,"TpH","T + pH","Calcifier","ZOO_STUDY_0292","ZOO_ES_002216","ZOO_COMMON_00491",6,"Calcifier_T + pH",-0.06,5.94,5.92328865083167
"ambiguous_dropped","all_data","Overall",0.056921727448311,"T","T","Calcifier","ZOO_STUDY_0292","ZOO_ES_002241","ZOO_COMMON_00490",6,"Calcifier_T",-0.18,5.82,5.81894729349762
"ambiguous_dropped","all_data","Overall",-0.0247991145341326,"TpH","T + pH","Calcifier","ZOO_STUDY_0292","ZOO_ES_002242","ZOO_COMMON_00490",6,"Calcifier_T + pH",-0.06,5.94,5.93479313406628
"ambiguous_dropped","all_data","Overall",-0.026984907754113,"TpH","T + pH","Calcifier","ZOO_STUDY_0292","ZOO_ES_002243","ZOO_COMMON_00490",6,"Calcifier_T + pH",-0.06,5.94,5.95474598298082
"ambiguous_dropped","all_data","Overall",0.0457936409389037,"T","T","Calcifier","ZOO_STUDY_0292","ZOO_ES_002244","ZOO_COMMON_00490",6,"Calcifier_T",-0.18,5.82,5.83349185468862
"ambiguous_dropped","all_data","Overall",-0.0215293568525759,"TpH","T + pH","Calcifier","ZOO_STUDY_0292","ZOO_ES_002245","ZOO_COMMON_00490",6,"Calcifier_T + pH",-0.06,5.94,5.93495824766345
"ambiguous_dropped","all_data","Overall",0.0314491326825033,"TpH","T + pH","Calcifier","ZOO_STUDY_0292","ZOO_ES_002246","ZOO_COMMON_00490",6,"Calcifier_T + pH",-0.06,5.94,5.94650983974338
"ambiguous_dropped","all_data","Overall",-0.0577849981217914,"T","T","Calcifier","ZOO_STUDY_0292","ZOO_ES_002247","ZOO_COMMON_00491",6,"Calcifier_T",-0.18,5.82,5.81563345572678
"ambiguous_dropped","all_data","Overall",-0.029471681157703,"TpH","T + pH","Calcifier","ZOO_STUDY_0292","ZOO_ES_002248","ZOO_COMMON_00491",6,"Calcifier_T + pH",-0.06,5.94,5.93326953752898
"ambiguous_dropped","all_data","Overall",-0.0244990204883246,"TpH","T + pH","Calcifier","ZOO_STUDY_0292","ZOO_ES_002249","ZOO_COMMON_00491",6,"Calcifier_T + pH",-0.06,5.94,5.94604274413781
"ambiguous_dropped","all_data","Overall",-0.049613348972472,"T","T","Calcifier","ZOO_STUDY_0292","ZOO_ES_002250","ZOO_COMMON_00491",6,"Calcifier_T",-0.18,5.82,5.8427979016141
"ambiguous_dropped","all_data","Overall",-0.0639578572288723,"TpH","T + pH","Calcifier","ZOO_STUDY_0292","ZOO_ES_002251","ZOO_COMMON_00491",6,"Calcifier_T + pH",-0.06,5.94,5.93880362699041
"ambiguous_dropped","all_data","Overall",-0.083760484525052,"TpH","T + pH","Calcifier","ZOO_STUDY_0292","ZOO_ES_002252","ZOO_COMMON_00491",6,"Calcifier_T + pH",-0.06,5.94,5.94602318854071
"ambiguous_dropped","all_data","Overall",0.0400053346136992,"T","T","Calcifier","ZOO_STUDY_0292","ZOO_ES_002253","ZOO_COMMON_00490",6,"Calcifier_T",-0.18,5.82,5.80946120435139
"ambiguous_dropped","all_data","Overall",0.0358688240619188,"TpH","T + pH","Calcifier","ZOO_STUDY_0292","ZOO_ES_002254","ZOO_COMMON_00490",6,"Calcifier_T + pH",-0.06,5.94,5.93537838611286
"ambiguous_dropped","all_data","Overall",-0.0272199712340877,"TpH","T + pH","Calcifier","ZOO_STUDY_0292","ZOO_ES_002255","ZOO_COMMON_00490",6,"Calcifier_T + pH",-0.06,5.94,5.93724385930458
"ambiguous_dropped","all_data","Overall",-0.0173352120015458,"T","T","Calcifier","ZOO_STUDY_0292","ZOO_ES_002256","ZOO_COMMON_00490",6,"Calcifier_T",-0.18,5.82,5.80917668448994
"ambiguous_dropped","all_data","Overall",-0.00107469112976541,"TpH","T + pH","Calcifier","ZOO_STUDY_0292","ZOO_ES_002257","ZOO_COMMON_00490",6,"Calcifier_T + pH",-0.06,5.94,5.96350694775814
"ambiguous_dropped","all_data","Overall",-0.0184287058229171,"TpH","T + pH","Calcifier","ZOO_STUDY_0292","ZOO_ES_002258","ZOO_COMMON_00490",6,"Calcifier_T + pH",-0.06,5.94,5.95912994196173
"ambiguous_dropped","all_data","Overall",-0.0324765886779082,"T","T","Calcifier","ZOO_STUDY_0292","ZOO_ES_002259","ZOO_COMMON_00491",6,"Calcifier_T",-0.18,5.82,5.83544253204484
"ambiguous_dropped","all_data","Overall",-0.0510954508811183,"TpH","T + pH","Calcifier","ZOO_STUDY_0292","ZOO_ES_002260","ZOO_COMMON_00491",6,"Calcifier_T + pH",-0.06,5.94,5.95041132269893
"ambiguous_dropped","all_data","Overall",-0.0481324857504612,"T","T","Calcifier","ZOO_STUDY_0292","ZOO_ES_002261","ZOO_COMMON_00491",6,"Calcifier_T",-0.18,5.82,5.80401008014334
"ambiguous_dropped","all_data","Overall",-0.0640373935901257,"TpH","T + pH","Calcifier","ZOO_STUDY_0292","ZOO_ES_002262","ZOO_COMMON_00491",6,"Calcifier_T + pH",-0.06,5.94,5.91819878548617
"ambiguous_dropped","all_data","Overall",-0.216026083545346,"pH","pH","Calcifier","ZOO_STUDY_0301","ZOO_ES_002268","ZOO_COMMON_00507",6,"Calcifier_pH",-0.3,5.7,5.68032905054279
"ambiguous_dropped","all_data","Overall",-0.076372978784574,"pH","pH","Calcifier","ZOO_STUDY_0301","ZOO_ES_002269","ZOO_COMMON_00505",6,"Calcifier_pH",-0.3,5.7,5.71740921591409
"ambiguous_dropped","all_data","Overall",0.394415271921579,"pH","pH","Calcifier","ZOO_STUDY_0301","ZOO_ES_002270","ZOO_COMMON_00504",6,"Calcifier_pH",-0.3,5.7,5.69297151042847
"ambiguous_dropped","all_data","Overall",-0.329181803358534,"pH","pH","Calcifier","ZOO_STUDY_0301","ZOO_ES_002271","ZOO_COMMON_00503",6,"Calcifier_pH",-0.3,5.7,5.71425002975157
"ambiguous_dropped","all_data","Overall",0.116636903725761,"pH","pH","Calcifier","ZOO_STUDY_0301","ZOO_ES_002272","ZOO_COMMON_00506",6,"Calcifier_pH",-0.3,5.7,5.72040194221772
"ambiguous_dropped","all_data","Overall",0.0106195688274604,"pH","pH","Calcifier","ZOO_STUDY_0302","ZOO_ES_002284","ZOO_COMMON_00516",6,"Calcifier_pH",-0.3,5.7,5.70667123589665
"ambiguous_dropped","all_data","Overall",-0.32115800164817,"pH","pH","Calcifier","ZOO_STUDY_0302","ZOO_ES_002285","ZOO_COMMON_00511",6,"Calcifier_pH",-0.3,5.7,5.70575581442099
"ambiguous_dropped","all_data","Overall",-0.108563935375364,"pH","pH","Calcifier","ZOO_STUDY_0302","ZOO_ES_002286","ZOO_COMMON_00512",6,"Calcifier_pH",-0.3,5.7,5.67837699520169
"ambiguous_dropped","all_data","Overall",-0.035312277133782,"pH","pH","Calcifier","ZOO_STUDY_0302","ZOO_ES_002287","ZOO_COMMON_00514",6,"Calcifier_pH",-0.3,5.7,5.68707469411893
"ambiguous_dropped","all_data","Overall",-0.208868923521617,"pH","pH","Calcifier","ZOO_STUDY_0302","ZOO_ES_002288","ZOO_COMMON_00509",6,"Calcifier_pH",-0.3,5.7,5.69553891014075
"ambiguous_dropped","all_data","Overall",-0.32503785899555,"pH","pH","Calcifier","ZOO_STUDY_0302","ZOO_ES_002289","ZOO_COMMON_00518",6,"Calcifier_pH",-0.3,5.7,5.71555875060149
"ambiguous_dropped","all_data","Overall",0.0623038833361548,"pH","pH","Calcifier","ZOO_STUDY_0302","ZOO_ES_002290","ZOO_COMMON_00515",6,"Calcifier_pH",-0.3,5.7,5.69395706129726
"ambiguous_dropped","all_data","Overall",-0.116508338224383,"pH","pH","Calcifier","ZOO_STUDY_0302","ZOO_ES_002291","ZOO_COMMON_00510",6,"Calcifier_pH",-0.3,5.7,5.69734751152573
"ambiguous_dropped","all_data","Overall",0.152352610312605,"pH","pH","Calcifier","ZOO_STUDY_0302","ZOO_ES_002292","ZOO_COMMON_00513",6,"Calcifier_pH",-0.3,5.7,5.70352538912557
"ambiguous_dropped","all_data","Overall",0.156939483522537,"pH","pH","Calcifier","ZOO_STUDY_0302","ZOO_ES_002293","ZOO_COMMON_00508",6,"Calcifier_pH",-0.3,5.7,5.6815606184653
"ambiguous_dropped","all_data","Overall",-0.492476485097794,"pH","pH","Calcifier","ZOO_STUDY_0302","ZOO_ES_002294","ZOO_COMMON_00517",6,"Calcifier_pH",-0.3,5.7,5.67565091842553
"ambiguous_dropped","all_data","Overall",-0.202524264111474,"pH","pH","Calcifier","ZOO_STUDY_0305","ZOO_ES_002296","ZOO_COMMON_00522",6,"Calcifier_pH",-0.3,5.7,5.70888348637382
"ambiguous_dropped","all_data","Overall",-0.0645385211375712,"pH","pH","Calcifier","ZOO_STUDY_0337","ZOO_ES_002297","ZOO_COMMON_00572",6,"Calcifier_pH",-0.3,5.7,5.71675778054632
"ambiguous_dropped","all_data","Overall",-1.07498068413483,"pH","pH","Calcifier","ZOO_STUDY_0505","ZOO_ES_002301","ZOO_COMMON_00867",6,"Calcifier_pH",-0.3,5.7,5.72181317405775
"ambiguous_dropped","all_data","Overall",0.0571584138399486,"pH","pH","Calcifier","ZOO_STUDY_0457","ZOO_ES_002302","ZOO_COMMON_00767",6,"Calcifier_pH",-0.3,5.7,5.67792253069347
"ambiguous_dropped","all_data","Overall",-0.656936018667772,"pH","pH","Calcifier","ZOO_STUDY_0493","ZOO_ES_002303","ZOO_COMMON_00841",6,"Calcifier_pH",-0.3,5.7,5.70840128971031
"ambiguous_dropped","all_data","Overall",-0.104233119822518,"pH","pH","Calcifier","ZOO_STUDY_0493","ZOO_ES_002304","ZOO_COMMON_00841",6,"Calcifier_pH",-0.3,5.7,5.69429282703204
"ambiguous_dropped","all_data","Overall",-1.14646830984574,"pH","pH","Calcifier","ZOO_STUDY_0032","ZOO_ES_002305","ZOO_COMMON_00047",6,"Calcifier_pH",-0.3,5.7,5.70380645219702
"ambiguous_dropped","all_data","Overall",-0.563689113323059,"pH","pH","Calcifier","ZOO_STUDY_0506","ZOO_ES_002309","ZOO_COMMON_00868",6,"Calcifier_pH",-0.3,5.7,5.68194070889149
"ambiguous_dropped","all_data","Overall",-2.60268968544438,"pH","pH","Calcifier","ZOO_STUDY_0259","ZOO_ES_002310","ZOO_COMMON_00436",6,"Calcifier_pH",-0.3,5.7,5.68779169266345
"ambiguous_dropped","all_data","Overall",0.22314355131421,"pH","pH","Calcifier","ZOO_STUDY_0088","ZOO_ES_002311","ZOO_COMMON_00153",6,"Calcifier_pH",-0.3,5.7,5.69065304420656
"ambiguous_dropped","all_data","Overall",0.182321556793955,"pH","pH","Calcifier","ZOO_STUDY_0133","ZOO_ES_002312","ZOO_COMMON_00232",6,"Calcifier_pH",-0.3,5.7,5.71075589034008
"ambiguous_dropped","all_data","Overall",0.133531392624523,"pH","pH","Calcifier","ZOO_STUDY_0088","ZOO_ES_002313","ZOO_COMMON_00153",6,"Calcifier_pH",-0.3,5.7,5.68443397644442
"ambiguous_dropped","all_data","Overall",0.124297716677577,"pH","pH","Calcifier","ZOO_STUDY_0192","ZOO_ES_002314","ZOO_COMMON_00338",6,"Calcifier_pH",-0.3,5.7,5.6821090644924
"ambiguous_dropped","all_data","Overall",0.0637897378753302,"pH","pH","Calcifier","ZOO_STUDY_0133","ZOO_ES_002315","ZOO_COMMON_00231",6,"Calcifier_pH",-0.3,5.7,5.70370558082359
"ambiguous_dropped","all_data","Overall",0.0431721718652088,"pH","pH","Calcifier","ZOO_STUDY_0192","ZOO_ES_002316","ZOO_COMMON_00338",6,"Calcifier_pH",-0.3,5.7,5.67745751363691
"ambiguous_dropped","all_data","Overall",0,"pH","pH","Calcifier","ZOO_STUDY_0065","ZOO_ES_002317","ZOO_COMMON_00101",6,"Calcifier_pH",-0.3,5.7,5.69675038257847
"ambiguous_dropped","all_data","Overall",0,"pH","pH","Calcifier","ZOO_STUDY_0464","ZOO_ES_002318","ZOO_COMMON_00780",6,"Calcifier_pH",-0.3,5.7,5.69913550807396
"ambiguous_dropped","all_data","Overall",0,"pH","pH","Calcifier","ZOO_STUDY_0532","ZOO_ES_002319","ZOO_COMMON_00906",6,"Calcifier_pH",-0.3,5.7,5.69824084503343
"ambiguous_dropped","all_data","Overall",0.010582109330537,"pH","pH","Calcifier","ZOO_STUDY_0433","ZOO_ES_002320","ZOO_COMMON_00738",6,"Calcifier_pH",-0.3,5.7,5.69931009685388
"ambiguous_dropped","all_data","Overall",-0.0206192872027358,"pH","pH","Calcifier","ZOO_STUDY_0133","ZOO_ES_002321","ZOO_COMMON_00229",6,"Calcifier_pH",-0.3,5.7,5.71187924424885
"ambiguous_dropped","all_data","Overall",-0.0304592074847086,"pH","pH","Calcifier","ZOO_STUDY_0114","ZOO_ES_002322","ZOO_COMMON_00195",6,"Calcifier_pH",-0.3,5.7,5.72454931559041
"ambiguous_dropped","all_data","Overall",-0.0413038061412356,"pH","pH","Calcifier","ZOO_STUDY_0133","ZOO_ES_002323","ZOO_COMMON_00230",6,"Calcifier_pH",-0.3,5.7,5.71702041793615
"ambiguous_dropped","all_data","Overall",-0.0511856691385634,"pH","pH","Calcifier","ZOO_STUDY_0485","ZOO_ES_002324","ZOO_COMMON_00824",6,"Calcifier_pH",-0.3,5.7,5.68059631610522
"ambiguous_dropped","all_data","Overall",-0.0578195708888262,"pH","pH","Calcifier","ZOO_STUDY_0376","ZOO_ES_002325","ZOO_COMMON_00634",6,"Calcifier_pH",-0.3,5.7,5.71807109380607
"ambiguous_dropped","all_data","Overall",-0.0726897333682775,"pH","pH","Calcifier","ZOO_STUDY_0494","ZOO_ES_002326","ZOO_COMMON_00843",6,"Calcifier_pH",-0.3,5.7,5.70339256438892
"ambiguous_dropped","all_data","Overall",-1.02165124753198,"pH","pH","Calcifier","ZOO_STUDY_0089","ZOO_ES_002327","ZOO_COMMON_00154",6,"Calcifier_pH",-0.3,5.7,5.7091639459948
"ambiguous_dropped","all_data","Overall",-0.916290731874155,"pH","pH","Calcifier","ZOO_STUDY_0089","ZOO_ES_002328","ZOO_COMMON_00154",6,"Calcifier_pH",-0.3,5.7,5.71448027393781
"ambiguous_dropped","all_data","Overall",-2.39789527279837,"pH","pH","Calcifier","ZOO_STUDY_0191","ZOO_ES_002329","ZOO_COMMON_00335",6,"Calcifier_pH",-0.3,5.7,5.69512627666118
"ambiguous_dropped","all_data","Overall",-1.25276296849537,"pH","pH","Calcifier","ZOO_STUDY_0191","ZOO_ES_002330","ZOO_COMMON_00335",6,"Calcifier_pH",-0.3,5.7,5.71766385947121
"ambiguous_dropped","all_data","Overall",-0.0444517625708338,"pH","pH","Calcifier","ZOO_STUDY_0019","ZOO_ES_002336","ZOO_COMMON_00027",6,"Calcifier_pH",-0.3,5.7,5.68448027662234
"ambiguous_dropped","all_data","Overall",-0.0909717782057268,"pH","pH","Calcifier","ZOO_STUDY_0019","ZOO_ES_002337","ZOO_COMMON_00027",6,"Calcifier_pH",-0.3,5.7,5.69978608165402
"ambiguous_dropped","all_data","Overall",-0.115664390796098,"pH","pH","Calcifier","ZOO_STUDY_0031","ZOO_ES_002341","ZOO_COMMON_00046",6,"Calcifier_pH",-0.3,5.7,5.68100221746136
"ambiguous_dropped","all_data","Overall",-0.0779615414697118,"pH","pH","Calcifier","ZOO_STUDY_0044","ZOO_ES_002344","ZOO_COMMON_00062",6,"Calcifier_pH",-0.3,5.7,5.68643316531088
"ambiguous_dropped","all_data","Overall",-0.0407715518861301,"pH","pH","Calcifier","ZOO_STUDY_0044","ZOO_ES_002345","ZOO_COMMON_00062",6,"Calcifier_pH",-0.3,5.7,5.72027489482425
"ambiguous_dropped","all_data","Overall",-1.20397280432594,"pH","pH","Calcifier","ZOO_STUDY_0404","ZOO_ES_002347","ZOO_COMMON_00679",6,"Calcifier_pH",-0.3,5.7,5.6986887436593
"ambiguous_dropped","all_data","Overall",-0.518793793415168,"pH","pH","Calcifier","ZOO_STUDY_0065","ZOO_ES_002348","ZOO_COMMON_00101",6,"Calcifier_pH",-0.3,5.7,5.70202383896103
"ambiguous_dropped","all_data","Overall",-0.518793793415168,"pH","pH","Calcifier","ZOO_STUDY_0065","ZOO_ES_002349","ZOO_COMMON_00101",6,"Calcifier_pH",-0.3,5.7,5.7236897659488
"ambiguous_dropped","all_data","Overall",-0.160342650075179,"pH","pH","Calcifier","ZOO_STUDY_0184","ZOO_ES_002350","ZOO_COMMON_00322",6,"Calcifier_pH",-0.3,5.7,5.72362145107472
"ambiguous_dropped","all_data","Overall",-0.0579872576503494,"pH","pH","Calcifier","ZOO_STUDY_0089","ZOO_ES_002352","ZOO_COMMON_00154",6,"Calcifier_pH",-0.3,5.7,5.70926797348075
"ambiguous_dropped","all_data","Overall",-0.0505522791628313,"pH","pH","Calcifier","ZOO_STUDY_0089","ZOO_ES_002353","ZOO_COMMON_00154",6,"Calcifier_pH",-0.3,5.7,5.71399795765756
"ambiguous_dropped","all_data","Overall",-0.108308196495169,"pH","pH","Calcifier","ZOO_STUDY_0110","ZOO_ES_002354","ZOO_COMMON_00189",6,"Calcifier_pH",-0.3,5.7,5.67602266087197
"ambiguous_dropped","all_data","Overall",0.0566953436765453,"pH","pH","Calcifier","ZOO_STUDY_0112","ZOO_ES_002355","ZOO_COMMON_00192",6,"Calcifier_pH",-0.3,5.7,5.71142328702845
"ambiguous_dropped","all_data","Overall",-0.0157690521182315,"pH","pH","Calcifier","ZOO_STUDY_0113","ZOO_ES_002358","ZOO_COMMON_00194",6,"Calcifier_pH",-0.3,5.7,5.72113492229255
"ambiguous_dropped","all_data","Overall",-0.216223108469636,"pH","pH","Calcifier","ZOO_STUDY_0020","ZOO_ES_002363","ZOO_COMMON_00028",6,"Calcifier_pH",-0.3,5.7,5.6970228898921
"ambiguous_dropped","all_data","Overall",-0.0503368141615938,"pH","pH","Calcifier","ZOO_STUDY_0133","ZOO_ES_002364","ZOO_COMMON_00230",6,"Calcifier_pH",-0.3,5.7,5.71027873905841
"ambiguous_dropped","all_data","Overall",-0.0404951751427246,"pH","pH","Calcifier","ZOO_STUDY_0133","ZOO_ES_002365","ZOO_COMMON_00229",6,"Calcifier_pH",-0.3,5.7,5.71583623954793
"ambiguous_dropped","all_data","Overall",-0.0211943237333997,"pH","pH","Calcifier","ZOO_STUDY_0133","ZOO_ES_002366","ZOO_COMMON_00232",6,"Calcifier_pH",-0.3,5.7,5.69933046567021
"ambiguous_dropped","all_data","Overall",0.0180727810596946,"pH","pH","Calcifier","ZOO_STUDY_0133","ZOO_ES_002367","ZOO_COMMON_00231",6,"Calcifier_pH",-0.3,5.7,5.71714997087838
"ambiguous_dropped","all_data","Overall",0.0953101798043249,"pH","pH","Calcifier","ZOO_STUDY_0133","ZOO_ES_002368","ZOO_COMMON_00229",6,"Calcifier_pH",-0.3,5.7,5.69964369131485
"ambiguous_dropped","all_data","Overall",0.0289875368732522,"pH","pH","Calcifier","ZOO_STUDY_0133","ZOO_ES_002369","ZOO_COMMON_00230",6,"Calcifier_pH",-0.3,5.7,5.67588346091798
"ambiguous_dropped","all_data","Overall",-1.41706601978664,"pH","pH","Calcifier","ZOO_STUDY_0133","ZOO_ES_002370","ZOO_COMMON_00231",6,"Calcifier_pH",-0.3,5.7,5.69702326289844
"ambiguous_dropped","all_data","Overall",-1.42403468910274,"pH","pH","Calcifier","ZOO_STUDY_0133","ZOO_ES_002371","ZOO_COMMON_00232",6,"Calcifier_pH",-0.3,5.7,5.69889623314375
"ambiguous_dropped","all_data","Overall",-1.9568392195875,"pH","pH","Calcifier","ZOO_STUDY_0250","ZOO_ES_002372","ZOO_COMMON_00423",6,"Calcifier_pH",-0.3,5.7,5.70506202869583
"ambiguous_dropped","all_data","Overall",-0.0660805414893865,"pH","pH","Calcifier","ZOO_STUDY_0151","ZOO_ES_002373","ZOO_COMMON_00256",6,"Calcifier_pH",-0.3,5.7,5.69716233616928
"ambiguous_dropped","all_data","Overall",-0.0747235461959364,"pH","pH","Calcifier","ZOO_STUDY_0151","ZOO_ES_002374","ZOO_COMMON_00257",6,"Calcifier_pH",-0.3,5.7,5.69035887214122
"ambiguous_dropped","all_data","Overall",-0.320167527596269,"pH","pH","Calcifier","ZOO_STUDY_0465","ZOO_ES_002375","ZOO_COMMON_00782",6,"Calcifier_pH",-0.3,5.7,5.70864946082002
"ambiguous_dropped","all_data","Overall",-0.322773392263051,"pH","pH","Calcifier","ZOO_STUDY_0182","ZOO_ES_002376","ZOO_COMMON_00318",6,"Calcifier_pH",-0.3,5.7,5.7054557132069
"ambiguous_dropped","all_data","Overall",0.330241686870577,"pH","pH","Calcifier","ZOO_STUDY_0065","ZOO_ES_002377","ZOO_COMMON_00101",6,"Calcifier_pH",-0.3,5.7,5.72368392705685
"ambiguous_dropped","all_data","Overall",-0.0362554170230101,"pH","pH","Calcifier","ZOO_STUDY_0170","ZOO_ES_002378","ZOO_COMMON_00296",6,"Calcifier_pH",-0.3,5.7,5.68379173561698
"ambiguous_dropped","all_data","Overall",-0.220473322758331,"pH","pH","Calcifier","ZOO_STUDY_0170","ZOO_ES_002380","ZOO_COMMON_00296",6,"Calcifier_pH",-0.3,5.7,5.72366132374154
"ambiguous_dropped","all_data","Overall",0.0465200156348929,"pH","pH","Calcifier","ZOO_STUDY_0181","ZOO_ES_002381","ZOO_COMMON_00314",6,"Calcifier_pH",-0.3,5.7,5.70396585693816
"ambiguous_dropped","all_data","Overall",-0.177681177237452,"pH","pH","Calcifier","ZOO_STUDY_0181","ZOO_ES_002382","ZOO_COMMON_00315",6,"Calcifier_pH",-0.3,5.7,5.71190626302268
"ambiguous_dropped","all_data","Overall",-0.0978557900037587,"pH","pH","Calcifier","ZOO_STUDY_0181","ZOO_ES_002383","ZOO_COMMON_00315",6,"Calcifier_pH",-0.3,5.7,5.71829089445528
"ambiguous_dropped","all_data","Overall",-0.22314355131421,"pH","pH","Calcifier","ZOO_STUDY_0181","ZOO_ES_002384","ZOO_COMMON_00314",6,"Calcifier_pH",-0.3,5.7,5.70737430519657
"ambiguous_dropped","all_data","Overall",-0.328033367975348,"pH","pH","Calcifier","ZOO_STUDY_0181","ZOO_ES_002385","ZOO_COMMON_00315",6,"Calcifier_pH",-0.3,5.7,5.70973480589455
"ambiguous_dropped","all_data","Overall",-0.340926586970593,"pH","pH","Calcifier","ZOO_STUDY_0181","ZOO_ES_002386","ZOO_COMMON_00314",6,"Calcifier_pH",-0.3,5.7,5.72479527191026
"ambiguous_dropped","all_data","Overall",-0.641853886172395,"pH","pH","Calcifier","ZOO_STUDY_0182","ZOO_ES_002387","ZOO_COMMON_00317",6,"Calcifier_pH",-0.3,5.7,5.71746866999893
"ambiguous_dropped","all_data","Overall",-0.126225654121788,"pH","pH","Calcifier","ZOO_STUDY_0183","ZOO_ES_002390","ZOO_COMMON_00319",6,"Calcifier_pH",-0.3,5.7,5.71329111191444
"ambiguous_dropped","all_data","Overall",-0.262364264467491,"pH","pH","Calcifier","ZOO_STUDY_0184","ZOO_ES_002392","ZOO_COMMON_00321",6,"Calcifier_pH",-0.3,5.7,5.68188326616073
"ambiguous_dropped","all_data","Overall",-0.173271721274037,"pH","pH","Calcifier","ZOO_STUDY_0184","ZOO_ES_002393","ZOO_COMMON_00322",6,"Calcifier_pH",-0.3,5.7,5.67975944670616
"ambiguous_dropped","all_data","Overall",-0.386233746180277,"pH","pH","Calcifier","ZOO_STUDY_0513","ZOO_ES_002396","ZOO_COMMON_00877",6,"Calcifier_pH",-0.3,5.7,5.70109241134487
"ambiguous_dropped","all_data","Overall",-0.0584962066816085,"pH","pH","Calcifier","ZOO_STUDY_0190","ZOO_ES_002397","ZOO_COMMON_00332",6,"Calcifier_pH",-0.3,5.7,5.68462304860586
"ambiguous_dropped","all_data","Overall",-0.0828876598057677,"pH","pH","Calcifier","ZOO_STUDY_0190","ZOO_ES_002398","ZOO_COMMON_00332",6,"Calcifier_pH",-0.3,5.7,5.71157325890381
"ambiguous_dropped","all_data","Overall",-0.0387145121806904,"pH","pH","Calcifier","ZOO_STUDY_0191","ZOO_ES_002401","ZOO_COMMON_00335",6,"Calcifier_pH",-0.3,5.7,5.69972934894031
"ambiguous_dropped","all_data","Overall",-0.0927817334509662,"pH","pH","Calcifier","ZOO_STUDY_0191","ZOO_ES_002402","ZOO_COMMON_00335",6,"Calcifier_pH",-0.3,5.7,5.68213795766933
"ambiguous_dropped","all_data","Overall",-0.405465108108164,"pH","pH","Calcifier","ZOO_STUDY_0465","ZOO_ES_002403","ZOO_COMMON_00786",6,"Calcifier_pH",-0.3,5.7,5.71706084845355
"ambiguous_dropped","all_data","Overall",0.00803217169726425,"pH","pH","Calcifier","ZOO_STUDY_0192","ZOO_ES_002406","ZOO_COMMON_00338",6,"Calcifier_pH",-0.3,5.7,5.72206519796746
"ambiguous_dropped","all_data","Overall",-0.0973283439605621,"pH","pH","Calcifier","ZOO_STUDY_0192","ZOO_ES_002407","ZOO_COMMON_00338",6,"Calcifier_pH",-0.3,5.7,5.68889837384922
"ambiguous_dropped","all_data","Overall",0.0295588022415444,"pH","pH","Calcifier","ZOO_STUDY_0197","ZOO_ES_002410","ZOO_COMMON_00348",6,"Calcifier_pH",-0.3,5.7,5.68251896438887
"ambiguous_dropped","all_data","Overall",-0.0968498259899177,"pH","pH","Calcifier","ZOO_STUDY_0197","ZOO_ES_002411","ZOO_COMMON_00348",6,"Calcifier_pH",-0.3,5.7,5.71033367213095
"ambiguous_dropped","all_data","Overall",0.0117639188979967,"pH","pH","Calcifier","ZOO_STUDY_0198","ZOO_ES_002412","ZOO_COMMON_00350",6,"Calcifier_pH",-0.3,5.7,5.70326692971867
"ambiguous_dropped","all_data","Overall",-0.151549898127201,"pH","pH","Calcifier","ZOO_STUDY_0204","ZOO_ES_002413","ZOO_COMMON_00357",6,"Calcifier_pH",-0.3,5.7,5.67952512204647
"ambiguous_dropped","all_data","Overall",-0.0588405000229335,"pH","pH","Calcifier","ZOO_STUDY_0205","ZOO_ES_002414","ZOO_COMMON_00358",6,"Calcifier_pH",-0.3,5.7,5.70301702035358
"ambiguous_dropped","all_data","Overall",-0.171850256926659,"pH","pH","Calcifier","ZOO_STUDY_0221","ZOO_ES_002417","ZOO_COMMON_00379",6,"Calcifier_pH",-0.3,5.7,5.70576300316025
"ambiguous_dropped","all_data","Overall",-0.816207273317173,"pH","pH","Calcifier","ZOO_STUDY_0221","ZOO_ES_002418","ZOO_COMMON_00379",6,"Calcifier_pH",-0.3,5.7,5.70242099678144
"ambiguous_dropped","all_data","Overall",0.00333890126551463,"pH","pH","Calcifier","ZOO_STUDY_0234","ZOO_ES_002421","ZOO_COMMON_00401",6,"Calcifier_pH",-0.3,5.7,5.69467454743572
"ambiguous_dropped","all_data","Overall",0.047355786682289,"pH","pH","Calcifier","ZOO_STUDY_0234","ZOO_ES_002422","ZOO_COMMON_00401",6,"Calcifier_pH",-0.3,5.7,5.6958334075287
"ambiguous_dropped","all_data","Overall",-0.707331815551902,"pH","pH","Calcifier","ZOO_STUDY_0243","ZOO_ES_002423","ZOO_COMMON_00412",6,"Calcifier_pH",-0.3,5.7,5.72024554607924
"ambiguous_dropped","all_data","Overall",-0.0973741640251764,"pH","pH","Calcifier","ZOO_STUDY_0019","ZOO_ES_002424","ZOO_COMMON_00027",6,"Calcifier_pH",-0.3,5.7,5.70868109920993
"ambiguous_dropped","all_data","Overall",-0.355203273327276,"pH","pH","Calcifier","ZOO_STUDY_0019","ZOO_ES_002425","ZOO_COMMON_00027",6,"Calcifier_pH",-0.3,5.7,5.72273951160023
"ambiguous_dropped","all_data","Overall",-0.0680534632450156,"pH","pH","Calcifier","ZOO_STUDY_0133","ZOO_ES_002426","ZOO_COMMON_00229",6,"Calcifier_pH",-0.3,5.7,5.68256159233861
"ambiguous_dropped","all_data","Overall",-0.143100843640673,"pH","pH","Calcifier","ZOO_STUDY_0133","ZOO_ES_002427","ZOO_COMMON_00232",6,"Calcifier_pH",-0.3,5.7,5.70298708190676
"ambiguous_dropped","all_data","Overall",-0.190353728491219,"pH","pH","Calcifier","ZOO_STUDY_0133","ZOO_ES_002428","ZOO_COMMON_00231",6,"Calcifier_pH",-0.3,5.7,5.67993178754114
"ambiguous_dropped","all_data","Overall",0.0378099440502634,"pH","pH","Calcifier","ZOO_STUDY_0248","ZOO_ES_002429","ZOO_COMMON_00421",6,"Calcifier_pH",-0.3,5.7,5.70617249833886
"ambiguous_dropped","all_data","Overall",-0.22314355131421,"pH","pH","Calcifier","ZOO_STUDY_0133","ZOO_ES_002430","ZOO_COMMON_00230",6,"Calcifier_pH",-0.3,5.7,5.68781863799086
"ambiguous_dropped","all_data","Overall",-0.076633226020916,"pH","pH","Calcifier","ZOO_STUDY_0250","ZOO_ES_002431","ZOO_COMMON_00423",6,"Calcifier_pH",-0.3,5.7,5.69896332822973
"ambiguous_dropped","all_data","Overall",-0.422856850820034,"pH","pH","Calcifier","ZOO_STUDY_0182","ZOO_ES_002432","ZOO_COMMON_00317",6,"Calcifier_pH",-0.3,5.7,5.69885717531433
"ambiguous_dropped","all_data","Overall",0.780158557549575,"pH","pH","Calcifier","ZOO_STUDY_0257","ZOO_ES_002433","ZOO_COMMON_00434",6,"Calcifier_pH",-0.3,5.7,5.71652457081946
"ambiguous_dropped","all_data","Overall",-0.34484048629173,"pH","pH","Calcifier","ZOO_STUDY_0257","ZOO_ES_002434","ZOO_COMMON_00434",6,"Calcifier_pH",-0.3,5.7,5.71977887563407
"ambiguous_dropped","all_data","Overall",-0.113328685307003,"pH","pH","Calcifier","ZOO_STUDY_0259","ZOO_ES_002435","ZOO_COMMON_00436",6,"Calcifier_pH",-0.3,5.7,5.70384378605522
"ambiguous_dropped","all_data","Overall",-0.0996298409488413,"pH","pH","Calcifier","ZOO_STUDY_0259","ZOO_ES_002436","ZOO_COMMON_00436",6,"Calcifier_pH",-0.3,5.7,5.72218975457363
"ambiguous_dropped","all_data","Overall",-1.51059207779747,"pH","pH","Calcifier","ZOO_STUDY_0461","ZOO_ES_002437","ZOO_COMMON_00774",6,"Calcifier_pH",-0.3,5.7,5.68959176524077
"ambiguous_dropped","all_data","Overall",0.0238106486937186,"pH","pH","Calcifier","ZOO_STUDY_0288","ZOO_ES_002438","ZOO_COMMON_00485",6,"Calcifier_pH",-0.3,5.7,5.70626596382353
"ambiguous_dropped","all_data","Overall",0.00544960476756468,"pH","pH","Calcifier","ZOO_STUDY_0288","ZOO_ES_002439","ZOO_COMMON_00484",6,"Calcifier_pH",-0.3,5.7,5.70600919317221
"ambiguous_dropped","all_data","Overall",-0.00604231445596259,"pH","pH","Calcifier","ZOO_STUDY_0288","ZOO_ES_002440","ZOO_COMMON_00485",6,"Calcifier_pH",-0.3,5.7,5.70743089262396
"ambiguous_dropped","all_data","Overall",-0.0165293019512106,"pH","pH","Calcifier","ZOO_STUDY_0288","ZOO_ES_002441","ZOO_COMMON_00484",6,"Calcifier_pH",-0.3,5.7,5.68674553041346
"ambiguous_dropped","all_data","Overall",-0.487295126355797,"pH","pH","Calcifier","ZOO_STUDY_0181","ZOO_ES_002442","ZOO_COMMON_00316",6,"Calcifier_pH",-0.3,5.7,5.69518764665118
"ambiguous_dropped","all_data","Overall",-0.501346879811447,"pH","pH","Calcifier","ZOO_STUDY_0376","ZOO_ES_002443","ZOO_COMMON_00634",6,"Calcifier_pH",-0.3,5.7,5.68354749105638
"ambiguous_dropped","all_data","Overall",-0.510825623765991,"pH","pH","Calcifier","ZOO_STUDY_0019","ZOO_ES_002444","ZOO_COMMON_00027",6,"Calcifier_pH",-0.3,5.7,5.70095815144014
"ambiguous_dropped","all_data","Overall",-0.161268147596122,"pH","pH","Calcifier","ZOO_STUDY_0328","ZOO_ES_002445","ZOO_COMMON_00559",6,"Calcifier_pH",-0.3,5.7,5.70421806900995
"ambiguous_dropped","all_data","Overall",-0.269332933783584,"pH","pH","Calcifier","ZOO_STUDY_0328","ZOO_ES_002446","ZOO_COMMON_00560",6,"Calcifier_pH",-0.3,5.7,5.67900390902069
"ambiguous_dropped","all_data","Overall",-0.110203140133614,"pH","pH","Calcifier","ZOO_STUDY_0328","ZOO_ES_002447","ZOO_COMMON_00560",6,"Calcifier_pH",-0.3,5.7,5.71144512626342
"ambiguous_dropped","all_data","Overall",0,"pH","pH","Calcifier","ZOO_STUDY_0328","ZOO_ES_002448","ZOO_COMMON_00559",6,"Calcifier_pH",-0.3,5.7,5.70570332646603
"ambiguous_dropped","all_data","Overall",-0.538996500732687,"pH","pH","Calcifier","ZOO_STUDY_0184","ZOO_ES_002450","ZOO_COMMON_00321",6,"Calcifier_pH",-0.3,5.7,5.70854478800902
"ambiguous_dropped","all_data","Overall",-0.554996842079128,"pH","pH","Calcifier","ZOO_STUDY_0508","ZOO_ES_002451","ZOO_COMMON_00871",6,"Calcifier_pH",-0.3,5.7,5.6898066779715
"ambiguous_dropped","all_data","Overall",-0.555525802683898,"pH","pH","Calcifier","ZOO_STUDY_0464","ZOO_ES_002452","ZOO_COMMON_00780",6,"Calcifier_pH",-0.3,5.7,5.69302842508769
"ambiguous_dropped","all_data","Overall",-0.559615787935423,"pH","pH","Calcifier","ZOO_STUDY_0183","ZOO_ES_002453","ZOO_COMMON_00319",6,"Calcifier_pH",-0.3,5.7,5.70655331442831
"ambiguous_dropped","all_data","Overall",-0.578077850775158,"pH","pH","Calcifier","ZOO_STUDY_0221","ZOO_ES_002454","ZOO_COMMON_00379",6,"Calcifier_pH",-0.3,5.7,5.72300529683707
"ambiguous_dropped","all_data","Overall",0.0198026272961797,"pH","pH","Calcifier","ZOO_STUDY_0376","ZOO_ES_002455","ZOO_COMMON_00634",6,"Calcifier_pH",-0.3,5.7,5.69323391850339
"ambiguous_dropped","all_data","Overall",-0.0110906866941582,"pH","pH","Calcifier","ZOO_STUDY_0376","ZOO_ES_002456","ZOO_COMMON_00634",6,"Calcifier_pH",-0.3,5.7,5.6848994959495
"ambiguous_dropped","all_data","Overall",0.0588405000229334,"pH","pH","Calcifier","ZOO_STUDY_0389","ZOO_ES_002457","ZOO_COMMON_00653",6,"Calcifier_pH",-0.3,5.7,5.68770543817664
"ambiguous_dropped","all_data","Overall",-0.0906280174598183,"pH","pH","Calcifier","ZOO_STUDY_0404","ZOO_ES_002459","ZOO_COMMON_00679",6,"Calcifier_pH",-0.3,5.7,5.69926513397368
"ambiguous_dropped","all_data","Overall",-0.020834086902842,"pH","pH","Calcifier","ZOO_STUDY_0406","ZOO_ES_002460","ZOO_COMMON_00681",6,"Calcifier_pH",-0.3,5.7,5.69566408244427
"ambiguous_dropped","all_data","Overall",-0.218002151813791,"pH","pH","Calcifier","ZOO_STUDY_0406","ZOO_ES_002461","ZOO_COMMON_00681",6,"Calcifier_pH",-0.3,5.7,5.69141226650681
"ambiguous_dropped","all_data","Overall",-0.0769610411361283,"pH","pH","Calcifier","ZOO_STUDY_0406","ZOO_ES_002462","ZOO_COMMON_00681",6,"Calcifier_pH",-0.3,5.7,5.69284224852454
"ambiguous_dropped","all_data","Overall",-0.160342650075179,"pH","pH","Calcifier","ZOO_STUDY_0406","ZOO_ES_002463","ZOO_COMMON_00681",6,"Calcifier_pH",-0.3,5.7,5.70919296271168
"ambiguous_dropped","all_data","Overall",-0.00143163947143796,"pH","pH","Calcifier","ZOO_STUDY_0410","ZOO_ES_002464","ZOO_COMMON_00686",6,"Calcifier_pH",-0.3,5.7,5.71815746325301
"ambiguous_dropped","all_data","Overall",-0.405465108108164,"pH","pH","Calcifier","ZOO_STUDY_0425","ZOO_ES_002465","ZOO_COMMON_00720",6,"Calcifier_pH",-0.3,5.7,5.69844843681203
"ambiguous_dropped","all_data","Overall",-0.0707155247983976,"pH","pH","Calcifier","ZOO_STUDY_0425","ZOO_ES_002466","ZOO_COMMON_00720",6,"Calcifier_pH",-0.3,5.7,5.7041428548866
"ambiguous_dropped","all_data","Overall",-0.71512608727872,"pH","pH","Calcifier","ZOO_STUDY_0261","ZOO_ES_002467","ZOO_COMMON_00438",6,"Calcifier_pH",-0.3,5.7,5.69992799840402
"ambiguous_dropped","all_data","Overall",0.0953101798043249,"pH","pH","Calcifier","ZOO_STUDY_0433","ZOO_ES_002468","ZOO_COMMON_00738",6,"Calcifier_pH",-0.3,5.7,5.7083653928712
"ambiguous_dropped","all_data","Overall",-0.156160730755283,"pH","pH","Calcifier","ZOO_STUDY_0438","ZOO_ES_002469","ZOO_COMMON_00743",6,"Calcifier_pH",-0.3,5.7,5.70939366312232
"ambiguous_dropped","all_data","Overall",-0.585161339663438,"pH","pH","Calcifier","ZOO_STUDY_0439","ZOO_ES_002470","ZOO_COMMON_00744",6,"Calcifier_pH",-0.3,5.7,5.68036649625283
"ambiguous_dropped","all_data","Overall",-0.052691570075639,"pH","pH","Calcifier","ZOO_STUDY_0457","ZOO_ES_002471","ZOO_COMMON_00767",6,"Calcifier_pH",-0.3,5.7,5.68061046343064
"ambiguous_dropped","all_data","Overall",0,"pH","pH","Calcifier","ZOO_STUDY_0457","ZOO_ES_002472","ZOO_COMMON_00767",6,"Calcifier_pH",-0.3,5.7,5.72163900879677
"ambiguous_dropped","all_data","Overall",-0.083381608939051,"pH","pH","Calcifier","ZOO_STUDY_0461","ZOO_ES_002474","ZOO_COMMON_00776",6,"Calcifier_pH",-0.3,5.7,5.69609379376052
"ambiguous_dropped","all_data","Overall",-0.143100843640673,"pH","pH","Calcifier","ZOO_STUDY_0461","ZOO_ES_002475","ZOO_COMMON_00775",6,"Calcifier_pH",-0.3,5.7,5.70316557426704
"ambiguous_dropped","all_data","Overall",-0.262364264467491,"pH","pH","Calcifier","ZOO_STUDY_0465","ZOO_ES_002476","ZOO_COMMON_00786",6,"Calcifier_pH",-0.3,5.7,5.722812109394
"ambiguous_dropped","all_data","Overall",-0.34484048629173,"pH","pH","Calcifier","ZOO_STUDY_0465","ZOO_ES_002477","ZOO_COMMON_00783",6,"Calcifier_pH",-0.3,5.7,5.68479605363682
"ambiguous_dropped","all_data","Overall",-0.0110498361865849,"T","T","Calcifier","ZOO_STUDY_0465","ZOO_ES_002478","ZOO_COMMON_00785",6,"Calcifier_T",-0.18,5.82,5.80618732226314
"ambiguous_dropped","all_data","Overall",-0.351976423157178,"TpH","T + pH","Calcifier","ZOO_STUDY_0465","ZOO_ES_002479","ZOO_COMMON_00785",6,"Calcifier_T + pH",-0.06,5.94,5.94606784882257
"ambiguous_dropped","all_data","Overall",-0.0320883145515005,"T","T","Calcifier","ZOO_STUDY_0465","ZOO_ES_002480","ZOO_COMMON_00784",6,"Calcifier_T",-0.18,5.82,5.83672833188204
"ambiguous_dropped","all_data","Overall",-0.44300302742723,"TpH","T + pH","Calcifier","ZOO_STUDY_0465","ZOO_ES_002481","ZOO_COMMON_00784",6,"Calcifier_T + pH",-0.06,5.94,5.95539841874037
"ambiguous_dropped","all_data","Overall",-0.762140052046897,"T","T","Calcifier","ZOO_STUDY_0465","ZOO_ES_002484","ZOO_COMMON_00785",6,"Calcifier_T",-0.18,5.82,5.80255367263919
"ambiguous_dropped","all_data","Overall",-0.76409891653223,"T","T","Calcifier","ZOO_STUDY_0465","ZOO_ES_002485","ZOO_COMMON_00784",6,"Calcifier_T",-0.18,5.82,5.79916143325856
"ambiguous_dropped","all_data","Overall",-0.366244394954883,"pH","pH","Calcifier","ZOO_STUDY_0466","ZOO_ES_002486","ZOO_COMMON_00787",6,"Calcifier_pH",-0.3,5.7,5.71394653110765
"ambiguous_dropped","all_data","Overall",-0.266878944822018,"pH","pH","Calcifier","ZOO_STUDY_0464","ZOO_ES_002487","ZOO_COMMON_00781",6,"Calcifier_pH",-0.3,5.7,5.72272481264081
"ambiguous_dropped","all_data","Overall",-0.693147180559945,"pH","pH","Calcifier","ZOO_STUDY_0464","ZOO_ES_002488","ZOO_COMMON_00779",6,"Calcifier_pH",-0.3,5.7,5.705920071539
"ambiguous_dropped","all_data","Overall",-0.182321556793955,"pH","pH","Calcifier","ZOO_STUDY_0464","ZOO_ES_002489","ZOO_COMMON_00780",6,"Calcifier_pH",-0.3,5.7,5.69686081514228
"ambiguous_dropped","all_data","Overall",-0.266878944822018,"pH","pH","Calcifier","ZOO_STUDY_0464","ZOO_ES_002490","ZOO_COMMON_00781",6,"Calcifier_pH",-0.3,5.7,5.70822107396089
"ambiguous_dropped","all_data","Overall",-0.683196849706777,"pH","pH","Calcifier","ZOO_STUDY_0464","ZOO_ES_002491","ZOO_COMMON_00779",6,"Calcifier_pH",-0.3,5.7,5.71844462060835
"ambiguous_dropped","all_data","Overall",-0.325422400434628,"pH","pH","Calcifier","ZOO_STUDY_0464","ZOO_ES_002492","ZOO_COMMON_00780",6,"Calcifier_pH",-0.3,5.7,5.70013107267441
"ambiguous_dropped","all_data","Overall",-0.0606246218164347,"pH","pH","Calcifier","ZOO_STUDY_0468","ZOO_ES_002495","ZOO_COMMON_00789",6,"Calcifier_pH",-0.3,5.7,5.70144015135011
"ambiguous_dropped","all_data","Overall",0.0540672212702758,"pH","pH","Calcifier","ZOO_STUDY_0468","ZOO_ES_002496","ZOO_COMMON_00789",6,"Calcifier_pH",-0.3,5.7,5.71353717690799
"ambiguous_dropped","all_data","Overall",-0.092373320131015,"pH","pH","Calcifier","ZOO_STUDY_0468","ZOO_ES_002497","ZOO_COMMON_00790",6,"Calcifier_pH",-0.3,5.7,5.69348924967926
"ambiguous_dropped","all_data","Overall",-0.296731907971699,"pH","pH","Calcifier","ZOO_STUDY_0474","ZOO_ES_002498","ZOO_COMMON_00802",6,"Calcifier_pH",-0.3,5.7,5.72202513489174
"ambiguous_dropped","all_data","Overall",-0.0118344576470028,"pH","pH","Calcifier","ZOO_STUDY_0485","ZOO_ES_002499","ZOO_COMMON_00825",6,"Calcifier_pH",-0.3,5.7,5.6766629386344
"ambiguous_dropped","all_data","Overall",-0.423814246776361,"pH","pH","Calcifier","ZOO_STUDY_0485","ZOO_ES_002500","ZOO_COMMON_00824",6,"Calcifier_pH",-0.3,5.7,5.69191387479659
"ambiguous_dropped","all_data","Overall",-0.046091107200267,"pH","pH","Calcifier","ZOO_STUDY_0485","ZOO_ES_002501","ZOO_COMMON_00824",6,"Calcifier_pH",-0.3,5.7,5.68178142742254
"ambiguous_dropped","all_data","Overall",-0.179989647458976,"pH","pH","Calcifier","ZOO_STUDY_0485","ZOO_ES_002502","ZOO_COMMON_00824",6,"Calcifier_pH",-0.3,5.7,5.69185623844387
"ambiguous_dropped","all_data","Overall",-0.170345365747239,"pH","pH","Calcifier","ZOO_STUDY_0489","ZOO_ES_002503","ZOO_COMMON_00833",6,"Calcifier_pH",-0.3,5.7,5.69917561509646
"ambiguous_dropped","all_data","Overall",-0.439366659783846,"pH","pH","Calcifier","ZOO_STUDY_0489","ZOO_ES_002504","ZOO_COMMON_00834",6,"Calcifier_pH",-0.3,5.7,5.71285783785861
"ambiguous_dropped","all_data","Overall",-0.629603189588883,"pH","pH","Calcifier","ZOO_STUDY_0489","ZOO_ES_002505","ZOO_COMMON_00835",6,"Calcifier_pH",-0.3,5.7,5.71480614969041
"ambiguous_dropped","all_data","Overall",0.0598184952109102,"pH","pH","Calcifier","ZOO_STUDY_0493","ZOO_ES_002507","ZOO_COMMON_00842",6,"Calcifier_pH",-0.3,5.7,5.69582293103449
"ambiguous_dropped","all_data","Overall",-0.0563529365511317,"pH","pH","Calcifier","ZOO_STUDY_0493","ZOO_ES_002508","ZOO_COMMON_00842",6,"Calcifier_pH",-0.3,5.7,5.67649699116591
"ambiguous_dropped","all_data","Overall",0.169899036795397,"pH","pH","Calcifier","ZOO_STUDY_0494","ZOO_ES_002509","ZOO_COMMON_00843",6,"Calcifier_pH",-0.3,5.7,5.72191760026617
"ambiguous_dropped","all_data","Overall",-0.0426561945175759,"pH","pH","Calcifier","ZOO_STUDY_0494","ZOO_ES_002510","ZOO_COMMON_00843",6,"Calcifier_pH",-0.3,5.7,5.72077513185795
"ambiguous_dropped","all_data","Overall",-0.1227058471196,"pH","pH","Calcifier","ZOO_STUDY_0505","ZOO_ES_002511","ZOO_COMMON_00867",6,"Calcifier_pH",-0.3,5.7,5.70560567756183
"ambiguous_dropped","all_data","Overall",-0.134671253684905,"pH","pH","Calcifier","ZOO_STUDY_0505","ZOO_ES_002512","ZOO_COMMON_00867",6,"Calcifier_pH",-0.3,5.7,5.72095460402779
"ambiguous_dropped","all_data","Overall",-0.0191699161077202,"pH","pH","Calcifier","ZOO_STUDY_0506","ZOO_ES_002514","ZOO_COMMON_00868",6,"Calcifier_pH",-0.3,5.7,5.70631295115454
"ambiguous_dropped","all_data","Overall",-0.0606246218164349,"pH","pH","Calcifier","ZOO_STUDY_0506","ZOO_ES_002515","ZOO_COMMON_00868",6,"Calcifier_pH",-0.3,5.7,5.68132268282352
"ambiguous_dropped","all_data","Overall",-0.112117298120706,"pH","pH","Calcifier","ZOO_STUDY_0513","ZOO_ES_002516","ZOO_COMMON_00878",6,"Calcifier_pH",-0.3,5.7,5.682132081897
"ambiguous_dropped","all_data","Overall",-0.987386653557885,"pH","pH","Calcifier","ZOO_STUDY_0404","ZOO_ES_002517","ZOO_COMMON_00679",6,"Calcifier_pH",-0.3,5.7,5.70908219302073
"ambiguous_dropped","all_data","Overall",-0.994622575144062,"TpH","T + pH","Calcifier","ZOO_STUDY_0465","ZOO_ES_002518","ZOO_COMMON_00784",6,"Calcifier_T + pH",-0.06,5.94,5.96115124085685
"ambiguous_dropped","all_data","Overall",-1.28093384546206,"pH","pH","Calcifier","ZOO_STUDY_0508","ZOO_ES_002519","ZOO_COMMON_00871",6,"Calcifier_pH",-0.3,5.7,5.68253262145445
"ambiguous_dropped","all_data","Overall",-1.32175583998232,"pH","pH","Calcifier","ZOO_STUDY_0019","ZOO_ES_002520","ZOO_COMMON_00027",6,"Calcifier_pH",-0.3,5.7,5.7192423422588
"ambiguous_dropped","all_data","Overall",-1.32175583998232,"TpH","T + pH","Calcifier","ZOO_STUDY_0465","ZOO_ES_002521","ZOO_COMMON_00785",6,"Calcifier_T + pH",-0.06,5.94,5.93750913105672
"ambiguous_dropped","all_data","Overall",-1.6376087894008,"pH","pH","Calcifier","ZOO_STUDY_0020","ZOO_ES_002522","ZOO_COMMON_00028",6,"Calcifier_pH",-0.3,5.7,5.67733349963091
"ambiguous_dropped","all_data","Overall",-0.0235304974101942,"pH","pH","Calcifier","ZOO_STUDY_0532","ZOO_ES_002523","ZOO_COMMON_00906",6,"Calcifier_pH",-0.3,5.7,5.71617340223165
"ambiguous_dropped","all_data","Overall",-0.217192194697236,"pH","pH","Calcifier","ZOO_STUDY_0080","ZOO_ES_002722","ZOO_COMMON_00125",6,"Calcifier_pH",-0.3,5.7,5.7233142834506
"ambiguous_dropped","all_data","Overall",-0.128617377822094,"pH","pH","Calcifier","ZOO_STUDY_0129","ZOO_ES_002723","ZOO_COMMON_00225",6,"Calcifier_pH",-0.3,5.7,5.71536978946533
"ambiguous_dropped","all_data","Overall",0.0870113769896299,"pH","pH","Calcifier","ZOO_STUDY_0130","ZOO_ES_002724","ZOO_COMMON_00226",6,"Calcifier_pH",-0.3,5.7,5.68981263631722
"ambiguous_dropped","all_data","Overall",-0.119059360015988,"pH","pH","Calcifier","ZOO_STUDY_0219","ZOO_ES_002725","ZOO_COMMON_00375",6,"Calcifier_pH",-0.3,5.7,5.68489460354904
"ambiguous_dropped","all_data","Overall",-0.300954115203805,"pH","pH","Calcifier","ZOO_STUDY_0482","ZOO_ES_002726","ZOO_COMMON_00819",6,"Calcifier_pH",-0.3,5.7,5.68508364629233
"ambiguous_dropped","all_data","Overall",-0.896926364692364,"pH","pH","Calcifier","ZOO_STUDY_0482","ZOO_ES_002727","ZOO_COMMON_00819",6,"Calcifier_pH",-0.3,5.7,5.69247563432436
"ambiguous_dropped","all_data","Overall",-0.199713299505824,"pH","pH","Calcifier","ZOO_STUDY_0482","ZOO_ES_002728","ZOO_COMMON_00818",6,"Calcifier_pH",-0.3,5.7,5.68620424317196
"ambiguous_dropped","all_data","Overall",-0.186641217938471,"pH","pH","Calcifier","ZOO_STUDY_0482","ZOO_ES_002729","ZOO_COMMON_00818",6,"Calcifier_pH",-0.3,5.7,5.68322458550101
"ambiguous_dropped","all_data","Overall",0.0134985176708954,"pH","pH","Calcifier","ZOO_STUDY_0523","ZOO_ES_002730","ZOO_COMMON_00892",6,"Calcifier_pH",-0.3,5.7,5.67963649755111
"ambiguous_dropped","all_data","Overall",-0.0159820753385679,"pH","pH","Calcifier","ZOO_STUDY_0523","ZOO_ES_002731","ZOO_COMMON_00892",6,"Calcifier_pH",-0.3,5.7,5.7066449946491
"ambiguous_dropped","all_data","Overall",-0.27443684570176,"pH","pH","Calcifier","ZOO_STUDY_0109","ZOO_ES_002734","ZOO_COMMON_00188",6,"Calcifier_pH",-0.3,5.7,5.71423941716785
"ambiguous_dropped","all_data","Overall",-0.53785429615391,"pH","pH","Calcifier","ZOO_STUDY_0109","ZOO_ES_002735","ZOO_COMMON_00188",6,"Calcifier_pH",-0.3,5.7,5.67797446490731
"ambiguous_dropped","all_data","Overall",0.0495969411393722,"pH","pH","Calcifier","ZOO_STUDY_0065","ZOO_ES_002738","ZOO_COMMON_00100",6,"Calcifier_pH",-0.3,5.7,5.67921498273499
"ambiguous_dropped","all_data","Overall",0,"pH","pH","Calcifier","ZOO_STUDY_0303","ZOO_ES_002739","ZOO_COMMON_00520",6,"Calcifier_pH",-0.3,5.7,5.67521388619207
"ambiguous_dropped","all_data","Overall",-0.00200803280324563,"pH","pH","Calcifier","ZOO_STUDY_0358","ZOO_ES_002740","ZOO_COMMON_00603",6,"Calcifier_pH",-0.3,5.7,5.6821110357414
"ambiguous_dropped","all_data","Overall",-0.00351670796996687,"pH","pH","Calcifier","ZOO_STUDY_0358","ZOO_ES_002741","ZOO_COMMON_00603",6,"Calcifier_pH",-0.3,5.7,5.72145968518453
"ambiguous_dropped","all_data","Overall",-0.0068415318167166,"pH","pH","Calcifier","ZOO_STUDY_0303","ZOO_ES_002742","ZOO_COMMON_00520",6,"Calcifier_pH",-0.3,5.7,5.68309424115578
"ambiguous_dropped","all_data","Overall",-0.0112995552539334,"pH","pH","Calcifier","ZOO_STUDY_0260","ZOO_ES_002743","ZOO_COMMON_00437",6,"Calcifier_pH",-0.3,5.7,5.72442505749641
"ambiguous_dropped","all_data","Overall",-0.023048395436291,"pH","pH","Calcifier","ZOO_STUDY_0251","ZOO_ES_002744","ZOO_COMMON_00424",6,"Calcifier_pH",-0.3,5.7,5.71021116297925
"ambiguous_dropped","all_data","Overall",-0.0293021506873938,"pH","pH","Calcifier","ZOO_STUDY_0385","ZOO_ES_002745","ZOO_COMMON_00645",6,"Calcifier_pH",-0.3,5.7,5.69122712773969
"ambiguous_dropped","all_data","Overall",-0.0317486983145803,"pH","pH","Calcifier","ZOO_STUDY_0511","ZOO_ES_002746","ZOO_COMMON_00875",6,"Calcifier_pH",-0.3,5.7,5.69140426167287
"ambiguous_dropped","all_data","Overall",-0.0342890734786321,"pH","pH","Calcifier","ZOO_STUDY_0260","ZOO_ES_002747","ZOO_COMMON_00437",6,"Calcifier_pH",-0.3,5.7,5.71383510378655
"ambiguous_dropped","all_data","Overall",-0.0382212128201977,"pH","pH","Calcifier","ZOO_STUDY_0531","ZOO_ES_002748","ZOO_COMMON_00904",6,"Calcifier_pH",-0.3,5.7,5.69993015640648
"ambiguous_dropped","all_data","Overall",-0.0512932943875506,"pH","pH","Calcifier","ZOO_STUDY_0307","ZOO_ES_002749","ZOO_COMMON_00526",6,"Calcifier_pH",-0.3,5.7,5.69985034249257
"ambiguous_dropped","all_data","Overall",-0.0653827592628517,"pH","pH","Calcifier","ZOO_STUDY_0251","ZOO_ES_002750","ZOO_COMMON_00424",6,"Calcifier_pH",-0.3,5.7,5.68831874200841
"ambiguous_dropped","all_data","Overall",-0.0859424298007248,"pH","pH","Calcifier","ZOO_STUDY_0385","ZOO_ES_002751","ZOO_COMMON_00645",6,"Calcifier_pH",-0.3,5.7,5.72149007174885
"ambiguous_dropped","all_data","Overall",-2.14006616349627,"pH","pH","Calcifier","ZOO_STUDY_0191","ZOO_ES_002752","ZOO_COMMON_00337",6,"Calcifier_pH",-0.3,5.7,5.7088772891555
"ambiguous_dropped","all_data","Overall",-2.07944154167984,"pH","pH","Calcifier","ZOO_STUDY_0190","ZOO_ES_002753","ZOO_COMMON_00333",6,"Calcifier_pH",-0.3,5.7,5.71051299161045
"ambiguous_dropped","all_data","Overall",-0.693147180559945,"pH","pH","Calcifier","ZOO_STUDY_0191","ZOO_ES_002754","ZOO_COMMON_00337",6,"Calcifier_pH",-0.3,5.7,5.6890897037345
"ambiguous_dropped","all_data","Overall",-0.470003629245736,"pH","pH","Calcifier","ZOO_STUDY_0191","ZOO_ES_002755","ZOO_COMMON_00336",6,"Calcifier_pH",-0.3,5.7,5.70403459714726
"ambiguous_dropped","all_data","Overall",-0.105360515657826,"pH","pH","Calcifier","ZOO_STUDY_0531","ZOO_ES_002756","ZOO_COMMON_00905",6,"Calcifier_pH",-0.3,5.7,5.72271284022136
"ambiguous_dropped","all_data","Overall",-0.112117298120706,"pH","pH","Calcifier","ZOO_STUDY_0190","ZOO_ES_002757","ZOO_COMMON_00333",6,"Calcifier_pH",-0.3,5.7,5.67679992741905
"ambiguous_dropped","all_data","Overall",-0.14349338535327,"pH","pH","Calcifier","ZOO_STUDY_0463","ZOO_ES_002764","ZOO_COMMON_00778",6,"Calcifier_pH",-0.3,5.7,5.70051179711008
"ambiguous_dropped","all_data","Overall",-0.146603474191875,"pH","pH","Calcifier","ZOO_STUDY_0190","ZOO_ES_002765","ZOO_COMMON_00333",6,"Calcifier_pH",-0.3,5.7,5.71802929777186
"ambiguous_dropped","all_data","Overall",-0.150822889734584,"pH","pH","Calcifier","ZOO_STUDY_0531","ZOO_ES_002766","ZOO_COMMON_00905",6,"Calcifier_pH",-0.3,5.7,5.6888746183482
"ambiguous_dropped","all_data","Overall",-0.0188684843043828,"pH","pH","Calcifier","ZOO_STUDY_0043","ZOO_ES_002767","ZOO_COMMON_00061",6,"Calcifier_pH",-0.3,5.7,5.69314245398855
"ambiguous_dropped","all_data","Overall",-2.07944154167984,"pH","pH","Calcifier","ZOO_STUDY_0252","ZOO_ES_002769","ZOO_COMMON_00425",6,"Calcifier_pH",-0.3,5.7,5.7208258751547
"ambiguous_dropped","all_data","Overall",-1.45083288225746,"pH","pH","Calcifier","ZOO_STUDY_0252","ZOO_ES_002770","ZOO_COMMON_00425",6,"Calcifier_pH",-0.3,5.7,5.67901176871965
"ambiguous_dropped","all_data","Overall",-1.55369592942586,"pH","pH","Calcifier","ZOO_STUDY_0287","ZOO_ES_002771","ZOO_COMMON_00483",6,"Calcifier_pH",-0.3,5.7,5.70063623186434
"ambiguous_dropped","all_data","Overall",-1.17587077180524,"pH","pH","Calcifier","ZOO_STUDY_0287","ZOO_ES_002772","ZOO_COMMON_00483",6,"Calcifier_pH",-0.3,5.7,5.69600189230405
"ambiguous_dropped","all_data","Overall",-2.99573227355399,"pH","pH","Calcifier","ZOO_STUDY_0358","ZOO_ES_002773","ZOO_COMMON_00602",6,"Calcifier_pH",-0.3,5.7,5.6829024733277
"ambiguous_dropped","all_data","Overall",-1.79175946922805,"pH","pH","Calcifier","ZOO_STUDY_0358","ZOO_ES_002774","ZOO_COMMON_00602",6,"Calcifier_pH",-0.3,5.7,5.69747789955
"ambiguous_dropped","all_data","Overall",-0.182321556793955,"pH","pH","Calcifier","ZOO_STUDY_0065","ZOO_ES_002775","ZOO_COMMON_00099",6,"Calcifier_pH",-0.3,5.7,5.68348103682511
"ambiguous_dropped","all_data","Overall",-0.143100843640673,"pH","pH","Calcifier","ZOO_STUDY_0065","ZOO_ES_002776","ZOO_COMMON_00099",6,"Calcifier_pH",-0.3,5.7,5.71776236043079
"ambiguous_dropped","all_data","Overall",-0.159064694629687,"pH","pH","Calcifier","ZOO_STUDY_0190","ZOO_ES_002779","ZOO_COMMON_00334",6,"Calcifier_pH",-0.3,5.7,5.70940665855305
"ambiguous_dropped","all_data","Overall",-0.176456437341557,"pH","pH","Calcifier","ZOO_STUDY_0190","ZOO_ES_002780","ZOO_COMMON_00334",6,"Calcifier_pH",-0.3,5.7,5.68107626182027
"ambiguous_dropped","all_data","Overall",-0.246860077931526,"pH","pH","Calcifier","ZOO_STUDY_0511","ZOO_ES_002786","ZOO_COMMON_00875",6,"Calcifier_pH",-0.3,5.7,5.68095580056543
"ambiguous_dropped","all_data","Overall",-0.356674943938732,"pH","pH","Calcifier","ZOO_STUDY_0531","ZOO_ES_002787","ZOO_COMMON_00904",6,"Calcifier_pH",-0.3,5.7,5.68942719388288
"ambiguous_dropped","all_data","Overall",0.010695289116748,"pH","pH","Calcifier","ZOO_STUDY_0191","ZOO_ES_002788","ZOO_COMMON_00337",6,"Calcifier_pH",-0.3,5.7,5.72201177985407
"ambiguous_dropped","all_data","Overall",0,"pH","pH","Calcifier","ZOO_STUDY_0191","ZOO_ES_002789","ZOO_COMMON_00336",6,"Calcifier_pH",-0.3,5.7,5.72158201847924
"ambiguous_dropped","all_data","Overall",-0.0327898228229908,"pH","pH","Calcifier","ZOO_STUDY_0191","ZOO_ES_002790","ZOO_COMMON_00337",6,"Calcifier_pH",-0.3,5.7,5.6841464254423
"ambiguous_dropped","all_data","Overall",-0.241162056816888,"pH","pH","Calcifier","ZOO_STUDY_0191","ZOO_ES_002791","ZOO_COMMON_00336",6,"Calcifier_pH",-0.3,5.7,5.72064368705032
"ambiguous_dropped","all_data","Overall",-0.00706716722309244,"pH","pH","Calcifier","ZOO_STUDY_0252","ZOO_ES_002806","ZOO_COMMON_00425",6,"Calcifier_pH",-0.3,5.7,5.67832289157668
"ambiguous_dropped","all_data","Overall",-0.0468554172815052,"pH","pH","Calcifier","ZOO_STUDY_0252","ZOO_ES_002807","ZOO_COMMON_00425",6,"Calcifier_pH",-0.3,5.7,5.71888143848628
"ambiguous_dropped","all_data","Overall",0.0750351859429141,"pH","pH","Calcifier","ZOO_STUDY_0253","ZOO_ES_002808","ZOO_COMMON_00426",6,"Calcifier_pH",-0.3,5.7,5.67794052622048
"ambiguous_dropped","all_data","Overall",-0.00947874395454377,"pH","pH","Calcifier","ZOO_STUDY_0260","ZOO_ES_002809","ZOO_COMMON_00437",6,"Calcifier_pH",-0.3,5.7,5.7225847936701
"ambiguous_dropped","all_data","Overall",-0.120144311842063,"pH","pH","Calcifier","ZOO_STUDY_0260","ZOO_ES_002810","ZOO_COMMON_00437",6,"Calcifier_pH",-0.3,5.7,5.68300347039476
"ambiguous_dropped","all_data","Overall",0.262364264467491,"T","T","Calcifier","ZOO_STUDY_0277","ZOO_ES_002813","ZOO_COMMON_00459",6,"Calcifier_T",-0.18,5.82,5.8240417678305
"ambiguous_dropped","all_data","Overall",0.0645385211375712,"TpH","T + pH","Calcifier","ZOO_STUDY_0277","ZOO_ES_002814","ZOO_COMMON_00459",6,"Calcifier_T + pH",-0.06,5.94,5.95057083450723
"ambiguous_dropped","all_data","Overall",0.268263986594679,"T","T","Calcifier","ZOO_STUDY_0277","ZOO_ES_002815","ZOO_COMMON_00459",6,"Calcifier_T",-0.18,5.82,5.80901612590998
"ambiguous_dropped","all_data","Overall",0.0859424298007246,"TpH","T + pH","Calcifier","ZOO_STUDY_0277","ZOO_ES_002816","ZOO_COMMON_00459",6,"Calcifier_T + pH",-0.06,5.94,5.91633158391109
"ambiguous_dropped","all_data","Overall",-0.0189041546391527,"pH","pH","Calcifier","ZOO_STUDY_0287","ZOO_ES_002822","ZOO_COMMON_00483",6,"Calcifier_pH",-0.3,5.7,5.71053112262161
"ambiguous_dropped","all_data","Overall",-0.0674691533205412,"pH","pH","Calcifier","ZOO_STUDY_0287","ZOO_ES_002823","ZOO_COMMON_00483",6,"Calcifier_pH",-0.3,5.7,5.6906373409438
"ambiguous_dropped","all_data","Overall",-0.466619531261495,"pH","pH","Calcifier","ZOO_STUDY_0065","ZOO_ES_002824","ZOO_COMMON_00100",6,"Calcifier_pH",-0.3,5.7,5.71775685281027
"ambiguous_dropped","all_data","Overall",-0.145182009844498,"pH","pH","Calcifier","ZOO_STUDY_0303","ZOO_ES_002825","ZOO_COMMON_00519",6,"Calcifier_pH",-0.3,5.7,5.69859096533619
"ambiguous_dropped","all_data","Overall",-0.0903840614682691,"pH","pH","Calcifier","ZOO_STUDY_0303","ZOO_ES_002826","ZOO_COMMON_00520",6,"Calcifier_pH",-0.3,5.7,5.72460514142877
"ambiguous_dropped","all_data","Overall",-0.103989713524048,"pH","pH","Calcifier","ZOO_STUDY_0303","ZOO_ES_002827","ZOO_COMMON_00520",6,"Calcifier_pH",-0.3,5.7,5.67889319730457
"ambiguous_dropped","all_data","Overall",-0.0540672212702758,"pH","pH","Calcifier","ZOO_STUDY_0308","ZOO_ES_002830","ZOO_COMMON_00528",6,"Calcifier_pH",-0.3,5.7,5.67623540688073
"ambiguous_dropped","all_data","Overall",-0.0618754037180875,"pH","pH","Calcifier","ZOO_STUDY_0308","ZOO_ES_002831","ZOO_COMMON_00528",6,"Calcifier_pH",-0.3,5.7,5.70375842531212
"ambiguous_dropped","all_data","Overall",-0.0631789016215316,"pH","pH","Calcifier","ZOO_STUDY_0308","ZOO_ES_002832","ZOO_COMMON_00528",6,"Calcifier_pH",-0.3,5.7,5.70538319910411
"ambiguous_dropped","all_data","Overall",-0.154150679827258,"pH","pH","Calcifier","ZOO_STUDY_0308","ZOO_ES_002833","ZOO_COMMON_00528",6,"Calcifier_pH",-0.3,5.7,5.67521826046286
"ambiguous_dropped","all_data","Overall",-0.136336443552131,"pH","pH","Calcifier","ZOO_STUDY_0308","ZOO_ES_002834","ZOO_COMMON_00528",6,"Calcifier_pH",-0.3,5.7,5.71218499969691
"ambiguous_dropped","all_data","Overall",-0.0640788566845224,"pH","pH","Calcifier","ZOO_STUDY_0308","ZOO_ES_002835","ZOO_COMMON_00528",6,"Calcifier_pH",-0.3,5.7,5.67733883601613
"ambiguous_dropped","all_data","Overall",0,"pH","pH","Calcifier","ZOO_STUDY_0308","ZOO_ES_002836","ZOO_COMMON_00529",6,"Calcifier_pH",-0.3,5.7,5.69891145526199
"ambiguous_dropped","all_data","Overall",0.0190481949706944,"pH","pH","Calcifier","ZOO_STUDY_0307","ZOO_ES_002837","ZOO_COMMON_00527",6,"Calcifier_pH",-0.3,5.7,5.72192775228759
"ambiguous_dropped","all_data","Overall",-0.0723206615796261,"pH","pH","Calcifier","ZOO_STUDY_0346","ZOO_ES_002838","ZOO_COMMON_00588",6,"Calcifier_pH",-0.3,5.7,5.67798188452143
"ambiguous_dropped","all_data","Overall",-0.136859182717197,"pH","pH","Calcifier","ZOO_STUDY_0346","ZOO_ES_002839","ZOO_COMMON_00588",6,"Calcifier_pH",-0.3,5.7,5.72268204508582
"ambiguous_dropped","all_data","Overall",-0.130496488929369,"pH","pH","Calcifier","ZOO_STUDY_0385","ZOO_ES_002844","ZOO_COMMON_00646",6,"Calcifier_pH",-0.3,5.7,5.71354025522014
"ambiguous_dropped","all_data","Overall",-0.100643525779687,"pH","pH","Calcifier","ZOO_STUDY_0385","ZOO_ES_002845","ZOO_COMMON_00645",6,"Calcifier_pH",-0.3,5.7,5.71757747001247
"ambiguous_dropped","all_data","Overall",-0.0741079721537217,"pH","pH","Calcifier","ZOO_STUDY_0488","ZOO_ES_002850","ZOO_COMMON_00829",6,"Calcifier_pH",-0.3,5.7,5.68589823006187
"ambiguous_dropped","all_data","Overall",0.0196469973837964,"pH","pH","Calcifier","ZOO_STUDY_0488","ZOO_ES_002851","ZOO_COMMON_00828",6,"Calcifier_pH",-0.3,5.7,5.72472363738343
"ambiguous_dropped","all_data","Overall",-0.207639364778244,"pH","pH","Calcifier","ZOO_STUDY_0489","ZOO_ES_002852","ZOO_COMMON_00830",6,"Calcifier_pH",-0.3,5.7,5.70967615301488
"ambiguous_dropped","all_data","Overall",-0.538996500732687,"pH","pH","Calcifier","ZOO_STUDY_0489","ZOO_ES_002853","ZOO_COMMON_00832",6,"Calcifier_pH",-0.3,5.7,5.6893566563027
"ambiguous_dropped","all_data","Overall",-0.579818495252942,"pH","pH","Calcifier","ZOO_STUDY_0489","ZOO_ES_002854","ZOO_COMMON_00831",6,"Calcifier_pH",-0.3,5.7,5.7158971216646
"ambiguous_dropped","all_data","Overall",-0.0560894666510436,"pH","pH","Calcifier","ZOO_STUDY_0511","ZOO_ES_002855","ZOO_COMMON_00875",6,"Calcifier_pH",-0.3,5.7,5.72297122295713
"ambiguous_dropped","all_data","Overall",-0.02765153133051,"pH","pH","Calcifier","ZOO_STUDY_0511","ZOO_ES_002856","ZOO_COMMON_00875",6,"Calcifier_pH",-0.3,5.7,5.72002107513836
"ambiguous_dropped","all_data","Overall",-1.02165124753198,"pH","pH","Calcifier","ZOO_STUDY_0307","ZOO_ES_002860","ZOO_COMMON_00526",6,"Calcifier_pH",-0.3,5.7,5.68134196846513
"ambiguous_dropped","all_data","Overall",-1.40691364832263,"pH","pH","Calcifier","ZOO_STUDY_0463","ZOO_ES_002861","ZOO_COMMON_00778",6,"Calcifier_pH",-0.3,5.7,5.67798163830303
"ambiguous_dropped","all_data","Overall",-0.67116827384117,"T","T","Calcifier","ZOO_STUDY_0494","ZOO_ES_002871","ZOO_COMMON_00844",6,"Calcifier_T",-0.18,5.82,5.83592064645374
"ambiguous_dropped","all_data","Overall",-0.67116827384117,"TpH","T + pH","Calcifier","ZOO_STUDY_0494","ZOO_ES_002872","ZOO_COMMON_00844",6,"Calcifier_T + pH",-0.06,5.94,5.95801581877517
"ambiguous_dropped","all_data","Overall",1.44947326274142,"T","T","Calcifier","ZOO_STUDY_0494","ZOO_ES_002873","ZOO_COMMON_00844",6,"Calcifier_T",-0.18,5.82,5.79725998152746
"ambiguous_dropped","all_data","Overall",1.41838267567139,"TpH","T + pH","Calcifier","ZOO_STUDY_0494","ZOO_ES_002874","ZOO_COMMON_00844",6,"Calcifier_T + pH",-0.06,5.94,5.92622652558843
"ambiguous_dropped","all_data","Overall",-0.136020623206164,"T","T","Calcifier","ZOO_STUDY_0494","ZOO_ES_002877","ZOO_COMMON_00844",6,"Calcifier_T",-0.18,5.82,5.83024089674465
"ambiguous_dropped","all_data","Overall",-0.116278144476963,"TpH","T + pH","Calcifier","ZOO_STUDY_0494","ZOO_ES_002878","ZOO_COMMON_00844",6,"Calcifier_T + pH",-0.06,5.94,5.91993478310527
"ambiguous_dropped","all_data","Overall",-0.0304592074847086,"T","T","Calcifier","ZOO_STUDY_0114","ZOO_ES_002879","ZOO_COMMON_00196",6,"Calcifier_T",-0.18,5.82,5.79579455374507
"ambiguous_dropped","all_data","Overall",0.0953101798043249,"T","T","Calcifier","ZOO_STUDY_0197","ZOO_ES_002882","ZOO_COMMON_00349",6,"Calcifier_T",-0.18,5.82,5.84028154220898
"ambiguous_dropped","all_data","Overall",0.0723206615796261,"TpH","T + pH","Calcifier","ZOO_STUDY_0197","ZOO_ES_002883","ZOO_COMMON_00349",6,"Calcifier_T + pH",-0.06,5.94,5.91745167347603
"ambiguous_dropped","all_data","Overall",0.0246926125903714,"T","T","Calcifier","ZOO_STUDY_0197","ZOO_ES_002884","ZOO_COMMON_00349",6,"Calcifier_T",-0.18,5.82,5.83870781024918
"ambiguous_dropped","all_data","Overall",0.00747201483870106,"TpH","T + pH","Calcifier","ZOO_STUDY_0197","ZOO_ES_002885","ZOO_COMMON_00349",6,"Calcifier_T + pH",-0.06,5.94,5.92102851449512
"ambiguous_dropped","all_data","Overall",-0.117783035656383,"T","T","Calcifier","ZOO_STUDY_0468","ZOO_ES_002890","ZOO_COMMON_00791",6,"Calcifier_T",-0.18,5.82,5.81520820620237
"ambiguous_dropped","all_data","Overall",-0.165792254842744,"TpH","T + pH","Calcifier","ZOO_STUDY_0468","ZOO_ES_002891","ZOO_COMMON_00791",6,"Calcifier_T + pH",-0.06,5.94,5.92649614915485
"ambiguous_dropped","all_data","Overall",0,"pH","pH","Calcifier","ZOO_STUDY_0076","ZOO_ES_002896","ZOO_COMMON_00121",6,"Calcifier_pH",-0.3,5.7,5.71381177046569
"ambiguous_dropped","all_data","Overall",-1.13943428318836,"pH","pH","Calcifier","ZOO_STUDY_0139","ZOO_ES_002897","ZOO_COMMON_00239",6,"Calcifier_pH",-0.3,5.7,5.70381625830196
"ambiguous_dropped","all_data","Overall",-0.693147180559945,"pH","pH","Calcifier","ZOO_STUDY_0222","ZOO_ES_002898","ZOO_COMMON_00381",6,"Calcifier_pH",-0.3,5.7,5.68474023777526
"ambiguous_dropped","all_data","Overall",-1.56693483511779,"pH","pH","Calcifier","ZOO_STUDY_0529","ZOO_ES_002899","ZOO_COMMON_00899",6,"Calcifier_pH",-0.3,5.7,5.69623786802404
"ambiguous_dropped","all_data","Overall",-1.3612765981446,"pH","pH","Calcifier","ZOO_STUDY_0529","ZOO_ES_002900","ZOO_COMMON_00899",6,"Calcifier_pH",-0.3,5.7,5.69699876980158
"ambiguous_dropped","all_data","Overall",-0.44628710262842,"pH","pH","Calcifier","ZOO_STUDY_0527","ZOO_ES_002901","ZOO_COMMON_00897",6,"Calcifier_pH",-0.3,5.7,5.72044232273474
"ambiguous_dropped","all_data","Overall",-0.271933715483642,"pH","pH","Calcifier","ZOO_STUDY_0527","ZOO_ES_002902","ZOO_COMMON_00897",6,"Calcifier_pH",-0.3,5.7,5.69813322511036
"ambiguous_dropped","all_data","Overall",-0.297251523467932,"pH","pH","Calcifier","ZOO_STUDY_0073","ZOO_ES_002903","ZOO_COMMON_00115",6,"Calcifier_pH",-0.3,5.7,5.72157989221159
"ambiguous_dropped","all_data","Overall",-0.109199291964992,"pH","pH","Calcifier","ZOO_STUDY_0072","ZOO_ES_002904","ZOO_COMMON_00113",6,"Calcifier_pH",-0.3,5.7,5.69447274463018
"ambiguous_dropped","all_data","Overall",-1.38629436111989,"pH","pH","Calcifier","ZOO_STUDY_0076","ZOO_ES_002905","ZOO_COMMON_00121",6,"Calcifier_pH",-0.3,5.7,5.71526317235548
"ambiguous_dropped","all_data","Overall",-0.400551093305735,"pH","pH","Calcifier","ZOO_STUDY_0125","ZOO_ES_002906","ZOO_COMMON_00221",6,"Calcifier_pH",-0.3,5.7,5.71342778599355
"ambiguous_dropped","all_data","Overall",-0.700582159047463,"pH","pH","Calcifier","ZOO_STUDY_0481","ZOO_ES_002907","ZOO_COMMON_00817",6,"Calcifier_pH",-0.3,5.7,5.69204536449397
"ambiguous_dropped","all_data","Overall",-0.177334015282915,"pH","pH","Calcifier","ZOO_STUDY_0481","ZOO_ES_002908","ZOO_COMMON_00817",6,"Calcifier_pH",-0.3,5.7,5.72189467193093
"ambiguous_dropped","all_data","Overall",-0.603535021870258,"TpH","T + pH","Calcifier","ZOO_STUDY_0047","ZOO_ES_002909","ZOO_COMMON_00067",6,"Calcifier_T + pH",-0.06,5.94,5.94019156399649
"ambiguous_dropped","all_data","Overall",-0.587786664902119,"TpH","T + pH","Calcifier","ZOO_STUDY_0047","ZOO_ES_002910","ZOO_COMMON_00067",6,"Calcifier_T + pH",-0.06,5.94,5.93121386540355
"ambiguous_dropped","all_data","Overall",-0.538996500732687,"T","T","Calcifier","ZOO_STUDY_0047","ZOO_ES_002911","ZOO_COMMON_00067",6,"Calcifier_T",-0.18,5.82,5.81713227222674
"ambiguous_dropped","all_data","Overall",-0.245122458032985,"pH","pH","Calcifier","ZOO_STUDY_0047","ZOO_ES_002912","ZOO_COMMON_00067",6,"Calcifier_pH",-0.3,5.7,5.69934867387637
"ambiguous_dropped","all_data","Overall",-0.0273989741881146,"pH","pH","Calcifier","ZOO_STUDY_0047","ZOO_ES_002913","ZOO_COMMON_00067",6,"Calcifier_pH",-0.3,5.7,5.71708013203461
"ambiguous_dropped","all_data","Overall",-0.173271721274037,"pH","pH","Calcifier","ZOO_STUDY_0118","ZOO_ES_002914","ZOO_COMMON_00206",6,"Calcifier_pH",-0.3,5.7,5.72245797057403
"ambiguous_dropped","all_data","Overall",-0.0526437334854221,"pH","pH","Calcifier","ZOO_STUDY_0118","ZOO_ES_002915","ZOO_COMMON_00206",6,"Calcifier_pH",-0.3,5.7,5.6985184906167
"ambiguous_dropped","all_data","Overall",-0.496436886313891,"pH","pH","Calcifier","ZOO_STUDY_0122","ZOO_ES_002916","ZOO_COMMON_00213",6,"Calcifier_pH",-0.3,5.7,5.69355309918756
"ambiguous_dropped","all_data","Overall",-0.194156014440958,"pH","pH","Calcifier","ZOO_STUDY_0122","ZOO_ES_002917","ZOO_COMMON_00213",6,"Calcifier_pH",-0.3,5.7,5.68629542576382
"ambiguous_dropped","all_data","Overall",-0.204794412646013,"pH","pH","Calcifier","ZOO_STUDY_0270","ZOO_ES_002918","ZOO_COMMON_00450",6,"Calcifier_pH",-0.3,5.7,5.67523033131147
"ambiguous_dropped","all_data","Overall",-0.0162605208717805,"pH","pH","Calcifier","ZOO_STUDY_0149","ZOO_ES_002919","ZOO_COMMON_00254",6,"Calcifier_pH",-0.3,5.7,5.71047186788637
"ambiguous_dropped","all_data","Overall",0.474457979595116,"pH","pH","Calcifier","ZOO_STUDY_0149","ZOO_ES_002920","ZOO_COMMON_00253",6,"Calcifier_pH",-0.3,5.7,5.70981841713656
"ambiguous_dropped","all_data","Overall",-0.251035823411364,"pH","pH","Calcifier","ZOO_STUDY_0124","ZOO_ES_002921","ZOO_COMMON_00219",6,"Calcifier_pH",-0.3,5.7,5.67573474757373
"ambiguous_dropped","all_data","Overall",-0.547421564832391,"pH","pH","Calcifier","ZOO_STUDY_0311","ZOO_ES_002922","ZOO_COMMON_00532",6,"Calcifier_pH",-0.3,5.7,5.68438413459808
"ambiguous_dropped","all_data","Overall",-0.20248824907689,"pH","pH","Calcifier","ZOO_STUDY_0311","ZOO_ES_002923","ZOO_COMMON_00532",6,"Calcifier_pH",-0.3,5.7,5.70184270167956
"ambiguous_dropped","all_data","Overall",-0.139761942375159,"pH","pH","Calcifier","ZOO_STUDY_0118","ZOO_ES_002926","ZOO_COMMON_00206",6,"Calcifier_pH",-0.3,5.7,5.6829504589783
"ambiguous_dropped","all_data","Overall",-0.152340724582019,"pH","pH","Calcifier","ZOO_STUDY_0118","ZOO_ES_002927","ZOO_COMMON_00206",6,"Calcifier_pH",-0.3,5.7,5.68730049938895
"ambiguous_dropped","all_data","Overall",-0.0706175672139534,"TpH","T + pH","Calcifier","ZOO_STUDY_0147","ZOO_ES_002928","ZOO_COMMON_00249",6,"Calcifier_T + pH",-0.06,5.94,5.96111574962037
"ambiguous_dropped","all_data","Overall",-0.0767337942313894,"T","T","Calcifier","ZOO_STUDY_0147","ZOO_ES_002929","ZOO_COMMON_00249",6,"Calcifier_T",-0.18,5.82,5.81315523038385
"ambiguous_dropped","all_data","Overall",-0.146603474191875,"TpH","T + pH","Calcifier","ZOO_STUDY_0147","ZOO_ES_002930","ZOO_COMMON_00249",6,"Calcifier_T + pH",-0.06,5.94,5.96464086894179
"ambiguous_dropped","all_data","Overall",0.225956492690824,"pH","pH","Calcifier","ZOO_STUDY_0087","ZOO_ES_002942","ZOO_COMMON_00142",6,"Calcifier_pH",-0.3,5.7,5.71128623214318
"ambiguous_dropped","all_data","Overall",0.213574100298059,"pH","pH","Calcifier","ZOO_STUDY_0087","ZOO_ES_002945","ZOO_COMMON_00151",6,"Calcifier_pH",-0.3,5.7,5.68246102341218
"ambiguous_dropped","all_data","Overall",0.203228241613268,"pH","pH","Calcifier","ZOO_STUDY_0087","ZOO_ES_002946","ZOO_COMMON_00142",6,"Calcifier_pH",-0.3,5.7,5.70459510124056
"ambiguous_dropped","all_data","Overall",0.200670695462151,"pH","pH","Calcifier","ZOO_STUDY_0087","ZOO_ES_002947","ZOO_COMMON_00151",6,"Calcifier_pH",-0.3,5.7,5.71743677444756
"ambiguous_dropped","all_data","Overall",0.0934340066460971,"pH","pH","Calcifier","ZOO_STUDY_0122","ZOO_ES_002950","ZOO_COMMON_00213",6,"Calcifier_pH",-0.3,5.7,5.71169972285861
"ambiguous_dropped","all_data","Overall",0.0719734996250892,"pH","pH","Calcifier","ZOO_STUDY_0186","ZOO_ES_002952","ZOO_COMMON_00325",6,"Calcifier_pH",-0.3,5.7,5.69812479293905
"ambiguous_dropped","all_data","Overall",0.048790164169432,"pH","pH","Calcifier","ZOO_STUDY_0157","ZOO_ES_002953","ZOO_COMMON_00266",6,"Calcifier_pH",-0.3,5.7,5.70055434439564
"ambiguous_dropped","all_data","Overall",0.0254466656611646,"pH","pH","Calcifier","ZOO_STUDY_0122","ZOO_ES_002955","ZOO_COMMON_00213",6,"Calcifier_pH",-0.3,5.7,5.70281919774134
"ambiguous_dropped","all_data","Overall",0.0200407508834462,"pH","pH","Calcifier","ZOO_STUDY_0126","ZOO_ES_002956","ZOO_COMMON_00222",6,"Calcifier_pH",-0.3,5.7,5.68503978243098
"ambiguous_dropped","all_data","Overall",-0.00311688564025311,"pH","pH","Calcifier","ZOO_STUDY_0079","ZOO_ES_002957","ZOO_COMMON_00124",6,"Calcifier_pH",-0.3,5.7,5.71945954707917
"ambiguous_dropped","all_data","Overall",-0.0194180858571016,"pH","pH","Calcifier","ZOO_STUDY_0087","ZOO_ES_002958","ZOO_COMMON_00146",6,"Calcifier_pH",-0.3,5.7,5.68271919969702
"ambiguous_dropped","all_data","Overall",-0.0276515313305101,"pH","pH","Calcifier","ZOO_STUDY_0087","ZOO_ES_002959","ZOO_COMMON_00148",6,"Calcifier_pH",-0.3,5.7,5.7042299780529
"ambiguous_dropped","all_data","Overall",-0.0439631234211161,"pH","pH","Calcifier","ZOO_STUDY_0131","ZOO_ES_002960","ZOO_COMMON_00227",6,"Calcifier_pH",-0.3,5.7,5.69904684874928
"ambiguous_dropped","all_data","Overall",-0.045556531602367,"pH","pH","Calcifier","ZOO_STUDY_0126","ZOO_ES_002961","ZOO_COMMON_00222",6,"Calcifier_pH",-0.3,5.7,5.68486416073283
"ambiguous_dropped","all_data","Overall",-0.0476280489892548,"pH","pH","Calcifier","ZOO_STUDY_0125","ZOO_ES_002962","ZOO_COMMON_00221",6,"Calcifier_pH",-0.3,5.7,5.72392122356687
"ambiguous_dropped","all_data","Overall",-0.114644831511781,"pH","pH","Calcifier","ZOO_STUDY_0199","ZOO_ES_002967","ZOO_COMMON_00351",6,"Calcifier_pH",-0.3,5.7,5.69095157318516
"ambiguous_dropped","all_data","Overall",-0.2578291093021,"pH","pH","Calcifier","ZOO_STUDY_0280","ZOO_ES_002968","ZOO_COMMON_00465",6,"Calcifier_pH",-0.3,5.7,5.67723943480523
"ambiguous_dropped","all_data","Overall",0.533431064164568,"TpH","T + pH","Calcifier","ZOO_STUDY_0279","ZOO_ES_002969","ZOO_COMMON_00464",6,"Calcifier_T + pH",-0.06,5.94,5.95268430453492
"ambiguous_dropped","all_data","Overall",0.587786664902119,"T","T","Calcifier","ZOO_STUDY_0280","ZOO_ES_002970","ZOO_COMMON_00467",6,"Calcifier_T",-0.18,5.82,5.82334294744534
"ambiguous_dropped","all_data","Overall",-0.0905140075408319,"pH","pH","Calcifier","ZOO_STUDY_0087","ZOO_ES_002973","ZOO_COMMON_00146",6,"Calcifier_pH",-0.3,5.7,5.67548734960146
"ambiguous_dropped","all_data","Overall",-1.31218638896617,"pH","pH","Calcifier","ZOO_STUDY_0455","ZOO_ES_002974","ZOO_COMMON_00764",6,"Calcifier_pH",-0.3,5.7,5.69003770353738
"ambiguous_dropped","all_data","Overall",-0.117783035656384,"pH","pH","Calcifier","ZOO_STUDY_0276","ZOO_ES_002977","ZOO_COMMON_00457",6,"Calcifier_pH",-0.3,5.7,5.71816476039821
"ambiguous_dropped","all_data","Overall",-0.0108109161042156,"pH","pH","Calcifier","ZOO_STUDY_0535","ZOO_ES_002981","ZOO_COMMON_00909",6,"Calcifier_pH",-0.3,5.7,5.68660741838394
"ambiguous_dropped","all_data","Overall",-0.154150679827258,"pH","pH","Calcifier","ZOO_STUDY_0047","ZOO_ES_002982","ZOO_COMMON_00067",6,"Calcifier_pH",-0.3,5.7,5.67792699020356
"ambiguous_dropped","all_data","Overall",-0.241162056816888,"pH","pH","Calcifier","ZOO_STUDY_0047","ZOO_ES_002983","ZOO_COMMON_00067",6,"Calcifier_pH",-0.3,5.7,5.7105524955783
"ambiguous_dropped","all_data","Overall",0.259511195485085,"T","T","Calcifier","ZOO_STUDY_0047","ZOO_ES_002984","ZOO_COMMON_00067",6,"Calcifier_T",-0.18,5.82,5.82043742650887
"ambiguous_dropped","all_data","Overall",0,"TpH","T + pH","Calcifier","ZOO_STUDY_0047","ZOO_ES_002985","ZOO_COMMON_00067",6,"Calcifier_T + pH",-0.06,5.94,5.93524735197192
"ambiguous_dropped","all_data","Overall",0.0219789067187752,"TpH","T + pH","Calcifier","ZOO_STUDY_0046","ZOO_ES_002986","ZOO_COMMON_00066",6,"Calcifier_T + pH",-0.06,5.94,5.93622569590574
"ambiguous_dropped","all_data","Overall",-0.154150679827258,"pH","pH","Calcifier","ZOO_STUDY_0047","ZOO_ES_002987","ZOO_COMMON_00067",6,"Calcifier_pH",-0.3,5.7,5.72069828922395
"ambiguous_dropped","all_data","Overall",-0.232931557680373,"pH","pH","Calcifier","ZOO_STUDY_0047","ZOO_ES_002988","ZOO_COMMON_00067",6,"Calcifier_pH",-0.3,5.7,5.72010032457765
"ambiguous_dropped","all_data","Overall",0.169076330043934,"T","T","Calcifier","ZOO_STUDY_0046","ZOO_ES_002989","ZOO_COMMON_00066",6,"Calcifier_T",-0.18,5.82,5.8059032641165
"ambiguous_dropped","all_data","Overall",-0.0540672212702758,"TpH","T + pH","Calcifier","ZOO_STUDY_0046","ZOO_ES_002990","ZOO_COMMON_00066",6,"Calcifier_T + pH",-0.06,5.94,5.94374472734984
"ambiguous_dropped","all_data","Overall",-0.0822380982369721,"TpH","T + pH","Calcifier","ZOO_STUDY_0046","ZOO_ES_002991","ZOO_COMMON_00066",6,"Calcifier_T + pH",-0.06,5.94,5.9170326568163
"ambiguous_dropped","all_data","Overall",-0.246133069538909,"pH","pH","Calcifier","ZOO_STUDY_0072","ZOO_ES_002999","ZOO_COMMON_00114",6,"Calcifier_pH",-0.3,5.7,5.70202987557277
"ambiguous_dropped","all_data","Overall",-0.49578774640145,"pH","pH","Calcifier","ZOO_STUDY_0072","ZOO_ES_003000","ZOO_COMMON_00114",6,"Calcifier_pH",-0.3,5.7,5.68064142311923
"ambiguous_dropped","all_data","Overall",-0.100541229221877,"pH","pH","Calcifier","ZOO_STUDY_0076","ZOO_ES_003001","ZOO_COMMON_00121",6,"Calcifier_pH",-0.3,5.7,5.712872693385
"ambiguous_dropped","all_data","Overall",-0.136859182717197,"pH","pH","Calcifier","ZOO_STUDY_0077","ZOO_ES_003002","ZOO_COMMON_00122",6,"Calcifier_pH",-0.3,5.7,5.68055720897391
"ambiguous_dropped","all_data","Overall",-0.160342650075179,"pH","pH","Calcifier","ZOO_STUDY_0526","ZOO_ES_003003","ZOO_COMMON_00896",6,"Calcifier_pH",-0.3,5.7,5.68520572005073
"ambiguous_dropped","all_data","Overall",-0.0835530228182812,"pH","pH","Calcifier","ZOO_STUDY_0078","ZOO_ES_003004","ZOO_COMMON_00123",6,"Calcifier_pH",-0.3,5.7,5.71338519066339
"ambiguous_dropped","all_data","Overall",-0.0192313619278876,"pH","pH","Calcifier","ZOO_STUDY_0079","ZOO_ES_003005","ZOO_COMMON_00124",6,"Calcifier_pH",-0.3,5.7,5.69611723326379
"ambiguous_dropped","all_data","Overall",-0.0307716586667537,"pH","pH","Calcifier","ZOO_STUDY_0087","ZOO_ES_003006","ZOO_COMMON_00152",6,"Calcifier_pH",-0.3,5.7,5.70234769904055
"ambiguous_dropped","all_data","Overall",-0.0350913198112701,"pH","pH","Calcifier","ZOO_STUDY_0087","ZOO_ES_003007","ZOO_COMMON_00143",6,"Calcifier_pH",-0.3,5.7,5.71902594186831
"ambiguous_dropped","all_data","Overall",-0.198850858745165,"pH","pH","Calcifier","ZOO_STUDY_0087","ZOO_ES_003008","ZOO_COMMON_00145",6,"Calcifier_pH",-0.3,5.7,5.71138147257734
"ambiguous_dropped","all_data","Overall",-0.0204785313435407,"pH","pH","Calcifier","ZOO_STUDY_0087","ZOO_ES_003009","ZOO_COMMON_00149",6,"Calcifier_pH",-0.3,5.7,5.71264230944216
"ambiguous_dropped","all_data","Overall",-0.182321556793955,"pH","pH","Calcifier","ZOO_STUDY_0157","ZOO_ES_003014","ZOO_COMMON_00266",6,"Calcifier_pH",-0.3,5.7,5.70503694750369
"ambiguous_dropped","all_data","Overall",-0.00110181811116699,"pH","pH","Calcifier","ZOO_STUDY_0090","ZOO_ES_003015","ZOO_COMMON_00155",6,"Calcifier_pH",-0.3,5.7,5.68005333696492
"ambiguous_dropped","all_data","Overall",-2.21101789946856,"pH","pH","Calcifier","ZOO_STUDY_0090","ZOO_ES_003016","ZOO_COMMON_00155",6,"Calcifier_pH",-0.3,5.7,5.71631113530602
"ambiguous_dropped","all_data","Overall",-0.709320039805546,"pH","pH","Calcifier","ZOO_STUDY_0090","ZOO_ES_003017","ZOO_COMMON_00155",6,"Calcifier_pH",-0.3,5.7,5.71191244781949
"ambiguous_dropped","all_data","Overall",-1.54222916274065,"pH","pH","Calcifier","ZOO_STUDY_0090","ZOO_ES_003018","ZOO_COMMON_00155",6,"Calcifier_pH",-0.3,5.7,5.7191487826989
"ambiguous_dropped","all_data","Overall",-0.191891007810105,"pH","pH","Calcifier","ZOO_STUDY_0087","ZOO_ES_003019","ZOO_COMMON_00151",6,"Calcifier_pH",-0.3,5.7,5.67920825041365
"ambiguous_dropped","all_data","Overall",0.0552626786750495,"pH","pH","Calcifier","ZOO_STUDY_0535","ZOO_ES_003020","ZOO_COMMON_00909",6,"Calcifier_pH",-0.3,5.7,5.7164736251696
"ambiguous_dropped","all_data","Overall",-0.0606246218164349,"pH","pH","Calcifier","ZOO_STUDY_0118","ZOO_ES_003021","ZOO_COMMON_00206",6,"Calcifier_pH",-0.3,5.7,5.68874081443064
"ambiguous_dropped","all_data","Overall",-0.194156014440958,"pH","pH","Calcifier","ZOO_STUDY_0118","ZOO_ES_003022","ZOO_COMMON_00206",6,"Calcifier_pH",-0.3,5.7,5.69171079299413
"ambiguous_dropped","all_data","Overall",-0.0767548768224407,"pH","pH","Calcifier","ZOO_STUDY_0122","ZOO_ES_003023","ZOO_COMMON_00213",6,"Calcifier_pH",-0.3,5.7,5.71935185221955
"ambiguous_dropped","all_data","Overall",-0.215867679285158,"pH","pH","Calcifier","ZOO_STUDY_0122","ZOO_ES_003024","ZOO_COMMON_00213",6,"Calcifier_pH",-0.3,5.7,5.68456630369183
"ambiguous_dropped","all_data","Overall",-0.259511195485085,"pH","pH","Calcifier","ZOO_STUDY_0122","ZOO_ES_003025","ZOO_COMMON_00213",6,"Calcifier_pH",-0.3,5.7,5.67560956688831
"ambiguous_dropped","all_data","Overall",-0.510825623765991,"pH","pH","Calcifier","ZOO_STUDY_0122","ZOO_ES_003026","ZOO_COMMON_00213",6,"Calcifier_pH",-0.3,5.7,5.71026721106609
"ambiguous_dropped","all_data","Overall",-0.113500373864383,"pH","pH","Calcifier","ZOO_STUDY_0125","ZOO_ES_003029","ZOO_COMMON_00221",6,"Calcifier_pH",-0.3,5.7,5.67688093594043
"ambiguous_dropped","all_data","Overall",-0.210721031315653,"pH","pH","Calcifier","ZOO_STUDY_0125","ZOO_ES_003030","ZOO_COMMON_00221",6,"Calcifier_pH",-0.3,5.7,5.71612627622671
"ambiguous_dropped","all_data","Overall",0.105360515657826,"pH","pH","Calcifier","ZOO_STUDY_0131","ZOO_ES_003032","ZOO_COMMON_00227",6,"Calcifier_pH",-0.3,5.7,5.72017172696069
"ambiguous_dropped","all_data","Overall",-0.0735625671770167,"pH","pH","Calcifier","ZOO_STUDY_0149","ZOO_ES_003038","ZOO_COMMON_00253",6,"Calcifier_pH",-0.3,5.7,5.68332288060337
"ambiguous_dropped","all_data","Overall",0.073611817343246,"pH","pH","Calcifier","ZOO_STUDY_0149","ZOO_ES_003039","ZOO_COMMON_00254",6,"Calcifier_pH",-0.3,5.7,5.68537977335509
"ambiguous_dropped","all_data","Overall",0.0979804083602036,"pH","pH","Calcifier","ZOO_STUDY_0157","ZOO_ES_003041","ZOO_COMMON_00266",6,"Calcifier_pH",-0.3,5.7,5.71479400871322
"ambiguous_dropped","all_data","Overall",-0.176456437341557,"pH","pH","Calcifier","ZOO_STUDY_0157","ZOO_ES_003042","ZOO_COMMON_00266",6,"Calcifier_pH",-0.3,5.7,5.71965981491376
"ambiguous_dropped","all_data","Overall",0.0289875368732522,"T","T","Calcifier","ZOO_STUDY_0157","ZOO_ES_003043","ZOO_COMMON_00266",6,"Calcifier_T",-0.18,5.82,5.80718414757168
"ambiguous_dropped","all_data","Overall",-0.0298529631496812,"TpH","T + pH","Calcifier","ZOO_STUDY_0157","ZOO_ES_003044","ZOO_COMMON_00266",6,"Calcifier_T + pH",-0.06,5.94,5.93665966142202
"ambiguous_dropped","all_data","Overall",0.0431721718652086,"TpH","T + pH","Calcifier","ZOO_STUDY_0157","ZOO_ES_003045","ZOO_COMMON_00266",6,"Calcifier_T + pH",-0.06,5.94,5.93490766532253
"ambiguous_dropped","all_data","Overall",-0.245122458032985,"pH","pH","Calcifier","ZOO_STUDY_0455","ZOO_ES_003046","ZOO_COMMON_00764",6,"Calcifier_pH",-0.3,5.7,5.70827963874908
"ambiguous_dropped","all_data","Overall",-0.246133069538909,"pH","pH","Calcifier","ZOO_STUDY_0087","ZOO_ES_003047","ZOO_COMMON_00148",6,"Calcifier_pH",-0.3,5.7,5.69025984485634
"ambiguous_dropped","all_data","Overall",-0.0597192347016222,"pH","pH","Calcifier","ZOO_STUDY_0157","ZOO_ES_003048","ZOO_COMMON_00266",6,"Calcifier_pH",-0.3,5.7,5.71459854574641
"ambiguous_dropped","all_data","Overall",-0.282862786015832,"pH","pH","Calcifier","ZOO_STUDY_0157","ZOO_ES_003049","ZOO_COMMON_00266",6,"Calcifier_pH",-0.3,5.7,5.69206133965636
"ambiguous_dropped","all_data","Overall",0.0425596144187959,"T","T","Calcifier","ZOO_STUDY_0157","ZOO_ES_003050","ZOO_COMMON_00266",6,"Calcifier_T",-0.18,5.82,5.80787274358328
"ambiguous_dropped","all_data","Overall",-0.0752234212375874,"TpH","T + pH","Calcifier","ZOO_STUDY_0157","ZOO_ES_003051","ZOO_COMMON_00266",6,"Calcifier_T + pH",-0.06,5.94,5.91519807616482
"ambiguous_dropped","all_data","Overall",0.0833816089390512,"TpH","T + pH","Calcifier","ZOO_STUDY_0157","ZOO_ES_003052","ZOO_COMMON_00266",6,"Calcifier_T + pH",-0.06,5.94,5.93401694324333
"ambiguous_dropped","all_data","Overall",0.532804530484766,"T","T","Calcifier","ZOO_STUDY_0157","ZOO_ES_003055","ZOO_COMMON_00266",6,"Calcifier_T",-0.18,5.82,5.82497132843593
"ambiguous_dropped","all_data","Overall",0.105360515657826,"TpH","T + pH","Calcifier","ZOO_STUDY_0157","ZOO_ES_003056","ZOO_COMMON_00266",6,"Calcifier_T + pH",-0.06,5.94,5.93195176940411
"ambiguous_dropped","all_data","Overall",0.554310735705729,"TpH","T + pH","Calcifier","ZOO_STUDY_0157","ZOO_ES_003057","ZOO_COMMON_00266",6,"Calcifier_T + pH",-0.06,5.94,5.92378921204712
"ambiguous_dropped","all_data","Overall",-0.258107932669304,"pH","pH","Calcifier","ZOO_STUDY_0290","ZOO_ES_003058","ZOO_COMMON_00487",6,"Calcifier_pH",-0.3,5.7,5.72487846772419
"ambiguous_dropped","all_data","Overall",0.262364264467491,"T","T","Calcifier","ZOO_STUDY_0158","ZOO_ES_003060","ZOO_COMMON_00269",6,"Calcifier_T",-0.18,5.82,5.80826998043805
"ambiguous_dropped","all_data","Overall",0.1633250561033,"pH","pH","Calcifier","ZOO_STUDY_0158","ZOO_ES_003061","ZOO_COMMON_00274",6,"Calcifier_pH",-0.3,5.7,5.70250961239217
"ambiguous_dropped","all_data","Overall",0.0645385211375712,"T","T","Calcifier","ZOO_STUDY_0158","ZOO_ES_003062","ZOO_COMMON_00269",6,"Calcifier_T",-0.18,5.82,5.8017622333183
"ambiguous_dropped","all_data","Overall",0.0645385211375712,"T","T","Calcifier","ZOO_STUDY_0158","ZOO_ES_003063","ZOO_COMMON_00269",6,"Calcifier_T",-0.18,5.82,5.82909111080691
"ambiguous_dropped","all_data","Overall",0.0416726964005681,"T","T","Calcifier","ZOO_STUDY_0158","ZOO_ES_003064","ZOO_COMMON_00267",6,"Calcifier_T",-0.18,5.82,5.81751755327452
"ambiguous_dropped","all_data","Overall",0.00804833318282842,"T","T","Calcifier","ZOO_STUDY_0158","ZOO_ES_003065","ZOO_COMMON_00271",6,"Calcifier_T",-0.18,5.82,5.81333222829737
"ambiguous_dropped","all_data","Overall",0.00503779402995708,"T","T","Calcifier","ZOO_STUDY_0158","ZOO_ES_003066","ZOO_COMMON_00271",6,"Calcifier_T",-0.18,5.82,5.81430656702025
"ambiguous_dropped","all_data","Overall",0.00503779402995708,"TpH","T + pH","Calcifier","ZOO_STUDY_0158","ZOO_ES_003067","ZOO_COMMON_00271",6,"Calcifier_T + pH",-0.06,5.94,5.93522355971858
"ambiguous_dropped","all_data","Overall",0,"T","T","Calcifier","ZOO_STUDY_0158","ZOO_ES_003070","ZOO_COMMON_00271",6,"Calcifier_T",-0.18,5.82,5.83637823604979
"ambiguous_dropped","all_data","Overall",-0.010152371464018,"pH","pH","Calcifier","ZOO_STUDY_0158","ZOO_ES_003071","ZOO_COMMON_00272",6,"Calcifier_pH",-0.3,5.7,5.72080073956167
"ambiguous_dropped","all_data","Overall",-0.010152371464018,"T","T","Calcifier","ZOO_STUDY_0158","ZOO_ES_003073","ZOO_COMMON_00273",6,"Calcifier_T",-0.18,5.82,5.83306014636066
"ambiguous_dropped","all_data","Overall",-0.0215062052209636,"T","T","Calcifier","ZOO_STUDY_0158","ZOO_ES_003075","ZOO_COMMON_00267",6,"Calcifier_T",-0.18,5.82,5.81336743409513
"ambiguous_dropped","all_data","Overall",-0.0307716586667537,"TpH","T + pH","Calcifier","ZOO_STUDY_0158","ZOO_ES_003076","ZOO_COMMON_00273",6,"Calcifier_T + pH",-0.06,5.94,5.94956940470496
"ambiguous_dropped","all_data","Overall",-0.0324352757531538,"TpH","T + pH","Calcifier","ZOO_STUDY_0158","ZOO_ES_003077","ZOO_COMMON_00267",6,"Calcifier_T + pH",-0.06,5.94,5.94040163398953
"ambiguous_dropped","all_data","Overall",-0.0434851119397388,"TpH","T + pH","Calcifier","ZOO_STUDY_0158","ZOO_ES_003078","ZOO_COMMON_00267",6,"Calcifier_T + pH",-0.06,5.94,5.91597129687201
"ambiguous_dropped","all_data","Overall",-0.0631789016215316,"pH","pH","Calcifier","ZOO_STUDY_0158","ZOO_ES_003079","ZOO_COMMON_00268",6,"Calcifier_pH",-0.3,5.7,5.70734495699871
"ambiguous_dropped","all_data","Overall",-0.11247798342669,"T","T","Calcifier","ZOO_STUDY_0158","ZOO_ES_003080","ZOO_COMMON_00267",6,"Calcifier_T",-0.18,5.82,5.82615038322285
"ambiguous_dropped","all_data","Overall",-0.124454174473406,"TpH","T + pH","Calcifier","ZOO_STUDY_0158","ZOO_ES_003081","ZOO_COMMON_00267",6,"Calcifier_T + pH",-0.06,5.94,5.93164855546551
"ambiguous_dropped","all_data","Overall",-0.29105475693042,"TpH","T + pH","Calcifier","ZOO_STUDY_0158","ZOO_ES_003082","ZOO_COMMON_00273",6,"Calcifier_T + pH",-0.06,5.94,5.91631434182404
"ambiguous_dropped","all_data","Overall",-0.436236766774918,"T","T","Calcifier","ZOO_STUDY_0158","ZOO_ES_003083","ZOO_COMMON_00273",6,"Calcifier_T",-0.18,5.82,5.843747367959
"ambiguous_dropped","all_data","Overall",-1.09861228866811,"TpH","T + pH","Calcifier","ZOO_STUDY_0158","ZOO_ES_003084","ZOO_COMMON_00269",6,"Calcifier_T + pH",-0.06,5.94,5.96456374284811
"ambiguous_dropped","all_data","Overall",-1.37624402526639,"TpH","T + pH","Calcifier","ZOO_STUDY_0158","ZOO_ES_003085","ZOO_COMMON_00273",6,"Calcifier_T + pH",-0.06,5.94,5.91882899043616
"ambiguous_dropped","all_data","Overall",-1.43811942898448,"T","T","Calcifier","ZOO_STUDY_0158","ZOO_ES_003086","ZOO_COMMON_00273",6,"Calcifier_T",-0.18,5.82,5.82189724363154
"ambiguous_dropped","all_data","Overall",-1.67397643357167,"pH","pH","Calcifier","ZOO_STUDY_0158","ZOO_ES_003087","ZOO_COMMON_00270",6,"Calcifier_pH",-0.3,5.7,5.72389263715595
"ambiguous_dropped","all_data","Overall",-1.79175946922805,"TpH","T + pH","Calcifier","ZOO_STUDY_0158","ZOO_ES_003088","ZOO_COMMON_00269",6,"Calcifier_T + pH",-0.06,5.94,5.92048373596976
"ambiguous_dropped","all_data","Overall",-2.01490302054226,"TpH","T + pH","Calcifier","ZOO_STUDY_0158","ZOO_ES_003089","ZOO_COMMON_00269",6,"Calcifier_T + pH",-0.06,5.94,5.93312860890059
"ambiguous_dropped","all_data","Overall",-0.314493329902438,"pH","pH","Calcifier","ZOO_STUDY_0163","ZOO_ES_003090","ZOO_COMMON_00286",6,"Calcifier_pH",-0.3,5.7,5.69999096789397
"ambiguous_dropped","all_data","Overall",-0.358354073696833,"pH","pH","Calcifier","ZOO_STUDY_0527","ZOO_ES_003092","ZOO_COMMON_00897",6,"Calcifier_pH",-0.3,5.7,5.72063142007682
"ambiguous_dropped","all_data","Overall",-0.370373788296894,"pH","pH","Calcifier","ZOO_STUDY_0186","ZOO_ES_003093","ZOO_COMMON_00325",6,"Calcifier_pH",-0.3,5.7,5.70360304173082
"ambiguous_dropped","all_data","Overall",-0.405465108108164,"pH","pH","Calcifier","ZOO_STUDY_0186","ZOO_ES_003094","ZOO_COMMON_00325",6,"Calcifier_pH",-0.3,5.7,5.6761397287366
"ambiguous_dropped","all_data","Overall",0.0222231367847103,"pH","pH","Calcifier","ZOO_STUDY_0186","ZOO_ES_003095","ZOO_COMMON_00324",6,"Calcifier_pH",-0.3,5.7,5.7177614812972
"ambiguous_dropped","all_data","Overall",-0.799756915618204,"pH","pH","Calcifier","ZOO_STUDY_0186","ZOO_ES_003096","ZOO_COMMON_00324",6,"Calcifier_pH",-0.3,5.7,5.71652421208564
"ambiguous_dropped","all_data","Overall",-0.0487901641694321,"TpH","T + pH","Calcifier","ZOO_STUDY_0147","ZOO_ES_003097","ZOO_COMMON_00249",6,"Calcifier_T + pH",-0.06,5.94,5.95890755315544
"ambiguous_dropped","all_data","Overall",-0.0487901641694321,"T","T","Calcifier","ZOO_STUDY_0147","ZOO_ES_003098","ZOO_COMMON_00249",6,"Calcifier_T",-0.18,5.82,5.83548010946717
"ambiguous_dropped","all_data","Overall",-0.0629138254105693,"pH","pH","Calcifier","ZOO_STUDY_0147","ZOO_ES_003099","ZOO_COMMON_00250",6,"Calcifier_pH",-0.3,5.7,5.67500326683512
"ambiguous_dropped","all_data","Overall",-0.0741079721537218,"TpH","T + pH","Calcifier","ZOO_STUDY_0147","ZOO_ES_003100","ZOO_COMMON_00249",6,"Calcifier_T + pH",-0.06,5.94,5.92009128664853
"ambiguous_dropped","all_data","Overall",-0.405465108108164,"TpH","T + pH","Calcifier","ZOO_STUDY_0157","ZOO_ES_003101","ZOO_COMMON_00266",6,"Calcifier_T + pH",-0.06,5.94,5.95674129384337
"ambiguous_dropped","all_data","Overall",-0.102654154060083,"pH","pH","Calcifier","ZOO_STUDY_0147","ZOO_ES_003102","ZOO_COMMON_00250",6,"Calcifier_pH",-0.3,5.7,5.6860573698068
"ambiguous_dropped","all_data","Overall",0.360002734031407,"pH","pH","Calcifier","ZOO_STUDY_0139","ZOO_ES_003103","ZOO_COMMON_00239",6,"Calcifier_pH",-0.3,5.7,5.6765208188328
"ambiguous_dropped","all_data","Overall",-0.201208474447954,"pH","pH","Calcifier","ZOO_STUDY_0199","ZOO_ES_003104","ZOO_COMMON_00351",6,"Calcifier_pH",-0.3,5.7,5.70383630108554
"ambiguous_dropped","all_data","Overall",-0.133531392624523,"pH","pH","Calcifier","ZOO_STUDY_0203","ZOO_ES_003105","ZOO_COMMON_00356",6,"Calcifier_pH",-0.3,5.7,5.7128439880209
"ambiguous_dropped","all_data","Overall",-0.330241686870577,"pH","pH","Calcifier","ZOO_STUDY_0203","ZOO_ES_003106","ZOO_COMMON_00356",6,"Calcifier_pH",-0.3,5.7,5.71868270296836
"ambiguous_dropped","all_data","Overall",-0.612079357471163,"pH","pH","Calcifier","ZOO_STUDY_0203","ZOO_ES_003107","ZOO_COMMON_00356",6,"Calcifier_pH",-0.3,5.7,5.67801829569507
"ambiguous_dropped","all_data","Overall",-0.762140052046897,"pH","pH","Calcifier","ZOO_STUDY_0203","ZOO_ES_003108","ZOO_COMMON_00356",6,"Calcifier_pH",-0.3,5.7,5.68609191793948
"ambiguous_dropped","all_data","Overall",0.105360515657826,"T","T","Calcifier","ZOO_STUDY_0203","ZOO_ES_003109","ZOO_COMMON_00356",6,"Calcifier_T",-0.18,5.82,5.81570125860628
"ambiguous_dropped","all_data","Overall",-0.405465108108164,"TpH","T + pH","Calcifier","ZOO_STUDY_0203","ZOO_ES_003110","ZOO_COMMON_00356",6,"Calcifier_T + pH",-0.06,5.94,5.93556648149155
"ambiguous_dropped","all_data","Overall",-2.19722457733622,"TpH","T + pH","Calcifier","ZOO_STUDY_0203","ZOO_ES_003111","ZOO_COMMON_00356",6,"Calcifier_T + pH",-0.06,5.94,5.94396951648872
"ambiguous_dropped","all_data","Overall",0.0346855579878901,"TpH","T + pH","Calcifier","ZOO_STUDY_0210","ZOO_ES_003112","ZOO_COMMON_00366",6,"Calcifier_T + pH",-0.06,5.94,5.96209744757274
"ambiguous_dropped","all_data","Overall",0.0116960397631912,"TpH","T + pH","Calcifier","ZOO_STUDY_0210","ZOO_ES_003113","ZOO_COMMON_00366",6,"Calcifier_T + pH",-0.06,5.94,5.96437992986525
"ambiguous_dropped","all_data","Overall",-0.0359320092260633,"pH","pH","Calcifier","ZOO_STUDY_0210","ZOO_ES_003114","ZOO_COMMON_00365",6,"Calcifier_pH",-0.3,5.7,5.68148989244364
"ambiguous_dropped","all_data","Overall",-0.0482021018178777,"pH","pH","Calcifier","ZOO_STUDY_0210","ZOO_ES_003115","ZOO_COMMON_00365",6,"Calcifier_pH",-0.3,5.7,5.68874374907464
"ambiguous_dropped","all_data","Overall",-0.0961251757744564,"pH","pH","Calcifier","ZOO_STUDY_0436","ZOO_ES_003118","ZOO_COMMON_00741",6,"Calcifier_pH",-0.3,5.7,5.71641914108768
"ambiguous_dropped","all_data","Overall",-0.0408219945202552,"pH","pH","Calcifier","ZOO_STUDY_0222","ZOO_ES_003119","ZOO_COMMON_00383",6,"Calcifier_pH",-0.3,5.7,5.72456293595023
"ambiguous_dropped","all_data","Overall",-0.0625203569813339,"pH","pH","Calcifier","ZOO_STUDY_0222","ZOO_ES_003120","ZOO_COMMON_00380",6,"Calcifier_pH",-0.3,5.7,5.70866002790863
"ambiguous_dropped","all_data","Overall",-0.172842812839411,"pH","pH","Calcifier","ZOO_STUDY_0222","ZOO_ES_003121","ZOO_COMMON_00382",6,"Calcifier_pH",-0.3,5.7,5.67886945322389
"ambiguous_dropped","all_data","Overall",-0.22314355131421,"pH","pH","Calcifier","ZOO_STUDY_0222","ZOO_ES_003122","ZOO_COMMON_00382",6,"Calcifier_pH",-0.3,5.7,5.68172017027391
"ambiguous_dropped","all_data","Overall",-0.420502985472705,"pH","pH","Calcifier","ZOO_STUDY_0186","ZOO_ES_003123","ZOO_COMMON_00325",6,"Calcifier_pH",-0.3,5.7,5.69190483893035
"ambiguous_dropped","all_data","Overall",-0.0519597389307111,"pH","pH","Calcifier","ZOO_STUDY_0047","ZOO_ES_003124","ZOO_COMMON_00067",6,"Calcifier_pH",-0.3,5.7,5.68760544901015
"ambiguous_dropped","all_data","Overall",-0.052643733485422,"T","T","Calcifier","ZOO_STUDY_0047","ZOO_ES_003125","ZOO_COMMON_00067",6,"Calcifier_T",-0.18,5.82,5.80754118180368
"ambiguous_dropped","all_data","Overall",-0.052643733485422,"TpH","T + pH","Calcifier","ZOO_STUDY_0047","ZOO_ES_003126","ZOO_COMMON_00067",6,"Calcifier_T + pH",-0.06,5.94,5.95416339587886
"ambiguous_dropped","all_data","Overall",-0.137201121513485,"TpH","T + pH","Calcifier","ZOO_STUDY_0047","ZOO_ES_003127","ZOO_COMMON_00067",6,"Calcifier_T + pH",-0.06,5.94,5.92368931651348
"ambiguous_dropped","all_data","Overall",-0.24231346742193,"pH","pH","Calcifier","ZOO_STUDY_0047","ZOO_ES_003128","ZOO_COMMON_00067",6,"Calcifier_pH",-0.3,5.7,5.704915195785
"ambiguous_dropped","all_data","Overall",0.0203453145982823,"pH","pH","Calcifier","ZOO_STUDY_0148","ZOO_ES_003129","ZOO_COMMON_00251",6,"Calcifier_pH",-0.3,5.7,5.70957915221807
"ambiguous_dropped","all_data","Overall",-0.230616876975917,"pH","pH","Calcifier","ZOO_STUDY_0148","ZOO_ES_003130","ZOO_COMMON_00251",6,"Calcifier_pH",-0.3,5.7,5.72114677996142
"ambiguous_dropped","all_data","Overall",-0.226496978121073,"pH","pH","Calcifier","ZOO_STUDY_0270","ZOO_ES_003131","ZOO_COMMON_00450",6,"Calcifier_pH",-0.3,5.7,5.70949874919606
"ambiguous_dropped","all_data","Overall",-0.238891908282349,"pH","pH","Calcifier","ZOO_STUDY_0276","ZOO_ES_003132","ZOO_COMMON_00457",6,"Calcifier_pH",-0.3,5.7,5.68868294884451
"ambiguous_dropped","all_data","Overall",-0.0618754037180875,"T","T","Calcifier","ZOO_STUDY_0280","ZOO_ES_003134","ZOO_COMMON_00467",6,"Calcifier_T",-0.18,5.82,5.79554725797381
"ambiguous_dropped","all_data","Overall",-0.0618754037180875,"TpH","T + pH","Calcifier","ZOO_STUDY_0280","ZOO_ES_003135","ZOO_COMMON_00467",6,"Calcifier_T + pH",-0.06,5.94,5.91716097987723
"ambiguous_dropped","all_data","Overall",-0.0253178079842899,"pH","pH","Calcifier","ZOO_STUDY_0280","ZOO_ES_003136","ZOO_COMMON_00465",6,"Calcifier_pH",-0.3,5.7,5.68339489002246
"ambiguous_dropped","all_data","Overall",0.00102197249569319,"T","T","Calcifier","ZOO_STUDY_0280","ZOO_ES_003137","ZOO_COMMON_00468",6,"Calcifier_T",-0.18,5.82,5.8376320413244
"ambiguous_dropped","all_data","Overall",-0.00821359853738874,"TpH","T + pH","Calcifier","ZOO_STUDY_0280","ZOO_ES_003138","ZOO_COMMON_00468",6,"Calcifier_T + pH",-0.06,5.94,5.91729566730559
"ambiguous_dropped","all_data","Overall",0,"pH","pH","Calcifier","ZOO_STUDY_0334","ZOO_ES_003139","ZOO_COMMON_00567",6,"Calcifier_pH",-0.3,5.7,5.68856938182144
"ambiguous_dropped","all_data","Overall",-0.0248459985865307,"pH","pH","Calcifier","ZOO_STUDY_0280","ZOO_ES_003140","ZOO_COMMON_00466",6,"Calcifier_pH",-0.3,5.7,5.7194471475319
"ambiguous_dropped","all_data","Overall",-0.0310905870700311,"pH","pH","Calcifier","ZOO_STUDY_0334","ZOO_ES_003141","ZOO_COMMON_00567",6,"Calcifier_pH",-0.3,5.7,5.70239466472995
"ambiguous_dropped","all_data","Overall",0.139761942375159,"pH","pH","Calcifier","ZOO_STUDY_0280","ZOO_ES_003142","ZOO_COMMON_00465",6,"Calcifier_pH",-0.3,5.7,5.71524087942671
"ambiguous_dropped","all_data","Overall",-0.0210534091978324,"T","T","Calcifier","ZOO_STUDY_0280","ZOO_ES_003143","ZOO_COMMON_00467",6,"Calcifier_T",-0.18,5.82,5.84285983093316
"ambiguous_dropped","all_data","Overall",-0.0210534091978324,"TpH","T + pH","Calcifier","ZOO_STUDY_0280","ZOO_ES_003144","ZOO_COMMON_00467",6,"Calcifier_T + pH",-0.06,5.94,5.94948720402084
"ambiguous_dropped","all_data","Overall",-0.0493020658954811,"pH","pH","Calcifier","ZOO_STUDY_0481","ZOO_ES_003145","ZOO_COMMON_00817",6,"Calcifier_pH",-0.3,5.7,5.69505667872727
"ambiguous_dropped","all_data","Overall",-0.104564744570531,"pH","pH","Calcifier","ZOO_STUDY_0481","ZOO_ES_003146","ZOO_COMMON_00817",6,"Calcifier_pH",-0.3,5.7,5.72355204221094
"ambiguous_dropped","all_data","Overall",-0.0281708769666963,"pH","pH","Calcifier","ZOO_STUDY_0312","ZOO_ES_003147","ZOO_COMMON_00533",6,"Calcifier_pH",-0.3,5.7,5.72196879290277
"ambiguous_dropped","all_data","Overall",-0.0971637484536477,"pH","pH","Calcifier","ZOO_STUDY_0312","ZOO_ES_003148","ZOO_COMMON_00533",6,"Calcifier_pH",-0.3,5.7,5.70091411229223
"ambiguous_dropped","all_data","Overall",-0.0107720969819111,"pH","pH","Calcifier","ZOO_STUDY_0312","ZOO_ES_003149","ZOO_COMMON_00533",6,"Calcifier_pH",-0.3,5.7,5.68181450882694
"ambiguous_dropped","all_data","Overall",-0.154150679827258,"pH","pH","Calcifier","ZOO_STUDY_0312","ZOO_ES_003150","ZOO_COMMON_00533",6,"Calcifier_pH",-0.3,5.7,5.70633679976454
"ambiguous_dropped","all_data","Overall",-0.115195712091433,"pH","pH","Calcifier","ZOO_STUDY_0315","ZOO_ES_003151","ZOO_COMMON_00537",6,"Calcifier_pH",-0.3,5.7,5.71613249921938
"ambiguous_dropped","all_data","Overall",-0.219265071985639,"pH","pH","Calcifier","ZOO_STUDY_0315","ZOO_ES_003152","ZOO_COMMON_00537",6,"Calcifier_pH",-0.3,5.7,5.68181326776976
"ambiguous_dropped","all_data","Overall",-0.0791681995286039,"pH","pH","Calcifier","ZOO_STUDY_0315","ZOO_ES_003153","ZOO_COMMON_00537",6,"Calcifier_pH",-0.3,5.7,5.70487340944819
"ambiguous_dropped","all_data","Overall",-0.143706720666175,"pH","pH","Calcifier","ZOO_STUDY_0315","ZOO_ES_003154","ZOO_COMMON_00537",6,"Calcifier_pH",-0.3,5.7,5.72414820339764
"ambiguous_dropped","all_data","Overall",0,"pH","pH","Calcifier","ZOO_STUDY_0334","ZOO_ES_003157","ZOO_COMMON_00567",6,"Calcifier_pH",-0.3,5.7,5.68653153241612
"ambiguous_dropped","all_data","Overall",-0.0266682470821613,"pH","pH","Calcifier","ZOO_STUDY_0334","ZOO_ES_003158","ZOO_COMMON_00567",6,"Calcifier_pH",-0.3,5.7,5.69586851939093
"ambiguous_dropped","all_data","Overall",-0.0560894666510436,"pH","pH","Calcifier","ZOO_STUDY_0349","ZOO_ES_003161","ZOO_COMMON_00591",6,"Calcifier_pH",-0.3,5.7,5.68001354996813
"ambiguous_dropped","all_data","Overall",-0.0943106794712413,"pH","pH","Calcifier","ZOO_STUDY_0349","ZOO_ES_003162","ZOO_COMMON_00591",6,"Calcifier_pH",-0.3,5.7,5.68892557017971
"ambiguous_dropped","all_data","Overall",-0.0571768829365333,"pH","pH","Calcifier","ZOO_STUDY_0367","ZOO_ES_003170","ZOO_COMMON_00617",6,"Calcifier_pH",-0.3,5.7,5.701527324575
"ambiguous_dropped","all_data","Overall",-0.593466246937498,"pH","pH","Calcifier","ZOO_STUDY_0527","ZOO_ES_003172","ZOO_COMMON_00897",6,"Calcifier_pH",-0.3,5.7,5.69070597290993
"ambiguous_dropped","all_data","Overall",-0.62057648772511,"pH","pH","Calcifier","ZOO_STUDY_0454","ZOO_ES_003175","ZOO_COMMON_00763",6,"Calcifier_pH",-0.3,5.7,5.70503510363633
"ambiguous_dropped","all_data","Overall",-0.117783035656384,"T","T","Calcifier","ZOO_STUDY_0391","ZOO_ES_003176","ZOO_COMMON_00656",6,"Calcifier_T",-0.18,5.82,5.8443549009203
"ambiguous_dropped","all_data","Overall",-0.182321556793955,"pH","pH","Calcifier","ZOO_STUDY_0391","ZOO_ES_003177","ZOO_COMMON_00656",6,"Calcifier_pH",-0.3,5.7,5.70546407429501
"ambiguous_dropped","all_data","Overall",-0.22314355131421,"TpH","T + pH","Calcifier","ZOO_STUDY_0391","ZOO_ES_003178","ZOO_COMMON_00656",6,"Calcifier_T + pH",-0.06,5.94,5.92228686613729
"ambiguous_dropped","all_data","Overall",-0.251314428280906,"pH","pH","Calcifier","ZOO_STUDY_0391","ZOO_ES_003179","ZOO_COMMON_00656",6,"Calcifier_pH",-0.3,5.7,5.71021582301473
"ambiguous_dropped","all_data","Overall",-0.356674943938732,"TpH","T + pH","Calcifier","ZOO_STUDY_0391","ZOO_ES_003180","ZOO_COMMON_00656",6,"Calcifier_T + pH",-0.06,5.94,5.94895901520271
"ambiguous_dropped","all_data","Overall",-0.0281708769666963,"pH","pH","Calcifier","ZOO_STUDY_0392","ZOO_ES_003181","ZOO_COMMON_00657",6,"Calcifier_pH",-0.3,5.7,5.69112919326872
"ambiguous_dropped","all_data","Overall",0.00539084863487637,"pH","pH","Calcifier","ZOO_STUDY_0392","ZOO_ES_003182","ZOO_COMMON_00657",6,"Calcifier_pH",-0.3,5.7,5.69616578205023
"ambiguous_dropped","all_data","Overall",-0.111225635110224,"pH","pH","Calcifier","ZOO_STUDY_0417","ZOO_ES_003184","ZOO_COMMON_00703",6,"Calcifier_pH",-0.3,5.7,5.6902232092456
"ambiguous_dropped","all_data","Overall",-0.0531098253139484,"pH","pH","Calcifier","ZOO_STUDY_0450","ZOO_ES_003185","ZOO_COMMON_00759",6,"Calcifier_pH",-0.3,5.7,5.71664093909785
"ambiguous_dropped","all_data","Overall",-0.0741079721537218,"pH","pH","Calcifier","ZOO_STUDY_0451","ZOO_ES_003186","ZOO_COMMON_00760",6,"Calcifier_pH",-0.3,5.7,5.70468237542082
"ambiguous_dropped","all_data","Overall",-0.102857385439708,"pH","pH","Calcifier","ZOO_STUDY_0451","ZOO_ES_003187","ZOO_COMMON_00760",6,"Calcifier_pH",-0.3,5.7,5.71535983206704
"ambiguous_dropped","all_data","Overall",0.0232955626035221,"pH","pH","Calcifier","ZOO_STUDY_0452","ZOO_ES_003189","ZOO_COMMON_00761",6,"Calcifier_pH",-0.3,5.7,5.68970253888983
"ambiguous_dropped","all_data","Overall",-0.0478298825355721,"pH","pH","Calcifier","ZOO_STUDY_0454","ZOO_ES_003190","ZOO_COMMON_00763",6,"Calcifier_pH",-0.3,5.7,5.68205426108325
"ambiguous_dropped","all_data","Overall",-0.71512608727872,"pH","pH","Calcifier","ZOO_STUDY_0455","ZOO_ES_003191","ZOO_COMMON_00764",6,"Calcifier_pH",-0.3,5.7,5.71943105512764
"ambiguous_dropped","all_data","Overall",-0.082274204316638,"pH","pH","Calcifier","ZOO_STUDY_0454","ZOO_ES_003192","ZOO_COMMON_00763",6,"Calcifier_pH",-0.3,5.7,5.675414250209
"ambiguous_dropped","all_data","Overall",-0.379489621704904,"pH","pH","Calcifier","ZOO_STUDY_0458","ZOO_ES_003196","ZOO_COMMON_00768",6,"Calcifier_pH",-0.3,5.7,5.70345603264868
"ambiguous_dropped","all_data","Overall",-0.593063722002963,"pH","pH","Calcifier","ZOO_STUDY_0458","ZOO_ES_003197","ZOO_COMMON_00768",6,"Calcifier_pH",-0.3,5.7,5.72337750949664
"ambiguous_dropped","all_data","Overall",-2.71409251555817,"pH","pH","Calcifier","ZOO_STUDY_0458","ZOO_ES_003198","ZOO_COMMON_00769",6,"Calcifier_pH",-0.3,5.7,5.68845943816705
"ambiguous_dropped","all_data","Overall",-2.91476321102032,"pH","pH","Calcifier","ZOO_STUDY_0458","ZOO_ES_003199","ZOO_COMMON_00769",6,"Calcifier_pH",-0.3,5.7,5.72419800353236
"ambiguous_dropped","all_data","Overall",-0.792238083204176,"pH","pH","Calcifier","ZOO_STUDY_0163","ZOO_ES_003200","ZOO_COMMON_00286",6,"Calcifier_pH",-0.3,5.7,5.67676947438158
"ambiguous_dropped","all_data","Overall",-0.182321556793955,"pH","pH","Calcifier","ZOO_STUDY_0481","ZOO_ES_003203","ZOO_COMMON_00817",6,"Calcifier_pH",-0.3,5.7,5.68789882152341
"ambiguous_dropped","all_data","Overall",-0.165792254842744,"pH","pH","Calcifier","ZOO_STUDY_0481","ZOO_ES_003204","ZOO_COMMON_00817",6,"Calcifier_pH",-0.3,5.7,5.68799455607077
"ambiguous_dropped","all_data","Overall",-0.839101093183025,"pH","pH","Calcifier","ZOO_STUDY_0526","ZOO_ES_003205","ZOO_COMMON_00896",6,"Calcifier_pH",-0.3,5.7,5.72240942438366
"ambiguous_dropped","all_data","Overall",-0.084557388028063,"pH","pH","Calcifier","ZOO_STUDY_0521","ZOO_ES_003207","ZOO_COMMON_00889",6,"Calcifier_pH",-0.3,5.7,5.72398113693343
"ambiguous_dropped","all_data","Overall",-0.129677823308533,"pH","pH","Calcifier","ZOO_STUDY_0521","ZOO_ES_003208","ZOO_COMMON_00889",6,"Calcifier_pH",-0.3,5.7,5.71171924318187
"ambiguous_dropped","all_data","Overall",-0.238891908282349,"pH","pH","Calcifier","ZOO_STUDY_0522","ZOO_ES_003209","ZOO_COMMON_00890",6,"Calcifier_pH",-0.3,5.7,5.68937398783164
"ambiguous_dropped","all_data","Overall",-0.0689928714869514,"pH","pH","Calcifier","ZOO_STUDY_0522","ZOO_ES_003210","ZOO_COMMON_00891",6,"Calcifier_pH",-0.3,5.7,5.69544795592083
"ambiguous_dropped","all_data","Overall",-0.0159154553058996,"pH","pH","Calcifier","ZOO_STUDY_0526","ZOO_ES_003211","ZOO_COMMON_00896",6,"Calcifier_pH",-0.3,5.7,5.68507888240274
"ambiguous_dropped","all_data","Overall",-0.0266682470821613,"pH","pH","Calcifier","ZOO_STUDY_0526","ZOO_ES_003212","ZOO_COMMON_00896",6,"Calcifier_pH",-0.3,5.7,5.71332931795623
"ambiguous_dropped","all_data","Overall",-0.00966191091173686,"pH","pH","Calcifier","ZOO_STUDY_0526","ZOO_ES_003213","ZOO_COMMON_00896",6,"Calcifier_pH",-0.3,5.7,5.71215524699073
"ambiguous_dropped","all_data","Overall",-0.0492710490067828,"pH","pH","Calcifier","ZOO_STUDY_0526","ZOO_ES_003214","ZOO_COMMON_00896",6,"Calcifier_pH",-0.3,5.7,5.69992306904169
"ambiguous_dropped","all_data","Overall",0,"pH","pH","Calcifier","ZOO_STUDY_0527","ZOO_ES_003217","ZOO_COMMON_00897",6,"Calcifier_pH",-0.3,5.7,5.70852497977903
"ambiguous_dropped","all_data","Overall",-0.010152371464018,"pH","pH","Calcifier","ZOO_STUDY_0527","ZOO_ES_003218","ZOO_COMMON_00897",6,"Calcifier_pH",-0.3,5.7,5.71262313968036
"ambiguous_dropped","all_data","Overall",-0.228518698303197,"pH","pH","Calcifier","ZOO_STUDY_0527","ZOO_ES_003219","ZOO_COMMON_00897",6,"Calcifier_pH",-0.3,5.7,5.71369314594194
"ambiguous_dropped","all_data","Overall",-0.638374154712654,"pH","pH","Calcifier","ZOO_STUDY_0527","ZOO_ES_003220","ZOO_COMMON_00897",6,"Calcifier_pH",-0.3,5.7,5.70525846502278
"ambiguous_dropped","all_data","Overall",-0.880259273925429,"pH","pH","Calcifier","ZOO_STUDY_0528","ZOO_ES_003221","ZOO_COMMON_00898",6,"Calcifier_pH",-0.3,5.7,5.6945257871761
"ambiguous_dropped","all_data","Overall",-1.4081730824957,"pH","pH","Calcifier","ZOO_STUDY_0528","ZOO_ES_003222","ZOO_COMMON_00898",6,"Calcifier_pH",-0.3,5.7,5.7085528786527
"ambiguous_dropped","all_data","Overall",0.0862603442844069,"pH","pH","Calcifier","ZOO_STUDY_0529","ZOO_ES_003225","ZOO_COMMON_00899",6,"Calcifier_pH",-0.3,5.7,5.71846039057709
"ambiguous_dropped","all_data","Overall",0.0611544231533306,"pH","pH","Calcifier","ZOO_STUDY_0529","ZOO_ES_003226","ZOO_COMMON_00899",6,"Calcifier_pH",-0.3,5.7,5.6968201436568
"ambiguous_dropped","all_data","Overall",-0.0238674814066434,"pH","pH","Calcifier","ZOO_STUDY_0529","ZOO_ES_003227","ZOO_COMMON_00899",6,"Calcifier_pH",-0.3,5.7,5.68102381721837
"ambiguous_dropped","all_data","Overall",0.0140517534556503,"pH","pH","Calcifier","ZOO_STUDY_0529","ZOO_ES_003228","ZOO_COMMON_00899",6,"Calcifier_pH",-0.3,5.7,5.70594766797731
"ambiguous_dropped","all_data","Overall",-1.79175946922805,"T","T","Calcifier","ZOO_STUDY_0157","ZOO_ES_003232","ZOO_COMMON_00266",6,"Calcifier_T",-0.18,5.82,5.81902543755015
"ambiguous_dropped","all_data","Overall",-1.79175946922805,"TpH","T + pH","Calcifier","ZOO_STUDY_0157","ZOO_ES_003233","ZOO_COMMON_00266",6,"Calcifier_T + pH",-0.06,5.94,5.96119465448195
"ambiguous_dropped","all_data","Overall",-0.0652878653883583,"pH","pH","Calcifier","ZOO_STUDY_0509","ZOO_ES_003238","ZOO_COMMON_00873",6,"Calcifier_pH",-0.3,5.7,5.6870336342603
"ambiguous_dropped","all_data","Overall",-0.0908491709483478,"pH","pH","Calcifier","ZOO_STUDY_0509","ZOO_ES_003239","ZOO_COMMON_00873",6,"Calcifier_pH",-0.3,5.7,5.71382407877827
"ambiguous_dropped","all_data","Overall",-0.0645385210525713,"pH","pH","Calcifier","ZOO_STUDY_0174","ZOO_ES_003240","ZOO_COMMON_00301",6,"Calcifier_pH",-0.3,5.7,5.71259939441225
"ambiguous_dropped","all_data","Overall",-0.0748191591860504,"pH","pH","Calcifier","ZOO_STUDY_0174","ZOO_ES_003241","ZOO_COMMON_00301",6,"Calcifier_pH",-0.3,5.7,5.70882412124192
"ambiguous_dropped","all_data","Overall",-0.0251359732789955,"pH","pH","Calcifier","ZOO_STUDY_0174","ZOO_ES_003242","ZOO_COMMON_00301",6,"Calcifier_pH",-0.3,5.7,5.7025859731948
"ambiguous_dropped","all_data","Overall",-0.00673403213431883,"pH","pH","Calcifier","ZOO_STUDY_0174","ZOO_ES_003243","ZOO_COMMON_00301",6,"Calcifier_pH",-0.3,5.7,5.70489302655915
"ambiguous_dropped","all_data","Overall",0.0646378802891249,"pH","pH","Calcifier","ZOO_STUDY_0174","ZOO_ES_003244","ZOO_COMMON_00301",6,"Calcifier_pH",-0.3,5.7,5.71832187908003
"ambiguous_dropped","all_data","Overall",0.030685810542033,"pH","pH","Calcifier","ZOO_STUDY_0174","ZOO_ES_003245","ZOO_COMMON_00301",6,"Calcifier_pH",-0.3,5.7,5.69976703563007
"ambiguous_dropped","all_data","Overall",-0.0257524962139107,"pH","pH","Calcifier","ZOO_STUDY_0174","ZOO_ES_003246","ZOO_COMMON_00301",6,"Calcifier_pH",-0.3,5.7,5.72401144820033
"ambiguous_dropped","all_data","Overall",-0.0246926125138237,"pH","pH","Calcifier","ZOO_STUDY_0174","ZOO_ES_003247","ZOO_COMMON_00301",6,"Calcifier_pH",-0.3,5.7,5.67846873436356
"ambiguous_dropped","all_data","Overall",-0.00884179048959898,"pH","pH","Calcifier","ZOO_STUDY_0174","ZOO_ES_003248","ZOO_COMMON_00301",6,"Calcifier_pH",-0.3,5.7,5.70279644819675
"ambiguous_dropped","all_data","Overall",-0.0210875616657242,"pH","pH","Calcifier","ZOO_STUDY_0174","ZOO_ES_003249","ZOO_COMMON_00301",6,"Calcifier_pH",-0.3,5.7,5.68446867626626
"ambiguous_dropped","all_data","Overall",0.00619197030984121,"pH","pH","Calcifier","ZOO_STUDY_0174","ZOO_ES_003250","ZOO_COMMON_00301",6,"Calcifier_pH",-0.3,5.7,5.68982287407853
"ambiguous_dropped","all_data","Overall",-0.0421410667179749,"pH","pH","Calcifier","ZOO_STUDY_0174","ZOO_ES_003251","ZOO_COMMON_00301",6,"Calcifier_pH",-0.3,5.7,5.71705020609079
"ambiguous_dropped","all_data","Overall",-0.0511037511074398,"pH","pH","Calcifier","ZOO_STUDY_0174","ZOO_ES_003252","ZOO_COMMON_00301",6,"Calcifier_pH",-0.3,5.7,5.68525535506196
"ambiguous_dropped","all_data","Overall",-0.0172730207157684,"pH","pH","Calcifier","ZOO_STUDY_0174","ZOO_ES_003253","ZOO_COMMON_00301",6,"Calcifier_pH",-0.3,5.7,5.70413595448481
"ambiguous_dropped","all_data","Overall",0.0847770217637205,"pH","pH","Calcifier","ZOO_STUDY_0174","ZOO_ES_003254","ZOO_COMMON_00301",6,"Calcifier_pH",-0.3,5.7,5.69481310991105
"ambiguous_dropped","all_data","Overall",0.152712306228211,"pH","pH","Calcifier","ZOO_STUDY_0174","ZOO_ES_003255","ZOO_COMMON_00301",6,"Calcifier_pH",-0.3,5.7,5.69027856381144
"ambiguous_dropped","all_data","Overall",-0.0349571910932192,"pH","pH","Calcifier","ZOO_STUDY_0174","ZOO_ES_003256","ZOO_COMMON_00301",6,"Calcifier_pH",-0.3,5.7,5.69861276446609
"ambiguous_dropped","all_data","Overall",-0.0170312890561072,"pH","pH","Calcifier","ZOO_STUDY_0174","ZOO_ES_003257","ZOO_COMMON_00301",6,"Calcifier_pH",-0.3,5.7,5.71216245489195
"ambiguous_dropped","all_data","Overall",0.0118554647299549,"pH","pH","Calcifier","ZOO_STUDY_0174","ZOO_ES_003258","ZOO_COMMON_00301",6,"Calcifier_pH",-0.3,5.7,5.72384018033044
"ambiguous_dropped","all_data","Overall",-0.00969388204197466,"pH","pH","Calcifier","ZOO_STUDY_0174","ZOO_ES_003259","ZOO_COMMON_00301",6,"Calcifier_pH",-0.3,5.7,5.68281319256639
"ambiguous_dropped","all_data","Overall",-0.0940553528502343,"pH","pH","Calcifier","ZOO_STUDY_0174","ZOO_ES_003260","ZOO_COMMON_00301",6,"Calcifier_pH",-0.3,5.7,5.68147129056742
"ambiguous_dropped","all_data","Overall",-0.108809190398057,"pH","pH","Calcifier","ZOO_STUDY_0174","ZOO_ES_003261","ZOO_COMMON_00301",6,"Calcifier_pH",-0.3,5.7,5.704027965141
"ambiguous_dropped","all_data","Overall",-0.166005891268271,"pH","pH","Calcifier","ZOO_STUDY_0176","ZOO_ES_003262","ZOO_COMMON_00304",6,"Calcifier_pH",-0.3,5.7,5.68185745874653
"ambiguous_dropped","all_data","Overall",0.00321256074043103,"pH","pH","Calcifier","ZOO_STUDY_0176","ZOO_ES_003263","ZOO_COMMON_00304",6,"Calcifier_pH",-0.3,5.7,5.68509982222458
"ambiguous_dropped","all_data","Overall",-0.0734274685548172,"pH","pH","Calcifier","ZOO_STUDY_0177","ZOO_ES_003264","ZOO_COMMON_00306",6,"Calcifier_pH",-0.3,5.7,5.69208245322807
"ambiguous_dropped","all_data","Overall",-0.050430853626892,"pH","pH","Calcifier","ZOO_STUDY_0177","ZOO_ES_003265","ZOO_COMMON_00306",6,"Calcifier_pH",-0.3,5.7,5.6882950473344
"ambiguous_dropped","all_data","Overall",-0.0934531690571121,"pH","pH","Calcifier","ZOO_STUDY_0177","ZOO_ES_003266","ZOO_COMMON_00306",6,"Calcifier_pH",-0.3,5.7,5.71107929907739
"ambiguous_dropped","all_data","Overall",-0.10025660373965,"pH","pH","Calcifier","ZOO_STUDY_0177","ZOO_ES_003267","ZOO_COMMON_00306",6,"Calcifier_pH",-0.3,5.7,5.70977457421832
"ambiguous_dropped","all_data","Overall",-0.163227897978375,"pH","pH","Calcifier","ZOO_STUDY_0177","ZOO_ES_003268","ZOO_COMMON_00306",6,"Calcifier_pH",-0.3,5.7,5.71471043635393
"ambiguous_dropped","all_data","Overall",-0.036533743332456,"pH","pH","Calcifier","ZOO_STUDY_0177","ZOO_ES_003269","ZOO_COMMON_00306",6,"Calcifier_pH",-0.3,5.7,5.68872349993326
"ambiguous_dropped","all_data","Overall",-0.0576291128366364,"pH","pH","Calcifier","ZOO_STUDY_0177","ZOO_ES_003270","ZOO_COMMON_00306",6,"Calcifier_pH",-0.3,5.7,5.68409781809896
"ambiguous_dropped","all_data","Overall",-0.085323042973862,"pH","pH","Calcifier","ZOO_STUDY_0177","ZOO_ES_003271","ZOO_COMMON_00306",6,"Calcifier_pH",-0.3,5.7,5.69813018335262
"ambiguous_dropped","all_data","Overall",-0.111026253193504,"pH","pH","Calcifier","ZOO_STUDY_0177","ZOO_ES_003272","ZOO_COMMON_00306",6,"Calcifier_pH",-0.3,5.7,5.70252725384198
"ambiguous_dropped","all_data","Overall",-0.120144311842063,"pH","pH","Calcifier","ZOO_STUDY_0177","ZOO_ES_003273","ZOO_COMMON_00306",6,"Calcifier_pH",-0.3,5.7,5.7061358857085
"ambiguous_dropped","all_data","Overall",-0.053109825220845,"pH","pH","Calcifier","ZOO_STUDY_0177","ZOO_ES_003274","ZOO_COMMON_00306",6,"Calcifier_pH",-0.3,5.7,5.69914467119379
"ambiguous_dropped","all_data","Overall",-0.0672522270266648,"pH","pH","Calcifier","ZOO_STUDY_0177","ZOO_ES_003275","ZOO_COMMON_00306",6,"Calcifier_pH",-0.3,5.7,5.68149154870771
"ambiguous_dropped","all_data","Overall",0,"pH","pH","Calcifier","ZOO_STUDY_0177","ZOO_ES_003276","ZOO_COMMON_00306",6,"Calcifier_pH",-0.3,5.7,5.71919984035194
"ambiguous_dropped","all_data","Overall",-0.0353166718891789,"pH","pH","Calcifier","ZOO_STUDY_0177","ZOO_ES_003277","ZOO_COMMON_00306",6,"Calcifier_pH",-0.3,5.7,5.72456589639187
"ambiguous_dropped","all_data","Overall",0.00276625346511289,"pH","pH","Calcifier","ZOO_STUDY_0177","ZOO_ES_003278","ZOO_COMMON_00306",6,"Calcifier_pH",-0.3,5.7,5.71809827180114
"ambiguous_dropped","all_data","Overall",-0.0133039656393426,"pH","pH","Calcifier","ZOO_STUDY_0177","ZOO_ES_003279","ZOO_COMMON_00306",6,"Calcifier_pH",-0.3,5.7,5.71761253589066
"ambiguous_dropped","all_data","Overall",0.0160003413189834,"pH","pH","Calcifier","ZOO_STUDY_0177","ZOO_ES_003280","ZOO_COMMON_00306",6,"Calcifier_pH",-0.3,5.7,5.69387068036012
"ambiguous_dropped","all_data","Overall",-0.0668086697019061,"pH","pH","Calcifier","ZOO_STUDY_0177","ZOO_ES_003281","ZOO_COMMON_00306",6,"Calcifier_pH",-0.3,5.7,5.70585382499266
"ambiguous_dropped","all_data","Overall",-0.0610141056741287,"pH","pH","Calcifier","ZOO_STUDY_0177","ZOO_ES_003282","ZOO_COMMON_00306",6,"Calcifier_pH",-0.3,5.7,5.70091711962596
"ambiguous_dropped","all_data","Overall",-0.10709813630365,"pH","pH","Calcifier","ZOO_STUDY_0177","ZOO_ES_003283","ZOO_COMMON_00306",6,"Calcifier_pH",-0.3,5.7,5.67684646049747
"ambiguous_dropped","all_data","Overall",-0.0681378054348367,"pH","pH","Calcifier","ZOO_STUDY_0377","ZOO_ES_003284","ZOO_COMMON_00635",6,"Calcifier_pH",-0.3,5.7,5.71215162172448
"ambiguous_dropped","all_data","Overall",-0.0957450568944982,"pH","pH","Calcifier","ZOO_STUDY_0377","ZOO_ES_003285","ZOO_COMMON_00635",6,"Calcifier_pH",-0.3,5.7,5.71712142521283
"ambiguous_dropped","all_data","Overall",-0.156653809885201,"pH","pH","Calcifier","ZOO_STUDY_0377","ZOO_ES_003286","ZOO_COMMON_00635",6,"Calcifier_pH",-0.3,5.7,5.67745576585876
"ambiguous_dropped","all_data","Overall",-0.00884961544598888,"pH","pH","Calcifier","ZOO_STUDY_0377","ZOO_ES_003287","ZOO_COMMON_00635",6,"Calcifier_pH",-0.3,5.7,5.71966446038568
"ambiguous_dropped","all_data","Overall",-0.0533830671162698,"T","T","Calcifier","ZOO_STUDY_0371","ZOO_ES_003288","ZOO_COMMON_00623",6,"Calcifier_T",-0.18,5.82,5.81390887264162
"ambiguous_dropped","all_data","Overall",-0.00415456858245017,"T","T","Calcifier","ZOO_STUDY_0371","ZOO_ES_003289","ZOO_COMMON_00623",6,"Calcifier_T",-0.18,5.82,5.82977821507258
"ambiguous_dropped","all_data","Overall",0,"T","T","Calcifier","ZOO_STUDY_0371","ZOO_ES_003290","ZOO_COMMON_00623",6,"Calcifier_T",-0.18,5.82,5.83086556812516
"ambiguous_dropped","all_data","Overall",-0.00225276844296736,"T","T","Calcifier","ZOO_STUDY_0371","ZOO_ES_003291","ZOO_COMMON_00623",6,"Calcifier_T",-0.18,5.82,5.82912624733755
"ambiguous_dropped","all_data","Overall",-0.042732849570593,"T","T","Calcifier","ZOO_STUDY_0371","ZOO_ES_003292","ZOO_COMMON_00623",6,"Calcifier_T",-0.18,5.82,5.81002031780547
"ambiguous_dropped","all_data","Overall",0.015168221516593,"T","T","Calcifier","ZOO_STUDY_0371","ZOO_ES_003293","ZOO_COMMON_00623",6,"Calcifier_T",-0.18,5.82,5.8101311591384
"ambiguous_dropped","all_data","Overall",-0.0552904629182057,"T","T","Calcifier","ZOO_STUDY_0375","ZOO_ES_003294","ZOO_COMMON_00633",6,"Calcifier_T",-0.18,5.82,5.81880551991519
"ambiguous_dropped","all_data","Overall",-0.0462128431418361,"T","T","Calcifier","ZOO_STUDY_0375","ZOO_ES_003295","ZOO_COMMON_00633",6,"Calcifier_T",-0.18,5.82,5.79742412419757
"ambiguous_dropped","all_data","Overall",-0.132791473868988,"T","T","Calcifier","ZOO_STUDY_0375","ZOO_ES_003296","ZOO_COMMON_00633",6,"Calcifier_T",-0.18,5.82,5.8195809910004
"ambiguous_dropped","all_data","Overall",-0.0454623740137083,"T","T","Calcifier","ZOO_STUDY_0375","ZOO_ES_003297","ZOO_COMMON_00633",6,"Calcifier_T",-0.18,5.82,5.82443123618607
"ambiguous_dropped","all_data","Overall",-0.0792240420808809,"T","T","Calcifier","ZOO_STUDY_0375","ZOO_ES_003298","ZOO_COMMON_00633",6,"Calcifier_T",-0.18,5.82,5.80673196642194
"ambiguous_dropped","all_data","Overall",-0.0677855065061436,"T","T","Calcifier","ZOO_STUDY_0375","ZOO_ES_003299","ZOO_COMMON_00633",6,"Calcifier_T",-0.18,5.82,5.84323191247415
"ambiguous_dropped","all_data","Overall",-0.0764535557022479,"T","T","Calcifier","ZOO_STUDY_0375","ZOO_ES_003300","ZOO_COMMON_00633",6,"Calcifier_T",-0.18,5.82,5.80299973302055
"ambiguous_dropped","all_data","Overall",-0.0630839753664875,"T","T","Calcifier","ZOO_STUDY_0375","ZOO_ES_003301","ZOO_COMMON_00633",6,"Calcifier_T",-0.18,5.82,5.82376189919189
"ambiguous_dropped","all_data","Overall",-0.0988788810336702,"T","T","Calcifier","ZOO_STUDY_0375","ZOO_ES_003302","ZOO_COMMON_00633",6,"Calcifier_T",-0.18,5.82,5.81603961061221
"ambiguous_dropped","all_data","Overall",-0.143946509662204,"T","T","Calcifier","ZOO_STUDY_0375","ZOO_ES_003303","ZOO_COMMON_00633",6,"Calcifier_T",-0.18,5.82,5.80112148542423
"ambiguous_dropped","all_data","Overall",-0.0691765093499307,"T","T","Calcifier","ZOO_STUDY_0375","ZOO_ES_003304","ZOO_COMMON_00633",6,"Calcifier_T",-0.18,5.82,5.81321426036768
"ambiguous_dropped","all_data","Overall",-0.0845573881088791,"T","T","Calcifier","ZOO_STUDY_0375","ZOO_ES_003305","ZOO_COMMON_00633",6,"Calcifier_T",-0.18,5.82,5.84493630797835
"ambiguous_dropped","all_data","Overall",-0.09284037339903,"T","T","Calcifier","ZOO_STUDY_0380","ZOO_ES_003306","ZOO_COMMON_00638",6,"Calcifier_T",-0.18,5.82,5.83489431465743
"ambiguous_dropped","all_data","Overall",-0.0430417512714281,"pH","pH","Calcifier","ZOO_STUDY_0381","ZOO_ES_003307","ZOO_COMMON_00639",6,"Calcifier_pH",-0.3,5.7,5.69249257558258
"ambiguous_dropped","all_data","Overall",-0.0593405481521946,"pH","pH","Calcifier","ZOO_STUDY_0381","ZOO_ES_003308","ZOO_COMMON_00639",6,"Calcifier_pH",-0.3,5.7,5.72184885273455
"ambiguous_dropped","all_data","Overall",-0.0215007003039369,"pH","pH","Calcifier","ZOO_STUDY_0381","ZOO_ES_003309","ZOO_COMMON_00639",6,"Calcifier_pH",-0.3,5.7,5.71065986895701
"ambiguous_dropped","all_data","Overall",-0.0967397725423885,"pH","pH","Calcifier","ZOO_STUDY_0381","ZOO_ES_003310","ZOO_COMMON_00639",6,"Calcifier_pH",-0.3,5.7,5.69976218842203
"ambiguous_dropped","all_data","Overall",-0.0371207877624973,"pH","pH","Calcifier","ZOO_STUDY_0381","ZOO_ES_003311","ZOO_COMMON_00639",6,"Calcifier_pH",-0.3,5.7,5.71561226808699
"ambiguous_dropped","all_data","Overall",-0.0211371787562561,"pH","pH","Calcifier","ZOO_STUDY_0381","ZOO_ES_003312","ZOO_COMMON_00639",6,"Calcifier_pH",-0.3,5.7,5.70774662723998
"ambiguous_dropped","all_data","Overall",-0.0537109837608471,"pH","pH","Calcifier","ZOO_STUDY_0381","ZOO_ES_003313","ZOO_COMMON_00639",6,"Calcifier_pH",-0.3,5.7,5.69303729404928
"ambiguous_dropped","all_data","Overall",-0.0254479739447663,"pH","pH","Calcifier","ZOO_STUDY_0381","ZOO_ES_003314","ZOO_COMMON_00639",6,"Calcifier_pH",-0.3,5.7,5.69859657760244
"ambiguous_dropped","all_data","Overall",-0.0962517995891197,"pH","pH","Calcifier","ZOO_STUDY_0378","ZOO_ES_003315","ZOO_COMMON_00636",6,"Calcifier_pH",-0.3,5.7,5.70491788528161
"ambiguous_dropped","all_data","Overall",-0.0455659688768993,"pH","pH","Calcifier","ZOO_STUDY_0378","ZOO_ES_003316","ZOO_COMMON_00636",6,"Calcifier_pH",-0.3,5.7,5.71130999155575
"ambiguous_dropped","all_data","Overall",0.874547502755968,"pH","pH","Calcifier","ZOO_STUDY_0177","ZOO_ES_003324","ZOO_COMMON_00306",6,"Calcifier_pH",-0.3,5.7,5.69279998654965
"ambiguous_dropped","all_data","Overall",0.78209466672607,"pH","pH","Calcifier","ZOO_STUDY_0174","ZOO_ES_003325","ZOO_COMMON_00301",6,"Calcifier_pH",-0.3,5.7,5.7043239224935
"ambiguous_dropped","all_data","Overall",0.693147180559945,"pH","pH","Calcifier","ZOO_STUDY_0174","ZOO_ES_003326","ZOO_COMMON_00301",6,"Calcifier_pH",-0.3,5.7,5.70083017939469
"ambiguous_dropped","all_data","Overall",0.398390798766031,"pH","pH","Calcifier","ZOO_STUDY_0177","ZOO_ES_003327","ZOO_COMMON_00306",6,"Calcifier_pH",-0.3,5.7,5.70467573447386
"ambiguous_dropped","all_data","Overall",0.230986728758493,"pH","pH","Calcifier","ZOO_STUDY_0174","ZOO_ES_003328","ZOO_COMMON_00301",6,"Calcifier_pH",-0.3,5.7,5.7194134792313
"ambiguous_dropped","all_data","Overall",0.206739902838104,"pH","pH","Calcifier","ZOO_STUDY_0174","ZOO_ES_003329","ZOO_COMMON_00301",6,"Calcifier_pH",-0.3,5.7,5.71835637779441
"ambiguous_dropped","all_data","Overall",0.166228515655706,"pH","pH","Calcifier","ZOO_STUDY_0174","ZOO_ES_003330","ZOO_COMMON_00301",6,"Calcifier_pH",-0.3,5.7,5.71656006848207
"ambiguous_dropped","all_data","Overall",0.135378797557423,"pH","pH","Calcifier","ZOO_STUDY_0177","ZOO_ES_003331","ZOO_COMMON_00306",6,"Calcifier_pH",-0.3,5.7,5.68308590556262
"ambiguous_dropped","all_data","Overall",0.0524901826008197,"pH","pH","Calcifier","ZOO_STUDY_0174","ZOO_ES_003333","ZOO_COMMON_00301",6,"Calcifier_pH",-0.3,5.7,5.69156988726463
"ambiguous_dropped","all_data","Overall",0.0503845923574318,"pH","pH","Calcifier","ZOO_STUDY_0174","ZOO_ES_003334","ZOO_COMMON_00301",6,"Calcifier_pH",-0.3,5.7,5.72130862275371
"ambiguous_dropped","all_data","Overall",0.0456105112548719,"pH","pH","Calcifier","ZOO_STUDY_0177","ZOO_ES_003335","ZOO_COMMON_00306",6,"Calcifier_pH",-0.3,5.7,5.72125195605913
"ambiguous_dropped","all_data","Overall",0.0451822227646615,"pH","pH","Calcifier","ZOO_STUDY_0177","ZOO_ES_003336","ZOO_COMMON_00306",6,"Calcifier_pH",-0.3,5.7,5.70682487690356
"ambiguous_dropped","all_data","Overall",0.0202846711866697,"pH","pH","Calcifier","ZOO_STUDY_0177","ZOO_ES_003337","ZOO_COMMON_00306",6,"Calcifier_pH",-0.3,5.7,5.71464549197117
"ambiguous_dropped","all_data","Overall",0.0101523714209011,"pH","pH","Calcifier","ZOO_STUDY_0177","ZOO_ES_003338","ZOO_COMMON_00306",6,"Calcifier_pH",-0.3,5.7,5.70358731789747
"ambiguous_dropped","all_data","Overall",-0.162903470976079,"pH","pH","Calcifier","ZOO_STUDY_0177","ZOO_ES_003342","ZOO_COMMON_00306",6,"Calcifier_pH",-0.3,5.7,5.67696878431598
"ambiguous_dropped","all_data","Overall",-0.163109306412805,"pH","pH","Calcifier","ZOO_STUDY_0177","ZOO_ES_003343","ZOO_COMMON_00306",6,"Calcifier_pH",-0.3,5.7,5.68938286219491
"ambiguous_dropped","all_data","Overall",-0.165955657900672,"pH","pH","Calcifier","ZOO_STUDY_0174","ZOO_ES_003344","ZOO_COMMON_00301",6,"Calcifier_pH",-0.3,5.7,5.69904207942309
"ambiguous_dropped","all_data","Overall",-0.211671150200914,"pH","pH","Calcifier","ZOO_STUDY_0177","ZOO_ES_003345","ZOO_COMMON_00306",6,"Calcifier_pH",-0.3,5.7,5.69674568761839
"ambiguous_dropped","all_data","Overall",-0.223733347813742,"pH","pH","Calcifier","ZOO_STUDY_0177","ZOO_ES_003346","ZOO_COMMON_00306",6,"Calcifier_pH",-0.3,5.7,5.72162349435966
"ambiguous_dropped","all_data","Overall",-0.270290329628433,"pH","pH","Calcifier","ZOO_STUDY_0174","ZOO_ES_003347","ZOO_COMMON_00301",6,"Calcifier_pH",-0.3,5.7,5.70728402928216
"ambiguous_dropped","all_data","Overall",-0.277976502710552,"pH","pH","Calcifier","ZOO_STUDY_0177","ZOO_ES_003348","ZOO_COMMON_00306",6,"Calcifier_pH",-0.3,5.7,5.67504144818522
"ambiguous_dropped","all_data","Overall",-0.278713402961588,"pH","pH","Calcifier","ZOO_STUDY_0174","ZOO_ES_003349","ZOO_COMMON_00301",6,"Calcifier_pH",-0.3,5.7,5.67597612054087
"ambiguous_dropped","all_data","Overall",-0.289151580629876,"pH","pH","Calcifier","ZOO_STUDY_0177","ZOO_ES_003350","ZOO_COMMON_00306",6,"Calcifier_pH",-0.3,5.7,5.68984872846631
"ambiguous_dropped","all_data","Overall",-0.405465108352282,"pH","pH","Calcifier","ZOO_STUDY_0177","ZOO_ES_003351","ZOO_COMMON_00306",6,"Calcifier_pH",-0.3,5.7,5.68868730989052
"ambiguous_dropped","all_data","Overall",-0.489164127129337,"pH","pH","Calcifier","ZOO_STUDY_0174","ZOO_ES_003352","ZOO_COMMON_00301",6,"Calcifier_pH",-0.3,5.7,5.71647356696194
"ambiguous_dropped","all_data","Overall",-0.606135803427134,"pH","pH","Calcifier","ZOO_STUDY_0174","ZOO_ES_003353","ZOO_COMMON_00301",6,"Calcifier_pH",-0.3,5.7,5.711052971147
"ambiguous_dropped","all_data","Overall",-0.650478592139166,"pH","pH","Calcifier","ZOO_STUDY_0174","ZOO_ES_003354","ZOO_COMMON_00301",6,"Calcifier_pH",-0.3,5.7,5.70902779442258
"ambiguous_dropped","all_data","Overall",-0.663901612617589,"pH","pH","Calcifier","ZOO_STUDY_0174","ZOO_ES_003355","ZOO_COMMON_00301",6,"Calcifier_pH",-0.3,5.7,5.69420974462992
"ambiguous_dropped","all_data","Overall",-0.677398823748056,"pH","pH","Calcifier","ZOO_STUDY_0176","ZOO_ES_003356","ZOO_COMMON_00304",6,"Calcifier_pH",-0.3,5.7,5.68426367335487
"ambiguous_dropped","all_data","Overall",-0.705317716362344,"pH","pH","Calcifier","ZOO_STUDY_0174","ZOO_ES_003357","ZOO_COMMON_00301",6,"Calcifier_pH",-0.3,5.7,5.68558513027383
"ambiguous_dropped","all_data","Overall",-0.899761430320256,"pH","pH","Calcifier","ZOO_STUDY_0177","ZOO_ES_003358","ZOO_COMMON_00306",6,"Calcifier_pH",-0.3,5.7,5.7101846077363
"ambiguous_dropped","all_data","Overall",-0.961411167267294,"pH","pH","Calcifier","ZOO_STUDY_0177","ZOO_ES_003359","ZOO_COMMON_00306",6,"Calcifier_pH",-0.3,5.7,5.68812438873574
"ambiguous_dropped","all_data","Overall",-1.20881542873144,"pH","pH","Calcifier","ZOO_STUDY_0176","ZOO_ES_003360","ZOO_COMMON_00304",6,"Calcifier_pH",-0.3,5.7,5.68631743197329
"ambiguous_dropped","all_data","Overall",-1.45033672729519,"pH","pH","Calcifier","ZOO_STUDY_0174","ZOO_ES_003361","ZOO_COMMON_00301",6,"Calcifier_pH",-0.3,5.7,5.70465931476792
"ambiguous_dropped","all_data","Overall",-0.120763663777521,"T","T","Calcifier","ZOO_STUDY_0175","ZOO_ES_003362","ZOO_COMMON_00303",6,"Calcifier_T",-0.18,5.82,5.80236853536218
"ambiguous_dropped","all_data","Overall",-0.1980128865465,"T","T","Calcifier","ZOO_STUDY_0175","ZOO_ES_003363","ZOO_COMMON_00303",6,"Calcifier_T",-0.18,5.82,5.79755210493924
"ambiguous_dropped","all_data","Overall",-0.205645648075647,"T","T","Calcifier","ZOO_STUDY_0175","ZOO_ES_003364","ZOO_COMMON_00303",6,"Calcifier_T",-0.18,5.82,5.79569425146794
"ambiguous_dropped","all_data","Overall",-0.513453746276042,"T","T","Calcifier","ZOO_STUDY_0175","ZOO_ES_003365","ZOO_COMMON_00303",6,"Calcifier_T",-0.18,5.82,5.83540927501628
"ambiguous_dropped","all_data","Overall",-0.739667196276656,"T","T","Calcifier","ZOO_STUDY_0175","ZOO_ES_003366","ZOO_COMMON_00303",6,"Calcifier_T",-0.18,5.82,5.83512822649675
"ambiguous_dropped","all_data","Overall",-0.745790913881646,"T","T","Calcifier","ZOO_STUDY_0175","ZOO_ES_003367","ZOO_COMMON_00303",6,"Calcifier_T",-0.18,5.82,5.79575219118735
"ambiguous_dropped","all_data","Overall",-0.809270464632267,"T","T","Calcifier","ZOO_STUDY_0175","ZOO_ES_003368","ZOO_COMMON_00303",6,"Calcifier_T",-0.18,5.82,5.82476473593153
"ambiguous_dropped","all_data","Overall",-0.835049868752542,"T","T","Calcifier","ZOO_STUDY_0175","ZOO_ES_003369","ZOO_COMMON_00303",6,"Calcifier_T",-0.18,5.82,5.81036813948769
"ambiguous_dropped","all_data","Overall",-0.839228652580343,"T","T","Calcifier","ZOO_STUDY_0175","ZOO_ES_003370","ZOO_COMMON_00303",6,"Calcifier_T",-0.18,5.82,5.82530554349534
"ambiguous_dropped","all_data","Overall",-1.01473080466297,"T","T","Calcifier","ZOO_STUDY_0175","ZOO_ES_003371","ZOO_COMMON_00303",6,"Calcifier_T",-0.18,5.82,5.80577937611844
"ambiguous_dropped","all_data","Overall",-1.02235275587052,"T","T","Calcifier","ZOO_STUDY_0175","ZOO_ES_003372","ZOO_COMMON_00303",6,"Calcifier_T",-0.18,5.82,5.84239346703282
"ambiguous_dropped","all_data","Overall",-1.34863252309394,"T","T","Calcifier","ZOO_STUDY_0175","ZOO_ES_003373","ZOO_COMMON_00303",6,"Calcifier_T",-0.18,5.82,5.80029528334737
"ambiguous_dropped","all_data","Overall",-1.36330484285523,"T","T","Calcifier","ZOO_STUDY_0175","ZOO_ES_003374","ZOO_COMMON_00303",6,"Calcifier_T",-0.18,5.82,5.80097454338567
"ambiguous_dropped","all_data","Overall",-1.71765149740318,"T","T","Calcifier","ZOO_STUDY_0175","ZOO_ES_003375","ZOO_COMMON_00303",6,"Calcifier_T",-0.18,5.82,5.80202687798766
"ambiguous_dropped","all_data","Overall",-2.49630528271364,"T","T","Calcifier","ZOO_STUDY_0175","ZOO_ES_003376","ZOO_COMMON_00303",6,"Calcifier_T",-0.18,5.82,5.8096427683183
"ambiguous_dropped","all_data","Overall",-2.75153531300844,"T","T","Calcifier","ZOO_STUDY_0175","ZOO_ES_003377","ZOO_COMMON_00303",6,"Calcifier_T",-0.18,5.82,5.82493681181688
"ambiguous_dropped","all_data","Overall",-0.0451822227646614,"T","T","Calcifier","ZOO_STUDY_0177","ZOO_ES_003378","ZOO_COMMON_00307",6,"Calcifier_T",-0.18,5.82,5.80545172607992
"ambiguous_dropped","all_data","Overall",-0.0815498669510359,"T","T","Calcifier","ZOO_STUDY_0177","ZOO_ES_003379","ZOO_COMMON_00307",6,"Calcifier_T",-0.18,5.82,5.81761655374896
"ambiguous_dropped","all_data","Overall",-0.140581950594233,"T","T","Calcifier","ZOO_STUDY_0177","ZOO_ES_003380","ZOO_COMMON_00307",6,"Calcifier_T",-0.18,5.82,5.81764147198293
"ambiguous_dropped","all_data","Overall",-0.183138216770258,"T","T","Calcifier","ZOO_STUDY_0177","ZOO_ES_003381","ZOO_COMMON_00307",6,"Calcifier_T",-0.18,5.82,5.81408817142248
"ambiguous_dropped","all_data","Overall",-0.244453337927115,"T","T","Calcifier","ZOO_STUDY_0177","ZOO_ES_003382","ZOO_COMMON_00307",6,"Calcifier_T",-0.18,5.82,5.84437866057735
"ambiguous_dropped","all_data","Overall",-0.309744587629271,"T","T","Calcifier","ZOO_STUDY_0177","ZOO_ES_003383","ZOO_COMMON_00307",6,"Calcifier_T",-0.18,5.82,5.79550748965004
"ambiguous_dropped","all_data","Overall",-0.377168357778347,"T","T","Calcifier","ZOO_STUDY_0177","ZOO_ES_003384","ZOO_COMMON_00307",6,"Calcifier_T",-0.18,5.82,5.83827434704173
"ambiguous_dropped","all_data","Overall",-0.384599969594645,"T","T","Calcifier","ZOO_STUDY_0177","ZOO_ES_003385","ZOO_COMMON_00307",6,"Calcifier_T",-0.18,5.82,5.79963491380215
"ambiguous_dropped","all_data","Overall",-0.408804009381822,"T","T","Calcifier","ZOO_STUDY_0177","ZOO_ES_003386","ZOO_COMMON_00307",6,"Calcifier_T",-0.18,5.82,5.80410462351749
"ambiguous_dropped","all_data","Overall",-0.573524218129913,"T","T","Calcifier","ZOO_STUDY_0177","ZOO_ES_003387","ZOO_COMMON_00307",6,"Calcifier_T",-0.18,5.82,5.81738830913557
"ambiguous_dropped","all_data","Overall",-0.638446044845368,"T","T","Calcifier","ZOO_STUDY_0177","ZOO_ES_003388","ZOO_COMMON_00307",6,"Calcifier_T",-0.18,5.82,5.83145450313343
"ambiguous_dropped","all_data","Overall",-0.812410601255142,"T","T","Calcifier","ZOO_STUDY_0177","ZOO_ES_003389","ZOO_COMMON_00307",6,"Calcifier_T",-0.18,5.82,5.80449811618775
"ambiguous_dropped","all_data","Overall",-1.06471073717425,"T","T","Calcifier","ZOO_STUDY_0177","ZOO_ES_003390","ZOO_COMMON_00307",6,"Calcifier_T",-0.18,5.82,5.80196557149058
"ambiguous_dropped","all_data","Overall",-1.85353682923816,"T","T","Calcifier","ZOO_STUDY_0177","ZOO_ES_003391","ZOO_COMMON_00307",6,"Calcifier_T",-0.18,5.82,5.80563963121269
"ambiguous_dropped","all_data","Overall",0.0201798567819685,"pH","pH","Calcifier","ZOO_STUDY_0509","ZOO_ES_003392","ZOO_COMMON_00872",6,"Calcifier_pH",-0.3,5.7,5.68343641128158
"ambiguous_dropped","all_data","Overall",0.0120141308730348,"pH","pH","Calcifier","ZOO_STUDY_0509","ZOO_ES_003393","ZOO_COMMON_00872",6,"Calcifier_pH",-0.3,5.7,5.7176517668413
"ambiguous_dropped","all_data","Overall",0.7503055942329,"pH","pH","Calcifier","ZOO_STUDY_0377","ZOO_ES_003394","ZOO_COMMON_00635",6,"Calcifier_pH",-0.3,5.7,5.71200077984249
"ambiguous_dropped","all_data","Overall",1.46228026807907,"pH","pH","Calcifier","ZOO_STUDY_0377","ZOO_ES_003395","ZOO_COMMON_00635",6,"Calcifier_pH",-0.3,5.7,5.7034845659975
"ambiguous_dropped","all_data","Overall",0.201968554155331,"pH","pH","Calcifier","ZOO_STUDY_0378","ZOO_ES_003396","ZOO_COMMON_00636",6,"Calcifier_pH",-0.3,5.7,5.71776680962648
"ambiguous_dropped","all_data","Overall",0.420358269138385,"pH","pH","Calcifier","ZOO_STUDY_0379","ZOO_ES_003397","ZOO_COMMON_00637",6,"Calcifier_pH",-0.3,5.7,5.68241393211065
"ambiguous_dropped","all_data","Overall",0.385768087959985,"pH","pH","Calcifier","ZOO_STUDY_0379","ZOO_ES_003398","ZOO_COMMON_00637",6,"Calcifier_pH",-0.3,5.7,5.6938728555222
"ambiguous_dropped","all_data","Overall",1.81212111669559,"pH","pH","Non-calcifier","ZOO_STUDY_0018","ZOO_ES_000001","ZOO_COMMON_00026",6,"Non-calcifier_pH",0.06,6.06,6.05098217373248
"ambiguous_dropped","all_data","Overall",0.722174788760165,"T","T","Non-calcifier","ZOO_STUDY_0018","ZOO_ES_000002","ZOO_COMMON_00026",6,"Non-calcifier_T",0.18,6.18,6.15649659692543
"ambiguous_dropped","all_data","Overall",1.87879032553552,"T","T","Non-calcifier","ZOO_STUDY_0018","ZOO_ES_000003","ZOO_COMMON_00026",6,"Non-calcifier_T",0.18,6.18,6.17439295231132
"ambiguous_dropped","all_data","Overall",2.1353524892735,"TpH","T + pH","Non-calcifier","ZOO_STUDY_0018","ZOO_ES_000004","ZOO_COMMON_00026",6,"Non-calcifier_T + pH",0.3,6.3,6.3104719512281
"ambiguous_dropped","all_data","Overall",3.46406901642,"TpH","T + pH","Non-calcifier","ZOO_STUDY_0018","ZOO_ES_000005","ZOO_COMMON_00026",6,"Non-calcifier_T + pH",0.3,6.3,6.28740793940378
"ambiguous_dropped","all_data","Overall",-0.242140052004865,"pH","pH","Non-calcifier","ZOO_STUDY_0021","ZOO_ES_000011","ZOO_COMMON_00030",6,"Non-calcifier_pH",0.06,6.06,6.06739501820644
"ambiguous_dropped","all_data","Overall",-0.284104251103897,"T","T","Non-calcifier","ZOO_STUDY_0021","ZOO_ES_000012","ZOO_COMMON_00030",6,"Non-calcifier_T",0.18,6.18,6.16337547606789
"ambiguous_dropped","all_data","Overall",-0.60077386042893,"TpH","T + pH","Non-calcifier","ZOO_STUDY_0021","ZOO_ES_000013","ZOO_COMMON_00030",6,"Non-calcifier_T + pH",0.3,6.3,6.31361963392701
"ambiguous_dropped","all_data","Overall",-0.0781812975413578,"pH","pH","Non-calcifier","ZOO_STUDY_0018","ZOO_ES_000025","ZOO_COMMON_00026",6,"Non-calcifier_pH",0.06,6.06,6.05896712028421
"ambiguous_dropped","all_data","Overall",0.00708863727773454,"T","T","Non-calcifier","ZOO_STUDY_0018","ZOO_ES_000026","ZOO_COMMON_00026",6,"Non-calcifier_T",0.18,6.18,6.1580185127398
"ambiguous_dropped","all_data","Overall",-0.0532206962049096,"T","T","Non-calcifier","ZOO_STUDY_0018","ZOO_ES_000027","ZOO_COMMON_00026",6,"Non-calcifier_T",0.18,6.18,6.19353561521973
"ambiguous_dropped","all_data","Overall",-0.00509425452174308,"TpH","T + pH","Non-calcifier","ZOO_STUDY_0018","ZOO_ES_000028","ZOO_COMMON_00026",6,"Non-calcifier_T + pH",0.3,6.3,6.31885058302432
"ambiguous_dropped","all_data","Overall",-0.101528661538349,"TpH","T + pH","Non-calcifier","ZOO_STUDY_0018","ZOO_ES_000029","ZOO_COMMON_00026",6,"Non-calcifier_T + pH",0.3,6.3,6.30448652934283
"ambiguous_dropped","all_data","Overall",-0.00501757199197948,"pH","pH","Non-calcifier","ZOO_STUDY_0018","ZOO_ES_000030","ZOO_COMMON_00026",6,"Non-calcifier_pH",0.06,6.06,6.06548838592367
"ambiguous_dropped","all_data","Overall",0,"T","T","Non-calcifier","ZOO_STUDY_0018","ZOO_ES_000031","ZOO_COMMON_00026",6,"Non-calcifier_T",0.18,6.18,6.17603414018638
"ambiguous_dropped","all_data","Overall",-0.161518429164191,"T","T","Non-calcifier","ZOO_STUDY_0018","ZOO_ES_000032","ZOO_COMMON_00026",6,"Non-calcifier_T",0.18,6.18,6.15742573303403
"ambiguous_dropped","all_data","Overall",-0.0253434750060184,"TpH","T + pH","Non-calcifier","ZOO_STUDY_0018","ZOO_ES_000033","ZOO_COMMON_00026",6,"Non-calcifier_T + pH",0.3,6.3,6.3075462733279
"ambiguous_dropped","all_data","Overall",-0.125697152712374,"TpH","T + pH","Non-calcifier","ZOO_STUDY_0018","ZOO_ES_000034","ZOO_COMMON_00026",6,"Non-calcifier_T + pH",0.3,6.3,6.30009487976786
"ambiguous_dropped","all_data","Overall",0.19888657366865,"pH","pH","Non-calcifier","ZOO_STUDY_0021","ZOO_ES_000042","ZOO_COMMON_00029",6,"Non-calcifier_pH",0.06,6.06,6.07431892624823
"ambiguous_dropped","all_data","Overall",0.523046136546694,"pH","pH","Non-calcifier","ZOO_STUDY_0029","ZOO_ES_000043","ZOO_COMMON_00043",6,"Non-calcifier_pH",0.06,6.06,6.06235132791568
"ambiguous_dropped","all_data","Overall",-0.0705848949494358,"pH","pH","Non-calcifier","ZOO_STUDY_0030","ZOO_ES_000044","ZOO_COMMON_00045",6,"Non-calcifier_pH",0.06,6.06,6.05720634799451
"ambiguous_dropped","all_data","Overall",-0.350271506903526,"pH","pH","Non-calcifier","ZOO_STUDY_0021","ZOO_ES_000045","ZOO_COMMON_00029",6,"Non-calcifier_pH",0.06,6.06,6.07688986987574
"ambiguous_dropped","all_data","Overall",-0.426017481061486,"T","T","Non-calcifier","ZOO_STUDY_0021","ZOO_ES_000046","ZOO_COMMON_00029",6,"Non-calcifier_T",0.18,6.18,6.18878674869891
"ambiguous_dropped","all_data","Overall",-0.0172790476083523,"TpH","T + pH","Non-calcifier","ZOO_STUDY_0021","ZOO_ES_000047","ZOO_COMMON_00029",6,"Non-calcifier_T + pH",0.3,6.3,6.27758309460478
"ambiguous_dropped","all_data","Overall",-0.0464402816274991,"pH","pH","Non-calcifier","ZOO_STUDY_0030","ZOO_ES_000070","ZOO_COMMON_00045",6,"Non-calcifier_pH",0.06,6.06,6.0412992976862
"ambiguous_dropped","all_data","Overall",-0.179678549780601,"pH","pH","Non-calcifier","ZOO_STUDY_0030","ZOO_ES_000071","ZOO_COMMON_00044",6,"Non-calcifier_pH",0.06,6.06,6.07631860292982
"ambiguous_dropped","all_data","Overall",-0.111242742579346,"pH","pH","Non-calcifier","ZOO_STUDY_0030","ZOO_ES_000072","ZOO_COMMON_00044",6,"Non-calcifier_pH",0.06,6.06,6.05507143722149
"ambiguous_dropped","all_data","Overall",-0.0796629560265469,"pH","pH","Non-calcifier","ZOO_STUDY_0029","ZOO_ES_000079","ZOO_COMMON_00043",6,"Non-calcifier_pH",0.06,6.06,6.06025389955845
"ambiguous_dropped","all_data","Overall",-0.24247227086771,"T","T","Non-calcifier","ZOO_STUDY_0029","ZOO_ES_000080","ZOO_COMMON_00043",6,"Non-calcifier_T",0.18,6.18,6.17185668916907
"ambiguous_dropped","all_data","Overall",-0.393414040323175,"TpH","T + pH","Non-calcifier","ZOO_STUDY_0029","ZOO_ES_000081","ZOO_COMMON_00043",6,"Non-calcifier_T + pH",0.3,6.3,6.30619200357469
"ambiguous_dropped","all_data","Overall",0.0735625671770166,"pH","pH","Non-calcifier","ZOO_STUDY_0106","ZOO_ES_000088","ZOO_COMMON_00184",6,"Non-calcifier_pH",0.06,6.06,6.06387818098534
"ambiguous_dropped","all_data","Overall",0.561220851131449,"pH","pH","Non-calcifier","ZOO_STUDY_0116","ZOO_ES_000089","ZOO_COMMON_00199",6,"Non-calcifier_pH",0.06,6.06,6.04611240255414
"ambiguous_dropped","all_data","Overall",-0.621993420303655,"pH","pH","Non-calcifier","ZOO_STUDY_0179","ZOO_ES_000093","ZOO_COMMON_00310",6,"Non-calcifier_pH",0.06,6.06,6.06697868464049
"ambiguous_dropped","all_data","Overall",0.00992563979997,"pH","pH","Non-calcifier","ZOO_STUDY_0179","ZOO_ES_000094","ZOO_COMMON_00310",6,"Non-calcifier_pH",0.06,6.06,6.05283724578563
"ambiguous_dropped","all_data","Overall",-0.0345275497120287,"pH","pH","Non-calcifier","ZOO_STUDY_0236","ZOO_ES_000095","ZOO_COMMON_00403",6,"Non-calcifier_pH",0.06,6.06,6.05754044379806
"ambiguous_dropped","all_data","Overall",-0.129976184444304,"pH","pH","Non-calcifier","ZOO_STUDY_0041","ZOO_ES_000097","ZOO_COMMON_00058",6,"Non-calcifier_pH",0.06,6.06,6.05503459095722
"ambiguous_dropped","all_data","Overall",0.315679804154428,"T","T","Non-calcifier","ZOO_STUDY_0041","ZOO_ES_000098","ZOO_COMMON_00058",6,"Non-calcifier_T",0.18,6.18,6.16608872115146
"ambiguous_dropped","all_data","Overall",0.347491632052266,"TpH","T + pH","Non-calcifier","ZOO_STUDY_0041","ZOO_ES_000099","ZOO_COMMON_00058",6,"Non-calcifier_T + pH",0.3,6.3,6.28739374999423
"ambiguous_dropped","all_data","Overall",-0.994280949599328,"pH","pH","Non-calcifier","ZOO_STUDY_0041","ZOO_ES_000103","ZOO_COMMON_00058",6,"Non-calcifier_pH",0.06,6.06,6.04381297664018
"ambiguous_dropped","all_data","Overall",0.48048895521463,"T","T","Non-calcifier","ZOO_STUDY_0041","ZOO_ES_000104","ZOO_COMMON_00058",6,"Non-calcifier_T",0.18,6.18,6.17661534753395
"ambiguous_dropped","all_data","Overall",0.0652609658943938,"TpH","T + pH","Non-calcifier","ZOO_STUDY_0041","ZOO_ES_000105","ZOO_COMMON_00058",6,"Non-calcifier_T + pH",0.3,6.3,6.30548468120396
"ambiguous_dropped","all_data","Overall",-0.115990288749138,"pH","pH","Non-calcifier","ZOO_STUDY_0075","ZOO_ES_000121","ZOO_COMMON_00120",6,"Non-calcifier_pH",0.06,6.06,6.05545273608528
"ambiguous_dropped","all_data","Overall",-0.131137945840767,"T","T","Non-calcifier","ZOO_STUDY_0075","ZOO_ES_000122","ZOO_COMMON_00120",6,"Non-calcifier_T",0.18,6.18,6.20062917370349
"ambiguous_dropped","all_data","Overall",-0.00016130333126349,"TpH","T + pH","Non-calcifier","ZOO_STUDY_0075","ZOO_ES_000123","ZOO_COMMON_00120",6,"Non-calcifier_T + pH",0.3,6.3,6.28905244293856
"ambiguous_dropped","all_data","Overall",-0.0651534894860833,"pH","pH","Non-calcifier","ZOO_STUDY_0368","ZOO_ES_000165","ZOO_COMMON_00619",6,"Non-calcifier_pH",0.06,6.06,6.04578006246826
"ambiguous_dropped","all_data","Overall",0.0270390288959121,"pH","pH","Non-calcifier","ZOO_STUDY_0085","ZOO_ES_000267","ZOO_COMMON_00139",6,"Non-calcifier_pH",0.06,6.06,6.06262100795517
"ambiguous_dropped","all_data","Overall",0.0403425187379146,"T","T","Non-calcifier","ZOO_STUDY_0085","ZOO_ES_000268","ZOO_COMMON_00139",6,"Non-calcifier_T",0.18,6.18,6.17250966446707
"ambiguous_dropped","all_data","Overall",0,"TpH","T + pH","Non-calcifier","ZOO_STUDY_0085","ZOO_ES_000269","ZOO_COMMON_00139",6,"Non-calcifier_T + pH",0.3,6.3,6.32190232111607
"ambiguous_dropped","all_data","Overall",-0.0367618625770386,"pH","pH","Non-calcifier","ZOO_STUDY_0085","ZOO_ES_000270","ZOO_COMMON_00135",6,"Non-calcifier_pH",0.06,6.06,6.06647785526235
"ambiguous_dropped","all_data","Overall",0.0267375347472526,"T","T","Non-calcifier","ZOO_STUDY_0085","ZOO_ES_000271","ZOO_COMMON_00135",6,"Non-calcifier_T",0.18,6.18,6.17684898363193
"ambiguous_dropped","all_data","Overall",-0.0461387180170395,"TpH","T + pH","Non-calcifier","ZOO_STUDY_0085","ZOO_ES_000272","ZOO_COMMON_00135",6,"Non-calcifier_T + pH",0.3,6.3,6.28947885750094
"ambiguous_dropped","all_data","Overall",0.107355102442473,"pH","pH","Non-calcifier","ZOO_STUDY_0085","ZOO_ES_000273","ZOO_COMMON_00138",6,"Non-calcifier_pH",0.06,6.06,6.03683315755567
"ambiguous_dropped","all_data","Overall",0.285254713510237,"T","T","Non-calcifier","ZOO_STUDY_0085","ZOO_ES_000274","ZOO_COMMON_00138",6,"Non-calcifier_T",0.18,6.18,6.18241905670846
"ambiguous_dropped","all_data","Overall",0.303528470820208,"TpH","T + pH","Non-calcifier","ZOO_STUDY_0085","ZOO_ES_000275","ZOO_COMMON_00138",6,"Non-calcifier_T + pH",0.3,6.3,6.29101870320737
"ambiguous_dropped","all_data","Overall",-0.0141025660334681,"pH","pH","Non-calcifier","ZOO_STUDY_0085","ZOO_ES_000276","ZOO_COMMON_00137",6,"Non-calcifier_pH",0.06,6.06,6.05905095306458
"ambiguous_dropped","all_data","Overall",-0.660994614080393,"T","T","Non-calcifier","ZOO_STUDY_0085","ZOO_ES_000277","ZOO_COMMON_00137",6,"Non-calcifier_T",0.18,6.18,6.195465343697
"ambiguous_dropped","all_data","Overall",-0.177736036113009,"TpH","T + pH","Non-calcifier","ZOO_STUDY_0085","ZOO_ES_000278","ZOO_COMMON_00137",6,"Non-calcifier_T + pH",0.3,6.3,6.2859400113346
"ambiguous_dropped","all_data","Overall",-0.150394527345287,"pH","pH","Non-calcifier","ZOO_STUDY_0394","ZOO_ES_000283","ZOO_COMMON_00659",6,"Non-calcifier_pH",0.06,6.06,6.03946881580865
"ambiguous_dropped","all_data","Overall",-0.0455037553848264,"pH","pH","Non-calcifier","ZOO_STUDY_0397","ZOO_ES_000284","ZOO_COMMON_00668",6,"Non-calcifier_pH",0.06,6.06,6.07485688990215
"ambiguous_dropped","all_data","Overall",0.736767803035836,"pH","pH","Non-calcifier","ZOO_STUDY_0398","ZOO_ES_000293","ZOO_COMMON_00670",6,"Non-calcifier_pH",0.06,6.06,6.04372035351349
"ambiguous_dropped","all_data","Overall",-0.184112560923596,"pH","pH","Non-calcifier","ZOO_STUDY_0401","ZOO_ES_000294","ZOO_COMMON_00675",6,"Non-calcifier_pH",0.06,6.06,6.07506547419121
"ambiguous_dropped","all_data","Overall",-0.201812029116291,"pH","pH","Non-calcifier","ZOO_STUDY_0105","ZOO_ES_000310","ZOO_COMMON_00182",6,"Non-calcifier_pH",0.06,6.06,6.03684711072361
"ambiguous_dropped","all_data","Overall",-1.07751636548176,"T","T","Non-calcifier","ZOO_STUDY_0105","ZOO_ES_000311","ZOO_COMMON_00182",6,"Non-calcifier_T",0.18,6.18,6.19735576530918
"ambiguous_dropped","all_data","Overall",-0.495664124423891,"T","T","Non-calcifier","ZOO_STUDY_0105","ZOO_ES_000312","ZOO_COMMON_00182",6,"Non-calcifier_T",0.18,6.18,6.19608196053421
"ambiguous_dropped","all_data","Overall",-0.617934431698444,"TpH","T + pH","Non-calcifier","ZOO_STUDY_0105","ZOO_ES_000313","ZOO_COMMON_00182",6,"Non-calcifier_T + pH",0.3,6.3,6.31988002089783
"ambiguous_dropped","all_data","Overall",-1.63595471303625,"TpH","T + pH","Non-calcifier","ZOO_STUDY_0105","ZOO_ES_000314","ZOO_COMMON_00182",6,"Non-calcifier_T + pH",0.3,6.3,6.29371484424919
"ambiguous_dropped","all_data","Overall",0.0392207131532813,"pH","pH","Non-calcifier","ZOO_STUDY_0507","ZOO_ES_000316","ZOO_COMMON_00870",6,"Non-calcifier_pH",0.06,6.06,6.05031506737228
"ambiguous_dropped","all_data","Overall",0.00627748451913903,"pH","pH","Non-calcifier","ZOO_STUDY_0507","ZOO_ES_000317","ZOO_COMMON_00870",6,"Non-calcifier_pH",0.06,6.06,6.08094820291968
"ambiguous_dropped","all_data","Overall",0.289314725875666,"T","T","Non-calcifier","ZOO_STUDY_0021","ZOO_ES_000318","ZOO_COMMON_00029",6,"Non-calcifier_T",0.18,6.18,6.17105756286299
"ambiguous_dropped","all_data","Overall",1.08446542712048,"T","T","Non-calcifier","ZOO_STUDY_0029","ZOO_ES_000319","ZOO_COMMON_00043",6,"Non-calcifier_T",0.18,6.18,6.2012658726261
"ambiguous_dropped","all_data","Overall",0.167054084663166,"T","T","Non-calcifier","ZOO_STUDY_0339","ZOO_ES_000321","ZOO_COMMON_00574",6,"Non-calcifier_T",0.18,6.18,6.18515188989229
"ambiguous_dropped","all_data","Overall",-0.210657607516683,"pH","pH","Non-calcifier","ZOO_STUDY_0116","ZOO_ES_000325","ZOO_COMMON_00199",6,"Non-calcifier_pH",0.06,6.06,6.06405822590692
"ambiguous_dropped","all_data","Overall",-0.387387245041568,"T","T","Non-calcifier","ZOO_STUDY_0116","ZOO_ES_000326","ZOO_COMMON_00199",6,"Non-calcifier_T",0.18,6.18,6.19178396001924
"ambiguous_dropped","all_data","Overall",-0.0223077028251391,"TpH","T + pH","Non-calcifier","ZOO_STUDY_0116","ZOO_ES_000327","ZOO_COMMON_00199",6,"Non-calcifier_T + pH",0.3,6.3,6.29498393497197
"ambiguous_dropped","all_data","Overall",-0.258865679362836,"pH","pH","Non-calcifier","ZOO_STUDY_0394","ZOO_ES_000350","ZOO_COMMON_00661",6,"Non-calcifier_pH",0.06,6.06,6.05335345178842
"ambiguous_dropped","all_data","Overall",0.320045089444388,"T","T","Non-calcifier","ZOO_STUDY_0394","ZOO_ES_000351","ZOO_COMMON_00661",6,"Non-calcifier_T",0.18,6.18,6.17656056856038
"ambiguous_dropped","all_data","Overall",0.101955799529497,"pH","pH","Non-calcifier","ZOO_STUDY_0150","ZOO_ES_000361","ZOO_COMMON_00255",6,"Non-calcifier_pH",0.06,6.06,6.05180109240115
"ambiguous_dropped","all_data","Overall",-0.0071813594086647,"T","T","Non-calcifier","ZOO_STUDY_0150","ZOO_ES_000362","ZOO_COMMON_00255",6,"Non-calcifier_T",0.18,6.18,6.18990433961851
"ambiguous_dropped","all_data","Overall",0.271678124427937,"TpH","T + pH","Non-calcifier","ZOO_STUDY_0150","ZOO_ES_000363","ZOO_COMMON_00255",6,"Non-calcifier_T + pH",0.3,6.3,6.28840990886092
"ambiguous_dropped","all_data","Overall",0.123613955967177,"TpH","T + pH","Non-calcifier","ZOO_STUDY_0394","ZOO_ES_000364","ZOO_COMMON_00661",6,"Non-calcifier_T + pH",0.3,6.3,6.3176746201003
"ambiguous_dropped","all_data","Overall",0.0660862176797545,"T","T","Non-calcifier","ZOO_STUDY_0030","ZOO_ES_000367","ZOO_COMMON_00045",6,"Non-calcifier_T",0.18,6.18,6.20154283537529
"ambiguous_dropped","all_data","Overall",-0.118583122981313,"T","T","Non-calcifier","ZOO_STUDY_0030","ZOO_ES_000368","ZOO_COMMON_00044",6,"Non-calcifier_T",0.18,6.18,6.17823460159823
"ambiguous_dropped","all_data","Overall",-0.0266721771505249,"T","T","Non-calcifier","ZOO_STUDY_0030","ZOO_ES_000369","ZOO_COMMON_00044",6,"Non-calcifier_T",0.18,6.18,6.1553033985733
"ambiguous_dropped","all_data","Overall",0.199976492032675,"T","T","Non-calcifier","ZOO_STUDY_0106","ZOO_ES_000373","ZOO_COMMON_00184",6,"Non-calcifier_T",0.18,6.18,6.20204054418253
"ambiguous_dropped","all_data","Overall",0.843280161865082,"T","T","Non-calcifier","ZOO_STUDY_0116","ZOO_ES_000374","ZOO_COMMON_00199",6,"Non-calcifier_T",0.18,6.18,6.17667288138298
"ambiguous_dropped","all_data","Overall",-0.0264734766671715,"T","T","Non-calcifier","ZOO_STUDY_0339","ZOO_ES_000376","ZOO_COMMON_00574",6,"Non-calcifier_T",0.18,6.18,6.19666006250307
"ambiguous_dropped","all_data","Overall",-0.00918280098233498,"pH","pH","Non-calcifier","ZOO_STUDY_0340","ZOO_ES_000425","ZOO_COMMON_00575",6,"Non-calcifier_pH",0.06,6.06,6.06076205133228
"ambiguous_dropped","all_data","Overall",-0.0335727944281302,"T","T","Non-calcifier","ZOO_STUDY_0236","ZOO_ES_000427","ZOO_COMMON_00403",6,"Non-calcifier_T",0.18,6.18,6.17900190979242
"ambiguous_dropped","all_data","Overall",-0.0115500923076347,"T","T","Non-calcifier","ZOO_STUDY_0236","ZOO_ES_000428","ZOO_COMMON_00403",6,"Non-calcifier_T",0.18,6.18,6.1622330563562
"ambiguous_dropped","all_data","Overall",0.00999804288366409,"T","T","Non-calcifier","ZOO_STUDY_0236","ZOO_ES_000429","ZOO_COMMON_00403",6,"Non-calcifier_T",0.18,6.18,6.15789728776552
"ambiguous_dropped","all_data","Overall",-0.346276236717834,"T","T","Non-calcifier","ZOO_STUDY_0339","ZOO_ES_000432","ZOO_COMMON_00574",6,"Non-calcifier_T",0.18,6.18,6.18750195248984
"ambiguous_dropped","all_data","Overall",-0.313416297054661,"pH","pH","Non-calcifier","ZOO_STUDY_0236","ZOO_ES_000452","ZOO_COMMON_00403",6,"Non-calcifier_pH",0.06,6.06,6.05367768913507
"ambiguous_dropped","all_data","Overall",-0.37562402377084,"T","T","Non-calcifier","ZOO_STUDY_0236","ZOO_ES_000453","ZOO_COMMON_00403",6,"Non-calcifier_T",0.18,6.18,6.15622932754457
"ambiguous_dropped","all_data","Overall",-0.182321556793955,"T","T","Non-calcifier","ZOO_STUDY_0339","ZOO_ES_000454","ZOO_COMMON_00574",6,"Non-calcifier_T",0.18,6.18,6.15874167320551
"ambiguous_dropped","all_data","Overall",-0.28345913467596,"T","T","Non-calcifier","ZOO_STUDY_0236","ZOO_ES_000455","ZOO_COMMON_00403",6,"Non-calcifier_T",0.18,6.18,6.19651016387623
"ambiguous_dropped","all_data","Overall",-0.252881212776899,"T","T","Non-calcifier","ZOO_STUDY_0236","ZOO_ES_000456","ZOO_COMMON_00403",6,"Non-calcifier_T",0.18,6.18,6.19171471526613
"ambiguous_dropped","all_data","Overall",-0.386602846056424,"TpH","T + pH","Non-calcifier","ZOO_STUDY_0236","ZOO_ES_000457","ZOO_COMMON_00403",6,"Non-calcifier_T + pH",0.3,6.3,6.27740600678371
"ambiguous_dropped","all_data","Overall",-0.134413010940919,"TpH","T + pH","Non-calcifier","ZOO_STUDY_0236","ZOO_ES_000458","ZOO_COMMON_00403",6,"Non-calcifier_T + pH",0.3,6.3,6.31125381013844
"ambiguous_dropped","all_data","Overall",-0.113286684088962,"TpH","T + pH","Non-calcifier","ZOO_STUDY_0236","ZOO_ES_000459","ZOO_COMMON_00403",6,"Non-calcifier_T + pH",0.3,6.3,6.27569033587351
"ambiguous_dropped","all_data","Overall",-1.00333564284209,"T","T","Non-calcifier","ZOO_STUDY_0368","ZOO_ES_000460","ZOO_COMMON_00619",6,"Non-calcifier_T",0.18,6.18,6.18554782558465
"ambiguous_dropped","all_data","Overall",-0.162400384653018,"T","T","Non-calcifier","ZOO_STUDY_0394","ZOO_ES_000462","ZOO_COMMON_00659",6,"Non-calcifier_T",0.18,6.18,6.16612818017136
"ambiguous_dropped","all_data","Overall",-1.91266124209709,"T","T","Non-calcifier","ZOO_STUDY_0397","ZOO_ES_000463","ZOO_COMMON_00668",6,"Non-calcifier_T",0.18,6.18,6.18602456547786
"ambiguous_dropped","all_data","Overall",-0.042957118100939,"T","T","Non-calcifier","ZOO_STUDY_0340","ZOO_ES_000469","ZOO_COMMON_00575",6,"Non-calcifier_T",0.18,6.18,6.18321893651271
"ambiguous_dropped","all_data","Overall",-0.0110295235754996,"T","T","Non-calcifier","ZOO_STUDY_0340","ZOO_ES_000470","ZOO_COMMON_00575",6,"Non-calcifier_T",0.18,6.18,6.18037347865291
"ambiguous_dropped","all_data","Overall",-0.0467812145393425,"TpH","T + pH","Non-calcifier","ZOO_STUDY_0340","ZOO_ES_000471","ZOO_COMMON_00575",6,"Non-calcifier_T + pH",0.3,6.3,6.28786701087374
"ambiguous_dropped","all_data","Overall",-0.0240529634617863,"TpH","T + pH","Non-calcifier","ZOO_STUDY_0340","ZOO_ES_000472","ZOO_COMMON_00576",6,"Non-calcifier_T + pH",0.3,6.3,6.29294537943788
"ambiguous_dropped","all_data","Overall",-0.0372081914897269,"pH","pH","Non-calcifier","ZOO_STUDY_0327","ZOO_ES_000499","ZOO_COMMON_00558",6,"Non-calcifier_pH",0.06,6.06,6.04939914685907
"ambiguous_dropped","all_data","Overall",0.0136227291524143,"pH","pH","Non-calcifier","ZOO_STUDY_0327","ZOO_ES_000500","ZOO_COMMON_00558",6,"Non-calcifier_pH",0.06,6.06,6.04450064481003
"ambiguous_dropped","all_data","Overall",-0.0277517809752551,"T","T","Non-calcifier","ZOO_STUDY_0327","ZOO_ES_000507","ZOO_COMMON_00558",6,"Non-calcifier_T",0.18,6.18,6.18652551114326
"ambiguous_dropped","all_data","Overall",-0.0684998356086047,"TpH","T + pH","Non-calcifier","ZOO_STUDY_0327","ZOO_ES_000508","ZOO_COMMON_00558",6,"Non-calcifier_T + pH",0.3,6.3,6.27553857454332
"ambiguous_dropped","all_data","Overall",-0.207014169384326,"pH","pH","Non-calcifier","ZOO_STUDY_0449","ZOO_ES_000509","ZOO_COMMON_00758",6,"Non-calcifier_pH",0.06,6.06,6.04224112268072
"ambiguous_dropped","all_data","Overall",-0.168640325903251,"pH","pH","Non-calcifier","ZOO_STUDY_0272","ZOO_ES_000516","ZOO_COMMON_00452",6,"Non-calcifier_pH",0.06,6.06,6.06046840828145
"ambiguous_dropped","all_data","Overall",-0.282784666306329,"T","T","Non-calcifier","ZOO_STUDY_0272","ZOO_ES_000517","ZOO_COMMON_00452",6,"Non-calcifier_T",0.18,6.18,6.17828965050401
"ambiguous_dropped","all_data","Overall",-0.270501692595796,"TpH","T + pH","Non-calcifier","ZOO_STUDY_0272","ZOO_ES_000518","ZOO_COMMON_00452",6,"Non-calcifier_T + pH",0.3,6.3,6.30105222238926
"ambiguous_dropped","all_data","Overall",1.16804079509987,"T","T","Non-calcifier","ZOO_STUDY_0398","ZOO_ES_000525","ZOO_COMMON_00670",6,"Non-calcifier_T",0.18,6.18,6.18953671799507
"ambiguous_dropped","all_data","Overall",-0.165532791479207,"T","T","Non-calcifier","ZOO_STUDY_0401","ZOO_ES_000526","ZOO_COMMON_00675",6,"Non-calcifier_T",0.18,6.18,6.204997067824
"ambiguous_dropped","all_data","Overall",-0.194441624358139,"pH","pH","Non-calcifier","ZOO_STUDY_0281","ZOO_ES_000528","ZOO_COMMON_00470",6,"Non-calcifier_pH",0.06,6.06,6.08244347429369
"ambiguous_dropped","all_data","Overall",0.272508895585019,"T","T","Non-calcifier","ZOO_STUDY_0281","ZOO_ES_000529","ZOO_COMMON_00470",6,"Non-calcifier_T",0.18,6.18,6.20262247023173
"ambiguous_dropped","all_data","Overall",0.387898840309809,"T","T","Non-calcifier","ZOO_STUDY_0281","ZOO_ES_000530","ZOO_COMMON_00470",6,"Non-calcifier_T",0.18,6.18,6.18920957026537
"ambiguous_dropped","all_data","Overall",0.293677581405703,"TpH","T + pH","Non-calcifier","ZOO_STUDY_0281","ZOO_ES_000531","ZOO_COMMON_00470",6,"Non-calcifier_T + pH",0.3,6.3,6.31180735250236
"ambiguous_dropped","all_data","Overall",0.34046851963847,"TpH","T + pH","Non-calcifier","ZOO_STUDY_0281","ZOO_ES_000532","ZOO_COMMON_00470",6,"Non-calcifier_T + pH",0.3,6.3,6.32284028300783
"ambiguous_dropped","all_data","Overall",0.775983186139094,"pH","pH","Non-calcifier","ZOO_STUDY_0281","ZOO_ES_000533","ZOO_COMMON_00471",6,"Non-calcifier_pH",0.06,6.06,6.04536301106215
"ambiguous_dropped","all_data","Overall",0.481303184499669,"T","T","Non-calcifier","ZOO_STUDY_0281","ZOO_ES_000534","ZOO_COMMON_00471",6,"Non-calcifier_T",0.18,6.18,6.18873916249257
"ambiguous_dropped","all_data","Overall",0.28312625591592,"T","T","Non-calcifier","ZOO_STUDY_0281","ZOO_ES_000535","ZOO_COMMON_00471",6,"Non-calcifier_T",0.18,6.18,6.15988406227669
"ambiguous_dropped","all_data","Overall",1.10466061517824,"TpH","T + pH","Non-calcifier","ZOO_STUDY_0281","ZOO_ES_000536","ZOO_COMMON_00471",6,"Non-calcifier_T + pH",0.3,6.3,6.2999353487161
"ambiguous_dropped","all_data","Overall",0.864047689041204,"TpH","T + pH","Non-calcifier","ZOO_STUDY_0281","ZOO_ES_000537","ZOO_COMMON_00471",6,"Non-calcifier_T + pH",0.3,6.3,6.31290253165644
"ambiguous_dropped","all_data","Overall",0.836789882788789,"T","T","Non-calcifier","ZOO_STUDY_0449","ZOO_ES_000543","ZOO_COMMON_00758",6,"Non-calcifier_T",0.18,6.18,6.15560092913918
"ambiguous_dropped","all_data","Overall",0.74849727564311,"TpH","T + pH","Non-calcifier","ZOO_STUDY_0449","ZOO_ES_000544","ZOO_COMMON_00758",6,"Non-calcifier_T + pH",0.3,6.3,6.28299381220713
"ambiguous_dropped","all_data","Overall",-0.159065106140909,"pH","pH","Non-calcifier","ZOO_STUDY_0281","ZOO_ES_000548","ZOO_COMMON_00471",6,"Non-calcifier_pH",0.06,6.06,6.04051759731024
"ambiguous_dropped","all_data","Overall",-0.394495985124408,"T","T","Non-calcifier","ZOO_STUDY_0281","ZOO_ES_000549","ZOO_COMMON_00471",6,"Non-calcifier_T",0.18,6.18,6.1951495089056
"ambiguous_dropped","all_data","Overall",-0.0198020438650044,"T","T","Non-calcifier","ZOO_STUDY_0281","ZOO_ES_000550","ZOO_COMMON_00471",6,"Non-calcifier_T",0.18,6.18,6.17374387133867
"ambiguous_dropped","all_data","Overall",-0.420280094939554,"TpH","T + pH","Non-calcifier","ZOO_STUDY_0281","ZOO_ES_000551","ZOO_COMMON_00471",6,"Non-calcifier_T + pH",0.3,6.3,6.30653193077305
"ambiguous_dropped","all_data","Overall",-0.00985267717010955,"TpH","T + pH","Non-calcifier","ZOO_STUDY_0281","ZOO_ES_000552","ZOO_COMMON_00471",6,"Non-calcifier_T + pH",0.3,6.3,6.31309256728273
"ambiguous_dropped","all_data","Overall",0.102278849120418,"pH","pH","Non-calcifier","ZOO_STUDY_0413","ZOO_ES_000559","ZOO_COMMON_00692",6,"Non-calcifier_pH",0.06,6.06,6.04743098960258
"ambiguous_dropped","all_data","Overall",0.0741079721537218,"T","T","Non-calcifier","ZOO_STUDY_0413","ZOO_ES_000560","ZOO_COMMON_00692",6,"Non-calcifier_T",0.18,6.18,6.17367659161799
"ambiguous_dropped","all_data","Overall",-0.208106137390281,"pH","pH","Non-calcifier","ZOO_STUDY_0327","ZOO_ES_000561","ZOO_COMMON_00558",6,"Non-calcifier_pH",0.06,6.06,6.05197375967633
"ambiguous_dropped","all_data","Overall",-0.48097322746155,"pH","pH","Non-calcifier","ZOO_STUDY_0327","ZOO_ES_000562","ZOO_COMMON_00558",6,"Non-calcifier_pH",0.06,6.06,6.07033291758504
"ambiguous_dropped","all_data","Overall",-1.81010955963659,"T","T","Non-calcifier","ZOO_STUDY_0327","ZOO_ES_000563","ZOO_COMMON_00558",6,"Non-calcifier_T",0.18,6.18,6.183583147889
"ambiguous_dropped","all_data","Overall",-1.773744252332,"TpH","T + pH","Non-calcifier","ZOO_STUDY_0327","ZOO_ES_000564","ZOO_COMMON_00558",6,"Non-calcifier_T + pH",0.3,6.3,6.28218535433989
"ambiguous_dropped","all_data","Overall",-0.7339691750802,"T","T","Non-calcifier","ZOO_STUDY_0507","ZOO_ES_000571","ZOO_COMMON_00870",6,"Non-calcifier_T",0.18,6.18,6.1698328713607
"ambiguous_dropped","all_data","Overall",-0.0922920688614193,"T","T","Non-calcifier","ZOO_STUDY_0507","ZOO_ES_000572","ZOO_COMMON_00870",6,"Non-calcifier_T",0.18,6.18,6.1745996235474
"ambiguous_dropped","all_data","Overall",-0.162903470936853,"TpH","T + pH","Non-calcifier","ZOO_STUDY_0021","ZOO_ES_000573","ZOO_COMMON_00029",6,"Non-calcifier_T + pH",0.3,6.3,6.3011101494194
"ambiguous_dropped","all_data","Overall",1.37570302169159,"TpH","T + pH","Non-calcifier","ZOO_STUDY_0029","ZOO_ES_000574","ZOO_COMMON_00043",6,"Non-calcifier_T + pH",0.3,6.3,6.30429490904789
"ambiguous_dropped","all_data","Overall",-0.0155041865359653,"TpH","T + pH","Non-calcifier","ZOO_STUDY_0413","ZOO_ES_000580","ZOO_COMMON_00692",6,"Non-calcifier_T + pH",0.3,6.3,6.29045380918542
"ambiguous_dropped","all_data","Overall",-0.0385350475722255,"pH","pH","Non-calcifier","ZOO_STUDY_0029","ZOO_ES_000581","ZOO_COMMON_00043",6,"Non-calcifier_pH",0.06,6.06,6.05298266390106
"ambiguous_dropped","all_data","Overall",-0.112647909848959,"T","T","Non-calcifier","ZOO_STUDY_0029","ZOO_ES_000582","ZOO_COMMON_00043",6,"Non-calcifier_T",0.18,6.18,6.20146542866249
"ambiguous_dropped","all_data","Overall",0,"TpH","T + pH","Non-calcifier","ZOO_STUDY_0029","ZOO_ES_000583","ZOO_COMMON_00043",6,"Non-calcifier_T + pH",0.3,6.3,6.30224590032594
"ambiguous_dropped","all_data","Overall",-0.2427781264749,"pH","pH","Non-calcifier","ZOO_STUDY_0116","ZOO_ES_000584","ZOO_COMMON_00199",6,"Non-calcifier_pH",0.06,6.06,6.06445127615239
"ambiguous_dropped","all_data","Overall",-0.317305311096751,"T","T","Non-calcifier","ZOO_STUDY_0116","ZOO_ES_000585","ZOO_COMMON_00199",6,"Non-calcifier_T",0.18,6.18,6.16755952677457
"ambiguous_dropped","all_data","Overall",-0.316450219565955,"TpH","T + pH","Non-calcifier","ZOO_STUDY_0116","ZOO_ES_000586","ZOO_COMMON_00199",6,"Non-calcifier_T + pH",0.3,6.3,6.29443835976999
"ambiguous_dropped","all_data","Overall",0.159064694629687,"pH","pH","Non-calcifier","ZOO_STUDY_0401","ZOO_ES_000587","ZOO_COMMON_00674",6,"Non-calcifier_pH",0.06,6.06,6.06729631279828
"ambiguous_dropped","all_data","Overall",0.0504308536268919,"T","T","Non-calcifier","ZOO_STUDY_0401","ZOO_ES_000588","ZOO_COMMON_00674",6,"Non-calcifier_T",0.18,6.18,6.17326330267359
"ambiguous_dropped","all_data","Overall",0.0826917158451134,"TpH","T + pH","Non-calcifier","ZOO_STUDY_0401","ZOO_ES_000589","ZOO_COMMON_00674",6,"Non-calcifier_T + pH",0.3,6.3,6.29838495750446
"ambiguous_dropped","all_data","Overall",-0.304083112534752,"pH","pH","Non-calcifier","ZOO_STUDY_0041","ZOO_ES_000590","ZOO_COMMON_00058",6,"Non-calcifier_pH",0.06,6.06,6.04385090453084
"ambiguous_dropped","all_data","Overall",0.213564373299646,"T","T","Non-calcifier","ZOO_STUDY_0041","ZOO_ES_000591","ZOO_COMMON_00058",6,"Non-calcifier_T",0.18,6.18,6.17906184744323
"ambiguous_dropped","all_data","Overall",0.204600229109479,"TpH","T + pH","Non-calcifier","ZOO_STUDY_0041","ZOO_ES_000592","ZOO_COMMON_00058",6,"Non-calcifier_T + pH",0.3,6.3,6.32157901247265
"ambiguous_dropped","all_data","Overall",-0.0953269247536299,"TpH","T + pH","Non-calcifier","ZOO_STUDY_0030","ZOO_ES_000599","ZOO_COMMON_00045",6,"Non-calcifier_T + pH",0.3,6.3,6.27628302149242
"ambiguous_dropped","all_data","Overall",0.022517507679442,"TpH","T + pH","Non-calcifier","ZOO_STUDY_0030","ZOO_ES_000600","ZOO_COMMON_00045",6,"Non-calcifier_T + pH",0.3,6.3,6.29415919509484
"ambiguous_dropped","all_data","Overall",-0.287633602878546,"TpH","T + pH","Non-calcifier","ZOO_STUDY_0030","ZOO_ES_000601","ZOO_COMMON_00044",6,"Non-calcifier_T + pH",0.3,6.3,6.28751305107726
"ambiguous_dropped","all_data","Overall",-0.203453553568864,"TpH","T + pH","Non-calcifier","ZOO_STUDY_0030","ZOO_ES_000602","ZOO_COMMON_00044",6,"Non-calcifier_T + pH",0.3,6.3,6.30388234114507
"ambiguous_dropped","all_data","Overall",-0.103794521617917,"TpH","T + pH","Non-calcifier","ZOO_STUDY_0030","ZOO_ES_000603","ZOO_COMMON_00044",6,"Non-calcifier_T + pH",0.3,6.3,6.27840794601943
"ambiguous_dropped","all_data","Overall",0.766709747736962,"TpH","T + pH","Non-calcifier","ZOO_STUDY_0106","ZOO_ES_000609","ZOO_COMMON_00184",6,"Non-calcifier_T + pH",0.3,6.3,6.30751823453465
"ambiguous_dropped","all_data","Overall",0.880400285992569,"TpH","T + pH","Non-calcifier","ZOO_STUDY_0116","ZOO_ES_000610","ZOO_COMMON_00199",6,"Non-calcifier_T + pH",0.3,6.3,6.27770839688601
"ambiguous_dropped","all_data","Overall",0.0411182469294725,"pH","pH","Non-calcifier","ZOO_STUDY_0179","ZOO_ES_000620","ZOO_COMMON_00310",6,"Non-calcifier_pH",0.06,6.06,6.04955318621593
"ambiguous_dropped","all_data","Overall",-0.167902683603533,"pH","pH","Non-calcifier","ZOO_STUDY_0368","ZOO_ES_000638","ZOO_COMMON_00619",6,"Non-calcifier_pH",0.06,6.06,6.05053471854422
"ambiguous_dropped","all_data","Overall",-0.227208597562379,"T","T","Non-calcifier","ZOO_STUDY_0368","ZOO_ES_000639","ZOO_COMMON_00619",6,"Non-calcifier_T",0.18,6.18,6.17708464135183
"ambiguous_dropped","all_data","Overall",-0.393568607283863,"TpH","T + pH","Non-calcifier","ZOO_STUDY_0368","ZOO_ES_000640","ZOO_COMMON_00619",6,"Non-calcifier_T + pH",0.3,6.3,6.29680630496005
"ambiguous_dropped","all_data","Overall",-0.0268095857256288,"TpH","T + pH","Non-calcifier","ZOO_STUDY_0236","ZOO_ES_000644","ZOO_COMMON_00403",6,"Non-calcifier_T + pH",0.3,6.3,6.32460896186531
"ambiguous_dropped","all_data","Overall",0.00487950103152187,"pH","pH","Non-calcifier","ZOO_STUDY_0018","ZOO_ES_000646","ZOO_COMMON_00026",6,"Non-calcifier_pH",0.06,6.06,6.06558208103757
"ambiguous_dropped","all_data","Overall",-0.044323758258935,"T","T","Non-calcifier","ZOO_STUDY_0018","ZOO_ES_000647","ZOO_COMMON_00026",6,"Non-calcifier_T",0.18,6.18,6.17075007488718
"ambiguous_dropped","all_data","Overall",-0.0702217763273387,"T","T","Non-calcifier","ZOO_STUDY_0018","ZOO_ES_000705","ZOO_COMMON_00026",6,"Non-calcifier_T",0.18,6.18,6.19812106696889
"ambiguous_dropped","all_data","Overall",-0.0477383200120397,"TpH","T + pH","Non-calcifier","ZOO_STUDY_0018","ZOO_ES_000738","ZOO_COMMON_00026",6,"Non-calcifier_T + pH",0.3,6.3,6.29188479494769
"ambiguous_dropped","all_data","Overall",-0.0920840841303518,"TpH","T + pH","Non-calcifier","ZOO_STUDY_0018","ZOO_ES_000739","ZOO_COMMON_00026",6,"Non-calcifier_T + pH",0.3,6.3,6.30858116969466
"ambiguous_dropped","all_data","Overall",-0.0137003557064295,"pH","pH","Non-calcifier","ZOO_STUDY_0281","ZOO_ES_000740","ZOO_COMMON_00472",6,"Non-calcifier_pH",0.06,6.06,6.0799757544091
"ambiguous_dropped","all_data","Overall",-0.0395860766940647,"pH","pH","Non-calcifier","ZOO_STUDY_0394","ZOO_ES_000747","ZOO_COMMON_00660",6,"Non-calcifier_pH",0.06,6.06,6.07721238956088
"ambiguous_dropped","all_data","Overall",0.0169783365344178,"T","T","Non-calcifier","ZOO_STUDY_0394","ZOO_ES_000748","ZOO_COMMON_00660",6,"Non-calcifier_T",0.18,6.18,6.1594799715979
"ambiguous_dropped","all_data","Overall",-0.00228571528085595,"TpH","T + pH","Non-calcifier","ZOO_STUDY_0394","ZOO_ES_000749","ZOO_COMMON_00660",6,"Non-calcifier_T + pH",0.3,6.3,6.28996681582648
"ambiguous_dropped","all_data","Overall",-0.0419951210366033,"pH","pH","Non-calcifier","ZOO_STUDY_0394","ZOO_ES_000750","ZOO_COMMON_00660",6,"Non-calcifier_pH",0.06,6.06,6.06154342687456
"ambiguous_dropped","all_data","Overall",0.0350913198112702,"T","T","Non-calcifier","ZOO_STUDY_0394","ZOO_ES_000751","ZOO_COMMON_00660",6,"Non-calcifier_T",0.18,6.18,6.17395509868627
"ambiguous_dropped","all_data","Overall",0.00969312920565975,"TpH","T + pH","Non-calcifier","ZOO_STUDY_0394","ZOO_ES_000752","ZOO_COMMON_00660",6,"Non-calcifier_T + pH",0.3,6.3,6.31726254336536
"ambiguous_dropped","all_data","Overall",-0.016854041094531,"TpH","T + pH","Non-calcifier","ZOO_STUDY_0236","ZOO_ES_000753","ZOO_COMMON_00403",6,"Non-calcifier_T + pH",0.3,6.3,6.31805382831953
"ambiguous_dropped","all_data","Overall",-0.00761633982292641,"TpH","T + pH","Non-calcifier","ZOO_STUDY_0236","ZOO_ES_000754","ZOO_COMMON_00403",6,"Non-calcifier_T + pH",0.3,6.3,6.30906691419659
"ambiguous_dropped","all_data","Overall",0.203920700773314,"pH","pH","Non-calcifier","ZOO_STUDY_0394","ZOO_ES_000756","ZOO_COMMON_00661",6,"Non-calcifier_pH",0.06,6.06,6.06002407983411
"ambiguous_dropped","all_data","Overall",0.157748315442853,"T","T","Non-calcifier","ZOO_STUDY_0394","ZOO_ES_000757","ZOO_COMMON_00661",6,"Non-calcifier_T",0.18,6.18,6.195047455288
"ambiguous_dropped","all_data","Overall",0.273134903190662,"TpH","T + pH","Non-calcifier","ZOO_STUDY_0394","ZOO_ES_000758","ZOO_COMMON_00661",6,"Non-calcifier_T + pH",0.3,6.3,6.27732274306472
"ambiguous_dropped","all_data","Overall",-0.0397404692250897,"pH","pH","Non-calcifier","ZOO_STUDY_0394","ZOO_ES_000759","ZOO_COMMON_00660",6,"Non-calcifier_pH",0.06,6.06,6.04808891277295
"ambiguous_dropped","all_data","Overall",-0.119408605314249,"T","T","Non-calcifier","ZOO_STUDY_0394","ZOO_ES_000760","ZOO_COMMON_00660",6,"Non-calcifier_T",0.18,6.18,6.1649310726393
"ambiguous_dropped","all_data","Overall",-0.216671875727643,"TpH","T + pH","Non-calcifier","ZOO_STUDY_0394","ZOO_ES_000761","ZOO_COMMON_00660",6,"Non-calcifier_T + pH",0.3,6.3,6.31580739094643
"ambiguous_dropped","all_data","Overall",-0.0137003557064295,"T","T","Non-calcifier","ZOO_STUDY_0281","ZOO_ES_000762","ZOO_COMMON_00472",6,"Non-calcifier_T",0.18,6.18,6.19715874114307
"ambiguous_dropped","all_data","Overall",-0.0137003557064295,"T","T","Non-calcifier","ZOO_STUDY_0281","ZOO_ES_000763","ZOO_COMMON_00472",6,"Non-calcifier_T",0.18,6.18,6.19664031797554
"ambiguous_dropped","all_data","Overall",-0.0137003557064295,"TpH","T + pH","Non-calcifier","ZOO_STUDY_0281","ZOO_ES_000764","ZOO_COMMON_00472",6,"Non-calcifier_T + pH",0.3,6.3,6.28853433848126
"ambiguous_dropped","all_data","Overall",-0.278526879937774,"pH","pH","Non-calcifier","ZOO_STUDY_0397","ZOO_ES_000784","ZOO_COMMON_00668",6,"Non-calcifier_pH",0.06,6.06,6.0359746961412
"ambiguous_dropped","all_data","Overall",-0.0123387832979187,"T","T","Non-calcifier","ZOO_STUDY_0397","ZOO_ES_000785","ZOO_COMMON_00668",6,"Non-calcifier_T",0.18,6.18,6.18653002363397
"ambiguous_dropped","all_data","Overall",0.00611276524184308,"TpH","T + pH","Non-calcifier","ZOO_STUDY_0397","ZOO_ES_000786","ZOO_COMMON_00668",6,"Non-calcifier_T + pH",0.3,6.3,6.31240291348658
"ambiguous_dropped","all_data","Overall",-0.890665594071332,"pH","pH","Non-calcifier","ZOO_STUDY_0397","ZOO_ES_000789","ZOO_COMMON_00668",6,"Non-calcifier_pH",0.06,6.06,6.06028369235806
"ambiguous_dropped","all_data","Overall",-1.12015413244286,"TpH","T + pH","Non-calcifier","ZOO_STUDY_0397","ZOO_ES_000790","ZOO_COMMON_00668",6,"Non-calcifier_T + pH",0.3,6.3,6.29323148335097
"ambiguous_dropped","all_data","Overall",-0.0137003557064295,"TpH","T + pH","Non-calcifier","ZOO_STUDY_0281","ZOO_ES_000794","ZOO_COMMON_00472",6,"Non-calcifier_T + pH",0.3,6.3,6.2904910534271
"ambiguous_dropped","all_data","Overall",-0.452574679552519,"pH","pH","Non-calcifier","ZOO_STUDY_0105","ZOO_ES_000817","ZOO_COMMON_00183",6,"Non-calcifier_pH",0.06,6.06,6.05298021859722
"ambiguous_dropped","all_data","Overall",0.0031685704583431,"T","T","Non-calcifier","ZOO_STUDY_0105","ZOO_ES_000818","ZOO_COMMON_00183",6,"Non-calcifier_T",0.18,6.18,6.17314371518558
"ambiguous_dropped","all_data","Overall",-0.572793313602623,"T","T","Non-calcifier","ZOO_STUDY_0105","ZOO_ES_000819","ZOO_COMMON_00183",6,"Non-calcifier_T",0.18,6.18,6.18193245939445
"ambiguous_dropped","all_data","Overall",-0.397247615595923,"TpH","T + pH","Non-calcifier","ZOO_STUDY_0105","ZOO_ES_000820","ZOO_COMMON_00183",6,"Non-calcifier_T + pH",0.3,6.3,6.3076183825382
"ambiguous_dropped","all_data","Overall",-0.924576311460928,"TpH","T + pH","Non-calcifier","ZOO_STUDY_0105","ZOO_ES_000833","ZOO_COMMON_00183",6,"Non-calcifier_T + pH",0.3,6.3,6.2951705988613
"ambiguous_dropped","all_data","Overall",0.0710110356431887,"pH","pH","Non-calcifier","ZOO_STUDY_0272","ZOO_ES_000834","ZOO_COMMON_00453",6,"Non-calcifier_pH",0.06,6.06,6.06415008991258
"ambiguous_dropped","all_data","Overall",0.30697527538646,"T","T","Non-calcifier","ZOO_STUDY_0272","ZOO_ES_000835","ZOO_COMMON_00453",6,"Non-calcifier_T",0.18,6.18,6.1897886730684
"ambiguous_dropped","all_data","Overall",0.277894066085618,"TpH","T + pH","Non-calcifier","ZOO_STUDY_0272","ZOO_ES_000852","ZOO_COMMON_00453",6,"Non-calcifier_T + pH",0.3,6.3,6.31957616761792
"ambiguous_dropped","all_data","Overall",-0.221516211654834,"pH","pH","Non-calcifier","ZOO_STUDY_0143","ZOO_ES_000859","ZOO_COMMON_00244",6,"Non-calcifier_pH",0.06,6.06,6.08239795624046
"ambiguous_dropped","all_data","Overall",0.0842932453895033,"T","T","Non-calcifier","ZOO_STUDY_0143","ZOO_ES_000860","ZOO_COMMON_00244",6,"Non-calcifier_T",0.18,6.18,6.17604053823277
"ambiguous_dropped","all_data","Overall",-0.462580126704225,"TpH","T + pH","Non-calcifier","ZOO_STUDY_0368","ZOO_ES_000866","ZOO_COMMON_00619",6,"Non-calcifier_T + pH",0.3,6.3,6.30683019607095
"ambiguous_dropped","all_data","Overall",1.40179854765586,"TpH","T + pH","Non-calcifier","ZOO_STUDY_0431","ZOO_ES_000867","ZOO_COMMON_00732",6,"Non-calcifier_T + pH",0.3,6.3,6.28389746994944
"ambiguous_dropped","all_data","Overall",2.16271189597544,"T","T","Non-calcifier","ZOO_STUDY_0431","ZOO_ES_000868","ZOO_COMMON_00730",6,"Non-calcifier_T",0.18,6.18,6.15901582886698
"ambiguous_dropped","all_data","Overall",2.25900383579248,"TpH","T + pH","Non-calcifier","ZOO_STUDY_0431","ZOO_ES_000869","ZOO_COMMON_00730",6,"Non-calcifier_T + pH",0.3,6.3,6.30329416958848
"ambiguous_dropped","all_data","Overall",2.11976651829722,"T","T","Non-calcifier","ZOO_STUDY_0431","ZOO_ES_000870","ZOO_COMMON_00731",6,"Non-calcifier_T",0.18,6.18,6.19584946778603
"ambiguous_dropped","all_data","Overall",2.17317752188159,"TpH","T + pH","Non-calcifier","ZOO_STUDY_0431","ZOO_ES_000871","ZOO_COMMON_00731",6,"Non-calcifier_T + pH",0.3,6.3,6.31298494831426
"ambiguous_dropped","all_data","Overall",-1.69903515120644,"TpH","T + pH","Non-calcifier","ZOO_STUDY_0431","ZOO_ES_000872","ZOO_COMMON_00730",6,"Non-calcifier_T + pH",0.3,6.3,6.30359119749628
"ambiguous_dropped","all_data","Overall",0.0114450462458729,"pH","pH","Non-calcifier","ZOO_STUDY_0431","ZOO_ES_000873","ZOO_COMMON_00732",6,"Non-calcifier_pH",0.06,6.06,6.08443771759281
"ambiguous_dropped","all_data","Overall",-0.0882193126272179,"pH","pH","Non-calcifier","ZOO_STUDY_0431","ZOO_ES_000874","ZOO_COMMON_00731",6,"Non-calcifier_pH",0.06,6.06,6.0847585756937
"ambiguous_dropped","all_data","Overall",-0.00233419703079221,"T","T","Non-calcifier","ZOO_STUDY_0431","ZOO_ES_000875","ZOO_COMMON_00731",6,"Non-calcifier_T",0.18,6.18,6.17107187202899
"ambiguous_dropped","all_data","Overall",-0.0371751635341862,"TpH","T + pH","Non-calcifier","ZOO_STUDY_0431","ZOO_ES_000876","ZOO_COMMON_00731",6,"Non-calcifier_T + pH",0.3,6.3,6.28360089596827
"ambiguous_dropped","all_data","Overall",-0.760588461355478,"pH","pH","Non-calcifier","ZOO_STUDY_0431","ZOO_ES_000877","ZOO_COMMON_00732",6,"Non-calcifier_pH",0.06,6.06,6.05360392164672
"ambiguous_dropped","all_data","Overall",3.30475431400584,"T","T","Non-calcifier","ZOO_STUDY_0431","ZOO_ES_000878","ZOO_COMMON_00732",6,"Non-calcifier_T",0.18,6.18,6.18194744584151
"ambiguous_dropped","all_data","Overall",-0.200533361121483,"pH","pH","Non-calcifier","ZOO_STUDY_0431","ZOO_ES_000879","ZOO_COMMON_00730",6,"Non-calcifier_pH",0.06,6.06,6.07556224620435
"ambiguous_dropped","all_data","Overall",-0.331515596981285,"pH","pH","Non-calcifier","ZOO_STUDY_0431","ZOO_ES_000880","ZOO_COMMON_00731",6,"Non-calcifier_pH",0.06,6.06,6.06993423145264
"ambiguous_dropped","all_data","Overall",0.135528680555029,"pH","pH","Non-calcifier","ZOO_STUDY_0431","ZOO_ES_000881","ZOO_COMMON_00730",6,"Non-calcifier_pH",0.06,6.06,6.07999767043162
"ambiguous_dropped","all_data","Overall",-0.703947717567661,"T","T","Non-calcifier","ZOO_STUDY_0431","ZOO_ES_000882","ZOO_COMMON_00730",6,"Non-calcifier_T",0.18,6.18,6.1911629341729
"ambiguous_dropped","all_data","Overall",-0.266328947981212,"T","T","Non-calcifier","ZOO_STUDY_0431","ZOO_ES_000883","ZOO_COMMON_00732",6,"Non-calcifier_T",0.18,6.18,6.16775250228355
"ambiguous_dropped","all_data","Overall",-0.146863149815204,"TpH","T + pH","Non-calcifier","ZOO_STUDY_0431","ZOO_ES_000884","ZOO_COMMON_00732",6,"Non-calcifier_T + pH",0.3,6.3,6.29043358328054
"ambiguous_dropped","all_data","Overall",-0.522841060510402,"TpH","T + pH","Non-calcifier","ZOO_STUDY_0143","ZOO_ES_000885","ZOO_COMMON_00244",6,"Non-calcifier_T + pH",0.3,6.3,6.31234186816728
"ambiguous_dropped","all_data","Overall",-1.58534036085504,"pH","pH","Non-calcifier","ZOO_STUDY_0143","ZOO_ES_000886","ZOO_COMMON_00245",6,"Non-calcifier_pH",0.06,6.06,6.04526231060969
"ambiguous_dropped","all_data","Overall",-1.18442071511855,"T","T","Non-calcifier","ZOO_STUDY_0143","ZOO_ES_000887","ZOO_COMMON_00245",6,"Non-calcifier_T",0.18,6.18,6.16929916580673
"ambiguous_dropped","all_data","Overall",-0.834373609406268,"TpH","T + pH","Non-calcifier","ZOO_STUDY_0143","ZOO_ES_000888","ZOO_COMMON_00245",6,"Non-calcifier_T + pH",0.3,6.3,6.31994354006601
"ambiguous_dropped","all_data","Overall",-0.333193357084173,"TpH","T + pH","Non-calcifier","ZOO_STUDY_0394","ZOO_ES_000901","ZOO_COMMON_00659",6,"Non-calcifier_T + pH",0.3,6.3,6.28339900177671
"ambiguous_dropped","all_data","Overall",-0.482177069946832,"TpH","T + pH","Non-calcifier","ZOO_STUDY_0397","ZOO_ES_000902","ZOO_COMMON_00668",6,"Non-calcifier_T + pH",0.3,6.3,6.28217983000213
"ambiguous_dropped","all_data","Overall",0.0453739528379181,"pH","pH","Non-calcifier","ZOO_STUDY_0507","ZOO_ES_000979","ZOO_COMMON_00869",6,"Non-calcifier_pH",0.06,6.06,6.07167381539708
"ambiguous_dropped","all_data","Overall",0.327336276616912,"T","T","Non-calcifier","ZOO_STUDY_0507","ZOO_ES_000980","ZOO_COMMON_00869",6,"Non-calcifier_T",0.18,6.18,6.18214178173337
"ambiguous_dropped","all_data","Overall",0.394798340303969,"TpH","T + pH","Non-calcifier","ZOO_STUDY_0507","ZOO_ES_000981","ZOO_COMMON_00869",6,"Non-calcifier_T + pH",0.3,6.3,6.3021203144337
"ambiguous_dropped","all_data","Overall",1.36219680954083,"TpH","T + pH","Non-calcifier","ZOO_STUDY_0398","ZOO_ES_000997","ZOO_COMMON_00670",6,"Non-calcifier_T + pH",0.3,6.3,6.31015758888097
"ambiguous_dropped","all_data","Overall",-0.0213316690503926,"TpH","T + pH","Non-calcifier","ZOO_STUDY_0401","ZOO_ES_000998","ZOO_COMMON_00675",6,"Non-calcifier_T + pH",0.3,6.3,6.30757421501912
"ambiguous_dropped","all_data","Overall",-0.653926467406664,"TpH","T + pH","Non-calcifier","ZOO_STUDY_0507","ZOO_ES_001004","ZOO_COMMON_00870",6,"Non-calcifier_T + pH",0.3,6.3,6.31306035526795
"ambiguous_dropped","all_data","Overall",-0.0854097292384776,"TpH","T + pH","Non-calcifier","ZOO_STUDY_0507","ZOO_ES_001005","ZOO_COMMON_00870",6,"Non-calcifier_T + pH",0.3,6.3,6.28903937792638
"ambiguous_dropped","all_data","Overall",0.0656144776752874,"pH","pH","Non-calcifier","ZOO_STUDY_0152","ZOO_ES_001008","ZOO_COMMON_00258",6,"Non-calcifier_pH",0.06,6.06,6.08420454971725
"ambiguous_dropped","all_data","Overall",0.175327887790356,"T","T","Non-calcifier","ZOO_STUDY_0152","ZOO_ES_001009","ZOO_COMMON_00258",6,"Non-calcifier_T",0.18,6.18,6.20318356976612
"ambiguous_dropped","all_data","Overall",0.298188917673683,"TpH","T + pH","Non-calcifier","ZOO_STUDY_0152","ZOO_ES_001010","ZOO_COMMON_00258",6,"Non-calcifier_T + pH",0.3,6.3,6.27640451170737
"ambiguous_dropped","all_data","Overall",-0.087291772201136,"pH","pH","Non-calcifier","ZOO_STUDY_0068","ZOO_ES_001017","ZOO_COMMON_00106",6,"Non-calcifier_pH",0.06,6.06,6.07235334257362
"ambiguous_dropped","all_data","Overall",-0.117783035656384,"pH","pH","Non-calcifier","ZOO_STUDY_0099","ZOO_ES_001018","ZOO_COMMON_00172",6,"Non-calcifier_pH",0.06,6.06,6.05333883395884
"ambiguous_dropped","all_data","Overall",-0.16975663046728,"pH","pH","Non-calcifier","ZOO_STUDY_0096","ZOO_ES_001019","ZOO_COMMON_00164",6,"Non-calcifier_pH",0.06,6.06,6.05270262378268
"ambiguous_dropped","all_data","Overall",-0.0659810545323798,"pH","pH","Non-calcifier","ZOO_STUDY_0096","ZOO_ES_001020","ZOO_COMMON_00164",6,"Non-calcifier_pH",0.06,6.06,6.0359698350681
"ambiguous_dropped","all_data","Overall",-0.175874604370159,"pH","pH","Non-calcifier","ZOO_STUDY_0096","ZOO_ES_001021","ZOO_COMMON_00164",6,"Non-calcifier_pH",0.06,6.06,6.07294469423592
"ambiguous_dropped","all_data","Overall",2.06841607166813,"T","T","Non-calcifier","ZOO_STUDY_0534","ZOO_ES_001022","ZOO_COMMON_00908",6,"Non-calcifier_T",0.18,6.18,6.16288091720315
"ambiguous_dropped","all_data","Overall",1.33236601909433,"T","T","Non-calcifier","ZOO_STUDY_0533","ZOO_ES_001023","ZOO_COMMON_00907",6,"Non-calcifier_T",0.18,6.18,6.16061378374696
"ambiguous_dropped","all_data","Overall",-0.217412876605225,"T","T","Non-calcifier","ZOO_STUDY_0115","ZOO_ES_001024","ZOO_COMMON_00197",6,"Non-calcifier_T",0.18,6.18,6.19069068474462
"ambiguous_dropped","all_data","Overall",-0.246400413478477,"T","T","Non-calcifier","ZOO_STUDY_0115","ZOO_ES_001025","ZOO_COMMON_00197",6,"Non-calcifier_T",0.18,6.18,6.17726094761863
"ambiguous_dropped","all_data","Overall",-0.252996514463891,"T","T","Non-calcifier","ZOO_STUDY_0115","ZOO_ES_001026","ZOO_COMMON_00197",6,"Non-calcifier_T",0.18,6.18,6.15630704112817
"ambiguous_dropped","all_data","Overall",-0.148407402156071,"T","T","Non-calcifier","ZOO_STUDY_0188","ZOO_ES_001027","ZOO_COMMON_00329",6,"Non-calcifier_T",0.18,6.18,6.20098724644165
"ambiguous_dropped","all_data","Overall",-0.0304592074847086,"T","T","Non-calcifier","ZOO_STUDY_0202","ZOO_ES_001028","ZOO_COMMON_00355",6,"Non-calcifier_T",0.18,6.18,6.1942465180601
"ambiguous_dropped","all_data","Overall",0.266611883068796,"T","T","Non-calcifier","ZOO_STUDY_0209","ZOO_ES_001029","ZOO_COMMON_00363",6,"Non-calcifier_T",0.18,6.18,6.17625546908937
"ambiguous_dropped","all_data","Overall",0.501196411324277,"T","T","Non-calcifier","ZOO_STUDY_0209","ZOO_ES_001030","ZOO_COMMON_00363",6,"Non-calcifier_T",0.18,6.18,6.16145692778053
"ambiguous_dropped","all_data","Overall",0.192240456673859,"T","T","Non-calcifier","ZOO_STUDY_0209","ZOO_ES_001031","ZOO_COMMON_00364",6,"Non-calcifier_T",0.18,6.18,6.19593590081902
"ambiguous_dropped","all_data","Overall",0.24757928549353,"T","T","Non-calcifier","ZOO_STUDY_0209","ZOO_ES_001032","ZOO_COMMON_00364",6,"Non-calcifier_T",0.18,6.18,6.19084033631487
"ambiguous_dropped","all_data","Overall",-0.20430046351273,"T","T","Non-calcifier","ZOO_STUDY_0242","ZOO_ES_001033","ZOO_COMMON_00411",6,"Non-calcifier_T",0.18,6.18,6.17560936517082
"ambiguous_dropped","all_data","Overall",0.392561703272257,"T","T","Non-calcifier","ZOO_STUDY_0245","ZOO_ES_001034","ZOO_COMMON_00418",6,"Non-calcifier_T",0.18,6.18,6.1637455851608
"ambiguous_dropped","all_data","Overall",0.235506999467044,"T","T","Non-calcifier","ZOO_STUDY_0318","ZOO_ES_001035","ZOO_COMMON_00542",6,"Non-calcifier_T",0.18,6.18,6.15553900722414
"ambiguous_dropped","all_data","Overall",0.292901680251974,"T","T","Non-calcifier","ZOO_STUDY_0317","ZOO_ES_001036","ZOO_COMMON_00539",6,"Non-calcifier_T",0.18,6.18,6.17204513672739
"ambiguous_dropped","all_data","Overall",-0.693147180559945,"T","T","Non-calcifier","ZOO_STUDY_0326","ZOO_ES_001037","ZOO_COMMON_00557",6,"Non-calcifier_T",0.18,6.18,6.16446860455442
"ambiguous_dropped","all_data","Overall",0.587786664902119,"T","T","Non-calcifier","ZOO_STUDY_0345","ZOO_ES_001038","ZOO_COMMON_00587",6,"Non-calcifier_T",0.18,6.18,6.18311712651746
"ambiguous_dropped","all_data","Overall",2.26176309847379,"T","T","Non-calcifier","ZOO_STUDY_0345","ZOO_ES_001039","ZOO_COMMON_00587",6,"Non-calcifier_T",0.18,6.18,6.18440646931529
"ambiguous_dropped","all_data","Overall",-0.000287562912117397,"T","T","Non-calcifier","ZOO_STUDY_0491","ZOO_ES_001041","ZOO_COMMON_00837",6,"Non-calcifier_T",0.18,6.18,6.16908779377816
"ambiguous_dropped","all_data","Overall",0.0651185780357443,"T","T","Non-calcifier","ZOO_STUDY_0491","ZOO_ES_001042","ZOO_COMMON_00838",6,"Non-calcifier_T",0.18,6.18,6.20129944384797
"ambiguous_dropped","all_data","Overall",0.133586530054581,"T","T","Non-calcifier","ZOO_STUDY_0540","ZOO_ES_001043","ZOO_COMMON_00915",6,"Non-calcifier_T",0.18,6.18,6.19020112149417
"ambiguous_dropped","all_data","Overall",-0.0595224504274437,"pH","pH","Non-calcifier","ZOO_STUDY_0539","ZOO_ES_001044","ZOO_COMMON_00914",6,"Non-calcifier_pH",0.06,6.06,6.04882280149264
"ambiguous_dropped","all_data","Overall",0.192815638253457,"pH","pH","Non-calcifier","ZOO_STUDY_0539","ZOO_ES_001045","ZOO_COMMON_00914",6,"Non-calcifier_pH",0.06,6.06,6.07075907360064
"ambiguous_dropped","all_data","Overall",-0.569533191684767,"pH","pH","Non-calcifier","ZOO_STUDY_0530","ZOO_ES_001046","ZOO_COMMON_00901",6,"Non-calcifier_pH",0.06,6.06,6.06543589519802
"ambiguous_dropped","all_data","Overall",-1.19090066060895,"pH","pH","Non-calcifier","ZOO_STUDY_0530","ZOO_ES_001047","ZOO_COMMON_00901",6,"Non-calcifier_pH",0.06,6.06,6.05541072550928
"ambiguous_dropped","all_data","Overall",0,"T","T","Non-calcifier","ZOO_STUDY_0362","ZOO_ES_001052","ZOO_COMMON_00611",6,"Non-calcifier_T",0.18,6.18,6.16336588344537
"ambiguous_dropped","all_data","Overall",0,"T","T","Non-calcifier","ZOO_STUDY_0362","ZOO_ES_001053","ZOO_COMMON_00611",6,"Non-calcifier_T",0.18,6.18,6.15622315094341
"ambiguous_dropped","all_data","Overall",-0.18125492052777,"T","T","Non-calcifier","ZOO_STUDY_0048","ZOO_ES_001054","ZOO_COMMON_00069",6,"Non-calcifier_T",0.18,6.18,6.16273530428996
"ambiguous_dropped","all_data","Overall",-0.175046365699285,"T","T","Non-calcifier","ZOO_STUDY_0111","ZOO_ES_001055","ZOO_COMMON_00191",6,"Non-calcifier_T",0.18,6.18,6.18432912035612
"ambiguous_dropped","all_data","Overall",-0.0194668093509762,"pH","pH","Non-calcifier","ZOO_STUDY_0201","ZOO_ES_001056","ZOO_COMMON_00354",6,"Non-calcifier_pH",0.06,6.06,6.04592429978307
"ambiguous_dropped","all_data","Overall",-0.00142878866084393,"pH","pH","Non-calcifier","ZOO_STUDY_0201","ZOO_ES_001057","ZOO_COMMON_00354",6,"Non-calcifier_pH",0.06,6.06,6.03721958251204
"ambiguous_dropped","all_data","Overall",0.0642358020803823,"pH","pH","Non-calcifier","ZOO_STUDY_0201","ZOO_ES_001058","ZOO_COMMON_00354",6,"Non-calcifier_pH",0.06,6.06,6.08072550304001
"ambiguous_dropped","all_data","Overall",0.0571584138399486,"pH","pH","Non-calcifier","ZOO_STUDY_0067","ZOO_ES_001059","ZOO_COMMON_00104",6,"Non-calcifier_pH",0.06,6.06,6.07850717033958
"ambiguous_dropped","all_data","Overall",0.456758402495715,"pH","pH","Non-calcifier","ZOO_STUDY_0067","ZOO_ES_001060","ZOO_COMMON_00104",6,"Non-calcifier_pH",0.06,6.06,6.07632353670429
"ambiguous_dropped","all_data","Overall",-0.814291564232944,"pH","pH","Non-calcifier","ZOO_STUDY_0008","ZOO_ES_001061","ZOO_COMMON_00011",6,"Non-calcifier_pH",0.06,6.06,6.06548353822669
"ambiguous_dropped","all_data","Overall",-0.860811579822383,"pH","pH","Non-calcifier","ZOO_STUDY_0008","ZOO_ES_001062","ZOO_COMMON_00011",6,"Non-calcifier_pH",0.06,6.06,6.07118159753969
"ambiguous_dropped","all_data","Overall",-0.120781539162431,"pH","pH","Non-calcifier","ZOO_STUDY_0008","ZOO_ES_001063","ZOO_COMMON_00009",6,"Non-calcifier_pH",0.06,6.06,6.07484418231994
"ambiguous_dropped","all_data","Overall",-0.787260472422577,"pH","pH","Non-calcifier","ZOO_STUDY_0008","ZOO_ES_001064","ZOO_COMMON_00009",6,"Non-calcifier_pH",0.06,6.06,6.07838369361358
"ambiguous_dropped","all_data","Overall",-2.34540509066649,"pH","pH","Non-calcifier","ZOO_STUDY_0008","ZOO_ES_001065","ZOO_COMMON_00009",6,"Non-calcifier_pH",0.06,6.06,6.07001698857872
"ambiguous_dropped","all_data","Overall",0.519052683315203,"T","T","Non-calcifier","ZOO_STUDY_0048","ZOO_ES_001066","ZOO_COMMON_00068",6,"Non-calcifier_T",0.18,6.18,6.17178139719879
"ambiguous_dropped","all_data","Overall",0.0113254888506017,"pH","pH","Non-calcifier","ZOO_STUDY_0068","ZOO_ES_001067","ZOO_COMMON_00105",6,"Non-calcifier_pH",0.06,6.06,6.05988202406093
"ambiguous_dropped","all_data","Overall",-0.31015492830384,"pH","pH","Non-calcifier","ZOO_STUDY_0096","ZOO_ES_001068","ZOO_COMMON_00165",6,"Non-calcifier_pH",0.06,6.06,6.07381231228588
"ambiguous_dropped","all_data","Overall",-0.462623521948113,"pH","pH","Non-calcifier","ZOO_STUDY_0096","ZOO_ES_001069","ZOO_COMMON_00165",6,"Non-calcifier_pH",0.06,6.06,6.05595793269109
"ambiguous_dropped","all_data","Overall",-0.318453731118535,"pH","pH","Non-calcifier","ZOO_STUDY_0099","ZOO_ES_001070","ZOO_COMMON_00172",6,"Non-calcifier_pH",0.06,6.06,6.06415107442532
"ambiguous_dropped","all_data","Overall",3.44998754583159,"T","T","Non-calcifier","ZOO_STUDY_0534","ZOO_ES_001071","ZOO_COMMON_00908",6,"Non-calcifier_T",0.18,6.18,6.1700277011795
"ambiguous_dropped","all_data","Overall",2.70805020110221,"T","T","Non-calcifier","ZOO_STUDY_0534","ZOO_ES_001072","ZOO_COMMON_00908",6,"Non-calcifier_T",0.18,6.18,6.1623532917304
"ambiguous_dropped","all_data","Overall",-0.25489224962879,"T","T","Non-calcifier","ZOO_STUDY_0115","ZOO_ES_001073","ZOO_COMMON_00198",6,"Non-calcifier_T",0.18,6.18,6.16877769494429
"ambiguous_dropped","all_data","Overall",-0.0741079721537218,"T","T","Non-calcifier","ZOO_STUDY_0115","ZOO_ES_001074","ZOO_COMMON_00198",6,"Non-calcifier_T",0.18,6.18,6.16514846216422
"ambiguous_dropped","all_data","Overall",-0.113328685307003,"T","T","Non-calcifier","ZOO_STUDY_0115","ZOO_ES_001075","ZOO_COMMON_00198",6,"Non-calcifier_T",0.18,6.18,6.16625976988114
"ambiguous_dropped","all_data","Overall",-0.0527253892205749,"pH","pH","Non-calcifier","ZOO_STUDY_0201","ZOO_ES_001076","ZOO_COMMON_00354",6,"Non-calcifier_pH",0.06,6.06,6.06099799478194
"ambiguous_dropped","all_data","Overall",-0.0432166012527533,"pH","pH","Non-calcifier","ZOO_STUDY_0201","ZOO_ES_001077","ZOO_COMMON_00354",6,"Non-calcifier_pH",0.06,6.06,6.08103115844075
"ambiguous_dropped","all_data","Overall",-0.0322360990202973,"pH","pH","Non-calcifier","ZOO_STUDY_0201","ZOO_ES_001078","ZOO_COMMON_00354",6,"Non-calcifier_pH",0.06,6.06,6.06407300267834
"ambiguous_dropped","all_data","Overall",0.786237603625957,"T","T","Non-calcifier","ZOO_STUDY_0202","ZOO_ES_001079","ZOO_COMMON_00355",6,"Non-calcifier_T",0.18,6.18,6.16807502988493
"ambiguous_dropped","all_data","Overall",0.452470856920159,"T","T","Non-calcifier","ZOO_STUDY_0209","ZOO_ES_001080","ZOO_COMMON_00363",6,"Non-calcifier_T",0.18,6.18,6.17369846982881
"ambiguous_dropped","all_data","Overall",0.615649965568196,"T","T","Non-calcifier","ZOO_STUDY_0209","ZOO_ES_001081","ZOO_COMMON_00363",6,"Non-calcifier_T",0.18,6.18,6.18317694516852
"ambiguous_dropped","all_data","Overall",0.0258351962957828,"T","T","Non-calcifier","ZOO_STUDY_0209","ZOO_ES_001082","ZOO_COMMON_00364",6,"Non-calcifier_T",0.18,6.18,6.16297528806142
"ambiguous_dropped","all_data","Overall",-0.141577410085868,"T","T","Non-calcifier","ZOO_STUDY_0209","ZOO_ES_001083","ZOO_COMMON_00364",6,"Non-calcifier_T",0.18,6.18,6.18854011698393
"ambiguous_dropped","all_data","Overall",0.0483610716934211,"pH","pH","Non-calcifier","ZOO_STUDY_0225","ZOO_ES_001084","ZOO_COMMON_00386",6,"Non-calcifier_pH",0.06,6.06,6.035913444045
"ambiguous_dropped","all_data","Overall",0.0483610716934211,"pH","pH","Non-calcifier","ZOO_STUDY_0225","ZOO_ES_001085","ZOO_COMMON_00386",6,"Non-calcifier_pH",0.06,6.06,6.03561941198073
"ambiguous_dropped","all_data","Overall",0.759476083747192,"T","T","Non-calcifier","ZOO_STUDY_0227","ZOO_ES_001086","ZOO_COMMON_00394",6,"Non-calcifier_T",0.18,6.18,6.18823337470647
"ambiguous_dropped","all_data","Overall",1.21894036030644,"T","T","Non-calcifier","ZOO_STUDY_0227","ZOO_ES_001087","ZOO_COMMON_00394",6,"Non-calcifier_T",0.18,6.18,6.16527818623697
"ambiguous_dropped","all_data","Overall",0.938816743981126,"T","T","Non-calcifier","ZOO_STUDY_0227","ZOO_ES_001088","ZOO_COMMON_00394",6,"Non-calcifier_T",0.18,6.18,6.17419465841493
"ambiguous_dropped","all_data","Overall",0.405465108108164,"T","T","Non-calcifier","ZOO_STUDY_0242","ZOO_ES_001089","ZOO_COMMON_00410",6,"Non-calcifier_T",0.18,6.18,6.16297518157633
"ambiguous_dropped","all_data","Overall",1.32913594727994,"T","T","Non-calcifier","ZOO_STUDY_0254","ZOO_ES_001090","ZOO_COMMON_00427",6,"Non-calcifier_T",0.18,6.18,6.19042762371944
"ambiguous_dropped","all_data","Overall",0.0769610411361284,"T","T","Non-calcifier","ZOO_STUDY_0254","ZOO_ES_001091","ZOO_COMMON_00428",6,"Non-calcifier_T",0.18,6.18,6.18573754296638
"ambiguous_dropped","all_data","Overall",0.482426149244293,"T","T","Non-calcifier","ZOO_STUDY_0254","ZOO_ES_001092","ZOO_COMMON_00428",6,"Non-calcifier_T",0.18,6.18,6.15805326752132
"ambiguous_dropped","all_data","Overall",0.968250470804866,"T","T","Non-calcifier","ZOO_STUDY_0254","ZOO_ES_001093","ZOO_COMMON_00429",6,"Non-calcifier_T",0.18,6.18,6.17531277108472
"ambiguous_dropped","all_data","Overall",1.25276296849537,"T","T","Non-calcifier","ZOO_STUDY_0254","ZOO_ES_001094","ZOO_COMMON_00429",6,"Non-calcifier_T",0.18,6.18,6.16025208709296
"ambiguous_dropped","all_data","Overall",1.12059119538688,"T","T","Non-calcifier","ZOO_STUDY_0254","ZOO_ES_001095","ZOO_COMMON_00429",6,"Non-calcifier_T",0.18,6.18,6.17512528004125
"ambiguous_dropped","all_data","Overall",0.697015657337866,"T","T","Non-calcifier","ZOO_STUDY_0254","ZOO_ES_001096","ZOO_COMMON_00430",6,"Non-calcifier_T",0.18,6.18,6.17778382936492
"ambiguous_dropped","all_data","Overall",0.760588461355478,"T","T","Non-calcifier","ZOO_STUDY_0254","ZOO_ES_001097","ZOO_COMMON_00430",6,"Non-calcifier_T",0.18,6.18,6.18623226232128
"ambiguous_dropped","all_data","Overall",1.20629568574208,"T","T","Non-calcifier","ZOO_STUDY_0254","ZOO_ES_001098","ZOO_COMMON_00430",6,"Non-calcifier_T",0.18,6.18,6.1589427640033
"ambiguous_dropped","all_data","Overall",0.847297860387204,"T","T","Non-calcifier","ZOO_STUDY_0254","ZOO_ES_001099","ZOO_COMMON_00427",6,"Non-calcifier_T",0.18,6.18,6.17209913623054
"ambiguous_dropped","all_data","Overall",0.424883193965266,"T","T","Non-calcifier","ZOO_STUDY_0254","ZOO_ES_001100","ZOO_COMMON_00430",6,"Non-calcifier_T",0.18,6.18,6.15618431453593
"ambiguous_dropped","all_data","Overall",0.76409891653223,"T","T","Non-calcifier","ZOO_STUDY_0254","ZOO_ES_001101","ZOO_COMMON_00430",6,"Non-calcifier_T",0.18,6.18,6.1720758219203
"ambiguous_dropped","all_data","Overall",0.939547594038422,"T","T","Non-calcifier","ZOO_STUDY_0254","ZOO_ES_001102","ZOO_COMMON_00430",6,"Non-calcifier_T",0.18,6.18,6.19416806116467
"ambiguous_dropped","all_data","Overall",2.42774823594805,"T","T","Non-calcifier","ZOO_STUDY_0254","ZOO_ES_001103","ZOO_COMMON_00427",6,"Non-calcifier_T",0.18,6.18,6.19206051158952
"ambiguous_dropped","all_data","Overall",1.30833281965018,"T","T","Non-calcifier","ZOO_STUDY_0254","ZOO_ES_001104","ZOO_COMMON_00428",6,"Non-calcifier_T",0.18,6.18,6.19580855546053
"ambiguous_dropped","all_data","Overall",1.41098697371026,"T","T","Non-calcifier","ZOO_STUDY_0254","ZOO_ES_001105","ZOO_COMMON_00428",6,"Non-calcifier_T",0.18,6.18,6.1577781657991
"ambiguous_dropped","all_data","Overall",2.48768057667073,"T","T","Non-calcifier","ZOO_STUDY_0254","ZOO_ES_001106","ZOO_COMMON_00428",6,"Non-calcifier_T",0.18,6.18,6.16257567688124
"ambiguous_dropped","all_data","Overall",0.113328685307003,"T","T","Non-calcifier","ZOO_STUDY_0254","ZOO_ES_001107","ZOO_COMMON_00428",6,"Non-calcifier_T",0.18,6.18,6.18765529738273
"ambiguous_dropped","all_data","Overall",-0.0768870782937948,"T","T","Non-calcifier","ZOO_STUDY_0274","ZOO_ES_001108","ZOO_COMMON_00455",6,"Non-calcifier_T",0.18,6.18,6.17463944968302
"ambiguous_dropped","all_data","Overall",-0.294545403403901,"T","T","Non-calcifier","ZOO_STUDY_0274","ZOO_ES_001109","ZOO_COMMON_00455",6,"Non-calcifier_T",0.18,6.18,6.16418868642766
"ambiguous_dropped","all_data","Overall",0.916290731874155,"T","T","Non-calcifier","ZOO_STUDY_0383","ZOO_ES_001110","ZOO_COMMON_00642",6,"Non-calcifier_T",0.18,6.18,6.16142014782643
"ambiguous_dropped","all_data","Overall",0.0870113769896297,"T","T","Non-calcifier","ZOO_STUDY_0383","ZOO_ES_001111","ZOO_COMMON_00642",6,"Non-calcifier_T",0.18,6.18,6.16144481678028
"ambiguous_dropped","all_data","Overall",0.241162056816888,"T","T","Non-calcifier","ZOO_STUDY_0383","ZOO_ES_001112","ZOO_COMMON_00642",6,"Non-calcifier_T",0.18,6.18,6.18620803771308
"ambiguous_dropped","all_data","Overall",0.287682072451781,"T","T","Non-calcifier","ZOO_STUDY_0383","ZOO_ES_001113","ZOO_COMMON_00642",6,"Non-calcifier_T",0.18,6.18,6.18010013681604
"ambiguous_dropped","all_data","Overall",0.693147180559945,"T","T","Non-calcifier","ZOO_STUDY_0383","ZOO_ES_001114","ZOO_COMMON_00642",6,"Non-calcifier_T",0.18,6.18,6.17940809027757
"ambiguous_dropped","all_data","Overall",0.510825623765991,"T","T","Non-calcifier","ZOO_STUDY_0383","ZOO_ES_001115","ZOO_COMMON_00642",6,"Non-calcifier_T",0.18,6.18,6.19864081942476
"ambiguous_dropped","all_data","Overall",0.200670695462151,"T","T","Non-calcifier","ZOO_STUDY_0383","ZOO_ES_001116","ZOO_COMMON_00642",6,"Non-calcifier_T",0.18,6.18,6.16461488309549
"ambiguous_dropped","all_data","Overall",0.200670695462151,"T","T","Non-calcifier","ZOO_STUDY_0383","ZOO_ES_001117","ZOO_COMMON_00642",6,"Non-calcifier_T",0.18,6.18,6.19298516541719
"ambiguous_dropped","all_data","Overall",0.105360515657826,"T","T","Non-calcifier","ZOO_STUDY_0383","ZOO_ES_001118","ZOO_COMMON_00642",6,"Non-calcifier_T",0.18,6.18,6.16597005392658
"ambiguous_dropped","all_data","Overall",0.559615787935423,"T","T","Non-calcifier","ZOO_STUDY_0383","ZOO_ES_001119","ZOO_COMMON_00642",6,"Non-calcifier_T",0.18,6.18,6.16283261484466
"ambiguous_dropped","all_data","Overall",0,"T","T","Non-calcifier","ZOO_STUDY_0383","ZOO_ES_001120","ZOO_COMMON_00642",6,"Non-calcifier_T",0.18,6.18,6.16220497055445
"ambiguous_dropped","all_data","Overall",0,"T","T","Non-calcifier","ZOO_STUDY_0383","ZOO_ES_001121","ZOO_COMMON_00642",6,"Non-calcifier_T",0.18,6.18,6.19931777214631
"ambiguous_dropped","all_data","Overall",-0.117783035656384,"T","T","Non-calcifier","ZOO_STUDY_0383","ZOO_ES_001122","ZOO_COMMON_00642",6,"Non-calcifier_T",0.18,6.18,6.188435869799
"ambiguous_dropped","all_data","Overall",0.27763173659828,"T","T","Non-calcifier","ZOO_STUDY_0383","ZOO_ES_001123","ZOO_COMMON_00643",6,"Non-calcifier_T",0.18,6.18,6.17784001085209
"ambiguous_dropped","all_data","Overall",0.215111379616945,"T","T","Non-calcifier","ZOO_STUDY_0383","ZOO_ES_001124","ZOO_COMMON_00643",6,"Non-calcifier_T",0.18,6.18,6.19080015890766
"ambiguous_dropped","all_data","Overall",-0.127833371509885,"T","T","Non-calcifier","ZOO_STUDY_0383","ZOO_ES_001125","ZOO_COMMON_00643",6,"Non-calcifier_T",0.18,6.18,6.19035783423576
"ambiguous_dropped","all_data","Overall",1.44691898293633,"T","T","Non-calcifier","ZOO_STUDY_0383","ZOO_ES_001126","ZOO_COMMON_00642",6,"Non-calcifier_T",0.18,6.18,6.18733590278542
"ambiguous_dropped","all_data","Overall",0.575364144903562,"T","T","Non-calcifier","ZOO_STUDY_0383","ZOO_ES_001127","ZOO_COMMON_00642",6,"Non-calcifier_T",0.18,6.18,6.20079866544809
"ambiguous_dropped","all_data","Overall",0.287682072451781,"T","T","Non-calcifier","ZOO_STUDY_0383","ZOO_ES_001128","ZOO_COMMON_00642",6,"Non-calcifier_T",0.18,6.18,6.1649822532502
"ambiguous_dropped","all_data","Overall",0.93826963859293,"T","T","Non-calcifier","ZOO_STUDY_0383","ZOO_ES_001129","ZOO_COMMON_00642",6,"Non-calcifier_T",0.18,6.18,6.17674963781144
"ambiguous_dropped","all_data","Overall",0.59783700075562,"T","T","Non-calcifier","ZOO_STUDY_0383","ZOO_ES_001130","ZOO_COMMON_00642",6,"Non-calcifier_T",0.18,6.18,6.15685179497348
"ambiguous_dropped","all_data","Overall",-0.39624845300324,"T","T","Non-calcifier","ZOO_STUDY_0409","ZOO_ES_001131","ZOO_COMMON_00685",6,"Non-calcifier_T",0.18,6.18,6.16287085572956
"ambiguous_dropped","all_data","Overall",0.441832752279039,"T","T","Non-calcifier","ZOO_STUDY_0409","ZOO_ES_001132","ZOO_COMMON_00685",6,"Non-calcifier_T",0.18,6.18,6.19011237649945
"ambiguous_dropped","all_data","Overall",0.380463805902747,"T","T","Non-calcifier","ZOO_STUDY_0409","ZOO_ES_001133","ZOO_COMMON_00685",6,"Non-calcifier_T",0.18,6.18,6.19200392161263
"ambiguous_dropped","all_data","Overall",0.240279833557197,"T","T","Non-calcifier","ZOO_STUDY_0409","ZOO_ES_001134","ZOO_COMMON_00685",6,"Non-calcifier_T",0.18,6.18,6.17648655228084
"ambiguous_dropped","all_data","Overall",-0.33754799172245,"T","T","Non-calcifier","ZOO_STUDY_0444","ZOO_ES_001135","ZOO_COMMON_00752",6,"Non-calcifier_T",0.18,6.18,6.17254669799702
"ambiguous_dropped","all_data","Overall",-0.32762262134423,"pH","pH","Non-calcifier","ZOO_STUDY_0471","ZOO_ES_001136","ZOO_COMMON_00795",6,"Non-calcifier_pH",0.06,6.06,6.05921443968778
"ambiguous_dropped","all_data","Overall",-0.346896753957097,"pH","pH","Non-calcifier","ZOO_STUDY_0471","ZOO_ES_001137","ZOO_COMMON_00795",6,"Non-calcifier_pH",0.06,6.06,6.03618040789384
"ambiguous_dropped","all_data","Overall",-0.250578322248404,"T","T","Non-calcifier","ZOO_STUDY_0540","ZOO_ES_001138","ZOO_COMMON_00915",6,"Non-calcifier_T",0.18,6.18,6.19744969583815
"ambiguous_dropped","all_data","Overall",-0.270645885299213,"pH","pH","Non-calcifier","ZOO_STUDY_0539","ZOO_ES_001139","ZOO_COMMON_00914",6,"Non-calcifier_pH",0.06,6.06,6.06763232933823
"ambiguous_dropped","all_data","Overall",-0.0186014259505457,"pH","pH","Non-calcifier","ZOO_STUDY_0530","ZOO_ES_001140","ZOO_COMMON_00902",6,"Non-calcifier_pH",0.06,6.06,6.04428952487884
"ambiguous_dropped","all_data","Overall",-0.380329134836622,"pH","pH","Non-calcifier","ZOO_STUDY_0530","ZOO_ES_001141","ZOO_COMMON_00901",6,"Non-calcifier_pH",0.06,6.06,6.06236883497564
"ambiguous_dropped","all_data","Overall",-0.209720530982069,"pH","pH","Non-calcifier","ZOO_STUDY_0530","ZOO_ES_001142","ZOO_COMMON_00900",6,"Non-calcifier_pH",0.06,6.06,6.07868456797674
"ambiguous_dropped","all_data","Overall",-0.475423696715075,"pH","pH","Non-calcifier","ZOO_STUDY_0530","ZOO_ES_001143","ZOO_COMMON_00900",6,"Non-calcifier_pH",0.06,6.06,6.04647526532877
"ambiguous_dropped","all_data","Overall",-0.196849657356864,"pH","pH","Non-calcifier","ZOO_STUDY_0530","ZOO_ES_001144","ZOO_COMMON_00902",6,"Non-calcifier_pH",0.06,6.06,6.05198665788863
"ambiguous_dropped","all_data","Overall",-0.257169447590387,"pH","pH","Non-calcifier","ZOO_STUDY_0530","ZOO_ES_001145","ZOO_COMMON_00902",6,"Non-calcifier_pH",0.06,6.06,6.07380902075907
"ambiguous_dropped","all_data","Overall",0.100541229221877,"pH","pH","Non-calcifier","ZOO_STUDY_0530","ZOO_ES_001146","ZOO_COMMON_00903",6,"Non-calcifier_pH",0.06,6.06,6.04689323870931
"ambiguous_dropped","all_data","Overall",-0.0817803275720773,"pH","pH","Non-calcifier","ZOO_STUDY_0530","ZOO_ES_001147","ZOO_COMMON_00903",6,"Non-calcifier_pH",0.06,6.06,6.03882079775445
"ambiguous_dropped","all_data","Overall",1.04589493416969,"T","T","Non-calcifier","ZOO_STUDY_0048","ZOO_ES_001148","ZOO_COMMON_00069",6,"Non-calcifier_T",0.18,6.18,6.17592473030789
"ambiguous_dropped","all_data","Overall",0.942265259306268,"T","T","Non-calcifier","ZOO_STUDY_0111","ZOO_ES_001149","ZOO_COMMON_00190",6,"Non-calcifier_T",0.18,6.18,6.1649722137209
"ambiguous_dropped","all_data","Overall",0.0352818141446398,"pH","pH","Non-calcifier","ZOO_STUDY_0225","ZOO_ES_001150","ZOO_COMMON_00390",6,"Non-calcifier_pH",0.06,6.06,6.0675869509019
"ambiguous_dropped","all_data","Overall",0.0352818141446398,"pH","pH","Non-calcifier","ZOO_STUDY_0225","ZOO_ES_001151","ZOO_COMMON_00390",6,"Non-calcifier_pH",0.06,6.06,6.06608499753289
"ambiguous_dropped","all_data","Overall",-0.1516222334739,"T","T","Non-calcifier","ZOO_STUDY_0258","ZOO_ES_001152","ZOO_COMMON_00435",6,"Non-calcifier_T",0.18,6.18,6.17589603651548
"ambiguous_dropped","all_data","Overall",0.500775287912489,"T","T","Non-calcifier","ZOO_STUDY_0492","ZOO_ES_001153","ZOO_COMMON_00840",6,"Non-calcifier_T",0.18,6.18,6.16243435844779
"ambiguous_dropped","all_data","Overall",0.793230639116928,"pH","pH","Non-calcifier","ZOO_STUDY_0007","ZOO_ES_001154","ZOO_COMMON_00008",6,"Non-calcifier_pH",0.06,6.06,6.04419625962852
"ambiguous_dropped","all_data","Overall",-0.687490974772356,"pH","pH","Non-calcifier","ZOO_STUDY_0008","ZOO_ES_001155","ZOO_COMMON_00010",6,"Non-calcifier_pH",0.06,6.06,6.05626802434213
"ambiguous_dropped","all_data","Overall",0.16977294043136,"pH","pH","Non-calcifier","ZOO_STUDY_0008","ZOO_ES_001156","ZOO_COMMON_00010",6,"Non-calcifier_pH",0.06,6.06,6.05445579076419
"ambiguous_dropped","all_data","Overall",-0.8609277274637,"pH","pH","Non-calcifier","ZOO_STUDY_0008","ZOO_ES_001157","ZOO_COMMON_00010",6,"Non-calcifier_pH",0.06,6.06,6.03786264566239
"ambiguous_dropped","all_data","Overall",0.0223295402018945,"pH","pH","Non-calcifier","ZOO_STUDY_0208","ZOO_ES_001158","ZOO_COMMON_00362",6,"Non-calcifier_pH",0.06,6.06,6.03527560464805
"ambiguous_dropped","all_data","Overall",0.148420005118273,"pH","pH","Non-calcifier","ZOO_STUDY_0225","ZOO_ES_001159","ZOO_COMMON_00386",6,"Non-calcifier_pH",0.06,6.06,6.07914994816761
"ambiguous_dropped","all_data","Overall",-0.828692672556169,"pH","pH","Non-calcifier","ZOO_STUDY_0473","ZOO_ES_001160","ZOO_COMMON_00800",6,"Non-calcifier_pH",0.06,6.06,6.05027736351127
"ambiguous_dropped","all_data","Overall",-0.148532687523035,"pH","pH","Non-calcifier","ZOO_STUDY_0473","ZOO_ES_001161","ZOO_COMMON_00800",6,"Non-calcifier_pH",0.06,6.06,6.08312385381665
"ambiguous_dropped","all_data","Overall",-0.553181143887909,"pH","pH","Non-calcifier","ZOO_STUDY_0473","ZOO_ES_001162","ZOO_COMMON_00800",6,"Non-calcifier_pH",0.06,6.06,6.06878964315634
"ambiguous_dropped","all_data","Overall",-0.0741079721537218,"pH","pH","Non-calcifier","ZOO_STUDY_0225","ZOO_ES_001163","ZOO_COMMON_00388",6,"Non-calcifier_pH",0.06,6.06,6.0777148773917
"ambiguous_dropped","all_data","Overall",0.0377192284852048,"pH","pH","Non-calcifier","ZOO_STUDY_0289","ZOO_ES_001164","ZOO_COMMON_00486",6,"Non-calcifier_pH",0.06,6.06,6.05663980760379
"ambiguous_dropped","all_data","Overall",0.093685484077323,"T","T","Non-calcifier","ZOO_STUDY_0132","ZOO_ES_001165","ZOO_COMMON_00228",6,"Non-calcifier_T",0.18,6.18,6.20127983168466
"ambiguous_dropped","all_data","Overall",-0.198450938723838,"T","T","Non-calcifier","ZOO_STUDY_0132","ZOO_ES_001166","ZOO_COMMON_00228",6,"Non-calcifier_T",0.18,6.18,6.19271883930312
"ambiguous_dropped","all_data","Overall",-0.176661745507173,"T","T","Non-calcifier","ZOO_STUDY_0164","ZOO_ES_001167","ZOO_COMMON_00287",6,"Non-calcifier_T",0.18,6.18,6.16885218210053
"ambiguous_dropped","all_data","Overall",-0.0362165398647763,"T","T","Non-calcifier","ZOO_STUDY_0227","ZOO_ES_001168","ZOO_COMMON_00392",6,"Non-calcifier_T",0.18,6.18,6.18932550940197
"ambiguous_dropped","all_data","Overall",0.22024733758725,"T","T","Non-calcifier","ZOO_STUDY_0227","ZOO_ES_001169","ZOO_COMMON_00392",6,"Non-calcifier_T",0.18,6.18,6.2010673626978
"ambiguous_dropped","all_data","Overall",-0.0411882702303024,"T","T","Non-calcifier","ZOO_STUDY_0227","ZOO_ES_001170","ZOO_COMMON_00392",6,"Non-calcifier_T",0.18,6.18,6.19203729601111
"ambiguous_dropped","all_data","Overall",0.506222800776795,"T","T","Non-calcifier","ZOO_STUDY_0284","ZOO_ES_001171","ZOO_COMMON_00480",6,"Non-calcifier_T",0.18,6.18,6.18862530252198
"ambiguous_dropped","all_data","Overall",0.273935962427341,"T","T","Non-calcifier","ZOO_STUDY_0314","ZOO_ES_001172","ZOO_COMMON_00535",6,"Non-calcifier_T",0.18,6.18,6.19220511991996
"ambiguous_dropped","all_data","Overall",2.34896321867139,"T","T","Non-calcifier","ZOO_STUDY_0314","ZOO_ES_001173","ZOO_COMMON_00535",6,"Non-calcifier_T",0.18,6.18,6.16066780217923
"ambiguous_dropped","all_data","Overall",-1.89089528184882,"T","T","Non-calcifier","ZOO_STUDY_0314","ZOO_ES_001174","ZOO_COMMON_00535",6,"Non-calcifier_T",0.18,6.18,6.15705271337181
"ambiguous_dropped","all_data","Overall",-1.73371715423687,"T","T","Non-calcifier","ZOO_STUDY_0314","ZOO_ES_001175","ZOO_COMMON_00535",6,"Non-calcifier_T",0.18,6.18,6.17365603037877
"ambiguous_dropped","all_data","Overall",1.21785426600442,"T","T","Non-calcifier","ZOO_STUDY_0314","ZOO_ES_001176","ZOO_COMMON_00535",6,"Non-calcifier_T",0.18,6.18,6.18008297329768
"ambiguous_dropped","all_data","Overall",0.0969618614867552,"T","T","Non-calcifier","ZOO_STUDY_0314","ZOO_ES_001177","ZOO_COMMON_00535",6,"Non-calcifier_T",0.18,6.18,6.20251920948038
"ambiguous_dropped","all_data","Overall",2.1477753135514,"T","T","Non-calcifier","ZOO_STUDY_0314","ZOO_ES_001178","ZOO_COMMON_00535",6,"Non-calcifier_T",0.18,6.18,6.20242281811777
"ambiguous_dropped","all_data","Overall",0.968769486615311,"T","T","Non-calcifier","ZOO_STUDY_0314","ZOO_ES_001179","ZOO_COMMON_00535",6,"Non-calcifier_T",0.18,6.18,6.18723091596737
"ambiguous_dropped","all_data","Overall",0.0816780319185225,"T","T","Non-calcifier","ZOO_STUDY_0487","ZOO_ES_001180","ZOO_COMMON_00827",6,"Non-calcifier_T",0.18,6.18,6.17077206011862
"ambiguous_dropped","all_data","Overall",-0.449589923547881,"T","T","Non-calcifier","ZOO_STUDY_0487","ZOO_ES_001181","ZOO_COMMON_00827",6,"Non-calcifier_T",0.18,6.18,6.18161830853904
"ambiguous_dropped","all_data","Overall",-0.733152535581808,"pH","pH","Non-calcifier","ZOO_STUDY_0473","ZOO_ES_001182","ZOO_COMMON_00799",6,"Non-calcifier_pH",0.06,6.06,6.06873272472527
"ambiguous_dropped","all_data","Overall",-0.202524284519638,"pH","pH","Non-calcifier","ZOO_STUDY_0473","ZOO_ES_001183","ZOO_COMMON_00799",6,"Non-calcifier_pH",0.06,6.06,6.07785984745948
"ambiguous_dropped","all_data","Overall",-0.0742800743828705,"pH","pH","Non-calcifier","ZOO_STUDY_0473","ZOO_ES_001184","ZOO_COMMON_00800",6,"Non-calcifier_pH",0.06,6.06,6.06285051915562
"ambiguous_dropped","all_data","Overall",0.68117098951323,"pH","pH","Non-calcifier","ZOO_STUDY_0473","ZOO_ES_001185","ZOO_COMMON_00800",6,"Non-calcifier_pH",0.06,6.06,6.0397196576721
"ambiguous_dropped","all_data","Overall",0.0802435310500524,"pH","pH","Non-calcifier","ZOO_STUDY_0473","ZOO_ES_001186","ZOO_COMMON_00800",6,"Non-calcifier_pH",0.06,6.06,6.07056202311302
"ambiguous_dropped","all_data","Overall",0.272740492453582,"pH","pH","Non-calcifier","ZOO_STUDY_0473","ZOO_ES_001187","ZOO_COMMON_00800",6,"Non-calcifier_pH",0.06,6.06,6.07676108076936
"ambiguous_dropped","all_data","Overall",-0.317867048790179,"pH","pH","Non-calcifier","ZOO_STUDY_0473","ZOO_ES_001188","ZOO_COMMON_00800",6,"Non-calcifier_pH",0.06,6.06,6.05463997174753
"ambiguous_dropped","all_data","Overall",-1.27808077647966,"pH","pH","Non-calcifier","ZOO_STUDY_0473","ZOO_ES_001189","ZOO_COMMON_00798",6,"Non-calcifier_pH",0.06,6.06,6.04473635222763
"ambiguous_dropped","all_data","Overall",-1.00926718833226,"pH","pH","Non-calcifier","ZOO_STUDY_0473","ZOO_ES_001190","ZOO_COMMON_00798",6,"Non-calcifier_pH",0.06,6.06,6.04791978487279
"ambiguous_dropped","all_data","Overall",-1.11556184698188,"pH","pH","Non-calcifier","ZOO_STUDY_0473","ZOO_ES_001191","ZOO_COMMON_00798",6,"Non-calcifier_pH",0.06,6.06,6.03685731630772
"ambiguous_dropped","all_data","Overall",0.249092083378633,"pH","pH","Non-calcifier","ZOO_STUDY_0473","ZOO_ES_001192","ZOO_COMMON_00801",6,"Non-calcifier_pH",0.06,6.06,6.06143417322542
"ambiguous_dropped","all_data","Overall",0.486532939393667,"pH","pH","Non-calcifier","ZOO_STUDY_0473","ZOO_ES_001193","ZOO_COMMON_00801",6,"Non-calcifier_pH",0.06,6.06,6.06453811495099
"ambiguous_dropped","all_data","Overall",0.535723183584439,"pH","pH","Non-calcifier","ZOO_STUDY_0473","ZOO_ES_001194","ZOO_COMMON_00801",6,"Non-calcifier_pH",0.06,6.06,6.06411566100083
"ambiguous_dropped","all_data","Overall",-0.308301403976514,"T","T","Non-calcifier","ZOO_STUDY_0226","ZOO_ES_001195","ZOO_COMMON_00391",6,"Non-calcifier_T",0.18,6.18,6.19985221782234
"ambiguous_dropped","all_data","Overall",-0.325422337067105,"T","T","Non-calcifier","ZOO_STUDY_0226","ZOO_ES_001196","ZOO_COMMON_00391",6,"Non-calcifier_T",0.18,6.18,6.17632421039278
"ambiguous_dropped","all_data","Overall",-0.648975022435154,"T","T","Non-calcifier","ZOO_STUDY_0016","ZOO_ES_001197","ZOO_COMMON_00024",6,"Non-calcifier_T",0.18,6.18,6.16687912300229
"ambiguous_dropped","all_data","Overall",-1.00197165981964,"T","T","Non-calcifier","ZOO_STUDY_0016","ZOO_ES_001198","ZOO_COMMON_00024",6,"Non-calcifier_T",0.18,6.18,6.18062704720767
"ambiguous_dropped","all_data","Overall",-0.0260177382470306,"pH","pH","Non-calcifier","ZOO_STUDY_0418","ZOO_ES_001199","ZOO_COMMON_00704",6,"Non-calcifier_pH",0.06,6.06,6.0383254247508
"ambiguous_dropped","all_data","Overall",-0.167532372766107,"pH","pH","Non-calcifier","ZOO_STUDY_0418","ZOO_ES_001200","ZOO_COMMON_00704",6,"Non-calcifier_pH",0.06,6.06,6.06797963748919
"ambiguous_dropped","all_data","Overall",0.0269739869200167,"pH","pH","Non-calcifier","ZOO_STUDY_0418","ZOO_ES_001201","ZOO_COMMON_00704",6,"Non-calcifier_pH",0.06,6.06,6.07173091002274
"ambiguous_dropped","all_data","Overall",0.0881812875712755,"pH","pH","Non-calcifier","ZOO_STUDY_0418","ZOO_ES_001202","ZOO_COMMON_00704",6,"Non-calcifier_pH",0.06,6.06,6.0459410105506
"ambiguous_dropped","all_data","Overall",-0.410863794573997,"pH","pH","Non-calcifier","ZOO_STUDY_0418","ZOO_ES_001203","ZOO_COMMON_00704",6,"Non-calcifier_pH",0.06,6.06,6.04449082595762
"ambiguous_dropped","all_data","Overall",-0.0433297191108941,"pH","pH","Non-calcifier","ZOO_STUDY_0418","ZOO_ES_001204","ZOO_COMMON_00704",6,"Non-calcifier_pH",0.06,6.06,6.07863948452519
"ambiguous_dropped","all_data","Overall",-0.33860592254918,"pH","pH","Non-calcifier","ZOO_STUDY_0418","ZOO_ES_001205","ZOO_COMMON_00704",6,"Non-calcifier_pH",0.06,6.06,6.04959334316896
"ambiguous_dropped","all_data","Overall",-0.399703078777993,"pH","pH","Non-calcifier","ZOO_STUDY_0418","ZOO_ES_001206","ZOO_COMMON_00704",6,"Non-calcifier_pH",0.06,6.06,6.08430617500795
"ambiguous_dropped","all_data","Overall",-0.440953985197617,"pH","pH","Non-calcifier","ZOO_STUDY_0472","ZOO_ES_001207","ZOO_COMMON_00797",6,"Non-calcifier_pH",0.06,6.06,6.0714572924329
"ambiguous_dropped","all_data","Overall",-0.403415342398765,"pH","pH","Non-calcifier","ZOO_STUDY_0472","ZOO_ES_001208","ZOO_COMMON_00796",6,"Non-calcifier_pH",0.06,6.06,6.08150948490016
"ambiguous_dropped","all_data","Overall",0.0698464227202472,"pH","pH","Non-calcifier","ZOO_STUDY_0472","ZOO_ES_001209","ZOO_COMMON_00796",6,"Non-calcifier_pH",0.06,6.06,6.07258799512871
"ambiguous_dropped","all_data","Overall",0.0958086421889833,"pH","pH","Non-calcifier","ZOO_STUDY_0539","ZOO_ES_001210","ZOO_COMMON_00913",6,"Non-calcifier_pH",0.06,6.06,6.05123820256209
"ambiguous_dropped","all_data","Overall",0.305730193443658,"T","T","Non-calcifier","ZOO_STUDY_0426","ZOO_ES_001211","ZOO_COMMON_00721",6,"Non-calcifier_T",0.18,6.18,6.17377035768703
"ambiguous_dropped","all_data","Overall",0.34313326179363,"T","T","Non-calcifier","ZOO_STUDY_0426","ZOO_ES_001212","ZOO_COMMON_00721",6,"Non-calcifier_T",0.18,6.18,6.15670801159693
"ambiguous_dropped","all_data","Overall",0.756923209314329,"T","T","Non-calcifier","ZOO_STUDY_0426","ZOO_ES_001213","ZOO_COMMON_00721",6,"Non-calcifier_T",0.18,6.18,6.1997413520189
"ambiguous_dropped","all_data","Overall",0.266764217493688,"T","T","Non-calcifier","ZOO_STUDY_0426","ZOO_ES_001214","ZOO_COMMON_00721",6,"Non-calcifier_T",0.18,6.18,6.18108056381578
"ambiguous_dropped","all_data","Overall",1.34166212354218,"T","T","Non-calcifier","ZOO_STUDY_0426","ZOO_ES_001215","ZOO_COMMON_00721",6,"Non-calcifier_T",0.18,6.18,6.17224013444036
"ambiguous_dropped","all_data","Overall",0.747214480923789,"T","T","Non-calcifier","ZOO_STUDY_0426","ZOO_ES_001216","ZOO_COMMON_00721",6,"Non-calcifier_T",0.18,6.18,6.19553221689537
"ambiguous_dropped","all_data","Overall",-0.326378423451994,"T","T","Non-calcifier","ZOO_STUDY_0070","ZOO_ES_001217","ZOO_COMMON_00109",6,"Non-calcifier_T",0.18,6.18,6.19459120356012
"ambiguous_dropped","all_data","Overall",-0.222252682658408,"T","T","Non-calcifier","ZOO_STUDY_0070","ZOO_ES_001218","ZOO_COMMON_00110",6,"Non-calcifier_T",0.18,6.18,6.19408734711586
"ambiguous_dropped","all_data","Overall",-0.325082169969976,"T","T","Non-calcifier","ZOO_STUDY_0070","ZOO_ES_001219","ZOO_COMMON_00111",6,"Non-calcifier_T",0.18,6.18,6.18160193962511
"ambiguous_dropped","all_data","Overall",-0.456636294918788,"T","T","Non-calcifier","ZOO_STUDY_0100","ZOO_ES_001220","ZOO_COMMON_00174",6,"Non-calcifier_T",0.18,6.18,6.16046979852952
"ambiguous_dropped","all_data","Overall",-0.686004293047565,"T","T","Non-calcifier","ZOO_STUDY_0100","ZOO_ES_001221","ZOO_COMMON_00173",6,"Non-calcifier_T",0.18,6.18,6.19941697547445
"ambiguous_dropped","all_data","Overall",-0.363745788854125,"T","T","Non-calcifier","ZOO_STUDY_0071","ZOO_ES_001222","ZOO_COMMON_00112",6,"Non-calcifier_T",0.18,6.18,6.16164111635415
"ambiguous_dropped","all_data","Overall",-0.510285014001931,"pH","pH","Non-calcifier","ZOO_STUDY_0225","ZOO_ES_001223","ZOO_COMMON_00389",6,"Non-calcifier_pH",0.06,6.06,6.07648872987134
"ambiguous_dropped","all_data","Overall",-0.16931890130043,"pH","pH","Non-calcifier","ZOO_STUDY_0225","ZOO_ES_001224","ZOO_COMMON_00387",6,"Non-calcifier_pH",0.06,6.06,6.06265988720348
"ambiguous_dropped","all_data","Overall",-0.29228401338515,"pH","pH","Non-calcifier","ZOO_STUDY_0537","ZOO_ES_001225","ZOO_COMMON_00911",6,"Non-calcifier_pH",0.06,6.06,6.06286354237469
"ambiguous_dropped","all_data","Overall",-0.44971322137153,"T","T","Non-calcifier","ZOO_STUDY_0227","ZOO_ES_001226","ZOO_COMMON_00393",6,"Non-calcifier_T",0.18,6.18,6.19171846046345
"ambiguous_dropped","all_data","Overall",-1.02981903845956,"T","T","Non-calcifier","ZOO_STUDY_0227","ZOO_ES_001227","ZOO_COMMON_00393",6,"Non-calcifier_T",0.18,6.18,6.17442282898817
"ambiguous_dropped","all_data","Overall",-0.725763508636744,"T","T","Non-calcifier","ZOO_STUDY_0227","ZOO_ES_001228","ZOO_COMMON_00393",6,"Non-calcifier_T",0.18,6.18,6.19543249163078
"ambiguous_dropped","all_data","Overall",-0.453726662485522,"T","T","Non-calcifier","ZOO_STUDY_0273","ZOO_ES_001229","ZOO_COMMON_00454",6,"Non-calcifier_T",0.18,6.18,6.19760523245903
"ambiguous_dropped","all_data","Overall",-0.543263910391553,"T","T","Non-calcifier","ZOO_STUDY_0273","ZOO_ES_001230","ZOO_COMMON_00454",6,"Non-calcifier_T",0.18,6.18,6.19464310055599
"ambiguous_dropped","all_data","Overall",-0.688770956393664,"T","T","Non-calcifier","ZOO_STUDY_0273","ZOO_ES_001231","ZOO_COMMON_00454",6,"Non-calcifier_T",0.18,6.18,6.17584916435415
"ambiguous_dropped","all_data","Overall",-0.87587675540187,"T","T","Non-calcifier","ZOO_STUDY_0273","ZOO_ES_001232","ZOO_COMMON_00454",6,"Non-calcifier_T",0.18,6.18,6.16332641508896
"ambiguous_dropped","all_data","Overall",-0.0166208812947302,"pH","pH","Non-calcifier","ZOO_STUDY_0014","ZOO_ES_001386","ZOO_COMMON_00022",6,"Non-calcifier_pH",0.06,6.06,6.0712420427613
"ambiguous_dropped","all_data","Overall",0.0545589843364199,"pH","pH","Non-calcifier","ZOO_STUDY_0014","ZOO_ES_001387","ZOO_COMMON_00022",6,"Non-calcifier_pH",0.06,6.06,6.03973290181253
"ambiguous_dropped","all_data","Overall",-0.0411006379986667,"pH","pH","Non-calcifier","ZOO_STUDY_0017","ZOO_ES_001388","ZOO_COMMON_00025",6,"Non-calcifier_pH",0.06,6.06,6.03784370257286
"ambiguous_dropped","all_data","Overall",0.0680991386535611,"pH","pH","Non-calcifier","ZOO_STUDY_0017","ZOO_ES_001389","ZOO_COMMON_00025",6,"Non-calcifier_pH",0.06,6.06,6.03610412944341
"ambiguous_dropped","all_data","Overall",-0.0623046863088885,"pH","pH","Non-calcifier","ZOO_STUDY_0017","ZOO_ES_001390","ZOO_COMMON_00025",6,"Non-calcifier_pH",0.06,6.06,6.06761438250774
"ambiguous_dropped","all_data","Overall",0.0959199025301541,"pH","pH","Non-calcifier","ZOO_STUDY_0017","ZOO_ES_001391","ZOO_COMMON_00025",6,"Non-calcifier_pH",0.06,6.06,6.06965984743088
"ambiguous_dropped","all_data","Overall",-0.106106237538136,"pH","pH","Non-calcifier","ZOO_STUDY_0017","ZOO_ES_001392","ZOO_COMMON_00025",6,"Non-calcifier_pH",0.06,6.06,6.04425496107666
"ambiguous_dropped","all_data","Overall",-0.0257518295591573,"pH","pH","Non-calcifier","ZOO_STUDY_0017","ZOO_ES_001393","ZOO_COMMON_00025",6,"Non-calcifier_pH",0.06,6.06,6.07480981679633
"ambiguous_dropped","all_data","Overall",-0.121499060846362,"pH","pH","Non-calcifier","ZOO_STUDY_0017","ZOO_ES_001394","ZOO_COMMON_00025",6,"Non-calcifier_pH",0.06,6.06,6.07453995979391
"ambiguous_dropped","all_data","Overall",-0.259824899565647,"pH","pH","Non-calcifier","ZOO_STUDY_0017","ZOO_ES_001395","ZOO_COMMON_00025",6,"Non-calcifier_pH",0.06,6.06,6.06657541340915
"ambiguous_dropped","all_data","Overall",-0.0862428245971694,"pH","pH","Non-calcifier","ZOO_STUDY_0017","ZOO_ES_001396","ZOO_COMMON_00025",6,"Non-calcifier_pH",0.06,6.06,6.08276664049132
"ambiguous_dropped","all_data","Overall",-0.150626623136578,"pH","pH","Non-calcifier","ZOO_STUDY_0017","ZOO_ES_001397","ZOO_COMMON_00025",6,"Non-calcifier_pH",0.06,6.06,6.04223857784178
"ambiguous_dropped","all_data","Overall",-0.287159812054903,"pH","pH","Non-calcifier","ZOO_STUDY_0017","ZOO_ES_001398","ZOO_COMMON_00025",6,"Non-calcifier_pH",0.06,6.06,6.03805266564246
"ambiguous_dropped","all_data","Overall",-0.480417956085537,"pH","pH","Non-calcifier","ZOO_STUDY_0017","ZOO_ES_001399","ZOO_COMMON_00025",6,"Non-calcifier_pH",0.06,6.06,6.08207631852943
"ambiguous_dropped","all_data","Overall",-0.256261415994145,"pH","pH","Non-calcifier","ZOO_STUDY_0017","ZOO_ES_001400","ZOO_COMMON_00025",6,"Non-calcifier_pH",0.06,6.06,6.07733707692474
"ambiguous_dropped","all_data","Overall",0.359966091387031,"pH","pH","Non-calcifier","ZOO_STUDY_0017","ZOO_ES_001401","ZOO_COMMON_00025",6,"Non-calcifier_pH",0.06,6.06,6.05278183131246
"ambiguous_dropped","all_data","Overall",-0.119943146276016,"pH","pH","Non-calcifier","ZOO_STUDY_0017","ZOO_ES_001402","ZOO_COMMON_00025",6,"Non-calcifier_pH",0.06,6.06,6.05506392487092
"ambiguous_dropped","all_data","Overall",-0.166832756500185,"pH","pH","Non-calcifier","ZOO_STUDY_0017","ZOO_ES_001403","ZOO_COMMON_00025",6,"Non-calcifier_pH",0.06,6.06,6.08311916323379
"ambiguous_dropped","all_data","Overall",0.00729106634611607,"pH","pH","Non-calcifier","ZOO_STUDY_0017","ZOO_ES_001404","ZOO_COMMON_00025",6,"Non-calcifier_pH",0.06,6.06,6.03986920590047
"ambiguous_dropped","all_data","Overall",-0.0603200019106356,"pH","pH","Non-calcifier","ZOO_STUDY_0017","ZOO_ES_001405","ZOO_COMMON_00025",6,"Non-calcifier_pH",0.06,6.06,6.07046604691073
"ambiguous_dropped","all_data","Overall",0.22509347432043,"pH","pH","Non-calcifier","ZOO_STUDY_0017","ZOO_ES_001406","ZOO_COMMON_00025",6,"Non-calcifier_pH",0.06,6.06,6.06268671477679
"ambiguous_dropped","all_data","Overall",-0.0799412595180527,"pH","pH","Non-calcifier","ZOO_STUDY_0017","ZOO_ES_001407","ZOO_COMMON_00025",6,"Non-calcifier_pH",0.06,6.06,6.07915189189603
"ambiguous_dropped","all_data","Overall",-0.656779536556354,"pH","pH","Non-calcifier","ZOO_STUDY_0027","ZOO_ES_001408","ZOO_COMMON_00041",6,"Non-calcifier_pH",0.06,6.06,6.07164911540691
"ambiguous_dropped","all_data","Overall",-0.879923087789909,"pH","pH","Non-calcifier","ZOO_STUDY_0027","ZOO_ES_001409","ZOO_COMMON_00041",6,"Non-calcifier_pH",0.06,6.06,6.06647637594957
"ambiguous_dropped","all_data","Overall",-1.09861228883539,"pH","pH","Non-calcifier","ZOO_STUDY_0027","ZOO_ES_001410","ZOO_COMMON_00041",6,"Non-calcifier_pH",0.06,6.06,6.0427750381548
"ambiguous_dropped","all_data","Overall",-1.1210851447901,"pH","pH","Non-calcifier","ZOO_STUDY_0027","ZOO_ES_001411","ZOO_COMMON_00041",6,"Non-calcifier_pH",0.06,6.06,6.05871127246879
"ambiguous_dropped","all_data","Overall",-1.29435686571734,"pH","pH","Non-calcifier","ZOO_STUDY_0027","ZOO_ES_001412","ZOO_COMMON_00041",6,"Non-calcifier_pH",0.06,6.06,6.05675937092397
"ambiguous_dropped","all_data","Overall",-1.72722094844596,"pH","pH","Non-calcifier","ZOO_STUDY_0027","ZOO_ES_001413","ZOO_COMMON_00041",6,"Non-calcifier_pH",0.06,6.06,6.04278190193232
"ambiguous_dropped","all_data","Overall",0.00310398593759101,"pH","pH","Non-calcifier","ZOO_STUDY_0045","ZOO_ES_001441","ZOO_COMMON_00063",6,"Non-calcifier_pH",0.06,6.06,6.07665686324704
"ambiguous_dropped","all_data","Overall",-0.00519481687710402,"pH","pH","Non-calcifier","ZOO_STUDY_0045","ZOO_ES_001442","ZOO_COMMON_00063",6,"Non-calcifier_pH",0.06,6.06,6.04941233305959
"ambiguous_dropped","all_data","Overall",0.0246926130846804,"pH","pH","Non-calcifier","ZOO_STUDY_0045","ZOO_ES_001443","ZOO_COMMON_00065",6,"Non-calcifier_pH",0.06,6.06,6.06679433041951
"ambiguous_dropped","all_data","Overall",0.0450236812984835,"pH","pH","Non-calcifier","ZOO_STUDY_0045","ZOO_ES_001444","ZOO_COMMON_00065",6,"Non-calcifier_pH",0.06,6.06,6.05906068184646
"ambiguous_dropped","all_data","Overall",-0.0217399866588564,"pH","pH","Non-calcifier","ZOO_STUDY_0045","ZOO_ES_001445","ZOO_COMMON_00065",6,"Non-calcifier_pH",0.06,6.06,6.06330350948498
"ambiguous_dropped","all_data","Overall",-0.727338545016665,"pH","pH","Non-calcifier","ZOO_STUDY_0045","ZOO_ES_001446","ZOO_COMMON_00065",6,"Non-calcifier_pH",0.06,6.06,6.06555283214198
"ambiguous_dropped","all_data","Overall",-0.0316370850476437,"pH","pH","Non-calcifier","ZOO_STUDY_0045","ZOO_ES_001447","ZOO_COMMON_00064",6,"Non-calcifier_pH",0.06,6.06,6.04030251080636
"ambiguous_dropped","all_data","Overall",-0.0174524501629811,"pH","pH","Non-calcifier","ZOO_STUDY_0045","ZOO_ES_001448","ZOO_COMMON_00064",6,"Non-calcifier_pH",0.06,6.06,6.05933749444317
"ambiguous_dropped","all_data","Overall",0.272604181585204,"pH","pH","Non-calcifier","ZOO_STUDY_0045","ZOO_ES_001449","ZOO_COMMON_00065",6,"Non-calcifier_pH",0.06,6.06,6.04311789651634
"ambiguous_dropped","all_data","Overall",0.0286552558989254,"pH","pH","Non-calcifier","ZOO_STUDY_0045","ZOO_ES_001450","ZOO_COMMON_00065",6,"Non-calcifier_pH",0.06,6.06,6.05646862444933
"ambiguous_dropped","all_data","Overall",0.195094247558712,"pH","pH","Non-calcifier","ZOO_STUDY_0045","ZOO_ES_001451","ZOO_COMMON_00065",6,"Non-calcifier_pH",0.06,6.06,6.06852377536939
"ambiguous_dropped","all_data","Overall",0.0186051878712001,"pH","pH","Non-calcifier","ZOO_STUDY_0045","ZOO_ES_001452","ZOO_COMMON_00064",6,"Non-calcifier_pH",0.06,6.06,6.06363957316149
"ambiguous_dropped","all_data","Overall",0.039130423703345,"pH","pH","Non-calcifier","ZOO_STUDY_0045","ZOO_ES_001453","ZOO_COMMON_00064",6,"Non-calcifier_pH",0.06,6.06,6.04834379077889
"ambiguous_dropped","all_data","Overall",0.00911168036032613,"pH","pH","Non-calcifier","ZOO_STUDY_0045","ZOO_ES_001454","ZOO_COMMON_00065",6,"Non-calcifier_pH",0.06,6.06,6.05000049500028
"ambiguous_dropped","all_data","Overall",-1.05519979587775,"pH","pH","Non-calcifier","ZOO_STUDY_0045","ZOO_ES_001455","ZOO_COMMON_00065",6,"Non-calcifier_pH",0.06,6.06,6.03553463308141
"ambiguous_dropped","all_data","Overall",-0.00433840153664316,"pH","pH","Non-calcifier","ZOO_STUDY_0045","ZOO_ES_001456","ZOO_COMMON_00064",6,"Non-calcifier_pH",0.06,6.06,6.04980004423065
"ambiguous_dropped","all_data","Overall",-0.0204088716476603,"pH","pH","Non-calcifier","ZOO_STUDY_0045","ZOO_ES_001457","ZOO_COMMON_00064",6,"Non-calcifier_pH",0.06,6.06,6.07019029157469
"ambiguous_dropped","all_data","Overall",0.233283355043819,"pH","pH","Non-calcifier","ZOO_STUDY_0107","ZOO_ES_001464","ZOO_COMMON_00185",6,"Non-calcifier_pH",0.06,6.06,6.03863685655175
"ambiguous_dropped","all_data","Overall",-0.104222706473402,"pH","pH","Non-calcifier","ZOO_STUDY_0107","ZOO_ES_001465","ZOO_COMMON_00185",6,"Non-calcifier_pH",0.06,6.06,6.08373217944987
"ambiguous_dropped","all_data","Overall",0.0109029593879147,"pH","pH","Non-calcifier","ZOO_STUDY_0107","ZOO_ES_001466","ZOO_COMMON_00185",6,"Non-calcifier_pH",0.06,6.06,6.07506496674847
"ambiguous_dropped","all_data","Overall",-0.087968926202674,"pH","pH","Non-calcifier","ZOO_STUDY_0107","ZOO_ES_001467","ZOO_COMMON_00185",6,"Non-calcifier_pH",0.06,6.06,6.07955013169209
"ambiguous_dropped","all_data","Overall",-0.019107763023776,"pH","pH","Non-calcifier","ZOO_STUDY_0107","ZOO_ES_001468","ZOO_COMMON_00185",6,"Non-calcifier_pH",0.06,6.06,6.06093582170084
"ambiguous_dropped","all_data","Overall",-0.0240721217266308,"pH","pH","Non-calcifier","ZOO_STUDY_0107","ZOO_ES_001469","ZOO_COMMON_00185",6,"Non-calcifier_pH",0.06,6.06,6.05217035605106
"ambiguous_dropped","all_data","Overall",-0.0793272496810688,"pH","pH","Non-calcifier","ZOO_STUDY_0107","ZOO_ES_001470","ZOO_COMMON_00185",6,"Non-calcifier_pH",0.06,6.06,6.05833388025872
"ambiguous_dropped","all_data","Overall",-0.210971255505353,"pH","pH","Non-calcifier","ZOO_STUDY_0107","ZOO_ES_001471","ZOO_COMMON_00185",6,"Non-calcifier_pH",0.06,6.06,6.04043205109425
"ambiguous_dropped","all_data","Overall",-0.133531224199258,"pH","pH","Non-calcifier","ZOO_STUDY_0107","ZOO_ES_001472","ZOO_COMMON_00185",6,"Non-calcifier_pH",0.06,6.06,6.04646856958512
"ambiguous_dropped","all_data","Overall",-0.0167136806292685,"pH","pH","Non-calcifier","ZOO_STUDY_0107","ZOO_ES_001473","ZOO_COMMON_00185",6,"Non-calcifier_pH",0.06,6.06,6.05374371272279
"ambiguous_dropped","all_data","Overall",-0.0182013084257369,"pH","pH","Non-calcifier","ZOO_STUDY_0107","ZOO_ES_001474","ZOO_COMMON_00185",6,"Non-calcifier_pH",0.06,6.06,6.0551077343314
"ambiguous_dropped","all_data","Overall",-0.231218781139241,"pH","pH","Non-calcifier","ZOO_STUDY_0107","ZOO_ES_001475","ZOO_COMMON_00185",6,"Non-calcifier_pH",0.06,6.06,6.06829687577207
"ambiguous_dropped","all_data","Overall",-0.142138825338388,"pH","pH","Non-calcifier","ZOO_STUDY_0107","ZOO_ES_001476","ZOO_COMMON_00185",6,"Non-calcifier_pH",0.06,6.06,6.04192831955384
"ambiguous_dropped","all_data","Overall",0.105962211545808,"pH","pH","Non-calcifier","ZOO_STUDY_0107","ZOO_ES_001477","ZOO_COMMON_00185",6,"Non-calcifier_pH",0.06,6.06,6.05821981999557
"ambiguous_dropped","all_data","Overall",0.0594592914357695,"pH","pH","Non-calcifier","ZOO_STUDY_0107","ZOO_ES_001478","ZOO_COMMON_00185",6,"Non-calcifier_pH",0.06,6.06,6.04235103213228
"ambiguous_dropped","all_data","Overall",0.332855255809461,"pH","pH","Non-calcifier","ZOO_STUDY_0107","ZOO_ES_001479","ZOO_COMMON_00185",6,"Non-calcifier_pH",0.06,6.06,6.06264139224309
"ambiguous_dropped","all_data","Overall",0.377282714981417,"pH","pH","Non-calcifier","ZOO_STUDY_0107","ZOO_ES_001480","ZOO_COMMON_00185",6,"Non-calcifier_pH",0.06,6.06,6.03637476089876
"ambiguous_dropped","all_data","Overall",0.372724845609053,"pH","pH","Non-calcifier","ZOO_STUDY_0107","ZOO_ES_001481","ZOO_COMMON_00185",6,"Non-calcifier_pH",0.06,6.06,6.07524908198044
"ambiguous_dropped","all_data","Overall",-0.354923313339241,"pH","pH","Non-calcifier","ZOO_STUDY_0107","ZOO_ES_001482","ZOO_COMMON_00185",6,"Non-calcifier_pH",0.06,6.06,6.07684379336657
"ambiguous_dropped","all_data","Overall",-0.466199360600781,"pH","pH","Non-calcifier","ZOO_STUDY_0107","ZOO_ES_001483","ZOO_COMMON_00185",6,"Non-calcifier_pH",0.06,6.06,6.04507122532465
"ambiguous_dropped","all_data","Overall",0.0334952000592965,"pH","pH","Non-calcifier","ZOO_STUDY_0165","ZOO_ES_001484","ZOO_COMMON_00288",6,"Non-calcifier_pH",0.06,6.06,6.06250599088613
"ambiguous_dropped","all_data","Overall",0.0253979895999265,"pH","pH","Non-calcifier","ZOO_STUDY_0165","ZOO_ES_001485","ZOO_COMMON_00288",6,"Non-calcifier_pH",0.06,6.06,6.06564761321293
"ambiguous_dropped","all_data","Overall",-0.166231260891847,"pH","pH","Non-calcifier","ZOO_STUDY_0165","ZOO_ES_001486","ZOO_COMMON_00288",6,"Non-calcifier_pH",0.06,6.06,6.04160224882886
"ambiguous_dropped","all_data","Overall",0.227057788870782,"pH","pH","Non-calcifier","ZOO_STUDY_0166","ZOO_ES_001487","ZOO_COMMON_00290",6,"Non-calcifier_pH",0.06,6.06,6.06986494482495
"ambiguous_dropped","all_data","Overall",-0.631936965295776,"pH","pH","Non-calcifier","ZOO_STUDY_0166","ZOO_ES_001488","ZOO_COMMON_00292",6,"Non-calcifier_pH",0.06,6.06,6.07888723730808
"ambiguous_dropped","all_data","Overall",-0.68197239831298,"pH","pH","Non-calcifier","ZOO_STUDY_0166","ZOO_ES_001489","ZOO_COMMON_00291",6,"Non-calcifier_pH",0.06,6.06,6.08251978401327
"ambiguous_dropped","all_data","Overall",0.749884034244385,"pH","pH","Non-calcifier","ZOO_STUDY_0193","ZOO_ES_001491","ZOO_COMMON_00341",6,"Non-calcifier_pH",0.06,6.06,6.071694023374
"ambiguous_dropped","all_data","Overall",0.487085308260517,"pH","pH","Non-calcifier","ZOO_STUDY_0193","ZOO_ES_001492","ZOO_COMMON_00339",6,"Non-calcifier_pH",0.06,6.06,6.03508566417964
"ambiguous_dropped","all_data","Overall",0.1771219304301,"pH","pH","Non-calcifier","ZOO_STUDY_0193","ZOO_ES_001493","ZOO_COMMON_00339",6,"Non-calcifier_pH",0.06,6.06,6.073553605997
"ambiguous_dropped","all_data","Overall",-0.0878849274255516,"pH","pH","Non-calcifier","ZOO_STUDY_0193","ZOO_ES_001494","ZOO_COMMON_00342",6,"Non-calcifier_pH",0.06,6.06,6.05221006190637
"ambiguous_dropped","all_data","Overall",-0.747021881314063,"pH","pH","Non-calcifier","ZOO_STUDY_0193","ZOO_ES_001495","ZOO_COMMON_00342",6,"Non-calcifier_pH",0.06,6.06,6.05553449702216
"ambiguous_dropped","all_data","Overall",-2.24106564372952,"pH","pH","Non-calcifier","ZOO_STUDY_0193","ZOO_ES_001496","ZOO_COMMON_00340",6,"Non-calcifier_pH",0.06,6.06,6.03515665694373
"ambiguous_dropped","all_data","Overall",-0.878849272268893,"pH","pH","Non-calcifier","ZOO_STUDY_0193","ZOO_ES_001497","ZOO_COMMON_00340",6,"Non-calcifier_pH",0.06,6.06,6.05180971640162
"ambiguous_dropped","all_data","Overall",0.233614851152722,"pH","pH","Non-calcifier","ZOO_STUDY_0212","ZOO_ES_001498","ZOO_COMMON_00368",6,"Non-calcifier_pH",0.06,6.06,6.05121926977532
"ambiguous_dropped","all_data","Overall",-0.405465107795664,"pH","pH","Non-calcifier","ZOO_STUDY_0212","ZOO_ES_001499","ZOO_COMMON_00368",6,"Non-calcifier_pH",0.06,6.06,6.0580472568539
"ambiguous_dropped","all_data","Overall",-0.19105523628216,"pH","pH","Non-calcifier","ZOO_STUDY_0212","ZOO_ES_001500","ZOO_COMMON_00368",6,"Non-calcifier_pH",0.06,6.06,6.07626623605844
"ambiguous_dropped","all_data","Overall",1.00900012981436,"pH","pH","Non-calcifier","ZOO_STUDY_0212","ZOO_ES_001501","ZOO_COMMON_00368",6,"Non-calcifier_pH",0.06,6.06,6.06785737734986
"ambiguous_dropped","all_data","Overall",0.188052231451216,"pH","pH","Non-calcifier","ZOO_STUDY_0212","ZOO_ES_001502","ZOO_COMMON_00368",6,"Non-calcifier_pH",0.06,6.06,6.05333088572603
"ambiguous_dropped","all_data","Overall",-0.141970261332544,"pH","pH","Non-calcifier","ZOO_STUDY_0212","ZOO_ES_001503","ZOO_COMMON_00368",6,"Non-calcifier_pH",0.06,6.06,6.07440599327907
"ambiguous_dropped","all_data","Overall",-0.121233864857752,"pH","pH","Non-calcifier","ZOO_STUDY_0212","ZOO_ES_001504","ZOO_COMMON_00368",6,"Non-calcifier_pH",0.06,6.06,6.0540820731339
"ambiguous_dropped","all_data","Overall",-0.34523535258264,"pH","pH","Non-calcifier","ZOO_STUDY_0212","ZOO_ES_001505","ZOO_COMMON_00368",6,"Non-calcifier_pH",0.06,6.06,6.08220113705844
"ambiguous_dropped","all_data","Overall",-0.0449850958034652,"pH","pH","Non-calcifier","ZOO_STUDY_0212","ZOO_ES_001506","ZOO_COMMON_00368",6,"Non-calcifier_pH",0.06,6.06,6.073590819214
"ambiguous_dropped","all_data","Overall",-0.154151757208322,"pH","pH","Non-calcifier","ZOO_STUDY_0213","ZOO_ES_001507","ZOO_COMMON_00369",6,"Non-calcifier_pH",0.06,6.06,6.05026757180691
"ambiguous_dropped","all_data","Overall",-0.182326081793446,"pH","pH","Non-calcifier","ZOO_STUDY_0213","ZOO_ES_001508","ZOO_COMMON_00369",6,"Non-calcifier_pH",0.06,6.06,6.04704807900358
"ambiguous_dropped","all_data","Overall",0.117780521770305,"pH","pH","Non-calcifier","ZOO_STUDY_0213","ZOO_ES_001509","ZOO_COMMON_00369",6,"Non-calcifier_pH",0.06,6.06,6.04274591723457
"ambiguous_dropped","all_data","Overall",-0.5108210987665,"pH","pH","Non-calcifier","ZOO_STUDY_0213","ZOO_ES_001510","ZOO_COMMON_00369",6,"Non-calcifier_pH",0.06,6.06,6.07940744437743
"ambiguous_dropped","all_data","Overall",-0.25344760201503,"pH","pH","Non-calcifier","ZOO_STUDY_0213","ZOO_ES_001511","ZOO_COMMON_00369",6,"Non-calcifier_pH",0.06,6.06,6.06200843353523
"ambiguous_dropped","all_data","Overall",-0.62689852613934,"pH","pH","Non-calcifier","ZOO_STUDY_0213","ZOO_ES_001512","ZOO_COMMON_00369",6,"Non-calcifier_pH",0.06,6.06,6.08032388697844
"ambiguous_dropped","all_data","Overall",-0.844187640228088,"pH","pH","Non-calcifier","ZOO_STUDY_0213","ZOO_ES_001513","ZOO_COMMON_00369",6,"Non-calcifier_pH",0.06,6.06,6.08493724393426
"ambiguous_dropped","all_data","Overall",-0.298153670017466,"pH","pH","Non-calcifier","ZOO_STUDY_0213","ZOO_ES_001514","ZOO_COMMON_00369",6,"Non-calcifier_pH",0.06,6.06,6.06276036288124
"ambiguous_dropped","all_data","Overall",0.840786943479756,"pH","pH","Non-calcifier","ZOO_STUDY_0213","ZOO_ES_001515","ZOO_COMMON_00369",6,"Non-calcifier_pH",0.06,6.06,6.05170507041272
"ambiguous_dropped","all_data","Overall",-0.0374585784777874,"pH","pH","Non-calcifier","ZOO_STUDY_0213","ZOO_ES_001516","ZOO_COMMON_00369",6,"Non-calcifier_pH",0.06,6.06,6.06843483956996
"ambiguous_dropped","all_data","Overall",-0.294799723604777,"pH","pH","Non-calcifier","ZOO_STUDY_0213","ZOO_ES_001517","ZOO_COMMON_00369",6,"Non-calcifier_pH",0.06,6.06,6.07870182275306
"ambiguous_dropped","all_data","Overall",-0.542580890634931,"pH","pH","Non-calcifier","ZOO_STUDY_0213","ZOO_ES_001518","ZOO_COMMON_00369",6,"Non-calcifier_pH",0.06,6.06,6.08389675116865
"ambiguous_dropped","all_data","Overall",-0.183439589318264,"pH","pH","Non-calcifier","ZOO_STUDY_0282","ZOO_ES_001519","ZOO_COMMON_00475",6,"Non-calcifier_pH",0.06,6.06,6.05519823268056
"ambiguous_dropped","all_data","Overall",-0.312188576673463,"pH","pH","Non-calcifier","ZOO_STUDY_0282","ZOO_ES_001520","ZOO_COMMON_00475",6,"Non-calcifier_pH",0.06,6.06,6.07171880511101
"ambiguous_dropped","all_data","Overall",-0.325833825047173,"pH","pH","Non-calcifier","ZOO_STUDY_0282","ZOO_ES_001521","ZOO_COMMON_00476",6,"Non-calcifier_pH",0.06,6.06,6.05080659007886
"ambiguous_dropped","all_data","Overall",-0.698509190977511,"pH","pH","Non-calcifier","ZOO_STUDY_0282","ZOO_ES_001522","ZOO_COMMON_00476",6,"Non-calcifier_pH",0.06,6.06,6.05783176245401
"ambiguous_dropped","all_data","Overall",-0.425091389678755,"pH","pH","Non-calcifier","ZOO_STUDY_0282","ZOO_ES_001523","ZOO_COMMON_00474",6,"Non-calcifier_pH",0.06,6.06,6.04693613766227
"ambiguous_dropped","all_data","Overall",-0.603015162609145,"pH","pH","Non-calcifier","ZOO_STUDY_0282","ZOO_ES_001524","ZOO_COMMON_00474",6,"Non-calcifier_pH",0.06,6.06,6.06961713347351
"ambiguous_dropped","all_data","Overall",-0.0770865658591483,"pH","pH","Non-calcifier","ZOO_STUDY_0282","ZOO_ES_001525","ZOO_COMMON_00473",6,"Non-calcifier_pH",0.06,6.06,6.05581740978174
"ambiguous_dropped","all_data","Overall",-0.19222289514504,"pH","pH","Non-calcifier","ZOO_STUDY_0282","ZOO_ES_001526","ZOO_COMMON_00473",6,"Non-calcifier_pH",0.06,6.06,6.06948992193444
"ambiguous_dropped","all_data","Overall",-0.227272945895327,"pH","pH","Non-calcifier","ZOO_STUDY_0316","ZOO_ES_001535","ZOO_COMMON_00538",6,"Non-calcifier_pH",0.06,6.06,6.08248413317138
"ambiguous_dropped","all_data","Overall",-0.242249210284588,"pH","pH","Non-calcifier","ZOO_STUDY_0316","ZOO_ES_001536","ZOO_COMMON_00538",6,"Non-calcifier_pH",0.06,6.06,6.03754733780166
"ambiguous_dropped","all_data","Overall",0.0704792578344784,"pH","pH","Non-calcifier","ZOO_STUDY_0316","ZOO_ES_001537","ZOO_COMMON_00538",6,"Non-calcifier_pH",0.06,6.06,6.0659307772317
"ambiguous_dropped","all_data","Overall",-0.22454117563144,"pH","pH","Non-calcifier","ZOO_STUDY_0316","ZOO_ES_001539","ZOO_COMMON_00538",6,"Non-calcifier_pH",0.06,6.06,6.07233260751469
"ambiguous_dropped","all_data","Overall",-2.14006616349627,"pH","pH","Non-calcifier","ZOO_STUDY_0322","ZOO_ES_001541","ZOO_COMMON_00552",6,"Non-calcifier_pH",0.06,6.06,6.06934937201673
"ambiguous_dropped","all_data","Overall",-0.390866308687012,"pH","pH","Non-calcifier","ZOO_STUDY_0322","ZOO_ES_001542","ZOO_COMMON_00552",6,"Non-calcifier_pH",0.06,6.06,6.07872369390912
"ambiguous_dropped","all_data","Overall",0.156160730370261,"pH","pH","Non-calcifier","ZOO_STUDY_0322","ZOO_ES_001543","ZOO_COMMON_00549",6,"Non-calcifier_pH",0.06,6.06,6.07495956021827
"ambiguous_dropped","all_data","Overall",0.168136921405598,"pH","pH","Non-calcifier","ZOO_STUDY_0322","ZOO_ES_001544","ZOO_COMMON_00549",6,"Non-calcifier_pH",0.06,6.06,6.07912778799888
"ambiguous_dropped","all_data","Overall",-0.254424850695299,"pH","pH","Non-calcifier","ZOO_STUDY_0322","ZOO_ES_001545","ZOO_COMMON_00550",6,"Non-calcifier_pH",0.06,6.06,6.08404276131419
"ambiguous_dropped","all_data","Overall",0.028573372444056,"pH","pH","Non-calcifier","ZOO_STUDY_0322","ZOO_ES_001546","ZOO_COMMON_00550",6,"Non-calcifier_pH",0.06,6.06,6.06242947473889
"ambiguous_dropped","all_data","Overall",0.135545491834025,"pH","pH","Non-calcifier","ZOO_STUDY_0322","ZOO_ES_001547","ZOO_COMMON_00549",6,"Non-calcifier_pH",0.06,6.06,6.07405064814025
"ambiguous_dropped","all_data","Overall",0.25489224983672,"pH","pH","Non-calcifier","ZOO_STUDY_0322","ZOO_ES_001548","ZOO_COMMON_00549",6,"Non-calcifier_pH",0.06,6.06,6.06397420977242
"ambiguous_dropped","all_data","Overall",-0.738406785036554,"pH","pH","Non-calcifier","ZOO_STUDY_0324","ZOO_ES_001561","ZOO_COMMON_00555",6,"Non-calcifier_pH",0.06,6.06,6.03883869489888
"ambiguous_dropped","all_data","Overall",-0.650130509954202,"pH","pH","Non-calcifier","ZOO_STUDY_0324","ZOO_ES_001562","ZOO_COMMON_00555",6,"Non-calcifier_pH",0.06,6.06,6.05843965290347
"ambiguous_dropped","all_data","Overall",-0.0401198172009711,"pH","pH","Non-calcifier","ZOO_STUDY_0324","ZOO_ES_001563","ZOO_COMMON_00555",6,"Non-calcifier_pH",0.06,6.06,6.04253411662299
"ambiguous_dropped","all_data","Overall",-2.05923953640331,"pH","pH","Non-calcifier","ZOO_STUDY_0324","ZOO_ES_001564","ZOO_COMMON_00555",6,"Non-calcifier_pH",0.06,6.06,6.0628136699344
"ambiguous_dropped","all_data","Overall",-0.0941288448015136,"pH","pH","Non-calcifier","ZOO_STUDY_0324","ZOO_ES_001565","ZOO_COMMON_00555",6,"Non-calcifier_pH",0.06,6.06,6.03779894190608
"ambiguous_dropped","all_data","Overall",-4.70501552120324,"pH","pH","Non-calcifier","ZOO_STUDY_0324","ZOO_ES_001566","ZOO_COMMON_00555",6,"Non-calcifier_pH",0.06,6.06,6.07182707769331
"ambiguous_dropped","all_data","Overall",-0.02720705059476,"pH","pH","Non-calcifier","ZOO_STUDY_0344","ZOO_ES_001567","ZOO_COMMON_00586",6,"Non-calcifier_pH",0.06,6.06,6.03510979849612
"ambiguous_dropped","all_data","Overall",-0.0698704665680438,"pH","pH","Non-calcifier","ZOO_STUDY_0344","ZOO_ES_001568","ZOO_COMMON_00586",6,"Non-calcifier_pH",0.06,6.06,6.03936572518665
"ambiguous_dropped","all_data","Overall",-0.0881272495111529,"pH","pH","Non-calcifier","ZOO_STUDY_0344","ZOO_ES_001569","ZOO_COMMON_00586",6,"Non-calcifier_pH",0.06,6.06,6.08008010074496
"ambiguous_dropped","all_data","Overall",-0.099920561457267,"pH","pH","Non-calcifier","ZOO_STUDY_0344","ZOO_ES_001570","ZOO_COMMON_00586",6,"Non-calcifier_pH",0.06,6.06,6.08370789701817
"ambiguous_dropped","all_data","Overall",-0.189400843919588,"pH","pH","Non-calcifier","ZOO_STUDY_0344","ZOO_ES_001571","ZOO_COMMON_00586",6,"Non-calcifier_pH",0.06,6.06,6.0505375299044
"ambiguous_dropped","all_data","Overall",-0.30106309854691,"pH","pH","Non-calcifier","ZOO_STUDY_0344","ZOO_ES_001572","ZOO_COMMON_00586",6,"Non-calcifier_pH",0.06,6.06,6.06709969243035
"ambiguous_dropped","all_data","Overall",-0.313574949623409,"pH","pH","Non-calcifier","ZOO_STUDY_0344","ZOO_ES_001573","ZOO_COMMON_00586",6,"Non-calcifier_pH",0.06,6.06,6.0676783866738
"ambiguous_dropped","all_data","Overall",-0.101579793026847,"pH","pH","Non-calcifier","ZOO_STUDY_0352","ZOO_ES_001574","ZOO_COMMON_00594",6,"Non-calcifier_pH",0.06,6.06,6.06561409767251
"ambiguous_dropped","all_data","Overall",-1.14595840913867,"pH","pH","Non-calcifier","ZOO_STUDY_0353","ZOO_ES_001575","ZOO_COMMON_00595",6,"Non-calcifier_pH",0.06,6.06,6.07906606563134
"ambiguous_dropped","all_data","Overall",0.726669035935219,"pH","pH","Non-calcifier","ZOO_STUDY_0384","ZOO_ES_001576","ZOO_COMMON_00644",6,"Non-calcifier_pH",0.06,6.06,6.07407482142095
"ambiguous_dropped","all_data","Overall",0.715619472438994,"pH","pH","Non-calcifier","ZOO_STUDY_0384","ZOO_ES_001577","ZOO_COMMON_00644",6,"Non-calcifier_pH",0.06,6.06,6.05021920277737
"ambiguous_dropped","all_data","Overall",-0.0229889280207272,"pH","pH","Non-calcifier","ZOO_STUDY_0384","ZOO_ES_001578","ZOO_COMMON_00644",6,"Non-calcifier_pH",0.06,6.06,6.03770066168159
"ambiguous_dropped","all_data","Overall",0,"pH","pH","Non-calcifier","ZOO_STUDY_0384","ZOO_ES_001579","ZOO_COMMON_00644",6,"Non-calcifier_pH",0.06,6.06,6.0573159362562
"ambiguous_dropped","all_data","Overall",-0.237129053850755,"pH","pH","Non-calcifier","ZOO_STUDY_0384","ZOO_ES_001580","ZOO_COMMON_00644",6,"Non-calcifier_pH",0.06,6.06,6.05630087587284
"ambiguous_dropped","all_data","Overall",-0.456756428808518,"pH","pH","Non-calcifier","ZOO_STUDY_0384","ZOO_ES_001581","ZOO_COMMON_00644",6,"Non-calcifier_pH",0.06,6.06,6.06684633882483
"ambiguous_dropped","all_data","Overall",-0.22621553128565,"pH","pH","Non-calcifier","ZOO_STUDY_0388","ZOO_ES_001582","ZOO_COMMON_00652",6,"Non-calcifier_pH",0.06,6.06,6.07223512006691
"ambiguous_dropped","all_data","Overall",-0.395311939312254,"pH","pH","Non-calcifier","ZOO_STUDY_0388","ZOO_ES_001583","ZOO_COMMON_00652",6,"Non-calcifier_pH",0.06,6.06,6.06446761607891
"ambiguous_dropped","all_data","Overall",-0.0202029288919198,"pH","pH","Non-calcifier","ZOO_STUDY_0388","ZOO_ES_001584","ZOO_COMMON_00652",6,"Non-calcifier_pH",0.06,6.06,6.0581426869519
"ambiguous_dropped","all_data","Overall",-0.303995162506294,"pH","pH","Non-calcifier","ZOO_STUDY_0388","ZOO_ES_001585","ZOO_COMMON_00652",6,"Non-calcifier_pH",0.06,6.06,6.04596860967809
"ambiguous_dropped","all_data","Overall",-0.905711155468475,"pH","pH","Non-calcifier","ZOO_STUDY_0388","ZOO_ES_001586","ZOO_COMMON_00652",6,"Non-calcifier_pH",0.06,6.06,6.05767396887764
"ambiguous_dropped","all_data","Overall",0.272739318588089,"pH","pH","Non-calcifier","ZOO_STUDY_0388","ZOO_ES_001587","ZOO_COMMON_00652",6,"Non-calcifier_pH",0.06,6.06,6.07337770555401
"ambiguous_dropped","all_data","Overall",-0.140857607530973,"pH","pH","Non-calcifier","ZOO_STUDY_0388","ZOO_ES_001588","ZOO_COMMON_00652",6,"Non-calcifier_pH",0.06,6.06,6.04791199750267
"ambiguous_dropped","all_data","Overall",-0.173093027771971,"pH","pH","Non-calcifier","ZOO_STUDY_0388","ZOO_ES_001589","ZOO_COMMON_00652",6,"Non-calcifier_pH",0.06,6.06,6.07036708727479
"ambiguous_dropped","all_data","Overall",0.106684479627,"pH","pH","Non-calcifier","ZOO_STUDY_0388","ZOO_ES_001590","ZOO_COMMON_00652",6,"Non-calcifier_pH",0.06,6.06,6.07393627749057
"ambiguous_dropped","all_data","Overall",0.355123353247314,"pH","pH","Non-calcifier","ZOO_STUDY_0467","ZOO_ES_001597","ZOO_COMMON_00788",6,"Non-calcifier_pH",0.06,6.06,6.0543250711076
"ambiguous_dropped","all_data","Overall",-0.334369186318118,"pH","pH","Non-calcifier","ZOO_STUDY_0469","ZOO_ES_001598","ZOO_COMMON_00793",6,"Non-calcifier_pH",0.06,6.06,6.0504280309449
"ambiguous_dropped","all_data","Overall",-0.682675880586334,"pH","pH","Non-calcifier","ZOO_STUDY_0469","ZOO_ES_001599","ZOO_COMMON_00793",6,"Non-calcifier_pH",0.06,6.06,6.04053909045411
"ambiguous_dropped","all_data","Overall",-0.391425311322215,"pH","pH","Non-calcifier","ZOO_STUDY_0469","ZOO_ES_001600","ZOO_COMMON_00792",6,"Non-calcifier_pH",0.06,6.06,6.05899453000398
"ambiguous_dropped","all_data","Overall",-0.626041264071914,"pH","pH","Non-calcifier","ZOO_STUDY_0469","ZOO_ES_001601","ZOO_COMMON_00792",6,"Non-calcifier_pH",0.06,6.06,6.07183710446348
"ambiguous_dropped","all_data","Overall",-0.7165552713306,"pH","pH","Non-calcifier","ZOO_STUDY_0469","ZOO_ES_001602","ZOO_COMMON_00792",6,"Non-calcifier_pH",0.06,6.06,6.06088611050742
"ambiguous_dropped","all_data","Overall",-0.727137380662268,"pH","pH","Non-calcifier","ZOO_STUDY_0469","ZOO_ES_001603","ZOO_COMMON_00792",6,"Non-calcifier_pH",0.06,6.06,6.0811642461596
"ambiguous_dropped","all_data","Overall",-0.74322351836104,"pH","pH","Non-calcifier","ZOO_STUDY_0469","ZOO_ES_001604","ZOO_COMMON_00792",6,"Non-calcifier_pH",0.06,6.06,6.03572292913683
"ambiguous_dropped","all_data","Overall",0.16761540950215,"pH","pH","Non-calcifier","ZOO_STUDY_0477","ZOO_ES_001605","ZOO_COMMON_00809",6,"Non-calcifier_pH",0.06,6.06,6.08081431592815
"ambiguous_dropped","all_data","Overall",0,"pH","pH","Non-calcifier","ZOO_STUDY_0477","ZOO_ES_001606","ZOO_COMMON_00807",6,"Non-calcifier_pH",0.06,6.06,6.06398048175266
"ambiguous_dropped","all_data","Overall",0.390080189124366,"pH","pH","Non-calcifier","ZOO_STUDY_0477","ZOO_ES_001607","ZOO_COMMON_00808",6,"Non-calcifier_pH",0.06,6.06,6.07542844263604
"ambiguous_dropped","all_data","Overall",0.160600714703734,"pH","pH","Non-calcifier","ZOO_STUDY_0477","ZOO_ES_001608","ZOO_COMMON_00811",6,"Non-calcifier_pH",0.06,6.06,6.05667793982662
"ambiguous_dropped","all_data","Overall",-0.302895941050851,"pH","pH","Non-calcifier","ZOO_STUDY_0477","ZOO_ES_001609","ZOO_COMMON_00810",6,"Non-calcifier_pH",0.06,6.06,6.0507249960117
"ambiguous_dropped","all_data","Overall",0.0625986563634283,"pH","pH","Non-calcifier","ZOO_STUDY_0477","ZOO_ES_001610","ZOO_COMMON_00810",6,"Non-calcifier_pH",0.06,6.06,6.0554412887455
"ambiguous_dropped","all_data","Overall",0.2515686547125,"pH","pH","Non-calcifier","ZOO_STUDY_0477","ZOO_ES_001611","ZOO_COMMON_00807",6,"Non-calcifier_pH",0.06,6.06,6.04987946006237
"ambiguous_dropped","all_data","Overall",-0.395708933174964,"pH","pH","Non-calcifier","ZOO_STUDY_0477","ZOO_ES_001612","ZOO_COMMON_00809",6,"Non-calcifier_pH",0.06,6.06,6.04100726109696
"ambiguous_dropped","all_data","Overall",-0.776584037007249,"pH","pH","Non-calcifier","ZOO_STUDY_0477","ZOO_ES_001613","ZOO_COMMON_00808",6,"Non-calcifier_pH",0.06,6.06,6.04891859791474
"ambiguous_dropped","all_data","Overall",-0.251495966215128,"pH","pH","Non-calcifier","ZOO_STUDY_0477","ZOO_ES_001614","ZOO_COMMON_00812",6,"Non-calcifier_pH",0.06,6.06,6.0487779550394
"ambiguous_dropped","all_data","Overall",0.1449010241496,"pH","pH","Non-calcifier","ZOO_STUDY_0477","ZOO_ES_001615","ZOO_COMMON_00811",6,"Non-calcifier_pH",0.06,6.06,6.05201402219478
"ambiguous_dropped","all_data","Overall",-0.654221990258106,"pH","pH","Non-calcifier","ZOO_STUDY_0477","ZOO_ES_001616","ZOO_COMMON_00806",6,"Non-calcifier_pH",0.06,6.06,6.03591704665683
"ambiguous_dropped","all_data","Overall",-0.498891638915011,"pH","pH","Non-calcifier","ZOO_STUDY_0477","ZOO_ES_001617","ZOO_COMMON_00806",6,"Non-calcifier_pH",0.06,6.06,6.07304476778023
"ambiguous_dropped","all_data","Overall",-0.0892868423163274,"pH","pH","Non-calcifier","ZOO_STUDY_0490","ZOO_ES_001618","ZOO_COMMON_00836",6,"Non-calcifier_pH",0.06,6.06,6.05735825584503
"ambiguous_dropped","all_data","Overall",-0.0523903238486332,"pH","pH","Non-calcifier","ZOO_STUDY_0490","ZOO_ES_001619","ZOO_COMMON_00836",6,"Non-calcifier_pH",0.06,6.06,6.06505888767075
"ambiguous_dropped","all_data","Overall",-0.0199899808015463,"pH","pH","Non-calcifier","ZOO_STUDY_0490","ZOO_ES_001620","ZOO_COMMON_00836",6,"Non-calcifier_pH",0.06,6.06,6.0402446695161
"ambiguous_dropped","all_data","Overall",-0.0768359161398672,"pH","pH","Non-calcifier","ZOO_STUDY_0490","ZOO_ES_001621","ZOO_COMMON_00836",6,"Non-calcifier_pH",0.06,6.06,6.03658505463041
"ambiguous_dropped","all_data","Overall",-0.317282578691997,"pH","pH","Non-calcifier","ZOO_STUDY_0490","ZOO_ES_001622","ZOO_COMMON_00836",6,"Non-calcifier_pH",0.06,6.06,6.0442313621426
"ambiguous_dropped","all_data","Overall",-0.205723968942715,"pH","pH","Non-calcifier","ZOO_STUDY_0490","ZOO_ES_001623","ZOO_COMMON_00836",6,"Non-calcifier_pH",0.06,6.06,6.03657006068621
"ambiguous_dropped","all_data","Overall",-0.326992986527074,"pH","pH","Non-calcifier","ZOO_STUDY_0490","ZOO_ES_001624","ZOO_COMMON_00836",6,"Non-calcifier_pH",0.06,6.06,6.08194092782447
"ambiguous_dropped","all_data","Overall",-0.0299226240877203,"pH","pH","Non-calcifier","ZOO_STUDY_0490","ZOO_ES_001625","ZOO_COMMON_00836",6,"Non-calcifier_pH",0.06,6.06,6.05954456519336
"ambiguous_dropped","all_data","Overall",-0.164789723139255,"pH","pH","Non-calcifier","ZOO_STUDY_0490","ZOO_ES_001626","ZOO_COMMON_00836",6,"Non-calcifier_pH",0.06,6.06,6.07512412989978
"ambiguous_dropped","all_data","Overall",-0.268961568286937,"pH","pH","Non-calcifier","ZOO_STUDY_0490","ZOO_ES_001627","ZOO_COMMON_00836",6,"Non-calcifier_pH",0.06,6.06,6.06297967653023
"ambiguous_dropped","all_data","Overall",-0.223143550983257,"pH","pH","Non-calcifier","ZOO_STUDY_0504","ZOO_ES_001628","ZOO_COMMON_00866",6,"Non-calcifier_pH",0.06,6.06,6.04049300789135
"ambiguous_dropped","all_data","Overall",-0.145711811348891,"pH","pH","Non-calcifier","ZOO_STUDY_0504","ZOO_ES_001629","ZOO_COMMON_00866",6,"Non-calcifier_pH",0.06,6.06,6.03552570991684
"ambiguous_dropped","all_data","Overall",-0.126751706009157,"pH","pH","Non-calcifier","ZOO_STUDY_0504","ZOO_ES_001630","ZOO_COMMON_00866",6,"Non-calcifier_pH",0.06,6.06,6.05661553978221
"ambiguous_dropped","all_data","Overall",-0.360441427456354,"pH","pH","Non-calcifier","ZOO_STUDY_0512","ZOO_ES_001631","ZOO_COMMON_00876",6,"Non-calcifier_pH",0.06,6.06,6.04535610978724
"ambiguous_dropped","all_data","Overall",-0.524070849476479,"pH","pH","Non-calcifier","ZOO_STUDY_0512","ZOO_ES_001632","ZOO_COMMON_00876",6,"Non-calcifier_pH",0.06,6.06,6.07531449668109
"ambiguous_dropped","all_data","Overall",-0.693147180559945,"pH","pH","Non-calcifier","ZOO_STUDY_0512","ZOO_ES_001633","ZOO_COMMON_00876",6,"Non-calcifier_pH",0.06,6.06,6.0605496959202
"ambiguous_dropped","all_data","Overall",-0.693147180559945,"pH","pH","Non-calcifier","ZOO_STUDY_0512","ZOO_ES_001634","ZOO_COMMON_00876",6,"Non-calcifier_pH",0.06,6.06,6.06193432724336
"ambiguous_dropped","all_data","Overall",-1.6226831417357,"pH","pH","Non-calcifier","ZOO_STUDY_0512","ZOO_ES_001635","ZOO_COMMON_00876",6,"Non-calcifier_pH",0.06,6.06,6.08140500304522
"ambiguous_dropped","all_data","Overall",-0.397458659712212,"pH","pH","Non-calcifier","ZOO_STUDY_0512","ZOO_ES_001636","ZOO_COMMON_00876",6,"Non-calcifier_pH",0.06,6.06,6.03880838731071
"ambiguous_dropped","all_data","Overall",-0.633847437982631,"pH","pH","Non-calcifier","ZOO_STUDY_0512","ZOO_ES_001637","ZOO_COMMON_00876",6,"Non-calcifier_pH",0.06,6.06,6.0361032110313
"ambiguous_dropped","all_data","Overall",-0.702840309539539,"pH","pH","Non-calcifier","ZOO_STUDY_0512","ZOO_ES_001638","ZOO_COMMON_00876",6,"Non-calcifier_pH",0.06,6.06,6.06289130753372
"ambiguous_dropped","all_data","Overall",-0.709354990759629,"pH","pH","Non-calcifier","ZOO_STUDY_0512","ZOO_ES_001639","ZOO_COMMON_00876",6,"Non-calcifier_pH",0.06,6.06,6.0402329383092
"ambiguous_dropped","all_data","Overall",-0.709354990759629,"pH","pH","Non-calcifier","ZOO_STUDY_0512","ZOO_ES_001640","ZOO_COMMON_00876",6,"Non-calcifier_pH",0.06,6.06,6.04815437604208
"ambiguous_dropped","all_data","Overall",0.636828749948671,"pH","pH","Non-calcifier","ZOO_STUDY_0512","ZOO_ES_001641","ZOO_COMMON_00876",6,"Non-calcifier_pH",0.06,6.06,6.04200013912283
"ambiguous_dropped","all_data","Overall",0.527823200259762,"pH","pH","Non-calcifier","ZOO_STUDY_0512","ZOO_ES_001642","ZOO_COMMON_00876",6,"Non-calcifier_pH",0.06,6.06,6.04264917045599
"ambiguous_dropped","all_data","Overall",0.247603848459782,"pH","pH","Non-calcifier","ZOO_STUDY_0512","ZOO_ES_001643","ZOO_COMMON_00876",6,"Non-calcifier_pH",0.06,6.06,6.06348078979878
"ambiguous_dropped","all_data","Overall",0.170345365736051,"pH","pH","Non-calcifier","ZOO_STUDY_0512","ZOO_ES_001644","ZOO_COMMON_00876",6,"Non-calcifier_pH",0.06,6.06,6.03792746346677
"ambiguous_dropped","all_data","Overall",0.1293560214355,"pH","pH","Non-calcifier","ZOO_STUDY_0512","ZOO_ES_001645","ZOO_COMMON_00876",6,"Non-calcifier_pH",0.06,6.06,6.06648085174616
"ambiguous_dropped","all_data","Overall",0.0160775167384025,"pH","pH","Non-calcifier","ZOO_STUDY_0476","ZOO_ES_001650","ZOO_COMMON_00805",6,"Non-calcifier_pH",0.06,6.06,6.07180001514731
"ambiguous_dropped","all_data","Overall",0,"pH","pH","Non-calcifier","ZOO_STUDY_0180","ZOO_ES_001654","ZOO_COMMON_00311",6,"Non-calcifier_pH",0.06,6.06,6.05371114765527
"ambiguous_dropped","all_data","Overall",-0.0283706972114355,"pH","pH","Non-calcifier","ZOO_STUDY_0180","ZOO_ES_001655","ZOO_COMMON_00313",6,"Non-calcifier_pH",0.06,6.06,6.07026115480345
"ambiguous_dropped","all_data","Overall",-0.132724615586349,"pH","pH","Non-calcifier","ZOO_STUDY_0180","ZOO_ES_001656","ZOO_COMMON_00312",6,"Non-calcifier_pH",0.06,6.06,6.03767226095311
"ambiguous_dropped","all_data","Overall",-0.717439872927023,"pH","pH","Non-calcifier","ZOO_STUDY_0180","ZOO_ES_001657","ZOO_COMMON_00311",6,"Non-calcifier_pH",0.06,6.06,6.06418790318072
"ambiguous_dropped","all_data","Overall",-1.47907609481727,"pH","pH","Non-calcifier","ZOO_STUDY_0180","ZOO_ES_001658","ZOO_COMMON_00312",6,"Non-calcifier_pH",0.06,6.06,6.04820833063219
"ambiguous_dropped","all_data","Overall",0.0243914531077156,"pH","pH","Non-calcifier","ZOO_STUDY_0180","ZOO_ES_001659","ZOO_COMMON_00311",6,"Non-calcifier_pH",0.06,6.06,6.04400120282313
"ambiguous_dropped","all_data","Overall",0.0365894474359371,"pH","pH","Non-calcifier","ZOO_STUDY_0180","ZOO_ES_001660","ZOO_COMMON_00313",6,"Non-calcifier_pH",0.06,6.06,6.04937869968358
"ambiguous_dropped","all_data","Overall",-2.92316158065322,"pH","pH","Non-calcifier","ZOO_STUDY_0180","ZOO_ES_001661","ZOO_COMMON_00313",6,"Non-calcifier_pH",0.06,6.06,6.06519189907936
"ambiguous_dropped","all_data","Overall",-0.04734612056218,"pH","pH","Non-calcifier","ZOO_STUDY_0180","ZOO_ES_001662","ZOO_COMMON_00312",6,"Non-calcifier_pH",0.06,6.06,6.05598655775189
"ambiguous_dropped","all_data","Overall",1.1699493779911,"T","T","Non-calcifier","ZOO_STUDY_0102","ZOO_ES_001699","ZOO_COMMON_00178",6,"Non-calcifier_T",0.18,6.18,6.18680442109005
"ambiguous_dropped","all_data","Overall",-0.451416979620943,"T","T","Non-calcifier","ZOO_STUDY_0142","ZOO_ES_001700","ZOO_COMMON_00243",6,"Non-calcifier_T",0.18,6.18,6.20238465128466
"ambiguous_dropped","all_data","Overall",-0.298666300450441,"pH","pH","Non-calcifier","ZOO_STUDY_0154","ZOO_ES_001701","ZOO_COMMON_00263",6,"Non-calcifier_pH",0.06,6.06,6.06129173840396
"ambiguous_dropped","all_data","Overall",-0.295417851036765,"pH","pH","Non-calcifier","ZOO_STUDY_0154","ZOO_ES_001702","ZOO_COMMON_00262",6,"Non-calcifier_pH",0.06,6.06,6.0474637888046
"ambiguous_dropped","all_data","Overall",-0.205692633785598,"pH","pH","Non-calcifier","ZOO_STUDY_0154","ZOO_ES_001703","ZOO_COMMON_00263",6,"Non-calcifier_pH",0.06,6.06,6.07215221046004
"ambiguous_dropped","all_data","Overall",-0.261480114197996,"pH","pH","Non-calcifier","ZOO_STUDY_0154","ZOO_ES_001704","ZOO_COMMON_00262",6,"Non-calcifier_pH",0.06,6.06,6.06151978138601
"ambiguous_dropped","all_data","Overall",-0.13479582202937,"pH","pH","Non-calcifier","ZOO_STUDY_0154","ZOO_ES_001705","ZOO_COMMON_00263",6,"Non-calcifier_pH",0.06,6.06,6.04181684340816
"ambiguous_dropped","all_data","Overall",-0.0734305568618692,"pH","pH","Non-calcifier","ZOO_STUDY_0154","ZOO_ES_001706","ZOO_COMMON_00263",6,"Non-calcifier_pH",0.06,6.06,6.04701405936154
"ambiguous_dropped","all_data","Overall",1.13392664079003,"pH","pH","Non-calcifier","ZOO_STUDY_0155","ZOO_ES_001707","ZOO_COMMON_00264",6,"Non-calcifier_pH",0.06,6.06,6.04091318532824
"ambiguous_dropped","all_data","Overall",0.0498009414849004,"pH","pH","Non-calcifier","ZOO_STUDY_0223","ZOO_ES_001708","ZOO_COMMON_00384",6,"Non-calcifier_pH",0.06,6.06,6.04037227803143
"ambiguous_dropped","all_data","Overall",-0.383714922371412,"pH","pH","Non-calcifier","ZOO_STUDY_0228","ZOO_ES_001709","ZOO_COMMON_00395",6,"Non-calcifier_pH",0.06,6.06,6.06753890026826
"ambiguous_dropped","all_data","Overall",0.166192809382039,"pH","pH","Non-calcifier","ZOO_STUDY_0295","ZOO_ES_001710","ZOO_COMMON_00496",6,"Non-calcifier_pH",0.06,6.06,6.07187974028289
"ambiguous_dropped","all_data","Overall",0.561557005578807,"pH","pH","Non-calcifier","ZOO_STUDY_0295","ZOO_ES_001711","ZOO_COMMON_00495",6,"Non-calcifier_pH",0.06,6.06,6.0573600053112
"ambiguous_dropped","all_data","Overall",-0.0460129153810543,"pH","pH","Non-calcifier","ZOO_STUDY_0295","ZOO_ES_001712","ZOO_COMMON_00497",6,"Non-calcifier_pH",0.06,6.06,6.04233572883764
"ambiguous_dropped","all_data","Overall",-0.31055026335544,"pH","pH","Non-calcifier","ZOO_STUDY_0351","ZOO_ES_001716","ZOO_COMMON_00593",6,"Non-calcifier_pH",0.06,6.06,6.07702613002853
"ambiguous_dropped","all_data","Overall",0.113986796551552,"pH","pH","Non-calcifier","ZOO_STUDY_0364","ZOO_ES_001717","ZOO_COMMON_00613",6,"Non-calcifier_pH",0.06,6.06,6.08484414862702
"ambiguous_dropped","all_data","Overall",0.431622429224173,"pH","pH","Non-calcifier","ZOO_STUDY_0364","ZOO_ES_001718","ZOO_COMMON_00613",6,"Non-calcifier_pH",0.06,6.06,6.03597273826832
"ambiguous_dropped","all_data","Overall",-0.41445780240353,"pH","pH","Non-calcifier","ZOO_STUDY_0364","ZOO_ES_001719","ZOO_COMMON_00613",6,"Non-calcifier_pH",0.06,6.06,6.06184373012744
"ambiguous_dropped","all_data","Overall",-0.0418639751617728,"pH","pH","Non-calcifier","ZOO_STUDY_0421","ZOO_ES_001723","ZOO_COMMON_00713",6,"Non-calcifier_pH",0.06,6.06,6.07481933157193
"ambiguous_dropped","all_data","Overall",0.488878683691196,"T","T","Non-calcifier","ZOO_STUDY_0479","ZOO_ES_001724","ZOO_COMMON_00814",6,"Non-calcifier_T",0.18,6.18,6.18120115808677
"ambiguous_dropped","all_data","Overall",-0.0198484658531719,"pH","pH","Non-calcifier","ZOO_STUDY_0498","ZOO_ES_001725","ZOO_COMMON_00858",6,"Non-calcifier_pH",0.06,6.06,6.04733000406064
"ambiguous_dropped","all_data","Overall",0.26801634884355,"T","T","Non-calcifier","ZOO_STUDY_0498","ZOO_ES_001726","ZOO_COMMON_00858",6,"Non-calcifier_T",0.18,6.18,6.17867359407945
"ambiguous_dropped","all_data","Overall",-0.0338465028136832,"TpH","T + pH","Non-calcifier","ZOO_STUDY_0498","ZOO_ES_001727","ZOO_COMMON_00858",6,"Non-calcifier_T + pH",0.3,6.3,6.28960881761741
"ambiguous_dropped","all_data","Overall",0.0310905870700311,"pH","pH","Non-calcifier","ZOO_STUDY_0416","ZOO_ES_002525","ZOO_COMMON_00700",6,"Non-calcifier_pH",0.06,6.06,6.08336912971223
"ambiguous_dropped","all_data","Overall",-0.0339015516756814,"pH","pH","Non-calcifier","ZOO_STUDY_0336","ZOO_ES_002526","ZOO_COMMON_00570",6,"Non-calcifier_pH",0.06,6.06,6.06995474976953
"ambiguous_dropped","all_data","Overall",-0.0465200156348928,"pH","pH","Non-calcifier","ZOO_STUDY_0123","ZOO_ES_002527","ZOO_COMMON_00215",6,"Non-calcifier_pH",0.06,6.06,6.07233157605166
"ambiguous_dropped","all_data","Overall",-0.0152674721307884,"pH","pH","Non-calcifier","ZOO_STUDY_0123","ZOO_ES_002528","ZOO_COMMON_00215",6,"Non-calcifier_pH",0.06,6.06,6.03568159687798
"ambiguous_dropped","all_data","Overall",0.0118344576470028,"pH","pH","Non-calcifier","ZOO_STUDY_0218","ZOO_ES_002530","ZOO_COMMON_00374",6,"Non-calcifier_pH",0.06,6.06,6.05504553370643
"ambiguous_dropped","all_data","Overall",0.0129405112757347,"pH","pH","Non-calcifier","ZOO_STUDY_0218","ZOO_ES_002531","ZOO_COMMON_00374",6,"Non-calcifier_pH",0.06,6.06,6.05769334665034
"ambiguous_dropped","all_data","Overall",0.266020575670602,"T","T","Non-calcifier","ZOO_STUDY_0268","ZOO_ES_002535","ZOO_COMMON_00447",6,"Non-calcifier_T",0.18,6.18,6.16108844272792
"ambiguous_dropped","all_data","Overall",0.287682072451781,"TpH","T + pH","Non-calcifier","ZOO_STUDY_0268","ZOO_ES_002536","ZOO_COMMON_00447",6,"Non-calcifier_T + pH",0.3,6.3,6.28786006382434
"ambiguous_dropped","all_data","Overall",0.150060694575733,"TpH","T + pH","Non-calcifier","ZOO_STUDY_0268","ZOO_ES_002537","ZOO_COMMON_00447",6,"Non-calcifier_T + pH",0.3,6.3,6.28247328420402
"ambiguous_dropped","all_data","Overall",-0.0738532924121186,"pH","pH","Non-calcifier","ZOO_STUDY_0361","ZOO_ES_002538","ZOO_COMMON_00610",6,"Non-calcifier_pH",0.06,6.06,6.05584890924161
"ambiguous_dropped","all_data","Overall",-0.0487901641694319,"pH","pH","Non-calcifier","ZOO_STUDY_0440","ZOO_ES_002543","ZOO_COMMON_00745",6,"Non-calcifier_pH",0.06,6.06,6.04581149610691
"ambiguous_dropped","all_data","Overall",-0.0633696139325893,"pH","pH","Non-calcifier","ZOO_STUDY_0445","ZOO_ES_002544","ZOO_COMMON_00753",6,"Non-calcifier_pH",0.06,6.06,6.06113456435502
"ambiguous_dropped","all_data","Overall",-0.0544735601624982,"pH","pH","Non-calcifier","ZOO_STUDY_0446","ZOO_ES_002545","ZOO_COMMON_00755",6,"Non-calcifier_pH",0.06,6.06,6.07939035602845
"ambiguous_dropped","all_data","Overall",-0.0892311337279426,"pH","pH","Non-calcifier","ZOO_STUDY_0446","ZOO_ES_002546","ZOO_COMMON_00754",6,"Non-calcifier_pH",0.06,6.06,6.06083169444697
"ambiguous_dropped","all_data","Overall",-2.11021320034659,"TpH","T + pH","Non-calcifier","ZOO_STUDY_0432","ZOO_ES_002547","ZOO_COMMON_00734",6,"Non-calcifier_T + pH",0.3,6.3,6.29625268131494
"ambiguous_dropped","all_data","Overall",-2.04769284336526,"T","T","Non-calcifier","ZOO_STUDY_0432","ZOO_ES_002548","ZOO_COMMON_00734",6,"Non-calcifier_T",0.18,6.18,6.16976206788793
"ambiguous_dropped","all_data","Overall",-0.336472236621213,"pH","pH","Non-calcifier","ZOO_STUDY_0432","ZOO_ES_002549","ZOO_COMMON_00735",6,"Non-calcifier_pH",0.06,6.06,6.0462232718966
"ambiguous_dropped","all_data","Overall",-0.405465108108164,"pH","pH","Non-calcifier","ZOO_STUDY_0432","ZOO_ES_002550","ZOO_COMMON_00733",6,"Non-calcifier_pH",0.06,6.06,6.03765887774294
"ambiguous_dropped","all_data","Overall",-0.693147180559945,"pH","pH","Non-calcifier","ZOO_STUDY_0432","ZOO_ES_002551","ZOO_COMMON_00737",6,"Non-calcifier_pH",0.06,6.06,6.07429185008164
"ambiguous_dropped","all_data","Overall",-2.68102152871429,"T","T","Non-calcifier","ZOO_STUDY_0432","ZOO_ES_002552","ZOO_COMMON_00736",6,"Non-calcifier_T",0.18,6.18,6.20290776442969
"ambiguous_dropped","all_data","Overall",-2.86220088092947,"TpH","T + pH","Non-calcifier","ZOO_STUDY_0432","ZOO_ES_002553","ZOO_COMMON_00736",6,"Non-calcifier_T + pH",0.3,6.3,6.3205358223524
"ambiguous_dropped","all_data","Overall",0.424861077047735,"pH","pH","Non-calcifier","ZOO_STUDY_0127","ZOO_ES_002554","ZOO_COMMON_00223",6,"Non-calcifier_pH",0.06,6.06,6.04959541282384
"ambiguous_dropped","all_data","Overall",0.103184236235231,"pH","pH","Non-calcifier","ZOO_STUDY_0341","ZOO_ES_002557","ZOO_COMMON_00577",6,"Non-calcifier_pH",0.06,6.06,6.04718372433214
"ambiguous_dropped","all_data","Overall",0.00612246810438383,"pH","pH","Non-calcifier","ZOO_STUDY_0010","ZOO_ES_002561","ZOO_COMMON_00014",6,"Non-calcifier_pH",0.06,6.06,6.050388335858
"ambiguous_dropped","all_data","Overall",-0.0113228178302649,"T","T","Non-calcifier","ZOO_STUDY_0010","ZOO_ES_002562","ZOO_COMMON_00014",6,"Non-calcifier_T",0.18,6.18,6.17140921239741
"ambiguous_dropped","all_data","Overall",-0.0290778534328548,"TpH","T + pH","Non-calcifier","ZOO_STUDY_0010","ZOO_ES_002563","ZOO_COMMON_00014",6,"Non-calcifier_T + pH",0.3,6.3,6.30573068580124
"ambiguous_dropped","all_data","Overall",-0.161980507062465,"T","T","Non-calcifier","ZOO_STUDY_0010","ZOO_ES_002564","ZOO_COMMON_00014",6,"Non-calcifier_T",0.18,6.18,6.18675298189744
"ambiguous_dropped","all_data","Overall",-0.498692006754564,"TpH","T + pH","Non-calcifier","ZOO_STUDY_0010","ZOO_ES_002565","ZOO_COMMON_00014",6,"Non-calcifier_T + pH",0.3,6.3,6.28040380732855
"ambiguous_dropped","all_data","Overall",-0.149531733970964,"pH","pH","Non-calcifier","ZOO_STUDY_0459","ZOO_ES_002570","ZOO_COMMON_00771",6,"Non-calcifier_pH",0.06,6.06,6.05990336785559
"ambiguous_dropped","all_data","Overall",-0.492476485097794,"T","T","Non-calcifier","ZOO_STUDY_0095","ZOO_ES_002574","ZOO_COMMON_00163",6,"Non-calcifier_T",0.18,6.18,6.15737844830845
"ambiguous_dropped","all_data","Overall",-1.12678316563481,"TpH","T + pH","Non-calcifier","ZOO_STUDY_0095","ZOO_ES_002575","ZOO_COMMON_00163",6,"Non-calcifier_T + pH",0.3,6.3,6.30788816602435
"ambiguous_dropped","all_data","Overall",-0.110295315943676,"TpH","T + pH","Non-calcifier","ZOO_STUDY_0101","ZOO_ES_002579","ZOO_COMMON_00175",6,"Non-calcifier_T + pH",0.3,6.3,6.32272967250319
"ambiguous_dropped","all_data","Overall",-0.205313634825338,"T","T","Non-calcifier","ZOO_STUDY_0101","ZOO_ES_002580","ZOO_COMMON_00175",6,"Non-calcifier_T",0.18,6.18,6.20283769317437
"ambiguous_dropped","all_data","Overall",-0.241162056816888,"pH","pH","Non-calcifier","ZOO_STUDY_0524","ZOO_ES_002588","ZOO_COMMON_00893",6,"Non-calcifier_pH",0.06,6.06,6.08051813830622
"ambiguous_dropped","all_data","Overall",-0.356674943938732,"pH","pH","Non-calcifier","ZOO_STUDY_0524","ZOO_ES_002591","ZOO_COMMON_00893",6,"Non-calcifier_pH",0.06,6.06,6.05879619440762
"ambiguous_dropped","all_data","Overall",0.0523679855173159,"pH","pH","Non-calcifier","ZOO_STUDY_0224","ZOO_ES_002592","ZOO_COMMON_00385",6,"Non-calcifier_pH",0.06,6.06,6.05346129052574
"ambiguous_dropped","all_data","Overall",-0.0666913744986723,"T","T","Non-calcifier","ZOO_STUDY_0224","ZOO_ES_002593","ZOO_COMMON_00385",6,"Non-calcifier_T",0.18,6.18,6.17447346923407
"ambiguous_dropped","all_data","Overall",-0.0782521968997483,"TpH","T + pH","Non-calcifier","ZOO_STUDY_0224","ZOO_ES_002594","ZOO_COMMON_00385",6,"Non-calcifier_T + pH",0.3,6.3,6.32203887550859
"ambiguous_dropped","all_data","Overall",0.484892241739486,"TpH","T + pH","Non-calcifier","ZOO_STUDY_0237","ZOO_ES_002597","ZOO_COMMON_00404",6,"Non-calcifier_T + pH",0.3,6.3,6.3093154406175
"ambiguous_dropped","all_data","Overall",0.113328685307003,"T","T","Non-calcifier","ZOO_STUDY_0237","ZOO_ES_002599","ZOO_COMMON_00404",6,"Non-calcifier_T",0.18,6.18,6.17584821263561
"ambiguous_dropped","all_data","Overall",-0.43781305484232,"pH","pH","Non-calcifier","ZOO_STUDY_0127","ZOO_ES_002603","ZOO_COMMON_00223",6,"Non-calcifier_pH",0.06,6.06,6.05901611818932
"ambiguous_dropped","all_data","Overall",0.160342650075179,"pH","pH","Non-calcifier","ZOO_STUDY_0266","ZOO_ES_002606","ZOO_COMMON_00444",6,"Non-calcifier_pH",0.06,6.06,6.07235428109067
"ambiguous_dropped","all_data","Overall",-1.7227665977411,"T","T","Non-calcifier","ZOO_STUDY_0237","ZOO_ES_002609","ZOO_COMMON_00404",6,"Non-calcifier_T",0.18,6.18,6.19174605343258
"ambiguous_dropped","all_data","Overall",-1.68639895357023,"TpH","T + pH","Non-calcifier","ZOO_STUDY_0237","ZOO_ES_002610","ZOO_COMMON_00404",6,"Non-calcifier_T + pH",0.3,6.3,6.29855905734003
"ambiguous_dropped","all_data","Overall",-0.594707107746693,"pH","pH","Non-calcifier","ZOO_STUDY_0459","ZOO_ES_002611","ZOO_COMMON_00770",6,"Non-calcifier_pH",0.06,6.06,6.05556949380785
"ambiguous_dropped","all_data","Overall",-0.781439787705624,"pH","pH","Non-calcifier","ZOO_STUDY_0402","ZOO_ES_002612","ZOO_COMMON_00676",6,"Non-calcifier_pH",0.06,6.06,6.0551039534877
"ambiguous_dropped","all_data","Overall",0.0052938186097153,"T","T","Non-calcifier","ZOO_STUDY_0414","ZOO_ES_002613","ZOO_COMMON_00695",6,"Non-calcifier_T",0.18,6.18,6.18856530769961
"ambiguous_dropped","all_data","Overall",0.0706899444441082,"TpH","T + pH","Non-calcifier","ZOO_STUDY_0414","ZOO_ES_002614","ZOO_COMMON_00695",6,"Non-calcifier_T + pH",0.3,6.3,6.30953730460023
"ambiguous_dropped","all_data","Overall",0.146603474191875,"pH","pH","Non-calcifier","ZOO_STUDY_0432","ZOO_ES_002618","ZOO_COMMON_00735",6,"Non-calcifier_pH",0.06,6.06,6.0379469618923
"ambiguous_dropped","all_data","Overall",0.0240975515790605,"pH","pH","Non-calcifier","ZOO_STUDY_0432","ZOO_ES_002619","ZOO_COMMON_00737",6,"Non-calcifier_pH",0.06,6.06,6.05801005225163
"ambiguous_dropped","all_data","Overall",-0.0470675108579859,"pH","pH","Non-calcifier","ZOO_STUDY_0432","ZOO_ES_002620","ZOO_COMMON_00733",6,"Non-calcifier_pH",0.06,6.06,6.0602773289918
"ambiguous_dropped","all_data","Overall",-2.02814824729229,"T","T","Non-calcifier","ZOO_STUDY_0432","ZOO_ES_002621","ZOO_COMMON_00736",6,"Non-calcifier_T",0.18,6.18,6.16285847732332
"ambiguous_dropped","all_data","Overall",-2.67414864942653,"T","T","Non-calcifier","ZOO_STUDY_0432","ZOO_ES_002622","ZOO_COMMON_00734",6,"Non-calcifier_T",0.18,6.18,6.17014258923708
"ambiguous_dropped","all_data","Overall",-3.23212105161822,"TpH","T + pH","Non-calcifier","ZOO_STUDY_0432","ZOO_ES_002623","ZOO_COMMON_00736",6,"Non-calcifier_T + pH",0.3,6.3,6.28501073825173
"ambiguous_dropped","all_data","Overall",-4.46590811865458,"TpH","T + pH","Non-calcifier","ZOO_STUDY_0432","ZOO_ES_002624","ZOO_COMMON_00734",6,"Non-calcifier_T + pH",0.3,6.3,6.28084583006566
"ambiguous_dropped","all_data","Overall",0.157628944203583,"pH","pH","Non-calcifier","ZOO_STUDY_0432","ZOO_ES_002625","ZOO_COMMON_00735",6,"Non-calcifier_pH",0.06,6.06,6.07756568684941
"ambiguous_dropped","all_data","Overall",0.0396652563924314,"T","T","Non-calcifier","ZOO_STUDY_0432","ZOO_ES_002626","ZOO_COMMON_00734",6,"Non-calcifier_T",0.18,6.18,6.17198889803374
"ambiguous_dropped","all_data","Overall",-0.00115673812782364,"pH","pH","Non-calcifier","ZOO_STUDY_0432","ZOO_ES_002627","ZOO_COMMON_00737",6,"Non-calcifier_pH",0.06,6.06,6.03808901986573
"ambiguous_dropped","all_data","Overall",-0.0307716586667537,"TpH","T + pH","Non-calcifier","ZOO_STUDY_0432","ZOO_ES_002628","ZOO_COMMON_00734",6,"Non-calcifier_T + pH",0.3,6.3,6.30725258460734
"ambiguous_dropped","all_data","Overall",-0.0741079721537218,"pH","pH","Non-calcifier","ZOO_STUDY_0432","ZOO_ES_002629","ZOO_COMMON_00733",6,"Non-calcifier_pH",0.06,6.06,6.07318439194001
"ambiguous_dropped","all_data","Overall",-0.717839793150317,"T","T","Non-calcifier","ZOO_STUDY_0432","ZOO_ES_002630","ZOO_COMMON_00736",6,"Non-calcifier_T",0.18,6.18,6.18183936099056
"ambiguous_dropped","all_data","Overall",-1.63413052502447,"TpH","T + pH","Non-calcifier","ZOO_STUDY_0432","ZOO_ES_002631","ZOO_COMMON_00736",6,"Non-calcifier_T + pH",0.3,6.3,6.30012232263107
"ambiguous_dropped","all_data","Overall",-0.864804634745893,"pH","pH","Non-calcifier","ZOO_STUDY_0127","ZOO_ES_002636","ZOO_COMMON_00223",6,"Non-calcifier_pH",0.06,6.06,6.07279984960565
"ambiguous_dropped","all_data","Overall",-1.54044504094715,"TpH","T + pH","Non-calcifier","ZOO_STUDY_0359","ZOO_ES_002639","ZOO_COMMON_00604",6,"Non-calcifier_T + pH",0.3,6.3,6.31930112161208
"ambiguous_dropped","all_data","Overall",-0.154150679827258,"TpH","T + pH","Non-calcifier","ZOO_STUDY_0359","ZOO_ES_002640","ZOO_COMMON_00604",6,"Non-calcifier_T + pH",0.3,6.3,6.31633108742535
"ambiguous_dropped","all_data","Overall",0.470003629245736,"T","T","Non-calcifier","ZOO_STUDY_0359","ZOO_ES_002641","ZOO_COMMON_00604",6,"Non-calcifier_T",0.18,6.18,6.18004414045252
"ambiguous_dropped","all_data","Overall",0.0344861760711694,"T","T","Non-calcifier","ZOO_STUDY_0359","ZOO_ES_002642","ZOO_COMMON_00604",6,"Non-calcifier_T",0.18,6.18,6.19481480607763
"ambiguous_dropped","all_data","Overall",0.205443974214809,"TpH","T + pH","Non-calcifier","ZOO_STUDY_0359","ZOO_ES_002643","ZOO_COMMON_00604",6,"Non-calcifier_T + pH",0.3,6.3,6.28464372243034
"ambiguous_dropped","all_data","Overall",-0.305381649551182,"TpH","T + pH","Non-calcifier","ZOO_STUDY_0359","ZOO_ES_002644","ZOO_COMMON_00604",6,"Non-calcifier_T + pH",0.3,6.3,6.29363919282332
"ambiguous_dropped","all_data","Overall",0.524070850516011,"T","T","Non-calcifier","ZOO_STUDY_0359","ZOO_ES_002645","ZOO_COMMON_00604",6,"Non-calcifier_T",0.18,6.18,6.17535987863783
"ambiguous_dropped","all_data","Overall",0.664976303593249,"TpH","T + pH","Non-calcifier","ZOO_STUDY_0359","ZOO_ES_002646","ZOO_COMMON_00604",6,"Non-calcifier_T + pH",0.3,6.3,6.27960316289682
"ambiguous_dropped","all_data","Overall",0.434664262800427,"TpH","T + pH","Non-calcifier","ZOO_STUDY_0359","ZOO_ES_002647","ZOO_COMMON_00604",6,"Non-calcifier_T + pH",0.3,6.3,6.27510048920522
"ambiguous_dropped","all_data","Overall",0.0219789067187752,"T","T","Non-calcifier","ZOO_STUDY_0359","ZOO_ES_002648","ZOO_COMMON_00605",6,"Non-calcifier_T",0.18,6.18,6.17448051305953
"ambiguous_dropped","all_data","Overall",-0.130361817863244,"TpH","T + pH","Non-calcifier","ZOO_STUDY_0359","ZOO_ES_002649","ZOO_COMMON_00605",6,"Non-calcifier_T + pH",0.3,6.3,6.28292743294733
"ambiguous_dropped","all_data","Overall",-0.372675285285174,"TpH","T + pH","Non-calcifier","ZOO_STUDY_0359","ZOO_ES_002650","ZOO_COMMON_00605",6,"Non-calcifier_T + pH",0.3,6.3,6.31894650865579
"ambiguous_dropped","all_data","Overall",0.382992252256106,"TpH","T + pH","Non-calcifier","ZOO_STUDY_0503","ZOO_ES_002651","ZOO_COMMON_00865",6,"Non-calcifier_T + pH",0.3,6.3,6.30452394961612
"ambiguous_dropped","all_data","Overall",0.320471895274772,"T","T","Non-calcifier","ZOO_STUDY_0503","ZOO_ES_002652","ZOO_COMMON_00865",6,"Non-calcifier_T",0.18,6.18,6.17758284351556
"ambiguous_dropped","all_data","Overall",-0.0136056520557787,"pH","pH","Non-calcifier","ZOO_STUDY_0134","ZOO_ES_002653","ZOO_COMMON_00233",6,"Non-calcifier_pH",0.06,6.06,6.06163524667732
"ambiguous_dropped","all_data","Overall",0.0146522767868704,"pH","pH","Non-calcifier","ZOO_STUDY_0427","ZOO_ES_002655","ZOO_COMMON_00722",6,"Non-calcifier_pH",0.06,6.06,6.0375392383337
"ambiguous_dropped","all_data","Overall",-0.0870113769896297,"pH","pH","Non-calcifier","ZOO_STUDY_0074","ZOO_ES_002656","ZOO_COMMON_00116",6,"Non-calcifier_pH",0.06,6.06,6.07267054557102
"ambiguous_dropped","all_data","Overall",0.0259754864032607,"pH","pH","Non-calcifier","ZOO_STUDY_0006","ZOO_ES_002657","ZOO_COMMON_00007",6,"Non-calcifier_pH",0.06,6.06,6.06942111448385
"ambiguous_dropped","all_data","Overall",-0.0645385211375712,"pH","pH","Non-calcifier","ZOO_STUDY_0006","ZOO_ES_002658","ZOO_COMMON_00006",6,"Non-calcifier_pH",0.06,6.06,6.04139673684491
"ambiguous_dropped","all_data","Overall",0.0216431108794883,"pH","pH","Non-calcifier","ZOO_STUDY_0069","ZOO_ES_002660","ZOO_COMMON_00107",6,"Non-calcifier_pH",0.06,6.06,6.0655479484261
"ambiguous_dropped","all_data","Overall",0.0122700925918142,"pH","pH","Non-calcifier","ZOO_STUDY_0074","ZOO_ES_002663","ZOO_COMMON_00117",6,"Non-calcifier_pH",0.06,6.06,6.06748459184542
"ambiguous_dropped","all_data","Overall",-0.0164477392090259,"pH","pH","Non-calcifier","ZOO_STUDY_0074","ZOO_ES_002665","ZOO_COMMON_00118",6,"Non-calcifier_pH",0.06,6.06,6.05221780439839
"ambiguous_dropped","all_data","Overall",-0.0709517359722845,"pH","pH","Non-calcifier","ZOO_STUDY_0134","ZOO_ES_002666","ZOO_COMMON_00233",6,"Non-calcifier_pH",0.06,6.06,6.06944515874144
"ambiguous_dropped","all_data","Overall",-0.2578291093021,"pH","pH","Non-calcifier","ZOO_STUDY_0178","ZOO_ES_002668","ZOO_COMMON_00309",6,"Non-calcifier_pH",0.06,6.06,6.06344081786461
"ambiguous_dropped","all_data","Overall",-0.107032756850188,"pH","pH","Non-calcifier","ZOO_STUDY_0178","ZOO_ES_002669","ZOO_COMMON_00308",6,"Non-calcifier_pH",0.06,6.06,6.04883530709427
"ambiguous_dropped","all_data","Overall",-0.0953101798043248,"pH","pH","Non-calcifier","ZOO_STUDY_0249","ZOO_ES_002670","ZOO_COMMON_00422",6,"Non-calcifier_pH",0.06,6.06,6.08072804707568
"ambiguous_dropped","all_data","Overall",0.101352494260288,"pH","pH","Non-calcifier","ZOO_STUDY_0294","ZOO_ES_002671","ZOO_COMMON_00494",6,"Non-calcifier_pH",0.06,6.06,6.03730198154459
"ambiguous_dropped","all_data","Overall",0.166448207637665,"pH","pH","Non-calcifier","ZOO_STUDY_0294","ZOO_ES_002672","ZOO_COMMON_00494",6,"Non-calcifier_pH",0.06,6.06,6.08015308393165
"ambiguous_dropped","all_data","Overall",-0.510825623765991,"pH","pH","Non-calcifier","ZOO_STUDY_0475","ZOO_ES_002676","ZOO_COMMON_00804",6,"Non-calcifier_pH",0.06,6.06,6.07587433858076
"ambiguous_dropped","all_data","Overall",-0.0782521968997483,"pH","pH","Non-calcifier","ZOO_STUDY_0407","ZOO_ES_002677","ZOO_COMMON_00682",6,"Non-calcifier_pH",0.06,6.06,6.05120441229315
"ambiguous_dropped","all_data","Overall",-0.0625203569813339,"pH","pH","Non-calcifier","ZOO_STUDY_0407","ZOO_ES_002679","ZOO_COMMON_00682",6,"Non-calcifier_pH",0.06,6.06,6.05587843444897
"ambiguous_dropped","all_data","Overall",0,"pH","pH","Non-calcifier","ZOO_STUDY_0427","ZOO_ES_002680","ZOO_COMMON_00722",6,"Non-calcifier_pH",0.06,6.06,6.06021272910526
"ambiguous_dropped","all_data","Overall",0.209720530982069,"pH","pH","Non-calcifier","ZOO_STUDY_0500","ZOO_ES_002686","ZOO_COMMON_00860",6,"Non-calcifier_pH",0.06,6.06,6.06260446839966
"ambiguous_dropped","all_data","Overall",0.0601273979725951,"pH","pH","Non-calcifier","ZOO_STUDY_0500","ZOO_ES_002687","ZOO_COMMON_00860",6,"Non-calcifier_pH",0.06,6.06,6.03864803993143
"ambiguous_dropped","all_data","Overall",-0.071458963982145,"pH","pH","Non-calcifier","ZOO_STUDY_0517","ZOO_ES_002689","ZOO_COMMON_00885",6,"Non-calcifier_pH",0.06,6.06,6.05096139232861
"ambiguous_dropped","all_data","Overall",-1.38629436111989,"pH","pH","Non-calcifier","ZOO_STUDY_0294","ZOO_ES_002691","ZOO_COMMON_00494",6,"Non-calcifier_pH",0.06,6.06,6.04666911520995
"ambiguous_dropped","all_data","Overall",-1.45602769913457,"pH","pH","Non-calcifier","ZOO_STUDY_0329","ZOO_ES_002692","ZOO_COMMON_00561",6,"Non-calcifier_pH",0.06,6.06,6.03988010600675
"ambiguous_dropped","all_data","Overall",0.380274859279606,"TpH","T + pH","Non-calcifier","ZOO_STUDY_0416","ZOO_ES_002693","ZOO_COMMON_00702",6,"Non-calcifier_T + pH",0.3,6.3,6.32388455618639
"ambiguous_dropped","all_data","Overall",0.410580208774935,"T","T","Non-calcifier","ZOO_STUDY_0416","ZOO_ES_002694","ZOO_COMMON_00702",6,"Non-calcifier_T",0.18,6.18,6.1721127086971
"ambiguous_dropped","all_data","Overall",-0.200670695462151,"T","T","Non-calcifier","ZOO_STUDY_0123","ZOO_ES_002695","ZOO_COMMON_00217",6,"Non-calcifier_T",0.18,6.18,6.20164673155639
"ambiguous_dropped","all_data","Overall",-0.238411023444998,"TpH","T + pH","Non-calcifier","ZOO_STUDY_0123","ZOO_ES_002696","ZOO_COMMON_00217",6,"Non-calcifier_T + pH",0.3,6.3,6.31550540257012
"ambiguous_dropped","all_data","Overall",-0.318453731118535,"TpH","T + pH","Non-calcifier","ZOO_STUDY_0123","ZOO_ES_002697","ZOO_COMMON_00217",6,"Non-calcifier_T + pH",0.3,6.3,6.29546677352628
"ambiguous_dropped","all_data","Overall",-0.257145348591699,"TpH","T + pH","Non-calcifier","ZOO_STUDY_0123","ZOO_ES_002698","ZOO_COMMON_00218",6,"Non-calcifier_T + pH",0.3,6.3,6.31487706116168
"ambiguous_dropped","all_data","Overall",-0.279960026357871,"TpH","T + pH","Non-calcifier","ZOO_STUDY_0123","ZOO_ES_002699","ZOO_COMMON_00218",6,"Non-calcifier_T + pH",0.3,6.3,6.28721613150556
"ambiguous_dropped","all_data","Overall",-0.360002734031407,"T","T","Non-calcifier","ZOO_STUDY_0123","ZOO_ES_002700","ZOO_COMMON_00218",6,"Non-calcifier_T",0.18,6.18,6.1939205853804
"ambiguous_dropped","all_data","Overall",0.916290731874155,"T","T","Non-calcifier","ZOO_STUDY_0123","ZOO_ES_002701","ZOO_COMMON_00217",6,"Non-calcifier_T",0.18,6.18,6.15929358525434
"ambiguous_dropped","all_data","Overall",0.996333439547691,"TpH","T + pH","Non-calcifier","ZOO_STUDY_0123","ZOO_ES_002702","ZOO_COMMON_00217",6,"Non-calcifier_T + pH",0.3,6.3,6.28559881623369
"ambiguous_dropped","all_data","Overall",0.847297860387204,"TpH","T + pH","Non-calcifier","ZOO_STUDY_0123","ZOO_ES_002703","ZOO_COMMON_00217",6,"Non-calcifier_T + pH",0.3,6.3,6.32416252654511
"ambiguous_dropped","all_data","Overall",0.422856850820033,"T","T","Non-calcifier","ZOO_STUDY_0123","ZOO_ES_002704","ZOO_COMMON_00216",6,"Non-calcifier_T",0.18,6.18,6.15725773544516
"ambiguous_dropped","all_data","Overall",0.378796861026003,"TpH","T + pH","Non-calcifier","ZOO_STUDY_0123","ZOO_ES_002705","ZOO_COMMON_00216",6,"Non-calcifier_T + pH",0.3,6.3,6.30228153461358
"ambiguous_dropped","all_data","Overall",0.422856850820033,"TpH","T + pH","Non-calcifier","ZOO_STUDY_0123","ZOO_ES_002706","ZOO_COMMON_00216",6,"Non-calcifier_T + pH",0.3,6.3,6.30868887013057
"ambiguous_dropped","all_data","Overall",-0.362905493689368,"T","T","Non-calcifier","ZOO_STUDY_0416","ZOO_ES_002710","ZOO_COMMON_00702",6,"Non-calcifier_T",0.18,6.18,6.16881365696434
"ambiguous_dropped","all_data","Overall",-1.07880966137193,"TpH","T + pH","Non-calcifier","ZOO_STUDY_0416","ZOO_ES_002715","ZOO_COMMON_00702",6,"Non-calcifier_T + pH",0.3,6.3,6.29964779755101
"ambiguous_dropped","all_data","Overall",-0.83034830207343,"T","T","Non-calcifier","ZOO_STUDY_0416","ZOO_ES_002716","ZOO_COMMON_00702",6,"Non-calcifier_T",0.18,6.18,6.19797490739264
"ambiguous_dropped","all_data","Overall",-1.05605267424931,"TpH","T + pH","Non-calcifier","ZOO_STUDY_0416","ZOO_ES_002721","ZOO_COMMON_00702",6,"Non-calcifier_T + pH",0.3,6.3,6.2992394009605
"ambiguous_dropped","all_data","Overall",-0.0689928714869516,"T","T","Non-calcifier","ZOO_STUDY_0500","ZOO_ES_002865","ZOO_COMMON_00861",6,"Non-calcifier_T",0.18,6.18,6.16178781534079
"ambiguous_dropped","all_data","Overall",0.0645385211375712,"TpH","T + pH","Non-calcifier","ZOO_STUDY_0500","ZOO_ES_002866","ZOO_COMMON_00861",6,"Non-calcifier_T + pH",0.3,6.3,6.2908582570497
