"direction_scenario","analysis_scope","Category","yi_raw","Treatment","Treatment_label","Calcifier","Study_ID","ES_ID","Common_id","category_x","stream_id","offset","x_pos","x_jitter"
"ambiguous_dropped","full_factorial_only","Growth",-0.225856302084778,"pH","pH","Calcifier","ZOO_STUDY_0024","ZOO_ES_000056","ZOO_COMMON_00035",1,"Calcifier_pH",-0.3,0.7,0.689378876006231
"ambiguous_dropped","full_factorial_only","Growth",0.869205953098939,"pH","pH","Calcifier","ZOO_STUDY_0024","ZOO_ES_000057","ZOO_COMMON_00033",1,"Calcifier_pH",-0.3,0.7,0.71441525677219
"ambiguous_dropped","full_factorial_only","Growth",-0.220022798381081,"T","T","Calcifier","ZOO_STUDY_0024","ZOO_ES_000058","ZOO_COMMON_00035",1,"Calcifier_T",-0.18,0.82,0.815448846090585
"ambiguous_dropped","full_factorial_only","Growth",2.04329102920018,"T","T","Calcifier","ZOO_STUDY_0024","ZOO_ES_000059","ZOO_COMMON_00033",1,"Calcifier_T",-0.18,0.82,0.839150870200247
"ambiguous_dropped","full_factorial_only","Growth",-0.398080156973153,"TpH","T + pH","Calcifier","ZOO_STUDY_0024","ZOO_ES_000060","ZOO_COMMON_00035",1,"Calcifier_T + pH",-0.06,0.94,0.962023364214692
"ambiguous_dropped","full_factorial_only","Growth",1.72043722328929,"TpH","T + pH","Calcifier","ZOO_STUDY_0024","ZOO_ES_000061","ZOO_COMMON_00033",1,"Calcifier_T + pH",-0.06,0.94,0.917277824969497
"ambiguous_dropped","full_factorial_only","Growth",-0.699858615147932,"pH","pH","Calcifier","ZOO_STUDY_0049","ZOO_ES_000115","ZOO_COMMON_00071",1,"Calcifier_pH",-0.3,0.7,0.70140527440235
"ambiguous_dropped","full_factorial_only","Growth",0.0971327805518753,"pH","pH","Calcifier","ZOO_STUDY_0049","ZOO_ES_000118","ZOO_COMMON_00071",1,"Calcifier_pH",-0.3,0.7,0.719620952219702
"ambiguous_dropped","full_factorial_only","Growth",0.244977035215889,"T","T","Calcifier","ZOO_STUDY_0049","ZOO_ES_000123","ZOO_COMMON_00071",1,"Calcifier_T",-0.18,0.82,0.822571750723291
"ambiguous_dropped","full_factorial_only","Growth",0.287263924839583,"T","T","Calcifier","ZOO_STUDY_0049","ZOO_ES_000124","ZOO_COMMON_00071",1,"Calcifier_T",-0.18,0.82,0.817830736765172
"ambiguous_dropped","full_factorial_only","Growth",0.029656209582888,"TpH","T + pH","Calcifier","ZOO_STUDY_0049","ZOO_ES_000129","ZOO_COMMON_00071",1,"Calcifier_T + pH",-0.06,0.94,0.962841667267494
"ambiguous_dropped","full_factorial_only","Growth",0.402115021222882,"TpH","T + pH","Calcifier","ZOO_STUDY_0049","ZOO_ES_000132","ZOO_COMMON_00071",1,"Calcifier_T + pH",-0.06,0.94,0.937666707809549
"ambiguous_dropped","full_factorial_only","Growth",0.528067430200497,"TpH","T + pH","Calcifier","ZOO_STUDY_0049","ZOO_ES_000133","ZOO_COMMON_00071",1,"Calcifier_T + pH",-0.06,0.94,0.948878531772643
"ambiguous_dropped","full_factorial_only","Growth",-0.147645037692257,"pH","pH","Calcifier","ZOO_STUDY_0051","ZOO_ES_000155","ZOO_COMMON_00073",1,"Calcifier_pH",-0.3,0.7,0.70363167009782
"ambiguous_dropped","full_factorial_only","Growth",-0.0688678849796504,"pH","pH","Calcifier","ZOO_STUDY_0051","ZOO_ES_000156","ZOO_COMMON_00073",1,"Calcifier_pH",-0.3,0.7,0.680146234133281
"ambiguous_dropped","full_factorial_only","Growth",0.232201985914886,"T","T","Calcifier","ZOO_STUDY_0051","ZOO_ES_000158","ZOO_COMMON_00073",1,"Calcifier_T",-0.18,0.82,0.839991248520091
"ambiguous_dropped","full_factorial_only","Growth",0.153514142568337,"TpH","T + pH","Calcifier","ZOO_STUDY_0051","ZOO_ES_000162","ZOO_COMMON_00073",1,"Calcifier_T + pH",-0.06,0.94,0.927304386717733
"ambiguous_dropped","full_factorial_only","Growth",0.198774356563946,"TpH","T + pH","Calcifier","ZOO_STUDY_0051","ZOO_ES_000163","ZOO_COMMON_00073",1,"Calcifier_T + pH",-0.06,0.94,0.917102976676542
"ambiguous_dropped","full_factorial_only","Growth",-0.0449411024859286,"pH","pH","Calcifier","ZOO_STUDY_0052","ZOO_ES_000178","ZOO_COMMON_00074",1,"Calcifier_pH",-0.3,0.7,0.691396035964135
"ambiguous_dropped","full_factorial_only","Growth",-0.00630853991614687,"pH","pH","Calcifier","ZOO_STUDY_0052","ZOO_ES_000179","ZOO_COMMON_00074",1,"Calcifier_pH",-0.3,0.7,0.722725182457361
"ambiguous_dropped","full_factorial_only","Growth",-0.129424319612731,"T","T","Calcifier","ZOO_STUDY_0052","ZOO_ES_000182","ZOO_COMMON_00074",1,"Calcifier_T",-0.18,0.82,0.839476965803187
"ambiguous_dropped","full_factorial_only","Growth",-0.0670754375994733,"T","T","Calcifier","ZOO_STUDY_0052","ZOO_ES_000183","ZOO_COMMON_00074",1,"Calcifier_T",-0.18,0.82,0.82964017030783
"ambiguous_dropped","full_factorial_only","Growth",-0.128236805336107,"TpH","T + pH","Calcifier","ZOO_STUDY_0052","ZOO_ES_000184","ZOO_COMMON_00074",1,"Calcifier_T + pH",-0.06,0.94,0.947025340688415
"ambiguous_dropped","full_factorial_only","Growth",-0.11641065871426,"TpH","T + pH","Calcifier","ZOO_STUDY_0052","ZOO_ES_000186","ZOO_COMMON_00074",1,"Calcifier_T + pH",-0.06,0.94,0.964713488831185
"ambiguous_dropped","full_factorial_only","Growth",-0.0897380024059406,"TpH","T + pH","Calcifier","ZOO_STUDY_0052","ZOO_ES_000188","ZOO_COMMON_00074",1,"Calcifier_T + pH",-0.06,0.94,0.947785289955791
"ambiguous_dropped","full_factorial_only","Growth",-0.0885695081358388,"TpH","T + pH","Calcifier","ZOO_STUDY_0052","ZOO_ES_000189","ZOO_COMMON_00074",1,"Calcifier_T + pH",-0.06,0.94,0.950426523408387
"ambiguous_dropped","full_factorial_only","Growth",-0.0586425283508928,"pH","pH","Calcifier","ZOO_STUDY_0090","ZOO_ES_000297","ZOO_COMMON_00157",1,"Calcifier_pH",-0.3,0.7,0.702203301235568
"ambiguous_dropped","full_factorial_only","Growth",0,"T","T","Calcifier","ZOO_STUDY_0090","ZOO_ES_000300","ZOO_COMMON_00157",1,"Calcifier_T",-0.18,0.82,0.824707101022359
"ambiguous_dropped","full_factorial_only","Growth",-0.021646765013583,"TpH","T + pH","Calcifier","ZOO_STUDY_0090","ZOO_ES_000303","ZOO_COMMON_00157",1,"Calcifier_T + pH",-0.06,0.94,0.929457986864727
"ambiguous_dropped","full_factorial_only","Growth",-0.135437970895104,"pH","pH","Calcifier","ZOO_STUDY_0236","ZOO_ES_000478","ZOO_COMMON_00404",1,"Calcifier_pH",-0.3,0.7,0.682355682365596
"ambiguous_dropped","full_factorial_only","Growth",-0.0339015516756813,"pH","pH","Calcifier","ZOO_STUDY_0236","ZOO_ES_000479","ZOO_COMMON_00404",1,"Calcifier_pH",-0.3,0.7,0.723151211626828
"ambiguous_dropped","full_factorial_only","Growth",0.0263173083173734,"T","T","Calcifier","ZOO_STUDY_0236","ZOO_ES_000480","ZOO_COMMON_00404",1,"Calcifier_T",-0.18,0.82,0.840114952255972
"ambiguous_dropped","full_factorial_only","Growth",-0.182321556793955,"TpH","T + pH","Calcifier","ZOO_STUDY_0236","ZOO_ES_000483","ZOO_COMMON_00404",1,"Calcifier_T + pH",-0.06,0.94,0.949535263921134
"ambiguous_dropped","full_factorial_only","Growth",-0.105360515657826,"TpH","T + pH","Calcifier","ZOO_STUDY_0236","ZOO_ES_000484","ZOO_COMMON_00404",1,"Calcifier_T + pH",-0.06,0.94,0.954773370884359
"ambiguous_dropped","full_factorial_only","Growth",-0.179507829433692,"pH","pH","Calcifier","ZOO_STUDY_0329","ZOO_ES_000577","ZOO_COMMON_00562",1,"Calcifier_pH",-0.3,0.7,0.676230684225447
"ambiguous_dropped","full_factorial_only","Growth",-0.0334158610896161,"pH","pH","Calcifier","ZOO_STUDY_0329","ZOO_ES_000578","ZOO_COMMON_00562",1,"Calcifier_pH",-0.3,0.7,0.698889798554592
"ambiguous_dropped","full_factorial_only","Growth",0.0636444774903327,"T","T","Calcifier","ZOO_STUDY_0329","ZOO_ES_000580","ZOO_COMMON_00562",1,"Calcifier_T",-0.18,0.82,0.832922976876143
"ambiguous_dropped","full_factorial_only","Growth",-0.213806636358021,"TpH","T + pH","Calcifier","ZOO_STUDY_0329","ZOO_ES_000585","ZOO_COMMON_00562",1,"Calcifier_T + pH",-0.06,0.94,0.925820396791678
"ambiguous_dropped","full_factorial_only","Growth",-0.196510189083738,"TpH","T + pH","Calcifier","ZOO_STUDY_0329","ZOO_ES_000586","ZOO_COMMON_00562",1,"Calcifier_T + pH",-0.06,0.94,0.930909050381742
"ambiguous_dropped","full_factorial_only","Growth",-0.450021129658397,"pH","pH","Calcifier","ZOO_STUDY_0410","ZOO_ES_000813","ZOO_COMMON_00694",1,"Calcifier_pH",-0.3,0.7,0.686581289267633
"ambiguous_dropped","full_factorial_only","Growth",0.166524657314702,"T","T","Calcifier","ZOO_STUDY_0410","ZOO_ES_000823","ZOO_COMMON_00694",1,"Calcifier_T",-0.18,0.82,0.802140001119115
"ambiguous_dropped","full_factorial_only","Growth",-0.435735172410921,"TpH","T + pH","Calcifier","ZOO_STUDY_0410","ZOO_ES_000828","ZOO_COMMON_00694",1,"Calcifier_T + pH",-0.06,0.94,0.935727316790726
"ambiguous_dropped","full_factorial_only","Growth",-0.225544209489079,"pH","pH","Calcifier","ZOO_STUDY_0432","ZOO_ES_000855","ZOO_COMMON_00739",1,"Calcifier_pH",-0.3,0.7,0.695686216314789
"ambiguous_dropped","full_factorial_only","Growth",-0.150204245384208,"pH","pH","Calcifier","ZOO_STUDY_0432","ZOO_ES_000856","ZOO_COMMON_00739",1,"Calcifier_pH",-0.3,0.7,0.693442272546235
"ambiguous_dropped","full_factorial_only","Growth",0.253443519179303,"T","T","Calcifier","ZOO_STUDY_0432","ZOO_ES_000858","ZOO_COMMON_00739",1,"Calcifier_T",-0.18,0.82,0.802622237387113
"ambiguous_dropped","full_factorial_only","Growth",-0.0097102212235822,"TpH","T + pH","Calcifier","ZOO_STUDY_0432","ZOO_ES_000861","ZOO_COMMON_00739",1,"Calcifier_T + pH",-0.06,0.94,0.92194030317245
"ambiguous_dropped","full_factorial_only","Growth",0,"TpH","T + pH","Calcifier","ZOO_STUDY_0432","ZOO_ES_000862","ZOO_COMMON_00739",1,"Calcifier_T + pH",-0.06,0.94,0.92665170497261
"ambiguous_dropped","full_factorial_only","Growth",-0.0719086247692754,"pH","pH","Calcifier","ZOO_STUDY_0479","ZOO_ES_000907","ZOO_COMMON_00819",1,"Calcifier_pH",-0.3,0.7,0.698298122512642
"ambiguous_dropped","full_factorial_only","Growth",-0.0695319676935199,"pH","pH","Calcifier","ZOO_STUDY_0479","ZOO_ES_000908","ZOO_COMMON_00819",1,"Calcifier_pH",-0.3,0.7,0.688298632018268
"ambiguous_dropped","full_factorial_only","Growth",-0.0670732379687377,"pH","pH","Calcifier","ZOO_STUDY_0479","ZOO_ES_000909","ZOO_COMMON_00819",1,"Calcifier_pH",-0.3,0.7,0.717891385767143
"ambiguous_dropped","full_factorial_only","Growth",-0.0353080953059424,"pH","pH","Calcifier","ZOO_STUDY_0479","ZOO_ES_000910","ZOO_COMMON_00819",1,"Calcifier_pH",-0.3,0.7,0.677291558333672
"ambiguous_dropped","full_factorial_only","Growth",-0.00852580652880193,"pH","pH","Calcifier","ZOO_STUDY_0479","ZOO_ES_000911","ZOO_COMMON_00820",1,"Calcifier_pH",-0.3,0.7,0.697110003710259
"ambiguous_dropped","full_factorial_only","Growth",-0.00751717004320374,"pH","pH","Calcifier","ZOO_STUDY_0479","ZOO_ES_000912","ZOO_COMMON_00818",1,"Calcifier_pH",-0.3,0.7,0.714946242282167
"ambiguous_dropped","full_factorial_only","Growth",-0.00751717004320374,"pH","pH","Calcifier","ZOO_STUDY_0479","ZOO_ES_000913","ZOO_COMMON_00818",1,"Calcifier_pH",-0.3,0.7,0.681094962998759
"ambiguous_dropped","full_factorial_only","Growth",-0.00588925674197298,"pH","pH","Calcifier","ZOO_STUDY_0479","ZOO_ES_000914","ZOO_COMMON_00820",1,"Calcifier_pH",-0.3,0.7,0.703047399187926
"ambiguous_dropped","full_factorial_only","Growth",-0.00478381777073733,"pH","pH","Calcifier","ZOO_STUDY_0479","ZOO_ES_000915","ZOO_COMMON_00818",1,"Calcifier_pH",-0.3,0.7,0.685326569480821
"ambiguous_dropped","full_factorial_only","Growth",-0.00478381777073733,"pH","pH","Calcifier","ZOO_STUDY_0479","ZOO_ES_000916","ZOO_COMMON_00818",1,"Calcifier_pH",-0.3,0.7,0.681376582512166
"ambiguous_dropped","full_factorial_only","Growth",0.00775197680431792,"pH","pH","Calcifier","ZOO_STUDY_0479","ZOO_ES_000917","ZOO_COMMON_00820",1,"Calcifier_pH",-0.3,0.7,0.712665393215138
"ambiguous_dropped","full_factorial_only","Growth",-0.0416151135707052,"T","T","Calcifier","ZOO_STUDY_0479","ZOO_ES_000918","ZOO_COMMON_00819",1,"Calcifier_T",-0.18,0.82,0.839752267957665
"ambiguous_dropped","full_factorial_only","Growth",-0.0210910409560301,"T","T","Calcifier","ZOO_STUDY_0479","ZOO_ES_000919","ZOO_COMMON_00820",1,"Calcifier_T",-0.18,0.82,0.813723138794303
"ambiguous_dropped","full_factorial_only","Growth",0.0107351233594397,"T","T","Calcifier","ZOO_STUDY_0479","ZOO_ES_000920","ZOO_COMMON_00818",1,"Calcifier_T",-0.18,0.82,0.828255759731401
"ambiguous_dropped","full_factorial_only","Growth",-0.094908390607049,"TpH","T + pH","Calcifier","ZOO_STUDY_0479","ZOO_ES_000921","ZOO_COMMON_00819",1,"Calcifier_T + pH",-0.06,0.94,0.919742033046204
"ambiguous_dropped","full_factorial_only","Growth",-0.0841449895391694,"TpH","T + pH","Calcifier","ZOO_STUDY_0479","ZOO_ES_000922","ZOO_COMMON_00819",1,"Calcifier_T + pH",-0.06,0.94,0.934198481889907
"ambiguous_dropped","full_factorial_only","Growth",-0.059036856492578,"TpH","T + pH","Calcifier","ZOO_STUDY_0479","ZOO_ES_000923","ZOO_COMMON_00819",1,"Calcifier_T + pH",-0.06,0.94,0.92871918222867
"ambiguous_dropped","full_factorial_only","Growth",-0.0487368563145071,"TpH","T + pH","Calcifier","ZOO_STUDY_0479","ZOO_ES_000924","ZOO_COMMON_00819",1,"Calcifier_T + pH",-0.06,0.94,0.955732001943979
"ambiguous_dropped","full_factorial_only","Growth",-0.0456672921102612,"TpH","T + pH","Calcifier","ZOO_STUDY_0479","ZOO_ES_000925","ZOO_COMMON_00818",1,"Calcifier_T + pH",-0.06,0.94,0.937425817069597
"ambiguous_dropped","full_factorial_only","Growth",-0.015687756981639,"TpH","T + pH","Calcifier","ZOO_STUDY_0479","ZOO_ES_000926","ZOO_COMMON_00818",1,"Calcifier_T + pH",-0.06,0.94,0.95550321765244
"ambiguous_dropped","full_factorial_only","Growth",-0.0110977876565622,"TpH","T + pH","Calcifier","ZOO_STUDY_0479","ZOO_ES_000927","ZOO_COMMON_00820",1,"Calcifier_T + pH",-0.06,0.94,0.955619475475978
"ambiguous_dropped","full_factorial_only","Growth",-0.00981097020704486,"TpH","T + pH","Calcifier","ZOO_STUDY_0479","ZOO_ES_000928","ZOO_COMMON_00820",1,"Calcifier_T + pH",-0.06,0.94,0.954717116055544
"ambiguous_dropped","full_factorial_only","Growth",-0.0045380493394349,"TpH","T + pH","Calcifier","ZOO_STUDY_0479","ZOO_ES_000929","ZOO_COMMON_00820",1,"Calcifier_T + pH",-0.06,0.94,0.936991584380157
"ambiguous_dropped","full_factorial_only","Growth",0.00263968477077325,"TpH","T + pH","Calcifier","ZOO_STUDY_0479","ZOO_ES_000930","ZOO_COMMON_00818",1,"Calcifier_T + pH",-0.06,0.94,0.952723757931963
"ambiguous_dropped","full_factorial_only","Growth",0.0107351233594397,"TpH","T + pH","Calcifier","ZOO_STUDY_0479","ZOO_ES_000931","ZOO_COMMON_00818",1,"Calcifier_T + pH",-0.06,0.94,0.946461056577973
"ambiguous_dropped","full_factorial_only","Growth",0.198103443242893,"pH","pH","Calcifier","ZOO_STUDY_0490","ZOO_ES_000932","ZOO_COMMON_00842",1,"Calcifier_pH",-0.3,0.7,0.710509120067581
"ambiguous_dropped","full_factorial_only","Growth",0.133531392624523,"T","T","Calcifier","ZOO_STUDY_0490","ZOO_ES_000934","ZOO_COMMON_00842",1,"Calcifier_T",-0.18,0.82,0.79503123866627
"ambiguous_dropped","full_factorial_only","Growth",0.182389679005228,"T","T","Calcifier","ZOO_STUDY_0490","ZOO_ES_000935","ZOO_COMMON_00842",1,"Calcifier_T",-0.18,0.82,0.818765828704927
"ambiguous_dropped","full_factorial_only","Growth",0.290131553162121,"TpH","T + pH","Calcifier","ZOO_STUDY_0490","ZOO_ES_000937","ZOO_COMMON_00842",1,"Calcifier_T + pH",-0.06,0.94,0.926005944258068
"ambiguous_dropped","full_factorial_only","Growth",0.38738590799905,"TpH","T + pH","Calcifier","ZOO_STUDY_0490","ZOO_ES_000939","ZOO_COMMON_00842",1,"Calcifier_T + pH",-0.06,0.94,0.933990826886147
"ambiguous_dropped","full_factorial_only","Growth",-0.0656952592653948,"pH","pH","Calcifier","ZOO_STUDY_0519","ZOO_ES_000973","ZOO_COMMON_00891",1,"Calcifier_pH",-0.3,0.7,0.705638550163712
"ambiguous_dropped","full_factorial_only","Growth",-0.129411073651503,"T","T","Calcifier","ZOO_STUDY_0519","ZOO_ES_000975","ZOO_COMMON_00891",1,"Calcifier_T",-0.18,0.82,0.812589895462152
"ambiguous_dropped","full_factorial_only","Growth",-0.156079320733664,"TpH","T + pH","Calcifier","ZOO_STUDY_0519","ZOO_ES_000978","ZOO_COMMON_00891",1,"Calcifier_T + pH",-0.06,0.94,0.92055677121738
"ambiguous_dropped","full_factorial_only","Growth",-0.154150679827258,"pH","pH","Calcifier","ZOO_STUDY_0046","ZOO_ES_002010","ZOO_COMMON_00067",1,"Calcifier_pH",-0.3,0.7,0.687180973635986
"ambiguous_dropped","full_factorial_only","Growth",-0.241162056816888,"pH","pH","Calcifier","ZOO_STUDY_0046","ZOO_ES_002011","ZOO_COMMON_00067",1,"Calcifier_pH",-0.3,0.7,0.708402779372409
"ambiguous_dropped","full_factorial_only","Growth",0.259511195485085,"T","T","Calcifier","ZOO_STUDY_0046","ZOO_ES_002012","ZOO_COMMON_00067",1,"Calcifier_T",-0.18,0.82,0.815882338983938
"ambiguous_dropped","full_factorial_only","Growth",0,"TpH","T + pH","Calcifier","ZOO_STUDY_0046","ZOO_ES_002013","ZOO_COMMON_00067",1,"Calcifier_T + pH",-0.06,0.94,0.954409791701473
"ambiguous_dropped","full_factorial_only","Growth",-0.154150679827258,"pH","pH","Calcifier","ZOO_STUDY_0046","ZOO_ES_002020","ZOO_COMMON_00067",1,"Calcifier_pH",-0.3,0.7,0.680143232212868
"ambiguous_dropped","full_factorial_only","Growth",-0.232931557680373,"pH","pH","Calcifier","ZOO_STUDY_0046","ZOO_ES_002021","ZOO_COMMON_00067",1,"Calcifier_pH",-0.3,0.7,0.69674463707488
"ambiguous_dropped","full_factorial_only","Growth",0.0979804083602036,"pH","pH","Calcifier","ZOO_STUDY_0156","ZOO_ES_002250","ZOO_COMMON_00266",1,"Calcifier_pH",-0.3,0.7,0.724247848999221
"ambiguous_dropped","full_factorial_only","Growth",-0.176456437341557,"pH","pH","Calcifier","ZOO_STUDY_0156","ZOO_ES_002251","ZOO_COMMON_00266",1,"Calcifier_pH",-0.3,0.7,0.719652555719949
"ambiguous_dropped","full_factorial_only","Growth",0.0289875368732522,"T","T","Calcifier","ZOO_STUDY_0156","ZOO_ES_002252","ZOO_COMMON_00266",1,"Calcifier_T",-0.18,0.82,0.839323453039397
"ambiguous_dropped","full_factorial_only","Growth",-0.0298529631496812,"TpH","T + pH","Calcifier","ZOO_STUDY_0156","ZOO_ES_002253","ZOO_COMMON_00266",1,"Calcifier_T + pH",-0.06,0.94,0.923752632513642
"ambiguous_dropped","full_factorial_only","Growth",0.0431721718652086,"TpH","T + pH","Calcifier","ZOO_STUDY_0156","ZOO_ES_002254","ZOO_COMMON_00266",1,"Calcifier_T + pH",-0.06,0.94,0.921534784578253
"ambiguous_dropped","full_factorial_only","Growth",-0.0597192347016222,"pH","pH","Calcifier","ZOO_STUDY_0156","ZOO_ES_002260","ZOO_COMMON_00266",1,"Calcifier_pH",-0.3,0.7,0.707655096251983
"ambiguous_dropped","full_factorial_only","Growth",-0.282862786015832,"pH","pH","Calcifier","ZOO_STUDY_0156","ZOO_ES_002261","ZOO_COMMON_00266",1,"Calcifier_pH",-0.3,0.7,0.69217582361307
"ambiguous_dropped","full_factorial_only","Growth",0.0425596144187959,"T","T","Calcifier","ZOO_STUDY_0156","ZOO_ES_002262","ZOO_COMMON_00266",1,"Calcifier_T",-0.18,0.82,0.827837906398345
"ambiguous_dropped","full_factorial_only","Growth",-0.0752234212375874,"TpH","T + pH","Calcifier","ZOO_STUDY_0156","ZOO_ES_002263","ZOO_COMMON_00266",1,"Calcifier_T + pH",-0.06,0.94,0.931018662124407
"ambiguous_dropped","full_factorial_only","Growth",0.0833816089390512,"TpH","T + pH","Calcifier","ZOO_STUDY_0156","ZOO_ES_002264","ZOO_COMMON_00266",1,"Calcifier_T + pH",-0.06,0.94,0.924384555963334
"ambiguous_dropped","full_factorial_only","Growth",0.532804530484766,"T","T","Calcifier","ZOO_STUDY_0156","ZOO_ES_002268","ZOO_COMMON_00266",1,"Calcifier_T",-0.18,0.82,0.834114715065807
"ambiguous_dropped","full_factorial_only","Growth",0.105360515657826,"TpH","T + pH","Calcifier","ZOO_STUDY_0156","ZOO_ES_002269","ZOO_COMMON_00266",1,"Calcifier_T + pH",-0.06,0.94,0.919679749335628
"ambiguous_dropped","full_factorial_only","Growth",0.554310735705729,"TpH","T + pH","Calcifier","ZOO_STUDY_0156","ZOO_ES_002270","ZOO_COMMON_00266",1,"Calcifier_T + pH",-0.06,0.94,0.938338952078484
"ambiguous_dropped","full_factorial_only","Growth",-0.133531392624523,"pH","pH","Calcifier","ZOO_STUDY_0201","ZOO_ES_002434","ZOO_COMMON_00354",1,"Calcifier_pH",-0.3,0.7,0.700575272995047
"ambiguous_dropped","full_factorial_only","Growth",-0.330241686870577,"pH","pH","Calcifier","ZOO_STUDY_0201","ZOO_ES_002435","ZOO_COMMON_00354",1,"Calcifier_pH",-0.3,0.7,0.7049994479632
"ambiguous_dropped","full_factorial_only","Growth",-0.612079357471163,"pH","pH","Calcifier","ZOO_STUDY_0201","ZOO_ES_002436","ZOO_COMMON_00354",1,"Calcifier_pH",-0.3,0.7,0.691641177015845
"ambiguous_dropped","full_factorial_only","Growth",-0.762140052046897,"pH","pH","Calcifier","ZOO_STUDY_0201","ZOO_ES_002437","ZOO_COMMON_00354",1,"Calcifier_pH",-0.3,0.7,0.69943065168336
"ambiguous_dropped","full_factorial_only","Growth",0.105360515657826,"T","T","Calcifier","ZOO_STUDY_0201","ZOO_ES_002438","ZOO_COMMON_00354",1,"Calcifier_T",-0.18,0.82,0.842723691374995
"ambiguous_dropped","full_factorial_only","Growth",-0.405465108108164,"TpH","T + pH","Calcifier","ZOO_STUDY_0201","ZOO_ES_002439","ZOO_COMMON_00354",1,"Calcifier_T + pH",-0.06,0.94,0.93914511985844
"ambiguous_dropped","full_factorial_only","Growth",-2.19722457733622,"TpH","T + pH","Calcifier","ZOO_STUDY_0201","ZOO_ES_002440","ZOO_COMMON_00354",1,"Calcifier_T + pH",-0.06,0.94,0.959517511106096
"ambiguous_dropped","full_factorial_only","Growth",0.0933319397922189,"pH","pH","Calcifier","ZOO_STUDY_0290","ZOO_ES_002572","ZOO_COMMON_00488",1,"Calcifier_pH",-0.3,0.7,0.720721909345593
"ambiguous_dropped","full_factorial_only","Growth",-0.313434568554196,"pH","pH","Calcifier","ZOO_STUDY_0290","ZOO_ES_002573","ZOO_COMMON_00489",1,"Calcifier_pH",-0.3,0.7,0.705436749116052
"ambiguous_dropped","full_factorial_only","Growth",0.201052593500018,"T","T","Calcifier","ZOO_STUDY_0290","ZOO_ES_002574","ZOO_COMMON_00488",1,"Calcifier_T",-0.18,0.82,0.815534488826525
"ambiguous_dropped","full_factorial_only","Growth",-0.369360103466048,"TpH","T + pH","Calcifier","ZOO_STUDY_0290","ZOO_ES_002575","ZOO_COMMON_00488",1,"Calcifier_T + pH",-0.06,0.94,0.92235473454697
"ambiguous_dropped","full_factorial_only","Growth",-0.184003642976939,"TpH","T + pH","Calcifier","ZOO_STUDY_0290","ZOO_ES_002576","ZOO_COMMON_00488",1,"Calcifier_T + pH",-0.06,0.94,0.961764990163501
"ambiguous_dropped","full_factorial_only","Growth",-0.0786431273191131,"T","T","Calcifier","ZOO_STUDY_0290","ZOO_ES_002577","ZOO_COMMON_00488",1,"Calcifier_T",-0.18,0.82,0.810061444998719
"ambiguous_dropped","full_factorial_only","Growth",-0.230523658611832,"TpH","T + pH","Calcifier","ZOO_STUDY_0290","ZOO_ES_002578","ZOO_COMMON_00488",1,"Calcifier_T + pH",-0.06,0.94,0.91803602857748
"ambiguous_dropped","full_factorial_only","Growth",-0.0539505147287416,"TpH","T + pH","Calcifier","ZOO_STUDY_0290","ZOO_ES_002579","ZOO_COMMON_00488",1,"Calcifier_T + pH",-0.06,0.94,0.962386347001884
"ambiguous_dropped","full_factorial_only","Growth",-0.065118399379393,"T","T","Calcifier","ZOO_STUDY_0290","ZOO_ES_002580","ZOO_COMMON_00489",1,"Calcifier_T",-0.18,0.82,0.831029813671485
"ambiguous_dropped","full_factorial_only","Growth",0.33336181420682,"TpH","T + pH","Calcifier","ZOO_STUDY_0290","ZOO_ES_002581","ZOO_COMMON_00489",1,"Calcifier_T + pH",-0.06,0.94,0.922114714779891
"ambiguous_dropped","full_factorial_only","Growth",0.191338750444143,"TpH","T + pH","Calcifier","ZOO_STUDY_0290","ZOO_ES_002582","ZOO_COMMON_00489",1,"Calcifier_T + pH",-0.06,0.94,0.942464232803322
"ambiguous_dropped","full_factorial_only","Growth",0.139761942375159,"T","T","Calcifier","ZOO_STUDY_0290","ZOO_ES_002583","ZOO_COMMON_00489",1,"Calcifier_T",-0.18,0.82,0.842704561927822
"ambiguous_dropped","full_factorial_only","Growth",0.143535531758798,"TpH","T + pH","Calcifier","ZOO_STUDY_0290","ZOO_ES_002584","ZOO_COMMON_00489",1,"Calcifier_T + pH",-0.06,0.94,0.944274167655967
"ambiguous_dropped","full_factorial_only","Growth",0.426971313329128,"TpH","T + pH","Calcifier","ZOO_STUDY_0290","ZOO_ES_002585","ZOO_COMMON_00489",1,"Calcifier_T + pH",-0.06,0.94,0.93522551408736
"ambiguous_dropped","full_factorial_only","Growth",0.208544751893057,"T","T","Calcifier","ZOO_STUDY_0290","ZOO_ES_002586","ZOO_COMMON_00488",1,"Calcifier_T",-0.18,0.82,0.827394673966337
"ambiguous_dropped","full_factorial_only","Growth",0.218786245945254,"TpH","T + pH","Calcifier","ZOO_STUDY_0290","ZOO_ES_002587","ZOO_COMMON_00488",1,"Calcifier_T + pH",-0.06,0.94,0.930991030854639
"ambiguous_dropped","full_factorial_only","Growth",0.452643668383255,"TpH","T + pH","Calcifier","ZOO_STUDY_0290","ZOO_ES_002588","ZOO_COMMON_00488",1,"Calcifier_T + pH",-0.06,0.94,0.930386000543367
"ambiguous_dropped","full_factorial_only","Growth",0.0232776848693454,"T","T","Calcifier","ZOO_STUDY_0290","ZOO_ES_002589","ZOO_COMMON_00488",1,"Calcifier_T",-0.18,0.82,0.80598838156322
"ambiguous_dropped","full_factorial_only","Growth",0.124203603459306,"TpH","T + pH","Calcifier","ZOO_STUDY_0290","ZOO_ES_002590","ZOO_COMMON_00488",1,"Calcifier_T + pH",-0.06,0.94,0.93347444329178
"ambiguous_dropped","full_factorial_only","Growth",-0.182321556793955,"TpH","T + pH","Calcifier","ZOO_STUDY_0290","ZOO_ES_002591","ZOO_COMMON_00488",1,"Calcifier_T + pH",-0.06,0.94,0.964210960173514
"ambiguous_dropped","full_factorial_only","Growth",0.266267977947964,"T","T","Calcifier","ZOO_STUDY_0290","ZOO_ES_002592","ZOO_COMMON_00489",1,"Calcifier_T",-0.18,0.82,0.802710115041118
"ambiguous_dropped","full_factorial_only","Growth",0.382606970032114,"TpH","T + pH","Calcifier","ZOO_STUDY_0290","ZOO_ES_002594","ZOO_COMMON_00489",1,"Calcifier_T + pH",-0.06,0.94,0.919552199994214
"ambiguous_dropped","full_factorial_only","Growth",0.112117298120706,"T","T","Calcifier","ZOO_STUDY_0290","ZOO_ES_002595","ZOO_COMMON_00489",1,"Calcifier_T",-0.18,0.82,0.802095345389098
"ambiguous_dropped","full_factorial_only","Growth",0.219747962313072,"TpH","T + pH","Calcifier","ZOO_STUDY_0290","ZOO_ES_002597","ZOO_COMMON_00489",1,"Calcifier_T + pH",-0.06,0.94,0.949500355075579
"ambiguous_dropped","full_factorial_only","Growth",0.056921727448311,"T","T","Calcifier","ZOO_STUDY_0290","ZOO_ES_002622","ZOO_COMMON_00488",1,"Calcifier_T",-0.18,0.82,0.825962824169546
"ambiguous_dropped","full_factorial_only","Growth",-0.0247991145341326,"TpH","T + pH","Calcifier","ZOO_STUDY_0290","ZOO_ES_002623","ZOO_COMMON_00488",1,"Calcifier_T + pH",-0.06,0.94,0.95956970585743
"ambiguous_dropped","full_factorial_only","Growth",-0.026984907754113,"TpH","T + pH","Calcifier","ZOO_STUDY_0290","ZOO_ES_002624","ZOO_COMMON_00488",1,"Calcifier_T + pH",-0.06,0.94,0.948649954630528
"ambiguous_dropped","full_factorial_only","Growth",0.0457936409389037,"T","T","Calcifier","ZOO_STUDY_0290","ZOO_ES_002625","ZOO_COMMON_00488",1,"Calcifier_T",-0.18,0.82,0.831853886896279
"ambiguous_dropped","full_factorial_only","Growth",-0.0215293568525759,"TpH","T + pH","Calcifier","ZOO_STUDY_0290","ZOO_ES_002626","ZOO_COMMON_00488",1,"Calcifier_T + pH",-0.06,0.94,0.941056786288973
"ambiguous_dropped","full_factorial_only","Growth",0.0314491326825033,"TpH","T + pH","Calcifier","ZOO_STUDY_0290","ZOO_ES_002627","ZOO_COMMON_00488",1,"Calcifier_T + pH",-0.06,0.94,0.947991922483779
"ambiguous_dropped","full_factorial_only","Growth",-0.0577849981217914,"T","T","Calcifier","ZOO_STUDY_0290","ZOO_ES_002628","ZOO_COMMON_00489",1,"Calcifier_T",-0.18,0.82,0.836090273007285
"ambiguous_dropped","full_factorial_only","Growth",-0.029471681157703,"TpH","T + pH","Calcifier","ZOO_STUDY_0290","ZOO_ES_002629","ZOO_COMMON_00489",1,"Calcifier_T + pH",-0.06,0.94,0.954314077585004
"ambiguous_dropped","full_factorial_only","Growth",-0.0244990204883246,"TpH","T + pH","Calcifier","ZOO_STUDY_0290","ZOO_ES_002630","ZOO_COMMON_00489",1,"Calcifier_T + pH",-0.06,0.94,0.963991095868405
"ambiguous_dropped","full_factorial_only","Growth",-0.049613348972472,"T","T","Calcifier","ZOO_STUDY_0290","ZOO_ES_002631","ZOO_COMMON_00489",1,"Calcifier_T",-0.18,0.82,0.816971576812211
"ambiguous_dropped","full_factorial_only","Growth",-0.0639578572288723,"TpH","T + pH","Calcifier","ZOO_STUDY_0290","ZOO_ES_002632","ZOO_COMMON_00489",1,"Calcifier_T + pH",-0.06,0.94,0.930585110103711
"ambiguous_dropped","full_factorial_only","Growth",-0.083760484525052,"TpH","T + pH","Calcifier","ZOO_STUDY_0290","ZOO_ES_002633","ZOO_COMMON_00489",1,"Calcifier_T + pH",-0.06,0.94,0.935473747630604
"ambiguous_dropped","full_factorial_only","Growth",0.0400053346136992,"T","T","Calcifier","ZOO_STUDY_0290","ZOO_ES_002634","ZOO_COMMON_00488",1,"Calcifier_T",-0.18,0.82,0.795523355591577
"ambiguous_dropped","full_factorial_only","Growth",0.0358688240619188,"TpH","T + pH","Calcifier","ZOO_STUDY_0290","ZOO_ES_002635","ZOO_COMMON_00488",1,"Calcifier_T + pH",-0.06,0.94,0.924192476200405
"ambiguous_dropped","full_factorial_only","Growth",-0.0272199712340877,"TpH","T + pH","Calcifier","ZOO_STUDY_0290","ZOO_ES_002636","ZOO_COMMON_00488",1,"Calcifier_T + pH",-0.06,0.94,0.95713646594435
"ambiguous_dropped","full_factorial_only","Growth",-0.0173352120015458,"T","T","Calcifier","ZOO_STUDY_0290","ZOO_ES_002637","ZOO_COMMON_00488",1,"Calcifier_T",-0.18,0.82,0.806558089102619
"ambiguous_dropped","full_factorial_only","Growth",-0.00107469112976541,"TpH","T + pH","Calcifier","ZOO_STUDY_0290","ZOO_ES_002638","ZOO_COMMON_00488",1,"Calcifier_T + pH",-0.06,0.94,0.926954997782595
"ambiguous_dropped","full_factorial_only","Growth",-0.0184287058229171,"TpH","T + pH","Calcifier","ZOO_STUDY_0290","ZOO_ES_002639","ZOO_COMMON_00488",1,"Calcifier_T + pH",-0.06,0.94,0.918834558266681
"ambiguous_dropped","full_factorial_only","Growth",-0.0324765886779082,"T","T","Calcifier","ZOO_STUDY_0290","ZOO_ES_002640","ZOO_COMMON_00489",1,"Calcifier_T",-0.18,0.82,0.807286183901597
"ambiguous_dropped","full_factorial_only","Growth",-0.0510954508811183,"TpH","T + pH","Calcifier","ZOO_STUDY_0290","ZOO_ES_002641","ZOO_COMMON_00489",1,"Calcifier_T + pH",-0.06,0.94,0.951606760276482
"ambiguous_dropped","full_factorial_only","Growth",-0.0481324857504612,"T","T","Calcifier","ZOO_STUDY_0290","ZOO_ES_002642","ZOO_COMMON_00489",1,"Calcifier_T",-0.18,0.82,0.837372658255044
"ambiguous_dropped","full_factorial_only","Growth",-0.0640373935901257,"TpH","T + pH","Calcifier","ZOO_STUDY_0290","ZOO_ES_002643","ZOO_COMMON_00489",1,"Calcifier_T + pH",-0.06,0.94,0.939876363354269
"ambiguous_dropped","full_factorial_only","Growth",0.00487950103152187,"pH","pH","Non-calcifier","ZOO_STUDY_0018","ZOO_ES_000024","ZOO_COMMON_00026",1,"Non-calcifier_pH",0.06,1.06,1.05439545149216
"ambiguous_dropped","full_factorial_only","Growth",-0.044323758258935,"T","T","Non-calcifier","ZOO_STUDY_0018","ZOO_ES_000032","ZOO_COMMON_00026",1,"Non-calcifier_T",0.18,1.18,1.16732244970743
"ambiguous_dropped","full_factorial_only","Growth",-0.0477383200120397,"TpH","T + pH","Non-calcifier","ZOO_STUDY_0018","ZOO_ES_000033","ZOO_COMMON_00026",1,"Non-calcifier_T + pH",0.3,1.3,1.28055482306518
"ambiguous_dropped","full_factorial_only","Growth",-0.0702217763273387,"T","T","Non-calcifier","ZOO_STUDY_0018","ZOO_ES_000034","ZOO_COMMON_00026",1,"Non-calcifier_T",0.18,1.18,1.17449972176226
"ambiguous_dropped","full_factorial_only","Growth",-0.0920840841303518,"TpH","T + pH","Non-calcifier","ZOO_STUDY_0018","ZOO_ES_000035","ZOO_COMMON_00026",1,"Non-calcifier_T + pH",0.3,1.3,1.30359676569933
"ambiguous_dropped","full_factorial_only","Growth",-0.242140052004865,"pH","pH","Non-calcifier","ZOO_STUDY_0021","ZOO_ES_000044","ZOO_COMMON_00030",1,"Non-calcifier_pH",0.06,1.06,1.04584463814041
"ambiguous_dropped","full_factorial_only","Growth",-0.284104251103897,"T","T","Non-calcifier","ZOO_STUDY_0021","ZOO_ES_000047","ZOO_COMMON_00030",1,"Non-calcifier_T",0.18,1.18,1.1772384001012
"ambiguous_dropped","full_factorial_only","Growth",-0.60077386042893,"TpH","T + pH","Non-calcifier","ZOO_STUDY_0021","ZOO_ES_000049","ZOO_COMMON_00030",1,"Non-calcifier_T + pH",0.3,1.3,1.28589953343617
"ambiguous_dropped","full_factorial_only","Growth",-0.0385350475722255,"pH","pH","Non-calcifier","ZOO_STUDY_0029","ZOO_ES_000081","ZOO_COMMON_00043",1,"Non-calcifier_pH",0.06,1.06,1.06011497816304
"ambiguous_dropped","full_factorial_only","Growth",-0.112647909848959,"T","T","Non-calcifier","ZOO_STUDY_0029","ZOO_ES_000084","ZOO_COMMON_00043",1,"Non-calcifier_T",0.18,1.18,1.17269522859249
"ambiguous_dropped","full_factorial_only","Growth",0,"TpH","T + pH","Non-calcifier","ZOO_STUDY_0029","ZOO_ES_000090","ZOO_COMMON_00043",1,"Non-calcifier_T + pH",0.3,1.3,1.3074992579408
"ambiguous_dropped","full_factorial_only","Growth",0.213564373299646,"T","T","Non-calcifier","ZOO_STUDY_0040","ZOO_ES_000107","ZOO_COMMON_00058",1,"Non-calcifier_T",0.18,1.18,1.17373569783056
"ambiguous_dropped","full_factorial_only","Growth",0.204600229109479,"TpH","T + pH","Non-calcifier","ZOO_STUDY_0040","ZOO_ES_000108","ZOO_COMMON_00058",1,"Non-calcifier_T + pH",0.3,1.3,1.29277226903941
"ambiguous_dropped","full_factorial_only","Growth",-0.304083112534752,"pH","pH","Non-calcifier","ZOO_STUDY_0040","ZOO_ES_000111","ZOO_COMMON_00058",1,"Non-calcifier_pH",0.06,1.06,1.06168439727277
"ambiguous_dropped","full_factorial_only","Growth",-0.115990288749138,"pH","pH","Non-calcifier","ZOO_STUDY_0074","ZOO_ES_000272","ZOO_COMMON_00120",1,"Non-calcifier_pH",0.06,1.06,1.07201671801973
"ambiguous_dropped","full_factorial_only","Growth",-0.131137945840767,"T","T","Non-calcifier","ZOO_STUDY_0074","ZOO_ES_000273","ZOO_COMMON_00120",1,"Non-calcifier_T",0.18,1.18,1.16605514689116
"ambiguous_dropped","full_factorial_only","Growth",-0.00016130333126349,"TpH","T + pH","Non-calcifier","ZOO_STUDY_0074","ZOO_ES_000274","ZOO_COMMON_00120",1,"Non-calcifier_T + pH",0.3,1.3,1.29563730593072
"ambiguous_dropped","full_factorial_only","Growth",0.0031685704583431,"T","T","Non-calcifier","ZOO_STUDY_0104","ZOO_ES_000326","ZOO_COMMON_00183",1,"Non-calcifier_T",0.18,1.18,1.16828433434246
"ambiguous_dropped","full_factorial_only","Growth",-0.452574679552519,"pH","pH","Non-calcifier","ZOO_STUDY_0104","ZOO_ES_000327","ZOO_COMMON_00183",1,"Non-calcifier_pH",0.06,1.06,1.06649865267333
"ambiguous_dropped","full_factorial_only","Growth",-0.397247615595923,"TpH","T + pH","Non-calcifier","ZOO_STUDY_0104","ZOO_ES_000328","ZOO_COMMON_00183",1,"Non-calcifier_T + pH",0.3,1.3,1.28419142453931
"ambiguous_dropped","full_factorial_only","Growth",-0.572793313602623,"T","T","Non-calcifier","ZOO_STUDY_0104","ZOO_ES_000329","ZOO_COMMON_00183",1,"Non-calcifier_T",0.18,1.18,1.19818220557179
"ambiguous_dropped","full_factorial_only","Growth",-0.924576311460928,"TpH","T + pH","Non-calcifier","ZOO_STUDY_0104","ZOO_ES_000330","ZOO_COMMON_00183",1,"Non-calcifier_T + pH",0.3,1.3,1.31232840020675
"ambiguous_dropped","full_factorial_only","Growth",-0.2427781264749,"pH","pH","Non-calcifier","ZOO_STUDY_0115","ZOO_ES_000334","ZOO_COMMON_00199",1,"Non-calcifier_pH",0.06,1.06,1.06841423248639
"ambiguous_dropped","full_factorial_only","Growth",-0.317305311096751,"T","T","Non-calcifier","ZOO_STUDY_0115","ZOO_ES_000336","ZOO_COMMON_00199",1,"Non-calcifier_T",0.18,1.18,1.18590089366306
"ambiguous_dropped","full_factorial_only","Growth",-0.316450219565955,"TpH","T + pH","Non-calcifier","ZOO_STUDY_0115","ZOO_ES_000339","ZOO_COMMON_00199",1,"Non-calcifier_T + pH",0.3,1.3,1.29361190301133
"ambiguous_dropped","full_factorial_only","Growth",-1.58534036085504,"pH","pH","Non-calcifier","ZOO_STUDY_0142","ZOO_ES_000359","ZOO_COMMON_00245",1,"Non-calcifier_pH",0.06,1.06,1.06149178429274
"ambiguous_dropped","full_factorial_only","Growth",-0.221516211654834,"pH","pH","Non-calcifier","ZOO_STUDY_0142","ZOO_ES_000361","ZOO_COMMON_00244",1,"Non-calcifier_pH",0.06,1.06,1.07873411714332
"ambiguous_dropped","full_factorial_only","Growth",-1.18442071511855,"T","T","Non-calcifier","ZOO_STUDY_0142","ZOO_ES_000363","ZOO_COMMON_00245",1,"Non-calcifier_T",0.18,1.18,1.184087504989
"ambiguous_dropped","full_factorial_only","Growth",0.0842932453895033,"T","T","Non-calcifier","ZOO_STUDY_0142","ZOO_ES_000365","ZOO_COMMON_00244",1,"Non-calcifier_T",0.18,1.18,1.19698838823941
"ambiguous_dropped","full_factorial_only","Growth",-0.834373609406268,"TpH","T + pH","Non-calcifier","ZOO_STUDY_0142","ZOO_ES_000367","ZOO_COMMON_00245",1,"Non-calcifier_T + pH",0.3,1.3,1.29062240824569
"ambiguous_dropped","full_factorial_only","Growth",-0.522841060510402,"TpH","T + pH","Non-calcifier","ZOO_STUDY_0142","ZOO_ES_000368","ZOO_COMMON_00244",1,"Non-calcifier_T + pH",0.3,1.3,1.3104145161109
"ambiguous_dropped","full_factorial_only","Growth",0.298188917673683,"TpH","T + pH","Non-calcifier","ZOO_STUDY_0151","ZOO_ES_000383","ZOO_COMMON_00258",1,"Non-calcifier_T + pH",0.3,1.3,1.28825089030433
"ambiguous_dropped","full_factorial_only","Growth",0.175327887790356,"T","T","Non-calcifier","ZOO_STUDY_0151","ZOO_ES_000384","ZOO_COMMON_00258",1,"Non-calcifier_T",0.18,1.18,1.18471715970198
"ambiguous_dropped","full_factorial_only","Growth",0.0656144776752874,"pH","pH","Non-calcifier","ZOO_STUDY_0151","ZOO_ES_000385","ZOO_COMMON_00258",1,"Non-calcifier_pH",0.06,1.06,1.05906449002447
"ambiguous_dropped","full_factorial_only","Growth",0.30697527538646,"T","T","Non-calcifier","ZOO_STUDY_0270","ZOO_ES_000518","ZOO_COMMON_00451",1,"Non-calcifier_T",0.18,1.18,1.16825163657311
"ambiguous_dropped","full_factorial_only","Growth",0.277894066085618,"TpH","T + pH","Non-calcifier","ZOO_STUDY_0270","ZOO_ES_000519","ZOO_COMMON_00451",1,"Non-calcifier_T + pH",0.3,1.3,1.30322952173883
"ambiguous_dropped","full_factorial_only","Growth",0.0710110356431887,"pH","pH","Non-calcifier","ZOO_STUDY_0270","ZOO_ES_000523","ZOO_COMMON_00451",1,"Non-calcifier_pH",0.06,1.06,1.08065941115143
"ambiguous_dropped","full_factorial_only","Growth",-0.0137003557064295,"T","T","Non-calcifier","ZOO_STUDY_0279","ZOO_ES_000545","ZOO_COMMON_00470",1,"Non-calcifier_T",0.18,1.18,1.20009371947497
"ambiguous_dropped","full_factorial_only","Growth",-0.0137003557064295,"T","T","Non-calcifier","ZOO_STUDY_0279","ZOO_ES_000546","ZOO_COMMON_00470",1,"Non-calcifier_T",0.18,1.18,1.16870833107503
"ambiguous_dropped","full_factorial_only","Growth",-0.0137003557064295,"TpH","T + pH","Non-calcifier","ZOO_STUDY_0279","ZOO_ES_000547","ZOO_COMMON_00470",1,"Non-calcifier_T + pH",0.3,1.3,1.2910741378204
"ambiguous_dropped","full_factorial_only","Growth",-0.0137003557064295,"TpH","T + pH","Non-calcifier","ZOO_STUDY_0279","ZOO_ES_000548","ZOO_COMMON_00470",1,"Non-calcifier_T + pH",0.3,1.3,1.32428204421885
"ambiguous_dropped","full_factorial_only","Growth",-0.0137003557064295,"pH","pH","Non-calcifier","ZOO_STUDY_0279","ZOO_ES_000549","ZOO_COMMON_00470",1,"Non-calcifier_pH",0.06,1.06,1.06599966550944
"ambiguous_dropped","full_factorial_only","Growth",-0.0372081914897269,"pH","pH","Non-calcifier","ZOO_STUDY_0325","ZOO_ES_000566","ZOO_COMMON_00557",1,"Non-calcifier_pH",0.06,1.06,1.08186570445774
"ambiguous_dropped","full_factorial_only","Growth",-0.0277517809752551,"T","T","Non-calcifier","ZOO_STUDY_0325","ZOO_ES_000567","ZOO_COMMON_00557",1,"Non-calcifier_T",0.18,1.18,1.17832663511625
"ambiguous_dropped","full_factorial_only","Growth",0.0136227291524143,"pH","pH","Non-calcifier","ZOO_STUDY_0325","ZOO_ES_000568","ZOO_COMMON_00557",1,"Non-calcifier_pH",0.06,1.06,1.05534162966302
"ambiguous_dropped","full_factorial_only","Growth",-0.0684998356086047,"TpH","T + pH","Non-calcifier","ZOO_STUDY_0325","ZOO_ES_000569","ZOO_COMMON_00557",1,"Non-calcifier_T + pH",0.3,1.3,1.30796151621034
"ambiguous_dropped","full_factorial_only","Growth",-0.0467812145393425,"TpH","T + pH","Non-calcifier","ZOO_STUDY_0338","ZOO_ES_000598","ZOO_COMMON_00574",1,"Non-calcifier_T + pH",0.3,1.3,1.28261733084219
"ambiguous_dropped","full_factorial_only","Growth",-0.042957118100939,"T","T","Non-calcifier","ZOO_STUDY_0338","ZOO_ES_000599","ZOO_COMMON_00574",1,"Non-calcifier_T",0.18,1.18,1.18364335291088
"ambiguous_dropped","full_factorial_only","Growth",-0.0110295235754996,"T","T","Non-calcifier","ZOO_STUDY_0338","ZOO_ES_000600","ZOO_COMMON_00574",1,"Non-calcifier_T",0.18,1.18,1.16693630134221
"ambiguous_dropped","full_factorial_only","Growth",-0.00918280098233498,"pH","pH","Non-calcifier","ZOO_STUDY_0338","ZOO_ES_000602","ZOO_COMMON_00574",1,"Non-calcifier_pH",0.06,1.06,1.08311794682173
"ambiguous_dropped","full_factorial_only","Growth",0.320045089444388,"T","T","Non-calcifier","ZOO_STUDY_0389","ZOO_ES_000725","ZOO_COMMON_00658",1,"Non-calcifier_T",0.18,1.18,1.18506828629877
"ambiguous_dropped","full_factorial_only","Growth",0.123613955967177,"TpH","T + pH","Non-calcifier","ZOO_STUDY_0389","ZOO_ES_000726","ZOO_COMMON_00658",1,"Non-calcifier_T + pH",0.3,1.3,1.30075148636242
"ambiguous_dropped","full_factorial_only","Growth",-0.258865679362836,"pH","pH","Non-calcifier","ZOO_STUDY_0389","ZOO_ES_000731","ZOO_COMMON_00658",1,"Non-calcifier_pH",0.06,1.06,1.05512866711011
"ambiguous_dropped","full_factorial_only","Growth",0.159064694629687,"pH","pH","Non-calcifier","ZOO_STUDY_0396","ZOO_ES_000773","ZOO_COMMON_00671",1,"Non-calcifier_pH",0.06,1.06,1.0790123270615
"ambiguous_dropped","full_factorial_only","Growth",0.0504308536268919,"T","T","Non-calcifier","ZOO_STUDY_0396","ZOO_ES_000778","ZOO_COMMON_00671",1,"Non-calcifier_T",0.18,1.18,1.17320459323935
"ambiguous_dropped","full_factorial_only","Growth",0.0826917158451134,"TpH","T + pH","Non-calcifier","ZOO_STUDY_0396","ZOO_ES_000781","ZOO_COMMON_00671",1,"Non-calcifier_T + pH",0.3,1.3,1.28941196403466
"ambiguous_dropped","full_factorial_only","Growth",0.102278849120418,"pH","pH","Non-calcifier","ZOO_STUDY_0408","ZOO_ES_000802","ZOO_COMMON_00689",1,"Non-calcifier_pH",0.06,1.06,1.04353226175532
"ambiguous_dropped","full_factorial_only","Growth",0.0741079721537218,"T","T","Non-calcifier","ZOO_STUDY_0408","ZOO_ES_000805","ZOO_COMMON_00689",1,"Non-calcifier_T",0.18,1.18,1.16360858731903
"ambiguous_dropped","full_factorial_only","Growth",-0.0155041865359653,"TpH","T + pH","Non-calcifier","ZOO_STUDY_0408","ZOO_ES_000808","ZOO_COMMON_00689",1,"Non-calcifier_T + pH",0.3,1.3,1.29910213027615
"ambiguous_dropped","full_factorial_only","Growth",-0.00829880281469518,"pH","pH","Non-calcifier","ZOO_STUDY_0438","ZOO_ES_000865","ZOO_COMMON_00746",1,"Non-calcifier_pH",0.06,1.06,1.04764824642567
"ambiguous_dropped","full_factorial_only","Growth",-0.0911864626204628,"T","T","Non-calcifier","ZOO_STUDY_0438","ZOO_ES_000867","ZOO_COMMON_00746",1,"Non-calcifier_T",0.18,1.18,1.16581273948075
"ambiguous_dropped","full_factorial_only","Growth",-0.0692075559016876,"TpH","T + pH","Non-calcifier","ZOO_STUDY_0438","ZOO_ES_000870","ZOO_COMMON_00746",1,"Non-calcifier_T + pH",0.3,1.3,1.30871881940402
"ambiguous_dropped","full_factorial_only","Growth",0.836789882788789,"T","T","Non-calcifier","ZOO_STUDY_0444","ZOO_ES_000879","ZOO_COMMON_00755",1,"Non-calcifier_T",0.18,1.18,1.15738318137126
"ambiguous_dropped","full_factorial_only","Growth",0.74849727564311,"TpH","T + pH","Non-calcifier","ZOO_STUDY_0444","ZOO_ES_000880","ZOO_COMMON_00755",1,"Non-calcifier_T + pH",0.3,1.3,1.31004265437368
"ambiguous_dropped","full_factorial_only","Growth",-0.207014169384326,"pH","pH","Non-calcifier","ZOO_STUDY_0444","ZOO_ES_000881","ZOO_COMMON_00755",1,"Non-calcifier_pH",0.06,1.06,1.05259443192277
"ambiguous_dropped","full_factorial_only","Growth",0.0701890438783816,"pH","pH","Non-calcifier","ZOO_STUDY_0496","ZOO_ES_000943","ZOO_COMMON_00859",1,"Non-calcifier_pH",0.06,1.06,1.05544719989644
"ambiguous_dropped","full_factorial_only","Growth",0.483261128698723,"T","T","Non-calcifier","ZOO_STUDY_0496","ZOO_ES_000947","ZOO_COMMON_00859",1,"Non-calcifier_T",0.18,1.18,1.19604756619781
"ambiguous_dropped","full_factorial_only","Growth",0.365478093042339,"TpH","T + pH","Non-calcifier","ZOO_STUDY_0496","ZOO_ES_000951","ZOO_COMMON_00859",1,"Non-calcifier_T + pH",0.3,1.3,1.32094286740758
"ambiguous_dropped","full_factorial_only","Growth",0.394798340303969,"TpH","T + pH","Non-calcifier","ZOO_STUDY_0502","ZOO_ES_000967","ZOO_COMMON_00866",1,"Non-calcifier_T + pH",0.3,1.3,1.28912641650531
"ambiguous_dropped","full_factorial_only","Growth",0.327336276616912,"T","T","Non-calcifier","ZOO_STUDY_0502","ZOO_ES_000968","ZOO_COMMON_00866",1,"Non-calcifier_T",0.18,1.18,1.20305523968535
"ambiguous_dropped","full_factorial_only","Growth",0.0453739528379181,"pH","pH","Non-calcifier","ZOO_STUDY_0502","ZOO_ES_000971","ZOO_COMMON_00866",1,"Non-calcifier_pH",0.06,1.06,1.0714197214134
"ambiguous_dropped","full_factorial_only","Development",0.217895645332771,"T","T","Calcifier","ZOO_STUDY_0049","ZOO_ES_000119","ZOO_COMMON_00071",2,"Calcifier_T",-0.18,1.82,1.82931875410024
"ambiguous_dropped","full_factorial_only","Development",-0.2419136539962,"T","T","Calcifier","ZOO_STUDY_0049","ZOO_ES_000122","ZOO_COMMON_00071",2,"Calcifier_T",-0.18,1.82,1.79764219713863
"ambiguous_dropped","full_factorial_only","Development",0.635016003997374,"TpH","T + pH","Calcifier","ZOO_STUDY_0049","ZOO_ES_000125","ZOO_COMMON_00071",2,"Calcifier_T + pH",-0.06,1.94,1.93476100673201
"ambiguous_dropped","full_factorial_only","Development",0.528032111359657,"TpH","T + pH","Calcifier","ZOO_STUDY_0049","ZOO_ES_000126","ZOO_COMMON_00071",2,"Calcifier_T + pH",-0.06,1.94,1.93889226899249
"ambiguous_dropped","full_factorial_only","Development",0.517825858240465,"TpH","T + pH","Calcifier","ZOO_STUDY_0049","ZOO_ES_000127","ZOO_COMMON_00071",2,"Calcifier_T + pH",-0.06,1.94,1.9430126631842
"ambiguous_dropped","full_factorial_only","Development",-0.0897699994287095,"T","T","Calcifier","ZOO_STUDY_0048","ZOO_ES_000136","ZOO_COMMON_00070",2,"Calcifier_T",-0.18,1.82,1.82991307974327
"ambiguous_dropped","full_factorial_only","Development",-0.188597317732779,"T","T","Calcifier","ZOO_STUDY_0048","ZOO_ES_000137","ZOO_COMMON_00070",2,"Calcifier_T",-0.18,1.82,1.84078417692101
"ambiguous_dropped","full_factorial_only","Development",0,"TpH","T + pH","Calcifier","ZOO_STUDY_0048","ZOO_ES_000142","ZOO_COMMON_00070",2,"Calcifier_T + pH",-0.06,1.94,1.94591756136855
"ambiguous_dropped","full_factorial_only","Development",-0.0947726898693211,"TpH","T + pH","Calcifier","ZOO_STUDY_0048","ZOO_ES_000143","ZOO_COMMON_00070",2,"Calcifier_T + pH",-0.06,1.94,1.93642107543768
"ambiguous_dropped","full_factorial_only","Development",-0.119984871408325,"TpH","T + pH","Calcifier","ZOO_STUDY_0048","ZOO_ES_000144","ZOO_COMMON_00070",2,"Calcifier_T + pH",-0.06,1.94,1.94210401836084
"ambiguous_dropped","full_factorial_only","Development",0.052986223558646,"pH","pH","Calcifier","ZOO_STUDY_0048","ZOO_ES_000151","ZOO_COMMON_00070",2,"Calcifier_pH",-0.3,1.7,1.67792392442934
"ambiguous_dropped","full_factorial_only","Development",0.0908867731053695,"pH","pH","Calcifier","ZOO_STUDY_0048","ZOO_ES_000152","ZOO_COMMON_00070",2,"Calcifier_pH",-0.3,1.7,1.68804284285288
"ambiguous_dropped","full_factorial_only","Development",0.578136640957215,"pH","pH","Calcifier","ZOO_STUDY_0049","ZOO_ES_000153","ZOO_COMMON_00071",2,"Calcifier_pH",-0.3,1.7,1.6948575976654
"ambiguous_dropped","full_factorial_only","Development",0.666804619398469,"pH","pH","Calcifier","ZOO_STUDY_0049","ZOO_ES_000154","ZOO_COMMON_00071",2,"Calcifier_pH",-0.3,1.7,1.68488723683404
"ambiguous_dropped","full_factorial_only","Development",-0.530495457754758,"T","T","Calcifier","ZOO_STUDY_0051","ZOO_ES_000157","ZOO_COMMON_00073",2,"Calcifier_T",-0.18,1.82,1.83659637814155
"ambiguous_dropped","full_factorial_only","Development",-0.0903670367142763,"T","T","Calcifier","ZOO_STUDY_0051","ZOO_ES_000159","ZOO_COMMON_00073",2,"Calcifier_T",-0.18,1.82,1.80264436114114
"ambiguous_dropped","full_factorial_only","Development",-0.847297860387204,"TpH","T + pH","Calcifier","ZOO_STUDY_0051","ZOO_ES_000160","ZOO_COMMON_00073",2,"Calcifier_T + pH",-0.06,1.94,1.95517092710128
"ambiguous_dropped","full_factorial_only","Development",-0.676072206807367,"TpH","T + pH","Calcifier","ZOO_STUDY_0051","ZOO_ES_000161","ZOO_COMMON_00073",2,"Calcifier_T + pH",-0.06,1.94,1.94234130782774
"ambiguous_dropped","full_factorial_only","Development",-0.214129184962721,"TpH","T + pH","Calcifier","ZOO_STUDY_0051","ZOO_ES_000164","ZOO_COMMON_00073",2,"Calcifier_T + pH",-0.06,1.94,1.94811588210054
"ambiguous_dropped","full_factorial_only","Development",-0.0758781630933192,"TpH","T + pH","Calcifier","ZOO_STUDY_0051","ZOO_ES_000165","ZOO_COMMON_00073",2,"Calcifier_T + pH",-0.06,1.94,1.92358492469415
"ambiguous_dropped","full_factorial_only","Development",-0.0617078855000896,"pH","pH","Calcifier","ZOO_STUDY_0051","ZOO_ES_000166","ZOO_COMMON_00073",2,"Calcifier_pH",-0.3,1.7,1.70665276799118
"ambiguous_dropped","full_factorial_only","Development",-0.138749331878683,"pH","pH","Calcifier","ZOO_STUDY_0051","ZOO_ES_000167","ZOO_COMMON_00073",2,"Calcifier_pH",-0.3,1.7,1.69059348733863
"ambiguous_dropped","full_factorial_only","Development",-0.22299305090005,"pH","pH","Calcifier","ZOO_STUDY_0051","ZOO_ES_000168","ZOO_COMMON_00073",2,"Calcifier_pH",-0.3,1.7,1.71122771732043
"ambiguous_dropped","full_factorial_only","Development",-0.353736092496078,"pH","pH","Calcifier","ZOO_STUDY_0051","ZOO_ES_000169","ZOO_COMMON_00073",2,"Calcifier_pH",-0.3,1.7,1.69494699123316
"ambiguous_dropped","full_factorial_only","Development",-0.214978124570755,"T","T","Calcifier","ZOO_STUDY_0052","ZOO_ES_000180","ZOO_COMMON_00074",2,"Calcifier_T",-0.18,1.82,1.84346782055683
"ambiguous_dropped","full_factorial_only","Development",-0.145787346589673,"T","T","Calcifier","ZOO_STUDY_0052","ZOO_ES_000181","ZOO_COMMON_00074",2,"Calcifier_T",-0.18,1.82,1.84336991853081
"ambiguous_dropped","full_factorial_only","Development",-0.12374821523298,"TpH","T + pH","Calcifier","ZOO_STUDY_0052","ZOO_ES_000185","ZOO_COMMON_00074",2,"Calcifier_T + pH",-0.06,1.94,1.95133512695087
"ambiguous_dropped","full_factorial_only","Development",-0.112966439629692,"TpH","T + pH","Calcifier","ZOO_STUDY_0052","ZOO_ES_000187","ZOO_COMMON_00074",2,"Calcifier_T + pH",-0.06,1.94,1.92786083732266
"ambiguous_dropped","full_factorial_only","Development",-0.0829969195709678,"TpH","T + pH","Calcifier","ZOO_STUDY_0052","ZOO_ES_000190","ZOO_COMMON_00074",2,"Calcifier_T + pH",-0.06,1.94,1.92608939673286
"ambiguous_dropped","full_factorial_only","Development",-0.023064578848294,"TpH","T + pH","Calcifier","ZOO_STUDY_0052","ZOO_ES_000191","ZOO_COMMON_00074",2,"Calcifier_T + pH",-0.06,1.94,1.94465228258399
"ambiguous_dropped","full_factorial_only","Development",-0.00271059381976523,"pH","pH","Calcifier","ZOO_STUDY_0052","ZOO_ES_000192","ZOO_COMMON_00074",2,"Calcifier_pH",-0.3,1.7,1.68837607160676
"ambiguous_dropped","full_factorial_only","Development",-0.0150000190115636,"pH","pH","Calcifier","ZOO_STUDY_0052","ZOO_ES_000193","ZOO_COMMON_00074",2,"Calcifier_pH",-0.3,1.7,1.70155351994326
"ambiguous_dropped","full_factorial_only","Development",-0.971382114120316,"T","T","Calcifier","ZOO_STUDY_0054","ZOO_ES_000194","ZOO_COMMON_00077",2,"Calcifier_T",-0.18,1.82,1.83426458356436
"ambiguous_dropped","full_factorial_only","Development",-0.478414107754332,"T","T","Calcifier","ZOO_STUDY_0054","ZOO_ES_000195","ZOO_COMMON_00077",2,"Calcifier_T",-0.18,1.82,1.8034030405269
"ambiguous_dropped","full_factorial_only","Development",-5.00562275227271,"TpH","T + pH","Calcifier","ZOO_STUDY_0054","ZOO_ES_000196","ZOO_COMMON_00077",2,"Calcifier_T + pH",-0.06,1.94,1.93521995905088
"ambiguous_dropped","full_factorial_only","Development",-3.99402184059423,"TpH","T + pH","Calcifier","ZOO_STUDY_0054","ZOO_ES_000197","ZOO_COMMON_00077",2,"Calcifier_T + pH",-0.06,1.94,1.93857881388161
"ambiguous_dropped","full_factorial_only","Development",-2.31437966948688,"TpH","T + pH","Calcifier","ZOO_STUDY_0054","ZOO_ES_000198","ZOO_COMMON_00077",2,"Calcifier_T + pH",-0.06,1.94,1.95840534034418
"ambiguous_dropped","full_factorial_only","Development",-1.29816691258584,"TpH","T + pH","Calcifier","ZOO_STUDY_0054","ZOO_ES_000199","ZOO_COMMON_00077",2,"Calcifier_T + pH",-0.06,1.94,1.96128539779223
"ambiguous_dropped","full_factorial_only","Development",-0.750010042454489,"pH","pH","Calcifier","ZOO_STUDY_0054","ZOO_ES_000200","ZOO_COMMON_00077",2,"Calcifier_pH",-0.3,1.7,1.71909887796501
"ambiguous_dropped","full_factorial_only","Development",-0.953837804469407,"pH","pH","Calcifier","ZOO_STUDY_0054","ZOO_ES_000201","ZOO_COMMON_00077",2,"Calcifier_pH",-0.3,1.7,1.7087093421258
"ambiguous_dropped","full_factorial_only","Development",-0.109869726784508,"T","T","Calcifier","ZOO_STUDY_0136","ZOO_ES_000345","ZOO_COMMON_00237",2,"Calcifier_T",-0.18,1.82,1.84250834896695
"ambiguous_dropped","full_factorial_only","Development",-0.0166568953715924,"T","T","Calcifier","ZOO_STUDY_0136","ZOO_ES_000346","ZOO_COMMON_00237",2,"Calcifier_T",-0.18,1.82,1.82082224471262
"ambiguous_dropped","full_factorial_only","Development",-0.122199502348718,"TpH","T + pH","Calcifier","ZOO_STUDY_0136","ZOO_ES_000349","ZOO_COMMON_00237",2,"Calcifier_T + pH",-0.06,1.94,1.94382595106494
"ambiguous_dropped","full_factorial_only","Development",-0.115959055478639,"TpH","T + pH","Calcifier","ZOO_STUDY_0136","ZOO_ES_000350","ZOO_COMMON_00237",2,"Calcifier_T + pH",-0.06,1.94,1.93181656029541
"ambiguous_dropped","full_factorial_only","Development",-0.0203507226784949,"TpH","T + pH","Calcifier","ZOO_STUDY_0136","ZOO_ES_000353","ZOO_COMMON_00237",2,"Calcifier_T + pH",-0.06,1.94,1.93236623157049
"ambiguous_dropped","full_factorial_only","Development",-0.00920826137168517,"TpH","T + pH","Calcifier","ZOO_STUDY_0136","ZOO_ES_000355","ZOO_COMMON_00237",2,"Calcifier_T + pH",-0.06,1.94,1.91600121502765
"ambiguous_dropped","full_factorial_only","Development",-0.00738010729762265,"pH","pH","Calcifier","ZOO_STUDY_0136","ZOO_ES_000357","ZOO_COMMON_00237",2,"Calcifier_pH",-0.3,1.7,1.7001406522817
"ambiguous_dropped","full_factorial_only","Development",-0.0334917881868193,"pH","pH","Calcifier","ZOO_STUDY_0136","ZOO_ES_000358","ZOO_COMMON_00237",2,"Calcifier_pH",-0.3,1.7,1.71855217068223
"ambiguous_dropped","full_factorial_only","Development",-0.371215185065086,"T","T","Calcifier","ZOO_STUDY_0158","ZOO_ES_000396","ZOO_COMMON_00277",2,"Calcifier_T",-0.18,1.82,1.79531503919745
"ambiguous_dropped","full_factorial_only","Development",0.675572035738438,"T","T","Calcifier","ZOO_STUDY_0158","ZOO_ES_000399","ZOO_COMMON_00277",2,"Calcifier_T",-0.18,1.82,1.79860285619972
"ambiguous_dropped","full_factorial_only","Development",0.727397103603024,"TpH","T + pH","Calcifier","ZOO_STUDY_0158","ZOO_ES_000404","ZOO_COMMON_00277",2,"Calcifier_T + pH",-0.06,1.94,1.92321056124987
"ambiguous_dropped","full_factorial_only","Development",1.08692991281375,"TpH","T + pH","Calcifier","ZOO_STUDY_0158","ZOO_ES_000405","ZOO_COMMON_00277",2,"Calcifier_T + pH",-0.06,1.94,1.95351670371369
"ambiguous_dropped","full_factorial_only","Development",1.25772822199327,"TpH","T + pH","Calcifier","ZOO_STUDY_0158","ZOO_ES_000406","ZOO_COMMON_00277",2,"Calcifier_T + pH",-0.06,1.94,1.95175921529066
"ambiguous_dropped","full_factorial_only","Development",-0.371215185065086,"pH","pH","Calcifier","ZOO_STUDY_0158","ZOO_ES_000407","ZOO_COMMON_00277",2,"Calcifier_pH",-0.3,1.7,1.72359378178371
"ambiguous_dropped","full_factorial_only","Development",-0.675471365178042,"T","T","Calcifier","ZOO_STUDY_0194","ZOO_ES_000448","ZOO_COMMON_00344",2,"Calcifier_T",-0.18,1.82,1.81832361884182
"ambiguous_dropped","full_factorial_only","Development",-0.125117997246226,"T","T","Calcifier","ZOO_STUDY_0194","ZOO_ES_000449","ZOO_COMMON_00344",2,"Calcifier_T",-0.18,1.82,1.79871922566555
"ambiguous_dropped","full_factorial_only","Development",-0.0965590091892323,"T","T","Calcifier","ZOO_STUDY_0194","ZOO_ES_000450","ZOO_COMMON_00345",2,"Calcifier_T",-0.18,1.82,1.82744090621592
"ambiguous_dropped","full_factorial_only","Development",-0.0502264525482336,"T","T","Calcifier","ZOO_STUDY_0194","ZOO_ES_000451","ZOO_COMMON_00345",2,"Calcifier_T",-0.18,1.82,1.83292965847533
"ambiguous_dropped","full_factorial_only","Development",-0.602980515849976,"TpH","T + pH","Calcifier","ZOO_STUDY_0194","ZOO_ES_000452","ZOO_COMMON_00344",2,"Calcifier_T + pH",-0.06,1.94,1.92185530405026
"ambiguous_dropped","full_factorial_only","Development",-0.554268934054558,"TpH","T + pH","Calcifier","ZOO_STUDY_0194","ZOO_ES_000453","ZOO_COMMON_00344",2,"Calcifier_T + pH",-0.06,1.94,1.93482922973111
"ambiguous_dropped","full_factorial_only","Development",-0.270080186024187,"TpH","T + pH","Calcifier","ZOO_STUDY_0194","ZOO_ES_000454","ZOO_COMMON_00344",2,"Calcifier_T + pH",-0.06,1.94,1.92624926646007
"ambiguous_dropped","full_factorial_only","Development",-0.208816103906119,"TpH","T + pH","Calcifier","ZOO_STUDY_0194","ZOO_ES_000455","ZOO_COMMON_00345",2,"Calcifier_T + pH",-0.06,1.94,1.9178979280265
"ambiguous_dropped","full_factorial_only","Development",-0.180139851082073,"TpH","T + pH","Calcifier","ZOO_STUDY_0194","ZOO_ES_000456","ZOO_COMMON_00345",2,"Calcifier_T + pH",-0.06,1.94,1.9347946344153
"ambiguous_dropped","full_factorial_only","Development",-0.142406519710679,"TpH","T + pH","Calcifier","ZOO_STUDY_0194","ZOO_ES_000457","ZOO_COMMON_00344",2,"Calcifier_T + pH",-0.06,1.94,1.91824641499901
"ambiguous_dropped","full_factorial_only","Development",-0.10981950906085,"TpH","T + pH","Calcifier","ZOO_STUDY_0194","ZOO_ES_000458","ZOO_COMMON_00345",2,"Calcifier_T + pH",-0.06,1.94,1.92629432164598
"ambiguous_dropped","full_factorial_only","Development",-0.0563695170619476,"TpH","T + pH","Calcifier","ZOO_STUDY_0194","ZOO_ES_000459","ZOO_COMMON_00345",2,"Calcifier_T + pH",-0.06,1.94,1.91773145545507
"ambiguous_dropped","full_factorial_only","Development",-0.0333957249300077,"pH","pH","Calcifier","ZOO_STUDY_0194","ZOO_ES_000460","ZOO_COMMON_00344",2,"Calcifier_pH",-0.3,1.7,1.70851410197793
"ambiguous_dropped","full_factorial_only","Development",-0.0546105016567679,"pH","pH","Calcifier","ZOO_STUDY_0194","ZOO_ES_000461","ZOO_COMMON_00345",2,"Calcifier_pH",-0.3,1.7,1.68988708913093
"ambiguous_dropped","full_factorial_only","Development",-0.114473385988739,"pH","pH","Calcifier","ZOO_STUDY_0194","ZOO_ES_000462","ZOO_COMMON_00345",2,"Calcifier_pH",-0.3,1.7,1.68003607911523
"ambiguous_dropped","full_factorial_only","Development",-0.115950629759207,"pH","pH","Calcifier","ZOO_STUDY_0194","ZOO_ES_000463","ZOO_COMMON_00344",2,"Calcifier_pH",-0.3,1.7,1.6785952048609
"ambiguous_dropped","full_factorial_only","Development",0.0576564395341384,"T","T","Calcifier","ZOO_STUDY_0236","ZOO_ES_000481","ZOO_COMMON_00404",2,"Calcifier_T",-0.18,1.82,1.83902202843921
"ambiguous_dropped","full_factorial_only","Development",-0.304426471703717,"TpH","T + pH","Calcifier","ZOO_STUDY_0236","ZOO_ES_000482","ZOO_COMMON_00404",2,"Calcifier_T + pH",-0.06,1.94,1.95271237010369
"ambiguous_dropped","full_factorial_only","Development",-0.0613365176249584,"TpH","T + pH","Calcifier","ZOO_STUDY_0236","ZOO_ES_000485","ZOO_COMMON_00404",2,"Calcifier_T + pH",-0.06,1.94,1.95583029438043
"ambiguous_dropped","full_factorial_only","Development",-0.20233257471741,"pH","pH","Calcifier","ZOO_STUDY_0236","ZOO_ES_000486","ZOO_COMMON_00404",2,"Calcifier_pH",-0.3,1.7,1.72410701868357
"ambiguous_dropped","full_factorial_only","Development",-0.4331725082587,"pH","pH","Calcifier","ZOO_STUDY_0236","ZOO_ES_000487","ZOO_COMMON_00404",2,"Calcifier_pH",-0.3,1.7,1.68017998224823
"ambiguous_dropped","full_factorial_only","Development",-2.19015026789368,"T","T","Calcifier","ZOO_STUDY_0242","ZOO_ES_000494","ZOO_COMMON_00415",2,"Calcifier_T",-0.18,1.82,1.79995209146757
"ambiguous_dropped","full_factorial_only","Development",-0.962389209384601,"T","T","Calcifier","ZOO_STUDY_0242","ZOO_ES_000495","ZOO_COMMON_00413",2,"Calcifier_T",-0.18,1.82,1.83494158055866
"ambiguous_dropped","full_factorial_only","Development",-2.50057988374217,"TpH","T + pH","Calcifier","ZOO_STUDY_0242","ZOO_ES_000499","ZOO_COMMON_00415",2,"Calcifier_T + pH",-0.06,1.94,1.95422876332654
"ambiguous_dropped","full_factorial_only","Development",-0.92676203174145,"TpH","T + pH","Calcifier","ZOO_STUDY_0242","ZOO_ES_000500","ZOO_COMMON_00413",2,"Calcifier_T + pH",-0.06,1.94,1.9154714952549
"ambiguous_dropped","full_factorial_only","Development",0,"pH","pH","Calcifier","ZOO_STUDY_0242","ZOO_ES_000505","ZOO_COMMON_00415",2,"Calcifier_pH",-0.3,1.7,1.71395329413936
"ambiguous_dropped","full_factorial_only","Development",-0.0425596144187959,"pH","pH","Calcifier","ZOO_STUDY_0242","ZOO_ES_000507","ZOO_COMMON_00413",2,"Calcifier_pH",-0.3,1.7,1.71146953259595
"ambiguous_dropped","full_factorial_only","Development",0.582723362945572,"T","T","Calcifier","ZOO_STUDY_0254","ZOO_ES_000511","ZOO_COMMON_00430",2,"Calcifier_T",-0.18,1.82,1.82650659264065
"ambiguous_dropped","full_factorial_only","Development",-0.293761118528163,"TpH","T + pH","Calcifier","ZOO_STUDY_0254","ZOO_ES_000512","ZOO_COMMON_00430",2,"Calcifier_T + pH",-0.06,1.94,1.93904554149834
"ambiguous_dropped","full_factorial_only","Development",-0.343771539102824,"pH","pH","Calcifier","ZOO_STUDY_0254","ZOO_ES_000515","ZOO_COMMON_00430",2,"Calcifier_pH",-0.3,1.7,1.6828318425687
"ambiguous_dropped","full_factorial_only","Development",-0.349181571765757,"pH","pH","Calcifier","ZOO_STUDY_0329","ZOO_ES_000574","ZOO_COMMON_00562",2,"Calcifier_pH",-0.3,1.7,1.67541077599162
"ambiguous_dropped","full_factorial_only","Development",-0.242923562618621,"pH","pH","Calcifier","ZOO_STUDY_0329","ZOO_ES_000575","ZOO_COMMON_00562",2,"Calcifier_pH",-0.3,1.7,1.69762291971128
"ambiguous_dropped","full_factorial_only","Development",0.0400464188260692,"pH","pH","Calcifier","ZOO_STUDY_0329","ZOO_ES_000576","ZOO_COMMON_00563",2,"Calcifier_pH",-0.3,1.7,1.69961466643726
"ambiguous_dropped","full_factorial_only","Development",0.235326760268714,"T","T","Calcifier","ZOO_STUDY_0329","ZOO_ES_000581","ZOO_COMMON_00563",2,"Calcifier_T",-0.18,1.82,1.81447935557691
"ambiguous_dropped","full_factorial_only","Development",-0.82794588574659,"T","T","Calcifier","ZOO_STUDY_0329","ZOO_ES_000582","ZOO_COMMON_00562",2,"Calcifier_T",-0.18,1.82,1.8182332970947
"ambiguous_dropped","full_factorial_only","Development",0.261880608015356,"TpH","T + pH","Calcifier","ZOO_STUDY_0329","ZOO_ES_000587","ZOO_COMMON_00563",2,"Calcifier_T + pH",-0.06,1.94,1.95066395003581
"ambiguous_dropped","full_factorial_only","Development",0.473468024644564,"TpH","T + pH","Calcifier","ZOO_STUDY_0329","ZOO_ES_000588","ZOO_COMMON_00563",2,"Calcifier_T + pH",-0.06,1.94,1.91776509631658
"ambiguous_dropped","full_factorial_only","Development",-0.970091619477025,"TpH","T + pH","Calcifier","ZOO_STUDY_0329","ZOO_ES_000589","ZOO_COMMON_00562",2,"Calcifier_T + pH",-0.06,1.94,1.93273915487574
"ambiguous_dropped","full_factorial_only","Development",-1.01300410303692,"TpH","T + pH","Calcifier","ZOO_STUDY_0329","ZOO_ES_000590","ZOO_COMMON_00562",2,"Calcifier_T + pH",-0.06,1.94,1.95514061364578
"ambiguous_dropped","full_factorial_only","Development",0,"pH","pH","Calcifier","ZOO_STUDY_0329","ZOO_ES_000593","ZOO_COMMON_00563",2,"Calcifier_pH",-0.3,1.7,1.71678544185124
"ambiguous_dropped","full_factorial_only","Development",-2.09896038247941,"T","T","Calcifier","ZOO_STUDY_0370","ZOO_ES_000631","ZOO_COMMON_00630",2,"Calcifier_T",-0.18,1.82,1.80688747024862
"ambiguous_dropped","full_factorial_only","Development",-1.90539160159811,"T","T","Calcifier","ZOO_STUDY_0370","ZOO_ES_000632","ZOO_COMMON_00630",2,"Calcifier_T",-0.18,1.82,1.8126993051311
"ambiguous_dropped","full_factorial_only","Development",-1.18640874100331,"T","T","Calcifier","ZOO_STUDY_0370","ZOO_ES_000633","ZOO_COMMON_00629",2,"Calcifier_T",-0.18,1.82,1.83784427100793
"ambiguous_dropped","full_factorial_only","Development",-0.839153018981071,"T","T","Calcifier","ZOO_STUDY_0370","ZOO_ES_000634","ZOO_COMMON_00629",2,"Calcifier_T",-0.18,1.82,1.83768816869007
"ambiguous_dropped","full_factorial_only","Development",0.31302827621646,"TpH","T + pH","Calcifier","ZOO_STUDY_0370","ZOO_ES_000639","ZOO_COMMON_00629",2,"Calcifier_T + pH",-0.06,1.94,1.92979477277026
"ambiguous_dropped","full_factorial_only","Development",0.481410382323145,"TpH","T + pH","Calcifier","ZOO_STUDY_0370","ZOO_ES_000640","ZOO_COMMON_00629",2,"Calcifier_T + pH",-0.06,1.94,1.92235241622897
"ambiguous_dropped","full_factorial_only","Development",0.488683141652225,"TpH","T + pH","Calcifier","ZOO_STUDY_0370","ZOO_ES_000641","ZOO_COMMON_00629",2,"Calcifier_T + pH",-0.06,1.94,1.95019960306585
"ambiguous_dropped","full_factorial_only","Development",0.533910135619992,"TpH","T + pH","Calcifier","ZOO_STUDY_0370","ZOO_ES_000642","ZOO_COMMON_00629",2,"Calcifier_T + pH",-0.06,1.94,1.92019033441087
"ambiguous_dropped","full_factorial_only","Development",0.00390720887790878,"TpH","T + pH","Calcifier","ZOO_STUDY_0370","ZOO_ES_000643","ZOO_COMMON_00630",2,"Calcifier_T + pH",-0.06,1.94,1.91668638864998
"ambiguous_dropped","full_factorial_only","Development",0.644266144474416,"TpH","T + pH","Calcifier","ZOO_STUDY_0370","ZOO_ES_000644","ZOO_COMMON_00629",2,"Calcifier_T + pH",-0.06,1.94,1.96497022639727
"ambiguous_dropped","full_factorial_only","Development",0.702192922927911,"TpH","T + pH","Calcifier","ZOO_STUDY_0370","ZOO_ES_000645","ZOO_COMMON_00629",2,"Calcifier_T + pH",-0.06,1.94,1.91674374020426
"ambiguous_dropped","full_factorial_only","Development",0.132705262385538,"TpH","T + pH","Calcifier","ZOO_STUDY_0370","ZOO_ES_000646","ZOO_COMMON_00630",2,"Calcifier_T + pH",-0.06,1.94,1.93191956418799
"ambiguous_dropped","full_factorial_only","Development",0.311915061746083,"TpH","T + pH","Calcifier","ZOO_STUDY_0370","ZOO_ES_000647","ZOO_COMMON_00630",2,"Calcifier_T + pH",-0.06,1.94,1.96075318808202
"ambiguous_dropped","full_factorial_only","Development",0.313346957462368,"TpH","T + pH","Calcifier","ZOO_STUDY_0370","ZOO_ES_000648","ZOO_COMMON_00630",2,"Calcifier_T + pH",-0.06,1.94,1.94586176348152
"ambiguous_dropped","full_factorial_only","Development",0.401624449658858,"TpH","T + pH","Calcifier","ZOO_STUDY_0370","ZOO_ES_000649","ZOO_COMMON_00630",2,"Calcifier_T + pH",-0.06,1.94,1.92931426743511
"ambiguous_dropped","full_factorial_only","Development",0.806707409543455,"TpH","T + pH","Calcifier","ZOO_STUDY_0370","ZOO_ES_000650","ZOO_COMMON_00630",2,"Calcifier_T + pH",-0.06,1.94,1.95188987015048
"ambiguous_dropped","full_factorial_only","Development",0.49257744420944,"pH","pH","Calcifier","ZOO_STUDY_0370","ZOO_ES_000663","ZOO_COMMON_00629",2,"Calcifier_pH",-0.3,1.7,1.71670271545881
"ambiguous_dropped","full_factorial_only","Development",0.725555872298549,"pH","pH","Calcifier","ZOO_STUDY_0370","ZOO_ES_000664","ZOO_COMMON_00629",2,"Calcifier_pH",-0.3,1.7,1.69071353902109
"ambiguous_dropped","full_factorial_only","Development",1.00384716701681,"pH","pH","Calcifier","ZOO_STUDY_0370","ZOO_ES_000665","ZOO_COMMON_00629",2,"Calcifier_pH",-0.3,1.7,1.69962832739111
"ambiguous_dropped","full_factorial_only","Development",0.869045739839174,"pH","pH","Calcifier","ZOO_STUDY_0370","ZOO_ES_000666","ZOO_COMMON_00630",2,"Calcifier_pH",-0.3,1.7,1.70986868831096
"ambiguous_dropped","full_factorial_only","Development",0.875081255066169,"pH","pH","Calcifier","ZOO_STUDY_0370","ZOO_ES_000667","ZOO_COMMON_00630",2,"Calcifier_pH",-0.3,1.7,1.70707311769947
"ambiguous_dropped","full_factorial_only","Development",0.894773888411906,"pH","pH","Calcifier","ZOO_STUDY_0370","ZOO_ES_000668","ZOO_COMMON_00630",2,"Calcifier_pH",-0.3,1.7,1.70719614574919
"ambiguous_dropped","full_factorial_only","Development",0.768245006791025,"T","T","Calcifier","ZOO_STUDY_0382","ZOO_ES_000683","ZOO_COMMON_00647",2,"Calcifier_T",-0.18,1.82,1.84389267024118
"ambiguous_dropped","full_factorial_only","Development",0.405465108108164,"T","T","Calcifier","ZOO_STUDY_0382","ZOO_ES_000684","ZOO_COMMON_00645",2,"Calcifier_T",-0.18,1.82,1.81573676672298
"ambiguous_dropped","full_factorial_only","Development",1.76690075387747,"TpH","T + pH","Calcifier","ZOO_STUDY_0382","ZOO_ES_000690","ZOO_COMMON_00647",2,"Calcifier_T + pH",-0.06,1.94,1.920970238999
"ambiguous_dropped","full_factorial_only","Development",1.47176382113457,"TpH","T + pH","Calcifier","ZOO_STUDY_0382","ZOO_ES_000691","ZOO_COMMON_00645",2,"Calcifier_T + pH",-0.06,1.94,1.94130148300668
"ambiguous_dropped","full_factorial_only","Development",1.32786079472645,"TpH","T + pH","Calcifier","ZOO_STUDY_0382","ZOO_ES_000693","ZOO_COMMON_00647",2,"Calcifier_T + pH",-0.06,1.94,1.92625366754131
"ambiguous_dropped","full_factorial_only","Development",1.09861228866811,"TpH","T + pH","Calcifier","ZOO_STUDY_0382","ZOO_ES_000696","ZOO_COMMON_00645",2,"Calcifier_T + pH",-0.06,1.94,1.93932058820268
"ambiguous_dropped","full_factorial_only","Development",0.837345053670609,"pH","pH","Calcifier","ZOO_STUDY_0382","ZOO_ES_000701","ZOO_COMMON_00647",2,"Calcifier_pH",-0.3,1.7,1.69351073992439
"ambiguous_dropped","full_factorial_only","Development",0.826879517624007,"pH","pH","Calcifier","ZOO_STUDY_0382","ZOO_ES_000702","ZOO_COMMON_00645",2,"Calcifier_pH",-0.3,1.7,1.7241675090394
"ambiguous_dropped","full_factorial_only","Development",1.38759334376628,"pH","pH","Calcifier","ZOO_STUDY_0382","ZOO_ES_000705","ZOO_COMMON_00647",2,"Calcifier_pH",-0.3,1.7,1.69441595575772
"ambiguous_dropped","full_factorial_only","Development",1.33135591371134,"pH","pH","Calcifier","ZOO_STUDY_0382","ZOO_ES_000706","ZOO_COMMON_00645",2,"Calcifier_pH",-0.3,1.7,1.68646224201657
"ambiguous_dropped","full_factorial_only","Development",-0.0712962962306679,"pH","pH","Calcifier","ZOO_STUDY_0410","ZOO_ES_000815","ZOO_COMMON_00694",2,"Calcifier_pH",-0.3,1.7,1.70616487731459
"ambiguous_dropped","full_factorial_only","Development",0.256910413785027,"T","T","Calcifier","ZOO_STUDY_0410","ZOO_ES_000817","ZOO_COMMON_00694",2,"Calcifier_T",-0.18,1.82,1.80182700985344
"ambiguous_dropped","full_factorial_only","Development",1.57214798418863,"T","T","Calcifier","ZOO_STUDY_0410","ZOO_ES_000820","ZOO_COMMON_00694",2,"Calcifier_T",-0.18,1.82,1.84337347471621
"ambiguous_dropped","full_factorial_only","Development",0.344735261900619,"TpH","T + pH","Calcifier","ZOO_STUDY_0410","ZOO_ES_000825","ZOO_COMMON_00694",2,"Calcifier_T + pH",-0.06,1.94,1.94075359039474
"ambiguous_dropped","full_factorial_only","Development",1.27816443748531,"TpH","T + pH","Calcifier","ZOO_STUDY_0410","ZOO_ES_000829","ZOO_COMMON_00694",2,"Calcifier_T + pH",-0.06,1.94,1.92315351646161
"ambiguous_dropped","full_factorial_only","Development",0.0927817334509661,"pH","pH","Calcifier","ZOO_STUDY_0410","ZOO_ES_000837","ZOO_COMMON_00694",2,"Calcifier_pH",-0.3,1.7,1.70609511475777
"ambiguous_dropped","full_factorial_only","Development",-0.510277528383676,"T","T","Calcifier","ZOO_STUDY_0432","ZOO_ES_000857","ZOO_COMMON_00739",2,"Calcifier_T",-0.18,1.82,1.84429770826129
"ambiguous_dropped","full_factorial_only","Development",-0.556872301989672,"TpH","T + pH","Calcifier","ZOO_STUDY_0432","ZOO_ES_000859","ZOO_COMMON_00739",2,"Calcifier_T + pH",-0.06,1.94,1.94843857587315
"ambiguous_dropped","full_factorial_only","Development",-0.551362646178702,"TpH","T + pH","Calcifier","ZOO_STUDY_0432","ZOO_ES_000860","ZOO_COMMON_00739",2,"Calcifier_T + pH",-0.06,1.94,1.93594579484547
"ambiguous_dropped","full_factorial_only","Development",-0.0163047090249436,"pH","pH","Calcifier","ZOO_STUDY_0432","ZOO_ES_000863","ZOO_COMMON_00739",2,"Calcifier_pH",-0.3,1.7,1.69116724965861
"ambiguous_dropped","full_factorial_only","Development",-0.239987198643764,"pH","pH","Calcifier","ZOO_STUDY_0432","ZOO_ES_000864","ZOO_COMMON_00739",2,"Calcifier_pH",-0.3,1.7,1.71676276599756
"ambiguous_dropped","full_factorial_only","Development",-0.492974059433225,"T","T","Calcifier","ZOO_STUDY_0490","ZOO_ES_000933","ZOO_COMMON_00842",2,"Calcifier_T",-0.18,1.82,1.80219085218152
"ambiguous_dropped","full_factorial_only","Development",0.23567980958363,"T","T","Calcifier","ZOO_STUDY_0490","ZOO_ES_000936","ZOO_COMMON_00842",2,"Calcifier_T",-0.18,1.82,1.80464079734404
"ambiguous_dropped","full_factorial_only","Development",0.297811590690637,"TpH","T + pH","Calcifier","ZOO_STUDY_0490","ZOO_ES_000938","ZOO_COMMON_00842",2,"Calcifier_T + pH",-0.06,1.94,1.95983693413204
"ambiguous_dropped","full_factorial_only","Development",0.485577807032823,"TpH","T + pH","Calcifier","ZOO_STUDY_0490","ZOO_ES_000940","ZOO_COMMON_00842",2,"Calcifier_T + pH",-0.06,1.94,1.93040597771527
"ambiguous_dropped","full_factorial_only","Development",-0.225604127435426,"pH","pH","Calcifier","ZOO_STUDY_0490","ZOO_ES_000941","ZOO_COMMON_00842",2,"Calcifier_pH",-0.3,1.7,1.69316502717556
"ambiguous_dropped","full_factorial_only","Development",-0.603535021870258,"TpH","T + pH","Calcifier","ZOO_STUDY_0046","ZOO_ES_002005","ZOO_COMMON_00067",2,"Calcifier_T + pH",-0.06,1.94,1.95419732393697
"ambiguous_dropped","full_factorial_only","Development",-0.587786664902119,"TpH","T + pH","Calcifier","ZOO_STUDY_0046","ZOO_ES_002006","ZOO_COMMON_00067",2,"Calcifier_T + pH",-0.06,1.94,1.924668933996
"ambiguous_dropped","full_factorial_only","Development",-0.538996500732687,"T","T","Calcifier","ZOO_STUDY_0046","ZOO_ES_002007","ZOO_COMMON_00067",2,"Calcifier_T",-0.18,1.82,1.79588829059387
"ambiguous_dropped","full_factorial_only","Development",-0.245122458032985,"pH","pH","Calcifier","ZOO_STUDY_0046","ZOO_ES_002008","ZOO_COMMON_00067",2,"Calcifier_pH",-0.3,1.7,1.69533039331436
"ambiguous_dropped","full_factorial_only","Development",-0.0273989741881146,"pH","pH","Calcifier","ZOO_STUDY_0046","ZOO_ES_002009","ZOO_COMMON_00067",2,"Calcifier_pH",-0.3,1.7,1.69915838346351
"ambiguous_dropped","full_factorial_only","Development",-0.0519597389307111,"pH","pH","Calcifier","ZOO_STUDY_0046","ZOO_ES_002015","ZOO_COMMON_00067",2,"Calcifier_pH",-0.3,1.7,1.69609224750893
"ambiguous_dropped","full_factorial_only","Development",-0.052643733485422,"T","T","Calcifier","ZOO_STUDY_0046","ZOO_ES_002016","ZOO_COMMON_00067",2,"Calcifier_T",-0.18,1.82,1.81214044008404
"ambiguous_dropped","full_factorial_only","Development",-0.052643733485422,"TpH","T + pH","Calcifier","ZOO_STUDY_0046","ZOO_ES_002017","ZOO_COMMON_00067",2,"Calcifier_T + pH",-0.06,1.94,1.95832416573307
"ambiguous_dropped","full_factorial_only","Development",-0.137201121513485,"TpH","T + pH","Calcifier","ZOO_STUDY_0046","ZOO_ES_002018","ZOO_COMMON_00067",2,"Calcifier_T + pH",-0.06,1.94,1.93775540254777
"ambiguous_dropped","full_factorial_only","Development",-0.24231346742193,"pH","pH","Calcifier","ZOO_STUDY_0046","ZOO_ES_002019","ZOO_COMMON_00067",2,"Calcifier_pH",-0.3,1.7,1.70168824368156
"ambiguous_dropped","full_factorial_only","Development",0.722174788760165,"T","T","Non-calcifier","ZOO_STUDY_0018","ZOO_ES_000011","ZOO_COMMON_00026",2,"Non-calcifier_T",0.18,2.18,2.20319216659525
"ambiguous_dropped","full_factorial_only","Development",1.87879032553552,"T","T","Non-calcifier","ZOO_STUDY_0018","ZOO_ES_000025","ZOO_COMMON_00026",2,"Non-calcifier_T",0.18,2.18,2.1937295771041
"ambiguous_dropped","full_factorial_only","Development",2.1353524892735,"TpH","T + pH","Non-calcifier","ZOO_STUDY_0018","ZOO_ES_000028","ZOO_COMMON_00026",2,"Non-calcifier_T + pH",0.3,2.3,2.28544381742831
"ambiguous_dropped","full_factorial_only","Development",3.46406901642,"TpH","T + pH","Non-calcifier","ZOO_STUDY_0018","ZOO_ES_000030","ZOO_COMMON_00026",2,"Non-calcifier_T + pH",0.3,2.3,2.29043934163637
"ambiguous_dropped","full_factorial_only","Development",1.81212111669559,"pH","pH","Non-calcifier","ZOO_STUDY_0018","ZOO_ES_000039","ZOO_COMMON_00026",2,"Non-calcifier_pH",0.06,2.06,2.08356712251203
"ambiguous_dropped","full_factorial_only","Development",-0.426017481061486,"T","T","Non-calcifier","ZOO_STUDY_0021","ZOO_ES_000046","ZOO_COMMON_00029",2,"Non-calcifier_T",0.18,2.18,2.18424500467489
"ambiguous_dropped","full_factorial_only","Development",-0.0172790476083523,"TpH","T + pH","Non-calcifier","ZOO_STUDY_0021","ZOO_ES_000051","ZOO_COMMON_00029",2,"Non-calcifier_T + pH",0.3,2.3,2.31304118126864
"ambiguous_dropped","full_factorial_only","Development",-0.350271506903526,"pH","pH","Non-calcifier","ZOO_STUDY_0021","ZOO_ES_000052","ZOO_COMMON_00029",2,"Non-calcifier_pH",0.06,2.06,2.05363546972163
"ambiguous_dropped","full_factorial_only","Development",-0.24247227086771,"T","T","Non-calcifier","ZOO_STUDY_0029","ZOO_ES_000083","ZOO_COMMON_00043",2,"Non-calcifier_T",0.18,2.18,2.19345969556132
"ambiguous_dropped","full_factorial_only","Development",-0.393414040323175,"TpH","T + pH","Non-calcifier","ZOO_STUDY_0029","ZOO_ES_000087","ZOO_COMMON_00043",2,"Non-calcifier_T + pH",0.3,2.3,2.30188385915244
"ambiguous_dropped","full_factorial_only","Development",-0.0796629560265469,"pH","pH","Non-calcifier","ZOO_STUDY_0029","ZOO_ES_000091","ZOO_COMMON_00043",2,"Non-calcifier_pH",0.06,2.06,2.0806997724832
"ambiguous_dropped","full_factorial_only","Development",0.48048895521463,"T","T","Non-calcifier","ZOO_STUDY_0040","ZOO_ES_000104","ZOO_COMMON_00058",2,"Non-calcifier_T",0.18,2.18,2.1642648220947
"ambiguous_dropped","full_factorial_only","Development",0.0652609658943938,"TpH","T + pH","Non-calcifier","ZOO_STUDY_0040","ZOO_ES_000109","ZOO_COMMON_00058",2,"Non-calcifier_T + pH",0.3,2.3,2.28911092086928
"ambiguous_dropped","full_factorial_only","Development",-0.994280949599328,"pH","pH","Non-calcifier","ZOO_STUDY_0040","ZOO_ES_000112","ZOO_COMMON_00058",2,"Non-calcifier_pH",0.06,2.06,2.0397481206595
"ambiguous_dropped","full_factorial_only","Development",0.107355102442473,"pH","pH","Non-calcifier","ZOO_STUDY_0084","ZOO_ES_000275","ZOO_COMMON_00138",2,"Non-calcifier_pH",0.06,2.06,2.04552435395541
"ambiguous_dropped","full_factorial_only","Development",-0.660994614080393,"T","T","Non-calcifier","ZOO_STUDY_0084","ZOO_ES_000279","ZOO_COMMON_00137",2,"Non-calcifier_T",0.18,2.18,2.20385494981427
"ambiguous_dropped","full_factorial_only","Development",0.285254713510237,"T","T","Non-calcifier","ZOO_STUDY_0084","ZOO_ES_000280","ZOO_COMMON_00138",2,"Non-calcifier_T",0.18,2.18,2.16981510876911
"ambiguous_dropped","full_factorial_only","Development",-0.177736036113009,"TpH","T + pH","Non-calcifier","ZOO_STUDY_0084","ZOO_ES_000285","ZOO_COMMON_00137",2,"Non-calcifier_T + pH",0.3,2.3,2.31129915134516
"ambiguous_dropped","full_factorial_only","Development",0.303528470820208,"TpH","T + pH","Non-calcifier","ZOO_STUDY_0084","ZOO_ES_000286","ZOO_COMMON_00138",2,"Non-calcifier_T + pH",0.3,2.3,2.31428439171286
"ambiguous_dropped","full_factorial_only","Development",-0.0141025660334681,"pH","pH","Non-calcifier","ZOO_STUDY_0084","ZOO_ES_000291","ZOO_COMMON_00137",2,"Non-calcifier_pH",0.06,2.06,2.04027088730596
"ambiguous_dropped","full_factorial_only","Development",-0.387387245041568,"T","T","Non-calcifier","ZOO_STUDY_0115","ZOO_ES_000338","ZOO_COMMON_00199",2,"Non-calcifier_T",0.18,2.18,2.16697973145172
"ambiguous_dropped","full_factorial_only","Development",-0.0223077028251391,"TpH","T + pH","Non-calcifier","ZOO_STUDY_0115","ZOO_ES_000341","ZOO_COMMON_00199",2,"Non-calcifier_T + pH",0.3,2.3,2.28852724361932
"ambiguous_dropped","full_factorial_only","Development",-0.210657607516683,"pH","pH","Non-calcifier","ZOO_STUDY_0115","ZOO_ES_000342","ZOO_COMMON_00199",2,"Non-calcifier_pH",0.06,2.06,2.04005292470334
"ambiguous_dropped","full_factorial_only","Development",-0.0071813594086647,"T","T","Non-calcifier","ZOO_STUDY_0149","ZOO_ES_000380","ZOO_COMMON_00255",2,"Non-calcifier_T",0.18,2.18,2.1608956920635
"ambiguous_dropped","full_factorial_only","Development",0.271678124427937,"TpH","T + pH","Non-calcifier","ZOO_STUDY_0149","ZOO_ES_000381","ZOO_COMMON_00255",2,"Non-calcifier_T + pH",0.3,2.3,2.32456182779279
"ambiguous_dropped","full_factorial_only","Development",0.101955799529497,"pH","pH","Non-calcifier","ZOO_STUDY_0149","ZOO_ES_000382","ZOO_COMMON_00255",2,"Non-calcifier_pH",0.06,2.06,2.08430271486519
"ambiguous_dropped","full_factorial_only","Development",0.481303184499669,"T","T","Non-calcifier","ZOO_STUDY_0279","ZOO_ES_000542","ZOO_COMMON_00469",2,"Non-calcifier_T",0.18,2.18,2.1618533735699
"ambiguous_dropped","full_factorial_only","Development",0.28312625591592,"T","T","Non-calcifier","ZOO_STUDY_0279","ZOO_ES_000543","ZOO_COMMON_00469",2,"Non-calcifier_T",0.18,2.18,2.20026547908317
"ambiguous_dropped","full_factorial_only","Development",1.10466061517824,"TpH","T + pH","Non-calcifier","ZOO_STUDY_0279","ZOO_ES_000544","ZOO_COMMON_00469",2,"Non-calcifier_T + pH",0.3,2.3,2.30381509187864
"ambiguous_dropped","full_factorial_only","Development",0.864047689041204,"TpH","T + pH","Non-calcifier","ZOO_STUDY_0279","ZOO_ES_000550","ZOO_COMMON_00469",2,"Non-calcifier_T + pH",0.3,2.3,2.29477244295413
"ambiguous_dropped","full_factorial_only","Development",0.775983186139094,"pH","pH","Non-calcifier","ZOO_STUDY_0279","ZOO_ES_000561","ZOO_COMMON_00469",2,"Non-calcifier_pH",0.06,2.06,2.05749012420652
"ambiguous_dropped","full_factorial_only","Development",-0.227208597562379,"T","T","Non-calcifier","ZOO_STUDY_0365","ZOO_ES_000617","ZOO_COMMON_00618",2,"Non-calcifier_T",0.18,2.18,2.19032509505749
"ambiguous_dropped","full_factorial_only","Development",-0.393568607283863,"TpH","T + pH","Non-calcifier","ZOO_STUDY_0365","ZOO_ES_000619","ZOO_COMMON_00618",2,"Non-calcifier_T + pH",0.3,2.3,2.27912513728952
"ambiguous_dropped","full_factorial_only","Development",-0.167902683603533,"pH","pH","Non-calcifier","ZOO_STUDY_0365","ZOO_ES_000622","ZOO_COMMON_00618",2,"Non-calcifier_pH",0.06,2.06,2.05196562900906
"ambiguous_dropped","full_factorial_only","Development",0.157748315442853,"T","T","Non-calcifier","ZOO_STUDY_0389","ZOO_ES_000733","ZOO_COMMON_00658",2,"Non-calcifier_T",0.18,2.18,2.18903937756084
"ambiguous_dropped","full_factorial_only","Development",0.273134903190662,"TpH","T + pH","Non-calcifier","ZOO_STUDY_0389","ZOO_ES_000734","ZOO_COMMON_00658",2,"Non-calcifier_T + pH",0.3,2.3,2.29084746240405
"ambiguous_dropped","full_factorial_only","Development",0.203920700773314,"pH","pH","Non-calcifier","ZOO_STUDY_0389","ZOO_ES_000735","ZOO_COMMON_00658",2,"Non-calcifier_pH",0.06,2.06,2.07657842990244
"ambiguous_dropped","full_factorial_only","Development",2.11976651829722,"T","T","Non-calcifier","ZOO_STUDY_0426","ZOO_ES_000841","ZOO_COMMON_00728",2,"Non-calcifier_T",0.18,2.18,2.16575860413257
"ambiguous_dropped","full_factorial_only","Development",2.16271189597544,"T","T","Non-calcifier","ZOO_STUDY_0426","ZOO_ES_000842","ZOO_COMMON_00727",2,"Non-calcifier_T",0.18,2.18,2.17989744680934
"ambiguous_dropped","full_factorial_only","Development",2.17317752188159,"TpH","T + pH","Non-calcifier","ZOO_STUDY_0426","ZOO_ES_000846","ZOO_COMMON_00728",2,"Non-calcifier_T + pH",0.3,2.3,2.2888024836313
"ambiguous_dropped","full_factorial_only","Development",2.25900383579248,"TpH","T + pH","Non-calcifier","ZOO_STUDY_0426","ZOO_ES_000848","ZOO_COMMON_00727",2,"Non-calcifier_T + pH",0.3,2.3,2.28460116593633
"ambiguous_dropped","full_factorial_only","Development",-0.331515596981285,"pH","pH","Non-calcifier","ZOO_STUDY_0426","ZOO_ES_000852","ZOO_COMMON_00728",2,"Non-calcifier_pH",0.06,2.06,2.08253106320277
"ambiguous_dropped","full_factorial_only","Development",-0.200533361121483,"pH","pH","Non-calcifier","ZOO_STUDY_0426","ZOO_ES_000854","ZOO_COMMON_00727",2,"Non-calcifier_pH",0.06,2.06,2.05108627688838
"ambiguous_dropped","full_factorial_only","Physiology",-0.728941982637301,"pH","pH","Calcifier","ZOO_STUDY_0049","ZOO_ES_000116","ZOO_COMMON_00071",3,"Calcifier_pH",-0.3,2.7,2.69892281919019
"ambiguous_dropped","full_factorial_only","Physiology",-1.27866369692753,"pH","pH","Calcifier","ZOO_STUDY_0049","ZOO_ES_000117","ZOO_COMMON_00071",3,"Calcifier_pH",-0.3,2.7,2.67639962859685
"ambiguous_dropped","full_factorial_only","Physiology",0.0477702762686865,"T","T","Calcifier","ZOO_STUDY_0049","ZOO_ES_000120","ZOO_COMMON_00071",3,"Calcifier_T",-0.18,2.82,2.82237297340063
"ambiguous_dropped","full_factorial_only","Physiology",-0.304306958421416,"T","T","Calcifier","ZOO_STUDY_0049","ZOO_ES_000121","ZOO_COMMON_00071",3,"Calcifier_T",-0.18,2.82,2.82721201102715
"ambiguous_dropped","full_factorial_only","Physiology",-0.410312427342489,"TpH","T + pH","Calcifier","ZOO_STUDY_0049","ZOO_ES_000128","ZOO_COMMON_00071",3,"Calcifier_T + pH",-0.06,2.94,2.9448131772317
"ambiguous_dropped","full_factorial_only","Physiology",-0.795587986114437,"TpH","T + pH","Calcifier","ZOO_STUDY_0049","ZOO_ES_000130","ZOO_COMMON_00071",3,"Calcifier_T + pH",-0.06,2.94,2.9310968687851
"ambiguous_dropped","full_factorial_only","Physiology",-1.03128400349977,"TpH","T + pH","Calcifier","ZOO_STUDY_0049","ZOO_ES_000131","ZOO_COMMON_00071",3,"Calcifier_T + pH",-0.06,2.94,2.95955571562285
"ambiguous_dropped","full_factorial_only","Physiology",0.0988958959617663,"pH","pH","Calcifier","ZOO_STUDY_0410","ZOO_ES_000811","ZOO_COMMON_00695",3,"Calcifier_pH",-0.3,2.7,2.70631284737028
"ambiguous_dropped","full_factorial_only","Physiology",-0.0262982934762895,"pH","pH","Calcifier","ZOO_STUDY_0410","ZOO_ES_000814","ZOO_COMMON_00695",3,"Calcifier_pH",-0.3,2.7,2.69014524576487
"ambiguous_dropped","full_factorial_only","Physiology",0.00575846416219474,"T","T","Calcifier","ZOO_STUDY_0410","ZOO_ES_000818","ZOO_COMMON_00695",3,"Calcifier_T",-0.18,2.82,2.81441023318795
"ambiguous_dropped","full_factorial_only","Physiology",0.0311691664709181,"T","T","Calcifier","ZOO_STUDY_0410","ZOO_ES_000822","ZOO_COMMON_00695",3,"Calcifier_T",-0.18,2.82,2.80302375462372
"ambiguous_dropped","full_factorial_only","Physiology",0.0969667235293577,"TpH","T + pH","Calcifier","ZOO_STUDY_0410","ZOO_ES_000826","ZOO_COMMON_00695",3,"Calcifier_T + pH",-0.06,2.94,2.95812759487657
"ambiguous_dropped","full_factorial_only","Physiology",0.0264580589630215,"TpH","T + pH","Calcifier","ZOO_STUDY_0410","ZOO_ES_000831","ZOO_COMMON_00695",3,"Calcifier_T + pH",-0.06,2.94,2.96265506068943
"ambiguous_dropped","full_factorial_only","Physiology",0.347491632052266,"TpH","T + pH","Non-calcifier","ZOO_STUDY_0040","ZOO_ES_000105","ZOO_COMMON_00058",3,"Non-calcifier_T + pH",0.3,3.3,3.30318223417271
"ambiguous_dropped","full_factorial_only","Physiology",0.315679804154428,"T","T","Non-calcifier","ZOO_STUDY_0040","ZOO_ES_000106","ZOO_COMMON_00058",3,"Non-calcifier_T",0.18,3.18,3.1714773706696
"ambiguous_dropped","full_factorial_only","Physiology",-0.129976184444304,"pH","pH","Non-calcifier","ZOO_STUDY_0040","ZOO_ES_000110","ZOO_COMMON_00058",3,"Non-calcifier_pH",0.06,3.06,3.08483086093562
"ambiguous_dropped","full_factorial_only","Physiology",-0.313416297054661,"pH","pH","Non-calcifier","ZOO_STUDY_0234","ZOO_ES_000464","ZOO_COMMON_00401",3,"Non-calcifier_pH",0.06,3.06,3.04674098378979
"ambiguous_dropped","full_factorial_only","Physiology",-0.37562402377084,"T","T","Non-calcifier","ZOO_STUDY_0234","ZOO_ES_000465","ZOO_COMMON_00401",3,"Non-calcifier_T",0.18,3.18,3.18563359826338
"ambiguous_dropped","full_factorial_only","Physiology",-0.28345913467596,"T","T","Non-calcifier","ZOO_STUDY_0234","ZOO_ES_000466","ZOO_COMMON_00401",3,"Non-calcifier_T",0.18,3.18,3.16040892647114
"ambiguous_dropped","full_factorial_only","Physiology",-0.252881212776899,"T","T","Non-calcifier","ZOO_STUDY_0234","ZOO_ES_000467","ZOO_COMMON_00401",3,"Non-calcifier_T",0.18,3.18,3.17935162849724
"ambiguous_dropped","full_factorial_only","Physiology",-0.386602846056424,"TpH","T + pH","Non-calcifier","ZOO_STUDY_0234","ZOO_ES_000470","ZOO_COMMON_00401",3,"Non-calcifier_T + pH",0.3,3.3,3.27997229116736
"ambiguous_dropped","full_factorial_only","Physiology",-0.134413010940919,"TpH","T + pH","Non-calcifier","ZOO_STUDY_0234","ZOO_ES_000471","ZOO_COMMON_00401",3,"Non-calcifier_T + pH",0.3,3.3,3.28305828813463
"ambiguous_dropped","full_factorial_only","Physiology",-0.113286684088962,"TpH","T + pH","Non-calcifier","ZOO_STUDY_0234","ZOO_ES_000472","ZOO_COMMON_00401",3,"Non-calcifier_T + pH",0.3,3.3,3.28914964353899
"ambiguous_dropped","full_factorial_only","Physiology",-0.168640325903251,"pH","pH","Non-calcifier","ZOO_STUDY_0270","ZOO_ES_000525","ZOO_COMMON_00450",3,"Non-calcifier_pH",0.06,3.06,3.06419361679815
"ambiguous_dropped","full_factorial_only","Physiology",-0.270501692595796,"TpH","T + pH","Non-calcifier","ZOO_STUDY_0270","ZOO_ES_000526","ZOO_COMMON_00450",3,"Non-calcifier_T + pH",0.3,3.3,3.31158538294258
"ambiguous_dropped","full_factorial_only","Physiology",-0.282784666306329,"T","T","Non-calcifier","ZOO_STUDY_0270","ZOO_ES_000527","ZOO_COMMON_00450",3,"Non-calcifier_T",0.18,3.18,3.16327604555525
"ambiguous_dropped","full_factorial_only","Physiology",0.293677581405703,"TpH","T + pH","Non-calcifier","ZOO_STUDY_0279","ZOO_ES_000556","ZOO_COMMON_00468",3,"Non-calcifier_T + pH",0.3,3.3,3.31832338816021
"ambiguous_dropped","full_factorial_only","Physiology",0.34046851963847,"TpH","T + pH","Non-calcifier","ZOO_STUDY_0279","ZOO_ES_000557","ZOO_COMMON_00468",3,"Non-calcifier_T + pH",0.3,3.3,3.31042870685924
"ambiguous_dropped","full_factorial_only","Physiology",-0.194441624358139,"pH","pH","Non-calcifier","ZOO_STUDY_0279","ZOO_ES_000558","ZOO_COMMON_00468",3,"Non-calcifier_pH",0.06,3.06,3.07301997681148
"ambiguous_dropped","full_factorial_only","Physiology",0.272508895585019,"T","T","Non-calcifier","ZOO_STUDY_0279","ZOO_ES_000559","ZOO_COMMON_00468",3,"Non-calcifier_T",0.18,3.18,3.16235420542769
"ambiguous_dropped","full_factorial_only","Physiology",0.387898840309809,"T","T","Non-calcifier","ZOO_STUDY_0279","ZOO_ES_000560","ZOO_COMMON_00468",3,"Non-calcifier_T",0.18,3.18,3.17290284817107
"ambiguous_dropped","full_factorial_only","Physiology",0.0169783365344178,"T","T","Non-calcifier","ZOO_STUDY_0389","ZOO_ES_000717","ZOO_COMMON_00657",3,"Non-calcifier_T",0.18,3.18,3.18866662407061
"ambiguous_dropped","full_factorial_only","Physiology",-0.0395860766940647,"pH","pH","Non-calcifier","ZOO_STUDY_0389","ZOO_ES_000718","ZOO_COMMON_00657",3,"Non-calcifier_pH",0.06,3.06,3.06119113008259
"ambiguous_dropped","full_factorial_only","Physiology",-0.00228571528085595,"TpH","T + pH","Non-calcifier","ZOO_STUDY_0389","ZOO_ES_000719","ZOO_COMMON_00657",3,"Non-calcifier_T + pH",0.3,3.3,3.29249008963816
"ambiguous_dropped","full_factorial_only","Physiology",0.0350913198112702,"T","T","Non-calcifier","ZOO_STUDY_0389","ZOO_ES_000728","ZOO_COMMON_00657",3,"Non-calcifier_T",0.18,3.18,3.16702653507935
"ambiguous_dropped","full_factorial_only","Physiology",0.00969312920565975,"TpH","T + pH","Non-calcifier","ZOO_STUDY_0389","ZOO_ES_000729","ZOO_COMMON_00657",3,"Non-calcifier_T + pH",0.3,3.3,3.27790958981495
"ambiguous_dropped","full_factorial_only","Physiology",-0.0419951210366033,"pH","pH","Non-calcifier","ZOO_STUDY_0389","ZOO_ES_000730","ZOO_COMMON_00657",3,"Non-calcifier_pH",0.06,3.06,3.04683098710608
"ambiguous_dropped","full_factorial_only","Physiology",-0.0198484658531719,"pH","pH","Non-calcifier","ZOO_STUDY_0493","ZOO_ES_001712","ZOO_COMMON_00855",3,"Non-calcifier_pH",0.06,3.06,3.079503895659
"ambiguous_dropped","full_factorial_only","Physiology",0.26801634884355,"T","T","Non-calcifier","ZOO_STUDY_0493","ZOO_ES_001713","ZOO_COMMON_00855",3,"Non-calcifier_T",0.18,3.18,3.1955913708033
"ambiguous_dropped","full_factorial_only","Physiology",-0.0338465028136832,"TpH","T + pH","Non-calcifier","ZOO_STUDY_0493","ZOO_ES_001714","ZOO_COMMON_00855",3,"Non-calcifier_T + pH",0.3,3.3,3.31237581610912
"ambiguous_dropped","full_factorial_only","Reproduction",-0.228488299473091,"pH","pH","Calcifier","ZOO_STUDY_0024","ZOO_ES_000053","ZOO_COMMON_00034",4,"Calcifier_pH",-0.3,3.7,3.68274558628909
"ambiguous_dropped","full_factorial_only","Reproduction",-0.866891554287605,"T","T","Calcifier","ZOO_STUDY_0024","ZOO_ES_000054","ZOO_COMMON_00034",4,"Calcifier_T",-0.18,3.82,3.80123710443033
"ambiguous_dropped","full_factorial_only","Reproduction",-1.28653586143816,"TpH","T + pH","Calcifier","ZOO_STUDY_0024","ZOO_ES_000055","ZOO_COMMON_00034",4,"Calcifier_T + pH",-0.06,3.94,3.96373629042413
"ambiguous_dropped","full_factorial_only","Reproduction",0.00840390813375961,"pH","pH","Calcifier","ZOO_STUDY_0048","ZOO_ES_000134","ZOO_COMMON_00070",4,"Calcifier_pH",-0.3,3.7,3.69680649980437
"ambiguous_dropped","full_factorial_only","Reproduction",0.0167377787754803,"pH","pH","Calcifier","ZOO_STUDY_0048","ZOO_ES_000135","ZOO_COMMON_00070",4,"Calcifier_pH",-0.3,3.7,3.69820083134109
"ambiguous_dropped","full_factorial_only","Reproduction",-0.0313921708879028,"T","T","Calcifier","ZOO_STUDY_0048","ZOO_ES_000140","ZOO_COMMON_00070",4,"Calcifier_T",-0.18,3.82,3.8032649040618
"ambiguous_dropped","full_factorial_only","Reproduction",-0.0284527933888363,"T","T","Calcifier","ZOO_STUDY_0048","ZOO_ES_000141","ZOO_COMMON_00070",4,"Calcifier_T",-0.18,3.82,3.82424682786688
"ambiguous_dropped","full_factorial_only","Reproduction",-0.0429886492263021,"TpH","T + pH","Calcifier","ZOO_STUDY_0048","ZOO_ES_000148","ZOO_COMMON_00070",4,"Calcifier_T + pH",-0.06,3.94,3.92853890097234
"ambiguous_dropped","full_factorial_only","Reproduction",-0.0284527933888363,"TpH","T + pH","Calcifier","ZOO_STUDY_0048","ZOO_ES_000149","ZOO_COMMON_00070",4,"Calcifier_T + pH",-0.06,3.94,3.92650484601967
"ambiguous_dropped","full_factorial_only","Reproduction",0.0222166057928681,"TpH","T + pH","Calcifier","ZOO_STUDY_0048","ZOO_ES_000150","ZOO_COMMON_00070",4,"Calcifier_T + pH",-0.06,3.94,3.94956039157463
"ambiguous_dropped","full_factorial_only","Reproduction",-0.0147329825813674,"pH","pH","Calcifier","ZOO_STUDY_0056","ZOO_ES_000207","ZOO_COMMON_00084",4,"Calcifier_pH",-0.3,3.7,3.68914261998143
"ambiguous_dropped","full_factorial_only","Reproduction",-0.0101140367250729,"pH","pH","Calcifier","ZOO_STUDY_0056","ZOO_ES_000208","ZOO_COMMON_00084",4,"Calcifier_pH",-0.3,3.7,3.71551990330918
"ambiguous_dropped","full_factorial_only","Reproduction",-0.0273393430069523,"T","T","Calcifier","ZOO_STUDY_0056","ZOO_ES_000209","ZOO_COMMON_00084",4,"Calcifier_T",-0.18,3.82,3.79969583035447
"ambiguous_dropped","full_factorial_only","Reproduction",-0.00335999240909737,"T","T","Calcifier","ZOO_STUDY_0056","ZOO_ES_000210","ZOO_COMMON_00084",4,"Calcifier_T",-0.18,3.82,3.83610150355846
"ambiguous_dropped","full_factorial_only","Reproduction",-0.0760812457927211,"TpH","T + pH","Calcifier","ZOO_STUDY_0056","ZOO_ES_000211","ZOO_COMMON_00084",4,"Calcifier_T + pH",-0.06,3.94,3.93637141403509
"ambiguous_dropped","full_factorial_only","Reproduction",-0.0631351501357972,"TpH","T + pH","Calcifier","ZOO_STUDY_0056","ZOO_ES_000212","ZOO_COMMON_00084",4,"Calcifier_T + pH",-0.06,3.94,3.95279436298646
"ambiguous_dropped","full_factorial_only","Reproduction",-0.0558727472656783,"TpH","T + pH","Calcifier","ZOO_STUDY_0056","ZOO_ES_000213","ZOO_COMMON_00084",4,"Calcifier_T + pH",-0.06,3.94,3.94811927532777
"ambiguous_dropped","full_factorial_only","Reproduction",-0.0258236692755257,"TpH","T + pH","Calcifier","ZOO_STUDY_0056","ZOO_ES_000214","ZOO_COMMON_00084",4,"Calcifier_T + pH",-0.06,3.94,3.93722636984661
"ambiguous_dropped","full_factorial_only","Reproduction",-0.0896251633518588,"pH","pH","Calcifier","ZOO_STUDY_0055","ZOO_ES_000215","ZOO_COMMON_00078",4,"Calcifier_pH",-0.3,3.7,3.70635730922222
"ambiguous_dropped","full_factorial_only","Reproduction",-0.0546673533173339,"pH","pH","Calcifier","ZOO_STUDY_0055","ZOO_ES_000216","ZOO_COMMON_00083",4,"Calcifier_pH",-0.3,3.7,3.67502326745307
"ambiguous_dropped","full_factorial_only","Reproduction",-0.0358811445261542,"pH","pH","Calcifier","ZOO_STUDY_0055","ZOO_ES_000217","ZOO_COMMON_00081",4,"Calcifier_pH",-0.3,3.7,3.68586217570119
"ambiguous_dropped","full_factorial_only","Reproduction",-0.028880200427059,"pH","pH","Calcifier","ZOO_STUDY_0055","ZOO_ES_000218","ZOO_COMMON_00081",4,"Calcifier_pH",-0.3,3.7,3.71024361228338
"ambiguous_dropped","full_factorial_only","Reproduction",-0.0125323336560114,"pH","pH","Calcifier","ZOO_STUDY_0055","ZOO_ES_000219","ZOO_COMMON_00082",4,"Calcifier_pH",-0.3,3.7,3.68575832440984
"ambiguous_dropped","full_factorial_only","Reproduction",-0.0120282105020037,"pH","pH","Calcifier","ZOO_STUDY_0055","ZOO_ES_000220","ZOO_COMMON_00080",4,"Calcifier_pH",-0.3,3.7,3.71569668606389
"ambiguous_dropped","full_factorial_only","Reproduction",-0.00543706901931438,"pH","pH","Calcifier","ZOO_STUDY_0055","ZOO_ES_000221","ZOO_COMMON_00081",4,"Calcifier_pH",-0.3,3.7,3.6903881937149
"ambiguous_dropped","full_factorial_only","Reproduction",0.0025542798050967,"pH","pH","Calcifier","ZOO_STUDY_0055","ZOO_ES_000222","ZOO_COMMON_00082",4,"Calcifier_pH",-0.3,3.7,3.70938713428332
"ambiguous_dropped","full_factorial_only","Reproduction",0.0143335222997484,"pH","pH","Calcifier","ZOO_STUDY_0055","ZOO_ES_000223","ZOO_COMMON_00083",4,"Calcifier_pH",-0.3,3.7,3.72163405395113
"ambiguous_dropped","full_factorial_only","Reproduction",0.0195741286131331,"pH","pH","Calcifier","ZOO_STUDY_0055","ZOO_ES_000224","ZOO_COMMON_00078",4,"Calcifier_pH",-0.3,3.7,3.68078898324165
"ambiguous_dropped","full_factorial_only","Reproduction",0.0196920695321481,"pH","pH","Calcifier","ZOO_STUDY_0055","ZOO_ES_000225","ZOO_COMMON_00079",4,"Calcifier_pH",-0.3,3.7,3.68138528439449
"ambiguous_dropped","full_factorial_only","Reproduction",0.0205962741449164,"pH","pH","Calcifier","ZOO_STUDY_0055","ZOO_ES_000226","ZOO_COMMON_00079",4,"Calcifier_pH",-0.3,3.7,3.70891119287116
"ambiguous_dropped","full_factorial_only","Reproduction",0.0214661621157334,"pH","pH","Calcifier","ZOO_STUDY_0055","ZOO_ES_000227","ZOO_COMMON_00080",4,"Calcifier_pH",-0.3,3.7,3.69644742979435
"ambiguous_dropped","full_factorial_only","Reproduction",0.0214996619102447,"pH","pH","Calcifier","ZOO_STUDY_0055","ZOO_ES_000228","ZOO_COMMON_00079",4,"Calcifier_pH",-0.3,3.7,3.71672004889697
"ambiguous_dropped","full_factorial_only","Reproduction",0.0621413681190702,"pH","pH","Calcifier","ZOO_STUDY_0055","ZOO_ES_000229","ZOO_COMMON_00083",4,"Calcifier_pH",-0.3,3.7,3.72357190334005
"ambiguous_dropped","full_factorial_only","Reproduction",-0.0396326212903048,"T","T","Calcifier","ZOO_STUDY_0055","ZOO_ES_000230","ZOO_COMMON_00080",4,"Calcifier_T",-0.18,3.82,3.79852444888558
"ambiguous_dropped","full_factorial_only","Reproduction",-0.0308140213992867,"T","T","Calcifier","ZOO_STUDY_0055","ZOO_ES_000231","ZOO_COMMON_00081",4,"Calcifier_T",-0.18,3.82,3.81798925966024
"ambiguous_dropped","full_factorial_only","Reproduction",-0.0121416605668557,"T","T","Calcifier","ZOO_STUDY_0055","ZOO_ES_000232","ZOO_COMMON_00078",4,"Calcifier_T",-0.18,3.82,3.8300792559213
"ambiguous_dropped","full_factorial_only","Reproduction",0.000208051597546436,"T","T","Calcifier","ZOO_STUDY_0055","ZOO_ES_000233","ZOO_COMMON_00078",4,"Calcifier_T",-0.18,3.82,3.79934700839687
"ambiguous_dropped","full_factorial_only","Reproduction",0.000340967213623373,"T","T","Calcifier","ZOO_STUDY_0055","ZOO_ES_000234","ZOO_COMMON_00083",4,"Calcifier_T",-0.18,3.82,3.84464720080607
"ambiguous_dropped","full_factorial_only","Reproduction",0.000409962084249605,"T","T","Calcifier","ZOO_STUDY_0055","ZOO_ES_000235","ZOO_COMMON_00079",4,"Calcifier_T",-0.18,3.82,3.80765494970139
"ambiguous_dropped","full_factorial_only","Reproduction",0.0062370264555477,"T","T","Calcifier","ZOO_STUDY_0055","ZOO_ES_000236","ZOO_COMMON_00081",4,"Calcifier_T",-0.18,3.82,3.79747692178236
"ambiguous_dropped","full_factorial_only","Reproduction",0.00706015067221839,"T","T","Calcifier","ZOO_STUDY_0055","ZOO_ES_000237","ZOO_COMMON_00080",4,"Calcifier_T",-0.18,3.82,3.82931624734076
"ambiguous_dropped","full_factorial_only","Reproduction",0.0189882335974063,"T","T","Calcifier","ZOO_STUDY_0055","ZOO_ES_000238","ZOO_COMMON_00079",4,"Calcifier_T",-0.18,3.82,3.83434636763297
"ambiguous_dropped","full_factorial_only","Reproduction",0.0204777632681342,"T","T","Calcifier","ZOO_STUDY_0055","ZOO_ES_000239","ZOO_COMMON_00083",4,"Calcifier_T",-0.18,3.82,3.81268030379899
"ambiguous_dropped","full_factorial_only","Reproduction",0.0210163426448322,"T","T","Calcifier","ZOO_STUDY_0055","ZOO_ES_000240","ZOO_COMMON_00082",4,"Calcifier_T",-0.18,3.82,3.81332207224797
"ambiguous_dropped","full_factorial_only","Reproduction",0.0406396138289714,"T","T","Calcifier","ZOO_STUDY_0055","ZOO_ES_000241","ZOO_COMMON_00082",4,"Calcifier_T",-0.18,3.82,3.80935500653461
"ambiguous_dropped","full_factorial_only","Reproduction",-0.141938448977054,"TpH","T + pH","Calcifier","ZOO_STUDY_0055","ZOO_ES_000242","ZOO_COMMON_00081",4,"Calcifier_T + pH",-0.06,3.94,3.91899864561623
"ambiguous_dropped","full_factorial_only","Reproduction",-0.128445145395098,"TpH","T + pH","Calcifier","ZOO_STUDY_0055","ZOO_ES_000243","ZOO_COMMON_00082",4,"Calcifier_T + pH",-0.06,3.94,3.93327271347865
"ambiguous_dropped","full_factorial_only","Reproduction",-0.094413814193929,"TpH","T + pH","Calcifier","ZOO_STUDY_0055","ZOO_ES_000244","ZOO_COMMON_00081",4,"Calcifier_T + pH",-0.06,3.94,3.92390069073066
"ambiguous_dropped","full_factorial_only","Reproduction",-0.0621638663253489,"TpH","T + pH","Calcifier","ZOO_STUDY_0055","ZOO_ES_000245","ZOO_COMMON_00081",4,"Calcifier_T + pH",-0.06,3.94,3.94180268603144
"ambiguous_dropped","full_factorial_only","Reproduction",-0.0575296707442177,"TpH","T + pH","Calcifier","ZOO_STUDY_0055","ZOO_ES_000246","ZOO_COMMON_00080",4,"Calcifier_T + pH",-0.06,3.94,3.94019743560115
"ambiguous_dropped","full_factorial_only","Reproduction",-0.0518003361594221,"TpH","T + pH","Calcifier","ZOO_STUDY_0055","ZOO_ES_000247","ZOO_COMMON_00080",4,"Calcifier_T + pH",-0.06,3.94,3.96225175517378
"ambiguous_dropped","full_factorial_only","Reproduction",-0.034908854707215,"TpH","T + pH","Calcifier","ZOO_STUDY_0055","ZOO_ES_000248","ZOO_COMMON_00081",4,"Calcifier_T + pH",-0.06,3.94,3.93206606419757
"ambiguous_dropped","full_factorial_only","Reproduction",-0.0332384204069749,"TpH","T + pH","Calcifier","ZOO_STUDY_0055","ZOO_ES_000249","ZOO_COMMON_00082",4,"Calcifier_T + pH",-0.06,3.94,3.93823568870779
"ambiguous_dropped","full_factorial_only","Reproduction",-0.0176735086174976,"TpH","T + pH","Calcifier","ZOO_STUDY_0055","ZOO_ES_000250","ZOO_COMMON_00081",4,"Calcifier_T + pH",-0.06,3.94,3.91912655908149
"ambiguous_dropped","full_factorial_only","Reproduction",-0.0171956001175166,"TpH","T + pH","Calcifier","ZOO_STUDY_0055","ZOO_ES_000251","ZOO_COMMON_00080",4,"Calcifier_T + pH",-0.06,3.94,3.95800534230424
"ambiguous_dropped","full_factorial_only","Reproduction",-0.0164686157638017,"TpH","T + pH","Calcifier","ZOO_STUDY_0055","ZOO_ES_000252","ZOO_COMMON_00078",4,"Calcifier_T + pH",-0.06,3.94,3.93478303199867
"ambiguous_dropped","full_factorial_only","Reproduction",-0.0116921325287513,"TpH","T + pH","Calcifier","ZOO_STUDY_0055","ZOO_ES_000253","ZOO_COMMON_00080",4,"Calcifier_T + pH",-0.06,3.94,3.95179496751865
"ambiguous_dropped","full_factorial_only","Reproduction",-0.0112995552539334,"TpH","T + pH","Calcifier","ZOO_STUDY_0055","ZOO_ES_000254","ZOO_COMMON_00078",4,"Calcifier_T + pH",-0.06,3.94,3.92358717029914
"ambiguous_dropped","full_factorial_only","Reproduction",-0.01119434193383,"TpH","T + pH","Calcifier","ZOO_STUDY_0055","ZOO_ES_000255","ZOO_COMMON_00078",4,"Calcifier_T + pH",-0.06,3.94,3.93773808156606
"ambiguous_dropped","full_factorial_only","Reproduction",-0.0103530336499026,"TpH","T + pH","Calcifier","ZOO_STUDY_0055","ZOO_ES_000256","ZOO_COMMON_00078",4,"Calcifier_T + pH",-0.06,3.94,3.95351023797179
"ambiguous_dropped","full_factorial_only","Reproduction",-0.003564669030296,"TpH","T + pH","Calcifier","ZOO_STUDY_0055","ZOO_ES_000257","ZOO_COMMON_00082",4,"Calcifier_T + pH",-0.06,3.94,3.91813249991741
"ambiguous_dropped","full_factorial_only","Reproduction",0.00177111053225457,"TpH","T + pH","Calcifier","ZOO_STUDY_0055","ZOO_ES_000258","ZOO_COMMON_00081",4,"Calcifier_T + pH",-0.06,3.94,3.95575407475466
"ambiguous_dropped","full_factorial_only","Reproduction",0.00225271444845955,"TpH","T + pH","Calcifier","ZOO_STUDY_0055","ZOO_ES_000259","ZOO_COMMON_00079",4,"Calcifier_T + pH",-0.06,3.94,3.93005712622311
"ambiguous_dropped","full_factorial_only","Reproduction",0.00307062677296501,"TpH","T + pH","Calcifier","ZOO_STUDY_0055","ZOO_ES_000260","ZOO_COMMON_00079",4,"Calcifier_T + pH",-0.06,3.94,3.93323355139932
"ambiguous_dropped","full_factorial_only","Reproduction",0.0145527424546199,"TpH","T + pH","Calcifier","ZOO_STUDY_0055","ZOO_ES_000261","ZOO_COMMON_00079",4,"Calcifier_T + pH",-0.06,3.94,3.93060563959647
"ambiguous_dropped","full_factorial_only","Reproduction",0.0154616039158185,"TpH","T + pH","Calcifier","ZOO_STUDY_0055","ZOO_ES_000262","ZOO_COMMON_00079",4,"Calcifier_T + pH",-0.06,3.94,3.91686849824386
"ambiguous_dropped","full_factorial_only","Reproduction",0.0198930745579506,"TpH","T + pH","Calcifier","ZOO_STUDY_0055","ZOO_ES_000263","ZOO_COMMON_00079",4,"Calcifier_T + pH",-0.06,3.94,3.94094024616992
"ambiguous_dropped","full_factorial_only","Reproduction",0.020094039188852,"TpH","T + pH","Calcifier","ZOO_STUDY_0055","ZOO_ES_000264","ZOO_COMMON_00079",4,"Calcifier_T + pH",-0.06,3.94,3.94895067078527
"ambiguous_dropped","full_factorial_only","Reproduction",0.0222581131319591,"TpH","T + pH","Calcifier","ZOO_STUDY_0055","ZOO_ES_000265","ZOO_COMMON_00083",4,"Calcifier_T + pH",-0.06,3.94,3.96016167801339
"ambiguous_dropped","full_factorial_only","Reproduction",0.0421332660857549,"TpH","T + pH","Calcifier","ZOO_STUDY_0055","ZOO_ES_000266","ZOO_COMMON_00082",4,"Calcifier_T + pH",-0.06,3.94,3.9162763349223
"ambiguous_dropped","full_factorial_only","Reproduction",0.0485898593806657,"TpH","T + pH","Calcifier","ZOO_STUDY_0055","ZOO_ES_000267","ZOO_COMMON_00083",4,"Calcifier_T + pH",-0.06,3.94,3.96445391353685
"ambiguous_dropped","full_factorial_only","Reproduction",0.0543124901250529,"TpH","T + pH","Calcifier","ZOO_STUDY_0055","ZOO_ES_000268","ZOO_COMMON_00083",4,"Calcifier_T + pH",-0.06,3.94,3.93014438122977
"ambiguous_dropped","full_factorial_only","Reproduction",0.0544201501348463,"TpH","T + pH","Calcifier","ZOO_STUDY_0055","ZOO_ES_000269","ZOO_COMMON_00083",4,"Calcifier_T + pH",-0.06,3.94,3.96195692003006
"ambiguous_dropped","full_factorial_only","Reproduction",0.0560336609458259,"TpH","T + pH","Calcifier","ZOO_STUDY_0055","ZOO_ES_000270","ZOO_COMMON_00083",4,"Calcifier_T + pH",-0.06,3.94,3.94938037908636
"ambiguous_dropped","full_factorial_only","Reproduction",0.0622481886073413,"TpH","T + pH","Calcifier","ZOO_STUDY_0055","ZOO_ES_000271","ZOO_COMMON_00083",4,"Calcifier_T + pH",-0.06,3.94,3.9373518497427
"ambiguous_dropped","full_factorial_only","Reproduction",-0.0117190866739661,"pH","pH","Calcifier","ZOO_STUDY_0136","ZOO_ES_000343","ZOO_COMMON_00236",4,"Calcifier_pH",-0.3,3.7,3.71582390693948
"ambiguous_dropped","full_factorial_only","Reproduction",0,"pH","pH","Calcifier","ZOO_STUDY_0136","ZOO_ES_000344","ZOO_COMMON_00236",4,"Calcifier_pH",-0.3,3.7,3.67697495989269
"ambiguous_dropped","full_factorial_only","Reproduction",0,"T","T","Calcifier","ZOO_STUDY_0136","ZOO_ES_000347","ZOO_COMMON_00236",4,"Calcifier_T",-0.18,3.82,3.83195158427581
"ambiguous_dropped","full_factorial_only","Reproduction",0.0191979755035902,"T","T","Calcifier","ZOO_STUDY_0136","ZOO_ES_000348","ZOO_COMMON_00236",4,"Calcifier_T",-0.18,3.82,3.81243597468594
"ambiguous_dropped","full_factorial_only","Reproduction",-0.112730864243836,"TpH","T + pH","Calcifier","ZOO_STUDY_0136","ZOO_ES_000351","ZOO_COMMON_00236",4,"Calcifier_T + pH",-0.06,3.94,3.95646254117368
"ambiguous_dropped","full_factorial_only","Reproduction",-0.112730864243836,"TpH","T + pH","Calcifier","ZOO_STUDY_0136","ZOO_ES_000352","ZOO_COMMON_00236",4,"Calcifier_T + pH",-0.06,3.94,3.94177706958493
"ambiguous_dropped","full_factorial_only","Reproduction",-0.0195737639111572,"TpH","T + pH","Calcifier","ZOO_STUDY_0136","ZOO_ES_000354","ZOO_COMMON_00236",4,"Calcifier_T + pH",-0.06,3.94,3.92872726818081
"ambiguous_dropped","full_factorial_only","Reproduction",0.00585969294226813,"TpH","T + pH","Calcifier","ZOO_STUDY_0136","ZOO_ES_000356","ZOO_COMMON_00236",4,"Calcifier_T + pH",-0.06,3.94,3.95504741059616
"ambiguous_dropped","full_factorial_only","Reproduction",-0.0696514161271492,"pH","pH","Calcifier","ZOO_STUDY_0159","ZOO_ES_000408","ZOO_COMMON_00278",4,"Calcifier_pH",-0.3,3.7,3.67958223473979
"ambiguous_dropped","full_factorial_only","Reproduction",-2.10802398915168,"pH","pH","Calcifier","ZOO_STUDY_0159","ZOO_ES_000409","ZOO_COMMON_00279",4,"Calcifier_pH",-0.3,3.7,3.71660538871074
"ambiguous_dropped","full_factorial_only","Reproduction",-0.0153167041118933,"pH","pH","Calcifier","ZOO_STUDY_0159","ZOO_ES_000410","ZOO_COMMON_00280",4,"Calcifier_pH",-0.3,3.7,3.68884275362361
"ambiguous_dropped","full_factorial_only","Reproduction",-0.010411444460838,"pH","pH","Calcifier","ZOO_STUDY_0159","ZOO_ES_000411","ZOO_COMMON_00281",4,"Calcifier_pH",-0.3,3.7,3.71265550497919
"ambiguous_dropped","full_factorial_only","Reproduction",-0.0593837125953655,"T","T","Calcifier","ZOO_STUDY_0159","ZOO_ES_000412","ZOO_COMMON_00278",4,"Calcifier_T",-0.18,3.82,3.84320762850577
"ambiguous_dropped","full_factorial_only","Reproduction",0.189911134213502,"T","T","Calcifier","ZOO_STUDY_0159","ZOO_ES_000413","ZOO_COMMON_00279",4,"Calcifier_T",-0.18,3.82,3.79907332800096
"ambiguous_dropped","full_factorial_only","Reproduction",-0.0360417713472657,"T","T","Calcifier","ZOO_STUDY_0159","ZOO_ES_000414","ZOO_COMMON_00280",4,"Calcifier_T",-0.18,3.82,3.83771823732415
"ambiguous_dropped","full_factorial_only","Reproduction",-0.0360417713472657,"T","T","Calcifier","ZOO_STUDY_0159","ZOO_ES_000415","ZOO_COMMON_00280",4,"Calcifier_T",-0.18,3.82,3.83511191085447
"ambiguous_dropped","full_factorial_only","Reproduction",-0.0256255476389727,"T","T","Calcifier","ZOO_STUDY_0159","ZOO_ES_000416","ZOO_COMMON_00280",4,"Calcifier_T",-0.18,3.82,3.81425868022954
"ambiguous_dropped","full_factorial_only","Reproduction",-1.55441984147066,"T","T","Calcifier","ZOO_STUDY_0159","ZOO_ES_000417","ZOO_COMMON_00281",4,"Calcifier_T",-0.18,3.82,3.81137986995047
"ambiguous_dropped","full_factorial_only","Reproduction",-0.463848766926229,"T","T","Calcifier","ZOO_STUDY_0159","ZOO_ES_000418","ZOO_COMMON_00281",4,"Calcifier_T",-0.18,3.82,3.80524693514919
"ambiguous_dropped","full_factorial_only","Reproduction",-0.010411444460838,"T","T","Calcifier","ZOO_STUDY_0159","ZOO_ES_000419","ZOO_COMMON_00281",4,"Calcifier_T",-0.18,3.82,3.8234691331326
"ambiguous_dropped","full_factorial_only","Reproduction",-0.101102653481287,"TpH","T + pH","Calcifier","ZOO_STUDY_0159","ZOO_ES_000420","ZOO_COMMON_00278",4,"Calcifier_T + pH",-0.06,3.94,3.9594027595222
"ambiguous_dropped","full_factorial_only","Reproduction",-1.28005758578279,"TpH","T + pH","Calcifier","ZOO_STUDY_0159","ZOO_ES_000421","ZOO_COMMON_00279",4,"Calcifier_T + pH",-0.06,3.94,3.94148570457241
"ambiguous_dropped","full_factorial_only","Reproduction",-0.0412387480165977,"TpH","T + pH","Calcifier","ZOO_STUDY_0159","ZOO_ES_000422","ZOO_COMMON_00280",4,"Calcifier_T + pH",-0.06,3.94,3.9443479328393
"ambiguous_dropped","full_factorial_only","Reproduction",-0.0412387480165977,"TpH","T + pH","Calcifier","ZOO_STUDY_0159","ZOO_ES_000423","ZOO_COMMON_00280",4,"Calcifier_T + pH",-0.06,3.94,3.94828675712692
"ambiguous_dropped","full_factorial_only","Reproduction",-0.0412387480165977,"TpH","T + pH","Calcifier","ZOO_STUDY_0159","ZOO_ES_000424","ZOO_COMMON_00280",4,"Calcifier_T + pH",-0.06,3.94,3.94149462292902
"ambiguous_dropped","full_factorial_only","Reproduction",-0.0307685336716365,"TpH","T + pH","Calcifier","ZOO_STUDY_0159","ZOO_ES_000425","ZOO_COMMON_00280",4,"Calcifier_T + pH",-0.06,3.94,3.94049214496976
"ambiguous_dropped","full_factorial_only","Reproduction",-0.0204068097776626,"TpH","T + pH","Calcifier","ZOO_STUDY_0159","ZOO_ES_000426","ZOO_COMMON_00280",4,"Calcifier_T + pH",-0.06,3.94,3.91580802404555
"ambiguous_dropped","full_factorial_only","Reproduction",-1.43925649776129,"TpH","T + pH","Calcifier","ZOO_STUDY_0159","ZOO_ES_000427","ZOO_COMMON_00281",4,"Calcifier_T + pH",-0.06,3.94,3.91738549924688
"ambiguous_dropped","full_factorial_only","Reproduction",-0.305026310579449,"TpH","T + pH","Calcifier","ZOO_STUDY_0159","ZOO_ES_000428","ZOO_COMMON_00281",4,"Calcifier_T + pH",-0.06,3.94,3.96146753412671
"ambiguous_dropped","full_factorial_only","Reproduction",-0.0261304858022802,"TpH","T + pH","Calcifier","ZOO_STUDY_0159","ZOO_ES_000429","ZOO_COMMON_00281",4,"Calcifier_T + pH",-0.06,3.94,3.95346427693497
"ambiguous_dropped","full_factorial_only","Reproduction",0.00603810473614058,"pH","pH","Calcifier","ZOO_STUDY_0170","ZOO_ES_000435","ZOO_COMMON_00297",4,"Calcifier_pH",-0.3,3.7,3.6850540308049
"ambiguous_dropped","full_factorial_only","Reproduction",-3.84840209594308,"T","T","Calcifier","ZOO_STUDY_0170","ZOO_ES_000436","ZOO_COMMON_00297",4,"Calcifier_T",-0.18,3.82,3.82751307501923
"ambiguous_dropped","full_factorial_only","Reproduction",-0.484881992549056,"T","T","Calcifier","ZOO_STUDY_0170","ZOO_ES_000437","ZOO_COMMON_00297",4,"Calcifier_T",-0.18,3.82,3.82768833411857
"ambiguous_dropped","full_factorial_only","Reproduction",-0.279562320150024,"T","T","Calcifier","ZOO_STUDY_0170","ZOO_ES_000438","ZOO_COMMON_00297",4,"Calcifier_T",-0.18,3.82,3.81476268807193
"ambiguous_dropped","full_factorial_only","Reproduction",-0.431840652456186,"TpH","T + pH","Calcifier","ZOO_STUDY_0170","ZOO_ES_000439","ZOO_COMMON_00297",4,"Calcifier_T + pH",-0.06,3.94,3.95561524142744
"ambiguous_dropped","full_factorial_only","Reproduction",-0.190883613450939,"TpH","T + pH","Calcifier","ZOO_STUDY_0170","ZOO_ES_000440","ZOO_COMMON_00297",4,"Calcifier_T + pH",-0.06,3.94,3.94235117088305
"ambiguous_dropped","full_factorial_only","Reproduction",-0.050723591988887,"pH","pH","Calcifier","ZOO_STUDY_0242","ZOO_ES_000489","ZOO_COMMON_00413",4,"Calcifier_pH",-0.3,3.7,3.71925663257716
"ambiguous_dropped","full_factorial_only","Reproduction",-0.0266562988657313,"pH","pH","Calcifier","ZOO_STUDY_0242","ZOO_ES_000491","ZOO_COMMON_00415",4,"Calcifier_pH",-0.3,3.7,3.70266569937812
"ambiguous_dropped","full_factorial_only","Reproduction",-0.459624435005238,"T","T","Calcifier","ZOO_STUDY_0242","ZOO_ES_000496","ZOO_COMMON_00415",4,"Calcifier_T",-0.18,3.82,3.84030240558088
"ambiguous_dropped","full_factorial_only","Reproduction",-0.0357783689623086,"T","T","Calcifier","ZOO_STUDY_0242","ZOO_ES_000497","ZOO_COMMON_00415",4,"Calcifier_T",-0.18,3.82,3.82437306835083
"ambiguous_dropped","full_factorial_only","Reproduction",0.0762825495404812,"T","T","Calcifier","ZOO_STUDY_0242","ZOO_ES_000498","ZOO_COMMON_00413",4,"Calcifier_T",-0.18,3.82,3.81617318254896
"ambiguous_dropped","full_factorial_only","Reproduction",-0.641875990749148,"TpH","T + pH","Calcifier","ZOO_STUDY_0242","ZOO_ES_000501","ZOO_COMMON_00415",4,"Calcifier_T + pH",-0.06,3.94,3.96247926614946
"ambiguous_dropped","full_factorial_only","Reproduction",-0.0634191949728097,"TpH","T + pH","Calcifier","ZOO_STUDY_0242","ZOO_ES_000502","ZOO_COMMON_00415",4,"Calcifier_T + pH",-0.06,3.94,3.95045189517317
"ambiguous_dropped","full_factorial_only","Reproduction",0.0197213724060976,"TpH","T + pH","Calcifier","ZOO_STUDY_0242","ZOO_ES_000503","ZOO_COMMON_00413",4,"Calcifier_T + pH",-0.06,3.94,3.93566527040442
"ambiguous_dropped","full_factorial_only","Reproduction",-0.337958848327404,"pH","pH","Calcifier","ZOO_STUDY_0370","ZOO_ES_000625","ZOO_COMMON_00630",4,"Calcifier_pH",-0.3,3.7,3.67591820418602
"ambiguous_dropped","full_factorial_only","Reproduction",-0.229048633201924,"pH","pH","Calcifier","ZOO_STUDY_0370","ZOO_ES_000626","ZOO_COMMON_00630",4,"Calcifier_pH",-0.3,3.7,3.7033367041382
"ambiguous_dropped","full_factorial_only","Reproduction",-0.197214517123244,"pH","pH","Calcifier","ZOO_STUDY_0370","ZOO_ES_000627","ZOO_COMMON_00630",4,"Calcifier_pH",-0.3,3.7,3.69950317265466
"ambiguous_dropped","full_factorial_only","Reproduction",-0.256826630114416,"pH","pH","Calcifier","ZOO_STUDY_0370","ZOO_ES_000628","ZOO_COMMON_00629",4,"Calcifier_pH",-0.3,3.7,3.71893370106118
"ambiguous_dropped","full_factorial_only","Reproduction",-0.236189105219842,"pH","pH","Calcifier","ZOO_STUDY_0370","ZOO_ES_000629","ZOO_COMMON_00629",4,"Calcifier_pH",-0.3,3.7,3.71564263439504
"ambiguous_dropped","full_factorial_only","Reproduction",-0.176577715614703,"pH","pH","Calcifier","ZOO_STUDY_0370","ZOO_ES_000630","ZOO_COMMON_00629",4,"Calcifier_pH",-0.3,3.7,3.71770499887643
"ambiguous_dropped","full_factorial_only","Reproduction",0.205746723412701,"T","T","Calcifier","ZOO_STUDY_0370","ZOO_ES_000635","ZOO_COMMON_00630",4,"Calcifier_T",-0.18,3.82,3.81339479738846
"ambiguous_dropped","full_factorial_only","Reproduction",-0.0295806918820425,"T","T","Calcifier","ZOO_STUDY_0370","ZOO_ES_000636","ZOO_COMMON_00629",4,"Calcifier_T",-0.18,3.82,3.83869749564212
"ambiguous_dropped","full_factorial_only","Reproduction",0.485507815781701,"T","T","Calcifier","ZOO_STUDY_0370","ZOO_ES_000637","ZOO_COMMON_00630",4,"Calcifier_T",-0.18,3.82,3.80256690857233
"ambiguous_dropped","full_factorial_only","Reproduction",0.0565501899948301,"T","T","Calcifier","ZOO_STUDY_0370","ZOO_ES_000638","ZOO_COMMON_00629",4,"Calcifier_T",-0.18,3.82,3.80909058348509
"ambiguous_dropped","full_factorial_only","Reproduction",-0.115882668585216,"TpH","T + pH","Calcifier","ZOO_STUDY_0370","ZOO_ES_000651","ZOO_COMMON_00630",4,"Calcifier_T + pH",-0.06,3.94,3.94833525789203
"ambiguous_dropped","full_factorial_only","Reproduction",-0.0436944736289251,"TpH","T + pH","Calcifier","ZOO_STUDY_0370","ZOO_ES_000652","ZOO_COMMON_00630",4,"Calcifier_T + pH",-0.06,3.94,3.96386917883996
"ambiguous_dropped","full_factorial_only","Reproduction",0.00847844891236673,"TpH","T + pH","Calcifier","ZOO_STUDY_0370","ZOO_ES_000653","ZOO_COMMON_00630",4,"Calcifier_T + pH",-0.06,3.94,3.9441369868326
"ambiguous_dropped","full_factorial_only","Reproduction",-0.395777165099959,"TpH","T + pH","Calcifier","ZOO_STUDY_0370","ZOO_ES_000654","ZOO_COMMON_00629",4,"Calcifier_T + pH",-0.06,3.94,3.94132950397674
"ambiguous_dropped","full_factorial_only","Reproduction",0.0893636806165985,"TpH","T + pH","Calcifier","ZOO_STUDY_0370","ZOO_ES_000655","ZOO_COMMON_00630",4,"Calcifier_T + pH",-0.06,3.94,3.91803911124356
"ambiguous_dropped","full_factorial_only","Reproduction",-0.339703257202659,"TpH","T + pH","Calcifier","ZOO_STUDY_0370","ZOO_ES_000656","ZOO_COMMON_00629",4,"Calcifier_T + pH",-0.06,3.94,3.96345194318332
"ambiguous_dropped","full_factorial_only","Reproduction",-0.317302320513493,"TpH","T + pH","Calcifier","ZOO_STUDY_0370","ZOO_ES_000657","ZOO_COMMON_00629",4,"Calcifier_T + pH",-0.06,3.94,3.92101185642881
"ambiguous_dropped","full_factorial_only","Reproduction",-0.286607381322015,"TpH","T + pH","Calcifier","ZOO_STUDY_0370","ZOO_ES_000658","ZOO_COMMON_00629",4,"Calcifier_T + pH",-0.06,3.94,3.91941816505045
"ambiguous_dropped","full_factorial_only","Reproduction",0.174592488992435,"TpH","T + pH","Calcifier","ZOO_STUDY_0370","ZOO_ES_000659","ZOO_COMMON_00630",4,"Calcifier_T + pH",-0.06,3.94,3.95903820574516
"ambiguous_dropped","full_factorial_only","Reproduction",-0.188191284551902,"TpH","T + pH","Calcifier","ZOO_STUDY_0370","ZOO_ES_000660","ZOO_COMMON_00629",4,"Calcifier_T + pH",-0.06,3.94,3.94041853148723
"ambiguous_dropped","full_factorial_only","Reproduction",0.295666416918385,"TpH","T + pH","Calcifier","ZOO_STUDY_0370","ZOO_ES_000661","ZOO_COMMON_00630",4,"Calcifier_T + pH",-0.06,3.94,3.93187474986538
"ambiguous_dropped","full_factorial_only","Reproduction",-0.149858827745717,"TpH","T + pH","Calcifier","ZOO_STUDY_0370","ZOO_ES_000662","ZOO_COMMON_00629",4,"Calcifier_T + pH",-0.06,3.94,3.95971673127264
"ambiguous_dropped","full_factorial_only","Reproduction",-0.538238317163056,"pH","pH","Calcifier","ZOO_STUDY_0382","ZOO_ES_000669","ZOO_COMMON_00648",4,"Calcifier_pH",-0.3,3.7,3.67659858140396
"ambiguous_dropped","full_factorial_only","Reproduction",-0.398729224505253,"pH","pH","Calcifier","ZOO_STUDY_0382","ZOO_ES_000670","ZOO_COMMON_00646",4,"Calcifier_pH",-0.3,3.7,3.68686148487031
"ambiguous_dropped","full_factorial_only","Reproduction",-0.142692519520612,"pH","pH","Calcifier","ZOO_STUDY_0382","ZOO_ES_000671","ZOO_COMMON_00648",4,"Calcifier_pH",-0.3,3.7,3.70932451755507
"ambiguous_dropped","full_factorial_only","Reproduction",-0.103064303397476,"pH","pH","Calcifier","ZOO_STUDY_0382","ZOO_ES_000672","ZOO_COMMON_00646",4,"Calcifier_pH",-0.3,3.7,3.68629092116607
"ambiguous_dropped","full_factorial_only","Reproduction",0,"T","T","Calcifier","ZOO_STUDY_0382","ZOO_ES_000673","ZOO_COMMON_00648",4,"Calcifier_T",-0.18,3.82,3.81092472940683
"ambiguous_dropped","full_factorial_only","Reproduction",0.817863976451417,"T","T","Calcifier","ZOO_STUDY_0382","ZOO_ES_000674","ZOO_COMMON_00646",4,"Calcifier_T",-0.18,3.82,3.8036991908378
"ambiguous_dropped","full_factorial_only","Reproduction",-0.17953497496293,"TpH","T + pH","Calcifier","ZOO_STUDY_0382","ZOO_ES_000675","ZOO_COMMON_00648",4,"Calcifier_T + pH",-0.06,3.94,3.95507147918455
"ambiguous_dropped","full_factorial_only","Reproduction",-0.0866185885796935,"TpH","T + pH","Calcifier","ZOO_STUDY_0382","ZOO_ES_000676","ZOO_COMMON_00648",4,"Calcifier_T + pH",-0.06,3.94,3.92231410289882
"ambiguous_dropped","full_factorial_only","Reproduction",0.564529802737852,"TpH","T + pH","Calcifier","ZOO_STUDY_0382","ZOO_ES_000677","ZOO_COMMON_00646",4,"Calcifier_T + pH",-0.06,3.94,3.95613586958265
"ambiguous_dropped","full_factorial_only","Reproduction",0.689554527808046,"TpH","T + pH","Calcifier","ZOO_STUDY_0382","ZOO_ES_000678","ZOO_COMMON_00646",4,"Calcifier_T + pH",-0.06,3.94,3.93154989143135
"ambiguous_dropped","full_factorial_only","Reproduction",-0.227670008081759,"pH","pH","Calcifier","ZOO_STUDY_0382","ZOO_ES_000679","ZOO_COMMON_00646",4,"Calcifier_pH",-0.3,3.7,3.69370846939273
"ambiguous_dropped","full_factorial_only","Reproduction",-0.19504556231281,"pH","pH","Calcifier","ZOO_STUDY_0382","ZOO_ES_000680","ZOO_COMMON_00648",4,"Calcifier_pH",-0.3,3.7,3.70648727118969
"ambiguous_dropped","full_factorial_only","Reproduction",-0.0261608260386722,"pH","pH","Calcifier","ZOO_STUDY_0382","ZOO_ES_000681","ZOO_COMMON_00646",4,"Calcifier_pH",-0.3,3.7,3.67983168715145
"ambiguous_dropped","full_factorial_only","Reproduction",-0.021713164904364,"pH","pH","Calcifier","ZOO_STUDY_0382","ZOO_ES_000682","ZOO_COMMON_00648",4,"Calcifier_pH",-0.3,3.7,3.6760996857658
"ambiguous_dropped","full_factorial_only","Reproduction",-0.00778692459311934,"T","T","Calcifier","ZOO_STUDY_0382","ZOO_ES_000685","ZOO_COMMON_00646",4,"Calcifier_T",-0.18,3.82,3.84465223901672
"ambiguous_dropped","full_factorial_only","Reproduction",0.0954876775306013,"T","T","Calcifier","ZOO_STUDY_0382","ZOO_ES_000688","ZOO_COMMON_00648",4,"Calcifier_T",-0.18,3.82,3.82419694228331
"ambiguous_dropped","full_factorial_only","Reproduction",-0.176383643892935,"TpH","T + pH","Calcifier","ZOO_STUDY_0382","ZOO_ES_000695","ZOO_COMMON_00648",4,"Calcifier_T + pH",-0.06,3.94,3.9540911532566
"ambiguous_dropped","full_factorial_only","Reproduction",-0.132045313414014,"TpH","T + pH","Calcifier","ZOO_STUDY_0382","ZOO_ES_000697","ZOO_COMMON_00646",4,"Calcifier_T + pH",-0.06,3.94,3.95959480613004
"ambiguous_dropped","full_factorial_only","Reproduction",-0.0138865518733687,"TpH","T + pH","Calcifier","ZOO_STUDY_0382","ZOO_ES_000699","ZOO_COMMON_00648",4,"Calcifier_T + pH",-0.06,3.94,3.95274327267893
"ambiguous_dropped","full_factorial_only","Reproduction",-0.0129431699038916,"TpH","T + pH","Calcifier","ZOO_STUDY_0382","ZOO_ES_000700","ZOO_COMMON_00646",4,"Calcifier_T + pH",-0.06,3.94,3.96396018650616
"ambiguous_dropped","full_factorial_only","Reproduction",-1.11647684143397,"pH","pH","Calcifier","ZOO_STUDY_0479","ZOO_ES_000882","ZOO_COMMON_00819",4,"Calcifier_pH",-0.3,3.7,3.67720735339681
"ambiguous_dropped","full_factorial_only","Reproduction",-0.898991903143916,"pH","pH","Calcifier","ZOO_STUDY_0479","ZOO_ES_000883","ZOO_COMMON_00819",4,"Calcifier_pH",-0.3,3.7,3.72017004423542
"ambiguous_dropped","full_factorial_only","Reproduction",-0.877163783603033,"pH","pH","Calcifier","ZOO_STUDY_0479","ZOO_ES_000884","ZOO_COMMON_00819",4,"Calcifier_pH",-0.3,3.7,3.71827504070243
"ambiguous_dropped","full_factorial_only","Reproduction",-0.53465968169511,"pH","pH","Calcifier","ZOO_STUDY_0479","ZOO_ES_000885","ZOO_COMMON_00818",4,"Calcifier_pH",-0.3,3.7,3.71377037956845
"ambiguous_dropped","full_factorial_only","Reproduction",-0.505956443559337,"pH","pH","Calcifier","ZOO_STUDY_0479","ZOO_ES_000886","ZOO_COMMON_00818",4,"Calcifier_pH",-0.3,3.7,3.69384082084289
"ambiguous_dropped","full_factorial_only","Reproduction",-0.464935661706492,"pH","pH","Calcifier","ZOO_STUDY_0479","ZOO_ES_000887","ZOO_COMMON_00819",4,"Calcifier_pH",-0.3,3.7,3.67710540243425
"ambiguous_dropped","full_factorial_only","Reproduction",-0.363755424329535,"pH","pH","Calcifier","ZOO_STUDY_0479","ZOO_ES_000888","ZOO_COMMON_00820",4,"Calcifier_pH",-0.3,3.7,3.69322055408265
"ambiguous_dropped","full_factorial_only","Reproduction",-0.287833118445573,"pH","pH","Calcifier","ZOO_STUDY_0479","ZOO_ES_000889","ZOO_COMMON_00820",4,"Calcifier_pH",-0.3,3.7,3.68868756348966
"ambiguous_dropped","full_factorial_only","Reproduction",-0.274593989574782,"pH","pH","Calcifier","ZOO_STUDY_0479","ZOO_ES_000890","ZOO_COMMON_00818",4,"Calcifier_pH",-0.3,3.7,3.71752337403595
"ambiguous_dropped","full_factorial_only","Reproduction",-0.217270482704621,"pH","pH","Calcifier","ZOO_STUDY_0479","ZOO_ES_000891","ZOO_COMMON_00820",4,"Calcifier_pH",-0.3,3.7,3.69312008562265
"ambiguous_dropped","full_factorial_only","Reproduction",-0.194105241937304,"pH","pH","Calcifier","ZOO_STUDY_0479","ZOO_ES_000892","ZOO_COMMON_00818",4,"Calcifier_pH",-0.3,3.7,3.69022388953017
"ambiguous_dropped","full_factorial_only","Reproduction",-0.272992782640832,"T","T","Calcifier","ZOO_STUDY_0479","ZOO_ES_000893","ZOO_COMMON_00819",4,"Calcifier_T",-0.18,3.82,3.83295676697046
"ambiguous_dropped","full_factorial_only","Reproduction",-0.136256577854246,"T","T","Calcifier","ZOO_STUDY_0479","ZOO_ES_000894","ZOO_COMMON_00818",4,"Calcifier_T",-0.18,3.82,3.8372417312162
"ambiguous_dropped","full_factorial_only","Reproduction",0.038226876601168,"T","T","Calcifier","ZOO_STUDY_0479","ZOO_ES_000895","ZOO_COMMON_00820",4,"Calcifier_T",-0.18,3.82,3.81789607805433
"ambiguous_dropped","full_factorial_only","Reproduction",-1.11647684143397,"TpH","T + pH","Calcifier","ZOO_STUDY_0479","ZOO_ES_000896","ZOO_COMMON_00819",4,"Calcifier_T + pH",-0.06,3.94,3.95148158322321
"ambiguous_dropped","full_factorial_only","Reproduction",-0.641392099048049,"TpH","T + pH","Calcifier","ZOO_STUDY_0479","ZOO_ES_000897","ZOO_COMMON_00819",4,"Calcifier_T + pH",-0.06,3.94,3.92020393180195
"ambiguous_dropped","full_factorial_only","Reproduction",-0.545284788870706,"TpH","T + pH","Calcifier","ZOO_STUDY_0479","ZOO_ES_000898","ZOO_COMMON_00819",4,"Calcifier_T + pH",-0.06,3.94,3.92599915888626
"ambiguous_dropped","full_factorial_only","Reproduction",-0.435188837227761,"TpH","T + pH","Calcifier","ZOO_STUDY_0479","ZOO_ES_000899","ZOO_COMMON_00818",4,"Calcifier_T + pH",-0.06,3.94,3.96269756238675
"ambiguous_dropped","full_factorial_only","Reproduction",-0.416472295218451,"TpH","T + pH","Calcifier","ZOO_STUDY_0479","ZOO_ES_000900","ZOO_COMMON_00818",4,"Calcifier_T + pH",-0.06,3.94,3.95260187706212
"ambiguous_dropped","full_factorial_only","Reproduction",-0.294243214231762,"TpH","T + pH","Calcifier","ZOO_STUDY_0479","ZOO_ES_000901","ZOO_COMMON_00818",4,"Calcifier_T + pH",-0.06,3.94,3.95594776916318
"ambiguous_dropped","full_factorial_only","Reproduction",-0.279080052029482,"TpH","T + pH","Calcifier","ZOO_STUDY_0479","ZOO_ES_000902","ZOO_COMMON_00819",4,"Calcifier_T + pH",-0.06,3.94,3.9358888550871
"ambiguous_dropped","full_factorial_only","Reproduction",-0.108619857498669,"TpH","T + pH","Calcifier","ZOO_STUDY_0479","ZOO_ES_000903","ZOO_COMMON_00818",4,"Calcifier_T + pH",-0.06,3.94,3.94469192465534
"ambiguous_dropped","full_factorial_only","Reproduction",-0.0900228683025246,"TpH","T + pH","Calcifier","ZOO_STUDY_0479","ZOO_ES_000904","ZOO_COMMON_00820",4,"Calcifier_T + pH",-0.06,3.94,3.9549411778897
"ambiguous_dropped","full_factorial_only","Reproduction",0.0232881102112668,"TpH","T + pH","Calcifier","ZOO_STUDY_0479","ZOO_ES_000905","ZOO_COMMON_00820",4,"Calcifier_T + pH",-0.06,3.94,3.95942043252056
"ambiguous_dropped","full_factorial_only","Reproduction",0.0606512746236434,"TpH","T + pH","Calcifier","ZOO_STUDY_0479","ZOO_ES_000906","ZOO_COMMON_00820",4,"Calcifier_T + pH",-0.06,3.94,3.93425957966596
"ambiguous_dropped","full_factorial_only","Reproduction",-0.117783035656384,"T","T","Calcifier","ZOO_STUDY_0386","ZOO_ES_002808","ZOO_COMMON_00653",4,"Calcifier_T",-0.18,3.82,3.79951610421296
"ambiguous_dropped","full_factorial_only","Reproduction",-0.182321556793955,"pH","pH","Calcifier","ZOO_STUDY_0386","ZOO_ES_002809","ZOO_COMMON_00653",4,"Calcifier_pH",-0.3,3.7,3.70628718185471
"ambiguous_dropped","full_factorial_only","Reproduction",-0.22314355131421,"TpH","T + pH","Calcifier","ZOO_STUDY_0386","ZOO_ES_002810","ZOO_COMMON_00653",4,"Calcifier_T + pH",-0.06,3.94,3.95228181086481
"ambiguous_dropped","full_factorial_only","Reproduction",-0.251314428280906,"pH","pH","Calcifier","ZOO_STUDY_0386","ZOO_ES_002811","ZOO_COMMON_00653",4,"Calcifier_pH",-0.3,3.7,3.67926892286632
"ambiguous_dropped","full_factorial_only","Reproduction",-0.356674943938732,"TpH","T + pH","Calcifier","ZOO_STUDY_0386","ZOO_ES_002812","ZOO_COMMON_00653",4,"Calcifier_T + pH",-0.06,3.94,3.93002588056028
"ambiguous_dropped","full_factorial_only","Reproduction",0.00708863727773454,"T","T","Non-calcifier","ZOO_STUDY_0018","ZOO_ES_000001","ZOO_COMMON_00026",4,"Non-calcifier_T",0.18,4.18,4.18572810786543
"ambiguous_dropped","full_factorial_only","Reproduction",-0.0781812975413578,"pH","pH","Non-calcifier","ZOO_STUDY_0018","ZOO_ES_000002","ZOO_COMMON_00026",4,"Non-calcifier_pH",0.06,4.06,4.07264660289744
"ambiguous_dropped","full_factorial_only","Reproduction",-0.00509425452174308,"TpH","T + pH","Non-calcifier","ZOO_STUDY_0018","ZOO_ES_000003","ZOO_COMMON_00026",4,"Non-calcifier_T + pH",0.3,4.3,4.32085285665234
"ambiguous_dropped","full_factorial_only","Reproduction",-0.101528661538349,"TpH","T + pH","Non-calcifier","ZOO_STUDY_0018","ZOO_ES_000004","ZOO_COMMON_00026",4,"Non-calcifier_T + pH",0.3,4.3,4.29878752528457
"ambiguous_dropped","full_factorial_only","Reproduction",-0.0532206962049096,"T","T","Non-calcifier","ZOO_STUDY_0018","ZOO_ES_000005","ZOO_COMMON_00026",4,"Non-calcifier_T",0.18,4.18,4.18335597330704
"ambiguous_dropped","full_factorial_only","Reproduction",0,"T","T","Non-calcifier","ZOO_STUDY_0018","ZOO_ES_000006","ZOO_COMMON_00026",4,"Non-calcifier_T",0.18,4.18,4.19183101730421
"ambiguous_dropped","full_factorial_only","Reproduction",-0.00501757199197948,"pH","pH","Non-calcifier","ZOO_STUDY_0018","ZOO_ES_000007","ZOO_COMMON_00026",4,"Non-calcifier_pH",0.06,4.06,4.07787237122189
"ambiguous_dropped","full_factorial_only","Reproduction",-0.0253434750060184,"TpH","T + pH","Non-calcifier","ZOO_STUDY_0018","ZOO_ES_000010","ZOO_COMMON_00026",4,"Non-calcifier_T + pH",0.3,4.3,4.32045732522383
"ambiguous_dropped","full_factorial_only","Reproduction",-0.125697152712374,"TpH","T + pH","Non-calcifier","ZOO_STUDY_0018","ZOO_ES_000015","ZOO_COMMON_00026",4,"Non-calcifier_T + pH",0.3,4.3,4.27781911126804
"ambiguous_dropped","full_factorial_only","Reproduction",-0.161518429164191,"T","T","Non-calcifier","ZOO_STUDY_0018","ZOO_ES_000031","ZOO_COMMON_00026",4,"Non-calcifier_T",0.18,4.18,4.18014541520504
"ambiguous_dropped","full_factorial_only","Reproduction",-0.000405186391280897,"pH","pH","Non-calcifier","ZOO_STUDY_0025","ZOO_ES_000062","ZOO_COMMON_00036",4,"Non-calcifier_pH",0.06,4.06,4.05252723865211
"ambiguous_dropped","full_factorial_only","Reproduction",-0.0177791543273339,"T","T","Non-calcifier","ZOO_STUDY_0025","ZOO_ES_000063","ZOO_COMMON_00036",4,"Non-calcifier_T",0.18,4.18,4.19727780614747
"ambiguous_dropped","full_factorial_only","Reproduction",-0.0365101910333971,"TpH","T + pH","Non-calcifier","ZOO_STUDY_0025","ZOO_ES_000064","ZOO_COMMON_00036",4,"Non-calcifier_T + pH",0.3,4.3,4.31532175819157
"ambiguous_dropped","full_factorial_only","Reproduction",-0.0367618625770386,"pH","pH","Non-calcifier","ZOO_STUDY_0084","ZOO_ES_000277","ZOO_COMMON_00135",4,"Non-calcifier_pH",0.06,4.06,4.04086656136438
"ambiguous_dropped","full_factorial_only","Reproduction",0.0270390288959121,"pH","pH","Non-calcifier","ZOO_STUDY_0084","ZOO_ES_000278","ZOO_COMMON_00139",4,"Non-calcifier_pH",0.06,4.06,4.07063432774972
"ambiguous_dropped","full_factorial_only","Reproduction",0.0267375347472526,"T","T","Non-calcifier","ZOO_STUDY_0084","ZOO_ES_000283","ZOO_COMMON_00135",4,"Non-calcifier_T",0.18,4.18,4.16676344290143
"ambiguous_dropped","full_factorial_only","Reproduction",0.0403425187379146,"T","T","Non-calcifier","ZOO_STUDY_0084","ZOO_ES_000284","ZOO_COMMON_00139",4,"Non-calcifier_T",0.18,4.18,4.15874783755979
"ambiguous_dropped","full_factorial_only","Reproduction",-0.0461387180170395,"TpH","T + pH","Non-calcifier","ZOO_STUDY_0084","ZOO_ES_000289","ZOO_COMMON_00135",4,"Non-calcifier_T + pH",0.3,4.3,4.32178230736172
"ambiguous_dropped","full_factorial_only","Reproduction",0,"TpH","T + pH","Non-calcifier","ZOO_STUDY_0084","ZOO_ES_000290","ZOO_COMMON_00139",4,"Non-calcifier_T + pH",0.3,4.3,4.28285839125747
"ambiguous_dropped","full_factorial_only","Reproduction",-1.07751636548176,"T","T","Non-calcifier","ZOO_STUDY_0104","ZOO_ES_000311","ZOO_COMMON_00182",4,"Non-calcifier_T",0.18,4.18,4.18735286750132
"ambiguous_dropped","full_factorial_only","Reproduction",-0.201812029116291,"pH","pH","Non-calcifier","ZOO_STUDY_0104","ZOO_ES_000312","ZOO_COMMON_00182",4,"Non-calcifier_pH",0.06,4.06,4.04367588730762
"ambiguous_dropped","full_factorial_only","Reproduction",-0.495664124423891,"T","T","Non-calcifier","ZOO_STUDY_0104","ZOO_ES_000313","ZOO_COMMON_00182",4,"Non-calcifier_T",0.18,4.18,4.15600370045984
"ambiguous_dropped","full_factorial_only","Reproduction",-0.617934431698444,"TpH","T + pH","Non-calcifier","ZOO_STUDY_0104","ZOO_ES_000314","ZOO_COMMON_00182",4,"Non-calcifier_T + pH",0.3,4.3,4.30106569231721
"ambiguous_dropped","full_factorial_only","Reproduction",-1.63595471303625,"TpH","T + pH","Non-calcifier","ZOO_STUDY_0104","ZOO_ES_000315","ZOO_COMMON_00182",4,"Non-calcifier_T + pH",0.3,4.3,4.27931389466394
"ambiguous_dropped","full_factorial_only","Reproduction",-0.420280094939554,"TpH","T + pH","Non-calcifier","ZOO_STUDY_0279","ZOO_ES_000537","ZOO_COMMON_00469",4,"Non-calcifier_T + pH",0.3,4.3,4.28915011730278
"ambiguous_dropped","full_factorial_only","Reproduction",-0.394495985124408,"T","T","Non-calcifier","ZOO_STUDY_0279","ZOO_ES_000538","ZOO_COMMON_00469",4,"Non-calcifier_T",0.18,4.18,4.17602174505126
"ambiguous_dropped","full_factorial_only","Reproduction",-0.159065106140909,"pH","pH","Non-calcifier","ZOO_STUDY_0279","ZOO_ES_000539","ZOO_COMMON_00469",4,"Non-calcifier_pH",0.06,4.06,4.06436390620889
"ambiguous_dropped","full_factorial_only","Reproduction",-0.0198020438650044,"T","T","Non-calcifier","ZOO_STUDY_0279","ZOO_ES_000540","ZOO_COMMON_00469",4,"Non-calcifier_T",0.18,4.18,4.19533472148003
"ambiguous_dropped","full_factorial_only","Reproduction",-0.00985267717010955,"TpH","T + pH","Non-calcifier","ZOO_STUDY_0279","ZOO_ES_000541","ZOO_COMMON_00469",4,"Non-calcifier_T + pH",0.3,4.3,4.28509976044297
"ambiguous_dropped","full_factorial_only","Reproduction",-0.208106137390281,"pH","pH","Non-calcifier","ZOO_STUDY_0325","ZOO_ES_000562","ZOO_COMMON_00557",4,"Non-calcifier_pH",0.06,4.06,4.05797123358585
"ambiguous_dropped","full_factorial_only","Reproduction",-0.48097322746155,"pH","pH","Non-calcifier","ZOO_STUDY_0325","ZOO_ES_000563","ZOO_COMMON_00557",4,"Non-calcifier_pH",0.06,4.06,4.05740715569351
"ambiguous_dropped","full_factorial_only","Reproduction",-1.773744252332,"TpH","T + pH","Non-calcifier","ZOO_STUDY_0325","ZOO_ES_000564","ZOO_COMMON_00557",4,"Non-calcifier_T + pH",0.3,4.3,4.31168738791021
"ambiguous_dropped","full_factorial_only","Reproduction",-1.81010955963659,"T","T","Non-calcifier","ZOO_STUDY_0325","ZOO_ES_000565","ZOO_COMMON_00557",4,"Non-calcifier_T",0.18,4.18,4.19073774052784
"ambiguous_dropped","full_factorial_only","Reproduction",-0.119408605314249,"T","T","Non-calcifier","ZOO_STUDY_0389","ZOO_ES_000709","ZOO_COMMON_00657",4,"Non-calcifier_T",0.18,4.18,4.19656109894393
"ambiguous_dropped","full_factorial_only","Reproduction",-0.0397404692250897,"pH","pH","Non-calcifier","ZOO_STUDY_0389","ZOO_ES_000710","ZOO_COMMON_00657",4,"Non-calcifier_pH",0.06,4.06,4.07932830604492
"ambiguous_dropped","full_factorial_only","Reproduction",-0.216671875727643,"TpH","T + pH","Non-calcifier","ZOO_STUDY_0389","ZOO_ES_000711","ZOO_COMMON_00657",4,"Non-calcifier_T + pH",0.3,4.3,4.32263222869951
"ambiguous_dropped","full_factorial_only","Reproduction",-0.0123387832979187,"T","T","Non-calcifier","ZOO_STUDY_0392","ZOO_ES_000754","ZOO_COMMON_00665",4,"Non-calcifier_T",0.18,4.18,4.18253083609277
"ambiguous_dropped","full_factorial_only","Reproduction",0.00611276524184308,"TpH","T + pH","Non-calcifier","ZOO_STUDY_0392","ZOO_ES_000757","ZOO_COMMON_00665",4,"Non-calcifier_T + pH",0.3,4.3,4.30111678830581
"ambiguous_dropped","full_factorial_only","Reproduction",-0.278526879937774,"pH","pH","Non-calcifier","ZOO_STUDY_0392","ZOO_ES_000760","ZOO_COMMON_00665",4,"Non-calcifier_pH",0.06,4.06,4.04353491276503
"ambiguous_dropped","full_factorial_only","Reproduction",-0.0882193126272179,"pH","pH","Non-calcifier","ZOO_STUDY_0426","ZOO_ES_000838","ZOO_COMMON_00728",4,"Non-calcifier_pH",0.06,4.06,4.0589635779988
"ambiguous_dropped","full_factorial_only","Reproduction",0.0114450462458729,"pH","pH","Non-calcifier","ZOO_STUDY_0426","ZOO_ES_000839","ZOO_COMMON_00729",4,"Non-calcifier_pH",0.06,4.06,4.04769103982486
"ambiguous_dropped","full_factorial_only","Reproduction",0.135528680555029,"pH","pH","Non-calcifier","ZOO_STUDY_0426","ZOO_ES_000840","ZOO_COMMON_00727",4,"Non-calcifier_pH",0.06,4.06,4.03698903185083
"ambiguous_dropped","full_factorial_only","Reproduction",-0.703947717567661,"T","T","Non-calcifier","ZOO_STUDY_0426","ZOO_ES_000843","ZOO_COMMON_00727",4,"Non-calcifier_T",0.18,4.18,4.18674002548912
"ambiguous_dropped","full_factorial_only","Reproduction",-0.266328947981212,"T","T","Non-calcifier","ZOO_STUDY_0426","ZOO_ES_000844","ZOO_COMMON_00729",4,"Non-calcifier_T",0.18,4.18,4.18197804570198
"ambiguous_dropped","full_factorial_only","Reproduction",-0.00233419703079221,"T","T","Non-calcifier","ZOO_STUDY_0426","ZOO_ES_000845","ZOO_COMMON_00728",4,"Non-calcifier_T",0.18,4.18,4.16200517749647
"ambiguous_dropped","full_factorial_only","Reproduction",-1.69903515120644,"TpH","T + pH","Non-calcifier","ZOO_STUDY_0426","ZOO_ES_000847","ZOO_COMMON_00727",4,"Non-calcifier_T + pH",0.3,4.3,4.28918558884179
"ambiguous_dropped","full_factorial_only","Reproduction",-0.146863149815204,"TpH","T + pH","Non-calcifier","ZOO_STUDY_0426","ZOO_ES_000849","ZOO_COMMON_00729",4,"Non-calcifier_T + pH",0.3,4.3,4.30415152976057
"ambiguous_dropped","full_factorial_only","Reproduction",-0.0371751635341862,"TpH","T + pH","Non-calcifier","ZOO_STUDY_0426","ZOO_ES_000851","ZOO_COMMON_00728",4,"Non-calcifier_T + pH",0.3,4.3,4.28325129461009
"ambiguous_dropped","full_factorial_only","Reproduction",0.00612246810438383,"pH","pH","Non-calcifier","ZOO_STUDY_0010","ZOO_ES_001973","ZOO_COMMON_00014",4,"Non-calcifier_pH",0.06,4.06,4.03981505553471
"ambiguous_dropped","full_factorial_only","Reproduction",-0.0113228178302649,"T","T","Non-calcifier","ZOO_STUDY_0010","ZOO_ES_001974","ZOO_COMMON_00014",4,"Non-calcifier_T",0.18,4.18,4.17643065456767
"ambiguous_dropped","full_factorial_only","Reproduction",-0.0290778534328548,"TpH","T + pH","Non-calcifier","ZOO_STUDY_0010","ZOO_ES_001975","ZOO_COMMON_00014",4,"Non-calcifier_T + pH",0.3,4.3,4.29278807828668
"ambiguous_dropped","full_factorial_only","Reproduction",-0.161980507062465,"T","T","Non-calcifier","ZOO_STUDY_0010","ZOO_ES_001976","ZOO_COMMON_00014",4,"Non-calcifier_T",0.18,4.18,4.19724667699309
"ambiguous_dropped","full_factorial_only","Reproduction",-0.498692006754564,"TpH","T + pH","Non-calcifier","ZOO_STUDY_0010","ZOO_ES_001977","ZOO_COMMON_00014",4,"Non-calcifier_T + pH",0.3,4.3,4.28800662368303
"ambiguous_dropped","full_factorial_only","Reproduction",0.0523679855173159,"pH","pH","Non-calcifier","ZOO_STUDY_0222","ZOO_ES_002474","ZOO_COMMON_00383",4,"Non-calcifier_pH",0.06,4.06,4.03615722460905
"ambiguous_dropped","full_factorial_only","Reproduction",-0.0666913744986723,"T","T","Non-calcifier","ZOO_STUDY_0222","ZOO_ES_002475","ZOO_COMMON_00383",4,"Non-calcifier_T",0.18,4.18,4.19811997698387
"ambiguous_dropped","full_factorial_only","Reproduction",-0.0782521968997483,"TpH","T + pH","Non-calcifier","ZOO_STUDY_0222","ZOO_ES_002476","ZOO_COMMON_00383",4,"Non-calcifier_T + pH",0.3,4.3,4.29172939806012
"ambiguous_dropped","full_factorial_only","Survival",0.574349539844959,"TpH","T + pH","Calcifier","ZOO_STUDY_0052","ZOO_ES_000170","ZOO_COMMON_00075",5,"Calcifier_T + pH",-0.06,4.94,4.94658944358584
"ambiguous_dropped","full_factorial_only","Survival",0.54044246118516,"TpH","T + pH","Calcifier","ZOO_STUDY_0052","ZOO_ES_000171","ZOO_COMMON_00075",5,"Calcifier_T + pH",-0.06,4.94,4.94232131293742
"ambiguous_dropped","full_factorial_only","Survival",0.389685122085573,"TpH","T + pH","Calcifier","ZOO_STUDY_0052","ZOO_ES_000172","ZOO_COMMON_00075",5,"Calcifier_T + pH",-0.06,4.94,4.93382222465938
"ambiguous_dropped","full_factorial_only","Survival",0.218521442597487,"TpH","T + pH","Calcifier","ZOO_STUDY_0052","ZOO_ES_000173","ZOO_COMMON_00075",5,"Calcifier_T + pH",-0.06,4.94,4.92429365075426
"ambiguous_dropped","full_factorial_only","Survival",0.57866781924631,"pH","pH","Calcifier","ZOO_STUDY_0052","ZOO_ES_000174","ZOO_COMMON_00075",5,"Calcifier_pH",-0.3,4.7,4.69644702955848
"ambiguous_dropped","full_factorial_only","Survival",0.146435253641397,"pH","pH","Calcifier","ZOO_STUDY_0052","ZOO_ES_000175","ZOO_COMMON_00075",5,"Calcifier_pH",-0.3,4.7,4.70653867992805
"ambiguous_dropped","full_factorial_only","Survival",0.329289411795833,"T","T","Calcifier","ZOO_STUDY_0052","ZOO_ES_000176","ZOO_COMMON_00075",5,"Calcifier_T",-0.18,4.82,4.82104211756261
"ambiguous_dropped","full_factorial_only","Survival",0.156465918782622,"T","T","Calcifier","ZOO_STUDY_0052","ZOO_ES_000177","ZOO_COMMON_00075",5,"Calcifier_T",-0.18,4.82,4.82798106685979
"ambiguous_dropped","full_factorial_only","Survival",0.956979065910933,"TpH","T + pH","Calcifier","ZOO_STUDY_0090","ZOO_ES_000293","ZOO_COMMON_00156",5,"Calcifier_T + pH",-0.06,4.94,4.95146804656601
"ambiguous_dropped","full_factorial_only","Survival",0.487158737921324,"pH","pH","Calcifier","ZOO_STUDY_0090","ZOO_ES_000294","ZOO_COMMON_00156",5,"Calcifier_pH",-0.3,4.7,4.6993411436677
"ambiguous_dropped","full_factorial_only","Survival",1.43916755239756,"T","T","Calcifier","ZOO_STUDY_0090","ZOO_ES_000295","ZOO_COMMON_00156",5,"Calcifier_T",-0.18,4.82,4.81422283078311
"ambiguous_dropped","full_factorial_only","Survival",-0.420502985472705,"pH","pH","Calcifier","ZOO_STUDY_0158","ZOO_ES_000386","ZOO_COMMON_00276",5,"Calcifier_pH",-0.3,4.7,4.67534167544218
"ambiguous_dropped","full_factorial_only","Survival",0.0438026226583928,"pH","pH","Calcifier","ZOO_STUDY_0158","ZOO_ES_000387","ZOO_COMMON_00276",5,"Calcifier_pH",-0.3,4.7,4.67518421137938
"ambiguous_dropped","full_factorial_only","Survival",-1.90210752639692,"T","T","Calcifier","ZOO_STUDY_0158","ZOO_ES_000388","ZOO_COMMON_00276",5,"Calcifier_T",-0.18,4.82,4.844746822007
"ambiguous_dropped","full_factorial_only","Survival",-0.56710645966458,"T","T","Calcifier","ZOO_STUDY_0158","ZOO_ES_000389","ZOO_COMMON_00276",5,"Calcifier_T",-0.18,4.82,4.80039434400853
"ambiguous_dropped","full_factorial_only","Survival",-1.90210752639692,"TpH","T + pH","Calcifier","ZOO_STUDY_0158","ZOO_ES_000390","ZOO_COMMON_00276",5,"Calcifier_T + pH",-0.06,4.94,4.935933457918
"ambiguous_dropped","full_factorial_only","Survival",-0.985816794522765,"TpH","T + pH","Calcifier","ZOO_STUDY_0158","ZOO_ES_000391","ZOO_COMMON_00276",5,"Calcifier_T + pH",-0.06,4.94,4.95089422733057
"ambiguous_dropped","full_factorial_only","Survival",-0.491120552686658,"TpH","T + pH","Calcifier","ZOO_STUDY_0158","ZOO_ES_000392","ZOO_COMMON_00276",5,"Calcifier_T + pH",-0.06,4.94,4.95212695661234
"ambiguous_dropped","full_factorial_only","Survival",-0.420502985472705,"TpH","T + pH","Calcifier","ZOO_STUDY_0158","ZOO_ES_000393","ZOO_COMMON_00276",5,"Calcifier_T + pH",-0.06,4.94,4.95859994118568
"ambiguous_dropped","full_factorial_only","Survival",1.66240843503529,"pH","pH","Calcifier","ZOO_STUDY_0170","ZOO_ES_000430","ZOO_COMMON_00297",5,"Calcifier_pH",-0.3,4.7,4.70539339805255
"ambiguous_dropped","full_factorial_only","Survival",1.21779071974676,"T","T","Calcifier","ZOO_STUDY_0170","ZOO_ES_000431","ZOO_COMMON_00297",5,"Calcifier_T",-0.18,4.82,4.83281016756548
"ambiguous_dropped","full_factorial_only","Survival",1.04324759728219,"T","T","Calcifier","ZOO_STUDY_0170","ZOO_ES_000432","ZOO_COMMON_00297",5,"Calcifier_T",-0.18,4.82,4.83736206490314
"ambiguous_dropped","full_factorial_only","Survival",1.50746284260656,"TpH","T + pH","Calcifier","ZOO_STUDY_0170","ZOO_ES_000433","ZOO_COMMON_00297",5,"Calcifier_T + pH",-0.06,4.94,4.94563898244873
"ambiguous_dropped","full_factorial_only","Survival",1.31659593173189,"TpH","T + pH","Calcifier","ZOO_STUDY_0170","ZOO_ES_000434","ZOO_COMMON_00297",5,"Calcifier_T + pH",-0.06,4.94,4.95466120838886
"ambiguous_dropped","full_factorial_only","Survival",-0.0393557922229849,"pH","pH","Calcifier","ZOO_STUDY_0329","ZOO_ES_000579","ZOO_COMMON_00563",5,"Calcifier_pH",-0.3,4.7,4.67614273417275
"ambiguous_dropped","full_factorial_only","Survival",0.185291895749839,"pH","pH","Calcifier","ZOO_STUDY_0329","ZOO_ES_000583","ZOO_COMMON_00563",5,"Calcifier_pH",-0.3,4.7,4.69584572748281
"ambiguous_dropped","full_factorial_only","Survival",-0.0131101659242078,"T","T","Calcifier","ZOO_STUDY_0329","ZOO_ES_000584","ZOO_COMMON_00563",5,"Calcifier_T",-0.18,4.82,4.83874411937315
"ambiguous_dropped","full_factorial_only","Survival",-0.822209215175821,"TpH","T + pH","Calcifier","ZOO_STUDY_0329","ZOO_ES_000591","ZOO_COMMON_00563",5,"Calcifier_T + pH",-0.06,4.94,4.94736735077808
"ambiguous_dropped","full_factorial_only","Survival",-0.244104591714156,"TpH","T + pH","Calcifier","ZOO_STUDY_0329","ZOO_ES_000592","ZOO_COMMON_00563",5,"Calcifier_T + pH",-0.06,4.94,4.96122394933831
"ambiguous_dropped","full_factorial_only","Survival",0.0248217871776039,"pH","pH","Calcifier","ZOO_STUDY_0410","ZOO_ES_000830","ZOO_COMMON_00694",5,"Calcifier_pH",-0.3,4.7,4.68361125480151
"ambiguous_dropped","full_factorial_only","Survival",-0.0341200248356902,"T","T","Calcifier","ZOO_STUDY_0410","ZOO_ES_000834","ZOO_COMMON_00694",5,"Calcifier_T",-0.18,4.82,4.81079063945683
"ambiguous_dropped","full_factorial_only","Survival",-0.0237505909632071,"TpH","T + pH","Calcifier","ZOO_STUDY_0410","ZOO_ES_000835","ZOO_COMMON_00694",5,"Calcifier_T + pH",-0.06,4.94,4.95521281396272
"ambiguous_dropped","full_factorial_only","Survival",0.048790164169432,"pH","pH","Calcifier","ZOO_STUDY_0156","ZOO_ES_001477","ZOO_COMMON_00266",5,"Calcifier_pH",-0.3,4.7,4.72444817055948
"ambiguous_dropped","full_factorial_only","Survival",-0.182321556793955,"pH","pH","Calcifier","ZOO_STUDY_0156","ZOO_ES_002081","ZOO_COMMON_00266",5,"Calcifier_pH",-0.3,4.7,4.69111927759368
"ambiguous_dropped","full_factorial_only","Survival",-0.405465108108164,"TpH","T + pH","Calcifier","ZOO_STUDY_0156","ZOO_ES_002397","ZOO_COMMON_00266",5,"Calcifier_T + pH",-0.06,4.94,4.91505958141992
"ambiguous_dropped","full_factorial_only","Survival",-1.79175946922805,"T","T","Calcifier","ZOO_STUDY_0156","ZOO_ES_003281","ZOO_COMMON_00266",5,"Calcifier_T",-0.18,4.82,4.84460853096563
"ambiguous_dropped","full_factorial_only","Survival",-1.79175946922805,"TpH","T + pH","Calcifier","ZOO_STUDY_0156","ZOO_ES_003282","ZOO_COMMON_00266",5,"Calcifier_T + pH",-0.06,4.94,4.92241761958925
"ambiguous_dropped","full_factorial_only","Survival",0.19888657366865,"pH","pH","Non-calcifier","ZOO_STUDY_0021","ZOO_ES_000041","ZOO_COMMON_00029",5,"Non-calcifier_pH",0.06,5.06,5.03746821485925
"ambiguous_dropped","full_factorial_only","Survival",0.289314725875666,"T","T","Non-calcifier","ZOO_STUDY_0021","ZOO_ES_000042","ZOO_COMMON_00029",5,"Non-calcifier_T",0.18,5.18,5.18486767413095
"ambiguous_dropped","full_factorial_only","Survival",-0.162903470936853,"TpH","T + pH","Non-calcifier","ZOO_STUDY_0021","ZOO_ES_000043","ZOO_COMMON_00029",5,"Non-calcifier_T + pH",0.3,5.3,5.29106642217375
"ambiguous_dropped","full_factorial_only","Survival",0.523046136546694,"pH","pH","Non-calcifier","ZOO_STUDY_0029","ZOO_ES_000077","ZOO_COMMON_00043",5,"Non-calcifier_pH",0.06,5.06,5.06139645001618
"ambiguous_dropped","full_factorial_only","Survival",1.08446542712048,"T","T","Non-calcifier","ZOO_STUDY_0029","ZOO_ES_000078","ZOO_COMMON_00043",5,"Non-calcifier_T",0.18,5.18,5.19477110101841
"ambiguous_dropped","full_factorial_only","Survival",1.37570302169159,"TpH","T + pH","Non-calcifier","ZOO_STUDY_0029","ZOO_ES_000079","ZOO_COMMON_00043",5,"Non-calcifier_T + pH",0.3,5.3,5.27844662984135
"ambiguous_dropped","full_factorial_only","Survival",-0.179678549780601,"pH","pH","Non-calcifier","ZOO_STUDY_0030","ZOO_ES_000092","ZOO_COMMON_00044",5,"Non-calcifier_pH",0.06,5.06,5.06975103486562
"ambiguous_dropped","full_factorial_only","Survival",-0.111242742579346,"pH","pH","Non-calcifier","ZOO_STUDY_0030","ZOO_ES_000093","ZOO_COMMON_00044",5,"Non-calcifier_pH",0.06,5.06,5.08243157536723
"ambiguous_dropped","full_factorial_only","Survival",-0.0705848949494358,"pH","pH","Non-calcifier","ZOO_STUDY_0030","ZOO_ES_000094","ZOO_COMMON_00045",5,"Non-calcifier_pH",0.06,5.06,5.04888846586924
"ambiguous_dropped","full_factorial_only","Survival",-0.0464402816274991,"pH","pH","Non-calcifier","ZOO_STUDY_0030","ZOO_ES_000095","ZOO_COMMON_00045",5,"Non-calcifier_pH",0.06,5.06,5.04747032926185
"ambiguous_dropped","full_factorial_only","Survival",-0.118583122981313,"T","T","Non-calcifier","ZOO_STUDY_0030","ZOO_ES_000096","ZOO_COMMON_00044",5,"Non-calcifier_T",0.18,5.18,5.16297177400673
"ambiguous_dropped","full_factorial_only","Survival",-0.0266721771505249,"T","T","Non-calcifier","ZOO_STUDY_0030","ZOO_ES_000097","ZOO_COMMON_00044",5,"Non-calcifier_T",0.18,5.18,5.15858150280081
"ambiguous_dropped","full_factorial_only","Survival",0.0660862176797545,"T","T","Non-calcifier","ZOO_STUDY_0030","ZOO_ES_000098","ZOO_COMMON_00045",5,"Non-calcifier_T",0.18,5.18,5.18287187915528
"ambiguous_dropped","full_factorial_only","Survival",-0.287633602878546,"TpH","T + pH","Non-calcifier","ZOO_STUDY_0030","ZOO_ES_000099","ZOO_COMMON_00044",5,"Non-calcifier_T + pH",0.3,5.3,5.2994918525801
"ambiguous_dropped","full_factorial_only","Survival",-0.203453553568864,"TpH","T + pH","Non-calcifier","ZOO_STUDY_0030","ZOO_ES_000100","ZOO_COMMON_00044",5,"Non-calcifier_T + pH",0.3,5.3,5.29971461809473
"ambiguous_dropped","full_factorial_only","Survival",-0.103794521617917,"TpH","T + pH","Non-calcifier","ZOO_STUDY_0030","ZOO_ES_000101","ZOO_COMMON_00044",5,"Non-calcifier_T + pH",0.3,5.3,5.31941857925849
"ambiguous_dropped","full_factorial_only","Survival",-0.0953269247536299,"TpH","T + pH","Non-calcifier","ZOO_STUDY_0030","ZOO_ES_000102","ZOO_COMMON_00045",5,"Non-calcifier_T + pH",0.3,5.3,5.27683521799045
"ambiguous_dropped","full_factorial_only","Survival",0.022517507679442,"TpH","T + pH","Non-calcifier","ZOO_STUDY_0030","ZOO_ES_000103","ZOO_COMMON_00045",5,"Non-calcifier_T + pH",0.3,5.3,5.28518719067797
"ambiguous_dropped","full_factorial_only","Survival",0.766709747736962,"TpH","T + pH","Non-calcifier","ZOO_STUDY_0105","ZOO_ES_000308","ZOO_COMMON_00184",5,"Non-calcifier_T + pH",0.3,5.3,5.30068905695807
"ambiguous_dropped","full_factorial_only","Survival",0.0735625671770166,"pH","pH","Non-calcifier","ZOO_STUDY_0105","ZOO_ES_000309","ZOO_COMMON_00184",5,"Non-calcifier_pH",0.06,5.06,5.04681699445005
"ambiguous_dropped","full_factorial_only","Survival",0.199976492032675,"T","T","Non-calcifier","ZOO_STUDY_0105","ZOO_ES_000310","ZOO_COMMON_00184",5,"Non-calcifier_T",0.18,5.18,5.18377178349299
"ambiguous_dropped","full_factorial_only","Survival",0.561220851131449,"pH","pH","Non-calcifier","ZOO_STUDY_0115","ZOO_ES_000331","ZOO_COMMON_00199",5,"Non-calcifier_pH",0.06,5.06,5.05911289557349
"ambiguous_dropped","full_factorial_only","Survival",0.843280161865082,"T","T","Non-calcifier","ZOO_STUDY_0115","ZOO_ES_000332","ZOO_COMMON_00199",5,"Non-calcifier_T",0.18,5.18,5.18346763443667
"ambiguous_dropped","full_factorial_only","Survival",0.880400285992569,"TpH","T + pH","Non-calcifier","ZOO_STUDY_0115","ZOO_ES_000333","ZOO_COMMON_00199",5,"Non-calcifier_T + pH",0.3,5.3,5.28220761575503
"ambiguous_dropped","full_factorial_only","Survival",-0.0345275497120287,"pH","pH","Non-calcifier","ZOO_STUDY_0234","ZOO_ES_000468","ZOO_COMMON_00401",5,"Non-calcifier_pH",0.06,5.06,5.04228543812875
"ambiguous_dropped","full_factorial_only","Survival",-0.0335727944281302,"T","T","Non-calcifier","ZOO_STUDY_0234","ZOO_ES_000469","ZOO_COMMON_00401",5,"Non-calcifier_T",0.18,5.18,5.17561415564967
"ambiguous_dropped","full_factorial_only","Survival",-0.0115500923076347,"T","T","Non-calcifier","ZOO_STUDY_0234","ZOO_ES_000473","ZOO_COMMON_00401",5,"Non-calcifier_T",0.18,5.18,5.18915051412303
"ambiguous_dropped","full_factorial_only","Survival",0.00999804288366409,"T","T","Non-calcifier","ZOO_STUDY_0234","ZOO_ES_000474","ZOO_COMMON_00401",5,"Non-calcifier_T",0.18,5.18,5.18767139102099
"ambiguous_dropped","full_factorial_only","Survival",-0.0268095857256288,"TpH","T + pH","Non-calcifier","ZOO_STUDY_0234","ZOO_ES_000475","ZOO_COMMON_00401",5,"Non-calcifier_T + pH",0.3,5.3,5.32079931665212
"ambiguous_dropped","full_factorial_only","Survival",-0.016854041094531,"TpH","T + pH","Non-calcifier","ZOO_STUDY_0234","ZOO_ES_000476","ZOO_COMMON_00401",5,"Non-calcifier_T + pH",0.3,5.3,5.31565565662459
"ambiguous_dropped","full_factorial_only","Survival",-0.00761633982292641,"TpH","T + pH","Non-calcifier","ZOO_STUDY_0234","ZOO_ES_000477","ZOO_COMMON_00401",5,"Non-calcifier_T + pH",0.3,5.3,5.30879450006178
"ambiguous_dropped","full_factorial_only","Survival",-0.0651534894860833,"pH","pH","Non-calcifier","ZOO_STUDY_0365","ZOO_ES_000615","ZOO_COMMON_00618",5,"Non-calcifier_pH",0.06,5.06,5.07537495546509
"ambiguous_dropped","full_factorial_only","Survival",-1.00333564284209,"T","T","Non-calcifier","ZOO_STUDY_0365","ZOO_ES_000618","ZOO_COMMON_00618",5,"Non-calcifier_T",0.18,5.18,5.16140322098043
"ambiguous_dropped","full_factorial_only","Survival",-0.462580126704225,"TpH","T + pH","Non-calcifier","ZOO_STUDY_0365","ZOO_ES_000621","ZOO_COMMON_00618",5,"Non-calcifier_T + pH",0.3,5.3,5.2875389266992
"ambiguous_dropped","full_factorial_only","Survival",-0.150394527345287,"pH","pH","Non-calcifier","ZOO_STUDY_0389","ZOO_ES_000712","ZOO_COMMON_00656",5,"Non-calcifier_pH",0.06,5.06,5.05157734957989
"ambiguous_dropped","full_factorial_only","Survival",-0.162400384653018,"T","T","Non-calcifier","ZOO_STUDY_0389","ZOO_ES_000713","ZOO_COMMON_00656",5,"Non-calcifier_T",0.18,5.18,5.1753634644975
"ambiguous_dropped","full_factorial_only","Survival",-0.333193357084173,"TpH","T + pH","Non-calcifier","ZOO_STUDY_0389","ZOO_ES_000714","ZOO_COMMON_00656",5,"Non-calcifier_T + pH",0.3,5.3,5.30676837884821
"ambiguous_dropped","full_factorial_only","Survival",-0.0455037553848264,"pH","pH","Non-calcifier","ZOO_STUDY_0392","ZOO_ES_000756","ZOO_COMMON_00665",5,"Non-calcifier_pH",0.06,5.06,5.07543060224503
"ambiguous_dropped","full_factorial_only","Survival",-1.91266124209709,"T","T","Non-calcifier","ZOO_STUDY_0392","ZOO_ES_000758","ZOO_COMMON_00665",5,"Non-calcifier_T",0.18,5.18,5.16794006006792
"ambiguous_dropped","full_factorial_only","Survival",-0.482177069946832,"TpH","T + pH","Non-calcifier","ZOO_STUDY_0392","ZOO_ES_000759","ZOO_COMMON_00665",5,"Non-calcifier_T + pH",0.3,5.3,5.3159733569948
"ambiguous_dropped","full_factorial_only","Survival",1.36219680954083,"TpH","T + pH","Non-calcifier","ZOO_STUDY_0393","ZOO_ES_000762","ZOO_COMMON_00667",5,"Non-calcifier_T + pH",0.3,5.3,5.27577388344798
"ambiguous_dropped","full_factorial_only","Survival",1.16804079509987,"T","T","Non-calcifier","ZOO_STUDY_0393","ZOO_ES_000763","ZOO_COMMON_00667",5,"Non-calcifier_T",0.18,5.18,5.18772003832972
"ambiguous_dropped","full_factorial_only","Survival",0.736767803035836,"pH","pH","Non-calcifier","ZOO_STUDY_0393","ZOO_ES_000764","ZOO_COMMON_00667",5,"Non-calcifier_pH",0.06,5.06,5.07558597921394
"ambiguous_dropped","full_factorial_only","Survival",-0.184112560923596,"pH","pH","Non-calcifier","ZOO_STUDY_0396","ZOO_ES_000783","ZOO_COMMON_00672",5,"Non-calcifier_pH",0.06,5.06,5.05806844634004
"ambiguous_dropped","full_factorial_only","Survival",-0.165532791479207,"T","T","Non-calcifier","ZOO_STUDY_0396","ZOO_ES_000784","ZOO_COMMON_00672",5,"Non-calcifier_T",0.18,5.18,5.16517085508211
"ambiguous_dropped","full_factorial_only","Survival",-0.0213316690503926,"TpH","T + pH","Non-calcifier","ZOO_STUDY_0396","ZOO_ES_000785","ZOO_COMMON_00672",5,"Non-calcifier_T + pH",0.3,5.3,5.27593841085909
"ambiguous_dropped","full_factorial_only","Survival",-0.0651393021709614,"pH","pH","Non-calcifier","ZOO_STUDY_0438","ZOO_ES_000871","ZOO_COMMON_00747",5,"Non-calcifier_pH",0.06,5.06,5.04915663486114
"ambiguous_dropped","full_factorial_only","Survival",0.920656990255464,"T","T","Non-calcifier","ZOO_STUDY_0438","ZOO_ES_000872","ZOO_COMMON_00747",5,"Non-calcifier_T",0.18,5.18,5.20076363128144
"ambiguous_dropped","full_factorial_only","Survival",1.18369129790669,"TpH","T + pH","Non-calcifier","ZOO_STUDY_0438","ZOO_ES_000873","ZOO_COMMON_00747",5,"Non-calcifier_T + pH",0.3,5.3,5.32168482602574
"ambiguous_dropped","full_factorial_only","Survival",-0.0854097292384776,"TpH","T + pH","Non-calcifier","ZOO_STUDY_0502","ZOO_ES_000961","ZOO_COMMON_00867",5,"Non-calcifier_T + pH",0.3,5.3,5.30212658068631
"ambiguous_dropped","full_factorial_only","Survival",-0.0922920688614193,"T","T","Non-calcifier","ZOO_STUDY_0502","ZOO_ES_000962","ZOO_COMMON_00867",5,"Non-calcifier_T",0.18,5.18,5.16597112729913
"ambiguous_dropped","full_factorial_only","Survival",0.00627748451913903,"pH","pH","Non-calcifier","ZOO_STUDY_0502","ZOO_ES_000963","ZOO_COMMON_00867",5,"Non-calcifier_pH",0.06,5.06,5.05947139020078
"ambiguous_dropped","full_factorial_only","Survival",0.0392207131532813,"pH","pH","Non-calcifier","ZOO_STUDY_0502","ZOO_ES_000964","ZOO_COMMON_00867",5,"Non-calcifier_pH",0.06,5.06,5.07505743680755
"ambiguous_dropped","full_factorial_only","Survival",-0.653926467406664,"TpH","T + pH","Non-calcifier","ZOO_STUDY_0502","ZOO_ES_000965","ZOO_COMMON_00867",5,"Non-calcifier_T + pH",0.3,5.3,5.29538153288886
"ambiguous_dropped","full_factorial_only","Survival",-0.7339691750802,"T","T","Non-calcifier","ZOO_STUDY_0502","ZOO_ES_000966","ZOO_COMMON_00867",5,"Non-calcifier_T",0.18,5.18,5.16018557834439
"ambiguous_dropped","full_factorial_only","Overall",-0.228488299473091,"pH","pH","Calcifier","ZOO_STUDY_0024","ZOO_ES_000053","ZOO_COMMON_00034",6,"Calcifier_pH",-0.3,5.7,5.68902825873811
"ambiguous_dropped","full_factorial_only","Overall",-0.866891554287605,"T","T","Calcifier","ZOO_STUDY_0024","ZOO_ES_000054","ZOO_COMMON_00034",6,"Calcifier_T",-0.18,5.82,5.813073311029
"ambiguous_dropped","full_factorial_only","Overall",-1.28653586143816,"TpH","T + pH","Calcifier","ZOO_STUDY_0024","ZOO_ES_000055","ZOO_COMMON_00034",6,"Calcifier_T + pH",-0.06,5.94,5.92796224205289
"ambiguous_dropped","full_factorial_only","Overall",-0.225856302084778,"pH","pH","Calcifier","ZOO_STUDY_0024","ZOO_ES_000056","ZOO_COMMON_00035",6,"Calcifier_pH",-0.3,5.7,5.69853409167845
"ambiguous_dropped","full_factorial_only","Overall",0.869205953098939,"pH","pH","Calcifier","ZOO_STUDY_0024","ZOO_ES_000057","ZOO_COMMON_00033",6,"Calcifier_pH",-0.3,5.7,5.69329227366252
"ambiguous_dropped","full_factorial_only","Overall",-0.220022798381081,"T","T","Calcifier","ZOO_STUDY_0024","ZOO_ES_000058","ZOO_COMMON_00035",6,"Calcifier_T",-0.18,5.82,5.8010636027134
"ambiguous_dropped","full_factorial_only","Overall",2.04329102920018,"T","T","Calcifier","ZOO_STUDY_0024","ZOO_ES_000059","ZOO_COMMON_00033",6,"Calcifier_T",-0.18,5.82,5.79734968402656
"ambiguous_dropped","full_factorial_only","Overall",-0.398080156973153,"TpH","T + pH","Calcifier","ZOO_STUDY_0024","ZOO_ES_000060","ZOO_COMMON_00035",6,"Calcifier_T + pH",-0.06,5.94,5.92813981520943
"ambiguous_dropped","full_factorial_only","Overall",1.72043722328929,"TpH","T + pH","Calcifier","ZOO_STUDY_0024","ZOO_ES_000061","ZOO_COMMON_00033",6,"Calcifier_T + pH",-0.06,5.94,5.96343205839861
"ambiguous_dropped","full_factorial_only","Overall",-0.699858615147932,"pH","pH","Calcifier","ZOO_STUDY_0049","ZOO_ES_000115","ZOO_COMMON_00071",6,"Calcifier_pH",-0.3,5.7,5.69942477411823
"ambiguous_dropped","full_factorial_only","Overall",-0.728941982637301,"pH","pH","Calcifier","ZOO_STUDY_0049","ZOO_ES_000116","ZOO_COMMON_00071",6,"Calcifier_pH",-0.3,5.7,5.69889110148652
"ambiguous_dropped","full_factorial_only","Overall",-1.27866369692753,"pH","pH","Calcifier","ZOO_STUDY_0049","ZOO_ES_000117","ZOO_COMMON_00071",6,"Calcifier_pH",-0.3,5.7,5.7124396440573
"ambiguous_dropped","full_factorial_only","Overall",0.0971327805518753,"pH","pH","Calcifier","ZOO_STUDY_0049","ZOO_ES_000118","ZOO_COMMON_00071",6,"Calcifier_pH",-0.3,5.7,5.70838201156585
"ambiguous_dropped","full_factorial_only","Overall",0.217895645332771,"T","T","Calcifier","ZOO_STUDY_0049","ZOO_ES_000119","ZOO_COMMON_00071",6,"Calcifier_T",-0.18,5.82,5.79747077983804
"ambiguous_dropped","full_factorial_only","Overall",0.0477702762686865,"T","T","Calcifier","ZOO_STUDY_0049","ZOO_ES_000120","ZOO_COMMON_00071",6,"Calcifier_T",-0.18,5.82,5.82975526222028
"ambiguous_dropped","full_factorial_only","Overall",-0.304306958421416,"T","T","Calcifier","ZOO_STUDY_0049","ZOO_ES_000121","ZOO_COMMON_00071",6,"Calcifier_T",-0.18,5.82,5.81316307833651
"ambiguous_dropped","full_factorial_only","Overall",-0.2419136539962,"T","T","Calcifier","ZOO_STUDY_0049","ZOO_ES_000122","ZOO_COMMON_00071",6,"Calcifier_T",-0.18,5.82,5.8392066803691
"ambiguous_dropped","full_factorial_only","Overall",0.244977035215889,"T","T","Calcifier","ZOO_STUDY_0049","ZOO_ES_000123","ZOO_COMMON_00071",6,"Calcifier_T",-0.18,5.82,5.8337648614822
"ambiguous_dropped","full_factorial_only","Overall",0.287263924839583,"T","T","Calcifier","ZOO_STUDY_0049","ZOO_ES_000124","ZOO_COMMON_00071",6,"Calcifier_T",-0.18,5.82,5.80196018206654
"ambiguous_dropped","full_factorial_only","Overall",0.635016003997374,"TpH","T + pH","Calcifier","ZOO_STUDY_0049","ZOO_ES_000125","ZOO_COMMON_00071",6,"Calcifier_T + pH",-0.06,5.94,5.92975046356209
"ambiguous_dropped","full_factorial_only","Overall",0.528032111359657,"TpH","T + pH","Calcifier","ZOO_STUDY_0049","ZOO_ES_000126","ZOO_COMMON_00071",6,"Calcifier_T + pH",-0.06,5.94,5.92130413927138
"ambiguous_dropped","full_factorial_only","Overall",0.517825858240465,"TpH","T + pH","Calcifier","ZOO_STUDY_0049","ZOO_ES_000127","ZOO_COMMON_00071",6,"Calcifier_T + pH",-0.06,5.94,5.94449508118909
"ambiguous_dropped","full_factorial_only","Overall",-0.410312427342489,"TpH","T + pH","Calcifier","ZOO_STUDY_0049","ZOO_ES_000128","ZOO_COMMON_00071",6,"Calcifier_T + pH",-0.06,5.94,5.94308378044283
"ambiguous_dropped","full_factorial_only","Overall",0.029656209582888,"TpH","T + pH","Calcifier","ZOO_STUDY_0049","ZOO_ES_000129","ZOO_COMMON_00071",6,"Calcifier_T + pH",-0.06,5.94,5.94943605600623
"ambiguous_dropped","full_factorial_only","Overall",-0.795587986114437,"TpH","T + pH","Calcifier","ZOO_STUDY_0049","ZOO_ES_000130","ZOO_COMMON_00071",6,"Calcifier_T + pH",-0.06,5.94,5.93056354045169
"ambiguous_dropped","full_factorial_only","Overall",-1.03128400349977,"TpH","T + pH","Calcifier","ZOO_STUDY_0049","ZOO_ES_000131","ZOO_COMMON_00071",6,"Calcifier_T + pH",-0.06,5.94,5.94527934207348
"ambiguous_dropped","full_factorial_only","Overall",0.402115021222882,"TpH","T + pH","Calcifier","ZOO_STUDY_0049","ZOO_ES_000132","ZOO_COMMON_00071",6,"Calcifier_T + pH",-0.06,5.94,5.96455171594629
"ambiguous_dropped","full_factorial_only","Overall",0.528067430200497,"TpH","T + pH","Calcifier","ZOO_STUDY_0049","ZOO_ES_000133","ZOO_COMMON_00071",6,"Calcifier_T + pH",-0.06,5.94,5.95216024575988
"ambiguous_dropped","full_factorial_only","Overall",0.00840390813375961,"pH","pH","Calcifier","ZOO_STUDY_0048","ZOO_ES_000134","ZOO_COMMON_00070",6,"Calcifier_pH",-0.3,5.7,5.67879285651725
"ambiguous_dropped","full_factorial_only","Overall",0.0167377787754803,"pH","pH","Calcifier","ZOO_STUDY_0048","ZOO_ES_000135","ZOO_COMMON_00070",6,"Calcifier_pH",-0.3,5.7,5.69755844532046
"ambiguous_dropped","full_factorial_only","Overall",-0.0897699994287095,"T","T","Calcifier","ZOO_STUDY_0048","ZOO_ES_000136","ZOO_COMMON_00070",6,"Calcifier_T",-0.18,5.82,5.79767684672726
"ambiguous_dropped","full_factorial_only","Overall",-0.188597317732779,"T","T","Calcifier","ZOO_STUDY_0048","ZOO_ES_000137","ZOO_COMMON_00070",6,"Calcifier_T",-0.18,5.82,5.81197777570225
"ambiguous_dropped","full_factorial_only","Overall",-0.0313921708879028,"T","T","Calcifier","ZOO_STUDY_0048","ZOO_ES_000140","ZOO_COMMON_00070",6,"Calcifier_T",-0.18,5.82,5.83169760744087
"ambiguous_dropped","full_factorial_only","Overall",-0.0284527933888363,"T","T","Calcifier","ZOO_STUDY_0048","ZOO_ES_000141","ZOO_COMMON_00070",6,"Calcifier_T",-0.18,5.82,5.79520534702344
"ambiguous_dropped","full_factorial_only","Overall",0,"TpH","T + pH","Calcifier","ZOO_STUDY_0048","ZOO_ES_000142","ZOO_COMMON_00070",6,"Calcifier_T + pH",-0.06,5.94,5.95359547411557
"ambiguous_dropped","full_factorial_only","Overall",-0.0947726898693211,"TpH","T + pH","Calcifier","ZOO_STUDY_0048","ZOO_ES_000143","ZOO_COMMON_00070",6,"Calcifier_T + pH",-0.06,5.94,5.93814876056044
"ambiguous_dropped","full_factorial_only","Overall",-0.119984871408325,"TpH","T + pH","Calcifier","ZOO_STUDY_0048","ZOO_ES_000144","ZOO_COMMON_00070",6,"Calcifier_T + pH",-0.06,5.94,5.95104201750131
"ambiguous_dropped","full_factorial_only","Overall",-0.0429886492263021,"TpH","T + pH","Calcifier","ZOO_STUDY_0048","ZOO_ES_000148","ZOO_COMMON_00070",6,"Calcifier_T + pH",-0.06,5.94,5.94832528586034
"ambiguous_dropped","full_factorial_only","Overall",-0.0284527933888363,"TpH","T + pH","Calcifier","ZOO_STUDY_0048","ZOO_ES_000149","ZOO_COMMON_00070",6,"Calcifier_T + pH",-0.06,5.94,5.94360368603142
"ambiguous_dropped","full_factorial_only","Overall",0.0222166057928681,"TpH","T + pH","Calcifier","ZOO_STUDY_0048","ZOO_ES_000150","ZOO_COMMON_00070",6,"Calcifier_T + pH",-0.06,5.94,5.9501906475029
"ambiguous_dropped","full_factorial_only","Overall",0.052986223558646,"pH","pH","Calcifier","ZOO_STUDY_0048","ZOO_ES_000151","ZOO_COMMON_00070",6,"Calcifier_pH",-0.3,5.7,5.70786105302395
"ambiguous_dropped","full_factorial_only","Overall",0.0908867731053695,"pH","pH","Calcifier","ZOO_STUDY_0048","ZOO_ES_000152","ZOO_COMMON_00070",6,"Calcifier_pH",-0.3,5.7,5.6894676072523
"ambiguous_dropped","full_factorial_only","Overall",0.578136640957215,"pH","pH","Calcifier","ZOO_STUDY_0049","ZOO_ES_000153","ZOO_COMMON_00071",6,"Calcifier_pH",-0.3,5.7,5.67986197278369
"ambiguous_dropped","full_factorial_only","Overall",0.666804619398469,"pH","pH","Calcifier","ZOO_STUDY_0049","ZOO_ES_000154","ZOO_COMMON_00071",6,"Calcifier_pH",-0.3,5.7,5.72312106605386
"ambiguous_dropped","full_factorial_only","Overall",-0.147645037692257,"pH","pH","Calcifier","ZOO_STUDY_0051","ZOO_ES_000155","ZOO_COMMON_00073",6,"Calcifier_pH",-0.3,5.7,5.71181670145597
"ambiguous_dropped","full_factorial_only","Overall",-0.0688678849796504,"pH","pH","Calcifier","ZOO_STUDY_0051","ZOO_ES_000156","ZOO_COMMON_00073",6,"Calcifier_pH",-0.3,5.7,5.7056361734285
"ambiguous_dropped","full_factorial_only","Overall",-0.530495457754758,"T","T","Calcifier","ZOO_STUDY_0051","ZOO_ES_000157","ZOO_COMMON_00073",6,"Calcifier_T",-0.18,5.82,5.80099644404138
"ambiguous_dropped","full_factorial_only","Overall",0.232201985914886,"T","T","Calcifier","ZOO_STUDY_0051","ZOO_ES_000158","ZOO_COMMON_00073",6,"Calcifier_T",-0.18,5.82,5.82251295232447
"ambiguous_dropped","full_factorial_only","Overall",-0.0903670367142763,"T","T","Calcifier","ZOO_STUDY_0051","ZOO_ES_000159","ZOO_COMMON_00073",6,"Calcifier_T",-0.18,5.82,5.80813781389035
"ambiguous_dropped","full_factorial_only","Overall",-0.847297860387204,"TpH","T + pH","Calcifier","ZOO_STUDY_0051","ZOO_ES_000160","ZOO_COMMON_00073",6,"Calcifier_T + pH",-0.06,5.94,5.95991804155987
"ambiguous_dropped","full_factorial_only","Overall",-0.676072206807367,"TpH","T + pH","Calcifier","ZOO_STUDY_0051","ZOO_ES_000161","ZOO_COMMON_00073",6,"Calcifier_T + pH",-0.06,5.94,5.91545899729012
"ambiguous_dropped","full_factorial_only","Overall",0.153514142568337,"TpH","T + pH","Calcifier","ZOO_STUDY_0051","ZOO_ES_000162","ZOO_COMMON_00073",6,"Calcifier_T + pH",-0.06,5.94,5.92681174679659
"ambiguous_dropped","full_factorial_only","Overall",0.198774356563946,"TpH","T + pH","Calcifier","ZOO_STUDY_0051","ZOO_ES_000163","ZOO_COMMON_00073",6,"Calcifier_T + pH",-0.06,5.94,5.92150222976692
"ambiguous_dropped","full_factorial_only","Overall",-0.214129184962721,"TpH","T + pH","Calcifier","ZOO_STUDY_0051","ZOO_ES_000164","ZOO_COMMON_00073",6,"Calcifier_T + pH",-0.06,5.94,5.93131165733561
"ambiguous_dropped","full_factorial_only","Overall",-0.0758781630933192,"TpH","T + pH","Calcifier","ZOO_STUDY_0051","ZOO_ES_000165","ZOO_COMMON_00073",6,"Calcifier_T + pH",-0.06,5.94,5.95131994441384
"ambiguous_dropped","full_factorial_only","Overall",-0.0617078855000896,"pH","pH","Calcifier","ZOO_STUDY_0051","ZOO_ES_000166","ZOO_COMMON_00073",6,"Calcifier_pH",-0.3,5.7,5.72458726176992
"ambiguous_dropped","full_factorial_only","Overall",-0.138749331878683,"pH","pH","Calcifier","ZOO_STUDY_0051","ZOO_ES_000167","ZOO_COMMON_00073",6,"Calcifier_pH",-0.3,5.7,5.71075667638797
"ambiguous_dropped","full_factorial_only","Overall",-0.22299305090005,"pH","pH","Calcifier","ZOO_STUDY_0051","ZOO_ES_000168","ZOO_COMMON_00073",6,"Calcifier_pH",-0.3,5.7,5.70022199054947
"ambiguous_dropped","full_factorial_only","Overall",-0.353736092496078,"pH","pH","Calcifier","ZOO_STUDY_0051","ZOO_ES_000169","ZOO_COMMON_00073",6,"Calcifier_pH",-0.3,5.7,5.69680238359142
"ambiguous_dropped","full_factorial_only","Overall",0.574349539844959,"TpH","T + pH","Calcifier","ZOO_STUDY_0052","ZOO_ES_000170","ZOO_COMMON_00075",6,"Calcifier_T + pH",-0.06,5.94,5.96244126253063
"ambiguous_dropped","full_factorial_only","Overall",0.54044246118516,"TpH","T + pH","Calcifier","ZOO_STUDY_0052","ZOO_ES_000171","ZOO_COMMON_00075",6,"Calcifier_T + pH",-0.06,5.94,5.92100907438202
"ambiguous_dropped","full_factorial_only","Overall",0.389685122085573,"TpH","T + pH","Calcifier","ZOO_STUDY_0052","ZOO_ES_000172","ZOO_COMMON_00075",6,"Calcifier_T + pH",-0.06,5.94,5.91875725883059
"ambiguous_dropped","full_factorial_only","Overall",0.218521442597487,"TpH","T + pH","Calcifier","ZOO_STUDY_0052","ZOO_ES_000173","ZOO_COMMON_00075",6,"Calcifier_T + pH",-0.06,5.94,5.9594510746398
"ambiguous_dropped","full_factorial_only","Overall",0.57866781924631,"pH","pH","Calcifier","ZOO_STUDY_0052","ZOO_ES_000174","ZOO_COMMON_00075",6,"Calcifier_pH",-0.3,5.7,5.69622260475298
"ambiguous_dropped","full_factorial_only","Overall",0.146435253641397,"pH","pH","Calcifier","ZOO_STUDY_0052","ZOO_ES_000175","ZOO_COMMON_00075",6,"Calcifier_pH",-0.3,5.7,5.67711803393904
"ambiguous_dropped","full_factorial_only","Overall",0.329289411795833,"T","T","Calcifier","ZOO_STUDY_0052","ZOO_ES_000176","ZOO_COMMON_00075",6,"Calcifier_T",-0.18,5.82,5.82737210718216
"ambiguous_dropped","full_factorial_only","Overall",0.156465918782622,"T","T","Calcifier","ZOO_STUDY_0052","ZOO_ES_000177","ZOO_COMMON_00075",6,"Calcifier_T",-0.18,5.82,5.81843095812248
"ambiguous_dropped","full_factorial_only","Overall",-0.0449411024859286,"pH","pH","Calcifier","ZOO_STUDY_0052","ZOO_ES_000178","ZOO_COMMON_00074",6,"Calcifier_pH",-0.3,5.7,5.70589630616596
"ambiguous_dropped","full_factorial_only","Overall",-0.00630853991614687,"pH","pH","Calcifier","ZOO_STUDY_0052","ZOO_ES_000179","ZOO_COMMON_00074",6,"Calcifier_pH",-0.3,5.7,5.68854077162687
"ambiguous_dropped","full_factorial_only","Overall",-0.214978124570755,"T","T","Calcifier","ZOO_STUDY_0052","ZOO_ES_000180","ZOO_COMMON_00074",6,"Calcifier_T",-0.18,5.82,5.80286476433277
"ambiguous_dropped","full_factorial_only","Overall",-0.145787346589673,"T","T","Calcifier","ZOO_STUDY_0052","ZOO_ES_000181","ZOO_COMMON_00074",6,"Calcifier_T",-0.18,5.82,5.80071271351073
"ambiguous_dropped","full_factorial_only","Overall",-0.129424319612731,"T","T","Calcifier","ZOO_STUDY_0052","ZOO_ES_000182","ZOO_COMMON_00074",6,"Calcifier_T",-0.18,5.82,5.82038414315786
"ambiguous_dropped","full_factorial_only","Overall",-0.0670754375994733,"T","T","Calcifier","ZOO_STUDY_0052","ZOO_ES_000183","ZOO_COMMON_00074",6,"Calcifier_T",-0.18,5.82,5.82240161437541
"ambiguous_dropped","full_factorial_only","Overall",-0.128236805336107,"TpH","T + pH","Calcifier","ZOO_STUDY_0052","ZOO_ES_000184","ZOO_COMMON_00074",6,"Calcifier_T + pH",-0.06,5.94,5.92203230947256
"ambiguous_dropped","full_factorial_only","Overall",-0.12374821523298,"TpH","T + pH","Calcifier","ZOO_STUDY_0052","ZOO_ES_000185","ZOO_COMMON_00074",6,"Calcifier_T + pH",-0.06,5.94,5.92348845250439
"ambiguous_dropped","full_factorial_only","Overall",-0.11641065871426,"TpH","T + pH","Calcifier","ZOO_STUDY_0052","ZOO_ES_000186","ZOO_COMMON_00074",6,"Calcifier_T + pH",-0.06,5.94,5.95309926615795
"ambiguous_dropped","full_factorial_only","Overall",-0.112966439629692,"TpH","T + pH","Calcifier","ZOO_STUDY_0052","ZOO_ES_000187","ZOO_COMMON_00074",6,"Calcifier_T + pH",-0.06,5.94,5.94136974703055
"ambiguous_dropped","full_factorial_only","Overall",-0.0897380024059406,"TpH","T + pH","Calcifier","ZOO_STUDY_0052","ZOO_ES_000188","ZOO_COMMON_00074",6,"Calcifier_T + pH",-0.06,5.94,5.95804946787888
"ambiguous_dropped","full_factorial_only","Overall",-0.0885695081358388,"TpH","T + pH","Calcifier","ZOO_STUDY_0052","ZOO_ES_000189","ZOO_COMMON_00074",6,"Calcifier_T + pH",-0.06,5.94,5.94867774939397
"ambiguous_dropped","full_factorial_only","Overall",-0.0829969195709678,"TpH","T + pH","Calcifier","ZOO_STUDY_0052","ZOO_ES_000190","ZOO_COMMON_00074",6,"Calcifier_T + pH",-0.06,5.94,5.91565205148421
"ambiguous_dropped","full_factorial_only","Overall",-0.023064578848294,"TpH","T + pH","Calcifier","ZOO_STUDY_0052","ZOO_ES_000191","ZOO_COMMON_00074",6,"Calcifier_T + pH",-0.06,5.94,5.94965994506842
"ambiguous_dropped","full_factorial_only","Overall",-0.00271059381976523,"pH","pH","Calcifier","ZOO_STUDY_0052","ZOO_ES_000192","ZOO_COMMON_00074",6,"Calcifier_pH",-0.3,5.7,5.71958568660775
"ambiguous_dropped","full_factorial_only","Overall",-0.0150000190115636,"pH","pH","Calcifier","ZOO_STUDY_0052","ZOO_ES_000193","ZOO_COMMON_00074",6,"Calcifier_pH",-0.3,5.7,5.70659250876633
"ambiguous_dropped","full_factorial_only","Overall",-0.971382114120316,"T","T","Calcifier","ZOO_STUDY_0054","ZOO_ES_000194","ZOO_COMMON_00077",6,"Calcifier_T",-0.18,5.82,5.80036473274697
"ambiguous_dropped","full_factorial_only","Overall",-0.478414107754332,"T","T","Calcifier","ZOO_STUDY_0054","ZOO_ES_000195","ZOO_COMMON_00077",6,"Calcifier_T",-0.18,5.82,5.84105326019228
"ambiguous_dropped","full_factorial_only","Overall",-5.00562275227271,"TpH","T + pH","Calcifier","ZOO_STUDY_0054","ZOO_ES_000196","ZOO_COMMON_00077",6,"Calcifier_T + pH",-0.06,5.94,5.94876811905764
"ambiguous_dropped","full_factorial_only","Overall",-3.99402184059423,"TpH","T + pH","Calcifier","ZOO_STUDY_0054","ZOO_ES_000197","ZOO_COMMON_00077",6,"Calcifier_T + pH",-0.06,5.94,5.9224296856299
"ambiguous_dropped","full_factorial_only","Overall",-2.31437966948688,"TpH","T + pH","Calcifier","ZOO_STUDY_0054","ZOO_ES_000198","ZOO_COMMON_00077",6,"Calcifier_T + pH",-0.06,5.94,5.95226709211478
"ambiguous_dropped","full_factorial_only","Overall",-1.29816691258584,"TpH","T + pH","Calcifier","ZOO_STUDY_0054","ZOO_ES_000199","ZOO_COMMON_00077",6,"Calcifier_T + pH",-0.06,5.94,5.96212994309375
"ambiguous_dropped","full_factorial_only","Overall",-0.750010042454489,"pH","pH","Calcifier","ZOO_STUDY_0054","ZOO_ES_000200","ZOO_COMMON_00077",6,"Calcifier_pH",-0.3,5.7,5.69603916878114
"ambiguous_dropped","full_factorial_only","Overall",-0.953837804469407,"pH","pH","Calcifier","ZOO_STUDY_0054","ZOO_ES_000201","ZOO_COMMON_00077",6,"Calcifier_pH",-0.3,5.7,5.68988615390845
"ambiguous_dropped","full_factorial_only","Overall",-0.0147329825813674,"pH","pH","Calcifier","ZOO_STUDY_0056","ZOO_ES_000207","ZOO_COMMON_00084",6,"Calcifier_pH",-0.3,5.7,5.68797133350745
"ambiguous_dropped","full_factorial_only","Overall",-0.0101140367250729,"pH","pH","Calcifier","ZOO_STUDY_0056","ZOO_ES_000208","ZOO_COMMON_00084",6,"Calcifier_pH",-0.3,5.7,5.68614406584529
"ambiguous_dropped","full_factorial_only","Overall",-0.0273393430069523,"T","T","Calcifier","ZOO_STUDY_0056","ZOO_ES_000209","ZOO_COMMON_00084",6,"Calcifier_T",-0.18,5.82,5.82328271717299
"ambiguous_dropped","full_factorial_only","Overall",-0.00335999240909737,"T","T","Calcifier","ZOO_STUDY_0056","ZOO_ES_000210","ZOO_COMMON_00084",6,"Calcifier_T",-0.18,5.82,5.83283250664128
"ambiguous_dropped","full_factorial_only","Overall",-0.0760812457927211,"TpH","T + pH","Calcifier","ZOO_STUDY_0056","ZOO_ES_000211","ZOO_COMMON_00084",6,"Calcifier_T + pH",-0.06,5.94,5.94848017729586
"ambiguous_dropped","full_factorial_only","Overall",-0.0631351501357972,"TpH","T + pH","Calcifier","ZOO_STUDY_0056","ZOO_ES_000212","ZOO_COMMON_00084",6,"Calcifier_T + pH",-0.06,5.94,5.94232613971457
"ambiguous_dropped","full_factorial_only","Overall",-0.0558727472656783,"TpH","T + pH","Calcifier","ZOO_STUDY_0056","ZOO_ES_000213","ZOO_COMMON_00084",6,"Calcifier_T + pH",-0.06,5.94,5.95557318288833
"ambiguous_dropped","full_factorial_only","Overall",-0.0258236692755257,"TpH","T + pH","Calcifier","ZOO_STUDY_0056","ZOO_ES_000214","ZOO_COMMON_00084",6,"Calcifier_T + pH",-0.06,5.94,5.95295834010234
"ambiguous_dropped","full_factorial_only","Overall",-0.0896251633518588,"pH","pH","Calcifier","ZOO_STUDY_0055","ZOO_ES_000215","ZOO_COMMON_00078",6,"Calcifier_pH",-0.3,5.7,5.67600342330989
"ambiguous_dropped","full_factorial_only","Overall",-0.0546673533173339,"pH","pH","Calcifier","ZOO_STUDY_0055","ZOO_ES_000216","ZOO_COMMON_00083",6,"Calcifier_pH",-0.3,5.7,5.69404518500669
"ambiguous_dropped","full_factorial_only","Overall",-0.0358811445261542,"pH","pH","Calcifier","ZOO_STUDY_0055","ZOO_ES_000217","ZOO_COMMON_00081",6,"Calcifier_pH",-0.3,5.7,5.67754400568083
"ambiguous_dropped","full_factorial_only","Overall",-0.028880200427059,"pH","pH","Calcifier","ZOO_STUDY_0055","ZOO_ES_000218","ZOO_COMMON_00081",6,"Calcifier_pH",-0.3,5.7,5.714895146864
"ambiguous_dropped","full_factorial_only","Overall",-0.0125323336560114,"pH","pH","Calcifier","ZOO_STUDY_0055","ZOO_ES_000219","ZOO_COMMON_00082",6,"Calcifier_pH",-0.3,5.7,5.72118496065959
"ambiguous_dropped","full_factorial_only","Overall",-0.0120282105020037,"pH","pH","Calcifier","ZOO_STUDY_0055","ZOO_ES_000220","ZOO_COMMON_00080",6,"Calcifier_pH",-0.3,5.7,5.70212991852313
"ambiguous_dropped","full_factorial_only","Overall",-0.00543706901931438,"pH","pH","Calcifier","ZOO_STUDY_0055","ZOO_ES_000221","ZOO_COMMON_00081",6,"Calcifier_pH",-0.3,5.7,5.71761823000852
"ambiguous_dropped","full_factorial_only","Overall",0.0025542798050967,"pH","pH","Calcifier","ZOO_STUDY_0055","ZOO_ES_000222","ZOO_COMMON_00082",6,"Calcifier_pH",-0.3,5.7,5.70417814316461
"ambiguous_dropped","full_factorial_only","Overall",0.0143335222997484,"pH","pH","Calcifier","ZOO_STUDY_0055","ZOO_ES_000223","ZOO_COMMON_00083",6,"Calcifier_pH",-0.3,5.7,5.70841618217528
"ambiguous_dropped","full_factorial_only","Overall",0.0195741286131331,"pH","pH","Calcifier","ZOO_STUDY_0055","ZOO_ES_000224","ZOO_COMMON_00078",6,"Calcifier_pH",-0.3,5.7,5.70056572982576
"ambiguous_dropped","full_factorial_only","Overall",0.0196920695321481,"pH","pH","Calcifier","ZOO_STUDY_0055","ZOO_ES_000225","ZOO_COMMON_00079",6,"Calcifier_pH",-0.3,5.7,5.71313752946444
"ambiguous_dropped","full_factorial_only","Overall",0.0205962741449164,"pH","pH","Calcifier","ZOO_STUDY_0055","ZOO_ES_000226","ZOO_COMMON_00079",6,"Calcifier_pH",-0.3,5.7,5.72016811439535
"ambiguous_dropped","full_factorial_only","Overall",0.0214661621157334,"pH","pH","Calcifier","ZOO_STUDY_0055","ZOO_ES_000227","ZOO_COMMON_00080",6,"Calcifier_pH",-0.3,5.7,5.71602372560883
"ambiguous_dropped","full_factorial_only","Overall",0.0214996619102447,"pH","pH","Calcifier","ZOO_STUDY_0055","ZOO_ES_000228","ZOO_COMMON_00079",6,"Calcifier_pH",-0.3,5.7,5.67857159248088
"ambiguous_dropped","full_factorial_only","Overall",0.0621413681190702,"pH","pH","Calcifier","ZOO_STUDY_0055","ZOO_ES_000229","ZOO_COMMON_00083",6,"Calcifier_pH",-0.3,5.7,5.67519481715281
"ambiguous_dropped","full_factorial_only","Overall",-0.0396326212903048,"T","T","Calcifier","ZOO_STUDY_0055","ZOO_ES_000230","ZOO_COMMON_00080",6,"Calcifier_T",-0.18,5.82,5.79760993079282
"ambiguous_dropped","full_factorial_only","Overall",-0.0308140213992867,"T","T","Calcifier","ZOO_STUDY_0055","ZOO_ES_000231","ZOO_COMMON_00081",6,"Calcifier_T",-0.18,5.82,5.83832800898701
"ambiguous_dropped","full_factorial_only","Overall",-0.0121416605668557,"T","T","Calcifier","ZOO_STUDY_0055","ZOO_ES_000232","ZOO_COMMON_00078",6,"Calcifier_T",-0.18,5.82,5.82381225844612
"ambiguous_dropped","full_factorial_only","Overall",0.000208051597546436,"T","T","Calcifier","ZOO_STUDY_0055","ZOO_ES_000233","ZOO_COMMON_00078",6,"Calcifier_T",-0.18,5.82,5.81069212860195
"ambiguous_dropped","full_factorial_only","Overall",0.000340967213623373,"T","T","Calcifier","ZOO_STUDY_0055","ZOO_ES_000234","ZOO_COMMON_00083",6,"Calcifier_T",-0.18,5.82,5.8429732891894
"ambiguous_dropped","full_factorial_only","Overall",0.000409962084249605,"T","T","Calcifier","ZOO_STUDY_0055","ZOO_ES_000235","ZOO_COMMON_00079",6,"Calcifier_T",-0.18,5.82,5.824559687851
"ambiguous_dropped","full_factorial_only","Overall",0.0062370264555477,"T","T","Calcifier","ZOO_STUDY_0055","ZOO_ES_000236","ZOO_COMMON_00081",6,"Calcifier_T",-0.18,5.82,5.82157046678942
"ambiguous_dropped","full_factorial_only","Overall",0.00706015067221839,"T","T","Calcifier","ZOO_STUDY_0055","ZOO_ES_000237","ZOO_COMMON_00080",6,"Calcifier_T",-0.18,5.82,5.81419683357701
"ambiguous_dropped","full_factorial_only","Overall",0.0189882335974063,"T","T","Calcifier","ZOO_STUDY_0055","ZOO_ES_000238","ZOO_COMMON_00079",6,"Calcifier_T",-0.18,5.82,5.81097766147461
"ambiguous_dropped","full_factorial_only","Overall",0.0204777632681342,"T","T","Calcifier","ZOO_STUDY_0055","ZOO_ES_000239","ZOO_COMMON_00083",6,"Calcifier_T",-0.18,5.82,5.83541931276442
"ambiguous_dropped","full_factorial_only","Overall",0.0210163426448322,"T","T","Calcifier","ZOO_STUDY_0055","ZOO_ES_000240","ZOO_COMMON_00082",6,"Calcifier_T",-0.18,5.82,5.79709597492358
"ambiguous_dropped","full_factorial_only","Overall",0.0406396138289714,"T","T","Calcifier","ZOO_STUDY_0055","ZOO_ES_000241","ZOO_COMMON_00082",6,"Calcifier_T",-0.18,5.82,5.81318713473622
"ambiguous_dropped","full_factorial_only","Overall",-0.141938448977054,"TpH","T + pH","Calcifier","ZOO_STUDY_0055","ZOO_ES_000242","ZOO_COMMON_00081",6,"Calcifier_T + pH",-0.06,5.94,5.95782984834863
"ambiguous_dropped","full_factorial_only","Overall",-0.128445145395098,"TpH","T + pH","Calcifier","ZOO_STUDY_0055","ZOO_ES_000243","ZOO_COMMON_00082",6,"Calcifier_T + pH",-0.06,5.94,5.94989732892485
"ambiguous_dropped","full_factorial_only","Overall",-0.094413814193929,"TpH","T + pH","Calcifier","ZOO_STUDY_0055","ZOO_ES_000244","ZOO_COMMON_00081",6,"Calcifier_T + pH",-0.06,5.94,5.94922432364896
"ambiguous_dropped","full_factorial_only","Overall",-0.0621638663253489,"TpH","T + pH","Calcifier","ZOO_STUDY_0055","ZOO_ES_000245","ZOO_COMMON_00081",6,"Calcifier_T + pH",-0.06,5.94,5.9324007526366
"ambiguous_dropped","full_factorial_only","Overall",-0.0575296707442177,"TpH","T + pH","Calcifier","ZOO_STUDY_0055","ZOO_ES_000246","ZOO_COMMON_00080",6,"Calcifier_T + pH",-0.06,5.94,5.94273409147048
"ambiguous_dropped","full_factorial_only","Overall",-0.0518003361594221,"TpH","T + pH","Calcifier","ZOO_STUDY_0055","ZOO_ES_000247","ZOO_COMMON_00080",6,"Calcifier_T + pH",-0.06,5.94,5.92186218087794
"ambiguous_dropped","full_factorial_only","Overall",-0.034908854707215,"TpH","T + pH","Calcifier","ZOO_STUDY_0055","ZOO_ES_000248","ZOO_COMMON_00081",6,"Calcifier_T + pH",-0.06,5.94,5.95424657781608
"ambiguous_dropped","full_factorial_only","Overall",-0.0332384204069749,"TpH","T + pH","Calcifier","ZOO_STUDY_0055","ZOO_ES_000249","ZOO_COMMON_00082",6,"Calcifier_T + pH",-0.06,5.94,5.9593431285792
"ambiguous_dropped","full_factorial_only","Overall",-0.0176735086174976,"TpH","T + pH","Calcifier","ZOO_STUDY_0055","ZOO_ES_000250","ZOO_COMMON_00081",6,"Calcifier_T + pH",-0.06,5.94,5.92520479416475
"ambiguous_dropped","full_factorial_only","Overall",-0.0171956001175166,"TpH","T + pH","Calcifier","ZOO_STUDY_0055","ZOO_ES_000251","ZOO_COMMON_00080",6,"Calcifier_T + pH",-0.06,5.94,5.9535311480728
"ambiguous_dropped","full_factorial_only","Overall",-0.0164686157638017,"TpH","T + pH","Calcifier","ZOO_STUDY_0055","ZOO_ES_000252","ZOO_COMMON_00078",6,"Calcifier_T + pH",-0.06,5.94,5.94481814803788
"ambiguous_dropped","full_factorial_only","Overall",-0.0116921325287513,"TpH","T + pH","Calcifier","ZOO_STUDY_0055","ZOO_ES_000253","ZOO_COMMON_00080",6,"Calcifier_T + pH",-0.06,5.94,5.96288348712027
"ambiguous_dropped","full_factorial_only","Overall",-0.0112995552539334,"TpH","T + pH","Calcifier","ZOO_STUDY_0055","ZOO_ES_000254","ZOO_COMMON_00078",6,"Calcifier_T + pH",-0.06,5.94,5.92293441988062
"ambiguous_dropped","full_factorial_only","Overall",-0.01119434193383,"TpH","T + pH","Calcifier","ZOO_STUDY_0055","ZOO_ES_000255","ZOO_COMMON_00078",6,"Calcifier_T + pH",-0.06,5.94,5.94129871370737
"ambiguous_dropped","full_factorial_only","Overall",-0.0103530336499026,"TpH","T + pH","Calcifier","ZOO_STUDY_0055","ZOO_ES_000256","ZOO_COMMON_00078",6,"Calcifier_T + pH",-0.06,5.94,5.95865756837651
"ambiguous_dropped","full_factorial_only","Overall",-0.003564669030296,"TpH","T + pH","Calcifier","ZOO_STUDY_0055","ZOO_ES_000257","ZOO_COMMON_00082",6,"Calcifier_T + pH",-0.06,5.94,5.95848530351417
"ambiguous_dropped","full_factorial_only","Overall",0.00177111053225457,"TpH","T + pH","Calcifier","ZOO_STUDY_0055","ZOO_ES_000258","ZOO_COMMON_00081",6,"Calcifier_T + pH",-0.06,5.94,5.91618443216197
"ambiguous_dropped","full_factorial_only","Overall",0.00225271444845955,"TpH","T + pH","Calcifier","ZOO_STUDY_0055","ZOO_ES_000259","ZOO_COMMON_00079",6,"Calcifier_T + pH",-0.06,5.94,5.963794484674
"ambiguous_dropped","full_factorial_only","Overall",0.00307062677296501,"TpH","T + pH","Calcifier","ZOO_STUDY_0055","ZOO_ES_000260","ZOO_COMMON_00079",6,"Calcifier_T + pH",-0.06,5.94,5.93951120991027
"ambiguous_dropped","full_factorial_only","Overall",0.0145527424546199,"TpH","T + pH","Calcifier","ZOO_STUDY_0055","ZOO_ES_000261","ZOO_COMMON_00079",6,"Calcifier_T + pH",-0.06,5.94,5.93445851615164
"ambiguous_dropped","full_factorial_only","Overall",0.0154616039158185,"TpH","T + pH","Calcifier","ZOO_STUDY_0055","ZOO_ES_000262","ZOO_COMMON_00079",6,"Calcifier_T + pH",-0.06,5.94,5.93587774799438
"ambiguous_dropped","full_factorial_only","Overall",0.0198930745579506,"TpH","T + pH","Calcifier","ZOO_STUDY_0055","ZOO_ES_000263","ZOO_COMMON_00079",6,"Calcifier_T + pH",-0.06,5.94,5.91964629102498
"ambiguous_dropped","full_factorial_only","Overall",0.020094039188852,"TpH","T + pH","Calcifier","ZOO_STUDY_0055","ZOO_ES_000264","ZOO_COMMON_00079",6,"Calcifier_T + pH",-0.06,5.94,5.92309046050999
"ambiguous_dropped","full_factorial_only","Overall",0.0222581131319591,"TpH","T + pH","Calcifier","ZOO_STUDY_0055","ZOO_ES_000265","ZOO_COMMON_00083",6,"Calcifier_T + pH",-0.06,5.94,5.93527082475834
"ambiguous_dropped","full_factorial_only","Overall",0.0421332660857549,"TpH","T + pH","Calcifier","ZOO_STUDY_0055","ZOO_ES_000266","ZOO_COMMON_00082",6,"Calcifier_T + pH",-0.06,5.94,5.93209072220838
"ambiguous_dropped","full_factorial_only","Overall",0.0485898593806657,"TpH","T + pH","Calcifier","ZOO_STUDY_0055","ZOO_ES_000267","ZOO_COMMON_00083",6,"Calcifier_T + pH",-0.06,5.94,5.935762872661
"ambiguous_dropped","full_factorial_only","Overall",0.0543124901250529,"TpH","T + pH","Calcifier","ZOO_STUDY_0055","ZOO_ES_000268","ZOO_COMMON_00083",6,"Calcifier_T + pH",-0.06,5.94,5.93020262345439
"ambiguous_dropped","full_factorial_only","Overall",0.0544201501348463,"TpH","T + pH","Calcifier","ZOO_STUDY_0055","ZOO_ES_000269","ZOO_COMMON_00083",6,"Calcifier_T + pH",-0.06,5.94,5.94301402687328
"ambiguous_dropped","full_factorial_only","Overall",0.0560336609458259,"TpH","T + pH","Calcifier","ZOO_STUDY_0055","ZOO_ES_000270","ZOO_COMMON_00083",6,"Calcifier_T + pH",-0.06,5.94,5.92279370752862
"ambiguous_dropped","full_factorial_only","Overall",0.0622481886073413,"TpH","T + pH","Calcifier","ZOO_STUDY_0055","ZOO_ES_000271","ZOO_COMMON_00083",6,"Calcifier_T + pH",-0.06,5.94,5.96282898820704
"ambiguous_dropped","full_factorial_only","Overall",0.956979065910933,"TpH","T + pH","Calcifier","ZOO_STUDY_0090","ZOO_ES_000293","ZOO_COMMON_00156",6,"Calcifier_T + pH",-0.06,5.94,5.91719833126757
"ambiguous_dropped","full_factorial_only","Overall",0.487158737921324,"pH","pH","Calcifier","ZOO_STUDY_0090","ZOO_ES_000294","ZOO_COMMON_00156",6,"Calcifier_pH",-0.3,5.7,5.69360788713675
"ambiguous_dropped","full_factorial_only","Overall",1.43916755239756,"T","T","Calcifier","ZOO_STUDY_0090","ZOO_ES_000295","ZOO_COMMON_00156",6,"Calcifier_T",-0.18,5.82,5.84313076707069
"ambiguous_dropped","full_factorial_only","Overall",-0.0586425283508928,"pH","pH","Calcifier","ZOO_STUDY_0090","ZOO_ES_000297","ZOO_COMMON_00157",6,"Calcifier_pH",-0.3,5.7,5.70727137578651
"ambiguous_dropped","full_factorial_only","Overall",0,"T","T","Calcifier","ZOO_STUDY_0090","ZOO_ES_000300","ZOO_COMMON_00157",6,"Calcifier_T",-0.18,5.82,5.79806313071633
"ambiguous_dropped","full_factorial_only","Overall",-0.021646765013583,"TpH","T + pH","Calcifier","ZOO_STUDY_0090","ZOO_ES_000303","ZOO_COMMON_00157",6,"Calcifier_T + pH",-0.06,5.94,5.93549729642458
"ambiguous_dropped","full_factorial_only","Overall",-0.0117190866739661,"pH","pH","Calcifier","ZOO_STUDY_0136","ZOO_ES_000343","ZOO_COMMON_00236",6,"Calcifier_pH",-0.3,5.7,5.69629525670316
"ambiguous_dropped","full_factorial_only","Overall",0,"pH","pH","Calcifier","ZOO_STUDY_0136","ZOO_ES_000344","ZOO_COMMON_00236",6,"Calcifier_pH",-0.3,5.7,5.70040790423518
"ambiguous_dropped","full_factorial_only","Overall",-0.109869726784508,"T","T","Calcifier","ZOO_STUDY_0136","ZOO_ES_000345","ZOO_COMMON_00237",6,"Calcifier_T",-0.18,5.82,5.81747999553802
"ambiguous_dropped","full_factorial_only","Overall",-0.0166568953715924,"T","T","Calcifier","ZOO_STUDY_0136","ZOO_ES_000346","ZOO_COMMON_00237",6,"Calcifier_T",-0.18,5.82,5.82616306917509
"ambiguous_dropped","full_factorial_only","Overall",0,"T","T","Calcifier","ZOO_STUDY_0136","ZOO_ES_000347","ZOO_COMMON_00236",6,"Calcifier_T",-0.18,5.82,5.80199889655225
"ambiguous_dropped","full_factorial_only","Overall",0.0191979755035902,"T","T","Calcifier","ZOO_STUDY_0136","ZOO_ES_000348","ZOO_COMMON_00236",6,"Calcifier_T",-0.18,5.82,5.8403973200405
"ambiguous_dropped","full_factorial_only","Overall",-0.122199502348718,"TpH","T + pH","Calcifier","ZOO_STUDY_0136","ZOO_ES_000349","ZOO_COMMON_00237",6,"Calcifier_T + pH",-0.06,5.94,5.94347216373775
"ambiguous_dropped","full_factorial_only","Overall",-0.115959055478639,"TpH","T + pH","Calcifier","ZOO_STUDY_0136","ZOO_ES_000350","ZOO_COMMON_00237",6,"Calcifier_T + pH",-0.06,5.94,5.94241402869578
"ambiguous_dropped","full_factorial_only","Overall",-0.112730864243836,"TpH","T + pH","Calcifier","ZOO_STUDY_0136","ZOO_ES_000351","ZOO_COMMON_00236",6,"Calcifier_T + pH",-0.06,5.94,5.92084138112608
"ambiguous_dropped","full_factorial_only","Overall",-0.112730864243836,"TpH","T + pH","Calcifier","ZOO_STUDY_0136","ZOO_ES_000352","ZOO_COMMON_00236",6,"Calcifier_T + pH",-0.06,5.94,5.9531014166167
"ambiguous_dropped","full_factorial_only","Overall",-0.0203507226784949,"TpH","T + pH","Calcifier","ZOO_STUDY_0136","ZOO_ES_000353","ZOO_COMMON_00237",6,"Calcifier_T + pH",-0.06,5.94,5.93891847233521
"ambiguous_dropped","full_factorial_only","Overall",-0.0195737639111572,"TpH","T + pH","Calcifier","ZOO_STUDY_0136","ZOO_ES_000354","ZOO_COMMON_00236",6,"Calcifier_T + pH",-0.06,5.94,5.95409844573354
"ambiguous_dropped","full_factorial_only","Overall",-0.00920826137168517,"TpH","T + pH","Calcifier","ZOO_STUDY_0136","ZOO_ES_000355","ZOO_COMMON_00237",6,"Calcifier_T + pH",-0.06,5.94,5.91730132743018
"ambiguous_dropped","full_factorial_only","Overall",0.00585969294226813,"TpH","T + pH","Calcifier","ZOO_STUDY_0136","ZOO_ES_000356","ZOO_COMMON_00236",6,"Calcifier_T + pH",-0.06,5.94,5.95599223338999
"ambiguous_dropped","full_factorial_only","Overall",-0.00738010729762265,"pH","pH","Calcifier","ZOO_STUDY_0136","ZOO_ES_000357","ZOO_COMMON_00237",6,"Calcifier_pH",-0.3,5.7,5.68847042237176
"ambiguous_dropped","full_factorial_only","Overall",-0.0334917881868193,"pH","pH","Calcifier","ZOO_STUDY_0136","ZOO_ES_000358","ZOO_COMMON_00237",6,"Calcifier_pH",-0.3,5.7,5.68914252072573
"ambiguous_dropped","full_factorial_only","Overall",-0.420502985472705,"pH","pH","Calcifier","ZOO_STUDY_0158","ZOO_ES_000386","ZOO_COMMON_00276",6,"Calcifier_pH",-0.3,5.7,5.70716107797343
"ambiguous_dropped","full_factorial_only","Overall",0.0438026226583928,"pH","pH","Calcifier","ZOO_STUDY_0158","ZOO_ES_000387","ZOO_COMMON_00276",6,"Calcifier_pH",-0.3,5.7,5.72240594188916
"ambiguous_dropped","full_factorial_only","Overall",-1.90210752639692,"T","T","Calcifier","ZOO_STUDY_0158","ZOO_ES_000388","ZOO_COMMON_00276",6,"Calcifier_T",-0.18,5.82,5.79534992272267
"ambiguous_dropped","full_factorial_only","Overall",-0.56710645966458,"T","T","Calcifier","ZOO_STUDY_0158","ZOO_ES_000389","ZOO_COMMON_00276",6,"Calcifier_T",-0.18,5.82,5.81258088360075
"ambiguous_dropped","full_factorial_only","Overall",-1.90210752639692,"TpH","T + pH","Calcifier","ZOO_STUDY_0158","ZOO_ES_000390","ZOO_COMMON_00276",6,"Calcifier_T + pH",-0.06,5.94,5.9359522862453
"ambiguous_dropped","full_factorial_only","Overall",-0.985816794522765,"TpH","T + pH","Calcifier","ZOO_STUDY_0158","ZOO_ES_000391","ZOO_COMMON_00276",6,"Calcifier_T + pH",-0.06,5.94,5.93789383985335
"ambiguous_dropped","full_factorial_only","Overall",-0.491120552686658,"TpH","T + pH","Calcifier","ZOO_STUDY_0158","ZOO_ES_000392","ZOO_COMMON_00276",6,"Calcifier_T + pH",-0.06,5.94,5.95058462896617
"ambiguous_dropped","full_factorial_only","Overall",-0.420502985472705,"TpH","T + pH","Calcifier","ZOO_STUDY_0158","ZOO_ES_000393","ZOO_COMMON_00276",6,"Calcifier_T + pH",-0.06,5.94,5.96099240288371
"ambiguous_dropped","full_factorial_only","Overall",-0.371215185065086,"T","T","Calcifier","ZOO_STUDY_0158","ZOO_ES_000396","ZOO_COMMON_00277",6,"Calcifier_T",-0.18,5.82,5.82635553502943
"ambiguous_dropped","full_factorial_only","Overall",0.675572035738438,"T","T","Calcifier","ZOO_STUDY_0158","ZOO_ES_000399","ZOO_COMMON_00277",6,"Calcifier_T",-0.18,5.82,5.8401090889168
"ambiguous_dropped","full_factorial_only","Overall",0.727397103603024,"TpH","T + pH","Calcifier","ZOO_STUDY_0158","ZOO_ES_000404","ZOO_COMMON_00277",6,"Calcifier_T + pH",-0.06,5.94,5.95286645795917
"ambiguous_dropped","full_factorial_only","Overall",1.08692991281375,"TpH","T + pH","Calcifier","ZOO_STUDY_0158","ZOO_ES_000405","ZOO_COMMON_00277",6,"Calcifier_T + pH",-0.06,5.94,5.92189291828312
"ambiguous_dropped","full_factorial_only","Overall",1.25772822199327,"TpH","T + pH","Calcifier","ZOO_STUDY_0158","ZOO_ES_000406","ZOO_COMMON_00277",6,"Calcifier_T + pH",-0.06,5.94,5.92266274390044
"ambiguous_dropped","full_factorial_only","Overall",-0.371215185065086,"pH","pH","Calcifier","ZOO_STUDY_0158","ZOO_ES_000407","ZOO_COMMON_00277",6,"Calcifier_pH",-0.3,5.7,5.68456560934428
"ambiguous_dropped","full_factorial_only","Overall",-0.0696514161271492,"pH","pH","Calcifier","ZOO_STUDY_0159","ZOO_ES_000408","ZOO_COMMON_00278",6,"Calcifier_pH",-0.3,5.7,5.69665925703011
"ambiguous_dropped","full_factorial_only","Overall",-2.10802398915168,"pH","pH","Calcifier","ZOO_STUDY_0159","ZOO_ES_000409","ZOO_COMMON_00279",6,"Calcifier_pH",-0.3,5.7,5.6793609650922
"ambiguous_dropped","full_factorial_only","Overall",-0.0153167041118933,"pH","pH","Calcifier","ZOO_STUDY_0159","ZOO_ES_000410","ZOO_COMMON_00280",6,"Calcifier_pH",-0.3,5.7,5.6861890000524
"ambiguous_dropped","full_factorial_only","Overall",-0.010411444460838,"pH","pH","Calcifier","ZOO_STUDY_0159","ZOO_ES_000411","ZOO_COMMON_00281",6,"Calcifier_pH",-0.3,5.7,5.70360743397614
"ambiguous_dropped","full_factorial_only","Overall",-0.0593837125953655,"T","T","Calcifier","ZOO_STUDY_0159","ZOO_ES_000412","ZOO_COMMON_00278",6,"Calcifier_T",-0.18,5.82,5.81500845891889
"ambiguous_dropped","full_factorial_only","Overall",0.189911134213502,"T","T","Calcifier","ZOO_STUDY_0159","ZOO_ES_000413","ZOO_COMMON_00279",6,"Calcifier_T",-0.18,5.82,5.82327326903353
"ambiguous_dropped","full_factorial_only","Overall",-0.0360417713472657,"T","T","Calcifier","ZOO_STUDY_0159","ZOO_ES_000414","ZOO_COMMON_00280",6,"Calcifier_T",-0.18,5.82,5.83648119393503
"ambiguous_dropped","full_factorial_only","Overall",-0.0360417713472657,"T","T","Calcifier","ZOO_STUDY_0159","ZOO_ES_000415","ZOO_COMMON_00280",6,"Calcifier_T",-0.18,5.82,5.82710569097428
"ambiguous_dropped","full_factorial_only","Overall",-0.0256255476389727,"T","T","Calcifier","ZOO_STUDY_0159","ZOO_ES_000416","ZOO_COMMON_00280",6,"Calcifier_T",-0.18,5.82,5.81457493758528
"ambiguous_dropped","full_factorial_only","Overall",-1.55441984147066,"T","T","Calcifier","ZOO_STUDY_0159","ZOO_ES_000417","ZOO_COMMON_00281",6,"Calcifier_T",-0.18,5.82,5.8304789927369
"ambiguous_dropped","full_factorial_only","Overall",-0.463848766926229,"T","T","Calcifier","ZOO_STUDY_0159","ZOO_ES_000418","ZOO_COMMON_00281",6,"Calcifier_T",-0.18,5.82,5.80044120365521
"ambiguous_dropped","full_factorial_only","Overall",-0.010411444460838,"T","T","Calcifier","ZOO_STUDY_0159","ZOO_ES_000419","ZOO_COMMON_00281",6,"Calcifier_T",-0.18,5.82,5.80868113671197
"ambiguous_dropped","full_factorial_only","Overall",-0.101102653481287,"TpH","T + pH","Calcifier","ZOO_STUDY_0159","ZOO_ES_000420","ZOO_COMMON_00278",6,"Calcifier_T + pH",-0.06,5.94,5.94469334663358
"ambiguous_dropped","full_factorial_only","Overall",-1.28005758578279,"TpH","T + pH","Calcifier","ZOO_STUDY_0159","ZOO_ES_000421","ZOO_COMMON_00279",6,"Calcifier_T + pH",-0.06,5.94,5.92300924067153
"ambiguous_dropped","full_factorial_only","Overall",-0.0412387480165977,"TpH","T + pH","Calcifier","ZOO_STUDY_0159","ZOO_ES_000422","ZOO_COMMON_00280",6,"Calcifier_T + pH",-0.06,5.94,5.95767151193926
"ambiguous_dropped","full_factorial_only","Overall",-0.0412387480165977,"TpH","T + pH","Calcifier","ZOO_STUDY_0159","ZOO_ES_000423","ZOO_COMMON_00280",6,"Calcifier_T + pH",-0.06,5.94,5.95738695788663
"ambiguous_dropped","full_factorial_only","Overall",-0.0412387480165977,"TpH","T + pH","Calcifier","ZOO_STUDY_0159","ZOO_ES_000424","ZOO_COMMON_00280",6,"Calcifier_T + pH",-0.06,5.94,5.93889434062643
"ambiguous_dropped","full_factorial_only","Overall",-0.0307685336716365,"TpH","T + pH","Calcifier","ZOO_STUDY_0159","ZOO_ES_000425","ZOO_COMMON_00280",6,"Calcifier_T + pH",-0.06,5.94,5.95368460612139
"ambiguous_dropped","full_factorial_only","Overall",-0.0204068097776626,"TpH","T + pH","Calcifier","ZOO_STUDY_0159","ZOO_ES_000426","ZOO_COMMON_00280",6,"Calcifier_T + pH",-0.06,5.94,5.9297700040252
"ambiguous_dropped","full_factorial_only","Overall",-1.43925649776129,"TpH","T + pH","Calcifier","ZOO_STUDY_0159","ZOO_ES_000427","ZOO_COMMON_00281",6,"Calcifier_T + pH",-0.06,5.94,5.91828140559141
"ambiguous_dropped","full_factorial_only","Overall",-0.305026310579449,"TpH","T + pH","Calcifier","ZOO_STUDY_0159","ZOO_ES_000428","ZOO_COMMON_00281",6,"Calcifier_T + pH",-0.06,5.94,5.93702665624209
"ambiguous_dropped","full_factorial_only","Overall",-0.0261304858022802,"TpH","T + pH","Calcifier","ZOO_STUDY_0159","ZOO_ES_000429","ZOO_COMMON_00281",6,"Calcifier_T + pH",-0.06,5.94,5.93810494289268
"ambiguous_dropped","full_factorial_only","Overall",1.66240843503529,"pH","pH","Calcifier","ZOO_STUDY_0170","ZOO_ES_000430","ZOO_COMMON_00297",6,"Calcifier_pH",-0.3,5.7,5.69204671850894
"ambiguous_dropped","full_factorial_only","Overall",1.21779071974676,"T","T","Calcifier","ZOO_STUDY_0170","ZOO_ES_000431","ZOO_COMMON_00297",6,"Calcifier_T",-0.18,5.82,5.80425701593515
"ambiguous_dropped","full_factorial_only","Overall",1.04324759728219,"T","T","Calcifier","ZOO_STUDY_0170","ZOO_ES_000432","ZOO_COMMON_00297",6,"Calcifier_T",-0.18,5.82,5.82034988634288
"ambiguous_dropped","full_factorial_only","Overall",1.50746284260656,"TpH","T + pH","Calcifier","ZOO_STUDY_0170","ZOO_ES_000433","ZOO_COMMON_00297",6,"Calcifier_T + pH",-0.06,5.94,5.91595955153229
"ambiguous_dropped","full_factorial_only","Overall",1.31659593173189,"TpH","T + pH","Calcifier","ZOO_STUDY_0170","ZOO_ES_000434","ZOO_COMMON_00297",6,"Calcifier_T + pH",-0.06,5.94,5.95368430197472
"ambiguous_dropped","full_factorial_only","Overall",0.00603810473614058,"pH","pH","Calcifier","ZOO_STUDY_0170","ZOO_ES_000435","ZOO_COMMON_00297",6,"Calcifier_pH",-0.3,5.7,5.70298325396143
"ambiguous_dropped","full_factorial_only","Overall",-3.84840209594308,"T","T","Calcifier","ZOO_STUDY_0170","ZOO_ES_000436","ZOO_COMMON_00297",6,"Calcifier_T",-0.18,5.82,5.82707313196035
"ambiguous_dropped","full_factorial_only","Overall",-0.484881992549056,"T","T","Calcifier","ZOO_STUDY_0170","ZOO_ES_000437","ZOO_COMMON_00297",6,"Calcifier_T",-0.18,5.82,5.81842160593253
"ambiguous_dropped","full_factorial_only","Overall",-0.279562320150024,"T","T","Calcifier","ZOO_STUDY_0170","ZOO_ES_000438","ZOO_COMMON_00297",6,"Calcifier_T",-0.18,5.82,5.80896119053243
"ambiguous_dropped","full_factorial_only","Overall",-0.431840652456186,"TpH","T + pH","Calcifier","ZOO_STUDY_0170","ZOO_ES_000439","ZOO_COMMON_00297",6,"Calcifier_T + pH",-0.06,5.94,5.93806082851719
"ambiguous_dropped","full_factorial_only","Overall",-0.190883613450939,"TpH","T + pH","Calcifier","ZOO_STUDY_0170","ZOO_ES_000440","ZOO_COMMON_00297",6,"Calcifier_T + pH",-0.06,5.94,5.95463691708632
"ambiguous_dropped","full_factorial_only","Overall",-0.675471365178042,"T","T","Calcifier","ZOO_STUDY_0194","ZOO_ES_000448","ZOO_COMMON_00344",6,"Calcifier_T",-0.18,5.82,5.82427827881649
"ambiguous_dropped","full_factorial_only","Overall",-0.125117997246226,"T","T","Calcifier","ZOO_STUDY_0194","ZOO_ES_000449","ZOO_COMMON_00344",6,"Calcifier_T",-0.18,5.82,5.81473794929218
"ambiguous_dropped","full_factorial_only","Overall",-0.0965590091892323,"T","T","Calcifier","ZOO_STUDY_0194","ZOO_ES_000450","ZOO_COMMON_00345",6,"Calcifier_T",-0.18,5.82,5.83556186748203
"ambiguous_dropped","full_factorial_only","Overall",-0.0502264525482336,"T","T","Calcifier","ZOO_STUDY_0194","ZOO_ES_000451","ZOO_COMMON_00345",6,"Calcifier_T",-0.18,5.82,5.81092815469485
"ambiguous_dropped","full_factorial_only","Overall",-0.602980515849976,"TpH","T + pH","Calcifier","ZOO_STUDY_0194","ZOO_ES_000452","ZOO_COMMON_00344",6,"Calcifier_T + pH",-0.06,5.94,5.94407236691099
"ambiguous_dropped","full_factorial_only","Overall",-0.554268934054558,"TpH","T + pH","Calcifier","ZOO_STUDY_0194","ZOO_ES_000453","ZOO_COMMON_00344",6,"Calcifier_T + pH",-0.06,5.94,5.93777444789652
"ambiguous_dropped","full_factorial_only","Overall",-0.270080186024187,"TpH","T + pH","Calcifier","ZOO_STUDY_0194","ZOO_ES_000454","ZOO_COMMON_00344",6,"Calcifier_T + pH",-0.06,5.94,5.92844017249066
"ambiguous_dropped","full_factorial_only","Overall",-0.208816103906119,"TpH","T + pH","Calcifier","ZOO_STUDY_0194","ZOO_ES_000455","ZOO_COMMON_00345",6,"Calcifier_T + pH",-0.06,5.94,5.94275886023883
"ambiguous_dropped","full_factorial_only","Overall",-0.180139851082073,"TpH","T + pH","Calcifier","ZOO_STUDY_0194","ZOO_ES_000456","ZOO_COMMON_00345",6,"Calcifier_T + pH",-0.06,5.94,5.92656154421624
"ambiguous_dropped","full_factorial_only","Overall",-0.142406519710679,"TpH","T + pH","Calcifier","ZOO_STUDY_0194","ZOO_ES_000457","ZOO_COMMON_00344",6,"Calcifier_T + pH",-0.06,5.94,5.94216164489975
"ambiguous_dropped","full_factorial_only","Overall",-0.10981950906085,"TpH","T + pH","Calcifier","ZOO_STUDY_0194","ZOO_ES_000458","ZOO_COMMON_00345",6,"Calcifier_T + pH",-0.06,5.94,5.9373785070586
"ambiguous_dropped","full_factorial_only","Overall",-0.0563695170619476,"TpH","T + pH","Calcifier","ZOO_STUDY_0194","ZOO_ES_000459","ZOO_COMMON_00345",6,"Calcifier_T + pH",-0.06,5.94,5.92151440684451
"ambiguous_dropped","full_factorial_only","Overall",-0.0333957249300077,"pH","pH","Calcifier","ZOO_STUDY_0194","ZOO_ES_000460","ZOO_COMMON_00344",6,"Calcifier_pH",-0.3,5.7,5.70608629913768
"ambiguous_dropped","full_factorial_only","Overall",-0.0546105016567679,"pH","pH","Calcifier","ZOO_STUDY_0194","ZOO_ES_000461","ZOO_COMMON_00345",6,"Calcifier_pH",-0.3,5.7,5.70239971416304
"ambiguous_dropped","full_factorial_only","Overall",-0.114473385988739,"pH","pH","Calcifier","ZOO_STUDY_0194","ZOO_ES_000462","ZOO_COMMON_00345",6,"Calcifier_pH",-0.3,5.7,5.68246221068548
"ambiguous_dropped","full_factorial_only","Overall",-0.115950629759207,"pH","pH","Calcifier","ZOO_STUDY_0194","ZOO_ES_000463","ZOO_COMMON_00344",6,"Calcifier_pH",-0.3,5.7,5.70297729346203
"ambiguous_dropped","full_factorial_only","Overall",-0.135437970895104,"pH","pH","Calcifier","ZOO_STUDY_0236","ZOO_ES_000478","ZOO_COMMON_00404",6,"Calcifier_pH",-0.3,5.7,5.69634427882265
"ambiguous_dropped","full_factorial_only","Overall",-0.0339015516756813,"pH","pH","Calcifier","ZOO_STUDY_0236","ZOO_ES_000479","ZOO_COMMON_00404",6,"Calcifier_pH",-0.3,5.7,5.69738650491927
"ambiguous_dropped","full_factorial_only","Overall",0.0263173083173734,"T","T","Calcifier","ZOO_STUDY_0236","ZOO_ES_000480","ZOO_COMMON_00404",6,"Calcifier_T",-0.18,5.82,5.83666473858058
"ambiguous_dropped","full_factorial_only","Overall",0.0576564395341384,"T","T","Calcifier","ZOO_STUDY_0236","ZOO_ES_000481","ZOO_COMMON_00404",6,"Calcifier_T",-0.18,5.82,5.83097936413717
"ambiguous_dropped","full_factorial_only","Overall",-0.304426471703717,"TpH","T + pH","Calcifier","ZOO_STUDY_0236","ZOO_ES_000482","ZOO_COMMON_00404",6,"Calcifier_T + pH",-0.06,5.94,5.93784433777677
"ambiguous_dropped","full_factorial_only","Overall",-0.182321556793955,"TpH","T + pH","Calcifier","ZOO_STUDY_0236","ZOO_ES_000483","ZOO_COMMON_00404",6,"Calcifier_T + pH",-0.06,5.94,5.94106321314815
"ambiguous_dropped","full_factorial_only","Overall",-0.105360515657826,"TpH","T + pH","Calcifier","ZOO_STUDY_0236","ZOO_ES_000484","ZOO_COMMON_00404",6,"Calcifier_T + pH",-0.06,5.94,5.92712285388028
"ambiguous_dropped","full_factorial_only","Overall",-0.0613365176249584,"TpH","T + pH","Calcifier","ZOO_STUDY_0236","ZOO_ES_000485","ZOO_COMMON_00404",6,"Calcifier_T + pH",-0.06,5.94,5.91879304173403
"ambiguous_dropped","full_factorial_only","Overall",-0.20233257471741,"pH","pH","Calcifier","ZOO_STUDY_0236","ZOO_ES_000486","ZOO_COMMON_00404",6,"Calcifier_pH",-0.3,5.7,5.69456475456245
"ambiguous_dropped","full_factorial_only","Overall",-0.4331725082587,"pH","pH","Calcifier","ZOO_STUDY_0236","ZOO_ES_000487","ZOO_COMMON_00404",6,"Calcifier_pH",-0.3,5.7,5.67565541079966
"ambiguous_dropped","full_factorial_only","Overall",-0.050723591988887,"pH","pH","Calcifier","ZOO_STUDY_0242","ZOO_ES_000489","ZOO_COMMON_00413",6,"Calcifier_pH",-0.3,5.7,5.71837497343076
"ambiguous_dropped","full_factorial_only","Overall",-0.0266562988657313,"pH","pH","Calcifier","ZOO_STUDY_0242","ZOO_ES_000491","ZOO_COMMON_00415",6,"Calcifier_pH",-0.3,5.7,5.72463078368455
"ambiguous_dropped","full_factorial_only","Overall",-2.19015026789368,"T","T","Calcifier","ZOO_STUDY_0242","ZOO_ES_000494","ZOO_COMMON_00415",6,"Calcifier_T",-0.18,5.82,5.83044276941102
"ambiguous_dropped","full_factorial_only","Overall",-0.962389209384601,"T","T","Calcifier","ZOO_STUDY_0242","ZOO_ES_000495","ZOO_COMMON_00413",6,"Calcifier_T",-0.18,5.82,5.83633577451576
"ambiguous_dropped","full_factorial_only","Overall",-0.459624435005238,"T","T","Calcifier","ZOO_STUDY_0242","ZOO_ES_000496","ZOO_COMMON_00415",6,"Calcifier_T",-0.18,5.82,5.83959481347585
"ambiguous_dropped","full_factorial_only","Overall",-0.0357783689623086,"T","T","Calcifier","ZOO_STUDY_0242","ZOO_ES_000497","ZOO_COMMON_00415",6,"Calcifier_T",-0.18,5.82,5.82197053663433
"ambiguous_dropped","full_factorial_only","Overall",0.0762825495404812,"T","T","Calcifier","ZOO_STUDY_0242","ZOO_ES_000498","ZOO_COMMON_00413",6,"Calcifier_T",-0.18,5.82,5.82276567959227
"ambiguous_dropped","full_factorial_only","Overall",-2.50057988374217,"TpH","T + pH","Calcifier","ZOO_STUDY_0242","ZOO_ES_000499","ZOO_COMMON_00415",6,"Calcifier_T + pH",-0.06,5.94,5.92882199418731
"ambiguous_dropped","full_factorial_only","Overall",-0.92676203174145,"TpH","T + pH","Calcifier","ZOO_STUDY_0242","ZOO_ES_000500","ZOO_COMMON_00413",6,"Calcifier_T + pH",-0.06,5.94,5.94795989629114
"ambiguous_dropped","full_factorial_only","Overall",-0.641875990749148,"TpH","T + pH","Calcifier","ZOO_STUDY_0242","ZOO_ES_000501","ZOO_COMMON_00415",6,"Calcifier_T + pH",-0.06,5.94,5.92717176212231
"ambiguous_dropped","full_factorial_only","Overall",-0.0634191949728097,"TpH","T + pH","Calcifier","ZOO_STUDY_0242","ZOO_ES_000502","ZOO_COMMON_00415",6,"Calcifier_T + pH",-0.06,5.94,5.92941331023816
"ambiguous_dropped","full_factorial_only","Overall",0.0197213724060976,"TpH","T + pH","Calcifier","ZOO_STUDY_0242","ZOO_ES_000503","ZOO_COMMON_00413",6,"Calcifier_T + pH",-0.06,5.94,5.95078904792666
"ambiguous_dropped","full_factorial_only","Overall",0,"pH","pH","Calcifier","ZOO_STUDY_0242","ZOO_ES_000505","ZOO_COMMON_00415",6,"Calcifier_pH",-0.3,5.7,5.71137668165611
"ambiguous_dropped","full_factorial_only","Overall",-0.0425596144187959,"pH","pH","Calcifier","ZOO_STUDY_0242","ZOO_ES_000507","ZOO_COMMON_00413",6,"Calcifier_pH",-0.3,5.7,5.6836521519348
"ambiguous_dropped","full_factorial_only","Overall",0.582723362945572,"T","T","Calcifier","ZOO_STUDY_0254","ZOO_ES_000511","ZOO_COMMON_00430",6,"Calcifier_T",-0.18,5.82,5.81031556294067
"ambiguous_dropped","full_factorial_only","Overall",-0.293761118528163,"TpH","T + pH","Calcifier","ZOO_STUDY_0254","ZOO_ES_000512","ZOO_COMMON_00430",6,"Calcifier_T + pH",-0.06,5.94,5.93349536383525
"ambiguous_dropped","full_factorial_only","Overall",-0.343771539102824,"pH","pH","Calcifier","ZOO_STUDY_0254","ZOO_ES_000515","ZOO_COMMON_00430",6,"Calcifier_pH",-0.3,5.7,5.67888607771602
"ambiguous_dropped","full_factorial_only","Overall",-0.349181571765757,"pH","pH","Calcifier","ZOO_STUDY_0329","ZOO_ES_000574","ZOO_COMMON_00562",6,"Calcifier_pH",-0.3,5.7,5.71065750943963
"ambiguous_dropped","full_factorial_only","Overall",-0.242923562618621,"pH","pH","Calcifier","ZOO_STUDY_0329","ZOO_ES_000575","ZOO_COMMON_00562",6,"Calcifier_pH",-0.3,5.7,5.70254613645375
"ambiguous_dropped","full_factorial_only","Overall",0.0400464188260692,"pH","pH","Calcifier","ZOO_STUDY_0329","ZOO_ES_000576","ZOO_COMMON_00563",6,"Calcifier_pH",-0.3,5.7,5.68179326981772
"ambiguous_dropped","full_factorial_only","Overall",-0.179507829433692,"pH","pH","Calcifier","ZOO_STUDY_0329","ZOO_ES_000577","ZOO_COMMON_00562",6,"Calcifier_pH",-0.3,5.7,5.72370818470372
"ambiguous_dropped","full_factorial_only","Overall",-0.0334158610896161,"pH","pH","Calcifier","ZOO_STUDY_0329","ZOO_ES_000578","ZOO_COMMON_00562",6,"Calcifier_pH",-0.3,5.7,5.70309815794462
"ambiguous_dropped","full_factorial_only","Overall",-0.0393557922229849,"pH","pH","Calcifier","ZOO_STUDY_0329","ZOO_ES_000579","ZOO_COMMON_00563",6,"Calcifier_pH",-0.3,5.7,5.71442046908196
"ambiguous_dropped","full_factorial_only","Overall",0.0636444774903327,"T","T","Calcifier","ZOO_STUDY_0329","ZOO_ES_000580","ZOO_COMMON_00562",6,"Calcifier_T",-0.18,5.82,5.83744570421288
"ambiguous_dropped","full_factorial_only","Overall",0.235326760268714,"T","T","Calcifier","ZOO_STUDY_0329","ZOO_ES_000581","ZOO_COMMON_00563",6,"Calcifier_T",-0.18,5.82,5.83890208873665
"ambiguous_dropped","full_factorial_only","Overall",-0.82794588574659,"T","T","Calcifier","ZOO_STUDY_0329","ZOO_ES_000582","ZOO_COMMON_00562",6,"Calcifier_T",-0.18,5.82,5.83502381869359
"ambiguous_dropped","full_factorial_only","Overall",0.185291895749839,"pH","pH","Calcifier","ZOO_STUDY_0329","ZOO_ES_000583","ZOO_COMMON_00563",6,"Calcifier_pH",-0.3,5.7,5.70700742432382
"ambiguous_dropped","full_factorial_only","Overall",-0.0131101659242078,"T","T","Calcifier","ZOO_STUDY_0329","ZOO_ES_000584","ZOO_COMMON_00563",6,"Calcifier_T",-0.18,5.82,5.82644638803788
"ambiguous_dropped","full_factorial_only","Overall",-0.213806636358021,"TpH","T + pH","Calcifier","ZOO_STUDY_0329","ZOO_ES_000585","ZOO_COMMON_00562",6,"Calcifier_T + pH",-0.06,5.94,5.92857045023469
"ambiguous_dropped","full_factorial_only","Overall",-0.196510189083738,"TpH","T + pH","Calcifier","ZOO_STUDY_0329","ZOO_ES_000586","ZOO_COMMON_00562",6,"Calcifier_T + pH",-0.06,5.94,5.91649699127069
"ambiguous_dropped","full_factorial_only","Overall",0.261880608015356,"TpH","T + pH","Calcifier","ZOO_STUDY_0329","ZOO_ES_000587","ZOO_COMMON_00563",6,"Calcifier_T + pH",-0.06,5.94,5.93599321074784
"ambiguous_dropped","full_factorial_only","Overall",0.473468024644564,"TpH","T + pH","Calcifier","ZOO_STUDY_0329","ZOO_ES_000588","ZOO_COMMON_00563",6,"Calcifier_T + pH",-0.06,5.94,5.93277173355222
"ambiguous_dropped","full_factorial_only","Overall",-0.970091619477025,"TpH","T + pH","Calcifier","ZOO_STUDY_0329","ZOO_ES_000589","ZOO_COMMON_00562",6,"Calcifier_T + pH",-0.06,5.94,5.9346165626985
"ambiguous_dropped","full_factorial_only","Overall",-1.01300410303692,"TpH","T + pH","Calcifier","ZOO_STUDY_0329","ZOO_ES_000590","ZOO_COMMON_00562",6,"Calcifier_T + pH",-0.06,5.94,5.92359684161842
"ambiguous_dropped","full_factorial_only","Overall",-0.822209215175821,"TpH","T + pH","Calcifier","ZOO_STUDY_0329","ZOO_ES_000591","ZOO_COMMON_00563",6,"Calcifier_T + pH",-0.06,5.94,5.93098210596712
"ambiguous_dropped","full_factorial_only","Overall",-0.244104591714156,"TpH","T + pH","Calcifier","ZOO_STUDY_0329","ZOO_ES_000592","ZOO_COMMON_00563",6,"Calcifier_T + pH",-0.06,5.94,5.93567775321193
"ambiguous_dropped","full_factorial_only","Overall",0,"pH","pH","Calcifier","ZOO_STUDY_0329","ZOO_ES_000593","ZOO_COMMON_00563",6,"Calcifier_pH",-0.3,5.7,5.71296678483486
"ambiguous_dropped","full_factorial_only","Overall",-0.337958848327404,"pH","pH","Calcifier","ZOO_STUDY_0370","ZOO_ES_000625","ZOO_COMMON_00630",6,"Calcifier_pH",-0.3,5.7,5.68859451025492
"ambiguous_dropped","full_factorial_only","Overall",-0.229048633201924,"pH","pH","Calcifier","ZOO_STUDY_0370","ZOO_ES_000626","ZOO_COMMON_00630",6,"Calcifier_pH",-0.3,5.7,5.68077912285225
"ambiguous_dropped","full_factorial_only","Overall",-0.197214517123244,"pH","pH","Calcifier","ZOO_STUDY_0370","ZOO_ES_000627","ZOO_COMMON_00630",6,"Calcifier_pH",-0.3,5.7,5.67646683075
"ambiguous_dropped","full_factorial_only","Overall",-0.256826630114416,"pH","pH","Calcifier","ZOO_STUDY_0370","ZOO_ES_000628","ZOO_COMMON_00629",6,"Calcifier_pH",-0.3,5.7,5.71534276489401
"ambiguous_dropped","full_factorial_only","Overall",-0.236189105219842,"pH","pH","Calcifier","ZOO_STUDY_0370","ZOO_ES_000629","ZOO_COMMON_00629",6,"Calcifier_pH",-0.3,5.7,5.69900632182835
"ambiguous_dropped","full_factorial_only","Overall",-0.176577715614703,"pH","pH","Calcifier","ZOO_STUDY_0370","ZOO_ES_000630","ZOO_COMMON_00629",6,"Calcifier_pH",-0.3,5.7,5.71531239701435
"ambiguous_dropped","full_factorial_only","Overall",-2.09896038247941,"T","T","Calcifier","ZOO_STUDY_0370","ZOO_ES_000631","ZOO_COMMON_00630",6,"Calcifier_T",-0.18,5.82,5.79895028408384
"ambiguous_dropped","full_factorial_only","Overall",-1.90539160159811,"T","T","Calcifier","ZOO_STUDY_0370","ZOO_ES_000632","ZOO_COMMON_00630",6,"Calcifier_T",-0.18,5.82,5.80076687047724
"ambiguous_dropped","full_factorial_only","Overall",-1.18640874100331,"T","T","Calcifier","ZOO_STUDY_0370","ZOO_ES_000633","ZOO_COMMON_00629",6,"Calcifier_T",-0.18,5.82,5.80147081447532
"ambiguous_dropped","full_factorial_only","Overall",-0.839153018981071,"T","T","Calcifier","ZOO_STUDY_0370","ZOO_ES_000634","ZOO_COMMON_00629",6,"Calcifier_T",-0.18,5.82,5.83193742710166
"ambiguous_dropped","full_factorial_only","Overall",0.205746723412701,"T","T","Calcifier","ZOO_STUDY_0370","ZOO_ES_000635","ZOO_COMMON_00630",6,"Calcifier_T",-0.18,5.82,5.8328549266723
"ambiguous_dropped","full_factorial_only","Overall",-0.0295806918820425,"T","T","Calcifier","ZOO_STUDY_0370","ZOO_ES_000636","ZOO_COMMON_00629",6,"Calcifier_T",-0.18,5.82,5.84462276542792
"ambiguous_dropped","full_factorial_only","Overall",0.485507815781701,"T","T","Calcifier","ZOO_STUDY_0370","ZOO_ES_000637","ZOO_COMMON_00630",6,"Calcifier_T",-0.18,5.82,5.82622764936415
"ambiguous_dropped","full_factorial_only","Overall",0.0565501899948301,"T","T","Calcifier","ZOO_STUDY_0370","ZOO_ES_000638","ZOO_COMMON_00629",6,"Calcifier_T",-0.18,5.82,5.80943450542865
"ambiguous_dropped","full_factorial_only","Overall",0.31302827621646,"TpH","T + pH","Calcifier","ZOO_STUDY_0370","ZOO_ES_000639","ZOO_COMMON_00629",6,"Calcifier_T + pH",-0.06,5.94,5.92499558871845
"ambiguous_dropped","full_factorial_only","Overall",0.481410382323145,"TpH","T + pH","Calcifier","ZOO_STUDY_0370","ZOO_ES_000640","ZOO_COMMON_00629",6,"Calcifier_T + pH",-0.06,5.94,5.95504589243559
"ambiguous_dropped","full_factorial_only","Overall",0.488683141652225,"TpH","T + pH","Calcifier","ZOO_STUDY_0370","ZOO_ES_000641","ZOO_COMMON_00629",6,"Calcifier_T + pH",-0.06,5.94,5.95138813551515
"ambiguous_dropped","full_factorial_only","Overall",0.533910135619992,"TpH","T + pH","Calcifier","ZOO_STUDY_0370","ZOO_ES_000642","ZOO_COMMON_00629",6,"Calcifier_T + pH",-0.06,5.94,5.92585239873501
"ambiguous_dropped","full_factorial_only","Overall",0.00390720887790878,"TpH","T + pH","Calcifier","ZOO_STUDY_0370","ZOO_ES_000643","ZOO_COMMON_00630",6,"Calcifier_T + pH",-0.06,5.94,5.95221192526864
"ambiguous_dropped","full_factorial_only","Overall",0.644266144474416,"TpH","T + pH","Calcifier","ZOO_STUDY_0370","ZOO_ES_000644","ZOO_COMMON_00629",6,"Calcifier_T + pH",-0.06,5.94,5.95833268541377
"ambiguous_dropped","full_factorial_only","Overall",0.702192922927911,"TpH","T + pH","Calcifier","ZOO_STUDY_0370","ZOO_ES_000645","ZOO_COMMON_00629",6,"Calcifier_T + pH",-0.06,5.94,5.94147028781939
"ambiguous_dropped","full_factorial_only","Overall",0.132705262385538,"TpH","T + pH","Calcifier","ZOO_STUDY_0370","ZOO_ES_000646","ZOO_COMMON_00630",6,"Calcifier_T + pH",-0.06,5.94,5.9449319273443
"ambiguous_dropped","full_factorial_only","Overall",0.311915061746083,"TpH","T + pH","Calcifier","ZOO_STUDY_0370","ZOO_ES_000647","ZOO_COMMON_00630",6,"Calcifier_T + pH",-0.06,5.94,5.96188161661616
"ambiguous_dropped","full_factorial_only","Overall",0.313346957462368,"TpH","T + pH","Calcifier","ZOO_STUDY_0370","ZOO_ES_000648","ZOO_COMMON_00630",6,"Calcifier_T + pH",-0.06,5.94,5.96253620491829
"ambiguous_dropped","full_factorial_only","Overall",0.401624449658858,"TpH","T + pH","Calcifier","ZOO_STUDY_0370","ZOO_ES_000649","ZOO_COMMON_00630",6,"Calcifier_T + pH",-0.06,5.94,5.94802661506459
"ambiguous_dropped","full_factorial_only","Overall",0.806707409543455,"TpH","T + pH","Calcifier","ZOO_STUDY_0370","ZOO_ES_000650","ZOO_COMMON_00630",6,"Calcifier_T + pH",-0.06,5.94,5.9186143290461
"ambiguous_dropped","full_factorial_only","Overall",-0.115882668585216,"TpH","T + pH","Calcifier","ZOO_STUDY_0370","ZOO_ES_000651","ZOO_COMMON_00630",6,"Calcifier_T + pH",-0.06,5.94,5.95631657893304
"ambiguous_dropped","full_factorial_only","Overall",-0.0436944736289251,"TpH","T + pH","Calcifier","ZOO_STUDY_0370","ZOO_ES_000652","ZOO_COMMON_00630",6,"Calcifier_T + pH",-0.06,5.94,5.9389772039
"ambiguous_dropped","full_factorial_only","Overall",0.00847844891236673,"TpH","T + pH","Calcifier","ZOO_STUDY_0370","ZOO_ES_000653","ZOO_COMMON_00630",6,"Calcifier_T + pH",-0.06,5.94,5.9345614391705
"ambiguous_dropped","full_factorial_only","Overall",-0.395777165099959,"TpH","T + pH","Calcifier","ZOO_STUDY_0370","ZOO_ES_000654","ZOO_COMMON_00629",6,"Calcifier_T + pH",-0.06,5.94,5.9299561387836
"ambiguous_dropped","full_factorial_only","Overall",0.0893636806165985,"TpH","T + pH","Calcifier","ZOO_STUDY_0370","ZOO_ES_000655","ZOO_COMMON_00630",6,"Calcifier_T + pH",-0.06,5.94,5.92721541247796
"ambiguous_dropped","full_factorial_only","Overall",-0.339703257202659,"TpH","T + pH","Calcifier","ZOO_STUDY_0370","ZOO_ES_000656","ZOO_COMMON_00629",6,"Calcifier_T + pH",-0.06,5.94,5.93609050658764
"ambiguous_dropped","full_factorial_only","Overall",-0.317302320513493,"TpH","T + pH","Calcifier","ZOO_STUDY_0370","ZOO_ES_000657","ZOO_COMMON_00629",6,"Calcifier_T + pH",-0.06,5.94,5.96188850884559
"ambiguous_dropped","full_factorial_only","Overall",-0.286607381322015,"TpH","T + pH","Calcifier","ZOO_STUDY_0370","ZOO_ES_000658","ZOO_COMMON_00629",6,"Calcifier_T + pH",-0.06,5.94,5.92822425582912
"ambiguous_dropped","full_factorial_only","Overall",0.174592488992435,"TpH","T + pH","Calcifier","ZOO_STUDY_0370","ZOO_ES_000659","ZOO_COMMON_00630",6,"Calcifier_T + pH",-0.06,5.94,5.9434284377005
"ambiguous_dropped","full_factorial_only","Overall",-0.188191284551902,"TpH","T + pH","Calcifier","ZOO_STUDY_0370","ZOO_ES_000660","ZOO_COMMON_00629",6,"Calcifier_T + pH",-0.06,5.94,5.92510922838468
"ambiguous_dropped","full_factorial_only","Overall",0.295666416918385,"TpH","T + pH","Calcifier","ZOO_STUDY_0370","ZOO_ES_000661","ZOO_COMMON_00630",6,"Calcifier_T + pH",-0.06,5.94,5.92464028134476
"ambiguous_dropped","full_factorial_only","Overall",-0.149858827745717,"TpH","T + pH","Calcifier","ZOO_STUDY_0370","ZOO_ES_000662","ZOO_COMMON_00629",6,"Calcifier_T + pH",-0.06,5.94,5.95093058725819
"ambiguous_dropped","full_factorial_only","Overall",0.49257744420944,"pH","pH","Calcifier","ZOO_STUDY_0370","ZOO_ES_000663","ZOO_COMMON_00629",6,"Calcifier_pH",-0.3,5.7,5.69067589477636
"ambiguous_dropped","full_factorial_only","Overall",0.725555872298549,"pH","pH","Calcifier","ZOO_STUDY_0370","ZOO_ES_000664","ZOO_COMMON_00629",6,"Calcifier_pH",-0.3,5.7,5.68191950636683
"ambiguous_dropped","full_factorial_only","Overall",1.00384716701681,"pH","pH","Calcifier","ZOO_STUDY_0370","ZOO_ES_000665","ZOO_COMMON_00629",6,"Calcifier_pH",-0.3,5.7,5.6779015348875
"ambiguous_dropped","full_factorial_only","Overall",0.869045739839174,"pH","pH","Calcifier","ZOO_STUDY_0370","ZOO_ES_000666","ZOO_COMMON_00630",6,"Calcifier_pH",-0.3,5.7,5.72155498205684
"ambiguous_dropped","full_factorial_only","Overall",0.875081255066169,"pH","pH","Calcifier","ZOO_STUDY_0370","ZOO_ES_000667","ZOO_COMMON_00630",6,"Calcifier_pH",-0.3,5.7,5.7034169006045
"ambiguous_dropped","full_factorial_only","Overall",0.894773888411906,"pH","pH","Calcifier","ZOO_STUDY_0370","ZOO_ES_000668","ZOO_COMMON_00630",6,"Calcifier_pH",-0.3,5.7,5.6808885180275
"ambiguous_dropped","full_factorial_only","Overall",-0.538238317163056,"pH","pH","Calcifier","ZOO_STUDY_0382","ZOO_ES_000669","ZOO_COMMON_00648",6,"Calcifier_pH",-0.3,5.7,5.70323972407496
"ambiguous_dropped","full_factorial_only","Overall",-0.398729224505253,"pH","pH","Calcifier","ZOO_STUDY_0382","ZOO_ES_000670","ZOO_COMMON_00646",6,"Calcifier_pH",-0.3,5.7,5.7020128091448
"ambiguous_dropped","full_factorial_only","Overall",-0.142692519520612,"pH","pH","Calcifier","ZOO_STUDY_0382","ZOO_ES_000671","ZOO_COMMON_00648",6,"Calcifier_pH",-0.3,5.7,5.7159841259243
"ambiguous_dropped","full_factorial_only","Overall",-0.103064303397476,"pH","pH","Calcifier","ZOO_STUDY_0382","ZOO_ES_000672","ZOO_COMMON_00646",6,"Calcifier_pH",-0.3,5.7,5.7101489751949
"ambiguous_dropped","full_factorial_only","Overall",0,"T","T","Calcifier","ZOO_STUDY_0382","ZOO_ES_000673","ZOO_COMMON_00648",6,"Calcifier_T",-0.18,5.82,5.82338741868036
"ambiguous_dropped","full_factorial_only","Overall",0.817863976451417,"T","T","Calcifier","ZOO_STUDY_0382","ZOO_ES_000674","ZOO_COMMON_00646",6,"Calcifier_T",-0.18,5.82,5.8310654633143
"ambiguous_dropped","full_factorial_only","Overall",-0.17953497496293,"TpH","T + pH","Calcifier","ZOO_STUDY_0382","ZOO_ES_000675","ZOO_COMMON_00648",6,"Calcifier_T + pH",-0.06,5.94,5.95262221067445
"ambiguous_dropped","full_factorial_only","Overall",-0.0866185885796935,"TpH","T + pH","Calcifier","ZOO_STUDY_0382","ZOO_ES_000676","ZOO_COMMON_00648",6,"Calcifier_T + pH",-0.06,5.94,5.93407112983754
"ambiguous_dropped","full_factorial_only","Overall",0.564529802737852,"TpH","T + pH","Calcifier","ZOO_STUDY_0382","ZOO_ES_000677","ZOO_COMMON_00646",6,"Calcifier_T + pH",-0.06,5.94,5.92940051406389
"ambiguous_dropped","full_factorial_only","Overall",0.689554527808046,"TpH","T + pH","Calcifier","ZOO_STUDY_0382","ZOO_ES_000678","ZOO_COMMON_00646",6,"Calcifier_T + pH",-0.06,5.94,5.94158416635823
"ambiguous_dropped","full_factorial_only","Overall",-0.227670008081759,"pH","pH","Calcifier","ZOO_STUDY_0382","ZOO_ES_000679","ZOO_COMMON_00646",6,"Calcifier_pH",-0.3,5.7,5.6879823035677
"ambiguous_dropped","full_factorial_only","Overall",-0.19504556231281,"pH","pH","Calcifier","ZOO_STUDY_0382","ZOO_ES_000680","ZOO_COMMON_00648",6,"Calcifier_pH",-0.3,5.7,5.71658951588906
"ambiguous_dropped","full_factorial_only","Overall",-0.0261608260386722,"pH","pH","Calcifier","ZOO_STUDY_0382","ZOO_ES_000681","ZOO_COMMON_00646",6,"Calcifier_pH",-0.3,5.7,5.69526819423772
"ambiguous_dropped","full_factorial_only","Overall",-0.021713164904364,"pH","pH","Calcifier","ZOO_STUDY_0382","ZOO_ES_000682","ZOO_COMMON_00648",6,"Calcifier_pH",-0.3,5.7,5.67863159627886
"ambiguous_dropped","full_factorial_only","Overall",0.768245006791025,"T","T","Calcifier","ZOO_STUDY_0382","ZOO_ES_000683","ZOO_COMMON_00647",6,"Calcifier_T",-0.18,5.82,5.84268793123076
"ambiguous_dropped","full_factorial_only","Overall",0.405465108108164,"T","T","Calcifier","ZOO_STUDY_0382","ZOO_ES_000684","ZOO_COMMON_00645",6,"Calcifier_T",-0.18,5.82,5.8058591891476
"ambiguous_dropped","full_factorial_only","Overall",-0.00778692459311934,"T","T","Calcifier","ZOO_STUDY_0382","ZOO_ES_000685","ZOO_COMMON_00646",6,"Calcifier_T",-0.18,5.82,5.81528126333607
"ambiguous_dropped","full_factorial_only","Overall",0.0954876775306013,"T","T","Calcifier","ZOO_STUDY_0382","ZOO_ES_000688","ZOO_COMMON_00648",6,"Calcifier_T",-0.18,5.82,5.82628341577249
"ambiguous_dropped","full_factorial_only","Overall",1.76690075387747,"TpH","T + pH","Calcifier","ZOO_STUDY_0382","ZOO_ES_000690","ZOO_COMMON_00647",6,"Calcifier_T + pH",-0.06,5.94,5.94642024019035
"ambiguous_dropped","full_factorial_only","Overall",1.47176382113457,"TpH","T + pH","Calcifier","ZOO_STUDY_0382","ZOO_ES_000691","ZOO_COMMON_00645",6,"Calcifier_T + pH",-0.06,5.94,5.93141193320975
"ambiguous_dropped","full_factorial_only","Overall",1.32786079472645,"TpH","T + pH","Calcifier","ZOO_STUDY_0382","ZOO_ES_000693","ZOO_COMMON_00647",6,"Calcifier_T + pH",-0.06,5.94,5.92194547459716
"ambiguous_dropped","full_factorial_only","Overall",-0.176383643892935,"TpH","T + pH","Calcifier","ZOO_STUDY_0382","ZOO_ES_000695","ZOO_COMMON_00648",6,"Calcifier_T + pH",-0.06,5.94,5.96073285852093
"ambiguous_dropped","full_factorial_only","Overall",1.09861228866811,"TpH","T + pH","Calcifier","ZOO_STUDY_0382","ZOO_ES_000696","ZOO_COMMON_00645",6,"Calcifier_T + pH",-0.06,5.94,5.94495579836425
"ambiguous_dropped","full_factorial_only","Overall",-0.132045313414014,"TpH","T + pH","Calcifier","ZOO_STUDY_0382","ZOO_ES_000697","ZOO_COMMON_00646",6,"Calcifier_T + pH",-0.06,5.94,5.95248035479803
"ambiguous_dropped","full_factorial_only","Overall",-0.0138865518733687,"TpH","T + pH","Calcifier","ZOO_STUDY_0382","ZOO_ES_000699","ZOO_COMMON_00648",6,"Calcifier_T + pH",-0.06,5.94,5.96094773725839
"ambiguous_dropped","full_factorial_only","Overall",-0.0129431699038916,"TpH","T + pH","Calcifier","ZOO_STUDY_0382","ZOO_ES_000700","ZOO_COMMON_00646",6,"Calcifier_T + pH",-0.06,5.94,5.94143826979911
"ambiguous_dropped","full_factorial_only","Overall",0.837345053670609,"pH","pH","Calcifier","ZOO_STUDY_0382","ZOO_ES_000701","ZOO_COMMON_00647",6,"Calcifier_pH",-0.3,5.7,5.69359893730143
"ambiguous_dropped","full_factorial_only","Overall",0.826879517624007,"pH","pH","Calcifier","ZOO_STUDY_0382","ZOO_ES_000702","ZOO_COMMON_00645",6,"Calcifier_pH",-0.3,5.7,5.67829041605582
"ambiguous_dropped","full_factorial_only","Overall",1.38759334376628,"pH","pH","Calcifier","ZOO_STUDY_0382","ZOO_ES_000705","ZOO_COMMON_00647",6,"Calcifier_pH",-0.3,5.7,5.71771849618526
"ambiguous_dropped","full_factorial_only","Overall",1.33135591371134,"pH","pH","Calcifier","ZOO_STUDY_0382","ZOO_ES_000706","ZOO_COMMON_00645",6,"Calcifier_pH",-0.3,5.7,5.70052056506975
"ambiguous_dropped","full_factorial_only","Overall",0.0988958959617663,"pH","pH","Calcifier","ZOO_STUDY_0410","ZOO_ES_000811","ZOO_COMMON_00695",6,"Calcifier_pH",-0.3,5.7,5.68549990293104
"ambiguous_dropped","full_factorial_only","Overall",-0.450021129658397,"pH","pH","Calcifier","ZOO_STUDY_0410","ZOO_ES_000813","ZOO_COMMON_00694",6,"Calcifier_pH",-0.3,5.7,5.6937921718345
"ambiguous_dropped","full_factorial_only","Overall",-0.0262982934762895,"pH","pH","Calcifier","ZOO_STUDY_0410","ZOO_ES_000814","ZOO_COMMON_00695",6,"Calcifier_pH",-0.3,5.7,5.68536827499047
"ambiguous_dropped","full_factorial_only","Overall",-0.0712962962306679,"pH","pH","Calcifier","ZOO_STUDY_0410","ZOO_ES_000815","ZOO_COMMON_00694",6,"Calcifier_pH",-0.3,5.7,5.6979620408616
"ambiguous_dropped","full_factorial_only","Overall",0.256910413785027,"T","T","Calcifier","ZOO_STUDY_0410","ZOO_ES_000817","ZOO_COMMON_00694",6,"Calcifier_T",-0.18,5.82,5.80707511250395
"ambiguous_dropped","full_factorial_only","Overall",0.00575846416219474,"T","T","Calcifier","ZOO_STUDY_0410","ZOO_ES_000818","ZOO_COMMON_00695",6,"Calcifier_T",-0.18,5.82,5.8009345161193
"ambiguous_dropped","full_factorial_only","Overall",1.57214798418863,"T","T","Calcifier","ZOO_STUDY_0410","ZOO_ES_000820","ZOO_COMMON_00694",6,"Calcifier_T",-0.18,5.82,5.79862345748581
"ambiguous_dropped","full_factorial_only","Overall",0.0311691664709181,"T","T","Calcifier","ZOO_STUDY_0410","ZOO_ES_000822","ZOO_COMMON_00695",6,"Calcifier_T",-0.18,5.82,5.82954949249281
"ambiguous_dropped","full_factorial_only","Overall",0.166524657314702,"T","T","Calcifier","ZOO_STUDY_0410","ZOO_ES_000823","ZOO_COMMON_00694",6,"Calcifier_T",-0.18,5.82,5.8093478809623
"ambiguous_dropped","full_factorial_only","Overall",0.344735261900619,"TpH","T + pH","Calcifier","ZOO_STUDY_0410","ZOO_ES_000825","ZOO_COMMON_00694",6,"Calcifier_T + pH",-0.06,5.94,5.92247062477749
"ambiguous_dropped","full_factorial_only","Overall",0.0969667235293577,"TpH","T + pH","Calcifier","ZOO_STUDY_0410","ZOO_ES_000826","ZOO_COMMON_00695",6,"Calcifier_T + pH",-0.06,5.94,5.96362160045886
"ambiguous_dropped","full_factorial_only","Overall",-0.435735172410921,"TpH","T + pH","Calcifier","ZOO_STUDY_0410","ZOO_ES_000828","ZOO_COMMON_00694",6,"Calcifier_T + pH",-0.06,5.94,5.93552571951645
"ambiguous_dropped","full_factorial_only","Overall",1.27816443748531,"TpH","T + pH","Calcifier","ZOO_STUDY_0410","ZOO_ES_000829","ZOO_COMMON_00694",6,"Calcifier_T + pH",-0.06,5.94,5.93509069271153
"ambiguous_dropped","full_factorial_only","Overall",0.0248217871776039,"pH","pH","Calcifier","ZOO_STUDY_0410","ZOO_ES_000830","ZOO_COMMON_00694",6,"Calcifier_pH",-0.3,5.7,5.70742781743174
"ambiguous_dropped","full_factorial_only","Overall",0.0264580589630215,"TpH","T + pH","Calcifier","ZOO_STUDY_0410","ZOO_ES_000831","ZOO_COMMON_00695",6,"Calcifier_T + pH",-0.06,5.94,5.96081528698327
"ambiguous_dropped","full_factorial_only","Overall",-0.0341200248356902,"T","T","Calcifier","ZOO_STUDY_0410","ZOO_ES_000834","ZOO_COMMON_00694",6,"Calcifier_T",-0.18,5.82,5.80583310694667
"ambiguous_dropped","full_factorial_only","Overall",-0.0237505909632071,"TpH","T + pH","Calcifier","ZOO_STUDY_0410","ZOO_ES_000835","ZOO_COMMON_00694",6,"Calcifier_T + pH",-0.06,5.94,5.94239994359436
"ambiguous_dropped","full_factorial_only","Overall",0.0927817334509661,"pH","pH","Calcifier","ZOO_STUDY_0410","ZOO_ES_000837","ZOO_COMMON_00694",6,"Calcifier_pH",-0.3,5.7,5.71100252289325
"ambiguous_dropped","full_factorial_only","Overall",-0.225544209489079,"pH","pH","Calcifier","ZOO_STUDY_0432","ZOO_ES_000855","ZOO_COMMON_00739",6,"Calcifier_pH",-0.3,5.7,5.69486230026232
"ambiguous_dropped","full_factorial_only","Overall",-0.150204245384208,"pH","pH","Calcifier","ZOO_STUDY_0432","ZOO_ES_000856","ZOO_COMMON_00739",6,"Calcifier_pH",-0.3,5.7,5.67970006963005
"ambiguous_dropped","full_factorial_only","Overall",-0.510277528383676,"T","T","Calcifier","ZOO_STUDY_0432","ZOO_ES_000857","ZOO_COMMON_00739",6,"Calcifier_T",-0.18,5.82,5.82674482025206
"ambiguous_dropped","full_factorial_only","Overall",0.253443519179303,"T","T","Calcifier","ZOO_STUDY_0432","ZOO_ES_000858","ZOO_COMMON_00739",6,"Calcifier_T",-0.18,5.82,5.795123940513
"ambiguous_dropped","full_factorial_only","Overall",-0.556872301989672,"TpH","T + pH","Calcifier","ZOO_STUDY_0432","ZOO_ES_000859","ZOO_COMMON_00739",6,"Calcifier_T + pH",-0.06,5.94,5.92552616199013
"ambiguous_dropped","full_factorial_only","Overall",-0.551362646178702,"TpH","T + pH","Calcifier","ZOO_STUDY_0432","ZOO_ES_000860","ZOO_COMMON_00739",6,"Calcifier_T + pH",-0.06,5.94,5.94895114047453
"ambiguous_dropped","full_factorial_only","Overall",-0.0097102212235822,"TpH","T + pH","Calcifier","ZOO_STUDY_0432","ZOO_ES_000861","ZOO_COMMON_00739",6,"Calcifier_T + pH",-0.06,5.94,5.95830945651745
"ambiguous_dropped","full_factorial_only","Overall",0,"TpH","T + pH","Calcifier","ZOO_STUDY_0432","ZOO_ES_000862","ZOO_COMMON_00739",6,"Calcifier_T + pH",-0.06,5.94,5.95498485577758
"ambiguous_dropped","full_factorial_only","Overall",-0.0163047090249436,"pH","pH","Calcifier","ZOO_STUDY_0432","ZOO_ES_000863","ZOO_COMMON_00739",6,"Calcifier_pH",-0.3,5.7,5.6817498199176
"ambiguous_dropped","full_factorial_only","Overall",-0.239987198643764,"pH","pH","Calcifier","ZOO_STUDY_0432","ZOO_ES_000864","ZOO_COMMON_00739",6,"Calcifier_pH",-0.3,5.7,5.69437491288409
"ambiguous_dropped","full_factorial_only","Overall",-1.11647684143397,"pH","pH","Calcifier","ZOO_STUDY_0479","ZOO_ES_000882","ZOO_COMMON_00819",6,"Calcifier_pH",-0.3,5.7,5.71442359645152
"ambiguous_dropped","full_factorial_only","Overall",-0.898991903143916,"pH","pH","Calcifier","ZOO_STUDY_0479","ZOO_ES_000883","ZOO_COMMON_00819",6,"Calcifier_pH",-0.3,5.7,5.70964568333002
"ambiguous_dropped","full_factorial_only","Overall",-0.877163783603033,"pH","pH","Calcifier","ZOO_STUDY_0479","ZOO_ES_000884","ZOO_COMMON_00819",6,"Calcifier_pH",-0.3,5.7,5.7047136485693
"ambiguous_dropped","full_factorial_only","Overall",-0.53465968169511,"pH","pH","Calcifier","ZOO_STUDY_0479","ZOO_ES_000885","ZOO_COMMON_00818",6,"Calcifier_pH",-0.3,5.7,5.68119288256858
"ambiguous_dropped","full_factorial_only","Overall",-0.505956443559337,"pH","pH","Calcifier","ZOO_STUDY_0479","ZOO_ES_000886","ZOO_COMMON_00818",6,"Calcifier_pH",-0.3,5.7,5.70275390513707
"ambiguous_dropped","full_factorial_only","Overall",-0.464935661706492,"pH","pH","Calcifier","ZOO_STUDY_0479","ZOO_ES_000887","ZOO_COMMON_00819",6,"Calcifier_pH",-0.3,5.7,5.69747056938941
"ambiguous_dropped","full_factorial_only","Overall",-0.363755424329535,"pH","pH","Calcifier","ZOO_STUDY_0479","ZOO_ES_000888","ZOO_COMMON_00820",6,"Calcifier_pH",-0.3,5.7,5.71330832643434
"ambiguous_dropped","full_factorial_only","Overall",-0.287833118445573,"pH","pH","Calcifier","ZOO_STUDY_0479","ZOO_ES_000889","ZOO_COMMON_00820",6,"Calcifier_pH",-0.3,5.7,5.67630488608265
"ambiguous_dropped","full_factorial_only","Overall",-0.274593989574782,"pH","pH","Calcifier","ZOO_STUDY_0479","ZOO_ES_000890","ZOO_COMMON_00818",6,"Calcifier_pH",-0.3,5.7,5.68475857159356
"ambiguous_dropped","full_factorial_only","Overall",-0.217270482704621,"pH","pH","Calcifier","ZOO_STUDY_0479","ZOO_ES_000891","ZOO_COMMON_00820",6,"Calcifier_pH",-0.3,5.7,5.71906172824092
"ambiguous_dropped","full_factorial_only","Overall",-0.194105241937304,"pH","pH","Calcifier","ZOO_STUDY_0479","ZOO_ES_000892","ZOO_COMMON_00818",6,"Calcifier_pH",-0.3,5.7,5.68049007967347
"ambiguous_dropped","full_factorial_only","Overall",-0.272992782640832,"T","T","Calcifier","ZOO_STUDY_0479","ZOO_ES_000893","ZOO_COMMON_00819",6,"Calcifier_T",-0.18,5.82,5.84342754639685
"ambiguous_dropped","full_factorial_only","Overall",-0.136256577854246,"T","T","Calcifier","ZOO_STUDY_0479","ZOO_ES_000894","ZOO_COMMON_00818",6,"Calcifier_T",-0.18,5.82,5.81425992964534
"ambiguous_dropped","full_factorial_only","Overall",0.038226876601168,"T","T","Calcifier","ZOO_STUDY_0479","ZOO_ES_000895","ZOO_COMMON_00820",6,"Calcifier_T",-0.18,5.82,5.83792957036523
"ambiguous_dropped","full_factorial_only","Overall",-1.11647684143397,"TpH","T + pH","Calcifier","ZOO_STUDY_0479","ZOO_ES_000896","ZOO_COMMON_00819",6,"Calcifier_T + pH",-0.06,5.94,5.95936923773028
"ambiguous_dropped","full_factorial_only","Overall",-0.641392099048049,"TpH","T + pH","Calcifier","ZOO_STUDY_0479","ZOO_ES_000897","ZOO_COMMON_00819",6,"Calcifier_T + pH",-0.06,5.94,5.93945457492722
"ambiguous_dropped","full_factorial_only","Overall",-0.545284788870706,"TpH","T + pH","Calcifier","ZOO_STUDY_0479","ZOO_ES_000898","ZOO_COMMON_00819",6,"Calcifier_T + pH",-0.06,5.94,5.9509045904479
"ambiguous_dropped","full_factorial_only","Overall",-0.435188837227761,"TpH","T + pH","Calcifier","ZOO_STUDY_0479","ZOO_ES_000899","ZOO_COMMON_00818",6,"Calcifier_T + pH",-0.06,5.94,5.93933527862886
"ambiguous_dropped","full_factorial_only","Overall",-0.416472295218451,"TpH","T + pH","Calcifier","ZOO_STUDY_0479","ZOO_ES_000900","ZOO_COMMON_00818",6,"Calcifier_T + pH",-0.06,5.94,5.96443544304697
"ambiguous_dropped","full_factorial_only","Overall",-0.294243214231762,"TpH","T + pH","Calcifier","ZOO_STUDY_0479","ZOO_ES_000901","ZOO_COMMON_00818",6,"Calcifier_T + pH",-0.06,5.94,5.91823755647987
"ambiguous_dropped","full_factorial_only","Overall",-0.279080052029482,"TpH","T + pH","Calcifier","ZOO_STUDY_0479","ZOO_ES_000902","ZOO_COMMON_00819",6,"Calcifier_T + pH",-0.06,5.94,5.92288313889643
"ambiguous_dropped","full_factorial_only","Overall",-0.108619857498669,"TpH","T + pH","Calcifier","ZOO_STUDY_0479","ZOO_ES_000903","ZOO_COMMON_00818",6,"Calcifier_T + pH",-0.06,5.94,5.95426743092015
"ambiguous_dropped","full_factorial_only","Overall",-0.0900228683025246,"TpH","T + pH","Calcifier","ZOO_STUDY_0479","ZOO_ES_000904","ZOO_COMMON_00820",6,"Calcifier_T + pH",-0.06,5.94,5.94210941449041
"ambiguous_dropped","full_factorial_only","Overall",0.0232881102112668,"TpH","T + pH","Calcifier","ZOO_STUDY_0479","ZOO_ES_000905","ZOO_COMMON_00820",6,"Calcifier_T + pH",-0.06,5.94,5.93582736726152
"ambiguous_dropped","full_factorial_only","Overall",0.0606512746236434,"TpH","T + pH","Calcifier","ZOO_STUDY_0479","ZOO_ES_000906","ZOO_COMMON_00820",6,"Calcifier_T + pH",-0.06,5.94,5.96494413245004
"ambiguous_dropped","full_factorial_only","Overall",-0.0719086247692754,"pH","pH","Calcifier","ZOO_STUDY_0479","ZOO_ES_000907","ZOO_COMMON_00819",6,"Calcifier_pH",-0.3,5.7,5.68778365585022
"ambiguous_dropped","full_factorial_only","Overall",-0.0695319676935199,"pH","pH","Calcifier","ZOO_STUDY_0479","ZOO_ES_000908","ZOO_COMMON_00819",6,"Calcifier_pH",-0.3,5.7,5.70039378355723
"ambiguous_dropped","full_factorial_only","Overall",-0.0670732379687377,"pH","pH","Calcifier","ZOO_STUDY_0479","ZOO_ES_000909","ZOO_COMMON_00819",6,"Calcifier_pH",-0.3,5.7,5.67894855887862
"ambiguous_dropped","full_factorial_only","Overall",-0.0353080953059424,"pH","pH","Calcifier","ZOO_STUDY_0479","ZOO_ES_000910","ZOO_COMMON_00819",6,"Calcifier_pH",-0.3,5.7,5.71568341822131
"ambiguous_dropped","full_factorial_only","Overall",-0.00852580652880193,"pH","pH","Calcifier","ZOO_STUDY_0479","ZOO_ES_000911","ZOO_COMMON_00820",6,"Calcifier_pH",-0.3,5.7,5.69410895800684
"ambiguous_dropped","full_factorial_only","Overall",-0.00751717004320374,"pH","pH","Calcifier","ZOO_STUDY_0479","ZOO_ES_000912","ZOO_COMMON_00818",6,"Calcifier_pH",-0.3,5.7,5.71510913539678
"ambiguous_dropped","full_factorial_only","Overall",-0.00751717004320374,"pH","pH","Calcifier","ZOO_STUDY_0479","ZOO_ES_000913","ZOO_COMMON_00818",6,"Calcifier_pH",-0.3,5.7,5.68489618183812
"ambiguous_dropped","full_factorial_only","Overall",-0.00588925674197298,"pH","pH","Calcifier","ZOO_STUDY_0479","ZOO_ES_000914","ZOO_COMMON_00820",6,"Calcifier_pH",-0.3,5.7,5.72231998851057
"ambiguous_dropped","full_factorial_only","Overall",-0.00478381777073733,"pH","pH","Calcifier","ZOO_STUDY_0479","ZOO_ES_000915","ZOO_COMMON_00818",6,"Calcifier_pH",-0.3,5.7,5.69228362371214
"ambiguous_dropped","full_factorial_only","Overall",-0.00478381777073733,"pH","pH","Calcifier","ZOO_STUDY_0479","ZOO_ES_000916","ZOO_COMMON_00818",6,"Calcifier_pH",-0.3,5.7,5.70110251236474
"ambiguous_dropped","full_factorial_only","Overall",0.00775197680431792,"pH","pH","Calcifier","ZOO_STUDY_0479","ZOO_ES_000917","ZOO_COMMON_00820",6,"Calcifier_pH",-0.3,5.7,5.68058440032182
"ambiguous_dropped","full_factorial_only","Overall",-0.0416151135707052,"T","T","Calcifier","ZOO_STUDY_0479","ZOO_ES_000918","ZOO_COMMON_00819",6,"Calcifier_T",-0.18,5.82,5.8392987425602
"ambiguous_dropped","full_factorial_only","Overall",-0.0210910409560301,"T","T","Calcifier","ZOO_STUDY_0479","ZOO_ES_000919","ZOO_COMMON_00820",6,"Calcifier_T",-0.18,5.82,5.84271274866071
"ambiguous_dropped","full_factorial_only","Overall",0.0107351233594397,"T","T","Calcifier","ZOO_STUDY_0479","ZOO_ES_000920","ZOO_COMMON_00818",6,"Calcifier_T",-0.18,5.82,5.79701903815614
"ambiguous_dropped","full_factorial_only","Overall",-0.094908390607049,"TpH","T + pH","Calcifier","ZOO_STUDY_0479","ZOO_ES_000921","ZOO_COMMON_00819",6,"Calcifier_T + pH",-0.06,5.94,5.93968080943218
"ambiguous_dropped","full_factorial_only","Overall",-0.0841449895391694,"TpH","T + pH","Calcifier","ZOO_STUDY_0479","ZOO_ES_000922","ZOO_COMMON_00819",6,"Calcifier_T + pH",-0.06,5.94,5.92630318524083
"ambiguous_dropped","full_factorial_only","Overall",-0.059036856492578,"TpH","T + pH","Calcifier","ZOO_STUDY_0479","ZOO_ES_000923","ZOO_COMMON_00819",6,"Calcifier_T + pH",-0.06,5.94,5.95794001696399
"ambiguous_dropped","full_factorial_only","Overall",-0.0487368563145071,"TpH","T + pH","Calcifier","ZOO_STUDY_0479","ZOO_ES_000924","ZOO_COMMON_00819",6,"Calcifier_T + pH",-0.06,5.94,5.9415467866906
"ambiguous_dropped","full_factorial_only","Overall",-0.0456672921102612,"TpH","T + pH","Calcifier","ZOO_STUDY_0479","ZOO_ES_000925","ZOO_COMMON_00818",6,"Calcifier_T + pH",-0.06,5.94,5.91523190754
"ambiguous_dropped","full_factorial_only","Overall",-0.015687756981639,"TpH","T + pH","Calcifier","ZOO_STUDY_0479","ZOO_ES_000926","ZOO_COMMON_00818",6,"Calcifier_T + pH",-0.06,5.94,5.92887800400844
"ambiguous_dropped","full_factorial_only","Overall",-0.0110977876565622,"TpH","T + pH","Calcifier","ZOO_STUDY_0479","ZOO_ES_000927","ZOO_COMMON_00820",6,"Calcifier_T + pH",-0.06,5.94,5.93126015715301
"ambiguous_dropped","full_factorial_only","Overall",-0.00981097020704486,"TpH","T + pH","Calcifier","ZOO_STUDY_0479","ZOO_ES_000928","ZOO_COMMON_00820",6,"Calcifier_T + pH",-0.06,5.94,5.94443531383062
"ambiguous_dropped","full_factorial_only","Overall",-0.0045380493394349,"TpH","T + pH","Calcifier","ZOO_STUDY_0479","ZOO_ES_000929","ZOO_COMMON_00820",6,"Calcifier_T + pH",-0.06,5.94,5.92748423503712
"ambiguous_dropped","full_factorial_only","Overall",0.00263968477077325,"TpH","T + pH","Calcifier","ZOO_STUDY_0479","ZOO_ES_000930","ZOO_COMMON_00818",6,"Calcifier_T + pH",-0.06,5.94,5.91715586404083
"ambiguous_dropped","full_factorial_only","Overall",0.0107351233594397,"TpH","T + pH","Calcifier","ZOO_STUDY_0479","ZOO_ES_000931","ZOO_COMMON_00818",6,"Calcifier_T + pH",-0.06,5.94,5.9205339393788
"ambiguous_dropped","full_factorial_only","Overall",0.198103443242893,"pH","pH","Calcifier","ZOO_STUDY_0490","ZOO_ES_000932","ZOO_COMMON_00842",6,"Calcifier_pH",-0.3,5.7,5.71018769060029
"ambiguous_dropped","full_factorial_only","Overall",-0.492974059433225,"T","T","Calcifier","ZOO_STUDY_0490","ZOO_ES_000933","ZOO_COMMON_00842",6,"Calcifier_T",-0.18,5.82,5.84195106194122
"ambiguous_dropped","full_factorial_only","Overall",0.133531392624523,"T","T","Calcifier","ZOO_STUDY_0490","ZOO_ES_000934","ZOO_COMMON_00842",6,"Calcifier_T",-0.18,5.82,5.81055845090188
"ambiguous_dropped","full_factorial_only","Overall",0.182389679005228,"T","T","Calcifier","ZOO_STUDY_0490","ZOO_ES_000935","ZOO_COMMON_00842",6,"Calcifier_T",-0.18,5.82,5.79892464650795
"ambiguous_dropped","full_factorial_only","Overall",0.23567980958363,"T","T","Calcifier","ZOO_STUDY_0490","ZOO_ES_000936","ZOO_COMMON_00842",6,"Calcifier_T",-0.18,5.82,5.81108720456716
"ambiguous_dropped","full_factorial_only","Overall",0.290131553162121,"TpH","T + pH","Calcifier","ZOO_STUDY_0490","ZOO_ES_000937","ZOO_COMMON_00842",6,"Calcifier_T + pH",-0.06,5.94,5.94624527684413
"ambiguous_dropped","full_factorial_only","Overall",0.297811590690637,"TpH","T + pH","Calcifier","ZOO_STUDY_0490","ZOO_ES_000938","ZOO_COMMON_00842",6,"Calcifier_T + pH",-0.06,5.94,5.93701209247578
"ambiguous_dropped","full_factorial_only","Overall",0.38738590799905,"TpH","T + pH","Calcifier","ZOO_STUDY_0490","ZOO_ES_000939","ZOO_COMMON_00842",6,"Calcifier_T + pH",-0.06,5.94,5.95506726503139
"ambiguous_dropped","full_factorial_only","Overall",0.485577807032823,"TpH","T + pH","Calcifier","ZOO_STUDY_0490","ZOO_ES_000940","ZOO_COMMON_00842",6,"Calcifier_T + pH",-0.06,5.94,5.92896419025259
"ambiguous_dropped","full_factorial_only","Overall",-0.225604127435426,"pH","pH","Calcifier","ZOO_STUDY_0490","ZOO_ES_000941","ZOO_COMMON_00842",6,"Calcifier_pH",-0.3,5.7,5.70353565966943
"ambiguous_dropped","full_factorial_only","Overall",-0.0656952592653948,"pH","pH","Calcifier","ZOO_STUDY_0519","ZOO_ES_000973","ZOO_COMMON_00891",6,"Calcifier_pH",-0.3,5.7,5.6771064006025
"ambiguous_dropped","full_factorial_only","Overall",-0.129411073651503,"T","T","Calcifier","ZOO_STUDY_0519","ZOO_ES_000975","ZOO_COMMON_00891",6,"Calcifier_T",-0.18,5.82,5.80453587277327
"ambiguous_dropped","full_factorial_only","Overall",-0.156079320733664,"TpH","T + pH","Calcifier","ZOO_STUDY_0519","ZOO_ES_000978","ZOO_COMMON_00891",6,"Calcifier_T + pH",-0.06,5.94,5.95135432353476
"ambiguous_dropped","full_factorial_only","Overall",0.048790164169432,"pH","pH","Calcifier","ZOO_STUDY_0156","ZOO_ES_001477","ZOO_COMMON_00266",6,"Calcifier_pH",-0.3,5.7,5.71633450251538
"ambiguous_dropped","full_factorial_only","Overall",-0.603535021870258,"TpH","T + pH","Calcifier","ZOO_STUDY_0046","ZOO_ES_002005","ZOO_COMMON_00067",6,"Calcifier_T + pH",-0.06,5.94,5.94053605376743
"ambiguous_dropped","full_factorial_only","Overall",-0.587786664902119,"TpH","T + pH","Calcifier","ZOO_STUDY_0046","ZOO_ES_002006","ZOO_COMMON_00067",6,"Calcifier_T + pH",-0.06,5.94,5.94338630828774
"ambiguous_dropped","full_factorial_only","Overall",-0.538996500732687,"T","T","Calcifier","ZOO_STUDY_0046","ZOO_ES_002007","ZOO_COMMON_00067",6,"Calcifier_T",-0.18,5.82,5.79505779098719
"ambiguous_dropped","full_factorial_only","Overall",-0.245122458032985,"pH","pH","Calcifier","ZOO_STUDY_0046","ZOO_ES_002008","ZOO_COMMON_00067",6,"Calcifier_pH",-0.3,5.7,5.68218890515855
"ambiguous_dropped","full_factorial_only","Overall",-0.0273989741881146,"pH","pH","Calcifier","ZOO_STUDY_0046","ZOO_ES_002009","ZOO_COMMON_00067",6,"Calcifier_pH",-0.3,5.7,5.71829835415119
"ambiguous_dropped","full_factorial_only","Overall",-0.154150679827258,"pH","pH","Calcifier","ZOO_STUDY_0046","ZOO_ES_002010","ZOO_COMMON_00067",6,"Calcifier_pH",-0.3,5.7,5.67912805302767
"ambiguous_dropped","full_factorial_only","Overall",-0.241162056816888,"pH","pH","Calcifier","ZOO_STUDY_0046","ZOO_ES_002011","ZOO_COMMON_00067",6,"Calcifier_pH",-0.3,5.7,5.68722853410291
"ambiguous_dropped","full_factorial_only","Overall",0.259511195485085,"T","T","Calcifier","ZOO_STUDY_0046","ZOO_ES_002012","ZOO_COMMON_00067",6,"Calcifier_T",-0.18,5.82,5.84407715787413
"ambiguous_dropped","full_factorial_only","Overall",0,"TpH","T + pH","Calcifier","ZOO_STUDY_0046","ZOO_ES_002013","ZOO_COMMON_00067",6,"Calcifier_T + pH",-0.06,5.94,5.94387906397227
"ambiguous_dropped","full_factorial_only","Overall",-0.0519597389307111,"pH","pH","Calcifier","ZOO_STUDY_0046","ZOO_ES_002015","ZOO_COMMON_00067",6,"Calcifier_pH",-0.3,5.7,5.6874363182229
"ambiguous_dropped","full_factorial_only","Overall",-0.052643733485422,"T","T","Calcifier","ZOO_STUDY_0046","ZOO_ES_002016","ZOO_COMMON_00067",6,"Calcifier_T",-0.18,5.82,5.82574769768864
"ambiguous_dropped","full_factorial_only","Overall",-0.052643733485422,"TpH","T + pH","Calcifier","ZOO_STUDY_0046","ZOO_ES_002017","ZOO_COMMON_00067",6,"Calcifier_T + pH",-0.06,5.94,5.91658786603715
"ambiguous_dropped","full_factorial_only","Overall",-0.137201121513485,"TpH","T + pH","Calcifier","ZOO_STUDY_0046","ZOO_ES_002018","ZOO_COMMON_00067",6,"Calcifier_T + pH",-0.06,5.94,5.92232117721345
"ambiguous_dropped","full_factorial_only","Overall",-0.24231346742193,"pH","pH","Calcifier","ZOO_STUDY_0046","ZOO_ES_002019","ZOO_COMMON_00067",6,"Calcifier_pH",-0.3,5.7,5.71015364869963
"ambiguous_dropped","full_factorial_only","Overall",-0.154150679827258,"pH","pH","Calcifier","ZOO_STUDY_0046","ZOO_ES_002020","ZOO_COMMON_00067",6,"Calcifier_pH",-0.3,5.7,5.67827803542605
"ambiguous_dropped","full_factorial_only","Overall",-0.232931557680373,"pH","pH","Calcifier","ZOO_STUDY_0046","ZOO_ES_002021","ZOO_COMMON_00067",6,"Calcifier_pH",-0.3,5.7,5.706090353115
"ambiguous_dropped","full_factorial_only","Overall",-0.182321556793955,"pH","pH","Calcifier","ZOO_STUDY_0156","ZOO_ES_002081","ZOO_COMMON_00266",6,"Calcifier_pH",-0.3,5.7,5.72186636826955
"ambiguous_dropped","full_factorial_only","Overall",0.0979804083602036,"pH","pH","Calcifier","ZOO_STUDY_0156","ZOO_ES_002250","ZOO_COMMON_00266",6,"Calcifier_pH",-0.3,5.7,5.6793947307393
"ambiguous_dropped","full_factorial_only","Overall",-0.176456437341557,"pH","pH","Calcifier","ZOO_STUDY_0156","ZOO_ES_002251","ZOO_COMMON_00266",6,"Calcifier_pH",-0.3,5.7,5.72364017546643
"ambiguous_dropped","full_factorial_only","Overall",0.0289875368732522,"T","T","Calcifier","ZOO_STUDY_0156","ZOO_ES_002252","ZOO_COMMON_00266",6,"Calcifier_T",-0.18,5.82,5.79630053552566
"ambiguous_dropped","full_factorial_only","Overall",-0.0298529631496812,"TpH","T + pH","Calcifier","ZOO_STUDY_0156","ZOO_ES_002253","ZOO_COMMON_00266",6,"Calcifier_T + pH",-0.06,5.94,5.95126139760017
"ambiguous_dropped","full_factorial_only","Overall",0.0431721718652086,"TpH","T + pH","Calcifier","ZOO_STUDY_0156","ZOO_ES_002254","ZOO_COMMON_00266",6,"Calcifier_T + pH",-0.06,5.94,5.93768531958107
"ambiguous_dropped","full_factorial_only","Overall",-0.0597192347016222,"pH","pH","Calcifier","ZOO_STUDY_0156","ZOO_ES_002260","ZOO_COMMON_00266",6,"Calcifier_pH",-0.3,5.7,5.70330912024947
"ambiguous_dropped","full_factorial_only","Overall",-0.282862786015832,"pH","pH","Calcifier","ZOO_STUDY_0156","ZOO_ES_002261","ZOO_COMMON_00266",6,"Calcifier_pH",-0.3,5.7,5.71863655231427
"ambiguous_dropped","full_factorial_only","Overall",0.0425596144187959,"T","T","Calcifier","ZOO_STUDY_0156","ZOO_ES_002262","ZOO_COMMON_00266",6,"Calcifier_T",-0.18,5.82,5.82272815898061
"ambiguous_dropped","full_factorial_only","Overall",-0.0752234212375874,"TpH","T + pH","Calcifier","ZOO_STUDY_0156","ZOO_ES_002263","ZOO_COMMON_00266",6,"Calcifier_T + pH",-0.06,5.94,5.95188261036296
"ambiguous_dropped","full_factorial_only","Overall",0.0833816089390512,"TpH","T + pH","Calcifier","ZOO_STUDY_0156","ZOO_ES_002264","ZOO_COMMON_00266",6,"Calcifier_T + pH",-0.06,5.94,5.9461564581003
"ambiguous_dropped","full_factorial_only","Overall",0.532804530484766,"T","T","Calcifier","ZOO_STUDY_0156","ZOO_ES_002268","ZOO_COMMON_00266",6,"Calcifier_T",-0.18,5.82,5.81055142028956
"ambiguous_dropped","full_factorial_only","Overall",0.105360515657826,"TpH","T + pH","Calcifier","ZOO_STUDY_0156","ZOO_ES_002269","ZOO_COMMON_00266",6,"Calcifier_T + pH",-0.06,5.94,5.93460982423043
"ambiguous_dropped","full_factorial_only","Overall",0.554310735705729,"TpH","T + pH","Calcifier","ZOO_STUDY_0156","ZOO_ES_002270","ZOO_COMMON_00266",6,"Calcifier_T + pH",-0.06,5.94,5.92510437277146
"ambiguous_dropped","full_factorial_only","Overall",-0.405465108108164,"TpH","T + pH","Calcifier","ZOO_STUDY_0156","ZOO_ES_002397","ZOO_COMMON_00266",6,"Calcifier_T + pH",-0.06,5.94,5.95763901947998
"ambiguous_dropped","full_factorial_only","Overall",-0.133531392624523,"pH","pH","Calcifier","ZOO_STUDY_0201","ZOO_ES_002434","ZOO_COMMON_00354",6,"Calcifier_pH",-0.3,5.7,5.70534150754102
"ambiguous_dropped","full_factorial_only","Overall",-0.330241686870577,"pH","pH","Calcifier","ZOO_STUDY_0201","ZOO_ES_002435","ZOO_COMMON_00354",6,"Calcifier_pH",-0.3,5.7,5.71280490069184
"ambiguous_dropped","full_factorial_only","Overall",-0.612079357471163,"pH","pH","Calcifier","ZOO_STUDY_0201","ZOO_ES_002436","ZOO_COMMON_00354",6,"Calcifier_pH",-0.3,5.7,5.70312584043713
"ambiguous_dropped","full_factorial_only","Overall",-0.762140052046897,"pH","pH","Calcifier","ZOO_STUDY_0201","ZOO_ES_002437","ZOO_COMMON_00354",6,"Calcifier_pH",-0.3,5.7,5.6887949506403
"ambiguous_dropped","full_factorial_only","Overall",0.105360515657826,"T","T","Calcifier","ZOO_STUDY_0201","ZOO_ES_002438","ZOO_COMMON_00354",6,"Calcifier_T",-0.18,5.82,5.8317779201828
"ambiguous_dropped","full_factorial_only","Overall",-0.405465108108164,"TpH","T + pH","Calcifier","ZOO_STUDY_0201","ZOO_ES_002439","ZOO_COMMON_00354",6,"Calcifier_T + pH",-0.06,5.94,5.94246398969321
"ambiguous_dropped","full_factorial_only","Overall",-2.19722457733622,"TpH","T + pH","Calcifier","ZOO_STUDY_0201","ZOO_ES_002440","ZOO_COMMON_00354",6,"Calcifier_T + pH",-0.06,5.94,5.93230635219719
"ambiguous_dropped","full_factorial_only","Overall",0.0933319397922189,"pH","pH","Calcifier","ZOO_STUDY_0290","ZOO_ES_002572","ZOO_COMMON_00488",6,"Calcifier_pH",-0.3,5.7,5.70074828173965
"ambiguous_dropped","full_factorial_only","Overall",-0.313434568554196,"pH","pH","Calcifier","ZOO_STUDY_0290","ZOO_ES_002573","ZOO_COMMON_00489",6,"Calcifier_pH",-0.3,5.7,5.71578839737922
"ambiguous_dropped","full_factorial_only","Overall",0.201052593500018,"T","T","Calcifier","ZOO_STUDY_0290","ZOO_ES_002574","ZOO_COMMON_00488",6,"Calcifier_T",-0.18,5.82,5.82131362846587
"ambiguous_dropped","full_factorial_only","Overall",-0.369360103466048,"TpH","T + pH","Calcifier","ZOO_STUDY_0290","ZOO_ES_002575","ZOO_COMMON_00488",6,"Calcifier_T + pH",-0.06,5.94,5.92515200249385
"ambiguous_dropped","full_factorial_only","Overall",-0.184003642976939,"TpH","T + pH","Calcifier","ZOO_STUDY_0290","ZOO_ES_002576","ZOO_COMMON_00488",6,"Calcifier_T + pH",-0.06,5.94,5.95740538402228
"ambiguous_dropped","full_factorial_only","Overall",-0.0786431273191131,"T","T","Calcifier","ZOO_STUDY_0290","ZOO_ES_002577","ZOO_COMMON_00488",6,"Calcifier_T",-0.18,5.82,5.81352471075254
"ambiguous_dropped","full_factorial_only","Overall",-0.230523658611832,"TpH","T + pH","Calcifier","ZOO_STUDY_0290","ZOO_ES_002578","ZOO_COMMON_00488",6,"Calcifier_T + pH",-0.06,5.94,5.9301662585442
"ambiguous_dropped","full_factorial_only","Overall",-0.0539505147287416,"TpH","T + pH","Calcifier","ZOO_STUDY_0290","ZOO_ES_002579","ZOO_COMMON_00488",6,"Calcifier_T + pH",-0.06,5.94,5.95352985234698
"ambiguous_dropped","full_factorial_only","Overall",-0.065118399379393,"T","T","Calcifier","ZOO_STUDY_0290","ZOO_ES_002580","ZOO_COMMON_00489",6,"Calcifier_T",-0.18,5.82,5.83167242774973
"ambiguous_dropped","full_factorial_only","Overall",0.33336181420682,"TpH","T + pH","Calcifier","ZOO_STUDY_0290","ZOO_ES_002581","ZOO_COMMON_00489",6,"Calcifier_T + pH",-0.06,5.94,5.95694529991364
"ambiguous_dropped","full_factorial_only","Overall",0.191338750444143,"TpH","T + pH","Calcifier","ZOO_STUDY_0290","ZOO_ES_002582","ZOO_COMMON_00489",6,"Calcifier_T + pH",-0.06,5.94,5.94345244212076
"ambiguous_dropped","full_factorial_only","Overall",0.139761942375159,"T","T","Calcifier","ZOO_STUDY_0290","ZOO_ES_002583","ZOO_COMMON_00489",6,"Calcifier_T",-0.18,5.82,5.79631404191488
"ambiguous_dropped","full_factorial_only","Overall",0.143535531758798,"TpH","T + pH","Calcifier","ZOO_STUDY_0290","ZOO_ES_002584","ZOO_COMMON_00489",6,"Calcifier_T + pH",-0.06,5.94,5.93930636141216
"ambiguous_dropped","full_factorial_only","Overall",0.426971313329128,"TpH","T + pH","Calcifier","ZOO_STUDY_0290","ZOO_ES_002585","ZOO_COMMON_00489",6,"Calcifier_T + pH",-0.06,5.94,5.94213405163959
"ambiguous_dropped","full_factorial_only","Overall",0.208544751893057,"T","T","Calcifier","ZOO_STUDY_0290","ZOO_ES_002586","ZOO_COMMON_00488",6,"Calcifier_T",-0.18,5.82,5.83683300584555
"ambiguous_dropped","full_factorial_only","Overall",0.218786245945254,"TpH","T + pH","Calcifier","ZOO_STUDY_0290","ZOO_ES_002587","ZOO_COMMON_00488",6,"Calcifier_T + pH",-0.06,5.94,5.95143322690623
"ambiguous_dropped","full_factorial_only","Overall",0.452643668383255,"TpH","T + pH","Calcifier","ZOO_STUDY_0290","ZOO_ES_002588","ZOO_COMMON_00488",6,"Calcifier_T + pH",-0.06,5.94,5.94275569034275
"ambiguous_dropped","full_factorial_only","Overall",0.0232776848693454,"T","T","Calcifier","ZOO_STUDY_0290","ZOO_ES_002589","ZOO_COMMON_00488",6,"Calcifier_T",-0.18,5.82,5.7986707198713
"ambiguous_dropped","full_factorial_only","Overall",0.124203603459306,"TpH","T + pH","Calcifier","ZOO_STUDY_0290","ZOO_ES_002590","ZOO_COMMON_00488",6,"Calcifier_T + pH",-0.06,5.94,5.92182511496125
"ambiguous_dropped","full_factorial_only","Overall",-0.182321556793955,"TpH","T + pH","Calcifier","ZOO_STUDY_0290","ZOO_ES_002591","ZOO_COMMON_00488",6,"Calcifier_T + pH",-0.06,5.94,5.94923043481307
"ambiguous_dropped","full_factorial_only","Overall",0.266267977947964,"T","T","Calcifier","ZOO_STUDY_0290","ZOO_ES_002592","ZOO_COMMON_00489",6,"Calcifier_T",-0.18,5.82,5.79998109681066
"ambiguous_dropped","full_factorial_only","Overall",0.382606970032114,"TpH","T + pH","Calcifier","ZOO_STUDY_0290","ZOO_ES_002594","ZOO_COMMON_00489",6,"Calcifier_T + pH",-0.06,5.94,5.92518929525744
"ambiguous_dropped","full_factorial_only","Overall",0.112117298120706,"T","T","Calcifier","ZOO_STUDY_0290","ZOO_ES_002595","ZOO_COMMON_00489",6,"Calcifier_T",-0.18,5.82,5.81329900691519
"ambiguous_dropped","full_factorial_only","Overall",0.219747962313072,"TpH","T + pH","Calcifier","ZOO_STUDY_0290","ZOO_ES_002597","ZOO_COMMON_00489",6,"Calcifier_T + pH",-0.06,5.94,5.9573097878811
"ambiguous_dropped","full_factorial_only","Overall",0.056921727448311,"T","T","Calcifier","ZOO_STUDY_0290","ZOO_ES_002622","ZOO_COMMON_00488",6,"Calcifier_T",-0.18,5.82,5.8068436297751
"ambiguous_dropped","full_factorial_only","Overall",-0.0247991145341326,"TpH","T + pH","Calcifier","ZOO_STUDY_0290","ZOO_ES_002623","ZOO_COMMON_00488",6,"Calcifier_T + pH",-0.06,5.94,5.95024389252998
"ambiguous_dropped","full_factorial_only","Overall",-0.026984907754113,"TpH","T + pH","Calcifier","ZOO_STUDY_0290","ZOO_ES_002624","ZOO_COMMON_00488",6,"Calcifier_T + pH",-0.06,5.94,5.92038044153946
"ambiguous_dropped","full_factorial_only","Overall",0.0457936409389037,"T","T","Calcifier","ZOO_STUDY_0290","ZOO_ES_002625","ZOO_COMMON_00488",6,"Calcifier_T",-0.18,5.82,5.83395344343036
"ambiguous_dropped","full_factorial_only","Overall",-0.0215293568525759,"TpH","T + pH","Calcifier","ZOO_STUDY_0290","ZOO_ES_002626","ZOO_COMMON_00488",6,"Calcifier_T + pH",-0.06,5.94,5.92775528416736
"ambiguous_dropped","full_factorial_only","Overall",0.0314491326825033,"TpH","T + pH","Calcifier","ZOO_STUDY_0290","ZOO_ES_002627","ZOO_COMMON_00488",6,"Calcifier_T + pH",-0.06,5.94,5.94240216630045
"ambiguous_dropped","full_factorial_only","Overall",-0.0577849981217914,"T","T","Calcifier","ZOO_STUDY_0290","ZOO_ES_002628","ZOO_COMMON_00489",6,"Calcifier_T",-0.18,5.82,5.7966950760386
"ambiguous_dropped","full_factorial_only","Overall",-0.029471681157703,"TpH","T + pH","Calcifier","ZOO_STUDY_0290","ZOO_ES_002629","ZOO_COMMON_00489",6,"Calcifier_T + pH",-0.06,5.94,5.9553054738068
"ambiguous_dropped","full_factorial_only","Overall",-0.0244990204883246,"TpH","T + pH","Calcifier","ZOO_STUDY_0290","ZOO_ES_002630","ZOO_COMMON_00489",6,"Calcifier_T + pH",-0.06,5.94,5.93188764035935
"ambiguous_dropped","full_factorial_only","Overall",-0.049613348972472,"T","T","Calcifier","ZOO_STUDY_0290","ZOO_ES_002631","ZOO_COMMON_00489",6,"Calcifier_T",-0.18,5.82,5.8408142929012
"ambiguous_dropped","full_factorial_only","Overall",-0.0639578572288723,"TpH","T + pH","Calcifier","ZOO_STUDY_0290","ZOO_ES_002632","ZOO_COMMON_00489",6,"Calcifier_T + pH",-0.06,5.94,5.93285532089416
"ambiguous_dropped","full_factorial_only","Overall",-0.083760484525052,"TpH","T + pH","Calcifier","ZOO_STUDY_0290","ZOO_ES_002633","ZOO_COMMON_00489",6,"Calcifier_T + pH",-0.06,5.94,5.96376825065585
"ambiguous_dropped","full_factorial_only","Overall",0.0400053346136992,"T","T","Calcifier","ZOO_STUDY_0290","ZOO_ES_002634","ZOO_COMMON_00488",6,"Calcifier_T",-0.18,5.82,5.81421892613173
"ambiguous_dropped","full_factorial_only","Overall",0.0358688240619188,"TpH","T + pH","Calcifier","ZOO_STUDY_0290","ZOO_ES_002635","ZOO_COMMON_00488",6,"Calcifier_T + pH",-0.06,5.94,5.93943367675878
"ambiguous_dropped","full_factorial_only","Overall",-0.0272199712340877,"TpH","T + pH","Calcifier","ZOO_STUDY_0290","ZOO_ES_002636","ZOO_COMMON_00488",6,"Calcifier_T + pH",-0.06,5.94,5.93953881156398
"ambiguous_dropped","full_factorial_only","Overall",-0.0173352120015458,"T","T","Calcifier","ZOO_STUDY_0290","ZOO_ES_002637","ZOO_COMMON_00488",6,"Calcifier_T",-0.18,5.82,5.79561273120809
"ambiguous_dropped","full_factorial_only","Overall",-0.00107469112976541,"TpH","T + pH","Calcifier","ZOO_STUDY_0290","ZOO_ES_002638","ZOO_COMMON_00488",6,"Calcifier_T + pH",-0.06,5.94,5.94707366003189
"ambiguous_dropped","full_factorial_only","Overall",-0.0184287058229171,"TpH","T + pH","Calcifier","ZOO_STUDY_0290","ZOO_ES_002639","ZOO_COMMON_00488",6,"Calcifier_T + pH",-0.06,5.94,5.94062874858268
"ambiguous_dropped","full_factorial_only","Overall",-0.0324765886779082,"T","T","Calcifier","ZOO_STUDY_0290","ZOO_ES_002640","ZOO_COMMON_00489",6,"Calcifier_T",-0.18,5.82,5.81101760591148
"ambiguous_dropped","full_factorial_only","Overall",-0.0510954508811183,"TpH","T + pH","Calcifier","ZOO_STUDY_0290","ZOO_ES_002641","ZOO_COMMON_00489",6,"Calcifier_T + pH",-0.06,5.94,5.94407165788347
"ambiguous_dropped","full_factorial_only","Overall",-0.0481324857504612,"T","T","Calcifier","ZOO_STUDY_0290","ZOO_ES_002642","ZOO_COMMON_00489",6,"Calcifier_T",-0.18,5.82,5.8258672204148
"ambiguous_dropped","full_factorial_only","Overall",-0.0640373935901257,"TpH","T + pH","Calcifier","ZOO_STUDY_0290","ZOO_ES_002643","ZOO_COMMON_00489",6,"Calcifier_T + pH",-0.06,5.94,5.93691372688394
"ambiguous_dropped","full_factorial_only","Overall",-0.117783035656384,"T","T","Calcifier","ZOO_STUDY_0386","ZOO_ES_002808","ZOO_COMMON_00653",6,"Calcifier_T",-0.18,5.82,5.80351844903082
"ambiguous_dropped","full_factorial_only","Overall",-0.182321556793955,"pH","pH","Calcifier","ZOO_STUDY_0386","ZOO_ES_002809","ZOO_COMMON_00653",6,"Calcifier_pH",-0.3,5.7,5.71075402483111
"ambiguous_dropped","full_factorial_only","Overall",-0.22314355131421,"TpH","T + pH","Calcifier","ZOO_STUDY_0386","ZOO_ES_002810","ZOO_COMMON_00653",6,"Calcifier_T + pH",-0.06,5.94,5.95238932743436
"ambiguous_dropped","full_factorial_only","Overall",-0.251314428280906,"pH","pH","Calcifier","ZOO_STUDY_0386","ZOO_ES_002811","ZOO_COMMON_00653",6,"Calcifier_pH",-0.3,5.7,5.71719573540613
"ambiguous_dropped","full_factorial_only","Overall",-0.356674943938732,"TpH","T + pH","Calcifier","ZOO_STUDY_0386","ZOO_ES_002812","ZOO_COMMON_00653",6,"Calcifier_T + pH",-0.06,5.94,5.94173795234878
"ambiguous_dropped","full_factorial_only","Overall",-1.79175946922805,"T","T","Calcifier","ZOO_STUDY_0156","ZOO_ES_003281","ZOO_COMMON_00266",6,"Calcifier_T",-0.18,5.82,5.81011176307686
"ambiguous_dropped","full_factorial_only","Overall",-1.79175946922805,"TpH","T + pH","Calcifier","ZOO_STUDY_0156","ZOO_ES_003282","ZOO_COMMON_00266",6,"Calcifier_T + pH",-0.06,5.94,5.93782590910327
"ambiguous_dropped","full_factorial_only","Overall",0.00708863727773454,"T","T","Non-calcifier","ZOO_STUDY_0018","ZOO_ES_000001","ZOO_COMMON_00026",6,"Non-calcifier_T",0.18,6.18,6.17421712672338
"ambiguous_dropped","full_factorial_only","Overall",-0.0781812975413578,"pH","pH","Non-calcifier","ZOO_STUDY_0018","ZOO_ES_000002","ZOO_COMMON_00026",6,"Non-calcifier_pH",0.06,6.06,6.04745234273374
"ambiguous_dropped","full_factorial_only","Overall",-0.00509425452174308,"TpH","T + pH","Non-calcifier","ZOO_STUDY_0018","ZOO_ES_000003","ZOO_COMMON_00026",6,"Non-calcifier_T + pH",0.3,6.3,6.30773133723997
"ambiguous_dropped","full_factorial_only","Overall",-0.101528661538349,"TpH","T + pH","Non-calcifier","ZOO_STUDY_0018","ZOO_ES_000004","ZOO_COMMON_00026",6,"Non-calcifier_T + pH",0.3,6.3,6.32276618508622
"ambiguous_dropped","full_factorial_only","Overall",-0.0532206962049096,"T","T","Non-calcifier","ZOO_STUDY_0018","ZOO_ES_000005","ZOO_COMMON_00026",6,"Non-calcifier_T",0.18,6.18,6.16955414786469
"ambiguous_dropped","full_factorial_only","Overall",0,"T","T","Non-calcifier","ZOO_STUDY_0018","ZOO_ES_000006","ZOO_COMMON_00026",6,"Non-calcifier_T",0.18,6.18,6.1875094543281
"ambiguous_dropped","full_factorial_only","Overall",-0.00501757199197948,"pH","pH","Non-calcifier","ZOO_STUDY_0018","ZOO_ES_000007","ZOO_COMMON_00026",6,"Non-calcifier_pH",0.06,6.06,6.06181799654383
"ambiguous_dropped","full_factorial_only","Overall",-0.0253434750060184,"TpH","T + pH","Non-calcifier","ZOO_STUDY_0018","ZOO_ES_000010","ZOO_COMMON_00026",6,"Non-calcifier_T + pH",0.3,6.3,6.30487259333022
"ambiguous_dropped","full_factorial_only","Overall",0.722174788760165,"T","T","Non-calcifier","ZOO_STUDY_0018","ZOO_ES_000011","ZOO_COMMON_00026",6,"Non-calcifier_T",0.18,6.18,6.15624491347233
"ambiguous_dropped","full_factorial_only","Overall",-0.125697152712374,"TpH","T + pH","Non-calcifier","ZOO_STUDY_0018","ZOO_ES_000015","ZOO_COMMON_00026",6,"Non-calcifier_T + pH",0.3,6.3,6.27524208697723
"ambiguous_dropped","full_factorial_only","Overall",0.00487950103152187,"pH","pH","Non-calcifier","ZOO_STUDY_0018","ZOO_ES_000024","ZOO_COMMON_00026",6,"Non-calcifier_pH",0.06,6.06,6.04156891271938
"ambiguous_dropped","full_factorial_only","Overall",1.87879032553552,"T","T","Non-calcifier","ZOO_STUDY_0018","ZOO_ES_000025","ZOO_COMMON_00026",6,"Non-calcifier_T",0.18,6.18,6.15624085518764
"ambiguous_dropped","full_factorial_only","Overall",2.1353524892735,"TpH","T + pH","Non-calcifier","ZOO_STUDY_0018","ZOO_ES_000028","ZOO_COMMON_00026",6,"Non-calcifier_T + pH",0.3,6.3,6.27960647259606
"ambiguous_dropped","full_factorial_only","Overall",3.46406901642,"TpH","T + pH","Non-calcifier","ZOO_STUDY_0018","ZOO_ES_000030","ZOO_COMMON_00026",6,"Non-calcifier_T + pH",0.3,6.3,6.29877791120671
"ambiguous_dropped","full_factorial_only","Overall",-0.161518429164191,"T","T","Non-calcifier","ZOO_STUDY_0018","ZOO_ES_000031","ZOO_COMMON_00026",6,"Non-calcifier_T",0.18,6.18,6.16483283806127
"ambiguous_dropped","full_factorial_only","Overall",-0.044323758258935,"T","T","Non-calcifier","ZOO_STUDY_0018","ZOO_ES_000032","ZOO_COMMON_00026",6,"Non-calcifier_T",0.18,6.18,6.19573369742837
"ambiguous_dropped","full_factorial_only","Overall",-0.0477383200120397,"TpH","T + pH","Non-calcifier","ZOO_STUDY_0018","ZOO_ES_000033","ZOO_COMMON_00026",6,"Non-calcifier_T + pH",0.3,6.3,6.28720296140527
"ambiguous_dropped","full_factorial_only","Overall",-0.0702217763273387,"T","T","Non-calcifier","ZOO_STUDY_0018","ZOO_ES_000034","ZOO_COMMON_00026",6,"Non-calcifier_T",0.18,6.18,6.17944038189715
"ambiguous_dropped","full_factorial_only","Overall",-0.0920840841303518,"TpH","T + pH","Non-calcifier","ZOO_STUDY_0018","ZOO_ES_000035","ZOO_COMMON_00026",6,"Non-calcifier_T + pH",0.3,6.3,6.30744412398199
"ambiguous_dropped","full_factorial_only","Overall",1.81212111669559,"pH","pH","Non-calcifier","ZOO_STUDY_0018","ZOO_ES_000039","ZOO_COMMON_00026",6,"Non-calcifier_pH",0.06,6.06,6.04293582350016
"ambiguous_dropped","full_factorial_only","Overall",0.19888657366865,"pH","pH","Non-calcifier","ZOO_STUDY_0021","ZOO_ES_000041","ZOO_COMMON_00029",6,"Non-calcifier_pH",0.06,6.06,6.07684889554745
"ambiguous_dropped","full_factorial_only","Overall",0.289314725875666,"T","T","Non-calcifier","ZOO_STUDY_0021","ZOO_ES_000042","ZOO_COMMON_00029",6,"Non-calcifier_T",0.18,6.18,6.17682982648956
"ambiguous_dropped","full_factorial_only","Overall",-0.162903470936853,"TpH","T + pH","Non-calcifier","ZOO_STUDY_0021","ZOO_ES_000043","ZOO_COMMON_00029",6,"Non-calcifier_T + pH",0.3,6.3,6.28667477625422
"ambiguous_dropped","full_factorial_only","Overall",-0.242140052004865,"pH","pH","Non-calcifier","ZOO_STUDY_0021","ZOO_ES_000044","ZOO_COMMON_00030",6,"Non-calcifier_pH",0.06,6.06,6.0499427996017
"ambiguous_dropped","full_factorial_only","Overall",-0.426017481061486,"T","T","Non-calcifier","ZOO_STUDY_0021","ZOO_ES_000046","ZOO_COMMON_00029",6,"Non-calcifier_T",0.18,6.18,6.16297106684186
"ambiguous_dropped","full_factorial_only","Overall",-0.284104251103897,"T","T","Non-calcifier","ZOO_STUDY_0021","ZOO_ES_000047","ZOO_COMMON_00030",6,"Non-calcifier_T",0.18,6.18,6.18427835520823
"ambiguous_dropped","full_factorial_only","Overall",-0.60077386042893,"TpH","T + pH","Non-calcifier","ZOO_STUDY_0021","ZOO_ES_000049","ZOO_COMMON_00030",6,"Non-calcifier_T + pH",0.3,6.3,6.28243889885489
"ambiguous_dropped","full_factorial_only","Overall",-0.0172790476083523,"TpH","T + pH","Non-calcifier","ZOO_STUDY_0021","ZOO_ES_000051","ZOO_COMMON_00029",6,"Non-calcifier_T + pH",0.3,6.3,6.28395297798561
"ambiguous_dropped","full_factorial_only","Overall",-0.350271506903526,"pH","pH","Non-calcifier","ZOO_STUDY_0021","ZOO_ES_000052","ZOO_COMMON_00029",6,"Non-calcifier_pH",0.06,6.06,6.05196107524913
"ambiguous_dropped","full_factorial_only","Overall",-0.000405186391280897,"pH","pH","Non-calcifier","ZOO_STUDY_0025","ZOO_ES_000062","ZOO_COMMON_00036",6,"Non-calcifier_pH",0.06,6.06,6.04419509694213
"ambiguous_dropped","full_factorial_only","Overall",-0.0177791543273339,"T","T","Non-calcifier","ZOO_STUDY_0025","ZOO_ES_000063","ZOO_COMMON_00036",6,"Non-calcifier_T",0.18,6.18,6.17527707610978
"ambiguous_dropped","full_factorial_only","Overall",-0.0365101910333971,"TpH","T + pH","Non-calcifier","ZOO_STUDY_0025","ZOO_ES_000064","ZOO_COMMON_00036",6,"Non-calcifier_T + pH",0.3,6.3,6.30567798091797
"ambiguous_dropped","full_factorial_only","Overall",0.523046136546694,"pH","pH","Non-calcifier","ZOO_STUDY_0029","ZOO_ES_000077","ZOO_COMMON_00043",6,"Non-calcifier_pH",0.06,6.06,6.06928356671939
"ambiguous_dropped","full_factorial_only","Overall",1.08446542712048,"T","T","Non-calcifier","ZOO_STUDY_0029","ZOO_ES_000078","ZOO_COMMON_00043",6,"Non-calcifier_T",0.18,6.18,6.19617628000677
"ambiguous_dropped","full_factorial_only","Overall",1.37570302169159,"TpH","T + pH","Non-calcifier","ZOO_STUDY_0029","ZOO_ES_000079","ZOO_COMMON_00043",6,"Non-calcifier_T + pH",0.3,6.3,6.2936991056893
"ambiguous_dropped","full_factorial_only","Overall",-0.0385350475722255,"pH","pH","Non-calcifier","ZOO_STUDY_0029","ZOO_ES_000081","ZOO_COMMON_00043",6,"Non-calcifier_pH",0.06,6.06,6.08264205022948
"ambiguous_dropped","full_factorial_only","Overall",-0.24247227086771,"T","T","Non-calcifier","ZOO_STUDY_0029","ZOO_ES_000083","ZOO_COMMON_00043",6,"Non-calcifier_T",0.18,6.18,6.15594160794979
"ambiguous_dropped","full_factorial_only","Overall",-0.112647909848959,"T","T","Non-calcifier","ZOO_STUDY_0029","ZOO_ES_000084","ZOO_COMMON_00043",6,"Non-calcifier_T",0.18,6.18,6.18561874861596
"ambiguous_dropped","full_factorial_only","Overall",-0.393414040323175,"TpH","T + pH","Non-calcifier","ZOO_STUDY_0029","ZOO_ES_000087","ZOO_COMMON_00043",6,"Non-calcifier_T + pH",0.3,6.3,6.29817868819227
"ambiguous_dropped","full_factorial_only","Overall",0,"TpH","T + pH","Non-calcifier","ZOO_STUDY_0029","ZOO_ES_000090","ZOO_COMMON_00043",6,"Non-calcifier_T + pH",0.3,6.3,6.29273648102535
"ambiguous_dropped","full_factorial_only","Overall",-0.0796629560265469,"pH","pH","Non-calcifier","ZOO_STUDY_0029","ZOO_ES_000091","ZOO_COMMON_00043",6,"Non-calcifier_pH",0.06,6.06,6.07912115144078
"ambiguous_dropped","full_factorial_only","Overall",-0.179678549780601,"pH","pH","Non-calcifier","ZOO_STUDY_0030","ZOO_ES_000092","ZOO_COMMON_00044",6,"Non-calcifier_pH",0.06,6.06,6.03879014292266
"ambiguous_dropped","full_factorial_only","Overall",-0.111242742579346,"pH","pH","Non-calcifier","ZOO_STUDY_0030","ZOO_ES_000093","ZOO_COMMON_00044",6,"Non-calcifier_pH",0.06,6.06,6.07916455958271
"ambiguous_dropped","full_factorial_only","Overall",-0.0705848949494358,"pH","pH","Non-calcifier","ZOO_STUDY_0030","ZOO_ES_000094","ZOO_COMMON_00045",6,"Non-calcifier_pH",0.06,6.06,6.04441109178821
"ambiguous_dropped","full_factorial_only","Overall",-0.0464402816274991,"pH","pH","Non-calcifier","ZOO_STUDY_0030","ZOO_ES_000095","ZOO_COMMON_00045",6,"Non-calcifier_pH",0.06,6.06,6.04575333734043
"ambiguous_dropped","full_factorial_only","Overall",-0.118583122981313,"T","T","Non-calcifier","ZOO_STUDY_0030","ZOO_ES_000096","ZOO_COMMON_00044",6,"Non-calcifier_T",0.18,6.18,6.19847661457723
"ambiguous_dropped","full_factorial_only","Overall",-0.0266721771505249,"T","T","Non-calcifier","ZOO_STUDY_0030","ZOO_ES_000097","ZOO_COMMON_00044",6,"Non-calcifier_T",0.18,6.18,6.15804190281313
"ambiguous_dropped","full_factorial_only","Overall",0.0660862176797545,"T","T","Non-calcifier","ZOO_STUDY_0030","ZOO_ES_000098","ZOO_COMMON_00045",6,"Non-calcifier_T",0.18,6.18,6.16674498003675
"ambiguous_dropped","full_factorial_only","Overall",-0.287633602878546,"TpH","T + pH","Non-calcifier","ZOO_STUDY_0030","ZOO_ES_000099","ZOO_COMMON_00044",6,"Non-calcifier_T + pH",0.3,6.3,6.3246507756412
"ambiguous_dropped","full_factorial_only","Overall",-0.203453553568864,"TpH","T + pH","Non-calcifier","ZOO_STUDY_0030","ZOO_ES_000100","ZOO_COMMON_00044",6,"Non-calcifier_T + pH",0.3,6.3,6.30890988638857
"ambiguous_dropped","full_factorial_only","Overall",-0.103794521617917,"TpH","T + pH","Non-calcifier","ZOO_STUDY_0030","ZOO_ES_000101","ZOO_COMMON_00044",6,"Non-calcifier_T + pH",0.3,6.3,6.29677434002515
"ambiguous_dropped","full_factorial_only","Overall",-0.0953269247536299,"TpH","T + pH","Non-calcifier","ZOO_STUDY_0030","ZOO_ES_000102","ZOO_COMMON_00045",6,"Non-calcifier_T + pH",0.3,6.3,6.29386549709598
"ambiguous_dropped","full_factorial_only","Overall",0.022517507679442,"TpH","T + pH","Non-calcifier","ZOO_STUDY_0030","ZOO_ES_000103","ZOO_COMMON_00045",6,"Non-calcifier_T + pH",0.3,6.3,6.29805920121726
"ambiguous_dropped","full_factorial_only","Overall",0.48048895521463,"T","T","Non-calcifier","ZOO_STUDY_0040","ZOO_ES_000104","ZOO_COMMON_00058",6,"Non-calcifier_T",0.18,6.18,6.19509259358281
"ambiguous_dropped","full_factorial_only","Overall",0.347491632052266,"TpH","T + pH","Non-calcifier","ZOO_STUDY_0040","ZOO_ES_000105","ZOO_COMMON_00058",6,"Non-calcifier_T + pH",0.3,6.3,6.30814834876219
"ambiguous_dropped","full_factorial_only","Overall",0.315679804154428,"T","T","Non-calcifier","ZOO_STUDY_0040","ZOO_ES_000106","ZOO_COMMON_00058",6,"Non-calcifier_T",0.18,6.18,6.17830018320354
"ambiguous_dropped","full_factorial_only","Overall",0.213564373299646,"T","T","Non-calcifier","ZOO_STUDY_0040","ZOO_ES_000107","ZOO_COMMON_00058",6,"Non-calcifier_T",0.18,6.18,6.15766297182534
"ambiguous_dropped","full_factorial_only","Overall",0.204600229109479,"TpH","T + pH","Non-calcifier","ZOO_STUDY_0040","ZOO_ES_000108","ZOO_COMMON_00058",6,"Non-calcifier_T + pH",0.3,6.3,6.28685989591759
"ambiguous_dropped","full_factorial_only","Overall",0.0652609658943938,"TpH","T + pH","Non-calcifier","ZOO_STUDY_0040","ZOO_ES_000109","ZOO_COMMON_00058",6,"Non-calcifier_T + pH",0.3,6.3,6.28666198687861
"ambiguous_dropped","full_factorial_only","Overall",-0.129976184444304,"pH","pH","Non-calcifier","ZOO_STUDY_0040","ZOO_ES_000110","ZOO_COMMON_00058",6,"Non-calcifier_pH",0.06,6.06,6.04653268003836
"ambiguous_dropped","full_factorial_only","Overall",-0.304083112534752,"pH","pH","Non-calcifier","ZOO_STUDY_0040","ZOO_ES_000111","ZOO_COMMON_00058",6,"Non-calcifier_pH",0.06,6.06,6.03808631369844
"ambiguous_dropped","full_factorial_only","Overall",-0.994280949599328,"pH","pH","Non-calcifier","ZOO_STUDY_0040","ZOO_ES_000112","ZOO_COMMON_00058",6,"Non-calcifier_pH",0.06,6.06,6.05985593046294
"ambiguous_dropped","full_factorial_only","Overall",-0.115990288749138,"pH","pH","Non-calcifier","ZOO_STUDY_0074","ZOO_ES_000272","ZOO_COMMON_00120",6,"Non-calcifier_pH",0.06,6.06,6.04720625443384
"ambiguous_dropped","full_factorial_only","Overall",-0.131137945840767,"T","T","Non-calcifier","ZOO_STUDY_0074","ZOO_ES_000273","ZOO_COMMON_00120",6,"Non-calcifier_T",0.18,6.18,6.19290927694645
"ambiguous_dropped","full_factorial_only","Overall",-0.00016130333126349,"TpH","T + pH","Non-calcifier","ZOO_STUDY_0074","ZOO_ES_000274","ZOO_COMMON_00120",6,"Non-calcifier_T + pH",0.3,6.3,6.30236513387645
"ambiguous_dropped","full_factorial_only","Overall",0.107355102442473,"pH","pH","Non-calcifier","ZOO_STUDY_0084","ZOO_ES_000275","ZOO_COMMON_00138",6,"Non-calcifier_pH",0.06,6.06,6.08240334481467
"ambiguous_dropped","full_factorial_only","Overall",-0.0367618625770386,"pH","pH","Non-calcifier","ZOO_STUDY_0084","ZOO_ES_000277","ZOO_COMMON_00135",6,"Non-calcifier_pH",0.06,6.06,6.03930860961787
"ambiguous_dropped","full_factorial_only","Overall",0.0270390288959121,"pH","pH","Non-calcifier","ZOO_STUDY_0084","ZOO_ES_000278","ZOO_COMMON_00139",6,"Non-calcifier_pH",0.06,6.06,6.08239412924973
"ambiguous_dropped","full_factorial_only","Overall",-0.660994614080393,"T","T","Non-calcifier","ZOO_STUDY_0084","ZOO_ES_000279","ZOO_COMMON_00137",6,"Non-calcifier_T",0.18,6.18,6.19111994340317
"ambiguous_dropped","full_factorial_only","Overall",0.285254713510237,"T","T","Non-calcifier","ZOO_STUDY_0084","ZOO_ES_000280","ZOO_COMMON_00138",6,"Non-calcifier_T",0.18,6.18,6.20110023023561
"ambiguous_dropped","full_factorial_only","Overall",0.0267375347472526,"T","T","Non-calcifier","ZOO_STUDY_0084","ZOO_ES_000283","ZOO_COMMON_00135",6,"Non-calcifier_T",0.18,6.18,6.1856920471834
"ambiguous_dropped","full_factorial_only","Overall",0.0403425187379146,"T","T","Non-calcifier","ZOO_STUDY_0084","ZOO_ES_000284","ZOO_COMMON_00139",6,"Non-calcifier_T",0.18,6.18,6.16304832506692
"ambiguous_dropped","full_factorial_only","Overall",-0.177736036113009,"TpH","T + pH","Non-calcifier","ZOO_STUDY_0084","ZOO_ES_000285","ZOO_COMMON_00137",6,"Non-calcifier_T + pH",0.3,6.3,6.28414703460876
"ambiguous_dropped","full_factorial_only","Overall",0.303528470820208,"TpH","T + pH","Non-calcifier","ZOO_STUDY_0084","ZOO_ES_000286","ZOO_COMMON_00138",6,"Non-calcifier_T + pH",0.3,6.3,6.31150917810155
"ambiguous_dropped","full_factorial_only","Overall",-0.0461387180170395,"TpH","T + pH","Non-calcifier","ZOO_STUDY_0084","ZOO_ES_000289","ZOO_COMMON_00135",6,"Non-calcifier_T + pH",0.3,6.3,6.30447628252441
"ambiguous_dropped","full_factorial_only","Overall",0,"TpH","T + pH","Non-calcifier","ZOO_STUDY_0084","ZOO_ES_000290","ZOO_COMMON_00139",6,"Non-calcifier_T + pH",0.3,6.3,6.29062411813065
"ambiguous_dropped","full_factorial_only","Overall",-0.0141025660334681,"pH","pH","Non-calcifier","ZOO_STUDY_0084","ZOO_ES_000291","ZOO_COMMON_00137",6,"Non-calcifier_pH",0.06,6.06,6.07363971994724
"ambiguous_dropped","full_factorial_only","Overall",0.766709747736962,"TpH","T + pH","Non-calcifier","ZOO_STUDY_0105","ZOO_ES_000308","ZOO_COMMON_00184",6,"Non-calcifier_T + pH",0.3,6.3,6.29181491010822
"ambiguous_dropped","full_factorial_only","Overall",0.0735625671770166,"pH","pH","Non-calcifier","ZOO_STUDY_0105","ZOO_ES_000309","ZOO_COMMON_00184",6,"Non-calcifier_pH",0.06,6.06,6.07778383455239
"ambiguous_dropped","full_factorial_only","Overall",0.199976492032675,"T","T","Non-calcifier","ZOO_STUDY_0105","ZOO_ES_000310","ZOO_COMMON_00184",6,"Non-calcifier_T",0.18,6.18,6.18402642467525
"ambiguous_dropped","full_factorial_only","Overall",-1.07751636548176,"T","T","Non-calcifier","ZOO_STUDY_0104","ZOO_ES_000311","ZOO_COMMON_00182",6,"Non-calcifier_T",0.18,6.18,6.17578613257036
"ambiguous_dropped","full_factorial_only","Overall",-0.201812029116291,"pH","pH","Non-calcifier","ZOO_STUDY_0104","ZOO_ES_000312","ZOO_COMMON_00182",6,"Non-calcifier_pH",0.06,6.06,6.08162863926496
"ambiguous_dropped","full_factorial_only","Overall",-0.495664124423891,"T","T","Non-calcifier","ZOO_STUDY_0104","ZOO_ES_000313","ZOO_COMMON_00182",6,"Non-calcifier_T",0.18,6.18,6.17813494207337
"ambiguous_dropped","full_factorial_only","Overall",-0.617934431698444,"TpH","T + pH","Non-calcifier","ZOO_STUDY_0104","ZOO_ES_000314","ZOO_COMMON_00182",6,"Non-calcifier_T + pH",0.3,6.3,6.27996731649619
"ambiguous_dropped","full_factorial_only","Overall",-1.63595471303625,"TpH","T + pH","Non-calcifier","ZOO_STUDY_0104","ZOO_ES_000315","ZOO_COMMON_00182",6,"Non-calcifier_T + pH",0.3,6.3,6.2982724681613
"ambiguous_dropped","full_factorial_only","Overall",0.0031685704583431,"T","T","Non-calcifier","ZOO_STUDY_0104","ZOO_ES_000326","ZOO_COMMON_00183",6,"Non-calcifier_T",0.18,6.18,6.20420419288101
"ambiguous_dropped","full_factorial_only","Overall",-0.452574679552519,"pH","pH","Non-calcifier","ZOO_STUDY_0104","ZOO_ES_000327","ZOO_COMMON_00183",6,"Non-calcifier_pH",0.06,6.06,6.08126364329597
"ambiguous_dropped","full_factorial_only","Overall",-0.397247615595923,"TpH","T + pH","Non-calcifier","ZOO_STUDY_0104","ZOO_ES_000328","ZOO_COMMON_00183",6,"Non-calcifier_T + pH",0.3,6.3,6.29676993817557
"ambiguous_dropped","full_factorial_only","Overall",-0.572793313602623,"T","T","Non-calcifier","ZOO_STUDY_0104","ZOO_ES_000329","ZOO_COMMON_00183",6,"Non-calcifier_T",0.18,6.18,6.19848603578983
"ambiguous_dropped","full_factorial_only","Overall",-0.924576311460928,"TpH","T + pH","Non-calcifier","ZOO_STUDY_0104","ZOO_ES_000330","ZOO_COMMON_00183",6,"Non-calcifier_T + pH",0.3,6.3,6.29001770858886
"ambiguous_dropped","full_factorial_only","Overall",0.561220851131449,"pH","pH","Non-calcifier","ZOO_STUDY_0115","ZOO_ES_000331","ZOO_COMMON_00199",6,"Non-calcifier_pH",0.06,6.06,6.07489863155875
"ambiguous_dropped","full_factorial_only","Overall",0.843280161865082,"T","T","Non-calcifier","ZOO_STUDY_0115","ZOO_ES_000332","ZOO_COMMON_00199",6,"Non-calcifier_T",0.18,6.18,6.1950255355984
"ambiguous_dropped","full_factorial_only","Overall",0.880400285992569,"TpH","T + pH","Non-calcifier","ZOO_STUDY_0115","ZOO_ES_000333","ZOO_COMMON_00199",6,"Non-calcifier_T + pH",0.3,6.3,6.29434628480813
"ambiguous_dropped","full_factorial_only","Overall",-0.2427781264749,"pH","pH","Non-calcifier","ZOO_STUDY_0115","ZOO_ES_000334","ZOO_COMMON_00199",6,"Non-calcifier_pH",0.06,6.06,6.05407948475564
"ambiguous_dropped","full_factorial_only","Overall",-0.317305311096751,"T","T","Non-calcifier","ZOO_STUDY_0115","ZOO_ES_000336","ZOO_COMMON_00199",6,"Non-calcifier_T",0.18,6.18,6.18727578070946
"ambiguous_dropped","full_factorial_only","Overall",-0.387387245041568,"T","T","Non-calcifier","ZOO_STUDY_0115","ZOO_ES_000338","ZOO_COMMON_00199",6,"Non-calcifier_T",0.18,6.18,6.19808337271214
"ambiguous_dropped","full_factorial_only","Overall",-0.316450219565955,"TpH","T + pH","Non-calcifier","ZOO_STUDY_0115","ZOO_ES_000339","ZOO_COMMON_00199",6,"Non-calcifier_T + pH",0.3,6.3,6.30783163354499
"ambiguous_dropped","full_factorial_only","Overall",-0.0223077028251391,"TpH","T + pH","Non-calcifier","ZOO_STUDY_0115","ZOO_ES_000341","ZOO_COMMON_00199",6,"Non-calcifier_T + pH",0.3,6.3,6.30081630367786
"ambiguous_dropped","full_factorial_only","Overall",-0.210657607516683,"pH","pH","Non-calcifier","ZOO_STUDY_0115","ZOO_ES_000342","ZOO_COMMON_00199",6,"Non-calcifier_pH",0.06,6.06,6.04243907917058
"ambiguous_dropped","full_factorial_only","Overall",-1.58534036085504,"pH","pH","Non-calcifier","ZOO_STUDY_0142","ZOO_ES_000359","ZOO_COMMON_00245",6,"Non-calcifier_pH",0.06,6.06,6.06563829514431
"ambiguous_dropped","full_factorial_only","Overall",-0.221516211654834,"pH","pH","Non-calcifier","ZOO_STUDY_0142","ZOO_ES_000361","ZOO_COMMON_00244",6,"Non-calcifier_pH",0.06,6.06,6.03709834094858
"ambiguous_dropped","full_factorial_only","Overall",-1.18442071511855,"T","T","Non-calcifier","ZOO_STUDY_0142","ZOO_ES_000363","ZOO_COMMON_00245",6,"Non-calcifier_T",0.18,6.18,6.17991794963134
"ambiguous_dropped","full_factorial_only","Overall",0.0842932453895033,"T","T","Non-calcifier","ZOO_STUDY_0142","ZOO_ES_000365","ZOO_COMMON_00244",6,"Non-calcifier_T",0.18,6.18,6.19197541108122
"ambiguous_dropped","full_factorial_only","Overall",-0.834373609406268,"TpH","T + pH","Non-calcifier","ZOO_STUDY_0142","ZOO_ES_000367","ZOO_COMMON_00245",6,"Non-calcifier_T + pH",0.3,6.3,6.31269498897018
"ambiguous_dropped","full_factorial_only","Overall",-0.522841060510402,"TpH","T + pH","Non-calcifier","ZOO_STUDY_0142","ZOO_ES_000368","ZOO_COMMON_00244",6,"Non-calcifier_T + pH",0.3,6.3,6.27815468705958
"ambiguous_dropped","full_factorial_only","Overall",-0.0071813594086647,"T","T","Non-calcifier","ZOO_STUDY_0149","ZOO_ES_000380","ZOO_COMMON_00255",6,"Non-calcifier_T",0.18,6.18,6.17712409666972
"ambiguous_dropped","full_factorial_only","Overall",0.271678124427937,"TpH","T + pH","Non-calcifier","ZOO_STUDY_0149","ZOO_ES_000381","ZOO_COMMON_00255",6,"Non-calcifier_T + pH",0.3,6.3,6.30003358495887
"ambiguous_dropped","full_factorial_only","Overall",0.101955799529497,"pH","pH","Non-calcifier","ZOO_STUDY_0149","ZOO_ES_000382","ZOO_COMMON_00255",6,"Non-calcifier_pH",0.06,6.06,6.04851215501782
"ambiguous_dropped","full_factorial_only","Overall",0.298188917673683,"TpH","T + pH","Non-calcifier","ZOO_STUDY_0151","ZOO_ES_000383","ZOO_COMMON_00258",6,"Non-calcifier_T + pH",0.3,6.3,6.30494010745315
"ambiguous_dropped","full_factorial_only","Overall",0.175327887790356,"T","T","Non-calcifier","ZOO_STUDY_0151","ZOO_ES_000384","ZOO_COMMON_00258",6,"Non-calcifier_T",0.18,6.18,6.19179188131355
"ambiguous_dropped","full_factorial_only","Overall",0.0656144776752874,"pH","pH","Non-calcifier","ZOO_STUDY_0151","ZOO_ES_000385","ZOO_COMMON_00258",6,"Non-calcifier_pH",0.06,6.06,6.07067889059195
"ambiguous_dropped","full_factorial_only","Overall",-0.313416297054661,"pH","pH","Non-calcifier","ZOO_STUDY_0234","ZOO_ES_000464","ZOO_COMMON_00401",6,"Non-calcifier_pH",0.06,6.06,6.04082464684267
"ambiguous_dropped","full_factorial_only","Overall",-0.37562402377084,"T","T","Non-calcifier","ZOO_STUDY_0234","ZOO_ES_000465","ZOO_COMMON_00401",6,"Non-calcifier_T",0.18,6.18,6.1837560309167
"ambiguous_dropped","full_factorial_only","Overall",-0.28345913467596,"T","T","Non-calcifier","ZOO_STUDY_0234","ZOO_ES_000466","ZOO_COMMON_00401",6,"Non-calcifier_T",0.18,6.18,6.19490659936098
"ambiguous_dropped","full_factorial_only","Overall",-0.252881212776899,"T","T","Non-calcifier","ZOO_STUDY_0234","ZOO_ES_000467","ZOO_COMMON_00401",6,"Non-calcifier_T",0.18,6.18,6.16659118983196
"ambiguous_dropped","full_factorial_only","Overall",-0.0345275497120287,"pH","pH","Non-calcifier","ZOO_STUDY_0234","ZOO_ES_000468","ZOO_COMMON_00401",6,"Non-calcifier_pH",0.06,6.06,6.07124279127689
"ambiguous_dropped","full_factorial_only","Overall",-0.0335727944281302,"T","T","Non-calcifier","ZOO_STUDY_0234","ZOO_ES_000469","ZOO_COMMON_00401",6,"Non-calcifier_T",0.18,6.18,6.19690115989186
"ambiguous_dropped","full_factorial_only","Overall",-0.386602846056424,"TpH","T + pH","Non-calcifier","ZOO_STUDY_0234","ZOO_ES_000470","ZOO_COMMON_00401",6,"Non-calcifier_T + pH",0.3,6.3,6.28094192853896
"ambiguous_dropped","full_factorial_only","Overall",-0.134413010940919,"TpH","T + pH","Non-calcifier","ZOO_STUDY_0234","ZOO_ES_000471","ZOO_COMMON_00401",6,"Non-calcifier_T + pH",0.3,6.3,6.32294751983136
"ambiguous_dropped","full_factorial_only","Overall",-0.113286684088962,"TpH","T + pH","Non-calcifier","ZOO_STUDY_0234","ZOO_ES_000472","ZOO_COMMON_00401",6,"Non-calcifier_T + pH",0.3,6.3,6.31238822921878
"ambiguous_dropped","full_factorial_only","Overall",-0.0115500923076347,"T","T","Non-calcifier","ZOO_STUDY_0234","ZOO_ES_000473","ZOO_COMMON_00401",6,"Non-calcifier_T",0.18,6.18,6.19554447393864
"ambiguous_dropped","full_factorial_only","Overall",0.00999804288366409,"T","T","Non-calcifier","ZOO_STUDY_0234","ZOO_ES_000474","ZOO_COMMON_00401",6,"Non-calcifier_T",0.18,6.18,6.16449588617077
"ambiguous_dropped","full_factorial_only","Overall",-0.0268095857256288,"TpH","T + pH","Non-calcifier","ZOO_STUDY_0234","ZOO_ES_000475","ZOO_COMMON_00401",6,"Non-calcifier_T + pH",0.3,6.3,6.27629843887407
"ambiguous_dropped","full_factorial_only","Overall",-0.016854041094531,"TpH","T + pH","Non-calcifier","ZOO_STUDY_0234","ZOO_ES_000476","ZOO_COMMON_00401",6,"Non-calcifier_T + pH",0.3,6.3,6.3181891146116
"ambiguous_dropped","full_factorial_only","Overall",-0.00761633982292641,"TpH","T + pH","Non-calcifier","ZOO_STUDY_0234","ZOO_ES_000477","ZOO_COMMON_00401",6,"Non-calcifier_T + pH",0.3,6.3,6.3209589932696
"ambiguous_dropped","full_factorial_only","Overall",0.30697527538646,"T","T","Non-calcifier","ZOO_STUDY_0270","ZOO_ES_000518","ZOO_COMMON_00451",6,"Non-calcifier_T",0.18,6.18,6.16188139939448
"ambiguous_dropped","full_factorial_only","Overall",0.277894066085618,"TpH","T + pH","Non-calcifier","ZOO_STUDY_0270","ZOO_ES_000519","ZOO_COMMON_00451",6,"Non-calcifier_T + pH",0.3,6.3,6.29888243109453
"ambiguous_dropped","full_factorial_only","Overall",0.0710110356431887,"pH","pH","Non-calcifier","ZOO_STUDY_0270","ZOO_ES_000523","ZOO_COMMON_00451",6,"Non-calcifier_pH",0.06,6.06,6.05814807501389
"ambiguous_dropped","full_factorial_only","Overall",-0.168640325903251,"pH","pH","Non-calcifier","ZOO_STUDY_0270","ZOO_ES_000525","ZOO_COMMON_00450",6,"Non-calcifier_pH",0.06,6.06,6.07000893055461
"ambiguous_dropped","full_factorial_only","Overall",-0.270501692595796,"TpH","T + pH","Non-calcifier","ZOO_STUDY_0270","ZOO_ES_000526","ZOO_COMMON_00450",6,"Non-calcifier_T + pH",0.3,6.3,6.27827874505892
"ambiguous_dropped","full_factorial_only","Overall",-0.282784666306329,"T","T","Non-calcifier","ZOO_STUDY_0270","ZOO_ES_000527","ZOO_COMMON_00450",6,"Non-calcifier_T",0.18,6.18,6.19165199966636
"ambiguous_dropped","full_factorial_only","Overall",-0.420280094939554,"TpH","T + pH","Non-calcifier","ZOO_STUDY_0279","ZOO_ES_000537","ZOO_COMMON_00469",6,"Non-calcifier_T + pH",0.3,6.3,6.29479657951742
"ambiguous_dropped","full_factorial_only","Overall",-0.394495985124408,"T","T","Non-calcifier","ZOO_STUDY_0279","ZOO_ES_000538","ZOO_COMMON_00469",6,"Non-calcifier_T",0.18,6.18,6.17807439224096
"ambiguous_dropped","full_factorial_only","Overall",-0.159065106140909,"pH","pH","Non-calcifier","ZOO_STUDY_0279","ZOO_ES_000539","ZOO_COMMON_00469",6,"Non-calcifier_pH",0.06,6.06,6.07126496816287
"ambiguous_dropped","full_factorial_only","Overall",-0.0198020438650044,"T","T","Non-calcifier","ZOO_STUDY_0279","ZOO_ES_000540","ZOO_COMMON_00469",6,"Non-calcifier_T",0.18,6.18,6.17850013235118
"ambiguous_dropped","full_factorial_only","Overall",-0.00985267717010955,"TpH","T + pH","Non-calcifier","ZOO_STUDY_0279","ZOO_ES_000541","ZOO_COMMON_00469",6,"Non-calcifier_T + pH",0.3,6.3,6.32497619887581
"ambiguous_dropped","full_factorial_only","Overall",0.481303184499669,"T","T","Non-calcifier","ZOO_STUDY_0279","ZOO_ES_000542","ZOO_COMMON_00469",6,"Non-calcifier_T",0.18,6.18,6.19729678958654
"ambiguous_dropped","full_factorial_only","Overall",0.28312625591592,"T","T","Non-calcifier","ZOO_STUDY_0279","ZOO_ES_000543","ZOO_COMMON_00469",6,"Non-calcifier_T",0.18,6.18,6.19641036518849
"ambiguous_dropped","full_factorial_only","Overall",1.10466061517824,"TpH","T + pH","Non-calcifier","ZOO_STUDY_0279","ZOO_ES_000544","ZOO_COMMON_00469",6,"Non-calcifier_T + pH",0.3,6.3,6.31308221721556
"ambiguous_dropped","full_factorial_only","Overall",-0.0137003557064295,"T","T","Non-calcifier","ZOO_STUDY_0279","ZOO_ES_000545","ZOO_COMMON_00470",6,"Non-calcifier_T",0.18,6.18,6.16060532459058
"ambiguous_dropped","full_factorial_only","Overall",-0.0137003557064295,"T","T","Non-calcifier","ZOO_STUDY_0279","ZOO_ES_000546","ZOO_COMMON_00470",6,"Non-calcifier_T",0.18,6.18,6.19694885096513
"ambiguous_dropped","full_factorial_only","Overall",-0.0137003557064295,"TpH","T + pH","Non-calcifier","ZOO_STUDY_0279","ZOO_ES_000547","ZOO_COMMON_00470",6,"Non-calcifier_T + pH",0.3,6.3,6.31569252620684
"ambiguous_dropped","full_factorial_only","Overall",-0.0137003557064295,"TpH","T + pH","Non-calcifier","ZOO_STUDY_0279","ZOO_ES_000548","ZOO_COMMON_00470",6,"Non-calcifier_T + pH",0.3,6.3,6.32457060971065
"ambiguous_dropped","full_factorial_only","Overall",-0.0137003557064295,"pH","pH","Non-calcifier","ZOO_STUDY_0279","ZOO_ES_000549","ZOO_COMMON_00470",6,"Non-calcifier_pH",0.06,6.06,6.03741572624072
"ambiguous_dropped","full_factorial_only","Overall",0.864047689041204,"TpH","T + pH","Non-calcifier","ZOO_STUDY_0279","ZOO_ES_000550","ZOO_COMMON_00469",6,"Non-calcifier_T + pH",0.3,6.3,6.31233939562226
"ambiguous_dropped","full_factorial_only","Overall",0.293677581405703,"TpH","T + pH","Non-calcifier","ZOO_STUDY_0279","ZOO_ES_000556","ZOO_COMMON_00468",6,"Non-calcifier_T + pH",0.3,6.3,6.2959656760795
"ambiguous_dropped","full_factorial_only","Overall",0.34046851963847,"TpH","T + pH","Non-calcifier","ZOO_STUDY_0279","ZOO_ES_000557","ZOO_COMMON_00468",6,"Non-calcifier_T + pH",0.3,6.3,6.30410719485953
"ambiguous_dropped","full_factorial_only","Overall",-0.194441624358139,"pH","pH","Non-calcifier","ZOO_STUDY_0279","ZOO_ES_000558","ZOO_COMMON_00468",6,"Non-calcifier_pH",0.06,6.06,6.07653670311207
"ambiguous_dropped","full_factorial_only","Overall",0.272508895585019,"T","T","Non-calcifier","ZOO_STUDY_0279","ZOO_ES_000559","ZOO_COMMON_00468",6,"Non-calcifier_T",0.18,6.18,6.15567653136794
"ambiguous_dropped","full_factorial_only","Overall",0.387898840309809,"T","T","Non-calcifier","ZOO_STUDY_0279","ZOO_ES_000560","ZOO_COMMON_00468",6,"Non-calcifier_T",0.18,6.18,6.15557608815841
"ambiguous_dropped","full_factorial_only","Overall",0.775983186139094,"pH","pH","Non-calcifier","ZOO_STUDY_0279","ZOO_ES_000561","ZOO_COMMON_00469",6,"Non-calcifier_pH",0.06,6.06,6.08482228536392
"ambiguous_dropped","full_factorial_only","Overall",-0.208106137390281,"pH","pH","Non-calcifier","ZOO_STUDY_0325","ZOO_ES_000562","ZOO_COMMON_00557",6,"Non-calcifier_pH",0.06,6.06,6.07328448335407
"ambiguous_dropped","full_factorial_only","Overall",-0.48097322746155,"pH","pH","Non-calcifier","ZOO_STUDY_0325","ZOO_ES_000563","ZOO_COMMON_00557",6,"Non-calcifier_pH",0.06,6.06,6.05073313053232
"ambiguous_dropped","full_factorial_only","Overall",-1.773744252332,"TpH","T + pH","Non-calcifier","ZOO_STUDY_0325","ZOO_ES_000564","ZOO_COMMON_00557",6,"Non-calcifier_T + pH",0.3,6.3,6.31560058721807
"ambiguous_dropped","full_factorial_only","Overall",-1.81010955963659,"T","T","Non-calcifier","ZOO_STUDY_0325","ZOO_ES_000565","ZOO_COMMON_00557",6,"Non-calcifier_T",0.18,6.18,6.20456096087117
"ambiguous_dropped","full_factorial_only","Overall",-0.0372081914897269,"pH","pH","Non-calcifier","ZOO_STUDY_0325","ZOO_ES_000566","ZOO_COMMON_00557",6,"Non-calcifier_pH",0.06,6.06,6.04503797964659
"ambiguous_dropped","full_factorial_only","Overall",-0.0277517809752551,"T","T","Non-calcifier","ZOO_STUDY_0325","ZOO_ES_000567","ZOO_COMMON_00557",6,"Non-calcifier_T",0.18,6.18,6.18730186101282
"ambiguous_dropped","full_factorial_only","Overall",0.0136227291524143,"pH","pH","Non-calcifier","ZOO_STUDY_0325","ZOO_ES_000568","ZOO_COMMON_00557",6,"Non-calcifier_pH",0.06,6.06,6.05687753644539
"ambiguous_dropped","full_factorial_only","Overall",-0.0684998356086047,"TpH","T + pH","Non-calcifier","ZOO_STUDY_0325","ZOO_ES_000569","ZOO_COMMON_00557",6,"Non-calcifier_T + pH",0.3,6.3,6.32190141307656
"ambiguous_dropped","full_factorial_only","Overall",-0.0467812145393425,"TpH","T + pH","Non-calcifier","ZOO_STUDY_0338","ZOO_ES_000598","ZOO_COMMON_00574",6,"Non-calcifier_T + pH",0.3,6.3,6.32440016526962
"ambiguous_dropped","full_factorial_only","Overall",-0.042957118100939,"T","T","Non-calcifier","ZOO_STUDY_0338","ZOO_ES_000599","ZOO_COMMON_00574",6,"Non-calcifier_T",0.18,6.18,6.17781597804977
"ambiguous_dropped","full_factorial_only","Overall",-0.0110295235754996,"T","T","Non-calcifier","ZOO_STUDY_0338","ZOO_ES_000600","ZOO_COMMON_00574",6,"Non-calcifier_T",0.18,6.18,6.16653074715985
"ambiguous_dropped","full_factorial_only","Overall",-0.00918280098233498,"pH","pH","Non-calcifier","ZOO_STUDY_0338","ZOO_ES_000602","ZOO_COMMON_00574",6,"Non-calcifier_pH",0.06,6.06,6.06977446342586
"ambiguous_dropped","full_factorial_only","Overall",-0.0651534894860833,"pH","pH","Non-calcifier","ZOO_STUDY_0365","ZOO_ES_000615","ZOO_COMMON_00618",6,"Non-calcifier_pH",0.06,6.06,6.06283161723055
"ambiguous_dropped","full_factorial_only","Overall",-0.227208597562379,"T","T","Non-calcifier","ZOO_STUDY_0365","ZOO_ES_000617","ZOO_COMMON_00618",6,"Non-calcifier_T",0.18,6.18,6.18423550447449
"ambiguous_dropped","full_factorial_only","Overall",-1.00333564284209,"T","T","Non-calcifier","ZOO_STUDY_0365","ZOO_ES_000618","ZOO_COMMON_00618",6,"Non-calcifier_T",0.18,6.18,6.17668156234547
"ambiguous_dropped","full_factorial_only","Overall",-0.393568607283863,"TpH","T + pH","Non-calcifier","ZOO_STUDY_0365","ZOO_ES_000619","ZOO_COMMON_00618",6,"Non-calcifier_T + pH",0.3,6.3,6.29630875263829
"ambiguous_dropped","full_factorial_only","Overall",-0.462580126704225,"TpH","T + pH","Non-calcifier","ZOO_STUDY_0365","ZOO_ES_000621","ZOO_COMMON_00618",6,"Non-calcifier_T + pH",0.3,6.3,6.3048427197733
"ambiguous_dropped","full_factorial_only","Overall",-0.167902683603533,"pH","pH","Non-calcifier","ZOO_STUDY_0365","ZOO_ES_000622","ZOO_COMMON_00618",6,"Non-calcifier_pH",0.06,6.06,6.05760427924339
"ambiguous_dropped","full_factorial_only","Overall",-0.119408605314249,"T","T","Non-calcifier","ZOO_STUDY_0389","ZOO_ES_000709","ZOO_COMMON_00657",6,"Non-calcifier_T",0.18,6.18,6.20283043293282
"ambiguous_dropped","full_factorial_only","Overall",-0.0397404692250897,"pH","pH","Non-calcifier","ZOO_STUDY_0389","ZOO_ES_000710","ZOO_COMMON_00657",6,"Non-calcifier_pH",0.06,6.06,6.0772215175
"ambiguous_dropped","full_factorial_only","Overall",-0.216671875727643,"TpH","T + pH","Non-calcifier","ZOO_STUDY_0389","ZOO_ES_000711","ZOO_COMMON_00657",6,"Non-calcifier_T + pH",0.3,6.3,6.286138430133
"ambiguous_dropped","full_factorial_only","Overall",-0.150394527345287,"pH","pH","Non-calcifier","ZOO_STUDY_0389","ZOO_ES_000712","ZOO_COMMON_00656",6,"Non-calcifier_pH",0.06,6.06,6.05600850885035
"ambiguous_dropped","full_factorial_only","Overall",-0.162400384653018,"T","T","Non-calcifier","ZOO_STUDY_0389","ZOO_ES_000713","ZOO_COMMON_00656",6,"Non-calcifier_T",0.18,6.18,6.17599914677674
"ambiguous_dropped","full_factorial_only","Overall",-0.333193357084173,"TpH","T + pH","Non-calcifier","ZOO_STUDY_0389","ZOO_ES_000714","ZOO_COMMON_00656",6,"Non-calcifier_T + pH",0.3,6.3,6.27603954244405
"ambiguous_dropped","full_factorial_only","Overall",0.0169783365344178,"T","T","Non-calcifier","ZOO_STUDY_0389","ZOO_ES_000717","ZOO_COMMON_00657",6,"Non-calcifier_T",0.18,6.18,6.17402239847695
"ambiguous_dropped","full_factorial_only","Overall",-0.0395860766940647,"pH","pH","Non-calcifier","ZOO_STUDY_0389","ZOO_ES_000718","ZOO_COMMON_00657",6,"Non-calcifier_pH",0.06,6.06,6.05611742137931
"ambiguous_dropped","full_factorial_only","Overall",-0.00228571528085595,"TpH","T + pH","Non-calcifier","ZOO_STUDY_0389","ZOO_ES_000719","ZOO_COMMON_00657",6,"Non-calcifier_T + pH",0.3,6.3,6.28457130317111
"ambiguous_dropped","full_factorial_only","Overall",0.320045089444388,"T","T","Non-calcifier","ZOO_STUDY_0389","ZOO_ES_000725","ZOO_COMMON_00658",6,"Non-calcifier_T",0.18,6.18,6.19026646408718
"ambiguous_dropped","full_factorial_only","Overall",0.123613955967177,"TpH","T + pH","Non-calcifier","ZOO_STUDY_0389","ZOO_ES_000726","ZOO_COMMON_00658",6,"Non-calcifier_T + pH",0.3,6.3,6.27567602376221
"ambiguous_dropped","full_factorial_only","Overall",0.0350913198112702,"T","T","Non-calcifier","ZOO_STUDY_0389","ZOO_ES_000728","ZOO_COMMON_00657",6,"Non-calcifier_T",0.18,6.18,6.19156015528832
"ambiguous_dropped","full_factorial_only","Overall",0.00969312920565975,"TpH","T + pH","Non-calcifier","ZOO_STUDY_0389","ZOO_ES_000729","ZOO_COMMON_00657",6,"Non-calcifier_T + pH",0.3,6.3,6.29663620489882
"ambiguous_dropped","full_factorial_only","Overall",-0.0419951210366033,"pH","pH","Non-calcifier","ZOO_STUDY_0389","ZOO_ES_000730","ZOO_COMMON_00657",6,"Non-calcifier_pH",0.06,6.06,6.07156200465048
"ambiguous_dropped","full_factorial_only","Overall",-0.258865679362836,"pH","pH","Non-calcifier","ZOO_STUDY_0389","ZOO_ES_000731","ZOO_COMMON_00658",6,"Non-calcifier_pH",0.06,6.06,6.0356970776245
"ambiguous_dropped","full_factorial_only","Overall",0.157748315442853,"T","T","Non-calcifier","ZOO_STUDY_0389","ZOO_ES_000733","ZOO_COMMON_00658",6,"Non-calcifier_T",0.18,6.18,6.15726566542406
"ambiguous_dropped","full_factorial_only","Overall",0.273134903190662,"TpH","T + pH","Non-calcifier","ZOO_STUDY_0389","ZOO_ES_000734","ZOO_COMMON_00658",6,"Non-calcifier_T + pH",0.3,6.3,6.29592071882216
"ambiguous_dropped","full_factorial_only","Overall",0.203920700773314,"pH","pH","Non-calcifier","ZOO_STUDY_0389","ZOO_ES_000735","ZOO_COMMON_00658",6,"Non-calcifier_pH",0.06,6.06,6.06719200010644
"ambiguous_dropped","full_factorial_only","Overall",-0.0123387832979187,"T","T","Non-calcifier","ZOO_STUDY_0392","ZOO_ES_000754","ZOO_COMMON_00665",6,"Non-calcifier_T",0.18,6.18,6.16598968927981
"ambiguous_dropped","full_factorial_only","Overall",-1.12015413244286,"TpH","T + pH","Non-calcifier","ZOO_STUDY_0392","ZOO_ES_000755","ZOO_COMMON_00665",6,"Non-calcifier_T + pH",0.3,6.3,6.31667213264154
"ambiguous_dropped","full_factorial_only","Overall",-0.0455037553848264,"pH","pH","Non-calcifier","ZOO_STUDY_0392","ZOO_ES_000756","ZOO_COMMON_00665",6,"Non-calcifier_pH",0.06,6.06,6.06973836567718
"ambiguous_dropped","full_factorial_only","Overall",0.00611276524184308,"TpH","T + pH","Non-calcifier","ZOO_STUDY_0392","ZOO_ES_000757","ZOO_COMMON_00665",6,"Non-calcifier_T + pH",0.3,6.3,6.31995622426039
"ambiguous_dropped","full_factorial_only","Overall",-1.91266124209709,"T","T","Non-calcifier","ZOO_STUDY_0392","ZOO_ES_000758","ZOO_COMMON_00665",6,"Non-calcifier_T",0.18,6.18,6.17571201426443
"ambiguous_dropped","full_factorial_only","Overall",-0.482177069946832,"TpH","T + pH","Non-calcifier","ZOO_STUDY_0392","ZOO_ES_000759","ZOO_COMMON_00665",6,"Non-calcifier_T + pH",0.3,6.3,6.29555023516295
"ambiguous_dropped","full_factorial_only","Overall",-0.278526879937774,"pH","pH","Non-calcifier","ZOO_STUDY_0392","ZOO_ES_000760","ZOO_COMMON_00665",6,"Non-calcifier_pH",0.06,6.06,6.0475007494702
"ambiguous_dropped","full_factorial_only","Overall",-0.890665594071332,"pH","pH","Non-calcifier","ZOO_STUDY_0392","ZOO_ES_000761","ZOO_COMMON_00665",6,"Non-calcifier_pH",0.06,6.06,6.053688351952
"ambiguous_dropped","full_factorial_only","Overall",1.36219680954083,"TpH","T + pH","Non-calcifier","ZOO_STUDY_0393","ZOO_ES_000762","ZOO_COMMON_00667",6,"Non-calcifier_T + pH",0.3,6.3,6.28659463663353
"ambiguous_dropped","full_factorial_only","Overall",1.16804079509987,"T","T","Non-calcifier","ZOO_STUDY_0393","ZOO_ES_000763","ZOO_COMMON_00667",6,"Non-calcifier_T",0.18,6.18,6.20158015823224
"ambiguous_dropped","full_factorial_only","Overall",0.736767803035836,"pH","pH","Non-calcifier","ZOO_STUDY_0393","ZOO_ES_000764","ZOO_COMMON_00667",6,"Non-calcifier_pH",0.06,6.06,6.05881723775761
"ambiguous_dropped","full_factorial_only","Overall",0.159064694629687,"pH","pH","Non-calcifier","ZOO_STUDY_0396","ZOO_ES_000773","ZOO_COMMON_00671",6,"Non-calcifier_pH",0.06,6.06,6.03738325014943
"ambiguous_dropped","full_factorial_only","Overall",0.0504308536268919,"T","T","Non-calcifier","ZOO_STUDY_0396","ZOO_ES_000778","ZOO_COMMON_00671",6,"Non-calcifier_T",0.18,6.18,6.19367655280046
"ambiguous_dropped","full_factorial_only","Overall",0.0826917158451134,"TpH","T + pH","Non-calcifier","ZOO_STUDY_0396","ZOO_ES_000781","ZOO_COMMON_00671",6,"Non-calcifier_T + pH",0.3,6.3,6.29155586647103
"ambiguous_dropped","full_factorial_only","Overall",-0.184112560923596,"pH","pH","Non-calcifier","ZOO_STUDY_0396","ZOO_ES_000783","ZOO_COMMON_00672",6,"Non-calcifier_pH",0.06,6.06,6.06264382353052
"ambiguous_dropped","full_factorial_only","Overall",-0.165532791479207,"T","T","Non-calcifier","ZOO_STUDY_0396","ZOO_ES_000784","ZOO_COMMON_00672",6,"Non-calcifier_T",0.18,6.18,6.18881652644603
"ambiguous_dropped","full_factorial_only","Overall",-0.0213316690503926,"TpH","T + pH","Non-calcifier","ZOO_STUDY_0396","ZOO_ES_000785","ZOO_COMMON_00672",6,"Non-calcifier_T + pH",0.3,6.3,6.28886671854416
"ambiguous_dropped","full_factorial_only","Overall",0.102278849120418,"pH","pH","Non-calcifier","ZOO_STUDY_0408","ZOO_ES_000802","ZOO_COMMON_00689",6,"Non-calcifier_pH",0.06,6.06,6.03764278391842
"ambiguous_dropped","full_factorial_only","Overall",0.0741079721537218,"T","T","Non-calcifier","ZOO_STUDY_0408","ZOO_ES_000805","ZOO_COMMON_00689",6,"Non-calcifier_T",0.18,6.18,6.1762879291852
"ambiguous_dropped","full_factorial_only","Overall",-0.0155041865359653,"TpH","T + pH","Non-calcifier","ZOO_STUDY_0408","ZOO_ES_000808","ZOO_COMMON_00689",6,"Non-calcifier_T + pH",0.3,6.3,6.30550592410145
"ambiguous_dropped","full_factorial_only","Overall",-0.0882193126272179,"pH","pH","Non-calcifier","ZOO_STUDY_0426","ZOO_ES_000838","ZOO_COMMON_00728",6,"Non-calcifier_pH",0.06,6.06,6.08380230175331
"ambiguous_dropped","full_factorial_only","Overall",0.0114450462458729,"pH","pH","Non-calcifier","ZOO_STUDY_0426","ZOO_ES_000839","ZOO_COMMON_00729",6,"Non-calcifier_pH",0.06,6.06,6.08349000601098
"ambiguous_dropped","full_factorial_only","Overall",0.135528680555029,"pH","pH","Non-calcifier","ZOO_STUDY_0426","ZOO_ES_000840","ZOO_COMMON_00727",6,"Non-calcifier_pH",0.06,6.06,6.03942422786727
"ambiguous_dropped","full_factorial_only","Overall",2.11976651829722,"T","T","Non-calcifier","ZOO_STUDY_0426","ZOO_ES_000841","ZOO_COMMON_00728",6,"Non-calcifier_T",0.18,6.18,6.17991900186287
"ambiguous_dropped","full_factorial_only","Overall",2.16271189597544,"T","T","Non-calcifier","ZOO_STUDY_0426","ZOO_ES_000842","ZOO_COMMON_00727",6,"Non-calcifier_T",0.18,6.18,6.17478446838912
"ambiguous_dropped","full_factorial_only","Overall",-0.703947717567661,"T","T","Non-calcifier","ZOO_STUDY_0426","ZOO_ES_000843","ZOO_COMMON_00727",6,"Non-calcifier_T",0.18,6.18,6.1745165964542
"ambiguous_dropped","full_factorial_only","Overall",-0.266328947981212,"T","T","Non-calcifier","ZOO_STUDY_0426","ZOO_ES_000844","ZOO_COMMON_00729",6,"Non-calcifier_T",0.18,6.18,6.17092497454258
"ambiguous_dropped","full_factorial_only","Overall",-0.00233419703079221,"T","T","Non-calcifier","ZOO_STUDY_0426","ZOO_ES_000845","ZOO_COMMON_00728",6,"Non-calcifier_T",0.18,6.18,6.18912875271169
"ambiguous_dropped","full_factorial_only","Overall",2.17317752188159,"TpH","T + pH","Non-calcifier","ZOO_STUDY_0426","ZOO_ES_000846","ZOO_COMMON_00728",6,"Non-calcifier_T + pH",0.3,6.3,6.28923074537888
"ambiguous_dropped","full_factorial_only","Overall",-1.69903515120644,"TpH","T + pH","Non-calcifier","ZOO_STUDY_0426","ZOO_ES_000847","ZOO_COMMON_00727",6,"Non-calcifier_T + pH",0.3,6.3,6.29450473571196
"ambiguous_dropped","full_factorial_only","Overall",2.25900383579248,"TpH","T + pH","Non-calcifier","ZOO_STUDY_0426","ZOO_ES_000848","ZOO_COMMON_00727",6,"Non-calcifier_T + pH",0.3,6.3,6.32450842801481
"ambiguous_dropped","full_factorial_only","Overall",-0.146863149815204,"TpH","T + pH","Non-calcifier","ZOO_STUDY_0426","ZOO_ES_000849","ZOO_COMMON_00729",6,"Non-calcifier_T + pH",0.3,6.3,6.31460028657457
"ambiguous_dropped","full_factorial_only","Overall",1.40179854765586,"TpH","T + pH","Non-calcifier","ZOO_STUDY_0426","ZOO_ES_000850","ZOO_COMMON_00729",6,"Non-calcifier_T + pH",0.3,6.3,6.29062025757739
"ambiguous_dropped","full_factorial_only","Overall",-0.0371751635341862,"TpH","T + pH","Non-calcifier","ZOO_STUDY_0426","ZOO_ES_000851","ZOO_COMMON_00728",6,"Non-calcifier_T + pH",0.3,6.3,6.31585588651942
"ambiguous_dropped","full_factorial_only","Overall",-0.331515596981285,"pH","pH","Non-calcifier","ZOO_STUDY_0426","ZOO_ES_000852","ZOO_COMMON_00728",6,"Non-calcifier_pH",0.06,6.06,6.0460454886104
"ambiguous_dropped","full_factorial_only","Overall",-0.760588461355478,"pH","pH","Non-calcifier","ZOO_STUDY_0426","ZOO_ES_000853","ZOO_COMMON_00729",6,"Non-calcifier_pH",0.06,6.06,6.06005369101418
"ambiguous_dropped","full_factorial_only","Overall",-0.200533361121483,"pH","pH","Non-calcifier","ZOO_STUDY_0426","ZOO_ES_000854","ZOO_COMMON_00727",6,"Non-calcifier_pH",0.06,6.06,6.04334861481562
"ambiguous_dropped","full_factorial_only","Overall",-0.00829880281469518,"pH","pH","Non-calcifier","ZOO_STUDY_0438","ZOO_ES_000865","ZOO_COMMON_00746",6,"Non-calcifier_pH",0.06,6.06,6.0409829597245
"ambiguous_dropped","full_factorial_only","Overall",-0.0911864626204628,"T","T","Non-calcifier","ZOO_STUDY_0438","ZOO_ES_000867","ZOO_COMMON_00746",6,"Non-calcifier_T",0.18,6.18,6.19988049838692
"ambiguous_dropped","full_factorial_only","Overall",-0.0692075559016876,"TpH","T + pH","Non-calcifier","ZOO_STUDY_0438","ZOO_ES_000870","ZOO_COMMON_00746",6,"Non-calcifier_T + pH",0.3,6.3,6.27968574393308
"ambiguous_dropped","full_factorial_only","Overall",-0.0651393021709614,"pH","pH","Non-calcifier","ZOO_STUDY_0438","ZOO_ES_000871","ZOO_COMMON_00747",6,"Non-calcifier_pH",0.06,6.06,6.07825292783324
"ambiguous_dropped","full_factorial_only","Overall",0.920656990255464,"T","T","Non-calcifier","ZOO_STUDY_0438","ZOO_ES_000872","ZOO_COMMON_00747",6,"Non-calcifier_T",0.18,6.18,6.16882957318565
"ambiguous_dropped","full_factorial_only","Overall",1.18369129790669,"TpH","T + pH","Non-calcifier","ZOO_STUDY_0438","ZOO_ES_000873","ZOO_COMMON_00747",6,"Non-calcifier_T + pH",0.3,6.3,6.27636418463662
"ambiguous_dropped","full_factorial_only","Overall",0.836789882788789,"T","T","Non-calcifier","ZOO_STUDY_0444","ZOO_ES_000879","ZOO_COMMON_00755",6,"Non-calcifier_T",0.18,6.18,6.19436924816808
"ambiguous_dropped","full_factorial_only","Overall",0.74849727564311,"TpH","T + pH","Non-calcifier","ZOO_STUDY_0444","ZOO_ES_000880","ZOO_COMMON_00755",6,"Non-calcifier_T + pH",0.3,6.3,6.29293301498983
"ambiguous_dropped","full_factorial_only","Overall",-0.207014169384326,"pH","pH","Non-calcifier","ZOO_STUDY_0444","ZOO_ES_000881","ZOO_COMMON_00755",6,"Non-calcifier_pH",0.06,6.06,6.03625514828833
"ambiguous_dropped","full_factorial_only","Overall",0.0701890438783816,"pH","pH","Non-calcifier","ZOO_STUDY_0496","ZOO_ES_000943","ZOO_COMMON_00859",6,"Non-calcifier_pH",0.06,6.06,6.07230467989808
"ambiguous_dropped","full_factorial_only","Overall",0.483261128698723,"T","T","Non-calcifier","ZOO_STUDY_0496","ZOO_ES_000947","ZOO_COMMON_00859",6,"Non-calcifier_T",0.18,6.18,6.15648127885768
"ambiguous_dropped","full_factorial_only","Overall",0.365478093042339,"TpH","T + pH","Non-calcifier","ZOO_STUDY_0496","ZOO_ES_000951","ZOO_COMMON_00859",6,"Non-calcifier_T + pH",0.3,6.3,6.29669324154966
"ambiguous_dropped","full_factorial_only","Overall",-0.0854097292384776,"TpH","T + pH","Non-calcifier","ZOO_STUDY_0502","ZOO_ES_000961","ZOO_COMMON_00867",6,"Non-calcifier_T + pH",0.3,6.3,6.28783134164987
"ambiguous_dropped","full_factorial_only","Overall",-0.0922920688614193,"T","T","Non-calcifier","ZOO_STUDY_0502","ZOO_ES_000962","ZOO_COMMON_00867",6,"Non-calcifier_T",0.18,6.18,6.17990076104878
"ambiguous_dropped","full_factorial_only","Overall",0.00627748451913903,"pH","pH","Non-calcifier","ZOO_STUDY_0502","ZOO_ES_000963","ZOO_COMMON_00867",6,"Non-calcifier_pH",0.06,6.06,6.06766776152886
"ambiguous_dropped","full_factorial_only","Overall",0.0392207131532813,"pH","pH","Non-calcifier","ZOO_STUDY_0502","ZOO_ES_000964","ZOO_COMMON_00867",6,"Non-calcifier_pH",0.06,6.06,6.03918284428306
"ambiguous_dropped","full_factorial_only","Overall",-0.653926467406664,"TpH","T + pH","Non-calcifier","ZOO_STUDY_0502","ZOO_ES_000965","ZOO_COMMON_00867",6,"Non-calcifier_T + pH",0.3,6.3,6.28402362308698
"ambiguous_dropped","full_factorial_only","Overall",-0.7339691750802,"T","T","Non-calcifier","ZOO_STUDY_0502","ZOO_ES_000966","ZOO_COMMON_00867",6,"Non-calcifier_T",0.18,6.18,6.16022312507965
"ambiguous_dropped","full_factorial_only","Overall",0.394798340303969,"TpH","T + pH","Non-calcifier","ZOO_STUDY_0502","ZOO_ES_000967","ZOO_COMMON_00866",6,"Non-calcifier_T + pH",0.3,6.3,6.31561964919092
"ambiguous_dropped","full_factorial_only","Overall",0.327336276616912,"T","T","Non-calcifier","ZOO_STUDY_0502","ZOO_ES_000968","ZOO_COMMON_00866",6,"Non-calcifier_T",0.18,6.18,6.18637512208195
"ambiguous_dropped","full_factorial_only","Overall",0.0453739528379181,"pH","pH","Non-calcifier","ZOO_STUDY_0502","ZOO_ES_000971","ZOO_COMMON_00866",6,"Non-calcifier_pH",0.06,6.06,6.06652862429852
"ambiguous_dropped","full_factorial_only","Overall",-0.0198484658531719,"pH","pH","Non-calcifier","ZOO_STUDY_0493","ZOO_ES_001712","ZOO_COMMON_00855",6,"Non-calcifier_pH",0.06,6.06,6.05454449251061
"ambiguous_dropped","full_factorial_only","Overall",0.26801634884355,"T","T","Non-calcifier","ZOO_STUDY_0493","ZOO_ES_001713","ZOO_COMMON_00855",6,"Non-calcifier_T",0.18,6.18,6.17661267868942
"ambiguous_dropped","full_factorial_only","Overall",-0.0338465028136832,"TpH","T + pH","Non-calcifier","ZOO_STUDY_0493","ZOO_ES_001714","ZOO_COMMON_00855",6,"Non-calcifier_T + pH",0.3,6.3,6.29243170011323
"ambiguous_dropped","full_factorial_only","Overall",0.00612246810438383,"pH","pH","Non-calcifier","ZOO_STUDY_0010","ZOO_ES_001973","ZOO_COMMON_00014",6,"Non-calcifier_pH",0.06,6.06,6.07467788793379
"ambiguous_dropped","full_factorial_only","Overall",-0.0113228178302649,"T","T","Non-calcifier","ZOO_STUDY_0010","ZOO_ES_001974","ZOO_COMMON_00014",6,"Non-calcifier_T",0.18,6.18,6.19934680560371
"ambiguous_dropped","full_factorial_only","Overall",-0.0290778534328548,"TpH","T + pH","Non-calcifier","ZOO_STUDY_0010","ZOO_ES_001975","ZOO_COMMON_00014",6,"Non-calcifier_T + pH",0.3,6.3,6.30755635433597
"ambiguous_dropped","full_factorial_only","Overall",-0.161980507062465,"T","T","Non-calcifier","ZOO_STUDY_0010","ZOO_ES_001976","ZOO_COMMON_00014",6,"Non-calcifier_T",0.18,6.18,6.18464316321304
"ambiguous_dropped","full_factorial_only","Overall",-0.498692006754564,"TpH","T + pH","Non-calcifier","ZOO_STUDY_0010","ZOO_ES_001977","ZOO_COMMON_00014",6,"Non-calcifier_T + pH",0.3,6.3,6.29139110469259
"ambiguous_dropped","full_factorial_only","Overall",0.0523679855173159,"pH","pH","Non-calcifier","ZOO_STUDY_0222","ZOO_ES_002474","ZOO_COMMON_00383",6,"Non-calcifier_pH",0.06,6.06,6.0387844683975
"ambiguous_dropped","full_factorial_only","Overall",-0.0666913744986723,"T","T","Non-calcifier","ZOO_STUDY_0222","ZOO_ES_002475","ZOO_COMMON_00383",6,"Non-calcifier_T",0.18,6.18,6.18456936210394
"ambiguous_dropped","full_factorial_only","Overall",-0.0782521968997483,"TpH","T + pH","Non-calcifier","ZOO_STUDY_0222","ZOO_ES_002476","ZOO_COMMON_00383",6,"Non-calcifier_T + pH",0.3,6.3,6.28391683817608
